branch_id,generation,evaluation_slot,probe_kind,transition,from_scale,scale,ranking_id,rank_index,canonical_center_score,lineage_parent_state_id,child_state_id,center_x,center_y,center_z,shape,material_label,orientation_deg,full_size_x,full_size_y,full_size_z,probe_size_x,probe_size_y,probe_size_z,hard_rmse,delta_rmse_vs_lineage_parent,delta_rmse_vs_empty,strictly_improves_lineage_parent,reallocated_existing_slot,displaced_scheduled_move,displaced_scheduled_parent_state_id,condition_violations,truth_used
v4_branch_b7928f0585506a0dace4,1,0,new_center,parent_to_0.25,0.0,0.25,g001_b7e43f1d75130653_0000,0,8.985492968349718e-06,empty,g001_p000000_empty,37.0,30.0,17.0,dike_hemisphere,9,154.5440484011571,14.884829032409776,15.294535624314307,9.010927041835465,3.721207258102444,3.8236339060785767,2.2527317604588664,0.014672142453491688,0.00019452720880508423,0.00019452720880508423,False,False,,,0,False
v4_branch_0b1f18cd4e9b559674c8,1,1,new_center,parent_to_0.25,0.0,0.25,g001_b7e43f1d75130653_0000,1,8.79508752404945e-06,empty,g001_p000001_empty,43.0,56.0,39.0,ellipsoid,9,93.38568608685748,11.533596090150594,15.66178569020259,13.770504688507685,2.8833990225376485,3.9154464225506476,3.4426261721269213,0.014722943305969238,0.00024532806128263474,0.00024532806128263474,False,False,,,0,False
v4_branch_da2a7d368215588e6212,1,2,new_center,parent_to_0.25,0.0,0.25,g001_b7e43f1d75130653_0000,2,8.667049769428559e-06,empty,g001_p000002_empty,34.0,43.0,22.0,dike_hemisphere,9,2.4201627917131963,11.781044505878889,6.652386763820174,8.62716503414886,2.945261126469722,1.6630966909550435,2.156791258537215,0.014541521668434143,6.390642374753952e-05,6.390642374753952e-05,False,False,,,0,False
v4_branch_9ac0b75a967e5c8fd76b,1,3,new_center,parent_to_0.25,0.0,0.25,g001_b7e43f1d75130653_0000,3,8.366426300199237e-06,empty,g001_p000003_empty,51.0,45.0,19.0,dike_hemisphere,9,35.56202350310141,14.402963172839018,9.001800407957017,12.937302702814076,3.6007407932097544,2.250450101989254,3.234325675703519,0.014628732576966286,0.00015111733227968216,0.00015111733227968216,False,False,,,0,False
v4_branch_c83b4b97f9b5a79bcdf2,1,4,new_center,parent_to_0.25,0.0,0.25,g001_b7e43f1d75130653_0000,4,8.018434527912177e-06,empty,g001_p000004_empty,59.0,5.0,19.0,ellipsoid,9,43.10281010947506,7.92242395847873,12.291878531050266,12.149970730264696,1.9806059896196826,3.0729696327625664,3.037492682566174,0.014696772210299969,0.00021915696561336517,0.00021915696561336517,False,False,,,0,False
v4_branch_196b5f9753dd64de0603,1,5,new_center,parent_to_0.25,0.0,0.25,g001_b7e43f1d75130653_0000,5,8.018432708922774e-06,empty,g001_p000005_empty,59.0,4.0,19.0,dike_hemisphere,9,56.84491745392405,7.833591037947077,6.807437053155505,10.81969050953954,1.9583977594867692,1.7018592632888763,2.704922627384885,0.014486038126051426,8.422881364822388e-06,8.422881364822388e-06,False,False,,,0,False
v4_branch_38138a9bfc9f96bcb03a,1,6,new_center,parent_to_0.25,0.0,0.25,g001_b7e43f1d75130653_0000,6,7.5660245784092695e-06,empty,g001_p000006_empty,38.0,32.0,35.0,dike_hemisphere,9,87.83983112760117,7.758925489796136,9.684460133413856,9.869370372282829,1.939731372449034,2.421115033353464,2.467342593070707,0.014541521668434143,6.390642374753952e-05,6.390642374753952e-05,False,False,,,0,False
v4_branch_bbada70fbca960527b09,1,7,new_center,parent_to_0.25,0.0,0.25,g001_b7e43f1d75130653_0000,7,7.554219337180257e-06,empty,g001_p000007_empty,36.0,31.0,19.0,dike_hemisphere,9,80.85068649403175,8.36758149974754,15.685863051742166,6.431951181444503,2.091895374936885,3.9214657629355414,1.6079877953611257,0.014587312005460262,0.00010969676077365875,0.00010969676077365875,False,False,,,0,False
v4_branch_e80a0eee6789e15dcae9,1,8,new_center,parent_to_0.25,0.0,0.25,g001_b7e43f1d75130653_0000,8,7.390586688416079e-06,empty,g001_p000008_empty,39.0,32.0,35.0,dike_hemisphere,9,154.3713694700639,9.246038181478738,15.369598806861681,9.321866556009176,2.3115095453696846,3.8423997017154203,2.330466639002294,0.014628731645643711,0.00015111640095710754,0.00015111640095710754,False,False,,,0,False
v4_branch_45c9ba7465f39f1f8e63,1,9,new_center,parent_to_0.25,0.0,0.25,g001_b7e43f1d75130653_0000,9,7.215148798422888e-06,empty,g001_p000009_empty,38.0,33.0,35.0,dike_hemisphere,9,94.34486339694047,14.15220586540368,11.145771702562316,11.635781549326206,3.53805146635092,2.786442925640579,2.9089453873315514,0.014730642549693584,0.0002530273050069809,0.0002530273050069809,False,False,,,0,False
v4_branch_019b1d66a766e2ae58cc,1,10,new_center,parent_to_0.25,0.0,0.25,g001_b7e43f1d75130653_0000,10,7.215148798422888e-06,empty,g001_p000010_empty,39.0,33.0,35.0,dike_hemisphere,9,36.67920954154552,9.400145888282742,14.874568253654289,7.685941539417954,2.3500364720706854,3.718642063413572,1.9214853848544886,0.014732730574905872,0.0002551153302192688,0.0002551153302192688,False,False,,,0,False
v4_branch_7085851ce3e9e3cd6a08,1,11,new_center,parent_to_0.25,0.0,0.25,g001_b7e43f1d75130653_0000,11,7.183050001913216e-06,empty,g001_p000011_empty,45.0,38.0,17.0,ellipsoid,9,170.146686242125,6.621951669464021,10.858231928955648,8.649234863356693,1.6554879173660053,2.714557982238912,2.162308715839173,0.014558869414031506,8.125416934490204e-05,8.125416934490204e-05,False,False,,,0,False
v4_branch_20c1b8a388866d3bf217,1,12,new_center,parent_to_0.25,0.0,0.25,g001_b7e43f1d75130653_0000,12,7.090032795531442e-06,empty,g001_p000012_empty,6.0,32.0,21.0,ellipsoid,9,156.53800815158374,9.157701322862945,8.790279062207492,6.533167388427262,2.289425330715736,2.197569765551873,1.6332918471068154,0.014659986831247807,0.000182371586561203,0.000182371586561203,False,False,,,0,False
v4_branch_b0e433e5661479ed525f,1,13,new_center,parent_to_0.25,0.0,0.25,g001_b7e43f1d75130653_0000,13,7.045578058750834e-06,empty,g001_p000013_empty,44.0,38.0,17.0,dike_hemisphere,9,152.34625249249413,15.03935973815226,8.382208503542902,11.668889172411257,3.759839934538065,2.0955521258857255,2.9172222931028142,0.014657877385616302,0.00018026214092969894,0.00018026214092969894,False,False,,,0,False
v4_branch_8ce8f60146cf7ccdc301,1,14,new_center,parent_to_0.25,0.0,0.25,g001_b7e43f1d75130653_0000,14,6.9269635787350126e-06,empty,g001_p000014_empty,11.0,49.0,17.0,dike_hemisphere,9,161.13969277006095,12.76963488689288,13.064941899110902,11.841092833259154,3.19240872172322,3.2662354747777256,2.9602732083147885,0.01473020389676094,0.000252588652074337,0.000252588652074337,False,False,,,0,False
v4_branch_71865fb870f81b8eeb36,1,15,new_center,parent_to_0.25,0.0,0.25,g001_b7e43f1d75130653_0000,15,6.843950814072741e-06,empty,g001_p000015_empty,45.0,41.0,14.0,dike_hemisphere,9,8.355806157443379,13.51231806677529,14.991892940373162,7.180707363022235,3.3780795166938224,3.7479732350932906,1.7951768407555588,0.014804265461862087,0.0003266502171754837,0.0003266502171754837,False,False,,,0,False
v4_branch_1401e9c0395c3b93abac,1,16,new_center,parent_to_0.25,0.0,0.25,g001_b7e43f1d75130653_0000,16,6.781237516406691e-06,empty,g001_p000016_empty,53.0,49.0,19.0,ellipsoid,9,41.13207739357359,14.900105168898001,14.921587022576796,9.293362061690065,3.7250262922245003,3.730396755644199,2.323340515422516,0.014788037165999413,0.000310421921312809,0.000310421921312809,False,False,,,0,False
v4_branch_89e53f25795bf80ef64e,1,17,new_center,parent_to_0.25,0.0,0.25,g001_b7e43f1d75130653_0000,17,6.742332971043652e-06,empty,g001_p000017_empty,41.0,45.0,15.0,ellipsoid,9,178.86346232509294,15.040188246110642,14.827756558975286,13.216821041683868,3.7600470615276604,3.7069391397438216,3.304205260420967,0.014657561667263508,0.0001799464225769043,0.0001799464225769043,False,False,,,0,False
v4_branch_e0a40d083cb2b239fc04,1,18,new_center,parent_to_0.25,0.0,0.25,g001_b7e43f1d75130653_0000,18,6.723759270244045e-06,empty,g001_p000018_empty,40.0,34.0,36.0,ellipsoid,9,72.04293465246747,14.555188486309731,7.871857856997386,7.395492073357216,3.638797121577433,1.9679644642493466,1.848873018339304,0.014732303097844124,0.0002546878531575203,0.0002546878531575203,False,False,,,0,False
v4_branch_710c8dcefe141bad1480,1,19,new_center,parent_to_0.25,0.0,0.25,g001_b7e43f1d75130653_0000,19,6.723219030391192e-06,empty,g001_p000019_empty,43.0,40.0,14.0,ellipsoid,9,121.38482999502398,8.405445911461706,10.61498223271063,10.60558369473316,2.1013614778654266,2.6537455581776577,2.65139592368329,0.014643598347902298,0.00016598310321569443,0.00016598310321569443,False,False,,,0,False
v4_branch_c88d2c1b91b34d06fde6,1,20,new_center,parent_to_0.25,0.0,0.25,g001_b7e43f1d75130653_0000,20,6.679286343569402e-06,empty,g001_p000020_empty,23.0,23.0,24.0,ellipsoid,9,9.77334558962757,10.129626410141674,7.833675760034863,12.678921136237737,2.5324066025354184,1.9584189400087157,3.169730284059434,0.014570841565728188,9.322632104158401e-05,9.322632104158401e-05,False,False,,,0,False
v4_branch_eeb702da6cb5cd40291c,1,21,new_center,parent_to_0.25,0.0,0.25,g001_b7e43f1d75130653_0000,21,6.649878287134925e-06,empty,g001_p000021_empty,40.0,44.0,15.0,dike_hemisphere,9,149.770253550665,6.07617219988023,13.718121149500966,10.848121897390227,1.5190430499700576,3.4295302873752416,2.7120304743475567,0.014614424668252468,0.00013680942356586456,0.00013680942356586456,False,False,,,0,False
v4_branch_6e9668bc9ee839311731,1,22,new_center,parent_to_0.25,0.0,0.25,g001_b7e43f1d75130653_0000,22,6.551272235810757e-06,empty,g001_p000022_empty,8.0,47.0,20.0,ellipsoid,9,31.18983675831363,7.173075191757161,13.045133734224756,10.622872775483781,1.7932687979392903,3.261283433556189,2.6557181938709453,0.014643598347902298,0.00016598310321569443,0.00016598310321569443,False,False,,,0,False
v4_branch_b09dff1177c4e62f4c36,1,23,new_center,parent_to_0.25,0.0,0.25,g001_b7e43f1d75130653_0000,23,6.53867982691736e-06,empty,g001_p000023_empty,38.0,29.0,37.0,ellipsoid,9,44.16193320402727,12.029874446520537,8.15110061808303,6.737584143203133,3.0074686116301343,2.0377751545207574,1.6843960358007832,0.014711475931107998,0.00023386068642139435,0.00023386068642139435,False,False,,,0,False
v4_branch_dcc4223c6961a9d6f393,1,24,new_center,parent_to_0.25,0.0,0.25,g001_b7e43f1d75130653_0000,24,6.532626230182359e-06,empty,g001_p000024_empty,43.0,42.0,18.0,ellipsoid,9,54.30908382130581,8.847654077052322,8.418315356065944,12.805289385629877,2.2119135192630806,2.104578839016486,3.201322346407469,0.014650858938694,0.0001732436940073967,0.0001732436940073967,False,False,,,0,False
v4_branch_a0073b79d04d82c0bcee,1,25,new_center,parent_to_0.25,0.0,0.25,g001_b7e43f1d75130653_0000,25,6.525966000481276e-06,empty,g001_p000025_empty,46.0,42.0,17.0,dike_hemisphere,9,59.91230920752851,12.47131210005705,12.612542535388183,11.145356360571151,3.1178280250142625,3.1531356338470458,2.786339090142788,0.014730212278664112,0.00025259703397750854,0.00025259703397750854,False,False,,,0,False
v4_branch_ca60b920625a609bf68e,1,26,new_center,parent_to_0.25,0.0,0.25,g001_b7e43f1d75130653_0000,26,6.514942924695788e-06,empty,g001_p000026_empty,46.0,25.0,26.0,dike_hemisphere,9,164.79634371238396,9.155478395070567,10.349099635259908,11.52591635257438,2.2888695987676417,2.587274908814977,2.881479088143595,0.014614424668252468,0.00013680942356586456,0.00013680942356586456,False,False,,,0,False
v4_branch_15e47e98b1495184ac3c,1,27,new_center,parent_to_0.25,0.0,0.25,g001_b7e43f1d75130653_0000,27,6.510421371785924e-06,empty,g001_p000027_empty,37.0,10.0,20.0,dike_hemisphere,9,106.94513798941415,7.048759815654622,9.37378996870015,13.457926773936395,1.7621899539136554,2.3434474921750374,3.3644816934840986,0.014570841565728188,9.322632104158401e-05,9.322632104158401e-05,False,False,,,0,False
v4_branch_86d205c7e08b1f90b987,1,28,new_center,parent_to_0.25,0.0,0.25,g001_b7e43f1d75130653_0000,28,6.451602530432865e-06,empty,g001_p000028_empty,48.0,40.0,17.0,ellipsoid,9,175.5063386439586,13.22218140288887,10.738958508937952,6.940112484553853,3.3055453507222174,2.684739627234488,1.7350281211384633,0.014804272912442684,0.00032665766775608063,0.00032665766775608063,False,False,,,0,False
v4_branch_6d9ff7737ef6c7e2b914,1,29,new_center,parent_to_0.25,0.0,0.25,g001_b7e43f1d75130653_0000,29,6.4409864535264205e-06,empty,g001_p000029_empty,37.0,32.0,35.0,dike_hemisphere,9,178.13311570806408,7.142181187780775,8.023847475749804,11.491108540233451,1.7855452969451937,2.005961868937451,2.872777135058363,0.014497718773782253,2.010352909564972e-05,2.010352909564972e-05,False,False,,,0,False
v4_branch_331f9c2b7dabef8ae675,1,30,new_center,parent_to_0.25,0.0,0.25,g001_b7e43f1d75130653_0000,30,6.424249477277044e-06,empty,g001_p000030_empty,37.0,9.0,19.0,dike_hemisphere,9,9.504359826837238,13.02666906176803,13.926044798918095,9.716716070802335,3.2566672654420077,3.481511199729524,2.4291790177005836,0.014672143384814262,0.00019452814012765884,0.00019452814012765884,False,False,,,0,False
v4_branch_964f9ae6b712e10de710,1,31,new_center,parent_to_0.25,0.0,0.25,g001_b7e43f1d75130653_0000,31,6.387008397723548e-06,empty,g001_p000031_empty,33.0,9.0,19.0,dike_hemisphere,9,134.69936475095506,13.582715504431196,9.749491813923433,13.258751005107614,3.395678876107799,2.437372953480858,3.3146877512769035,0.014628732576966286,0.00015111733227968216,0.00015111733227968216,False,False,,,0,False
v4_branch_5581ed3a42ce733e016a,1,32,new_center,parent_to_0.25,0.0,0.25,g001_b7e43f1d75130653_0000,32,6.363593456626404e-06,empty,g001_p000032_empty,9.0,16.0,26.0,ellipsoid,9,20.815182711906278,8.205530883988326,7.251633415631616,10.11077137775779,2.0513827209970814,1.812908353907904,2.5276928444394473,0.014570841565728188,9.322632104158401e-05,9.322632104158401e-05,False,False,,,0,False
v4_branch_03ec2b4c157da42e25f9,1,33,new_center,parent_to_0.25,0.0,0.25,g001_b7e43f1d75130653_0000,33,6.359484814311145e-06,empty,g001_p000033_empty,30.0,59.0,18.0,dike_hemisphere,9,160.32578312571653,8.378264712275199,10.600374585557546,9.5201813744198,2.0945661780687996,2.6500936463893865,2.38004534360495,0.014614424668252468,0.00013680942356586456,0.00013680942356586456,False,False,,,0,False
v4_branch_46b4befaee6e25d1c485,1,34,new_center,parent_to_0.25,0.0,0.25,g001_b7e43f1d75130653_0000,34,6.327726168819936e-06,empty,g001_p000034_empty,40.0,34.0,19.0,dike_hemisphere,9,9.129043452607746,15.967724853038847,13.506736694282441,7.800776066231431,3.991931213259712,3.3766841735706103,1.9501940165578577,0.014813917689025402,0.0003363024443387985,0.0003363024443387985,False,False,,,0,False
v4_branch_c0c4d2da74662a79791a,1,35,new_center,parent_to_0.25,0.0,0.25,g001_b7e43f1d75130653_0000,35,6.311662218649872e-06,empty,g001_p000035_empty,43.0,32.0,38.0,ellipsoid,9,144.20026769124885,7.714466889441368,14.463600360360354,7.797019680948905,1.928616722360342,3.6159000900900886,1.9492549202372262,0.014732303097844124,0.0002546878531575203,0.0002546878531575203,False,False,,,0,False
v4_branch_e46560bdf3a44bf0ebc9,1,36,new_center,parent_to_0.25,0.0,0.25,g001_b7e43f1d75130653_0000,36,6.311662218649872e-06,empty,g001_p000036_empty,43.0,33.0,38.0,dike_hemisphere,9,127.3633775777188,13.343397478055214,6.032260431849485,10.454557264706477,3.3358493695138036,1.5080651079623713,2.613639316176619,0.014643598347902298,0.00016598310321569443,0.00016598310321569443,False,False,,,0,False
v4_branch_dc7fbc4fb7bfd50b5432,1,37,new_center,parent_to_0.25,0.0,0.25,g001_b7e43f1d75130653_0000,37,6.307158855634043e-06,empty,g001_p000037_empty,43.0,38.0,17.0,ellipsoid,9,163.27529849949048,15.144177030812179,9.481474259024631,10.701913016902555,3.7860442577030446,2.370368564756158,2.675478254225639,0.014673981815576553,0.0001963665708899498,0.0001963665708899498,False,False,,,0,False
v4_branch_2fad7c327aba3695d687,1,38,new_center,parent_to_0.25,0.0,0.25,g001_b7e43f1d75130653_0000,38,6.3049660639080685e-06,empty,g001_p000038_empty,41.0,42.0,14.0,dike_hemisphere,9,87.76142387213311,7.444030393609487,7.065214360019764,7.7898586137453805,1.8610075984023717,1.766303590004941,1.9474646534363451,0.014514273032546043,3.665778785943985e-05,3.665778785943985e-05,False,False,,,0,False
v4_branch_d3e39a597f2e2c0fa04d,1,39,new_center,parent_to_0.25,0.0,0.25,g001_b7e43f1d75130653_0000,39,6.295732418948319e-06,empty,g001_p000039_empty,10.0,33.0,16.0,ellipsoid,9,84.47118387317751,7.912963501956076,7.460193986644337,12.075855894242402,1.978240875489019,1.8650484966610843,3.0189639735606004,0.014497720636427402,2.010539174079895e-05,2.010539174079895e-05,False,False,,,0,False
v4_branch_0132fbd59ef69b1fe951,1,40,new_center,parent_to_0.25,0.0,0.25,g001_b7e43f1d75130653_0000,40,6.29470196145121e-06,empty,g001_p000040_empty,50.0,22.0,21.0,dike_hemisphere,9,147.75405733840708,9.965832748192849,14.333460885840068,10.840780109907708,2.491458187048212,3.583365221460017,2.710195027476927,0.014636000618338585,0.00015838537365198135,0.00015838537365198135,False,False,,,0,False
v4_branch_9ea76ac791a80b28f7e9,1,41,new_center,parent_to_0.25,0.0,0.25,g001_b7e43f1d75130653_0000,41,6.287179076025495e-06,empty,g001_p000041_empty,57.0,20.0,37.0,dike_hemisphere,9,122.88532133670165,15.662379319661634,9.65326710930184,13.934919799502191,3.9155948299154084,2.41331677732546,3.483729949875548,0.014628732576966286,0.00015111733227968216,0.00015111733227968216,False,False,,,0,False
v4_branch_a6cdb91d24f764bb44f6,1,42,new_center,parent_to_0.25,0.0,0.25,g001_b7e43f1d75130653_0000,42,6.26554856353323e-06,empty,g001_p000042_empty,38.0,31.0,35.0,ellipsoid,9,92.21314621639712,10.71870116796318,11.045155498580494,7.465164534543309,2.679675291990795,2.7612888746451234,1.8662911336358272,0.014659986831247807,0.000182371586561203,0.000182371586561203,False,False,,,0,False
v4_branch_6ccba38de96ac84f188c,1,43,new_center,parent_to_0.25,0.0,0.25,g001_b7e43f1d75130653_0000,43,6.255749667616328e-06,empty,g001_p000043_empty,8.0,30.0,19.0,ellipsoid,9,144.08844885856152,10.595734777677604,8.994890350728683,8.74024704082701,2.648933694419401,2.248722587682171,2.1850617602067524,0.014643598347902298,0.00016598310321569443,0.00016598310321569443,False,False,,,0,False
v4_branch_1616bca100c04e5525e5,1,44,new_center,parent_to_0.25,0.0,0.25,g001_b7e43f1d75130653_0000,44,6.180034233693732e-06,empty,g001_p000044_empty,45.0,40.0,14.0,ellipsoid,9,50.72738480244659,8.162461975587732,8.847216693120602,11.752321579076172,2.040615493896933,2.2118041732801506,2.938080394769043,0.014643598347902298,0.00016598310321569443,0.00016598310321569443,False,False,,,0,False
v4_branch_cc3872aba064df9ada88,1,45,new_center,parent_to_0.25,0.0,0.25,g001_b7e43f1d75130653_0000,45,6.172485427669017e-06,empty,g001_p000045_empty,42.0,56.0,39.0,dike_hemisphere,9,119.33184788897272,11.623834611373164,13.250168316043638,8.843485601724423,2.905958652843291,3.3125420790109095,2.2108714004311056,0.014709009788930416,0.00023139454424381256,0.00023139454424381256,False,False,,,0,False
v4_branch_29f87a8a26ea40ae869f,1,46,new_center,parent_to_0.25,0.0,0.25,g001_b7e43f1d75130653_0000,46,6.150815806904575e-06,empty,g001_p000046_empty,8.0,42.0,18.0,dike_hemisphere,9,175.8564487171529,12.771715439882101,9.284760461078342,13.676086722067318,3.1929288599705252,2.3211901152695855,3.4190216805168294,0.014585191383957863,0.00010757613927125931,0.00010757613927125931,False,False,,,0,False
v4_branch_d76714cffce24215d05b,1,47,new_center,parent_to_0.25,0.0,0.25,g001_b7e43f1d75130653_0000,47,6.148136890260503e-06,empty,g001_p000047_empty,46.0,41.0,14.0,ellipsoid,9,77.4447852336433,13.905397113860541,7.956243818954482,9.487172631207926,3.4763492784651353,1.9890609547386204,2.3717931578019815,0.014643598347902298,0.00016598310321569443,0.00016598310321569443,False,False,,,0,False
v4_branch_0b65153a7eab04aea815,1,48,new_center,parent_to_0.25,0.0,0.25,g001_b7e43f1d75130653_0000,48,6.120567832113011e-06,empty,g001_p000048_empty,37.0,33.0,35.0,ellipsoid,9,20.00534082220488,15.55697634066538,9.871421176127551,6.303254219744745,3.889244085166345,2.467855294031888,1.5758135549361862,0.01473315805196762,0.0002555428072810173,0.0002555428072810173,False,False,,,0,False
v4_branch_70fa7871fcd566b14809,1,49,new_center,parent_to_0.25,0.0,0.25,g001_b7e43f1d75130653_0000,49,6.076442787161795e-06,empty,g001_p000049_empty,38.0,8.0,18.0,ellipsoid,9,70.52299041568581,8.908772554588086,9.395393283194746,10.644185878312864,2.2271931386470216,2.3488483207986866,2.661046469578216,0.014643598347902298,0.00016598310321569443,0.00016598310321569443,False,False,,,0,False
v4_branch_b5115f45e7dfefbb900b,1,50,new_center,parent_to_0.25,0.0,0.25,g001_b7e43f1d75130653_0000,50,6.069045412004925e-06,empty,g001_p000050_empty,37.0,13.0,19.0,ellipsoid,9,15.616680839989412,10.939170246266748,8.293508529249474,13.598257400183408,2.734792561566687,2.0733771323123684,3.399564350045852,0.014610862359404564,0.00013324711471796036,0.00013324711471796036,False,False,,,0,False
v4_branch_ff5cc5da827577129d9e,1,51,new_center,parent_to_0.25,0.0,0.25,g001_b7e43f1d75130653_0000,51,6.025367383699631e-06,empty,g001_p000051_empty,42.0,28.0,39.0,dike_hemisphere,9,99.53672842374426,6.57233590189175,11.937521255840148,8.36805732541486,1.6430839754729376,2.984380313960037,2.092014331353715,0.014541521668434143,6.390642374753952e-05,6.390642374753952e-05,False,False,,,0,False
v4_branch_8315a9ace902514b6967,1,52,new_center,parent_to_0.25,0.0,0.25,g001_b7e43f1d75130653_0000,52,6.024877620802727e-06,empty,g001_p000052_empty,42.0,29.0,39.0,dike_hemisphere,9,20.317951440809544,11.306412989422693,12.848318760611289,10.389129114594915,2.8266032473556733,3.212079690152822,2.597282278648729,0.014730204828083515,0.0002525895833969116,0.0002525895833969116,False,False,,,0,False
v4_branch_131b91a9a043ec219657,1,53,new_center,parent_to_0.25,0.0,0.25,g001_b7e43f1d75130653_0000,53,6.024580670782598e-06,empty,g001_p000053_empty,39.0,34.0,19.0,ellipsoid,9,63.930529229863666,10.67425071960557,11.456145457862478,8.401198920867113,2.6685626799013926,2.8640363644656195,2.1002997302167783,0.014725703746080399,0.000248088501393795,0.000248088501393795,False,False,,,0,False
v4_branch_85db386ee39a31d7e222,1,54,new_center,parent_to_0.25,0.0,0.25,g001_b7e43f1d75130653_0000,54,6.010429842717713e-06,empty,g001_p000054_empty,30.0,58.0,18.0,dike_hemisphere,9,69.10749472688853,9.556034649718786,6.850434118677241,11.202649892556021,2.3890086624296965,1.7126085296693103,2.8006624731390053,0.014570841565728188,9.322632104158401e-05,9.322632104158401e-05,False,False,,,0,False
v4_branch_bf28888cbad787b9e9f4,1,55,new_center,parent_to_0.25,0.0,0.25,g001_b7e43f1d75130653_0000,55,5.989137662254507e-06,empty,g001_p000055_empty,44.0,40.0,14.0,dike_hemisphere,9,102.57003168944983,6.808730719965942,15.045673099294921,12.377690005106764,1.7021826799914854,3.7614182748237304,3.094422501276691,0.014541521668434143,6.390642374753952e-05,6.390642374753952e-05,False,False,,,0,False
v4_branch_5fff918b4aa250982797,1,56,new_center,parent_to_0.25,0.0,0.25,g001_b7e43f1d75130653_0000,56,5.985899406368844e-06,empty,g001_p000056_empty,59.0,48.0,22.0,dike_hemisphere,9,43.05919627639129,9.130909507393525,10.508306450158734,11.731952588625484,2.2827273768483813,2.6270766125396836,2.932988147156371,0.014585192315280437,0.00010757707059383392,0.00010757707059383392,False,False,,,0,False
v4_branch_226ecfb008c18fb617f9,1,57,new_center,parent_to_0.25,0.0,0.25,g001_b7e43f1d75130653_0000,57,5.983698883937905e-06,empty,g001_p000057_empty,5.0,36.0,19.0,ellipsoid,9,57.495316217736715,7.2535205593737855,7.279366422831915,9.362989743801243,1.8133801398434464,1.8198416057079787,2.340747435950311,0.014497718773782253,2.010352909564972e-05,2.010352909564972e-05,False,False,,,0,False
v4_branch_c8974a48e70f5c6fdce1,1,58,new_center,parent_to_0.25,0.0,0.25,g001_b7e43f1d75130653_0000,58,5.970588517811848e-06,empty,g001_p000058_empty,41.0,40.0,15.0,dike_hemisphere,9,72.7163258362878,10.906171369331549,10.36983990191259,12.704244784621508,2.7265428423328872,2.5924599754781474,3.176061196155377,0.014585192315280437,0.00010757707059383392,0.00010757707059383392,False,False,,,0,False
v4_branch_83b8b3cce26d9046fd17,1,59,new_center,parent_to_0.25,0.0,0.25,g001_b7e43f1d75130653_0000,59,5.956358563707909e-06,empty,g001_p000059_empty,53.0,29.0,22.0,ellipsoid,9,27.68537502458926,8.186342787724186,7.53309691306768,11.595932557412016,2.0465856969310465,1.88327422826692,2.898983139353004,0.014570841565728188,9.322632104158401e-05,9.322632104158401e-05,False,False,,,0,False
v4_branch_760a65001eff3b3d256e,1,60,new_center,parent_to_0.25,0.0,0.25,g001_b7e43f1d75130653_0000,60,5.930791303399019e-06,empty,g001_p000060_empty,47.0,39.0,17.0,ellipsoid,9,121.82802650780854,6.619222687939142,12.702866502876134,7.886906741187657,1.6548056719847855,3.1757166257190335,1.9717266852969142,0.014659986831247807,0.000182371586561203,0.000182371586561203,False,False,,,0,False
v4_branch_4201c411e14da747cc88,1,61,new_center,parent_to_0.25,0.0,0.25,g001_b7e43f1d75130653_0000,61,5.922518539591692e-06,empty,g001_p000061_empty,37.0,34.0,37.0,ellipsoid,9,41.97761240149302,15.683122791823816,6.174052353470242,12.525234235939585,3.920780697955954,1.5435130883675605,3.1313085589848964,0.014619222842156887,0.0001416075974702835,0.0001416075974702835,False,False,,,0,False
v4_branch_26f8bc178bdf786c9070,1,62,new_center,parent_to_0.25,0.0,0.25,g001_b7e43f1d75130653_0000,62,5.918545866734348e-06,empty,g001_p000062_empty,40.0,32.0,36.0,ellipsoid,9,108.9792295047826,10.770979066862354,15.910240411734968,10.932579225940987,2.6927447667155886,3.977560102933742,2.733144806485247,0.014755526557564735,0.00027791131287813187,0.00027791131287813187,False,False,,,0,False
v4_branch_dc95e2c0c65bf7c0b0c5,1,63,new_center,parent_to_0.25,0.0,0.25,g001_b7e43f1d75130653_0000,63,5.898290510231163e-06,empty,g001_p000063_empty,59.0,47.0,22.0,ellipsoid,9,163.47925790934508,15.039237669071138,11.79518248654055,12.824238507788255,3.7598094172677845,2.9487956216351376,3.206059626947064,0.014722943305969238,0.00024532806128263474,0.00024532806128263474,False,False,,,0,False
v4_branch_b0753ad2a8f7647a035e,1,64,new_center,parent_to_0.25,0.0,0.25,g001_b7e43f1d75130653_0000,64,5.891203727514949e-06,empty,g001_p000064_empty,9.0,48.0,20.0,dike_hemisphere,9,155.84795580482404,8.70504889594566,7.3368188364837685,7.989391067194156,2.176262223986415,1.8342047091209421,1.997347766798539,0.014514273032546043,3.665778785943985e-05,3.665778785943985e-05,False,False,,,0,False
v4_branch_935f1c276c256b023c45,1,65,new_center,parent_to_0.25,0.0,0.25,g001_b7e43f1d75130653_0000,65,5.889555723115336e-06,empty,g001_p000065_empty,47.0,40.0,17.0,dike_hemisphere,9,152.00134513550552,15.829381615015967,10.30181105130491,7.854981542782159,3.9573454037539917,2.5754527628262274,1.9637453856955398,0.01473230216652155,0.0002546869218349457,0.0002546869218349457,False,False,,,0,False
v4_branch_652c8bd6a29f11b93384,1,66,new_center,parent_to_0.25,0.0,0.25,g001_b7e43f1d75130653_0000,66,5.884995516680647e-06,empty,g001_p000066_empty,36.0,35.0,35.0,dike_hemisphere,9,45.18811078225207,12.173005284033055,9.772553198795846,6.063639492874806,3.0432513210082637,2.4431382996989615,1.5159098732187015,0.014659986831247807,0.000182371586561203,0.000182371586561203,False,False,,,0,False
v4_branch_168016cda65b88727f03,1,67,new_center,parent_to_0.25,0.0,0.25,g001_b7e43f1d75130653_0000,67,5.884995061933296e-06,empty,g001_p000067_empty,36.0,36.0,35.0,ellipsoid,9,35.51160278503833,9.514054289446314,6.384377159350998,13.743962505710133,2.3785135723615785,1.5960942898377495,3.4359906264275333,0.014570841565728188,9.322632104158401e-05,9.322632104158401e-05,False,False,,,0,False
v4_branch_8a91d8b2cb2e23e10608,1,68,new_center,parent_to_0.25,0.0,0.25,g001_b7e43f1d75130653_0000,68,5.880565822735662e-06,empty,g001_p000068_empty,39.0,30.0,16.0,dike_hemisphere,9,164.45309111974314,12.631676262269078,7.238314243675336,11.405519189985512,3.1579190655672695,1.809578560918834,2.851379797496378,0.014541521668434143,6.390642374753952e-05,6.390642374753952e-05,False,False,,,0,False
v4_branch_7e12d769813e46186e16,1,69,new_center,parent_to_0.25,0.0,0.25,g001_b7e43f1d75130653_0000,69,5.863353180757258e-06,empty,g001_p000069_empty,59.0,20.0,39.0,ellipsoid,9,57.333013543833,6.197052691612538,15.204848623997016,6.266568361795912,1.5492631729031345,3.801212155999254,1.566642090448978,0.014659986831247807,0.000182371586561203,0.000182371586561203,False,False,,,0,False
v4_branch_3399ba2c3fcbf63356d8,1,70,new_center,parent_to_0.25,0.0,0.25,g001_b7e43f1d75130653_0000,70,5.839999175805133e-06,empty,g001_p000070_empty,53.0,41.0,22.0,dike_hemisphere,9,77.88962741454694,6.137360022805886,6.744096237236435,6.664546141920375,1.5343400057014716,1.6860240593091087,1.6661365354800937,0.014514273032546043,3.665778785943985e-05,3.665778785943985e-05,False,False,,,0,False
v4_branch_2ce5c0fa3554ab2d7131,1,71,new_center,parent_to_0.25,0.0,0.25,g001_b7e43f1d75130653_0000,71,5.8368600548419636e-06,empty,g001_p000071_empty,35.0,35.0,35.0,ellipsoid,9,15.355834063672702,7.783991455915924,8.920691475290589,13.12652409583864,1.945997863978981,2.230172868822647,3.28163102395966,0.014570841565728188,9.322632104158401e-05,9.322632104158401e-05,False,False,,,0,False
v4_branch_631253544db8b208c2b7,1,72,new_center,parent_to_0.25,0.0,0.25,g001_b7e43f1d75130653_0000,72,5.833514933328843e-06,empty,g001_p000072_empty,35.0,34.0,35.0,dike_hemisphere,9,67.29417919310532,7.328963505305833,7.925033463207139,13.565128691180252,1.8322408763264582,1.9812583658017848,3.391282172795063,0.014497720636427402,2.010539174079895e-05,2.010539174079895e-05,False,False,,,0,False
v4_branch_5b3de995a25ec962bc90,1,73,new_center,parent_to_0.25,0.0,0.25,g001_b7e43f1d75130653_0000,73,5.8307487051934e-06,empty,g001_p000073_empty,55.0,47.0,21.0,ellipsoid,9,24.50674355631685,9.158639774523085,10.909087300855749,6.8665225410959705,2.289659943630771,2.727271825213937,1.7166306352739926,0.014659986831247807,0.000182371586561203,0.000182371586561203,False,False,,,0,False
v4_branch_cad94ff2a83aab1d2325,1,74,new_center,parent_to_0.25,0.0,0.25,g001_b7e43f1d75130653_0000,74,5.830170266563073e-06,empty,g001_p000074_empty,8.0,40.0,19.0,dike_hemisphere,9,56.38473554012545,10.594006602222205,13.031118052523428,10.79690261272715,2.648501650555551,3.257779513130857,2.6992256531817875,0.014657877385616302,0.00018026214092969894,0.00018026214092969894,False,False,,,0,False
v4_branch_9c4a636ec32e88052346,1,75,new_center,parent_to_0.25,0.0,0.25,g001_b7e43f1d75130653_0000,75,5.749458068748936e-06,empty,g001_p000075_empty,53.0,42.0,21.0,ellipsoid,9,158.41876126792536,11.95943224886834,11.678295645198787,9.669653202801873,2.989858062217085,2.919573911299697,2.4174133007004683,0.014788037165999413,0.000310421921312809,0.000310421921312809,False,False,,,0,False
v4_branch_fb2640cf1bbd50287612,1,76,new_center,parent_to_0.25,0.0,0.25,g001_b7e43f1d75130653_0000,76,5.746374881709926e-06,empty,g001_p000076_empty,9.0,31.0,19.0,dike_hemisphere,9,26.761411804814827,13.60471285979959,8.500629934055171,8.810531106714862,3.4011782149498977,2.1251574835137927,2.2026327766787155,0.014686964452266693,0.00020934920758008957,0.00020934920758008957,False,False,,,0,False
v4_branch_d2f0e4ce81d23d83d5ec,1,77,new_center,parent_to_0.25,0.0,0.25,g001_b7e43f1d75130653_0000,77,5.743107521993807e-06,empty,g001_p000077_empty,40.0,33.0,36.0,dike_hemisphere,9,21.077111433676556,15.030756300176424,13.770362171781583,13.650607764300538,3.757689075044106,3.442590542945396,3.4126519410751346,0.014664853923022747,0.0001872386783361435,0.0001872386783361435,False,False,,,0,False
v4_branch_29e79ee76936849277c7,1,78,new_center,parent_to_0.25,0.0,0.25,g001_b7e43f1d75130653_0000,78,5.7374882089789025e-06,empty,g001_p000078_empty,59.0,44.0,22.0,dike_hemisphere,9,67.44519116803498,13.888565154997547,7.643355626594268,8.602051739490378,3.4721412887493868,1.910838906648567,2.1505129348725944,0.014672981575131416,0.00019536633044481277,0.00019536633044481277,False,False,,,0,False
v4_branch_510c5e9a645c6238fbb5,1,79,new_center,parent_to_0.25,0.0,0.25,g001_b7e43f1d75130653_0000,79,5.734471415053122e-06,empty,g001_p000079_empty,11.0,58.0,21.0,dike_hemisphere,9,4.7397274199388555,9.32904364153813,8.409507470098937,12.672630368653707,2.3322609103845324,2.1023768675247343,3.1681575921634266,0.014622279442846775,0.0001446641981601715,0.0001446641981601715,False,False,,,0,False
v4_branch_5d22fddf2b510d35234f,1,80,new_center,parent_to_0.25,0.0,0.25,g001_b7e43f1d75130653_0000,80,5.72419548916514e-06,empty,g001_p000080_empty,58.0,46.0,22.0,dike_hemisphere,9,71.5621775563096,15.153970138684727,15.885347823528942,12.176275490166978,3.7884925346711817,3.9713369558822356,3.0440688725417444,0.014664853923022747,0.0001872386783361435,0.0001872386783361435,False,False,,,0,False
v4_branch_4c34afb960dfff6fe22d,1,81,new_center,parent_to_0.25,0.0,0.25,g001_b7e43f1d75130653_0000,81,5.712569418392377e-06,empty,g001_p000081_empty,40.0,38.0,37.0,ellipsoid,9,135.47500841491413,13.626890010335213,13.568787216215597,7.377657296507843,3.4067225025838033,3.3921968040538992,1.8444143241269608,0.014804314821958542,0.0003266995772719383,0.0003266995772719383,False,False,,,0,False
v4_branch_aef6b6653bfcae563fa0,1,82,new_center,parent_to_0.25,0.0,0.25,g001_b7e43f1d75130653_0000,82,5.7121105783153325e-06,empty,g001_p000082_empty,37.0,39.0,38.0,dike_hemisphere,9,40.5531567076506,10.208090584068527,7.427673880089215,11.97457865732697,2.552022646017132,1.8569184700223038,2.9936446643317427,0.014643598347902298,0.00016598310321569443,0.00016598310321569443,False,False,,,0,False
v4_branch_0e86365ee8f549482f44,1,83,new_center,parent_to_0.25,0.0,0.25,g001_b7e43f1d75130653_0000,83,5.697865617548814e-06,empty,g001_p000083_empty,31.0,6.0,21.0,ellipsoid,9,20.24151388660484,10.131111799663163,13.192116076343227,10.741646153198397,2.5327779499157907,3.298029019085807,2.6854115382995993,0.014683323912322521,0.00020570866763591766,0.00020570866763591766,False,False,,,0,False
v4_branch_373135e1783311bb600a,1,84,new_center,parent_to_0.25,0.0,0.25,g001_b7e43f1d75130653_0000,84,5.661255727318348e-06,empty,g001_p000084_empty,55.0,47.0,22.0,dike_hemisphere,9,170.08465827251885,12.319223048260918,15.475767275296059,8.906483801747374,3.0798057620652295,3.8689418188240148,2.2266209504368435,0.014669264666736126,0.0001916494220495224,0.0001916494220495224,False,False,,,0,False
v4_branch_a1bc94832973a6ba9dbe,1,85,new_center,parent_to_0.25,0.0,0.25,g001_b7e43f1d75130653_0000,85,5.657610017806292e-06,empty,g001_p000085_empty,25.0,57.0,39.0,dike_hemisphere,9,149.04910658397105,8.133555713362083,11.62156561734557,7.2217644689212985,2.033388928340521,2.9053914043363926,1.8054411172303246,0.014587312005460262,0.00010969676077365875,0.00010969676077365875,False,False,,,0,False
v4_branch_805add592deda63fc246,1,86,new_center,parent_to_0.25,0.0,0.25,g001_b7e43f1d75130653_0000,86,5.657300789607689e-06,empty,g001_p000086_empty,11.0,25.0,20.0,ellipsoid,9,179.77921673455958,12.121918021974068,9.14845103932981,7.770370656511692,3.030479505493517,2.2871127598324525,1.942592664127923,0.014659986831247807,0.000182371586561203,0.000182371586561203,False,False,,,0,False
v4_branch_5095fb8abe2a9a0ef271,1,87,new_center,parent_to_0.25,0.0,0.25,g001_b7e43f1d75130653_0000,87,5.650097136822296e-06,empty,g001_p000087_empty,7.0,7.0,35.0,ellipsoid,9,45.2851995678386,8.041282074237383,8.207272756346864,6.622982428876084,2.010320518559346,2.051818189086716,1.655745607219021,0.014659986831247807,0.000182371586561203,0.000182371586561203,False,False,,,0,False
v4_branch_b94ed43ad14bc33b92cd,1,88,new_center,parent_to_0.25,0.0,0.25,g001_b7e43f1d75130653_0000,88,5.641097232000902e-06,empty,g001_p000088_empty,39.0,31.0,35.0,ellipsoid,9,84.48010697218353,6.189385249354956,15.3884580063633,9.526684852428644,1.547346312338739,3.847114501590825,2.381671213107161,0.014537845738232136,6.0230493545532227e-05,6.0230493545532227e-05,False,False,,,0,False
v4_branch_f5d90459878e80751b39,1,89,new_center,parent_to_0.25,0.0,0.25,g001_b7e43f1d75130653_0000,89,5.637642971123569e-06,empty,g001_p000089_empty,8.0,29.0,19.0,dike_hemisphere,9,177.91022357582855,6.581694886466597,14.392362974105222,11.352843655277889,1.6454237216166492,3.5980907435263054,2.838210913819472,0.014543674886226654,6.60596415400505e-05,6.60596415400505e-05,False,False,,,0,False
v4_branch_9cbe394347fddc34db6f,1,90,new_center,parent_to_0.25,0.0,0.25,g001_b7e43f1d75130653_0000,90,5.632586180581711e-06,empty,g001_p000090_empty,38.0,34.0,36.0,ellipsoid,9,154.82044117029503,10.193678558292241,6.672544461810068,7.522903226193633,2.5484196395730603,1.668136115452517,1.8807258065484083,0.014585132710635662,0.00010751746594905853,0.00010751746594905853,False,False,,,0,False
v4_branch_f2ed8d28a30db8d9201b,1,91,new_center,parent_to_0.25,0.0,0.25,g001_b7e43f1d75130653_0000,91,5.616575435851701e-06,empty,g001_p000091_empty,45.0,44.0,17.0,dike_hemisphere,9,106.39740303120368,7.809201585569462,8.995913391070538,11.763482519054396,1.9523003963923655,2.2489783477676344,2.940870629763599,0.014570841565728188,9.322632104158401e-05,9.322632104158401e-05,False,False,,,0,False
v4_branch_0380ed4f96627c22d2b1,1,92,new_center,parent_to_0.25,0.0,0.25,g001_b7e43f1d75130653_0000,92,5.606680133496411e-06,empty,g001_p000092_empty,38.0,28.0,16.0,dike_hemisphere,9,130.4650308332708,6.022338758696453,12.409030148770539,9.88110242536108,1.5055846896741132,3.1022575371926346,2.47027560634027,0.014643598347902298,0.00016598310321569443,0.00016598310321569443,False,False,,,0,False
v4_branch_c165fc6768770e069908,1,93,new_center,parent_to_0.25,0.0,0.25,g001_b7e43f1d75130653_0000,93,5.568593678617617e-06,empty,g001_p000093_empty,38.0,43.0,15.0,dike_hemisphere,9,136.9104744861059,8.378535652465901,6.052572727647808,10.452732431438129,2.0946339131164753,1.513143181911952,2.6131831078595322,0.014497720636427402,2.010539174079895e-05,2.010539174079895e-05,False,False,,,0,False
v4_branch_2e38b6ee046ee430a414,1,94,new_center,parent_to_0.25,0.0,0.25,g001_b7e43f1d75130653_0000,94,5.568147116719047e-06,empty,g001_p000094_empty,39.0,29.0,16.0,dike_hemisphere,9,98.9545024916445,6.402413758193065,12.541290178445003,13.019243752080005,1.6006034395482662,3.1353225446112507,3.254810938020001,0.014541521668434143,6.390642374753952e-05,6.390642374753952e-05,False,False,,,0,False
v4_branch_c69a72cb0dc590d47511,1,95,new_center,parent_to_0.25,0.0,0.25,g001_b7e43f1d75130653_0000,95,5.547361979552079e-06,empty,g001_p000095_empty,17.0,21.0,23.0,ellipsoid,9,17.20463595883593,13.905221091682478,11.755262114840594,12.299882135011773,3.4763052729206194,2.9388155287101485,3.074970533752943,0.014722944237291813,0.00024532899260520935,0.00024532899260520935,False,False,,,0,False
v4_branch_f2e588d0a21f0d560d7c,2,0,new_center,parent_to_0.25,0.0,0.25,g002_5e7341feb7e9afc3_0001,0,8.985492968349718e-06,g001_p000005_empty,g002_p000000_g001_p000005_empty,37.0,30.0,17.0,dike_hemisphere,9,68.17347853549408,15.029112957231366,9.874272747479807,13.540483594982923,3.7572782393078414,2.468568186869952,3.385120898745731,0.014633415266871452,0.0001473771408200264,0.00015580002218484879,False,False,,,0,False
v4_branch_74508bf30216062ee90c,2,6,new_center,parent_to_0.25,0.0,0.25,g002_5e7341feb7e9afc3_0001,1,8.79508752404945e-06,g001_p000005_empty,g002_p000006_g001_p000005_empty,43.0,56.0,39.0,ellipsoid,9,30.22447666832839,10.625770599818065,12.05445776022356,7.526877706739641,2.656442649954516,3.01361444005589,1.8817194266849102,0.014740579761564732,0.00025454163551330566,0.00026296451687812805,False,False,,,0,False
v4_branch_370be84b7e4155514db8,2,12,new_center,parent_to_0.25,0.0,0.25,g002_436125752bc8a68f_0002,0,8.985492968349718e-06,g001_p000029_empty,g002_p000012_g001_p000029_empty,37.0,30.0,17.0,dike_hemisphere,9,133.03903814222912,10.92503619151179,11.141544951338863,12.976805495391353,2.7312590478779475,2.785386237834716,3.2442013738478384,0.014605148695409298,0.00010742992162704468,0.0001275334507226944,False,False,,,0,False
v4_branch_ef98c6c22eff25f9ff5c,2,18,new_center,parent_to_0.25,0.0,0.25,g002_436125752bc8a68f_0002,1,8.79508752404945e-06,g001_p000029_empty,g002_p000018_g001_p000029_empty,43.0,56.0,39.0,ellipsoid,9,168.722189463696,6.862849812363829,9.004328812629591,10.438851958374247,1.7157124530909573,2.251082203157398,2.609712989593562,0.014590817503631115,9.30987298488617e-05,0.00011320225894451141,False,False,,,0,False
v4_branch_08534e41f2b6fab020b5,2,24,new_center,parent_to_0.25,0.0,0.25,g002_495c5029b0b65ce7_0003,0,8.985492968349718e-06,g001_p000057_empty,g002_p000024_g001_p000057_empty,37.0,30.0,17.0,ellipsoid,9,157.14479845095045,7.53302355913588,6.115353512481474,6.0521039617262655,1.88325588978397,1.5288383781203685,1.5130259904315664,0.014534326270222664,3.6607496440410614e-05,5.671102553606033e-05,False,False,,,0,False
v4_branch_c5b2595ec83db16b9f2d,2,30,new_center,parent_to_0.25,0.0,0.25,g002_495c5029b0b65ce7_0003,1,8.79508752404945e-06,g001_p000057_empty,g002_p000030_g001_p000057_empty,43.0,56.0,39.0,ellipsoid,9,139.20683562649316,10.060733529671142,6.2239273340942125,13.083542118083145,2.5151833824177854,1.5559818335235531,3.270885529520786,0.014517796225845814,2.0077452063560486e-05,4.0180981159210205e-05,False,False,,,0,False
v4_branch_1d92de306eac206ca7e7,2,36,new_center,parent_to_0.25,0.0,0.25,g002_4428f17623a05350_0004,0,8.985492968349718e-06,g001_p000039_empty,g002_p000036_g001_p000039_empty,37.0,30.0,17.0,ellipsoid,9,91.39186801626582,6.0803023450264,15.604802820708898,8.042294028342448,1.5200755862566,3.9012007051772244,2.010573507085612,0.014590817503631115,9.309686720371246e-05,0.00011320225894451141,False,False,,,0,False
v4_branch_4eacc5d418b0e9a0529b,2,42,new_center,parent_to_0.25,0.0,0.25,g002_4428f17623a05350_0004,1,8.79508752404945e-06,g001_p000039_empty,g002_p000042_g001_p000039_empty,43.0,56.0,39.0,ellipsoid,9,159.50457356548748,7.437778999962084,13.112318027248582,7.756525780362207,1.859444749990521,3.2780795068121455,1.9391314450905517,0.014607265591621399,0.00010954495519399643,0.00012965034693479538,False,False,,,0,False
v4_branch_a49a9c8bae1808f44b49,2,48,new_center,parent_to_0.25,0.0,0.25,g002_a4392243cfbfc37d_0005,0,8.985492968349718e-06,g001_p000072_empty,g002_p000048_g001_p000072_empty,37.0,30.0,17.0,ellipsoid,9,75.81720792175254,14.129170216415941,14.243969424494766,8.444883961261311,3.5322925541039853,3.5609923561236916,2.111220990315328,0.01480772066861391,0.0003100000321865082,0.00033010542392730713,False,False,,,0,False
v4_branch_a0d9011a2a3510cf15de,2,54,new_center,parent_to_0.25,0.0,0.25,g002_a4392243cfbfc37d_0005,1,8.79508752404945e-06,g001_p000072_empty,g002_p000054_g001_p000072_empty,43.0,56.0,39.0,ellipsoid,9,127.72357754245401,15.830900647176012,14.677897966525487,8.724436800360408,3.957725161794003,3.6694744916313717,2.181109200090102,0.01480772066861391,0.0003100000321865082,0.00033010542392730713,False,False,,,0,False
v4_branch_ba21fad603714c064cd4,2,60,new_center,parent_to_0.25,0.0,0.25,g002_90f0ea8c401c04a0_0006,0,8.985492968349718e-06,g001_p000093_empty,g002_p000060_g001_p000093_empty,37.0,30.0,17.0,ellipsoid,9,54.009027321118054,6.830530529770321,15.57618223380614,9.953761555601584,1.7076326324425803,3.894045558451535,2.488440388900396,0.014735773205757141,0.00023805256932973862,0.00025815796107053757,False,False,,,0,False
v4_branch_d11d9c1b1af861022306,2,66,new_center,parent_to_0.25,0.0,0.25,g002_90f0ea8c401c04a0_0006,1,8.79508752404945e-06,g001_p000093_empty,g002_p000066_g001_p000093_empty,43.0,56.0,39.0,dike_hemisphere,9,95.23693354540038,12.859395969176662,6.576683556999996,9.161346024638474,3.2148489922941654,1.644170889249999,2.2903365061596186,0.014561538584530354,6.381794810295105e-05,8.392333984375e-05,False,False,,,0,False
v4_branch_dbe7d41f9ce812d311cd,2,72,new_center,parent_to_0.25,0.0,0.25,g002_aa2d88473408de98_0007,0,9.374170076625887e-06,g001_p000038_empty,g002_p000072_g001_p000038_empty,45.0,41.0,14.0,ellipsoid,9,92.45204096652125,11.775883547524366,13.053475286723279,12.826658973759194,2.9439708868810914,3.2633688216808197,3.2066647434397986,0.01475899200886488,0.0002447189763188362,0.00028137676417827606,False,False,,,0,False
v4_branch_c60cb83b4e27528c671f,2,78,new_center,parent_to_0.25,0.0,0.25,g002_aa2d88473408de98_0007,1,8.991562026494648e-06,g001_p000038_empty,g002_p000078_g001_p000038_empty,43.0,40.0,14.0,dike_hemisphere,9,3.325955142432706,8.916626782300407,15.245785275920827,9.129286576603535,2.2291566955751017,3.811446318980207,2.282321644150884,0.01465073972940445,0.00013646669685840607,0.00017312448471784592,False,False,,,0,False
v4_branch_ba1c2ae9fec6610cc830,2,84,new_center,parent_to_0.25,0.0,0.25,g002_c8b80c7fd8950f87_0008,0,9.83327754511265e-06,g001_p000064_empty,g002_p000084_g001_p000064_empty,11.0,49.0,17.0,dike_hemisphere,9,122.119820648368,7.922578459976966,15.643449091514366,12.883101387634873,1.9806446149942416,3.9108622728785916,3.2207753469087184,0.014694085344672203,0.00017981231212615967,0.00021647009998559952,False,False,,,0,False
v4_branch_74293a5b92c4f8f1a6cc,2,90,new_center,parent_to_0.25,0.0,0.25,g002_c8b80c7fd8950f87_0008,1,8.985492968349718e-06,g001_p000064_empty,g002_p000090_g001_p000064_empty,37.0,30.0,17.0,dike_hemisphere,9,78.28256180395101,11.915263933039125,12.335445066562915,7.897215649382843,2.978815983259781,3.083861266640729,1.9743039123457107,0.01469618920236826,0.00018191616982221603,0.00021857395768165588,False,False,,,0,False
v4_branch_af9cc01e314a56e7621b,3,0,new_center,parent_to_0.25,0.0,0.25,g003_a54b0c34eb8933b5_0009,0,8.985492968349718e-06,g002_p000001_g001_p000005_empty,g003_p000000_g002_p000001_g001_p000005_empty,37.0,30.0,17.0,ellipsoid,9,107.46488785001436,9.850034283968174,9.008200398503675,11.6932352900671,2.4625085709920436,2.2520500996259187,2.923308822516775,0.014643598347902298,0.00016598310321569443,0.00016598310321569443,False,False,,,0,False
v4_branch_d8a931bebc44c9b0660c,3,1,new_center,parent_to_0.25,0.0,0.25,g003_a54b0c34eb8933b5_0009,1,8.79508752404945e-06,g002_p000001_g001_p000005_empty,g003_p000001_g002_p000001_g001_p000005_empty,43.0,56.0,39.0,dike_hemisphere,9,66.62797644481232,13.541241701680534,10.71958333591907,9.090788724491494,3.3853104254201334,2.6798958339797676,2.2726971811228736,0.014657877385616302,0.00018026214092969894,0.00018026214092969894,False,False,,,0,False
v4_branch_1a087c840c4a9b287a89,3,2,new_center,parent_to_0.25,0.0,0.25,g003_a54b0c34eb8933b5_0009,2,8.667049769428559e-06,g002_p000001_g001_p000005_empty,g003_p000002_g002_p000001_g001_p000005_empty,34.0,43.0,22.0,dike_hemisphere,9,152.05859354499603,15.998741267171997,14.551502541492953,6.788091957176754,3.9996853167929993,3.637875635373238,1.6970229892941886,0.014804265461862087,0.0003266502171754837,0.0003266502171754837,False,False,,,0,False
v4_branch_2d57f2c0ec380d4cf846,3,3,new_center,parent_to_0.25,0.0,0.25,g003_a54b0c34eb8933b5_0009,3,8.366426300199237e-06,g002_p000001_g001_p000005_empty,g003_p000003_g002_p000001_g001_p000005_empty,51.0,45.0,19.0,dike_hemisphere,9,174.34830011395346,6.121441268035837,14.813908080511997,10.736491975705214,1.5303603170089592,3.703477020127999,2.6841229939263034,0.014541521668434143,6.390642374753952e-05,6.390642374753952e-05,False,False,,,0,False
v4_branch_812e30274b6b8b2598d3,3,4,new_center,parent_to_0.25,0.0,0.25,g003_a54b0c34eb8933b5_0009,4,8.018434527912177e-06,g002_p000001_g001_p000005_empty,g003_p000004_g002_p000001_g001_p000005_empty,59.0,5.0,19.0,dike_hemisphere,9,96.70796555766907,10.823236009945157,7.8050969873507485,8.439315629693642,2.7058090024862893,1.9512742468376871,2.1098289074234104,0.014548584818840027,7.096957415342331e-05,7.096957415342331e-05,False,False,,,0,False
v4_branch_8ba86a40f1a4d71f1c09,3,5,new_center,parent_to_0.25,0.0,0.25,g003_a54b0c34eb8933b5_0009,5,8.018432708922774e-06,g002_p000001_g001_p000005_empty,g003_p000005_g002_p000001_g001_p000005_empty,59.0,4.0,19.0,ellipsoid,9,45.70442450070776,10.426060696705498,7.427239257011871,11.711898917446034,2.6065151741763746,1.8568098142529676,2.9279747293615084,0.014611013233661652,0.00013339798897504807,0.00013339798897504807,False,False,,,0,False
v4_branch_a57314129931124e4c97,3,6,new_center,parent_to_0.25,0.0,0.25,g003_a54b0c34eb8933b5_0009,6,7.5660245784092695e-06,g002_p000001_g001_p000005_empty,g003_p000006_g002_p000001_g001_p000005_empty,38.0,32.0,35.0,dike_hemisphere,9,168.86450382147112,11.94000658828379,15.064444628608387,12.582972923917822,2.9850016470709475,3.7661111571520967,3.1457432309794555,0.014697564765810966,0.00021994952112436295,0.00021994952112436295,False,False,,,0,False
v4_branch_8a61cdbdaa54f22f62f4,3,7,new_center,parent_to_0.25,0.0,0.25,g003_a54b0c34eb8933b5_0009,7,7.554219337180257e-06,g002_p000001_g001_p000005_empty,g003_p000007_g002_p000001_g001_p000005_empty,36.0,31.0,19.0,dike_hemisphere,9,65.84116286903821,15.448091496768273,9.70804479382303,12.166142126190167,3.862022874192068,2.4270111984557574,3.0415355315475416,0.01460446696728468,0.00012685172259807587,0.00012685172259807587,False,False,,,0,False
v4_branch_eb6f7040704c59c148a1,3,8,new_center,parent_to_0.25,0.0,0.25,g003_a54b0c34eb8933b5_0009,8,7.390586688416079e-06,g002_p000001_g001_p000005_empty,g003_p000008_g002_p000001_g001_p000005_empty,39.0,32.0,35.0,ellipsoid,9,24.19553617785003,10.019321538210262,12.122297399428453,13.291939555085785,2.5048303845525655,3.030574349857113,3.322984888771446,0.01465058047324419,0.00017296522855758667,0.00017296522855758667,False,False,,,0,False
v4_branch_2381e1e9907624e2728c,3,9,new_center,parent_to_0.25,0.0,0.25,g003_a54b0c34eb8933b5_0009,9,7.215148798422888e-06,g002_p000001_g001_p000005_empty,g003_p000009_g002_p000001_g001_p000005_empty,38.0,33.0,35.0,ellipsoid,9,32.75971102752854,7.988535110610604,10.72539281993027,6.4588118188336,1.997133777652651,2.6813482049825677,1.6147029547084,0.014660416170954704,0.00018280092626810074,0.00018280092626810074,False,False,,,0,False
v4_branch_07140e84273824c9ee1f,3,10,new_center,parent_to_0.25,0.0,0.25,g003_a54b0c34eb8933b5_0009,10,7.215148798422888e-06,g002_p000001_g001_p000005_empty,g003_p000010_g002_p000001_g001_p000005_empty,39.0,33.0,35.0,dike_hemisphere,9,178.38207524754185,9.037588320975397,6.379781336967651,11.116826412580153,2.259397080243849,1.5949453342419126,2.779206603145038,0.014570841565728188,9.322632104158401e-05,9.322632104158401e-05,False,False,,,0,False
v4_branch_7beebf8d115afdcdb084,3,11,new_center,parent_to_0.25,0.0,0.25,g003_a54b0c34eb8933b5_0009,11,7.183050001913216e-06,g002_p000001_g001_p000005_empty,g003_p000011_g002_p000001_g001_p000005_empty,45.0,38.0,17.0,dike_hemisphere,9,116.46685535809715,7.868534601255442,15.088736007552304,7.948492267680644,1.9671336503138606,3.772184001888076,1.987123066920161,0.014659986831247807,0.000182371586561203,0.000182371586561203,False,False,,,0,False
v4_branch_812021a1f7e2cf729c68,3,12,new_center,parent_to_0.25,0.0,0.25,g003_a54b0c34eb8933b5_0009,12,7.090032795531442e-06,g002_p000007_g001_p000005_empty,g003_p000012_g002_p000007_g001_p000005_empty,6.0,32.0,21.0,ellipsoid,9,101.7799446578566,14.51615019809051,14.932388618208112,8.025562909389013,3.6290375495226277,3.733097154552028,2.006390727347253,0.014788037165999413,0.000310421921312809,0.000310421921312809,False,False,,,0,False
v4_branch_a63b8caf11d5380dabe2,3,13,new_center,parent_to_0.25,0.0,0.25,g003_a54b0c34eb8933b5_0009,13,7.045578058750834e-06,g002_p000007_g001_p000005_empty,g003_p000013_g002_p000007_g001_p000005_empty,44.0,38.0,17.0,ellipsoid,9,128.89373414766618,6.943971391719285,13.811632650474486,9.266003874763392,1.7359928479298212,3.4529081626186215,2.316500968690848,0.014704140834510326,0.00022652558982372284,0.00022652558982372284,False,False,,,0,False
v4_branch_245e9947983a2c7f1e99,3,14,new_center,parent_to_0.25,0.0,0.25,g003_a54b0c34eb8933b5_0009,14,6.9269635787350126e-06,g002_p000007_g001_p000005_empty,g003_p000014_g002_p000007_g001_p000005_empty,11.0,49.0,17.0,ellipsoid,9,82.60911580319198,12.335832394112991,9.730328043722222,8.854308931498187,3.0839580985282478,2.4325820109305556,2.2135772328745467,0.014643598347902298,0.00016598310321569443,0.00016598310321569443,False,False,,,0,False
v4_branch_40bf82aeb63b9b2fcc7d,3,15,new_center,parent_to_0.25,0.0,0.25,g003_a54b0c34eb8933b5_0009,15,6.843950814072741e-06,g002_p000007_g001_p000005_empty,g003_p000015_g002_p000007_g001_p000005_empty,45.0,41.0,14.0,ellipsoid,9,152.19346874424605,12.80089161254972,12.330789239434885,7.505037580465354,3.20022290313743,3.0826973098587214,1.8762593951163384,0.014804265461862087,0.0003266502171754837,0.0003266502171754837,False,False,,,0,False
v4_branch_07bcf27d5a36d3bd914c,3,16,new_center,parent_to_0.25,0.0,0.25,g003_a54b0c34eb8933b5_0009,16,6.781237516406691e-06,g002_p000007_g001_p000005_empty,g003_p000016_g002_p000007_g001_p000005_empty,53.0,49.0,19.0,ellipsoid,9,89.38319964064547,10.803581084810903,12.142623043940517,9.623035620850033,2.7008952712027257,3.0356557609851293,2.405758905212508,0.014788037165999413,0.000310421921312809,0.000310421921312809,False,False,,,0,False
v4_branch_82e840cc1551edadaa57,3,17,new_center,parent_to_0.25,0.0,0.25,g003_a54b0c34eb8933b5_0009,17,6.742332971043652e-06,g002_p000007_g001_p000005_empty,g003_p000017_g002_p000007_g001_p000005_empty,41.0,45.0,15.0,dike_hemisphere,9,116.7280932728825,13.6606414059233,15.367883424007335,6.671935913062387,3.415160351480825,3.8419708560018337,1.6679839782655967,0.014804265461862087,0.0003266502171754837,0.0003266502171754837,False,False,,,0,False
v4_branch_1d4075a2e094939a9174,3,18,new_center,parent_to_0.25,0.0,0.25,g003_a54b0c34eb8933b5_0009,18,6.723759270244045e-06,g002_p000007_g001_p000005_empty,g003_p000018_g002_p000007_g001_p000005_empty,40.0,34.0,36.0,dike_hemisphere,9,121.33465312160214,8.991476752162653,6.891790465466588,9.472903721852234,2.247869188040663,1.722947616366647,2.3682259304630584,0.014570841565728188,9.322632104158401e-05,9.322632104158401e-05,False,False,,,0,False
v4_branch_751d3790086d78867100,3,19,new_center,parent_to_0.25,0.0,0.25,g003_a54b0c34eb8933b5_0009,19,6.723219030391192e-06,g002_p000007_g001_p000005_empty,g003_p000019_g002_p000007_g001_p000005_empty,43.0,40.0,14.0,dike_hemisphere,9,43.54376979022849,10.640337200641989,8.145984265514347,12.608452708731173,2.6600843001604972,2.0364960663785867,3.1521131771827933,0.014643598347902298,0.00016598310321569443,0.00016598310321569443,False,False,,,0,False
v4_branch_4cd0810b3b5d0a06324a,3,20,new_center,parent_to_0.25,0.0,0.25,g003_a54b0c34eb8933b5_0009,20,6.679286343569402e-06,g002_p000007_g001_p000005_empty,g003_p000020_g002_p000007_g001_p000005_empty,23.0,23.0,24.0,ellipsoid,9,68.98871396249616,11.300708535623999,8.648443716411911,7.837891080268706,2.8251771339059997,2.162110929102978,1.9594727700671766,0.014659986831247807,0.000182371586561203,0.000182371586561203,False,False,,,0,False
v4_branch_fc1ea006c4294b6e468a,3,21,new_center,parent_to_0.25,0.0,0.25,g003_a54b0c34eb8933b5_0009,21,6.649878287134925e-06,g002_p000007_g001_p000005_empty,g003_p000021_g002_p000007_g001_p000005_empty,40.0,44.0,15.0,dike_hemisphere,9,74.65099165328974,7.169345023880925,14.543009379543584,6.809871676197864,1.7923362559702312,3.635752344885896,1.702467919049466,0.014587312005460262,0.00010969676077365875,0.00010969676077365875,False,False,,,0,False
v4_branch_a2a76d065e71190e7726,3,22,new_center,parent_to_0.25,0.0,0.25,g003_a54b0c34eb8933b5_0009,22,6.551272235810757e-06,g002_p000007_g001_p000005_empty,g003_p000022_g002_p000007_g001_p000005_empty,8.0,47.0,20.0,dike_hemisphere,9,130.8210767201895,6.838016353500341,8.443738713688509,8.216455058298035,1.7095040883750852,2.1109346784221272,2.0541137645745087,0.014497718773782253,2.010352909564972e-05,2.010352909564972e-05,False,False,,,0,False
v4_branch_728fb1a9ddc0387793be,3,23,new_center,parent_to_0.25,0.0,0.25,g003_a54b0c34eb8933b5_0009,23,6.53867982691736e-06,g002_p000007_g001_p000005_empty,g003_p000023_g002_p000007_g001_p000005_empty,38.0,29.0,37.0,dike_hemisphere,9,119.33993794868871,10.999917844841706,8.354412535563242,8.124349421667542,2.7499794612104265,2.0886031338908104,2.0310873554168856,0.0146044185385108,0.00012680329382419586,0.00012680329382419586,False,False,,,0,False
v4_branch_84ea06e88f835ed4f18e,3,24,new_center,parent_to_0.25,0.0,0.25,g003_a54b0c34eb8933b5_0009,24,6.532626230182359e-06,g002_p000013_g001_p000029_empty,g003_p000024_g002_p000013_g001_p000029_empty,43.0,42.0,18.0,dike_hemisphere,9,58.10575894030744,10.725200960760764,13.012202326460862,10.548143987932788,2.681300240190191,3.2530505816152155,2.637035996983197,0.014665131457149982,0.0001875162124633789,0.0001875162124633789,False,False,,,0,False
v4_branch_80e9b950042568c841b0,3,25,new_center,parent_to_0.25,0.0,0.25,g003_a54b0c34eb8933b5_0009,25,6.525966000481276e-06,g002_p000013_g001_p000029_empty,g003_p000025_g002_p000013_g001_p000029_empty,46.0,42.0,17.0,dike_hemisphere,9,27.12930443713579,9.722528552674397,7.212156648198617,13.877203017429364,2.4306321381685994,1.8030391620496542,3.469300754357341,0.014570841565728188,9.322632104158401e-05,9.322632104158401e-05,False,False,,,0,False
v4_branch_cdf1202c8c416872fac9,3,26,new_center,parent_to_0.25,0.0,0.25,g003_a54b0c34eb8933b5_0009,26,6.514942924695788e-06,g002_p000013_g001_p000029_empty,g003_p000026_g002_p000013_g001_p000029_empty,46.0,25.0,26.0,ellipsoid,9,168.271215599866,8.972595230987281,14.815531354750288,11.838252995364572,2.2431488077468202,3.703882838687572,2.959563248841143,0.014683323912322521,0.00020570866763591766,0.00020570866763591766,False,False,,,0,False
v4_branch_922a743061130aca4a1c,3,27,new_center,parent_to_0.25,0.0,0.25,g003_a54b0c34eb8933b5_0009,27,6.510421371785924e-06,g002_p000013_g001_p000029_empty,g003_p000027_g002_p000013_g001_p000029_empty,37.0,10.0,20.0,dike_hemisphere,9,44.98325934313999,13.590503961029736,13.591628293985043,10.368123515198164,3.397625990257434,3.3979070734962606,2.592030878799541,0.014672143384814262,0.00019452814012765884,0.00019452814012765884,False,False,,,0,False
v4_branch_9ba249c3610ae32077de,3,28,new_center,parent_to_0.25,0.0,0.25,g003_a54b0c34eb8933b5_0009,28,6.451602530432865e-06,g002_p000013_g001_p000029_empty,g003_p000028_g002_p000013_g001_p000029_empty,48.0,40.0,17.0,ellipsoid,9,158.97616240026997,9.210516519028458,11.403798632841992,7.408767044057333,2.3026291297571144,2.850949658210498,1.8521917610143332,0.014659986831247807,0.000182371586561203,0.000182371586561203,False,False,,,0,False
v4_branch_b1412a14b31d0fdfcba0,3,29,new_center,parent_to_0.25,0.0,0.25,g003_a54b0c34eb8933b5_0009,29,6.4409864535264205e-06,g002_p000013_g001_p000029_empty,g003_p000029_g002_p000013_g001_p000029_empty,37.0,32.0,35.0,dike_hemisphere,9,148.7961483064727,14.244410113144186,15.378566066727611,9.752450707096726,3.5611025282860465,3.844641516681903,2.4381126767741814,0.014672583900392056,0.00019496865570545197,0.00019496865570545197,False,False,,,0,False
v4_branch_d596196f47aee3e05759,3,30,new_center,parent_to_0.25,0.0,0.25,g003_a54b0c34eb8933b5_0009,30,6.424249477277044e-06,g002_p000013_g001_p000029_empty,g003_p000030_g002_p000013_g001_p000029_empty,37.0,9.0,19.0,ellipsoid,9,164.53629483374675,6.491776510191273,11.897380060501607,13.917980364426231,1.6229441275478182,2.974345015125402,3.479495091106558,0.014537843875586987,6.0228630900382996e-05,6.0228630900382996e-05,False,False,,,0,False
v4_branch_5156659b2bb0e0375ed8,3,31,new_center,parent_to_0.25,0.0,0.25,g003_a54b0c34eb8933b5_0009,31,6.387008397723548e-06,g002_p000013_g001_p000029_empty,g003_p000031_g002_p000013_g001_p000029_empty,33.0,9.0,19.0,ellipsoid,9,89.64743201033383,13.247708497725446,10.878517767378376,12.258303841427622,3.3119271244313615,2.719629441844594,3.0645759603569056,0.014723039232194424,0.00024542398750782013,0.00024542398750782013,False,False,,,0,False
v4_branch_0719c57b4785b2c014f0,3,32,new_center,parent_to_0.25,0.0,0.25,g003_a54b0c34eb8933b5_0009,32,6.363593456626404e-06,g002_p000013_g001_p000029_empty,g003_p000032_g002_p000013_g001_p000029_empty,9.0,16.0,26.0,ellipsoid,9,44.69341416594577,7.186017156972298,6.333463207864309,10.523182241423086,1.7965042892430745,1.5833658019660772,2.6307955603557716,0.014497718773782253,2.010352909564972e-05,2.010352909564972e-05,False,False,,,0,False
v4_branch_f3b92f5e430a9b3b71ea,3,33,new_center,parent_to_0.25,0.0,0.25,g003_a54b0c34eb8933b5_0009,33,6.359484814311145e-06,g002_p000013_g001_p000029_empty,g003_p000033_g002_p000013_g001_p000029_empty,30.0,59.0,18.0,ellipsoid,9,62.76858523076547,6.981621225994909,6.305860673827302,10.339259215395085,1.7454053064987272,1.5764651684568256,2.5848148038487713,0.014497718773782253,2.010352909564972e-05,2.010352909564972e-05,False,False,,,0,False
v4_branch_db960bae1956603d2178,3,34,new_center,parent_to_0.25,0.0,0.25,g003_a54b0c34eb8933b5_0009,34,6.327726168819936e-06,g002_p000013_g001_p000029_empty,g003_p000034_g002_p000013_g001_p000029_empty,40.0,34.0,19.0,ellipsoid,9,37.639617074223196,13.149066706068451,11.773489170281195,8.572915163259939,3.287266676517113,2.9433722925702988,2.1432287908149847,0.014797699637711048,0.0003200843930244446,0.0003200843930244446,False,False,,,0,False
v4_branch_a0013a48bfd36a359238,3,35,new_center,parent_to_0.25,0.0,0.25,g003_a54b0c34eb8933b5_0009,35,6.311662218649872e-06,g002_p000013_g001_p000029_empty,g003_p000035_g002_p000013_g001_p000029_empty,43.0,32.0,38.0,dike_hemisphere,9,22.579997398822172,6.474003704310643,8.959780608972922,8.805330946664256,1.6185009260776608,2.2399451522432305,2.201332736666064,0.014570841565728188,9.322632104158401e-05,9.322632104158401e-05,False,False,,,0,False
v4_branch_23cdfee13fd627952d6e,3,36,new_center,parent_to_0.25,0.0,0.25,g003_a54b0c34eb8933b5_0009,36,6.311662218649872e-06,g002_p000019_g001_p000029_empty,g003_p000036_g002_p000019_g001_p000029_empty,43.0,33.0,38.0,dike_hemisphere,9,19.640493686415017,10.741614423594054,13.701007961456543,9.926836559014845,2.6854036058985136,3.425251990364136,2.481709139753711,0.014657877385616302,0.00018026214092969894,0.00018026214092969894,False,False,,,0,False
v4_branch_247d4abfd53b04a304d9,3,37,new_center,parent_to_0.25,0.0,0.25,g003_a54b0c34eb8933b5_0009,37,6.307158855634043e-06,g002_p000019_g001_p000029_empty,g003_p000037_g002_p000019_g001_p000029_empty,43.0,38.0,17.0,ellipsoid,9,118.18787445984564,9.905311555057828,12.932223510289191,11.779273336945945,2.476327888764457,3.2330558775722977,2.944818334236486,0.014673981815576553,0.0001963665708899498,0.0001963665708899498,False,False,,,0,False
v4_branch_e0db0046c78215e26843,3,38,new_center,parent_to_0.25,0.0,0.25,g003_a54b0c34eb8933b5_0009,38,6.3049660639080685e-06,g002_p000019_g001_p000029_empty,g003_p000038_g002_p000019_g001_p000029_empty,41.0,42.0,14.0,ellipsoid,9,40.82560536950219,11.559620704574488,8.833963687037599,13.157903141844432,2.889905176143622,2.2084909217593998,3.289475785461108,0.014683764427900314,0.00020614918321371078,0.00020614918321371078,False,False,,,0,False
v4_branch_edd7491bb01a73f98e84,3,39,new_center,parent_to_0.25,0.0,0.25,g003_a54b0c34eb8933b5_0009,39,6.295732418948319e-06,g002_p000019_g001_p000029_empty,g003_p000039_g002_p000019_g001_p000029_empty,10.0,33.0,16.0,ellipsoid,9,176.4826632219088,8.942569228337257,8.878973503864998,7.949517176271222,2.2356423070843143,2.2197433759662495,1.9873792940678054,0.014650455676019192,0.0001728404313325882,0.0001728404313325882,False,False,,,0,False
v4_branch_9706648bdc5f68976896,3,40,new_center,parent_to_0.25,0.0,0.25,g003_a54b0c34eb8933b5_0009,40,6.29470196145121e-06,g002_p000019_g001_p000029_empty,g003_p000040_g002_p000019_g001_p000029_empty,50.0,22.0,21.0,ellipsoid,9,160.46498322122898,7.729667412323391,9.126913963141238,7.24533072158501,1.9324168530808477,2.2817284907853095,1.8113326803962524,0.01454946305602789,7.18478113412857e-05,7.18478113412857e-05,False,False,,,0,False
v4_branch_49273f01a847fe5603a2,3,41,new_center,parent_to_0.25,0.0,0.25,g003_a54b0c34eb8933b5_0009,41,6.287179076025495e-06,g002_p000019_g001_p000029_empty,g003_p000041_g002_p000019_g001_p000029_empty,57.0,20.0,37.0,dike_hemisphere,9,170.44983382037591,12.022593351175907,13.90823412393771,7.193990877551295,3.0056483377939767,3.4770585309844275,1.7984977193878238,0.014732303097844124,0.0002546878531575203,0.0002546878531575203,False,False,,,0,False
v4_branch_31b86e617a4f577e04f1,3,42,new_center,parent_to_0.25,0.0,0.25,g003_a54b0c34eb8933b5_0009,42,6.26554856353323e-06,g002_p000019_g001_p000029_empty,g003_p000042_g002_p000019_g001_p000029_empty,38.0,31.0,35.0,dike_hemisphere,9,175.78696710439334,12.533873327769333,13.716021232262658,8.478817849815783,3.1334683319423333,3.4290053080656646,2.119704462453946,0.014701202511787415,0.000223587267100811,0.000223587267100811,False,False,,,0,False
v4_branch_5b9f9116cb10fe7076d4,3,43,new_center,parent_to_0.25,0.0,0.25,g003_a54b0c34eb8933b5_0009,43,6.255749667616328e-06,g002_p000019_g001_p000029_empty,g003_p000043_g002_p000019_g001_p000029_empty,8.0,30.0,19.0,dike_hemisphere,9,176.45153020637227,7.506323211704196,6.981352896716615,6.990639930103592,1.876580802926049,1.7453382241791537,1.747659982525898,0.014514273032546043,3.665778785943985e-05,3.665778785943985e-05,False,False,,,0,False
v4_branch_2420281373b5dfd9cb11,3,44,new_center,parent_to_0.25,0.0,0.25,g003_a54b0c34eb8933b5_0009,44,6.180034233693732e-06,g002_p000019_g001_p000029_empty,g003_p000044_g002_p000019_g001_p000029_empty,45.0,40.0,14.0,ellipsoid,9,25.021410462713625,7.5784549420225655,9.59053100899855,8.578748042751775,1.8946137355056414,2.3976327522496375,2.1446870106879437,0.014570841565728188,9.322632104158401e-05,9.322632104158401e-05,False,False,,,0,False
v4_branch_6dfc00864ea277901fd3,3,45,new_center,parent_to_0.25,0.0,0.25,g003_a54b0c34eb8933b5_0009,45,6.172485427669017e-06,g002_p000019_g001_p000029_empty,g003_p000045_g002_p000019_g001_p000029_empty,42.0,56.0,39.0,ellipsoid,9,150.91294922178696,15.800597989870377,8.258262405875398,11.533959512496011,3.9501494974675944,2.0645656014688494,2.883489878124003,0.014690733514726162,0.0002131182700395584,0.0002131182700395584,False,False,,,0,False
v4_branch_caa8d798d1734fca4f96,3,46,new_center,parent_to_0.25,0.0,0.25,g003_a54b0c34eb8933b5_0009,46,6.150815806904575e-06,g002_p000019_g001_p000029_empty,g003_p000046_g002_p000019_g001_p000029_empty,8.0,42.0,18.0,ellipsoid,9,87.39774376623888,7.932535715499707,11.238506117576858,7.2184224125933305,1.9831339288749268,2.8096265293942144,1.8046056031483326,0.014587312005460262,0.00010969676077365875,0.00010969676077365875,False,False,,,0,False
v4_branch_46659961a77cffd87687,3,47,new_center,parent_to_0.25,0.0,0.25,g003_a54b0c34eb8933b5_0009,47,6.148136890260503e-06,g002_p000019_g001_p000029_empty,g003_p000047_g002_p000019_g001_p000029_empty,46.0,41.0,14.0,dike_hemisphere,9,44.49438256280897,12.69453531935956,12.593608892299896,6.486959773915896,3.17363382983989,3.148402223074974,1.621739943478974,0.014659986831247807,0.000182371586561203,0.000182371586561203,False,False,,,0,False
v4_branch_6ab89203302af7dd2f87,3,48,new_center,parent_to_0.25,0.0,0.25,g003_a54b0c34eb8933b5_0009,48,6.120567832113011e-06,g002_p000025_g001_p000057_empty,g003_p000048_g002_p000025_g001_p000057_empty,37.0,33.0,35.0,ellipsoid,9,28.232972604148582,7.341417445865706,13.417671220815286,8.613561264905524,1.8353543614664265,3.3544178052038216,2.153390316226381,0.014643598347902298,0.00016598310321569443,0.00016598310321569443,False,False,,,0,False
v4_branch_9d7c13b8bd8df478091d,3,49,new_center,parent_to_0.25,0.0,0.25,g003_a54b0c34eb8933b5_0009,49,6.076442787161795e-06,g002_p000025_g001_p000057_empty,g003_p000049_g002_p000025_g001_p000057_empty,38.0,8.0,18.0,ellipsoid,9,62.31269045080252,9.068258136612997,12.611667834942951,7.3804845193815405,2.267064534153249,3.1529169587357377,1.8451211298453851,0.014732303097844124,0.0002546878531575203,0.0002546878531575203,False,False,,,0,False
v4_branch_2f9a98d75214559926a8,3,50,new_center,parent_to_0.25,0.0,0.25,g003_a54b0c34eb8933b5_0009,50,6.069045412004925e-06,g002_p000025_g001_p000057_empty,g003_p000050_g002_p000025_g001_p000057_empty,37.0,13.0,19.0,dike_hemisphere,9,88.70920869489872,7.38104636704189,7.235210797690064,8.471341772761257,1.8452615917604724,1.808802699422516,2.117835443190314,0.014497718773782253,2.010352909564972e-05,2.010352909564972e-05,False,False,,,0,False
v4_branch_2f5442ceffd185a87811,3,51,new_center,parent_to_0.25,0.0,0.25,g003_a54b0c34eb8933b5_0009,51,6.025367383699631e-06,g002_p000025_g001_p000057_empty,g003_p000051_g002_p000025_g001_p000057_empty,42.0,28.0,39.0,ellipsoid,9,98.91130314488159,12.396370736907109,14.365485038262726,9.4031085559399,3.099092684226777,3.5913712595656815,2.350777138984975,0.014788037165999413,0.000310421921312809,0.000310421921312809,False,False,,,0,False
v4_branch_28f29f7fcfa5c52e1d16,3,52,new_center,parent_to_0.25,0.0,0.25,g003_a54b0c34eb8933b5_0009,52,6.024877620802727e-06,g002_p000025_g001_p000057_empty,g003_p000052_g002_p000025_g001_p000057_empty,42.0,29.0,39.0,ellipsoid,9,32.687322680284545,6.881863664385312,12.680756986403356,12.501955523627112,1.720465916096328,3.170189246600839,3.125488880906778,0.014643598347902298,0.00016598310321569443,0.00016598310321569443,False,False,,,0,False
v4_branch_91643553121bd4f20018,3,53,new_center,parent_to_0.25,0.0,0.25,g003_a54b0c34eb8933b5_0009,53,6.024580670782598e-06,g002_p000025_g001_p000057_empty,g003_p000053_g002_p000025_g001_p000057_empty,39.0,34.0,19.0,ellipsoid,9,121.36877040925962,9.692195937818903,14.732057260633235,13.390976081074983,2.423048984454726,3.683014315158309,3.347744020268746,0.014595506712794304,0.00011789146810770035,0.00011789146810770035,False,False,,,0,False
v4_branch_7ef84c085e40fe503157,3,54,new_center,parent_to_0.25,0.0,0.25,g003_a54b0c34eb8933b5_0009,54,6.010429842717713e-06,g002_p000025_g001_p000057_empty,g003_p000054_g002_p000025_g001_p000057_empty,30.0,58.0,18.0,dike_hemisphere,9,145.3615781058174,15.001339404451185,8.893320950943547,11.311230462396097,3.7503348511127963,2.223330237735887,2.827807615599024,0.014629174023866653,0.0001515587791800499,0.0001515587791800499,False,False,,,0,False
v4_branch_07165761125a94299488,3,55,new_center,parent_to_0.25,0.0,0.25,g003_a54b0c34eb8933b5_0009,55,5.989137662254507e-06,g002_p000025_g001_p000057_empty,g003_p000055_g002_p000025_g001_p000057_empty,44.0,40.0,14.0,dike_hemisphere,9,171.24041082880103,10.164107362707853,12.202078335873402,13.676220073248455,2.541026840676963,3.0505195839683505,3.419055018312114,0.014585192315280437,0.00010757707059383392,0.00010757707059383392,False,False,,,0,False
v4_branch_96919b569fda7cdb957e,3,56,new_center,parent_to_0.25,0.0,0.25,g003_a54b0c34eb8933b5_0009,56,5.985899406368844e-06,g002_p000025_g001_p000057_empty,g003_p000056_g002_p000025_g001_p000057_empty,59.0,48.0,22.0,ellipsoid,9,123.02876010705644,7.7171447059272795,15.735972148851674,8.17281510445174,1.9292861764818199,3.9339930372129186,2.043203776112935,0.014715994708240032,0.00023837946355342865,0.00023837946355342865,False,False,,,0,False
v4_branch_3fde7c8b8f19093075fd,3,57,new_center,parent_to_0.25,0.0,0.25,g003_a54b0c34eb8933b5_0009,57,5.983698883937905e-06,g002_p000025_g001_p000057_empty,g003_p000057_g002_p000025_g001_p000057_empty,5.0,36.0,19.0,ellipsoid,9,37.52757259630863,10.999011822671786,8.464283928937714,12.670510755422033,2.7497529556679465,2.1160709822344286,3.167627688855508,0.014643598347902298,0.00016598310321569443,0.00016598310321569443,False,False,,,0,False
v4_branch_9220da9ef3a35532ce31,3,58,new_center,parent_to_0.25,0.0,0.25,g003_a54b0c34eb8933b5_0009,58,5.970588517811848e-06,g002_p000025_g001_p000057_empty,g003_p000058_g002_p000025_g001_p000057_empty,41.0,40.0,15.0,dike_hemisphere,9,155.20566470348234,7.048461168469777,9.78660754624582,11.320168037485509,1.7621152921174443,2.446651886561455,2.830042009371377,0.014570841565728188,9.322632104158401e-05,9.322632104158401e-05,False,False,,,0,False
v4_branch_d735161592e2e91867c7,3,59,new_center,parent_to_0.25,0.0,0.25,g003_a54b0c34eb8933b5_0009,59,5.956358563707909e-06,g002_p000025_g001_p000057_empty,g003_p000059_g002_p000025_g001_p000057_empty,53.0,29.0,22.0,ellipsoid,9,147.35905649491033,9.324844607829963,14.427782437270647,9.07294700940815,2.3312111519574907,3.6069456093176617,2.2682367523520375,0.014715994708240032,0.00023837946355342865,0.00023837946355342865,False,False,,,0,False
v4_branch_b8786db5d72d77ffc4bc,3,60,new_center,parent_to_0.25,0.0,0.25,g003_a54b0c34eb8933b5_0009,60,5.930791303399019e-06,g002_p000031_g001_p000057_empty,g003_p000060_g002_p000031_g001_p000057_empty,47.0,39.0,17.0,ellipsoid,9,103.42947837046147,7.654162768217491,12.45779093512817,6.098904455310579,1.9135406920543727,3.1144477337820424,1.5247261138276447,0.014587312005460262,0.00010969676077365875,0.00010969676077365875,False,False,,,0,False
v4_branch_4269bc06dd19a11848c8,3,61,new_center,parent_to_0.25,0.0,0.25,g003_a54b0c34eb8933b5_0009,61,5.922518539591692e-06,g002_p000031_g001_p000057_empty,g003_p000061_g002_p000031_g001_p000057_empty,37.0,34.0,37.0,dike_hemisphere,9,108.66359660479591,10.83761877818867,11.734823225857028,9.624371255410528,2.7094046945471675,2.933705806464257,2.406092813852632,0.014637988060712814,0.00016037281602621078,0.00016037281602621078,False,False,,,0,False
v4_branch_b4769542600bc53413d2,3,62,new_center,parent_to_0.25,0.0,0.25,g003_a54b0c34eb8933b5_0009,62,5.918545866734348e-06,g002_p000031_g001_p000057_empty,g003_p000062_g002_p000031_g001_p000057_empty,40.0,32.0,36.0,dike_hemisphere,9,77.74364080064683,13.59766595466978,11.80133249164165,8.009510591630104,3.399416488667445,2.9503331229104126,2.002377647907526,0.01473020389676094,0.000252588652074337,0.000252588652074337,False,False,,,0,False
v4_branch_9f5784806732375e8322,3,63,new_center,parent_to_0.25,0.0,0.25,g003_a54b0c34eb8933b5_0009,63,5.898290510231163e-06,g002_p000031_g001_p000057_empty,g003_p000063_g002_p000031_g001_p000057_empty,59.0,47.0,22.0,ellipsoid,9,44.43496352542284,7.988957770159078,8.91766393221366,11.809194051098288,1.9972394425397695,2.229415983053415,2.952298512774572,0.014643598347902298,0.00016598310321569443,0.00016598310321569443,False,False,,,0,False
v4_branch_6a6268040d5abb6d9bf3,3,64,new_center,parent_to_0.25,0.0,0.25,g003_a54b0c34eb8933b5_0009,64,5.891203727514949e-06,g002_p000031_g001_p000057_empty,g003_p000064_g002_p000031_g001_p000057_empty,9.0,48.0,20.0,ellipsoid,9,132.87852535287746,8.251741470178672,11.439035608658426,12.686547060992861,2.062935367544668,2.8597589021646064,3.1716367652482154,0.014715993776917458,0.00023837853223085403,0.00023837853223085403,False,False,,,0,False
v4_branch_3488b1829806a72ddd9f,3,65,new_center,parent_to_0.25,0.0,0.25,g003_a54b0c34eb8933b5_0009,65,5.889555723115336e-06,g002_p000031_g001_p000057_empty,g003_p000065_g002_p000031_g001_p000057_empty,47.0,40.0,17.0,dike_hemisphere,9,80.20861261044708,6.654134387485465,9.223500351005313,6.229674907230878,1.6635335968713663,2.3058750877513283,1.5574187268077195,0.014514273032546043,3.665778785943985e-05,3.665778785943985e-05,False,False,,,0,False
v4_branch_14cfd2552e0af36005d9,3,66,new_center,parent_to_0.25,0.0,0.25,g003_a54b0c34eb8933b5_0009,66,5.884995516680647e-06,g002_p000031_g001_p000057_empty,g003_p000066_g002_p000031_g001_p000057_empty,36.0,35.0,35.0,ellipsoid,9,30.11489321247137,10.809864337752922,14.519719283105637,8.80257725558208,2.7024660844382304,3.6299298207764092,2.20064431389552,0.014715993776917458,0.00023837853223085403,0.00023837853223085403,False,False,,,0,False
v4_branch_33c33ff74213d97ee40c,3,67,new_center,parent_to_0.25,0.0,0.25,g003_a54b0c34eb8933b5_0009,67,5.884995061933296e-06,g002_p000031_g001_p000057_empty,g003_p000067_g002_p000031_g001_p000057_empty,36.0,36.0,35.0,ellipsoid,9,133.51147719248792,14.097702219847902,7.355392284532414,13.717415549294667,3.5244255549619754,1.8388480711331034,3.429353887323667,0.014683323912322521,0.00020570866763591766,0.00020570866763591766,False,False,,,0,False
v4_branch_bf11ccbc8d29a9642978,3,68,new_center,parent_to_0.25,0.0,0.25,g003_a54b0c34eb8933b5_0009,68,5.880565822735662e-06,g002_p000031_g001_p000057_empty,g003_p000068_g002_p000031_g001_p000057_empty,39.0,30.0,16.0,dike_hemisphere,9,45.329407988206796,8.186967656809758,7.1424075347119045,7.195748838477919,2.0467419142024394,1.7856018836779761,1.7989372096194798,0.014514273032546043,3.665778785943985e-05,3.665778785943985e-05,False,False,,,0,False
v4_branch_8dd6dc8bcb48f2dd023a,3,69,new_center,parent_to_0.25,0.0,0.25,g003_a54b0c34eb8933b5_0009,69,5.863353180757258e-06,g002_p000031_g001_p000057_empty,g003_p000069_g002_p000031_g001_p000057_empty,59.0,20.0,39.0,dike_hemisphere,9,77.22871561334092,9.258353079573428,14.916582239103333,11.94801938166244,2.314588269893357,3.729145559775833,2.98700484541561,0.014657877385616302,0.00018026214092969894,0.00018026214092969894,False,False,,,0,False
v4_branch_07ed931dfb45d468230a,3,70,new_center,parent_to_0.25,0.0,0.25,g003_a54b0c34eb8933b5_0009,70,5.839999175805133e-06,g002_p000031_g001_p000057_empty,g003_p000070_g002_p000031_g001_p000057_empty,53.0,41.0,22.0,dike_hemisphere,9,34.31728946295846,12.323117162123161,6.6714185687432686,6.129810635691922,3.0807792905307902,1.6678546421858171,1.5324526589229805,0.014587312005460262,0.00010969676077365875,0.00010969676077365875,False,False,,,0,False
v4_branch_515253ff618141fe34ce,3,71,new_center,parent_to_0.25,0.0,0.25,g003_a54b0c34eb8933b5_0009,71,5.8368600548419636e-06,g002_p000031_g001_p000057_empty,g003_p000071_g002_p000031_g001_p000057_empty,35.0,35.0,35.0,dike_hemisphere,9,91.10645737024872,6.798745842628396,9.754826092255971,8.983229742200262,1.699686460657099,2.438706523063993,2.2458074355500655,0.014541521668434143,6.390642374753952e-05,6.390642374753952e-05,False,False,,,0,False
v4_branch_2b83846560fa0ea3101c,3,72,new_center,parent_to_0.25,0.0,0.25,g003_a54b0c34eb8933b5_0009,72,5.833514933328843e-06,g002_p000037_g001_p000039_empty,g003_p000072_g002_p000037_g001_p000039_empty,35.0,34.0,35.0,ellipsoid,9,137.83212108893133,11.74653484715284,13.980773319520955,10.286472213243865,2.93663371178821,3.4951933298802387,2.5716180533109663,0.01475595310330391,0.00027833785861730576,0.00027833785861730576,False,False,,,0,False
v4_branch_755b922fa0783a0ad531,3,73,new_center,parent_to_0.25,0.0,0.25,g003_a54b0c34eb8933b5_0009,73,5.8307487051934e-06,g002_p000037_g001_p000039_empty,g003_p000073_g002_p000037_g001_p000039_empty,55.0,47.0,21.0,dike_hemisphere,9,125.47506603712702,7.009495741437191,8.348319549782072,12.32036837536295,1.7523739353592978,2.087079887445518,3.0800920938407375,0.014497720636427402,2.010539174079895e-05,2.010539174079895e-05,False,False,,,0,False
v4_branch_26c584f433a90ba5c769,3,74,new_center,parent_to_0.25,0.0,0.25,g003_a54b0c34eb8933b5_0009,74,5.830170266563073e-06,g002_p000037_g001_p000039_empty,g003_p000074_g002_p000037_g001_p000039_empty,8.0,40.0,19.0,ellipsoid,9,109.9224213071806,12.196309118437572,12.347883751709098,12.251950001688877,3.049077279609393,3.0869709379272745,3.0629875004222193,0.014722943305969238,0.00024532806128263474,0.00024532806128263474,False,False,,,0,False
v4_branch_e272f283adc8409cc0e9,3,75,new_center,parent_to_0.25,0.0,0.25,g003_a54b0c34eb8933b5_0009,75,5.749458068748936e-06,g002_p000037_g001_p000039_empty,g003_p000075_g002_p000037_g001_p000039_empty,53.0,42.0,21.0,ellipsoid,9,151.69195567085433,9.9850240667269,13.56970268140084,7.360876286342596,2.496256016681725,3.39242567035021,1.840219071585649,0.014732303097844124,0.0002546878531575203,0.0002546878531575203,False,False,,,0,False
v4_branch_654ed98a50d296b3a541,3,76,new_center,parent_to_0.25,0.0,0.25,g003_a54b0c34eb8933b5_0009,76,5.746374881709926e-06,g002_p000037_g001_p000039_empty,g003_p000076_g002_p000037_g001_p000039_empty,9.0,31.0,19.0,dike_hemisphere,9,22.552798180775817,12.013589307202114,10.035145085597751,10.894361334215937,3.0033973268005285,2.5087862713994378,2.723590333553984,0.014657877385616302,0.00018026214092969894,0.00018026214092969894,False,False,,,0,False
v4_branch_2b0164f149c8f353c64c,3,77,new_center,parent_to_0.25,0.0,0.25,g003_a54b0c34eb8933b5_0009,77,5.743107521993807e-06,g002_p000037_g001_p000039_empty,g003_p000077_g002_p000037_g001_p000039_empty,40.0,33.0,36.0,dike_hemisphere,9,46.491391097703755,15.110188503549159,8.667638980332388,8.801548238541338,3.7775471258872897,2.166909745083097,2.2003870596353345,0.014628731645643711,0.00015111640095710754,0.00015111640095710754,False,False,,,0,False
v4_branch_ecabad0604407868607d,3,78,new_center,parent_to_0.25,0.0,0.25,g003_a54b0c34eb8933b5_0009,78,5.7374882089789025e-06,g002_p000037_g001_p000039_empty,g003_p000078_g002_p000037_g001_p000039_empty,59.0,44.0,22.0,ellipsoid,9,12.650494219321967,6.06865928293437,15.663197904794568,6.887571687731128,1.5171648207335926,3.915799476198642,1.721892921932782,0.014587312005460262,0.00010969676077365875,0.00010969676077365875,False,False,,,0,False
v4_branch_63f2289fb7f424fe3724,3,79,new_center,parent_to_0.25,0.0,0.25,g003_a54b0c34eb8933b5_0009,79,5.734471415053122e-06,g002_p000037_g001_p000039_empty,g003_p000079_g002_p000037_g001_p000039_empty,11.0,58.0,21.0,ellipsoid,9,133.72348415554495,15.502789980246614,12.077750055479198,12.308815127443534,3.8756974950616536,3.0194375138697995,3.0772037818608835,0.014697695150971413,0.0002200799062848091,0.0002200799062848091,False,False,,,0,False
v4_branch_9dd091cc2d9abbca3784,3,80,new_center,parent_to_0.25,0.0,0.25,g003_a54b0c34eb8933b5_0009,80,5.72419548916514e-06,g002_p000037_g001_p000039_empty,g003_p000080_g002_p000037_g001_p000039_empty,58.0,46.0,22.0,ellipsoid,9,7.611326315030718,14.730375999226819,9.253725591148747,11.442624318299519,3.6825939998067048,2.3134313977871868,2.8606560795748797,0.014683323912322521,0.00020570866763591766,0.00020570866763591766,False,False,,,0,False
v4_branch_daf9cdad0acb0f2e23f0,3,81,new_center,parent_to_0.25,0.0,0.25,g003_a54b0c34eb8933b5_0009,81,5.712569418392377e-06,g002_p000037_g001_p000039_empty,g003_p000081_g002_p000037_g001_p000039_empty,40.0,38.0,37.0,dike_hemisphere,9,98.27373970634603,11.88056611450526,10.47785787048474,7.310967757143558,2.970141528626315,2.619464467621185,1.8277419392858896,0.014660036191344261,0.00018242094665765762,0.00018242094665765762,False,False,,,0,False
v4_branch_0e89263d75a6a8e8037d,3,82,new_center,parent_to_0.25,0.0,0.25,g003_a54b0c34eb8933b5_0009,82,5.7121105783153325e-06,g002_p000037_g001_p000039_empty,g003_p000082_g002_p000037_g001_p000039_empty,37.0,39.0,38.0,dike_hemisphere,9,31.464759613372756,7.115925829131808,15.019858615519686,7.572643315831087,1.778981457282952,3.7549646538799215,1.8931608289577717,0.014659986831247807,0.000182371586561203,0.000182371586561203,False,False,,,0,False
v4_branch_1eb594042fdacf27d0e6,3,83,new_center,parent_to_0.25,0.0,0.25,g003_a54b0c34eb8933b5_0009,83,5.697865617548814e-06,g002_p000037_g001_p000039_empty,g003_p000083_g002_p000037_g001_p000039_empty,31.0,6.0,21.0,dike_hemisphere,9,87.47676148519683,14.492906579817882,8.249611356159969,8.4103450988687,3.6232266449544706,2.062402839039992,2.102586274717175,0.014614424668252468,0.00013680942356586456,0.00013680942356586456,False,False,,,0,False
v4_branch_2d3b9daee91109e8a2ad,3,84,new_center,parent_to_0.25,0.0,0.25,g003_a54b0c34eb8933b5_0009,84,5.661255727318348e-06,g002_p000043_g001_p000039_empty,g003_p000084_g002_p000043_g001_p000039_empty,55.0,47.0,22.0,dike_hemisphere,9,81.12412610898124,12.272761603493226,13.229194845990868,11.49709762094259,3.0681904008733065,3.307298711497717,2.8742744052356475,0.014735658653080463,0.00025804340839385986,0.00025804340839385986,False,False,,,0,False
v4_branch_9ce7990287c6ac60ab22,3,85,new_center,parent_to_0.25,0.0,0.25,g003_a54b0c34eb8933b5_0009,85,5.657610017806292e-06,g002_p000043_g001_p000039_empty,g003_p000085_g002_p000043_g001_p000039_empty,25.0,57.0,39.0,ellipsoid,9,176.27538009434429,10.902808642143665,8.759858391987244,11.45488439619658,2.725702160535916,2.189964597996811,2.863721099049145,0.014643598347902298,0.00016598310321569443,0.00016598310321569443,False,False,,,0,False
v4_branch_478119f56d7c3620d09b,3,86,new_center,parent_to_0.25,0.0,0.25,g003_a54b0c34eb8933b5_0009,86,5.657300789607689e-06,g002_p000043_g001_p000039_empty,g003_p000086_g002_p000043_g001_p000039_empty,11.0,25.0,20.0,ellipsoid,9,144.16891196548016,13.636472506587122,14.498307372673716,12.488435939647843,3.4091181266467805,3.624576843168429,3.1221089849119608,0.014722943305969238,0.00024532806128263474,0.00024532806128263474,False,False,,,0,False
v4_branch_1ce261b4285dc8ed994e,3,87,new_center,parent_to_0.25,0.0,0.25,g003_a54b0c34eb8933b5_0009,87,5.650097136822296e-06,g002_p000043_g001_p000039_empty,g003_p000087_g002_p000043_g001_p000039_empty,7.0,7.0,35.0,ellipsoid,9,21.814827894502137,7.564513716159794,14.083951812054835,6.027305100523078,1.8911284290399486,3.5209879530137087,1.5068262751307695,0.014659986831247807,0.000182371586561203,0.000182371586561203,False,False,,,0,False
v4_branch_24801a06cd0dffa70216,3,88,new_center,parent_to_0.25,0.0,0.25,g003_a54b0c34eb8933b5_0009,88,5.641097232000902e-06,g002_p000043_g001_p000039_empty,g003_p000088_g002_p000043_g001_p000039_empty,39.0,31.0,35.0,dike_hemisphere,9,120.27938322583441,13.314439937857967,12.60107531488731,10.563454904044168,3.328609984464492,3.1502688287218277,2.640863726011042,0.014701209031045437,0.0002235937863588333,0.0002235937863588333,False,False,,,0,False
v4_branch_7f114e5c79d65de569d4,3,89,new_center,parent_to_0.25,0.0,0.25,g003_a54b0c34eb8933b5_0009,89,5.637642971123569e-06,g002_p000043_g001_p000039_empty,g003_p000089_g002_p000043_g001_p000039_empty,8.0,29.0,19.0,ellipsoid,9,109.27696132276438,6.806922285170524,8.502104470992581,7.585071190329462,1.701730571292631,2.1255261177481453,1.8962677975823654,0.014587312005460262,0.00010969676077365875,0.00010969676077365875,False,False,,,0,False
v4_branch_584d70a76f0536f525e1,3,90,new_center,parent_to_0.25,0.0,0.25,g003_a54b0c34eb8933b5_0009,90,5.632586180581711e-06,g002_p000043_g001_p000039_empty,g003_p000090_g002_p000043_g001_p000039_empty,38.0,34.0,36.0,dike_hemisphere,9,152.35301257238265,13.348594227247403,7.33814408412843,12.55122895572368,3.337148556811851,1.8345360210321076,3.13780723893092,0.014620752073824406,0.00014313682913780212,0.00014313682913780212,False,False,,,0,False
v4_branch_14bcb8e91db7048d7097,3,91,new_center,parent_to_0.25,0.0,0.25,g003_a54b0c34eb8933b5_0009,91,5.616575435851701e-06,g002_p000043_g001_p000039_empty,g003_p000091_g002_p000043_g001_p000039_empty,45.0,44.0,17.0,dike_hemisphere,9,38.666573951801716,9.46270039779941,14.535472079340636,10.330331472863975,2.3656750994498523,3.633868019835159,2.5825828682159937,0.014628732576966286,0.00015111733227968216,0.00015111733227968216,False,False,,,0,False
v4_branch_2180102103b3dcfd8de0,3,92,new_center,parent_to_0.25,0.0,0.25,g003_a54b0c34eb8933b5_0009,92,5.606680133496411e-06,g002_p000043_g001_p000039_empty,g003_p000092_g002_p000043_g001_p000039_empty,38.0,28.0,16.0,dike_hemisphere,9,10.4758892583449,13.780760986422532,15.418484370888129,10.616050490884458,3.445190246605633,3.854621092722032,2.6540126227211145,0.014672143384814262,0.00019452814012765884,0.00019452814012765884,False,False,,,0,False
v4_branch_895d44c3edc70eb56469,3,93,new_center,parent_to_0.25,0.0,0.25,g003_a54b0c34eb8933b5_0009,93,5.568593678617617e-06,g002_p000043_g001_p000039_empty,g003_p000093_g002_p000043_g001_p000039_empty,38.0,43.0,15.0,ellipsoid,9,73.53338894987027,10.041278762977152,6.442870018322683,9.976463340354535,2.510319690744288,1.6107175045806708,2.4941158350886337,0.014570841565728188,9.322632104158401e-05,9.322632104158401e-05,False,False,,,0,False
v4_branch_9ba2b54bad8115424f74,3,94,new_center,parent_to_0.25,0.0,0.25,g003_a54b0c34eb8933b5_0009,94,5.568147116719047e-06,g002_p000043_g001_p000039_empty,g003_p000094_g002_p000043_g001_p000039_empty,39.0,29.0,16.0,dike_hemisphere,9,25.692928851356598,15.871813657165143,15.595359306731016,9.659251890602555,3.967953414291286,3.898839826682754,2.4148129726506387,0.014672143384814262,0.00019452814012765884,0.00019452814012765884,False,False,,,0,False
v4_branch_d29cf5595adcb5154aa7,3,95,new_center,parent_to_0.25,0.0,0.25,g003_a54b0c34eb8933b5_0009,95,5.547361979552079e-06,g002_p000043_g001_p000039_empty,g003_p000095_g002_p000043_g001_p000039_empty,17.0,21.0,23.0,dike_hemisphere,9,67.90294446784425,10.964324599565899,13.92208605023033,12.764994327705422,2.7410811498914747,3.4805215125575826,3.1912485819263554,0.014628732576966286,0.00015111733227968216,0.00015111733227968216,False,False,,,0,False
v4_branch_3d7a836511dc56849c5e,4,0,new_center,parent_to_0.25,0.0,0.25,g004_703843422882c6b8_0010,0,8.985492968349718e-06,g003_p000022_g002_p000007_g001_p000005_empty,g004_p000000_g003_p000022_g002_p000007_g001_p000005_empty,37.0,30.0,17.0,ellipsoid,9,103.74344449389504,7.966080062638619,9.196470107179751,11.708848264251326,1.9915200156596546,2.2991175267949377,2.9272120660628316,0.014663474634289742,0.00016575586050748825,0.00018585938960313797,False,False,,,0,False
v4_branch_7a5995140b5790bba7ab,4,6,new_center,parent_to_0.25,0.0,0.25,g004_703843422882c6b8_0010,1,8.79508752404945e-06,g003_p000022_g002_p000007_g001_p000005_empty,g004_p000006_g003_p000022_g002_p000007_g001_p000005_empty,43.0,56.0,39.0,ellipsoid,9,110.42232549635321,12.584918011961435,7.0760366970348105,6.283027518016513,3.1462295029903586,1.7690091742587026,1.5707568795041282,0.014607265591621399,0.00010954681783914566,0.00012965034693479538,False,False,,,0,False
v4_branch_0fd941ca051f503e42fb,4,12,new_center,parent_to_0.25,0.0,0.25,g004_aa8523aeb2ae5e75_0011,0,8.985492968349718e-06,g003_p000032_g002_p000013_g001_p000029_empty,g004_p000012_g003_p000032_g002_p000013_g001_p000029_empty,37.0,30.0,17.0,dike_hemisphere,9,120.86899045545735,11.831128246902681,15.636817673262723,7.549878471188831,2.9577820617256703,3.9092044183156807,1.8874696177972077,0.014752060174942017,0.00025434140115976334,0.00027444493025541306,False,False,,,0,False
v4_branch_12aa2117e765f9fbce5c,4,18,new_center,parent_to_0.25,0.0,0.25,g004_aa8523aeb2ae5e75_0011,1,8.79508752404945e-06,g003_p000032_g002_p000013_g001_p000029_empty,g004_p000018_g003_p000032_g002_p000013_g001_p000029_empty,43.0,56.0,39.0,dike_hemisphere,9,31.99632159586576,11.326632704025398,8.725306879786181,6.37805402392313,2.8316581760063495,2.1813267199465454,1.5945135059807825,0.014679841697216034,0.00018212292343378067,0.0002022264525294304,False,False,,,0,False
v4_branch_f4d29f8dad9bd685816b,4,24,new_center,parent_to_0.25,0.0,0.25,g004_9912c3b888024f3d_0012,0,8.985492968349718e-06,g003_p000033_g002_p000013_g001_p000029_empty,g004_p000024_g003_p000033_g002_p000013_g001_p000029_empty,37.0,30.0,17.0,dike_hemisphere,9,76.45439912913875,6.771601732316819,12.000925667559475,12.75100651774735,1.6929004330792048,3.0002314168898687,3.1877516294368373,0.014561536721885204,6.381794810295105e-05,8.392147719860077e-05,False,False,,,0,False
v4_branch_9158ac6a788d3563f188,4,30,new_center,parent_to_0.25,0.0,0.25,g004_9912c3b888024f3d_0012,1,8.79508752404945e-06,g003_p000033_g002_p000013_g001_p000029_empty,g004_p000030_g003_p000033_g002_p000013_g001_p000029_empty,43.0,56.0,39.0,ellipsoid,9,71.13058422317232,11.170644216680863,11.024740261032385,8.224439374870027,2.7926610541702157,2.756185065258096,2.0561098437175067,0.014663474634289742,0.00016575586050748825,0.00018585938960313797,False,False,,,0,False
v4_branch_7582ab33cbb9eb6ac86b,4,36,new_center,parent_to_0.25,0.0,0.25,g004_635076b3d521dc4d_0013,0,8.985492968349718e-06,g003_p000050_g002_p000025_g001_p000057_empty,g004_p000036_g003_p000050_g002_p000025_g001_p000057_empty,37.0,30.0,17.0,ellipsoid,9,107.94341710808025,9.717405382445492,15.07392182650139,9.396483842287424,2.429351345611373,3.7684804566253476,2.349120960571856,0.014735773205757141,0.00023805443197488785,0.00025815796107053757,False,False,,,0,False
v4_branch_a5757ebd6c9f83479ac6,4,42,new_center,parent_to_0.25,0.0,0.25,g004_635076b3d521dc4d_0013,1,8.79508752404945e-06,g003_p000050_g002_p000025_g001_p000057_empty,g004_p000042_g003_p000050_g002_p000025_g001_p000057_empty,43.0,56.0,39.0,dike_hemisphere,9,76.59770858763584,7.769947968536596,14.455667198546408,13.017835659568867,1.942486992134149,3.613916799636602,3.2544589148922167,0.01455786544829607,6.0146674513816833e-05,8.025020360946655e-05,False,False,,,0,False
v4_branch_3727c2b75964952e7d03,4,48,new_center,parent_to_0.25,0.0,0.25,g004_662bcbf05e7ea8c6_0014,0,9.119294190895744e-06,g003_p000073_g002_p000037_g001_p000039_empty,g004_p000048_g003_p000073_g002_p000037_g001_p000039_empty,51.0,45.0,19.0,dike_hemisphere,9,176.2628084925211,7.518619327241719,14.792342111766018,12.094665347020548,1.8796548318104298,3.6980855279415046,3.023666336755137,0.01455786544829607,6.01448118686676e-05,8.025020360946655e-05,False,False,,,0,False
v4_branch_6af10f5ddc90a52cdf16,4,54,new_center,parent_to_0.25,0.0,0.25,g004_662bcbf05e7ea8c6_0014,1,8.985492968349718e-06,g003_p000073_g002_p000037_g001_p000039_empty,g004_p000054_g003_p000073_g002_p000037_g001_p000039_empty,37.0,30.0,17.0,dike_hemisphere,9,47.27557705561976,14.485100440424757,9.21916747037504,10.021297229679355,3.6212751101061893,2.30479186759376,2.505324307419839,0.01464862935245037,0.0001509087160229683,0.00017101410776376724,False,False,,,0,False
v4_branch_0aac726ede4b0205f305,4,60,new_center,parent_to_0.25,0.0,0.25,g004_c8483c947417fb02_0015,0,8.985492968349718e-06,g003_p000043_g002_p000019_g001_p000029_empty,g004_p000060_g003_p000043_g002_p000019_g001_p000029_empty,37.0,30.0,17.0,dike_hemisphere,9,170.97895227674817,15.08697530981322,14.405133997885045,12.57420177795911,3.771743827453305,3.6012834994712613,3.1435504444897777,0.014701045118272305,0.00018677208572626114,0.000223429873585701,False,False,,,0,False
v4_branch_c7606e61b3d5f845abb0,4,66,new_center,parent_to_0.25,0.0,0.25,g004_c8483c947417fb02_0015,1,8.834981599648017e-06,g003_p000043_g002_p000019_g001_p000029_empty,g004_p000066_g003_p000043_g002_p000019_g001_p000029_empty,6.0,32.0,21.0,ellipsoid,9,13.32832875072131,14.23460145309373,15.923966732181142,10.150878624427824,3.5586503632734323,3.9809916830452856,2.537719656106956,0.01475899200886488,0.0002447189763188362,0.00028137676417827606,False,False,,,0,False
v4_branch_2ad9190ae735c5b6f705,4,72,new_center,parent_to_0.25,0.0,0.25,g004_642d0a87026cdce2_0016,0,9.750264325703029e-06,g003_p000065_g002_p000031_g001_p000057_empty,g004_p000072_g003_p000065_g002_p000031_g001_p000057_empty,45.0,41.0,14.0,dike_hemisphere,9,36.07043391068633,15.846929013324635,10.504872034018916,6.043377246247626,3.9617322533311587,2.626218008504729,1.5108443115619066,0.014768327586352825,0.00025405455380678177,0.0002907123416662216,False,False,,,0,False
v4_branch_5bc04852b8020335ecdf,4,78,new_center,parent_to_0.25,0.0,0.25,g004_642d0a87026cdce2_0016,1,9.576335287420079e-06,g003_p000065_g002_p000031_g001_p000057_empty,g004_p000078_g003_p000065_g002_p000031_g001_p000057_empty,44.0,38.0,17.0,dike_hemisphere,9,129.48376613600368,8.468263113131618,10.787877881171786,12.614081235794394,2.1170657782829045,2.6969694702929465,3.1535203089485986,0.01465073972940445,0.00013646669685840607,0.00017312448471784592,False,False,,,0,False
v4_branch_286618d8e1324b3a0dc8,4,84,new_center,parent_to_0.25,0.0,0.25,g004_911f3bfb887144cf_0017,0,1.0992382158292457e-05,g003_p000068_g002_p000031_g001_p000057_empty,g004_p000084_g003_p000068_g002_p000031_g001_p000057_empty,37.0,30.0,17.0,dike_hemisphere,9,159.40321636649293,14.2813175098136,9.645889359718376,7.927157993534397,3.5703293774534,2.411472339929594,1.9817894983835993,0.014696190133690834,0.00018191710114479065,0.0002185748890042305,False,False,,,0,False
v4_branch_17b050ac4d4cd6f9ec18,4,90,new_center,parent_to_0.25,0.0,0.25,g004_911f3bfb887144cf_0017,1,8.89974762685597e-06,g003_p000068_g002_p000031_g001_p000057_empty,g004_p000090_g003_p000068_g002_p000031_g001_p000057_empty,36.0,31.0,19.0,dike_hemisphere,9,148.90538685162082,13.04400569673074,11.724252024717565,12.450910561240935,3.261001424182685,2.931063006179391,3.1127276403102337,0.014763575047254562,0.000249302014708519,0.00028595980256795883,False,False,,,0,False
v4_branch_e48ce64d8a8bfd1acfe4,5,0,new_center,parent_to_0.25,0.0,0.25,g005_171732c0a4b51b10_0018,0,8.985492968349718e-06,g004_p000001_g003_p000022_g002_p000007_g001_p000005_empty,g005_p000000_g004_p000001_g003_p000022_g002_p000007_g001_p000005_empty,37.0,30.0,17.0,ellipsoid,9,25.448570815977273,6.481795421223125,14.377349691084486,11.717796901082364,1.6204488553057812,3.5943374227711216,2.929449225270591,0.014610766433179379,0.00013315118849277496,0.00013315118849277496,False,False,,,0,False
v4_branch_85ae15d1172ca6787742,5,1,new_center,parent_to_0.25,0.0,0.25,g005_171732c0a4b51b10_0018,1,8.79508752404945e-06,g004_p000001_g003_p000022_g002_p000007_g001_p000005_empty,g005_p000001_g004_p000001_g003_p000022_g002_p000007_g001_p000005_empty,43.0,56.0,39.0,dike_hemisphere,9,21.50196505352886,6.27309841646762,6.476859515139663,9.601714232264618,1.568274604116905,1.6192148787849157,2.4004285580661544,0.014497718773782253,2.010352909564972e-05,2.010352909564972e-05,False,False,,,0,False
v4_branch_88bb53d202e38c596856,5,2,new_center,parent_to_0.25,0.0,0.25,g005_171732c0a4b51b10_0018,2,8.667049769428559e-06,g004_p000001_g003_p000022_g002_p000007_g001_p000005_empty,g005_p000002_g004_p000001_g003_p000022_g002_p000007_g001_p000005_empty,34.0,43.0,22.0,dike_hemisphere,9,62.735193151512924,7.7127185674451315,9.486097290706287,9.305008814053227,1.9281796418612829,2.3715243226765716,2.326252203513307,0.014570841565728188,9.322632104158401e-05,9.322632104158401e-05,False,False,,,0,False
v4_branch_e533bf5d5b1cd2355fb3,5,3,new_center,parent_to_0.25,0.0,0.25,g005_171732c0a4b51b10_0018,3,8.366426300199237e-06,g004_p000001_g003_p000022_g002_p000007_g001_p000005_empty,g005_p000003_g004_p000001_g003_p000022_g002_p000007_g001_p000005_empty,51.0,45.0,19.0,ellipsoid,9,113.51543901621471,7.5383717845582465,9.555710141312103,9.879366701789085,1.8845929461395616,2.3889275353280257,2.469841675447271,0.014570841565728188,9.322632104158401e-05,9.322632104158401e-05,False,False,,,0,False
v4_branch_105b4c9d18cb1f931549,5,4,new_center,parent_to_0.25,0.0,0.25,g005_171732c0a4b51b10_0018,4,8.018434527912177e-06,g004_p000001_g003_p000022_g002_p000007_g001_p000005_empty,g005_p000004_g004_p000001_g003_p000022_g002_p000007_g001_p000005_empty,59.0,5.0,19.0,dike_hemisphere,9,53.56844086841605,12.080602131465835,14.588413317466918,11.21971863530566,3.0201505328664586,3.6471033293667294,2.804929658826415,0.01470818929374218,0.00023057404905557632,0.00023057404905557632,False,False,,,0,False
v4_branch_a13979a79aa734f5f3cb,5,5,new_center,parent_to_0.25,0.0,0.25,g005_171732c0a4b51b10_0018,5,8.018432708922774e-06,g004_p000001_g003_p000022_g002_p000007_g001_p000005_empty,g005_p000005_g004_p000001_g003_p000022_g002_p000007_g001_p000005_empty,59.0,4.0,19.0,dike_hemisphere,9,21.485921950380085,10.304034318080037,7.250730420476611,13.910416628509015,2.576008579520009,1.8126826051191527,3.477604157127254,0.014529875479638577,5.226023495197296e-05,5.226023495197296e-05,False,False,,,0,False
v4_branch_b4e1e9f90d5a2be0e962,5,6,new_center,parent_to_0.25,0.0,0.25,g005_171732c0a4b51b10_0018,6,7.5660245784092695e-06,g004_p000001_g003_p000022_g002_p000007_g001_p000005_empty,g005_p000006_g004_p000001_g003_p000022_g002_p000007_g001_p000005_empty,38.0,32.0,35.0,ellipsoid,9,59.76939269931756,9.299275923311086,15.658884377687064,7.171327061834688,2.3248189808277715,3.914721094421766,1.792831765458672,0.014732303097844124,0.0002546878531575203,0.0002546878531575203,False,False,,,0,False
v4_branch_30f748cb499da1edf866,5,7,new_center,parent_to_0.25,0.0,0.25,g005_171732c0a4b51b10_0018,7,7.554219337180257e-06,g004_p000001_g003_p000022_g002_p000007_g001_p000005_empty,g005_p000007_g004_p000001_g003_p000022_g002_p000007_g001_p000005_empty,36.0,31.0,19.0,ellipsoid,9,115.4684065347377,13.346131469688721,8.585244203579908,7.972776700409611,3.3365328674221804,2.146311050894977,1.9931941751024027,0.014732303097844124,0.0002546878531575203,0.0002546878531575203,False,False,,,0,False
v4_branch_1b0da48878bdb25c1610,5,8,new_center,parent_to_0.25,0.0,0.25,g005_171732c0a4b51b10_0018,8,7.390586688416079e-06,g004_p000001_g003_p000022_g002_p000007_g001_p000005_empty,g005_p000008_g004_p000001_g003_p000022_g002_p000007_g001_p000005_empty,39.0,32.0,35.0,dike_hemisphere,9,54.48081089911763,8.909812970138852,11.129069723467456,7.664116047656637,2.227453242534713,2.782267430866864,1.9160290119141592,0.014659986831247807,0.000182371586561203,0.000182371586561203,False,False,,,0,False
v4_branch_04076b77289d6f69c684,5,9,new_center,parent_to_0.25,0.0,0.25,g005_171732c0a4b51b10_0018,9,7.215148798422888e-06,g004_p000001_g003_p000022_g002_p000007_g001_p000005_empty,g005_p000009_g004_p000001_g003_p000022_g002_p000007_g001_p000005_empty,38.0,33.0,35.0,ellipsoid,9,28.976181897697803,13.419238331475972,14.240493497073254,8.936290115056492,3.354809582868993,3.5601233742683136,2.234072528764123,0.014788462780416012,0.00031084753572940826,0.00031084753572940826,False,False,,,0,False
v4_branch_92dea0b8d55329fc94d9,5,10,new_center,parent_to_0.25,0.0,0.25,g005_171732c0a4b51b10_0018,10,7.215148798422888e-06,g004_p000001_g003_p000022_g002_p000007_g001_p000005_empty,g005_p000010_g004_p000001_g003_p000022_g002_p000007_g001_p000005_empty,39.0,33.0,35.0,ellipsoid,9,146.0297614175335,15.314384862454933,12.4128978582181,8.180466198883515,3.828596215613733,3.103224464554525,2.0451165497208788,0.014788462780416012,0.00031084753572940826,0.00031084753572940826,False,False,,,0,False
v4_branch_f7983c63b4de9b45456a,5,11,new_center,parent_to_0.25,0.0,0.25,g005_171732c0a4b51b10_0018,11,7.183050001913216e-06,g004_p000001_g003_p000022_g002_p000007_g001_p000005_empty,g005_p000011_g004_p000001_g003_p000022_g002_p000007_g001_p000005_empty,45.0,38.0,17.0,ellipsoid,9,144.0247565084778,12.495886700188635,7.470082805486113,9.773757567639421,3.1239716750471587,1.8675207013715283,2.4434393919098554,0.014704140834510326,0.00022652558982372284,0.00022652558982372284,False,False,,,0,False
v4_branch_d4104b74d772394a32c6,5,12,new_center,parent_to_0.25,0.0,0.25,g005_171732c0a4b51b10_0018,12,7.090032795531442e-06,g004_p000007_g003_p000022_g002_p000007_g001_p000005_empty,g005_p000012_g004_p000007_g003_p000022_g002_p000007_g001_p000005_empty,6.0,32.0,21.0,ellipsoid,9,158.58006828021223,12.58358923893123,8.662799451116584,10.835410803963137,3.1458973097328076,2.165699862779146,2.7088527009907843,0.014715993776917458,0.00023837853223085403,0.00023837853223085403,False,False,,,0,False
v4_branch_c3d7c54bc6cce7c6b4d3,5,13,new_center,parent_to_0.25,0.0,0.25,g005_171732c0a4b51b10_0018,13,7.045578058750834e-06,g004_p000007_g003_p000022_g002_p000007_g001_p000005_empty,g005_p000013_g004_p000007_g003_p000022_g002_p000007_g001_p000005_empty,44.0,38.0,17.0,ellipsoid,9,19.692146408338424,6.61328869491592,10.804304367268433,6.321345107610145,1.65332217372898,2.701076091817108,1.5803362769025362,0.014587312005460262,0.00010969676077365875,0.00010969676077365875,False,False,,,0,False
v4_branch_4e9840394b262eb6e006,5,14,new_center,parent_to_0.25,0.0,0.25,g005_171732c0a4b51b10_0018,14,6.9269635787350126e-06,g004_p000007_g003_p000022_g002_p000007_g001_p000005_empty,g005_p000014_g004_p000007_g003_p000022_g002_p000007_g001_p000005_empty,11.0,49.0,17.0,ellipsoid,9,145.09898552573384,12.26370300813135,14.821514072768377,12.590754673907034,3.0659257520328373,3.705378518192094,3.1476886684767584,0.014690287411212921,0.0002126721665263176,0.0002126721665263176,False,False,,,0,False
v4_branch_f7481bfeccf956a9c247,5,15,new_center,parent_to_0.25,0.0,0.25,g005_171732c0a4b51b10_0018,15,6.843950814072741e-06,g004_p000007_g003_p000022_g002_p000007_g001_p000005_empty,g005_p000015_g004_p000007_g003_p000022_g002_p000007_g001_p000005_empty,45.0,41.0,14.0,dike_hemisphere,9,96.40758082698437,13.634896427737973,6.46831520444,13.207121268680446,3.408724106934493,1.61707880111,3.3017803171701114,0.014541521668434143,6.390642374753952e-05,6.390642374753952e-05,False,False,,,0,False
v4_branch_534e180e77888eafd0f5,5,16,new_center,parent_to_0.25,0.0,0.25,g005_171732c0a4b51b10_0018,16,6.781237516406691e-06,g004_p000007_g003_p000022_g002_p000007_g001_p000005_empty,g005_p000016_g004_p000007_g003_p000022_g002_p000007_g001_p000005_empty,53.0,49.0,19.0,dike_hemisphere,9,44.38085740883245,9.365469902844751,13.11684639965727,10.139862466606452,2.3413674757111878,3.2792115999143174,2.534965616651613,0.014628732576966286,0.00015111733227968216,0.00015111733227968216,False,False,,,0,False
v4_branch_60f62fb930e90cbb7956,5,17,new_center,parent_to_0.25,0.0,0.25,g005_171732c0a4b51b10_0018,17,6.742332971043652e-06,g004_p000007_g003_p000022_g002_p000007_g001_p000005_empty,g005_p000017_g004_p000007_g003_p000022_g002_p000007_g001_p000005_empty,41.0,45.0,15.0,dike_hemisphere,9,35.9977184492063,12.93776063392391,13.80249484961572,11.452453889428405,3.2344401584809774,3.45062371240393,2.8631134723571012,0.01470120344310999,0.00022358819842338562,0.00022358819842338562,False,False,,,0,False
v4_branch_e7842d7e645de855684e,5,18,new_center,parent_to_0.25,0.0,0.25,g005_171732c0a4b51b10_0018,18,6.723759270244045e-06,g004_p000007_g003_p000022_g002_p000007_g001_p000005_empty,g005_p000018_g004_p000007_g003_p000022_g002_p000007_g001_p000005_empty,40.0,34.0,36.0,ellipsoid,9,53.55759360012432,7.745334861273876,9.974628846956197,8.431301291863013,1.936333715318469,2.493657211739049,2.1078253229657533,0.014643598347902298,0.00016598310321569443,0.00016598310321569443,False,False,,,0,False
v4_branch_0c8c4bb2bbb9b8b1ec06,5,19,new_center,parent_to_0.25,0.0,0.25,g005_171732c0a4b51b10_0018,19,6.723219030391192e-06,g004_p000007_g003_p000022_g002_p000007_g001_p000005_empty,g005_p000019_g004_p000007_g003_p000022_g002_p000007_g001_p000005_empty,43.0,40.0,14.0,dike_hemisphere,9,51.653771909767,10.169108256353239,7.845939399374174,10.021671518873607,2.5422770640883097,1.9614848498435435,2.5054178797184017,0.014643598347902298,0.00016598310321569443,0.00016598310321569443,False,False,,,0,False
v4_branch_7837d3ef6ca95afc2f93,5,20,new_center,parent_to_0.25,0.0,0.25,g005_171732c0a4b51b10_0018,20,6.679286343569402e-06,g004_p000007_g003_p000022_g002_p000007_g001_p000005_empty,g005_p000020_g004_p000007_g003_p000022_g002_p000007_g001_p000005_empty,23.0,23.0,24.0,dike_hemisphere,9,118.61883615320028,15.068561312167,7.319719443268763,12.464209544907725,3.76714032804175,1.8299298608171908,3.116052386226931,0.014574693515896797,9.707827121019363e-05,9.707827121019363e-05,False,False,,,0,False
v4_branch_085b014c2a8ca0b17d2b,5,21,new_center,parent_to_0.25,0.0,0.25,g005_171732c0a4b51b10_0018,21,6.649878287134925e-06,g004_p000007_g003_p000022_g002_p000007_g001_p000005_empty,g005_p000021_g004_p000007_g003_p000022_g002_p000007_g001_p000005_empty,40.0,44.0,15.0,dike_hemisphere,9,153.01122352300018,11.781576326699318,6.43861836560289,8.233807771773048,2.9453940816748294,1.6096545914007225,2.058451942943262,0.014541521668434143,6.390642374753952e-05,6.390642374753952e-05,False,False,,,0,False
v4_branch_acffa640f9dcb217d6c3,5,22,new_center,parent_to_0.25,0.0,0.25,g005_171732c0a4b51b10_0018,22,6.551272235810757e-06,g004_p000007_g003_p000022_g002_p000007_g001_p000005_empty,g005_p000022_g004_p000007_g003_p000022_g002_p000007_g001_p000005_empty,8.0,47.0,20.0,ellipsoid,9,97.49240741329105,6.169157436334607,6.439271673958047,10.051760673571845,1.5422893590836517,1.6098179184895118,2.5129401683929613,0.014497718773782253,2.010352909564972e-05,2.010352909564972e-05,False,False,,,0,False
v4_branch_9d465345a1a8462fd8ec,5,23,new_center,parent_to_0.25,0.0,0.25,g005_171732c0a4b51b10_0018,23,6.53867982691736e-06,g004_p000007_g003_p000022_g002_p000007_g001_p000005_empty,g005_p000023_g004_p000007_g003_p000022_g002_p000007_g001_p000005_empty,38.0,29.0,37.0,ellipsoid,9,75.78128260897611,7.621170268882363,9.197435091095159,10.805710414690083,1.9052925672205907,2.2993587727737896,2.7014276036725207,0.014560806564986706,8.319132030010223e-05,8.319132030010223e-05,False,False,,,0,False
v4_branch_de953ba4f80930e13e78,5,24,new_center,parent_to_0.25,0.0,0.25,g005_171732c0a4b51b10_0018,24,6.532626230182359e-06,g004_p000013_g003_p000032_g002_p000013_g001_p000029_empty,g005_p000024_g004_p000013_g003_p000032_g002_p000013_g001_p000029_empty,43.0,42.0,18.0,dike_hemisphere,9,140.94011946352592,14.317967160403372,9.039229991831363,7.632996744563186,3.579491790100843,2.2598074979578406,1.9082491861407964,0.014694827608764172,0.00021721236407756805,0.00021721236407756805,False,False,,,0,False
v4_branch_e5893254eb19299a1a74,5,25,new_center,parent_to_0.25,0.0,0.25,g005_171732c0a4b51b10_0018,25,6.525966000481276e-06,g004_p000013_g003_p000032_g002_p000013_g001_p000029_empty,g005_p000025_g004_p000013_g003_p000032_g002_p000013_g001_p000029_empty,46.0,42.0,17.0,dike_hemisphere,9,121.66249567356202,14.950245227667338,14.652649214206141,9.054069651653048,3.7375613069168345,3.6631623035515353,2.263517412913262,0.01467215083539486,0.00019453559070825577,0.00019453559070825577,False,False,,,0,False
v4_branch_110d6616d7712565414d,5,26,new_center,parent_to_0.25,0.0,0.25,g005_171732c0a4b51b10_0018,26,6.514942924695788e-06,g004_p000013_g003_p000032_g002_p000013_g001_p000029_empty,g005_p000026_g004_p000013_g003_p000032_g002_p000013_g001_p000029_empty,46.0,25.0,26.0,ellipsoid,9,150.16242948101137,9.29507750253648,6.545638165985494,8.28752596735385,2.32376937563412,1.6364095414963735,2.0718814918384627,0.014570841565728188,9.322632104158401e-05,9.322632104158401e-05,False,False,,,0,False
v4_branch_1b69d3479f745c6cf4e4,5,27,new_center,parent_to_0.25,0.0,0.25,g005_171732c0a4b51b10_0018,27,6.510421371785924e-06,g004_p000013_g003_p000032_g002_p000013_g001_p000029_empty,g005_p000027_g004_p000013_g003_p000032_g002_p000013_g001_p000029_empty,37.0,10.0,20.0,ellipsoid,9,177.82702043360385,13.086553780368485,14.348440994545314,6.984670126657736,3.271638445092121,3.5871102486363284,1.746167531664434,0.014804265461862087,0.0003266502171754837,0.0003266502171754837,False,False,,,0,False
v4_branch_4b622a16f4f6284d195f,5,28,new_center,parent_to_0.25,0.0,0.25,g005_171732c0a4b51b10_0018,28,6.451602530432865e-06,g004_p000013_g003_p000032_g002_p000013_g001_p000029_empty,g005_p000028_g004_p000013_g003_p000032_g002_p000013_g001_p000029_empty,48.0,40.0,17.0,ellipsoid,9,38.52671632027753,12.958724785291484,10.440196874629088,7.4826718963395376,3.239681196322871,2.610049218657272,1.8706679740848844,0.014732309617102146,0.0002546943724155426,0.0002546943724155426,False,False,,,0,False
v4_branch_8922919e359fb90310ed,5,29,new_center,parent_to_0.25,0.0,0.25,g005_171732c0a4b51b10_0018,29,6.4409864535264205e-06,g004_p000013_g003_p000032_g002_p000013_g001_p000029_empty,g005_p000029_g004_p000013_g003_p000032_g002_p000013_g001_p000029_empty,37.0,32.0,35.0,dike_hemisphere,9,117.85301483214313,10.099500352336479,10.476072980312995,7.258635022941087,2.5248750880841198,2.619018245078249,1.8146587557352718,0.014659986831247807,0.000182371586561203,0.000182371586561203,False,False,,,0,False
v4_branch_4397055d67a901601c22,5,30,new_center,parent_to_0.25,0.0,0.25,g005_171732c0a4b51b10_0018,30,6.424249477277044e-06,g004_p000013_g003_p000032_g002_p000013_g001_p000029_empty,g005_p000030_g004_p000013_g003_p000032_g002_p000013_g001_p000029_empty,37.0,9.0,19.0,dike_hemisphere,9,59.78546949446236,8.511950195170751,8.340147410464834,7.819831025192899,2.127987548792688,2.0850368526162084,1.9549577562982248,0.014514273032546043,3.665778785943985e-05,3.665778785943985e-05,False,False,,,0,False
v4_branch_59015818717015528b98,5,31,new_center,parent_to_0.25,0.0,0.25,g005_171732c0a4b51b10_0018,31,6.387008397723548e-06,g004_p000013_g003_p000032_g002_p000013_g001_p000029_empty,g005_p000031_g004_p000013_g003_p000032_g002_p000013_g001_p000029_empty,33.0,9.0,19.0,ellipsoid,9,55.51909174911251,8.919607951420335,10.08987321428317,10.716097685963476,2.229901987855084,2.5224683035707924,2.679024421490869,0.014643598347902298,0.00016598310321569443,0.00016598310321569443,False,False,,,0,False
v4_branch_6d0b8f4765c7fdff192d,5,32,new_center,parent_to_0.25,0.0,0.25,g005_171732c0a4b51b10_0018,32,6.363593456626404e-06,g004_p000013_g003_p000032_g002_p000013_g001_p000029_empty,g005_p000032_g004_p000013_g003_p000032_g002_p000013_g001_p000029_empty,9.0,16.0,26.0,ellipsoid,9,21.16489247517878,6.254155900487473,6.567473333301826,9.500672163950242,1.5635389751218682,1.6418683333254565,2.3751680409875604,0.014497718773782253,2.010352909564972e-05,2.010352909564972e-05,False,False,,,0,False
v4_branch_0bb16531c492c4ce6285,5,33,new_center,parent_to_0.25,0.0,0.25,g005_171732c0a4b51b10_0018,33,6.359484814311145e-06,g004_p000013_g003_p000032_g002_p000013_g001_p000029_empty,g005_p000033_g004_p000013_g003_p000032_g002_p000013_g001_p000029_empty,30.0,59.0,18.0,dike_hemisphere,9,75.46668419235178,6.035155318836719,9.040490876385675,7.8618940607557715,1.5087888297091798,2.260122719096419,1.9654735151889429,0.014514273032546043,3.665778785943985e-05,3.665778785943985e-05,False,False,,,0,False
v4_branch_9498af4a686667b88ae0,5,34,new_center,parent_to_0.25,0.0,0.25,g005_171732c0a4b51b10_0018,34,6.327726168819936e-06,g004_p000013_g003_p000032_g002_p000013_g001_p000029_empty,g005_p000034_g004_p000013_g003_p000032_g002_p000013_g001_p000029_empty,40.0,34.0,19.0,ellipsoid,9,60.040180914533565,8.54521044697512,13.87712686983971,11.581421675753623,2.13630261174378,3.4692817174599275,2.8953554189384056,0.014683323912322521,0.00020570866763591766,0.00020570866763591766,False,False,,,0,False
v4_branch_9327d48b34974df68973,5,35,new_center,parent_to_0.25,0.0,0.25,g005_171732c0a4b51b10_0018,35,6.311662218649872e-06,g004_p000013_g003_p000032_g002_p000013_g001_p000029_empty,g005_p000035_g004_p000013_g003_p000032_g002_p000013_g001_p000029_empty,43.0,32.0,38.0,dike_hemisphere,9,56.895586084611494,14.364209749592339,9.670655300792781,8.215775871328084,3.5910524373980848,2.4176638251981952,2.053943967832021,0.014628732576966286,0.00015111733227968216,0.00015111733227968216,False,False,,,0,False
v4_branch_9864b048255bdda21ac0,5,36,new_center,parent_to_0.25,0.0,0.25,g005_171732c0a4b51b10_0018,36,6.311662218649872e-06,g004_p000019_g003_p000032_g002_p000013_g001_p000029_empty,g005_p000036_g004_p000019_g003_p000032_g002_p000013_g001_p000029_empty,43.0,33.0,38.0,dike_hemisphere,9,101.68859374980302,12.995836085793545,9.080726710653586,12.014648262777623,3.2489590214483863,2.2701816776633965,3.0036620656944057,0.014614424668252468,0.00013680942356586456,0.00013680942356586456,False,False,,,0,False
v4_branch_b788ab1af1dfbc52fd66,5,37,new_center,parent_to_0.25,0.0,0.25,g005_171732c0a4b51b10_0018,37,6.307158855634043e-06,g004_p000019_g003_p000032_g002_p000013_g001_p000029_empty,g005_p000037_g004_p000019_g003_p000032_g002_p000013_g001_p000029_empty,43.0,38.0,17.0,ellipsoid,9,88.56633830614773,13.88675561283228,14.178562881688936,9.165637888594542,3.47168890320807,3.544640720422234,2.2914094721486356,0.014776241965591908,0.00029862672090530396,0.00029862672090530396,False,False,,,0,False
v4_branch_763f81657094483628f1,5,38,new_center,parent_to_0.25,0.0,0.25,g005_171732c0a4b51b10_0018,38,6.3049660639080685e-06,g004_p000019_g003_p000032_g002_p000013_g001_p000029_empty,g005_p000038_g004_p000019_g003_p000032_g002_p000013_g001_p000029_empty,41.0,42.0,14.0,dike_hemisphere,9,54.857677417298085,13.67011180919919,9.104219053375655,11.074794047219152,3.4175279522997974,2.2760547633439137,2.768698511804788,0.014629174023866653,0.0001515587791800499,0.0001515587791800499,False,False,,,0,False
v4_branch_1f03ebd69a5fa68a835d,5,39,new_center,parent_to_0.25,0.0,0.25,g005_171732c0a4b51b10_0018,39,6.295732418948319e-06,g004_p000019_g003_p000032_g002_p000013_g001_p000029_empty,g005_p000039_g004_p000019_g003_p000032_g002_p000013_g001_p000029_empty,10.0,33.0,16.0,dike_hemisphere,9,112.98946475560531,14.92199318013491,14.575788542851736,10.448710365443358,3.7304982950337275,3.643947135712934,2.6121775913608394,0.014671647921204567,0.0001940326765179634,0.0001940326765179634,False,False,,,0,False
v4_branch_891d019d28e725bb373b,5,40,new_center,parent_to_0.25,0.0,0.25,g005_171732c0a4b51b10_0018,40,6.29470196145121e-06,g004_p000019_g003_p000032_g002_p000013_g001_p000029_empty,g005_p000040_g004_p000019_g003_p000032_g002_p000013_g001_p000029_empty,50.0,22.0,21.0,ellipsoid,9,151.34521604627696,7.607849508190682,6.690205139943904,11.998312803327718,1.9019623770476706,1.672551284985976,2.9995782008319294,0.014505053870379925,2.7438625693321228e-05,2.7438625693321228e-05,False,False,,,0,False
v4_branch_c0a9a12cbdb724f27c26,5,41,new_center,parent_to_0.25,0.0,0.25,g005_171732c0a4b51b10_0018,41,6.287179076025495e-06,g004_p000019_g003_p000032_g002_p000013_g001_p000029_empty,g005_p000041_g004_p000019_g003_p000032_g002_p000013_g001_p000029_empty,57.0,20.0,37.0,ellipsoid,9,85.81133927126672,12.813060836971133,15.364965080573624,13.294812597441847,3.203265209242783,3.841241270143406,3.323703149360462,0.014722943305969238,0.00024532806128263474,0.00024532806128263474,False,False,,,0,False
v4_branch_47a9c2d18bfc06a7f1fa,5,42,new_center,parent_to_0.25,0.0,0.25,g005_171732c0a4b51b10_0018,42,6.26554856353323e-06,g004_p000019_g003_p000032_g002_p000013_g001_p000029_empty,g005_p000042_g004_p000019_g003_p000032_g002_p000013_g001_p000029_empty,38.0,31.0,35.0,ellipsoid,9,31.47125459133853,15.093032175903117,6.352861079253386,6.872015250811113,3.7732580439757792,1.5882152698133465,1.7180038127027784,0.014659986831247807,0.000182371586561203,0.000182371586561203,False,False,,,0,False
v4_branch_84de580e5fe2d8c202e6,5,43,new_center,parent_to_0.25,0.0,0.25,g005_171732c0a4b51b10_0018,43,6.255749667616328e-06,g004_p000019_g003_p000032_g002_p000013_g001_p000029_empty,g005_p000043_g004_p000019_g003_p000032_g002_p000013_g001_p000029_empty,8.0,30.0,19.0,ellipsoid,9,86.79412155378527,12.18748213290969,8.950527261290448,8.47299164827578,3.0468705332274224,2.237631815322612,2.118247912068945,0.014643598347902298,0.00016598310321569443,0.00016598310321569443,False,False,,,0,False
v4_branch_b4b1ce4cbea70363330b,5,44,new_center,parent_to_0.25,0.0,0.25,g005_171732c0a4b51b10_0018,44,6.180034233693732e-06,g004_p000019_g003_p000032_g002_p000013_g001_p000029_empty,g005_p000044_g004_p000019_g003_p000032_g002_p000013_g001_p000029_empty,45.0,40.0,14.0,ellipsoid,9,84.3995907623685,7.3529314104451355,9.852695323661814,9.959239182492093,1.8382328526112839,2.4631738309154536,2.489809795623023,0.014570841565728188,9.322632104158401e-05,9.322632104158401e-05,False,False,,,0,False
v4_branch_5df936dcd3d0ca30181a,5,45,new_center,parent_to_0.25,0.0,0.25,g005_171732c0a4b51b10_0018,45,6.172485427669017e-06,g004_p000019_g003_p000032_g002_p000013_g001_p000029_empty,g005_p000045_g004_p000019_g003_p000032_g002_p000013_g001_p000029_empty,42.0,56.0,39.0,ellipsoid,9,47.68256949087258,8.36574033009101,8.892576420280301,8.55733067922609,2.0914350825227523,2.2231441050700753,2.1393326698065227,0.014662752859294415,0.00018513761460781097,0.00018513761460781097,False,False,,,0,False
v4_branch_098b1893ac5c0f1ed84b,5,46,new_center,parent_to_0.25,0.0,0.25,g005_171732c0a4b51b10_0018,46,6.150815806904575e-06,g004_p000019_g003_p000032_g002_p000013_g001_p000029_empty,g005_p000046_g004_p000019_g003_p000032_g002_p000013_g001_p000029_empty,8.0,42.0,18.0,dike_hemisphere,9,55.851980414417895,8.46408346248003,6.689109973381844,7.280599705904523,2.1160208656200075,1.672277493345461,1.8201499264761307,0.014514273032546043,3.665778785943985e-05,3.665778785943985e-05,False,False,,,0,False
v4_branch_ef9ac26003e14d631f56,5,47,new_center,parent_to_0.25,0.0,0.25,g005_171732c0a4b51b10_0018,47,6.148136890260503e-06,g004_p000019_g003_p000032_g002_p000013_g001_p000029_empty,g005_p000047_g004_p000019_g003_p000032_g002_p000013_g001_p000029_empty,46.0,41.0,14.0,dike_hemisphere,9,97.81241115441463,15.820227493030373,10.611965857033255,10.223755860217787,3.9550568732575933,2.6529914642583137,2.555938965054447,0.014701202511787415,0.000223587267100811,0.000223587267100811,False,False,,,0,False
v4_branch_1c6d16f756ebed8d4e3f,5,48,new_center,parent_to_0.25,0.0,0.25,g005_171732c0a4b51b10_0018,48,6.120567832113011e-06,g004_p000025_g003_p000033_g002_p000013_g001_p000029_empty,g005_p000048_g004_p000025_g003_p000033_g002_p000013_g001_p000029_empty,37.0,33.0,35.0,ellipsoid,9,10.033068308969021,15.810582572256958,6.974636454576336,13.046396082278472,3.9526456430642396,1.743659113644084,3.261599020569618,0.01453214231878519,5.4527074098587036e-05,5.4527074098587036e-05,False,False,,,0,False
v4_branch_ca71f215500fe53b2e8d,5,49,new_center,parent_to_0.25,0.0,0.25,g005_171732c0a4b51b10_0018,49,6.076442787161795e-06,g004_p000025_g003_p000033_g002_p000013_g001_p000029_empty,g005_p000049_g004_p000025_g003_p000033_g002_p000013_g001_p000029_empty,38.0,8.0,18.0,ellipsoid,9,28.71425158135671,11.127241635969991,7.698173848381591,10.469847362421733,2.7818104089924978,1.9245434620953978,2.6174618406054333,0.014643598347902298,0.00016598310321569443,0.00016598310321569443,False,False,,,0,False
v4_branch_328acec555ffdf3dda56,5,50,new_center,parent_to_0.25,0.0,0.25,g005_171732c0a4b51b10_0018,50,6.069045412004925e-06,g004_p000025_g003_p000033_g002_p000013_g001_p000029_empty,g005_p000050_g004_p000025_g003_p000033_g002_p000013_g001_p000029_empty,37.0,13.0,19.0,dike_hemisphere,9,173.94532792661852,14.065689175316376,14.825819225086828,12.410444935259616,3.516422293829094,3.706454806271707,3.102611233814904,0.014664950780570507,0.0001873355358839035,0.0001873355358839035,False,False,,,0,False
v4_branch_7c9c52284cc0a0ba5387,5,51,new_center,parent_to_0.25,0.0,0.25,g005_171732c0a4b51b10_0018,51,6.025367383699631e-06,g004_p000025_g003_p000033_g002_p000013_g001_p000029_empty,g005_p000051_g004_p000025_g003_p000033_g002_p000013_g001_p000029_empty,42.0,28.0,39.0,ellipsoid,9,47.99066928529935,14.784447228293569,7.230534007733606,6.108115700883328,3.6961118070733923,1.8076335019334016,1.527028925220832,0.014732303097844124,0.0002546878531575203,0.0002546878531575203,False,False,,,0,False
v4_branch_6ded7797b124d347f462,5,52,new_center,parent_to_0.25,0.0,0.25,g005_171732c0a4b51b10_0018,52,6.024877620802727e-06,g004_p000025_g003_p000033_g002_p000013_g001_p000029_empty,g005_p000052_g004_p000025_g003_p000033_g002_p000013_g001_p000029_empty,42.0,29.0,39.0,dike_hemisphere,9,165.18435692056957,15.250555402851058,13.478423891524082,9.465002473775249,3.8126388507127644,3.3696059728810206,2.366250618443812,0.014672142453491688,0.00019452720880508423,0.00019452720880508423,False,False,,,0,False
v4_branch_bf2d1d1d9ae8541895e2,5,53,new_center,parent_to_0.25,0.0,0.25,g005_171732c0a4b51b10_0018,53,6.024580670782598e-06,g004_p000025_g003_p000033_g002_p000013_g001_p000029_empty,g005_p000053_g004_p000025_g003_p000033_g002_p000013_g001_p000029_empty,39.0,34.0,19.0,dike_hemisphere,9,175.23393246584217,13.91263958526757,6.97534121071904,9.053614192547162,3.4781598963168925,1.74383530267976,2.2634035481367905,0.014541521668434143,6.390642374753952e-05,6.390642374753952e-05,False,False,,,0,False
v4_branch_6049f5c7f941a9ac3a0b,5,54,new_center,parent_to_0.25,0.0,0.25,g005_171732c0a4b51b10_0018,54,6.010429842717713e-06,g004_p000025_g003_p000033_g002_p000013_g001_p000029_empty,g005_p000054_g004_p000025_g003_p000033_g002_p000013_g001_p000029_empty,30.0,58.0,18.0,ellipsoid,9,131.2720424027299,6.040301388872695,7.276632790155495,12.080122294452739,1.5100753472181738,1.8191581975388738,3.0200305736131847,0.014497718773782253,2.010352909564972e-05,2.010352909564972e-05,False,False,,,0,False
v4_branch_1845a3a2d6f4524a4bf1,5,55,new_center,parent_to_0.25,0.0,0.25,g005_171732c0a4b51b10_0018,55,5.989137662254507e-06,g004_p000025_g003_p000033_g002_p000013_g001_p000029_empty,g005_p000055_g004_p000025_g003_p000033_g002_p000013_g001_p000029_empty,44.0,40.0,14.0,ellipsoid,9,140.662985552017,13.290525557989078,12.739513014558664,6.769656659361029,3.3226313894972694,3.184878253639666,1.6924141648402573,0.014804265461862087,0.0003266502171754837,0.0003266502171754837,False,False,,,0,False
v4_branch_27dd28d8de4ba9a7e8a4,5,56,new_center,parent_to_0.25,0.0,0.25,g005_171732c0a4b51b10_0018,56,5.985899406368844e-06,g004_p000025_g003_p000033_g002_p000013_g001_p000029_empty,g005_p000056_g004_p000025_g003_p000033_g002_p000013_g001_p000029_empty,59.0,48.0,22.0,dike_hemisphere,9,131.04677479640577,8.42236102730752,10.298053546995053,7.044627996949427,2.10559025682688,2.5745133867487633,1.7611569992373568,0.014587312005460262,0.00010969676077365875,0.00010969676077365875,False,False,,,0,False
v4_branch_61152a510702f86a5d4c,5,57,new_center,parent_to_0.25,0.0,0.25,g005_171732c0a4b51b10_0018,57,5.983698883937905e-06,g004_p000025_g003_p000033_g002_p000013_g001_p000029_empty,g005_p000057_g004_p000025_g003_p000033_g002_p000013_g001_p000029_empty,5.0,36.0,19.0,dike_hemisphere,9,168.27207281286312,15.770543359380406,14.603528979212369,13.182966447513255,3.9426358398451016,3.650882244803092,3.295741611878314,0.014664853923022747,0.0001872386783361435,0.0001872386783361435,False,False,,,0,False
v4_branch_5144cb36430c6eff7dac,5,58,new_center,parent_to_0.25,0.0,0.25,g005_171732c0a4b51b10_0018,58,5.970588517811848e-06,g004_p000025_g003_p000033_g002_p000013_g001_p000029_empty,g005_p000058_g004_p000025_g003_p000033_g002_p000013_g001_p000029_empty,41.0,40.0,15.0,ellipsoid,9,4.896191750390426,10.57069532627407,15.213780173813493,12.422468240373881,2.6426738315685174,3.8034450434533733,3.1056170600934703,0.014722944237291813,0.00024532899260520935,0.00024532899260520935,False,False,,,0,False
v4_branch_113472d5737ccc634e57,5,59,new_center,parent_to_0.25,0.0,0.25,g005_171732c0a4b51b10_0018,59,5.956358563707909e-06,g004_p000025_g003_p000033_g002_p000013_g001_p000029_empty,g005_p000059_g004_p000025_g003_p000033_g002_p000013_g001_p000029_empty,53.0,29.0,22.0,ellipsoid,9,95.21988695366153,15.33783444784089,14.48637574281195,10.359548613615166,3.8344586119602226,3.6215939357029874,2.5898871534037915,0.014722943305969238,0.00024532806128263474,0.00024532806128263474,False,False,,,0,False
v4_branch_11af5532924da31be6db,5,60,new_center,parent_to_0.25,0.0,0.25,g005_171732c0a4b51b10_0018,60,5.930791303399019e-06,g004_p000031_g003_p000033_g002_p000013_g001_p000029_empty,g005_p000060_g004_p000031_g003_p000033_g002_p000013_g001_p000029_empty,47.0,39.0,17.0,ellipsoid,9,52.589475285598915,15.578729841771542,12.97692661592781,10.288071329019841,3.8946824604428856,3.2442316539819527,2.5720178322549603,0.014722943305969238,0.00024532806128263474,0.00024532806128263474,False,False,,,0,False
v4_branch_b04892eb3f407e59b161,5,61,new_center,parent_to_0.25,0.0,0.25,g005_171732c0a4b51b10_0018,61,5.922518539591692e-06,g004_p000031_g003_p000033_g002_p000013_g001_p000029_empty,g005_p000061_g004_p000031_g003_p000033_g002_p000013_g001_p000029_empty,37.0,34.0,37.0,ellipsoid,9,34.02937340633942,6.786806896424598,15.736420175315029,9.105774830100778,1.6967017241061495,3.9341050438287573,2.2764437075251944,0.014643598347902298,0.00016598310321569443,0.00016598310321569443,False,False,,,0,False
v4_branch_1d45f4f230bc650c16e6,5,62,new_center,parent_to_0.25,0.0,0.25,g005_171732c0a4b51b10_0018,62,5.918545866734348e-06,g004_p000031_g003_p000033_g002_p000013_g001_p000029_empty,g005_p000062_g004_p000031_g003_p000033_g002_p000013_g001_p000029_empty,40.0,32.0,36.0,ellipsoid,9,24.977447253730492,11.619866625834987,11.924463594723136,11.655690783085337,2.904966656458747,2.981115898680784,2.9139226957713342,0.014722943305969238,0.00024532806128263474,0.00024532806128263474,False,False,,,0,False
v4_branch_9d6f86ebe4cc5574cc29,5,63,new_center,parent_to_0.25,0.0,0.25,g005_171732c0a4b51b10_0018,63,5.898290510231163e-06,g004_p000031_g003_p000033_g002_p000013_g001_p000029_empty,g005_p000063_g004_p000031_g003_p000033_g002_p000013_g001_p000029_empty,59.0,47.0,22.0,dike_hemisphere,9,165.7512628500047,13.554252208073773,8.623808086055687,8.150667106501867,3.3885630520184433,2.155952021513922,2.037666776625467,0.014686964452266693,0.00020934920758008957,0.00020934920758008957,False,False,,,0,False
v4_branch_b24370d524163d44770a,5,64,new_center,parent_to_0.25,0.0,0.25,g005_171732c0a4b51b10_0018,64,5.891203727514949e-06,g004_p000031_g003_p000033_g002_p000013_g001_p000029_empty,g005_p000064_g004_p000031_g003_p000033_g002_p000013_g001_p000029_empty,9.0,48.0,20.0,ellipsoid,9,54.24835758526455,8.282741062226014,14.93391337247489,8.621881134354894,2.0706852655565036,3.7334783431187226,2.1554702835887234,0.014715993776917458,0.00023837853223085403,0.00023837853223085403,False,False,,,0,False
v4_branch_13bb93df4d4f4894482a,5,65,new_center,parent_to_0.25,0.0,0.25,g005_171732c0a4b51b10_0018,65,5.889555723115336e-06,g004_p000031_g003_p000033_g002_p000013_g001_p000029_empty,g005_p000065_g004_p000031_g003_p000033_g002_p000013_g001_p000029_empty,47.0,40.0,17.0,ellipsoid,9,109.59584675637423,6.501636335290161,9.855606595377932,6.196081457285481,1.6254090838225403,2.463901648844483,1.5490203643213702,0.014587312005460262,0.00010969676077365875,0.00010969676077365875,False,False,,,0,False
v4_branch_ed6cee431c767af97531,5,66,new_center,parent_to_0.25,0.0,0.25,g005_171732c0a4b51b10_0018,66,5.884995516680647e-06,g004_p000031_g003_p000033_g002_p000013_g001_p000029_empty,g005_p000066_g004_p000031_g003_p000033_g002_p000013_g001_p000029_empty,36.0,35.0,35.0,dike_hemisphere,9,147.8651615280812,15.12985878729485,9.101732706699815,6.91959970903261,3.7824646968237126,2.275433176674954,1.7298999272581526,0.014732303097844124,0.0002546878531575203,0.0002546878531575203,False,False,,,0,False
v4_branch_141c05cec7241b8b6e7e,5,67,new_center,parent_to_0.25,0.0,0.25,g005_171732c0a4b51b10_0018,67,5.884995061933296e-06,g004_p000031_g003_p000033_g002_p000013_g001_p000029_empty,g005_p000067_g004_p000031_g003_p000033_g002_p000013_g001_p000029_empty,36.0,36.0,35.0,dike_hemisphere,9,80.29524257578284,10.29372063637263,12.265034839282578,11.670251805308457,2.5734301590931574,3.0662587098206444,2.917562951327114,0.014657877385616302,0.00018026214092969894,0.00018026214092969894,False,False,,,0,False
v4_branch_9ed6156eb41e485db7a7,5,68,new_center,parent_to_0.25,0.0,0.25,g005_171732c0a4b51b10_0018,68,5.880565822735662e-06,g004_p000031_g003_p000033_g002_p000013_g001_p000029_empty,g005_p000068_g004_p000031_g003_p000033_g002_p000013_g001_p000029_empty,39.0,30.0,16.0,ellipsoid,9,35.73110769815232,12.701585212403721,15.488677417992271,7.7802968917316475,3.1753963031009302,3.8721693544980678,1.9450742229329119,0.014804265461862087,0.0003266502171754837,0.0003266502171754837,False,False,,,0,False
v4_branch_f4f91d07863ac937a065,5,69,new_center,parent_to_0.25,0.0,0.25,g005_171732c0a4b51b10_0018,69,5.863353180757258e-06,g004_p000031_g003_p000033_g002_p000013_g001_p000029_empty,g005_p000069_g004_p000031_g003_p000033_g002_p000013_g001_p000029_empty,59.0,20.0,39.0,dike_hemisphere,9,119.25516345155766,15.132186240948606,12.92030461609917,8.833155013430915,3.7830465602371515,3.2300761540247924,2.2082887533577287,0.014701202511787415,0.000223587267100811,0.000223587267100811,False,False,,,0,False
v4_branch_dace989da35e0a684ad4,5,70,new_center,parent_to_0.25,0.0,0.25,g005_171732c0a4b51b10_0018,70,5.839999175805133e-06,g004_p000031_g003_p000033_g002_p000013_g001_p000029_empty,g005_p000070_g004_p000031_g003_p000033_g002_p000013_g001_p000029_empty,53.0,41.0,22.0,dike_hemisphere,9,174.27805071653722,14.84771904429652,8.829923615769724,11.47172597930668,3.71192976107413,2.207480903942431,2.86793149482667,0.014614424668252468,0.00013680942356586456,0.00013680942356586456,False,False,,,0,False
v4_branch_b536425b085164f70955,5,71,new_center,parent_to_0.25,0.0,0.25,g005_171732c0a4b51b10_0018,71,5.8368600548419636e-06,g004_p000031_g003_p000033_g002_p000013_g001_p000029_empty,g005_p000071_g004_p000031_g003_p000033_g002_p000013_g001_p000029_empty,35.0,35.0,35.0,ellipsoid,9,27.469532106383532,9.045417815231783,8.807365871076955,13.017135139618182,2.2613544538079458,2.201841467769239,3.2542837849045454,0.014643598347902298,0.00016598310321569443,0.00016598310321569443,False,False,,,0,False
v4_branch_80a891dbbc5ef42f93f7,5,72,new_center,parent_to_0.25,0.0,0.25,g005_171732c0a4b51b10_0018,72,5.833514933328843e-06,g004_p000037_g003_p000050_g002_p000025_g001_p000057_empty,g005_p000072_g004_p000037_g003_p000050_g002_p000025_g001_p000057_empty,35.0,34.0,35.0,dike_hemisphere,9,81.92196146573448,12.729900269558282,15.050752178798932,9.5418260511393,3.1824750673895705,3.762688044699733,2.385456512784825,0.014672583900392056,0.00019496865570545197,0.00019496865570545197,False,False,,,0,False
v4_branch_138bce78ef0e423e4789,5,73,new_center,parent_to_0.25,0.0,0.25,g005_171732c0a4b51b10_0018,73,5.8307487051934e-06,g004_p000037_g003_p000050_g002_p000025_g001_p000057_empty,g005_p000073_g004_p000037_g003_p000050_g002_p000025_g001_p000057_empty,55.0,47.0,21.0,dike_hemisphere,9,153.22029888366873,12.01099609417199,11.792448110148705,9.821011399416902,3.0027490235429974,2.948112027537176,2.4552528498542254,0.014752657152712345,0.0002750419080257416,0.0002750419080257416,False,False,,,0,False
v4_branch_8738a892420595c121b9,5,74,new_center,parent_to_0.25,0.0,0.25,g005_171732c0a4b51b10_0018,74,5.830170266563073e-06,g004_p000037_g003_p000050_g002_p000025_g001_p000057_empty,g005_p000074_g004_p000037_g003_p000050_g002_p000025_g001_p000057_empty,8.0,40.0,19.0,dike_hemisphere,9,61.62581075522502,10.529279634121973,11.194774103853884,6.406665856284813,2.6323199085304934,2.798693525963471,1.6016664640712033,0.014659986831247807,0.000182371586561203,0.000182371586561203,False,False,,,0,False
v4_branch_78940750dc32b183a753,5,75,new_center,parent_to_0.25,0.0,0.25,g005_171732c0a4b51b10_0018,75,5.749458068748936e-06,g004_p000037_g003_p000050_g002_p000025_g001_p000057_empty,g005_p000075_g004_p000037_g003_p000050_g002_p000025_g001_p000057_empty,53.0,42.0,21.0,dike_hemisphere,9,126.99890196433304,14.283343603575151,12.60557942929144,8.30818410832804,3.5708359008937878,3.15139485732286,2.07704602708201,0.01470120344310999,0.00022358819842338562,0.00022358819842338562,False,False,,,0,False
v4_branch_33860c6e451b62bc10bc,5,76,new_center,parent_to_0.25,0.0,0.25,g005_171732c0a4b51b10_0018,76,5.746374881709926e-06,g004_p000037_g003_p000050_g002_p000025_g001_p000057_empty,g005_p000076_g004_p000037_g003_p000050_g002_p000025_g001_p000057_empty,9.0,31.0,19.0,dike_hemisphere,9,160.5477051867188,9.321728257756412,8.527295875613554,13.682507424145502,2.330432064439103,2.1318239689033884,3.4206268560363755,0.014643597416579723,0.0001659821718931198,0.0001659821718931198,False,False,,,0,False
v4_branch_1f906c72aadd6704b4d3,5,77,new_center,parent_to_0.25,0.0,0.25,g005_171732c0a4b51b10_0018,77,5.743107521993807e-06,g004_p000037_g003_p000050_g002_p000025_g001_p000057_empty,g005_p000077_g004_p000037_g003_p000050_g002_p000025_g001_p000057_empty,40.0,33.0,36.0,dike_hemisphere,9,111.71412611348043,13.210605078595165,9.697680580016108,7.523968527674028,3.3026512696487913,2.424420145004027,1.880992131918507,0.014659986831247807,0.000182371586561203,0.000182371586561203,False,False,,,0,False
v4_branch_d0d6056f09d8afce8fb1,5,78,new_center,parent_to_0.25,0.0,0.25,g005_171732c0a4b51b10_0018,78,5.7374882089789025e-06,g004_p000037_g003_p000050_g002_p000025_g001_p000057_empty,g005_p000078_g004_p000037_g003_p000050_g002_p000025_g001_p000057_empty,59.0,44.0,22.0,dike_hemisphere,9,78.27513358393492,7.201618633704216,6.069900717357432,9.833253999149314,1.800404658426054,1.517475179339358,2.4583134997873284,0.014497718773782253,2.010352909564972e-05,2.010352909564972e-05,False,False,,,0,False
v4_branch_6b658416f6a685280009,5,79,new_center,parent_to_0.25,0.0,0.25,g005_171732c0a4b51b10_0018,79,5.734471415053122e-06,g004_p000037_g003_p000050_g002_p000025_g001_p000057_empty,g005_p000079_g004_p000037_g003_p000050_g002_p000025_g001_p000057_empty,11.0,58.0,21.0,ellipsoid,9,68.31636254124987,7.043792216324136,8.48688912718345,10.522384289113866,1.760948054081034,2.1217222817958623,2.6305960722784665,0.014590091072022915,0.00011247582733631134,0.00011247582733631134,False,False,,,0,False
v4_branch_779f0f2a0197166565d5,5,80,new_center,parent_to_0.25,0.0,0.25,g005_171732c0a4b51b10_0018,80,5.72419548916514e-06,g004_p000037_g003_p000050_g002_p000025_g001_p000057_empty,g005_p000080_g004_p000037_g003_p000050_g002_p000025_g001_p000057_empty,58.0,46.0,22.0,dike_hemisphere,9,153.25193681332496,10.008107912381933,9.632759354743772,7.892180246483633,2.502026978095483,2.408189838685943,1.9730450616209083,0.014659986831247807,0.000182371586561203,0.000182371586561203,False,False,,,0,False
v4_branch_d8d6ac2d539d373c96b9,5,81,new_center,parent_to_0.25,0.0,0.25,g005_171732c0a4b51b10_0018,81,5.712569418392377e-06,g004_p000037_g003_p000050_g002_p000025_g001_p000057_empty,g005_p000081_g004_p000037_g003_p000050_g002_p000025_g001_p000057_empty,40.0,38.0,37.0,ellipsoid,9,33.324125724742906,14.58855349940004,13.010615899918875,12.75506269884555,3.64713837485001,3.2526539749797188,3.1887656747113877,0.014713011682033539,0.00023539643734693527,0.00023539643734693527,False,False,,,0,False
v4_branch_f183a8861dbf09cfa347,5,82,new_center,parent_to_0.25,0.0,0.25,g005_171732c0a4b51b10_0018,82,5.7121105783153325e-06,g004_p000037_g003_p000050_g002_p000025_g001_p000057_empty,g005_p000082_g004_p000037_g003_p000050_g002_p000025_g001_p000057_empty,37.0,39.0,38.0,dike_hemisphere,9,40.06327896479785,6.1771225119885935,6.711101365721378,10.415874678967622,1.5442806279971484,1.6777753414303445,2.6039686697419056,0.014497718773782253,2.010352909564972e-05,2.010352909564972e-05,False,False,,,0,False
v4_branch_b0bc16f4da1fcfd90f87,5,83,new_center,parent_to_0.25,0.0,0.25,g005_171732c0a4b51b10_0018,83,5.697865617548814e-06,g004_p000037_g003_p000050_g002_p000025_g001_p000057_empty,g005_p000083_g004_p000037_g003_p000050_g002_p000025_g001_p000057_empty,31.0,6.0,21.0,dike_hemisphere,9,136.12084670578147,10.296460543335325,13.698129158422336,13.518901347420488,2.5741151358338312,3.424532289605584,3.379725336855122,0.014628732576966286,0.00015111733227968216,0.00015111733227968216,False,False,,,0,False
v4_branch_0e6d9e141eb6876f300c,5,84,new_center,parent_to_0.25,0.0,0.25,g005_171732c0a4b51b10_0018,84,5.661255727318348e-06,g004_p000043_g003_p000050_g002_p000025_g001_p000057_empty,g005_p000084_g004_p000043_g003_p000050_g002_p000025_g001_p000057_empty,55.0,47.0,22.0,ellipsoid,9,11.536165260919924,14.762572227845096,7.6233856199544565,10.75338798799708,3.690643056961274,1.9058464049886141,2.68834699699927,0.014537845738232136,6.0230493545532227e-05,6.0230493545532227e-05,False,False,,,0,False
v4_branch_00c2883e57ffd286dec3,5,85,new_center,parent_to_0.25,0.0,0.25,g005_171732c0a4b51b10_0018,85,5.657610017806292e-06,g004_p000043_g003_p000050_g002_p000025_g001_p000057_empty,g005_p000085_g004_p000043_g003_p000050_g002_p000025_g001_p000057_empty,25.0,57.0,39.0,ellipsoid,9,165.7727431035068,13.854488692834472,7.946525404961944,9.929698786396086,3.463622173208618,1.986631351240486,2.4824246965990215,0.014643598347902298,0.00016598310321569443,0.00016598310321569443,False,False,,,0,False
v4_branch_f8c537ba269bdbf56930,5,86,new_center,parent_to_0.25,0.0,0.25,g005_171732c0a4b51b10_0018,86,5.657300789607689e-06,g004_p000043_g003_p000050_g002_p000025_g001_p000057_empty,g005_p000086_g004_p000043_g003_p000050_g002_p000025_g001_p000057_empty,11.0,25.0,20.0,dike_hemisphere,9,101.4555416600703,6.766961370544034,15.896670044556744,6.407635065390998,1.6917403426360085,3.974167511139186,1.6019087663477496,0.014587312005460262,0.00010969676077365875,0.00010969676077365875,False,False,,,0,False
v4_branch_d38c47177155e3f412b1,5,87,new_center,parent_to_0.25,0.0,0.25,g005_171732c0a4b51b10_0018,87,5.650097136822296e-06,g004_p000043_g003_p000050_g002_p000025_g001_p000057_empty,g005_p000087_g004_p000043_g003_p000050_g002_p000025_g001_p000057_empty,7.0,7.0,35.0,ellipsoid,9,16.77416466224312,10.60896319673653,7.725873727660994,7.151250237842635,2.6522407991841326,1.9314684319152484,1.7878125594606586,0.014587312005460262,0.00010969676077365875,0.00010969676077365875,False,False,,,0,False
v4_branch_27e7a8787b2b338bb52a,5,88,new_center,parent_to_0.25,0.0,0.25,g005_171732c0a4b51b10_0018,88,5.641097232000902e-06,g004_p000043_g003_p000050_g002_p000025_g001_p000057_empty,g005_p000088_g004_p000043_g003_p000050_g002_p000025_g001_p000057_empty,39.0,31.0,35.0,ellipsoid,9,122.51542295580954,8.317718642199793,15.24093030181888,9.207997206878623,2.0794296605499483,3.81023257545472,2.301999301719656,0.014716002158820629,0.00023838691413402557,0.00023838691413402557,False,False,,,0,False
v4_branch_153cf175710f6e64fd85,5,89,new_center,parent_to_0.25,0.0,0.25,g005_171732c0a4b51b10_0018,89,5.637642971123569e-06,g004_p000043_g003_p000050_g002_p000025_g001_p000057_empty,g005_p000089_g004_p000043_g003_p000050_g002_p000025_g001_p000057_empty,8.0,29.0,19.0,ellipsoid,9,175.12253855325872,8.454469275406563,9.558916451066438,6.762537026722008,2.1136173188516407,2.3897291127666094,1.690634256680502,0.014661666937172413,0.00018405169248580933,0.00018405169248580933,False,False,,,0,False
v4_branch_7005351e80e6736ffceb,5,90,new_center,parent_to_0.25,0.0,0.25,g005_171732c0a4b51b10_0018,90,5.632586180581711e-06,g004_p000043_g003_p000050_g002_p000025_g001_p000057_empty,g005_p000090_g004_p000043_g003_p000050_g002_p000025_g001_p000057_empty,38.0,34.0,36.0,ellipsoid,9,68.68810714260412,9.415475894616986,8.26132390674033,8.534699716036272,2.3538689736542464,2.0653309766850825,2.133674929009068,0.014649912714958191,0.00017229747027158737,0.00017229747027158737,False,False,,,0,False
v4_branch_69947eeb4b91c4f673bc,5,91,new_center,parent_to_0.25,0.0,0.25,g005_171732c0a4b51b10_0018,91,5.616575435851701e-06,g004_p000043_g003_p000050_g002_p000025_g001_p000057_empty,g005_p000091_g004_p000043_g003_p000050_g002_p000025_g001_p000057_empty,45.0,44.0,17.0,ellipsoid,9,35.80705781710681,11.46888412368184,15.635776690995273,13.404418128427867,2.86722103092046,3.9089441727488183,3.351104532106967,0.014686456881463528,0.00020884163677692413,0.00020884163677692413,False,False,,,0,False
v4_branch_72d83bcde2027aaa6ab7,5,92,new_center,parent_to_0.25,0.0,0.25,g005_171732c0a4b51b10_0018,92,5.606680133496411e-06,g004_p000043_g003_p000050_g002_p000025_g001_p000057_empty,g005_p000092_g004_p000043_g003_p000050_g002_p000025_g001_p000057_empty,38.0,28.0,16.0,ellipsoid,9,132.0936901168563,13.83901162063458,14.063787098679425,11.566869121191147,3.459752905158645,3.5159467746698563,2.8917172802977866,0.014722944237291813,0.00024532899260520935,0.00024532899260520935,False,False,,,0,False
v4_branch_9d2d4f493769cb4a6bcc,5,93,new_center,parent_to_0.25,0.0,0.25,g005_171732c0a4b51b10_0018,93,5.568593678617617e-06,g004_p000043_g003_p000050_g002_p000025_g001_p000057_empty,g005_p000093_g004_p000043_g003_p000050_g002_p000025_g001_p000057_empty,38.0,43.0,15.0,ellipsoid,9,156.98425074371147,15.612238835882808,13.1091205196041,13.482969309130324,3.903059708970702,3.277280129901025,3.370742327282581,0.01469028927385807,0.00021267402917146683,0.00021267402917146683,False,False,,,0,False
v4_branch_9eb5a0e3aa7ab094f0ac,5,94,new_center,parent_to_0.25,0.0,0.25,g005_171732c0a4b51b10_0018,94,5.568147116719047e-06,g004_p000043_g003_p000050_g002_p000025_g001_p000057_empty,g005_p000094_g004_p000043_g003_p000050_g002_p000025_g001_p000057_empty,39.0,29.0,16.0,ellipsoid,9,22.733729201272254,8.0334004398838,14.046080681865796,9.561269964674576,2.00835010997095,3.511520170466449,2.390317491168644,0.014715994708240032,0.00023837946355342865,0.00023837946355342865,False,False,,,0,False
v4_branch_dca6f5d01af4a861445a,5,95,new_center,parent_to_0.25,0.0,0.25,g005_171732c0a4b51b10_0018,95,5.547361979552079e-06,g004_p000043_g003_p000050_g002_p000025_g001_p000057_empty,g005_p000095_g004_p000043_g003_p000050_g002_p000025_g001_p000057_empty,17.0,21.0,23.0,ellipsoid,9,133.2482936860082,6.658643454805475,10.698028135226618,9.516892418029117,1.6646608637013687,2.6745070338066546,2.3792231045072794,0.014570841565728188,9.322632104158401e-05,9.322632104158401e-05,False,False,,,0,False
v4_branch_65bb1ce9ed148db41bf5,6,0,new_center,parent_to_0.25,0.0,0.25,g006_b73fbe172442e76c_0019,0,8.985492968349718e-06,g005_p000001_g004_p000001_g003_p000022_g002_p000007_g001_p000005_empty,g006_p000000_g005_p000001_g004_p000001_g003_p000022_g002_p000007_g001_p000005_empty,37.0,30.0,17.0,ellipsoid,9,52.03830304627074,15.413975542108862,12.68534149592307,13.269839470439425,3.8534938855272154,3.1713353739807677,3.3174598676098563,0.01471010223031044,0.0002123834565281868,0.00023248698562383652,False,False,,,0,False
v4_branch_f7dd15b0c03a347a61f1,6,6,new_center,parent_to_0.25,0.0,0.25,g006_b73fbe172442e76c_0019,1,8.667049769428559e-06,g005_p000001_g004_p000001_g003_p000022_g002_p000007_g001_p000005_empty,g006_p000006_g005_p000001_g004_p000001_g003_p000022_g002_p000007_g001_p000005_empty,34.0,43.0,22.0,ellipsoid,9,35.03647851493525,11.760635162303801,14.994100662706769,12.754798075207127,2.9401587905759503,3.7485251656766923,3.1886995188017817,0.01471010223031044,0.0002123834565281868,0.00023248698562383652,False,False,,,0,False
v4_branch_5a1d4275bfc0f1d1afe8,6,12,new_center,parent_to_0.25,0.0,0.25,g006_588f30090f30057b_0020,0,8.985492968349718e-06,g005_p000022_g004_p000007_g003_p000022_g002_p000007_g001_p000005_empty,g006_p000012_g005_p000022_g004_p000007_g003_p000022_g002_p000007_g001_p000005_empty,37.0,30.0,17.0,ellipsoid,9,168.2758473374561,14.343143983096592,15.088797045876,10.308126217876797,3.585785995774148,3.772199261469,2.5770315544691993,0.014742712490260601,0.0002449937164783478,0.0002650972455739975,False,False,,,0,False
v4_branch_395c34568fdd6dbee94f,6,18,new_center,parent_to_0.25,0.0,0.25,g006_588f30090f30057b_0020,1,8.79508752404945e-06,g005_p000022_g004_p000007_g003_p000022_g002_p000007_g001_p000005_empty,g006_p000018_g005_p000022_g004_p000007_g003_p000022_g002_p000007_g001_p000005_empty,43.0,56.0,39.0,ellipsoid,9,177.1005898291386,12.791890543312277,12.365264185633947,11.821507607193542,3.1979726358280693,3.091316046408487,2.9553769017983855,0.014742712490260601,0.0002449937164783478,0.0002650972455739975,False,False,,,0,False
v4_branch_623f4b7b7a6354d63901,6,24,new_center,parent_to_0.25,0.0,0.25,g006_87c00371e3067930_0021,0,8.985492968349718e-06,g005_p000032_g004_p000013_g003_p000032_g002_p000013_g001_p000029_empty,g006_p000024_g005_p000032_g004_p000013_g003_p000032_g002_p000013_g001_p000029_empty,37.0,30.0,17.0,ellipsoid,9,113.52617231873796,7.636725483968365,10.455208833089507,7.076398844261487,1.9091813709920913,2.613802208272377,1.7690997110653717,0.014607265591621399,0.00010954681783914566,0.00012965034693479538,False,False,,,0,False
v4_branch_acec3d0d6ffe75b166c9,6,30,new_center,parent_to_0.25,0.0,0.25,g006_87c00371e3067930_0021,1,8.79508752404945e-06,g005_p000032_g004_p000013_g003_p000032_g002_p000013_g001_p000029_empty,g006_p000030_g005_p000032_g004_p000013_g003_p000032_g002_p000013_g001_p000029_empty,43.0,56.0,39.0,ellipsoid,9,154.95599058529254,6.7828177114970725,15.113650246112472,10.749070082540566,1.6957044278742681,3.778412561528118,2.6872675206351415,0.014663474634289742,0.00016575586050748825,0.00018585938960313797,False,False,,,0,False
v4_branch_8b0a2652d5f0e483d0db,6,36,new_center,parent_to_0.25,0.0,0.25,g006_899522fb97882172_0022,0,8.985492968349718e-06,g005_p000054_g004_p000025_g003_p000033_g002_p000013_g001_p000029_empty,g006_p000036_g005_p000054_g004_p000025_g003_p000033_g002_p000013_g001_p000029_empty,37.0,30.0,17.0,dike_hemisphere,9,85.79976542496136,10.077724473013491,11.559113204594759,12.774180212332222,2.519431118253373,2.8897783011486897,3.1935450530830556,0.014605148695409298,0.00010742992162704468,0.0001275334507226944,False,False,,,0,False
v4_branch_7bea796689538e0c16e2,6,42,new_center,parent_to_0.25,0.0,0.25,g006_899522fb97882172_0022,1,8.79508752404945e-06,g005_p000054_g004_p000025_g003_p000033_g002_p000013_g001_p000029_empty,g006_p000042_g005_p000054_g004_p000025_g003_p000033_g002_p000013_g001_p000029_empty,43.0,56.0,39.0,dike_hemisphere,9,155.90612052932283,13.008378841831817,12.239750018565834,7.391768538840064,3.2520947104579543,3.0599375046414585,1.847942134710016,0.014679841697216034,0.00018212292343378067,0.0002022264525294304,False,False,,,0,False
v4_branch_ea4ddc5592a1b0a46c36,6,48,new_center,parent_to_0.25,0.0,0.25,g006_e6b32544a65ac534_0023,0,8.985492968349718e-06,g005_p000078_g004_p000037_g003_p000050_g002_p000025_g001_p000057_empty,g006_p000048_g005_p000078_g004_p000037_g003_p000050_g002_p000025_g001_p000057_empty,37.0,30.0,17.0,ellipsoid,9,10.30249348914831,6.298804938160405,10.230972708646817,7.694416485344418,1.5747012345401012,2.5577431771617043,1.9236041213361046,0.014607264660298824,0.00010954588651657104,0.00012964941561222076,False,False,,,0,False
v4_branch_be48aee616b5becd0362,6,54,new_center,parent_to_0.25,0.0,0.25,g006_e6b32544a65ac534_0023,1,8.79508752404945e-06,g005_p000078_g004_p000037_g003_p000050_g002_p000025_g001_p000057_empty,g006_p000054_g005_p000078_g004_p000037_g003_p000050_g002_p000025_g001_p000057_empty,43.0,56.0,39.0,ellipsoid,9,49.62880919215455,7.274418480510003,6.860454145857689,12.50881388781384,1.8186046201275008,1.7151135364644223,3.12720347195346,0.014517796225845814,2.0077452063560486e-05,4.0180981159210205e-05,False,False,,,0,False
v4_branch_cbbcb6252ea0841c2618,6,60,new_center,parent_to_0.25,0.0,0.25,g006_0c4ba1c3e18efba2_0024,0,8.985492968349718e-06,g005_p000082_g004_p000037_g003_p000050_g002_p000025_g001_p000057_empty,g006_p000060_g005_p000082_g004_p000037_g003_p000050_g002_p000025_g001_p000057_empty,37.0,30.0,17.0,ellipsoid,9,32.21771506124045,10.60768779534795,10.969425070980435,6.379194419518243,2.6519219488369874,2.7423562677451088,1.5947986048795608,0.014679841697216034,0.00018212292343378067,0.0002022264525294304,False,False,,,0,False
v4_branch_2facf2c59bd84b94ec15,6,66,new_center,parent_to_0.25,0.0,0.25,g006_0c4ba1c3e18efba2_0024,1,8.79508752404945e-06,g005_p000082_g004_p000037_g003_p000050_g002_p000025_g001_p000057_empty,g006_p000066_g005_p000082_g004_p000037_g003_p000050_g002_p000025_g001_p000057_empty,43.0,56.0,39.0,dike_hemisphere,9,91.93071402218182,10.755615851224885,15.644129349742254,8.280668138207565,2.6889039628062212,3.9110323374355636,2.070167034551891,0.014749963767826557,0.0002522449940443039,0.0002723485231399536,False,False,,,0,False
v4_branch_4f1aa26cfb8636271c73,6,72,new_center,parent_to_0.25,0.0,0.25,g006_278f6256a1662162_0025,0,8.985492968349718e-06,g005_p000040_g004_p000019_g003_p000032_g002_p000013_g001_p000029_empty,g006_p000072_g005_p000040_g004_p000019_g003_p000032_g002_p000013_g001_p000029_empty,37.0,30.0,17.0,ellipsoid,9,22.871971876282085,13.859349747902804,8.813053033664165,7.274460818566453,3.464837436975701,2.203263258416041,1.8186152046416133,0.014759267680346966,0.000254213809967041,0.00028165243566036224,False,False,,,0,False
v4_branch_c62915200604e2abbb33,6,78,new_center,parent_to_0.25,0.0,0.25,g006_278f6256a1662162_0025,1,8.79508752404945e-06,g005_p000040_g004_p000019_g003_p000032_g002_p000013_g001_p000029_empty,g006_p000078_g005_p000040_g004_p000019_g003_p000032_g002_p000013_g001_p000029_empty,43.0,56.0,39.0,ellipsoid,9,120.16480963297805,11.405388091777086,13.362104299643578,7.295995331843974,2.8513470229442714,3.3405260749108945,1.8239988329609935,0.014831099659204483,0.00032604578882455826,0.0003534844145178795,False,False,,,0,False
v4_branch_f841c08032de70f23348,6,84,new_center,parent_to_0.25,0.0,0.25,g006_c798554f4a959f93_0026,0,8.985492968349718e-06,g005_p000030_g004_p000013_g003_p000032_g002_p000013_g001_p000029_empty,g006_p000084_g005_p000030_g004_p000013_g003_p000032_g002_p000013_g001_p000029_empty,37.0,30.0,17.0,dike_hemisphere,9,105.70485855307118,11.215306770710589,8.80201185860421,10.496261016396803,2.803826692677647,2.2005029646510526,2.6240652540992007,0.01465073972940445,0.00013646669685840607,0.00017312448471784592,False,False,,,0,False
v4_branch_27d3300cb40347ca6839,6,90,new_center,parent_to_0.25,0.0,0.25,g006_c798554f4a959f93_0026,1,8.917765626392793e-06,g005_p000030_g004_p000013_g003_p000032_g002_p000013_g001_p000029_empty,g006_p000090_g005_p000030_g004_p000013_g003_p000032_g002_p000013_g001_p000029_empty,33.0,9.0,19.0,ellipsoid,9,88.39499704682362,12.974013615247936,11.450197173389359,13.1554042650031,3.243503403811984,2.8625492933473398,3.288851066250775,0.014759087935090065,0.0002448149025440216,0.00028147269040346146,False,False,,,0,False
v4_branch_2c5eaa068b6aedde5f30,7,0,new_center,parent_to_0.25,0.0,0.25,g007_78c071b6a244a938_0027,0,8.985492968349718e-06,g006_p000001_g005_p000001_g004_p000001_g003_p000022_g002_p000007_g001_p000005_empty,g007_p000000_g006_p000001_g005_p000001_g004_p000001_g003_p000022_g002_p000007_g001_p000005_empty,37.0,30.0,17.0,ellipsoid,9,46.18780739597198,9.854083678252243,8.622581957334877,9.857396965131478,2.4635209195630607,2.155645489333719,2.4643492412828696,0.014643598347902298,0.00016598310321569443,0.00016598310321569443,False,False,,,0,False
v4_branch_7012294b7dcc9ec58f8e,7,1,new_center,parent_to_0.25,0.0,0.25,g007_78c071b6a244a938_0027,1,8.79508752404945e-06,g006_p000001_g005_p000001_g004_p000001_g003_p000022_g002_p000007_g001_p000005_empty,g007_p000001_g006_p000001_g005_p000001_g004_p000001_g003_p000022_g002_p000007_g001_p000005_empty,43.0,56.0,39.0,dike_hemisphere,9,104.73153590284497,11.638377337561485,6.534392191505459,12.00566950856637,2.909594334390371,1.6335980478763648,3.0014173771415926,0.014541521668434143,6.390642374753952e-05,6.390642374753952e-05,False,False,,,0,False
v4_branch_49772d6147c6d0c7e5f3,7,2,new_center,parent_to_0.25,0.0,0.25,g007_78c071b6a244a938_0027,2,8.667049769428559e-06,g006_p000001_g005_p000001_g004_p000001_g003_p000022_g002_p000007_g001_p000005_empty,g007_p000002_g006_p000001_g005_p000001_g004_p000001_g003_p000022_g002_p000007_g001_p000005_empty,34.0,43.0,22.0,dike_hemisphere,9,41.78893720264963,13.111930001568902,7.98108955781181,10.400230736091107,3.2779825003922256,1.9952723894529525,2.6000576840227767,0.014628732576966286,0.00015111733227968216,0.00015111733227968216,False,False,,,0,False
v4_branch_06adfd99445cbf9efa6d,7,3,new_center,parent_to_0.25,0.0,0.25,g007_78c071b6a244a938_0027,3,8.366426300199237e-06,g006_p000001_g005_p000001_g004_p000001_g003_p000022_g002_p000007_g001_p000005_empty,g007_p000003_g006_p000001_g005_p000001_g004_p000001_g003_p000022_g002_p000007_g001_p000005_empty,51.0,45.0,19.0,ellipsoid,9,140.9315503412827,13.751471977154221,14.939994259923013,9.222417018245835,3.4378679942885553,3.7349985649807533,2.305604254561459,0.014788037165999413,0.000310421921312809,0.000310421921312809,False,False,,,0,False
v4_branch_1ed2fd9309013dd08d47,7,4,new_center,parent_to_0.25,0.0,0.25,g007_78c071b6a244a938_0027,4,8.018434527912177e-06,g006_p000001_g005_p000001_g004_p000001_g003_p000022_g002_p000007_g001_p000005_empty,g007_p000004_g006_p000001_g005_p000001_g004_p000001_g003_p000022_g002_p000007_g001_p000005_empty,59.0,5.0,19.0,dike_hemisphere,9,8.494192985278847,14.426853887546816,12.91800976762552,11.277025081394152,3.606713471886704,3.22950244190638,2.819256270348538,0.014679144136607647,0.0002015288919210434,0.0002015288919210434,False,False,,,0,False
v4_branch_8e4d96184a9c2d5d26f1,7,5,new_center,parent_to_0.25,0.0,0.25,g007_78c071b6a244a938_0027,5,8.018432708922774e-06,g006_p000001_g005_p000001_g004_p000001_g003_p000022_g002_p000007_g001_p000005_empty,g007_p000005_g006_p000001_g005_p000001_g004_p000001_g003_p000022_g002_p000007_g001_p000005_empty,59.0,4.0,19.0,dike_hemisphere,9,9.649544547173676,12.484871625532445,9.594236143872992,11.984687071867075,3.1212179063831114,2.398559035968248,2.9961717679667688,0.014578481204807758,0.00010086596012115479,0.00010086596012115479,False,False,,,0,False
v4_branch_62f55a9d7a48bcc4a91d,7,6,new_center,parent_to_0.25,0.0,0.25,g007_78c071b6a244a938_0027,6,7.5660245784092695e-06,g006_p000001_g005_p000001_g004_p000001_g003_p000022_g002_p000007_g001_p000005_empty,g007_p000006_g006_p000001_g005_p000001_g004_p000001_g003_p000022_g002_p000007_g001_p000005_empty,38.0,32.0,35.0,dike_hemisphere,9,21.75291138172159,9.656096439616402,10.35937927819531,9.001067770183894,2.4140241099041004,2.5898448195488273,2.2502669425459736,0.014585191383957863,0.00010757613927125931,0.00010757613927125931,False,False,,,0,False
v4_branch_38510f1bf68d3be4c610,7,7,new_center,parent_to_0.25,0.0,0.25,g007_78c071b6a244a938_0027,7,7.554219337180257e-06,g006_p000001_g005_p000001_g004_p000001_g003_p000022_g002_p000007_g001_p000005_empty,g007_p000007_g006_p000001_g005_p000001_g004_p000001_g003_p000022_g002_p000007_g001_p000005_empty,36.0,31.0,19.0,dike_hemisphere,9,172.92902471683416,10.140766879918647,6.49761501204089,13.727412890648115,2.535191719979662,1.6244037530102224,3.4318532226620286,0.014541521668434143,6.390642374753952e-05,6.390642374753952e-05,False,False,,,0,False
v4_branch_39aac16da9c6c13e68fc,7,8,new_center,parent_to_0.25,0.0,0.25,g007_78c071b6a244a938_0027,8,7.390586688416079e-06,g006_p000001_g005_p000001_g004_p000001_g003_p000022_g002_p000007_g001_p000005_empty,g007_p000008_g006_p000001_g005_p000001_g004_p000001_g003_p000022_g002_p000007_g001_p000005_empty,39.0,32.0,35.0,dike_hemisphere,9,110.71841975241344,9.708245247010113,15.900199096970807,13.917380996351621,2.4270613117525284,3.975049774242702,3.4793452490879053,0.01462507713586092,0.0001474618911743164,0.0001474618911743164,False,False,,,0,False
v4_branch_a3c34b9b0796bb1a34ac,7,9,new_center,parent_to_0.25,0.0,0.25,g007_78c071b6a244a938_0027,9,7.215148798422888e-06,g006_p000001_g005_p000001_g004_p000001_g003_p000022_g002_p000007_g001_p000005_empty,g007_p000009_g006_p000001_g005_p000001_g004_p000001_g003_p000022_g002_p000007_g001_p000005_empty,38.0,33.0,35.0,dike_hemisphere,9,172.42035839238608,8.484363505198491,11.780905823801195,12.008072544565653,2.121090876299623,2.9452264559502987,3.0020181361414133,0.014614866115152836,0.0001372508704662323,0.0001372508704662323,False,False,,,0,False
v4_branch_39eec76fcdc999c2f84c,7,10,new_center,parent_to_0.25,0.0,0.25,g007_78c071b6a244a938_0027,10,7.215148798422888e-06,g006_p000001_g005_p000001_g004_p000001_g003_p000022_g002_p000007_g001_p000005_empty,g007_p000010_g006_p000001_g005_p000001_g004_p000001_g003_p000022_g002_p000007_g001_p000005_empty,39.0,33.0,35.0,ellipsoid,9,105.50531347885001,7.080359237020989,12.246835511558018,6.784973259323482,1.7700898092552473,3.0617088778895045,1.6962433148308704,0.014587312005460262,0.00010969676077365875,0.00010969676077365875,False,False,,,0,False
v4_branch_bb136ae3b585bcb020c7,7,11,new_center,parent_to_0.25,0.0,0.25,g007_78c071b6a244a938_0027,11,7.183050001913216e-06,g006_p000001_g005_p000001_g004_p000001_g003_p000022_g002_p000007_g001_p000005_empty,g007_p000011_g006_p000001_g005_p000001_g004_p000001_g003_p000022_g002_p000007_g001_p000005_empty,45.0,38.0,17.0,dike_hemisphere,9,132.8939273869977,14.577574056295415,10.831902796128862,13.435683603291299,3.6443935140738537,2.7079756990322155,3.3589209008228247,0.014618264511227608,0.00014064926654100418,0.00014064926654100418,False,False,,,0,False
v4_branch_34af2db68820a7d054a1,7,12,new_center,parent_to_0.25,0.0,0.25,g007_78c071b6a244a938_0027,12,7.090032795531442e-06,g006_p000007_g005_p000001_g004_p000001_g003_p000022_g002_p000007_g001_p000005_empty,g007_p000012_g006_p000007_g005_p000001_g004_p000001_g003_p000022_g002_p000007_g001_p000005_empty,6.0,32.0,21.0,ellipsoid,9,128.28383628438434,12.148644345613185,10.814091906006277,6.0202467276152944,3.0371610864032963,2.7035229765015694,1.5050616819038236,0.014732303097844124,0.0002546878531575203,0.0002546878531575203,False,False,,,0,False
v4_branch_af1f7e7956f1dcfe4dbc,7,13,new_center,parent_to_0.25,0.0,0.25,g007_78c071b6a244a938_0027,13,7.045578058750834e-06,g006_p000007_g005_p000001_g004_p000001_g003_p000022_g002_p000007_g001_p000005_empty,g007_p000013_g006_p000007_g005_p000001_g004_p000001_g003_p000022_g002_p000007_g001_p000005_empty,44.0,38.0,17.0,dike_hemisphere,9,15.007954237284602,9.4810987973833,9.928380798222829,11.481261897341813,2.370274699345825,2.4820951995557072,2.8703154743354533,0.014585192315280437,0.00010757707059383392,0.00010757707059383392,False,False,,,0,False
v4_branch_520ab29792fc3afea369,7,14,new_center,parent_to_0.25,0.0,0.25,g007_78c071b6a244a938_0027,14,6.9269635787350126e-06,g006_p000007_g005_p000001_g004_p000001_g003_p000022_g002_p000007_g001_p000005_empty,g007_p000014_g006_p000007_g005_p000001_g004_p000001_g003_p000022_g002_p000007_g001_p000005_empty,11.0,49.0,17.0,dike_hemisphere,9,26.104781408173196,12.583541918333298,14.070570619874061,13.530862092082993,3.1458854795833244,3.5176426549685154,3.382715523020748,0.014697564765810966,0.00021994952112436295,0.00021994952112436295,False,False,,,0,False
v4_branch_005a771f0d456d3c3d70,7,15,new_center,parent_to_0.25,0.0,0.25,g007_78c071b6a244a938_0027,15,6.843950814072741e-06,g006_p000007_g005_p000001_g004_p000001_g003_p000022_g002_p000007_g001_p000005_empty,g007_p000015_g006_p000007_g005_p000001_g004_p000001_g003_p000022_g002_p000007_g001_p000005_empty,45.0,41.0,14.0,ellipsoid,9,102.45895095408805,7.3487765050760085,12.10928083507114,13.859444776604878,1.8371941262690021,3.027320208767785,3.4648611941512195,0.014537845738232136,6.0230493545532227e-05,6.0230493545532227e-05,False,False,,,0,False
v4_branch_8a283b48db847aaa86e6,7,16,new_center,parent_to_0.25,0.0,0.25,g007_78c071b6a244a938_0027,16,6.781237516406691e-06,g006_p000007_g005_p000001_g004_p000001_g003_p000022_g002_p000007_g001_p000005_empty,g007_p000016_g006_p000007_g005_p000001_g004_p000001_g003_p000022_g002_p000007_g001_p000005_empty,53.0,49.0,19.0,dike_hemisphere,9,96.78545467246461,9.794287138116381,10.19292016371569,7.779124750245012,2.4485717845290953,2.5482300409289227,1.944781187561253,0.014659986831247807,0.000182371586561203,0.000182371586561203,False,False,,,0,False
v4_branch_2fba8321aa072dbb012d,7,17,new_center,parent_to_0.25,0.0,0.25,g007_78c071b6a244a938_0027,17,6.742332971043652e-06,g006_p000007_g005_p000001_g004_p000001_g003_p000022_g002_p000007_g001_p000005_empty,g007_p000017_g006_p000007_g005_p000001_g004_p000001_g003_p000022_g002_p000007_g001_p000005_empty,41.0,45.0,15.0,ellipsoid,9,156.25065230572315,12.752785785371968,8.315269725178394,6.115093207675425,3.188196446342992,2.0788174312945986,1.5287733019188563,0.014732303097844124,0.0002546878531575203,0.0002546878531575203,False,False,,,0,False
v4_branch_66afc4055d7818d93d21,7,18,new_center,parent_to_0.25,0.0,0.25,g007_78c071b6a244a938_0027,18,6.723759270244045e-06,g006_p000007_g005_p000001_g004_p000001_g003_p000022_g002_p000007_g001_p000005_empty,g007_p000018_g006_p000007_g005_p000001_g004_p000001_g003_p000022_g002_p000007_g001_p000005_empty,40.0,34.0,36.0,dike_hemisphere,9,177.4612806563583,8.9233593575229,11.350520333440546,12.905403884562048,2.230839839380725,2.8376300833601364,3.226350971140512,0.014614424668252468,0.00013680942356586456,0.00013680942356586456,False,False,,,0,False
v4_branch_6d4daed80fab78facf3a,7,19,new_center,parent_to_0.25,0.0,0.25,g007_78c071b6a244a938_0027,19,6.723219030391192e-06,g006_p000007_g005_p000001_g004_p000001_g003_p000022_g002_p000007_g001_p000005_empty,g007_p000019_g006_p000007_g005_p000001_g004_p000001_g003_p000022_g002_p000007_g001_p000005_empty,43.0,40.0,14.0,dike_hemisphere,9,82.7073710429879,15.30083675863907,10.955193913645594,6.602902764465722,3.8252091896597675,2.7387984784113986,1.6507256911164305,0.014732303097844124,0.0002546878531575203,0.0002546878531575203,False,False,,,0,False
v4_branch_570f4e56fb47717897ee,7,20,new_center,parent_to_0.25,0.0,0.25,g007_78c071b6a244a938_0027,20,6.679286343569402e-06,g006_p000007_g005_p000001_g004_p000001_g003_p000022_g002_p000007_g001_p000005_empty,g007_p000020_g006_p000007_g005_p000001_g004_p000001_g003_p000022_g002_p000007_g001_p000005_empty,23.0,23.0,24.0,ellipsoid,9,83.5788854880082,11.476376862591948,15.865024298411546,10.482534124679603,2.869094215647987,3.9662560746028865,2.6206335311699007,0.014743704348802567,0.000266089104115963,0.000266089104115963,False,False,,,0,False
v4_branch_aef84430638357e33ddc,7,21,new_center,parent_to_0.25,0.0,0.25,g007_78c071b6a244a938_0027,21,6.649878287134925e-06,g006_p000007_g005_p000001_g004_p000001_g003_p000022_g002_p000007_g001_p000005_empty,g007_p000021_g006_p000007_g005_p000001_g004_p000001_g003_p000022_g002_p000007_g001_p000005_empty,40.0,44.0,15.0,ellipsoid,9,113.38804999502166,6.322826583604686,11.170574524150098,12.739689401188652,1.5807066459011716,2.7926436310375244,3.184922350297163,0.014570841565728188,9.322632104158401e-05,9.322632104158401e-05,False,False,,,0,False
v4_branch_aea3927477ecc41167b8,7,22,new_center,parent_to_0.25,0.0,0.25,g007_78c071b6a244a938_0027,22,6.551272235810757e-06,g006_p000007_g005_p000001_g004_p000001_g003_p000022_g002_p000007_g001_p000005_empty,g007_p000022_g006_p000007_g005_p000001_g004_p000001_g003_p000022_g002_p000007_g001_p000005_empty,8.0,47.0,20.0,ellipsoid,9,58.3077861554591,9.55799669901065,11.315066202405642,13.804387718406128,2.3894991747526624,2.8287665506014106,3.451096929601532,0.014577859081327915,0.00010024383664131165,0.00010024383664131165,False,False,,,0,False
v4_branch_ae8f82d5d4335d77142f,7,23,new_center,parent_to_0.25,0.0,0.25,g007_78c071b6a244a938_0027,23,6.53867982691736e-06,g006_p000007_g005_p000001_g004_p000001_g003_p000022_g002_p000007_g001_p000005_empty,g007_p000023_g006_p000007_g005_p000001_g004_p000001_g003_p000022_g002_p000007_g001_p000005_empty,38.0,29.0,37.0,dike_hemisphere,9,136.38603252306837,9.180918051827783,10.431460007622679,13.753163893444503,2.2952295129569458,2.6078650019056697,3.4382909733611258,0.014575166627764702,9.75513830780983e-05,9.75513830780983e-05,False,False,,,0,False
v4_branch_4e935ccee16ce872053e,7,24,new_center,parent_to_0.25,0.0,0.25,g007_78c071b6a244a938_0027,24,6.532626230182359e-06,g006_p000013_g005_p000022_g004_p000007_g003_p000022_g002_p000007_g001_p000005_empty,g007_p000024_g006_p000013_g005_p000022_g004_p000007_g003_p000022_g002_p000007_g001_p000005_empty,43.0,42.0,18.0,ellipsoid,9,165.15114868891158,6.484648611004115,10.760901646336354,11.691439747357924,1.6211621527510287,2.6902254115840885,2.922859936839481,0.014578137546777725,0.00010052230209112167,0.00010052230209112167,False,False,,,0,False
v4_branch_c8dbf8f9eec075913c4b,7,25,new_center,parent_to_0.25,0.0,0.25,g007_78c071b6a244a938_0027,25,6.525966000481276e-06,g006_p000013_g005_p000022_g004_p000007_g003_p000022_g002_p000007_g001_p000005_empty,g007_p000025_g006_p000013_g005_p000022_g004_p000007_g003_p000022_g002_p000007_g001_p000005_empty,46.0,42.0,17.0,dike_hemisphere,9,162.9780765259978,9.823099821332477,14.104460708180529,12.066353213472453,2.455774955333119,3.526115177045132,3.0165883033681133,0.0146578848361969,0.00018026959151029587,0.00018026959151029587,False,False,,,0,False
v4_branch_38140003fee0d40d7d50,7,26,new_center,parent_to_0.25,0.0,0.25,g007_78c071b6a244a938_0027,26,6.514942924695788e-06,g006_p000013_g005_p000022_g004_p000007_g003_p000022_g002_p000007_g001_p000005_empty,g007_p000026_g006_p000013_g005_p000022_g004_p000007_g003_p000022_g002_p000007_g001_p000005_empty,46.0,25.0,26.0,dike_hemisphere,9,90.25421607205678,10.083253599604603,8.483720421355153,12.299285944384696,2.520813399901151,2.1209301053387883,3.074821486096174,0.014614424668252468,0.00013680942356586456,0.00013680942356586456,False,False,,,0,False
v4_branch_4fd14e02ebee47125156,7,27,new_center,parent_to_0.25,0.0,0.25,g007_78c071b6a244a938_0027,27,6.510421371785924e-06,g006_p000013_g005_p000022_g004_p000007_g003_p000022_g002_p000007_g001_p000005_empty,g007_p000027_g006_p000013_g005_p000022_g004_p000007_g003_p000022_g002_p000007_g001_p000005_empty,37.0,10.0,20.0,ellipsoid,9,4.136481766344655,8.291093709336776,14.973792545782176,12.94249606954983,2.072773427334194,3.743448136445544,3.2356240173874573,0.014610765501856804,0.00013315025717020035,0.00013315025717020035,False,False,,,0,False
v4_branch_0ef0c27c6c3b0cd7ae9c,7,28,new_center,parent_to_0.25,0.0,0.25,g007_78c071b6a244a938_0027,28,6.451602530432865e-06,g006_p000013_g005_p000022_g004_p000007_g003_p000022_g002_p000007_g001_p000005_empty,g007_p000028_g006_p000013_g005_p000022_g004_p000007_g003_p000022_g002_p000007_g001_p000005_empty,48.0,40.0,17.0,dike_hemisphere,9,3.1765987926168338,8.812613083784392,7.773594889890752,9.029966764199633,2.203153270946098,1.943398722472688,2.2574916910499083,0.014570841565728188,9.322632104158401e-05,9.322632104158401e-05,False,False,,,0,False
v4_branch_427eba56ddb34bddfb21,7,29,new_center,parent_to_0.25,0.0,0.25,g007_78c071b6a244a938_0027,29,6.4409864535264205e-06,g006_p000013_g005_p000022_g004_p000007_g003_p000022_g002_p000007_g001_p000005_empty,g007_p000029_g006_p000013_g005_p000022_g004_p000007_g003_p000022_g002_p000007_g001_p000005_empty,37.0,32.0,35.0,dike_hemisphere,9,43.34749310766658,8.262833328571801,6.123718328617869,10.838233225816024,2.0657083321429504,1.5309295821544673,2.709558306454006,0.014497718773782253,2.010352909564972e-05,2.010352909564972e-05,False,False,,,0,False
v4_branch_097cdfed11885cef701a,7,30,new_center,parent_to_0.25,0.0,0.25,g007_78c071b6a244a938_0027,30,6.424249477277044e-06,g006_p000013_g005_p000022_g004_p000007_g003_p000022_g002_p000007_g001_p000005_empty,g007_p000030_g006_p000013_g005_p000022_g004_p000007_g003_p000022_g002_p000007_g001_p000005_empty,37.0,9.0,19.0,dike_hemisphere,9,101.8676181815255,7.002428573700245,15.247930774436858,12.564129641456507,1.7506071434250612,3.8119826936092145,3.1410324103641267,0.014537845738232136,6.0230493545532227e-05,6.0230493545532227e-05,False,False,,,0,False
v4_branch_327d8b7ae6c10ba5c276,7,31,new_center,parent_to_0.25,0.0,0.25,g007_78c071b6a244a938_0027,31,6.387008397723548e-06,g006_p000013_g005_p000022_g004_p000007_g003_p000022_g002_p000007_g001_p000005_empty,g007_p000031_g006_p000013_g005_p000022_g004_p000007_g003_p000022_g002_p000007_g001_p000005_empty,33.0,9.0,19.0,dike_hemisphere,9,116.71437825356786,14.39776290180529,13.877251261729121,10.517392944581054,3.5994407254513225,3.4693128154322803,2.6293482361452636,0.014672143384814262,0.00019452814012765884,0.00019452814012765884,False,False,,,0,False
v4_branch_860431218600b04208a6,7,32,new_center,parent_to_0.25,0.0,0.25,g007_78c071b6a244a938_0027,32,6.363593456626404e-06,g006_p000013_g005_p000022_g004_p000007_g003_p000022_g002_p000007_g001_p000005_empty,g007_p000032_g006_p000013_g005_p000022_g004_p000007_g003_p000022_g002_p000007_g001_p000005_empty,9.0,16.0,26.0,ellipsoid,9,0.9386647976187446,7.519584672134987,7.80862238343439,9.262558658508997,1.8798961680337467,1.9521555958585974,2.3156396646272492,0.014497718773782253,2.010352909564972e-05,2.010352909564972e-05,False,False,,,0,False
v4_branch_db566ec52f94795d5600,7,33,new_center,parent_to_0.25,0.0,0.25,g007_78c071b6a244a938_0027,33,6.359484814311145e-06,g006_p000013_g005_p000022_g004_p000007_g003_p000022_g002_p000007_g001_p000005_empty,g007_p000033_g006_p000013_g005_p000022_g004_p000007_g003_p000022_g002_p000007_g001_p000005_empty,30.0,59.0,18.0,ellipsoid,9,130.51933249860588,10.623313435309797,6.247352346872679,11.501659549268684,2.655828358827449,1.5618380867181698,2.875414887317171,0.014497718773782253,2.010352909564972e-05,2.010352909564972e-05,False,False,,,0,False
v4_branch_7d3507033ee452bda8f5,7,34,new_center,parent_to_0.25,0.0,0.25,g007_78c071b6a244a938_0027,34,6.327726168819936e-06,g006_p000013_g005_p000022_g004_p000007_g003_p000022_g002_p000007_g001_p000005_empty,g007_p000034_g006_p000013_g005_p000022_g004_p000007_g003_p000022_g002_p000007_g001_p000005_empty,40.0,34.0,19.0,dike_hemisphere,9,103.55227698272695,9.84637772859655,8.845685732338724,12.658638524674732,2.4615944321491376,2.211421433084681,3.164659631168683,0.014614424668252468,0.00013680942356586456,0.00013680942356586456,False,False,,,0,False
v4_branch_70510d4a1446bc22b663,7,35,new_center,parent_to_0.25,0.0,0.25,g007_78c071b6a244a938_0027,35,6.311662218649872e-06,g006_p000013_g005_p000022_g004_p000007_g003_p000022_g002_p000007_g001_p000005_empty,g007_p000035_g006_p000013_g005_p000022_g004_p000007_g003_p000022_g002_p000007_g001_p000005_empty,43.0,32.0,38.0,dike_hemisphere,9,40.23611143823878,13.283895114608072,7.806003573103033,13.067604187276721,3.320973778652018,1.9515008932757583,3.2669010468191804,0.014657877385616302,0.00018026214092969894,0.00018026214092969894,False,False,,,0,False
v4_branch_9f21d5017be91c0e17b9,7,36,new_center,parent_to_0.25,0.0,0.25,g007_78c071b6a244a938_0027,36,6.311662218649872e-06,g006_p000019_g005_p000022_g004_p000007_g003_p000022_g002_p000007_g001_p000005_empty,g007_p000036_g006_p000019_g005_p000022_g004_p000007_g003_p000022_g002_p000007_g001_p000005_empty,43.0,33.0,38.0,dike_hemisphere,9,19.474893661908553,7.216209278904477,10.690885594113158,12.259622756572378,1.8040523197261193,2.6727213985282896,3.0649056891430946,0.014541521668434143,6.390642374753952e-05,6.390642374753952e-05,False,False,,,0,False
v4_branch_95181c0f7788c29518b9,7,37,new_center,parent_to_0.25,0.0,0.25,g007_78c071b6a244a938_0027,37,6.307158855634043e-06,g006_p000019_g005_p000022_g004_p000007_g003_p000022_g002_p000007_g001_p000005_empty,g007_p000037_g006_p000019_g005_p000022_g004_p000007_g003_p000022_g002_p000007_g001_p000005_empty,43.0,38.0,17.0,ellipsoid,9,178.89135956055475,7.840417012160181,10.5113817122797,6.444244643565048,1.9601042530400452,2.627845428069925,1.611061160891262,0.014587312005460262,0.00010969676077365875,0.00010969676077365875,False,False,,,0,False
v4_branch_c527a94ae4a4adb28976,7,38,new_center,parent_to_0.25,0.0,0.25,g007_78c071b6a244a938_0027,38,6.3049660639080685e-06,g006_p000019_g005_p000022_g004_p000007_g003_p000022_g002_p000007_g001_p000005_empty,g007_p000038_g006_p000019_g005_p000022_g004_p000007_g003_p000022_g002_p000007_g001_p000005_empty,41.0,42.0,14.0,ellipsoid,9,111.47602089556946,7.451020356520424,13.205218724930436,9.754392006026894,1.862755089130106,3.301304681232609,2.4385980015067235,0.014644038863480091,0.00016642361879348755,0.00016642361879348755,False,False,,,0,False
v4_branch_9e1850bce545faf86e97,7,39,new_center,parent_to_0.25,0.0,0.25,g007_78c071b6a244a938_0027,39,6.295732418948319e-06,g006_p000019_g005_p000022_g004_p000007_g003_p000022_g002_p000007_g001_p000005_empty,g007_p000039_g006_p000019_g005_p000022_g004_p000007_g003_p000022_g002_p000007_g001_p000005_empty,10.0,33.0,16.0,ellipsoid,9,72.09686999073948,15.992710219617283,13.042472547360795,7.353648124620561,3.998177554904321,3.2606181368401987,1.8384120311551402,0.014794828370213509,0.00031721312552690506,0.00031721312552690506,False,False,,,0,False
v4_branch_2f7fc95bfcd364c93374,7,40,new_center,parent_to_0.25,0.0,0.25,g007_78c071b6a244a938_0027,40,6.29470196145121e-06,g006_p000019_g005_p000022_g004_p000007_g003_p000022_g002_p000007_g001_p000005_empty,g007_p000040_g006_p000019_g005_p000022_g004_p000007_g003_p000022_g002_p000007_g001_p000005_empty,50.0,22.0,21.0,dike_hemisphere,9,79.60237565160531,12.066900159781241,15.676764954681957,7.122666441393507,3.0167250399453103,3.9191912386704892,1.7806666103483768,0.014694827608764172,0.00021721236407756805,0.00021721236407756805,False,False,,,0,False
v4_branch_519ba04713ed9d6b0a0a,7,41,new_center,parent_to_0.25,0.0,0.25,g007_78c071b6a244a938_0027,41,6.287179076025495e-06,g006_p000019_g005_p000022_g004_p000007_g003_p000022_g002_p000007_g001_p000005_empty,g007_p000041_g006_p000019_g005_p000022_g004_p000007_g003_p000022_g002_p000007_g001_p000005_empty,57.0,20.0,37.0,dike_hemisphere,9,152.27738957785232,11.504001776288508,7.916312112397938,11.921197209340818,2.876000444072127,1.9790780280994844,2.9802993023352045,0.014614424668252468,0.00013680942356586456,0.00013680942356586456,False,False,,,0,False
v4_branch_0ab34037d94df97a96a0,7,42,new_center,parent_to_0.25,0.0,0.25,g007_78c071b6a244a938_0027,42,6.26554856353323e-06,g006_p000019_g005_p000022_g004_p000007_g003_p000022_g002_p000007_g001_p000005_empty,g007_p000042_g006_p000019_g005_p000022_g004_p000007_g003_p000022_g002_p000007_g001_p000005_empty,38.0,31.0,35.0,ellipsoid,9,5.949591064330624,10.888529667786699,13.15080731986982,8.863085530062724,2.7221324169466747,3.287701829967455,2.215771382515681,0.01478804461658001,0.0003104293718934059,0.0003104293718934059,False,False,,,0,False
v4_branch_c06570c622acf1f34e87,7,43,new_center,parent_to_0.25,0.0,0.25,g007_78c071b6a244a938_0027,43,6.255749667616328e-06,g006_p000019_g005_p000022_g004_p000007_g003_p000022_g002_p000007_g001_p000005_empty,g007_p000043_g006_p000019_g005_p000022_g004_p000007_g003_p000022_g002_p000007_g001_p000005_empty,8.0,30.0,19.0,dike_hemisphere,9,29.119529275134695,8.810110712929111,9.91508450163294,9.477519571986154,2.202527678232278,2.478771125408235,2.3693798929965384,0.014614424668252468,0.00013680942356586456,0.00013680942356586456,False,False,,,0,False
v4_branch_08e14e7d19062fb848dd,7,44,new_center,parent_to_0.25,0.0,0.25,g007_78c071b6a244a938_0027,44,6.180034233693732e-06,g006_p000019_g005_p000022_g004_p000007_g003_p000022_g002_p000007_g001_p000005_empty,g007_p000044_g006_p000019_g005_p000022_g004_p000007_g003_p000022_g002_p000007_g001_p000005_empty,45.0,40.0,14.0,dike_hemisphere,9,13.594507321242745,12.108487620282625,9.079156975823274,9.482889460585621,3.0271219050706564,2.2697892439558185,2.3707223651464053,0.014614424668252468,0.00013680942356586456,0.00013680942356586456,False,False,,,0,False
v4_branch_e88e02884e1681ba7f22,7,45,new_center,parent_to_0.25,0.0,0.25,g007_78c071b6a244a938_0027,45,6.172485427669017e-06,g006_p000019_g005_p000022_g004_p000007_g003_p000022_g002_p000007_g001_p000005_empty,g007_p000045_g006_p000019_g005_p000022_g004_p000007_g003_p000022_g002_p000007_g001_p000005_empty,42.0,56.0,39.0,ellipsoid,9,132.3740142222809,14.912546881856358,9.605713508936025,7.676609764392159,3.7281367204640894,2.4014283772340064,1.9191524410980398,0.014751341193914413,0.0002737259492278099,0.0002737259492278099,False,False,,,0,False
v4_branch_079d3316c1b72cd0fc38,7,46,new_center,parent_to_0.25,0.0,0.25,g007_78c071b6a244a938_0027,46,6.150815806904575e-06,g006_p000019_g005_p000022_g004_p000007_g003_p000022_g002_p000007_g001_p000005_empty,g007_p000046_g006_p000019_g005_p000022_g004_p000007_g003_p000022_g002_p000007_g001_p000005_empty,8.0,42.0,18.0,ellipsoid,9,93.53596222267048,14.235046586960483,8.275949826342547,13.143556368816672,3.5587616467401206,2.0689874565856368,3.285889092204168,0.014610766433179379,0.00013315118849277496,0.00013315118849277496,False,False,,,0,False
v4_branch_6cde42e27a50cec89dc4,7,47,new_center,parent_to_0.25,0.0,0.25,g007_78c071b6a244a938_0027,47,6.148136890260503e-06,g006_p000019_g005_p000022_g004_p000007_g003_p000022_g002_p000007_g001_p000005_empty,g007_p000047_g006_p000019_g005_p000022_g004_p000007_g003_p000022_g002_p000007_g001_p000005_empty,46.0,41.0,14.0,dike_hemisphere,9,18.700590236136033,7.234259675902569,13.77837698590578,6.661028781270863,1.8085649189756423,3.444594246476445,1.6652571953177158,0.014587312005460262,0.00010969676077365875,0.00010969676077365875,False,False,,,0,False
v4_branch_1a4e8b64c752bb0af7eb,7,48,new_center,parent_to_0.25,0.0,0.25,g007_78c071b6a244a938_0027,48,6.120567832113011e-06,g006_p000025_g005_p000032_g004_p000013_g003_p000032_g002_p000013_g001_p000029_empty,g007_p000048_g006_p000025_g005_p000032_g004_p000013_g003_p000032_g002_p000013_g001_p000029_empty,37.0,33.0,35.0,dike_hemisphere,9,51.147653941599536,15.935195722945773,8.961851654641304,8.119689352868496,3.983798930736443,2.240462913660326,2.029922338217124,0.014629615470767021,0.00015200022608041763,0.00015200022608041763,False,False,,,0,False
v4_branch_63117905de8f8b03b66b,7,49,new_center,parent_to_0.25,0.0,0.25,g007_78c071b6a244a938_0027,49,6.076442787161795e-06,g006_p000025_g005_p000032_g004_p000013_g003_p000032_g002_p000013_g001_p000029_empty,g007_p000049_g006_p000025_g005_p000032_g004_p000013_g003_p000032_g002_p000013_g001_p000029_empty,38.0,8.0,18.0,dike_hemisphere,9,69.85662454018572,7.3069157661265285,12.561394675599141,12.427711953231709,1.8267289415316321,3.1403486688997853,3.1069279883079273,0.014541521668434143,6.390642374753952e-05,6.390642374753952e-05,False,False,,,0,False
v4_branch_6e6d75ecd696c06c7c09,7,50,new_center,parent_to_0.25,0.0,0.25,g007_78c071b6a244a938_0027,50,6.069045412004925e-06,g006_p000025_g005_p000032_g004_p000013_g003_p000032_g002_p000013_g001_p000029_empty,g007_p000050_g006_p000025_g005_p000032_g004_p000013_g003_p000032_g002_p000013_g001_p000029_empty,37.0,13.0,19.0,dike_hemisphere,9,159.64137759213003,7.41658509351989,9.475027116159902,8.723150056171388,1.8541462733799725,2.3687567790399755,2.180787514042847,0.014570841565728188,9.322632104158401e-05,9.322632104158401e-05,False,False,,,0,False
v4_branch_0fab4312357326ca3fad,7,51,new_center,parent_to_0.25,0.0,0.25,g007_78c071b6a244a938_0027,51,6.025367383699631e-06,g006_p000025_g005_p000032_g004_p000013_g003_p000032_g002_p000013_g001_p000029_empty,g007_p000051_g006_p000025_g005_p000032_g004_p000013_g003_p000032_g002_p000013_g001_p000029_empty,42.0,28.0,39.0,ellipsoid,9,21.479152873504102,6.073337107708323,6.473973838266559,13.141494936086678,1.5183342769270807,1.6184934595666398,3.2853737340216695,0.014497720636427402,2.010539174079895e-05,2.010539174079895e-05,False,False,,,0,False
v4_branch_d062843a1d676ddebc3b,7,52,new_center,parent_to_0.25,0.0,0.25,g007_78c071b6a244a938_0027,52,6.024877620802727e-06,g006_p000025_g005_p000032_g004_p000013_g003_p000032_g002_p000013_g001_p000029_empty,g007_p000052_g006_p000025_g005_p000032_g004_p000013_g003_p000032_g002_p000013_g001_p000029_empty,42.0,29.0,39.0,ellipsoid,9,121.27133277948522,11.742567984922564,9.303280949603622,13.789214773335173,2.935641996230641,2.3258202374009054,3.4473036933337933,0.014683323912322521,0.00020570866763591766,0.00020570866763591766,False,False,,,0,False
v4_branch_bf46bedd7429a8008a6b,7,53,new_center,parent_to_0.25,0.0,0.25,g007_78c071b6a244a938_0027,53,6.024580670782598e-06,g006_p000025_g005_p000032_g004_p000013_g003_p000032_g002_p000013_g001_p000029_empty,g007_p000053_g006_p000025_g005_p000032_g004_p000013_g003_p000032_g002_p000013_g001_p000029_empty,39.0,34.0,19.0,dike_hemisphere,9,150.52906298246089,13.53071240371743,9.177562525459598,10.322646357589182,3.3826781009293576,2.2943906313648994,2.5806615893972955,0.0146480156108737,0.00017040036618709564,0.00017040036618709564,False,False,,,0,False
v4_branch_59aee5d6e0b21b7a0cca,7,54,new_center,parent_to_0.25,0.0,0.25,g007_78c071b6a244a938_0027,54,6.010429842717713e-06,g006_p000025_g005_p000032_g004_p000013_g003_p000032_g002_p000013_g001_p000029_empty,g007_p000054_g006_p000025_g005_p000032_g004_p000013_g003_p000032_g002_p000013_g001_p000029_empty,30.0,58.0,18.0,dike_hemisphere,9,16.89931688869928,7.603827813724797,7.351370087857637,10.345305239030761,1.9009569534311992,1.8378425219644092,2.5863263097576903,0.014497718773782253,2.010352909564972e-05,2.010352909564972e-05,False,False,,,0,False
v4_branch_8fb72e6b2a97f1ad83af,7,55,new_center,parent_to_0.25,0.0,0.25,g007_78c071b6a244a938_0027,55,5.989137662254507e-06,g006_p000025_g005_p000032_g004_p000013_g003_p000032_g002_p000013_g001_p000029_empty,g007_p000055_g006_p000025_g005_p000032_g004_p000013_g003_p000032_g002_p000013_g001_p000029_empty,44.0,40.0,14.0,dike_hemisphere,9,31.345832188898605,11.451465468806408,13.293681936806326,11.264373940461414,2.862866367201602,3.3234204842015815,2.8160934851153536,0.014701202511787415,0.000223587267100811,0.000223587267100811,False,False,,,0,False
v4_branch_aeab00da03abe19b1465,7,56,new_center,parent_to_0.25,0.0,0.25,g007_78c071b6a244a938_0027,56,5.985899406368844e-06,g006_p000025_g005_p000032_g004_p000013_g003_p000032_g002_p000013_g001_p000029_empty,g007_p000056_g006_p000025_g005_p000032_g004_p000013_g003_p000032_g002_p000013_g001_p000029_empty,59.0,48.0,22.0,dike_hemisphere,9,77.40404149284294,7.542065965621324,15.00053423653081,13.061239035884995,1.885516491405331,3.7501335591327023,3.2653097589712488,0.014537845738232136,6.0230493545532227e-05,6.0230493545532227e-05,False,False,,,0,False
v4_branch_23cda21e7ec47bddb792,7,57,new_center,parent_to_0.25,0.0,0.25,g007_78c071b6a244a938_0027,57,5.983698883937905e-06,g006_p000025_g005_p000032_g004_p000013_g003_p000032_g002_p000013_g001_p000029_empty,g007_p000057_g006_p000025_g005_p000032_g004_p000013_g003_p000032_g002_p000013_g001_p000029_empty,5.0,36.0,19.0,ellipsoid,9,20.748575068526332,6.258919459203795,13.553534018078224,11.509173930497465,1.5647298648009487,3.388383504519556,2.877293482624366,0.014537843875586987,6.0228630900382996e-05,6.0228630900382996e-05,False,False,,,0,False
v4_branch_49a745f747f636714559,7,58,new_center,parent_to_0.25,0.0,0.25,g007_78c071b6a244a938_0027,58,5.970588517811848e-06,g006_p000025_g005_p000032_g004_p000013_g003_p000032_g002_p000013_g001_p000029_empty,g007_p000058_g006_p000025_g005_p000032_g004_p000013_g003_p000032_g002_p000013_g001_p000029_empty,41.0,40.0,15.0,dike_hemisphere,9,179.84686742722644,9.66508166311105,11.224706196955514,8.41839729863557,2.4162704157777624,2.8061765492388786,2.1045993246588925,0.014585192315280437,0.00010757707059383392,0.00010757707059383392,False,False,,,0,False
v4_branch_23c2bf45334c33fea3bf,7,59,new_center,parent_to_0.25,0.0,0.25,g007_78c071b6a244a938_0027,59,5.956358563707909e-06,g006_p000025_g005_p000032_g004_p000013_g003_p000032_g002_p000013_g001_p000029_empty,g007_p000059_g006_p000025_g005_p000032_g004_p000013_g003_p000032_g002_p000013_g001_p000029_empty,53.0,29.0,22.0,ellipsoid,9,137.76257523217643,11.035732100028879,15.596038215105283,9.067309599969047,2.7589330250072197,3.8990095537763207,2.2668273999922617,0.014715994708240032,0.00023837946355342865,0.00023837946355342865,False,False,,,0,False
v4_branch_41e68a84db43c8389aa1,7,60,new_center,parent_to_0.25,0.0,0.25,g007_78c071b6a244a938_0027,60,5.930791303399019e-06,g006_p000031_g005_p000032_g004_p000013_g003_p000032_g002_p000013_g001_p000029_empty,g007_p000060_g006_p000031_g005_p000032_g004_p000013_g003_p000032_g002_p000013_g001_p000029_empty,47.0,39.0,17.0,ellipsoid,9,109.57911906633552,11.191117660756403,14.638430560510207,10.773897747207432,2.7977794151891007,3.6596076401275517,2.693474436801858,0.014755526557564735,0.00027791131287813187,0.00027791131287813187,False,False,,,0,False
v4_branch_278196d787ec6d543ae0,7,61,new_center,parent_to_0.25,0.0,0.25,g007_78c071b6a244a938_0027,61,5.922518539591692e-06,g006_p000031_g005_p000032_g004_p000013_g003_p000032_g002_p000013_g001_p000029_empty,g007_p000061_g006_p000031_g005_p000032_g004_p000013_g003_p000032_g002_p000013_g001_p000029_empty,37.0,34.0,37.0,dike_hemisphere,9,138.04347182677026,14.300061839286597,7.894334546902304,8.262008933740411,3.5750154598216493,1.973583636725576,2.0655022334351028,0.014610977843403816,0.00013336259871721268,0.00013336259871721268,False,False,,,0,False
v4_branch_ef9d5eba22003c65f6ff,7,62,new_center,parent_to_0.25,0.0,0.25,g007_78c071b6a244a938_0027,62,5.918545866734348e-06,g006_p000031_g005_p000032_g004_p000013_g003_p000032_g002_p000013_g001_p000029_empty,g007_p000062_g006_p000031_g005_p000032_g004_p000013_g003_p000032_g002_p000013_g001_p000029_empty,40.0,32.0,36.0,dike_hemisphere,9,7.943230895293203,11.883803196352789,13.655698886964117,9.70687491051278,2.970950799088197,3.4139247217410293,2.426718727628195,0.01473020389676094,0.000252588652074337,0.000252588652074337,False,False,,,0,False
v4_branch_5791a4e36b122ca99b69,7,63,new_center,parent_to_0.25,0.0,0.25,g007_78c071b6a244a938_0027,63,5.898290510231163e-06,g006_p000031_g005_p000032_g004_p000013_g003_p000032_g002_p000013_g001_p000029_empty,g007_p000063_g006_p000031_g005_p000032_g004_p000013_g003_p000032_g002_p000013_g001_p000029_empty,59.0,47.0,22.0,dike_hemisphere,9,114.58172879481575,6.8829063653383615,6.474964905713794,12.345750922838501,1.7207265913345904,1.6187412264284484,3.0864377307096253,0.014497718773782253,2.010352909564972e-05,2.010352909564972e-05,False,False,,,0,False
v4_branch_2a29645d52dd6822db85,7,64,new_center,parent_to_0.25,0.0,0.25,g007_78c071b6a244a938_0027,64,5.891203727514949e-06,g006_p000031_g005_p000032_g004_p000013_g003_p000032_g002_p000013_g001_p000029_empty,g007_p000064_g006_p000031_g005_p000032_g004_p000013_g003_p000032_g002_p000013_g001_p000029_empty,9.0,48.0,20.0,ellipsoid,9,121.12488183370625,6.437052825351582,7.088745643883,12.609611949470663,1.6092632063378955,1.77218641097075,3.1524029873676658,0.014497720636427402,2.010539174079895e-05,2.010539174079895e-05,False,False,,,0,False
v4_branch_523ba93aeab56b46ed49,7,65,new_center,parent_to_0.25,0.0,0.25,g007_78c071b6a244a938_0027,65,5.889555723115336e-06,g006_p000031_g005_p000032_g004_p000013_g003_p000032_g002_p000013_g001_p000029_empty,g007_p000065_g006_p000031_g005_p000032_g004_p000013_g003_p000032_g002_p000013_g001_p000029_empty,47.0,40.0,17.0,dike_hemisphere,9,98.82148127024266,10.640375457124176,14.564354108663085,6.678206573329139,2.660093864281044,3.6410885271657714,1.6695516433322848,0.014659986831247807,0.000182371586561203,0.000182371586561203,False,False,,,0,False
v4_branch_039205d14a946c9c3fab,7,66,new_center,parent_to_0.25,0.0,0.25,g007_78c071b6a244a938_0027,66,5.884995516680647e-06,g006_p000031_g005_p000032_g004_p000013_g003_p000032_g002_p000013_g001_p000029_empty,g007_p000066_g006_p000031_g005_p000032_g004_p000013_g003_p000032_g002_p000013_g001_p000029_empty,36.0,35.0,35.0,dike_hemisphere,9,125.22749060632299,6.362709439376569,6.563017260217925,13.339898503634155,1.5906773598441422,1.6407543150544812,3.3349746259085387,0.014497720636427402,2.010539174079895e-05,2.010539174079895e-05,False,False,,,0,False
v4_branch_8040811af75c9ffc7acf,7,67,new_center,parent_to_0.25,0.0,0.25,g007_78c071b6a244a938_0027,67,5.884995061933296e-06,g006_p000031_g005_p000032_g004_p000013_g003_p000032_g002_p000013_g001_p000029_empty,g007_p000067_g006_p000031_g005_p000032_g004_p000013_g003_p000032_g002_p000013_g001_p000029_empty,36.0,36.0,35.0,dike_hemisphere,9,61.53866991546839,6.358548817071448,12.856127191604067,7.998271320687989,1.589637204267862,3.2140317979010167,1.9995678301719972,0.014587312005460262,0.00010969676077365875,0.00010969676077365875,False,False,,,0,False
v4_branch_dca1be253c35fdb6a343,7,68,new_center,parent_to_0.25,0.0,0.25,g007_78c071b6a244a938_0027,68,5.880565822735662e-06,g006_p000031_g005_p000032_g004_p000013_g003_p000032_g002_p000013_g001_p000029_empty,g007_p000068_g006_p000031_g005_p000032_g004_p000013_g003_p000032_g002_p000013_g001_p000029_empty,39.0,30.0,16.0,ellipsoid,9,142.2157781572656,12.68010498488341,10.750850006068305,10.310643454781818,3.1700262462208526,2.687712501517076,2.5776608636954546,0.014715994708240032,0.00023837946355342865,0.00023837946355342865,False,False,,,0,False
v4_branch_6f257c1c4fc4346a1054,7,69,new_center,parent_to_0.25,0.0,0.25,g007_78c071b6a244a938_0027,69,5.863353180757258e-06,g006_p000031_g005_p000032_g004_p000013_g003_p000032_g002_p000013_g001_p000029_empty,g007_p000069_g006_p000031_g005_p000032_g004_p000013_g003_p000032_g002_p000013_g001_p000029_empty,59.0,20.0,39.0,dike_hemisphere,9,58.98680139159832,12.129153714638296,9.403783473974984,13.372701215787652,3.032288428659574,2.350945868493746,3.343175303946913,0.014657877385616302,0.00018026214092969894,0.00018026214092969894,False,False,,,0,False
v4_branch_073a2a3160f53ceb5289,7,70,new_center,parent_to_0.25,0.0,0.25,g007_78c071b6a244a938_0027,70,5.839999175805133e-06,g006_p000031_g005_p000032_g004_p000013_g003_p000032_g002_p000013_g001_p000029_empty,g007_p000070_g006_p000031_g005_p000032_g004_p000013_g003_p000032_g002_p000013_g001_p000029_empty,53.0,41.0,22.0,ellipsoid,9,174.2582106365119,15.453732892484284,6.044219253618284,10.195757121806794,3.863433223121071,1.511054813404571,2.5489392804516986,0.014537845738232136,6.0230493545532227e-05,6.0230493545532227e-05,False,False,,,0,False
v4_branch_4fd3776eefe6f0e9701b,7,71,new_center,parent_to_0.25,0.0,0.25,g007_78c071b6a244a938_0027,71,5.8368600548419636e-06,g006_p000031_g005_p000032_g004_p000013_g003_p000032_g002_p000013_g001_p000029_empty,g007_p000071_g006_p000031_g005_p000032_g004_p000013_g003_p000032_g002_p000013_g001_p000029_empty,35.0,35.0,35.0,ellipsoid,9,116.2405685528428,6.2604128740757385,9.81428036524835,11.267764527067175,1.5651032185189346,2.4535700913120877,2.816941131766794,0.014570841565728188,9.322632104158401e-05,9.322632104158401e-05,False,False,,,0,False
v4_branch_ff1199dca3f9d100e8eb,7,72,new_center,parent_to_0.25,0.0,0.25,g007_78c071b6a244a938_0027,72,5.833514933328843e-06,g006_p000037_g005_p000054_g004_p000025_g003_p000033_g002_p000013_g001_p000029_empty,g007_p000072_g006_p000037_g005_p000054_g004_p000025_g003_p000033_g002_p000013_g001_p000029_empty,35.0,34.0,35.0,ellipsoid,9,1.2378484034067583,14.786540605066675,15.190371952991645,7.191246315635627,3.6966351512666686,3.7975929882479114,1.7978115789089069,0.014804692007601261,0.0003270767629146576,0.0003270767629146576,False,False,,,0,False
v4_branch_55ed1d7f6d3657c2acde,7,73,new_center,parent_to_0.25,0.0,0.25,g007_78c071b6a244a938_0027,73,5.8307487051934e-06,g006_p000037_g005_p000054_g004_p000025_g003_p000033_g002_p000013_g001_p000029_empty,g007_p000073_g006_p000037_g005_p000054_g004_p000025_g003_p000033_g002_p000013_g001_p000029_empty,55.0,47.0,21.0,dike_hemisphere,9,163.50249241635697,10.525163544726468,8.521916793691148,7.284092870081975,2.631290886181617,2.130479198422787,1.8210232175204937,0.014587312005460262,0.00010969676077365875,0.00010969676077365875,False,False,,,0,False
v4_branch_fa4fcc13a4c637f2689d,7,74,new_center,parent_to_0.25,0.0,0.25,g007_78c071b6a244a938_0027,74,5.830170266563073e-06,g006_p000037_g005_p000054_g004_p000025_g003_p000033_g002_p000013_g001_p000029_empty,g007_p000074_g006_p000037_g005_p000054_g004_p000025_g003_p000033_g002_p000013_g001_p000029_empty,8.0,40.0,19.0,ellipsoid,9,63.033734862422605,11.783516988040681,7.450407913530318,11.505755363099492,2.9458792470101702,1.8626019783825796,2.876438840774873,0.014570841565728188,9.322632104158401e-05,9.322632104158401e-05,False,False,,,0,False
v4_branch_53898ba6088e9d6888df,7,75,new_center,parent_to_0.25,0.0,0.25,g007_78c071b6a244a938_0027,75,5.749458068748936e-06,g006_p000037_g005_p000054_g004_p000025_g003_p000033_g002_p000013_g001_p000029_empty,g007_p000075_g006_p000037_g005_p000054_g004_p000025_g003_p000033_g002_p000013_g001_p000029_empty,53.0,42.0,21.0,ellipsoid,9,132.74798933675706,15.078125665540309,9.21812984831974,12.430141202155195,3.7695314163850773,2.304532462079935,3.1075353005387987,0.01461776439100504,0.00014014914631843567,0.00014014914631843567,False,False,,,0,False
v4_branch_a842693f3f755f74e515,7,76,new_center,parent_to_0.25,0.0,0.25,g007_78c071b6a244a938_0027,76,5.746374881709926e-06,g006_p000037_g005_p000054_g004_p000025_g003_p000033_g002_p000013_g001_p000029_empty,g007_p000076_g006_p000037_g005_p000054_g004_p000025_g003_p000033_g002_p000013_g001_p000029_empty,9.0,31.0,19.0,dike_hemisphere,9,154.3604366775934,14.591496399783038,9.840355084651193,11.042488996343785,3.6478740999457595,2.4600887711627983,2.7606222490859462,0.014628732576966286,0.00015111733227968216,0.00015111733227968216,False,False,,,0,False
v4_branch_df2787948fd94d9aeeaf,7,77,new_center,parent_to_0.25,0.0,0.25,g007_78c071b6a244a938_0027,77,5.743107521993807e-06,g006_p000037_g005_p000054_g004_p000025_g003_p000033_g002_p000013_g001_p000029_empty,g007_p000077_g006_p000037_g005_p000054_g004_p000025_g003_p000033_g002_p000013_g001_p000029_empty,40.0,33.0,36.0,ellipsoid,9,139.1852973675288,15.681530009285607,6.648091781512836,10.49331271862389,3.920382502321402,1.662022945378209,2.6233281796559726,0.014715994708240032,0.00023837946355342865,0.00023837946355342865,False,False,,,0,False
v4_branch_b1e0734a4a43d8b811be,7,78,new_center,parent_to_0.25,0.0,0.25,g007_78c071b6a244a938_0027,78,5.7374882089789025e-06,g006_p000037_g005_p000054_g004_p000025_g003_p000033_g002_p000013_g001_p000029_empty,g007_p000078_g006_p000037_g005_p000054_g004_p000025_g003_p000033_g002_p000013_g001_p000029_empty,59.0,44.0,22.0,dike_hemisphere,9,38.66014510397217,15.02953275711983,9.773116744237559,12.72159347579332,3.7573831892799574,2.4432791860593897,3.18039836894833,0.014614241197705269,0.00013662595301866531,0.00013662595301866531,False,False,,,0,False
v4_branch_122932be556649d0e038,7,79,new_center,parent_to_0.25,0.0,0.25,g007_78c071b6a244a938_0027,79,5.734471415053122e-06,g006_p000037_g005_p000054_g004_p000025_g003_p000033_g002_p000013_g001_p000029_empty,g007_p000079_g006_p000037_g005_p000054_g004_p000025_g003_p000033_g002_p000013_g001_p000029_empty,11.0,58.0,21.0,ellipsoid,9,59.219998034217035,8.057111898668111,8.769449815397302,10.681903452537611,2.014277974667028,2.1923624538493254,2.6704758631344028,0.014662752859294415,0.00018513761460781097,0.00018513761460781097,False,False,,,0,False
v4_branch_b4ce58fb5a680d5d904b,7,80,new_center,parent_to_0.25,0.0,0.25,g007_78c071b6a244a938_0027,80,5.72419548916514e-06,g006_p000037_g005_p000054_g004_p000025_g003_p000033_g002_p000013_g001_p000029_empty,g007_p000080_g006_p000037_g005_p000054_g004_p000025_g003_p000033_g002_p000013_g001_p000029_empty,58.0,46.0,22.0,dike_hemisphere,9,66.41690069776136,8.738370656544921,14.876157435801929,7.514701484469086,2.1845926641362303,3.719039358950482,1.8786753711172715,0.014659986831247807,0.000182371586561203,0.000182371586561203,False,False,,,0,False
v4_branch_9604b6562d2a9a3396b7,7,81,new_center,parent_to_0.25,0.0,0.25,g007_78c071b6a244a938_0027,81,5.712569418392377e-06,g006_p000037_g005_p000054_g004_p000025_g003_p000033_g002_p000013_g001_p000029_empty,g007_p000081_g006_p000037_g005_p000054_g004_p000025_g003_p000033_g002_p000013_g001_p000029_empty,40.0,38.0,37.0,ellipsoid,9,126.18580887205954,9.015249036776217,14.508967359248645,9.659530179965373,2.253812259194054,3.6272418398121613,2.414882544991343,0.01470605842769146,0.0002284431830048561,0.0002284431830048561,False,False,,,0,False
v4_branch_743b86ef130d6073c340,7,82,new_center,parent_to_0.25,0.0,0.25,g007_78c071b6a244a938_0027,82,5.7121105783153325e-06,g006_p000037_g005_p000054_g004_p000025_g003_p000033_g002_p000013_g001_p000029_empty,g007_p000082_g006_p000037_g005_p000054_g004_p000025_g003_p000033_g002_p000013_g001_p000029_empty,37.0,39.0,38.0,dike_hemisphere,9,174.71772110311304,13.686056186853637,13.875229237311814,13.281100595233314,3.4215140467134093,3.4688073093279534,3.3202751488083284,0.014664853923022747,0.0001872386783361435,0.0001872386783361435,False,False,,,0,False
v4_branch_36a66dab0afc883496cc,7,83,new_center,parent_to_0.25,0.0,0.25,g007_78c071b6a244a938_0027,83,5.697865617548814e-06,g006_p000037_g005_p000054_g004_p000025_g003_p000033_g002_p000013_g001_p000029_empty,g007_p000083_g006_p000037_g005_p000054_g004_p000025_g003_p000033_g002_p000013_g001_p000029_empty,31.0,6.0,21.0,ellipsoid,9,32.30291350091502,8.278126364416428,15.32897315590894,10.044078779071999,2.069531591104107,3.832243288977235,2.5110196947679997,0.014715994708240032,0.00023837946355342865,0.00023837946355342865,False,False,,,0,False
v4_branch_433f94ebf23c6128c0de,7,84,new_center,parent_to_0.25,0.0,0.25,g007_78c071b6a244a938_0027,84,5.661255727318348e-06,g006_p000043_g005_p000054_g004_p000025_g003_p000033_g002_p000013_g001_p000029_empty,g007_p000084_g006_p000043_g005_p000054_g004_p000025_g003_p000033_g002_p000013_g001_p000029_empty,55.0,47.0,22.0,dike_hemisphere,9,147.45347034046364,6.047147816537329,9.244747383564176,13.893864354986658,1.5117869541343323,2.311186845891044,3.4734660887466644,0.014497720636427402,2.010539174079895e-05,2.010539174079895e-05,False,False,,,0,False
v4_branch_4c89ed304c512c54ddd9,7,85,new_center,parent_to_0.25,0.0,0.25,g007_78c071b6a244a938_0027,85,5.657610017806292e-06,g006_p000043_g005_p000054_g004_p000025_g003_p000033_g002_p000013_g001_p000029_empty,g007_p000085_g006_p000043_g005_p000054_g004_p000025_g003_p000033_g002_p000013_g001_p000029_empty,25.0,57.0,39.0,ellipsoid,9,48.1864090389979,14.502503723045397,6.525288435108379,13.250177352087153,3.625625930761349,1.6313221087770948,3.3125443380217883,0.014683323912322521,0.00020570866763591766,0.00020570866763591766,False,False,,,0,False
v4_branch_4071247fe029349ed9e7,7,86,new_center,parent_to_0.25,0.0,0.25,g007_78c071b6a244a938_0027,86,5.657300789607689e-06,g006_p000043_g005_p000054_g004_p000025_g003_p000033_g002_p000013_g001_p000029_empty,g007_p000086_g006_p000043_g005_p000054_g004_p000025_g003_p000033_g002_p000013_g001_p000029_empty,11.0,25.0,20.0,ellipsoid,9,116.29887059424408,11.606926876063913,14.610556511946541,9.453794422076506,2.901731719015978,3.6526391279866353,2.3634486055191264,0.014788037165999413,0.000310421921312809,0.000310421921312809,False,False,,,0,False
v4_branch_844c5613c94b3ac6e9f0,7,87,new_center,parent_to_0.25,0.0,0.25,g007_78c071b6a244a938_0027,87,5.650097136822296e-06,g006_p000043_g005_p000054_g004_p000025_g003_p000033_g002_p000013_g001_p000029_empty,g007_p000087_g006_p000043_g005_p000054_g004_p000025_g003_p000033_g002_p000013_g001_p000029_empty,7.0,7.0,35.0,dike_hemisphere,9,79.96928016725397,7.707487736495455,6.310393051875644,8.246747896910904,1.9268719341238638,1.577598262968911,2.061686974227726,0.014497720636427402,2.010539174079895e-05,2.010539174079895e-05,False,False,,,0,False
v4_branch_113198ca7442d354cd46,7,88,new_center,parent_to_0.25,0.0,0.25,g007_78c071b6a244a938_0027,88,5.641097232000902e-06,g006_p000043_g005_p000054_g004_p000025_g003_p000033_g002_p000013_g001_p000029_empty,g007_p000088_g006_p000043_g005_p000054_g004_p000025_g003_p000033_g002_p000013_g001_p000029_empty,39.0,31.0,35.0,dike_hemisphere,9,122.81167555669886,13.823006652474866,11.618740510865337,6.810988411123581,3.4557516631187166,2.904685127716334,1.7027471027808954,0.014732309617102146,0.0002546943724155426,0.0002546943724155426,False,False,,,0,False
v4_branch_75875fb5daee11bb49cf,7,89,new_center,parent_to_0.25,0.0,0.25,g007_78c071b6a244a938_0027,89,5.637642971123569e-06,g006_p000043_g005_p000054_g004_p000025_g003_p000033_g002_p000013_g001_p000029_empty,g007_p000089_g006_p000043_g005_p000054_g004_p000025_g003_p000033_g002_p000013_g001_p000029_empty,8.0,29.0,19.0,dike_hemisphere,9,125.68407252734775,7.492767186749209,14.126572713255717,7.049234510758156,1.8731917966873022,3.5316431783139293,1.762308627689539,0.014659986831247807,0.000182371586561203,0.000182371586561203,False,False,,,0,False
v4_branch_acae8290e03723d29040,7,90,new_center,parent_to_0.25,0.0,0.25,g007_78c071b6a244a938_0027,90,5.632586180581711e-06,g006_p000043_g005_p000054_g004_p000025_g003_p000033_g002_p000013_g001_p000029_empty,g007_p000090_g006_p000043_g005_p000054_g004_p000025_g003_p000033_g002_p000013_g001_p000029_empty,38.0,34.0,36.0,dike_hemisphere,9,107.57210663507624,9.648620831475709,8.001124667235333,11.333818834683022,2.4121552078689272,2.000281166808833,2.8334547086707556,0.014620752073824406,0.00014313682913780212,0.00014313682913780212,False,False,,,0,False
v4_branch_107653d5977bcbb62438,7,91,new_center,parent_to_0.25,0.0,0.25,g007_78c071b6a244a938_0027,91,5.616575435851701e-06,g006_p000043_g005_p000054_g004_p000025_g003_p000033_g002_p000013_g001_p000029_empty,g007_p000091_g006_p000043_g005_p000054_g004_p000025_g003_p000033_g002_p000013_g001_p000029_empty,45.0,44.0,17.0,dike_hemisphere,9,23.43967966327358,13.078934181678086,6.9441464618877715,12.025444115267483,3.2697335454195215,1.7360366154719429,3.0063610288168707,0.014541521668434143,6.390642374753952e-05,6.390642374753952e-05,False,False,,,0,False
v4_branch_85f28449819653efe3ec,7,92,new_center,parent_to_0.25,0.0,0.25,g007_78c071b6a244a938_0027,92,5.606680133496411e-06,g006_p000043_g005_p000054_g004_p000025_g003_p000033_g002_p000013_g001_p000029_empty,g007_p000092_g006_p000043_g005_p000054_g004_p000025_g003_p000033_g002_p000013_g001_p000029_empty,38.0,28.0,16.0,ellipsoid,9,147.7587360923556,7.088417777839935,11.157876739353519,7.77680949273627,1.7721044444599838,2.7894691848383797,1.9442023731840674,0.014587312005460262,0.00010969676077365875,0.00010969676077365875,False,False,,,0,False
v4_branch_81bea1f25b80c273d2bf,7,93,new_center,parent_to_0.25,0.0,0.25,g007_78c071b6a244a938_0027,93,5.568593678617617e-06,g006_p000043_g005_p000054_g004_p000025_g003_p000033_g002_p000013_g001_p000029_empty,g007_p000093_g006_p000043_g005_p000054_g004_p000025_g003_p000033_g002_p000013_g001_p000029_empty,38.0,43.0,15.0,dike_hemisphere,9,168.6647536897833,8.85483463667821,8.814023413130446,11.5365442419252,2.2137086591695523,2.2035058532826115,2.8841360604813,0.014643598347902298,0.00016598310321569443,0.00016598310321569443,False,False,,,0,False
v4_branch_147d35aea9c57e49c40b,7,94,new_center,parent_to_0.25,0.0,0.25,g007_78c071b6a244a938_0027,94,5.568147116719047e-06,g006_p000043_g005_p000054_g004_p000025_g003_p000033_g002_p000013_g001_p000029_empty,g007_p000094_g006_p000043_g005_p000054_g004_p000025_g003_p000033_g002_p000013_g001_p000029_empty,39.0,29.0,16.0,dike_hemisphere,9,115.03819078772382,11.593785110202138,13.50247526772149,9.609351389531831,2.8984462775505344,3.3756188169303725,2.4023378473829577,0.01470120344310999,0.00022358819842338562,0.00022358819842338562,False,False,,,0,False
v4_branch_2506663911d8a0497f30,7,95,new_center,parent_to_0.25,0.0,0.25,g007_78c071b6a244a938_0027,95,5.547361979552079e-06,g006_p000043_g005_p000054_g004_p000025_g003_p000033_g002_p000013_g001_p000029_empty,g007_p000095_g006_p000043_g005_p000054_g004_p000025_g003_p000033_g002_p000013_g001_p000029_empty,17.0,21.0,23.0,dike_hemisphere,9,11.698214388901668,10.044292990102697,10.450020899619734,9.478587384294464,2.5110732475256743,2.6125052249049334,2.369646846073616,0.014585192315280437,0.00010757707059383392,0.00010757707059383392,False,False,,,0,False
v4_branch_a9caace1699075c7f5b9,8,0,new_center,parent_to_0.25,0.0,0.25,g008_b5f6043ee18dddc7_0028,0,8.985492968349718e-06,g007_p000029_g006_p000013_g005_p000022_g004_p000007_g003_p000022_g002_p000007_g001_p000005_empty,g008_p000000_g007_p000029_g006_p000013_g005_p000022_g004_p000007_g003_p000022_g002_p000007_g001_p000005_empty,37.0,30.0,17.0,dike_hemisphere,9,84.89122180742999,11.861166003807655,6.882551853249092,11.979585664261357,2.965291500951914,1.720637963312273,2.9948964160653393,0.014561537653207779,6.381887942552567e-05,8.392240852117538e-05,False,False,,,0,False
v4_branch_3b89c39a64bc65dbdcfa,8,6,new_center,parent_to_0.25,0.0,0.25,g008_b5f6043ee18dddc7_0028,1,8.79508752404945e-06,g007_p000029_g006_p000013_g005_p000022_g004_p000007_g003_p000022_g002_p000007_g001_p000005_empty,g008_p000006_g007_p000029_g006_p000013_g005_p000022_g004_p000007_g003_p000022_g002_p000007_g001_p000005_empty,43.0,56.0,39.0,dike_hemisphere,9,58.95241130755049,10.369988394859856,6.003846685130008,7.488167446386745,2.592497098714964,1.500961671282502,1.8720418615966863,0.014534326270222664,3.6607496440410614e-05,5.671102553606033e-05,False,False,,,0,False
v4_branch_1e990fb2b9ec975cf64d,8,12,new_center,parent_to_0.25,0.0,0.25,g008_3e2dbfc79041fbe8_0029,0,8.985492968349718e-06,g007_p000032_g006_p000013_g005_p000022_g004_p000007_g003_p000022_g002_p000007_g001_p000005_empty,g008_p000012_g007_p000032_g006_p000013_g005_p000022_g004_p000007_g003_p000022_g002_p000007_g001_p000005_empty,37.0,30.0,17.0,ellipsoid,9,42.09349054263264,12.353910325308513,7.424877039684235,13.055794366632423,3.0884775813271284,1.8562192599210587,3.2639485916581057,0.014735773205757141,0.00023805443197488785,0.00025815796107053757,False,False,,,0,False
v4_branch_b34a410f94573c6dfc16,8,18,new_center,parent_to_0.25,0.0,0.25,g008_3e2dbfc79041fbe8_0029,1,8.79508752404945e-06,g007_p000032_g006_p000013_g005_p000022_g004_p000007_g003_p000022_g002_p000007_g001_p000005_empty,g008_p000018_g007_p000032_g006_p000013_g005_p000022_g004_p000007_g003_p000022_g002_p000007_g001_p000005_empty,43.0,56.0,39.0,ellipsoid,9,111.3235450723134,15.262794312352828,8.083999362970447,8.780471944285631,3.815698578088207,2.0209998407426117,2.195117986071408,0.014735773205757141,0.00023805443197488785,0.00025815796107053757,False,False,,,0,False
v4_branch_b3fd671d106177563dee,8,24,new_center,parent_to_0.25,0.0,0.25,g008_74e0596928259249_0030,0,8.985492968349718e-06,g007_p000033_g006_p000013_g005_p000022_g004_p000007_g003_p000022_g002_p000007_g001_p000005_empty,g008_p000024_g007_p000033_g006_p000013_g005_p000022_g004_p000007_g003_p000022_g002_p000007_g001_p000005_empty,37.0,30.0,17.0,ellipsoid,9,72.87953050604376,8.564119735564763,10.793178886346777,6.089667571881184,2.1410299338911907,2.698294721586694,1.522416892970296,0.014679841697216034,0.00018212292343378067,0.0002022264525294304,False,False,,,0,False
v4_branch_f53c7538d4220a4ab14b,8,30,new_center,parent_to_0.25,0.0,0.25,g008_74e0596928259249_0030,1,8.79508752404945e-06,g007_p000033_g006_p000013_g005_p000022_g004_p000007_g003_p000022_g002_p000007_g001_p000005_empty,g008_p000030_g007_p000033_g006_p000013_g005_p000022_g004_p000007_g003_p000022_g002_p000007_g001_p000005_empty,43.0,56.0,39.0,dike_hemisphere,9,4.109790163092497,13.190570414749036,14.952294885052833,9.045935207977529,3.297642603687259,3.7380737212632082,2.261483801994382,0.014691981486976147,0.00019426271319389343,0.00021436624228954315,False,False,,,0,False
v4_branch_7e8566139a9655074be9,8,36,new_center,parent_to_0.25,0.0,0.25,g008_bd41c3167d3ed4cc_0031,0,8.985492968349718e-06,g007_p000054_g006_p000025_g005_p000032_g004_p000013_g003_p000032_g002_p000013_g001_p000029_empty,g008_p000036_g007_p000054_g006_p000025_g005_p000032_g004_p000013_g003_p000032_g002_p000013_g001_p000029_empty,37.0,30.0,17.0,ellipsoid,9,85.88648863707367,13.271795882856338,7.855059636340205,9.622276167358685,3.3179489707140846,1.9637649090850513,2.405569041839671,0.014590817503631115,9.30987298488617e-05,0.00011320225894451141,False,False,,,0,False
v4_branch_989577bdaaac04a5ef33,8,42,new_center,parent_to_0.25,0.0,0.25,g008_bd41c3167d3ed4cc_0031,1,8.79508752404945e-06,g007_p000054_g006_p000025_g005_p000032_g004_p000013_g003_p000032_g002_p000013_g001_p000029_empty,g008_p000042_g007_p000054_g006_p000025_g005_p000032_g004_p000013_g003_p000032_g002_p000013_g001_p000029_empty,43.0,56.0,39.0,ellipsoid,9,100.03498616716308,6.085267823007306,6.846039751269468,9.92055519087049,1.5213169557518265,1.711509937817367,2.4801387977176224,0.014517796225845814,2.0077452063560486e-05,4.0180981159210205e-05,False,False,,,0,False
v4_branch_c68bbeec08b403e5c08d,8,48,new_center,parent_to_0.25,0.0,0.25,g008_395e65ee2416ba68_0032,0,8.985492968349718e-06,g007_p000063_g006_p000031_g005_p000032_g004_p000013_g003_p000032_g002_p000013_g001_p000029_empty,g008_p000048_g007_p000063_g006_p000031_g005_p000032_g004_p000013_g003_p000032_g002_p000013_g001_p000029_empty,37.0,30.0,17.0,dike_hemisphere,9,147.62325550785982,14.464396652445119,13.77224306246558,13.7196061918421,3.6160991631112798,3.443060765616395,3.429901547960525,0.014684701338410378,0.00018698256462812424,0.00020708609372377396,False,False,,,0,False
v4_branch_44ed94d809053c4fc880,8,54,new_center,parent_to_0.25,0.0,0.25,g008_395e65ee2416ba68_0032,1,8.79508752404945e-06,g007_p000063_g006_p000031_g005_p000032_g004_p000013_g003_p000032_g002_p000013_g001_p000029_empty,g008_p000054_g007_p000063_g006_p000031_g005_p000032_g004_p000013_g003_p000032_g002_p000013_g001_p000029_empty,43.0,56.0,39.0,dike_hemisphere,9,129.86263043913556,15.333759705727498,9.895077130278453,7.0852330777764205,3.8334399264318746,2.4737692825696134,1.7713082694441051,0.014752060174942017,0.00025434140115976334,0.00027444493025541306,False,False,,,0,False
v4_branch_931d36c6215fda659e20,8,60,new_center,parent_to_0.25,0.0,0.25,g008_f9e98d638d855a7b_0033,0,8.985492968349718e-06,g007_p000051_g006_p000025_g005_p000032_g004_p000013_g003_p000032_g002_p000013_g001_p000029_empty,g008_p000060_g007_p000051_g006_p000025_g005_p000032_g004_p000013_g003_p000032_g002_p000013_g001_p000029_empty,37.0,30.0,17.0,dike_hemisphere,9,143.1888607197386,10.527320475694745,12.914822085150753,11.675119253010523,2.6318301189236863,3.2287055212876883,2.918779813252631,0.014677735045552254,0.00018001440912485123,0.00020011980086565018,False,False,,,0,False
v4_branch_0bde84a97bf354b9f9bc,8,66,new_center,parent_to_0.25,0.0,0.25,g008_f9e98d638d855a7b_0033,1,8.79508752404945e-06,g007_p000051_g006_p000025_g005_p000032_g004_p000013_g003_p000032_g002_p000013_g001_p000029_empty,g008_p000066_g007_p000051_g006_p000025_g005_p000032_g004_p000013_g003_p000032_g002_p000013_g001_p000029_empty,43.0,56.0,39.0,ellipsoid,9,95.21097822145398,15.605324908561894,8.96701474489755,10.400149378144654,3.9013312271404734,2.2417536862243876,2.6000373445361635,0.014703147113323212,0.00020542647689580917,0.00022553186863660812,False,False,,,0,False
v4_branch_d809ccd986aa2b550fc8,8,72,new_center,parent_to_0.25,0.0,0.25,g008_1180366b35e9c683_0034,0,8.985492968349718e-06,g007_p000064_g006_p000031_g005_p000032_g004_p000013_g003_p000032_g002_p000013_g001_p000029_empty,g008_p000072_g007_p000064_g006_p000031_g005_p000032_g004_p000013_g003_p000032_g002_p000013_g001_p000029_empty,37.0,30.0,17.0,dike_hemisphere,9,162.96765529357248,7.388276837771648,10.374711934110287,13.123553069891997,1.847069209442912,2.593677983527572,3.2808882674729993,0.014561537653207779,6.381701678037643e-05,8.392240852117538e-05,False,False,,,0,False
v4_branch_0966fcab39a0190637f4,8,78,new_center,parent_to_0.25,0.0,0.25,g008_1180366b35e9c683_0034,1,8.79508752404945e-06,g007_p000064_g006_p000031_g005_p000032_g004_p000013_g003_p000032_g002_p000013_g001_p000029_empty,g008_p000078_g007_p000064_g006_p000031_g005_p000032_g004_p000013_g003_p000032_g002_p000013_g001_p000029_empty,43.0,56.0,39.0,dike_hemisphere,9,130.1558973872965,8.386823841036275,14.816875797704633,12.340498133477162,2.0967059602590687,3.704218949426158,3.0851245333692905,0.01464862935245037,0.0001509087160229683,0.00017101410776376724,False,False,,,0,False
v4_branch_53526dd7fb7b5fabffb8,8,84,new_center,parent_to_0.25,0.0,0.25,g008_9e774ed1712d6996_0035,0,8.985492968349718e-06,g007_p000066_g006_p000031_g005_p000032_g004_p000013_g003_p000032_g002_p000013_g001_p000029_empty,g008_p000084_g007_p000066_g006_p000031_g005_p000032_g004_p000013_g003_p000032_g002_p000013_g001_p000029_empty,37.0,30.0,17.0,dike_hemisphere,9,98.33159291547388,7.854831691586567,12.64547230380059,8.576317482028179,1.9637079228966416,3.1613680759501475,2.1440793705070447,0.014561538584530354,6.381794810295105e-05,8.392333984375e-05,False,False,,,0,False
v4_branch_466be0b2d82ecf46de40,8,90,new_center,parent_to_0.25,0.0,0.25,g008_9e774ed1712d6996_0035,1,8.79508752404945e-06,g007_p000066_g006_p000031_g005_p000032_g004_p000013_g003_p000032_g002_p000013_g001_p000029_empty,g008_p000090_g007_p000066_g006_p000031_g005_p000032_g004_p000013_g003_p000032_g002_p000013_g001_p000029_empty,43.0,56.0,39.0,dike_hemisphere,9,110.05467751666711,9.46886427192357,15.74386080359731,7.8839468948777185,2.3672160679808925,3.9359652008993273,1.9709867237194296,0.014752060174942017,0.0002543395385146141,0.00027444493025541306,False,False,,,0,False
v4_branch_665845de2c36ce57662a,9,0,new_center,parent_to_0.25,0.0,0.25,g009_71cfe7677bf03035_0036,0,8.985492968349718e-06,g008_p000001_g007_p000029_g006_p000013_g005_p000022_g004_p000007_g003_p000022_g002_p000007_g001_p000005_empty,g009_p000000_g008_p000001_g007_p000029_g006_p000013_g005_p000022_g004_p000007_g003_p000022_g002_p000007_g001_p000005_empty,37.0,30.0,17.0,ellipsoid,9,6.295415855119913,8.242363443028353,6.82692541317683,6.928329338836507,2.060590860757088,1.7067313532942074,1.7320823347091268,0.014587312005460262,0.00010969676077365875,0.00010969676077365875,False,False,,,0,False
v4_branch_d9c478fb8364399949b8,9,1,new_center,parent_to_0.25,0.0,0.25,g009_71cfe7677bf03035_0036,1,8.79508752404945e-06,g008_p000001_g007_p000029_g006_p000013_g005_p000022_g004_p000007_g003_p000022_g002_p000007_g001_p000005_empty,g009_p000001_g008_p000001_g007_p000029_g006_p000013_g005_p000022_g004_p000007_g003_p000022_g002_p000007_g001_p000005_empty,43.0,56.0,39.0,ellipsoid,9,18.302139917518907,11.961630838234012,8.719625224486942,9.931651749461302,2.990407709558503,2.1799063061217354,2.4829129373653256,0.014643598347902298,0.00016598310321569443,0.00016598310321569443,False,False,,,0,False
v4_branch_320ca977031bff822f58,9,2,new_center,parent_to_0.25,0.0,0.25,g009_71cfe7677bf03035_0036,2,8.667049769428559e-06,g008_p000001_g007_p000029_g006_p000013_g005_p000022_g004_p000007_g003_p000022_g002_p000007_g001_p000005_empty,g009_p000002_g008_p000001_g007_p000029_g006_p000013_g005_p000022_g004_p000007_g003_p000022_g002_p000007_g001_p000005_empty,34.0,43.0,22.0,ellipsoid,9,82.00034164423695,9.13818417033166,7.003599956752346,8.716020712508849,2.284546042582915,1.7508999891880865,2.179005178127212,0.014570841565728188,9.322632104158401e-05,9.322632104158401e-05,False,False,,,0,False
v4_branch_8b62881e2083a97d8caf,9,3,new_center,parent_to_0.25,0.0,0.25,g009_71cfe7677bf03035_0036,3,8.366426300199237e-06,g008_p000001_g007_p000029_g006_p000013_g005_p000022_g004_p000007_g003_p000022_g002_p000007_g001_p000005_empty,g009_p000003_g008_p000001_g007_p000029_g006_p000013_g005_p000022_g004_p000007_g003_p000022_g002_p000007_g001_p000005_empty,51.0,45.0,19.0,ellipsoid,9,150.83515872467407,12.76499525844599,15.940825780639527,12.797460331925887,3.1912488146114977,3.9852064451598816,3.1993650829814717,0.014690288342535496,0.0002126730978488922,0.0002126730978488922,False,False,,,0,False
v4_branch_6f879d833d111154766c,9,4,new_center,parent_to_0.25,0.0,0.25,g009_71cfe7677bf03035_0036,4,8.018434527912177e-06,g008_p000001_g007_p000029_g006_p000013_g005_p000022_g004_p000007_g003_p000022_g002_p000007_g001_p000005_empty,g009_p000004_g008_p000001_g007_p000029_g006_p000013_g005_p000022_g004_p000007_g003_p000022_g002_p000007_g001_p000005_empty,59.0,5.0,19.0,ellipsoid,9,121.6461235546147,12.956101979996646,9.67356278350504,13.527037269905456,3.2390254949991615,2.41839069587626,3.381759317476364,0.01465450506657362,0.0001768898218870163,0.0001768898218870163,False,False,,,0,False
v4_branch_8efc2ae57010d9577ea2,9,5,new_center,parent_to_0.25,0.0,0.25,g009_71cfe7677bf03035_0036,5,8.018432708922774e-06,g008_p000001_g007_p000029_g006_p000013_g005_p000022_g004_p000007_g003_p000022_g002_p000007_g001_p000005_empty,g009_p000005_g008_p000001_g007_p000029_g006_p000013_g005_p000022_g004_p000007_g003_p000022_g002_p000007_g001_p000005_empty,59.0,4.0,19.0,ellipsoid,9,49.144612334887064,11.31433168501814,14.725132254044045,6.441296432394604,2.828582921254535,3.681283063511011,1.610324108098651,0.01476435735821724,0.00028674211353063583,0.00028674211353063583,False,False,,,0,False
v4_branch_1a6e07a95a04d2f52459,9,6,new_center,parent_to_0.25,0.0,0.25,g009_71cfe7677bf03035_0036,6,7.5660245784092695e-06,g008_p000001_g007_p000029_g006_p000013_g005_p000022_g004_p000007_g003_p000022_g002_p000007_g001_p000005_empty,g009_p000006_g008_p000001_g007_p000029_g006_p000013_g005_p000022_g004_p000007_g003_p000022_g002_p000007_g001_p000005_empty,38.0,32.0,35.0,ellipsoid,9,6.171273587177472,13.390508224800836,10.597283574877107,7.354803966918908,3.347627056200209,2.6493208937192767,1.838700991729727,0.014804265461862087,0.0003266502171754837,0.0003266502171754837,False,False,,,0,False
v4_branch_9928b2f64910e787704b,9,7,new_center,parent_to_0.25,0.0,0.25,g009_71cfe7677bf03035_0036,7,7.554219337180257e-06,g008_p000001_g007_p000029_g006_p000013_g005_p000022_g004_p000007_g003_p000022_g002_p000007_g001_p000005_empty,g009_p000007_g008_p000001_g007_p000029_g006_p000013_g005_p000022_g004_p000007_g003_p000022_g002_p000007_g001_p000005_empty,36.0,31.0,19.0,ellipsoid,9,33.045722712186254,15.671248355316052,12.545743065074063,12.980658997742555,3.917812088829013,3.136435766268516,3.245164749435639,0.014697524718940258,0.00021990947425365448,0.00021990947425365448,False,False,,,0,False
v4_branch_5b3cf0fdadad2f153959,9,8,new_center,parent_to_0.25,0.0,0.25,g009_71cfe7677bf03035_0036,8,7.390586688416079e-06,g008_p000001_g007_p000029_g006_p000013_g005_p000022_g004_p000007_g003_p000022_g002_p000007_g001_p000005_empty,g009_p000008_g008_p000001_g007_p000029_g006_p000013_g005_p000022_g004_p000007_g003_p000022_g002_p000007_g001_p000005_empty,39.0,32.0,35.0,dike_hemisphere,9,109.98069572693684,8.105160120456876,11.773641016507701,12.37205994763034,2.026290030114219,2.9434102541269254,3.093014986907585,0.014614424668252468,0.00013680942356586456,0.00013680942356586456,False,False,,,0,False
v4_branch_14bbaa3b0e854bc06e4f,9,9,new_center,parent_to_0.25,0.0,0.25,g009_71cfe7677bf03035_0036,9,7.215148798422888e-06,g008_p000001_g007_p000029_g006_p000013_g005_p000022_g004_p000007_g003_p000022_g002_p000007_g001_p000005_empty,g009_p000009_g008_p000001_g007_p000029_g006_p000013_g005_p000022_g004_p000007_g003_p000022_g002_p000007_g001_p000005_empty,38.0,33.0,35.0,dike_hemisphere,9,42.984216485070334,15.59756805986298,6.6299685849293635,9.302655352142825,3.899392014965745,1.6574921462323409,2.325663838035706,0.014686964452266693,0.00020934920758008957,0.00020934920758008957,False,False,,,0,False
v4_branch_e1946f6c884c1902df12,9,10,new_center,parent_to_0.25,0.0,0.25,g009_71cfe7677bf03035_0036,10,7.215148798422888e-06,g008_p000001_g007_p000029_g006_p000013_g005_p000022_g004_p000007_g003_p000022_g002_p000007_g001_p000005_empty,g009_p000010_g008_p000001_g007_p000029_g006_p000013_g005_p000022_g004_p000007_g003_p000022_g002_p000007_g001_p000005_empty,39.0,33.0,35.0,ellipsoid,9,105.68057730443093,11.637641387265683,10.86580630180184,13.490350772531965,2.9094103468164207,2.71645157545046,3.3725876931329912,0.014651010744273663,0.00017339549958705902,0.00017339549958705902,False,False,,,0,False
v4_branch_2037536e3de38f02febc,9,11,new_center,parent_to_0.25,0.0,0.25,g009_71cfe7677bf03035_0036,11,7.183050001913216e-06,g008_p000001_g007_p000029_g006_p000013_g005_p000022_g004_p000007_g003_p000022_g002_p000007_g001_p000005_empty,g009_p000011_g008_p000001_g007_p000029_g006_p000013_g005_p000022_g004_p000007_g003_p000022_g002_p000007_g001_p000005_empty,45.0,38.0,17.0,ellipsoid,9,174.06984098629405,12.884387524123325,9.821788464407799,10.304388113773062,3.221096881030831,2.4554471161019498,2.5760970284432654,0.014671443961560726,0.00019382871687412262,0.00019382871687412262,False,False,,,0,False
v4_branch_d8822fbd26bccb3b173d,9,12,new_center,parent_to_0.25,0.0,0.25,g009_71cfe7677bf03035_0036,12,7.090032795531442e-06,g008_p000007_g007_p000029_g006_p000013_g005_p000022_g004_p000007_g003_p000022_g002_p000007_g001_p000005_empty,g009_p000012_g008_p000007_g007_p000029_g006_p000013_g005_p000022_g004_p000007_g003_p000022_g002_p000007_g001_p000005_empty,6.0,32.0,21.0,dike_hemisphere,9,103.04322903771501,6.508494781049964,15.415916739174829,7.831438866743779,1.627123695262491,3.8539791847937073,1.9578597166859448,0.014587312005460262,0.00010969676077365875,0.00010969676077365875,False,False,,,0,False
v4_branch_bfa586abf4d991a2b3b1,9,13,new_center,parent_to_0.25,0.0,0.25,g009_71cfe7677bf03035_0036,13,7.045578058750834e-06,g008_p000007_g007_p000029_g006_p000013_g005_p000022_g004_p000007_g003_p000022_g002_p000007_g001_p000005_empty,g009_p000013_g008_p000007_g007_p000029_g006_p000013_g005_p000022_g004_p000007_g003_p000022_g002_p000007_g001_p000005_empty,44.0,38.0,17.0,dike_hemisphere,9,131.0065778840985,13.419440300563526,8.53201145666371,9.831075167926697,3.3548600751408815,2.1330028641659275,2.457768791981674,0.014628732576966286,0.00015111733227968216,0.00015111733227968216,False,False,,,0,False
v4_branch_90e8b1a3cbdeb7e34b9e,9,14,new_center,parent_to_0.25,0.0,0.25,g009_71cfe7677bf03035_0036,14,6.9269635787350126e-06,g008_p000007_g007_p000029_g006_p000013_g005_p000022_g004_p000007_g003_p000022_g002_p000007_g001_p000005_empty,g009_p000014_g008_p000007_g007_p000029_g006_p000013_g005_p000022_g004_p000007_g003_p000022_g002_p000007_g001_p000005_empty,11.0,49.0,17.0,dike_hemisphere,9,105.87980530690123,13.096947663840055,12.309318748522863,8.545863505022627,3.2742369159600138,3.0773296871307156,2.1364658762556568,0.01473020389676094,0.000252588652074337,0.000252588652074337,False,False,,,0,False
v4_branch_d5ba976a1642d190294e,9,15,new_center,parent_to_0.25,0.0,0.25,g009_71cfe7677bf03035_0036,15,6.843950814072741e-06,g008_p000007_g007_p000029_g006_p000013_g005_p000022_g004_p000007_g003_p000022_g002_p000007_g001_p000005_empty,g009_p000015_g008_p000007_g007_p000029_g006_p000013_g005_p000022_g004_p000007_g003_p000022_g002_p000007_g001_p000005_empty,45.0,41.0,14.0,dike_hemisphere,9,59.33074857781495,9.218485699737299,15.279527271753787,11.297366600462457,2.3046214249343246,3.819881817938447,2.824341650115614,0.014628732576966286,0.00015111733227968216,0.00015111733227968216,False,False,,,0,False
v4_branch_1a626b5cedc93bd80998,9,16,new_center,parent_to_0.25,0.0,0.25,g009_71cfe7677bf03035_0036,16,6.781237516406691e-06,g008_p000007_g007_p000029_g006_p000013_g005_p000022_g004_p000007_g003_p000022_g002_p000007_g001_p000005_empty,g009_p000016_g008_p000007_g007_p000029_g006_p000013_g005_p000022_g004_p000007_g003_p000022_g002_p000007_g001_p000005_empty,53.0,49.0,19.0,ellipsoid,9,61.001266224087765,7.38196499063684,11.754816671943798,8.918274411112879,1.84549124765921,2.9387041679859496,2.2295686027782198,0.014570841565728188,9.322632104158401e-05,9.322632104158401e-05,False,False,,,0,False
v4_branch_eea1b1cee37688afb263,9,17,new_center,parent_to_0.25,0.0,0.25,g009_71cfe7677bf03035_0036,17,6.742332971043652e-06,g008_p000007_g007_p000029_g006_p000013_g005_p000022_g004_p000007_g003_p000022_g002_p000007_g001_p000005_empty,g009_p000017_g008_p000007_g007_p000029_g006_p000013_g005_p000022_g004_p000007_g003_p000022_g002_p000007_g001_p000005_empty,41.0,45.0,15.0,ellipsoid,9,52.58614466418379,11.910367510874991,14.114199122024544,11.020544160999247,2.977591877718748,3.528549780506136,2.7551360402498117,0.014722944237291813,0.00024532899260520935,0.00024532899260520935,False,False,,,0,False
v4_branch_9ab547659b328d61aa00,9,18,new_center,parent_to_0.25,0.0,0.25,g009_71cfe7677bf03035_0036,18,6.723759270244045e-06,g008_p000007_g007_p000029_g006_p000013_g005_p000022_g004_p000007_g003_p000022_g002_p000007_g001_p000005_empty,g009_p000018_g008_p000007_g007_p000029_g006_p000013_g005_p000022_g004_p000007_g003_p000022_g002_p000007_g001_p000005_empty,40.0,34.0,36.0,dike_hemisphere,9,168.93531872370733,14.005462488268737,12.234118306122745,12.810557666709217,3.5013656220671843,3.0585295765306864,3.2026394166773042,0.014699695631861687,0.00022208038717508316,0.00022208038717508316,False,False,,,0,False
v4_branch_582504a354f110d589c3,9,19,new_center,parent_to_0.25,0.0,0.25,g009_71cfe7677bf03035_0036,19,6.723219030391192e-06,g008_p000007_g007_p000029_g006_p000013_g005_p000022_g004_p000007_g003_p000022_g002_p000007_g001_p000005_empty,g009_p000019_g008_p000007_g007_p000029_g006_p000013_g005_p000022_g004_p000007_g003_p000022_g002_p000007_g001_p000005_empty,43.0,40.0,14.0,ellipsoid,9,36.63926633971806,10.432174981741586,15.335210873174775,6.769051804701346,2.6080437454353964,3.833802718293694,1.6922629511753364,0.014732303097844124,0.0002546878531575203,0.0002546878531575203,False,False,,,0,False
v4_branch_f0916a5cd1fdee30d087,9,20,new_center,parent_to_0.25,0.0,0.25,g009_71cfe7677bf03035_0036,20,6.679286343569402e-06,g008_p000007_g007_p000029_g006_p000013_g005_p000022_g004_p000007_g003_p000022_g002_p000007_g001_p000005_empty,g009_p000020_g008_p000007_g007_p000029_g006_p000013_g005_p000022_g004_p000007_g003_p000022_g002_p000007_g001_p000005_empty,23.0,23.0,24.0,dike_hemisphere,9,143.5349174070791,11.272914975604646,9.768109504560176,9.672892148809346,2.8182287439011615,2.442027376140044,2.4182230372023366,0.014585192315280437,0.00010757707059383392,0.00010757707059383392,False,False,,,0,False
v4_branch_81c1e3ebb90c09c9332f,9,21,new_center,parent_to_0.25,0.0,0.25,g009_71cfe7677bf03035_0036,21,6.649878287134925e-06,g008_p000007_g007_p000029_g006_p000013_g005_p000022_g004_p000007_g003_p000022_g002_p000007_g001_p000005_empty,g009_p000021_g008_p000007_g007_p000029_g006_p000013_g005_p000022_g004_p000007_g003_p000022_g002_p000007_g001_p000005_empty,40.0,44.0,15.0,dike_hemisphere,9,85.17148994524328,9.422446975136722,14.985586757975042,10.630178056334621,2.3556117437841806,3.7463966894937606,2.6575445140836553,0.014657877385616302,0.00018026214092969894,0.00018026214092969894,False,False,,,0,False
v4_branch_3b68a2e461aac5eb7c06,9,22,new_center,parent_to_0.25,0.0,0.25,g009_71cfe7677bf03035_0036,22,6.551272235810757e-06,g008_p000007_g007_p000029_g006_p000013_g005_p000022_g004_p000007_g003_p000022_g002_p000007_g001_p000005_empty,g009_p000022_g008_p000007_g007_p000029_g006_p000013_g005_p000022_g004_p000007_g003_p000022_g002_p000007_g001_p000005_empty,8.0,47.0,20.0,ellipsoid,9,52.57277185653731,14.839274663577335,9.709910344910934,7.133620143331721,3.7098186658943337,2.4274775862277336,1.7834050358329303,0.014732303097844124,0.0002546878531575203,0.0002546878531575203,False,False,,,0,False
v4_branch_8ebf46ff7900cf3bfb1e,9,23,new_center,parent_to_0.25,0.0,0.25,g009_71cfe7677bf03035_0036,23,6.53867982691736e-06,g008_p000007_g007_p000029_g006_p000013_g005_p000022_g004_p000007_g003_p000022_g002_p000007_g001_p000005_empty,g009_p000023_g008_p000007_g007_p000029_g006_p000013_g005_p000022_g004_p000007_g003_p000022_g002_p000007_g001_p000005_empty,38.0,29.0,37.0,dike_hemisphere,9,61.35771313599086,11.125493207005697,8.903614376696982,9.485507470256351,2.781373301751424,2.2259035941742455,2.371376867564088,0.014575166627764702,9.75513830780983e-05,9.75513830780983e-05,False,False,,,0,False
v4_branch_c1ac961c48f0316f9188,9,24,new_center,parent_to_0.25,0.0,0.25,g009_71cfe7677bf03035_0036,24,6.532626230182359e-06,g008_p000013_g007_p000032_g006_p000013_g005_p000022_g004_p000007_g003_p000022_g002_p000007_g001_p000005_empty,g009_p000024_g008_p000013_g007_p000032_g006_p000013_g005_p000022_g004_p000007_g003_p000022_g002_p000007_g001_p000005_empty,43.0,42.0,18.0,ellipsoid,9,153.52460506476154,15.578362586897171,14.145934818519901,10.90907947744983,3.894590646724293,3.5364837046299753,2.7272698693624573,0.014692684635519981,0.00021506939083337784,0.00021506939083337784,False,False,,,0,False
v4_branch_c773fd34fabe28908b65,9,25,new_center,parent_to_0.25,0.0,0.25,g009_71cfe7677bf03035_0036,25,6.525966000481276e-06,g008_p000013_g007_p000032_g006_p000013_g005_p000022_g004_p000007_g003_p000022_g002_p000007_g001_p000005_empty,g009_p000025_g008_p000013_g007_p000032_g006_p000013_g005_p000022_g004_p000007_g003_p000022_g002_p000007_g001_p000005_empty,46.0,42.0,17.0,dike_hemisphere,9,75.79503169462583,8.709852450659,9.358345250222774,12.446909776096867,2.17746311266475,2.3395863125556935,3.1117274440242166,0.01461443118751049,0.00013681594282388687,0.00013681594282388687,False,False,,,0,False
v4_branch_f809173f0d89e9828c9c,9,26,new_center,parent_to_0.25,0.0,0.25,g009_71cfe7677bf03035_0036,26,6.514942924695788e-06,g008_p000013_g007_p000032_g006_p000013_g005_p000022_g004_p000007_g003_p000022_g002_p000007_g001_p000005_empty,g009_p000026_g008_p000013_g007_p000032_g006_p000013_g005_p000022_g004_p000007_g003_p000022_g002_p000007_g001_p000005_empty,46.0,25.0,26.0,dike_hemisphere,9,172.59493123458728,11.301363131701297,13.67129751888805,11.91219454525703,2.8253407829253243,3.4178243797220125,2.9780486363142575,0.014730204828083515,0.0002525895833969116,0.0002525895833969116,False,False,,,0,False
v4_branch_1b2b76092a78b045902a,9,27,new_center,parent_to_0.25,0.0,0.25,g009_71cfe7677bf03035_0036,27,6.510421371785924e-06,g008_p000013_g007_p000032_g006_p000013_g005_p000022_g004_p000007_g003_p000022_g002_p000007_g001_p000005_empty,g009_p000027_g008_p000013_g007_p000032_g006_p000013_g005_p000022_g004_p000007_g003_p000022_g002_p000007_g001_p000005_empty,37.0,10.0,20.0,dike_hemisphere,9,101.17171223289756,11.793076260535738,6.029023675400425,13.221651083402492,2.9482690651339345,1.5072559188501062,3.305412770850623,0.014541521668434143,6.390642374753952e-05,6.390642374753952e-05,False,False,,,0,False
v4_branch_3c1be7a202b519787fd0,9,28,new_center,parent_to_0.25,0.0,0.25,g009_71cfe7677bf03035_0036,28,6.451602530432865e-06,g008_p000013_g007_p000032_g006_p000013_g005_p000022_g004_p000007_g003_p000022_g002_p000007_g001_p000005_empty,g009_p000028_g008_p000013_g007_p000032_g006_p000013_g005_p000022_g004_p000007_g003_p000022_g002_p000007_g001_p000005_empty,48.0,40.0,17.0,ellipsoid,9,173.30230518377172,9.882236059540098,13.308767524167887,11.01928520541393,2.4705590148850245,3.327191881041972,2.7548213013534824,0.014683331362903118,0.0002057161182165146,0.0002057161182165146,False,False,,,0,False
v4_branch_a4b0896202440864e34a,9,29,new_center,parent_to_0.25,0.0,0.25,g009_71cfe7677bf03035_0036,29,6.4409864535264205e-06,g008_p000013_g007_p000032_g006_p000013_g005_p000022_g004_p000007_g003_p000022_g002_p000007_g001_p000005_empty,g009_p000029_g008_p000013_g007_p000032_g006_p000013_g005_p000022_g004_p000007_g003_p000022_g002_p000007_g001_p000005_empty,37.0,32.0,35.0,ellipsoid,9,49.959018639503235,14.407368427397621,12.436310669447034,6.695215299727658,3.6018421068494053,3.1090776673617584,1.6738038249319145,0.014804691076278687,0.000327075831592083,0.000327075831592083,False,False,,,0,False
v4_branch_0b7e1a2fe8c87b24bf94,9,30,new_center,parent_to_0.25,0.0,0.25,g009_71cfe7677bf03035_0036,30,6.424249477277044e-06,g008_p000013_g007_p000032_g006_p000013_g005_p000022_g004_p000007_g003_p000022_g002_p000007_g001_p000005_empty,g009_p000030_g008_p000013_g007_p000032_g006_p000013_g005_p000022_g004_p000007_g003_p000022_g002_p000007_g001_p000005_empty,37.0,9.0,19.0,dike_hemisphere,9,7.38144110469912,7.573446759045744,9.894770718834751,8.936441607458232,1.893361689761436,2.473692679708688,2.234110401864558,0.014541521668434143,6.390642374753952e-05,6.390642374753952e-05,False,False,,,0,False
v4_branch_3ecbb1c02d06f7b515c1,9,31,new_center,parent_to_0.25,0.0,0.25,g009_71cfe7677bf03035_0036,31,6.387008397723548e-06,g008_p000013_g007_p000032_g006_p000013_g005_p000022_g004_p000007_g003_p000022_g002_p000007_g001_p000005_empty,g009_p000031_g008_p000013_g007_p000032_g006_p000013_g005_p000022_g004_p000007_g003_p000022_g002_p000007_g001_p000005_empty,33.0,9.0,19.0,dike_hemisphere,9,157.96660488940256,8.854572129398873,12.937259587339584,9.502847648331727,2.2136430323497183,3.234314896834896,2.3757119120829318,0.014686964452266693,0.00020934920758008957,0.00020934920758008957,False,False,,,0,False
v4_branch_1f184e0c65c7f977f0f6,9,32,new_center,parent_to_0.25,0.0,0.25,g009_71cfe7677bf03035_0036,32,6.363593456626404e-06,g008_p000013_g007_p000032_g006_p000013_g005_p000022_g004_p000007_g003_p000022_g002_p000007_g001_p000005_empty,g009_p000032_g008_p000013_g007_p000032_g006_p000013_g005_p000022_g004_p000007_g003_p000022_g002_p000007_g001_p000005_empty,9.0,16.0,26.0,dike_hemisphere,9,123.79541910279349,11.650266918672768,15.436065606244462,12.823620800359564,2.912566729668192,3.8590164015611155,3.205905200089891,0.014697564765810966,0.00021994952112436295,0.00021994952112436295,False,False,,,0,False
v4_branch_cc2a44ec193d2eddce85,9,33,new_center,parent_to_0.25,0.0,0.25,g009_71cfe7677bf03035_0036,33,6.359484814311145e-06,g008_p000013_g007_p000032_g006_p000013_g005_p000022_g004_p000007_g003_p000022_g002_p000007_g001_p000005_empty,g009_p000033_g008_p000013_g007_p000032_g006_p000013_g005_p000022_g004_p000007_g003_p000022_g002_p000007_g001_p000005_empty,30.0,59.0,18.0,dike_hemisphere,9,153.87676889153187,11.78230842957727,8.507953992510874,10.284204622288872,2.9455771073943176,2.1269884981277185,2.571051155572218,0.014614866115152836,0.0001372508704662323,0.0001372508704662323,False,False,,,0,False
v4_branch_3c46f27cb0748806da34,9,34,new_center,parent_to_0.25,0.0,0.25,g009_71cfe7677bf03035_0036,34,6.327726168819936e-06,g008_p000013_g007_p000032_g006_p000013_g005_p000022_g004_p000007_g003_p000022_g002_p000007_g001_p000005_empty,g009_p000034_g008_p000013_g007_p000032_g006_p000013_g005_p000022_g004_p000007_g003_p000022_g002_p000007_g001_p000005_empty,40.0,34.0,19.0,ellipsoid,9,51.16768841818559,13.481669230531242,10.19587225252198,8.535796504953538,3.3704173076328106,2.548968063130495,2.1339491262383845,0.014725704677402973,0.00024808943271636963,0.00024808943271636963,False,False,,,0,False
v4_branch_493c9c936332c124a024,9,35,new_center,parent_to_0.25,0.0,0.25,g009_71cfe7677bf03035_0036,35,6.311662218649872e-06,g008_p000013_g007_p000032_g006_p000013_g005_p000022_g004_p000007_g003_p000022_g002_p000007_g001_p000005_empty,g009_p000035_g008_p000013_g007_p000032_g006_p000013_g005_p000022_g004_p000007_g003_p000022_g002_p000007_g001_p000005_empty,43.0,32.0,38.0,ellipsoid,9,43.38821176414519,8.131433577511899,12.235505032417464,13.68985014160953,2.0328583943779748,3.058876258104366,3.4224625354023823,0.014715994708240032,0.00023837946355342865,0.00023837946355342865,False,False,,,0,False
v4_branch_38b586fb1f0cd63e0b84,9,36,new_center,parent_to_0.25,0.0,0.25,g009_71cfe7677bf03035_0036,36,6.311662218649872e-06,g008_p000019_g007_p000032_g006_p000013_g005_p000022_g004_p000007_g003_p000022_g002_p000007_g001_p000005_empty,g009_p000036_g008_p000019_g007_p000032_g006_p000013_g005_p000022_g004_p000007_g003_p000022_g002_p000007_g001_p000005_empty,43.0,33.0,38.0,dike_hemisphere,9,152.41839868440925,12.210292614870184,14.485691291188322,10.013433082967522,3.052573153717546,3.6214228227970806,2.5033582707418804,0.014701202511787415,0.000223587267100811,0.000223587267100811,False,False,,,0,False
v4_branch_891b0904551c47e2c305,9,37,new_center,parent_to_0.25,0.0,0.25,g009_71cfe7677bf03035_0036,37,6.307158855634043e-06,g008_p000019_g007_p000032_g006_p000013_g005_p000022_g004_p000007_g003_p000022_g002_p000007_g001_p000005_empty,g009_p000037_g008_p000019_g007_p000032_g006_p000013_g005_p000022_g004_p000007_g003_p000022_g002_p000007_g001_p000005_empty,43.0,38.0,17.0,dike_hemisphere,9,146.07415225458467,11.63948729671174,13.258398813214384,13.160122285160277,2.909871824177935,3.314599703303596,3.2900305712900693,0.014690786600112915,0.0002131713554263115,0.0002131713554263115,False,False,,,0,False
v4_branch_b30aa2662ba3dc6a42b2,9,38,new_center,parent_to_0.25,0.0,0.25,g009_71cfe7677bf03035_0036,38,6.3049660639080685e-06,g008_p000019_g007_p000032_g006_p000013_g005_p000022_g004_p000007_g003_p000022_g002_p000007_g001_p000005_empty,g009_p000038_g008_p000019_g007_p000032_g006_p000013_g005_p000022_g004_p000007_g003_p000022_g002_p000007_g001_p000005_empty,41.0,42.0,14.0,ellipsoid,9,37.75034860287643,7.11007824671635,7.1670635850244695,10.578227154468731,1.7775195616790875,1.7917658962561174,2.644556788617183,0.014498165808618069,2.055056393146515e-05,2.055056393146515e-05,False,False,,,0,False
v4_branch_59fe533bb1bb05666961,9,39,new_center,parent_to_0.25,0.0,0.25,g009_71cfe7677bf03035_0036,39,6.295732418948319e-06,g008_p000019_g007_p000032_g006_p000013_g005_p000022_g004_p000007_g003_p000022_g002_p000007_g001_p000005_empty,g009_p000039_g008_p000019_g007_p000032_g006_p000013_g005_p000022_g004_p000007_g003_p000022_g002_p000007_g001_p000005_empty,10.0,33.0,16.0,ellipsoid,9,123.21525618939253,13.111537864297196,14.45895367388575,9.552747301035001,3.277884466074299,3.6147384184714375,2.3881868252587504,0.014778589829802513,0.0003009745851159096,0.0003009745851159096,False,False,,,0,False
v4_branch_ad06314fccc4325f3a88,9,40,new_center,parent_to_0.25,0.0,0.25,g009_71cfe7677bf03035_0036,40,6.29470196145121e-06,g008_p000019_g007_p000032_g006_p000013_g005_p000022_g004_p000007_g003_p000022_g002_p000007_g001_p000005_empty,g009_p000040_g008_p000019_g007_p000032_g006_p000013_g005_p000022_g004_p000007_g003_p000022_g002_p000007_g001_p000005_empty,50.0,22.0,21.0,dike_hemisphere,9,169.01868900784785,6.157468953090564,10.454887281355315,9.94027154272116,1.539367238272641,2.613721820338829,2.48506788568029,0.01454883348196745,7.121823728084564e-05,7.121823728084564e-05,False,False,,,0,False
v4_branch_8190bf38226fc7ecf544,9,41,new_center,parent_to_0.25,0.0,0.25,g009_71cfe7677bf03035_0036,41,6.287179076025495e-06,g008_p000019_g007_p000032_g006_p000013_g005_p000022_g004_p000007_g003_p000022_g002_p000007_g001_p000005_empty,g009_p000041_g008_p000019_g007_p000032_g006_p000013_g005_p000022_g004_p000007_g003_p000022_g002_p000007_g001_p000005_empty,57.0,20.0,37.0,dike_hemisphere,9,86.55246296076706,13.64687679461163,6.667846061380537,13.997576258617519,3.4117191986529076,1.6669615153451343,3.4993940646543797,0.014537843875586987,6.0228630900382996e-05,6.0228630900382996e-05,False,False,,,0,False
v4_branch_5edeccc38bf483939dc7,9,42,new_center,parent_to_0.25,0.0,0.25,g009_71cfe7677bf03035_0036,42,6.26554856353323e-06,g008_p000019_g007_p000032_g006_p000013_g005_p000022_g004_p000007_g003_p000022_g002_p000007_g001_p000005_empty,g009_p000042_g008_p000019_g007_p000032_g006_p000013_g005_p000022_g004_p000007_g003_p000022_g002_p000007_g001_p000005_empty,38.0,31.0,35.0,ellipsoid,9,63.80490284335642,15.894290288788579,8.21100818455479,10.112887412068954,3.9735725721971447,2.0527520461386977,2.5282218530172385,0.014715993776917458,0.00023837853223085403,0.00023837853223085403,False,False,,,0,False
v4_branch_a8940b2b21e581fb4541,9,43,new_center,parent_to_0.25,0.0,0.25,g009_71cfe7677bf03035_0036,43,6.255749667616328e-06,g008_p000019_g007_p000032_g006_p000013_g005_p000022_g004_p000007_g003_p000022_g002_p000007_g001_p000005_empty,g009_p000043_g008_p000019_g007_p000032_g006_p000013_g005_p000022_g004_p000007_g003_p000022_g002_p000007_g001_p000005_empty,8.0,30.0,19.0,ellipsoid,9,150.20333665069626,9.142190490226799,14.217179976558594,12.42981229578183,2.2855476225566997,3.5542949941396484,3.1074530739454573,0.014683323912322521,0.00020570866763591766,0.00020570866763591766,False,False,,,0,False
v4_branch_b7b2c2d5647c83f4ee5a,9,44,new_center,parent_to_0.25,0.0,0.25,g009_71cfe7677bf03035_0036,44,6.180034233693732e-06,g008_p000019_g007_p000032_g006_p000013_g005_p000022_g004_p000007_g003_p000022_g002_p000007_g001_p000005_empty,g009_p000044_g008_p000019_g007_p000032_g006_p000013_g005_p000022_g004_p000007_g003_p000022_g002_p000007_g001_p000005_empty,45.0,40.0,14.0,dike_hemisphere,9,13.315755459013026,11.254116781103967,13.028998546034934,6.016282292405135,2.8135291952759918,3.2572496365087336,1.5040705731012838,0.014659986831247807,0.000182371586561203,0.000182371586561203,False,False,,,0,False
v4_branch_32b2f191b8352acd66ce,9,45,new_center,parent_to_0.25,0.0,0.25,g009_71cfe7677bf03035_0036,45,6.172485427669017e-06,g008_p000019_g007_p000032_g006_p000013_g005_p000022_g004_p000007_g003_p000022_g002_p000007_g001_p000005_empty,g009_p000045_g008_p000019_g007_p000032_g006_p000013_g005_p000022_g004_p000007_g003_p000022_g002_p000007_g001_p000005_empty,42.0,56.0,39.0,ellipsoid,9,30.617042330424923,13.355255463227913,12.927375559972,8.435523431787214,3.338813865806978,3.231843889993,2.1088808579468035,0.014807004481554031,0.0003293892368674278,0.0003293892368674278,False,False,,,0,False
v4_branch_e575347d7591b05cf1eb,9,46,new_center,parent_to_0.25,0.0,0.25,g009_71cfe7677bf03035_0036,46,6.150815806904575e-06,g008_p000019_g007_p000032_g006_p000013_g005_p000022_g004_p000007_g003_p000022_g002_p000007_g001_p000005_empty,g009_p000046_g008_p000019_g007_p000032_g006_p000013_g005_p000022_g004_p000007_g003_p000022_g002_p000007_g001_p000005_empty,8.0,42.0,18.0,ellipsoid,9,74.10415695163093,6.766153169692122,6.44168362821231,6.836157548783119,1.6915382924230304,1.6104209070530775,1.7090393871957799,0.014514273032546043,3.665778785943985e-05,3.665778785943985e-05,False,False,,,0,False
v4_branch_4066c4d91d143bc58f24,9,47,new_center,parent_to_0.25,0.0,0.25,g009_71cfe7677bf03035_0036,47,6.148136890260503e-06,g008_p000019_g007_p000032_g006_p000013_g005_p000022_g004_p000007_g003_p000022_g002_p000007_g001_p000005_empty,g009_p000047_g008_p000019_g007_p000032_g006_p000013_g005_p000022_g004_p000007_g003_p000022_g002_p000007_g001_p000005_empty,46.0,41.0,14.0,dike_hemisphere,9,42.99748211129263,12.059496671211406,8.457218432308867,13.198811179220375,3.0148741678028514,2.1143046080772168,3.2997027948050937,0.014657877385616302,0.00018026214092969894,0.00018026214092969894,False,False,,,0,False
v4_branch_311261a87d5d7bf9d540,9,48,new_center,parent_to_0.25,0.0,0.25,g009_71cfe7677bf03035_0036,48,6.120567832113011e-06,g008_p000025_g007_p000033_g006_p000013_g005_p000022_g004_p000007_g003_p000022_g002_p000007_g001_p000005_empty,g009_p000048_g008_p000025_g007_p000033_g006_p000013_g005_p000022_g004_p000007_g003_p000022_g002_p000007_g001_p000005_empty,37.0,33.0,35.0,ellipsoid,9,106.84072296586145,7.1888769938233255,9.250339921622016,7.362700671073995,1.7972192484558314,2.312584980405504,1.8406751677684987,0.014587744139134884,0.00011012889444828033,0.00011012889444828033,False,False,,,0,False
v4_branch_e6d3e9e7dd2c1bc58cee,9,49,new_center,parent_to_0.25,0.0,0.25,g009_71cfe7677bf03035_0036,49,6.076442787161795e-06,g008_p000025_g007_p000033_g006_p000013_g005_p000022_g004_p000007_g003_p000022_g002_p000007_g001_p000005_empty,g009_p000049_g008_p000025_g007_p000033_g006_p000013_g005_p000022_g004_p000007_g003_p000022_g002_p000007_g001_p000005_empty,38.0,8.0,18.0,ellipsoid,9,18.136929479275835,15.03010183948678,7.208000303061868,6.792169791031522,3.757525459871695,1.802000075765467,1.6980424477578806,0.014659986831247807,0.000182371586561203,0.000182371586561203,False,False,,,0,False
v4_branch_40f877fc021881011656,9,50,new_center,parent_to_0.25,0.0,0.25,g009_71cfe7677bf03035_0036,50,6.069045412004925e-06,g008_p000025_g007_p000033_g006_p000013_g005_p000022_g004_p000007_g003_p000022_g002_p000007_g001_p000005_empty,g009_p000050_g008_p000025_g007_p000033_g006_p000013_g005_p000022_g004_p000007_g003_p000022_g002_p000007_g001_p000005_empty,37.0,13.0,19.0,dike_hemisphere,9,13.848285652681522,13.862431416789605,10.270964961372517,6.258166367720773,3.465607854197401,2.5677412403431292,1.5645415919301933,0.014659986831247807,0.000182371586561203,0.000182371586561203,False,False,,,0,False
v4_branch_5ff48ec1eec4624bdfe5,9,51,new_center,parent_to_0.25,0.0,0.25,g009_71cfe7677bf03035_0036,51,6.025367383699631e-06,g008_p000025_g007_p000033_g006_p000013_g005_p000022_g004_p000007_g003_p000022_g002_p000007_g001_p000005_empty,g009_p000051_g008_p000025_g007_p000033_g006_p000013_g005_p000022_g004_p000007_g003_p000022_g002_p000007_g001_p000005_empty,42.0,28.0,39.0,dike_hemisphere,9,6.355790018440413,6.802468380388871,7.386617595505823,11.188343610866369,1.7006170950972177,1.8466543988764557,2.797085902716592,0.014497720636427402,2.010539174079895e-05,2.010539174079895e-05,False,False,,,0,False
v4_branch_cc862a76049e9ce39837,9,52,new_center,parent_to_0.25,0.0,0.25,g009_71cfe7677bf03035_0036,52,6.024877620802727e-06,g008_p000025_g007_p000033_g006_p000013_g005_p000022_g004_p000007_g003_p000022_g002_p000007_g001_p000005_empty,g009_p000052_g008_p000025_g007_p000033_g006_p000013_g005_p000022_g004_p000007_g003_p000022_g002_p000007_g001_p000005_empty,42.0,29.0,39.0,dike_hemisphere,9,131.79264542182364,7.657116979633053,11.483001710411786,7.736780130466004,1.9142792449082633,2.8707504276029465,1.934195032616501,0.014514273032546043,3.665778785943985e-05,3.665778785943985e-05,False,False,,,0,False
v4_branch_c55b5cd3fdb4d26a73b3,9,53,new_center,parent_to_0.25,0.0,0.25,g009_71cfe7677bf03035_0036,53,6.024580670782598e-06,g008_p000025_g007_p000033_g006_p000013_g005_p000022_g004_p000007_g003_p000022_g002_p000007_g001_p000005_empty,g009_p000053_g008_p000025_g007_p000033_g006_p000013_g005_p000022_g004_p000007_g003_p000022_g002_p000007_g001_p000005_empty,39.0,34.0,19.0,ellipsoid,9,145.048165861257,6.529040854667885,6.104106955900032,11.43318339382019,1.6322602136669713,1.526026738975008,2.8582958484550476,0.014497720636427402,2.010539174079895e-05,2.010539174079895e-05,False,False,,,0,False
v4_branch_31d8eb5bd1d8bd3cb0bc,9,54,new_center,parent_to_0.25,0.0,0.25,g009_71cfe7677bf03035_0036,54,6.010429842717713e-06,g008_p000025_g007_p000033_g006_p000013_g005_p000022_g004_p000007_g003_p000022_g002_p000007_g001_p000005_empty,g009_p000054_g008_p000025_g007_p000033_g006_p000013_g005_p000022_g004_p000007_g003_p000022_g002_p000007_g001_p000005_empty,30.0,58.0,18.0,ellipsoid,9,172.25252006725717,8.88088372324123,12.75775585459694,9.05276609224691,2.2202209308103074,3.189438963649235,2.2631915230617277,0.014643598347902298,0.00016598310321569443,0.00016598310321569443,False,False,,,0,False
v4_branch_f1523c30d30d598b77c7,9,55,new_center,parent_to_0.25,0.0,0.25,g009_71cfe7677bf03035_0036,55,5.989137662254507e-06,g008_p000025_g007_p000033_g006_p000013_g005_p000022_g004_p000007_g003_p000022_g002_p000007_g001_p000005_empty,g009_p000055_g008_p000025_g007_p000033_g006_p000013_g005_p000022_g004_p000007_g003_p000022_g002_p000007_g001_p000005_empty,44.0,40.0,14.0,ellipsoid,9,44.914951318343036,8.645347515632185,13.569344292648157,7.6968584591342415,2.1613368789080463,3.3923360731620393,1.9242146147835604,0.014732303097844124,0.0002546878531575203,0.0002546878531575203,False,False,,,0,False
v4_branch_3fb28532665f4aa23016,9,56,new_center,parent_to_0.25,0.0,0.25,g009_71cfe7677bf03035_0036,56,5.985899406368844e-06,g008_p000025_g007_p000033_g006_p000013_g005_p000022_g004_p000007_g003_p000022_g002_p000007_g001_p000005_empty,g009_p000056_g008_p000025_g007_p000033_g006_p000013_g005_p000022_g004_p000007_g003_p000022_g002_p000007_g001_p000005_empty,59.0,48.0,22.0,ellipsoid,9,29.801537628043672,7.885958077652999,13.592014680708985,6.041110119540105,1.9714895194132498,3.3980036701772462,1.5102775298850262,0.014732303097844124,0.0002546878531575203,0.0002546878531575203,False,False,,,0,False
v4_branch_fce16c60c5091aeb3052,9,57,new_center,parent_to_0.25,0.0,0.25,g009_71cfe7677bf03035_0036,57,5.983698883937905e-06,g008_p000025_g007_p000033_g006_p000013_g005_p000022_g004_p000007_g003_p000022_g002_p000007_g001_p000005_empty,g009_p000057_g008_p000025_g007_p000033_g006_p000013_g005_p000022_g004_p000007_g003_p000022_g002_p000007_g001_p000005_empty,5.0,36.0,19.0,ellipsoid,9,124.14149196772041,9.282057952300992,11.188523693457032,9.565226297914924,2.320514488075248,2.797130923364258,2.391306574478731,0.014643598347902298,0.00016598310321569443,0.00016598310321569443,False,False,,,0,False
v4_branch_61391c4ed82be16938de,9,58,new_center,parent_to_0.25,0.0,0.25,g009_71cfe7677bf03035_0036,58,5.970588517811848e-06,g008_p000025_g007_p000033_g006_p000013_g005_p000022_g004_p000007_g003_p000022_g002_p000007_g001_p000005_empty,g009_p000058_g008_p000025_g007_p000033_g006_p000013_g005_p000022_g004_p000007_g003_p000022_g002_p000007_g001_p000005_empty,41.0,40.0,15.0,dike_hemisphere,9,8.375632145752654,11.188864830724231,11.855549997098194,13.856426801221938,2.797216207681058,2.9638874992745485,3.4641067003054844,0.014657877385616302,0.00018026214092969894,0.00018026214092969894,False,False,,,0,False
v4_branch_df8c78d0ece8b35b5f95,9,59,new_center,parent_to_0.25,0.0,0.25,g009_71cfe7677bf03035_0036,59,5.956358563707909e-06,g008_p000025_g007_p000033_g006_p000013_g005_p000022_g004_p000007_g003_p000022_g002_p000007_g001_p000005_empty,g009_p000059_g008_p000025_g007_p000033_g006_p000013_g005_p000022_g004_p000007_g003_p000022_g002_p000007_g001_p000005_empty,53.0,29.0,22.0,dike_hemisphere,9,123.00502576748256,8.792913354877225,6.524804243718428,12.355013805187241,2.1982283387193062,1.631201060929607,3.0887534512968102,0.014497718773782253,2.010352909564972e-05,2.010352909564972e-05,False,False,,,0,False
v4_branch_8a222e64b812e05f563e,9,60,new_center,parent_to_0.25,0.0,0.25,g009_71cfe7677bf03035_0036,60,5.930791303399019e-06,g008_p000031_g007_p000033_g006_p000013_g005_p000022_g004_p000007_g003_p000022_g002_p000007_g001_p000005_empty,g009_p000060_g008_p000031_g007_p000033_g006_p000013_g005_p000022_g004_p000007_g003_p000022_g002_p000007_g001_p000005_empty,47.0,39.0,17.0,dike_hemisphere,9,175.32509242172563,14.264057949423437,15.441045507342272,7.576225877728826,3.5660144873558592,3.860261376835568,1.8940564694322064,0.014804265461862087,0.0003266502171754837,0.0003266502171754837,False,False,,,0,False
v4_branch_2a03460f9622cee9d09e,9,61,new_center,parent_to_0.25,0.0,0.25,g009_71cfe7677bf03035_0036,61,5.922518539591692e-06,g008_p000031_g007_p000033_g006_p000013_g005_p000022_g004_p000007_g003_p000022_g002_p000007_g001_p000005_empty,g009_p000061_g008_p000031_g007_p000033_g006_p000013_g005_p000022_g004_p000007_g003_p000022_g002_p000007_g001_p000005_empty,37.0,34.0,37.0,ellipsoid,9,95.17874085821359,13.286775121308397,15.337152735718897,13.641765626858627,3.321693780327099,3.8342881839297243,3.4104414067146567,0.014662112109363079,0.00018449686467647552,0.00018449686467647552,False,False,,,0,False
v4_branch_fdf49ca76ce922b1ca73,9,62,new_center,parent_to_0.25,0.0,0.25,g009_71cfe7677bf03035_0036,62,5.918545866734348e-06,g008_p000031_g007_p000033_g006_p000013_g005_p000022_g004_p000007_g003_p000022_g002_p000007_g001_p000005_empty,g009_p000062_g008_p000031_g007_p000033_g006_p000013_g005_p000022_g004_p000007_g003_p000022_g002_p000007_g001_p000005_empty,40.0,32.0,36.0,dike_hemisphere,9,42.129493136731405,11.467096380781436,10.73373002119322,11.71282111796458,2.866774095195359,2.683432505298305,2.928205279491145,0.014657877385616302,0.00018026214092969894,0.00018026214092969894,False,False,,,0,False
v4_branch_1fdc41f7f01bb48e77ac,9,63,new_center,parent_to_0.25,0.0,0.25,g009_71cfe7677bf03035_0036,63,5.898290510231163e-06,g008_p000031_g007_p000033_g006_p000013_g005_p000022_g004_p000007_g003_p000022_g002_p000007_g001_p000005_empty,g009_p000063_g008_p000031_g007_p000033_g006_p000013_g005_p000022_g004_p000007_g003_p000022_g002_p000007_g001_p000005_empty,59.0,47.0,22.0,ellipsoid,9,58.701529019114865,14.187951405387196,9.898090004043897,7.032310715923021,3.546987851346799,2.4745225010109744,1.7580776789807553,0.014732303097844124,0.0002546878531575203,0.0002546878531575203,False,False,,,0,False
v4_branch_1681eee8dc5e2c1414dd,9,64,new_center,parent_to_0.25,0.0,0.25,g009_71cfe7677bf03035_0036,64,5.891203727514949e-06,g008_p000031_g007_p000033_g006_p000013_g005_p000022_g004_p000007_g003_p000022_g002_p000007_g001_p000005_empty,g009_p000064_g008_p000031_g007_p000033_g006_p000013_g005_p000022_g004_p000007_g003_p000022_g002_p000007_g001_p000005_empty,9.0,48.0,20.0,dike_hemisphere,9,165.23047038172868,12.003166155860605,12.89747236925325,6.013146310802051,3.000791538965151,3.2243680923133127,1.5032865777005127,0.014659986831247807,0.000182371586561203,0.000182371586561203,False,False,,,0,False
v4_branch_7f938c336890d511572b,9,65,new_center,parent_to_0.25,0.0,0.25,g009_71cfe7677bf03035_0036,65,5.889555723115336e-06,g008_p000031_g007_p000033_g006_p000013_g005_p000022_g004_p000007_g003_p000022_g002_p000007_g001_p000005_empty,g009_p000065_g008_p000031_g007_p000033_g006_p000013_g005_p000022_g004_p000007_g003_p000022_g002_p000007_g001_p000005_empty,47.0,40.0,17.0,ellipsoid,9,77.51624261533784,8.201725992203043,6.240784145029487,8.780360432072335,2.0504314980507607,1.5601960362573717,2.195090108018084,0.014570841565728188,9.322632104158401e-05,9.322632104158401e-05,False,False,,,0,False
v4_branch_6023c629b8475d6cc4e5,9,66,new_center,parent_to_0.25,0.0,0.25,g009_71cfe7677bf03035_0036,66,5.884995516680647e-06,g008_p000031_g007_p000033_g006_p000013_g005_p000022_g004_p000007_g003_p000022_g002_p000007_g001_p000005_empty,g009_p000066_g008_p000031_g007_p000033_g006_p000013_g005_p000022_g004_p000007_g003_p000022_g002_p000007_g001_p000005_empty,36.0,35.0,35.0,ellipsoid,9,119.74320337069395,10.631698724736204,9.099539328934922,7.157213950832804,2.657924681184051,2.2748848322337305,1.789303487708201,0.014659986831247807,0.000182371586561203,0.000182371586561203,False,False,,,0,False
v4_branch_6c9cec0abec1ba12a76f,9,67,new_center,parent_to_0.25,0.0,0.25,g009_71cfe7677bf03035_0036,67,5.884995061933296e-06,g008_p000031_g007_p000033_g006_p000013_g005_p000022_g004_p000007_g003_p000022_g002_p000007_g001_p000005_empty,g009_p000067_g008_p000031_g007_p000033_g006_p000013_g005_p000022_g004_p000007_g003_p000022_g002_p000007_g001_p000005_empty,36.0,36.0,35.0,dike_hemisphere,9,19.07586450915277,7.738545070714345,13.045571955302691,8.959210616815747,1.9346362676785862,3.2613929888256727,2.239802654203937,0.014614424668252468,0.00013680942356586456,0.00013680942356586456,False,False,,,0,False
v4_branch_0696a3a949433089c52e,9,68,new_center,parent_to_0.25,0.0,0.25,g009_71cfe7677bf03035_0036,68,5.880565822735662e-06,g008_p000031_g007_p000033_g006_p000013_g005_p000022_g004_p000007_g003_p000022_g002_p000007_g001_p000005_empty,g009_p000068_g008_p000031_g007_p000033_g006_p000013_g005_p000022_g004_p000007_g003_p000022_g002_p000007_g001_p000005_empty,39.0,30.0,16.0,dike_hemisphere,9,133.01683534549053,6.799158740023214,12.812783110006322,8.55763782448044,1.6997896850058034,3.2031957775015805,2.13940945612011,0.014715994708240032,0.00023837946355342865,0.00023837946355342865,False,False,,,0,False
v4_branch_137eab742be444a98d30,9,69,new_center,parent_to_0.25,0.0,0.25,g009_71cfe7677bf03035_0036,69,5.863353180757258e-06,g008_p000031_g007_p000033_g006_p000013_g005_p000022_g004_p000007_g003_p000022_g002_p000007_g001_p000005_empty,g009_p000069_g008_p000031_g007_p000033_g006_p000013_g005_p000022_g004_p000007_g003_p000022_g002_p000007_g001_p000005_empty,59.0,20.0,39.0,ellipsoid,9,103.12214532002793,8.89567387284837,15.045611975852186,13.470058869103088,2.2239184682120925,3.7614029939630464,3.367514717275772,0.014683323912322521,0.00020570866763591766,0.00020570866763591766,False,False,,,0,False
v4_branch_6dff69e93c59ac91d483,9,70,new_center,parent_to_0.25,0.0,0.25,g009_71cfe7677bf03035_0036,70,5.839999175805133e-06,g008_p000031_g007_p000033_g006_p000013_g005_p000022_g004_p000007_g003_p000022_g002_p000007_g001_p000005_empty,g009_p000070_g008_p000031_g007_p000033_g006_p000013_g005_p000022_g004_p000007_g003_p000022_g002_p000007_g001_p000005_empty,53.0,41.0,22.0,dike_hemisphere,9,31.393385469297627,12.316603279234155,14.265245532619112,13.833702815275618,3.0791508198085387,3.566311383154778,3.4584257038189046,0.014697565697133541,0.00021995045244693756,0.00021995045244693756,False,False,,,0,False
v4_branch_3e10e29b1f086f623659,9,71,new_center,parent_to_0.25,0.0,0.25,g009_71cfe7677bf03035_0036,71,5.8368600548419636e-06,g008_p000031_g007_p000033_g006_p000013_g005_p000022_g004_p000007_g003_p000022_g002_p000007_g001_p000005_empty,g009_p000071_g008_p000031_g007_p000033_g006_p000013_g005_p000022_g004_p000007_g003_p000022_g002_p000007_g001_p000005_empty,35.0,35.0,35.0,ellipsoid,9,13.787131364269975,15.2787897424847,7.732547628199066,6.870374497994137,3.819697435621175,1.9331369070497666,1.7175936244985341,0.014659986831247807,0.000182371586561203,0.000182371586561203,False,False,,,0,False
v4_branch_6d52cac00d76087cc76e,9,72,new_center,parent_to_0.25,0.0,0.25,g009_71cfe7677bf03035_0036,72,5.833514933328843e-06,g008_p000037_g007_p000054_g006_p000025_g005_p000032_g004_p000013_g003_p000032_g002_p000013_g001_p000029_empty,g009_p000072_g008_p000037_g007_p000054_g006_p000025_g005_p000032_g004_p000013_g003_p000032_g002_p000013_g001_p000029_empty,35.0,34.0,35.0,dike_hemisphere,9,46.35564752407612,11.966000407001737,8.718848778794932,7.0740521767830575,2.991500101750434,2.179712194698733,1.7685130441957644,0.014659986831247807,0.000182371586561203,0.000182371586561203,False,False,,,0,False
v4_branch_78f2bd94419fd3776336,9,73,new_center,parent_to_0.25,0.0,0.25,g009_71cfe7677bf03035_0036,73,5.8307487051934e-06,g008_p000037_g007_p000054_g006_p000025_g005_p000032_g004_p000013_g003_p000032_g002_p000013_g001_p000029_empty,g009_p000073_g008_p000037_g007_p000054_g006_p000025_g005_p000032_g004_p000013_g003_p000032_g002_p000013_g001_p000029_empty,55.0,47.0,21.0,dike_hemisphere,9,4.523133415963931,7.09488747004507,8.404009667692668,9.385535677386958,1.7737218675112676,2.101002416923167,2.3463839193467395,0.014570841565728188,9.322632104158401e-05,9.322632104158401e-05,False,False,,,0,False
v4_branch_dc7b613b4884c557d597,9,74,new_center,parent_to_0.25,0.0,0.25,g009_71cfe7677bf03035_0036,74,5.830170266563073e-06,g008_p000037_g007_p000054_g006_p000025_g005_p000032_g004_p000013_g003_p000032_g002_p000013_g001_p000029_empty,g009_p000074_g008_p000037_g007_p000054_g006_p000025_g005_p000032_g004_p000013_g003_p000032_g002_p000013_g001_p000029_empty,8.0,40.0,19.0,dike_hemisphere,9,14.227160538210864,14.031203697488882,6.882574429112244,9.314756315505146,3.5078009243722206,1.720643607278061,2.3286890788762866,0.014541521668434143,6.390642374753952e-05,6.390642374753952e-05,False,False,,,0,False
v4_branch_034053f21094d5f92f23,9,75,new_center,parent_to_0.25,0.0,0.25,g009_71cfe7677bf03035_0036,75,5.749458068748936e-06,g008_p000037_g007_p000054_g006_p000025_g005_p000032_g004_p000013_g003_p000032_g002_p000013_g001_p000029_empty,g009_p000075_g008_p000037_g007_p000054_g006_p000025_g005_p000032_g004_p000013_g003_p000032_g002_p000013_g001_p000029_empty,53.0,42.0,21.0,ellipsoid,9,147.1821856399004,14.061939916078229,13.007786588515668,7.0126397819750395,3.5154849790195573,3.251946647128917,1.7531599454937599,0.014804265461862087,0.0003266502171754837,0.0003266502171754837,False,False,,,0,False
v4_branch_d5c29cb8babde5ecec43,9,76,new_center,parent_to_0.25,0.0,0.25,g009_71cfe7677bf03035_0036,76,5.746374881709926e-06,g008_p000037_g007_p000054_g006_p000025_g005_p000032_g004_p000013_g003_p000032_g002_p000013_g001_p000029_empty,g009_p000076_g008_p000037_g007_p000054_g006_p000025_g005_p000032_g004_p000013_g003_p000032_g002_p000013_g001_p000029_empty,9.0,31.0,19.0,ellipsoid,9,98.03141451929561,8.773073283266417,9.997191587318738,12.751985404513501,2.193268320816604,2.4992978968296846,3.1879963511283753,0.014643597416579723,0.0001659821718931198,0.0001659821718931198,False,False,,,0,False
v4_branch_9a85d775b11afb882424,9,77,new_center,parent_to_0.25,0.0,0.25,g009_71cfe7677bf03035_0036,77,5.743107521993807e-06,g008_p000037_g007_p000054_g006_p000025_g005_p000032_g004_p000013_g003_p000032_g002_p000013_g001_p000029_empty,g009_p000077_g008_p000037_g007_p000054_g006_p000025_g005_p000032_g004_p000013_g003_p000032_g002_p000013_g001_p000029_empty,40.0,33.0,36.0,dike_hemisphere,9,85.99211196715363,12.774773000517092,10.608499581611412,9.289155213987897,3.193693250129273,2.652124895402853,2.322288803496974,0.01473020389676094,0.000252588652074337,0.000252588652074337,False,False,,,0,False
v4_branch_7a54b0dad3d805afa274,9,78,new_center,parent_to_0.25,0.0,0.25,g009_71cfe7677bf03035_0036,78,5.7374882089789025e-06,g008_p000037_g007_p000054_g006_p000025_g005_p000032_g004_p000013_g003_p000032_g002_p000013_g001_p000029_empty,g009_p000078_g008_p000037_g007_p000054_g006_p000025_g005_p000032_g004_p000013_g003_p000032_g002_p000013_g001_p000029_empty,59.0,44.0,22.0,dike_hemisphere,9,101.44425301400096,14.15601537130597,14.976642368175053,10.682560952157786,3.5390038428264927,3.7441605920437633,2.6706402380394465,0.014657695777714252,0.00018008053302764893,0.00018008053302764893,False,False,,,0,False
v4_branch_ed7fbcf8164d5f893784,9,79,new_center,parent_to_0.25,0.0,0.25,g009_71cfe7677bf03035_0036,79,5.734471415053122e-06,g008_p000037_g007_p000054_g006_p000025_g005_p000032_g004_p000013_g003_p000032_g002_p000013_g001_p000029_empty,g009_p000079_g008_p000037_g007_p000054_g006_p000025_g005_p000032_g004_p000013_g003_p000032_g002_p000013_g001_p000029_empty,11.0,58.0,21.0,ellipsoid,9,177.72195662383598,11.999194529102791,8.319644266532224,13.39648009840343,2.9997986322756978,2.079911066633056,3.3491200246008574,0.014618213288486004,0.00014059804379940033,0.00014059804379940033,False,False,,,0,False
v4_branch_813ee54bbc5183f7ff22,9,80,new_center,parent_to_0.25,0.0,0.25,g009_71cfe7677bf03035_0036,80,5.72419548916514e-06,g008_p000037_g007_p000054_g006_p000025_g005_p000032_g004_p000013_g003_p000032_g002_p000013_g001_p000029_empty,g009_p000080_g008_p000037_g007_p000054_g006_p000025_g005_p000032_g004_p000013_g003_p000032_g002_p000013_g001_p000029_empty,58.0,46.0,22.0,ellipsoid,9,88.85260052880086,12.966813598678325,9.059472490405069,10.411291892651489,3.241703399669581,2.2648681226012672,2.6028229731628723,0.014610766433179379,0.00013315118849277496,0.00013315118849277496,False,False,,,0,False
v4_branch_be85f90753deaf6ac128,9,81,new_center,parent_to_0.25,0.0,0.25,g009_71cfe7677bf03035_0036,81,5.712569418392377e-06,g008_p000037_g007_p000054_g006_p000025_g005_p000032_g004_p000013_g003_p000032_g002_p000013_g001_p000029_empty,g009_p000081_g008_p000037_g007_p000054_g006_p000025_g005_p000032_g004_p000013_g003_p000032_g002_p000013_g001_p000029_empty,40.0,38.0,37.0,dike_hemisphere,9,110.58458883556035,15.169556878132708,9.352819269142913,12.409413411165914,3.792389219533177,2.338204817285728,3.1023533527914786,0.014618735760450363,0.0001411205157637596,0.0001411205157637596,False,False,,,0,False
v4_branch_9418b382a185acef2542,9,82,new_center,parent_to_0.25,0.0,0.25,g009_71cfe7677bf03035_0036,82,5.7121105783153325e-06,g008_p000037_g007_p000054_g006_p000025_g005_p000032_g004_p000013_g003_p000032_g002_p000013_g001_p000029_empty,g009_p000082_g008_p000037_g007_p000054_g006_p000025_g005_p000032_g004_p000013_g003_p000032_g002_p000013_g001_p000029_empty,37.0,39.0,38.0,ellipsoid,9,148.67122754121266,10.40013842441557,12.199969495582984,10.126919557194205,2.6000346061038924,3.049992373895746,2.531729889298551,0.014715993776917458,0.00023837853223085403,0.00023837853223085403,False,False,,,0,False
v4_branch_a0ca6ad432604cd0fd37,9,83,new_center,parent_to_0.25,0.0,0.25,g009_71cfe7677bf03035_0036,83,5.697865617548814e-06,g008_p000037_g007_p000054_g006_p000025_g005_p000032_g004_p000013_g003_p000032_g002_p000013_g001_p000029_empty,g009_p000083_g008_p000037_g007_p000054_g006_p000025_g005_p000032_g004_p000013_g003_p000032_g002_p000013_g001_p000029_empty,31.0,6.0,21.0,dike_hemisphere,9,8.107447346010748,14.230078997789308,13.667633297392495,10.024632581750678,3.557519749447327,3.4169083243481237,2.5061581454376696,0.014672142453491688,0.00019452720880508423,0.00019452720880508423,False,False,,,0,False
v4_branch_fafa44ca7eb3cfcffe37,9,84,new_center,parent_to_0.25,0.0,0.25,g009_71cfe7677bf03035_0036,84,5.661255727318348e-06,g008_p000043_g007_p000054_g006_p000025_g005_p000032_g004_p000013_g003_p000032_g002_p000013_g001_p000029_empty,g009_p000084_g008_p000043_g007_p000054_g006_p000025_g005_p000032_g004_p000013_g003_p000032_g002_p000013_g001_p000029_empty,55.0,47.0,22.0,ellipsoid,9,6.380593389516633,7.688654813765571,14.028959530879124,9.878301556572977,1.9221637034413928,3.507239882719781,2.469575389143244,0.014537843875586987,6.0228630900382996e-05,6.0228630900382996e-05,False,False,,,0,False
v4_branch_2e86d6455bfda779e15a,9,85,new_center,parent_to_0.25,0.0,0.25,g009_71cfe7677bf03035_0036,85,5.657610017806292e-06,g008_p000043_g007_p000054_g006_p000025_g005_p000032_g004_p000013_g003_p000032_g002_p000013_g001_p000029_empty,g009_p000085_g008_p000043_g007_p000054_g006_p000025_g005_p000032_g004_p000013_g003_p000032_g002_p000013_g001_p000029_empty,25.0,57.0,39.0,dike_hemisphere,9,171.42250896550775,12.908225977441132,8.652898719537742,10.709246514351978,3.227056494360283,2.1632246798844355,2.6773116285879945,0.014614424668252468,0.00013680942356586456,0.00013680942356586456,False,False,,,0,False
v4_branch_9cd53176b7409a8f4770,9,86,new_center,parent_to_0.25,0.0,0.25,g009_71cfe7677bf03035_0036,86,5.657300789607689e-06,g008_p000043_g007_p000054_g006_p000025_g005_p000032_g004_p000013_g003_p000032_g002_p000013_g001_p000029_empty,g009_p000086_g008_p000043_g007_p000054_g006_p000025_g005_p000032_g004_p000013_g003_p000032_g002_p000013_g001_p000029_empty,11.0,25.0,20.0,dike_hemisphere,9,87.43370681815468,15.9909759734976,13.072780815986487,7.322174772569891,3.9977439933744,3.268195203996622,1.8305436931424728,0.014804265461862087,0.0003266502171754837,0.0003266502171754837,False,False,,,0,False
v4_branch_09caeac5b7254b5a8fe0,9,87,new_center,parent_to_0.25,0.0,0.25,g009_71cfe7677bf03035_0036,87,5.650097136822296e-06,g008_p000043_g007_p000054_g006_p000025_g005_p000032_g004_p000013_g003_p000032_g002_p000013_g001_p000029_empty,g009_p000087_g008_p000043_g007_p000054_g006_p000025_g005_p000032_g004_p000013_g003_p000032_g002_p000013_g001_p000029_empty,7.0,7.0,35.0,dike_hemisphere,9,155.7569465213026,9.881452482093055,13.222437010838378,9.78387935682397,2.4703631205232637,3.3056092527095946,2.4459698392059925,0.014657877385616302,0.00018026214092969894,0.00018026214092969894,False,False,,,0,False
v4_branch_171a812b5a48daff53ed,9,88,new_center,parent_to_0.25,0.0,0.25,g009_71cfe7677bf03035_0036,88,5.641097232000902e-06,g008_p000043_g007_p000054_g006_p000025_g005_p000032_g004_p000013_g003_p000032_g002_p000013_g001_p000029_empty,g009_p000088_g008_p000043_g007_p000054_g006_p000025_g005_p000032_g004_p000013_g003_p000032_g002_p000013_g001_p000029_empty,39.0,31.0,35.0,dike_hemisphere,9,165.5395290896771,6.902707780828732,8.711049041337432,7.503570505235232,1.725676945207183,2.177762260334358,1.875892626308808,0.014514273032546043,3.665778785943985e-05,3.665778785943985e-05,False,False,,,0,False
v4_branch_327539a131fd4ccee34d,9,89,new_center,parent_to_0.25,0.0,0.25,g009_71cfe7677bf03035_0036,89,5.637642971123569e-06,g008_p000043_g007_p000054_g006_p000025_g005_p000032_g004_p000013_g003_p000032_g002_p000013_g001_p000029_empty,g009_p000089_g008_p000043_g007_p000054_g006_p000025_g005_p000032_g004_p000013_g003_p000032_g002_p000013_g001_p000029_empty,8.0,29.0,19.0,dike_hemisphere,9,158.6510650898779,7.2773956091679555,12.113710127357297,6.954540567370801,1.8193489022919889,3.0284275318393243,1.7386351418427002,0.014588999561965466,0.000111384317278862,0.000111384317278862,False,False,,,0,False
v4_branch_6f27a134459b3515dc02,9,90,new_center,parent_to_0.25,0.0,0.25,g009_71cfe7677bf03035_0036,90,5.632586180581711e-06,g008_p000043_g007_p000054_g006_p000025_g005_p000032_g004_p000013_g003_p000032_g002_p000013_g001_p000029_empty,g009_p000090_g008_p000043_g007_p000054_g006_p000025_g005_p000032_g004_p000013_g003_p000032_g002_p000013_g001_p000029_empty,38.0,34.0,36.0,dike_hemisphere,9,158.985290417273,7.46380873272344,9.529149324488898,10.243190206131153,1.86595218318086,2.3822873311222246,2.5607975515327883,0.014577187597751617,9.957235306501389e-05,9.957235306501389e-05,False,False,,,0,False
v4_branch_0761cdbf0cf974336d76,9,91,new_center,parent_to_0.25,0.0,0.25,g009_71cfe7677bf03035_0036,91,5.616575435851701e-06,g008_p000043_g007_p000054_g006_p000025_g005_p000032_g004_p000013_g003_p000032_g002_p000013_g001_p000029_empty,g009_p000091_g008_p000043_g007_p000054_g006_p000025_g005_p000032_g004_p000013_g003_p000032_g002_p000013_g001_p000029_empty,45.0,44.0,17.0,dike_hemisphere,9,149.65868037853102,14.632923550089192,12.259803954408937,12.668810720045636,3.658230887522298,3.0649509886022344,3.167202680011409,0.01467664074152708,0.000199025496840477,0.000199025496840477,False,False,,,0,False
v4_branch_d5a0a407e640c8b52b92,9,92,new_center,parent_to_0.25,0.0,0.25,g009_71cfe7677bf03035_0036,92,5.606680133496411e-06,g008_p000043_g007_p000054_g006_p000025_g005_p000032_g004_p000013_g003_p000032_g002_p000013_g001_p000029_empty,g009_p000092_g008_p000043_g007_p000054_g006_p000025_g005_p000032_g004_p000013_g003_p000032_g002_p000013_g001_p000029_empty,38.0,28.0,16.0,ellipsoid,9,141.51276705304394,8.547438983791476,11.576187472476565,9.785670160498906,2.136859745947869,2.8940468681191414,2.4464175401247266,0.014715994708240032,0.00023837946355342865,0.00023837946355342865,False,False,,,0,False
v4_branch_443d6797f8fc91b86b73,9,93,new_center,parent_to_0.25,0.0,0.25,g009_71cfe7677bf03035_0036,93,5.568593678617617e-06,g008_p000043_g007_p000054_g006_p000025_g005_p000032_g004_p000013_g003_p000032_g002_p000013_g001_p000029_empty,g009_p000093_g008_p000043_g007_p000054_g006_p000025_g005_p000032_g004_p000013_g003_p000032_g002_p000013_g001_p000029_empty,38.0,43.0,15.0,dike_hemisphere,9,88.17580860611257,12.466928541703371,7.5203001662830316,8.059766203484887,3.116732135425843,1.8800750415707579,2.014941550871222,0.014541521668434143,6.390642374753952e-05,6.390642374753952e-05,False,False,,,0,False
v4_branch_c56a61575bea5f0807cc,9,94,new_center,parent_to_0.25,0.0,0.25,g009_71cfe7677bf03035_0036,94,5.568147116719047e-06,g008_p000043_g007_p000054_g006_p000025_g005_p000032_g004_p000013_g003_p000032_g002_p000013_g001_p000029_empty,g009_p000094_g008_p000043_g007_p000054_g006_p000025_g005_p000032_g004_p000013_g003_p000032_g002_p000013_g001_p000029_empty,39.0,29.0,16.0,dike_hemisphere,9,15.424451976549413,10.578186692424435,7.921535338975639,9.805619058313038,2.6445466731061087,1.9803838347439098,2.4514047645782595,0.014614424668252468,0.00013680942356586456,0.00013680942356586456,False,False,,,0,False
v4_branch_8a59f675c3ae4ffe1663,9,95,new_center,parent_to_0.25,0.0,0.25,g009_71cfe7677bf03035_0036,95,5.547361979552079e-06,g008_p000043_g007_p000054_g006_p000025_g005_p000032_g004_p000013_g003_p000032_g002_p000013_g001_p000029_empty,g009_p000095_g008_p000043_g007_p000054_g006_p000025_g005_p000032_g004_p000013_g003_p000032_g002_p000013_g001_p000029_empty,17.0,21.0,23.0,dike_hemisphere,9,108.41278355802352,14.372873285595261,10.009845384366013,8.113822097584986,3.5932183213988154,2.5024613460915033,2.0284555243962465,0.014657877385616302,0.00018026214092969894,0.00018026214092969894,False,False,,,0,False
v4_branch_7e55fb7eacf42a2e9672,10,0,new_center,parent_to_0.25,0.0,0.25,g010_6cad793937716f11_0037,0,8.985492968349718e-06,g009_p000059_g008_p000025_g007_p000033_g006_p000013_g005_p000022_g004_p000007_g003_p000022_g002_p000007_g001_p000005_empty,g010_p000000_g009_p000059_g008_p000025_g007_p000033_g006_p000013_g005_p000022_g004_p000007_g003_p000022_g002_p000007_g001_p000005_empty,37.0,30.0,17.0,dike_hemisphere,9,91.02309473309809,15.826179133380275,11.79312180955074,6.16223656440269,3.956544783345069,2.948280452387685,1.5405591411006725,0.01482392754405737,0.00032620877027511597,0.0003463122993707657,False,False,,,0,False
v4_branch_a081af35dfe2e70f82a7,10,6,new_center,parent_to_0.25,0.0,0.25,g010_6cad793937716f11_0037,1,8.79508752404945e-06,g009_p000059_g008_p000025_g007_p000033_g006_p000013_g005_p000022_g004_p000007_g003_p000022_g002_p000007_g001_p000005_empty,g010_p000006_g009_p000059_g008_p000025_g007_p000033_g006_p000013_g005_p000022_g004_p000007_g003_p000022_g002_p000007_g001_p000005_empty,43.0,56.0,39.0,ellipsoid,9,91.44009692240017,15.37841777078312,11.064977433927254,9.618965802093506,3.84460444269578,2.7662443584818135,2.4047414505233764,0.014775251969695091,0.000277533195912838,0.0002976367250084877,False,False,,,0,False
v4_branch_15e71eec657d0a5050d6,10,12,new_center,parent_to_0.25,0.0,0.25,g010_8f0e694fd18964e3_0038,0,8.985492968349718e-06,g009_p000051_g008_p000025_g007_p000033_g006_p000013_g005_p000022_g004_p000007_g003_p000022_g002_p000007_g001_p000005_empty,g010_p000012_g009_p000051_g008_p000025_g007_p000033_g006_p000013_g005_p000022_g004_p000007_g003_p000022_g002_p000007_g001_p000005_empty,37.0,30.0,17.0,ellipsoid,9,151.35196856987827,13.8110805688435,6.64025693568098,10.251911102527476,3.452770142210875,1.660064233920245,2.562977775631869,0.014663473702967167,0.0001657530665397644,0.00018585845828056335,False,False,,,0,False
v4_branch_9318a986dfed3c027e60,10,18,new_center,parent_to_0.25,0.0,0.25,g010_8f0e694fd18964e3_0038,1,8.79508752404945e-06,g009_p000051_g008_p000025_g007_p000033_g006_p000013_g005_p000022_g004_p000007_g003_p000022_g002_p000007_g001_p000005_empty,g010_p000018_g009_p000051_g008_p000025_g007_p000033_g006_p000013_g005_p000022_g004_p000007_g003_p000022_g002_p000007_g001_p000005_empty,43.0,56.0,39.0,dike_hemisphere,9,80.7151181624906,12.799238392797104,11.686927097172312,11.812374352198496,3.199809598199276,2.921731774293078,2.953093588049624,0.014749963767826557,0.00025224313139915466,0.0002723485231399536,False,False,,,0,False
v4_branch_fa6062a9c13e234aa689,10,24,new_center,parent_to_0.25,0.0,0.25,g010_e686080091447359_0039,0,9.738360859046225e-06,g009_p000053_g008_p000025_g007_p000033_g006_p000013_g005_p000022_g004_p000007_g003_p000022_g002_p000007_g001_p000005_empty,g010_p000024_g009_p000053_g008_p000025_g007_p000033_g006_p000013_g005_p000022_g004_p000007_g003_p000022_g002_p000007_g001_p000005_empty,37.0,30.0,17.0,dike_hemisphere,9,170.46802598787212,13.441573854137431,14.401318128669237,9.215544118179679,3.3603934635343577,3.600329532167309,2.3038860295449197,0.014691981486976147,0.0001942608505487442,0.00021436624228954315,False,False,,,0,False
v4_branch_1bdf0bbc9f13e8620711,10,30,new_center,parent_to_0.25,0.0,0.25,g010_e686080091447359_0039,1,8.79508752404945e-06,g009_p000053_g008_p000025_g007_p000033_g006_p000013_g005_p000022_g004_p000007_g003_p000022_g002_p000007_g001_p000005_empty,g010_p000030_g009_p000053_g008_p000025_g007_p000033_g006_p000013_g005_p000022_g004_p000007_g003_p000022_g002_p000007_g001_p000005_empty,43.0,56.0,39.0,ellipsoid,9,90.05808000274007,8.953144667250225,12.223108084794506,9.482822929085785,2.238286166812556,3.0557770211986264,2.370705732271446,0.014663474634289742,0.00016575399786233902,0.00018585938960313797,False,False,,,0,False
v4_branch_722c06cc53a2e2a749ce,10,36,new_center,parent_to_0.25,0.0,0.25,g010_73eecd0c849c8788_0040,0,8.985492968349718e-06,g009_p000038_g008_p000019_g007_p000032_g006_p000013_g005_p000022_g004_p000007_g003_p000022_g002_p000007_g001_p000005_empty,g010_p000036_g009_p000038_g008_p000019_g007_p000032_g006_p000013_g005_p000022_g004_p000007_g003_p000022_g002_p000007_g001_p000005_empty,37.0,30.0,17.0,dike_hemisphere,9,55.52968335713377,12.174810483143927,14.48378667997981,9.019679058005753,3.043702620785982,3.6209466699949524,2.2549197645014383,0.014721441082656384,0.00022327527403831482,0.00024382583796977997,False,False,,,0,False
v4_branch_c8ebdda4d5def59daf9e,10,42,new_center,parent_to_0.25,0.0,0.25,g010_73eecd0c849c8788_0040,1,8.79508752404945e-06,g009_p000038_g008_p000019_g007_p000032_g006_p000013_g005_p000022_g004_p000007_g003_p000022_g002_p000007_g001_p000005_empty,g010_p000042_g009_p000038_g008_p000019_g007_p000032_g006_p000013_g005_p000022_g004_p000007_g003_p000022_g002_p000007_g001_p000005_empty,43.0,56.0,39.0,dike_hemisphere,9,87.10853251315936,8.101254674531726,8.091136280559155,11.295519813670165,2.0253136686329314,2.022784070139789,2.823879953417541,0.014663915149867535,0.00016574934124946594,0.0001862999051809311,False,False,,,0,False
v4_branch_a21d28e0ef0f61d52021,10,48,new_center,parent_to_0.25,0.0,0.25,g010_50308f0a6d204e6f_0041,0,8.985492968349718e-06,g009_p000046_g008_p000019_g007_p000032_g006_p000013_g005_p000022_g004_p000007_g003_p000022_g002_p000007_g001_p000005_empty,g010_p000048_g009_p000046_g008_p000019_g007_p000032_g006_p000013_g005_p000022_g004_p000007_g003_p000022_g002_p000007_g001_p000005_empty,37.0,30.0,17.0,ellipsoid,9,48.64008127449256,15.880649310832801,11.269536252307871,11.600567843428891,3.9701623277082003,2.8173840630769678,2.9001419608572228,0.014654071070253849,0.00013979803770780563,0.00017645582556724548,False,False,,,0,False
v4_branch_6f1f889fff0bc5e31371,10,54,new_center,parent_to_0.25,0.0,0.25,g010_50308f0a6d204e6f_0041,1,8.79508752404945e-06,g009_p000046_g008_p000019_g007_p000032_g006_p000013_g005_p000022_g004_p000007_g003_p000022_g002_p000007_g001_p000005_empty,g010_p000054_g009_p000046_g008_p000019_g007_p000032_g006_p000013_g005_p000022_g004_p000007_g003_p000022_g002_p000007_g001_p000005_empty,43.0,56.0,39.0,ellipsoid,9,20.788394364935503,10.54941949807141,13.367835483690845,9.73604396036112,2.6373548745178526,3.3419588709227113,2.43401099009028,0.014752060174942017,0.0002377871423959732,0.00027444493025541306,False,False,,,0,False
v4_branch_aaec0b103b2f5ca7e4bc,10,60,new_center,parent_to_0.25,0.0,0.25,g010_5028a007d8e7353d_0042,0,9.444993338547647e-06,g009_p000052_g008_p000025_g007_p000033_g006_p000013_g005_p000022_g004_p000007_g003_p000022_g002_p000007_g001_p000005_empty,g010_p000060_g009_p000052_g008_p000025_g007_p000033_g006_p000013_g005_p000022_g004_p000007_g003_p000022_g002_p000007_g001_p000005_empty,38.0,29.0,37.0,ellipsoid,9,69.69993860130857,7.842780496963018,13.730419104177045,11.619355845167245,1.9606951242407544,3.4326047760442613,2.9048389612918113,0.0147095350548625,0.00019526202231645584,0.0002319198101758957,False,False,,,0,False
v4_branch_2269128dd09ef3d0d4b9,10,66,new_center,parent_to_0.25,0.0,0.25,g010_5028a007d8e7353d_0042,1,9.10435392142972e-06,g009_p000052_g008_p000025_g007_p000033_g006_p000013_g005_p000022_g004_p000007_g003_p000022_g002_p000007_g001_p000005_empty,g010_p000066_g009_p000052_g008_p000025_g007_p000033_g006_p000013_g005_p000022_g004_p000007_g003_p000022_g002_p000007_g001_p000005_empty,43.0,33.0,38.0,ellipsoid,9,64.85394359648666,7.926728659440987,12.596127035085832,11.111056993871383,1.9816821648602467,3.149031758771458,2.7777642484678458,0.014752060174942017,0.0002377871423959732,0.00027444493025541306,False,False,,,0,False
v4_branch_3edc57021bf903c84914,10,72,new_center,parent_to_0.25,0.0,0.25,g010_4d7d77f03951c7fb_0043,0,9.834847332967911e-06,g009_p000088_g008_p000043_g007_p000054_g006_p000025_g005_p000032_g004_p000013_g003_p000032_g002_p000013_g001_p000029_empty,g010_p000072_g009_p000088_g008_p000043_g007_p000054_g006_p000025_g005_p000032_g004_p000013_g003_p000032_g002_p000013_g001_p000029_empty,38.0,32.0,35.0,dike_hemisphere,9,110.04712502942915,10.472572221534564,8.206138282156807,6.788454632112416,2.618143055383641,2.051534570539202,1.697113658028104,0.014623694121837616,0.00010942108929157257,0.00014607887715101242,False,False,,,0,False
v4_branch_45cce6ba9110489e8df1,10,78,new_center,parent_to_0.25,0.0,0.25,g010_4d7d77f03951c7fb_0043,1,9.65940944297472e-06,g009_p000088_g008_p000043_g007_p000054_g006_p000025_g005_p000032_g004_p000013_g003_p000032_g002_p000013_g001_p000029_empty,g010_p000078_g009_p000088_g008_p000043_g007_p000054_g006_p000025_g005_p000032_g004_p000013_g003_p000032_g002_p000013_g001_p000029_empty,39.0,32.0,35.0,ellipsoid,9,124.94308268377164,7.912635331101774,13.920210343167273,8.34546051812993,1.9781588327754436,3.4800525857918183,2.0863651295324823,0.014715993776917458,0.00020172074437141418,0.00023837853223085403,False,False,,,0,False
v4_branch_be8991d7e623785a0f9b,10,84,new_center,parent_to_0.25,0.0,0.25,g010_54bae6088522738d_0044,0,8.985492968349718e-06,g009_p000041_g008_p000019_g007_p000032_g006_p000013_g005_p000022_g004_p000007_g003_p000022_g002_p000007_g001_p000005_empty,g010_p000084_g009_p000041_g008_p000019_g007_p000032_g006_p000013_g005_p000022_g004_p000007_g003_p000022_g002_p000007_g001_p000005_empty,37.0,30.0,17.0,ellipsoid,9,149.20334111161347,6.631015510348503,13.582888515415206,7.81656041737811,1.6577538775871257,3.3957221288538015,1.9541401043445275,0.014719470404088497,0.00018162652850151062,0.00024185515940189362,False,False,,,0,False
v4_branch_9e570d112d07e5c10798,10,90,new_center,parent_to_0.25,0.0,0.25,g010_54bae6088522738d_0044,1,8.79508752404945e-06,g009_p000041_g008_p000019_g007_p000032_g006_p000013_g005_p000022_g004_p000007_g003_p000022_g002_p000007_g001_p000005_empty,g010_p000090_g009_p000041_g008_p000019_g007_p000032_g006_p000013_g005_p000022_g004_p000007_g003_p000022_g002_p000007_g001_p000005_empty,43.0,56.0,39.0,ellipsoid,9,89.06824468460736,7.090713330770464,6.2855534302696014,9.037064875339546,1.772678332692616,1.5713883575674004,2.2592662188348864,0.01455786544829607,2.0021572709083557e-05,8.025020360946655e-05,False,False,,,0,False
