branch_id,generation,evaluation_slot,probe_kind,transition,from_scale,scale,ranking_id,rank_index,canonical_center_score,lineage_parent_state_id,child_state_id,center_x,center_y,center_z,shape,material_label,orientation_deg,full_size_x,full_size_y,full_size_z,probe_size_x,probe_size_y,probe_size_z,hard_rmse,delta_rmse_vs_lineage_parent,delta_rmse_vs_empty,strictly_improves_lineage_parent,reallocated_existing_slot,displaced_scheduled_move,displaced_scheduled_parent_state_id,condition_violations,truth_used
v4_branch_5f8f93171e506692dafb,1,0,new_center,parent_to_0.25,0.0,0.25,g001_b7e43f1d75130653_0000,0,0.0,empty,g001_p000000_empty,4.0,4.0,6.0,dike_hemisphere,9,105.06689500971473,11.130653605266843,13.26362719440826,10.740188329029966,2.782663401316711,3.315906798602065,2.6850470822574914,0.0030355886556208134,0.0016801418969407678,0.0016801418969407678,False,False,,,0,False
v4_branch_e933910e8707aeb980dd,1,1,new_center,parent_to_0.25,0.0,0.25,g001_b7e43f1d75130653_0000,1,0.0,empty,g001_p000001_empty,4.0,4.0,7.0,dike_hemisphere,9,35.82778729451044,9.362711293297336,15.281171323391032,13.709995396428752,2.340677823324334,3.820292830847758,3.427498849107188,0.0024971370585262775,0.001141690299846232,0.001141690299846232,False,False,,,0,False
v4_branch_b5dc8cc4fae93e36de7d,1,2,new_center,parent_to_0.25,0.0,0.25,g001_b7e43f1d75130653_0000,2,0.0,empty,g001_p000002_empty,4.0,4.0,8.0,dike_hemisphere,9,49.01488072582643,6.2415666988930445,11.77849865016452,6.968794592868026,1.5603916747232611,2.94462466254113,1.7421986482170064,0.0017029406735673547,0.0003474939148873091,0.0003474939148873091,False,False,,,0,False
v4_branch_a2f9c22a1b902b5df273,1,3,new_center,parent_to_0.25,0.0,0.25,g001_b7e43f1d75130653_0000,3,0.0,empty,g001_p000003_empty,4.0,4.0,9.0,ellipsoid,9,55.36908702751661,9.230824813544787,6.934960563263923,10.982392530275137,2.307706203386197,1.7337401408159807,2.745598132568784,0.0021319712977856398,0.0007765245391055942,0.0007765245391055942,False,False,,,0,False
v4_branch_6c7b759680c6e38851f8,1,4,new_center,parent_to_0.25,0.0,0.25,g001_b7e43f1d75130653_0000,4,0.0,empty,g001_p000004_empty,4.0,4.0,10.0,dike_hemisphere,9,70.1575404132806,7.149146866812255,10.362288145253302,12.811821660156152,1.7872867167030637,2.5905720363133256,3.202955415039038,0.0019213896011933684,0.0005659428425133228,0.0005659428425133228,False,False,,,0,False
v4_branch_22adf2879b2bdb7cf5b5,1,5,new_center,parent_to_0.25,0.0,0.25,g001_b7e43f1d75130653_0000,5,0.0,empty,g001_p000005_empty,4.0,4.0,11.0,dike_hemisphere,9,14.96825065390393,7.0358743255990435,13.01048856687095,13.748950923758187,1.7589685813997609,3.2526221417177377,3.4372377309395468,0.0019213896011933684,0.0005659428425133228,0.0005659428425133228,False,False,,,0,False
v4_branch_a0438f5f8f4552be9a93,1,6,new_center,parent_to_0.25,0.0,0.25,g001_b7e43f1d75130653_0000,6,0.0,empty,g001_p000006_empty,4.0,4.0,12.0,dike_hemisphere,9,87.60234051138478,12.873879228621735,13.892721441198542,11.103416575824955,3.218469807155434,3.4731803602996356,2.7758541439562388,0.0027400129474699497,0.0013845661887899041,0.0013845661887899041,False,False,,,0,False
v4_branch_4e48b66cbc0e501f9f62,1,7,new_center,parent_to_0.25,0.0,0.25,g001_b7e43f1d75130653_0000,7,0.0,empty,g001_p000007_empty,4.0,4.0,13.0,ellipsoid,9,48.42125882648074,15.162418769794593,9.93638631247521,10.15382794628593,3.7906046924486483,2.4840965781188027,2.5384569865714823,0.0029658698476850986,0.001610423089005053,0.001610423089005053,False,False,,,0,False
v4_branch_c45119cda982543c5658,1,8,new_center,parent_to_0.25,0.0,0.25,g001_b7e43f1d75130653_0000,8,0.0,empty,g001_p000008_empty,4.0,4.0,14.0,ellipsoid,9,57.00647101209065,8.200017659354108,12.237932925006314,7.288676725363943,2.050004414838527,3.0594832312515785,1.8221691813409857,0.003045756136998534,0.0016903093783184886,0.0016903093783184886,False,False,,,0,False
v4_branch_5f60e6a369ea0d83b3dd,1,9,new_center,parent_to_0.25,0.0,0.25,g001_b7e43f1d75130653_0000,9,0.0,empty,g001_p000009_empty,4.0,4.0,15.0,dike_hemisphere,9,149.53207676896727,12.14389253980212,8.65579442964648,7.0254230294058955,3.03597313495053,2.16394860741162,1.7563557573514739,0.002674151910468936,0.0013187051517888904,0.0013187051517888904,False,False,,,0,False
v4_branch_b1cea990d1c21e8c5d43,1,10,new_center,parent_to_0.25,0.0,0.25,g001_b7e43f1d75130653_0000,10,0.0,empty,g001_p000010_empty,4.0,4.0,16.0,dike_hemisphere,9,126.25815346725797,7.42690749400205,10.353785693722177,6.45070448275783,1.8567268735005125,2.588446423430544,1.6126761206894575,0.0017029406735673547,0.0003474939148873091,0.0003474939148873091,False,False,,,0,False
v4_branch_32167a21e77c3b56aa0a,1,11,new_center,parent_to_0.25,0.0,0.25,g001_b7e43f1d75130653_0000,11,0.0,empty,g001_p000011_empty,4.0,4.0,17.0,ellipsoid,9,124.8126669428701,8.968107635794954,8.204825298086925,9.035861568674108,2.2420269089487386,2.0512063245217314,2.258965392168527,0.002582797547802329,0.0012273507891222835,0.0012273507891222835,False,False,,,0,False
v4_branch_555cbbce9aa48f374bb6,1,12,new_center,parent_to_0.25,0.0,0.25,g001_b7e43f1d75130653_0000,12,0.0,empty,g001_p000012_empty,4.0,4.0,18.0,ellipsoid,9,86.79557662119535,10.356060506329875,15.467926449083457,8.725499684395878,2.589015126582469,3.8669816122708642,2.1813749210989695,0.003304833546280861,0.0019493867876008153,0.0019493867876008153,False,False,,,0,False
v4_branch_15033b69adcb7b44c514,1,13,new_center,parent_to_0.25,0.0,0.25,g001_b7e43f1d75130653_0000,13,0.0,empty,g001_p000013_empty,4.0,4.0,19.0,ellipsoid,9,73.75850051602781,10.884137235601543,11.961049378313037,7.76819714217686,2.7210343089003857,2.9902623445782592,1.942049285544215,0.003045756136998534,0.0016903093783184886,0.0016903093783184886,False,False,,,0,False
v4_branch_07f72cfee0adf86661e7,1,14,new_center,parent_to_0.25,0.0,0.25,g001_b7e43f1d75130653_0000,14,0.0,empty,g001_p000014_empty,4.0,4.0,20.0,dike_hemisphere,9,93.55253140655259,15.811950456976675,9.720428118243081,12.041065112878798,3.9529876142441687,2.4301070295607703,3.0102662782196994,0.0026424096431583166,0.001286962884478271,0.001286962884478271,False,False,,,0,False
v4_branch_37df10a806772ff6a7ec,1,15,new_center,parent_to_0.25,0.0,0.25,g001_b7e43f1d75130653_0000,15,0.0,empty,g001_p000015_empty,4.0,4.0,21.0,dike_hemisphere,9,166.06891753022788,6.123542426805432,14.905920461874242,7.825407850893782,1.530885606701358,3.7264801154685605,1.9563519627234456,0.00224177329801023,0.0008863265393301845,0.0008863265393301845,False,False,,,0,False
v4_branch_41049e5c479901a36715,1,16,new_center,parent_to_0.25,0.0,0.25,g001_b7e43f1d75130653_0000,16,0.0,empty,g001_p000016_empty,4.0,4.0,22.0,ellipsoid,9,130.41083030247782,12.66254525403484,13.426806682278214,6.390291937927466,3.16563631350871,3.3567016705695534,1.5975729844818665,0.0033767102286219597,0.002021263469941914,0.002021263469941914,False,False,,,0,False
v4_branch_31e1ec7de62332658951,1,17,new_center,parent_to_0.25,0.0,0.25,g001_b7e43f1d75130653_0000,17,0.0,empty,g001_p000017_empty,4.0,4.0,23.0,ellipsoid,9,32.49908287187236,14.277764246681226,12.966351079173553,11.289851361212474,3.5694410616703065,3.241587769793388,2.8224628403031184,0.0030001613777130842,0.0016447146190330386,0.0016447146190330386,False,False,,,0,False
v4_branch_bd5848893660cf54aef8,1,18,new_center,parent_to_0.25,0.0,0.25,g001_b7e43f1d75130653_0000,18,0.0,empty,g001_p000018_empty,4.0,4.0,24.0,dike_hemisphere,9,68.45482265372074,8.490335685018763,6.2350021553717365,8.062835568486674,2.122583921254691,1.5587505388429341,2.0157088921216686,0.0021319726947695017,0.0007765259360894561,0.0007765259360894561,False,False,,,0,False
v4_branch_53a3afbc4727528a4538,1,19,new_center,parent_to_0.25,0.0,0.25,g001_b7e43f1d75130653_0000,19,0.0,empty,g001_p000019_empty,4.0,4.0,25.0,dike_hemisphere,9,46.019410376323364,14.827951813140093,12.568453578252566,9.671104206656779,3.706987953285023,3.1421133945631414,2.4177760516641946,0.002891580108553171,0.0015361333498731256,0.0015361333498731256,False,False,,,0,False
v4_branch_b02d410d83135abe98d9,1,20,new_center,parent_to_0.25,0.0,0.25,g001_b7e43f1d75130653_0000,20,0.0,empty,g001_p000020_empty,4.0,4.0,26.0,dike_hemisphere,9,23.5454150495732,8.936933092598167,8.838217178993887,13.14022167965341,2.234233273149542,2.2095542947484716,3.2850554199133524,0.002582797547802329,0.0012273507891222835,0.0012273507891222835,False,False,,,0,False
v4_branch_f24f369490cf11cb4fb8,1,21,new_center,parent_to_0.25,0.0,0.25,g001_b7e43f1d75130653_0000,21,0.0,empty,g001_p000021_empty,4.0,4.0,27.0,dike_hemisphere,9,56.123777883641985,15.287883450656588,10.28247134560215,11.279448186047535,3.821970862664147,2.5706178364005376,2.8198620465118838,0.002497138222679496,0.0011416914639994502,0.0011416914639994502,False,False,,,0,False
v4_branch_5acaf808a048151da00e,1,22,new_center,parent_to_0.25,0.0,0.25,g001_b7e43f1d75130653_0000,22,0.0,empty,g001_p000022_empty,4.0,4.0,28.0,dike_hemisphere,9,60.52777724262222,9.271337286154184,15.296111335691563,11.303765456311448,2.317834321538546,3.824027833922891,2.825941364077862,0.002497138222679496,0.0011416914639994502,0.0011416914639994502,False,False,,,0,False
v4_branch_7f0f0c65c0a386bee758,1,23,new_center,parent_to_0.25,0.0,0.25,g001_b7e43f1d75130653_0000,23,0.0,empty,g001_p000023_empty,4.0,4.0,29.0,dike_hemisphere,9,42.912645573803786,8.37103411678402,12.205211207688082,12.081952988637697,2.092758529196005,3.0513028019220205,3.0204882471594243,0.0026625669561326504,0.0013071201974526048,0.0013071201974526048,False,False,,,0,False
v4_branch_57abfb6d53d7e4a56933,1,24,new_center,parent_to_0.25,0.0,0.25,g001_b7e43f1d75130653_0000,24,0.0,empty,g001_p000024_empty,4.0,4.0,30.0,dike_hemisphere,9,14.878164850231073,8.779184926985785,12.981715082969046,9.432325288109901,2.1947962317464462,3.2454287707422615,2.3580813220274752,0.0028183020185679197,0.0014628552598878741,0.0014628552598878741,False,False,,,0,False
v4_branch_4a5994537b636dcd43df,1,25,new_center,parent_to_0.25,0.0,0.25,g001_b7e43f1d75130653_0000,25,0.0,empty,g001_p000025_empty,4.0,4.0,31.0,ellipsoid,9,135.87682378927244,12.819631655667587,9.607064401808632,7.13493842416292,3.2049079139168968,2.401766100452158,1.78373460604073,0.003045756136998534,0.0016903093783184886,0.0016903093783184886,False,False,,,0,False
v4_branch_5fa1bfe0d67be113eaf7,1,26,new_center,parent_to_0.25,0.0,0.25,g001_b7e43f1d75130653_0000,26,0.0,empty,g001_p000026_empty,4.0,4.0,32.0,dike_hemisphere,9,56.51683766263838,13.2787174475877,12.46132677070634,13.527249454307,3.319679361896925,3.115331692676585,3.38181236357675,0.0028915805742144585,0.0015361338155344129,0.0015361338155344129,False,False,,,0,False
v4_branch_0fdaf00889278cdc53ba,1,27,new_center,parent_to_0.25,0.0,0.25,g001_b7e43f1d75130653_0000,27,0.0,empty,g001_p000027_empty,4.0,4.0,33.0,ellipsoid,9,66.904184169986,13.22408322436877,15.397389444528649,11.284524532640463,3.3060208060921923,3.8493473611321622,2.8211311331601157,0.003000156953930855,0.0016447101952508092,0.0016447101952508092,False,False,,,0,False
v4_branch_ae9ad83c581c0db2a78f,1,28,new_center,parent_to_0.25,0.0,0.25,g001_b7e43f1d75130653_0000,28,0.0,empty,g001_p000028_empty,4.0,4.0,34.0,ellipsoid,9,97.10816510734043,10.210777434559567,12.5828636839424,10.992028153143751,2.552694358639892,3.1457159209856,2.748007038285938,0.0027992664836347103,0.0014438197249546647,0.0014438197249546647,False,False,,,0,False
v4_branch_b391b650567c18cec96b,1,29,new_center,parent_to_0.25,0.0,0.25,g001_b7e43f1d75130653_0000,29,0.0,empty,g001_p000029_empty,4.0,4.0,35.0,ellipsoid,9,107.53266936588837,6.98072816480834,12.789817819632761,6.060488361833718,1.745182041202085,3.1974544549081902,1.5151220904584295,0.00224177329801023,0.0008863265393301845,0.0008863265393301845,False,False,,,0,False
v4_branch_a72eb951c991faf44e17,1,30,new_center,parent_to_0.25,0.0,0.25,g001_b7e43f1d75130653_0000,30,0.0,empty,g001_p000030_empty,4.0,4.0,36.0,ellipsoid,9,6.66531990234819,10.614556477067046,9.888782150067321,11.47271255531718,2.6536391192667614,2.4721955375168303,2.868178138829295,0.002582797547802329,0.0012273507891222835,0.0012273507891222835,False,False,,,0,False
v4_branch_83b2d9427717a20038c5,1,31,new_center,parent_to_0.25,0.0,0.25,g001_b7e43f1d75130653_0000,31,0.0,empty,g001_p000031_empty,4.0,4.0,37.0,ellipsoid,9,30.175535932027998,7.843747647235796,7.317340550473852,8.70029209005996,1.960936911808949,1.829335137618463,2.17507302251499,0.0015555579448118806,0.00020011118613183498,0.00020011118613183498,False,False,,,0,False
v4_branch_259ace0f3e60c36d414d,1,32,new_center,parent_to_0.25,0.0,0.25,g001_b7e43f1d75130653_0000,32,0.0,empty,g001_p000032_empty,4.0,4.0,38.0,dike_hemisphere,9,154.80532204841882,6.5912557745896425,12.07618069883138,11.004671067380945,1.6478139436474106,3.019045174707845,2.7511677668452363,0.001921389251947403,0.0005659424932673573,0.0005659424932673573,False,False,,,0,False
v4_branch_3d9d40d659be88518b6f,1,33,new_center,parent_to_0.25,0.0,0.25,g001_b7e43f1d75130653_0000,33,0.0,empty,g001_p000033_empty,4.0,4.0,39.0,dike_hemisphere,9,150.47807558881576,9.847392258664572,13.119513743759624,10.598292901795155,2.461848064666143,3.279878435939906,2.6495732254487887,0.002662565326318145,0.0013071185676380992,0.0013071185676380992,False,False,,,0,False
v4_branch_f917f7a7847b5d9358da,1,34,new_center,parent_to_0.25,0.0,0.25,g001_b7e43f1d75130653_0000,34,0.0,empty,g001_p000034_empty,4.0,4.0,40.0,ellipsoid,9,80.87961435921272,6.503363053861335,13.511742225038935,12.690771345975282,1.6258407634653338,3.3779355562597337,3.1726928364938205,0.0018933593528345227,0.0005379125941544771,0.0005379125941544771,False,False,,,0,False
v4_branch_6b244d47c4925b6d9db3,1,35,new_center,parent_to_0.25,0.0,0.25,g001_b7e43f1d75130653_0000,35,0.0,empty,g001_p000035_empty,4.0,4.0,41.0,dike_hemisphere,9,108.5815784695758,15.041330025599045,7.932468245111436,9.016500085735277,3.7603325063997612,1.983117061277859,2.2541250214338193,0.0028183008544147015,0.0014628540957346559,0.0014628540957346559,False,False,,,0,False
v4_branch_f0cf991faa388c12f45b,1,36,new_center,parent_to_0.25,0.0,0.25,g001_b7e43f1d75130653_0000,36,0.0,empty,g001_p000036_empty,4.0,4.0,42.0,ellipsoid,9,172.40213401674706,12.679401888899033,12.79645380087037,12.013069126924432,3.1698504722247582,3.1991134502175926,3.003267281731108,0.003000156953930855,0.0016447101952508092,0.0016447101952508092,False,False,,,0,False
v4_branch_94958abc83309efa0b6d,1,37,new_center,parent_to_0.25,0.0,0.25,g001_b7e43f1d75130653_0000,37,0.0,empty,g001_p000037_empty,4.0,4.0,43.0,ellipsoid,9,77.86918832583801,8.06410446190505,6.573222933867504,12.194556436769371,2.0160261154762624,1.643305733466876,3.048639109192343,0.001555558410473168,0.0002001116517931223,0.0002001116517931223,False,False,,,0,False
v4_branch_4d034c0006dbd36816aa,1,38,new_center,parent_to_0.25,0.0,0.25,g001_b7e43f1d75130653_0000,38,0.0,empty,g001_p000038_empty,4.0,4.0,44.0,ellipsoid,9,101.07266277570133,15.303193517782853,12.147805955349877,13.210296709388363,3.8257983794457133,3.0369514888374693,3.3025741773470907,0.0030001553241163492,0.0016447085654363036,0.0016447085654363036,False,False,,,0,False
v4_branch_e6c6aece6b7fe41c1889,1,39,new_center,parent_to_0.25,0.0,0.25,g001_b7e43f1d75130653_0000,39,0.0,empty,g001_p000039_empty,4.0,4.0,45.0,dike_hemisphere,9,121.86463915801811,10.797816192401354,11.993424746251268,9.347402889889292,2.6994540481003386,2.998356186562817,2.336850722472323,0.002662563929334283,0.0013071171706542373,0.0013071171706542373,False,False,,,0,False
v4_branch_9356b2fb8e933f813594,1,40,new_center,parent_to_0.25,0.0,0.25,g001_b7e43f1d75130653_0000,40,0.0,empty,g001_p000040_empty,4.0,4.0,46.0,ellipsoid,9,40.42085591597628,6.449810866639604,8.56543075125434,9.000842885253478,1.612452716659901,2.141357687813585,2.2502107213133695,0.001555558410473168,0.0002001116517931223,0.0002001116517931223,False,False,,,0,False
v4_branch_52e1b3767566617abcb3,1,41,new_center,parent_to_0.25,0.0,0.25,g001_b7e43f1d75130653_0000,41,0.0,empty,g001_p000041_empty,4.0,4.0,47.0,ellipsoid,9,72.69052683481083,14.845033781038401,10.782136454996943,7.03066841139887,3.7112584452596002,2.6955341137492357,1.7576671028497175,0.003376704640686512,0.0020212578820064664,0.0020212578820064664,False,False,,,0,False
v4_branch_18ab1d91cee51ac43b44,1,42,new_center,parent_to_0.25,0.0,0.25,g001_b7e43f1d75130653_0000,42,0.0,empty,g001_p000042_empty,4.0,4.0,48.0,ellipsoid,9,17.61222509755133,14.109109280123043,7.9619714939703385,11.424329618896735,3.5272773200307608,1.9904928734925846,2.8560824047241837,0.0027992641553282738,0.0014438173966482282,0.0014438173966482282,False,False,,,0,False
v4_branch_b8ac5e643025766baa84,1,43,new_center,parent_to_0.25,0.0,0.25,g001_b7e43f1d75130653_0000,43,0.0,empty,g001_p000043_empty,4.0,4.0,49.0,dike_hemisphere,9,132.92455674983725,10.554592844913309,8.533896559322724,8.605706322071061,2.638648211228327,2.133474139830681,2.1514265805177653,0.0022279394324868917,0.0008724926738068461,0.0008724926738068461,False,False,,,0,False
v4_branch_ab62413a62a610505469,1,44,new_center,parent_to_0.25,0.0,0.25,g001_b7e43f1d75130653_0000,44,0.0,empty,g001_p000044_empty,4.0,4.0,50.0,dike_hemisphere,9,135.59195735474623,6.144088692930955,15.818956116305147,13.970389001917887,1.5360221732327388,3.9547390290762867,3.492597250479472,0.0019213896011933684,0.0005659428425133228,0.0005659428425133228,False,False,,,0,False
v4_branch_1197648f7f808994f242,1,45,new_center,parent_to_0.25,0.0,0.25,g001_b7e43f1d75130653_0000,45,0.0,empty,g001_p000045_empty,4.0,5.0,6.0,ellipsoid,9,78.36319987540715,13.872301139553583,9.600932176785866,8.965861458766053,3.468075284888396,2.4002330441964665,2.2414653646915133,0.0029658698476850986,0.001610423089005053,0.001610423089005053,False,False,,,0,False
v4_branch_cbff73f2c8ae81c0c8f1,1,46,new_center,parent_to_0.25,0.0,0.25,g001_b7e43f1d75130653_0000,46,0.0,empty,g001_p000046_empty,4.0,5.0,7.0,dike_hemisphere,9,6.607884837324269,13.75459289693103,14.006907638595877,6.36572186408601,3.4386482242327574,3.501726909648969,1.5914304660215024,0.003376709995791316,0.0020212632371112704,0.0020212632371112704,False,False,,,0,False
v4_branch_2967b27b5027f938bcf4,1,47,new_center,parent_to_0.25,0.0,0.25,g001_b7e43f1d75130653_0000,47,0.0,empty,g001_p000047_empty,4.0,5.0,8.0,ellipsoid,9,54.75171015677386,13.245765648573274,8.249139639237143,10.761555799331857,3.3114414121433184,2.0622849098092857,2.6903889498329643,0.0029658698476850986,0.001610423089005053,0.001610423089005053,False,False,,,0,False
v4_branch_4ef2dc0f0cd0647a1d76,1,48,new_center,parent_to_0.25,0.0,0.25,g001_b7e43f1d75130653_0000,48,0.0,empty,g001_p000048_empty,4.0,5.0,9.0,dike_hemisphere,9,31.291941623221454,14.27902163344007,14.22436491092224,8.700271540283014,3.5697554083600176,3.55609122773056,2.1750678850707534,0.0027400129474699497,0.0013845661887899041,0.0013845661887899041,False,False,,,0,False
v4_branch_6e8b2dd1b3b947d97716,1,49,new_center,parent_to_0.25,0.0,0.25,g001_b7e43f1d75130653_0000,49,0.0,empty,g001_p000049_empty,4.0,5.0,10.0,ellipsoid,9,167.3537899877133,11.534602034652139,6.2133181313609445,7.465115540301148,2.8836505086630346,1.5533295328402361,1.866278885075287,0.0022417735308408737,0.0008863267721608281,0.0008863267721608281,False,False,,,0,False
v4_branch_e5866931ad490bca4f7c,1,50,new_center,parent_to_0.25,0.0,0.25,g001_b7e43f1d75130653_0000,50,0.0,empty,g001_p000050_empty,4.0,5.0,11.0,dike_hemisphere,9,17.206210206476854,11.4346636641317,9.871270595235812,13.953703043067353,2.858665916032925,2.467817648808953,3.4884257607668383,0.0022279396653175354,0.0008724929066374898,0.0008724929066374898,False,False,,,0,False
v4_branch_22fc13c237c603e9962b,1,51,new_center,parent_to_0.25,0.0,0.25,g001_b7e43f1d75130653_0000,51,0.0,empty,g001_p000051_empty,4.0,5.0,12.0,dike_hemisphere,9,96.26125271314952,14.218130966762295,8.735792727427336,8.996946838378964,3.554532741690574,2.183948181856834,2.249236709594741,0.002411903813481331,0.0010564570548012853,0.0010564570548012853,False,False,,,0,False
v4_branch_94ca0bb79b2797ee1058,1,52,new_center,parent_to_0.25,0.0,0.25,g001_b7e43f1d75130653_0000,52,0.0,empty,g001_p000052_empty,4.0,5.0,13.0,ellipsoid,9,33.770984889849686,15.833137511935506,7.953029835713186,10.202201458441186,3.9582843779838766,1.9882574589282964,2.5505503646102965,0.0029658698476850986,0.001610423089005053,0.001610423089005053,False,False,,,0,False
v4_branch_aefe78e7df8b620463a4,1,53,new_center,parent_to_0.25,0.0,0.25,g001_b7e43f1d75130653_0000,53,0.0,empty,g001_p000053_empty,4.0,5.0,14.0,ellipsoid,9,112.71382841619858,6.253163353249518,15.677379928656318,9.210434390824602,1.5632908383123796,3.9193449821640796,2.3026085977061506,0.002582797547802329,0.0012273507891222835,0.0012273507891222835,False,False,,,0,False
v4_branch_188426021e08d2c55159,1,54,new_center,parent_to_0.25,0.0,0.25,g001_b7e43f1d75130653_0000,54,0.0,empty,g001_p000054_empty,4.0,5.0,15.0,ellipsoid,9,41.77345745954405,7.571795586186644,8.26262532662086,13.57045118127737,1.892948896546661,2.065656331655215,3.3926127953193426,0.001555559691041708,0.0002001129323616624,0.0002001129323616624,False,False,,,0,False
v4_branch_379c3e01c204dd7cf6dc,1,55,new_center,parent_to_0.25,0.0,0.25,g001_b7e43f1d75130653_0000,55,0.0,empty,g001_p000055_empty,4.0,5.0,16.0,ellipsoid,9,140.2760775212736,7.584678131144093,10.37461187074457,6.9054065048520075,1.8961695327860233,2.5936529676861424,1.7263516262130019,0.002674151910468936,0.0013187051517888904,0.0013187051517888904,False,False,,,0,False
v4_branch_7f48dcad731d252e0bb1,1,56,new_center,parent_to_0.25,0.0,0.25,g001_b7e43f1d75130653_0000,56,0.0,empty,g001_p000056_empty,4.0,5.0,17.0,ellipsoid,9,10.32953167853492,9.733345071199306,13.357385515791595,8.344221918439498,2.4333362677998265,3.3393463789478988,2.0860554796098745,0.0029658698476850986,0.001610423089005053,0.001610423089005053,False,False,,,0,False
v4_branch_da1bd701db46ac9165a1,1,57,new_center,parent_to_0.25,0.0,0.25,g001_b7e43f1d75130653_0000,57,0.0,empty,g001_p000057_empty,4.0,5.0,18.0,dike_hemisphere,9,137.1454233172874,7.4044848131821475,13.652970690883922,13.470543491594672,1.8511212032955369,3.4132426727209806,3.367635872898668,0.0026625660248100758,0.0013071192661300302,0.0013071192661300302,False,False,,,0,False
v4_branch_849378616fe67d3781a7,1,58,new_center,parent_to_0.25,0.0,0.25,g001_b7e43f1d75130653_0000,58,0.0,empty,g001_p000058_empty,4.0,5.0,19.0,ellipsoid,9,95.86180991434792,6.761390561722401,8.615502262758088,12.545376845283457,1.6903476404306002,2.153875565689522,3.136344211320864,0.0021319712977856398,0.0007765245391055942,0.0007765245391055942,False,False,,,0,False
v4_branch_35e1c19c932e3de47eb6,1,59,new_center,parent_to_0.25,0.0,0.25,g001_b7e43f1d75130653_0000,59,0.0,empty,g001_p000059_empty,4.0,5.0,20.0,dike_hemisphere,9,60.30628670690811,9.83743256159633,8.088394763222034,8.73033843215375,2.4593581403990825,2.0220986908055085,2.1825846080384377,0.0024119035806506872,0.0010564568219706416,0.0010564568219706416,False,False,,,0,False
v4_branch_baccda107c02f9f9a281,1,60,new_center,parent_to_0.25,0.0,0.25,g001_b7e43f1d75130653_0000,60,0.0,empty,g001_p000060_empty,4.0,5.0,21.0,dike_hemisphere,9,39.6678731854984,13.398780853765576,7.6620805360022235,13.58366324477345,3.349695213441394,1.9155201340005559,3.3959158111933627,0.0026625660248100758,0.0013071192661300302,0.0013071192661300302,False,False,,,0,False
v4_branch_b021a9318f607404813e,1,61,new_center,parent_to_0.25,0.0,0.25,g001_b7e43f1d75130653_0000,61,0.0,empty,g001_p000061_empty,4.0,5.0,22.0,dike_hemisphere,9,107.42637332486437,9.486679329985282,8.020469245729299,11.645892872195274,2.3716698324963206,2.0051173114323246,2.9114732180488185,0.002411903813481331,0.0010564570548012853,0.0010564570548012853,False,False,,,0,False
v4_branch_f6d51c8a5fcc4101090e,1,62,new_center,parent_to_0.25,0.0,0.25,g001_b7e43f1d75130653_0000,62,0.0,empty,g001_p000062_empty,4.0,5.0,23.0,dike_hemisphere,9,101.12802475781545,15.098654668577101,10.718051951680426,11.412228433456725,3.7746636671442753,2.6795129879201065,2.8530571083641814,0.002891580807045102,0.0015361340483650565,0.0015361340483650565,False,False,,,0,False
v4_branch_7abef0a1ed4393570d99,1,63,new_center,parent_to_0.25,0.0,0.25,g001_b7e43f1d75130653_0000,63,0.0,empty,g001_p000063_empty,4.0,5.0,24.0,dike_hemisphere,9,72.1929463683297,12.463800905058328,13.432466314785582,10.159841227219669,3.115950226264582,3.3581165786963956,2.5399603068049172,0.0028915810398757458,0.0015361342811957002,0.0015361342811957002,False,False,,,0,False
v4_branch_5d9bb8a74f2ed8eddfa0,1,64,new_center,parent_to_0.25,0.0,0.25,g001_b7e43f1d75130653_0000,64,0.0,empty,g001_p000064_empty,4.0,5.0,25.0,ellipsoid,9,130.97586908578938,12.038474321348733,6.385867800910789,6.3885673013147,3.0096185803371833,1.5964669502276974,1.597141825328675,0.002674151910468936,0.0013187051517888904,0.0013187051517888904,False,False,,,0,False
v4_branch_0636204c73d97d1732db,1,65,new_center,parent_to_0.25,0.0,0.25,g001_b7e43f1d75130653_0000,65,0.0,empty,g001_p000065_empty,4.0,5.0,26.0,ellipsoid,9,31.06639468345482,10.049315559234875,7.8067361840274065,6.80089157236346,2.512328889808719,1.9516840460068516,1.700222893090865,0.002674151910468936,0.0013187051517888904,0.0013187051517888904,False,False,,,0,False
v4_branch_9a736bd80a200cf0de25,1,66,new_center,parent_to_0.25,0.0,0.25,g001_b7e43f1d75130653_0000,66,0.0,empty,g001_p000066_empty,4.0,5.0,27.0,dike_hemisphere,9,93.41095555921416,6.06041442995186,10.770747309094356,8.296813992599525,1.515103607487965,2.692686827273589,2.074203498149881,0.0019213909981772304,0.0005659442394971848,0.0005659442394971848,False,False,,,0,False
v4_branch_5d830a5bd39e4477c160,1,67,new_center,parent_to_0.25,0.0,0.25,g001_b7e43f1d75130653_0000,67,0.0,empty,g001_p000067_empty,4.0,5.0,28.0,ellipsoid,9,25.373222673967323,6.959772629628706,7.450447433723094,7.874010029536812,1.7399431574071764,1.8626118584307736,1.968502507384203,0.0017029406735673547,0.0003474939148873091,0.0003474939148873091,False,False,,,0,False
v4_branch_5694e2bf17e8406edcbd,1,68,new_center,parent_to_0.25,0.0,0.25,g001_b7e43f1d75130653_0000,68,0.0,empty,g001_p000068_empty,4.0,5.0,29.0,dike_hemisphere,9,45.09113739010479,6.482926115400682,11.321189182579154,10.001224794325989,1.6207315288501705,2.8302972956447885,2.500306198581497,0.001555559691041708,0.0002001129323616624,0.0002001129323616624,False,False,,,0,False
v4_branch_fbb6c9f96cccf7decfa6,1,69,new_center,parent_to_0.25,0.0,0.25,g001_b7e43f1d75130653_0000,69,0.0,empty,g001_p000069_empty,4.0,5.0,30.0,ellipsoid,9,152.84598355431456,11.8202643628419,11.357843762211175,6.195906091559318,2.955066090710475,2.8394609405527937,1.5489765228898296,0.0033767102286219597,0.002021263469941914,0.002021263469941914,False,False,,,0,False
v4_branch_5a7eeeabb7acd3fee91c,1,70,new_center,parent_to_0.25,0.0,0.25,g001_b7e43f1d75130653_0000,70,0.0,empty,g001_p000070_empty,4.0,5.0,31.0,dike_hemisphere,9,123.32771710129002,9.166687039674823,12.431473868203161,8.134932387904767,2.2916717599187058,3.1078684670507903,2.0337330969761918,0.0026625669561326504,0.0013071201974526048,0.0013071201974526048,False,False,,,0,False
v4_branch_447ee0f5a2bf03be32e9,1,71,new_center,parent_to_0.25,0.0,0.25,g001_b7e43f1d75130653_0000,71,0.0,empty,g001_p000071_empty,4.0,5.0,32.0,dike_hemisphere,9,102.71464767551666,14.693179657042826,7.377676916664231,13.939026283715132,3.6732949142607065,1.8444192291660577,3.484756570928783,0.0018933614483103156,0.00053791468963027,0.00053791468963027,False,False,,,0,False
v4_branch_f8e123f9cc873b619b56,1,72,new_center,parent_to_0.25,0.0,0.25,g001_b7e43f1d75130653_0000,72,0.0,empty,g001_p000072_empty,4.0,5.0,33.0,dike_hemisphere,9,145.8290745819575,9.334858927527002,15.050387083734696,13.266335063120163,2.3337147318817504,3.762596770933674,3.3165837657800408,0.0024971358943730593,0.0011416891356930137,0.0011416891356930137,False,False,,,0,False
v4_branch_b3ae446e76aabb6a626e,1,73,new_center,parent_to_0.25,0.0,0.25,g001_b7e43f1d75130653_0000,73,0.0,empty,g001_p000073_empty,4.0,5.0,34.0,dike_hemisphere,9,38.12516971493515,10.477795841541136,13.687691152363483,13.349301253436034,2.619448960385284,3.4219227880908707,3.3373253133590084,0.0024971358943730593,0.0011416891356930137,0.0011416891356930137,False,False,,,0,False
v4_branch_30c615d3e233d2dbe2f9,1,74,new_center,parent_to_0.25,0.0,0.25,g001_b7e43f1d75130653_0000,74,0.0,empty,g001_p000074_empty,4.0,5.0,35.0,ellipsoid,9,146.84389012754832,15.915020495653048,14.02842896744216,7.865739655528389,3.978755123913262,3.50710724186054,1.9664349138820973,0.003376709995791316,0.0020212632371112704,0.0020212632371112704,False,False,,,0,False
v4_branch_85fbdf30ff6cf2b08531,1,75,new_center,parent_to_0.25,0.0,0.25,g001_b7e43f1d75130653_0000,75,0.0,empty,g001_p000075_empty,4.0,5.0,36.0,ellipsoid,9,67.1230842289055,15.538048621908642,11.7785610032625,11.606291269687384,3.8845121554771604,2.944640250815625,2.901572817421846,0.003000156953930855,0.0016447101952508092,0.0016447101952508092,False,False,,,0,False
v4_branch_c57169f7745c963c7662,1,76,new_center,parent_to_0.25,0.0,0.25,g001_b7e43f1d75130653_0000,76,0.0,empty,g001_p000076_empty,4.0,5.0,37.0,dike_hemisphere,9,142.8055546898874,14.649881924280075,8.376359695626107,9.779712496271774,3.662470481070019,2.0940899239065267,2.4449281240679435,0.0024971358943730593,0.0011416891356930137,0.0011416891356930137,False,False,,,0,False
v4_branch_2ed56035518bdebf5608,1,77,new_center,parent_to_0.25,0.0,0.25,g001_b7e43f1d75130653_0000,77,0.0,empty,g001_p000077_empty,4.0,5.0,38.0,ellipsoid,9,50.371135859807616,12.655254543496502,14.142400048189488,7.948769306677628,3.1638136358741256,3.535600012047372,1.987192326669407,0.0033767102286219597,0.002021263469941914,0.002021263469941914,False,False,,,0,False
v4_branch_ac9678a6471d5d36a54a,1,78,new_center,parent_to_0.25,0.0,0.25,g001_b7e43f1d75130653_0000,78,0.0,empty,g001_p000078_empty,4.0,5.0,39.0,dike_hemisphere,9,8.639955335305725,11.065085166015223,11.859765163285479,8.183528733811706,2.7662712915038057,2.9649412908213697,2.0458821834529264,0.003035588189959526,0.0016801414312794805,0.0016801414312794805,False,False,,,0,False
v4_branch_50f1a57240d0564d2d24,1,79,new_center,parent_to_0.25,0.0,0.25,g001_b7e43f1d75130653_0000,79,0.0,empty,g001_p000079_empty,4.0,5.0,40.0,ellipsoid,9,117.39404180620537,14.09480293980869,7.599444860688861,10.645098932337055,3.5237007349521723,1.8998612151722152,2.6612747330842637,0.0029658698476850986,0.001610423089005053,0.001610423089005053,False,False,,,0,False
v4_branch_25c659f3f64ad39eac28,1,80,new_center,parent_to_0.25,0.0,0.25,g001_b7e43f1d75130653_0000,80,0.0,empty,g001_p000080_empty,4.0,5.0,41.0,dike_hemisphere,9,90.45902033265202,9.68800922073744,6.427064311035007,12.264637417096228,2.42200230518436,1.6067660777587518,3.066159354274057,0.001921389251947403,0.0005659424932673573,0.0005659424932673573,False,False,,,0,False
v4_branch_41a5b3c7d02dd931a7e3,1,81,new_center,parent_to_0.25,0.0,0.25,g001_b7e43f1d75130653_0000,81,0.0,empty,g001_p000081_empty,4.0,5.0,42.0,ellipsoid,9,97.6982745410316,6.709135282954564,7.229857701549831,9.369407225618971,1.677283820738641,1.8074644253874577,2.342351806404743,0.0015555579448118806,0.00020011118613183498,0.00020011118613183498,False,False,,,0,False
v4_branch_361cfa39b02721eebd33,1,82,new_center,parent_to_0.25,0.0,0.25,g001_b7e43f1d75130653_0000,82,0.0,empty,g001_p000082_empty,4.0,5.0,43.0,ellipsoid,9,97.80772544402495,8.347153205645313,8.89938418556343,12.170163104840142,2.086788301411328,2.2248460463908577,3.0425407762100356,0.0025827945210039616,0.001227347762323916,0.001227347762323916,False,False,,,0,False
v4_branch_e13a83d96b9db2b11c8f,1,83,new_center,parent_to_0.25,0.0,0.25,g001_b7e43f1d75130653_0000,83,0.0,empty,g001_p000083_empty,4.0,5.0,44.0,ellipsoid,9,70.46599270228515,7.898690810218159,10.235137151734005,12.04169375894147,1.9746727025545399,2.558784287933501,3.0104234397353675,0.0025827945210039616,0.001227347762323916,0.001227347762323916,False,False,,,0,False
v4_branch_e5dd023993e698d82bdc,1,84,new_center,parent_to_0.25,0.0,0.25,g001_b7e43f1d75130653_0000,84,0.0,empty,g001_p000084_empty,4.0,5.0,45.0,dike_hemisphere,9,92.29902993714407,9.156199296029616,11.449434559546205,6.958509230467829,2.289049824007404,2.8623586398865513,1.7396273076169573,0.0022417705040425062,0.0008863237453624606,0.0008863237453624606,False,False,,,0,False
v4_branch_f3c2327d5fad7a3cbfde,1,85,new_center,parent_to_0.25,0.0,0.25,g001_b7e43f1d75130653_0000,85,0.0,empty,g001_p000085_empty,4.0,5.0,46.0,dike_hemisphere,9,140.4414995697305,7.840043125642251,14.757532963472793,12.866930547584513,1.9600107814105627,3.689383240868198,3.216732636896128,0.002497136127203703,0.0011416893685236573,0.0011416893685236573,False,False,,,0,False
v4_branch_ac4119598404676aa526,1,86,new_center,parent_to_0.25,0.0,0.25,g001_b7e43f1d75130653_0000,86,0.0,empty,g001_p000086_empty,4.0,5.0,47.0,ellipsoid,9,157.35972245240544,11.140672602732728,14.584057958396441,10.85962182205403,2.785168150683182,3.6460144895991102,2.7149054555135077,0.003156170481815934,0.0018007237231358886,0.0018007237231358886,False,False,,,0,False
v4_branch_4e90ec0fd3c469ceba53,1,87,new_center,parent_to_0.25,0.0,0.25,g001_b7e43f1d75130653_0000,87,0.0,empty,g001_p000087_empty,4.0,5.0,48.0,dike_hemisphere,9,78.92268501006676,6.79138263782106,11.716250855144354,9.696050935504884,1.697845659455265,2.9290627137860885,2.424012733876221,0.0019213896011933684,0.0005659428425133228,0.0005659428425133228,False,False,,,0,False
v4_branch_c6795d09f7efcd26f676,1,88,new_center,parent_to_0.25,0.0,0.25,g001_b7e43f1d75130653_0000,88,0.0,empty,g001_p000088_empty,4.0,5.0,49.0,ellipsoid,9,151.7092156332431,10.189554607684794,10.022501087858835,13.108640946442595,2.5473886519211986,2.5056252719647087,3.2771602366106487,0.0023896333295851946,0.001034186570905149,0.001034186570905149,False,False,,,0,False
v4_branch_9ae31f8f7bfe39b1eba6,1,89,new_center,parent_to_0.25,0.0,0.25,g001_b7e43f1d75130653_0000,89,0.0,empty,g001_p000089_empty,4.0,5.0,50.0,ellipsoid,9,119.09898785484762,8.024414903229017,14.580747274174783,9.958053366226881,2.0061037258072543,3.6451868185436958,2.4895133415567203,0.0029658658895641565,0.001610419130884111,0.001610419130884111,False,False,,,0,False
v4_branch_8c467601ef88b4989084,1,90,new_center,parent_to_0.25,0.0,0.25,g001_b7e43f1d75130653_0000,90,0.0,empty,g001_p000090_empty,4.0,6.0,6.0,ellipsoid,9,134.42041816179693,12.305715042751897,8.255295642453092,11.156984381163323,3.0764287606879743,2.063823910613273,2.7892460952908307,0.0029658698476850986,0.001610423089005053,0.001610423089005053,False,False,,,0,False
v4_branch_1ad8e0a1ecf603c13d62,1,91,new_center,parent_to_0.25,0.0,0.25,g001_b7e43f1d75130653_0000,91,0.0,empty,g001_p000091_empty,4.0,6.0,7.0,ellipsoid,9,167.40504238572822,12.747629168812423,13.890872885455192,8.862462336842668,3.186907292203106,3.472718221363798,2.215615584210667,0.003304833546280861,0.0019493867876008153,0.0019493867876008153,False,False,,,0,False
v4_branch_76dd07723e5911cf72cf,1,92,new_center,parent_to_0.25,0.0,0.25,g001_b7e43f1d75130653_0000,92,0.0,empty,g001_p000092_empty,4.0,6.0,8.0,ellipsoid,9,111.78245904185508,10.393634402183743,8.7587940634039,6.932787014501968,2.5984086005459357,2.189698515850975,1.733196753625492,0.002674151910468936,0.0013187051517888904,0.0013187051517888904,False,False,,,0,False
v4_branch_0b46c2fc217d0dd6e02d,1,93,new_center,parent_to_0.25,0.0,0.25,g001_b7e43f1d75130653_0000,93,0.0,empty,g001_p000093_empty,4.0,6.0,9.0,ellipsoid,9,72.71654833769696,8.51687547650479,8.115494436350419,12.76870212807148,2.1292188691261975,2.0288736090876047,3.19217553201787,0.002582797547802329,0.0012273507891222835,0.0012273507891222835,False,False,,,0,False
v4_branch_b0531cb299d85c97c0b4,1,94,new_center,parent_to_0.25,0.0,0.25,g001_b7e43f1d75130653_0000,94,0.0,empty,g001_p000094_empty,4.0,6.0,10.0,dike_hemisphere,9,154.33012689711907,6.277603186296467,6.570552908976822,8.646982489166732,1.5694007965741168,1.6426382272442055,2.161745622291683,0.0015555579448118806,0.00020011118613183498,0.00020011118613183498,False,False,,,0,False
v4_branch_a3b7ede58e5fc5dd5e72,1,95,new_center,parent_to_0.25,0.0,0.25,g001_b7e43f1d75130653_0000,95,0.0,empty,g001_p000095_empty,4.0,6.0,11.0,dike_hemisphere,9,163.04295632580002,9.127586664948348,9.546681469124628,13.328607702725964,2.281896666237087,2.386670367281157,3.332151925681491,0.002411903813481331,0.0010564570548012853,0.0010564570548012853,False,False,,,0,False
v4_branch_d604540241f0e4fbfe6c,2,0,new_center,parent_to_0.25,0.0,0.25,g002_f2089ffea51148ac_0001,0,9.043245654538623e-07,g001_p000031_empty,g002_p000000_g001_p000031_empty,4.0,4.0,34.0,dike_hemisphere,9,120.7734976413386,10.482217488424705,13.000945554799507,13.565630196765454,2.6205543721061764,3.250236388699877,3.3914075491913636,0.002661497797816992,0.0011059398530051112,0.0013060510391369462,False,False,,,0,False
v4_branch_0f6c0829f64cbfd13f2b,2,6,new_center,parent_to_0.25,0.0,0.25,g002_f2089ffea51148ac_0001,1,9.043245654538623e-07,g001_p000031_empty,g002_p000006_g001_p000031_empty,4.0,5.0,35.0,dike_hemisphere,9,112.17059466320897,15.161622550349497,8.687182241394977,8.075878875952649,3.7904056375873743,2.171795560348744,2.018969718988162,0.002652690513059497,0.0010971325682476163,0.0012972437543794513,False,False,,,0,False
v4_branch_505836c2dd9ba9ea7d02,2,12,new_center,parent_to_0.25,0.0,0.25,g002_655a7abb4eaa030e_0002,0,9.043245654538623e-07,g001_p000081_empty,g002_p000012_g001_p000081_empty,4.0,4.0,40.0,dike_hemisphere,9,12.901737913405105,15.879153979881158,14.916065400880214,9.883738226112143,3.9697884949702895,3.7290163502200535,2.470934556528036,0.002730417065322399,0.0011748591205105186,0.0013749703066423535,False,False,,,0,False
v4_branch_b60fa82458eaff068d4c,2,18,new_center,parent_to_0.25,0.0,0.25,g002_655a7abb4eaa030e_0002,1,9.043245654538623e-07,g001_p000081_empty,g002_p000018_g001_p000081_empty,4.0,5.0,39.0,dike_hemisphere,9,115.1939257511463,6.684445807190828,7.447591601338275,13.44525582633442,1.671111451797707,1.8618979003345688,3.361313956583605,0.0015537298750132322,-1.8280697986483574e-06,0.00019828311633318663,True,False,,,0,False
v4_branch_b60fa82458eaff068d4c,2,19,growth,0.25_to_0.50,0.25,0.5,g002_655a7abb4eaa030e_0002,1,9.043245654538623e-07,g002_p000018_g001_p000081_empty,g002_s019_lineage_growth_g002_p000018_g001_p000081_empty,4.0,5.0,39.0,dike_hemisphere,9,115.1939257511463,6.684445807190828,7.447591601338275,13.44525582633442,3.342222903595414,3.7237958006691376,6.72262791316721,0.0026663867756724358,0.0011126569006592035,0.0013109400169923902,False,True,death,g001_p000081_empty,0,False
v4_branch_57e8ed19106945976346,2,24,new_center,parent_to_0.25,0.0,0.25,g002_ceaf2dbd64f0b26d_0003,0,9.043245654538623e-07,g001_p000094_empty,g002_p000024_g001_p000094_empty,4.0,4.0,8.0,ellipsoid,9,139.0862006125514,10.382181212242033,7.342634503963039,8.699983182724697,2.5955453030605082,1.8356586259907597,2.1749957956811743,0.0026932077016681433,0.0011376497568562627,0.0013377609429880977,False,False,,,0,False
v4_branch_d6e078b09d7bbb7c3f29,2,30,new_center,parent_to_0.25,0.0,0.25,g002_ceaf2dbd64f0b26d_0003,1,9.043245654538623e-07,g001_p000094_empty,g002_p000030_g001_p000094_empty,4.0,5.0,8.0,dike_hemisphere,9,139.69048874598073,13.425502084751102,7.456341658919069,10.284167409424855,3.3563755211877755,1.8640854147297672,2.5710418523562137,0.002704724669456482,0.0011491667246446013,0.0013492779107764363,False,False,,,0,False
v4_branch_ef9c0afbf78d25571ab1,2,36,new_center,parent_to_0.25,0.0,0.25,g002_c1da637b50d3cd0e_0004,0,9.043245654538623e-07,g001_p000037_empty,g002_p000036_g001_p000037_empty,4.0,4.0,40.0,ellipsoid,9,91.28448357136057,10.011748816303186,6.816125749362367,8.00504658343047,2.5029372040757965,1.7040314373405918,2.0012616458576176,0.002130637876689434,0.0005750794662162662,0.0007751911180093884,False,False,,,0,False
v4_branch_b92a309547484c1547ef,2,42,new_center,parent_to_0.25,0.0,0.25,g002_c1da637b50d3cd0e_0004,1,9.043245654538623e-07,g001_p000037_empty,g002_p000042_g001_p000037_empty,4.0,5.0,41.0,dike_hemisphere,9,130.7620356930889,8.855137054320922,6.981893450162021,12.109390722459489,2.2137842635802305,1.7454733625405052,3.0273476806148722,0.001732710748910904,0.00017715233843773603,0.0003772639902308583,False,False,,,0,False
v4_branch_c99999d179c5bddc49ab,2,48,new_center,parent_to_0.25,0.0,0.25,g002_1686eb317f67c306_0005,0,9.043245654538623e-07,g001_p000040_empty,g002_p000048_g001_p000040_empty,4.0,4.0,43.0,dike_hemisphere,9,154.8208307260891,6.180788786720392,9.265118038992446,8.728284938181707,1.545197196680098,2.3162795097481115,2.1820712345454267,0.002130637876689434,0.0005750794662162662,0.0007751911180093884,False,False,,,0,False
v4_branch_7dccae9a6f08fd123edd,2,54,new_center,parent_to_0.25,0.0,0.25,g002_1686eb317f67c306_0005,1,9.043245654538623e-07,g001_p000040_empty,g002_p000054_g001_p000040_empty,4.0,5.0,44.0,dike_hemisphere,9,155.5074191815309,13.567839846690388,12.156353265846114,8.573531137913022,3.391959961672597,3.0390883164615285,2.1433827844782556,0.0028824876062572002,0.0013269291957840323,0.0015270408475771546,False,False,,,0,False
v4_branch_7001b3e36d77172a4a15,2,60,new_center,parent_to_0.25,0.0,0.25,g002_2d2fc9202ad8e956_0006,0,9.044409807756892e-07,g001_p000054_empty,g002_p000060_g001_p000054_empty,4.0,4.0,13.0,ellipsoid,9,105.68554390565141,14.982850213531654,7.435111436861336,7.662954274429973,3.7457125533829134,1.858777859215334,1.9157385686074933,0.002585284411907196,0.001029724720865488,0.0012298376532271504,False,False,,,0,False
v4_branch_58c6496859226267b732,2,66,new_center,parent_to_0.25,0.0,0.25,g002_2d2fc9202ad8e956_0006,1,9.044409807756892e-07,g001_p000054_empty,g002_p000066_g001_p000054_empty,4.0,5.0,12.0,ellipsoid,9,153.3255965193858,14.4882607240847,8.740209886748268,13.07782559123527,3.622065181021175,2.185052471687067,3.2694563978088174,0.002798251109197736,0.0012426914181560278,0.0014428043505176902,False,False,,,0,False
v4_branch_b08fcc2761dccfd05976,2,72,new_center,parent_to_0.25,0.0,0.25,g002_7090afd5ad20b944_0007,0,9.044409807756892e-07,g001_p000068_empty,g002_p000072_g001_p000068_empty,4.0,4.0,27.0,ellipsoid,9,172.25749412180693,15.009496393480026,14.86156403042739,10.96484343149304,3.7523740983700065,3.7153910076068475,2.74121085787326,0.0030003234278410673,0.0014447637367993593,0.0016448766691610217,False,False,,,0,False
v4_branch_d9ecfa296a0f0a8d9240,2,78,new_center,parent_to_0.25,0.0,0.25,g002_7090afd5ad20b944_0007,1,9.044409807756892e-07,g001_p000068_empty,g002_p000078_g001_p000068_empty,4.0,5.0,26.0,ellipsoid,9,122.39454674829602,11.5084031426608,10.15919415366518,10.357028479152891,2.8771007856652,2.539798538416295,2.589257119788223,0.002964911749586463,0.001409352058544755,0.0016094649909064174,False,False,,,0,False
v4_branch_9d875780994dda7dae05,2,84,new_center,parent_to_0.25,0.0,0.25,g002_8a2c6c749e2d23f8_0008,0,2.906313739003963e-06,g001_p000002_empty,g002_p000084_g001_p000002_empty,4.0,8.0,6.0,ellipsoid,9,36.42235029699639,10.980372121999917,7.241975075766422,6.12034286188329,2.745093030499979,1.8104937689416054,1.5300857154708225,0.0028659834060817957,0.001163042732514441,0.00151053664740175,False,False,,,0,False
v4_branch_a19879cb20f5ea9f6db9,2,90,new_center,parent_to_0.25,0.0,0.25,g002_8a2c6c749e2d23f8_0008,1,2.906313739003963e-06,g001_p000002_empty,g002_p000090_g001_p000002_empty,4.0,9.0,7.0,dike_hemisphere,9,27.463303643668088,10.28620249852343,12.525238363576147,11.404252284261347,2.5715506246308575,3.1313095908940367,2.8510630710653366,0.0028551756404340267,0.001152234966866672,0.0014997288817539811,False,False,,,0,False
v4_branch_1eca19a05b716392c524,3,0,new_center,parent_to_0.25,0.0,0.25,g003_7e1f51f296367b7f_0009,0,0.0,g002_p000001_g001_p000031_empty,g003_p000000_g002_p000001_g001_p000031_empty,4.0,4.0,6.0,dike_hemisphere,9,163.55516393116667,14.815160543188503,14.386140771887549,13.110193579759173,3.7037901357971257,3.596535192971887,3.277548394939793,0.00270070624537766,0.0013452594866976142,0.0013452594866976142,False,False,,,0,False
v4_branch_35cd18678eba4f675d00,3,1,new_center,parent_to_0.25,0.0,0.25,g003_7e1f51f296367b7f_0009,1,0.0,g002_p000001_g001_p000031_empty,g003_p000001_g002_p000001_g001_p000031_empty,4.0,4.0,7.0,dike_hemisphere,9,127.221556122238,10.612681695098235,15.546366727289442,12.627184439731774,2.653170423774559,3.8865916818223605,3.1567961099329436,0.0024971370585262775,0.001141690299846232,0.001141690299846232,False,False,,,0,False
v4_branch_33a65a55de218f66e148,3,2,new_center,parent_to_0.25,0.0,0.25,g003_7e1f51f296367b7f_0009,2,0.0,g002_p000001_g001_p000031_empty,g003_p000002_g002_p000001_g001_p000031_empty,4.0,4.0,8.0,ellipsoid,9,129.91034263477215,7.202844958412376,15.015532378829477,12.657312286937017,1.800711239603094,3.753883094707369,3.1643280717342543,0.0027992664836347103,0.0014438197249546647,0.0014438197249546647,False,False,,,0,False
v4_branch_1b9281ec607eca995721,3,3,new_center,parent_to_0.25,0.0,0.25,g003_7e1f51f296367b7f_0009,3,0.0,g002_p000001_g001_p000031_empty,g003_p000003_g002_p000001_g001_p000031_empty,4.0,4.0,9.0,ellipsoid,9,11.491936785773532,10.199060685674706,12.652189838673458,11.362319192197965,2.5497651714186764,3.1630474596683644,2.8405797980494913,0.0027992664836347103,0.0014438197249546647,0.0014438197249546647,False,False,,,0,False
v4_branch_27616a5db577247921ab,3,4,new_center,parent_to_0.25,0.0,0.25,g003_7e1f51f296367b7f_0009,4,0.0,g002_p000001_g001_p000031_empty,g003_p000004_g002_p000001_g001_p000031_empty,4.0,4.0,10.0,dike_hemisphere,9,44.16857788101047,8.173645925516361,14.081835307023939,8.333190886520502,2.0434114813790902,3.5204588267559846,2.0832977216301254,0.0024971370585262775,0.001141690299846232,0.001141690299846232,False,False,,,0,False
v4_branch_265afd2b8fec72220102,3,5,new_center,parent_to_0.25,0.0,0.25,g003_7e1f51f296367b7f_0009,5,0.0,g002_p000001_g001_p000031_empty,g003_p000005_g002_p000001_g001_p000031_empty,4.0,4.0,11.0,dike_hemisphere,9,141.3770956080863,12.005675368815753,6.7156354561563125,7.524508636261823,3.0014188422039383,1.6789088640390781,1.8811271590654557,0.0017029405571520329,0.00034749379847198725,0.00034749379847198725,False,False,,,0,False
v4_branch_c3b1d7921fd9e42fbbc0,3,6,new_center,parent_to_0.25,0.0,0.25,g003_7e1f51f296367b7f_0009,6,0.0,g002_p000001_g001_p000031_empty,g003_p000006_g002_p000001_g001_p000031_empty,4.0,4.0,12.0,dike_hemisphere,9,52.36393005167569,15.94419150444548,6.4613377696132765,7.563839036952812,3.98604787611137,1.6153344424033191,1.890959759238203,0.002674151910468936,0.0013187051517888904,0.0013187051517888904,False,False,,,0,False
v4_branch_878f57c749099b068b87,3,7,new_center,parent_to_0.25,0.0,0.25,g003_7e1f51f296367b7f_0009,7,0.0,g002_p000001_g001_p000031_empty,g003_p000007_g002_p000001_g001_p000031_empty,4.0,4.0,13.0,dike_hemisphere,9,154.1984225752953,13.773845898812581,10.750534670148133,6.169739654680974,3.4434614747031453,2.687633667537033,1.5424349136702435,0.003045756136998534,0.0016903093783184886,0.0016903093783184886,False,False,,,0,False
v4_branch_ca1b361c62598a0900ed,3,8,new_center,parent_to_0.25,0.0,0.25,g003_7e1f51f296367b7f_0009,8,0.0,g002_p000001_g001_p000031_empty,g003_p000008_g002_p000001_g001_p000031_empty,4.0,4.0,14.0,dike_hemisphere,9,69.77114241577554,8.196391991155615,13.685362267359588,7.082745873636623,2.0490979977889037,3.421340566839897,1.7706864684091557,0.0022417735308408737,0.0008863267721608281,0.0008863267721608281,False,False,,,0,False
v4_branch_71014068f6a94e0074a7,3,9,new_center,parent_to_0.25,0.0,0.25,g003_7e1f51f296367b7f_0009,9,0.0,g002_p000001_g001_p000031_empty,g003_p000009_g002_p000001_g001_p000031_empty,4.0,4.0,15.0,dike_hemisphere,9,56.33787425073006,14.84135619860054,8.258422467001813,11.94802044934217,3.710339049650135,2.064605616750453,2.9870051123355426,0.002497138222679496,0.0011416914639994502,0.0011416914639994502,False,False,,,0,False
v4_branch_974806ee360dd5d82287,3,10,new_center,parent_to_0.25,0.0,0.25,g003_7e1f51f296367b7f_0009,10,0.0,g002_p000001_g001_p000031_empty,g003_p000010_g002_p000001_g001_p000031_empty,4.0,4.0,16.0,dike_hemisphere,9,179.19206177088404,8.858359052636136,9.37695671454977,12.03591225824821,2.214589763159034,2.3442391786374426,3.0089780645620525,0.0024119047448039055,0.0010564579861238599,0.0010564579861238599,False,False,,,0,False
v4_branch_a0dd551667c67268d487,3,11,new_center,parent_to_0.25,0.0,0.25,g003_7e1f51f296367b7f_0009,11,0.0,g002_p000001_g001_p000031_empty,g003_p000011_g002_p000001_g001_p000031_empty,4.0,4.0,17.0,dike_hemisphere,9,177.89655571336348,13.125273194797543,11.873830929429857,8.300542074876674,3.281318298699386,2.9684577323574644,2.0751355187191685,0.0030355886556208134,0.0016801418969407678,0.0016801418969407678,False,False,,,0,False
v4_branch_a55f086842edfa1aadfa,3,12,new_center,parent_to_0.25,0.0,0.25,g003_7e1f51f296367b7f_0009,12,0.0,g002_p000007_g001_p000031_empty,g003_p000012_g002_p000007_g001_p000031_empty,4.0,4.0,18.0,ellipsoid,9,14.238202364135939,14.283977858394024,11.552384592563966,7.350657747322632,3.570994464598506,2.8880961481409915,1.837664436830658,0.0033767102286219597,0.002021263469941914,0.002021263469941914,False,False,,,0,False
v4_branch_eee169f6ee1d2e738db4,3,13,new_center,parent_to_0.25,0.0,0.25,g003_7e1f51f296367b7f_0009,13,0.0,g002_p000007_g001_p000031_empty,g003_p000013_g002_p000007_g001_p000031_empty,4.0,4.0,19.0,dike_hemisphere,9,22.742626946661712,11.189253154537836,13.313195964536813,11.66543804964907,2.797313288634459,3.3282989911342034,2.9163595124122677,0.002662565791979432,0.0013071190332993865,0.0013071190332993865,False,False,,,0,False
v4_branch_40ebd8c51a05ea56a930,3,14,new_center,parent_to_0.25,0.0,0.25,g003_7e1f51f296367b7f_0009,14,0.0,g002_p000007_g001_p000031_empty,g003_p000014_g002_p000007_g001_p000031_empty,4.0,4.0,20.0,dike_hemisphere,9,144.47379164887136,13.433756720420128,9.163039729903279,7.354643332743853,3.358439180105032,2.2907599324758197,1.8386608331859633,0.003045756136998534,0.0016903093783184886,0.0016903093783184886,False,False,,,0,False
v4_branch_4105c0375c96e24e78a3,3,15,new_center,parent_to_0.25,0.0,0.25,g003_7e1f51f296367b7f_0009,15,0.0,g002_p000007_g001_p000031_empty,g003_p000015_g002_p000007_g001_p000031_empty,4.0,4.0,21.0,dike_hemisphere,9,63.695788666667845,10.010176124756551,9.726745895801539,7.0777880263830255,2.502544031189138,2.4316864739503847,1.7694470065957564,0.002674151910468936,0.0013187051517888904,0.0013187051517888904,False,False,,,0,False
v4_branch_01e2acc9bf5a9f60d33b,3,16,new_center,parent_to_0.25,0.0,0.25,g003_7e1f51f296367b7f_0009,16,0.0,g002_p000007_g001_p000031_empty,g003_p000016_g002_p000007_g001_p000031_empty,4.0,4.0,22.0,dike_hemisphere,9,36.767561005476495,14.173049361634092,11.0222166238316,10.803925843979208,3.543262340408523,2.7555541559579,2.700981460994802,0.0024971370585262775,0.001141690299846232,0.001141690299846232,False,False,,,0,False
v4_branch_3703a997c17138d55037,3,17,new_center,parent_to_0.25,0.0,0.25,g003_7e1f51f296367b7f_0009,17,0.0,g002_p000007_g001_p000031_empty,g003_p000017_g002_p000007_g001_p000031_empty,4.0,4.0,23.0,ellipsoid,9,85.21921305111073,15.694138946678777,7.376164457658806,10.696903771423308,3.923534736669694,1.8440411144147015,2.674225942855827,0.0018933636602014303,0.0005379169015213847,0.0005379169015213847,False,False,,,0,False
v4_branch_b6ee1d95a1c55c49fa3d,3,18,new_center,parent_to_0.25,0.0,0.25,g003_7e1f51f296367b7f_0009,18,0.0,g002_p000007_g001_p000031_empty,g003_p000018_g002_p000007_g001_p000031_empty,4.0,4.0,24.0,dike_hemisphere,9,174.6540600292454,6.964789032004668,15.244603062391974,7.772405522510826,1.741197258001167,3.8111507655979935,1.9431013806277064,0.00224177329801023,0.0008863265393301845,0.0008863265393301845,False,False,,,0,False
v4_branch_b70b974075b997a71bcf,3,19,new_center,parent_to_0.25,0.0,0.25,g003_7e1f51f296367b7f_0009,19,0.0,g002_p000007_g001_p000031_empty,g003_p000019_g002_p000007_g001_p000031_empty,4.0,4.0,25.0,dike_hemisphere,9,171.83125082954245,14.43446461786283,11.280639138683714,13.486102813825019,3.6086161544657074,2.8201597846709285,3.3715257034562547,0.003017924726009369,0.0016624779673293233,0.0016624779673293233,False,False,,,0,False
v4_branch_0be20e67208aebaeab64,3,20,new_center,parent_to_0.25,0.0,0.25,g003_7e1f51f296367b7f_0009,20,0.0,g002_p000007_g001_p000031_empty,g003_p000020_g002_p000007_g001_p000031_empty,4.0,4.0,26.0,ellipsoid,9,135.99527074815998,15.5687007654604,11.51682695494215,13.974687353357773,3.8921751913651,2.8792067387355376,3.493671838339443,0.002835568506270647,0.0014801217475906014,0.0014801217475906014,False,False,,,0,False
v4_branch_b5fa1833ffdd136bf52f,3,21,new_center,parent_to_0.25,0.0,0.25,g003_7e1f51f296367b7f_0009,21,0.0,g002_p000007_g001_p000031_empty,g003_p000021_g002_p000007_g001_p000031_empty,4.0,4.0,27.0,dike_hemisphere,9,167.50346374786307,6.214690501896997,14.289592839237532,6.212932220025159,1.5536726254742492,3.572398209809383,1.5532330550062898,0.00224177329801023,0.0008863265393301845,0.0008863265393301845,False,False,,,0,False
v4_branch_b7db56143210da7db86a,3,22,new_center,parent_to_0.25,0.0,0.25,g003_7e1f51f296367b7f_0009,22,0.0,g002_p000007_g001_p000031_empty,g003_p000022_g002_p000007_g001_p000031_empty,4.0,4.0,28.0,dike_hemisphere,9,24.56996579067286,10.904375219015385,11.697396921347348,13.344915659824,2.7260938047538463,2.924349230336837,3.336228914956,0.0026625669561326504,0.0013071201974526048,0.0013071201974526048,False,False,,,0,False
v4_branch_f0cc8518f30a7ab35d24,3,23,new_center,parent_to_0.25,0.0,0.25,g003_7e1f51f296367b7f_0009,23,0.0,g002_p000007_g001_p000031_empty,g003_p000023_g002_p000007_g001_p000031_empty,4.0,4.0,29.0,dike_hemisphere,9,83.95460576238392,7.812773585609539,10.22986391130468,8.113853029516545,1.9531933964023847,2.55746597782617,2.028463257379136,0.0019213911145925522,0.0005659443559125066,0.0005659443559125066,False,False,,,0,False
v4_branch_284120bbe62de26725c2,3,24,new_center,parent_to_0.25,0.0,0.25,g003_7e1f51f296367b7f_0009,24,0.0,g002_p000013_g001_p000081_empty,g003_p000024_g002_p000013_g001_p000081_empty,4.0,4.0,30.0,dike_hemisphere,9,71.6982882398585,6.759591053382383,13.90172099485341,9.37706818492935,1.6898977633455958,3.4754302487133524,2.3442670462323374,0.0019213911145925522,0.0005659443559125066,0.0005659443559125066,False,False,,,0,False
v4_branch_cf905a471eab537a7216,3,25,new_center,parent_to_0.25,0.0,0.25,g003_7e1f51f296367b7f_0009,25,0.0,g002_p000013_g001_p000081_empty,g003_p000025_g002_p000013_g001_p000081_empty,4.0,4.0,31.0,ellipsoid,9,112.54508537316033,12.341562012207849,11.919060687466848,9.023363332923424,3.085390503051962,2.979765171866712,2.255840833230856,0.003304834244772792,0.0019493874860927463,0.0019493874860927463,False,False,,,0,False
v4_branch_a765fb427fe98e4b37ce,3,26,new_center,parent_to_0.25,0.0,0.25,g003_7e1f51f296367b7f_0009,26,0.0,g002_p000013_g001_p000081_empty,g003_p000026_g002_p000013_g001_p000081_empty,4.0,4.0,32.0,dike_hemisphere,9,150.10535527918424,6.10975274080527,6.321463439278325,6.362244113584715,1.5274381852013175,1.5803658598195813,1.5905610283961789,0.0017029406735673547,0.0003474939148873091,0.0003474939148873091,False,False,,,0,False
v4_branch_55c8f40786ae8b3abc84,3,27,new_center,parent_to_0.25,0.0,0.25,g003_7e1f51f296367b7f_0009,27,0.0,g002_p000013_g001_p000081_empty,g003_p000027_g002_p000013_g001_p000081_empty,4.0,4.0,33.0,dike_hemisphere,9,116.74603297552105,9.917490723353671,10.008600246817002,12.17792132333575,2.4793726808384178,2.5021500617042505,3.0444803308339377,0.0022279389668256044,0.0008724922081455588,0.0008724922081455588,False,False,,,0,False
v4_branch_720fd08d328299021697,3,28,new_center,parent_to_0.25,0.0,0.25,g003_7e1f51f296367b7f_0009,28,0.0,g002_p000013_g001_p000081_empty,g003_p000028_g002_p000013_g001_p000081_empty,4.0,4.0,34.0,ellipsoid,9,13.261786183439375,10.572651564939694,13.900533167696477,11.954598501795925,2.6431628912349234,3.475133291924119,2.988649625448981,0.0027992664836347103,0.0014438197249546647,0.0014438197249546647,False,False,,,0,False
v4_branch_f41268ae942643fdd11b,3,29,new_center,parent_to_0.25,0.0,0.25,g003_7e1f51f296367b7f_0009,29,0.0,g002_p000013_g001_p000081_empty,g003_p000029_g002_p000013_g001_p000081_empty,4.0,4.0,35.0,ellipsoid,9,166.0789447702022,6.20864827275715,13.39506893453712,8.300551632848908,1.5521620681892876,3.34876723363428,2.075137908212227,0.0021319712977856398,0.0007765245391055942,0.0007765245391055942,False,False,,,0,False
v4_branch_34f0642f262a0fbc319f,3,30,new_center,parent_to_0.25,0.0,0.25,g003_7e1f51f296367b7f_0009,30,0.0,g002_p000013_g001_p000081_empty,g003_p000030_g002_p000013_g001_p000081_empty,4.0,4.0,36.0,ellipsoid,9,131.9439939001193,10.514898847495203,14.442309245484921,11.569166026260472,2.628724711873801,3.6105773113712303,2.892291506565118,0.0026220984291285276,0.001266651670448482,0.001266651670448482,False,False,,,0,False
v4_branch_cbd7790bc2c35ed10554,3,31,new_center,parent_to_0.25,0.0,0.25,g003_7e1f51f296367b7f_0009,31,0.0,g002_p000013_g001_p000081_empty,g003_p000031_g002_p000013_g001_p000081_empty,4.0,4.0,37.0,dike_hemisphere,9,100.79695228668788,12.255807913001163,7.386759209529122,12.324802980445266,3.063951978250291,1.8466898023822804,3.0812007451113166,0.001921389251947403,0.0005659424932673573,0.0005659424932673573,False,False,,,0,False
v4_branch_73dff64c870b16d9be8c,3,32,new_center,parent_to_0.25,0.0,0.25,g003_7e1f51f296367b7f_0009,32,0.0,g002_p000013_g001_p000081_empty,g003_p000032_g002_p000013_g001_p000081_empty,4.0,4.0,38.0,dike_hemisphere,9,82.8847471889348,8.127379493873017,10.554409248162418,6.991745330485132,2.031844873468254,2.6386023120406046,1.747936332621283,0.0022417735308408737,0.0008863267721608281,0.0008863267721608281,False,False,,,0,False
v4_branch_89afce0b38ff3ad0565b,3,33,new_center,parent_to_0.25,0.0,0.25,g003_7e1f51f296367b7f_0009,33,0.0,g002_p000013_g001_p000081_empty,g003_p000033_g002_p000013_g001_p000081_empty,4.0,4.0,39.0,ellipsoid,9,117.18664718158183,11.103177398797687,13.198530043383833,6.552002204833335,2.7757943496994217,3.2996325108459583,1.6380005512083338,0.003045756136998534,0.0016903093783184886,0.0016903093783184886,False,False,,,0,False
v4_branch_67b764399320c09bf669,3,34,new_center,parent_to_0.25,0.0,0.25,g003_7e1f51f296367b7f_0009,34,0.0,g002_p000013_g001_p000081_empty,g003_p000034_g002_p000013_g001_p000081_empty,4.0,4.0,40.0,dike_hemisphere,9,48.98668355805603,6.946137380837515,8.41327366999905,11.180101933115932,1.7365343452093787,2.1033184174997626,2.795025483278983,0.0015555579448118806,0.00020011118613183498,0.00020011118613183498,False,False,,,0,False
v4_branch_c68e6cdc973a42027c0e,3,35,new_center,parent_to_0.25,0.0,0.25,g003_7e1f51f296367b7f_0009,35,0.0,g002_p000013_g001_p000081_empty,g003_p000035_g002_p000013_g001_p000081_empty,4.0,4.0,41.0,dike_hemisphere,9,94.75589494928808,6.379045879171912,9.816676888343515,11.021087643952615,1.594761469792978,2.454169222085879,2.755271910988154,0.001921389251947403,0.0005659424932673573,0.0005659424932673573,False,False,,,0,False
v4_branch_fa36b83af6b69d705867,3,36,new_center,parent_to_0.25,0.0,0.25,g003_7e1f51f296367b7f_0009,36,0.0,g002_p000025_g001_p000094_empty,g003_p000036_g002_p000025_g001_p000094_empty,4.0,4.0,42.0,dike_hemisphere,9,107.44315661316767,8.241720195421335,14.32404821360393,10.082697195004542,2.0604300488553338,3.5810120534009826,2.5206742987511355,0.0028183008544147015,0.0014628540957346559,0.0014628540957346559,False,False,,,0,False
v4_branch_7121717875b1c44a5d0b,3,37,new_center,parent_to_0.25,0.0,0.25,g003_7e1f51f296367b7f_0009,37,0.0,g002_p000025_g001_p000094_empty,g003_p000037_g002_p000025_g001_p000094_empty,4.0,4.0,43.0,ellipsoid,9,69.65727827873913,14.663693344730069,12.027815951476702,10.54041669552928,3.665923336182517,3.0069539878691756,2.63510417388232,0.003156170481815934,0.0018007237231358886,0.0018007237231358886,False,False,,,0,False
v4_branch_1d700fa77dab49e07a8b,3,38,new_center,parent_to_0.25,0.0,0.25,g003_7e1f51f296367b7f_0009,38,0.0,g002_p000025_g001_p000094_empty,g003_p000038_g002_p000025_g001_p000094_empty,4.0,4.0,44.0,dike_hemisphere,9,74.95890537426816,8.45378033824947,8.913027676155078,7.858658317039192,2.1134450845623673,2.2282569190387695,1.964664579259798,0.0017029393929988146,0.000347492634318769,0.000347492634318769,False,False,,,0,False
v4_branch_55d7904d117a5a071539,3,39,new_center,parent_to_0.25,0.0,0.25,g003_7e1f51f296367b7f_0009,39,0.0,g002_p000025_g001_p000094_empty,g003_p000039_g002_p000025_g001_p000094_empty,4.0,4.0,45.0,dike_hemisphere,9,177.0902547620224,8.051664062800862,12.994428752111066,6.406891706559185,2.0129160157002155,3.2486071880277665,1.6017229266397963,0.00224177073687315,0.0008863239781931043,0.0008863239781931043,False,False,,,0,False
v4_branch_8ccb2d8c59c8e49e1085,3,40,new_center,parent_to_0.25,0.0,0.25,g003_7e1f51f296367b7f_0009,40,0.0,g002_p000025_g001_p000094_empty,g003_p000040_g002_p000025_g001_p000094_empty,4.0,4.0,46.0,ellipsoid,9,10.27599958621289,6.772771160929196,12.817774931454444,8.34703480444301,1.693192790232299,3.204443732863611,2.0867587011107527,0.002131969667971134,0.0007765229092910886,0.0007765229092910886,False,False,,,0,False
v4_branch_1018c0cf192209aae9b5,3,41,new_center,parent_to_0.25,0.0,0.25,g003_7e1f51f296367b7f_0009,41,0.0,g002_p000025_g001_p000094_empty,g003_p000041_g002_p000025_g001_p000094_empty,4.0,4.0,47.0,ellipsoid,9,126.41892539404597,6.229490817733373,13.633146912247751,10.394582571735256,1.5573727044333432,3.4082867280619378,2.598645642933814,0.0025827945210039616,0.001227347762323916,0.001227347762323916,False,False,,,0,False
v4_branch_5c04811ddf8b452a645b,3,42,new_center,parent_to_0.25,0.0,0.25,g003_7e1f51f296367b7f_0009,42,0.0,g002_p000025_g001_p000094_empty,g003_p000042_g002_p000025_g001_p000094_empty,4.0,4.0,48.0,dike_hemisphere,9,174.6101395226827,14.151339061858883,10.991818444379673,7.830525371705376,3.5378347654647206,2.7479546110949182,1.957631342926344,0.0026741481851786375,0.001318701426498592,0.001318701426498592,False,False,,,0,False
v4_branch_d6d69c3fe668f6ab7cff,3,43,new_center,parent_to_0.25,0.0,0.25,g003_7e1f51f296367b7f_0009,43,0.0,g002_p000025_g001_p000094_empty,g003_p000043_g002_p000025_g001_p000094_empty,4.0,4.0,49.0,dike_hemisphere,9,40.657793723412524,11.319204260158989,8.357878892720047,8.07079416764194,2.829801065039747,2.0894697231800117,2.017698541910485,0.0022279394324868917,0.0008724926738068461,0.0008724926738068461,False,False,,,0,False
v4_branch_58b27bf00b8e1fa9f107,3,44,new_center,parent_to_0.25,0.0,0.25,g003_7e1f51f296367b7f_0009,44,0.0,g002_p000025_g001_p000094_empty,g003_p000044_g002_p000025_g001_p000094_empty,4.0,4.0,50.0,ellipsoid,9,14.874308236473226,15.582131795575231,15.177942789585016,11.202700186955969,3.8955329488938077,3.794485697396254,2.8006750467389923,0.0030001550912857056,0.00164470833260566,0.00164470833260566,False,False,,,0,False
v4_branch_bb187219fb6581f2630c,3,45,new_center,parent_to_0.25,0.0,0.25,g003_7e1f51f296367b7f_0009,45,0.0,g002_p000025_g001_p000094_empty,g003_p000045_g002_p000025_g001_p000094_empty,4.0,5.0,6.0,ellipsoid,9,94.24410635372743,10.790067092852091,6.139892477610138,8.75434812842465,2.6975167732130227,1.5349731194025344,2.1885870321061627,0.0021319712977856398,0.0007765245391055942,0.0007765245391055942,False,False,,,0,False
v4_branch_12c2e42ed991cfd0349e,3,46,new_center,parent_to_0.25,0.0,0.25,g003_7e1f51f296367b7f_0009,46,0.0,g002_p000025_g001_p000094_empty,g003_p000046_g002_p000025_g001_p000094_empty,4.0,5.0,7.0,ellipsoid,9,171.17411470557596,15.26233087490891,9.92862120644411,13.009736807107238,3.8155827187272275,2.4821553016110274,3.2524342017768095,0.0027992664836347103,0.0014438197249546647,0.0014438197249546647,False,False,,,0,False
v4_branch_0c5e29810f155810a3cd,3,47,new_center,parent_to_0.25,0.0,0.25,g003_7e1f51f296367b7f_0009,47,0.0,g002_p000025_g001_p000094_empty,g003_p000047_g002_p000025_g001_p000094_empty,4.0,5.0,8.0,dike_hemisphere,9,150.1192418031808,11.96410375906895,9.862675900269082,12.400392392093718,2.9910259397672374,2.4656689750672705,3.1000980980234294,0.002662565791979432,0.0013071190332993865,0.0013071190332993865,False,False,,,0,False
v4_branch_0e78277b927149efd2db,3,48,new_center,parent_to_0.25,0.0,0.25,g003_7e1f51f296367b7f_0009,48,0.0,g002_p000031_g001_p000094_empty,g003_p000048_g002_p000031_g001_p000094_empty,4.0,5.0,9.0,dike_hemisphere,9,165.49502949036196,15.199212654648278,9.705287456894583,11.906019803558184,3.7998031636620695,2.4263218642236457,2.976504950889546,0.0026625660248100758,0.0013071192661300302,0.0013071192661300302,False,False,,,0,False
v4_branch_4e5b7cc5f89dfb0669fe,3,49,new_center,parent_to_0.25,0.0,0.25,g003_7e1f51f296367b7f_0009,49,0.0,g002_p000031_g001_p000094_empty,g003_p000049_g002_p000031_g001_p000094_empty,4.0,5.0,10.0,dike_hemisphere,9,179.92929842225516,8.077318493867402,12.457269259161384,7.422626959440477,2.0193296234668505,3.114317314790346,1.8556567398601191,0.00224177329801023,0.0008863265393301845,0.0008863265393301845,False,False,,,0,False
v4_branch_adbe3a7b04e368d5bfce,3,50,new_center,parent_to_0.25,0.0,0.25,g003_7e1f51f296367b7f_0009,50,0.0,g002_p000031_g001_p000094_empty,g003_p000050_g002_p000031_g001_p000094_empty,4.0,5.0,11.0,ellipsoid,9,32.01914691275361,10.842783262023474,14.675177124742827,9.431686731969403,2.7106958155058685,3.668794281185707,2.357921682992351,0.0029658698476850986,0.001610423089005053,0.001610423089005053,False,False,,,0,False
v4_branch_8ba8fb75de9afb2d24d7,3,51,new_center,parent_to_0.25,0.0,0.25,g003_7e1f51f296367b7f_0009,51,0.0,g002_p000031_g001_p000094_empty,g003_p000051_g002_p000031_g001_p000094_empty,4.0,5.0,12.0,ellipsoid,9,117.61524381683776,10.233967624516207,13.171085851933606,7.501309014712448,2.558491906129052,3.2927714629834015,1.875327253678112,0.003045756136998534,0.0016903093783184886,0.0016903093783184886,False,False,,,0,False
v4_branch_73229702503d6d94ed78,3,52,new_center,parent_to_0.25,0.0,0.25,g003_7e1f51f296367b7f_0009,52,0.0,g002_p000031_g001_p000094_empty,g003_p000052_g002_p000031_g001_p000094_empty,4.0,5.0,13.0,ellipsoid,9,86.3267903206148,13.543896184079088,6.886916729626832,6.459509950557454,3.385974046019772,1.721729182406708,1.6148774876393635,0.00224177329801023,0.0008863265393301845,0.0008863265393301845,False,False,,,0,False
v4_branch_47f84f28261e65e9fb24,3,53,new_center,parent_to_0.25,0.0,0.25,g003_7e1f51f296367b7f_0009,53,0.0,g002_p000031_g001_p000094_empty,g003_p000053_g002_p000031_g001_p000094_empty,4.0,5.0,14.0,dike_hemisphere,9,46.168054545162605,15.116695995578308,6.47255702076043,13.909743043967142,3.779173998894577,1.6181392551901075,3.4774357609917854,0.002818301087245345,0.0014628543285652995,0.0014628543285652995,False,False,,,0,False
v4_branch_176ba54c353bd81d7cbf,3,54,new_center,parent_to_0.25,0.0,0.25,g003_7e1f51f296367b7f_0009,54,0.0,g002_p000031_g001_p000094_empty,g003_p000054_g002_p000031_g001_p000094_empty,4.0,5.0,15.0,ellipsoid,9,31.706957734059838,10.410720856923039,6.486421334122765,11.559689293433324,2.6026802142307597,1.6216053335306913,2.889922323358331,0.0021319726947695017,0.0007765259360894561,0.0007765259360894561,False,False,,,0,False
v4_branch_d13f7805571935571587,3,55,new_center,parent_to_0.25,0.0,0.25,g003_7e1f51f296367b7f_0009,55,0.0,g002_p000031_g001_p000094_empty,g003_p000055_g002_p000031_g001_p000094_empty,4.0,5.0,16.0,dike_hemisphere,9,46.12764554831967,12.35387914989741,10.11505330638845,13.750156995218397,3.0884697874743523,2.5287633265971126,3.4375392488045993,0.0026625669561326504,0.0013071201974526048,0.0013071201974526048,False,False,,,0,False
v4_branch_36142ab4da8002aca67d,3,56,new_center,parent_to_0.25,0.0,0.25,g003_7e1f51f296367b7f_0009,56,0.0,g002_p000031_g001_p000094_empty,g003_p000056_g002_p000031_g001_p000094_empty,4.0,5.0,17.0,dike_hemisphere,9,7.555544975263211,10.287813182568657,14.816546815661365,13.521497563562907,2.5719532956421642,3.7041367039153412,3.3803743908907267,0.0026424096431583166,0.001286962884478271,0.001286962884478271,False,False,,,0,False
v4_branch_8a72f5e71f882a8afdcd,3,57,new_center,parent_to_0.25,0.0,0.25,g003_7e1f51f296367b7f_0009,57,0.0,g002_p000031_g001_p000094_empty,g003_p000057_g002_p000031_g001_p000094_empty,4.0,5.0,18.0,ellipsoid,9,65.48429467052937,11.375361648800862,8.266341247252262,6.719383102696371,2.8438404122002154,2.0665853118130655,1.6798457756740928,0.002674151910468936,0.0013187051517888904,0.0013187051517888904,False,False,,,0,False
v4_branch_0762583f92b1064a2041,3,58,new_center,parent_to_0.25,0.0,0.25,g003_7e1f51f296367b7f_0009,58,0.0,g002_p000031_g001_p000094_empty,g003_p000058_g002_p000031_g001_p000094_empty,4.0,5.0,19.0,dike_hemisphere,9,123.69761443307613,14.615183091037823,14.691211787070298,9.50710298922712,3.6537957727594557,3.6728029467675745,2.37677574730678,0.0027400129474699497,0.0013845661887899041,0.0013845661887899041,False,False,,,0,False
v4_branch_af9f5258362134f1a7b6,3,59,new_center,parent_to_0.25,0.0,0.25,g003_7e1f51f296367b7f_0009,59,0.0,g002_p000031_g001_p000094_empty,g003_p000059_g002_p000031_g001_p000094_empty,4.0,5.0,20.0,dike_hemisphere,9,163.65423488458168,11.982831760601528,8.367939075671671,10.599731142911406,2.995707940150382,2.091984768917918,2.6499327857278514,0.0024119035806506872,0.0010564568219706416,0.0010564568219706416,False,False,,,0,False
v4_branch_105995ef1a59c9c00f3a,3,60,new_center,parent_to_0.25,0.0,0.25,g003_7e1f51f296367b7f_0009,60,0.0,g002_p000037_g001_p000037_empty,g003_p000060_g002_p000037_g001_p000037_empty,4.0,5.0,21.0,ellipsoid,9,54.40771757091778,6.581424687040318,11.555139132048177,12.214229231229659,1.6453561717600795,2.8887847830120443,3.0535573078074147,0.0021319712977856398,0.0007765245391055942,0.0007765245391055942,False,False,,,0,False
v4_branch_40e4c4b632e3af2ffc8c,3,61,new_center,parent_to_0.25,0.0,0.25,g003_7e1f51f296367b7f_0009,61,0.0,g002_p000037_g001_p000037_empty,g003_p000061_g002_p000037_g001_p000037_empty,4.0,5.0,22.0,dike_hemisphere,9,95.52209017982385,11.024471016724153,7.3864067635291635,7.2905516640332,2.756117754181038,1.8466016908822909,1.8226379160083,0.00224177329801023,0.0008863265393301845,0.0008863265393301845,False,False,,,0,False
v4_branch_0751c2fc88fcca9cc8c6,3,62,new_center,parent_to_0.25,0.0,0.25,g003_7e1f51f296367b7f_0009,62,0.0,g002_p000037_g001_p000037_empty,g003_p000062_g002_p000037_g001_p000037_empty,4.0,5.0,23.0,dike_hemisphere,9,13.761553809824722,8.084389408277554,13.873284968456389,9.566191434226328,2.0210973520693885,3.468321242114097,2.391547858556582,0.0024119047448039055,0.0010564579861238599,0.0010564579861238599,False,False,,,0,False
v4_branch_f40079cda7b5f58965ed,3,63,new_center,parent_to_0.25,0.0,0.25,g003_7e1f51f296367b7f_0009,63,0.0,g002_p000037_g001_p000037_empty,g003_p000063_g002_p000037_g001_p000037_empty,4.0,5.0,24.0,dike_hemisphere,9,152.60528254832118,10.424872922626331,6.615596504364372,13.834512817185907,2.606218230656583,1.653899126091093,3.4586282042964767,0.0021319726947695017,0.0007765259360894561,0.0007765259360894561,False,False,,,0,False
v4_branch_8617f556293e2edadc1b,3,64,new_center,parent_to_0.25,0.0,0.25,g003_7e1f51f296367b7f_0009,64,0.0,g002_p000037_g001_p000037_empty,g003_p000064_g002_p000037_g001_p000037_empty,4.0,5.0,25.0,ellipsoid,9,147.13154383608804,11.664402402718718,13.386542320789864,7.981287086520378,2.9161006006796795,3.346635580197466,1.9953217716300946,0.0033767102286219597,0.002021263469941914,0.002021263469941914,False,False,,,0,False
v4_branch_4f1c530da11a84165077,3,65,new_center,parent_to_0.25,0.0,0.25,g003_7e1f51f296367b7f_0009,65,0.0,g002_p000037_g001_p000037_empty,g003_p000065_g002_p000037_g001_p000037_empty,4.0,5.0,26.0,ellipsoid,9,133.6930225002096,12.77282582307383,6.712380445105172,12.773474529822593,3.1932064557684576,1.678095111276293,3.1933686324556483,0.0029658698476850986,0.001610423089005053,0.001610423089005053,False,False,,,0,False
v4_branch_8de9e1b2032acfcaac61,3,66,new_center,parent_to_0.25,0.0,0.25,g003_7e1f51f296367b7f_0009,66,0.0,g002_p000037_g001_p000037_empty,g003_p000066_g002_p000037_g001_p000037_empty,4.0,5.0,27.0,ellipsoid,9,145.28999594308445,12.026639490709663,9.59083185763595,11.988366709800566,3.0066598726774156,2.3977079644089874,2.9970916774501415,0.002799269277602434,0.0014438225189223886,0.0014438225189223886,False,False,,,0,False
v4_branch_03dd80903d1c22531c92,3,67,new_center,parent_to_0.25,0.0,0.25,g003_7e1f51f296367b7f_0009,67,0.0,g002_p000037_g001_p000037_empty,g003_p000067_g002_p000037_g001_p000037_empty,4.0,5.0,28.0,dike_hemisphere,9,125.95205161363474,12.86392493294819,10.099210036723624,6.659882793457373,3.2159812332370477,2.524802509180906,1.6649706983643433,0.002674151910468936,0.0013187051517888904,0.0013187051517888904,False,False,,,0,False
v4_branch_7cc6331c378acbd711bd,3,68,new_center,parent_to_0.25,0.0,0.25,g003_7e1f51f296367b7f_0009,68,0.0,g002_p000037_g001_p000037_empty,g003_p000068_g002_p000037_g001_p000037_empty,4.0,5.0,29.0,ellipsoid,9,178.54053634687233,12.681738366225508,8.908128692323452,7.602344600674467,3.170434591556377,2.227032173080863,1.9005861501686168,0.002674151910468936,0.0013187051517888904,0.0013187051517888904,False,False,,,0,False
v4_branch_a46161ca5254268f36cd,3,69,new_center,parent_to_0.25,0.0,0.25,g003_7e1f51f296367b7f_0009,69,0.0,g002_p000037_g001_p000037_empty,g003_p000069_g002_p000037_g001_p000037_empty,4.0,5.0,30.0,dike_hemisphere,9,52.23299739746082,12.787415955862297,8.744231954612722,9.618061731258525,3.1968539889655743,2.1860579886531806,2.404515432814631,0.0026625669561326504,0.0013071201974526048,0.0013071201974526048,False,False,,,0,False
v4_branch_addc08565e47abc344c1,3,70,new_center,parent_to_0.25,0.0,0.25,g003_7e1f51f296367b7f_0009,70,0.0,g002_p000037_g001_p000037_empty,g003_p000070_g002_p000037_g001_p000037_empty,4.0,5.0,31.0,ellipsoid,9,162.20313358715708,15.711247566055151,10.08026353325523,12.146255104272244,3.927811891513788,2.5200658833138077,3.036563776068061,0.002799269277602434,0.0014438225189223886,0.0014438225189223886,False,False,,,0,False
v4_branch_c817cfbff5e317af5c6d,3,71,new_center,parent_to_0.25,0.0,0.25,g003_7e1f51f296367b7f_0009,71,0.0,g002_p000037_g001_p000037_empty,g003_p000071_g002_p000037_g001_p000037_empty,4.0,5.0,32.0,dike_hemisphere,9,168.98209720715002,9.822072281918677,15.907611126550545,7.364555094985968,2.4555180704796693,3.9769027816376363,1.841138773746492,0.002674151910468936,0.0013187051517888904,0.0013187051517888904,False,False,,,0,False
v4_branch_fe47eadd8cd1ea4abff4,3,72,new_center,parent_to_0.25,0.0,0.25,g003_7e1f51f296367b7f_0009,72,0.0,g002_p000043_g001_p000037_empty,g003_p000072_g002_p000043_g001_p000037_empty,4.0,5.0,33.0,dike_hemisphere,9,133.34329063203586,15.106333902364405,13.102529656228175,8.708920988150162,3.776583475591101,3.2756324140570436,2.1772302470375404,0.0027400117833167315,0.0013845650246366858,0.0013845650246366858,False,False,,,0,False
v4_branch_342dde7f90fe4fe9a417,3,73,new_center,parent_to_0.25,0.0,0.25,g003_7e1f51f296367b7f_0009,73,0.0,g002_p000043_g001_p000037_empty,g003_p000073_g002_p000043_g001_p000037_empty,4.0,5.0,34.0,dike_hemisphere,9,58.261175260295644,14.545213559654137,10.458083693484163,12.68335482418265,3.636303389913534,2.6145209233710407,3.1708387060456626,0.0024971358943730593,0.0011416891356930137,0.0011416891356930137,False,False,,,0,False
v4_branch_1bd6775c8ac5deb2bcb6,3,74,new_center,parent_to_0.25,0.0,0.25,g003_7e1f51f296367b7f_0009,74,0.0,g002_p000043_g001_p000037_empty,g003_p000074_g002_p000043_g001_p000037_empty,4.0,5.0,35.0,ellipsoid,9,96.95314430395173,13.366276388202465,6.594469132097512,9.784445913286307,3.341569097050616,1.648617283024378,2.4461114783215767,0.0021319712977856398,0.0007765245391055942,0.0007765245391055942,False,False,,,0,False
v4_branch_c0a3ffefa5539e786309,3,75,new_center,parent_to_0.25,0.0,0.25,g003_7e1f51f296367b7f_0009,75,0.0,g002_p000043_g001_p000037_empty,g003_p000075_g002_p000043_g001_p000037_empty,4.0,5.0,36.0,dike_hemisphere,9,148.67793881992836,8.969260365091506,10.54133528486172,10.10625566973404,2.2423150912728764,2.63533382121543,2.52656391743351,0.0022279389668256044,0.0008724922081455588,0.0008724922081455588,False,False,,,0,False
v4_branch_04a48bdc5327a6a4cbe2,3,76,new_center,parent_to_0.25,0.0,0.25,g003_7e1f51f296367b7f_0009,76,0.0,g002_p000043_g001_p000037_empty,g003_p000076_g002_p000043_g001_p000037_empty,4.0,5.0,37.0,dike_hemisphere,9,155.21405045590706,7.704733140712488,11.178421607507792,11.803165176349506,1.926183285178122,2.794605401876948,2.9507912940873764,0.001921389251947403,0.0005659424932673573,0.0005659424932673573,False,False,,,0,False
v4_branch_6357467889ecda2944ef,3,77,new_center,parent_to_0.25,0.0,0.25,g003_7e1f51f296367b7f_0009,77,0.0,g002_p000043_g001_p000037_empty,g003_p000077_g002_p000043_g001_p000037_empty,4.0,5.0,38.0,dike_hemisphere,9,77.6442745370509,10.21850501455932,7.372981535066371,6.408599571777043,2.55462625363983,1.8432453837665927,1.6021498929442608,0.00224177329801023,0.0008863265393301845,0.0008863265393301845,False,False,,,0,False
v4_branch_b0c31cd730709f242450,3,78,new_center,parent_to_0.25,0.0,0.25,g003_7e1f51f296367b7f_0009,78,0.0,g002_p000043_g001_p000037_empty,g003_p000078_g002_p000043_g001_p000037_empty,4.0,5.0,39.0,dike_hemisphere,9,79.78529099112713,12.60884624573643,9.165776511784248,9.464749776544695,3.1522115614341075,2.291444127946062,2.3661874441361737,0.0024119033478200436,0.001056456589139998,0.001056456589139998,False,False,,,0,False
v4_branch_ab433cadc3c9b159c9df,3,79,new_center,parent_to_0.25,0.0,0.25,g003_7e1f51f296367b7f_0009,79,0.0,g002_p000043_g001_p000037_empty,g003_p000079_g002_p000043_g001_p000037_empty,4.0,5.0,40.0,ellipsoid,9,178.5462072824135,6.805322164255735,12.687514171913502,8.853782785958972,1.7013305410639337,3.1718785429783756,2.213445696489743,0.0021319712977856398,0.0007765245391055942,0.0007765245391055942,False,False,,,0,False
v4_branch_0b6042ea8919156c430a,3,80,new_center,parent_to_0.25,0.0,0.25,g003_7e1f51f296367b7f_0009,80,0.0,g002_p000043_g001_p000037_empty,g003_p000080_g002_p000043_g001_p000037_empty,4.0,5.0,41.0,ellipsoid,9,164.9695345432863,10.337137255284663,11.632423673115238,13.682019703982778,2.5842843138211657,2.9081059182788094,3.4205049259956946,0.002179417060688138,0.0008239703020080924,0.0008239703020080924,False,False,,,0,False
v4_branch_220278ded1c2648e38b7,3,81,new_center,parent_to_0.25,0.0,0.25,g003_7e1f51f296367b7f_0009,81,0.0,g002_p000043_g001_p000037_empty,g003_p000081_g002_p000043_g001_p000037_empty,4.0,5.0,42.0,dike_hemisphere,9,84.37179432381814,15.750678746992806,12.895491264596863,7.625167345204932,3.9376696867482015,3.223872816149216,1.906291836301233,0.0033767104614526033,0.0020212637027725577,0.0020212637027725577,False,False,,,0,False
v4_branch_11ee915781ed35499b0a,3,82,new_center,parent_to_0.25,0.0,0.25,g003_7e1f51f296367b7f_0009,82,0.0,g002_p000043_g001_p000037_empty,g003_p000082_g002_p000043_g001_p000037_empty,4.0,5.0,43.0,dike_hemisphere,9,152.6633562837715,14.983691951318718,12.8408330654137,10.432137565362982,3.7459229878296796,3.210208266353425,2.6080343913407456,0.00289157941006124,0.0015361326513811946,0.0015361326513811946,False,False,,,0,False
v4_branch_7164ff6dfb1455adedad,3,83,new_center,parent_to_0.25,0.0,0.25,g003_7e1f51f296367b7f_0009,83,0.0,g002_p000043_g001_p000037_empty,g003_p000083_g002_p000043_g001_p000037_empty,4.0,5.0,44.0,dike_hemisphere,9,145.75259080936792,14.240849595874591,9.834901085153168,7.624142365951224,3.560212398968648,2.458725271288292,1.906035591487806,0.003045751480385661,0.0016903047217056155,0.0016903047217056155,False,False,,,0,False
v4_branch_c24a3e45b1753f52385d,3,84,new_center,parent_to_0.25,0.0,0.25,g003_7e1f51f296367b7f_0009,84,0.0,g002_p000049_g001_p000040_empty,g003_p000084_g002_p000049_g001_p000040_empty,4.0,5.0,45.0,ellipsoid,9,132.51960071830106,9.115244445677536,10.752382202640682,7.2869849603671675,2.278811111419384,2.6880955506601705,1.8217462400917919,0.0026741481851786375,0.001318701426498592,0.001318701426498592,False,False,,,0,False
v4_branch_a50dbfe50fa5f0da670a,3,85,new_center,parent_to_0.25,0.0,0.25,g003_7e1f51f296367b7f_0009,85,0.0,g002_p000049_g001_p000040_empty,g003_p000085_g002_p000049_g001_p000040_empty,4.0,5.0,46.0,dike_hemisphere,9,47.394239495204744,9.505826570266743,6.828053534715285,6.830074833266798,2.3764566425666858,1.7070133836788213,1.7075187083166996,0.0017029393929988146,0.000347492634318769,0.000347492634318769,False,False,,,0,False
v4_branch_e67debce232bf322ff5f,3,86,new_center,parent_to_0.25,0.0,0.25,g003_7e1f51f296367b7f_0009,86,0.0,g002_p000049_g001_p000040_empty,g003_p000086_g002_p000049_g001_p000040_empty,4.0,5.0,47.0,dike_hemisphere,9,21.2351660057645,14.512166788349163,12.867664496661401,6.612348500910831,3.6280416970872906,3.2169161241653503,1.6530871252277077,0.003376704640686512,0.0020212578820064664,0.0020212578820064664,False,False,,,0,False
v4_branch_10213cf1e4397869aae3,3,87,new_center,parent_to_0.25,0.0,0.25,g003_7e1f51f296367b7f_0009,87,0.0,g002_p000049_g001_p000040_empty,g003_p000087_g002_p000049_g001_p000040_empty,4.0,5.0,48.0,ellipsoid,9,20.279604799491548,9.517892629867545,14.615885482888801,6.160407936708712,2.379473157466886,3.6539713707222004,1.540101984177178,0.003045751480385661,0.0016903047217056155,0.0016903047217056155,False,False,,,0,False
v4_branch_d174ccc028b50f61a1db,3,88,new_center,parent_to_0.25,0.0,0.25,g003_7e1f51f296367b7f_0009,88,0.0,g002_p000049_g001_p000040_empty,g003_p000088_g002_p000049_g001_p000040_empty,4.0,5.0,49.0,dike_hemisphere,9,2.5765760573877405,11.990935447163015,12.25282597056955,13.933164200087578,2.9977338617907536,3.0632064926423874,3.4832910500218945,0.003035585395991802,0.0016801386373117566,0.0016801386373117566,False,False,,,0,False
v4_branch_ea4dc5fd7761865097a7,3,89,new_center,parent_to_0.25,0.0,0.25,g003_7e1f51f296367b7f_0009,89,0.0,g002_p000049_g001_p000040_empty,g003_p000089_g002_p000049_g001_p000040_empty,4.0,5.0,50.0,ellipsoid,9,14.136194586199636,10.150919388300155,14.876121308142528,12.381762081675756,2.5377298470750387,3.719030327035632,3.095440520418939,0.00279926392249763,0.0014438171638175845,0.0014438171638175845,False,False,,,0,False
v4_branch_4ad86eadb3e367adc33d,3,90,new_center,parent_to_0.25,0.0,0.25,g003_7e1f51f296367b7f_0009,90,0.0,g002_p000049_g001_p000040_empty,g003_p000090_g002_p000049_g001_p000040_empty,4.0,6.0,6.0,dike_hemisphere,9,30.288740810238753,8.970482727002775,10.766096414770693,10.936696166498118,2.2426206817506937,2.6915241036926734,2.7341740416245295,0.002227939898148179,0.0008724931394681334,0.0008724931394681334,False,False,,,0,False
v4_branch_8eeb1f34d6fb43a3db31,3,91,new_center,parent_to_0.25,0.0,0.25,g003_7e1f51f296367b7f_0009,91,0.0,g002_p000049_g001_p000040_empty,g003_p000091_g002_p000049_g001_p000040_empty,4.0,6.0,7.0,dike_hemisphere,9,92.0167687982142,9.795722674382676,6.951445822956511,8.619894639188093,2.448930668595669,1.7378614557391276,2.1549736597970233,0.0019213897176086903,0.0005659429589286447,0.0005659429589286447,False,False,,,0,False
v4_branch_b4802b84640b06512d3b,3,92,new_center,parent_to_0.25,0.0,0.25,g003_7e1f51f296367b7f_0009,92,0.0,g002_p000049_g001_p000040_empty,g003_p000092_g002_p000049_g001_p000040_empty,4.0,6.0,8.0,ellipsoid,9,32.86474251170841,6.979452175022063,11.833471652150335,9.447470952076017,1.7448630437555157,2.9583679130375837,2.3618677380190043,0.002582797547802329,0.0012273507891222835,0.0012273507891222835,False,False,,,0,False
v4_branch_352573b5f2581e9f556a,3,93,new_center,parent_to_0.25,0.0,0.25,g003_7e1f51f296367b7f_0009,93,0.0,g002_p000049_g001_p000040_empty,g003_p000093_g002_p000049_g001_p000040_empty,4.0,6.0,9.0,dike_hemisphere,9,104.35551452814869,13.270546677443814,10.276521248095355,9.497775439697,3.3176366693609536,2.5691303120238387,2.37444385992425,0.0026625660248100758,0.0013071192661300302,0.0013071192661300302,False,False,,,0,False
v4_branch_8075e2a27cf3e076013b,3,94,new_center,parent_to_0.25,0.0,0.25,g003_7e1f51f296367b7f_0009,94,0.0,g002_p000049_g001_p000040_empty,g003_p000094_g002_p000049_g001_p000040_empty,4.0,6.0,10.0,ellipsoid,9,79.07063745979107,6.6576931853537795,12.437386357602756,7.684368846790458,1.6644232963384449,3.109346589400689,1.9210922116976146,0.0022417735308408737,0.0008863267721608281,0.0008863267721608281,False,False,,,0,False
v4_branch_762226803223bcc9277f,3,95,new_center,parent_to_0.25,0.0,0.25,g003_7e1f51f296367b7f_0009,95,0.0,g002_p000049_g001_p000040_empty,g003_p000095_g002_p000049_g001_p000040_empty,4.0,6.0,11.0,ellipsoid,9,31.79454775729332,12.46767418574265,7.535653541076113,7.728312662920909,3.1169185464356626,1.8839133852690282,1.9320781657302273,0.003045756136998534,0.0016903093783184886,0.0016903093783184886,False,False,,,0,False
v4_branch_8e1e12c2a3923b770134,4,0,new_center,parent_to_0.25,0.0,0.25,g004_19afded7edc17966_0010,0,9.043245654538623e-07,g003_p000034_g002_p000013_g001_p000081_empty,g004_p000000_g003_p000034_g002_p000013_g001_p000081_empty,4.0,4.0,37.0,ellipsoid,9,136.21471204095224,9.678130482700848,8.818449765148113,8.697859875841257,2.419532620675212,2.2046124412870283,2.174464968960314,0.0025816969573497772,0.0010261390125378966,0.0012262501986697316,False,False,,,0,False
v4_branch_19dc6af54434ac93e351,4,6,new_center,parent_to_0.25,0.0,0.25,g004_19afded7edc17966_0010,1,9.043245654538623e-07,g003_p000034_g002_p000013_g001_p000081_empty,g004_p000006_g003_p000034_g002_p000013_g001_p000081_empty,4.0,5.0,38.0,ellipsoid,9,115.15571559826405,9.628782127331899,7.658628955971987,9.964374399521862,2.4071955318329747,1.9146572389929968,2.4910935998804655,0.0020193832460790873,0.00046382530126720667,0.0006639364873990417,False,False,,,0,False
v4_branch_ecf1ae8d4d989920baef,4,12,new_center,parent_to_0.25,0.0,0.25,g004_373b493a5f9ed861_0011,0,2.906313739003963e-06,g003_p000038_g002_p000025_g001_p000094_empty,g004_p000012_g003_p000038_g002_p000025_g001_p000094_empty,4.0,4.0,40.0,ellipsoid,9,129.34565892375085,15.46784568689943,15.92039456173424,7.2282290627860375,3.8669614217248576,3.98009864043356,1.8070572656965094,0.0035129033494740725,0.0018099639564752579,0.002157456590794027,False,False,,,0,False
v4_branch_f3ebac4f66972ae5f5ed,4,18,new_center,parent_to_0.25,0.0,0.25,g004_373b493a5f9ed861_0011,1,2.906313739003963e-06,g003_p000038_g002_p000025_g001_p000094_empty,g004_p000018_g003_p000038_g002_p000025_g001_p000094_empty,4.0,5.0,41.0,ellipsoid,9,90.90150539464292,15.885427454165029,9.187950190875613,10.338901946197407,3.9713568635412573,2.2969875477189032,2.5847254865493516,0.002962545258924365,0.0012596058659255505,0.0016070985002443194,False,False,,,0,False
v4_branch_fe7d7f3d5a1ef5874d3a,4,24,new_center,parent_to_0.25,0.0,0.25,g004_931c955f2f33bd99_0012,0,2.906313739003963e-06,g003_p000085_g002_p000049_g001_p000040_empty,g004_p000024_g003_p000085_g002_p000049_g001_p000040_empty,4.0,4.0,43.0,ellipsoid,9,51.59995500807407,8.550071090011027,14.361812067951774,10.229729480988542,2.1375177725027568,3.5904530169879436,2.5574323702471355,0.0031200444791465998,0.0014171050861477852,0.0017645977204665542,False,False,,,0,False
v4_branch_32afc520c33fa7dadb4c,4,30,new_center,parent_to_0.25,0.0,0.25,g004_931c955f2f33bd99_0012,1,2.906313739003963e-06,g003_p000085_g002_p000049_g001_p000040_empty,g004_p000030_g003_p000085_g002_p000049_g001_p000040_empty,4.0,5.0,42.0,ellipsoid,9,53.30936705790533,11.44122333537155,15.060568824336606,7.6689088104454814,2.8603058338428875,3.7651422060841515,1.9172272026113704,0.003512903116643429,0.0018099637236446142,0.002157456357963383,False,False,,,0,False
v4_branch_a459c804756e7db2dac5,4,36,new_center,parent_to_0.25,0.0,0.25,g004_f6594075f5fb8103_0013,0,2.906313739003963e-06,g003_p000005_g002_p000001_g001_p000031_empty,g004_p000036_g003_p000005_g002_p000001_g001_p000031_empty,4.0,4.0,7.0,dike_hemisphere,9,165.26325575456573,11.327570860067265,12.564179775971319,9.737526437656058,2.8318927150168163,3.1410449439928296,2.4343816094140145,0.003196258097887039,0.0014933175407350063,0.0018408113392069936,False,False,,,0,False
v4_branch_f97e5f58aff695bd186a,4,42,new_center,parent_to_0.25,0.0,0.25,g004_f6594075f5fb8103_0013,1,2.906313739003963e-06,g003_p000005_g002_p000001_g001_p000031_empty,g004_p000042_g003_p000005_g002_p000001_g001_p000031_empty,4.0,5.0,8.0,dike_hemisphere,9,50.625040958008185,10.342083466406917,14.82147301005549,9.851193269351565,2.5855208666017293,3.7053682525138725,2.4627983173378913,0.0026920645032078028,0.00098912394605577,0.0013366177445277572,False,False,,,0,False
v4_branch_a245d06d73daece4322b,4,48,new_center,parent_to_0.25,0.0,0.25,g004_e3e7d7016b5b952b_0014,0,2.906313739003963e-06,g003_p000026_g002_p000013_g001_p000081_empty,g004_p000048_g003_p000026_g002_p000013_g001_p000081_empty,4.0,4.0,28.0,ellipsoid,9,152.16379144354087,10.045206823730712,12.73967215125696,7.206603481890173,2.511301705932678,3.18491803781424,1.8016508704725434,0.0031960851047188044,0.0014931444311514497,0.0018406383460387588,False,False,,,0,False
v4_branch_f54c26ebfd2b2313b7fb,4,54,new_center,parent_to_0.25,0.0,0.25,g004_e3e7d7016b5b952b_0014,1,2.906313739003963e-06,g003_p000026_g002_p000013_g001_p000081_empty,g004_p000054_g003_p000026_g002_p000013_g001_p000081_empty,4.0,5.0,29.0,ellipsoid,9,52.528204956576985,14.868793656099088,8.71663765329826,12.448916676373539,3.717198414024772,2.179159413324565,3.1122291690933848,0.0029625482857227325,0.0012596076121553779,0.001607101527042687,False,False,,,0,False
v4_branch_dcffa1e974afe64081cb,4,60,new_center,parent_to_0.25,0.0,0.25,g004_65dbc3bc6171f68c_0015,0,2.71332282864023e-06,g003_p000017_g002_p000007_g001_p000031_empty,g004_p000060_g003_p000017_g002_p000007_g001_p000031_empty,4.0,6.0,21.0,ellipsoid,9,105.84138905154958,12.657020466221708,14.595830999874924,12.598286360586574,3.164255116555427,3.648957749968731,3.1495715901466435,0.0031885700300335884,0.001295206369832158,0.0018331232713535428,False,False,,,0,False
v4_branch_6c515623690041f17495,4,66,new_center,parent_to_0.25,0.0,0.25,g004_65dbc3bc6171f68c_0015,1,2.71332282864023e-06,g003_p000017_g002_p000007_g001_p000031_empty,g004_p000066_g003_p000017_g002_p000007_g001_p000031_empty,5.0,4.0,21.0,ellipsoid,9,106.34121436103374,11.552199315696418,7.569094693451048,6.465252479339453,2.8880498289241046,1.892273673362762,1.6163131198348633,0.0026025252882391214,0.0007091616280376911,0.0012470785295590758,False,False,,,0,False
v4_branch_3bf3e21655be93d74356,4,72,new_center,parent_to_0.25,0.0,0.25,g004_3412879360180ce3_0016,0,3.4091326597263105e-06,g003_p000031_g002_p000013_g001_p000081_empty,g004_p000072_g003_p000031_g002_p000013_g001_p000081_empty,4.0,4.0,34.0,ellipsoid,9,144.21469353543364,7.145675794253421,10.46763916292492,11.212169578818013,1.7864189485633553,2.61690979073123,2.8030423947045033,0.002291278913617134,0.00036988966166973114,0.0009358321549370885,False,False,,,0,False
v4_branch_68b67757370dbb1b1375,4,78,new_center,parent_to_0.25,0.0,0.25,g004_3412879360180ce3_0016,1,3.2576763260294683e-06,g003_p000031_g002_p000013_g001_p000081_empty,g004_p000078_g003_p000031_g002_p000013_g001_p000081_empty,4.0,6.0,34.0,dike_hemisphere,9,172.94724807963317,15.305260752105388,12.413287054098966,7.940339853015651,3.826315188026347,3.1033217635247414,1.9850849632539127,0.003602201584726572,0.001680812332779169,0.0022467548260465264,False,False,,,0,False
v4_branch_38b5d5d1fbd2b96497e9,4,84,new_center,parent_to_0.25,0.0,0.25,g004_8f2e8142fcb9240f_0017,0,3.4091326597263105e-06,g003_p000035_g002_p000013_g001_p000081_empty,g004_p000084_g003_p000035_g002_p000013_g001_p000081_empty,4.0,4.0,38.0,ellipsoid,9,24.06697617896163,12.666780655602038,14.150361665564466,12.526284887575272,3.1666951639005094,3.5375904163911165,3.131571221893818,0.002999535296112299,0.001078146044164896,0.0016440885374322534,False,False,,,0,False
v4_branch_185b776a561261c8431f,4,90,new_center,parent_to_0.25,0.0,0.25,g004_8f2e8142fcb9240f_0017,1,3.2576763260294683e-06,g003_p000035_g002_p000013_g001_p000081_empty,g004_p000090_g003_p000035_g002_p000013_g001_p000081_empty,4.0,5.0,38.0,ellipsoid,9,53.00771630437891,13.264292575061354,15.851601242683728,12.312253057835235,3.3160731437653386,3.962900310670932,3.078063264458809,0.002896707272157073,0.0009753180202096701,0.0015412605134770274,False,False,,,0,False
v4_branch_cc955463a84a4ea6ce44,5,0,new_center,parent_to_0.25,0.0,0.25,g005_6ec2740af19fbd94_0018,0,0.0,g004_p000001_g003_p000034_g002_p000013_g001_p000081_empty,g005_p000000_g004_p000001_g003_p000034_g002_p000013_g001_p000081_empty,4.0,4.0,6.0,dike_hemisphere,9,126.21354810579899,8.512559284017154,8.107384253252057,9.302374028270854,2.1281398210042886,2.0268460633130143,2.3255935070677136,0.002582797547802329,0.0012273507891222835,0.0012273507891222835,False,False,,,0,False
v4_branch_76efe105c3ae843d0722,5,1,new_center,parent_to_0.25,0.0,0.25,g005_6ec2740af19fbd94_0018,1,0.0,g004_p000001_g003_p000034_g002_p000013_g001_p000081_empty,g005_p000001_g004_p000001_g003_p000034_g002_p000013_g001_p000081_empty,4.0,4.0,7.0,dike_hemisphere,9,121.73601602092272,6.938692568682773,15.493369833550604,6.390276701041848,1.7346731421706933,3.873342458387651,1.597569175260462,0.002674151910468936,0.0013187051517888904,0.0013187051517888904,False,False,,,0,False
v4_branch_6adca5760c96a7319f21,5,2,new_center,parent_to_0.25,0.0,0.25,g005_6ec2740af19fbd94_0018,2,0.0,g004_p000001_g003_p000034_g002_p000013_g001_p000081_empty,g005_p000002_g004_p000001_g003_p000034_g002_p000013_g001_p000081_empty,4.0,4.0,8.0,ellipsoid,9,158.2995819500044,9.237085258648218,12.59670139049406,11.835840917008731,2.3092713146620545,3.149175347623515,2.958960229252183,0.0027992664836347103,0.0014438197249546647,0.0014438197249546647,False,False,,,0,False
v4_branch_d869aaa60d240068d042,5,3,new_center,parent_to_0.25,0.0,0.25,g005_6ec2740af19fbd94_0018,3,0.0,g004_p000001_g003_p000034_g002_p000013_g001_p000081_empty,g005_p000003_g004_p000001_g003_p000034_g002_p000013_g001_p000081_empty,4.0,4.0,9.0,dike_hemisphere,9,108.6060780002393,15.627993893243252,7.538457493252285,11.304747984709035,3.906998473310813,1.8846143733130714,2.8261869961772588,0.002411903813481331,0.0010564570548012853,0.0010564570548012853,False,False,,,0,False
v4_branch_4e0f9b44a250ae901e68,5,4,new_center,parent_to_0.25,0.0,0.25,g005_6ec2740af19fbd94_0018,4,0.0,g004_p000001_g003_p000034_g002_p000013_g001_p000081_empty,g005_p000004_g004_p000001_g003_p000034_g002_p000013_g001_p000081_empty,4.0,4.0,10.0,dike_hemisphere,9,46.64308284749206,12.696628750291673,10.942543081592248,12.625428854150114,3.174157187572918,2.735635770398062,3.1563572135375284,0.0026625660248100758,0.0013071192661300302,0.0013071192661300302,False,False,,,0,False
v4_branch_92c5ff17d01a10b05dec,5,5,new_center,parent_to_0.25,0.0,0.25,g005_6ec2740af19fbd94_0018,5,0.0,g004_p000001_g003_p000034_g002_p000013_g001_p000081_empty,g005_p000005_g004_p000001_g003_p000034_g002_p000013_g001_p000081_empty,4.0,4.0,11.0,dike_hemisphere,9,78.09296181811126,15.079830521399163,13.518253981118722,7.908993028849174,3.769957630349791,3.3795634952796805,1.9772482572122936,0.003376709995791316,0.0020212632371112704,0.0020212632371112704,False,False,,,0,False
v4_branch_bbd2609625fd347fb97b,5,6,new_center,parent_to_0.25,0.0,0.25,g005_6ec2740af19fbd94_0018,6,0.0,g004_p000001_g003_p000034_g002_p000013_g001_p000081_empty,g005_p000006_g004_p000001_g003_p000034_g002_p000013_g001_p000081_empty,4.0,4.0,12.0,dike_hemisphere,9,20.607080687082963,13.6093736307568,8.872570480719844,12.211998953886026,3.4023434076892,2.218142620179961,3.0529997384715064,0.0028183008544147015,0.0014628540957346559,0.0014628540957346559,False,False,,,0,False
v4_branch_a47be3d11db264276033,5,7,new_center,parent_to_0.25,0.0,0.25,g005_6ec2740af19fbd94_0018,7,0.0,g004_p000001_g003_p000034_g002_p000013_g001_p000081_empty,g005_p000007_g004_p000001_g003_p000034_g002_p000013_g001_p000081_empty,4.0,4.0,13.0,ellipsoid,9,161.70261186760828,6.922107021413828,14.398702900253364,6.584251579976127,1.730526755353457,3.599675725063341,1.6460628949940317,0.00224177329801023,0.0008863265393301845,0.0008863265393301845,False,False,,,0,False
v4_branch_cda0585081f895ff728c,5,8,new_center,parent_to_0.25,0.0,0.25,g005_6ec2740af19fbd94_0018,8,0.0,g004_p000001_g003_p000034_g002_p000013_g001_p000081_empty,g005_p000008_g004_p000001_g003_p000034_g002_p000013_g001_p000081_empty,4.0,4.0,14.0,dike_hemisphere,9,72.9211812390202,9.772774237527205,15.282893831080637,8.075482786888355,2.4431935593818013,3.820723457770159,2.0188706967220886,0.0024971370585262775,0.001141690299846232,0.001141690299846232,False,False,,,0,False
v4_branch_6d543ffba63cdedc7b66,5,9,new_center,parent_to_0.25,0.0,0.25,g005_6ec2740af19fbd94_0018,9,0.0,g004_p000001_g003_p000034_g002_p000013_g001_p000081_empty,g005_p000009_g004_p000001_g003_p000034_g002_p000013_g001_p000081_empty,4.0,4.0,15.0,ellipsoid,9,43.588204106111036,13.490631230108992,14.271892788309085,13.83807216620475,3.372657807527248,3.5679731970772712,3.4595180415511875,0.0028355750255286694,0.0014801282668486238,0.0014801282668486238,False,False,,,0,False
v4_branch_fc97985b0c7fd64e7b2b,5,10,new_center,parent_to_0.25,0.0,0.25,g005_6ec2740af19fbd94_0018,10,0.0,g004_p000001_g003_p000034_g002_p000013_g001_p000081_empty,g005_p000010_g004_p000001_g003_p000034_g002_p000013_g001_p000081_empty,4.0,4.0,16.0,dike_hemisphere,9,15.287437528940886,7.702017379625945,6.820779719677267,8.131118672100833,1.9255043449064861,1.7051949299193168,2.032779668025208,0.001555559691041708,0.0002001129323616624,0.0002001129323616624,False,False,,,0,False
v4_branch_c727231f9796d6ef29f0,5,11,new_center,parent_to_0.25,0.0,0.25,g005_6ec2740af19fbd94_0018,11,0.0,g004_p000001_g003_p000034_g002_p000013_g001_p000081_empty,g005_p000011_g004_p000001_g003_p000034_g002_p000013_g001_p000081_empty,4.0,4.0,17.0,dike_hemisphere,9,72.67746081180046,6.030305955334663,13.994932684075902,11.748566596905842,1.5075764888336658,3.4987331710189755,2.9371416492264606,0.0019213896011933684,0.0005659428425133228,0.0005659428425133228,False,False,,,0,False
v4_branch_2bd809587fd3eea71c57,5,12,new_center,parent_to_0.25,0.0,0.25,g005_6ec2740af19fbd94_0018,12,0.0,g004_p000007_g003_p000034_g002_p000013_g001_p000081_empty,g005_p000012_g004_p000007_g003_p000034_g002_p000013_g001_p000081_empty,4.0,4.0,18.0,ellipsoid,9,41.14799870244658,6.454876482577905,15.607981361647337,10.212409055972678,1.6137191206444763,3.901995340411834,2.5531022639931695,0.0029658698476850986,0.001610423089005053,0.001610423089005053,False,False,,,0,False
v4_branch_5e4e9131eee504a9f4ee,5,13,new_center,parent_to_0.25,0.0,0.25,g005_6ec2740af19fbd94_0018,13,0.0,g004_p000007_g003_p000034_g002_p000013_g001_p000081_empty,g005_p000013_g004_p000007_g003_p000034_g002_p000013_g001_p000081_empty,4.0,4.0,19.0,dike_hemisphere,9,148.15866245142138,12.427989675817628,6.4358631669444915,7.345214202172605,3.106997418954407,1.6089657917361229,1.8363035505431513,0.00224177329801023,0.0008863265393301845,0.0008863265393301845,False,False,,,0,False
v4_branch_6649174ae04a8ddaf2d5,5,14,new_center,parent_to_0.25,0.0,0.25,g005_6ec2740af19fbd94_0018,14,0.0,g004_p000007_g003_p000034_g002_p000013_g001_p000081_empty,g005_p000014_g004_p000007_g003_p000034_g002_p000013_g001_p000081_empty,4.0,4.0,20.0,dike_hemisphere,9,120.38519276331137,14.187785233604227,9.450179969730911,6.291722628674553,3.546946308401057,2.3625449924327278,1.5729306571686383,0.003045756136998534,0.0016903093783184886,0.0016903093783184886,False,False,,,0,False
v4_branch_8f1c9e6ac26bc33eae1a,5,15,new_center,parent_to_0.25,0.0,0.25,g005_6ec2740af19fbd94_0018,15,0.0,g004_p000007_g003_p000034_g002_p000013_g001_p000081_empty,g005_p000015_g004_p000007_g003_p000034_g002_p000013_g001_p000081_empty,4.0,4.0,21.0,ellipsoid,9,122.6736389427089,14.632468528405633,6.433175203604157,13.635513623536664,3.6581171321014083,1.6082938009010392,3.408878405884166,0.002582797547802329,0.0012273507891222835,0.0012273507891222835,False,False,,,0,False
v4_branch_bccb6406a7aaf7b3827d,5,16,new_center,parent_to_0.25,0.0,0.25,g005_6ec2740af19fbd94_0018,16,0.0,g004_p000007_g003_p000034_g002_p000013_g001_p000081_empty,g005_p000016_g004_p000007_g003_p000034_g002_p000013_g001_p000081_empty,4.0,4.0,22.0,dike_hemisphere,9,153.06438281579668,12.700064860995301,10.693987547199217,7.038269977535036,3.1750162152488253,2.6734968867998044,1.759567494383759,0.002674151910468936,0.0013187051517888904,0.0013187051517888904,False,False,,,0,False
v4_branch_8cd63508413c073dbc1d,5,17,new_center,parent_to_0.25,0.0,0.25,g005_6ec2740af19fbd94_0018,17,0.0,g004_p000007_g003_p000034_g002_p000013_g001_p000081_empty,g005_p000017_g004_p000007_g003_p000034_g002_p000013_g001_p000081_empty,4.0,4.0,23.0,dike_hemisphere,9,51.41539019395872,12.297240062176401,12.981538854733184,9.014216407194505,3.0743100155441003,3.245384713683296,2.2535541017986263,0.003035589586943388,0.0016801428282633424,0.0016801428282633424,False,False,,,0,False
v4_branch_477251ea165f1ef435cd,5,18,new_center,parent_to_0.25,0.0,0.25,g005_6ec2740af19fbd94_0018,18,0.0,g004_p000007_g003_p000034_g002_p000013_g001_p000081_empty,g005_p000018_g004_p000007_g003_p000034_g002_p000013_g001_p000081_empty,4.0,4.0,24.0,ellipsoid,9,110.68391478062108,11.902544214376812,13.384585935786744,6.278292415567887,2.975636053594203,3.346146483946686,1.5695731038919718,0.0033767102286219597,0.002021263469941914,0.002021263469941914,False,False,,,0,False
v4_branch_bbd89d6d549c03d88d0a,5,19,new_center,parent_to_0.25,0.0,0.25,g005_6ec2740af19fbd94_0018,19,0.0,g004_p000007_g003_p000034_g002_p000013_g001_p000081_empty,g005_p000019_g004_p000007_g003_p000034_g002_p000013_g001_p000081_empty,4.0,4.0,25.0,dike_hemisphere,9,150.98284135850326,11.741689824370704,8.739409466617419,6.767030930484276,2.935422456092676,2.1848523666543547,1.691757732621069,0.0022417735308408737,0.0008863267721608281,0.0008863267721608281,False,False,,,0,False
v4_branch_a8bfbb2cd03c56ffa731,5,20,new_center,parent_to_0.25,0.0,0.25,g005_6ec2740af19fbd94_0018,20,0.0,g004_p000007_g003_p000034_g002_p000013_g001_p000081_empty,g005_p000020_g004_p000007_g003_p000034_g002_p000013_g001_p000081_empty,4.0,4.0,26.0,ellipsoid,9,122.68104638560219,7.960948963048951,14.965071052316437,6.934307913019382,1.9902372407622377,3.7412677630791094,1.7335769782548456,0.003045756136998534,0.0016903093783184886,0.0016903093783184886,False,False,,,0,False
v4_branch_5223dc908b2bd71400b7,5,21,new_center,parent_to_0.25,0.0,0.25,g005_6ec2740af19fbd94_0018,21,0.0,g004_p000007_g003_p000034_g002_p000013_g001_p000081_empty,g005_p000021_g004_p000007_g003_p000034_g002_p000013_g001_p000081_empty,4.0,4.0,27.0,ellipsoid,9,80.14886718646086,10.341811294650187,8.712305129112558,8.103188841682684,2.5854528236625467,2.1780762822781394,2.025797210420671,0.0025827984791249037,0.001227351720444858,0.001227351720444858,False,False,,,0,False
v4_branch_50216a98836f0a5dd9d3,5,22,new_center,parent_to_0.25,0.0,0.25,g005_6ec2740af19fbd94_0018,22,0.0,g004_p000007_g003_p000034_g002_p000013_g001_p000081_empty,g005_p000022_g004_p000007_g003_p000034_g002_p000013_g001_p000081_empty,4.0,4.0,28.0,ellipsoid,9,34.48627515343023,10.761195925959996,10.648378684322248,12.254183300467933,2.690298981489999,2.662094671080562,3.063545825116983,0.0021794233471155167,0.0008239765884354711,0.0008239765884354711,False,False,,,0,False
v4_branch_e289b1a8d1ea718a428e,5,23,new_center,parent_to_0.25,0.0,0.25,g005_6ec2740af19fbd94_0018,23,0.0,g004_p000007_g003_p000034_g002_p000013_g001_p000081_empty,g005_p000023_g004_p000007_g003_p000034_g002_p000013_g001_p000081_empty,4.0,4.0,29.0,dike_hemisphere,9,150.84922166806334,6.736245095503676,10.942439734987477,12.254114223587093,1.684061273875919,2.7356099337468693,3.0635285558967733,0.0019213911145925522,0.0005659443559125066,0.0005659443559125066,False,False,,,0,False
v4_branch_d7b52aa1f6c9cf07559d,5,24,new_center,parent_to_0.25,0.0,0.25,g005_6ec2740af19fbd94_0018,24,0.0,g004_p000013_g003_p000038_g002_p000025_g001_p000094_empty,g005_p000024_g004_p000013_g003_p000038_g002_p000025_g001_p000094_empty,4.0,4.0,30.0,dike_hemisphere,9,8.245604585857635,9.316668937187583,10.761772821253864,7.336767317551197,2.3291672342968956,2.690443205313466,1.8341918293877992,0.0026741521432995796,0.001318705384619534,0.001318705384619534,False,False,,,0,False
v4_branch_7af83945d790d4f11614,5,25,new_center,parent_to_0.25,0.0,0.25,g005_6ec2740af19fbd94_0018,25,0.0,g004_p000013_g003_p000038_g002_p000025_g001_p000094_empty,g005_p000025_g004_p000013_g003_p000038_g002_p000025_g001_p000094_empty,4.0,4.0,31.0,ellipsoid,9,114.12883534497651,12.065436481972428,12.173012516767113,6.792882563133906,3.016359120493107,3.043253129191778,1.6982206407834766,0.003376709995791316,0.0020212632371112704,0.0020212632371112704,False,False,,,0,False
v4_branch_5251e3566deaf65ac720,5,26,new_center,parent_to_0.25,0.0,0.25,g005_6ec2740af19fbd94_0018,26,0.0,g004_p000013_g003_p000038_g002_p000025_g001_p000094_empty,g005_p000026_g004_p000013_g003_p000038_g002_p000025_g001_p000094_empty,4.0,4.0,32.0,ellipsoid,9,148.6741300641709,12.961118649667311,14.753553268732473,9.46168462842316,3.2402796624168277,3.688388317183118,2.36542115710579,0.003304834011942148,0.0019493872532621026,0.0019493872532621026,False,False,,,0,False
v4_branch_b1b71f58155c8c66ff54,5,27,new_center,parent_to_0.25,0.0,0.25,g005_6ec2740af19fbd94_0018,27,0.0,g004_p000013_g003_p000038_g002_p000025_g001_p000094_empty,g005_p000027_g004_p000013_g003_p000038_g002_p000025_g001_p000094_empty,4.0,4.0,33.0,dike_hemisphere,9,68.46542270694869,11.619849612339953,12.833521501461203,7.460118965794772,2.9049624030849883,3.2083803753653006,1.865029741448693,0.002674151910468936,0.0013187051517888904,0.0013187051517888904,False,False,,,0,False
v4_branch_438c8b1c144bcf81a60b,5,28,new_center,parent_to_0.25,0.0,0.25,g005_6ec2740af19fbd94_0018,28,0.0,g004_p000013_g003_p000038_g002_p000025_g001_p000094_empty,g005_p000028_g004_p000013_g003_p000038_g002_p000025_g001_p000094_empty,4.0,4.0,34.0,dike_hemisphere,9,110.37861638193866,7.125362520354317,7.216300654613853,9.794125528825841,1.7813406300885792,1.8040751636534633,2.4485313822064603,0.0015555579448118806,0.00020011118613183498,0.00020011118613183498,False,False,,,0,False
v4_branch_1b91a033612bf4f26581,5,29,new_center,parent_to_0.25,0.0,0.25,g005_6ec2740af19fbd94_0018,29,0.0,g004_p000013_g003_p000038_g002_p000025_g001_p000094_empty,g005_p000029_g004_p000013_g003_p000038_g002_p000025_g001_p000094_empty,4.0,4.0,35.0,ellipsoid,9,0.1031856372570017,12.841742275044815,14.363070638788178,10.153448658575202,3.210435568761204,3.5907676596970446,2.5383621646438006,0.0031561737414449453,0.0018007269827648997,0.0018007269827648997,False,False,,,0,False
v4_branch_19b32d19a6e456d76cca,5,30,new_center,parent_to_0.25,0.0,0.25,g005_6ec2740af19fbd94_0018,30,0.0,g004_p000013_g003_p000038_g002_p000025_g001_p000094_empty,g005_p000030_g004_p000013_g003_p000038_g002_p000025_g001_p000094_empty,4.0,4.0,36.0,dike_hemisphere,9,42.67408859887674,13.563703703050233,13.74648691749777,13.610571808105977,3.3909259257625584,3.4366217293744423,3.4026429520264942,0.002700705546885729,0.0013452587882056832,0.0013452587882056832,False,False,,,0,False
v4_branch_3386c4cc6004002ca3f0,5,31,new_center,parent_to_0.25,0.0,0.25,g005_6ec2740af19fbd94_0018,31,0.0,g004_p000013_g003_p000038_g002_p000025_g001_p000094_empty,g005_p000031_g004_p000013_g003_p000038_g002_p000025_g001_p000094_empty,4.0,4.0,37.0,dike_hemisphere,9,2.0346809506107544,8.409244887953792,13.579338975571325,12.608696553059957,2.102311221988448,3.3948347438928312,3.1521741382649893,0.0024119033478200436,0.001056456589139998,0.001056456589139998,False,False,,,0,False
v4_branch_38395683076daf7dd355,5,32,new_center,parent_to_0.25,0.0,0.25,g005_6ec2740af19fbd94_0018,32,0.0,g004_p000013_g003_p000038_g002_p000025_g001_p000094_empty,g005_p000032_g004_p000013_g003_p000038_g002_p000025_g001_p000094_empty,4.0,4.0,38.0,ellipsoid,9,179.85698740130516,7.40096404801429,13.385717374611929,6.170734539803964,1.8502410120035726,3.346429343652982,1.542683634950991,0.00224177329801023,0.0008863265393301845,0.0008863265393301845,False,False,,,0,False
v4_branch_0cf5f0d98471740b9f13,5,33,new_center,parent_to_0.25,0.0,0.25,g005_6ec2740af19fbd94_0018,33,0.0,g004_p000013_g003_p000038_g002_p000025_g001_p000094_empty,g005_p000033_g004_p000013_g003_p000038_g002_p000025_g001_p000094_empty,4.0,4.0,39.0,ellipsoid,9,167.32843961034243,11.833825556528351,6.427104090821379,11.622365795141633,2.958456389132088,1.6067760227053447,2.905591448785408,0.0018933593528345227,0.0005379125941544771,0.0005379125941544771,False,False,,,0,False
v4_branch_ecb2e5cf64ddbd396d1a,5,34,new_center,parent_to_0.25,0.0,0.25,g005_6ec2740af19fbd94_0018,34,0.0,g004_p000013_g003_p000038_g002_p000025_g001_p000094_empty,g005_p000034_g004_p000013_g003_p000038_g002_p000025_g001_p000094_empty,4.0,4.0,40.0,dike_hemisphere,9,134.59290685236493,6.549608188596791,13.330049016701201,9.062981554545118,1.6374020471491977,3.3325122541753003,2.2657453886362795,0.0028183008544147015,0.0014628540957346559,0.0014628540957346559,False,False,,,0,False
v4_branch_2305e0d9457344877320,5,35,new_center,parent_to_0.25,0.0,0.25,g005_6ec2740af19fbd94_0018,35,0.0,g004_p000013_g003_p000038_g002_p000025_g001_p000094_empty,g005_p000035_g004_p000013_g003_p000038_g002_p000025_g001_p000094_empty,4.0,4.0,41.0,dike_hemisphere,9,127.01443879845532,6.483976177716743,7.098942753049563,13.055419641392362,1.6209940444291857,1.7747356882623908,3.2638549103480905,0.0015555579448118806,0.00020011118613183498,0.00020011118613183498,False,False,,,0,False
v4_branch_f5fb824f47bd667ec729,5,36,new_center,parent_to_0.25,0.0,0.25,g005_6ec2740af19fbd94_0018,36,0.0,g004_p000019_g003_p000038_g002_p000025_g001_p000094_empty,g005_p000036_g004_p000019_g003_p000038_g002_p000025_g001_p000094_empty,4.0,4.0,42.0,dike_hemisphere,9,77.87960800404744,7.307521458122496,9.233278715510473,7.711386080374656,1.826880364530624,2.308319678877618,1.927846520093664,0.0017029406735673547,0.0003474939148873091,0.0003474939148873091,False,False,,,0,False
v4_branch_8316756f34de89ec667e,5,37,new_center,parent_to_0.25,0.0,0.25,g005_6ec2740af19fbd94_0018,37,0.0,g004_p000019_g003_p000038_g002_p000025_g001_p000094_empty,g005_p000037_g004_p000019_g003_p000038_g002_p000025_g001_p000094_empty,4.0,4.0,43.0,dike_hemisphere,9,48.96800617326084,9.73835680003,8.991636202504287,6.703588364791621,2.4345892000075,2.2479090506260717,1.6758970911979052,0.0026741481851786375,0.001318701426498592,0.001318701426498592,False,False,,,0,False
v4_branch_b0f093fe2a69594f8ba6,5,38,new_center,parent_to_0.25,0.0,0.25,g005_6ec2740af19fbd94_0018,38,0.0,g004_p000019_g003_p000038_g002_p000025_g001_p000094_empty,g005_p000038_g004_p000019_g003_p000038_g002_p000025_g001_p000094_empty,4.0,4.0,44.0,dike_hemisphere,9,138.1946417996564,10.378089233180894,14.531729615560355,8.687608893211685,2.5945223082952236,3.6329324038900888,2.1719022233029213,0.0024971363600343466,0.001141689601354301,0.001141689601354301,False,False,,,0,False
v4_branch_b7645c1249781839400f,5,39,new_center,parent_to_0.25,0.0,0.25,g005_6ec2740af19fbd94_0018,39,0.0,g004_p000019_g003_p000038_g002_p000025_g001_p000094_empty,g005_p000039_g004_p000019_g003_p000038_g002_p000025_g001_p000094_empty,4.0,4.0,45.0,ellipsoid,9,25.651621588992498,15.207761004116787,15.49015455796833,8.938436644421362,3.8019402510291966,3.8725386394920824,2.2346091611053405,0.003304828889667988,0.0019493821309879422,0.0019493821309879422,False,False,,,0,False
v4_branch_44ef2072ce3af452f211,5,40,new_center,parent_to_0.25,0.0,0.25,g005_6ec2740af19fbd94_0018,40,0.0,g004_p000019_g003_p000038_g002_p000025_g001_p000094_empty,g005_p000040_g004_p000019_g003_p000038_g002_p000025_g001_p000094_empty,4.0,4.0,46.0,ellipsoid,9,3.1190894010688575,6.856267602891556,9.410088483358505,7.215868334693111,1.714066900722889,2.3525221208396263,1.8039670836732777,0.00224177073687315,0.0008863239781931043,0.0008863239781931043,False,False,,,0,False
v4_branch_ffe4ce869183edef6c46,5,41,new_center,parent_to_0.25,0.0,0.25,g005_6ec2740af19fbd94_0018,41,0.0,g004_p000019_g003_p000038_g002_p000025_g001_p000094_empty,g005_p000041_g004_p000019_g003_p000038_g002_p000025_g001_p000094_empty,4.0,4.0,47.0,ellipsoid,9,27.61759464869759,8.967340704796388,11.824748072229209,7.9011245239776065,2.241835176199097,2.956187018057302,1.9752811309944016,0.0030457512475550175,0.0016903044888749719,0.0016903044888749719,False,False,,,0,False
v4_branch_25ff64a0bc37a5f22ec3,5,42,new_center,parent_to_0.25,0.0,0.25,g005_6ec2740af19fbd94_0018,42,0.0,g004_p000019_g003_p000038_g002_p000025_g001_p000094_empty,g005_p000042_g004_p000019_g003_p000038_g002_p000025_g001_p000094_empty,4.0,4.0,48.0,ellipsoid,9,23.82325412127102,8.287593804868752,6.071431007161261,8.706928097587301,2.071898451217188,1.5178577517903153,2.1767320243968253,0.001555558410473168,0.0002001116517931223,0.0002001116517931223,False,False,,,0,False
v4_branch_4658c60b204b2742807a,5,43,new_center,parent_to_0.25,0.0,0.25,g005_6ec2740af19fbd94_0018,43,0.0,g004_p000019_g003_p000038_g002_p000025_g001_p000094_empty,g005_p000043_g004_p000019_g003_p000038_g002_p000025_g001_p000094_empty,4.0,4.0,49.0,ellipsoid,9,19.60606045818031,13.924518212448437,7.7336075865967135,11.172743154302264,3.481129553112109,1.9334018966491784,2.793185788575566,0.0027992641553282738,0.0014438173966482282,0.0014438173966482282,False,False,,,0,False
v4_branch_b3380d42566e12ecc1ed,5,44,new_center,parent_to_0.25,0.0,0.25,g005_6ec2740af19fbd94_0018,44,0.0,g004_p000019_g003_p000038_g002_p000025_g001_p000094_empty,g005_p000044_g004_p000019_g003_p000038_g002_p000025_g001_p000094_empty,4.0,4.0,50.0,dike_hemisphere,9,1.7267458839584937,9.348621567326209,15.423706418256385,7.966207162900341,2.337155391831552,3.8559266045640963,1.9915517907250853,0.0026741481851786375,0.001318701426498592,0.001318701426498592,False,False,,,0,False
v4_branch_82c576e3e9c8cf2b7b23,5,45,new_center,parent_to_0.25,0.0,0.25,g005_6ec2740af19fbd94_0018,45,0.0,g004_p000019_g003_p000038_g002_p000025_g001_p000094_empty,g005_p000045_g004_p000019_g003_p000038_g002_p000025_g001_p000094_empty,4.0,5.0,6.0,ellipsoid,9,38.89337407539328,9.343819133364569,6.365189352515084,9.088273855816169,2.3359547833411423,1.591297338128771,2.2720684639540423,0.0015555579448118806,0.00020011118613183498,0.00020011118613183498,False,False,,,0,False
v4_branch_6be9a96b28d07ebb6f56,5,46,new_center,parent_to_0.25,0.0,0.25,g005_6ec2740af19fbd94_0018,46,0.0,g004_p000019_g003_p000038_g002_p000025_g001_p000094_empty,g005_p000046_g004_p000019_g003_p000038_g002_p000025_g001_p000094_empty,4.0,5.0,7.0,ellipsoid,9,143.80805078249261,14.991484910358306,12.149926198445353,11.884360470001553,3.7478712275895765,3.0374815496113383,2.9710901175003883,0.003000156953930855,0.0016447101952508092,0.0016447101952508092,False,False,,,0,False
v4_branch_4cd01b955e1e5ade0b17,5,47,new_center,parent_to_0.25,0.0,0.25,g005_6ec2740af19fbd94_0018,47,0.0,g004_p000019_g003_p000038_g002_p000025_g001_p000094_empty,g005_p000047_g004_p000019_g003_p000038_g002_p000025_g001_p000094_empty,4.0,5.0,8.0,ellipsoid,9,65.87900111864833,10.274019444814781,10.263437352524328,11.86979841478244,2.5685048612036954,2.565859338131082,2.96744960369561,0.002582797547802329,0.0012273507891222835,0.0012273507891222835,False,False,,,0,False
v4_branch_8e278af777801bb08a74,5,48,new_center,parent_to_0.25,0.0,0.25,g005_6ec2740af19fbd94_0018,48,0.0,g004_p000025_g003_p000085_g002_p000049_g001_p000040_empty,g005_p000048_g004_p000025_g003_p000085_g002_p000049_g001_p000040_empty,4.0,5.0,9.0,dike_hemisphere,9,175.31103021597318,11.79840886744897,8.060690527238162,10.874141225366241,2.9496022168622424,2.0151726318095404,2.7185353063415603,0.002411903813481331,0.0010564570548012853,0.0010564570548012853,False,False,,,0,False
v4_branch_b7d64ff293a5db28e2fa,5,49,new_center,parent_to_0.25,0.0,0.25,g005_6ec2740af19fbd94_0018,49,0.0,g004_p000025_g003_p000085_g002_p000049_g001_p000040_empty,g005_p000049_g004_p000025_g003_p000085_g002_p000049_g001_p000040_empty,4.0,5.0,10.0,ellipsoid,9,96.47790321249458,10.427351626124931,10.299661502938633,11.200402299085122,2.606837906531233,2.5749153757346583,2.8001005747712804,0.002582797547802329,0.0012273507891222835,0.0012273507891222835,False,False,,,0,False
v4_branch_9af2c14b6816b7b0d73b,5,50,new_center,parent_to_0.25,0.0,0.25,g005_6ec2740af19fbd94_0018,50,0.0,g004_p000025_g003_p000085_g002_p000049_g001_p000040_empty,g005_p000050_g004_p000025_g003_p000085_g002_p000049_g001_p000040_empty,4.0,5.0,11.0,dike_hemisphere,9,11.171429096586126,12.067779354072588,15.16079755375819,10.689058974911678,3.016944838518147,3.7901993884395475,2.6722647437279194,0.002891580108553171,0.0015361333498731256,0.0015361333498731256,False,False,,,0,False
v4_branch_bdeeda7ff171ca7299b5,5,51,new_center,parent_to_0.25,0.0,0.25,g005_6ec2740af19fbd94_0018,51,0.0,g004_p000025_g003_p000085_g002_p000049_g001_p000040_empty,g005_p000051_g004_p000025_g003_p000085_g002_p000049_g001_p000040_empty,4.0,5.0,12.0,dike_hemisphere,9,154.31751837939856,8.92919057207186,12.949968830092194,9.492473528634623,2.232297643017965,3.2374922075230486,2.3731183821586557,0.002662565791979432,0.0013071190332993865,0.0013071190332993865,False,False,,,0,False
v4_branch_df05a4bbf40c7f9cc1d2,5,52,new_center,parent_to_0.25,0.0,0.25,g005_6ec2740af19fbd94_0018,52,0.0,g004_p000025_g003_p000085_g002_p000049_g001_p000040_empty,g005_p000052_g004_p000025_g003_p000085_g002_p000049_g001_p000040_empty,4.0,5.0,13.0,dike_hemisphere,9,17.028682389645773,7.944370210158258,13.00912514261545,8.42001437708592,1.9860925525395645,3.2522812856538623,2.10500359427148,0.002411903813481331,0.0010564570548012853,0.0010564570548012853,False,False,,,0,False
v4_branch_e8df81c57a0cf0eb5654,5,53,new_center,parent_to_0.25,0.0,0.25,g005_6ec2740af19fbd94_0018,53,0.0,g004_p000025_g003_p000085_g002_p000049_g001_p000040_empty,g005_p000053_g004_p000025_g003_p000085_g002_p000049_g001_p000040_empty,4.0,5.0,14.0,dike_hemisphere,9,109.24466322211546,13.592586524134298,11.219576723510848,9.465230966819057,3.3981466310335744,2.804894180877712,2.366307741704764,0.0030355886556208134,0.0016801418969407678,0.0016801418969407678,False,False,,,0,False
v4_branch_ea862c56c7d7dc6b54d6,5,54,new_center,parent_to_0.25,0.0,0.25,g005_6ec2740af19fbd94_0018,54,0.0,g004_p000025_g003_p000085_g002_p000049_g001_p000040_empty,g005_p000054_g004_p000025_g003_p000085_g002_p000049_g001_p000040_empty,4.0,5.0,15.0,ellipsoid,9,77.31596707893597,12.406851617755146,15.908171208712224,8.426651143791151,3.1017129044387866,3.977042802178056,2.1066627859477878,0.003304834244772792,0.0019493874860927463,0.0019493874860927463,False,False,,,0,False
v4_branch_d27b4ea6c319474a83af,5,55,new_center,parent_to_0.25,0.0,0.25,g005_6ec2740af19fbd94_0018,55,0.0,g004_p000025_g003_p000085_g002_p000049_g001_p000040_empty,g005_p000055_g004_p000025_g003_p000085_g002_p000049_g001_p000040_empty,4.0,5.0,16.0,ellipsoid,9,157.41298961280685,14.534605420936737,12.6282211190173,10.514675823410432,3.6336513552341843,3.157055279754325,2.628668955852608,0.0030001613777130842,0.0016447146190330386,0.0016447146190330386,False,False,,,0,False
v4_branch_1b9700fecda5e7f5ce7f,5,56,new_center,parent_to_0.25,0.0,0.25,g005_6ec2740af19fbd94_0018,56,0.0,g004_p000025_g003_p000085_g002_p000049_g001_p000040_empty,g005_p000056_g004_p000025_g003_p000085_g002_p000049_g001_p000040_empty,4.0,5.0,17.0,ellipsoid,9,27.352113772406966,11.398899361227016,9.710763443036901,8.559379610878512,2.849724840306754,2.4276908607592254,2.139844902719628,0.002582797547802329,0.0012273507891222835,0.0012273507891222835,False,False,,,0,False
v4_branch_3aa5fa80e89551f23b8d,5,57,new_center,parent_to_0.25,0.0,0.25,g005_6ec2740af19fbd94_0018,57,0.0,g004_p000025_g003_p000085_g002_p000049_g001_p000040_empty,g005_p000057_g004_p000025_g003_p000085_g002_p000049_g001_p000040_empty,4.0,5.0,18.0,ellipsoid,9,44.77242042121137,8.869040098073356,11.267832652036732,6.06332449462025,2.217260024518339,2.816958163009183,1.5158311236550626,0.002674151910468936,0.0013187051517888904,0.0013187051517888904,False,False,,,0,False
v4_branch_c6c418115a9dcab283fd,5,58,new_center,parent_to_0.25,0.0,0.25,g005_6ec2740af19fbd94_0018,58,0.0,g004_p000025_g003_p000085_g002_p000049_g001_p000040_empty,g005_p000058_g004_p000025_g003_p000085_g002_p000049_g001_p000040_empty,4.0,5.0,19.0,ellipsoid,9,55.317222493706964,9.546039350205739,13.629090605483684,12.689586949735011,2.3865098375514346,3.407272651370921,3.1723967374337527,0.0026220984291285276,0.001266651670448482,0.001266651670448482,False,False,,,0,False
v4_branch_daf5d305f35b6d92bf3b,5,59,new_center,parent_to_0.25,0.0,0.25,g005_6ec2740af19fbd94_0018,59,0.0,g004_p000025_g003_p000085_g002_p000049_g001_p000040_empty,g005_p000059_g004_p000025_g003_p000085_g002_p000049_g001_p000040_empty,4.0,5.0,20.0,dike_hemisphere,9,46.867437562360585,13.397180188898306,8.295850932216162,8.835335389898102,3.3492950472245764,2.0739627330540404,2.2088338474745255,0.0024971370585262775,0.001141690299846232,0.001141690299846232,False,False,,,0,False
v4_branch_d758c455881e4f672eee,5,60,new_center,parent_to_0.25,0.0,0.25,g005_6ec2740af19fbd94_0018,60,0.0,g004_p000031_g003_p000085_g002_p000049_g001_p000040_empty,g005_p000060_g004_p000031_g003_p000085_g002_p000049_g001_p000040_empty,4.0,5.0,21.0,ellipsoid,9,4.154794135928952,7.617686970423318,14.275279893040407,12.632960534644784,1.9044217426058294,3.568819973260102,3.158240133661196,0.0018933593528345227,0.0005379125941544771,0.0005379125941544771,False,False,,,0,False
v4_branch_a1c2a10327bae944c6a1,5,61,new_center,parent_to_0.25,0.0,0.25,g005_6ec2740af19fbd94_0018,61,0.0,g004_p000031_g003_p000085_g002_p000049_g001_p000040_empty,g005_p000061_g004_p000031_g003_p000085_g002_p000049_g001_p000040_empty,4.0,5.0,22.0,ellipsoid,9,64.66173499271682,8.853205554162178,12.753293524975524,9.319727788378575,2.2133013885405446,3.188323381243881,2.329931947094644,0.0029658698476850986,0.001610423089005053,0.001610423089005053,False,False,,,0,False
v4_branch_93d9ab0a0486b36dc6a0,5,62,new_center,parent_to_0.25,0.0,0.25,g005_6ec2740af19fbd94_0018,62,0.0,g004_p000031_g003_p000085_g002_p000049_g001_p000040_empty,g005_p000062_g004_p000031_g003_p000085_g002_p000049_g001_p000040_empty,4.0,5.0,23.0,ellipsoid,9,46.32229620372642,6.614869131001056,8.418540456003342,10.121939449814501,1.653717282750264,2.1046351140008355,2.5304848624536254,0.001555559691041708,0.0002001129323616624,0.0002001129323616624,False,False,,,0,False
v4_branch_58a5cab4be58812485e6,5,63,new_center,parent_to_0.25,0.0,0.25,g005_6ec2740af19fbd94_0018,63,0.0,g004_p000031_g003_p000085_g002_p000049_g001_p000040_empty,g005_p000063_g004_p000031_g003_p000085_g002_p000049_g001_p000040_empty,4.0,5.0,24.0,ellipsoid,9,17.174984912347938,10.283663377296698,15.654251888517484,8.16580900345987,2.5709158443241744,3.913562972129371,2.0414522508649675,0.0029658707790076733,0.0016104240203276277,0.0016104240203276277,False,False,,,0,False
v4_branch_a778cceb696513f453ba,5,64,new_center,parent_to_0.25,0.0,0.25,g005_6ec2740af19fbd94_0018,64,0.0,g004_p000031_g003_p000085_g002_p000049_g001_p000040_empty,g005_p000064_g004_p000031_g003_p000085_g002_p000049_g001_p000040_empty,4.0,5.0,25.0,dike_hemisphere,9,91.39666556976064,13.285692139619398,12.010732693052816,11.317345085315159,3.3214230349048495,3.002683173263204,2.8293362713287897,0.0030355886556208134,0.0016801418969407678,0.0016801418969407678,False,False,,,0,False
v4_branch_5204b2fa3e42eb2a1d0b,5,65,new_center,parent_to_0.25,0.0,0.25,g005_6ec2740af19fbd94_0018,65,0.0,g004_p000031_g003_p000085_g002_p000049_g001_p000040_empty,g005_p000065_g004_p000031_g003_p000085_g002_p000049_g001_p000040_empty,4.0,5.0,26.0,ellipsoid,9,26.706949819564095,11.563805154375226,10.606669052691185,7.046288105598031,2.8909512885938065,2.651667263172796,1.7615720263995078,0.003045756136998534,0.0016903093783184886,0.0016903093783184886,False,False,,,0,False
v4_branch_55ca82559661fefedd53,5,66,new_center,parent_to_0.25,0.0,0.25,g005_6ec2740af19fbd94_0018,66,0.0,g004_p000031_g003_p000085_g002_p000049_g001_p000040_empty,g005_p000066_g004_p000031_g003_p000085_g002_p000049_g001_p000040_empty,4.0,5.0,27.0,ellipsoid,9,16.437757060552755,15.821712520641558,11.112920401520803,6.184239553886006,3.9554281301603895,2.778230100380201,1.5460598884715016,0.003376709995791316,0.0020212632371112704,0.0020212632371112704,False,False,,,0,False
v4_branch_f94259e0cfd7cd3e0337,5,67,new_center,parent_to_0.25,0.0,0.25,g005_6ec2740af19fbd94_0018,67,0.0,g004_p000031_g003_p000085_g002_p000049_g001_p000040_empty,g005_p000067_g004_p000031_g003_p000085_g002_p000049_g001_p000040_empty,4.0,5.0,28.0,dike_hemisphere,9,179.66308946624576,14.334115842516566,15.929052178777455,12.877552654942367,3.5835289606291414,3.982263044694364,3.2193881637355917,0.0027007111348211765,0.001345264376141131,0.001345264376141131,False,False,,,0,False
v4_branch_e92aa3316459e4c3a127,5,68,new_center,parent_to_0.25,0.0,0.25,g005_6ec2740af19fbd94_0018,68,0.0,g004_p000031_g003_p000085_g002_p000049_g001_p000040_empty,g005_p000068_g004_p000031_g003_p000085_g002_p000049_g001_p000040_empty,4.0,5.0,29.0,dike_hemisphere,9,146.90694314976494,14.77124810415337,13.92301215771774,6.961706121656252,3.6928120260383426,3.480753039429435,1.740426530414063,0.0033767102286219597,0.002021263469941914,0.002021263469941914,False,False,,,0,False
v4_branch_455fb7d09df7f982860a,5,69,new_center,parent_to_0.25,0.0,0.25,g005_6ec2740af19fbd94_0018,69,0.0,g004_p000031_g003_p000085_g002_p000049_g001_p000040_empty,g005_p000069_g004_p000031_g003_p000085_g002_p000049_g001_p000040_empty,4.0,5.0,30.0,ellipsoid,9,137.17111795151436,6.568651632423603,6.037922755744767,9.248576695009447,1.6421629081059008,1.5094806889361918,2.312144173752362,0.001555559691041708,0.0002001129323616624,0.0002001129323616624,False,False,,,0,False
v4_branch_9ace277bec673d335dbd,5,70,new_center,parent_to_0.25,0.0,0.25,g005_6ec2740af19fbd94_0018,70,0.0,g004_p000031_g003_p000085_g002_p000049_g001_p000040_empty,g005_p000070_g004_p000031_g003_p000085_g002_p000049_g001_p000040_empty,4.0,5.0,31.0,ellipsoid,9,107.53036005070321,9.734506745510796,14.345512917532528,12.665933746532533,2.433626686377699,3.586378229383132,3.166483436633133,0.002799269277602434,0.0014438225189223886,0.0014438225189223886,False,False,,,0,False
v4_branch_6be55a771ef1a1bd4831,5,71,new_center,parent_to_0.25,0.0,0.25,g005_6ec2740af19fbd94_0018,71,0.0,g004_p000031_g003_p000085_g002_p000049_g001_p000040_empty,g005_p000071_g004_p000031_g003_p000085_g002_p000049_g001_p000040_empty,4.0,5.0,32.0,dike_hemisphere,9,68.3247394625599,11.647263916369837,15.455018003655988,7.378302744819986,2.9118159790924594,3.863754500913997,1.8445756862049965,0.003045756136998534,0.0016903093783184886,0.0016903093783184886,False,False,,,0,False
v4_branch_fe1242848bae0a680330,5,72,new_center,parent_to_0.25,0.0,0.25,g005_6ec2740af19fbd94_0018,72,0.0,g004_p000037_g003_p000005_g002_p000001_g001_p000031_empty,g005_p000072_g004_p000037_g003_p000005_g002_p000001_g001_p000031_empty,4.0,5.0,33.0,ellipsoid,9,98.44540542639902,15.41985642984483,6.486441496605852,13.988047696703916,3.8549641074612073,1.621610374151463,3.497011924175979,0.0018933593528345227,0.0005379125941544771,0.0005379125941544771,False,False,,,0,False
v4_branch_09a1614f5130f95f7293,5,73,new_center,parent_to_0.25,0.0,0.25,g005_6ec2740af19fbd94_0018,73,0.0,g004_p000037_g003_p000005_g002_p000001_g001_p000031_empty,g005_p000073_g004_p000037_g003_p000005_g002_p000001_g001_p000031_empty,4.0,5.0,34.0,ellipsoid,9,59.755440005427076,12.105733162087953,9.885035294976701,10.238553813129398,3.026433290521988,2.4712588237441753,2.5596384532823495,0.0029658698476850986,0.001610423089005053,0.001610423089005053,False,False,,,0,False
v4_branch_7d9aae3ddbb659b810f1,5,74,new_center,parent_to_0.25,0.0,0.25,g005_6ec2740af19fbd94_0018,74,0.0,g004_p000037_g003_p000005_g002_p000001_g001_p000031_empty,g005_p000074_g004_p000037_g003_p000005_g002_p000001_g001_p000031_empty,4.0,5.0,35.0,ellipsoid,9,18.62128594381821,12.114959367738258,11.433538427664459,8.19308648748975,3.0287398419345646,2.8583846069161147,2.0482716218724377,0.003304833546280861,0.0019493867876008153,0.0019493867876008153,False,False,,,0,False
v4_branch_8cad1cbe737121ceb463,5,75,new_center,parent_to_0.25,0.0,0.25,g005_6ec2740af19fbd94_0018,75,0.0,g004_p000037_g003_p000005_g002_p000001_g001_p000031_empty,g005_p000075_g004_p000037_g003_p000005_g002_p000001_g001_p000031_empty,4.0,5.0,36.0,dike_hemisphere,9,19.670786247968277,12.177309651788276,6.21601195473997,12.29762797174328,3.044327412947069,1.5540029886849924,3.07440699293582,0.001921389251947403,0.0005659424932673573,0.0005659424932673573,False,False,,,0,False
v4_branch_378977dc44f7786290dc,5,76,new_center,parent_to_0.25,0.0,0.25,g005_6ec2740af19fbd94_0018,76,0.0,g004_p000037_g003_p000005_g002_p000001_g001_p000031_empty,g005_p000076_g004_p000037_g003_p000005_g002_p000001_g001_p000031_empty,4.0,5.0,37.0,dike_hemisphere,9,91.30497781401255,8.54552681748119,8.464931885235572,12.497148806536607,2.1363817043702973,2.116232971308893,3.124287201634152,0.002582797547802329,0.0012273507891222835,0.0012273507891222835,False,False,,,0,False
v4_branch_a89a839a3994f0799ae3,5,77,new_center,parent_to_0.25,0.0,0.25,g005_6ec2740af19fbd94_0018,77,0.0,g004_p000037_g003_p000005_g002_p000001_g001_p000031_empty,g005_p000077_g004_p000037_g003_p000005_g002_p000001_g001_p000031_empty,4.0,5.0,38.0,ellipsoid,9,118.00968123139282,12.4525311468621,15.186422890142005,13.39974601323065,3.113132786715525,3.796605722535501,3.3499365033076627,0.002835568506270647,0.0014801217475906014,0.0014801217475906014,False,False,,,0,False
v4_branch_19351431f602abe8a0f0,5,78,new_center,parent_to_0.25,0.0,0.25,g005_6ec2740af19fbd94_0018,78,0.0,g004_p000037_g003_p000005_g002_p000001_g001_p000031_empty,g005_p000078_g004_p000037_g003_p000005_g002_p000001_g001_p000031_empty,4.0,5.0,39.0,dike_hemisphere,9,110.24285188983647,14.637082539250828,11.64073327952903,8.166466246862463,3.659270634812707,2.9101833198822575,2.0416165617156157,0.0028915791772305965,0.001536132418550551,0.001536132418550551,False,False,,,0,False
v4_branch_9bfc9bbf237ca72ecaa1,5,79,new_center,parent_to_0.25,0.0,0.25,g005_6ec2740af19fbd94_0018,79,0.0,g004_p000037_g003_p000005_g002_p000001_g001_p000031_empty,g005_p000079_g004_p000037_g003_p000005_g002_p000001_g001_p000031_empty,4.0,5.0,40.0,ellipsoid,9,90.25537397256754,14.587693816983762,10.458845497036602,7.465657488862939,3.6469234542459406,2.6147113742591506,1.8664143722157347,0.0033767102286219597,0.002021263469941914,0.002021263469941914,False,False,,,0,False
v4_branch_549e1e91658cbffa2dd5,5,80,new_center,parent_to_0.25,0.0,0.25,g005_6ec2740af19fbd94_0018,80,0.0,g004_p000037_g003_p000005_g002_p000001_g001_p000031_empty,g005_p000080_g004_p000037_g003_p000005_g002_p000001_g001_p000031_empty,4.0,5.0,41.0,dike_hemisphere,9,72.73320049801704,11.66511523613275,10.563579000872029,9.002574328256408,2.9162788090331877,2.640894750218007,2.250643582064102,0.002662565326318145,0.0013071185676380992,0.0013071185676380992,False,False,,,0,False
v4_branch_db0ba9ace10260c35787,5,81,new_center,parent_to_0.25,0.0,0.25,g005_6ec2740af19fbd94_0018,81,0.0,g004_p000037_g003_p000005_g002_p000001_g001_p000031_empty,g005_p000081_g004_p000037_g003_p000005_g002_p000001_g001_p000031_empty,4.0,5.0,42.0,dike_hemisphere,9,128.3696663069911,14.867993183563197,11.835408514854123,9.474988134482025,3.716998295890799,2.9588521287135308,2.3687470336205063,0.002891578944399953,0.0015361321857199073,0.0015361321857199073,False,False,,,0,False
v4_branch_fe85276c90d7a71f111b,5,82,new_center,parent_to_0.25,0.0,0.25,g005_6ec2740af19fbd94_0018,82,0.0,g004_p000037_g003_p000005_g002_p000001_g001_p000031_empty,g005_p000082_g004_p000037_g003_p000005_g002_p000001_g001_p000031_empty,4.0,5.0,43.0,dike_hemisphere,9,6.633669117066483,13.049472609110419,7.578441851840411,7.13024823903517,3.2623681522776047,1.8946104629601028,1.7825620597587926,0.0022417705040425062,0.0008863237453624606,0.0008863237453624606,False,False,,,0,False
v4_branch_abc7284495228b5d38ce,5,83,new_center,parent_to_0.25,0.0,0.25,g005_6ec2740af19fbd94_0018,83,0.0,g004_p000037_g003_p000005_g002_p000001_g001_p000031_empty,g005_p000083_g004_p000037_g003_p000005_g002_p000001_g001_p000031_empty,4.0,5.0,44.0,dike_hemisphere,9,22.893974433925166,14.281895554236833,12.925149882022303,6.033213045586271,3.570473888559208,3.231287470505576,1.5083032613965677,0.0033767048735171556,0.00202125811483711,0.00202125811483711,False,False,,,0,False
v4_branch_ddcef4803f48f806c1ab,5,84,new_center,parent_to_0.25,0.0,0.25,g005_6ec2740af19fbd94_0018,84,0.0,g004_p000043_g003_p000005_g002_p000001_g001_p000031_empty,g005_p000084_g004_p000043_g003_p000005_g002_p000001_g001_p000031_empty,4.0,5.0,45.0,dike_hemisphere,9,163.10496235991897,14.026863238844598,14.835965851789766,13.737884301613015,3.5067158097111495,3.7089914629474414,3.4344710754032537,0.002700706711038947,0.0013452599523589015,0.0013452599523589015,False,False,,,0,False
v4_branch_cbe0130386d8ac26ef71,5,85,new_center,parent_to_0.25,0.0,0.25,g005_6ec2740af19fbd94_0018,85,0.0,g004_p000043_g003_p000005_g002_p000001_g001_p000031_empty,g005_p000085_g004_p000043_g003_p000005_g002_p000001_g001_p000031_empty,4.0,5.0,46.0,ellipsoid,9,22.37147675554222,11.848938060753976,6.496736528789422,10.417100922468169,2.962234515188494,1.6241841321973556,2.6042752306170422,0.002131969900801778,0.0007765231421217322,0.0007765231421217322,False,False,,,0,False
v4_branch_de1a2069cd6923884be5,5,86,new_center,parent_to_0.25,0.0,0.25,g005_6ec2740af19fbd94_0018,86,0.0,g004_p000043_g003_p000005_g002_p000001_g001_p000031_empty,g005_p000086_g004_p000043_g003_p000005_g002_p000001_g001_p000031_empty,4.0,5.0,47.0,ellipsoid,9,46.29730021498467,13.96670560815207,9.121995325130175,13.686617447693553,3.4916764020380175,2.280498831282544,3.4216543619233883,0.00243206019513309,0.0010766134364530444,0.0010766134364530444,False,False,,,0,False
v4_branch_627363cfa343d051b036,5,87,new_center,parent_to_0.25,0.0,0.25,g005_6ec2740af19fbd94_0018,87,0.0,g004_p000043_g003_p000005_g002_p000001_g001_p000031_empty,g005_p000087_g004_p000043_g003_p000005_g002_p000001_g001_p000031_empty,4.0,5.0,48.0,dike_hemisphere,9,79.15858602203544,11.695054525336946,7.922740472172647,12.654354288620185,2.9237636313342366,1.9806851180431617,3.1635885721550463,0.0019213896011933684,0.0005659428425133228,0.0005659428425133228,False,False,,,0,False
v4_branch_f788c022a532f465ba2e,5,88,new_center,parent_to_0.25,0.0,0.25,g005_6ec2740af19fbd94_0018,88,0.0,g004_p000043_g003_p000005_g002_p000001_g001_p000031_empty,g005_p000088_g004_p000043_g003_p000005_g002_p000001_g001_p000031_empty,4.0,5.0,49.0,ellipsoid,9,134.91341612678477,10.688437068650822,9.4560582721958,10.684521852551566,2.6721092671627056,2.36401456804895,2.6711304631378914,0.0025827945210039616,0.001227347762323916,0.001227347762323916,False,False,,,0,False
v4_branch_6aa7d0c507a3b7acea0b,5,89,new_center,parent_to_0.25,0.0,0.25,g005_6ec2740af19fbd94_0018,89,0.0,g004_p000043_g003_p000005_g002_p000001_g001_p000031_empty,g005_p000089_g004_p000043_g003_p000005_g002_p000001_g001_p000031_empty,4.0,5.0,50.0,ellipsoid,9,10.413982250743533,14.80587439747542,13.303350537991642,11.987150406862874,3.701468599368855,3.3258376344979106,2.9967876017157185,0.0030001550912857056,0.00164470833260566,0.00164470833260566,False,False,,,0,False
v4_branch_b3e793183dd6e5ff3c6e,5,90,new_center,parent_to_0.25,0.0,0.25,g005_6ec2740af19fbd94_0018,90,0.0,g004_p000043_g003_p000005_g002_p000001_g001_p000031_empty,g005_p000090_g004_p000043_g003_p000005_g002_p000001_g001_p000031_empty,4.0,6.0,6.0,dike_hemisphere,9,118.58151107425118,7.922884264118934,8.771760652260754,6.1121036773826845,1.9807210660297334,2.1929401630651886,1.5280259193456711,0.0017029406735673547,0.0003474939148873091,0.0003474939148873091,False,False,,,0,False
v4_branch_08d3f9965a1052092663,5,91,new_center,parent_to_0.25,0.0,0.25,g005_6ec2740af19fbd94_0018,91,0.0,g004_p000043_g003_p000005_g002_p000001_g001_p000031_empty,g005_p000091_g004_p000043_g003_p000005_g002_p000001_g001_p000031_empty,4.0,6.0,7.0,dike_hemisphere,9,127.79310895745324,10.397259771641972,7.662821566516798,10.835822139957466,2.599314942910493,1.9157053916291995,2.7089555349893666,0.002582797547802329,0.0012273507891222835,0.0012273507891222835,False,False,,,0,False
v4_branch_fe34968b751be8dcaf06,5,92,new_center,parent_to_0.25,0.0,0.25,g005_6ec2740af19fbd94_0018,92,0.0,g004_p000043_g003_p000005_g002_p000001_g001_p000031_empty,g005_p000092_g004_p000043_g003_p000005_g002_p000001_g001_p000031_empty,4.0,6.0,8.0,dike_hemisphere,9,54.62380770855757,8.190524057006439,13.331939303189685,8.913733160165377,2.0476310142516096,3.3329848257974213,2.228433290041344,0.0028183008544147015,0.0014628540957346559,0.0014628540957346559,False,False,,,0,False
v4_branch_263013b1ae89d1f3e64a,5,93,new_center,parent_to_0.25,0.0,0.25,g005_6ec2740af19fbd94_0018,93,0.0,g004_p000043_g003_p000005_g002_p000001_g001_p000031_empty,g005_p000093_g004_p000043_g003_p000005_g002_p000001_g001_p000031_empty,4.0,6.0,9.0,ellipsoid,9,10.338441827114714,7.595215488997956,9.979736538272725,9.984798149790599,1.898803872249489,2.4949341345681812,2.4961995374476498,0.0021319712977856398,0.0007765245391055942,0.0007765245391055942,False,False,,,0,False
v4_branch_6d79109612bd81d54828,5,94,new_center,parent_to_0.25,0.0,0.25,g005_6ec2740af19fbd94_0018,94,0.0,g004_p000043_g003_p000005_g002_p000001_g001_p000031_empty,g005_p000094_g004_p000043_g003_p000005_g002_p000001_g001_p000031_empty,4.0,6.0,10.0,ellipsoid,9,9.050200002686168,11.710943449368422,12.417342843176689,7.18164613135206,2.9277358623421055,3.1043357107941723,1.795411532838015,0.0033767102286219597,0.002021263469941914,0.002021263469941914,False,False,,,0,False
v4_branch_17b8b90f7e0748966fc0,5,95,new_center,parent_to_0.25,0.0,0.25,g005_6ec2740af19fbd94_0018,95,0.0,g004_p000043_g003_p000005_g002_p000001_g001_p000031_empty,g005_p000095_g004_p000043_g003_p000005_g002_p000001_g001_p000031_empty,4.0,6.0,11.0,ellipsoid,9,64.94033570183001,9.03123263753334,15.038902464233734,7.9475079101341395,2.257808159383335,3.7597256160584336,1.9868769775335349,0.003045756136998534,0.0016903093783184886,0.0016903093783184886,False,False,,,0,False
v4_branch_7fdb0de7dafd8cdb6a7f,6,0,new_center,parent_to_0.25,0.0,0.25,g006_da9a330343e295e8_0019,0,9.043245654538623e-07,g005_p000028_g004_p000013_g003_p000038_g002_p000025_g001_p000094_empty,g006_p000000_g005_p000028_g004_p000013_g003_p000038_g002_p000025_g001_p000094_empty,4.0,4.0,31.0,ellipsoid,9,102.79839539782736,14.924017244802513,15.174409151740985,8.206135390634357,3.7310043112006284,3.7936022879352462,2.051533847658589,0.003303973702713847,0.0017484157579019666,0.0019485269440338016,False,False,,,0,False
v4_branch_07f638e587d60d7957e1,6,6,new_center,parent_to_0.25,0.0,0.25,g006_da9a330343e295e8_0019,1,9.043245654538623e-07,g005_p000028_g004_p000013_g003_p000038_g002_p000025_g001_p000094_empty,g006_p000006_g005_p000028_g004_p000013_g003_p000038_g002_p000025_g001_p000094_empty,4.0,5.0,32.0,ellipsoid,9,118.57640107169729,6.436682914958427,11.085220694412367,8.324721907038883,1.6091707287396066,2.771305173603092,2.081180476759721,0.002264471026137471,0.0007089130813255906,0.0009090242674574256,False,False,,,0,False
v4_branch_8b2d5fd7ea4f2ceb019b,6,12,new_center,parent_to_0.25,0.0,0.25,g006_af63d63230bf8bd1_0020,0,9.043245654538623e-07,g005_p000035_g004_p000013_g003_p000038_g002_p000025_g001_p000094_empty,g006_p000012_g005_p000035_g004_p000013_g003_p000038_g002_p000025_g001_p000094_empty,4.0,4.0,38.0,ellipsoid,9,127.33906908388468,7.988226070828136,15.277566391322617,6.956122694395501,1.997056517707034,3.8193915978306543,1.7390306735988752,0.003082678886130452,0.0015271209413185716,0.0017272321274504066,False,False,,,0,False
v4_branch_50244bffbd6ef1e02437,6,18,new_center,parent_to_0.25,0.0,0.25,g006_af63d63230bf8bd1_0020,1,9.043245654538623e-07,g005_p000035_g004_p000013_g003_p000038_g002_p000025_g001_p000094_empty,g006_p000018_g005_p000035_g004_p000013_g003_p000038_g002_p000025_g001_p000094_empty,4.0,5.0,39.0,dike_hemisphere,9,167.4764137996677,8.713923749659585,7.3757126532263,8.847131295970986,2.1784809374148963,1.843928163306575,2.2117828239927464,0.002264470560476184,0.0007089126156643033,0.0009090238017961383,False,False,,,0,False
v4_branch_a7ff22501a86a3b00123,6,24,new_center,parent_to_0.25,0.0,0.25,g006_7dc743311eeecfc0_0021,0,7.707858458161354e-07,g005_p000045_g004_p000019_g003_p000038_g002_p000025_g001_p000094_empty,g006_p000024_g005_p000045_g004_p000019_g003_p000038_g002_p000025_g001_p000094_empty,4.0,10.0,6.0,ellipsoid,9,11.10717084619965,8.150036903813689,14.870000168247346,7.947892133492545,2.037509225953422,3.7175000420618365,1.9869730333731364,0.003139929147437215,0.0015843712026253343,0.0017844823887571692,False,False,,,0,False
v4_branch_afd0364e81cb1352cd1f,6,30,new_center,parent_to_0.25,0.0,0.25,g006_7dc743311eeecfc0_0021,1,7.707858458161354e-07,g005_p000045_g004_p000019_g003_p000038_g002_p000025_g001_p000094_empty,g006_p000030_g005_p000045_g004_p000019_g003_p000038_g002_p000025_g001_p000094_empty,6.0,9.0,6.0,ellipsoid,9,150.37148180283438,8.484815514970503,11.623869047713661,11.220070534756864,2.1212038787426257,2.9059672619284154,2.805017633689216,0.0026932077016681433,0.0011376497568562627,0.0013377609429880977,False,False,,,0,False
v4_branch_c57a03e7b3d3c353790b,6,36,new_center,parent_to_0.25,0.0,0.25,g006_e77abbc1826a0011_0022,0,9.043245654538623e-07,g005_p000042_g004_p000019_g003_p000038_g002_p000025_g001_p000094_empty,g006_p000036_g005_p000042_g004_p000019_g003_p000038_g002_p000025_g001_p000094_empty,4.0,4.0,45.0,dike_hemisphere,9,30.913125392759817,11.01901375300277,9.535873562491094,13.193130060456486,2.7547534382506926,2.3839683906227735,3.2982825151141215,0.0022266630548983812,0.0006711046444252133,0.0008712162962183356,False,False,,,0,False
v4_branch_7792052a9c5daa34c215,6,42,new_center,parent_to_0.25,0.0,0.25,g006_e77abbc1826a0011_0022,1,9.043245654538623e-07,g005_p000042_g004_p000019_g003_p000038_g002_p000025_g001_p000094_empty,g006_p000042_g005_p000042_g004_p000019_g003_p000038_g002_p000025_g001_p000094_empty,4.0,5.0,46.0,ellipsoid,9,97.06372614686231,14.729839887740116,7.624691448763512,13.030882522051337,3.682459971935029,1.906172862190878,3.2577206305128343,0.0018936177948489785,0.0003380593843758106,0.0005381710361689329,False,False,,,0,False
v4_branch_590a153a45b9082db866,6,48,new_center,parent_to_0.25,0.0,0.25,g006_82c4688529661c3d_0023,0,9.044409807756892e-07,g005_p000010_g004_p000001_g003_p000034_g002_p000013_g001_p000081_empty,g006_p000048_g005_p000010_g004_p000001_g003_p000034_g002_p000013_g001_p000081_empty,4.0,4.0,13.0,ellipsoid,9,123.07190034495756,12.052437188592254,11.2528329811627,11.506868626407684,3.0131092971480635,2.813208245290675,2.876717156601921,0.0026210143696516752,0.0010654546786099672,0.0012655676109716296,False,False,,,0,False
v4_branch_ccd33885c3697cb009ee,6,54,new_center,parent_to_0.25,0.0,0.25,g006_82c4688529661c3d_0023,1,9.044409807756892e-07,g005_p000010_g004_p000001_g003_p000034_g002_p000013_g001_p000081_empty,g006_p000054_g005_p000010_g004_p000001_g003_p000034_g002_p000013_g001_p000081_empty,4.0,5.0,14.0,dike_hemisphere,9,52.785045273657445,15.78075483663925,14.603161498738867,9.182147460387327,3.9451887091598126,3.650790374684717,2.2955368650968317,0.0027304182294756174,0.0011748585384339094,0.0013749714707955718,False,False,,,0,False
v4_branch_354f565ea78f215d464e,6,60,new_center,parent_to_0.25,0.0,0.25,g006_3c50aa79f0a2e1db_0024,0,9.044409807756892e-07,g005_p000062_g004_p000031_g003_p000085_g002_p000049_g001_p000040_empty,g006_p000060_g005_p000062_g004_p000031_g003_p000085_g002_p000049_g001_p000040_empty,4.0,4.0,21.0,dike_hemisphere,9,96.56178268108704,9.185935021342402,6.85582136541051,6.456126412571669,2.2964837553356006,1.7139553413526274,1.6140316031429172,0.0018661556532606483,0.00031059596221894026,0.0005107088945806026,False,False,,,0,False
v4_branch_3b3359e02ec728668ae7,6,66,new_center,parent_to_0.25,0.0,0.25,g006_3c50aa79f0a2e1db_0024,1,9.044409807756892e-07,g005_p000062_g004_p000031_g003_p000085_g002_p000049_g001_p000040_empty,g006_p000066_g005_p000062_g004_p000031_g003_p000085_g002_p000049_g001_p000040_empty,4.0,5.0,20.0,dike_hemisphere,9,100.50332621737138,13.335506204861613,8.539698408645384,11.0997464093752,3.333876551215403,2.134924602161346,2.7749366023438,0.002410725224763155,0.000855165533721447,0.0010552784660831094,False,False,,,0,False
v4_branch_50fbf2edb5b00e112384,6,72,new_center,parent_to_0.25,0.0,0.25,g006_8bbba3b54062a098_0025,0,9.044409807756892e-07,g005_p000069_g004_p000031_g003_p000085_g002_p000049_g001_p000040_empty,g006_p000072_g005_p000069_g004_p000031_g003_p000085_g002_p000049_g001_p000040_empty,4.0,4.0,28.0,dike_hemisphere,9,42.8832078867724,12.897488868901382,9.446876036211272,8.76407339553226,3.2243722172253455,2.361719009052818,2.191018348883065,0.0026526921428740025,0.0010971324518322945,0.0012972453841939569,False,False,,,0,False
v4_branch_0c76a9c409aa6591d691,6,78,new_center,parent_to_0.25,0.0,0.25,g006_8bbba3b54062a098_0025,1,9.044409807756892e-07,g005_p000069_g004_p000031_g003_p000085_g002_p000049_g001_p000040_empty,g006_p000078_g005_p000069_g004_p000031_g003_p000085_g002_p000049_g001_p000040_empty,4.0,5.0,27.0,dike_hemisphere,9,124.19085768065732,13.4494395558017,15.604039229850065,7.487894627921483,3.362359888950425,3.901009807462516,1.8719736569803707,0.0034100539050996304,0.0018544942140579224,0.0020546071464195848,False,False,,,0,False
v4_branch_c8406cae161e2f3155d7,6,84,new_center,parent_to_0.25,0.0,0.25,g006_13a2b0bd4d6fd3b7_0026,0,2.906313739003963e-06,g005_p000036_g004_p000019_g003_p000038_g002_p000025_g001_p000094_empty,g006_p000084_g005_p000036_g004_p000019_g003_p000038_g002_p000025_g001_p000094_empty,4.0,4.0,38.0,ellipsoid,9,85.30086392300194,6.879059402481001,6.265132219088856,9.185341940350838,1.7197648506202503,1.566283054772214,2.2963354850877096,0.0018496019765734673,0.00014666130300611258,0.0004941552178934216,False,False,,,0,False
v4_branch_ac4cddd7b3abe4a63be9,6,90,new_center,parent_to_0.25,0.0,0.25,g006_13a2b0bd4d6fd3b7_0026,1,2.906313739003963e-06,g005_p000036_g004_p000019_g003_p000038_g002_p000025_g001_p000094_empty,g006_p000090_g005_p000036_g004_p000019_g003_p000038_g002_p000025_g001_p000094_empty,4.0,5.0,39.0,dike_hemisphere,9,107.1268817513164,13.883651385264695,7.358223054904062,8.845496311516634,3.470912846316174,1.8395557637260156,2.2113740778791584,0.0021686989348381758,0.0004657582612708211,0.0008132521761581302,False,False,,,0,False
v4_branch_f86dbbc1862a8cac7be6,7,0,new_center,parent_to_0.25,0.0,0.25,g007_6a84067c90cb5b58_0027,0,0.0,g006_p000001_g005_p000028_g004_p000013_g003_p000038_g002_p000025_g001_p000094_empty,g007_p000000_g006_p000001_g005_p000028_g004_p000013_g003_p000038_g002_p000025_g001_p000094_empty,4.0,4.0,6.0,ellipsoid,9,149.11937370946958,7.54480613243714,8.116216719955654,8.60069841737793,1.886201533109285,2.0290541799889135,2.1501746043444827,0.0015555579448118806,0.00020011118613183498,0.00020011118613183498,False,False,,,0,False
v4_branch_928854d567227809afea,7,1,new_center,parent_to_0.25,0.0,0.25,g007_6a84067c90cb5b58_0027,1,0.0,g006_p000001_g005_p000028_g004_p000013_g003_p000038_g002_p000025_g001_p000094_empty,g007_p000001_g006_p000001_g005_p000028_g004_p000013_g003_p000038_g002_p000025_g001_p000094_empty,4.0,4.0,7.0,dike_hemisphere,9,61.19617784838181,13.431856838296422,10.379298041597819,9.147501694088653,3.3579642095741056,2.5948245103994547,2.2868754235221633,0.0024971370585262775,0.001141690299846232,0.001141690299846232,False,False,,,0,False
v4_branch_a3abb1f46097f8712858,7,2,new_center,parent_to_0.25,0.0,0.25,g007_6a84067c90cb5b58_0027,2,0.0,g006_p000001_g005_p000028_g004_p000013_g003_p000038_g002_p000025_g001_p000094_empty,g007_p000002_g006_p000001_g005_p000028_g004_p000013_g003_p000038_g002_p000025_g001_p000094_empty,4.0,4.0,8.0,ellipsoid,9,74.28940032760192,8.995962693150679,8.753696142606586,6.160587609229501,2.2489906732876697,2.1884240356516464,1.5401469023073753,0.002674151910468936,0.0013187051517888904,0.0013187051517888904,False,False,,,0,False
v4_branch_bcdf7d75cb067b72551c,7,3,new_center,parent_to_0.25,0.0,0.25,g007_6a84067c90cb5b58_0027,3,0.0,g006_p000001_g005_p000028_g004_p000013_g003_p000038_g002_p000025_g001_p000094_empty,g007_p000003_g006_p000001_g005_p000028_g004_p000013_g003_p000038_g002_p000025_g001_p000094_empty,4.0,4.0,9.0,ellipsoid,9,70.69841859433079,13.769977955245478,11.330170924054796,7.210068351876526,3.4424944888113695,2.832542731013699,1.8025170879691315,0.0033767102286219597,0.002021263469941914,0.002021263469941914,False,False,,,0,False
v4_branch_5ae4c0c25a9d477cfd26,7,4,new_center,parent_to_0.25,0.0,0.25,g007_6a84067c90cb5b58_0027,4,0.0,g006_p000001_g005_p000028_g004_p000013_g003_p000038_g002_p000025_g001_p000094_empty,g007_p000004_g006_p000001_g005_p000028_g004_p000013_g003_p000038_g002_p000025_g001_p000094_empty,4.0,4.0,10.0,dike_hemisphere,9,139.4190356395443,11.082890896317869,15.650735719616659,11.330282351865652,2.770722724079467,3.9126839299041647,2.832570587966413,0.0024971370585262775,0.001141690299846232,0.001141690299846232,False,False,,,0,False
v4_branch_15d6e06a97acaa969dda,7,5,new_center,parent_to_0.25,0.0,0.25,g007_6a84067c90cb5b58_0027,5,0.0,g006_p000001_g005_p000028_g004_p000013_g003_p000038_g002_p000025_g001_p000094_empty,g007_p000005_g006_p000001_g005_p000028_g004_p000013_g003_p000038_g002_p000025_g001_p000094_empty,4.0,4.0,11.0,ellipsoid,9,25.91058616180377,8.083634462800145,12.646051948868655,10.290113774682741,2.020908615700036,3.1615129872171637,2.5725284436706852,0.0029658698476850986,0.001610423089005053,0.001610423089005053,False,False,,,0,False
v4_branch_e100102c03c763019f9e,7,6,new_center,parent_to_0.25,0.0,0.25,g007_6a84067c90cb5b58_0027,6,0.0,g006_p000001_g005_p000028_g004_p000013_g003_p000038_g002_p000025_g001_p000094_empty,g007_p000006_g006_p000001_g005_p000028_g004_p000013_g003_p000038_g002_p000025_g001_p000094_empty,4.0,4.0,12.0,ellipsoid,9,60.35677221668224,15.234036868956606,13.412640390116415,7.777363226869947,3.8085092172391515,3.353160097529104,1.9443408067174868,0.0033767102286219597,0.002021263469941914,0.002021263469941914,False,False,,,0,False
v4_branch_26e48d06c808d6db4e5f,7,7,new_center,parent_to_0.25,0.0,0.25,g007_6a84067c90cb5b58_0027,7,0.0,g006_p000001_g005_p000028_g004_p000013_g003_p000038_g002_p000025_g001_p000094_empty,g007_p000007_g006_p000001_g005_p000028_g004_p000013_g003_p000038_g002_p000025_g001_p000094_empty,4.0,4.0,13.0,dike_hemisphere,9,81.19883746434436,9.601998168277962,15.32825101166799,6.204700064766808,2.4004995420694906,3.8320627529169977,1.551175016191702,0.002674151910468936,0.0013187051517888904,0.0013187051517888904,False,False,,,0,False
v4_branch_ba23fd91f79db9b124ab,7,8,new_center,parent_to_0.25,0.0,0.25,g007_6a84067c90cb5b58_0027,8,0.0,g006_p000001_g005_p000028_g004_p000013_g003_p000038_g002_p000025_g001_p000094_empty,g007_p000008_g006_p000001_g005_p000028_g004_p000013_g003_p000038_g002_p000025_g001_p000094_empty,4.0,4.0,14.0,dike_hemisphere,9,136.57723294747072,9.415346923728308,14.530679543361487,7.37162148755098,2.353836730932077,3.6326698858403716,1.842905371887745,0.003045756136998534,0.0016903093783184886,0.0016903093783184886,False,False,,,0,False
v4_branch_ff05afc8aea8862c0941,7,9,new_center,parent_to_0.25,0.0,0.25,g007_6a84067c90cb5b58_0027,9,0.0,g006_p000001_g005_p000028_g004_p000013_g003_p000038_g002_p000025_g001_p000094_empty,g007_p000009_g006_p000001_g005_p000028_g004_p000013_g003_p000038_g002_p000025_g001_p000094_empty,4.0,4.0,15.0,ellipsoid,9,78.29635507825638,13.089080002218063,6.079454613112144,7.655039753593379,3.272270000554516,1.519863653278036,1.9137599383983448,0.00224177329801023,0.0008863265393301845,0.0008863265393301845,False,False,,,0,False
v4_branch_63f16b6437e85bd5da0d,7,10,new_center,parent_to_0.25,0.0,0.25,g007_6a84067c90cb5b58_0027,10,0.0,g006_p000001_g005_p000028_g004_p000013_g003_p000038_g002_p000025_g001_p000094_empty,g007_p000010_g006_p000001_g005_p000028_g004_p000013_g003_p000038_g002_p000025_g001_p000094_empty,4.0,4.0,16.0,dike_hemisphere,9,112.59525956044898,11.272768470024596,7.70010178192347,13.003897035981474,2.818192117506149,1.9250254454808675,3.2509742589953685,0.0019213909981772304,0.0005659442394971848,0.0005659442394971848,False,False,,,0,False
v4_branch_cb3f8a5faae0524b44ad,7,11,new_center,parent_to_0.25,0.0,0.25,g007_6a84067c90cb5b58_0027,11,0.0,g006_p000001_g005_p000028_g004_p000013_g003_p000038_g002_p000025_g001_p000094_empty,g007_p000011_g006_p000001_g005_p000028_g004_p000013_g003_p000038_g002_p000025_g001_p000094_empty,4.0,4.0,17.0,dike_hemisphere,9,158.96520110757493,7.029922964451218,8.0244458119361,11.462037075139781,1.7574807411128044,2.006111452984025,2.8655092687849453,0.0015555579448118806,0.00020011118613183498,0.00020011118613183498,False,False,,,0,False
v4_branch_ca61ba795683804754cb,7,12,new_center,parent_to_0.25,0.0,0.25,g007_6a84067c90cb5b58_0027,12,0.0,g006_p000007_g005_p000028_g004_p000013_g003_p000038_g002_p000025_g001_p000094_empty,g007_p000012_g006_p000007_g005_p000028_g004_p000013_g003_p000038_g002_p000025_g001_p000094_empty,4.0,4.0,18.0,ellipsoid,9,25.989477459722714,12.51804772759172,7.183894067617684,11.705017329583281,3.12951193189793,1.795973516904421,2.9262543323958203,0.002582797547802329,0.0012273507891222835,0.0012273507891222835,False,False,,,0,False
v4_branch_81f30a6d4845c7d6a3a7,7,13,new_center,parent_to_0.25,0.0,0.25,g007_6a84067c90cb5b58_0027,13,0.0,g006_p000007_g005_p000028_g004_p000013_g003_p000038_g002_p000025_g001_p000094_empty,g007_p000013_g006_p000007_g005_p000028_g004_p000013_g003_p000038_g002_p000025_g001_p000094_empty,4.0,4.0,19.0,dike_hemisphere,9,150.83011370006005,10.616095813703668,15.18218436801751,7.424630777445717,2.654023953425917,3.7955460920043773,1.8561576943614293,0.003045756136998534,0.0016903093783184886,0.0016903093783184886,False,False,,,0,False
v4_branch_5cecae9a86a539b19910,7,14,new_center,parent_to_0.25,0.0,0.25,g007_6a84067c90cb5b58_0027,14,0.0,g006_p000007_g005_p000028_g004_p000013_g003_p000038_g002_p000025_g001_p000094_empty,g007_p000014_g006_p000007_g005_p000028_g004_p000013_g003_p000038_g002_p000025_g001_p000094_empty,4.0,4.0,20.0,ellipsoid,9,113.80379198131739,9.95873890359486,10.375069240273653,12.361217499621814,2.489684725898715,2.5937673100684133,3.0903043749054535,0.002582797547802329,0.0012273507891222835,0.0012273507891222835,False,False,,,0,False
v4_branch_0281ec0a4109e114f4ea,7,15,new_center,parent_to_0.25,0.0,0.25,g007_6a84067c90cb5b58_0027,15,0.0,g006_p000007_g005_p000028_g004_p000013_g003_p000038_g002_p000025_g001_p000094_empty,g007_p000015_g006_p000007_g005_p000028_g004_p000013_g003_p000038_g002_p000025_g001_p000094_empty,4.0,4.0,21.0,dike_hemisphere,9,120.80750730972224,15.120736350599708,13.86703312669066,11.873341878003155,3.780184087649927,3.466758281672665,2.9683354695007886,0.0027204304933547974,0.0013649837346747518,0.0013649837346747518,False,False,,,0,False
v4_branch_d64e59bbe991002b9f16,7,16,new_center,parent_to_0.25,0.0,0.25,g007_6a84067c90cb5b58_0027,16,0.0,g006_p000007_g005_p000028_g004_p000013_g003_p000038_g002_p000025_g001_p000094_empty,g007_p000016_g006_p000007_g005_p000028_g004_p000013_g003_p000038_g002_p000025_g001_p000094_empty,4.0,4.0,22.0,dike_hemisphere,9,122.25684262999043,14.894569619090065,7.281364010273394,6.380183498430023,3.7236424047725163,1.8203410025683484,1.5950458746075058,0.002674151910468936,0.0013187051517888904,0.0013187051517888904,False,False,,,0,False
v4_branch_8ff31ae91e11b3d61fdf,7,17,new_center,parent_to_0.25,0.0,0.25,g007_6a84067c90cb5b58_0027,17,0.0,g006_p000007_g005_p000028_g004_p000013_g003_p000038_g002_p000025_g001_p000094_empty,g007_p000017_g006_p000007_g005_p000028_g004_p000013_g003_p000038_g002_p000025_g001_p000094_empty,4.0,4.0,23.0,ellipsoid,9,85.86499581485626,11.945129484174124,15.616236869627068,7.371811332402382,2.986282371043531,3.904059217406767,1.8429528331005955,0.003376709995791316,0.0020212632371112704,0.0020212632371112704,False,False,,,0,False
v4_branch_1205cc812eab520b9b53,7,18,new_center,parent_to_0.25,0.0,0.25,g007_6a84067c90cb5b58_0027,18,0.0,g006_p000007_g005_p000028_g004_p000013_g003_p000038_g002_p000025_g001_p000094_empty,g007_p000018_g006_p000007_g005_p000028_g004_p000013_g003_p000038_g002_p000025_g001_p000094_empty,4.0,4.0,24.0,dike_hemisphere,9,18.771362725564035,11.981810798770695,6.754797261522279,8.225796359160528,2.995452699692674,1.6886993153805698,2.056449089790132,0.0019213911145925522,0.0005659443559125066,0.0005659443559125066,False,False,,,0,False
v4_branch_ea070f592b3aad904eff,7,19,new_center,parent_to_0.25,0.0,0.25,g007_6a84067c90cb5b58_0027,19,0.0,g006_p000007_g005_p000028_g004_p000013_g003_p000038_g002_p000025_g001_p000094_empty,g007_p000019_g006_p000007_g005_p000028_g004_p000013_g003_p000038_g002_p000025_g001_p000094_empty,4.0,4.0,25.0,dike_hemisphere,9,73.75152531545397,15.975709458776652,11.896719371320755,12.885180301280677,3.993927364694163,2.9741798428301887,3.2212950753201692,0.0028730309568345547,0.001517584198154509,0.001517584198154509,False,False,,,0,False
v4_branch_4ca967173924be92362d,7,20,new_center,parent_to_0.25,0.0,0.25,g007_6a84067c90cb5b58_0027,20,0.0,g006_p000007_g005_p000028_g004_p000013_g003_p000038_g002_p000025_g001_p000094_empty,g007_p000020_g006_p000007_g005_p000028_g004_p000013_g003_p000038_g002_p000025_g001_p000094_empty,4.0,4.0,26.0,dike_hemisphere,9,158.9584128822089,8.71564854969009,12.475036024167629,9.706140690192296,2.1789121374225227,3.1187590060419073,2.426535172548074,0.002818301087245345,0.0014628543285652995,0.0014628543285652995,False,False,,,0,False
v4_branch_8281d57f0f540a4008ee,7,21,new_center,parent_to_0.25,0.0,0.25,g007_6a84067c90cb5b58_0027,21,0.0,g006_p000007_g005_p000028_g004_p000013_g003_p000038_g002_p000025_g001_p000094_empty,g007_p000021_g006_p000007_g005_p000028_g004_p000013_g003_p000038_g002_p000025_g001_p000094_empty,4.0,4.0,27.0,ellipsoid,9,16.277780153468587,9.282084086631578,8.522556632049913,13.809056689016874,2.3205210216578944,2.130639158012478,3.4522641722542184,0.0025827984791249037,0.001227351720444858,0.001227351720444858,False,False,,,0,False
v4_branch_a0b0b9aa0d2d37c06dd2,7,22,new_center,parent_to_0.25,0.0,0.25,g007_6a84067c90cb5b58_0027,22,0.0,g006_p000007_g005_p000028_g004_p000013_g003_p000038_g002_p000025_g001_p000094_empty,g007_p000022_g006_p000007_g005_p000028_g004_p000013_g003_p000038_g002_p000025_g001_p000094_empty,4.0,4.0,28.0,ellipsoid,9,157.88380503723832,13.430345335194737,9.206391914938903,13.852932808886614,3.357586333798684,2.301597978734726,3.4632332022216534,0.002799269277602434,0.0014438225189223886,0.0014438225189223886,False,False,,,0,False
v4_branch_fe8bd5389a389a822336,7,23,new_center,parent_to_0.25,0.0,0.25,g007_6a84067c90cb5b58_0027,23,0.0,g006_p000007_g005_p000028_g004_p000013_g003_p000038_g002_p000025_g001_p000094_empty,g007_p000023_g006_p000007_g005_p000028_g004_p000013_g003_p000038_g002_p000025_g001_p000094_empty,4.0,4.0,29.0,dike_hemisphere,9,9.324690702543473,8.05564173617866,6.7982833735261154,11.794557492702541,2.013910434044665,1.6995708433815289,2.9486393731756353,0.001555559691041708,0.0002001129323616624,0.0002001129323616624,False,False,,,0,False
v4_branch_ecf84b2c2720a30771c9,7,24,new_center,parent_to_0.25,0.0,0.25,g007_6a84067c90cb5b58_0027,24,0.0,g006_p000013_g005_p000035_g004_p000013_g003_p000038_g002_p000025_g001_p000094_empty,g007_p000024_g006_p000013_g005_p000035_g004_p000013_g003_p000038_g002_p000025_g001_p000094_empty,4.0,4.0,30.0,dike_hemisphere,9,151.8300958230679,8.864455254948531,12.865432964312298,7.816124888560033,2.216113813737133,3.2163582410780744,1.9540312221400082,0.0026741521432995796,0.001318705384619534,0.001318705384619534,False,False,,,0,False
v4_branch_a1289dd9c4328d393e9e,7,25,new_center,parent_to_0.25,0.0,0.25,g007_6a84067c90cb5b58_0027,25,0.0,g006_p000013_g005_p000035_g004_p000013_g003_p000038_g002_p000025_g001_p000094_empty,g007_p000025_g006_p000013_g005_p000035_g004_p000013_g003_p000038_g002_p000025_g001_p000094_empty,4.0,4.0,31.0,ellipsoid,9,127.95713652701448,6.157569473566372,10.18907453210583,7.129001701474291,1.539392368391593,2.5472686330264573,1.7822504253685727,0.0017029405571520329,0.00034749379847198725,0.00034749379847198725,False,False,,,0,False
v4_branch_7c6589373beab2703a22,7,26,new_center,parent_to_0.25,0.0,0.25,g007_6a84067c90cb5b58_0027,26,0.0,g006_p000013_g005_p000035_g004_p000013_g003_p000038_g002_p000025_g001_p000094_empty,g007_p000026_g006_p000013_g005_p000035_g004_p000013_g003_p000038_g002_p000025_g001_p000094_empty,4.0,4.0,32.0,dike_hemisphere,9,147.0031409542848,13.909790211590915,7.262301332777884,6.971968320285596,3.4774475528977287,1.815575333194471,1.742992080071399,0.002674151910468936,0.0013187051517888904,0.0013187051517888904,False,False,,,0,False
v4_branch_de857bc3b6353818538e,7,27,new_center,parent_to_0.25,0.0,0.25,g007_6a84067c90cb5b58_0027,27,0.0,g006_p000013_g005_p000035_g004_p000013_g003_p000038_g002_p000025_g001_p000094_empty,g007_p000027_g006_p000013_g005_p000035_g004_p000013_g003_p000038_g002_p000025_g001_p000094_empty,4.0,4.0,33.0,dike_hemisphere,9,22.928122317909427,9.40354721634673,12.735654236958691,8.918854569614663,2.3508868040866826,3.183913559239673,2.2297136424036657,0.002662565326318145,0.0013071185676380992,0.0013071185676380992,False,False,,,0,False
v4_branch_6f2685297667dd2218db,7,28,new_center,parent_to_0.25,0.0,0.25,g007_6a84067c90cb5b58_0027,28,0.0,g006_p000013_g005_p000035_g004_p000013_g003_p000038_g002_p000025_g001_p000094_empty,g007_p000028_g006_p000013_g005_p000035_g004_p000013_g003_p000038_g002_p000025_g001_p000094_empty,4.0,4.0,34.0,ellipsoid,9,79.2934515046573,9.627179819135177,8.266202435201246,8.452146269872932,2.4067949547837943,2.0665506088003114,2.113036567468233,0.002582797547802329,0.0012273507891222835,0.0012273507891222835,False,False,,,0,False
v4_branch_a2d90a35238469bdae8b,7,29,new_center,parent_to_0.25,0.0,0.25,g007_6a84067c90cb5b58_0027,29,0.0,g006_p000013_g005_p000035_g004_p000013_g003_p000038_g002_p000025_g001_p000094_empty,g007_p000029_g006_p000013_g005_p000035_g004_p000013_g003_p000038_g002_p000025_g001_p000094_empty,4.0,4.0,35.0,dike_hemisphere,9,14.20194558446026,8.438056366771134,14.88679630481749,6.0822371098351615,2.1095140916927835,3.7216990762043727,1.5205592774587904,0.00224177329801023,0.0008863265393301845,0.0008863265393301845,False,False,,,0,False
v4_branch_8055babe588a426c6be4,7,30,new_center,parent_to_0.25,0.0,0.25,g007_6a84067c90cb5b58_0027,30,0.0,g006_p000013_g005_p000035_g004_p000013_g003_p000038_g002_p000025_g001_p000094_empty,g007_p000030_g006_p000013_g005_p000035_g004_p000013_g003_p000038_g002_p000025_g001_p000094_empty,4.0,4.0,36.0,dike_hemisphere,9,27.737900252389053,12.666486399676998,10.009106876332048,12.63181795503348,3.1666215999192495,2.502276719083012,3.15795448875837,0.002662565326318145,0.0013071185676380992,0.0013071185676380992,False,False,,,0,False
v4_branch_e0297565602f05520cd4,7,31,new_center,parent_to_0.25,0.0,0.25,g007_6a84067c90cb5b58_0027,31,0.0,g006_p000013_g005_p000035_g004_p000013_g003_p000038_g002_p000025_g001_p000094_empty,g007_p000031_g006_p000013_g005_p000035_g004_p000013_g003_p000038_g002_p000025_g001_p000094_empty,4.0,4.0,37.0,dike_hemisphere,9,54.54558209690862,7.538465230302501,13.080778250663347,13.912456931390675,1.8846163075756253,3.2701945626658366,3.478114232847669,0.0028183008544147015,0.0014628540957346559,0.0014628540957346559,False,False,,,0,False
v4_branch_983f8e80c37f2aca42d9,7,32,new_center,parent_to_0.25,0.0,0.25,g007_6a84067c90cb5b58_0027,32,0.0,g006_p000013_g005_p000035_g004_p000013_g003_p000038_g002_p000025_g001_p000094_empty,g007_p000032_g006_p000013_g005_p000035_g004_p000013_g003_p000038_g002_p000025_g001_p000094_empty,4.0,4.0,38.0,ellipsoid,9,160.40897237283139,15.667605820892911,10.0747813744305,9.212434031885724,3.9169014552232277,2.518695343607625,2.303108507971431,0.0029658698476850986,0.001610423089005053,0.001610423089005053,False,False,,,0,False
v4_branch_2eac460f2b7c7888c7a9,7,33,new_center,parent_to_0.25,0.0,0.25,g007_6a84067c90cb5b58_0027,33,0.0,g006_p000013_g005_p000035_g004_p000013_g003_p000038_g002_p000025_g001_p000094_empty,g007_p000033_g006_p000013_g005_p000035_g004_p000013_g003_p000038_g002_p000025_g001_p000094_empty,4.0,4.0,39.0,dike_hemisphere,9,28.479353442241216,14.586693049634354,14.398166846700882,12.362039521122735,3.6466732624085885,3.5995417116752204,3.090509880280684,0.002700705546885729,0.0013452587882056832,0.0013452587882056832,False,False,,,0,False
v4_branch_885ea2d3fbe39904d64d,7,34,new_center,parent_to_0.25,0.0,0.25,g007_6a84067c90cb5b58_0027,34,0.0,g006_p000013_g005_p000035_g004_p000013_g003_p000038_g002_p000025_g001_p000094_empty,g007_p000034_g006_p000013_g005_p000035_g004_p000013_g003_p000038_g002_p000025_g001_p000094_empty,4.0,4.0,40.0,dike_hemisphere,9,149.17513901999638,6.650043369394919,13.10240729073113,8.689918142968683,1.6625108423487298,3.2756018226827823,2.1724795357421707,0.0024119033478200436,0.001056456589139998,0.001056456589139998,False,False,,,0,False
v4_branch_f1c6fb459e16e0d979d3,7,35,new_center,parent_to_0.25,0.0,0.25,g007_6a84067c90cb5b58_0027,35,0.0,g006_p000013_g005_p000035_g004_p000013_g003_p000038_g002_p000025_g001_p000094_empty,g007_p000035_g006_p000013_g005_p000035_g004_p000013_g003_p000038_g002_p000025_g001_p000094_empty,4.0,4.0,41.0,dike_hemisphere,9,62.86236577311836,7.214144361115529,10.657682082535114,8.107805674796825,1.8035360902788822,2.6644205206337785,2.0269514186992064,0.001921389251947403,0.0005659424932673573,0.0005659424932673573,False,False,,,0,False
v4_branch_f0e2122c8de4f287a5fe,7,36,new_center,parent_to_0.25,0.0,0.25,g007_6a84067c90cb5b58_0027,36,0.0,g006_p000019_g005_p000035_g004_p000013_g003_p000038_g002_p000025_g001_p000094_empty,g007_p000036_g006_p000019_g005_p000035_g004_p000013_g003_p000038_g002_p000025_g001_p000094_empty,4.0,4.0,42.0,dike_hemisphere,9,63.02503213036894,11.857999803676563,10.778680848210135,8.869266818616975,2.9644999509191408,2.6946702120525337,2.2173167046542437,0.002662565326318145,0.0013071185676380992,0.0013071185676380992,False,False,,,0,False
v4_branch_9be77f125b00d341e6db,7,37,new_center,parent_to_0.25,0.0,0.25,g007_6a84067c90cb5b58_0027,37,0.0,g006_p000019_g005_p000035_g004_p000013_g003_p000038_g002_p000025_g001_p000094_empty,g007_p000037_g006_p000019_g005_p000035_g004_p000013_g003_p000038_g002_p000025_g001_p000094_empty,4.0,4.0,43.0,ellipsoid,9,2.396501791074721,10.749911532633421,8.009875678305416,10.576216727348156,2.6874778831583552,2.002468919576354,2.644054181837039,0.0025827945210039616,0.001227347762323916,0.001227347762323916,False,False,,,0,False
v4_branch_0e71574b964e52d5621b,7,38,new_center,parent_to_0.25,0.0,0.25,g007_6a84067c90cb5b58_0027,38,0.0,g006_p000019_g005_p000035_g004_p000013_g003_p000038_g002_p000025_g001_p000094_empty,g007_p000038_g006_p000019_g005_p000035_g004_p000013_g003_p000038_g002_p000025_g001_p000094_empty,4.0,4.0,44.0,dike_hemisphere,9,66.86679838558744,9.958823228161686,7.614949185372966,13.657150032176993,2.4897058070404214,1.9037372963432415,3.4142875080442483,0.0019213896011933684,0.0005659428425133228,0.0005659428425133228,False,False,,,0,False
v4_branch_ca2439fcb2c4fc718a52,7,39,new_center,parent_to_0.25,0.0,0.25,g007_6a84067c90cb5b58_0027,39,0.0,g006_p000019_g005_p000035_g004_p000013_g003_p000038_g002_p000025_g001_p000094_empty,g007_p000039_g006_p000019_g005_p000035_g004_p000013_g003_p000038_g002_p000025_g001_p000094_empty,4.0,4.0,45.0,ellipsoid,9,95.98316098807496,15.250234895632868,8.942361718705648,12.97414128581223,3.812558723908217,2.235590429676412,3.2435353214530576,0.00279926392249763,0.0014438171638175845,0.0014438171638175845,False,False,,,0,False
v4_branch_08b381dda3b2ee9b8c9b,7,40,new_center,parent_to_0.25,0.0,0.25,g007_6a84067c90cb5b58_0027,40,0.0,g006_p000019_g005_p000035_g004_p000013_g003_p000038_g002_p000025_g001_p000094_empty,g007_p000040_g006_p000019_g005_p000035_g004_p000013_g003_p000038_g002_p000025_g001_p000094_empty,4.0,4.0,46.0,dike_hemisphere,9,38.054718343886094,8.98169273546652,12.668492818323353,9.501937204346362,2.24542318386663,3.167123204580838,2.3754843010865905,0.002662563929334283,0.0013071171706542373,0.0013071171706542373,False,False,,,0,False
v4_branch_60f078f789580174c6c7,7,41,new_center,parent_to_0.25,0.0,0.25,g007_6a84067c90cb5b58_0027,41,0.0,g006_p000019_g005_p000035_g004_p000013_g003_p000038_g002_p000025_g001_p000094_empty,g007_p000041_g006_p000019_g005_p000035_g004_p000013_g003_p000038_g002_p000025_g001_p000094_empty,4.0,4.0,47.0,ellipsoid,9,133.1856693108628,7.7319400620492225,9.153690600527367,7.442032075876622,1.9329850155123056,2.288422650131842,1.8605080189691554,0.0026741481851786375,0.001318701426498592,0.001318701426498592,False,False,,,0,False
v4_branch_fddab92b67afc8d05376,7,42,new_center,parent_to_0.25,0.0,0.25,g007_6a84067c90cb5b58_0027,42,0.0,g006_p000019_g005_p000035_g004_p000013_g003_p000038_g002_p000025_g001_p000094_empty,g007_p000042_g006_p000019_g005_p000035_g004_p000013_g003_p000038_g002_p000025_g001_p000094_empty,4.0,4.0,48.0,dike_hemisphere,9,157.14939945243088,11.28079792897504,15.055742838870986,12.271971886816697,2.82019948224376,3.7639357097177464,3.0679929717041743,0.0028730295598506927,0.0015175828011706471,0.0015175828011706471,False,False,,,0,False
v4_branch_91fbb28351adbe612ce2,7,43,new_center,parent_to_0.25,0.0,0.25,g007_6a84067c90cb5b58_0027,43,0.0,g006_p000019_g005_p000035_g004_p000013_g003_p000038_g002_p000025_g001_p000094_empty,g007_p000043_g006_p000019_g005_p000035_g004_p000013_g003_p000038_g002_p000025_g001_p000094_empty,4.0,4.0,49.0,dike_hemisphere,9,163.4995777071336,13.009864118330562,10.848101777751012,6.735359331929396,3.2524660295826404,2.712025444437753,1.683839832982349,0.0026741481851786375,0.001318701426498592,0.001318701426498592,False,False,,,0,False
v4_branch_446f26fddb12deb7e9d0,7,44,new_center,parent_to_0.25,0.0,0.25,g007_6a84067c90cb5b58_0027,44,0.0,g006_p000019_g005_p000035_g004_p000013_g003_p000038_g002_p000025_g001_p000094_empty,g007_p000044_g006_p000019_g005_p000035_g004_p000013_g003_p000038_g002_p000025_g001_p000094_empty,4.0,4.0,50.0,ellipsoid,9,58.06398750921087,7.547072396771419,11.495567161834717,11.457777583858407,1.8867680991928548,2.8738917904586794,2.8644443959646018,0.0025827945210039616,0.001227347762323916,0.001227347762323916,False,False,,,0,False
v4_branch_8079eb1e8e2d087ad3d3,7,45,new_center,parent_to_0.25,0.0,0.25,g007_6a84067c90cb5b58_0027,45,0.0,g006_p000019_g005_p000035_g004_p000013_g003_p000038_g002_p000025_g001_p000094_empty,g007_p000045_g006_p000019_g005_p000035_g004_p000013_g003_p000038_g002_p000025_g001_p000094_empty,4.0,5.0,6.0,dike_hemisphere,9,94.14306278750634,7.918104612220464,14.23040524191142,13.037783577663454,1.979526153055116,3.557601310477855,3.2594458944158635,0.0018933593528345227,0.0005379125941544771,0.0005379125941544771,False,False,,,0,False
v4_branch_c5c59fccb46bb3847ca6,7,46,new_center,parent_to_0.25,0.0,0.25,g007_6a84067c90cb5b58_0027,46,0.0,g006_p000019_g005_p000035_g004_p000013_g003_p000038_g002_p000025_g001_p000094_empty,g007_p000046_g006_p000019_g005_p000035_g004_p000013_g003_p000038_g002_p000025_g001_p000094_empty,4.0,5.0,7.0,dike_hemisphere,9,107.01566222075381,12.731380542413108,6.259587927022828,13.64515978855781,3.182845135603277,1.564896981755707,3.4112899471394527,0.0019213897176086903,0.0005659429589286447,0.0005659429589286447,False,False,,,0,False
v4_branch_85f7e366fe84711aca34,7,47,new_center,parent_to_0.25,0.0,0.25,g007_6a84067c90cb5b58_0027,47,0.0,g006_p000019_g005_p000035_g004_p000013_g003_p000038_g002_p000025_g001_p000094_empty,g007_p000047_g006_p000019_g005_p000035_g004_p000013_g003_p000038_g002_p000025_g001_p000094_empty,4.0,5.0,8.0,ellipsoid,9,43.85314394880254,8.553131742370418,6.804316026282439,10.068196249729542,2.1382829355926045,1.7010790065706098,2.5170490624323856,0.0015555579448118806,0.00020011118613183498,0.00020011118613183498,False,False,,,0,False
v4_branch_88bc3eaed59928dbe963,7,48,new_center,parent_to_0.25,0.0,0.25,g007_6a84067c90cb5b58_0027,48,0.0,g006_p000025_g005_p000045_g004_p000019_g003_p000038_g002_p000025_g001_p000094_empty,g007_p000048_g006_p000025_g005_p000045_g004_p000019_g003_p000038_g002_p000025_g001_p000094_empty,4.0,5.0,9.0,dike_hemisphere,9,173.40779046271462,8.739159826016397,8.513031322523995,8.740416349478217,2.1847899565040994,2.1282578306309987,2.185104087369554,0.002582797547802329,0.0012273507891222835,0.0012273507891222835,False,False,,,0,False
v4_branch_a1ed1507c021b7f5a4f3,7,49,new_center,parent_to_0.25,0.0,0.25,g007_6a84067c90cb5b58_0027,49,0.0,g006_p000025_g005_p000045_g004_p000019_g003_p000038_g002_p000025_g001_p000094_empty,g007_p000049_g006_p000025_g005_p000045_g004_p000019_g003_p000038_g002_p000025_g001_p000094_empty,4.0,5.0,10.0,ellipsoid,9,94.53422887780997,6.493645766600465,11.80469630736618,11.78131029812811,1.6234114416501162,2.951174076841545,2.9453275745320275,0.0018933593528345227,0.0005379125941544771,0.0005379125941544771,False,False,,,0,False
v4_branch_f5ac5107601782c4b5a2,7,50,new_center,parent_to_0.25,0.0,0.25,g007_6a84067c90cb5b58_0027,50,0.0,g006_p000025_g005_p000045_g004_p000019_g003_p000038_g002_p000025_g001_p000094_empty,g007_p000050_g006_p000025_g005_p000045_g004_p000019_g003_p000038_g002_p000025_g001_p000094_empty,4.0,5.0,11.0,dike_hemisphere,9,176.14768073611057,10.584515443441227,10.402031351567802,12.129194821093991,2.6461288608603066,2.6005078378919504,3.0322987052734978,0.0022279396653175354,0.0008724929066374898,0.0008724929066374898,False,False,,,0,False
v4_branch_5c8842d91f8760defcba,7,51,new_center,parent_to_0.25,0.0,0.25,g007_6a84067c90cb5b58_0027,51,0.0,g006_p000025_g005_p000045_g004_p000019_g003_p000038_g002_p000025_g001_p000094_empty,g007_p000051_g006_p000025_g005_p000045_g004_p000019_g003_p000038_g002_p000025_g001_p000094_empty,4.0,5.0,12.0,dike_hemisphere,9,153.46979048978676,8.768904373582401,7.897516502248301,10.622064871922516,2.1922260933956004,1.9743791255620753,2.655516217980629,0.0021319712977856398,0.0007765245391055942,0.0007765245391055942,False,False,,,0,False
v4_branch_ed0b847bd2eaeada5135,7,52,new_center,parent_to_0.25,0.0,0.25,g007_6a84067c90cb5b58_0027,52,0.0,g006_p000025_g005_p000045_g004_p000019_g003_p000038_g002_p000025_g001_p000094_empty,g007_p000052_g006_p000025_g005_p000045_g004_p000019_g003_p000038_g002_p000025_g001_p000094_empty,4.0,5.0,13.0,ellipsoid,9,133.47382996990547,15.996211463741526,6.816751815276163,6.710351274490974,3.9990528659353815,1.7041879538190408,1.6775878186227435,0.003045756136998534,0.0016903093783184886,0.0016903093783184886,False,False,,,0,False
v4_branch_61634ee8bc2e6b2c1681,7,53,new_center,parent_to_0.25,0.0,0.25,g007_6a84067c90cb5b58_0027,53,0.0,g006_p000025_g005_p000045_g004_p000019_g003_p000038_g002_p000025_g001_p000094_empty,g007_p000053_g006_p000025_g005_p000045_g004_p000019_g003_p000038_g002_p000025_g001_p000094_empty,4.0,5.0,14.0,ellipsoid,9,15.215455678193155,15.53311270751599,10.774224366369827,12.185708650933602,3.8832781768789975,2.693556091592457,3.0464271627334005,0.003000156953930855,0.0016447101952508092,0.0016447101952508092,False,False,,,0,False
v4_branch_3dbe56da79a3323c164c,7,54,new_center,parent_to_0.25,0.0,0.25,g007_6a84067c90cb5b58_0027,54,0.0,g006_p000025_g005_p000045_g004_p000019_g003_p000038_g002_p000025_g001_p000094_empty,g007_p000054_g006_p000025_g005_p000045_g004_p000019_g003_p000038_g002_p000025_g001_p000094_empty,4.0,5.0,15.0,dike_hemisphere,9,103.72481285785818,15.882835089359588,14.374209808477111,11.552932696174953,3.970708772339897,3.593552452119278,2.888233174043738,0.002720433520153165,0.0013649867614731193,0.0013649867614731193,False,False,,,0,False
v4_branch_a0c37350512daf640a18,7,55,new_center,parent_to_0.25,0.0,0.25,g007_6a84067c90cb5b58_0027,55,0.0,g006_p000025_g005_p000045_g004_p000019_g003_p000038_g002_p000025_g001_p000094_empty,g007_p000055_g006_p000025_g005_p000045_g004_p000019_g003_p000038_g002_p000025_g001_p000094_empty,4.0,5.0,16.0,ellipsoid,9,3.54318540974059,15.117952847596303,14.898303422880707,10.280627007978005,3.779488211899076,3.7245758557201767,2.570156751994501,0.0030001613777130842,0.0016447146190330386,0.0016447146190330386,False,False,,,0,False
v4_branch_8963f5e342e304275acf,7,56,new_center,parent_to_0.25,0.0,0.25,g007_6a84067c90cb5b58_0027,56,0.0,g006_p000025_g005_p000045_g004_p000019_g003_p000038_g002_p000025_g001_p000094_empty,g007_p000056_g006_p000025_g005_p000045_g004_p000019_g003_p000038_g002_p000025_g001_p000094_empty,4.0,5.0,17.0,dike_hemisphere,9,123.24126679353068,10.030922475062905,7.252564039888252,11.321836222998371,2.5077306187657262,1.813141009972063,2.830459055749593,0.0021319712977856398,0.0007765245391055942,0.0007765245391055942,False,False,,,0,False
v4_branch_a9b4bec3344191ede8dd,7,57,new_center,parent_to_0.25,0.0,0.25,g007_6a84067c90cb5b58_0027,57,0.0,g006_p000025_g005_p000045_g004_p000019_g003_p000038_g002_p000025_g001_p000094_empty,g007_p000057_g006_p000025_g005_p000045_g004_p000019_g003_p000038_g002_p000025_g001_p000094_empty,4.0,5.0,18.0,ellipsoid,9,131.62358823129043,11.698523604912424,8.40558767975068,9.51983960071903,2.924630901228106,2.10139691993767,2.3799599001797573,0.0029658698476850986,0.001610423089005053,0.001610423089005053,False,False,,,0,False
v4_branch_a851c98ffb7a75b25f48,7,58,new_center,parent_to_0.25,0.0,0.25,g007_6a84067c90cb5b58_0027,58,0.0,g006_p000025_g005_p000045_g004_p000019_g003_p000038_g002_p000025_g001_p000094_empty,g007_p000058_g006_p000025_g005_p000045_g004_p000019_g003_p000038_g002_p000025_g001_p000094_empty,4.0,5.0,19.0,dike_hemisphere,9,164.48532175892018,15.188144208707733,12.404028955728084,12.178373386588499,3.7970360521769333,3.101007238932021,3.0445933466471247,0.0028730309568345547,0.001517584198154509,0.001517584198154509,False,False,,,0,False
v4_branch_88f397668f8ba1df7729,7,59,new_center,parent_to_0.25,0.0,0.25,g007_6a84067c90cb5b58_0027,59,0.0,g006_p000025_g005_p000045_g004_p000019_g003_p000038_g002_p000025_g001_p000094_empty,g007_p000059_g006_p000025_g005_p000045_g004_p000019_g003_p000038_g002_p000025_g001_p000094_empty,4.0,5.0,20.0,ellipsoid,9,30.734369713522824,12.134241315489163,6.3446100249708115,6.860163339924179,3.0335603288722908,1.5861525062427029,1.7150408349810446,0.0022417735308408737,0.0008863267721608281,0.0008863267721608281,False,False,,,0,False
v4_branch_5dbc0b13e8551021c040,7,60,new_center,parent_to_0.25,0.0,0.25,g007_6a84067c90cb5b58_0027,60,0.0,g006_p000031_g005_p000045_g004_p000019_g003_p000038_g002_p000025_g001_p000094_empty,g007_p000060_g006_p000031_g005_p000045_g004_p000019_g003_p000038_g002_p000025_g001_p000094_empty,4.0,5.0,21.0,dike_hemisphere,9,97.95511144915045,13.789262882592809,7.94839591037831,11.454060192975557,3.447315720648202,1.9870989775945775,2.8635150482438894,0.0019213897176086903,0.0005659429589286447,0.0005659429589286447,False,False,,,0,False
v4_branch_af6e5389103616fcea65,7,61,new_center,parent_to_0.25,0.0,0.25,g007_6a84067c90cb5b58_0027,61,0.0,g006_p000031_g005_p000045_g004_p000019_g003_p000038_g002_p000025_g001_p000094_empty,g007_p000061_g006_p000031_g005_p000045_g004_p000019_g003_p000038_g002_p000025_g001_p000094_empty,4.0,5.0,22.0,dike_hemisphere,9,119.28876560235835,9.515278611718134,12.515275572889328,9.067410515185536,2.3788196529295336,3.128818893222332,2.266852628796384,0.0026625660248100758,0.0013071192661300302,0.0013071192661300302,False,False,,,0,False
v4_branch_20b2d29592c02ce7fe2e,7,62,new_center,parent_to_0.25,0.0,0.25,g007_6a84067c90cb5b58_0027,62,0.0,g006_p000031_g005_p000045_g004_p000019_g003_p000038_g002_p000025_g001_p000094_empty,g007_p000062_g006_p000031_g005_p000045_g004_p000019_g003_p000038_g002_p000025_g001_p000094_empty,4.0,5.0,23.0,ellipsoid,9,22.463146265480365,13.719215902541338,14.925426363239366,9.90840230645357,3.4298039756353345,3.7313565908098414,2.4771005766133927,0.0030001613777130842,0.0016447146190330386,0.0016447146190330386,False,False,,,0,False
v4_branch_d24852acb3163f91deb2,7,63,new_center,parent_to_0.25,0.0,0.25,g007_6a84067c90cb5b58_0027,63,0.0,g006_p000031_g005_p000045_g004_p000019_g003_p000038_g002_p000025_g001_p000094_empty,g007_p000063_g006_p000031_g005_p000045_g004_p000019_g003_p000038_g002_p000025_g001_p000094_empty,4.0,5.0,24.0,ellipsoid,9,111.69921146500911,13.16183143351252,10.649863612433375,8.835350699036207,3.29045785837813,2.6624659031083437,2.2088376747590517,0.0029658707790076733,0.0016104240203276277,0.0016104240203276277,False,False,,,0,False
v4_branch_fd63acc21b6d715e5a9e,7,64,new_center,parent_to_0.25,0.0,0.25,g007_6a84067c90cb5b58_0027,64,0.0,g006_p000031_g005_p000045_g004_p000019_g003_p000038_g002_p000025_g001_p000094_empty,g007_p000064_g006_p000031_g005_p000045_g004_p000019_g003_p000038_g002_p000025_g001_p000094_empty,4.0,5.0,25.0,dike_hemisphere,9,171.70327689883368,12.527378055936829,8.661484174330324,7.935593986804961,3.1318445139842073,2.165371043582581,1.9838984967012403,0.0022417735308408737,0.0008863267721608281,0.0008863267721608281,False,False,,,0,False
v4_branch_cf1b09aaf42c5a515efe,7,65,new_center,parent_to_0.25,0.0,0.25,g007_6a84067c90cb5b58_0027,65,0.0,g006_p000031_g005_p000045_g004_p000019_g003_p000038_g002_p000025_g001_p000094_empty,g007_p000065_g006_p000031_g005_p000045_g004_p000019_g003_p000038_g002_p000025_g001_p000094_empty,4.0,5.0,26.0,ellipsoid,9,163.96990909654556,12.366641830177212,15.40136650185122,9.067959875123236,3.091660457544303,3.850341625462805,2.266989968780809,0.003304833546280861,0.0019493867876008153,0.0019493867876008153,False,False,,,0,False
v4_branch_e256e89568f62817959e,7,66,new_center,parent_to_0.25,0.0,0.25,g007_6a84067c90cb5b58_0027,66,0.0,g006_p000031_g005_p000045_g004_p000019_g003_p000038_g002_p000025_g001_p000094_empty,g007_p000066_g006_p000031_g005_p000045_g004_p000019_g003_p000038_g002_p000025_g001_p000094_empty,4.0,5.0,27.0,dike_hemisphere,9,23.71162073736349,15.296048103907884,15.266853296275716,9.01395573167246,3.824012025976971,3.816713324068929,2.253488932918115,0.0027400138787925243,0.0013845671201124787,0.0013845671201124787,False,False,,,0,False
v4_branch_99dd750e878ad23dc351,7,67,new_center,parent_to_0.25,0.0,0.25,g007_6a84067c90cb5b58_0027,67,0.0,g006_p000031_g005_p000045_g004_p000019_g003_p000038_g002_p000025_g001_p000094_empty,g007_p000067_g006_p000031_g005_p000045_g004_p000019_g003_p000038_g002_p000025_g001_p000094_empty,4.0,5.0,28.0,dike_hemisphere,9,112.34385721218563,7.201417471348623,11.019510811164524,9.745569278042208,1.8003543678371559,2.754877702791131,2.436392319510552,0.0019213911145925522,0.0005659443559125066,0.0005659443559125066,False,False,,,0,False
v4_branch_4d53cc8c15feb86fd425,7,68,new_center,parent_to_0.25,0.0,0.25,g007_6a84067c90cb5b58_0027,68,0.0,g006_p000031_g005_p000045_g004_p000019_g003_p000038_g002_p000025_g001_p000094_empty,g007_p000068_g006_p000031_g005_p000045_g004_p000019_g003_p000038_g002_p000025_g001_p000094_empty,4.0,5.0,29.0,dike_hemisphere,9,82.80178506520996,10.911001676214036,6.328637638843018,12.966866241320027,2.727750419053509,1.5821594097107545,3.2417165603300067,0.0019213911145925522,0.0005659443559125066,0.0005659443559125066,False,False,,,0,False
v4_branch_2865b06bb7c1dfb3cc15,7,69,new_center,parent_to_0.25,0.0,0.25,g007_6a84067c90cb5b58_0027,69,0.0,g006_p000031_g005_p000045_g004_p000019_g003_p000038_g002_p000025_g001_p000094_empty,g007_p000069_g006_p000031_g005_p000045_g004_p000019_g003_p000038_g002_p000025_g001_p000094_empty,4.0,5.0,30.0,ellipsoid,9,34.581301203483164,8.849603010278933,15.200048531046757,11.763471691630446,2.2124007525697333,3.8000121327616894,2.9408679229076116,0.002799269277602434,0.0014438225189223886,0.0014438225189223886,False,False,,,0,False
v4_branch_13779132dbe5b01623f7,7,70,new_center,parent_to_0.25,0.0,0.25,g007_6a84067c90cb5b58_0027,70,0.0,g006_p000031_g005_p000045_g004_p000019_g003_p000038_g002_p000025_g001_p000094_empty,g007_p000070_g006_p000031_g005_p000045_g004_p000019_g003_p000038_g002_p000025_g001_p000094_empty,4.0,5.0,31.0,ellipsoid,9,30.78906712032027,6.162289865804936,15.179595497356761,7.415898293181115,1.540572466451234,3.7948988743391903,1.8539745732952788,0.002674151910468936,0.0013187051517888904,0.0013187051517888904,False,False,,,0,False
v4_branch_eefcffe96f5894ca4d3a,7,71,new_center,parent_to_0.25,0.0,0.25,g007_6a84067c90cb5b58_0027,71,0.0,g006_p000031_g005_p000045_g004_p000019_g003_p000038_g002_p000025_g001_p000094_empty,g007_p000071_g006_p000031_g005_p000045_g004_p000019_g003_p000038_g002_p000025_g001_p000094_empty,4.0,5.0,32.0,ellipsoid,9,170.85038787788082,15.777478772906381,11.31994479592639,7.938143188368676,3.9443696932265953,2.8299861989815973,1.984535797092169,0.0033767102286219597,0.002021263469941914,0.002021263469941914,False,False,,,0,False
v4_branch_fc280623ed70d8de3072,7,72,new_center,parent_to_0.25,0.0,0.25,g007_6a84067c90cb5b58_0027,72,0.0,g006_p000037_g005_p000042_g004_p000019_g003_p000038_g002_p000025_g001_p000094_empty,g007_p000072_g006_p000037_g005_p000042_g004_p000019_g003_p000038_g002_p000025_g001_p000094_empty,4.0,5.0,33.0,dike_hemisphere,9,25.445759597883722,7.071278364568332,12.953096583763413,12.564186456006006,1.767819591142083,3.2382741459408533,3.1410466140015014,0.0024119033478200436,0.001056456589139998,0.001056456589139998,False,False,,,0,False
v4_branch_c8755a1126f1b1319ed1,7,73,new_center,parent_to_0.25,0.0,0.25,g007_6a84067c90cb5b58_0027,73,0.0,g006_p000037_g005_p000042_g004_p000019_g003_p000038_g002_p000025_g001_p000094_empty,g007_p000073_g006_p000037_g005_p000042_g004_p000019_g003_p000038_g002_p000025_g001_p000094_empty,4.0,5.0,34.0,dike_hemisphere,9,148.6595622135693,14.93485820104816,13.212047857202396,13.813756326758043,3.73371455026204,3.303011964300599,3.4534390816895106,0.002700705546885729,0.0013452587882056832,0.0013452587882056832,False,False,,,0,False
v4_branch_d10f47d51344bc1dff19,7,74,new_center,parent_to_0.25,0.0,0.25,g007_6a84067c90cb5b58_0027,74,0.0,g006_p000037_g005_p000042_g004_p000019_g003_p000038_g002_p000025_g001_p000094_empty,g007_p000074_g006_p000037_g005_p000042_g004_p000019_g003_p000038_g002_p000025_g001_p000094_empty,4.0,5.0,35.0,dike_hemisphere,9,148.61312060407323,9.87246760650484,9.104916997854806,7.504073592541029,2.46811690162621,2.2762292494637015,1.8760183981352572,0.002674151910468936,0.0013187051517888904,0.0013187051517888904,False,False,,,0,False
v4_branch_de573189b494944cbfaf,7,75,new_center,parent_to_0.25,0.0,0.25,g007_6a84067c90cb5b58_0027,75,0.0,g006_p000037_g005_p000042_g004_p000019_g003_p000038_g002_p000025_g001_p000094_empty,g007_p000075_g006_p000037_g005_p000042_g004_p000019_g003_p000038_g002_p000025_g001_p000094_empty,4.0,5.0,36.0,ellipsoid,9,110.94717348654717,11.322490913992107,7.450394436433929,13.604189707497536,2.8306227284980268,1.8625986091084823,3.401047426874384,0.0018933593528345227,0.0005379125941544771,0.0005379125941544771,False,False,,,0,False
v4_branch_0ee5c3987edb20179ad7,7,76,new_center,parent_to_0.25,0.0,0.25,g007_6a84067c90cb5b58_0027,76,0.0,g006_p000037_g005_p000042_g004_p000019_g003_p000038_g002_p000025_g001_p000094_empty,g007_p000076_g006_p000037_g005_p000042_g004_p000019_g003_p000038_g002_p000025_g001_p000094_empty,4.0,5.0,37.0,dike_hemisphere,9,64.98739701176272,9.18066256187591,13.46219966990001,11.424013214479825,2.2951656404689773,3.3655499174750023,2.856003303619956,0.002662565326318145,0.0013071185676380992,0.0013071185676380992,False,False,,,0,False
v4_branch_fc2d570d0562368c68a4,7,77,new_center,parent_to_0.25,0.0,0.25,g007_6a84067c90cb5b58_0027,77,0.0,g006_p000037_g005_p000042_g004_p000019_g003_p000038_g002_p000025_g001_p000094_empty,g007_p000077_g006_p000037_g005_p000042_g004_p000019_g003_p000038_g002_p000025_g001_p000094_empty,4.0,5.0,38.0,dike_hemisphere,9,82.53954907841066,8.931997926025502,10.650128750832463,12.800612647621158,2.2329994815063756,2.662532187708116,3.2001531619052894,0.0024119033478200436,0.001056456589139998,0.001056456589139998,False,False,,,0,False
v4_branch_bbfdaecb7a672df4083d,7,78,new_center,parent_to_0.25,0.0,0.25,g007_6a84067c90cb5b58_0027,78,0.0,g006_p000037_g005_p000042_g004_p000019_g003_p000038_g002_p000025_g001_p000094_empty,g007_p000078_g006_p000037_g005_p000042_g004_p000019_g003_p000038_g002_p000025_g001_p000094_empty,4.0,5.0,39.0,dike_hemisphere,9,1.6369290708587725,14.763554561890716,6.652680217439444,11.006185283411037,3.690888640472679,1.663170054359861,2.7515463208527593,0.001921389251947403,0.0005659424932673573,0.0005659424932673573,False,False,,,0,False
v4_branch_1ba60872cc3ce3970baa,7,79,new_center,parent_to_0.25,0.0,0.25,g007_6a84067c90cb5b58_0027,79,0.0,g006_p000037_g005_p000042_g004_p000019_g003_p000038_g002_p000025_g001_p000094_empty,g007_p000079_g006_p000037_g005_p000042_g004_p000019_g003_p000038_g002_p000025_g001_p000094_empty,4.0,5.0,40.0,ellipsoid,9,123.7062640176323,13.680136772261523,11.46919303321193,11.798701015783237,3.420034193065381,2.8672982583029825,2.9496752539458093,0.003000156953930855,0.0016447101952508092,0.0016447101952508092,False,False,,,0,False
v4_branch_18317bf96139f8bf6872,7,80,new_center,parent_to_0.25,0.0,0.25,g007_6a84067c90cb5b58_0027,80,0.0,g006_p000037_g005_p000042_g004_p000019_g003_p000038_g002_p000025_g001_p000094_empty,g007_p000080_g006_p000037_g005_p000042_g004_p000019_g003_p000038_g002_p000025_g001_p000094_empty,4.0,5.0,41.0,ellipsoid,9,104.2470499397433,10.153755929970472,7.3098814604930915,11.782070670145522,2.538438982492618,1.8274703651232729,2.9455176675363806,0.0021319712977856398,0.0007765245391055942,0.0007765245391055942,False,False,,,0,False
v4_branch_011bda62c19863766d36,7,81,new_center,parent_to_0.25,0.0,0.25,g007_6a84067c90cb5b58_0027,81,0.0,g006_p000037_g005_p000042_g004_p000019_g003_p000038_g002_p000025_g001_p000094_empty,g007_p000081_g006_p000037_g005_p000042_g004_p000019_g003_p000038_g002_p000025_g001_p000094_empty,4.0,5.0,42.0,dike_hemisphere,9,175.26928463135002,6.514242804042995,14.129180829346813,13.463980226348454,1.6285607010107488,3.5322952073367033,3.3659950565871135,0.0018933593528345227,0.0005379125941544771,0.0005379125941544771,False,False,,,0,False
v4_branch_9e029e23f565ecbe7a79,7,82,new_center,parent_to_0.25,0.0,0.25,g007_6a84067c90cb5b58_0027,82,0.0,g006_p000037_g005_p000042_g004_p000019_g003_p000038_g002_p000025_g001_p000094_empty,g007_p000082_g006_p000037_g005_p000042_g004_p000019_g003_p000038_g002_p000025_g001_p000094_empty,4.0,5.0,43.0,ellipsoid,9,39.21819349592249,6.94571539127351,14.667275633182454,8.931092945519058,1.7364288478183776,3.6668189082956135,2.2327732363797645,0.0029658658895641565,0.001610419130884111,0.001610419130884111,False,False,,,0,False
v4_branch_a047d83c749ce467e271,7,83,new_center,parent_to_0.25,0.0,0.25,g007_6a84067c90cb5b58_0027,83,0.0,g006_p000037_g005_p000042_g004_p000019_g003_p000038_g002_p000025_g001_p000094_empty,g007_p000083_g006_p000037_g005_p000042_g004_p000019_g003_p000038_g002_p000025_g001_p000094_empty,4.0,5.0,44.0,ellipsoid,9,161.35528557501672,9.961508252118316,13.324409894361041,9.98783712889271,2.490377063029579,3.3311024735902603,2.4969592822231776,0.0029658661223948,0.0016104193637147546,0.0016104193637147546,False,False,,,0,False
v4_branch_6b1d82eb16d8c762ecdc,7,84,new_center,parent_to_0.25,0.0,0.25,g007_6a84067c90cb5b58_0027,84,0.0,g006_p000043_g005_p000042_g004_p000019_g003_p000038_g002_p000025_g001_p000094_empty,g007_p000084_g006_p000043_g005_p000042_g004_p000019_g003_p000038_g002_p000025_g001_p000094_empty,4.0,5.0,45.0,ellipsoid,9,115.48017387374276,11.44211224152308,12.357916784912806,13.47880166387906,2.86052806038077,3.0894791962282016,3.369700415969765,0.0030001553241163492,0.0016447085654363036,0.0016447085654363036,False,False,,,0,False
v4_branch_2a9773670ada10aabfaa,7,85,new_center,parent_to_0.25,0.0,0.25,g007_6a84067c90cb5b58_0027,85,0.0,g006_p000043_g005_p000042_g004_p000019_g003_p000038_g002_p000025_g001_p000094_empty,g007_p000085_g006_p000043_g005_p000042_g004_p000019_g003_p000038_g002_p000025_g001_p000094_empty,4.0,5.0,46.0,dike_hemisphere,9,168.56543406223423,11.245590864895455,8.782792898808735,7.63731659601545,2.8113977162238637,2.1956982247021837,1.9093291490038624,0.0022417705040425062,0.0008863237453624606,0.0008863237453624606,False,False,,,0,False
v4_branch_54b7c4b54b9d4f0dc10a,7,86,new_center,parent_to_0.25,0.0,0.25,g007_6a84067c90cb5b58_0027,86,0.0,g006_p000043_g005_p000042_g004_p000019_g003_p000038_g002_p000025_g001_p000094_empty,g007_p000086_g006_p000043_g005_p000042_g004_p000019_g003_p000038_g002_p000025_g001_p000094_empty,4.0,5.0,47.0,dike_hemisphere,9,138.68259500591935,7.374355395837724,10.358196719002311,7.513543600034078,1.843588848959431,2.589549179750578,1.8783859000085195,0.0017029393929988146,0.000347492634318769,0.000347492634318769,False,False,,,0,False
v4_branch_7c220f1385004f8cd373,7,87,new_center,parent_to_0.25,0.0,0.25,g007_6a84067c90cb5b58_0027,87,0.0,g006_p000043_g005_p000042_g004_p000019_g003_p000038_g002_p000025_g001_p000094_empty,g007_p000087_g006_p000043_g005_p000042_g004_p000019_g003_p000038_g002_p000025_g001_p000094_empty,4.0,5.0,48.0,dike_hemisphere,9,149.15898560341492,7.839736728657844,14.265080651175529,6.039471538949166,1.959934182164461,3.566270162793882,1.5098678847372915,0.0026741481851786375,0.001318701426498592,0.001318701426498592,False,False,,,0,False
v4_branch_77e2b08c11e54f08a7d9,7,88,new_center,parent_to_0.25,0.0,0.25,g007_6a84067c90cb5b58_0027,88,0.0,g006_p000043_g005_p000042_g004_p000019_g003_p000038_g002_p000025_g001_p000094_empty,g007_p000088_g006_p000043_g005_p000042_g004_p000019_g003_p000038_g002_p000025_g001_p000094_empty,4.0,5.0,49.0,ellipsoid,9,71.10400971613154,10.008707213474324,11.606488060133133,10.648652545123149,2.502176803368581,2.901622015033283,2.662163136280787,0.0025827945210039616,0.001227347762323916,0.001227347762323916,False,False,,,0,False
v4_branch_d68b518f42fbc9884888,7,89,new_center,parent_to_0.25,0.0,0.25,g007_6a84067c90cb5b58_0027,89,0.0,g006_p000043_g005_p000042_g004_p000019_g003_p000038_g002_p000025_g001_p000094_empty,g007_p000089_g006_p000043_g005_p000042_g004_p000019_g003_p000038_g002_p000025_g001_p000094_empty,4.0,5.0,50.0,ellipsoid,9,176.7320728033706,8.660380357106554,15.856342205685277,8.713612641964701,2.1650950892766385,3.964085551421319,2.1784031604911753,0.0025827945210039616,0.001227347762323916,0.001227347762323916,False,False,,,0,False
v4_branch_3bc81fd0aaf3ed688d4f,7,90,new_center,parent_to_0.25,0.0,0.25,g007_6a84067c90cb5b58_0027,90,0.0,g006_p000043_g005_p000042_g004_p000019_g003_p000038_g002_p000025_g001_p000094_empty,g007_p000090_g006_p000043_g005_p000042_g004_p000019_g003_p000038_g002_p000025_g001_p000094_empty,4.0,6.0,6.0,ellipsoid,9,17.75283506669788,9.45739391835054,9.76797899477815,13.58404695314399,2.364348479587635,2.4419947486945377,3.3960117382859973,0.002582797547802329,0.0012273507891222835,0.0012273507891222835,False,False,,,0,False
v4_branch_ce1e22ea32dfc4ec88df,7,91,new_center,parent_to_0.25,0.0,0.25,g007_6a84067c90cb5b58_0027,91,0.0,g006_p000043_g005_p000042_g004_p000019_g003_p000038_g002_p000025_g001_p000094_empty,g007_p000091_g006_p000043_g005_p000042_g004_p000019_g003_p000038_g002_p000025_g001_p000094_empty,4.0,6.0,7.0,ellipsoid,9,82.75388665370944,8.330919387687887,13.794735805752016,12.498962477507746,2.0827298469219717,3.448683951438004,3.1247406193769365,0.0023896340280771255,0.00103418726939708,0.00103418726939708,False,False,,,0,False
v4_branch_e4aaf7c98276a8007272,7,92,new_center,parent_to_0.25,0.0,0.25,g007_6a84067c90cb5b58_0027,92,0.0,g006_p000043_g005_p000042_g004_p000019_g003_p000038_g002_p000025_g001_p000094_empty,g007_p000092_g006_p000043_g005_p000042_g004_p000019_g003_p000038_g002_p000025_g001_p000094_empty,4.0,6.0,8.0,ellipsoid,9,31.99977868397694,11.285312336216258,9.702975279119354,9.603106573222297,2.8213280840540644,2.4257438197798384,2.400776643305574,0.002582797547802329,0.0012273507891222835,0.0012273507891222835,False,False,,,0,False
v4_branch_7ecc6b7fe2c810b6e422,7,93,new_center,parent_to_0.25,0.0,0.25,g007_6a84067c90cb5b58_0027,93,0.0,g006_p000043_g005_p000042_g004_p000019_g003_p000038_g002_p000025_g001_p000094_empty,g007_p000093_g006_p000043_g005_p000042_g004_p000019_g003_p000038_g002_p000025_g001_p000094_empty,4.0,6.0,9.0,dike_hemisphere,9,27.960036516596546,10.441105445382671,13.907953692244387,8.732907225916174,2.610276361345668,3.476988423061097,2.1832268064790434,0.0024971370585262775,0.001141690299846232,0.001141690299846232,False,False,,,0,False
v4_branch_2e93c722082d5b7a679e,7,94,new_center,parent_to_0.25,0.0,0.25,g007_6a84067c90cb5b58_0027,94,0.0,g006_p000043_g005_p000042_g004_p000019_g003_p000038_g002_p000025_g001_p000094_empty,g007_p000094_g006_p000043_g005_p000042_g004_p000019_g003_p000038_g002_p000025_g001_p000094_empty,4.0,6.0,10.0,dike_hemisphere,9,46.51946841631767,6.284087989541816,9.331830016851214,10.568513794789347,1.571021997385454,2.3329575042128035,2.6421284486973367,0.0015555579448118806,0.00020011118613183498,0.00020011118613183498,False,False,,,0,False
v4_branch_96ca3d354f9eb435a93a,7,95,new_center,parent_to_0.25,0.0,0.25,g007_6a84067c90cb5b58_0027,95,0.0,g006_p000043_g005_p000042_g004_p000019_g003_p000038_g002_p000025_g001_p000094_empty,g007_p000095_g006_p000043_g005_p000042_g004_p000019_g003_p000038_g002_p000025_g001_p000094_empty,4.0,6.0,11.0,dike_hemisphere,9,9.176949487864654,7.914663327143778,15.66242365581506,11.509587126900954,1.9786658317859445,3.915605913953765,2.8773967817252384,0.0018933593528345227,0.0005379125941544771,0.0005379125941544771,False,False,,,0,False
v4_branch_61fbbce29cb1fe52bdc1,8,0,new_center,parent_to_0.25,0.0,0.25,g008_88f5167673a40865_0028,0,7.707858458161354e-07,g007_p000000_g006_p000001_g005_p000028_g004_p000013_g003_p000038_g002_p000025_g001_p000094_empty,g008_p000000_g007_p000000_g006_p000001_g005_p000028_g004_p000013_g003_p000038_g002_p000025_g001_p000094_empty,4.0,9.0,6.0,dike_hemisphere,9,179.40229862882995,14.426481586901918,15.947592281363173,6.066171629065933,3.6066203967254795,3.9868980703407932,1.5165429072664833,0.003461892018094659,0.0019063340732827783,0.0021064452594146132,False,False,,,0,False
v4_branch_5c6d8fd70a2bd55c4ad0,8,6,new_center,parent_to_0.25,0.0,0.25,g008_88f5167673a40865_0028,1,7.707858458161354e-07,g007_p000000_g006_p000001_g005_p000028_g004_p000013_g003_p000038_g002_p000025_g001_p000094_empty,g008_p000006_g007_p000000_g006_p000001_g005_p000028_g004_p000013_g003_p000038_g002_p000025_g001_p000094_empty,6.0,8.0,6.0,ellipsoid,9,107.01701502994102,6.861049255657252,15.730674694858415,12.98292151460538,1.715262313914313,3.9326686737146037,3.245730378651345,0.0020414048340171576,0.00048584688920527697,0.000685958075337112,False,False,,,0,False
v4_branch_39714eee705b935f1a8c,8,12,new_center,parent_to_0.25,0.0,0.25,g008_c79bcbe00df4824b_0029,0,9.043245654538623e-07,g007_p000011_g006_p000001_g005_p000028_g004_p000013_g003_p000038_g002_p000025_g001_p000094_empty,g008_p000012_g007_p000011_g006_p000001_g005_p000028_g004_p000013_g003_p000038_g002_p000025_g001_p000094_empty,4.0,4.0,14.0,dike_hemisphere,9,132.89131603683492,11.278033049229983,12.625995458831895,11.489494873429399,2.8195082623074956,3.1564988647079737,2.8723737183573497,0.002661498263478279,0.0011059403186663985,0.0013060515047982335,False,False,,,0,False
v4_branch_549ddb4c39c644878bd4,8,18,new_center,parent_to_0.25,0.0,0.25,g008_c79bcbe00df4824b_0029,1,9.043245654538623e-07,g007_p000011_g006_p000001_g005_p000028_g004_p000013_g003_p000038_g002_p000025_g001_p000094_empty,g008_p000018_g007_p000011_g006_p000001_g005_p000028_g004_p000013_g003_p000038_g002_p000025_g001_p000094_empty,4.0,5.0,15.0,dike_hemisphere,9,95.68394260447279,11.649790243756886,15.13912517400544,6.84962707481849,2.9124475609392215,3.78478129350136,1.7124067687046225,0.0029680358711630106,0.00141247792635113,0.001612589112482965,False,False,,,0,False
v4_branch_9368702bb77dba47841d,8,24,new_center,parent_to_0.25,0.0,0.25,g008_2d4dced6e64f3311_0030,0,9.043245654538623e-07,g007_p000047_g006_p000019_g005_p000035_g004_p000013_g003_p000038_g002_p000025_g001_p000094_empty,g008_p000024_g007_p000047_g006_p000019_g005_p000035_g004_p000013_g003_p000038_g002_p000025_g001_p000094_empty,4.0,4.0,6.0,dike_hemisphere,9,155.42108811831122,6.848677826453882,8.44536156645009,8.062204087098891,1.7121694566134704,2.1113403916125226,2.015551021774723,0.002184394747018814,0.0006288368022069335,0.0008289479883387685,False,False,,,0,False
v4_branch_e8d1ee1458816a2c6301,8,30,new_center,parent_to_0.25,0.0,0.25,g008_2d4dced6e64f3311_0030,1,9.043245654538623e-07,g007_p000047_g006_p000019_g005_p000035_g004_p000013_g003_p000038_g002_p000025_g001_p000094_empty,g008_p000030_g007_p000047_g006_p000019_g005_p000035_g004_p000013_g003_p000038_g002_p000025_g001_p000094_empty,4.0,6.0,6.0,ellipsoid,9,95.46580836827545,13.04013980400762,6.009125730007948,8.534886126149575,3.260034951001905,1.502281432501987,2.1337215315373936,0.0020193832460790873,0.00046382530126720667,0.0006639364873990417,False,False,,,0,False
v4_branch_36018f1790bd87515fe2,8,36,new_center,parent_to_0.25,0.0,0.25,g008_46cf5e576722ce52_0031,0,9.043245654538623e-07,g007_p000094_g006_p000043_g005_p000042_g004_p000019_g003_p000038_g002_p000025_g001_p000094_empty,g008_p000036_g007_p000094_g006_p000043_g005_p000042_g004_p000019_g003_p000038_g002_p000025_g001_p000094_empty,4.0,4.0,8.0,ellipsoid,9,20.682742080216418,6.254085154492928,7.523966693024407,6.908199521234601,1.563521288623232,1.8809916732561018,1.7270498803086503,0.0018661541398614645,0.0003105961950495839,0.0005107073811814189,False,False,,,0,False
v4_branch_f966f0b6c7276b6232d5,8,42,new_center,parent_to_0.25,0.0,0.25,g008_46cf5e576722ce52_0031,1,9.043245654538623e-07,g007_p000094_g006_p000043_g005_p000042_g004_p000019_g003_p000038_g002_p000025_g001_p000094_empty,g008_p000042_g007_p000094_g006_p000043_g005_p000042_g004_p000019_g003_p000038_g002_p000025_g001_p000094_empty,4.0,5.0,8.0,dike_hemisphere,9,83.33564331405442,14.923404192561526,7.762813471623064,7.523298021067619,3.7308510481403814,1.940703367905766,1.8808245052669048,0.00213498342782259,0.0005794254830107093,0.0007795366691425443,False,False,,,0,False
v4_branch_7051c88209bc99b27d62,8,48,new_center,parent_to_0.25,0.0,0.25,g008_702bd102831fe089_0032,0,9.044409807756892e-07,g007_p000023_g006_p000007_g005_p000028_g004_p000013_g003_p000038_g002_p000025_g001_p000094_empty,g008_p000048_g007_p000023_g006_p000007_g005_p000028_g004_p000013_g003_p000038_g002_p000025_g001_p000094_empty,4.0,4.0,26.0,ellipsoid,9,158.7050066659514,8.29459018227465,12.535618583318517,9.807638187798851,2.0736475455686625,3.133904645829629,2.4519095469497127,0.002964911749586463,0.001409352058544755,0.0016094649909064174,False,False,,,0,False
v4_branch_6a6fe044e4cf427fc07f,8,54,new_center,parent_to_0.25,0.0,0.25,g008_702bd102831fe089_0032,1,9.044409807756892e-07,g007_p000023_g006_p000007_g005_p000028_g004_p000013_g003_p000038_g002_p000025_g001_p000094_empty,g008_p000054_g007_p000023_g006_p000007_g005_p000028_g004_p000013_g003_p000038_g002_p000025_g001_p000094_empty,4.0,5.0,27.0,ellipsoid,9,139.61182143713853,15.305063595182544,8.29640001486279,12.144221476211936,3.826265898795636,2.0741000037156976,3.036055369052984,0.002531409962102771,0.0009758502710610628,0.0011759632034227252,False,False,,,0,False
v4_branch_ba744c5f6a01a37cf19e,8,60,new_center,parent_to_0.25,0.0,0.25,g008_5039b376d8d21606_0033,0,2.906313739003963e-06,g007_p000086_g006_p000043_g005_p000042_g004_p000019_g003_p000038_g002_p000025_g001_p000094_empty,g008_p000060_g007_p000086_g006_p000043_g005_p000042_g004_p000019_g003_p000038_g002_p000025_g001_p000094_empty,4.0,4.0,44.0,ellipsoid,9,20.096642675103634,7.826615743395336,9.748648747332572,9.57328523150749,1.956653935848834,2.437162186833143,2.3933213078768727,0.002341711428016424,0.0006387720350176096,0.0009862646693363786,False,False,,,0,False
v4_branch_a5dc967fedf2df2a9f0f,8,66,new_center,parent_to_0.25,0.0,0.25,g008_5039b376d8d21606_0033,1,2.906313739003963e-06,g007_p000086_g006_p000043_g005_p000042_g004_p000019_g003_p000038_g002_p000025_g001_p000094_empty,g008_p000066_g007_p000086_g006_p000043_g005_p000042_g004_p000019_g003_p000038_g002_p000025_g001_p000094_empty,4.0,5.0,43.0,ellipsoid,9,88.61919583682892,9.9658313773823,14.596756030370226,13.809923489156109,2.491457844345575,3.6491890075925566,3.4524808722890272,0.003162624081596732,0.0014596846885979176,0.0018071773229166865,False,False,,,0,False
v4_branch_793b16513964effb6c08,8,72,new_center,parent_to_0.25,0.0,0.25,g008_57756f7d190667e0_0034,0,2.906313739003963e-06,g007_p000025_g006_p000013_g005_p000035_g004_p000013_g003_p000038_g002_p000025_g001_p000094_empty,g008_p000072_g007_p000025_g006_p000013_g005_p000035_g004_p000013_g003_p000038_g002_p000025_g001_p000094_empty,4.0,4.0,27.0,ellipsoid,9,138.0927370061464,11.996505827236177,11.610717130170597,9.365145595931255,2.9991264568090443,2.9026792825426493,2.3412863989828137,0.0034529981203377247,0.0017500575631856918,0.002097551361657679,False,False,,,0,False
v4_branch_a176edbb60f8e25033da,8,78,new_center,parent_to_0.25,0.0,0.25,g008_57756f7d190667e0_0034,1,2.906313739003963e-06,g007_p000025_g006_p000013_g005_p000035_g004_p000013_g003_p000038_g002_p000025_g001_p000094_empty,g008_p000078_g007_p000025_g006_p000013_g005_p000035_g004_p000013_g003_p000038_g002_p000025_g001_p000094_empty,4.0,5.0,28.0,dike_hemisphere,9,37.616123287003234,9.150264947980972,7.599518901971598,10.402401768219896,2.287566236995243,1.8998797254928994,2.600600442054974,0.002758473390713334,0.0010555328335613012,0.0014030266320332885,False,False,,,0,False
v4_branch_1602f8ea93f553b10e18,8,84,new_center,parent_to_0.25,0.0,0.25,g008_8a5e9a2451b1be3c_0035,0,1.8540304154157639e-06,g007_p000045_g006_p000019_g005_p000035_g004_p000013_g003_p000038_g002_p000025_g001_p000094_empty,g008_p000084_g007_p000045_g006_p000019_g005_p000035_g004_p000013_g003_p000038_g002_p000025_g001_p000094_empty,6.0,9.0,6.0,ellipsoid,9,70.05402386061824,12.794492693602404,10.353483521943275,9.661238919591382,3.198623173400601,2.5883708804858188,2.4153097298978454,0.00324714626185596,0.0013537869090214372,0.0018916995031759143,False,False,,,0,False
v4_branch_16890b4a483cae68e06f,8,90,new_center,parent_to_0.25,0.0,0.25,g008_8a5e9a2451b1be3c_0035,1,1.5415716916322708e-06,g007_p000045_g006_p000019_g005_p000035_g004_p000013_g003_p000038_g002_p000025_g001_p000094_empty,g008_p000090_g007_p000045_g006_p000019_g005_p000035_g004_p000013_g003_p000038_g002_p000025_g001_p000094_empty,7.0,9.0,6.0,ellipsoid,9,13.035075095200721,6.226427236693803,13.68615746104745,8.647457504380974,1.5566068091734508,3.4215393652618626,2.1618643760952434,0.0025085604283958673,0.0006152010755613446,0.0011531136697158217,False,False,,,0,False
v4_branch_198b95e34ced087d8d16,9,0,new_center,parent_to_0.25,0.0,0.25,g009_0c28d07985f3c430_0036,0,0.0,g008_p000001_g007_p000000_g006_p000001_g005_p000028_g004_p000013_g003_p000038_g002_p000025_g001_p000094_empty,g009_p000000_g008_p000001_g007_p000000_g006_p000001_g005_p000028_g004_p000013_g003_p000038_g002_p000025_g001_p000094_empty,4.0,4.0,6.0,ellipsoid,9,49.79948475369369,9.975001744442459,10.832765157216688,6.064568885386493,2.4937504361106146,2.708191289304172,1.5161422213466234,0.002674151910468936,0.0013187051517888904,0.0013187051517888904,False,False,,,0,False
v4_branch_86c83ddf634f673705a9,9,1,new_center,parent_to_0.25,0.0,0.25,g009_0c28d07985f3c430_0036,1,0.0,g008_p000001_g007_p000000_g006_p000001_g005_p000028_g004_p000013_g003_p000038_g002_p000025_g001_p000094_empty,g009_p000001_g008_p000001_g007_p000000_g006_p000001_g005_p000028_g004_p000013_g003_p000038_g002_p000025_g001_p000094_empty,4.0,4.0,7.0,dike_hemisphere,9,33.57721839858904,8.251868704871365,10.98250725341692,13.699943263254738,2.062967176217841,2.74562681335423,3.4249858158136846,0.002411903813481331,0.0010564570548012853,0.0010564570548012853,False,False,,,0,False
v4_branch_566ec215754ababffe70,9,2,new_center,parent_to_0.25,0.0,0.25,g009_0c28d07985f3c430_0036,2,0.0,g008_p000001_g007_p000000_g006_p000001_g005_p000028_g004_p000013_g003_p000038_g002_p000025_g001_p000094_empty,g009_p000002_g008_p000001_g007_p000000_g006_p000001_g005_p000028_g004_p000013_g003_p000038_g002_p000025_g001_p000094_empty,4.0,4.0,8.0,ellipsoid,9,103.70806224369554,6.072381068687938,13.171603884140612,12.801574481619507,1.5180952671719845,3.292900971035153,3.200393620404877,0.0018933593528345227,0.0005379125941544771,0.0005379125941544771,False,False,,,0,False
v4_branch_05ad7a1b7d7a53e5634c,9,3,new_center,parent_to_0.25,0.0,0.25,g009_0c28d07985f3c430_0036,3,0.0,g008_p000001_g007_p000000_g006_p000001_g005_p000028_g004_p000013_g003_p000038_g002_p000025_g001_p000094_empty,g009_p000003_g008_p000001_g007_p000000_g006_p000001_g005_p000028_g004_p000013_g003_p000038_g002_p000025_g001_p000094_empty,4.0,4.0,9.0,dike_hemisphere,9,57.78717907485656,7.904124354069849,8.971688352434962,11.26119232679424,1.9760310885174623,2.2429220881087404,2.81529808169856,0.002582797547802329,0.0012273507891222835,0.0012273507891222835,False,False,,,0,False
v4_branch_d91334e49260a28928ac,9,4,new_center,parent_to_0.25,0.0,0.25,g009_0c28d07985f3c430_0036,4,0.0,g008_p000001_g007_p000000_g006_p000001_g005_p000028_g004_p000013_g003_p000038_g002_p000025_g001_p000094_empty,g009_p000004_g008_p000001_g007_p000000_g006_p000001_g005_p000028_g004_p000013_g003_p000038_g002_p000025_g001_p000094_empty,4.0,4.0,10.0,ellipsoid,9,154.2352326598381,15.135959717740791,7.972337325326492,12.589129936491453,3.7839899294351977,1.993084331331623,3.1472824841228633,0.0027992664836347103,0.0014438197249546647,0.0014438197249546647,False,False,,,0,False
v4_branch_407d8e2df3176f5a1e4b,9,5,new_center,parent_to_0.25,0.0,0.25,g009_0c28d07985f3c430_0036,5,0.0,g008_p000001_g007_p000000_g006_p000001_g005_p000028_g004_p000013_g003_p000038_g002_p000025_g001_p000094_empty,g009_p000005_g008_p000001_g007_p000000_g006_p000001_g005_p000028_g004_p000013_g003_p000038_g002_p000025_g001_p000094_empty,4.0,4.0,11.0,dike_hemisphere,9,154.26246947420194,9.079162219311502,10.528589362991283,12.002768754992612,2.2697905548278756,2.632147340747821,3.000692188748153,0.0022279396653175354,0.0008724929066374898,0.0008724929066374898,False,False,,,0,False
v4_branch_070a8b150077864eda53,9,6,new_center,parent_to_0.25,0.0,0.25,g009_0c28d07985f3c430_0036,6,0.0,g008_p000001_g007_p000000_g006_p000001_g005_p000028_g004_p000013_g003_p000038_g002_p000025_g001_p000094_empty,g009_p000006_g008_p000001_g007_p000000_g006_p000001_g005_p000028_g004_p000013_g003_p000038_g002_p000025_g001_p000094_empty,4.0,4.0,12.0,dike_hemisphere,9,131.42450544345112,12.11397592252743,8.76539835084014,6.86856676676765,3.0284939806318576,2.191349587710035,1.7171416916919124,0.002674151910468936,0.0013187051517888904,0.0013187051517888904,False,False,,,0,False
v4_branch_4aca8786789e50a90400,9,7,new_center,parent_to_0.25,0.0,0.25,g009_0c28d07985f3c430_0036,7,0.0,g008_p000001_g007_p000000_g006_p000001_g005_p000028_g004_p000013_g003_p000038_g002_p000025_g001_p000094_empty,g009_p000007_g008_p000001_g007_p000000_g006_p000001_g005_p000028_g004_p000013_g003_p000038_g002_p000025_g001_p000094_empty,4.0,4.0,13.0,ellipsoid,9,173.82517427812033,11.065269781506448,15.538019354859752,6.860416316576357,2.766317445376612,3.884504838714938,1.7151040791440892,0.0033767102286219597,0.002021263469941914,0.002021263469941914,False,False,,,0,False
v4_branch_4f899f711c9e095e9511,9,8,new_center,parent_to_0.25,0.0,0.25,g009_0c28d07985f3c430_0036,8,0.0,g008_p000001_g007_p000000_g006_p000001_g005_p000028_g004_p000013_g003_p000038_g002_p000025_g001_p000094_empty,g009_p000008_g008_p000001_g007_p000000_g006_p000001_g005_p000028_g004_p000013_g003_p000038_g002_p000025_g001_p000094_empty,4.0,4.0,14.0,ellipsoid,9,54.74378772077131,13.518519627942887,14.327973233772962,9.656918336933185,3.3796299069857216,3.5819933084432405,2.414229584233296,0.003304833546280861,0.0019493867876008153,0.0019493867876008153,False,False,,,0,False
v4_branch_b8d7c089f889e3a60b91,9,9,new_center,parent_to_0.25,0.0,0.25,g009_0c28d07985f3c430_0036,9,0.0,g008_p000001_g007_p000000_g006_p000001_g005_p000028_g004_p000013_g003_p000038_g002_p000025_g001_p000094_empty,g009_p000009_g008_p000001_g007_p000000_g006_p000001_g005_p000028_g004_p000013_g003_p000038_g002_p000025_g001_p000094_empty,4.0,4.0,15.0,ellipsoid,9,70.09807641654123,6.691563870336469,6.26049998824877,7.271688426321826,1.6728909675841173,1.5651249970621925,1.8179221065804565,0.0017029405571520329,0.00034749379847198725,0.00034749379847198725,False,False,,,0,False
v4_branch_f284acb6312ac73787c3,9,10,new_center,parent_to_0.25,0.0,0.25,g009_0c28d07985f3c430_0036,10,0.0,g008_p000001_g007_p000000_g006_p000001_g005_p000028_g004_p000013_g003_p000038_g002_p000025_g001_p000094_empty,g009_p000010_g008_p000001_g007_p000000_g006_p000001_g005_p000028_g004_p000013_g003_p000038_g002_p000025_g001_p000094_empty,4.0,4.0,16.0,ellipsoid,9,31.629024253042427,7.978590938768986,12.481988188735773,12.487484157442198,1.9946477346922464,3.1204970471839433,3.1218710393605495,0.002799269277602434,0.0014438225189223886,0.0014438225189223886,False,False,,,0,False
v4_branch_7faa0237c14efe666759,9,11,new_center,parent_to_0.25,0.0,0.25,g009_0c28d07985f3c430_0036,11,0.0,g008_p000001_g007_p000000_g006_p000001_g005_p000028_g004_p000013_g003_p000038_g002_p000025_g001_p000094_empty,g009_p000011_g008_p000001_g007_p000000_g006_p000001_g005_p000028_g004_p000013_g003_p000038_g002_p000025_g001_p000094_empty,4.0,4.0,17.0,ellipsoid,9,93.46844220882323,7.715830932134938,8.378028076354207,6.085090262106901,1.9289577330337344,2.0945070190885517,1.5212725655267252,0.0022417735308408737,0.0008863267721608281,0.0008863267721608281,False,False,,,0,False
v4_branch_22cbc36f8634cdb4e28a,9,12,new_center,parent_to_0.25,0.0,0.25,g009_0c28d07985f3c430_0036,12,0.0,g008_p000007_g007_p000000_g006_p000001_g005_p000028_g004_p000013_g003_p000038_g002_p000025_g001_p000094_empty,g009_p000012_g008_p000007_g007_p000000_g006_p000001_g005_p000028_g004_p000013_g003_p000038_g002_p000025_g001_p000094_empty,4.0,4.0,18.0,ellipsoid,9,73.12001822454806,14.71921328292672,6.9185196622722085,12.567304925361098,3.67980332073168,1.7296299155680521,3.1418262313402745,0.0018933593528345227,0.0005379125941544771,0.0005379125941544771,False,False,,,0,False
v4_branch_0d29639e56f2da417ee8,9,13,new_center,parent_to_0.25,0.0,0.25,g009_0c28d07985f3c430_0036,13,0.0,g008_p000007_g007_p000000_g006_p000001_g005_p000028_g004_p000013_g003_p000038_g002_p000025_g001_p000094_empty,g009_p000013_g008_p000007_g007_p000000_g006_p000001_g005_p000028_g004_p000013_g003_p000038_g002_p000025_g001_p000094_empty,4.0,4.0,19.0,dike_hemisphere,9,8.569391969140268,13.073227791348948,8.307422547840316,7.604357551770912,3.268306947837237,2.076855636960079,1.901089387942728,0.00224177329801023,0.0008863265393301845,0.0008863265393301845,False,False,,,0,False
v4_branch_3122d6d0dcca93cfaf1e,9,14,new_center,parent_to_0.25,0.0,0.25,g009_0c28d07985f3c430_0036,14,0.0,g008_p000007_g007_p000000_g006_p000001_g005_p000028_g004_p000013_g003_p000038_g002_p000025_g001_p000094_empty,g009_p000014_g008_p000007_g007_p000000_g006_p000001_g005_p000028_g004_p000013_g003_p000038_g002_p000025_g001_p000094_empty,4.0,4.0,20.0,ellipsoid,9,29.33663642178821,12.937428307777754,15.975976548702603,9.079971966210785,3.2343570769444385,3.9939941371756507,2.269992991552696,0.003304833546280861,0.0019493867876008153,0.0019493867876008153,False,False,,,0,False
v4_branch_8e379314d0bc013dfbaa,9,15,new_center,parent_to_0.25,0.0,0.25,g009_0c28d07985f3c430_0036,15,0.0,g008_p000007_g007_p000000_g006_p000001_g005_p000028_g004_p000013_g003_p000038_g002_p000025_g001_p000094_empty,g009_p000015_g008_p000007_g007_p000000_g006_p000001_g005_p000028_g004_p000013_g003_p000038_g002_p000025_g001_p000094_empty,4.0,4.0,21.0,dike_hemisphere,9,121.43652547958925,7.378086111839789,7.909621439044985,6.55037272581555,1.8445215279599472,1.9774053597612462,1.6375931814538875,0.0017029406735673547,0.0003474939148873091,0.0003474939148873091,False,False,,,0,False
v4_branch_a1e3aeb41c35b1335d58,9,16,new_center,parent_to_0.25,0.0,0.25,g009_0c28d07985f3c430_0036,16,0.0,g008_p000007_g007_p000000_g006_p000001_g005_p000028_g004_p000013_g003_p000038_g002_p000025_g001_p000094_empty,g009_p000016_g008_p000007_g007_p000000_g006_p000001_g005_p000028_g004_p000013_g003_p000038_g002_p000025_g001_p000094_empty,4.0,4.0,22.0,ellipsoid,9,166.70964670230194,9.44887958932184,13.233209406003986,9.042186590095397,2.36221989733046,3.3083023515009966,2.2605466475238494,0.0029658698476850986,0.001610423089005053,0.001610423089005053,False,False,,,0,False
v4_branch_ebc6e2c1c99ee787d4fd,9,17,new_center,parent_to_0.25,0.0,0.25,g009_0c28d07985f3c430_0036,17,0.0,g008_p000007_g007_p000000_g006_p000001_g005_p000028_g004_p000013_g003_p000038_g002_p000025_g001_p000094_empty,g009_p000017_g008_p000007_g007_p000000_g006_p000001_g005_p000028_g004_p000013_g003_p000038_g002_p000025_g001_p000094_empty,4.0,4.0,23.0,dike_hemisphere,9,19.694200291202726,15.691691553568454,15.373976218679557,8.509570848816601,3.9229228883921134,3.8434940546698892,2.1273927122041503,0.0027400138787925243,0.0013845671201124787,0.0013845671201124787,False,False,,,0,False
v4_branch_0ed0f1244a53897870aa,9,18,new_center,parent_to_0.25,0.0,0.25,g009_0c28d07985f3c430_0036,18,0.0,g008_p000007_g007_p000000_g006_p000001_g005_p000028_g004_p000013_g003_p000038_g002_p000025_g001_p000094_empty,g009_p000018_g008_p000007_g007_p000000_g006_p000001_g005_p000028_g004_p000013_g003_p000038_g002_p000025_g001_p000094_empty,4.0,4.0,24.0,dike_hemisphere,9,56.99813959654944,11.606083669221674,15.2648225345014,12.074250491576706,2.9015209173054184,3.81620563362535,3.0185626228941764,0.0028915810398757458,0.0015361342811957002,0.0015361342811957002,False,False,,,0,False
v4_branch_044b9af9c887c927c18b,9,19,new_center,parent_to_0.25,0.0,0.25,g009_0c28d07985f3c430_0036,19,0.0,g008_p000007_g007_p000000_g006_p000001_g005_p000028_g004_p000013_g003_p000038_g002_p000025_g001_p000094_empty,g009_p000019_g008_p000007_g007_p000000_g006_p000001_g005_p000028_g004_p000013_g003_p000038_g002_p000025_g001_p000094_empty,4.0,4.0,25.0,dike_hemisphere,9,23.31535308863813,9.407768292902329,8.398152244654586,9.153325935512932,2.3519420732255822,2.0995380611636465,2.288331483878233,0.002582797547802329,0.0012273507891222835,0.0012273507891222835,False,False,,,0,False
v4_branch_8352680863e83fb0ce6f,9,20,new_center,parent_to_0.25,0.0,0.25,g009_0c28d07985f3c430_0036,20,0.0,g008_p000007_g007_p000000_g006_p000001_g005_p000028_g004_p000013_g003_p000038_g002_p000025_g001_p000094_empty,g009_p000020_g008_p000007_g007_p000000_g006_p000001_g005_p000028_g004_p000013_g003_p000038_g002_p000025_g001_p000094_empty,4.0,4.0,26.0,ellipsoid,9,72.05046214388997,8.812960195003875,9.868029016891247,7.411274836152536,2.2032400487509687,2.467007254222812,1.852818709038134,0.002674151910468936,0.0013187051517888904,0.0013187051517888904,False,False,,,0,False
v4_branch_d6611e964553d9f7278f,9,21,new_center,parent_to_0.25,0.0,0.25,g009_0c28d07985f3c430_0036,21,0.0,g008_p000007_g007_p000000_g006_p000001_g005_p000028_g004_p000013_g003_p000038_g002_p000025_g001_p000094_empty,g009_p000021_g008_p000007_g007_p000000_g006_p000001_g005_p000028_g004_p000013_g003_p000038_g002_p000025_g001_p000094_empty,4.0,4.0,27.0,ellipsoid,9,86.32694836826796,11.398510100396383,15.763764323555147,11.31485968789137,2.8496275250990957,3.940941080888787,2.8287149219728427,0.0030001613777130842,0.0016447146190330386,0.0016447146190330386,False,False,,,0,False
v4_branch_1576b2c67fbc910f78ab,9,22,new_center,parent_to_0.25,0.0,0.25,g009_0c28d07985f3c430_0036,22,0.0,g008_p000007_g007_p000000_g006_p000001_g005_p000028_g004_p000013_g003_p000038_g002_p000025_g001_p000094_empty,g009_p000022_g008_p000007_g007_p000000_g006_p000001_g005_p000028_g004_p000013_g003_p000038_g002_p000025_g001_p000094_empty,4.0,4.0,28.0,dike_hemisphere,9,6.627901916720318,11.415886525217637,12.006992948620606,12.30850185747553,2.8539716313044092,3.0017482371551516,3.0771254643688826,0.003035589586943388,0.0016801428282633424,0.0016801428282633424,False,False,,,0,False
v4_branch_ee1f179c056d34751a2d,9,23,new_center,parent_to_0.25,0.0,0.25,g009_0c28d07985f3c430_0036,23,0.0,g008_p000007_g007_p000000_g006_p000001_g005_p000028_g004_p000013_g003_p000038_g002_p000025_g001_p000094_empty,g009_p000023_g008_p000007_g007_p000000_g006_p000001_g005_p000028_g004_p000013_g003_p000038_g002_p000025_g001_p000094_empty,4.0,4.0,29.0,dike_hemisphere,9,38.296333616830104,9.949807827725504,9.546424701573782,12.429706535527211,2.487451956931376,2.3866061753934456,3.107426633881803,0.0022279410623013973,0.0008724943036213517,0.0008724943036213517,False,False,,,0,False
v4_branch_8a6988fec015f84ee0c5,9,24,new_center,parent_to_0.25,0.0,0.25,g009_0c28d07985f3c430_0036,24,0.0,g008_p000013_g007_p000011_g006_p000001_g005_p000028_g004_p000013_g003_p000038_g002_p000025_g001_p000094_empty,g009_p000024_g008_p000013_g007_p000011_g006_p000001_g005_p000028_g004_p000013_g003_p000038_g002_p000025_g001_p000094_empty,4.0,4.0,30.0,dike_hemisphere,9,147.6790603313112,7.820204726710154,13.46259310575897,7.22240940280931,1.9550511816775384,3.3656482764397424,1.8056023507023276,0.0022417735308408737,0.0008863267721608281,0.0008863267721608281,False,False,,,0,False
v4_branch_31c52e16ba2cd24af54c,9,25,new_center,parent_to_0.25,0.0,0.25,g009_0c28d07985f3c430_0036,25,0.0,g008_p000013_g007_p000011_g006_p000001_g005_p000028_g004_p000013_g003_p000038_g002_p000025_g001_p000094_empty,g009_p000025_g008_p000013_g007_p000011_g006_p000001_g005_p000028_g004_p000013_g003_p000038_g002_p000025_g001_p000094_empty,4.0,4.0,31.0,ellipsoid,9,38.20811561751645,13.029767484392366,15.060697492652308,11.485542284130855,3.2574418710980915,3.765174373163077,2.8713855710327136,0.0030001613777130842,0.0016447146190330386,0.0016447146190330386,False,False,,,0,False
v4_branch_9da79a5efecdc6935d3f,9,26,new_center,parent_to_0.25,0.0,0.25,g009_0c28d07985f3c430_0036,26,0.0,g008_p000013_g007_p000011_g006_p000001_g005_p000028_g004_p000013_g003_p000038_g002_p000025_g001_p000094_empty,g009_p000026_g008_p000013_g007_p000011_g006_p000001_g005_p000028_g004_p000013_g003_p000038_g002_p000025_g001_p000094_empty,4.0,4.0,32.0,ellipsoid,9,92.6749628128561,6.961073944315155,13.252245404536282,12.701011987429878,1.7402684860787887,3.3130613511340705,3.1752529968574694,0.0018933614483103156,0.00053791468963027,0.00053791468963027,False,False,,,0,False
v4_branch_d6a3ed550aabb01b21f4,9,27,new_center,parent_to_0.25,0.0,0.25,g009_0c28d07985f3c430_0036,27,0.0,g008_p000013_g007_p000011_g006_p000001_g005_p000028_g004_p000013_g003_p000038_g002_p000025_g001_p000094_empty,g009_p000027_g008_p000013_g007_p000011_g006_p000001_g005_p000028_g004_p000013_g003_p000038_g002_p000025_g001_p000094_empty,4.0,4.0,33.0,dike_hemisphere,9,130.24651454154406,6.896273479416631,7.40366678615422,6.859224627423791,1.7240683698541577,1.850916696538555,1.7148061568559478,0.0017029406735673547,0.0003474939148873091,0.0003474939148873091,False,False,,,0,False
v4_branch_fdf214f0cc41ee095f4e,9,28,new_center,parent_to_0.25,0.0,0.25,g009_0c28d07985f3c430_0036,28,0.0,g008_p000013_g007_p000011_g006_p000001_g005_p000028_g004_p000013_g003_p000038_g002_p000025_g001_p000094_empty,g009_p000028_g008_p000013_g007_p000011_g006_p000001_g005_p000028_g004_p000013_g003_p000038_g002_p000025_g001_p000094_empty,4.0,4.0,34.0,dike_hemisphere,9,54.97595276547594,8.597965065293629,8.270015312660123,13.155801229888393,2.149491266323407,2.0675038281650306,3.2889503074720983,0.002582797547802329,0.0012273507891222835,0.0012273507891222835,False,False,,,0,False
v4_branch_dc0ebbc0118d9b7d67b6,9,29,new_center,parent_to_0.25,0.0,0.25,g009_0c28d07985f3c430_0036,29,0.0,g008_p000013_g007_p000011_g006_p000001_g005_p000028_g004_p000013_g003_p000038_g002_p000025_g001_p000094_empty,g009_p000029_g008_p000013_g007_p000011_g006_p000001_g005_p000028_g004_p000013_g003_p000038_g002_p000025_g001_p000094_empty,4.0,4.0,35.0,ellipsoid,9,120.4662895300574,15.90818018776275,11.118126286977796,6.713747908716237,3.9770450469406873,2.779531571744449,1.6784369771790593,0.003045756136998534,0.0016903093783184886,0.0016903093783184886,False,False,,,0,False
v4_branch_3aa1d2535ffffbc29f6b,9,30,new_center,parent_to_0.25,0.0,0.25,g009_0c28d07985f3c430_0036,30,0.0,g008_p000013_g007_p000011_g006_p000001_g005_p000028_g004_p000013_g003_p000038_g002_p000025_g001_p000094_empty,g009_p000030_g008_p000013_g007_p000011_g006_p000001_g005_p000028_g004_p000013_g003_p000038_g002_p000025_g001_p000094_empty,4.0,4.0,36.0,ellipsoid,9,120.99209283550954,7.043896011393998,7.097096403210534,13.216044372078574,1.7609740028484995,1.7742741008026335,3.3040110930196436,0.0015555579448118806,0.00020011118613183498,0.00020011118613183498,False,False,,,0,False
v4_branch_fae839bd6d4624bbfee1,9,31,new_center,parent_to_0.25,0.0,0.25,g009_0c28d07985f3c430_0036,31,0.0,g008_p000013_g007_p000011_g006_p000001_g005_p000028_g004_p000013_g003_p000038_g002_p000025_g001_p000094_empty,g009_p000031_g008_p000013_g007_p000011_g006_p000001_g005_p000028_g004_p000013_g003_p000038_g002_p000025_g001_p000094_empty,4.0,4.0,37.0,dike_hemisphere,9,44.64511716765847,11.42695530539606,11.674709300023313,6.966789918495482,2.856738826349015,2.918677325005828,1.7416974796238704,0.002674151910468936,0.0013187051517888904,0.0013187051517888904,False,False,,,0,False
v4_branch_9fa86a4eb16556f06fc8,9,32,new_center,parent_to_0.25,0.0,0.25,g009_0c28d07985f3c430_0036,32,0.0,g008_p000013_g007_p000011_g006_p000001_g005_p000028_g004_p000013_g003_p000038_g002_p000025_g001_p000094_empty,g009_p000032_g008_p000013_g007_p000011_g006_p000001_g005_p000028_g004_p000013_g003_p000038_g002_p000025_g001_p000094_empty,4.0,4.0,38.0,dike_hemisphere,9,176.06917695089928,10.324770797683309,8.165649877700455,9.050196510942225,2.581192699420827,2.0414124694251137,2.2625491277355563,0.0024119033478200436,0.001056456589139998,0.001056456589139998,False,False,,,0,False
v4_branch_d54810d8954b479f42aa,9,33,new_center,parent_to_0.25,0.0,0.25,g009_0c28d07985f3c430_0036,33,0.0,g008_p000013_g007_p000011_g006_p000001_g005_p000028_g004_p000013_g003_p000038_g002_p000025_g001_p000094_empty,g009_p000033_g008_p000013_g007_p000011_g006_p000001_g005_p000028_g004_p000013_g003_p000038_g002_p000025_g001_p000094_empty,4.0,4.0,39.0,dike_hemisphere,9,11.269326870955908,11.146226495112533,7.3345700746416505,12.40191755772541,2.786556623778133,1.8336425186604126,3.1004793894313525,0.001921389251947403,0.0005659424932673573,0.0005659424932673573,False,False,,,0,False
v4_branch_9c94dd94a6e3ade528f1,9,34,new_center,parent_to_0.25,0.0,0.25,g009_0c28d07985f3c430_0036,34,0.0,g008_p000013_g007_p000011_g006_p000001_g005_p000028_g004_p000013_g003_p000038_g002_p000025_g001_p000094_empty,g009_p000034_g008_p000013_g007_p000011_g006_p000001_g005_p000028_g004_p000013_g003_p000038_g002_p000025_g001_p000094_empty,4.0,4.0,40.0,dike_hemisphere,9,112.38229502371826,15.402968843649042,13.718119908201135,9.791142054668404,3.8507422109122604,3.429529977050284,2.447785513667101,0.0027400117833167315,0.0013845650246366858,0.0013845650246366858,False,False,,,0,False
v4_branch_c155b4a5ea565b8e5bcf,9,35,new_center,parent_to_0.25,0.0,0.25,g009_0c28d07985f3c430_0036,35,0.0,g008_p000013_g007_p000011_g006_p000001_g005_p000028_g004_p000013_g003_p000038_g002_p000025_g001_p000094_empty,g009_p000035_g008_p000013_g007_p000011_g006_p000001_g005_p000028_g004_p000013_g003_p000038_g002_p000025_g001_p000094_empty,4.0,4.0,41.0,dike_hemisphere,9,173.96184622572554,6.390630534565096,14.62653170662663,6.638258383282483,1.597657633641274,3.6566329266566573,1.6595645958206207,0.00224177329801023,0.0008863265393301845,0.0008863265393301845,False,False,,,0,False
v4_branch_f52cbed80955286befe9,9,36,new_center,parent_to_0.25,0.0,0.25,g009_0c28d07985f3c430_0036,36,0.0,g008_p000019_g007_p000011_g006_p000001_g005_p000028_g004_p000013_g003_p000038_g002_p000025_g001_p000094_empty,g009_p000036_g008_p000019_g007_p000011_g006_p000001_g005_p000028_g004_p000013_g003_p000038_g002_p000025_g001_p000094_empty,4.0,4.0,42.0,ellipsoid,9,88.19882981648507,9.772506227590444,12.39224346930454,11.548734339099058,2.443126556897611,3.098060867326135,2.8871835847747644,0.0023896340280771255,0.00103418726939708,0.00103418726939708,False,False,,,0,False
v4_branch_54a25747b4cef6d9b559,9,37,new_center,parent_to_0.25,0.0,0.25,g009_0c28d07985f3c430_0036,37,0.0,g008_p000019_g007_p000011_g006_p000001_g005_p000028_g004_p000013_g003_p000038_g002_p000025_g001_p000094_empty,g009_p000037_g008_p000019_g007_p000011_g006_p000001_g005_p000028_g004_p000013_g003_p000038_g002_p000025_g001_p000094_empty,4.0,4.0,43.0,ellipsoid,9,62.84609754377529,10.238085620787988,13.437962889862858,6.97345808220064,2.559521405196997,3.3594907224657145,1.74336452055016,0.0030457512475550175,0.0016903044888749719,0.0016903044888749719,False,False,,,0,False
v4_branch_0b294d84907c2f817e47,9,38,new_center,parent_to_0.25,0.0,0.25,g009_0c28d07985f3c430_0036,38,0.0,g008_p000019_g007_p000011_g006_p000001_g005_p000028_g004_p000013_g003_p000038_g002_p000025_g001_p000094_empty,g009_p000038_g008_p000019_g007_p000011_g006_p000001_g005_p000028_g004_p000013_g003_p000038_g002_p000025_g001_p000094_empty,4.0,4.0,44.0,ellipsoid,9,27.57376675957787,10.469963865893835,9.340155673591925,13.83891899875956,2.6174909664734587,2.335038918397981,3.45972974968989,0.0023896333295851946,0.001034186570905149,0.001034186570905149,False,False,,,0,False
v4_branch_9c49a7feff16df536671,9,39,new_center,parent_to_0.25,0.0,0.25,g009_0c28d07985f3c430_0036,39,0.0,g008_p000019_g007_p000011_g006_p000001_g005_p000028_g004_p000013_g003_p000038_g002_p000025_g001_p000094_empty,g009_p000039_g008_p000019_g007_p000011_g006_p000001_g005_p000028_g004_p000013_g003_p000038_g002_p000025_g001_p000094_empty,4.0,4.0,45.0,dike_hemisphere,9,10.421394080387728,14.095227555379433,9.448795391797612,6.642697725207204,3.523806888844858,2.362198847949403,1.660674431301801,0.0026741481851786375,0.001318701426498592,0.001318701426498592,False,False,,,0,False
v4_branch_0db03528e0a5c44ebc2f,9,40,new_center,parent_to_0.25,0.0,0.25,g009_0c28d07985f3c430_0036,40,0.0,g008_p000019_g007_p000011_g006_p000001_g005_p000028_g004_p000013_g003_p000038_g002_p000025_g001_p000094_empty,g009_p000040_g008_p000019_g007_p000011_g006_p000001_g005_p000028_g004_p000013_g003_p000038_g002_p000025_g001_p000094_empty,4.0,4.0,46.0,ellipsoid,9,140.90940446183495,9.985887758551499,6.014705568681816,8.999476229687547,2.4964719396378747,1.503676392170454,2.2498690574218867,0.001555558410473168,0.0002001116517931223,0.0002001116517931223,False,False,,,0,False
v4_branch_e64e18cf404eb5192227,9,41,new_center,parent_to_0.25,0.0,0.25,g009_0c28d07985f3c430_0036,41,0.0,g008_p000019_g007_p000011_g006_p000001_g005_p000028_g004_p000013_g003_p000038_g002_p000025_g001_p000094_empty,g009_p000041_g008_p000019_g007_p000011_g006_p000001_g005_p000028_g004_p000013_g003_p000038_g002_p000025_g001_p000094_empty,4.0,4.0,47.0,dike_hemisphere,9,76.99180143125177,13.855701404434544,10.280952465022722,13.223104298376683,3.463925351108636,2.5702381162556804,3.3057760745941707,0.0026424082461744547,0.001286961487494409,0.001286961487494409,False,False,,,0,False
v4_branch_44475140601b44dfb2e4,9,42,new_center,parent_to_0.25,0.0,0.25,g009_0c28d07985f3c430_0036,42,0.0,g008_p000019_g007_p000011_g006_p000001_g005_p000028_g004_p000013_g003_p000038_g002_p000025_g001_p000094_empty,g009_p000042_g008_p000019_g007_p000011_g006_p000001_g005_p000028_g004_p000013_g003_p000038_g002_p000025_g001_p000094_empty,4.0,4.0,48.0,ellipsoid,9,64.60832245866187,13.083933730898085,13.976647677966238,9.786060800134807,3.2709834327245213,3.4941619194915594,2.446515200033702,0.0033048291224986315,0.0019493823638185859,0.0019493823638185859,False,False,,,0,False
v4_branch_b9d4dfa432b1710a799b,9,43,new_center,parent_to_0.25,0.0,0.25,g009_0c28d07985f3c430_0036,43,0.0,g008_p000019_g007_p000011_g006_p000001_g005_p000028_g004_p000013_g003_p000038_g002_p000025_g001_p000094_empty,g009_p000043_g008_p000019_g007_p000011_g006_p000001_g005_p000028_g004_p000013_g003_p000038_g002_p000025_g001_p000094_empty,4.0,4.0,49.0,ellipsoid,9,48.36981578726039,6.038446511478484,14.391258210772687,6.923129830478916,1.509611627869621,3.5978145526931717,1.730782457619729,0.0026741481851786375,0.001318701426498592,0.001318701426498592,False,False,,,0,False
v4_branch_54ce6e93548bb693ec38,9,44,new_center,parent_to_0.25,0.0,0.25,g009_0c28d07985f3c430_0036,44,0.0,g008_p000019_g007_p000011_g006_p000001_g005_p000028_g004_p000013_g003_p000038_g002_p000025_g001_p000094_empty,g009_p000044_g008_p000019_g007_p000011_g006_p000001_g005_p000028_g004_p000013_g003_p000038_g002_p000025_g001_p000094_empty,4.0,4.0,50.0,ellipsoid,9,108.42250189086911,14.507255445802777,14.980364397631803,7.643574646033807,3.626813861450694,3.7450910994079507,1.9108936615084517,0.003376704640686512,0.0020212578820064664,0.0020212578820064664,False,False,,,0,False
v4_branch_fd91d5a57087c7aee946,9,45,new_center,parent_to_0.25,0.0,0.25,g009_0c28d07985f3c430_0036,45,0.0,g008_p000019_g007_p000011_g006_p000001_g005_p000028_g004_p000013_g003_p000038_g002_p000025_g001_p000094_empty,g009_p000045_g008_p000019_g007_p000011_g006_p000001_g005_p000028_g004_p000013_g003_p000038_g002_p000025_g001_p000094_empty,4.0,5.0,6.0,ellipsoid,9,136.2568195334579,6.606400847771803,9.953250366753664,13.299382190948469,1.6516002119429507,2.488312591688416,3.3248455477371173,0.0015555579448118806,0.00020011118613183498,0.00020011118613183498,False,False,,,0,False
v4_branch_671c386bbf7c37e0fa8b,9,46,new_center,parent_to_0.25,0.0,0.25,g009_0c28d07985f3c430_0036,46,0.0,g008_p000019_g007_p000011_g006_p000001_g005_p000028_g004_p000013_g003_p000038_g002_p000025_g001_p000094_empty,g009_p000046_g008_p000019_g007_p000011_g006_p000001_g005_p000028_g004_p000013_g003_p000038_g002_p000025_g001_p000094_empty,4.0,5.0,7.0,ellipsoid,9,71.8674908207237,6.323078650179904,6.900868235869373,12.807328522438596,1.580769662544976,1.7252170589673432,3.201832130609649,0.0015555579448118806,0.00020011118613183498,0.00020011118613183498,False,False,,,0,False
v4_branch_037ecc476a6944edab2e,9,47,new_center,parent_to_0.25,0.0,0.25,g009_0c28d07985f3c430_0036,47,0.0,g008_p000019_g007_p000011_g006_p000001_g005_p000028_g004_p000013_g003_p000038_g002_p000025_g001_p000094_empty,g009_p000047_g008_p000019_g007_p000011_g006_p000001_g005_p000028_g004_p000013_g003_p000038_g002_p000025_g001_p000094_empty,4.0,5.0,8.0,dike_hemisphere,9,158.47957266310672,9.643608074866979,13.402271348420507,7.899618893303552,2.4109020187167447,3.350567837105127,1.974904723325888,0.002674151910468936,0.0013187051517888904,0.0013187051517888904,False,False,,,0,False
v4_branch_97defc3269316e5f71af,9,48,new_center,parent_to_0.25,0.0,0.25,g009_0c28d07985f3c430_0036,48,0.0,g008_p000025_g007_p000047_g006_p000019_g005_p000035_g004_p000013_g003_p000038_g002_p000025_g001_p000094_empty,g009_p000048_g008_p000025_g007_p000047_g006_p000019_g005_p000035_g004_p000013_g003_p000038_g002_p000025_g001_p000094_empty,4.0,5.0,9.0,dike_hemisphere,9,59.51514499570561,9.305608205049888,9.14034645668243,7.003624406005677,2.326402051262472,2.2850866141706074,1.7509061015014193,0.00224177329801023,0.0008863265393301845,0.0008863265393301845,False,False,,,0,False
v4_branch_b68e0e22d34fb1f9b5c4,9,49,new_center,parent_to_0.25,0.0,0.25,g009_0c28d07985f3c430_0036,49,0.0,g008_p000025_g007_p000047_g006_p000019_g005_p000035_g004_p000013_g003_p000038_g002_p000025_g001_p000094_empty,g009_p000049_g008_p000025_g007_p000047_g006_p000019_g005_p000035_g004_p000013_g003_p000038_g002_p000025_g001_p000094_empty,4.0,5.0,10.0,dike_hemisphere,9,93.08808632563996,15.438619748855867,13.619969225502912,11.64944423810754,3.859654937213967,3.404992306375728,2.912361059526885,0.0027204304933547974,0.0013649837346747518,0.0013649837346747518,False,False,,,0,False
v4_branch_b38cedbf87181b2fb0a2,9,50,new_center,parent_to_0.25,0.0,0.25,g009_0c28d07985f3c430_0036,50,0.0,g008_p000025_g007_p000047_g006_p000019_g005_p000035_g004_p000013_g003_p000038_g002_p000025_g001_p000094_empty,g009_p000050_g008_p000025_g007_p000047_g006_p000019_g005_p000035_g004_p000013_g003_p000038_g002_p000025_g001_p000094_empty,4.0,5.0,11.0,dike_hemisphere,9,15.735962464033816,9.446626280421636,14.732818285298594,8.531343478576984,2.361656570105409,3.6832045713246484,2.132835869644246,0.002662565791979432,0.0013071190332993865,0.0013071190332993865,False,False,,,0,False
v4_branch_01c5878278e4124b3644,9,51,new_center,parent_to_0.25,0.0,0.25,g009_0c28d07985f3c430_0036,51,0.0,g008_p000025_g007_p000047_g006_p000019_g005_p000035_g004_p000013_g003_p000038_g002_p000025_g001_p000094_empty,g009_p000051_g008_p000025_g007_p000047_g006_p000019_g005_p000035_g004_p000013_g003_p000038_g002_p000025_g001_p000094_empty,4.0,5.0,12.0,dike_hemisphere,9,72.99411766775833,9.7066359704673,14.778222194665531,6.070124797025535,2.426658992616825,3.694555548666383,1.5175311992563838,0.002674151910468936,0.0013187051517888904,0.0013187051517888904,False,False,,,0,False
v4_branch_6e85cd986f14c6022afb,9,52,new_center,parent_to_0.25,0.0,0.25,g009_0c28d07985f3c430_0036,52,0.0,g008_p000025_g007_p000047_g006_p000019_g005_p000035_g004_p000013_g003_p000038_g002_p000025_g001_p000094_empty,g009_p000052_g008_p000025_g007_p000047_g006_p000019_g005_p000035_g004_p000013_g003_p000038_g002_p000025_g001_p000094_empty,4.0,5.0,13.0,dike_hemisphere,9,54.56087553496742,13.511433642159176,11.512966186162473,7.787306944113497,3.377858410539794,2.878241546540618,1.9468267360283742,0.003045756136998534,0.0016903093783184886,0.0016903093783184886,False,False,,,0,False
v4_branch_7a06c30e8bbbf20e2d30,9,53,new_center,parent_to_0.25,0.0,0.25,g009_0c28d07985f3c430_0036,53,0.0,g008_p000025_g007_p000047_g006_p000019_g005_p000035_g004_p000013_g003_p000038_g002_p000025_g001_p000094_empty,g009_p000053_g008_p000025_g007_p000047_g006_p000019_g005_p000035_g004_p000013_g003_p000038_g002_p000025_g001_p000094_empty,4.0,5.0,14.0,ellipsoid,9,147.33701609282508,14.926120103094789,6.271517687237875,9.816566725071322,3.731530025773697,1.5678794218094687,2.4541416812678305,0.002582797547802329,0.0012273507891222835,0.0012273507891222835,False,False,,,0,False
v4_branch_794d5920714c8e5a3eb3,9,54,new_center,parent_to_0.25,0.0,0.25,g009_0c28d07985f3c430_0036,54,0.0,g008_p000025_g007_p000047_g006_p000019_g005_p000035_g004_p000013_g003_p000038_g002_p000025_g001_p000094_empty,g009_p000054_g008_p000025_g007_p000047_g006_p000019_g005_p000035_g004_p000013_g003_p000038_g002_p000025_g001_p000094_empty,4.0,5.0,15.0,ellipsoid,9,143.46698345507514,12.905835767127996,11.543959156309025,9.488760223631692,3.226458941781999,2.8859897890772563,2.372190055907923,0.003304834244772792,0.0019493874860927463,0.0019493874860927463,False,False,,,0,False
v4_branch_55aba81d83da974853c8,9,55,new_center,parent_to_0.25,0.0,0.25,g009_0c28d07985f3c430_0036,55,0.0,g008_p000025_g007_p000047_g006_p000019_g005_p000035_g004_p000013_g003_p000038_g002_p000025_g001_p000094_empty,g009_p000055_g008_p000025_g007_p000047_g006_p000019_g005_p000035_g004_p000013_g003_p000038_g002_p000025_g001_p000094_empty,4.0,5.0,16.0,ellipsoid,9,11.283715933532694,10.704701295515381,9.266683936772782,8.02945392419711,2.6761753238788453,2.3166709841931956,2.0073634810492775,0.0025827984791249037,0.001227351720444858,0.001227351720444858,False,False,,,0,False
v4_branch_4dbf33c1915a3102bcde,9,56,new_center,parent_to_0.25,0.0,0.25,g009_0c28d07985f3c430_0036,56,0.0,g008_p000025_g007_p000047_g006_p000019_g005_p000035_g004_p000013_g003_p000038_g002_p000025_g001_p000094_empty,g009_p000056_g008_p000025_g007_p000047_g006_p000019_g005_p000035_g004_p000013_g003_p000038_g002_p000025_g001_p000094_empty,4.0,5.0,17.0,dike_hemisphere,9,3.481031591629995,6.7498416051711,11.70851853881943,12.39655323389889,1.687460401292775,2.9271296347048574,3.0991383084747226,0.0019213897176086903,0.0005659429589286447,0.0005659429589286447,False,False,,,0,False
v4_branch_dabd4878833e2b323663,9,57,new_center,parent_to_0.25,0.0,0.25,g009_0c28d07985f3c430_0036,57,0.0,g008_p000025_g007_p000047_g006_p000019_g005_p000035_g004_p000013_g003_p000038_g002_p000025_g001_p000094_empty,g009_p000057_g008_p000025_g007_p000047_g006_p000019_g005_p000035_g004_p000013_g003_p000038_g002_p000025_g001_p000094_empty,4.0,5.0,18.0,dike_hemisphere,9,11.76447797337379,9.661446613408781,13.791989083349193,13.762091615175049,2.4153616533521953,3.4479972708372983,3.440522903793762,0.0026424096431583166,0.001286962884478271,0.001286962884478271,False,False,,,0,False
v4_branch_62dfc84e14b0459e4ea5,9,58,new_center,parent_to_0.25,0.0,0.25,g009_0c28d07985f3c430_0036,58,0.0,g008_p000025_g007_p000047_g006_p000019_g005_p000035_g004_p000013_g003_p000038_g002_p000025_g001_p000094_empty,g009_p000058_g008_p000025_g007_p000047_g006_p000019_g005_p000035_g004_p000013_g003_p000038_g002_p000025_g001_p000094_empty,4.0,5.0,19.0,dike_hemisphere,9,5.784053976341639,14.794619319672597,7.259348135569237,12.985809284449783,3.698654829918149,1.8148370338923092,3.2464523211124456,0.0018933593528345227,0.0005379125941544771,0.0005379125941544771,False,False,,,0,False
v4_branch_32538fdd1d9fa66a9161,9,59,new_center,parent_to_0.25,0.0,0.25,g009_0c28d07985f3c430_0036,59,0.0,g008_p000025_g007_p000047_g006_p000019_g005_p000035_g004_p000013_g003_p000038_g002_p000025_g001_p000094_empty,g009_p000059_g008_p000025_g007_p000047_g006_p000019_g005_p000035_g004_p000013_g003_p000038_g002_p000025_g001_p000094_empty,4.0,5.0,20.0,dike_hemisphere,9,9.613591332333387,15.248583536370749,12.376205698831015,6.026321125926091,3.812145884092687,3.0940514247077537,1.5065802814815228,0.0033767102286219597,0.002021263469941914,0.002021263469941914,False,False,,,0,False
v4_branch_239151a233e8bce3723b,9,60,new_center,parent_to_0.25,0.0,0.25,g009_0c28d07985f3c430_0036,60,0.0,g008_p000031_g007_p000047_g006_p000019_g005_p000035_g004_p000013_g003_p000038_g002_p000025_g001_p000094_empty,g009_p000060_g008_p000031_g007_p000047_g006_p000019_g005_p000035_g004_p000013_g003_p000038_g002_p000025_g001_p000094_empty,4.0,5.0,21.0,ellipsoid,9,81.99540999720054,13.958909634451564,15.188393217266494,7.156789356032558,3.489727408612891,3.7970983043166235,1.7891973390081395,0.0033767102286219597,0.002021263469941914,0.002021263469941914,False,False,,,0,False
v4_branch_98657e8e603e5dd6b168,9,61,new_center,parent_to_0.25,0.0,0.25,g009_0c28d07985f3c430_0036,61,0.0,g008_p000031_g007_p000047_g006_p000019_g005_p000035_g004_p000013_g003_p000038_g002_p000025_g001_p000094_empty,g009_p000061_g008_p000031_g007_p000047_g006_p000019_g005_p000035_g004_p000013_g003_p000038_g002_p000025_g001_p000094_empty,4.0,5.0,22.0,ellipsoid,9,42.747169610876995,10.819972847620217,7.7290268763155625,12.8824849663479,2.7049932119050544,1.9322567190788906,3.220621241586975,0.002582797547802329,0.0012273507891222835,0.0012273507891222835,False,False,,,0,False
v4_branch_331f3da7066e37cc9f05,9,62,new_center,parent_to_0.25,0.0,0.25,g009_0c28d07985f3c430_0036,62,0.0,g008_p000031_g007_p000047_g006_p000019_g005_p000035_g004_p000013_g003_p000038_g002_p000025_g001_p000094_empty,g009_p000062_g008_p000031_g007_p000047_g006_p000019_g005_p000035_g004_p000013_g003_p000038_g002_p000025_g001_p000094_empty,4.0,5.0,23.0,ellipsoid,9,61.73226407139461,9.886815870949231,10.00168938738454,8.809396688485531,2.471703967737308,2.500422346846135,2.202349172121383,0.0025827984791249037,0.001227351720444858,0.001227351720444858,False,False,,,0,False
v4_branch_63eafe4a3afc82431854,9,63,new_center,parent_to_0.25,0.0,0.25,g009_0c28d07985f3c430_0036,63,0.0,g008_p000031_g007_p000047_g006_p000019_g005_p000035_g004_p000013_g003_p000038_g002_p000025_g001_p000094_empty,g009_p000063_g008_p000031_g007_p000047_g006_p000019_g005_p000035_g004_p000013_g003_p000038_g002_p000025_g001_p000094_empty,4.0,5.0,24.0,ellipsoid,9,33.39226800946931,10.509157673765252,14.239010545461737,8.362233435378903,2.627289418441313,3.559752636365434,2.0905583588447256,0.0029658707790076733,0.0016104240203276277,0.0016104240203276277,False,False,,,0,False
v4_branch_2f5980635a423ee98a14,9,64,new_center,parent_to_0.25,0.0,0.25,g009_0c28d07985f3c430_0036,64,0.0,g008_p000031_g007_p000047_g006_p000019_g005_p000035_g004_p000013_g003_p000038_g002_p000025_g001_p000094_empty,g009_p000064_g008_p000031_g007_p000047_g006_p000019_g005_p000035_g004_p000013_g003_p000038_g002_p000025_g001_p000094_empty,4.0,5.0,25.0,dike_hemisphere,9,15.5897575619987,15.945414368982263,13.439044493074356,11.56537220104434,3.9863535922455657,3.359761123268589,2.891343050261085,0.002720430726185441,0.0013649839675053954,0.0013649839675053954,False,False,,,0,False
v4_branch_833fa6df113287e40cd9,9,65,new_center,parent_to_0.25,0.0,0.25,g009_0c28d07985f3c430_0036,65,0.0,g008_p000031_g007_p000047_g006_p000019_g005_p000035_g004_p000013_g003_p000038_g002_p000025_g001_p000094_empty,g009_p000065_g008_p000031_g007_p000047_g006_p000019_g005_p000035_g004_p000013_g003_p000038_g002_p000025_g001_p000094_empty,4.0,5.0,26.0,ellipsoid,9,77.66902019743875,14.113824508529206,15.101600817213168,13.95913771313274,3.5284561271323014,3.775400204303292,3.489784428283185,0.002660818863660097,0.0013053721049800515,0.0013053721049800515,False,False,,,0,False
v4_branch_f2fb34c7e2f8011b4f27,9,66,new_center,parent_to_0.25,0.0,0.25,g009_0c28d07985f3c430_0036,66,0.0,g008_p000031_g007_p000047_g006_p000019_g005_p000035_g004_p000013_g003_p000038_g002_p000025_g001_p000094_empty,g009_p000066_g008_p000031_g007_p000047_g006_p000019_g005_p000035_g004_p000013_g003_p000038_g002_p000025_g001_p000094_empty,4.0,5.0,27.0,dike_hemisphere,9,43.30671394491454,10.216661224546199,15.725629466962031,13.001243772528682,2.5541653061365497,3.931407366740508,3.2503109431321704,0.002497138222679496,0.0011416914639994502,0.0011416914639994502,False,False,,,0,False
v4_branch_634e687138dc4b539e45,9,67,new_center,parent_to_0.25,0.0,0.25,g009_0c28d07985f3c430_0036,67,0.0,g008_p000031_g007_p000047_g006_p000019_g005_p000035_g004_p000013_g003_p000038_g002_p000025_g001_p000094_empty,g009_p000067_g008_p000031_g007_p000047_g006_p000019_g005_p000035_g004_p000013_g003_p000038_g002_p000025_g001_p000094_empty,4.0,5.0,28.0,ellipsoid,9,76.83429284812293,6.8130009893772225,12.201574374381376,13.908381487390912,1.7032502473443056,3.050393593595344,3.477095371847728,0.0018933636602014303,0.0005379169015213847,0.0005379169015213847,False,False,,,0,False
v4_branch_e4745e1f634605999836,9,68,new_center,parent_to_0.25,0.0,0.25,g009_0c28d07985f3c430_0036,68,0.0,g008_p000031_g007_p000047_g006_p000019_g005_p000035_g004_p000013_g003_p000038_g002_p000025_g001_p000094_empty,g009_p000068_g008_p000031_g007_p000047_g006_p000019_g005_p000035_g004_p000013_g003_p000038_g002_p000025_g001_p000094_empty,4.0,5.0,29.0,ellipsoid,9,144.00599871849235,8.391015724533725,10.687409451519917,8.643257280516302,2.0977539311334312,2.6718523628799793,2.1608143201290755,0.0025827987119555473,0.0012273519532755017,0.0012273519532755017,False,False,,,0,False
v4_branch_4754a48d0ed076d324bd,9,69,new_center,parent_to_0.25,0.0,0.25,g009_0c28d07985f3c430_0036,69,0.0,g008_p000031_g007_p000047_g006_p000019_g005_p000035_g004_p000013_g003_p000038_g002_p000025_g001_p000094_empty,g009_p000069_g008_p000031_g007_p000047_g006_p000019_g005_p000035_g004_p000013_g003_p000038_g002_p000025_g001_p000094_empty,4.0,5.0,30.0,ellipsoid,9,18.43295016643276,8.04036972854843,9.757624651324695,6.7173974812991135,2.0100924321371076,2.439406162831174,1.6793493703247784,0.002674151910468936,0.0013187051517888904,0.0013187051517888904,False,False,,,0,False
v4_branch_2e46e0d54453f92d8346,9,70,new_center,parent_to_0.25,0.0,0.25,g009_0c28d07985f3c430_0036,70,0.0,g008_p000031_g007_p000047_g006_p000019_g005_p000035_g004_p000013_g003_p000038_g002_p000025_g001_p000094_empty,g009_p000070_g008_p000031_g007_p000047_g006_p000019_g005_p000035_g004_p000013_g003_p000038_g002_p000025_g001_p000094_empty,4.0,5.0,31.0,ellipsoid,9,76.5545625037021,8.437399332138842,12.35234946770887,7.290147471686176,2.1093498330347105,3.0880873669272173,1.822536867921544,0.002674151910468936,0.0013187051517888904,0.0013187051517888904,False,False,,,0,False
v4_branch_99642506e5a6cfbb088e,9,71,new_center,parent_to_0.25,0.0,0.25,g009_0c28d07985f3c430_0036,71,0.0,g008_p000031_g007_p000047_g006_p000019_g005_p000035_g004_p000013_g003_p000038_g002_p000025_g001_p000094_empty,g009_p000071_g008_p000031_g007_p000047_g006_p000019_g005_p000035_g004_p000013_g003_p000038_g002_p000025_g001_p000094_empty,4.0,5.0,32.0,dike_hemisphere,9,31.176139827520526,12.502456421305071,6.964590310593156,12.501094017869024,3.125614105326268,1.741147577648289,3.125273504467256,0.002411904279142618,0.0010564575204625726,0.0010564575204625726,False,False,,,0,False
v4_branch_c1cf646bec5f2a1b11c3,9,72,new_center,parent_to_0.25,0.0,0.25,g009_0c28d07985f3c430_0036,72,0.0,g008_p000037_g007_p000094_g006_p000043_g005_p000042_g004_p000019_g003_p000038_g002_p000025_g001_p000094_empty,g009_p000072_g008_p000037_g007_p000094_g006_p000043_g005_p000042_g004_p000019_g003_p000038_g002_p000025_g001_p000094_empty,4.0,5.0,33.0,dike_hemisphere,9,54.37880079011093,15.333521088945725,9.897380631193828,9.191522641495347,3.833380272236431,2.474345157798457,2.2978806603738366,0.0024971358943730593,0.0011416891356930137,0.0011416891356930137,False,False,,,0,False
v4_branch_788ddbd27e0dcda42e96,9,73,new_center,parent_to_0.25,0.0,0.25,g009_0c28d07985f3c430_0036,73,0.0,g008_p000037_g007_p000094_g006_p000043_g005_p000042_g004_p000019_g003_p000038_g002_p000025_g001_p000094_empty,g009_p000073_g008_p000037_g007_p000094_g006_p000043_g005_p000042_g004_p000019_g003_p000038_g002_p000025_g001_p000094_empty,4.0,5.0,34.0,dike_hemisphere,9,178.6511074097759,11.431570501676813,13.794358321741782,11.830016541317647,2.857892625419203,3.4485895804354456,2.957504135329412,0.003035588189959526,0.0016801414312794805,0.0016801414312794805,False,False,,,0,False
v4_branch_321d5e6495a13b72f9e1,9,74,new_center,parent_to_0.25,0.0,0.25,g009_0c28d07985f3c430_0036,74,0.0,g008_p000037_g007_p000094_g006_p000043_g005_p000042_g004_p000019_g003_p000038_g002_p000025_g001_p000094_empty,g009_p000074_g008_p000037_g007_p000094_g006_p000043_g005_p000042_g004_p000019_g003_p000038_g002_p000025_g001_p000094_empty,4.0,5.0,35.0,dike_hemisphere,9,90.38139505148825,15.707455043598273,12.10224592850766,13.24502949692953,3.9268637608995682,3.025561482126915,3.3112573742323823,0.0027204295620322227,0.0013649828033521771,0.0013649828033521771,False,False,,,0,False
v4_branch_e74cf1c21de4e4bf4cf1,9,75,new_center,parent_to_0.25,0.0,0.25,g009_0c28d07985f3c430_0036,75,0.0,g008_p000037_g007_p000094_g006_p000043_g005_p000042_g004_p000019_g003_p000038_g002_p000025_g001_p000094_empty,g009_p000075_g008_p000037_g007_p000094_g006_p000043_g005_p000042_g004_p000019_g003_p000038_g002_p000025_g001_p000094_empty,4.0,5.0,36.0,dike_hemisphere,9,153.21144547923825,6.894773395697374,13.163346290317783,8.915538187444039,1.7236933489243436,3.2908365725794457,2.2288845468610097,0.0024119033478200436,0.001056456589139998,0.001056456589139998,False,False,,,0,False
v4_branch_bc7b128b08937f8cb054,9,76,new_center,parent_to_0.25,0.0,0.25,g009_0c28d07985f3c430_0036,76,0.0,g008_p000037_g007_p000094_g006_p000043_g005_p000042_g004_p000019_g003_p000038_g002_p000025_g001_p000094_empty,g009_p000076_g008_p000037_g007_p000094_g006_p000043_g005_p000042_g004_p000019_g003_p000038_g002_p000025_g001_p000094_empty,4.0,5.0,37.0,dike_hemisphere,9,159.1109908962311,7.998166291466465,10.111888808181346,9.008650149148806,1.9995415728666162,2.5279722020453366,2.2521625372872016,0.0024119033478200436,0.001056456589139998,0.001056456589139998,False,False,,,0,False
v4_branch_5de6539492076f025c65,9,77,new_center,parent_to_0.25,0.0,0.25,g009_0c28d07985f3c430_0036,77,0.0,g008_p000037_g007_p000094_g006_p000043_g005_p000042_g004_p000019_g003_p000038_g002_p000025_g001_p000094_empty,g009_p000077_g008_p000037_g007_p000094_g006_p000043_g005_p000042_g004_p000019_g003_p000038_g002_p000025_g001_p000094_empty,4.0,5.0,38.0,ellipsoid,9,39.68527468709078,12.957320368796198,7.3742557752847775,10.475174318303674,3.2393300921990495,1.8435639438211944,2.6187935795759185,0.0029658698476850986,0.001610423089005053,0.001610423089005053,False,False,,,0,False
v4_branch_49d7c7ad447cd59e913b,9,78,new_center,parent_to_0.25,0.0,0.25,g009_0c28d07985f3c430_0036,78,0.0,g008_p000037_g007_p000094_g006_p000043_g005_p000042_g004_p000019_g003_p000038_g002_p000025_g001_p000094_empty,g009_p000078_g008_p000037_g007_p000094_g006_p000043_g005_p000042_g004_p000019_g003_p000038_g002_p000025_g001_p000094_empty,4.0,5.0,39.0,ellipsoid,9,30.705563730592743,9.512472498259298,11.939664864165616,13.287561297048352,2.3781181245648244,2.984916216041404,3.321890324262088,0.0027992664836347103,0.0014438197249546647,0.0014438197249546647,False,False,,,0,False
v4_branch_9083d238bfb18996b461,9,79,new_center,parent_to_0.25,0.0,0.25,g009_0c28d07985f3c430_0036,79,0.0,g008_p000037_g007_p000094_g006_p000043_g005_p000042_g004_p000019_g003_p000038_g002_p000025_g001_p000094_empty,g009_p000079_g008_p000037_g007_p000094_g006_p000043_g005_p000042_g004_p000019_g003_p000038_g002_p000025_g001_p000094_empty,4.0,5.0,40.0,dike_hemisphere,9,135.20561006354322,11.011633354255608,7.749626942530701,7.106160704207469,2.752908338563902,1.9374067356326752,1.7765401760518673,0.0017029406735673547,0.0003474939148873091,0.0003474939148873091,False,False,,,0,False
v4_branch_529bc2d895e96bd3fe64,9,80,new_center,parent_to_0.25,0.0,0.25,g009_0c28d07985f3c430_0036,80,0.0,g008_p000037_g007_p000094_g006_p000043_g005_p000042_g004_p000019_g003_p000038_g002_p000025_g001_p000094_empty,g009_p000080_g008_p000037_g007_p000094_g006_p000043_g005_p000042_g004_p000019_g003_p000038_g002_p000025_g001_p000094_empty,4.0,5.0,41.0,ellipsoid,9,137.1234723207727,7.108624087976943,10.158859484750614,9.79886804330181,1.7771560219942357,2.5397148711876536,2.4497170108254527,0.002582797547802329,0.0012273507891222835,0.0012273507891222835,False,False,,,0,False
v4_branch_8f2e38036a5591eb9c66,9,81,new_center,parent_to_0.25,0.0,0.25,g009_0c28d07985f3c430_0036,81,0.0,g008_p000037_g007_p000094_g006_p000043_g005_p000042_g004_p000019_g003_p000038_g002_p000025_g001_p000094_empty,g009_p000081_g008_p000037_g007_p000094_g006_p000043_g005_p000042_g004_p000019_g003_p000038_g002_p000025_g001_p000094_empty,4.0,5.0,42.0,ellipsoid,9,151.9417442879272,8.227213729664452,9.469798988748027,11.569446541551214,2.056803432416113,2.3674497471870066,2.8923616353878034,0.002582797547802329,0.0012273507891222835,0.0012273507891222835,False,False,,,0,False
v4_branch_9d6ba0c0093ee6e4e518,9,82,new_center,parent_to_0.25,0.0,0.25,g009_0c28d07985f3c430_0036,82,0.0,g008_p000037_g007_p000094_g006_p000043_g005_p000042_g004_p000019_g003_p000038_g002_p000025_g001_p000094_empty,g009_p000082_g008_p000037_g007_p000094_g006_p000043_g005_p000042_g004_p000019_g003_p000038_g002_p000025_g001_p000094_empty,4.0,5.0,43.0,ellipsoid,9,93.22541404078922,13.76455011399753,7.458051334561276,7.25252236420427,3.4411375284993824,1.864512833640319,1.8131305910510676,0.0022417705040425062,0.0008863237453624606,0.0008863237453624606,False,False,,,0,False
v4_branch_9c68ca157717daab29be,9,83,new_center,parent_to_0.25,0.0,0.25,g009_0c28d07985f3c430_0036,83,0.0,g008_p000037_g007_p000094_g006_p000043_g005_p000042_g004_p000019_g003_p000038_g002_p000025_g001_p000094_empty,g009_p000083_g008_p000037_g007_p000094_g006_p000043_g005_p000042_g004_p000019_g003_p000038_g002_p000025_g001_p000094_empty,4.0,5.0,44.0,ellipsoid,9,60.66255399380404,7.706633790985316,12.622904347406298,7.8755905154252375,1.926658447746329,3.1557260868515744,1.9688976288563094,0.003045751480385661,0.0016903047217056155,0.0016903047217056155,False,False,,,0,False
v4_branch_bd005cf0482a71bde60d,9,84,new_center,parent_to_0.25,0.0,0.25,g009_0c28d07985f3c430_0036,84,0.0,g008_p000043_g007_p000094_g006_p000043_g005_p000042_g004_p000019_g003_p000038_g002_p000025_g001_p000094_empty,g009_p000084_g008_p000043_g007_p000094_g006_p000043_g005_p000042_g004_p000019_g003_p000038_g002_p000025_g001_p000094_empty,4.0,5.0,45.0,dike_hemisphere,9,52.26481381363437,9.04344914347446,14.210186640251827,7.225193116883123,2.260862285868615,3.5525466600629567,1.8062982792207807,0.0030457512475550175,0.0016903044888749719,0.0016903044888749719,False,False,,,0,False
v4_branch_6c9b51985c5be0db145c,9,85,new_center,parent_to_0.25,0.0,0.25,g009_0c28d07985f3c430_0036,85,0.0,g008_p000043_g007_p000094_g006_p000043_g005_p000042_g004_p000019_g003_p000038_g002_p000025_g001_p000094_empty,g009_p000085_g008_p000043_g007_p000094_g006_p000043_g005_p000042_g004_p000019_g003_p000038_g002_p000025_g001_p000094_empty,4.0,5.0,46.0,dike_hemisphere,9,6.8973185700869095,6.42488694780978,7.148828988476698,8.342859954025123,1.606221736952445,1.7872072471191744,2.0857149885062807,0.001555558410473168,0.0002001116517931223,0.0002001116517931223,False,False,,,0,False
v4_branch_9a6c06b59b422f8dbc2e,9,86,new_center,parent_to_0.25,0.0,0.25,g009_0c28d07985f3c430_0036,86,0.0,g008_p000043_g007_p000094_g006_p000043_g005_p000042_g004_p000019_g003_p000038_g002_p000025_g001_p000094_empty,g009_p000086_g008_p000043_g007_p000094_g006_p000043_g005_p000042_g004_p000019_g003_p000038_g002_p000025_g001_p000094_empty,4.0,5.0,47.0,dike_hemisphere,9,39.46109736675772,14.998507503444158,8.620289651214696,13.753385339781573,3.7496268758610394,2.155072412803674,3.4383463349453933,0.0024971363600343466,0.001141689601354301,0.001141689601354301,False,False,,,0,False
v4_branch_bd5a8dd112cda6b800bb,9,87,new_center,parent_to_0.25,0.0,0.25,g009_0c28d07985f3c430_0036,87,0.0,g008_p000043_g007_p000094_g006_p000043_g005_p000042_g004_p000019_g003_p000038_g002_p000025_g001_p000094_empty,g009_p000087_g008_p000043_g007_p000094_g006_p000043_g005_p000042_g004_p000019_g003_p000038_g002_p000025_g001_p000094_empty,4.0,5.0,48.0,ellipsoid,9,102.40974164526766,10.996818438310804,10.249582901378496,6.974553317574635,2.749204609577701,2.562395725344624,1.7436383293936588,0.0026741481851786375,0.001318701426498592,0.001318701426498592,False,False,,,0,False
v4_branch_fe3933f538ac3ed6e780,9,88,new_center,parent_to_0.25,0.0,0.25,g009_0c28d07985f3c430_0036,88,0.0,g008_p000043_g007_p000094_g006_p000043_g005_p000042_g004_p000019_g003_p000038_g002_p000025_g001_p000094_empty,g009_p000088_g008_p000043_g007_p000094_g006_p000043_g005_p000042_g004_p000019_g003_p000038_g002_p000025_g001_p000094_empty,4.0,5.0,49.0,ellipsoid,9,21.450352857424313,15.656830615348047,10.987322478329993,8.720684887010083,3.914207653837012,2.7468306195824983,2.180171221752521,0.0033048291224986315,0.0019493823638185859,0.0019493823638185859,False,False,,,0,False
v4_branch_8f6a10b57ce70a4788c5,9,89,new_center,parent_to_0.25,0.0,0.25,g009_0c28d07985f3c430_0036,89,0.0,g008_p000043_g007_p000094_g006_p000043_g005_p000042_g004_p000019_g003_p000038_g002_p000025_g001_p000094_empty,g009_p000089_g008_p000043_g007_p000094_g006_p000043_g005_p000042_g004_p000019_g003_p000038_g002_p000025_g001_p000094_empty,4.0,5.0,50.0,dike_hemisphere,9,96.14783736398405,15.504844861555089,13.418526332605193,6.592307800699101,3.8762112153887722,3.3546315831512983,1.6480769501747752,0.003376704640686512,0.0020212578820064664,0.0020212578820064664,False,False,,,0,False
v4_branch_996d8820840a1be5de07,9,90,new_center,parent_to_0.25,0.0,0.25,g009_0c28d07985f3c430_0036,90,0.0,g008_p000043_g007_p000094_g006_p000043_g005_p000042_g004_p000019_g003_p000038_g002_p000025_g001_p000094_empty,g009_p000090_g008_p000043_g007_p000094_g006_p000043_g005_p000042_g004_p000019_g003_p000038_g002_p000025_g001_p000094_empty,4.0,6.0,6.0,ellipsoid,9,27.66732149155975,7.7033966340099695,9.357504602843589,6.999522859879294,1.9258491585024924,2.339376150710897,1.7498807149698234,0.00224177329801023,0.0008863265393301845,0.0008863265393301845,False,False,,,0,False
v4_branch_ee22c2780c8e98880c43,9,91,new_center,parent_to_0.25,0.0,0.25,g009_0c28d07985f3c430_0036,91,0.0,g008_p000043_g007_p000094_g006_p000043_g005_p000042_g004_p000019_g003_p000038_g002_p000025_g001_p000094_empty,g009_p000091_g008_p000043_g007_p000094_g006_p000043_g005_p000042_g004_p000019_g003_p000038_g002_p000025_g001_p000094_empty,4.0,6.0,7.0,ellipsoid,9,65.37158575400065,6.056032883804042,9.221420797637068,7.17102029352848,1.5140082209510104,2.305355199409267,1.79275507338212,0.00224177329801023,0.0008863265393301845,0.0008863265393301845,False,False,,,0,False
v4_branch_120c0277d9fb362817c1,9,92,new_center,parent_to_0.25,0.0,0.25,g009_0c28d07985f3c430_0036,92,0.0,g008_p000043_g007_p000094_g006_p000043_g005_p000042_g004_p000019_g003_p000038_g002_p000025_g001_p000094_empty,g009_p000092_g008_p000043_g007_p000094_g006_p000043_g005_p000042_g004_p000019_g003_p000038_g002_p000025_g001_p000094_empty,4.0,6.0,8.0,ellipsoid,9,63.6192514412179,9.590413108169562,8.020848122593081,6.916854684494645,2.3976032770423905,2.0052120306482704,1.7292136711236612,0.002674151910468936,0.0013187051517888904,0.0013187051517888904,False,False,,,0,False
v4_branch_ad20f10f73c31f52f6c9,9,93,new_center,parent_to_0.25,0.0,0.25,g009_0c28d07985f3c430_0036,93,0.0,g008_p000043_g007_p000094_g006_p000043_g005_p000042_g004_p000019_g003_p000038_g002_p000025_g001_p000094_empty,g009_p000093_g008_p000043_g007_p000094_g006_p000043_g005_p000042_g004_p000019_g003_p000038_g002_p000025_g001_p000094_empty,4.0,6.0,9.0,dike_hemisphere,9,176.0147335456094,7.838079288720955,14.859928338906823,11.130684001429556,1.9595198221802388,3.7149820847267057,2.782671000357389,0.0019213897176086903,0.0005659429589286447,0.0005659429589286447,False,False,,,0,False
v4_branch_234fe2e8c0187921357e,9,94,new_center,parent_to_0.25,0.0,0.25,g009_0c28d07985f3c430_0036,94,0.0,g008_p000043_g007_p000094_g006_p000043_g005_p000042_g004_p000019_g003_p000038_g002_p000025_g001_p000094_empty,g009_p000094_g008_p000043_g007_p000094_g006_p000043_g005_p000042_g004_p000019_g003_p000038_g002_p000025_g001_p000094_empty,4.0,6.0,10.0,dike_hemisphere,9,101.67470998821616,14.744118182001177,15.806289618211443,8.423486966465305,3.6860295455002943,3.9515724045528606,2.105871741616326,0.0027400129474699497,0.0013845661887899041,0.0013845661887899041,False,False,,,0,False
v4_branch_b881626f1c0acd4bf274,9,95,new_center,parent_to_0.25,0.0,0.25,g009_0c28d07985f3c430_0036,95,0.0,g008_p000043_g007_p000094_g006_p000043_g005_p000042_g004_p000019_g003_p000038_g002_p000025_g001_p000094_empty,g009_p000095_g008_p000043_g007_p000094_g006_p000043_g005_p000042_g004_p000019_g003_p000038_g002_p000025_g001_p000094_empty,4.0,6.0,11.0,dike_hemisphere,9,38.42237427978268,6.256719042994872,11.127100179181442,11.99832707141499,1.564179760748718,2.7817750447953604,2.9995817678537473,0.0021319712977856398,0.0007765245391055942,0.0007765245391055942,False,False,,,0,False
v4_branch_ac6809e502d210f68567,10,0,new_center,parent_to_0.25,0.0,0.25,g010_fddaa9e49bbe9c2b_0037,0,9.043245654538623e-07,g009_p000030_g008_p000013_g007_p000011_g006_p000001_g005_p000028_g004_p000013_g003_p000038_g002_p000025_g001_p000094_empty,g010_p000000_g009_p000030_g008_p000013_g007_p000011_g006_p000001_g005_p000028_g004_p000013_g003_p000038_g002_p000025_g001_p000094_empty,4.0,4.0,33.0,dike_hemisphere,9,109.9347094747319,13.122149131296137,14.036109131552285,8.230501815158092,3.2805372828240342,3.5090272828880713,2.057625453789523,0.00273897428996861,0.0011834163451567292,0.0013835275312885642,False,False,,,0,False
v4_branch_5f88bc1be5508fecc00f,10,6,new_center,parent_to_0.25,0.0,0.25,g010_fddaa9e49bbe9c2b_0037,1,9.043245654538623e-07,g009_p000030_g008_p000013_g007_p000011_g006_p000001_g005_p000028_g004_p000013_g003_p000038_g002_p000025_g001_p000094_empty,g010_p000006_g009_p000030_g008_p000013_g007_p000011_g006_p000001_g005_p000028_g004_p000013_g003_p000038_g002_p000025_g001_p000094_empty,4.0,5.0,34.0,dike_hemisphere,9,115.34203365328301,15.185729589675685,8.846103391093095,12.539916449447858,3.796432397418921,2.2115258477732738,3.1349791123619646,0.0024866044986993074,0.0009310465538874269,0.0011311577400192618,False,False,,,0,False
v4_branch_8e0e9eb86c65b88c57f4,10,12,new_center,parent_to_0.25,0.0,0.25,g010_00051726eccf5172_0038,0,7.707858458161354e-07,g009_p000045_g008_p000019_g007_p000011_g006_p000001_g005_p000028_g004_p000013_g003_p000038_g002_p000025_g001_p000094_empty,g010_p000012_g009_p000045_g008_p000019_g007_p000011_g006_p000001_g005_p000028_g004_p000013_g003_p000038_g002_p000025_g001_p000094_empty,4.0,10.0,6.0,dike_hemisphere,9,14.339250397680123,8.488571173101942,10.070838996800923,8.020722142818407,2.1221427932754855,2.5177097492002307,2.0051805357046018,0.002529783407226205,0.0009742254624143243,0.0011743366485461593,False,False,,,0,False
v4_branch_b11b2aaaea6ad5e29efe,10,18,new_center,parent_to_0.25,0.0,0.25,g010_00051726eccf5172_0038,1,7.707858458161354e-07,g009_p000045_g008_p000019_g007_p000011_g006_p000001_g005_p000028_g004_p000013_g003_p000038_g002_p000025_g001_p000094_empty,g010_p000018_g009_p000045_g008_p000019_g007_p000011_g006_p000001_g005_p000028_g004_p000013_g003_p000038_g002_p000025_g001_p000094_empty,6.0,9.0,6.0,dike_hemisphere,9,2.559443925910869,12.57173871048819,7.252469912437046,12.520784175082504,3.1429346776220477,1.8131174781092616,3.130196043770626,0.0020674290135502815,0.0005118710687384009,0.0007119822548702359,False,False,,,0,False
v4_branch_dc61814b80baf0d2e882,10,24,new_center,parent_to_0.25,0.0,0.25,g010_7f4b74b45b9607c2_0039,0,9.043245654538623e-07,g009_p000046_g008_p000019_g007_p000011_g006_p000001_g005_p000028_g004_p000013_g003_p000038_g002_p000025_g001_p000094_empty,g010_p000024_g009_p000046_g008_p000019_g007_p000011_g006_p000001_g005_p000028_g004_p000013_g003_p000038_g002_p000025_g001_p000094_empty,4.0,9.0,6.0,ellipsoid,9,100.49391743888086,7.33169692152315,15.769276002413047,8.275660167181108,1.8329242303807876,3.942319000603262,2.068915041795277,0.002264470560476184,0.0007089126156643033,0.0009090238017961383,False,False,,,0,False
v4_branch_abd050234211e7ac873a,10,30,new_center,parent_to_0.25,0.0,0.25,g010_7f4b74b45b9607c2_0039,1,9.043245654538623e-07,g009_p000046_g008_p000019_g007_p000011_g006_p000001_g005_p000028_g004_p000013_g003_p000038_g002_p000025_g001_p000094_empty,g010_p000030_g009_p000046_g008_p000019_g007_p000011_g006_p000001_g005_p000028_g004_p000013_g003_p000038_g002_p000025_g001_p000094_empty,5.0,9.0,6.0,ellipsoid,9,80.09178614964469,14.587058837829968,7.057933313913438,8.407217564920394,3.646764709457492,1.7644833284783594,2.1018043912300985,0.002264470560476184,0.0007089126156643033,0.0009090238017961383,False,False,,,0,False
v4_branch_28a0e340e8cd5ab33bb7,10,36,new_center,parent_to_0.25,0.0,0.25,g010_678e2637f2fcd473_0040,0,9.043245654538623e-07,g009_p000040_g008_p000019_g007_p000011_g006_p000001_g005_p000028_g004_p000013_g003_p000038_g002_p000025_g001_p000094_empty,g010_p000036_g009_p000040_g008_p000019_g007_p000011_g006_p000001_g005_p000028_g004_p000013_g003_p000038_g002_p000025_g001_p000094_empty,4.0,4.0,43.0,dike_hemisphere,9,111.13394124050559,11.347776340510377,6.161357666851034,13.399056138277926,2.836944085127594,1.5403394167127584,3.3497640345694815,0.0019199094967916608,0.0003643510863184929,0.0005644627381116152,False,False,,,0,False
v4_branch_32a4cda64ba7125b6588,10,42,new_center,parent_to_0.25,0.0,0.25,g010_678e2637f2fcd473_0040,1,9.043245654538623e-07,g009_p000040_g008_p000019_g007_p000011_g006_p000001_g005_p000028_g004_p000013_g003_p000038_g002_p000025_g001_p000094_empty,g010_p000042_g009_p000040_g008_p000019_g007_p000011_g006_p000001_g005_p000028_g004_p000013_g003_p000038_g002_p000025_g001_p000094_empty,4.0,5.0,44.0,ellipsoid,9,94.17522983318032,13.34354671539665,14.638594627683215,13.550363620366824,3.3358866788491626,3.6596486569208038,3.387590905091706,0.002835740800946951,0.001280182390473783,0.0014802940422669053,False,False,,,0,False
v4_branch_927c79ffca2a81d4a73f,10,48,new_center,parent_to_0.25,0.0,0.25,g010_c11c460d0f0ac742_0041,0,9.043245654538623e-07,g009_p000085_g008_p000043_g007_p000094_g006_p000043_g005_p000042_g004_p000019_g003_p000038_g002_p000025_g001_p000094_empty,g010_p000048_g009_p000085_g008_p000043_g007_p000094_g006_p000043_g005_p000042_g004_p000019_g003_p000038_g002_p000025_g001_p000094_empty,4.0,4.0,44.0,dike_hemisphere,9,91.13643777732024,10.641518012217244,13.256975703038684,11.234060932282325,2.660379503054311,3.314243925759671,2.8085152330705814,0.0030269278213381767,0.0014713694108650088,0.0016714810626581311,False,False,,,0,False
v4_branch_ef2e6156e69b07b9e1d5,10,54,new_center,parent_to_0.25,0.0,0.25,g010_c11c460d0f0ac742_0041,1,9.043245654538623e-07,g009_p000085_g008_p000043_g007_p000094_g006_p000043_g005_p000042_g004_p000019_g003_p000038_g002_p000025_g001_p000094_empty,g010_p000054_g009_p000085_g008_p000043_g007_p000094_g006_p000043_g005_p000042_g004_p000019_g003_p000038_g002_p000025_g001_p000094_empty,4.0,5.0,43.0,ellipsoid,9,137.52740043670153,10.628214345423874,10.09977147130563,7.627751851900757,2.6570535863559686,2.5249428678264074,1.9069379629751892,0.002716128248721361,0.0011605698382481933,0.0013606814900413156,False,False,,,0,False
v4_branch_84e67904072c1b6edbb8,10,60,new_center,parent_to_0.25,0.0,0.25,g010_3ee5798a2c5d6daa_0042,0,2.906313739003963e-06,g009_p000009_g008_p000001_g007_p000000_g006_p000001_g005_p000028_g004_p000013_g003_p000038_g002_p000025_g001_p000094_empty,g010_p000060_g009_p000009_g008_p000001_g007_p000000_g006_p000001_g005_p000028_g004_p000013_g003_p000038_g002_p000025_g001_p000094_empty,4.0,4.0,11.0,ellipsoid,9,170.13706140281928,7.367572314726395,6.516295995268,6.351082855397529,1.8418930786815988,1.629073998817,1.5877707138493822,0.0019591667223721743,0.0002562261652201414,0.0006037199636921287,False,False,,,0,False
v4_branch_c2102d1395e0cebee5d3,10,66,new_center,parent_to_0.25,0.0,0.25,g010_3ee5798a2c5d6daa_0042,1,2.906313739003963e-06,g009_p000009_g008_p000001_g007_p000000_g006_p000001_g005_p000028_g004_p000013_g003_p000038_g002_p000025_g001_p000094_empty,g010_p000066_g009_p000009_g008_p000001_g007_p000000_g006_p000001_g005_p000028_g004_p000013_g003_p000038_g002_p000025_g001_p000094_empty,4.0,5.0,12.0,ellipsoid,9,114.78178766787947,7.894461878302941,15.368176229869738,11.005263476467778,1.9736154695757353,3.8420440574674344,2.7513158691169446,0.0029621305875480175,0.0012591900303959846,0.001606683828867972,False,False,,,0,False
v4_branch_f530146e7da60152cbb8,10,72,new_center,parent_to_0.25,0.0,0.25,g010_ff30d6a1251d2b13_0043,0,2.906313739003963e-06,g009_p000015_g008_p000007_g007_p000000_g006_p000001_g005_p000028_g004_p000013_g003_p000038_g002_p000025_g001_p000094_empty,g010_p000072_g009_p000015_g008_p000007_g007_p000000_g006_p000001_g005_p000028_g004_p000013_g003_p000038_g002_p000025_g001_p000094_empty,4.0,4.0,17.0,dike_hemisphere,9,74.6433259746082,8.894608128428047,13.794396905478154,11.53198425451125,2.2236520321070117,3.4485992263695384,2.8829960636278127,0.002990666776895523,0.0012877261033281684,0.0016352200182154775,False,False,,,0,False
v4_branch_7413e062458cb43adfe0,10,78,new_center,parent_to_0.25,0.0,0.25,g010_ff30d6a1251d2b13_0043,1,2.906313739003963e-06,g009_p000015_g008_p000007_g007_p000000_g006_p000001_g005_p000028_g004_p000013_g003_p000038_g002_p000025_g001_p000094_empty,g010_p000078_g009_p000015_g008_p000007_g007_p000000_g006_p000001_g005_p000028_g004_p000013_g003_p000038_g002_p000025_g001_p000094_empty,4.0,5.0,18.0,dike_hemisphere,9,111.97426884824938,11.25613410288956,12.304524047672889,10.190042512196495,2.81403352572239,3.076131011918222,2.5475106280491238,0.003197861136868596,0.0014949204633012414,0.0018424143781885505,False,False,,,0,False
v4_branch_0450070116e20d8db480,10,84,new_center,parent_to_0.25,0.0,0.25,g010_20514e4d8ce66b8b_0044,0,2.906313739003963e-06,g009_p000027_g008_p000013_g007_p000011_g006_p000001_g005_p000028_g004_p000013_g003_p000038_g002_p000025_g001_p000094_empty,g010_p000084_g009_p000027_g008_p000013_g007_p000011_g006_p000001_g005_p000028_g004_p000013_g003_p000038_g002_p000025_g001_p000094_empty,4.0,4.0,29.0,ellipsoid,9,161.2736901261593,8.6577513315932,8.037081947454801,8.572887930643178,2.1644378328983,2.0092704868637004,2.1432219826607946,0.0027698578778654337,0.001066917204298079,0.001414411119185388,False,False,,,0,False
v4_branch_55059b08a7118526f3b1,10,90,new_center,parent_to_0.25,0.0,0.25,g010_20514e4d8ce66b8b_0044,1,2.906313739003963e-06,g009_p000027_g008_p000013_g007_p000011_g006_p000001_g005_p000028_g004_p000013_g003_p000038_g002_p000025_g001_p000094_empty,g010_p000090_g009_p000027_g008_p000013_g007_p000011_g006_p000001_g005_p000028_g004_p000013_g003_p000038_g002_p000025_g001_p000094_empty,4.0,5.0,30.0,dike_hemisphere,9,174.73035328797215,6.884226358116757,13.754191577905042,8.735523648374443,1.7210565895291892,3.4385478944762604,2.1838809120936107,0.0021687005646526814,0.00046575989108532667,0.0008132538059726357,False,False,,,0,False
