sample_id,step,t,w_t,tau,probability_loss,probability_base_loss,probability_bce,probability_dice_loss,probability_dice_score,probability_soft_calibration_mae,loss_positive_scale,loss_negative_scale,roi_hard_core_probability_mean,roi_background_probability_mean,roi_soft_halo_probability_mean,roi_soft_halo_target_mean,probability_spatial_gradient_loss,roi_spatial_gradient_error_mean,roi_predicted_gradient_mean,roi_target_gradient_mean,roi_target_probability_mean,roi_soft_margin_mean,roi_entropy_mean,raw_grad_norm,used_grad_norm,prior_velocity_norm,guidance_velocity_norm,guided_velocity_norm,requested_guidance_ratio,used_guidance_ratio,uncapped_guidance_ratio,guidance_cap_fraction,guidance_gradient_reference_norm,guidance_gradient_reference_ratio,effective_guidance_ratio,continuous_step_norm,condition_projection_norm,initial_condition_projection_norm,pre_projection_condition_violations,post_projection_condition_violations,hard_change_count,hard_change_fraction,hard_change_inside_roi,hard_change_outside_roi,target_hard_voxels_before,target_hard_voxels_after,selected_target_recovered_after,alpha,spatial_gradient_weight,probability_loss_mode,guidance_scaling_mode,arm,source_seed
0,0,0.015625,0.0,0.49975909124103446,1.274330973625183,1.274330973625183,0.38338330388069153,0.8909476399421692,0.10905233770608902,0.09581878036260605,1.0,1.0,0.06624343246221542,0.06660090386867523,0.06660090386867523,0.09242818504571915,0.0,0.0,0.0,0.0,0.06659143418073654,-0.08365257829427719,2.5782554149627686,0.0,0.0,1773.5841064453125,0.0,1773.5841064453125,0.0,0.0,0.0,0.0,0.0,0.0,0.0,55.4033317565918,1.5318021774291992,1051.72021484375,0,0,904,0.003448486328125,904,0,12739,12701,345,0.0,0.0,calibrated_soft_bce_hard_dice_v2,reference_norm_relative_v2,FLOW_ONLY,42
0,1,0.046875,0.0,0.4978353019929562,1.2745007276535034,1.2745007276535034,0.3835238814353943,0.8909768462181091,0.10902316123247147,0.09583693742752075,1.0,1.0,0.06622643023729324,0.06653844565153122,0.06653844565153122,0.09242818504571915,0.0,0.0,0.0,0.0,0.06653018295764923,-0.08413379639387131,2.5772736072540283,0.0,0.0,1772.2952880859375,0.0,1772.2952880859375,0.0,0.0,0.0,0.0,0.0,0.0,0.0,55.361026763916016,1.6029452085494995,0.0,0,0,996,0.0037994384765625,996,0,12701,12647,345,0.0,0.0,calibrated_soft_bce_hard_dice_v2,reference_norm_relative_v2,FLOW_ONLY,42
0,2,0.078125,0.0,0.4940062506389088,1.2748359441757202,1.2748359441757202,0.3837897777557373,0.8910461664199829,0.1089538186788559,0.09589456766843796,1.0,1.0,0.06620413810014725,0.066469207406044,0.066469207406044,0.09242818504571915,0.0,0.0,0.0,0.0,0.0664621889591217,-0.08503533154726028,2.575294256210327,0.0,0.0,1772.0030517578125,0.0,1772.0030517578125,0.0,0.0,0.0,0.0,0.0,0.0,0.0,55.351600646972656,1.6130620241165161,0.0,0,0,1100,0.0041961669921875,1100,0,12647,12584,343,0.0,0.0,calibrated_soft_bce_hard_dice_v2,reference_norm_relative_v2,FLOW_ONLY,42
0,3,0.109375,0.0,0.4883088130366042,1.2753204107284546,1.2753204107284546,0.3841796815395355,0.8911407589912415,0.10885926336050034,0.09599174559116364,1.0,1.0,0.06618689000606537,0.06639409810304642,0.06639409810304642,0.09242818504571915,0.0,0.0,0.0,0.0,0.06638861447572708,-0.08637282997369766,2.5722670555114746,0.0,0.0,1770.676513671875,0.0,1770.676513671875,0.0,0.0,0.0,0.0,0.0,0.0,0.0,55.30962371826172,1.6300691366195679,0.0,0,0,1133,0.004322052001953125,1133,0,12584,12531,345,0.0,0.0,calibrated_soft_bce_hard_dice_v2,reference_norm_relative_v2,FLOW_ONLY,42
0,4,0.140625,0.0,0.48079785862468866,1.2759640216827393,1.2759640216827393,0.384696900844574,0.8912670612335205,0.10873296111822128,0.09613168984651566,1.0,1.0,0.06617388129234314,0.06631787121295929,0.06631787121295929,0.09242818504571915,0.0,0.0,0.0,0.0,0.06631406396627426,-0.0881638377904892,2.568118095397949,0.0,0.0,1770.586669921875,0.0,1770.586669921875,0.0,0.0,0.0,0.0,0.0,0.0,0.0,55.306617736816406,1.6368591785430908,0.0,0,0,1412,0.0053863525390625,1412,0,12531,12459,343,0.0,0.0,calibrated_soft_bce_hard_dice_v2,reference_norm_relative_v2,FLOW_ONLY,42
0,5,0.171875,0.0,0.4715457220000544,1.276787519454956,1.276787519454956,0.38535091280937195,0.8914365768432617,0.10856343805789948,0.09631822258234024,1.0,1.0,0.06616085767745972,0.0662420317530632,0.0662420317530632,0.09242818504571915,0.0,0.0,0.0,0.0,0.06623987853527069,-0.09044039994478226,2.5627427101135254,0.0,0.0,1770.6107177734375,0.0,1770.6107177734375,0.0,0.0,0.0,0.0,0.0,0.0,0.0,55.307491302490234,1.6327883005142212,0.0,0,0,1580,0.0060272216796875,1580,0,12459,12397,344,0.0,0.0,calibrated_soft_bce_hard_dice_v2,reference_norm_relative_v2,FLOW_ONLY,42
0,6,0.203125,0.0,0.460641506296129,1.27778959274292,1.27778959274292,0.38613900542259216,0.8916506171226501,0.10834936797618866,0.09655330330133438,1.0,1.0,0.06615158915519714,0.0661713108420372,0.0661713108420372,0.09242818504571915,0.0,0.0,0.0,0.0,0.06617078930139542,-0.09324135631322861,2.556002140045166,0.0,0.0,1769.9136962890625,0.0,1769.9136962890625,0.0,0.0,0.0,0.0,0.0,0.0,0.0,55.28583908081055,1.6279182434082031,0.0,0,0,1690,0.00644683837890625,1690,0,12397,12370,349,0.0,0.0,calibrated_soft_bce_hard_dice_v2,reference_norm_relative_v2,FLOW_ONLY,42
0,7,0.234375,0.0,0.4481902250709918,1.2789981365203857,1.2789981365203857,0.38708722591400146,0.8919109106063843,0.10808909684419632,0.09683924168348312,1.0,1.0,0.06614615768194199,0.06609736382961273,0.06609736382961273,0.09242818504571915,0.0,0.0,0.0,0.0,0.066098652780056,-0.09663167595863342,2.5477182865142822,0.0,0.0,1771.181640625,0.0,1771.181640625,0.0,0.0,0.0,0.0,0.0,0.0,0.0,55.326419830322266,1.595818281173706,0.0,0,0,1974,0.00753021240234375,1974,0,12370,12310,352,0.0,0.0,calibrated_soft_bce_hard_dice_v2,reference_norm_relative_v2,FLOW_ONLY,42
0,8,0.265625,0.06540312923014306,0.43431179096940364,1.2804542779922485,1.2804542779922485,0.3882339298725128,0.8922203183174133,0.10777967423200607,0.09718198329210281,1.0,1.0,0.06614452600479126,0.06601079553365707,0.06601079553365707,0.09242818504571915,0.0,0.0,0.0,0.0,0.06601432710886002,-0.10069333016872406,2.537663221359253,0.0,0.0,1774.704345703125,0.0,1774.704345703125,0.0,0.0,0.0,0.0,0.0,0.0,0.0,55.43724822998047,1.5711978673934937,0.0,0,0,2275,0.008678436279296875,2275,0,12310,12257,356,0.0,0.0,calibrated_soft_bce_hard_dice_v2,reference_norm_relative_v2,FLOW_ONLY,42
0,9,0.296875,0.19509032201612825,0.4191398608984867,1.2822134494781494,1.2822134494781494,0.38962069153785706,0.8925927877426147,0.10740719735622406,0.09758684039115906,1.0,1.0,0.06614076346158981,0.06590256094932556,0.06590256094932556,0.09242818504571915,0.0,0.0,0.0,0.0,0.06590886414051056,-0.10552991926670074,2.52554988861084,0.0,0.0,1774.9305419921875,0.0,1774.9305419921875,0.0,0.0,0.0,0.0,0.0,0.0,0.0,55.44480895996094,1.5537446737289429,0.0,0,0,2583,0.009853363037109375,2583,0,12257,12166,359,0.0,0.0,calibrated_soft_bce_hard_dice_v2,reference_norm_relative_v2,FLOW_ONLY,42
0,10,0.328125,0.3214394653031616,0.4028205488386443,1.2843399047851562,1.2843399047851562,0.3912990093231201,0.8930408954620361,0.10695909708738327,0.09805808216333389,1.0,1.0,0.06612968444824219,0.06575960665941238,0.06575960665941238,0.09242818504571915,0.0,0.0,0.0,0.0,0.06576941162347794,-0.11127270758152008,2.5110156536102295,0.0,0.0,1774.3590087890625,0.0,1774.3590087890625,0.0,0.0,0.0,0.0,0.0,0.0,0.0,55.4256477355957,1.5994468927383423,0.0,0,0,3180,0.0121307373046875,3180,0,12166,12048,358,0.0,0.0,calibrated_soft_bce_hard_dice_v2,reference_norm_relative_v2,FLOW_ONLY,42
0,11,0.359375,0.4422886902190013,0.3855110186860564,1.2868777513504028,1.2868777513504028,0.3933085799217224,0.8935691714286804,0.10643082857131958,0.09860476851463318,1.0,1.0,0.0661187469959259,0.06558343768119812,0.06558343768119812,0.09242818504571915,0.0,0.0,0.0,0.0,0.06559761613607407,-0.1180727556347847,2.4935953617095947,0.0,0.0,1772.5709228515625,0.0,1772.5709228515625,0.0,0.0,0.0,0.0,0.0,0.0,0.0,55.36854553222656,1.640450358390808,0.0,0,0,3684,0.0140533447265625,3684,0,12048,11930,357,0.0,0.0,calibrated_soft_bce_hard_dice_v2,reference_norm_relative_v2,FLOW_ONLY,42
0,12,0.390625,0.5555702330196022,0.367377970678444,1.28990638256073,1.28990638256073,0.39571693539619446,0.8941894173622131,0.10581058263778687,0.09923522919416428,1.0,1.0,0.06610888242721558,0.06536491960287094,0.06536491960287094,0.09242818504571915,0.0,0.0,0.0,0.0,0.06538461893796921,-0.1261359304189682,2.472703218460083,0.0,0.0,1770.695556640625,0.0,1770.695556640625,0.0,0.0,0.0,0.0,0.0,0.0,0.0,55.30827713012695,1.6947987079620361,0.0,0,0,4349,0.016590118408203125,4349,0,11930,11764,361,0.0,0.0,calibrated_soft_bce_hard_dice_v2,reference_norm_relative_v2,FLOW_ONLY,42
0,13,0.421875,0.6593458151000688,0.3485960359806528,1.293545126914978,1.293545126914978,0.3986169397830963,0.8949281573295593,0.10507182776927948,0.0999554768204689,1.0,1.0,0.06609092652797699,0.06508370488882065,0.06508370488882065,0.09242818504571915,0.0,0.0,0.0,0.0,0.06511037796735764,-0.13573181629180908,2.4475901126861572,0.0,0.0,1769.729736328125,0.0,1769.729736328125,0.0,0.0,0.0,0.0,0.0,0.0,0.0,55.27592849731445,1.7637226581573486,0.0,0,0,5178,0.01975250244140625,5178,0,11764,11591,359,0.0,0.0,calibrated_soft_bce_hard_dice_v2,reference_norm_relative_v2,FLOW_ONLY,42
0,14,0.453125,0.7518398074789773,0.32934609489107236,1.2978956699371338,1.2978956699371338,0.4021093249320984,0.8957864046096802,0.10421362519264221,0.1007729172706604,1.0,1.0,0.06607910990715027,0.06472831219434738,0.06472831219434738,0.09242818504571915,0.0,0.0,0.0,0.0,0.06476408243179321,-0.14720651507377625,2.417285203933716,0.0,0.0,1768.8878173828125,0.0,1768.8878173828125,0.0,0.0,0.0,0.0,0.0,0.0,0.0,55.24646759033203,1.8591753244400024,0.0,0,0,6001,0.022891998291015625,6001,0,11591,11352,363,0.0,0.0,calibrated_soft_bce_hard_dice_v2,reference_norm_relative_v2,FLOW_ONLY,42
0,15,0.484375,0.8314696123025452,0.3098135348654836,1.3031342029571533,1.3031342029571533,0.40633976459503174,0.8967943787574768,0.1032056212425232,0.10169520974159241,1.0,1.0,0.06606821715831757,0.06427250057458878,0.06427250057458878,0.09242818504571915,0.0,0.0,0.0,0.0,0.06432005763053894,-0.1610264629125595,2.380516767501831,0.0,0.0,1769.0050048828125,0.0,1769.0050048828125,0.0,0.0,0.0,0.0,0.0,0.0,0.0,55.24460983276367,2.0166473388671875,0.0,0,0,7289,0.027805328369140625,7289,0,11352,11125,362,0.0,0.0,calibrated_soft_bce_hard_dice_v2,reference_norm_relative_v2,FLOW_ONLY,42
0,16,0.515625,0.8968727415326884,0.2901864651345164,1.309460997581482,1.309460997581482,0.4114896357059479,0.8979713320732117,0.10202865302562714,0.10272473096847534,1.0,1.0,0.06606645882129669,0.06368336826562881,0.06368336826562881,0.09242818504571915,0.0,0.0,0.0,0.0,0.06374647468328476,-0.1778327375650406,2.335576057434082,0.0,0.0,1768.817138671875,0.0,1768.817138671875,0.0,0.0,0.0,0.0,0.0,0.0,0.0,55.23343276977539,2.156926155090332,0.0,0,0,8668,0.0330657958984375,8668,0,11125,10823,363,0.0,0.0,calibrated_soft_bce_hard_dice_v2,reference_norm_relative_v2,FLOW_ONLY,42
0,17,0.546875,0.9469301294951056,0.2706539051089276,1.3171875476837158,1.3171875476837158,0.4178266227245331,0.8993608951568604,0.10063908994197845,0.10386177897453308,1.0,1.0,0.06606552749872208,0.06290416419506073,0.06290416419506073,0.09242818504571915,0.0,0.0,0.0,0.0,0.06298788636922836,-0.1985502690076828,2.2801108360290527,0.0,0.0,1767.55517578125,0.0,1767.55517578125,0.0,0.0,0.0,0.0,0.0,0.0,0.0,55.186851501464844,2.332045316696167,0.0,0,0,10409,0.039707183837890625,10409,0,10823,10464,353,0.0,0.0,calibrated_soft_bce_hard_dice_v2,reference_norm_relative_v2,FLOW_ONLY,42
0,18,0.578125,0.9807852804032304,0.2514039640193472,1.326701283454895,1.326701283454895,0.42569971084594727,0.9010015726089478,0.09899841994047165,0.10509702563285828,1.0,1.0,0.0660744160413742,0.061868149787187576,0.061868149787187576,0.09242818504571915,0.0,0.0,0.0,0.0,0.06197953596711159,-0.2244788259267807,2.210800886154175,0.0,0.0,1768.0736083984375,0.0,1768.0736083984375,0.0,0.0,0.0,0.0,0.0,0.0,0.0,55.1934928894043,2.5485970973968506,0.0,0,0,12274,0.04682159423828125,12274,0,10464,10029,353,0.0,0.0,calibrated_soft_bce_hard_dice_v2,reference_norm_relative_v2,FLOW_ONLY,42
0,19,0.609375,0.9978589232386035,0.232622029321556,1.3386443853378296,1.3386443853378296,0.43565651774406433,0.9029878377914429,0.09701213985681534,0.10642518103122711,1.0,1.0,0.066067174077034,0.060464199632406235,0.060464199632406235,0.09242818504571915,0.0,0.0,0.0,0.0,0.060612570494413376,-0.25745415687561035,2.122919797897339,0.0,0.0,1767.2569580078125,0.0,1767.2569580078125,0.0,0.0,0.0,0.0,0.0,0.0,0.0,55.157955169677734,2.7562177181243896,0.0,0,0,14501,0.055316925048828125,14501,0,10029,9523,342,0.0,0.0,calibrated_soft_bce_hard_dice_v2,reference_norm_relative_v2,FLOW_ONLY,42
0,20,0.640625,0.9978589232386035,0.21448898131394362,1.3539631366729736,1.3539631366729736,0.448516309261322,0.9054468870162964,0.09455312788486481,0.10784586519002914,1.0,1.0,0.06601986289024353,0.0585603266954422,0.0585603266954422,0.09242818504571915,0.0,0.0,0.0,0.0,0.05875786021351814,-0.30006110668182373,2.009697914123535,0.0,0.0,1767.418212890625,0.0,1767.418212890625,0.0,0.0,0.0,0.0,0.0,0.0,0.0,55.14946365356445,3.015062093734741,0.0,0,0,16516,0.0630035400390625,16516,0,9523,8902,347,0.0,0.0,calibrated_soft_bce_hard_dice_v2,reference_norm_relative_v2,FLOW_ONLY,42
0,21,0.671875,0.9807852804032304,0.19717945116135566,1.3741827011108398,1.3741827011108398,0.46560001373291016,0.9085826277732849,0.09141738712787628,0.10939683765172958,1.0,1.0,0.06587833166122437,0.05600632354617119,0.05600632354617119,0.09242818504571915,0.0,0.0,0.0,0.0,0.05626774951815605,-0.3556119501590729,1.8618043661117554,0.0,0.0,1769.093505859375,0.0,1769.093505859375,0.0,0.0,0.0,0.0,0.0,0.0,0.0,55.184906005859375,3.3114919662475586,0.0,0,0,18236,0.0695648193359375,18236,0,8902,8255,344,0.0,0.0,calibrated_soft_bce_hard_dice_v2,reference_norm_relative_v2,FLOW_ONLY,42
0,22,0.703125,0.9469301294951057,0.18086013910151333,1.4018352031707764,1.4018352031707764,0.48913535475730896,0.912699818611145,0.08730021119117737,0.11115532368421555,1.0,1.0,0.06550052762031555,0.05263053625822067,0.05263053625822067,0.09242818504571915,0.0,0.0,0.0,0.0,0.05297136679291725,-0.4278138279914856,1.6675187349319458,0.0,0.0,1769.598388671875,0.0,1769.598388671875,0.0,0.0,0.0,0.0,0.0,0.0,0.0,55.17804718017578,3.6698520183563232,0.0,0,0,18445,0.07036209106445312,18445,0,8255,7628,344,0.0,0.0,calibrated_soft_bce_hard_dice_v2,reference_norm_relative_v2,FLOW_ONLY,42
0,23,0.734375,0.8968727415326884,0.16568820903059628,1.440725326538086,1.440725326538086,0.5226571559906006,0.9180681705474854,0.08193180710077286,0.11331792920827866,1.0,1.0,0.0647321566939354,0.04840855672955513,0.04840855672955513,0.09242818504571915,0.0,0.0,0.0,0.0,0.048840831965208054,-0.5190610289573669,1.4158642292022705,0.0,0.0,1771.1827392578125,0.0,1771.1827392578125,0.0,0.0,0.0,0.0,0.0,0.0,0.0,55.20186996459961,4.039423942565918,0.0,0,0,16952,0.064666748046875,16952,0,7628,7074,330,0.0,0.0,calibrated_soft_bce_hard_dice_v2,reference_norm_relative_v2,FLOW_ONLY,42
0,24,0.765625,0.8314696123025455,0.1518097749290082,1.4963233470916748,1.4963233470916748,0.5715553164482117,0.9247679710388184,0.07523202896118164,0.11615689098834991,1.0,1.0,0.06341109424829483,0.04362529143691063,0.04362529143691063,0.09242818504571915,0.0,0.0,0.0,0.0,0.044149257242679596,-0.6269165277481079,1.1050848960876465,0.0,0.0,1773.46826171875,0.0,1773.46826171875,0.0,0.0,0.0,0.0,0.0,0.0,0.0,55.23698806762695,4.511009693145752,0.0,0,0,12913,0.049259185791015625,12913,0,7074,6780,316,0.0,0.0,calibrated_soft_bce_hard_dice_v2,reference_norm_relative_v2,FLOW_ONLY,42
0,25,0.796875,0.7518398074789774,0.139358493703871,1.574662446975708,1.574662446975708,0.6425381898880005,0.9321243166923523,0.0678757056593895,0.11989950388669968,1.0,1.0,0.06171221286058426,0.03906561806797981,0.03906561806797981,0.09242818504571915,0.0,0.0,0.0,0.0,0.0396653451025486,-0.7386930584907532,0.7588587403297424,0.0,0.0,1777.7957763671875,0.0,1777.7957763671875,0.0,0.0,0.0,0.0,0.0,0.0,0.0,55.32978820800781,5.009673118591309,0.0,0,0,7924,0.0302276611328125,7924,0,6780,6682,315,0.0,0.0,calibrated_soft_bce_hard_dice_v2,reference_norm_relative_v2,FLOW_ONLY,42
0,26,0.828125,0.659345815100069,0.12845427799994558,1.679429292678833,1.679429292678833,0.7406920194625854,0.9387372732162476,0.061262745410203934,0.12422442436218262,1.0,1.0,0.06022069230675697,0.03581913933157921,0.03581913933157921,0.09242818504571915,0.0,0.0,0.0,0.0,0.03646533936262131,-0.8321986198425293,0.43643635511398315,0.0,0.0,1782.3160400390625,0.0,1782.3160400390625,0.0,0.0,0.0,0.0,0.0,0.0,0.0,55.4141845703125,5.609462738037109,0.0,0,0,3939,0.015026092529296875,3939,0,6682,6734,309,0.0,0.0,calibrated_soft_bce_hard_dice_v2,reference_norm_relative_v2,FLOW_ONLY,42
0,27,0.859375,0.5555702330196022,0.11920214137531127,1.80763578414917,1.80763578414917,0.8641067147254944,0.9435290694236755,0.05647091194987297,0.12803304195404053,1.0,1.0,0.05925383046269417,0.034398045390844345,0.034398045390844345,0.09242818504571915,0.0,0.0,0.0,0.0,0.035056281834840775,-0.8896608352661133,0.20604664087295532,0.0,0.0,1786.8060302734375,0.0,1786.8060302734375,0.0,0.0,0.0,0.0,0.0,0.0,0.0,55.47983169555664,6.311559677124023,0.0,0,0,1941,0.007404327392578125,1941,0,6734,6726,306,0.0,0.0,calibrated_soft_bce_hard_dice_v2,reference_norm_relative_v2,FLOW_ONLY,42
0,28,0.890625,0.4422886902190013,0.11169118696339586,1.9467633962631226,1.9467633962631226,1.000535488128662,0.9462279081344604,0.053772084414958954,0.1303694248199463,1.0,1.0,0.058859750628471375,0.034094762057065964,0.034094762057065964,0.09242818504571915,0.0,0.0,0.0,0.0,0.03475058451294899,-0.9148783683776855,0.0856642797589302,0.0,0.0,1793.170654296875,0.0,1793.170654296875,0.0,0.0,0.0,0.0,0.0,0.0,0.0,55.59003448486328,7.060195446014404,0.0,0,0,954,0.00363922119140625,954,0,6726,6676,309,0.0,0.0,calibrated_soft_bce_hard_dice_v2,reference_norm_relative_v2,FLOW_ONLY,42
0,29,0.921875,0.32143946530316175,0.10599374936109118,2.077932834625244,2.077932834625244,1.1307138204574585,0.9472190141677856,0.05278097465634346,0.13128097355365753,1.0,1.0,0.058842867612838745,0.03385293483734131,0.03385293483734131,0.09242818504571915,0.0,0.0,0.0,0.0,0.034514714032411575,-0.9241388440132141,0.03715851157903671,0.0,0.0,1804.852783203125,0.0,1804.852783203125,0.0,0.0,0.0,0.0,0.0,0.0,0.0,55.865257263183594,7.760112285614014,0.0,0,0,629,0.002399444580078125,629,0,6676,6587,307,0.0,0.0,calibrated_soft_bce_hard_dice_v2,reference_norm_relative_v2,FLOW_ONLY,42
0,30,0.953125,0.1950903220161286,0.10216469800704375,2.181818962097168,2.181818962097168,1.234135389328003,0.9476836323738098,0.05231636017560959,0.13144786655902863,1.0,1.0,0.0584757998585701,0.033383794128894806,0.033383794128894806,0.09242818504571915,0.0,0.0,0.0,0.0,0.034048281610012054,-0.9281277656555176,0.019723912701010704,0.0,0.0,1835.929443359375,0.0,1835.929443359375,0.0,0.0,0.0,0.0,0.0,0.0,0.0,56.74595260620117,8.457805633544922,0.0,0,0,478,0.00182342529296875,478,0,6587,6447,303,0.0,0.0,calibrated_soft_bce_hard_dice_v2,reference_norm_relative_v2,FLOW_ONLY,42
0,31,0.984375,0.06540312923014312,0.10024090875896552,2.2431414127349854,2.2431414127349854,1.295250654220581,0.9478908181190491,0.052109185606241226,0.13132810592651367,1.0,1.0,0.05800047144293785,0.032740768045186996,0.032740768045186996,0.09242818504571915,0.0,0.0,0.0,0.0,0.03340969234704971,-0.9307496547698975,0.012755108997225761,0.0,0.0,1985.346923828125,0.0,1985.346923828125,0.0,0.0,0.0,0.0,0.0,0.0,0.0,61.254249572753906,9.855854988098145,0.0,0,0,410,0.00156402587890625,410,0,6447,6283,300,0.0,0.0,calibrated_soft_bce_hard_dice_v2,reference_norm_relative_v2,FLOW_ONLY,42
1,0,0.015625,0.0,0.49975909124103446,1.2739205360412598,1.2739205360412598,0.3832377791404724,0.8906827569007874,0.10931726545095444,0.09578429907560349,1.0,1.0,0.06637716293334961,0.06646303832530975,0.06646303832530975,0.09242818504571915,0.0,0.0,0.0,0.0,0.06646076589822769,-0.08381562680006027,2.578240394592285,0.0,0.0,1774.7833251953125,0.0,1774.7833251953125,0.0,0.0,0.0,0.0,0.0,0.0,0.0,55.441104888916016,1.5214977264404297,1051.4927978515625,0,0,886,0.00337982177734375,886,0,12672,12632,343,0.0,0.0,calibrated_soft_bce_hard_dice_v2,reference_norm_relative_v2,FLOW_ONLY,142
1,1,0.046875,0.0,0.4978353019929562,1.2740848064422607,1.2740848064422607,0.3833807706832886,0.8907040357589722,0.10929598659276962,0.09580142050981522,1.0,1.0,0.06636388599872589,0.06639617681503296,0.06639617681503296,0.09242818504571915,0.0,0.0,0.0,0.0,0.06639531999826431,-0.08430124819278717,2.577259063720703,0.0,0.0,1773.35009765625,0.0,1773.35009765625,0.0,0.0,0.0,0.0,0.0,0.0,0.0,55.3942756652832,1.593459963798523,0.0,0,0,938,0.00357818603515625,938,0,12632,12572,342,0.0,0.0,calibrated_soft_bce_hard_dice_v2,reference_norm_relative_v2,FLOW_ONLY,142
1,2,0.078125,0.0,0.4940062506389088,1.2744066715240479,1.2744066715240479,0.3836490511894226,0.8907576203346252,0.10924240201711655,0.09585732966661453,1.0,1.0,0.06634991616010666,0.06632111221551895,0.06632111221551895,0.09242818504571915,0.0,0.0,0.0,0.0,0.06632187962532043,-0.08520852029323578,2.5752792358398438,0.0,0.0,1773.0833740234375,0.0,1773.0833740234375,0.0,0.0,0.0,0.0,0.0,0.0,0.0,55.3856201171875,1.6044344902038574,0.0,0,0,1058,0.00403594970703125,1058,0,12572,12510,338,0.0,0.0,calibrated_soft_bce_hard_dice_v2,reference_norm_relative_v2,FLOW_ONLY,142
1,3,0.109375,0.0,0.4883088130366042,1.2748634815216064,1.2748634815216064,0.3840399980545044,0.8908234238624573,0.10917655378580093,0.09595231711864471,1.0,1.0,0.06634868681430817,0.06623873114585876,0.06623873114585876,0.09242818504571915,0.0,0.0,0.0,0.0,0.06624164432287216,-0.08655253797769547,2.572251319885254,0.0,0.0,1772.2139892578125,0.0,1772.2139892578125,0.0,0.0,0.0,0.0,0.0,0.0,0.0,55.357940673828125,1.6215736865997314,0.0,0,0,1221,0.004657745361328125,1221,0,12510,12447,338,0.0,0.0,calibrated_soft_bce_hard_dice_v2,reference_norm_relative_v2,FLOW_ONLY,142
1,4,0.140625,0.0,0.48079785862468866,1.2754616737365723,1.2754616737365723,0.38455796241760254,0.890903651714325,0.10909634828567505,0.09608842432498932,1.0,1.0,0.06636133044958115,0.06615123897790909,0.06615123897790909,0.09242818504571915,0.0,0.0,0.0,0.0,0.06615680456161499,-0.08835424482822418,2.568101406097412,0.0,0.0,1772.431396484375,0.0,1772.431396484375,0.0,0.0,0.0,0.0,0.0,0.0,0.0,55.36452865600586,1.628780722618103,0.0,0,0,1299,0.004955291748046875,1299,0,12447,12384,338,0.0,0.0,calibrated_soft_bce_hard_dice_v2,reference_norm_relative_v2,FLOW_ONLY,142
1,5,0.171875,0.0,0.4715457220000544,1.276228427886963,1.276228427886963,0.38521918654441833,0.8910092711448669,0.10899072140455246,0.096269391477108,1.0,1.0,0.0663827434182167,0.06605690717697144,0.06605690717697144,0.09242818504571915,0.0,0.0,0.0,0.0,0.06606552749872208,-0.0906490907073021,2.5627243518829346,0.0,0.0,1772.7767333984375,0.0,1772.7767333984375,0.0,0.0,0.0,0.0,0.0,0.0,0.0,55.3753776550293,1.6268410682678223,0.0,0,0,1519,0.005794525146484375,1519,0,12384,12312,339,0.0,0.0,calibrated_soft_bce_hard_dice_v2,reference_norm_relative_v2,FLOW_ONLY,142
1,6,0.203125,0.0,0.460641506296129,1.277179479598999,1.277179479598999,0.38603878021240234,0.8911407589912415,0.10885924100875854,0.09649848192930222,1.0,1.0,0.06641534715890884,0.06595487147569656,0.06595487147569656,0.09242818504571915,0.0,0.0,0.0,0.0,0.06596706062555313,-0.09348189830780029,2.5559825897216797,0.0,0.0,1772.1727294921875,0.0,1772.1727294921875,0.0,0.0,0.0,0.0,0.0,0.0,0.0,55.356597900390625,1.623326063156128,0.0,0,0,1730,0.00659942626953125,1730,0,12312,12241,341,0.0,0.0,calibrated_soft_bce_hard_dice_v2,reference_norm_relative_v2,FLOW_ONLY,142
1,7,0.234375,0.0,0.4481902250709918,1.2783596515655518,1.2783596515655518,0.38704413175582886,0.8913155794143677,0.10868442058563232,0.09677828848361969,1.0,1.0,0.06644973158836365,0.0658378154039383,0.0658378154039383,0.09242818504571915,0.0,0.0,0.0,0.0,0.0658540204167366,-0.09691772609949112,2.547697067260742,0.0,0.0,1773.378662109375,0.0,1773.378662109375,0.0,0.0,0.0,0.0,0.0,0.0,0.0,55.39518356323242,1.59310781955719,0.0,0,0,1977,0.007541656494140625,1977,0,12241,12180,340,0.0,0.0,calibrated_soft_bce_hard_dice_v2,reference_norm_relative_v2,FLOW_ONLY,142
1,8,0.265625,0.06540312923014306,0.43431179096940364,1.279807686805725,1.279807686805725,0.38826784491539,0.8915398120880127,0.10846015810966492,0.09711293876171112,1.0,1.0,0.06648410856723785,0.06569743156433105,0.06569743156433105,0.09242818504571915,0.0,0.0,0.0,0.0,0.06571826338768005,-0.10103946924209595,2.537640333175659,0.0,0.0,1776.8563232421875,0.0,1776.8563232421875,0.0,0.0,0.0,0.0,0.0,0.0,0.0,55.50462341308594,1.567845344543457,0.0,0,0,2190,0.00835418701171875,2190,0,12180,12064,341,0.0,0.0,calibrated_soft_bce_hard_dice_v2,reference_norm_relative_v2,FLOW_ONLY,142
1,9,0.296875,0.19509032201612825,0.4191398608984867,1.281564474105835,1.281564474105835,0.38974514603614807,0.8918192982673645,0.1081807091832161,0.09750650823116302,1.0,1.0,0.0665169432759285,0.06552369892597198,0.06552369892597198,0.09242818504571915,0.0,0.0,0.0,0.0,0.06555000692605972,-0.10594972223043442,2.5255255699157715,0.0,0.0,1777.1053466796875,0.0,1777.1053466796875,0.0,0.0,0.0,0.0,0.0,0.0,0.0,55.512847900390625,1.5520836114883423,0.0,0,0,2663,0.010158538818359375,2663,0,12064,11949,343,0.0,0.0,calibrated_soft_bce_hard_dice_v2,reference_norm_relative_v2,FLOW_ONLY,142
1,10,0.328125,0.3214394653031616,0.4028205488386443,1.2836970090866089,1.2836970090866089,0.39152777194976807,0.8921692371368408,0.10783079266548157,0.09796464443206787,1.0,1.0,0.06654102355241776,0.06530363112688065,0.06530363112688065,0.09242818504571915,0.0,0.0,0.0,0.0,0.06533639878034592,-0.11177915334701538,2.5109894275665283,0.0,0.0,1776.5347900390625,0.0,1776.5347900390625,0.0,0.0,0.0,0.0,0.0,0.0,0.0,55.493690490722656,1.5986082553863525,0.0,0,0,3117,0.011890411376953125,3117,0,11949,11784,348,0.0,0.0,calibrated_soft_bce_hard_dice_v2,reference_norm_relative_v2,FLOW_ONLY,142
1,11,0.359375,0.4422886902190013,0.3855110186860564,1.2862533330917358,1.2862533330917358,0.39366355538368225,0.8925897479057312,0.1074102446436882,0.09849471598863602,1.0,1.0,0.06656335294246674,0.06503215432167053,0.06503215432167053,0.09242818504571915,0.0,0.0,0.0,0.0,0.06507270038127899,-0.11868899315595627,2.4935669898986816,0.0,0.0,1774.82470703125,0.0,1774.82470703125,0.0,0.0,0.0,0.0,0.0,0.0,0.0,55.43897247314453,1.6417268514633179,0.0,0,0,3653,0.013935089111328125,3653,0,11784,11589,348,0.0,0.0,calibrated_soft_bce_hard_dice_v2,reference_norm_relative_v2,FLOW_ONLY,142
1,12,0.390625,0.5555702330196022,0.367377970678444,1.2893177270889282,1.2893177270889282,0.3962237536907196,0.893094003200531,0.1069059744477272,0.09910450130701065,1.0,1.0,0.0665813758969307,0.06469632685184479,0.06469632685184479,0.09242818504571915,0.0,0.0,0.0,0.0,0.06474625319242477,-0.12689028680324554,2.4726719856262207,0.0,0.0,1773.1246337890625,0.0,1773.1246337890625,0.0,0.0,0.0,0.0,0.0,0.0,0.0,55.38411331176758,1.6983290910720825,0.0,0,0,4341,0.016559600830078125,4341,0,11589,11365,345,0.0,0.0,calibrated_soft_bce_hard_dice_v2,reference_norm_relative_v2,FLOW_ONLY,142
1,13,0.421875,0.6593458151000688,0.3485960359806528,1.2929906845092773,1.2929906845092773,0.3992995023727417,0.8936911225318909,0.10630887746810913,0.09979625046253204,1.0,1.0,0.06659186631441116,0.06426844000816345,0.06426844000816345,0.09242818504571915,0.0,0.0,0.0,0.0,0.06432996690273285,-0.13666599988937378,2.4475550651550293,0.0,0.0,1772.263916015625,0.0,1772.263916015625,0.0,0.0,0.0,0.0,0.0,0.0,0.0,55.35495376586914,1.7699943780899048,0.0,0,0,5038,0.01921844482421875,5038,0,11365,11098,343,0.0,0.0,calibrated_soft_bce_hard_dice_v2,reference_norm_relative_v2,FLOW_ONLY,142
1,14,0.453125,0.7518398074789773,0.32934609489107236,1.2973726987838745,1.2973726987838745,0.40299904346466064,0.8943736553192139,0.10562637448310852,0.10057699680328369,1.0,1.0,0.06660669296979904,0.06372729688882828,0.06372729688882828,0.09242818504571915,0.0,0.0,0.0,0.0,0.06380355358123779,-0.14837510883808136,2.4172463417053223,0.0,0.0,1771.5833740234375,0.0,1771.5833740234375,0.0,0.0,0.0,0.0,0.0,0.0,0.0,55.33052062988281,1.866176962852478,0.0,0,0,6180,0.0235748291015625,6180,0,11098,10804,343,0.0,0.0,calibrated_soft_bce_hard_dice_v2,reference_norm_relative_v2,FLOW_ONLY,142
1,15,0.484375,0.8314696123025452,0.3098135348654836,1.3026189804077148,1.3026189804077148,0.40746641159057617,0.8951525688171387,0.10484741628170013,0.1014508455991745,1.0,1.0,0.06662175804376602,0.06303460150957108,0.06303460150957108,0.09242818504571915,0.0,0.0,0.0,0.0,0.06312959641218185,-0.16250309348106384,2.3804733753204346,0.0,0.0,1771.8004150390625,0.0,1771.8004150390625,0.0,0.0,0.0,0.0,0.0,0.0,0.0,55.33173751831055,2.0245091915130615,0.0,0,0,7309,0.027881622314453125,7309,0,10804,10402,347,0.0,0.0,calibrated_soft_bce_hard_dice_v2,reference_norm_relative_v2,FLOW_ONLY,142
1,16,0.515625,0.8968727415326884,0.2901864651345164,1.30890691280365,1.30890691280365,0.4128882586956024,0.8960186839103699,0.10398133844137192,0.1024114340543747,1.0,1.0,0.06664393097162247,0.062137093394994736,0.062137093394994736,0.09242818504571915,0.0,0.0,0.0,0.0,0.06225644424557686,-0.17973214387893677,2.33552622795105,0.0,0.0,1771.69091796875,0.0,1771.69091796875,0.0,0.0,0.0,0.0,0.0,0.0,0.0,55.323028564453125,2.164107322692871,0.0,0,0,8592,0.03277587890625,8592,0,10402,9968,346,0.0,0.0,calibrated_soft_bce_hard_dice_v2,reference_norm_relative_v2,FLOW_ONLY,142
1,17,0.546875,0.9469301294951056,0.2706539051089276,1.3165123462677002,1.3165123462677002,0.41952595114707947,0.8969864249229431,0.1030135527253151,0.10344861447811127,1.0,1.0,0.06665721535682678,0.060957495123147964,0.060957495123147964,0.09242818504571915,0.0,0.0,0.0,0.0,0.061108432710170746,-0.20102040469646454,2.280048370361328,0.0,0.0,1770.470947265625,0.0,1770.470947265625,0.0,0.0,0.0,0.0,0.0,0.0,0.0,55.27775192260742,2.339050531387329,0.0,0,0,10499,0.040050506591796875,10499,0,9968,9399,345,0.0,0.0,calibrated_soft_bce_hard_dice_v2,reference_norm_relative_v2,FLOW_ONLY,142
1,18,0.578125,0.9807852804032304,0.2514039640193472,1.3257393836975098,1.3257393836975098,0.4277169704437256,0.8980224132537842,0.10197760164737701,0.10453792661428452,1.0,1.0,0.066670723259449,0.05939074978232384,0.05939074978232384,0.09242818504571915,0.0,0.0,0.0,0.0,0.05958353728055954,-0.22773723304271698,2.2107090950012207,0.0,0.0,1770.9154052734375,0.0,1770.9154052734375,0.0,0.0,0.0,0.0,0.0,0.0,0.0,55.2820930480957,2.5550734996795654,0.0,0,0,12331,0.047039031982421875,12331,0,9399,8745,337,0.0,0.0,calibrated_soft_bce_hard_dice_v2,reference_norm_relative_v2,FLOW_ONLY,142
1,19,0.609375,0.9978589232386035,0.232622029321556,1.3371134996414185,1.3371134996414185,0.4379812180995941,0.899132251739502,0.10086774080991745,0.10565149039030075,1.0,1.0,0.06665448844432831,0.057285960763692856,0.057285960763692856,0.09242818504571915,0.0,0.0,0.0,0.0,0.057534053921699524,-0.2618378698825836,2.122751474380493,0.0,0.0,1770.0091552734375,0.0,1770.0091552734375,0.0,0.0,0.0,0.0,0.0,0.0,0.0,55.24382781982422,2.761115074157715,0.0,0,0,14736,0.05621337890625,14736,0,8745,7966,340,0.0,0.0,calibrated_soft_bce_hard_dice_v2,reference_norm_relative_v2,FLOW_ONLY,142
1,20,0.640625,0.9978589232386035,0.21448898131394362,1.351361632347107,1.351361632347107,0.45108261704444885,0.9002790451049805,0.09972095489501953,0.106758251786232,1.0,1.0,0.0666026920080185,0.05445091053843498,0.05445091053843498,0.09242818504571915,0.0,0.0,0.0,0.0,0.05477271229028702,-0.306088387966156,2.0093326568603516,0.0,0.0,1769.969970703125,0.0,1769.969970703125,0.0,0.0,0.0,0.0,0.0,0.0,0.0,55.2291374206543,3.0184926986694336,0.0,0,0,16774,0.06398773193359375,16774,0,7966,7109,336,0.0,0.0,calibrated_soft_bce_hard_dice_v2,reference_norm_relative_v2,FLOW_ONLY,142
1,21,0.671875,0.9807852804032304,0.19717945116135566,1.369681477546692,1.369681477546692,0.4682435095310211,0.9014379978179932,0.09856198728084564,0.10782846063375473,1.0,1.0,0.06651295721530914,0.05067025125026703,0.05067025125026703,0.09242818504571915,0.0,0.0,0.0,0.0,0.05108979344367981,-0.36398443579673767,1.8609673976898193,0.0,0.0,1771.48388671875,0.0,1771.48388671875,0.0,0.0,0.0,0.0,0.0,0.0,0.0,55.2596435546875,3.3130593299865723,0.0,0,0,18411,0.07023239135742188,18411,0,7109,6204,334,0.0,0.0,calibrated_soft_bce_hard_dice_v2,reference_norm_relative_v2,FLOW_ONLY,142
1,22,0.703125,0.9469301294951057,0.18086013910151333,1.3941885232925415,1.3941885232925415,0.4915221631526947,0.9026663303375244,0.0973336398601532,0.10888451337814331,1.0,1.0,0.0663537010550499,0.04572165757417679,0.04572165757417679,0.09242818504571915,0.0,0.0,0.0,0.0,0.046268027275800705,-0.4395458400249481,1.6656783819198608,0.0,0.0,1771.7498779296875,0.0,1771.7498779296875,0.0,0.0,0.0,0.0,0.0,0.0,0.0,55.2454833984375,3.6689553260803223,0.0,0,0,18615,0.07101058959960938,18615,0,6204,5260,339,0.0,0.0,calibrated_soft_bce_hard_dice_v2,reference_norm_relative_v2,FLOW_ONLY,142
1,23,0.734375,0.8968727415326884,0.16568820903059628,1.4282383918762207,1.4282383918762207,0.5241987109184265,0.9040396809577942,0.095960333943367,0.11004289984703064,1.0,1.0,0.06617848575115204,0.03955765441060066,0.03955765441060066,0.09242818504571915,0.0,0.0,0.0,0.0,0.040262624621391296,-0.535174548625946,1.412254810333252,0.0,0.0,1773.3267822265625,0.0,1773.3267822265625,0.0,0.0,0.0,0.0,0.0,0.0,0.0,55.2691650390625,4.037790298461914,0.0,0,0,16890,0.06443023681640625,16890,0,5260,4398,341,0.0,0.0,calibrated_soft_bce_hard_dice_v2,reference_norm_relative_v2,FLOW_ONLY,142
1,24,0.765625,0.8314696123025455,0.1518097749290082,1.4770742654800415,1.4770742654800415,0.5712820887565613,0.9057921767234802,0.09420783072710037,0.11157433688640594,1.0,1.0,0.06605678796768188,0.03252163156867027,0.03252163156867027,0.09242818504571915,0.0,0.0,0.0,0.0,0.033409710973501205,-0.6482114791870117,1.0989990234375,0.0,0.0,1775.3868408203125,0.0,1775.3868408203125,0.0,0.0,0.0,0.0,0.0,0.0,0.0,55.297359466552734,4.508372783660889,0.0,0,0,12885,0.049152374267578125,12885,0,4398,3766,345,0.0,0.0,calibrated_soft_bce_hard_dice_v2,reference_norm_relative_v2,FLOW_ONLY,142
1,25,0.796875,0.7518398074789774,0.139358493703871,1.547153115272522,1.547153115272522,0.6389765739440918,0.9081765413284302,0.09182343631982803,0.11376705020666122,1.0,1.0,0.06603390723466873,0.025594288483262062,0.025594288483262062,0.09242818504571915,0.0,0.0,0.0,0.0,0.026665205135941505,-0.7655725479125977,0.7501851916313171,0.0,0.0,1779.4559326171875,0.0,1779.4559326171875,0.0,0.0,0.0,0.0,0.0,0.0,0.0,55.382041931152344,5.007879734039307,0.0,0,0,7633,0.029117584228515625,7633,0,3766,3484,347,0.0,0.0,calibrated_soft_bce_hard_dice_v2,reference_norm_relative_v2,FLOW_ONLY,142
1,26,0.828125,0.659345815100069,0.12845427799994558,1.6430318355560303,1.6430318355560303,0.7318626046180725,0.9111692905426025,0.08883073180913925,0.1165328249335289,1.0,1.0,0.06609665602445602,0.02021629922091961,0.02021629922091961,0.09242818504571915,0.0,0.0,0.0,0.0,0.021431300789117813,-0.8636807799339294,0.4264073669910431,0.0,0.0,1783.5035400390625,0.0,1783.5035400390625,0.0,0.0,0.0,0.0,0.0,0.0,0.0,55.45140838623047,5.610207557678223,0.0,0,0,3632,0.01385498046875,3632,0,3484,3377,342,0.0,0.0,calibrated_soft_bce_hard_dice_v2,reference_norm_relative_v2,FLOW_ONLY,142
1,27,0.859375,0.5555702330196022,0.11920214137531127,1.7618670463562012,1.7618670463562012,0.8477748036384583,0.9140921831130981,0.08590781688690186,0.11911146342754364,1.0,1.0,0.06629937142133713,0.01728258840739727,0.01728258840739727,0.09242818504571915,0.0,0.0,0.0,0.0,0.01858064904808998,-0.9237781167030334,0.19723528623580933,0.0,0.0,1787.2547607421875,0.0,1787.2547607421875,0.0,0.0,0.0,0.0,0.0,0.0,0.0,55.4932975769043,6.3172454833984375,0.0,0,0,1616,0.00616455078125,1616,0,3377,3360,346,0.0,0.0,calibrated_soft_bce_hard_dice_v2,reference_norm_relative_v2,FLOW_ONLY,142
1,28,0.890625,0.4422886902190013,0.11169118696339586,1.8903214931488037,1.8903214931488037,0.9744956493377686,0.9158258438110352,0.08417417854070663,0.12071248888969421,1.0,1.0,0.06674546748399734,0.016214344650506973,0.016214344650506973,0.09242818504571915,0.0,0.0,0.0,0.0,0.017552506178617477,-0.9497572183609009,0.07980570942163467,0.0,0.0,1792.5958251953125,0.0,1792.5958251953125,0.0,0.0,0.0,0.0,0.0,0.0,0.0,55.570709228515625,7.069811820983887,0.0,0,0,885,0.003376007080078125,885,0,3360,3322,344,0.0,0.0,calibrated_soft_bce_hard_dice_v2,reference_norm_relative_v2,FLOW_ONLY,142
1,29,0.921875,0.32143946530316175,0.10599374936109118,2.010251998901367,2.010251998901367,1.0936293601989746,0.9166227579116821,0.08337723463773727,0.12133614718914032,1.0,1.0,0.0669078528881073,0.01582212932407856,0.01582212932407856,0.09242818504571915,0.0,0.0,0.0,0.0,0.01717498153448105,-0.9588504433631897,0.03396427631378174,0.0,0.0,1802.9879150390625,0.0,1802.9879150390625,0.0,0.0,0.0,0.0,0.0,0.0,0.0,55.80429458618164,7.775363445281982,0.0,0,0,503,0.001918792724609375,503,0,3322,3239,343,0.0,0.0,calibrated_soft_bce_hard_dice_v2,reference_norm_relative_v2,FLOW_ONLY,142
1,30,0.953125,0.1950903220161286,0.10216469800704375,2.104362964630127,2.104362964630127,1.1868739128112793,0.9174891710281372,0.08251085877418518,0.12145671993494034,1.0,1.0,0.06629329919815063,0.015465869568288326,0.015465869568288326,0.09242818504571915,0.0,0.0,0.0,0.0,0.016811881214380264,-0.9625709652900696,0.017636895179748535,0.0,0.0,1831.8638916015625,0.0,1831.8638916015625,0.0,0.0,0.0,0.0,0.0,0.0,0.0,56.61470031738281,8.476530075073242,0.0,0,0,355,0.001354217529296875,355,0,3239,3166,335,0.0,0.0,calibrated_soft_bce_hard_dice_v2,reference_norm_relative_v2,FLOW_ONLY,142
1,31,0.984375,0.06540312923014312,0.10024090875896552,2.1594743728637695,2.1594743728637695,1.240500807762146,0.9189736247062683,0.08102639764547348,0.12140175700187683,1.0,1.0,0.06480235606431961,0.015083841048181057,0.015083841048181057,0.09242818504571915,0.0,0.0,0.0,0.0,0.01640048436820507,-0.9646899104118347,0.01140551082789898,0.0,0.0,1979.814453125,0.0,1979.814453125,0.0,0.0,0.0,0.0,0.0,0.0,0.0,61.07724380493164,9.867548942565918,0.0,0,0,317,0.001209259033203125,317,0,3166,3068,324,0.0,0.0,calibrated_soft_bce_hard_dice_v2,reference_norm_relative_v2,FLOW_ONLY,142
2,0,0.015625,0.0,0.49975909124103446,1.2731544971466064,1.2731544971466064,0.3828662931919098,0.890288233757019,0.10971178114414215,0.09586465358734131,1.0,1.0,0.06670504063367844,0.06669015437364578,0.06669015437364578,0.09242818504571915,0.0,0.0,0.0,0.0,0.06669054925441742,-0.08355559408664703,2.578178882598877,0.0,0.0,1774.0172119140625,0.0,1774.0172119140625,0.0,0.0,0.0,0.0,0.0,0.0,0.0,55.41749572753906,1.5090961456298828,1052.6422119140625,0,0,884,0.0033721923828125,884,0,12953,12914,359,0.0,0.0,calibrated_soft_bce_hard_dice_v2,reference_norm_relative_v2,FLOW_ONLY,242
2,1,0.046875,0.0,0.4978353019929562,1.2733047008514404,1.2733047008514404,0.3830034136772156,0.8903012275695801,0.10969876497983932,0.09588317573070526,1.0,1.0,0.06669806689023972,0.0666266530752182,0.0666266530752182,0.09242818504571915,0.0,0.0,0.0,0.0,0.06662853807210922,-0.0840381532907486,2.577195644378662,0.0,0.0,1772.648681640625,0.0,1772.648681640625,0.0,0.0,0.0,0.0,0.0,0.0,0.0,55.37278747558594,1.5783014297485352,0.0,0,0,934,0.00356292724609375,934,0,12914,12858,360,0.0,0.0,calibrated_soft_bce_hard_dice_v2,reference_norm_relative_v2,FLOW_ONLY,242
2,2,0.078125,0.0,0.4940062506389088,1.2736132144927979,1.2736132144927979,0.38326460123062134,0.8903485536575317,0.10965142399072647,0.09594129025936127,1.0,1.0,0.06668959558010101,0.06655564159154892,0.06655564159154892,0.09242818504571915,0.0,0.0,0.0,0.0,0.06655918806791306,-0.08494193851947784,2.575213670730591,0.0,0.0,1772.3026123046875,0.0,1772.3026123046875,0.0,0.0,0.0,0.0,0.0,0.0,0.0,55.361698150634766,1.5875779390335083,0.0,0,0,1124,0.0042877197265625,1124,0,12858,12800,358,0.0,0.0,calibrated_soft_bce_hard_dice_v2,reference_norm_relative_v2,FLOW_ONLY,242
2,3,0.109375,0.0,0.4883088130366042,1.2740418910980225,1.2740418910980225,0.38364464044570923,0.8903971910476685,0.10960281640291214,0.0960388258099556,1.0,1.0,0.06670095771551132,0.066477470099926,0.066477470099926,0.09242818504571915,0.0,0.0,0.0,0.0,0.06648338586091995,-0.08628275245428085,2.5721826553344727,0.0,0.0,1770.861328125,0.0,1770.861328125,0.0,0.0,0.0,0.0,0.0,0.0,0.0,55.316104888916016,1.606126070022583,0.0,0,0,1160,0.004425048828125,1160,0,12800,12759,361,0.0,0.0,calibrated_soft_bce_hard_dice_v2,reference_norm_relative_v2,FLOW_ONLY,242
2,4,0.140625,0.0,0.48079785862468866,1.274558424949646,1.274558424949646,0.3841361999511719,0.8904222249984741,0.10957775264978409,0.09617796540260315,1.0,1.0,0.06675073504447937,0.06639689952135086,0.06639689952135086,0.09242818504571915,0.0,0.0,0.0,0.0,0.06640627235174179,-0.08807826787233353,2.5680289268493652,0.0,0.0,1770.703125,0.0,1770.703125,0.0,0.0,0.0,0.0,0.0,0.0,0.0,55.310909271240234,1.6145830154418945,0.0,0,0,1327,0.005062103271484375,1327,0,12759,12692,360,0.0,0.0,calibrated_soft_bce_hard_dice_v2,reference_norm_relative_v2,FLOW_ONLY,242
2,5,0.171875,0.0,0.4715457220000544,1.2751593589782715,1.2751593589782715,0.3847414255142212,0.8904179930686951,0.10958202183246613,0.096361443400383,1.0,1.0,0.06684523820877075,0.06631454080343246,0.06631454080343246,0.09242818504571915,0.0,0.0,0.0,0.0,0.06632859259843826,-0.09036047756671906,2.5626471042633057,0.0,0.0,1770.73828125,0.0,1770.73828125,0.0,0.0,0.0,0.0,0.0,0.0,0.0,55.31205368041992,1.613152265548706,0.0,0,0,1469,0.005603790283203125,1469,0,12692,12635,361,0.0,0.0,calibrated_soft_bce_hard_dice_v2,reference_norm_relative_v2,FLOW_ONLY,242
2,6,0.203125,0.0,0.460641506296129,1.2758159637451172,1.2758159637451172,0.38545987010002136,0.8903560638427734,0.10964396595954895,0.0965925082564354,1.0,1.0,0.06700623780488968,0.06623292714357376,0.06623292714357376,0.09242818504571915,0.0,0.0,0.0,0.0,0.06625340133905411,-0.09316954761743546,2.555898666381836,0.0,0.0,1770.00244140625,0.0,1770.00244140625,0.0,0.0,0.0,0.0,0.0,0.0,0.0,55.289119720458984,1.610612392425537,0.0,0,0,1682,0.00641632080078125,1682,0,12635,12591,368,0.0,0.0,calibrated_soft_bce_hard_dice_v2,reference_norm_relative_v2,FLOW_ONLY,242
2,7,0.234375,0.0,0.4481902250709918,1.276559829711914,1.276559829711914,0.3863253891468048,0.8902344107627869,0.10976558923721313,0.09687486290931702,1.0,1.0,0.06723606586456299,0.06614194065332413,0.06614194065332413,0.09242818504571915,0.0,0.0,0.0,0.0,0.06617091596126556,-0.0965736135840416,2.547605276107788,0.0,0.0,1771.1522216796875,0.0,1771.1522216796875,0.0,0.0,0.0,0.0,0.0,0.0,0.0,55.32591247558594,1.5811798572540283,0.0,0,0,2020,0.0077056884765625,2020,0,12591,12522,373,0.0,0.0,calibrated_soft_bce_hard_dice_v2,reference_norm_relative_v2,FLOW_ONLY,242
2,8,0.265625,0.06540312923014306,0.43431179096940364,1.277430772781372,1.277430772781372,0.3873710036277771,0.8900597095489502,0.10994032025337219,0.09721153229475021,1.0,1.0,0.06753323972225189,0.06603224575519562,0.06603224575519562,0.09242818504571915,0.0,0.0,0.0,0.0,0.0660719946026802,-0.10065609961748123,2.537538528442383,0.0,0.0,1774.6231689453125,0.0,1774.6231689453125,0.0,0.0,0.0,0.0,0.0,0.0,0.0,55.43508529663086,1.557940125465393,0.0,0,0,2170,0.00827789306640625,2170,0,12522,12429,378,0.0,0.0,calibrated_soft_bce_hard_dice_v2,reference_norm_relative_v2,FLOW_ONLY,242
2,9,0.296875,0.19509032201612825,0.4191398608984867,1.278473138809204,1.278473138809204,0.3886359930038452,0.8898372054100037,0.11016277968883514,0.09760777652263641,1.0,1.0,0.06789818406105042,0.06589488685131073,0.06589488685131073,0.09242818504571915,0.0,0.0,0.0,0.0,0.06594794243574142,-0.10551868379116058,2.525411367416382,0.0,0.0,1774.79736328125,0.0,1774.79736328125,0.0,0.0,0.0,0.0,0.0,0.0,0.0,55.44101333618164,1.5406607389450073,0.0,0,0,2600,0.009918212890625,2600,0,12429,12299,384,0.0,0.0,calibrated_soft_bce_hard_dice_v2,reference_norm_relative_v2,FLOW_ONLY,242
2,10,0.328125,0.3214394653031616,0.4028205488386443,1.2797731161117554,1.2797731161117554,0.39017632603645325,0.8895968198776245,0.1104031652212143,0.09806689620018005,1.0,1.0,0.06831564754247665,0.06571513414382935,0.06571513414382935,0.09242818504571915,0.0,0.0,0.0,0.0,0.06578399986028671,-0.11129458248615265,2.5108606815338135,0.0,0.0,1774.1685791015625,0.0,1774.1685791015625,0.0,0.0,0.0,0.0,0.0,0.0,0.0,55.42002868652344,1.5878411531448364,0.0,0,0,3017,0.011508941650390625,3017,0,12299,12195,398,0.0,0.0,calibrated_soft_bce_hard_dice_v2,reference_norm_relative_v2,FLOW_ONLY,242
2,11,0.359375,0.4422886902190013,0.3855110186860564,1.2813407182693481,1.2813407182693481,0.39202892780303955,0.8893117904663086,0.11068820208311081,0.09859735518693924,1.0,1.0,0.06881390511989594,0.06549309939146042,0.06549309939146042,0.09242818504571915,0.0,0.0,0.0,0.0,0.06558104604482651,-0.1181357279419899,2.4934208393096924,0.0,0.0,1772.4161376953125,0.0,1772.4161376953125,0.0,0.0,0.0,0.0,0.0,0.0,0.0,55.36403274536133,1.6293288469314575,0.0,0,0,3498,0.01334381103515625,3498,0,12195,12037,403,0.0,0.0,calibrated_soft_bce_hard_dice_v2,reference_norm_relative_v2,FLOW_ONLY,242
2,12,0.390625,0.5555702330196022,0.367377970678444,1.2832226753234863,1.2832226753234863,0.39425671100616455,0.888965904712677,0.11103411018848419,0.09920547902584076,1.0,1.0,0.06941256672143936,0.06521636992692947,0.06521636992692947,0.09242818504571915,0.0,0.0,0.0,0.0,0.06532749533653259,-0.12624497711658478,2.472506523132324,0.0,0.0,1770.36572265625,0.0,1770.36572265625,0.0,0.0,0.0,0.0,0.0,0.0,0.0,55.29832077026367,1.683083176612854,0.0,0,0,4340,0.0165557861328125,4340,0,12037,11818,409,0.0,0.0,calibrated_soft_bce_hard_dice_v2,reference_norm_relative_v2,FLOW_ONLY,242
2,13,0.421875,0.6593458151000688,0.3485960359806528,1.28548002243042,1.28548002243042,0.39694690704345703,0.8885330557823181,0.11146695166826248,0.09989488869905472,1.0,1.0,0.07013746351003647,0.06486140191555023,0.06486140191555023,0.09242818504571915,0.0,0.0,0.0,0.0,0.06500112265348434,-0.1358996033668518,2.447368621826172,0.0,0.0,1769.2786865234375,0.0,1769.2786865234375,0.0,0.0,0.0,0.0,0.0,0.0,0.0,55.26219940185547,1.751704454421997,0.0,0,0,5090,0.01941680908203125,5090,0,11818,11550,418,0.0,0.0,calibrated_soft_bce_hard_dice_v2,reference_norm_relative_v2,FLOW_ONLY,242
2,14,0.453125,0.7518398074789773,0.32934609489107236,1.2880916595458984,1.2880916595458984,0.40017974376678467,0.8879119753837585,0.11208800971508026,0.10066856443881989,1.0,1.0,0.0710698664188385,0.06441041082143784,0.06441041082143784,0.09242818504571915,0.0,0.0,0.0,0.0,0.06458676606416702,-0.14745035767555237,2.417038917541504,0.0,0.0,1768.273681640625,0.0,1768.273681640625,0.0,0.0,0.0,0.0,0.0,0.0,0.0,55.22773361206055,1.845395803451538,0.0,0,0,6040,0.023040771484375,6040,0,11550,11300,438,0.0,0.0,calibrated_soft_bce_hard_dice_v2,reference_norm_relative_v2,FLOW_ONLY,242
2,15,0.484375,0.8314696123025452,0.3098135348654836,1.2911243438720703,1.2911243438720703,0.4040842056274414,0.8870401382446289,0.1129598319530487,0.10152527689933777,1.0,1.0,0.07226768881082535,0.06382985413074493,0.06382985413074493,0.09242818504571915,0.0,0.0,0.0,0.0,0.06405330449342728,-0.1613689363002777,2.3802483081817627,0.0,0.0,1768.35498046875,0.0,1768.35498046875,0.0,0.0,0.0,0.0,0.0,0.0,0.0,55.224822998046875,2.0018231868743896,0.0,0,0,7373,0.028125762939453125,7373,0,11300,10957,454,0.0,0.0,calibrated_soft_bce_hard_dice_v2,reference_norm_relative_v2,FLOW_ONLY,242
2,16,0.515625,0.8968727415326884,0.2901864651345164,1.2945724725723267,1.2945724725723267,0.40881213545799255,0.8857603073120117,0.11423971503973007,0.10245539247989655,1.0,1.0,0.07385700196027756,0.06307380646467209,0.06307380646467209,0.09242818504571915,0.0,0.0,0.0,0.0,0.06335936486721039,-0.17831502854824066,2.3352959156036377,0.0,0.0,1768.257080078125,0.0,1768.257080078125,0.0,0.0,0.0,0.0,0.0,0.0,0.0,55.21663284301758,2.138636589050293,0.0,0,0,8592,0.03277587890625,8592,0,10957,10572,475,0.0,0.0,calibrated_soft_bce_hard_dice_v2,reference_norm_relative_v2,FLOW_ONLY,242
2,17,0.546875,0.9469301294951056,0.2706539051089276,1.2985475063323975,1.2985475063323975,0.41460028290748596,0.8839472532272339,0.11605271697044373,0.10344284027814865,1.0,1.0,0.07594525814056396,0.062068842351436615,0.062068842351436615,0.09242818504571915,0.0,0.0,0.0,0.0,0.06243631988763809,-0.19922752678394318,2.2798430919647217,0.0,0.0,1767.0572509765625,0.0,1767.0572509765625,0.0,0.0,0.0,0.0,0.0,0.0,0.0,55.17209243774414,2.312605381011963,0.0,0,0,10354,0.03949737548828125,10354,0,10572,10146,497,0.0,0.0,calibrated_soft_bce_hard_dice_v2,reference_norm_relative_v2,FLOW_ONLY,242
2,18,0.578125,0.9807852804032304,0.2514039640193472,1.3031096458435059,1.3031096458435059,0.4217461347579956,0.881363570690155,0.11863642930984497,0.10445766896009445,1.0,1.0,0.0787314847111702,0.06072494015097618,0.06072494015097618,0.09242818504571915,0.0,0.0,0.0,0.0,0.0612017959356308,-0.2254263162612915,2.21059513092041,0.0,0.0,1767.6995849609375,0.0,1767.6995849609375,0.0,0.0,0.0,0.0,0.0,0.0,0.0,55.18275451660156,2.527594804763794,0.0,0,0,12362,0.04715728759765625,12362,0,10146,9619,520,0.0,0.0,calibrated_soft_bce_hard_dice_v2,reference_norm_relative_v2,FLOW_ONLY,242
2,19,0.609375,0.9978589232386035,0.232622029321556,1.308514952659607,1.308514952659607,0.4307233989238739,0.8777915239334106,0.12220844626426697,0.10545922815799713,1.0,1.0,0.08241043984889984,0.05890190973877907,0.05890190973877907,0.09242818504571915,0.0,0.0,0.0,0.0,0.05952446162700653,-0.2588173747062683,2.1228630542755127,0.0,0.0,1767.0323486328125,0.0,1767.0323486328125,0.0,0.0,0.0,0.0,0.0,0.0,0.0,55.15207290649414,2.733307361602783,0.0,0,0,14503,0.055324554443359375,14503,0,9619,8988,555,0.0,0.0,calibrated_soft_bce_hard_dice_v2,reference_norm_relative_v2,FLOW_ONLY,242
2,20,0.640625,0.9978589232386035,0.21448898131394362,1.3151843547821045,1.3151843547821045,0.44223734736442566,0.8729469776153564,0.12705299258232117,0.10640008747577667,1.0,1.0,0.08726047724485397,0.05642782151699066,0.05642782151699066,0.09242818504571915,0.0,0.0,0.0,0.0,0.057244326919317245,-0.30203792452812195,2.009925603866577,0.0,0.0,1767.32568359375,0.0,1767.32568359375,0.0,0.0,0.0,0.0,0.0,0.0,0.0,55.14799499511719,2.9888298511505127,0.0,0,0,16397,0.06254959106445312,16397,0,8988,8255,598,0.0,0.0,calibrated_soft_bce_hard_dice_v2,reference_norm_relative_v2,FLOW_ONLY,242
2,21,0.671875,0.9807852804032304,0.19717945116135566,1.3240163326263428,1.3240163326263428,0.45743271708488464,0.8665835857391357,0.13341644406318665,0.10725520551204681,1.0,1.0,0.09360278397798538,0.053109198808670044,0.053109198808670044,0.09242818504571915,0.0,0.0,0.0,0.0,0.0541815459728241,-0.3584534525871277,1.8624963760375977,0.0,0.0,1769.0931396484375,0.0,1769.0931396484375,0.0,0.0,0.0,0.0,0.0,0.0,0.0,55.18657684326172,3.2833285331726074,0.0,0,0,18023,0.06875228881835938,18023,0,8255,7377,642,0.0,0.0,calibrated_soft_bce_hard_dice_v2,reference_norm_relative_v2,FLOW_ONLY,242
2,22,0.703125,0.9469301294951057,0.18086013910151333,1.3369899988174438,1.3369899988174438,0.47828343510627747,0.8587065935134888,0.14129340648651123,0.10805591195821762,1.0,1.0,0.10166749358177185,0.048736218363046646,0.048736218363046646,0.09242818504571915,0.0,0.0,0.0,0.0,0.050137944519519806,-0.4317992925643921,1.668871283531189,0.0,0.0,1769.704833984375,0.0,1769.704833984375,0.0,0.0,0.0,0.0,0.0,0.0,0.0,55.18339157104492,3.6394684314727783,0.0,0,0,18808,0.071746826171875,18808,0,7377,6496,660,0.0,0.0,calibrated_soft_bce_hard_dice_v2,reference_norm_relative_v2,FLOW_ONLY,242
2,23,0.734375,0.8968727415326884,0.16568820903059628,1.357578992843628,1.357578992843628,0.5079659819602966,0.8496130704879761,0.15038691461086273,0.10896947234869003,1.0,1.0,0.11165474355220795,0.04325522482395172,0.04325522482395172,0.09242818504571915,0.0,0.0,0.0,0.0,0.045066580176353455,-0.5246201157569885,1.418001413345337,0.0,0.0,1771.46875,0.0,1771.46875,0.0,0.0,0.0,0.0,0.0,0.0,0.0,55.2132568359375,4.006019115447998,0.0,0,0,16962,0.06470489501953125,16962,0,6496,5799,729,0.0,0.0,calibrated_soft_bce_hard_dice_v2,reference_norm_relative_v2,FLOW_ONLY,242
2,24,0.765625,0.8314696123025455,0.1518097749290082,1.3918671607971191,1.3918671607971191,0.5514327883720398,0.8404343724250793,0.15956564247608185,0.11029928922653198,1.0,1.0,0.1233653724193573,0.036973003298044205,0.036973003298044205,0.09242818504571915,0.0,0.0,0.0,0.0,0.03926084190607071,-0.634535551071167,1.1078612804412842,0.0,0.0,1773.921875,0.0,1773.921875,0.0,0.0,0.0,0.0,0.0,0.0,0.0,55.254066467285156,4.4759016036987305,0.0,0,0,13123,0.050060272216796875,13123,0,5799,5329,776,0.0,0.0,calibrated_soft_bce_hard_dice_v2,reference_norm_relative_v2,FLOW_ONLY,242
2,25,0.796875,0.7518398074789774,0.139358493703871,1.4480050802230835,1.4480050802230835,0.614976167678833,0.8330289125442505,0.16697105765342712,0.11237403750419617,1.0,1.0,0.13596211373806,0.03081005997955799,0.03081005997955799,0.09242818504571915,0.0,0.0,0.0,0.0,0.03359469398856163,-0.7488769888877869,0.76171875,0.0,0.0,1778.48291015625,0.0,1778.48291015625,0.0,0.0,0.0,0.0,0.0,0.0,0.0,55.354557037353516,4.974081993103027,0.0,0,0,7800,0.029754638671875,7800,0,5329,5171,816,0.0,0.0,calibrated_soft_bce_hard_dice_v2,reference_norm_relative_v2,FLOW_ONLY,242
2,26,0.828125,0.659345815100069,0.12845427799994558,1.5321197509765625,1.5321197509765625,0.7035120129585266,0.8286077380180359,0.1713922619819641,0.11519170552492142,1.0,1.0,0.1482328623533249,0.026132313534617424,0.026132313534617424,0.09242818504571915,0.0,0.0,0.0,0.0,0.0293657798320055,-0.8449058532714844,0.43864113092422485,0.0,0.0,1783.3079833984375,0.0,1783.3079833984375,0.0,0.0,0.0,0.0,0.0,0.0,0.0,55.44905090332031,5.572661399841309,0.0,0,0,4044,0.0154266357421875,4044,0,5171,5117,850,0.0,0.0,calibrated_soft_bce_hard_dice_v2,reference_norm_relative_v2,FLOW_ONLY,242
2,27,0.859375,0.5555702330196022,0.11920214137531127,1.6421633958816528,1.6421633958816528,0.8153276443481445,0.8268357515335083,0.1731642335653305,0.1179341971874237,1.0,1.0,0.15819421410560608,0.02368330769240856,0.02368330769240856,0.09242818504571915,0.0,0.0,0.0,0.0,0.027245422825217247,-0.9040674567222595,0.20774737000465393,0.0,0.0,1788.16552734375,0.0,1788.16552734375,0.0,0.0,0.0,0.0,0.0,0.0,0.0,55.52650451660156,6.277027130126953,0.0,0,0,1952,0.0074462890625,1952,0,5117,5101,855,0.0,0.0,calibrated_soft_bce_hard_dice_v2,reference_norm_relative_v2,FLOW_ONLY,242
2,28,0.890625,0.4422886902190013,0.11169118696339586,1.7651112079620361,1.7651112079620361,0.9388267993927002,0.8262844085693359,0.17371559143066406,0.11964289844036102,1.0,1.0,0.1643819361925125,0.022782282903790474,0.022782282903790474,0.09242818504571915,0.0,0.0,0.0,0.0,0.026532119140028954,-0.9304264783859253,0.08695796877145767,0.0,0.0,1794.6988525390625,0.0,1794.6988525390625,0.0,0.0,0.0,0.0,0.0,0.0,0.0,55.642181396484375,7.028565406799316,0.0,0,0,1064,0.004058837890625,1064,0,5101,5069,867,0.0,0.0,calibrated_soft_bce_hard_dice_v2,reference_norm_relative_v2,FLOW_ONLY,242
2,29,0.921875,0.32143946530316175,0.10599374936109118,1.8828376531600952,1.8828376531600952,1.0564225912094116,0.8264150619506836,0.1735849380493164,0.12036508321762085,1.0,1.0,0.1668354868888855,0.02235136367380619,0.02235136367380619,0.09242818504571915,0.0,0.0,0.0,0.0,0.026177585124969482,-0.9401882886886597,0.03811749070882797,0.0,0.0,1806.6790771484375,0.0,1806.6790771484375,0.0,0.0,0.0,0.0,0.0,0.0,0.0,55.926082611083984,7.736977577209473,0.0,0,0,656,0.00250244140625,656,0,5069,4983,861,0.0,0.0,calibrated_soft_bce_hard_dice_v2,reference_norm_relative_v2,FLOW_ONLY,242
2,30,0.953125,0.1950903220161286,0.10216469800704375,1.9772268533706665,1.9772268533706665,1.1499494314193726,0.827277421951294,0.17272260785102844,0.12057361006736755,1.0,1.0,0.16645623743534088,0.021939078345894814,0.021939078345894814,0.09242818504571915,0.0,0.0,0.0,0.0,0.02576618082821369,-0.9442773461341858,0.02030690386891365,0.0,0.0,1838.5343017578125,0.0,1838.5343017578125,0.0,0.0,0.0,0.0,0.0,0.0,0.0,56.831809997558594,8.433883666992188,0.0,0,0,485,0.001850128173828125,485,0,4983,4868,845,0.0,0.0,calibrated_soft_bce_hard_dice_v2,reference_norm_relative_v2,FLOW_ONLY,242
2,31,0.984375,0.06540312923014312,0.10024090875896552,2.034097909927368,2.034097909927368,1.2053616046905518,0.8287363052368164,0.1712637096643448,0.12049398571252823,1.0,1.0,0.16411496698856354,0.021378545090556145,0.021378545090556145,0.09242818504571915,0.0,0.0,0.0,0.0,0.025158485397696495,-0.946927011013031,0.013327505439519882,0.0,0.0,1987.869140625,0.0,1987.869140625,0.0,0.0,0.0,0.0,0.0,0.0,0.0,61.34391403198242,9.794468879699707,0.0,0,0,430,0.00164031982421875,430,0,4868,4698,824,0.0,0.0,calibrated_soft_bce_hard_dice_v2,reference_norm_relative_v2,FLOW_ONLY,242
3,0,0.015625,0.0,0.49975909124103446,1.2731716632843018,1.2731716632843018,0.38311320543289185,0.8900584578514099,0.10994153469800949,0.09585040807723999,1.0,1.0,0.06682088971138,0.0666545107960701,0.0666545107960701,0.09242818504571915,0.0,0.0,0.0,0.0,0.06665892153978348,-0.08351204544305801,2.578305959701538,0.0,0.0,1773.6109619140625,0.0,1773.6109619140625,0.0,0.0,0.0,0.0,0.0,0.0,0.0,55.40483474731445,1.5077053308486938,1051.373046875,0,0,855,0.003261566162109375,855,0,12862,12821,346,0.0,0.0,calibrated_soft_bce_hard_dice_v2,reference_norm_relative_v2,FLOW_ONLY,342
3,1,0.046875,0.0,0.4978353019929562,1.2733399868011475,1.2733399868011475,0.3832527995109558,0.8900872468948364,0.10991274565458298,0.09586835652589798,1.0,1.0,0.06680425256490707,0.06659132242202759,0.06659132242202759,0.09242818504571915,0.0,0.0,0.0,0.0,0.06659695506095886,-0.08399451524019241,2.5773239135742188,0.0,0.0,1772.05615234375,0.0,1772.05615234375,0.0,0.0,0.0,0.0,0.0,0.0,0.0,55.35420608520508,1.5800800323486328,0.0,0,0,970,0.00370025634765625,970,0,12821,12759,344,0.0,0.0,calibrated_soft_bce_hard_dice_v2,reference_norm_relative_v2,FLOW_ONLY,342
3,2,0.078125,0.0,0.4940062506389088,1.2736668586730957,1.2736668586730957,0.3835170567035675,0.8901498317718506,0.10985014587640762,0.09592580795288086,1.0,1.0,0.06678654253482819,0.06652121990919113,0.06652121990919113,0.09242818504571915,0.0,0.0,0.0,0.0,0.06652824580669403,-0.08489687740802765,2.5753443241119385,0.0,0.0,1771.5604248046875,0.0,1771.5604248046875,0.0,0.0,0.0,0.0,0.0,0.0,0.0,55.338375091552734,1.5917353630065918,0.0,0,0,980,0.0037384033203125,980,0,12759,12710,344,0.0,0.0,calibrated_soft_bce_hard_dice_v2,reference_norm_relative_v2,FLOW_ONLY,342
3,3,0.109375,0.0,0.4883088130366042,1.2741174697875977,1.2741174697875977,0.3838999271392822,0.8902175426483154,0.10978244245052338,0.09602276235818863,1.0,1.0,0.06678685545921326,0.06644593179225922,0.06644593179225922,0.09242818504571915,0.0,0.0,0.0,0.0,0.06645495444536209,-0.08623328804969788,2.572317361831665,0.0,0.0,1769.7796630859375,0.0,1769.7796630859375,0.0,0.0,0.0,0.0,0.0,0.0,0.0,55.28219223022461,1.6094238758087158,0.0,0,0,1166,0.00444793701171875,1166,0,12710,12673,343,0.0,0.0,calibrated_soft_bce_hard_dice_v2,reference_norm_relative_v2,FLOW_ONLY,342
3,4,0.140625,0.0,0.48079785862468866,1.2746620178222656,1.2746620178222656,0.38439223170280457,0.8902697563171387,0.10973025113344193,0.09616105258464813,1.0,1.0,0.06682182848453522,0.06637211889028549,0.06637211889028549,0.09242818504571915,0.0,0.0,0.0,0.0,0.06638403236865997,-0.08801884204149246,2.568168878555298,0.0,0.0,1769.2578125,0.0,1769.2578125,0.0,0.0,0.0,0.0,0.0,0.0,0.0,55.26565933227539,1.6168464422225952,0.0,0,0,1399,0.005336761474609375,1399,0,12673,12632,343,0.0,0.0,calibrated_soft_bce_hard_dice_v2,reference_norm_relative_v2,FLOW_ONLY,342
3,5,0.171875,0.0,0.4715457220000544,1.2753040790557861,1.2753040790557861,0.3849978744983673,0.8903061747550964,0.10969384759664536,0.09634432196617126,1.0,1.0,0.06689499318599701,0.06630214303731918,0.06630214303731918,0.09242818504571915,0.0,0.0,0.0,0.0,0.0663178414106369,-0.09028525650501251,2.5627942085266113,0.0,0.0,1769.058837890625,0.0,1769.058837890625,0.0,0.0,0.0,0.0,0.0,0.0,0.0,55.25953674316406,1.6136480569839478,0.0,0,0,1511,0.005764007568359375,1511,0,12632,12608,347,0.0,0.0,calibrated_soft_bce_hard_dice_v2,reference_norm_relative_v2,FLOW_ONLY,342
3,6,0.203125,0.0,0.460641506296129,1.2760483026504517,1.2760483026504517,0.3857285678386688,0.8903197050094604,0.10968027263879776,0.09657685458660126,1.0,1.0,0.0670149028301239,0.06623826920986176,0.06623826920986176,0.09242818504571915,0.0,0.0,0.0,0.0,0.06625884026288986,-0.09307292848825455,2.5560545921325684,0.0,0.0,1768.231201171875,0.0,1768.231201171875,0.0,0.0,0.0,0.0,0.0,0.0,0.0,55.233821868896484,1.608219027519226,0.0,0,0,1741,0.006641387939453125,1741,0,12608,12594,348,0.0,0.0,calibrated_soft_bce_hard_dice_v2,reference_norm_relative_v2,FLOW_ONLY,342
3,7,0.234375,0.0,0.4481902250709918,1.2769297361373901,1.2769297361373901,0.38661256432533264,0.8903171420097351,0.1096828430891037,0.09686074405908585,1.0,1.0,0.0671784058213234,0.06617027521133423,0.06617027521133423,0.09242818504571915,0.0,0.0,0.0,0.0,0.066196970641613,-0.09645043313503265,2.547772169113159,0.0,0.0,1769.3876953125,0.0,1769.3876953125,0.0,0.0,0.0,0.0,0.0,0.0,0.0,55.27088165283203,1.5766515731811523,0.0,0,0,1884,0.0071868896484375,1884,0,12594,12548,355,0.0,0.0,calibrated_soft_bce_hard_dice_v2,reference_norm_relative_v2,FLOW_ONLY,342
3,8,0.265625,0.06540312923014306,0.43431179096940364,1.2779970169067383,1.2779970169067383,0.3876872658729553,0.890309751033783,0.10969024896621704,0.09720049053430557,1.0,1.0,0.06738084554672241,0.06608854979276657,0.06608854979276657,0.09242818504571915,0.0,0.0,0.0,0.0,0.06612277776002884,-0.10049960017204285,2.537719488143921,0.0,0.0,1772.7720947265625,0.0,1772.7720947265625,0.0,0.0,0.0,0.0,0.0,0.0,0.0,55.37738037109375,1.5520689487457275,0.0,0,0,2158,0.00823211669921875,2158,0,12548,12475,362,0.0,0.0,calibrated_soft_bce_hard_dice_v2,reference_norm_relative_v2,FLOW_ONLY,342
3,9,0.296875,0.19509032201612825,0.4191398608984867,1.2792948484420776,1.2792948484420776,0.3889872133731842,0.890307605266571,0.10969241708517075,0.09760028123855591,1.0,1.0,0.06762026995420456,0.06598648428916931,0.06598648428916931,0.09242818504571915,0.0,0.0,0.0,0.0,0.06602975726127625,-0.10531932860612869,2.5256094932556152,0.0,0.0,1772.8663330078125,0.0,1772.8663330078125,0.0,0.0,0.0,0.0,0.0,0.0,0.0,55.38085174560547,1.533268928527832,0.0,0,0,2552,0.009735107421875,2552,0,12475,12407,363,0.0,0.0,calibrated_soft_bce_hard_dice_v2,reference_norm_relative_v2,FLOW_ONLY,342
3,10,0.328125,0.3214394653031616,0.4028205488386443,1.2809183597564697,1.2809183597564697,0.3905763030052185,0.890342116355896,0.10965791344642639,0.0980658233165741,1.0,1.0,0.06787952780723572,0.06584782153367996,0.06584782153367996,0.09242818504571915,0.0,0.0,0.0,0.0,0.06590162217617035,-0.1110445111989975,2.511079788208008,0.0,0.0,1772.1514892578125,0.0,1772.1514892578125,0.0,0.0,0.0,0.0,0.0,0.0,0.0,55.357261657714844,1.5775867700576782,0.0,0,0,3070,0.01171112060546875,3070,0,12407,12276,372,0.0,0.0,calibrated_soft_bce_hard_dice_v2,reference_norm_relative_v2,FLOW_ONLY,342
3,11,0.359375,0.4422886902190013,0.3855110186860564,1.2828696966171265,1.2828696966171265,0.39248499274253845,0.8903846740722656,0.10961531847715378,0.09860540926456451,1.0,1.0,0.06818854063749313,0.06567533314228058,0.06567533314228058,0.09242818504571915,0.0,0.0,0.0,0.0,0.0657418891787529,-0.11782509088516235,2.493666410446167,0.0,0.0,1770.232421875,0.0,1770.232421875,0.0,0.0,0.0,0.0,0.0,0.0,0.0,55.29610824584961,1.6176552772521973,0.0,0,0,3646,0.01390838623046875,3646,0,12276,12123,376,0.0,0.0,calibrated_soft_bce_hard_dice_v2,reference_norm_relative_v2,FLOW_ONLY,342
3,12,0.390625,0.5555702330196022,0.367377970678444,1.2852227687835693,1.2852227687835693,0.39478060603141785,0.8904421329498291,0.1095578745007515,0.09922788292169571,1.0,1.0,0.06855299323797226,0.06545909494161606,0.06545909494161606,0.09242818504571915,0.0,0.0,0.0,0.0,0.06554102897644043,-0.12586762011051178,2.4727847576141357,0.0,0.0,1768.0244140625,0.0,1768.0244140625,0.0,0.0,0.0,0.0,0.0,0.0,0.0,55.22548294067383,1.6711010932922363,0.0,0,0,4177,0.015933990478515625,4177,0,12123,12000,381,0.0,0.0,calibrated_soft_bce_hard_dice_v2,reference_norm_relative_v2,FLOW_ONLY,342
3,13,0.421875,0.6593458151000688,0.3485960359806528,1.2880713939666748,1.2880713939666748,0.3975476622581482,0.8905236721038818,0.10947629809379578,0.09993690997362137,1.0,1.0,0.06897766143083572,0.06518059223890305,0.06518059223890305,0.09242818504571915,0.0,0.0,0.0,0.0,0.06528114527463913,-0.13543763756752014,2.447688102722168,0.0,0.0,1766.874267578125,0.0,1766.874267578125,0.0,0.0,0.0,0.0,0.0,0.0,0.0,55.18742370605469,1.739169716835022,0.0,0,0,5017,0.019138336181640625,5017,0,12000,11829,390,0.0,0.0,calibrated_soft_bce_hard_dice_v2,reference_norm_relative_v2,FLOW_ONLY,342
3,14,0.453125,0.7518398074789773,0.32934609489107236,1.2914550304412842,1.2914550304412842,0.4008719325065613,0.8905830979347229,0.1094169169664383,0.10074125230312347,1.0,1.0,0.06951085478067398,0.06482898443937302,0.06482898443937302,0.09242818504571915,0.0,0.0,0.0,0.0,0.06495296955108643,-0.14687298238277435,2.4174108505249023,0.0,0.0,1765.763916015625,0.0,1765.763916015625,0.0,0.0,0.0,0.0,0.0,0.0,0.0,55.14967727661133,1.8326979875564575,0.0,0,0,5915,0.022563934326171875,5915,0,11829,11604,394,0.0,0.0,calibrated_soft_bce_hard_dice_v2,reference_norm_relative_v2,FLOW_ONLY,342
3,15,0.484375,0.8314696123025452,0.3098135348654836,1.2954928874969482,1.2954928874969482,0.40488773584365845,0.890605092048645,0.10939489305019379,0.101647287607193,1.0,1.0,0.070182204246521,0.06437846273183823,0.06437846273183823,0.09242818504571915,0.0,0.0,0.0,0.0,0.06453215330839157,-0.1606365591287613,2.380690574645996,0.0,0.0,1765.871826171875,0.0,1765.871826171875,0.0,0.0,0.0,0.0,0.0,0.0,0.0,55.14762496948242,1.9893771409988403,0.0,0,0,6992,0.02667236328125,6992,0,11604,11386,400,0.0,0.0,calibrated_soft_bce_hard_dice_v2,reference_norm_relative_v2,FLOW_ONLY,342
3,16,0.515625,0.8968727415326884,0.2901864651345164,1.3003156185150146,1.3003156185150146,0.40976619720458984,0.89054936170578,0.10945061594247818,0.1026567667722702,1.0,1.0,0.07104615867137909,0.06379483640193939,0.06379483640193939,0.09242818504571915,0.0,0.0,0.0,0.0,0.0639868676662445,-0.17735370993614197,2.3358352184295654,0.0,0.0,1765.6700439453125,0.0,1765.6700439453125,0.0,0.0,0.0,0.0,0.0,0.0,0.0,55.136131286621094,2.1281564235687256,0.0,0,0,8559,0.032649993896484375,8559,0,11386,11031,409,0.0,0.0,calibrated_soft_bce_hard_dice_v2,reference_norm_relative_v2,FLOW_ONLY,342
3,17,0.546875,0.9469301294951056,0.2706539051089276,1.3061621189117432,1.3061621189117432,0.41576436161994934,0.8903977870941162,0.10960223525762558,0.10376805812120438,1.0,1.0,0.07214310765266418,0.06301518529653549,0.06301518529653549,0.09242818504571915,0.0,0.0,0.0,0.0,0.06325691193342209,-0.19793124496936798,2.2805252075195312,0.0,0.0,1764.3660888671875,0.0,1764.3660888671875,0.0,0.0,0.0,0.0,0.0,0.0,0.0,55.0883903503418,2.3012921810150146,0.0,0,0,10261,0.039142608642578125,10261,0,11031,10644,421,0.0,0.0,calibrated_soft_bce_hard_dice_v2,reference_norm_relative_v2,FLOW_ONLY,342
3,18,0.578125,0.9807852804032304,0.2514039640193472,1.3132458925247192,1.3132458925247192,0.42319267988204956,0.8900532126426697,0.10994679480791092,0.10497570782899857,1.0,1.0,0.07358977198600769,0.061973828822374344,0.061973828822374344,0.09242818504571915,0.0,0.0,0.0,0.0,0.062281444668769836,-0.22365166246891022,2.2114996910095215,0.0,0.0,1765.0126953125,0.0,1765.0126953125,0.0,0.0,0.0,0.0,0.0,0.0,0.0,55.09914779663086,2.517845630645752,0.0,0,0,12043,0.045940399169921875,12043,0,10644,10211,433,0.0,0.0,calibrated_soft_bce_hard_dice_v2,reference_norm_relative_v2,FLOW_ONLY,342
3,19,0.609375,0.9978589232386035,0.232622029321556,1.3220627307891846,1.3220627307891846,0.43257108330726624,0.8894916772842407,0.11050833761692047,0.10625442117452621,1.0,1.0,0.0754617229104042,0.06055184453725815,0.06055184453725815,0.09242818504571915,0.0,0.0,0.0,0.0,0.06094668433070183,-0.2563231587409973,2.124131202697754,0.0,0.0,1764.3238525390625,0.0,1764.3238525390625,0.0,0.0,0.0,0.0,0.0,0.0,0.0,55.06779098510742,2.723968744277954,0.0,0,0,14361,0.054782867431640625,14361,0,10211,9625,440,0.0,0.0,calibrated_soft_bce_hard_dice_v2,reference_norm_relative_v2,FLOW_ONLY,342
3,20,0.640625,0.9978589232386035,0.21448898131394362,1.333267331123352,1.333267331123352,0.44464588165283203,0.88862144947052,0.11137856543064117,0.10759996622800827,1.0,1.0,0.07792943716049194,0.05861589312553406,0.05861589312553406,0.09242818504571915,0.0,0.0,0.0,0.0,0.059127356857061386,-0.29846227169036865,2.0118048191070557,0.0,0.0,1764.6734619140625,0.0,1764.6734619140625,0.0,0.0,0.0,0.0,0.0,0.0,0.0,55.065399169921875,2.9813270568847656,0.0,0,0,16532,0.0630645751953125,16532,0,9625,9050,468,0.0,0.0,calibrated_soft_bce_hard_dice_v2,reference_norm_relative_v2,FLOW_ONLY,342
3,21,0.671875,0.9807852804032304,0.19717945116135566,1.3480501174926758,1.3480501174926758,0.4606359004974365,0.8874142169952393,0.11258580535650253,0.1090380847454071,1.0,1.0,0.08118870109319687,0.056015852838754654,0.056015852838754654,0.09242818504571915,0.0,0.0,0.0,0.0,0.05668247863650322,-0.35334616899490356,1.8653966188430786,0.0,0.0,1766.4658203125,0.0,1766.4658203125,0.0,0.0,0.0,0.0,0.0,0.0,0.0,55.10478591918945,3.2755794525146484,0.0,0,0,18097,0.06903457641601562,18097,0,9050,8381,496,0.0,0.0,calibrated_soft_bce_hard_dice_v2,reference_norm_relative_v2,FLOW_ONLY,342
3,22,0.703125,0.9469301294951057,0.18086013910151333,1.3686310052871704,1.3686310052871704,0.48262688517570496,0.8860040903091431,0.11399591714143753,0.11065121740102768,1.0,1.0,0.08538884669542313,0.05257992818951607,0.05257992818951607,0.09242818504571915,0.0,0.0,0.0,0.0,0.053448766469955444,-0.42470675706863403,1.6733911037445068,0.0,0.0,1767.18994140625,0.0,1767.18994140625,0.0,0.0,0.0,0.0,0.0,0.0,0.0,55.10504150390625,3.6332547664642334,0.0,0,0,18535,0.07070541381835938,18535,0,8381,7768,529,0.0,0.0,calibrated_soft_bce_hard_dice_v2,reference_norm_relative_v2,FLOW_ONLY,342
3,23,0.734375,0.8968727415326884,0.16568820903059628,1.398520588874817,1.398520588874817,0.513937771320343,0.8845828175544739,0.11541718244552612,0.11262185871601105,1.0,1.0,0.0907544270157814,0.04828421771526337,0.04828421771526337,0.09242818504571915,0.0,0.0,0.0,0.0,0.049408912658691406,-0.514934778213501,1.4248502254486084,0.0,0.0,1769.1583251953125,0.0,1769.1583251953125,0.0,0.0,0.0,0.0,0.0,0.0,0.0,55.14120101928711,4.001441955566406,0.0,0,0,16817,0.06415176391601562,16817,0,7768,7276,561,0.0,0.0,calibrated_soft_bce_hard_dice_v2,reference_norm_relative_v2,FLOW_ONLY,342
3,24,0.765625,0.8314696123025455,0.1518097749290082,1.4432281255722046,1.4432281255722046,0.5597313642501831,0.8834967613220215,0.1165032610297203,0.11521994322538376,1.0,1.0,0.09744860231876373,0.04341527074575424,0.04341527074575424,0.09242818504571915,0.0,0.0,0.0,0.0,0.044846177101135254,-0.6216078400611877,1.117594838142395,0.0,0.0,1772.189453125,0.0,1772.189453125,0.0,0.0,0.0,0.0,0.0,0.0,0.0,55.1999397277832,4.4736151695251465,0.0,0,0,13525,0.051593780517578125,13525,0,7276,7010,595,0.0,0.0,calibrated_soft_bce_hard_dice_v2,reference_norm_relative_v2,FLOW_ONLY,342
3,25,0.796875,0.7518398074789774,0.139358493703871,1.50996732711792,1.50996732711792,0.6266804337501526,0.8832868337631226,0.11671315878629684,0.1186366155743599,1.0,1.0,0.10521551966667175,0.038752708584070206,0.038752708584070206,0.09242818504571915,0.0,0.0,0.0,0.0,0.040512777864933014,-0.7325740456581116,0.7739267349243164,0.0,0.0,1777.5257568359375,0.0,1777.5257568359375,0.0,0.0,0.0,0.0,0.0,0.0,0.0,55.324764251708984,4.971500396728516,0.0,0,0,8402,0.03205108642578125,8402,0,7010,6933,622,0.0,0.0,calibrated_soft_bce_hard_dice_v2,reference_norm_relative_v2,FLOW_ONLY,342
3,26,0.828125,0.659345815100069,0.12845427799994558,1.604675531387329,1.604675531387329,0.7202876806259155,0.8843878507614136,0.11561214178800583,0.12276715785264969,1.0,1.0,0.11308018863201141,0.03541731834411621,0.03541731834411621,0.09242818504571915,0.0,0.0,0.0,0.0,0.03747398778796196,-0.8265450596809387,0.45079678297042847,0.0,0.0,1783.4990234375,0.0,1783.4990234375,0.0,0.0,0.0,0.0,0.0,0.0,0.0,55.45519256591797,5.571232795715332,0.0,0,0,4227,0.016124725341796875,4227,0,6933,6990,639,0.0,0.0,calibrated_soft_bce_hard_dice_v2,reference_norm_relative_v2,FLOW_ONLY,342
3,27,0.859375,0.5555702330196022,0.11920214137531127,1.7262463569641113,1.7262463569641113,0.8397579789161682,0.8864884376525879,0.11351155489683151,0.12673716247081757,1.0,1.0,0.11942025274038315,0.033985625952482224,0.033985625952482224,0.09242818504571915,0.0,0.0,0.0,0.0,0.0362481065094471,-0.8851113319396973,0.21651026606559753,0.0,0.0,1789.6676025390625,0.0,1789.6676025390625,0.0,0.0,0.0,0.0,0.0,0.0,0.0,55.57417297363281,6.273216247558594,0.0,0,0,2104,0.008026123046875,2104,0,6990,7032,641,0.0,0.0,calibrated_soft_bce_hard_dice_v2,reference_norm_relative_v2,FLOW_ONLY,342
3,28,0.890625,0.4422886902190013,0.11169118696339586,1.8626254796981812,1.8626254796981812,0.9737877249717712,0.8888377547264099,0.1111622303724289,0.12937329709529877,1.0,1.0,0.12281788885593414,0.03374195098876953,0.03374195098876953,0.09242818504571915,0.0,0.0,0.0,0.0,0.036100856959819794,-0.9110159277915955,0.09218742698431015,0.0,0.0,1797.5081787109375,0.0,1797.5081787109375,0.0,0.0,0.0,0.0,0.0,0.0,0.0,55.73133850097656,7.0232625007629395,0.0,0,0,1221,0.004657745361328125,1221,0,7032,6971,640,0.0,0.0,calibrated_soft_bce_hard_dice_v2,reference_norm_relative_v2,FLOW_ONLY,342
3,29,0.921875,0.32143946530316175,0.10599374936109118,1.99418306350708,1.99418306350708,1.1035836935043335,0.8905993700027466,0.10940060764551163,0.1305699497461319,1.0,1.0,0.1236455962061882,0.03354569151997566,0.03354569151997566,0.09242818504571915,0.0,0.0,0.0,0.0,0.03593171387910843,-0.9206733107566833,0.04102074354887009,0.0,0.0,1810.692138671875,0.0,1810.692138671875,0.0,0.0,0.0,0.0,0.0,0.0,0.0,56.05411911010742,7.726522922515869,0.0,0,0,787,0.003002166748046875,787,0,6971,6823,632,0.0,0.0,calibrated_soft_bce_hard_dice_v2,reference_norm_relative_v2,FLOW_ONLY,342
3,30,0.953125,0.1950903220161286,0.10216469800704375,2.1006603240966797,2.1006603240966797,1.2086187601089478,0.8920415639877319,0.10795846581459045,0.13088011741638184,1.0,1.0,0.12248202413320541,0.03299149125814438,0.03299149125814438,0.09242818504571915,0.0,0.0,0.0,0.0,0.03536137565970421,-0.9251723885536194,0.02200457639992237,0.0,0.0,1844.6605224609375,0.0,1844.6605224609375,0.0,0.0,0.0,0.0,0.0,0.0,0.0,57.027008056640625,8.422592163085938,0.0,0,0,593,0.002262115478515625,593,0,6823,6648,619,0.0,0.0,calibrated_soft_bce_hard_dice_v2,reference_norm_relative_v2,FLOW_ONLY,342
3,31,0.984375,0.06540312923014312,0.10024090875896552,2.1657707691192627,2.1657707691192627,1.2724637985229492,0.8933069705963135,0.10669304430484772,0.13070884346961975,1.0,1.0,0.12014702707529068,0.03212224319577217,0.03212224319577217,0.09242818504571915,0.0,0.0,0.0,0.0,0.03445331007242203,-0.9284884333610535,0.014366592280566692,0.0,0.0,1996.4510498046875,0.0,1996.4510498046875,0.0,0.0,0.0,0.0,0.0,0.0,0.0,61.61478805541992,9.798827171325684,0.0,0,0,533,0.002033233642578125,533,0,6648,6410,609,0.0,0.0,calibrated_soft_bce_hard_dice_v2,reference_norm_relative_v2,FLOW_ONLY,342
4,0,0.015625,0.0,0.49975909124103446,1.2724813222885132,1.2724813222885132,0.38266733288764954,0.889814019203186,0.11018600314855576,0.09574853628873825,1.0,1.0,0.06696213036775589,0.06663832813501358,0.06663832813501358,0.09242818504571915,0.0,0.0,0.0,0.0,0.06664689630270004,-0.08362618833780289,2.5782175064086914,0.0,0.0,1773.918701171875,0.0,1773.918701171875,0.0,0.0,0.0,0.0,0.0,0.0,0.0,55.414276123046875,1.514221429824829,1051.397705078125,0,0,857,0.003269195556640625,857,0,12747,12715,382,0.0,0.0,calibrated_soft_bce_hard_dice_v2,reference_norm_relative_v2,FLOW_ONLY,442
4,1,0.046875,0.0,0.4978353019929562,1.2726223468780518,1.2726223468780518,0.38280153274536133,0.8898208141326904,0.11017921566963196,0.09576547890901566,1.0,1.0,0.06695874035358429,0.0665750727057457,0.0665750727057457,0.09242818504571915,0.0,0.0,0.0,0.0,0.0665852352976799,-0.08410821110010147,2.5772359371185303,0.0,0.0,1772.3941650390625,0.0,1772.3941650390625,0.0,0.0,0.0,0.0,0.0,0.0,0.0,55.36467361450195,1.58360755443573,0.0,0,0,938,0.00357818603515625,938,0,12715,12674,381,0.0,0.0,calibrated_soft_bce_hard_dice_v2,reference_norm_relative_v2,FLOW_ONLY,442
4,2,0.078125,0.0,0.4940062506389088,1.2729204893112183,1.2729204893112183,0.3830588161945343,0.8898616433143616,0.11013837158679962,0.09582161903381348,1.0,1.0,0.06695404648780823,0.06650464981794357,0.06650464981794357,0.09242818504571915,0.0,0.0,0.0,0.0,0.06651654839515686,-0.08501114696264267,2.57525634765625,0.0,0.0,1771.9761962890625,0.0,1771.9761962890625,0.0,0.0,0.0,0.0,0.0,0.0,0.0,55.35136795043945,1.5919445753097534,0.0,0,0,1045,0.003986358642578125,1045,0,12674,12647,383,0.0,0.0,calibrated_soft_bce_hard_dice_v2,reference_norm_relative_v2,FLOW_ONLY,442
4,3,0.109375,0.0,0.4883088130366042,1.273350477218628,1.273350477218628,0.38343560695648193,0.8899148106575012,0.11008520424365997,0.09591703861951828,1.0,1.0,0.0669625774025917,0.06642790883779526,0.06642790883779526,0.09242818504571915,0.0,0.0,0.0,0.0,0.06644206494092941,-0.08634984493255615,2.57222843170166,0.0,0.0,1770.34619140625,0.0,1770.34619140625,0.0,0.0,0.0,0.0,0.0,0.0,0.0,55.29991912841797,1.6089437007904053,0.0,0,0,1217,0.004642486572265625,1217,0,12647,12592,383,0.0,0.0,calibrated_soft_bce_hard_dice_v2,reference_norm_relative_v2,FLOW_ONLY,442
4,4,0.140625,0.0,0.48079785862468866,1.2739073038101196,1.2739073038101196,0.3839285969734192,0.8899787068367004,0.11002128571271896,0.09605450183153152,1.0,1.0,0.066989466547966,0.06635220348834991,0.06635220348834991,0.09242818504571915,0.0,0.0,0.0,0.0,0.06636907905340195,-0.08813976496458054,2.5680782794952393,0.0,0.0,1769.724609375,0.0,1769.724609375,0.0,0.0,0.0,0.0,0.0,0.0,0.0,55.28026580810547,1.616503119468689,0.0,0,0,1329,0.005069732666015625,1329,0,12592,12525,382,0.0,0.0,calibrated_soft_bce_hard_dice_v2,reference_norm_relative_v2,FLOW_ONLY,442
4,5,0.171875,0.0,0.4715457220000544,1.2746131420135498,1.2746131420135498,0.3845464587211609,0.8900666832923889,0.10993333905935287,0.09623901546001434,1.0,1.0,0.06703045219182968,0.06628167629241943,0.06628167629241943,0.09242818504571915,0.0,0.0,0.0,0.0,0.06630150228738785,-0.09040968120098114,2.5627012252807617,0.0,0.0,1769.539306640625,0.0,1769.539306640625,0.0,0.0,0.0,0.0,0.0,0.0,0.0,55.27450942993164,1.6151936054229736,0.0,0,0,1479,0.005641937255859375,1479,0,12525,12496,381,0.0,0.0,calibrated_soft_bce_hard_dice_v2,reference_norm_relative_v2,FLOW_ONLY,442
4,6,0.203125,0.0,0.460641506296129,1.27548086643219,1.27548086643219,0.3853019177913666,0.890178918838501,0.10982105880975723,0.09647664427757263,1.0,1.0,0.06709013879299164,0.06622066348791122,0.06622066348791122,0.09242818504571915,0.0,0.0,0.0,0.0,0.06624368578195572,-0.09319743514060974,2.5559589862823486,0.0,0.0,1768.822509765625,0.0,1768.822509765625,0.0,0.0,0.0,0.0,0.0,0.0,0.0,55.2522087097168,1.611462116241455,0.0,0,0,1684,0.0064239501953125,1684,0,12496,12447,384,0.0,0.0,calibrated_soft_bce_hard_dice_v2,reference_norm_relative_v2,FLOW_ONLY,442
4,7,0.234375,0.0,0.4481902250709918,1.2765467166900635,1.2765467166900635,0.3862293064594269,0.890317440032959,0.10968255251646042,0.09677071124315262,1.0,1.0,0.06716777384281158,0.06615801900625229,0.06615801900625229,0.09242818504571915,0.0,0.0,0.0,0.0,0.06618475168943405,-0.09657196700572968,2.547673225402832,0.0,0.0,1770.138671875,0.0,1770.138671875,0.0,0.0,0.0,0.0,0.0,0.0,0.0,55.294227600097656,1.5813558101654053,0.0,0,0,1915,0.007305145263671875,1915,0,12447,12387,386,0.0,0.0,calibrated_soft_bce_hard_dice_v2,reference_norm_relative_v2,FLOW_ONLY,442
4,8,0.265625,0.06540312923014306,0.43431179096940364,1.2778382301330566,1.2778382301330566,0.38736122846603394,0.8904770612716675,0.10952294617891312,0.09712465852499008,1.0,1.0,0.06726819276809692,0.06608307361602783,0.06608307361602783,0.09242818504571915,0.0,0.0,0.0,0.0,0.06611446291208267,-0.10061641782522202,2.537616491317749,0.0,0.0,1773.8797607421875,0.0,1773.8797607421875,0.0,0.0,0.0,0.0,0.0,0.0,0.0,55.411842346191406,1.5580780506134033,0.0,0,0,2207,0.008419036865234375,2207,0,12387,12342,388,0.0,0.0,calibrated_soft_bce_hard_dice_v2,reference_norm_relative_v2,FLOW_ONLY,442
4,9,0.296875,0.19509032201612825,0.4191398608984867,1.2794106006622314,1.2794106006622314,0.3887324035167694,0.8906782269477844,0.10932176560163498,0.0975407212972641,1.0,1.0,0.06738162785768509,0.06598637998104095,0.06598637998104095,0.09242818504571915,0.0,0.0,0.0,0.0,0.0660233274102211,-0.10543277114629745,2.5255022048950195,0.0,0.0,1774.38427734375,0.0,1774.38427734375,0.0,0.0,0.0,0.0,0.0,0.0,0.0,55.42808532714844,1.5411698818206787,0.0,0,0,2526,0.00963592529296875,2526,0,12342,12252,389,0.0,0.0,calibrated_soft_bce_hard_dice_v2,reference_norm_relative_v2,FLOW_ONLY,442
4,10,0.328125,0.3214394653031616,0.4028205488386443,1.281327724456787,1.281327724456787,0.3903951346874237,0.890932559967041,0.10906743258237839,0.0980214849114418,1.0,1.0,0.06750282645225525,0.06585169583559036,0.06585169583559036,0.09242818504571915,0.0,0.0,0.0,0.0,0.06589542329311371,-0.11115530133247375,2.510967969894409,0.0,0.0,1773.9083251953125,0.0,1773.9083251953125,0.0,0.0,0.0,0.0,0.0,0.0,0.0,55.41191482543945,1.5869665145874023,0.0,0,0,3038,0.01158905029296875,3038,0,12252,12169,393,0.0,0.0,calibrated_soft_bce_hard_dice_v2,reference_norm_relative_v2,FLOW_ONLY,442
4,11,0.359375,0.4422886902190013,0.3855110186860564,1.2836257219314575,1.2836257219314575,0.3923915922641754,0.8912341594696045,0.1087658628821373,0.09858003258705139,1.0,1.0,0.06764819473028183,0.06568491458892822,0.06568491458892822,0.09242818504571915,0.0,0.0,0.0,0.0,0.06573691219091415,-0.11792778223752975,2.4935495853424072,0.0,0.0,1772.204833984375,0.0,1772.204833984375,0.0,0.0,0.0,0.0,0.0,0.0,0.0,55.35745620727539,1.628507137298584,0.0,0,0,3675,0.014019012451171875,3675,0,12169,12044,396,0.0,0.0,calibrated_soft_bce_hard_dice_v2,reference_norm_relative_v2,FLOW_ONLY,442
4,12,0.390625,0.5555702330196022,0.367377970678444,1.286365032196045,1.286365032196045,0.39478540420532227,0.8915796279907227,0.10842034965753555,0.09922586381435394,1.0,1.0,0.06782911717891693,0.06547655910253525,0.06547655910253525,0.09242818504571915,0.0,0.0,0.0,0.0,0.06553886085748672,-0.12595734000205994,2.472663164138794,0.0,0.0,1770.1409912109375,0.0,1770.1409912109375,0.0,0.0,0.0,0.0,0.0,0.0,0.0,55.29127883911133,1.683744192123413,0.0,0,0,4216,0.016082763671875,4216,0,12044,11890,393,0.0,0.0,calibrated_soft_bce_hard_dice_v2,reference_norm_relative_v2,FLOW_ONLY,442
4,13,0.421875,0.6593458151000688,0.3485960359806528,1.289652943611145,1.289652943611145,0.3976670801639557,0.8919858932495117,0.10801411420106888,0.09996270388364792,1.0,1.0,0.06804383546113968,0.0652058944106102,0.0652058944106102,0.09242818504571915,0.0,0.0,0.0,0.0,0.06528104841709137,-0.13551458716392517,2.447561740875244,0.0,0.0,1769.0316162109375,0.0,1769.0316162109375,0.0,0.0,0.0,0.0,0.0,0.0,0.0,55.25446701049805,1.7521171569824219,0.0,0,0,5114,0.01950836181640625,5114,0,11890,11690,395,0.0,0.0,calibrated_soft_bce_hard_dice_v2,reference_norm_relative_v2,FLOW_ONLY,442
4,14,0.453125,0.7518398074789773,0.32934609489107236,1.2935794591903687,1.2935794591903687,0.40113934874534607,0.8924400806427002,0.10755989700555801,0.10080064088106155,1.0,1.0,0.06831803172826767,0.06486278772354126,0.06486278772354126,0.09242818504571915,0.0,0.0,0.0,0.0,0.06495429575443268,-0.14693674445152283,2.4172792434692383,0.0,0.0,1767.99755859375,0.0,1767.99755859375,0.0,0.0,0.0,0.0,0.0,0.0,0.0,55.21904754638672,1.846876859664917,0.0,0,0,6044,0.0230560302734375,6044,0,11690,11471,404,0.0,0.0,calibrated_soft_bce_hard_dice_v2,reference_norm_relative_v2,FLOW_ONLY,442
4,15,0.484375,0.8314696123025452,0.3098135348654836,1.2982882261276245,1.2982882261276245,0.40534117817878723,0.8929470777511597,0.10705295205116272,0.10175009816884995,1.0,1.0,0.06866680085659027,0.06442280113697052,0.06442280113697052,0.09242818504571915,0.0,0.0,0.0,0.0,0.06453518569469452,-0.16069166362285614,2.380551338195801,0.0,0.0,1768.1231689453125,0.0,1768.1231689453125,0.0,0.0,0.0,0.0,0.0,0.0,0.0,55.2175178527832,2.0034327507019043,0.0,0,0,7334,0.02797698974609375,7334,0,11471,11209,400,0.0,0.0,calibrated_soft_bce_hard_dice_v2,reference_norm_relative_v2,FLOW_ONLY,442
4,16,0.515625,0.8968727415326884,0.2901864651345164,1.3039698600769043,1.3039698600769043,0.4104629158973694,0.8935070037841797,0.10649297386407852,0.10281697660684586,1.0,1.0,0.06911461800336838,0.06385236978530884,0.06385236978530884,0.09242818504571915,0.0,0.0,0.0,0.0,0.0639917328953743,-0.17742203176021576,2.3356821537017822,0.0,0.0,1768.0379638671875,0.0,1768.0379638671875,0.0,0.0,0.0,0.0,0.0,0.0,0.0,55.20963668823242,2.1423234939575195,0.0,0,0,8558,0.03264617919921875,8558,0,11209,10883,400,0.0,0.0,calibrated_soft_bce_hard_dice_v2,reference_norm_relative_v2,FLOW_ONLY,442
4,17,0.546875,0.9469301294951056,0.2706539051089276,1.3109130859375,1.3109130859375,0.41677752137184143,0.894135594367981,0.10586438328027725,0.10400018841028214,1.0,1.0,0.06967587023973465,0.06309179216623306,0.06309179216623306,0.09242818504571915,0.0,0.0,0.0,0.0,0.06326615065336227,-0.19803504645824432,2.280341625213623,0.0,0.0,1766.8358154296875,0.0,1766.8358154296875,0.0,0.0,0.0,0.0,0.0,0.0,0.0,55.16503143310547,2.315908193588257,0.0,0,0,10328,0.039398193359375,10328,0,10883,10531,417,0.0,0.0,calibrated_soft_bce_hard_dice_v2,reference_norm_relative_v2,FLOW_ONLY,442
4,18,0.578125,0.9807852804032304,0.2514039640193472,1.3194630146026611,1.3194630146026611,0.4246373474597931,0.8948256969451904,0.10517433285713196,0.1053033247590065,1.0,1.0,0.0703994631767273,0.0620766207575798,0.0620766207575798,0.09242818504571915,0.0,0.0,0.0,0.0,0.062297023832798004,-0.22380630671977997,2.2112483978271484,0.0,0.0,1767.51806640625,0.0,1767.51806640625,0.0,0.0,0.0,0.0,0.0,0.0,0.0,55.176849365234375,2.5325260162353516,0.0,0,0,12348,0.0471038818359375,12348,0,10531,10109,421,0.0,0.0,calibrated_soft_bce_hard_dice_v2,reference_norm_relative_v2,FLOW_ONLY,442
4,19,0.609375,0.9978589232386035,0.232622029321556,1.3302154541015625,1.3302154541015625,0.4345960021018982,0.8956195116043091,0.10438050329685211,0.10671751946210861,1.0,1.0,0.07130683958530426,0.060694899410009384,0.060694899410009384,0.09242818504571915,0.0,0.0,0.0,0.0,0.060975924134254456,-0.25657162070274353,2.123734474182129,0.0,0.0,1766.87060546875,0.0,1766.87060546875,0.0,0.0,0.0,0.0,0.0,0.0,0.0,55.14670181274414,2.7395920753479004,0.0,0,0,14138,0.05393218994140625,14138,0,10109,9643,431,0.0,0.0,calibrated_soft_bce_hard_dice_v2,reference_norm_relative_v2,FLOW_ONLY,442
4,20,0.640625,0.9978589232386035,0.21448898131394362,1.3440698385238647,1.3440698385238647,0.44748279452323914,0.8965870141983032,0.10341299325227737,0.1082426905632019,1.0,1.0,0.07243864238262177,0.0588182657957077,0.0588182657957077,0.09242818504571915,0.0,0.0,0.0,0.0,0.05917896330356598,-0.2988276183605194,2.011117458343506,0.0,0.0,1767.247314453125,0.0,1767.247314453125,0.0,0.0,0.0,0.0,0.0,0.0,0.0,55.14508819580078,2.9972188472747803,0.0,0,0,16519,0.06301498413085938,16519,0,9643,9058,430,0.0,0.0,calibrated_soft_bce_hard_dice_v2,reference_norm_relative_v2,FLOW_ONLY,442
4,21,0.671875,0.9807852804032304,0.19717945116135566,1.3625133037567139,1.3625133037567139,0.46462950110435486,0.8978838324546814,0.102116160094738,0.10993004590272903,1.0,1.0,0.0738285556435585,0.05630895867943764,0.05630895867943764,0.09242818504571915,0.0,0.0,0.0,0.0,0.05677291750907898,-0.35381802916526794,1.8641719818115234,0.0,0.0,1769.0396728515625,0.0,1769.0396728515625,0.0,0.0,0.0,0.0,0.0,0.0,0.0,55.184326171875,3.292952060699463,0.0,0,0,18178,0.06934356689453125,18178,0,9058,8453,433,0.0,0.0,calibrated_soft_bce_hard_dice_v2,reference_norm_relative_v2,FLOW_ONLY,442
4,22,0.703125,0.9469301294951057,0.18086013910151333,1.3881431818008423,1.3881431818008423,0.4882901608943939,0.8998530507087708,0.10014694929122925,0.11187257617712021,1.0,1.0,0.07540326565504074,0.0530119389295578,0.0530119389295578,0.09242818504571915,0.0,0.0,0.0,0.0,0.05360490828752518,-0.4252237379550934,1.6712883710861206,0.0,0.0,1769.740966796875,0.0,1769.740966796875,0.0,0.0,0.0,0.0,0.0,0.0,0.0,55.18375778198242,3.6510300636291504,0.0,0,0,18841,0.07187271118164062,18841,0,8453,7956,445,0.0,0.0,calibrated_soft_bce_hard_dice_v2,reference_norm_relative_v2,FLOW_ONLY,442
4,23,0.734375,0.8968727415326884,0.16568820903059628,1.4249823093414307,1.4249823093414307,0.5220502018928528,0.9029321670532227,0.09706781059503555,0.11424035578966141,1.0,1.0,0.07704365998506546,0.04892544075846672,0.04892544075846672,0.09242818504571915,0.0,0.0,0.0,0.0,0.04967006295919418,-0.5154389142990112,1.421507716178894,0.0,0.0,1771.6834716796875,0.0,1771.6834716796875,0.0,0.0,0.0,0.0,0.0,0.0,0.0,55.218955993652344,4.02017879486084,0.0,0,0,17170,0.06549835205078125,17170,0,7956,7435,435,0.0,0.0,calibrated_soft_bce_hard_dice_v2,reference_norm_relative_v2,FLOW_ONLY,442
4,24,0.765625,0.8314696123025455,0.1518097749290082,1.4789707660675049,1.4789707660675049,0.5713880062103271,0.9075828194618225,0.09241718798875809,0.11738716810941696,1.0,1.0,0.07848776876926422,0.044356781989336014,0.044356781989336014,0.09242818504571915,0.0,0.0,0.0,0.0,0.04526063799858093,-0.622330367565155,1.112700343132019,0.0,0.0,1774.3704833984375,0.0,1774.3704833984375,0.0,0.0,0.0,0.0,0.0,0.0,0.0,55.26689910888672,4.4910783767700195,0.0,0,0,13124,0.0500640869140625,13124,0,7435,7164,427,0.0,0.0,calibrated_soft_bce_hard_dice_v2,reference_norm_relative_v2,FLOW_ONLY,442
4,25,0.796875,0.7518398074789774,0.139358493703871,1.5569298267364502,1.5569298267364502,0.6431658267974854,0.9137639999389648,0.08623597025871277,0.12151915580034256,1.0,1.0,0.07942776381969452,0.04008686915040016,0.04008686915040016,0.09242818504571915,0.0,0.0,0.0,0.0,0.04112869128584862,-0.7334465980529785,0.7674875855445862,0.0,0.0,1779.1815185546875,0.0,1779.1815185546875,0.0,0.0,0.0,0.0,0.0,0.0,0.0,55.37504959106445,4.989989280700684,0.0,0,0,8116,0.0309600830078125,8116,0,7164,7139,422,0.0,0.0,calibrated_soft_bce_hard_dice_v2,reference_norm_relative_v2,FLOW_ONLY,442
4,26,0.828125,0.659345815100069,0.12845427799994558,1.662920594215393,1.662920594215393,0.7427353858947754,0.9201852083206177,0.07981476932764053,0.12628582119941711,1.0,1.0,0.0801115334033966,0.037194035947322845,0.037194035947322845,0.09242818504571915,0.0,0.0,0.0,0.0,0.038330577313899994,-0.8267462849617004,0.44394323229789734,0.0,0.0,1784.1627197265625,0.0,1784.1627197265625,0.0,0.0,0.0,0.0,0.0,0.0,0.0,55.47417068481445,5.58976411819458,0.0,0,0,4071,0.015529632568359375,4071,0,7139,7234,428,0.0,0.0,calibrated_soft_bce_hard_dice_v2,reference_norm_relative_v2,FLOW_ONLY,442
4,27,0.859375,0.5555702330196022,0.11920214137531127,1.7933930158615112,1.7933930158615112,0.8684478998184204,0.9249451160430908,0.07505485415458679,0.1305728405714035,1.0,1.0,0.08117127418518066,0.036152470856904984,0.036152470856904984,0.09242818504571915,0.0,0.0,0.0,0.0,0.03734465688467026,-0.884163498878479,0.21093501150608063,0.0,0.0,1789.29443359375,0.0,1789.29443359375,0.0,0.0,0.0,0.0,0.0,0.0,0.0,55.560035705566406,6.294455051422119,0.0,0,0,2047,0.007808685302734375,2047,0,7234,7276,433,0.0,0.0,calibrated_soft_bce_hard_dice_v2,reference_norm_relative_v2,FLOW_ONLY,442
4,28,0.890625,0.4422886902190013,0.11169118696339586,1.935483694076538,1.935483694076538,1.0079416036605835,0.9275420308113098,0.07245799154043198,0.13328169286251068,1.0,1.0,0.08228710293769836,0.03612205386161804,0.03612205386161804,0.09242818504571915,0.0,0.0,0.0,0.0,0.03734460100531578,-0.9092491269111633,0.08829879760742188,0.0,0.0,1796.535888671875,0.0,1796.535888671875,0.0,0.0,0.0,0.0,0.0,0.0,0.0,55.697872161865234,7.045757293701172,0.0,0,0,1103,0.004207611083984375,1103,0,7276,7215,426,0.0,0.0,calibrated_soft_bce_hard_dice_v2,reference_norm_relative_v2,FLOW_ONLY,442
4,29,0.921875,0.32143946530316175,0.10599374936109118,2.0706052780151367,2.0706052780151367,1.1415044069290161,0.9291009902954102,0.07089898735284805,0.13437971472740173,1.0,1.0,0.0822407454252243,0.036009661853313446,0.036009661853313446,0.09242818504571915,0.0,0.0,0.0,0.0,0.037233952432870865,-0.9185144901275635,0.0386669859290123,0.0,0.0,1809.3577880859375,0.0,1809.3577880859375,0.0,0.0,0.0,0.0,0.0,0.0,0.0,56.008819580078125,7.749754905700684,0.0,0,0,662,0.00252532958984375,662,0,7215,7098,420,0.0,0.0,calibrated_soft_bce_hard_dice_v2,reference_norm_relative_v2,FLOW_ONLY,442
4,30,0.953125,0.1950903220161286,0.10216469800704375,2.1786017417907715,2.1786017417907715,1.24826180934906,0.930340051651001,0.06965996325016022,0.13454696536064148,1.0,1.0,0.08105196058750153,0.03551013022661209,0.03551013022661209,0.09242818504571915,0.0,0.0,0.0,0.0,0.036716170608997345,-0.9227534532546997,0.02057044953107834,0.0,0.0,1842.715087890625,0.0,1842.715087890625,0.0,0.0,0.0,0.0,0.0,0.0,0.0,56.96149826049805,8.449979782104492,0.0,0,0,520,0.001983642578125,520,0,7098,6938,416,0.0,0.0,calibrated_soft_bce_hard_dice_v2,reference_norm_relative_v2,FLOW_ONLY,442
4,31,0.984375,0.06540312923014312,0.10024090875896552,2.242931842803955,2.242931842803955,1.3117001056671143,0.931231677532196,0.06876832246780396,0.13426287472248077,1.0,1.0,0.07951264083385468,0.03471691533923149,0.03471691533923149,0.09242818504571915,0.0,0.0,0.0,0.0,0.035903193056583405,-0.9257302284240723,0.01340506412088871,0.0,0.0,1995.99609375,0.0,1995.99609375,0.0,0.0,0.0,0.0,0.0,0.0,0.0,61.59592819213867,9.8268461227417,0.0,0,0,472,0.001800537109375,472,0,6938,6720,403,0.0,0.0,calibrated_soft_bce_hard_dice_v2,reference_norm_relative_v2,FLOW_ONLY,442
5,0,0.015625,0.0,0.49975909124103446,1.2740564346313477,1.2740564346313477,0.3834955394268036,0.8905609250068665,0.10943906009197235,0.09590370208024979,1.0,1.0,0.06656486541032791,0.06670399755239487,0.06670399755239487,0.09242818504571915,0.0,0.0,0.0,0.0,0.06670030951499939,-0.08359236270189285,2.578160285949707,0.0,0.0,1772.920166015625,0.0,1772.920166015625,0.0,0.0,0.0,0.0,0.0,0.0,0.0,55.383758544921875,1.4884854555130005,1051.30810546875,0,0,886,0.00337982177734375,886,0,12983,12934,346,0.0,0.0,calibrated_soft_bce_hard_dice_v2,reference_norm_relative_v2,FLOW_ONLY,542
5,1,0.046875,0.0,0.4978353019929562,1.2742335796356201,1.2742335796356201,0.3836413025856018,0.8905922174453735,0.10940778255462646,0.09592255204916,1.0,1.0,0.06654685735702515,0.06664028018712997,0.06664028018712997,0.09242818504571915,0.0,0.0,0.0,0.0,0.0666378065943718,-0.0840773656964302,2.577176094055176,0.0,0.0,1771.4952392578125,0.0,1771.4952392578125,0.0,0.0,0.0,0.0,0.0,0.0,0.0,55.3372688293457,1.5591530799865723,0.0,0,0,954,0.00363922119140625,954,0,12934,12880,347,0.0,0.0,calibrated_soft_bce_hard_dice_v2,reference_norm_relative_v2,FLOW_ONLY,542
5,2,0.078125,0.0,0.4940062506389088,1.2745909690856934,1.2745909690856934,0.38391798734664917,0.8906729817390442,0.1093270406126976,0.09598198533058167,1.0,1.0,0.06651846319437027,0.0665697455406189,0.0665697455406189,0.09242818504571915,0.0,0.0,0.0,0.0,0.06656838953495026,-0.08498421311378479,2.575192451477051,0.0,0.0,1771.1065673828125,0.0,1771.1065673828125,0.0,0.0,0.0,0.0,0.0,0.0,0.0,55.3248291015625,1.5693165063858032,0.0,0,0,1089,0.004154205322265625,1089,0,12880,12838,343,0.0,0.0,calibrated_soft_bce_hard_dice_v2,reference_norm_relative_v2,FLOW_ONLY,542
5,3,0.109375,0.0,0.4883088130366042,1.2751095294952393,1.2751095294952393,0.3843235969543457,0.8907859325408936,0.10921404510736465,0.09608261287212372,1.0,1.0,0.06649161130189896,0.06649375706911087,0.06649375706911087,0.09242818504571915,0.0,0.0,0.0,0.0,0.0664936974644661,-0.08632765710353851,2.5721595287323,0.0,0.0,1769.3427734375,0.0,1769.3427734375,0.0,0.0,0.0,0.0,0.0,0.0,0.0,55.26918029785156,1.5870532989501953,0.0,0,0,1122,0.00428009033203125,1122,0,12838,12790,345,0.0,0.0,calibrated_soft_bce_hard_dice_v2,reference_norm_relative_v2,FLOW_ONLY,542
5,4,0.140625,0.0,0.48079785862468866,1.2757917642593384,1.2757917642593384,0.38486185669898987,0.8909299373626709,0.1090700551867485,0.09622900187969208,1.0,1.0,0.06647118926048279,0.06641953438520432,0.06641953438520432,0.09242818504571915,0.0,0.0,0.0,0.0,0.06642091274261475,-0.0881226658821106,2.568002939224243,0.0,0.0,1768.665771484375,0.0,1768.665771484375,0.0,0.0,0.0,0.0,0.0,0.0,0.0,55.2477912902832,1.5947048664093018,0.0,0,0,1334,0.00508880615234375,1334,0,12790,12735,345,0.0,0.0,calibrated_soft_bce_hard_dice_v2,reference_norm_relative_v2,FLOW_ONLY,542
5,5,0.171875,0.0,0.4715457220000544,1.2766581773757935,1.2766581773757935,0.3855460584163666,0.8911120891571045,0.1088879331946373,0.09642763435840607,1.0,1.0,0.06645669788122177,0.06635135412216187,0.06635135412216187,0.09242818504571915,0.0,0.0,0.0,0.0,0.06635414063930511,-0.09039732068777084,2.562617063522339,0.0,0.0,1768.403564453125,0.0,1768.403564453125,0.0,0.0,0.0,0.0,0.0,0.0,0.0,55.23965072631836,1.5928335189819336,0.0,0,0,1483,0.005657196044921875,1483,0,12735,12676,346,0.0,0.0,calibrated_soft_bce_hard_dice_v2,reference_norm_relative_v2,FLOW_ONLY,542
5,6,0.203125,0.0,0.460641506296129,1.2777055501937866,1.2777055501937866,0.3863832652568817,0.8913222551345825,0.10867775231599808,0.0966840460896492,1.0,1.0,0.06645970046520233,0.06629538536071777,0.06629538536071777,0.09242818504571915,0.0,0.0,0.0,0.0,0.06629973649978638,-0.09318836778402328,2.555863618850708,0.0,0.0,1767.9827880859375,0.0,1767.9827880859375,0.0,0.0,0.0,0.0,0.0,0.0,0.0,55.226585388183594,1.5898444652557373,0.0,0,0,1714,0.00653839111328125,1714,0,12676,12612,345,0.0,0.0,calibrated_soft_bce_hard_dice_v2,reference_norm_relative_v2,FLOW_ONLY,542
5,7,0.234375,0.0,0.4481902250709918,1.2789620161056519,1.2789620161056519,0.3874039053916931,0.8915581107139587,0.10844188183546066,0.09699898958206177,1.0,1.0,0.06648144870996475,0.06623856723308563,0.06623856723308563,0.09242818504571915,0.0,0.0,0.0,0.0,0.06624500453472137,-0.0965668186545372,2.5475637912750244,0.0,0.0,1769.6173095703125,0.0,1769.6173095703125,0.0,0.0,0.0,0.0,0.0,0.0,0.0,55.278499603271484,1.5611839294433594,0.0,0,0,1941,0.007404327392578125,1941,0,12612,12570,349,0.0,0.0,calibrated_soft_bce_hard_dice_v2,reference_norm_relative_v2,FLOW_ONLY,542
5,8,0.265625,0.06540312923014306,0.43431179096940364,1.2804911136627197,1.2804911136627197,0.388650506734848,0.8918405771255493,0.10815944522619247,0.0973767563700676,1.0,1.0,0.06651080399751663,0.06617045402526855,0.06617045402526855,0.09242818504571915,0.0,0.0,0.0,0.0,0.06617946922779083,-0.10061676055192947,2.537489175796509,0.0,0.0,1773.3614501953125,0.0,1773.3614501953125,0.0,0.0,0.0,0.0,0.0,0.0,0.0,55.396202087402344,1.5379940271377563,0.0,0,0,2283,0.008708953857421875,2283,0,12570,12516,349,0.0,0.0,calibrated_soft_bce_hard_dice_v2,reference_norm_relative_v2,FLOW_ONLY,542
5,9,0.296875,0.19509032201612825,0.4191398608984867,1.282348394393921,1.282348394393921,0.39016014337539673,0.8921881914138794,0.1078118085861206,0.09782471507787704,1.0,1.0,0.06654146313667297,0.06608820706605911,0.06608820706605911,0.09242818504571915,0.0,0.0,0.0,0.0,0.06610020995140076,-0.10543452948331833,2.5253520011901855,0.0,0.0,1773.6279296875,0.0,1773.6279296875,0.0,0.0,0.0,0.0,0.0,0.0,0.0,55.4050407409668,1.5194028615951538,0.0,0,0,2549,0.009723663330078125,2549,0,12516,12413,351,0.0,0.0,calibrated_soft_bce_hard_dice_v2,reference_norm_relative_v2,FLOW_ONLY,542
5,10,0.328125,0.3214394653031616,0.4028205488386443,1.284597396850586,1.284597396850586,0.3919832706451416,0.8926140666007996,0.10738595575094223,0.09834636747837067,1.0,1.0,0.06656668335199356,0.06597371399402618,0.06597371399402618,0.09242818504571915,0.0,0.0,0.0,0.0,0.0659894198179245,-0.11115744709968567,2.510789155960083,0.0,0.0,1773.02099609375,0.0,1773.02099609375,0.0,0.0,0.0,0.0,0.0,0.0,0.0,55.384857177734375,1.5629481077194214,0.0,0,0,3062,0.01168060302734375,3062,0,12413,12361,359,0.0,0.0,calibrated_soft_bce_hard_dice_v2,reference_norm_relative_v2,FLOW_ONLY,542
5,11,0.359375,0.4422886902190013,0.3855110186860564,1.2872813940048218,1.2872813940048218,0.39416876435279846,0.8931126594543457,0.10688737034797668,0.09895716607570648,1.0,1.0,0.06660307198762894,0.06583412736654282,0.06583412736654282,0.09242818504571915,0.0,0.0,0.0,0.0,0.06585448980331421,-0.117929607629776,2.4933338165283203,0.0,0.0,1771.1024169921875,0.0,1771.1024169921875,0.0,0.0,0.0,0.0,0.0,0.0,0.0,55.32373809814453,1.6028947830200195,0.0,0,0,3476,0.0132598876953125,3476,0,12361,12256,358,0.0,0.0,calibrated_soft_bce_hard_dice_v2,reference_norm_relative_v2,FLOW_ONLY,542
5,12,0.390625,0.5555702330196022,0.367377970678444,1.2904893159866333,1.2904893159866333,0.39679035544395447,0.8936989307403564,0.10630106925964355,0.09966878592967987,1.0,1.0,0.06665061414241791,0.06566015630960464,0.06566015630960464,0.09242818504571915,0.0,0.0,0.0,0.0,0.06568638980388641,-0.12595097720623016,2.4723989963531494,0.0,0.0,1768.83984375,0.0,1768.83984375,0.0,0.0,0.0,0.0,0.0,0.0,0.0,55.251468658447266,1.6548432111740112,0.0,0,0,4226,0.01612091064453125,4226,0,12256,12092,364,0.0,0.0,calibrated_soft_bce_hard_dice_v2,reference_norm_relative_v2,FLOW_ONLY,542
5,13,0.421875,0.6593458151000688,0.3485960359806528,1.2943469285964966,1.2943469285964966,0.39994704723358154,0.894399881362915,0.10560010373592377,0.10049118101596832,1.0,1.0,0.06670258194208145,0.0654347762465477,0.0654347762465477,0.09242818504571915,0.0,0.0,0.0,0.0,0.06546834111213684,-0.13548745214939117,2.447234630584717,0.0,0.0,1767.6119384765625,0.0,1767.6119384765625,0.0,0.0,0.0,0.0,0.0,0.0,0.0,55.2110481262207,1.721207857131958,0.0,0,0,5051,0.019268035888671875,5051,0,12092,11924,365,0.0,0.0,calibrated_soft_bce_hard_dice_v2,reference_norm_relative_v2,FLOW_ONLY,542
5,14,0.453125,0.7518398074789773,0.32934609489107236,1.2989634275436401,1.2989634275436401,0.403751939535141,0.8952115178108215,0.10478845983743668,0.1014401987195015,1.0,1.0,0.0667799711227417,0.06515046954154968,0.06515046954154968,0.09242818504571915,0.0,0.0,0.0,0.0,0.06519362330436707,-0.14687810838222504,2.416869640350342,0.0,0.0,1766.3914794921875,0.0,1766.3914794921875,0.0,0.0,0.0,0.0,0.0,0.0,0.0,55.16996383666992,1.812621831893921,0.0,0,0,5968,0.02276611328125,5968,0,11924,11765,365,0.0,0.0,calibrated_soft_bce_hard_dice_v2,reference_norm_relative_v2,FLOW_ONLY,542
5,15,0.484375,0.8314696123025452,0.3098135348654836,1.3045445680618286,1.3045445680618286,0.4083643853664398,0.8961801528930664,0.10381985455751419,0.10252836346626282,1.0,1.0,0.0668710246682167,0.06478381156921387,0.06478381156921387,0.09242818504571915,0.0,0.0,0.0,0.0,0.06483907997608185,-0.1605840027332306,2.3800344467163086,0.0,0.0,1766.3741455078125,0.0,1766.3741455078125,0.0,0.0,0.0,0.0,0.0,0.0,0.0,55.16413116455078,1.9670898914337158,0.0,0,0,7117,0.027149200439453125,7117,0,11765,11510,363,0.0,0.0,calibrated_soft_bce_hard_dice_v2,reference_norm_relative_v2,FLOW_ONLY,542
5,16,0.515625,0.8968727415326884,0.2901864651345164,1.3113417625427246,1.3113417625427246,0.41399937868118286,0.8973424434661865,0.10265755653381348,0.10377825796604156,1.0,1.0,0.06697859615087509,0.06430891901254654,0.06430891901254654,0.09242818504571915,0.0,0.0,0.0,0.0,0.06437961012125015,-0.17723609507083893,2.335026264190674,0.0,0.0,1766.126220703125,0.0,1766.126220703125,0.0,0.0,0.0,0.0,0.0,0.0,0.0,55.15133285522461,2.103917360305786,0.0,0,0,8602,0.03281402587890625,8602,0,11510,11280,364,0.0,0.0,calibrated_soft_bce_hard_dice_v2,reference_norm_relative_v2,FLOW_ONLY,542
5,17,0.546875,0.9469301294951056,0.2706539051089276,1.3197016716003418,1.3197016716003418,0.4209511876106262,0.8987505435943604,0.10124946385622025,0.10519678890705109,1.0,1.0,0.06709173321723938,0.063669353723526,0.063669353723526,0.09242818504571915,0.0,0.0,0.0,0.0,0.06375999003648758,-0.19773027300834656,2.279510736465454,0.0,0.0,1764.84375,0.0,1764.84375,0.0,0.0,0.0,0.0,0.0,0.0,0.0,55.10438919067383,2.2758188247680664,0.0,0,0,10200,0.038909912109375,10200,0,11280,10976,364,0.0,0.0,calibrated_soft_bce_hard_dice_v2,reference_norm_relative_v2,FLOW_ONLY,542
5,18,0.578125,0.9807852804032304,0.2514039640193472,1.330080270767212,1.330080270767212,0.42961493134498596,0.9004653096199036,0.09953469783067703,0.10680103302001953,1.0,1.0,0.06721305847167969,0.06281077116727829,0.06281077116727829,0.09242818504571915,0.0,0.0,0.0,0.0,0.06292735040187836,-0.22330747544765472,2.2102036476135254,0.0,0.0,1765.4161376953125,0.0,1765.4161376953125,0.0,0.0,0.0,0.0,0.0,0.0,0.0,55.112998962402344,2.4907472133636475,0.0,0,0,12299,0.046916961669921875,12299,0,10976,10592,357,0.0,0.0,calibrated_soft_bce_hard_dice_v2,reference_norm_relative_v2,FLOW_ONLY,542
5,19,0.609375,0.9978589232386035,0.232622029321556,1.3431893587112427,1.3431893587112427,0.4405937194824219,0.9025956392288208,0.0974043533205986,0.10860754549503326,1.0,1.0,0.0673123449087143,0.06163119897246361,0.06163119897246361,0.09242818504571915,0.0,0.0,0.0,0.0,0.06178165227174759,-0.2557879090309143,2.122443914413452,0.0,0.0,1764.7137451171875,0.0,1764.7137451171875,0.0,0.0,0.0,0.0,0.0,0.0,0.0,55.0814208984375,2.694788932800293,0.0,0,0,14429,0.055042266845703125,14429,0,10592,10111,349,0.0,0.0,calibrated_soft_bce_hard_dice_v2,reference_norm_relative_v2,FLOW_ONLY,542
5,20,0.640625,0.9978589232386035,0.21448898131394362,1.360072135925293,1.360072135925293,0.45478934049606323,0.905282735824585,0.09471727907657623,0.11065307259559631,1.0,1.0,0.06736729294061661,0.06001953035593033,0.06001953035593033,0.09242818504571915,0.0,0.0,0.0,0.0,0.06021411344408989,-0.2976798117160797,2.0095608234405518,0.0,0.0,1765.0311279296875,0.0,1765.0311279296875,0.0,0.0,0.0,0.0,0.0,0.0,0.0,55.07829666137695,2.949652671813965,0.0,0,0,16554,0.06314849853515625,16554,0,10111,9593,340,0.0,0.0,calibrated_soft_bce_hard_dice_v2,reference_norm_relative_v2,FLOW_ONLY,542
5,21,0.671875,0.9807852804032304,0.19717945116135566,1.3823679685592651,1.3823679685592651,0.4736422896385193,0.9087256789207458,0.09127432852983475,0.11299405246973038,1.0,1.0,0.06734178960323334,0.057853203266859055,0.057853203266859055,0.09242818504571915,0.0,0.0,0.0,0.0,0.058104485273361206,-0.3522111475467682,1.862344741821289,0.0,0.0,1766.7559814453125,0.0,1766.7559814453125,0.0,0.0,0.0,0.0,0.0,0.0,0.0,55.115753173828125,3.2437686920166016,0.0,0,0,18160,0.06927490234375,18160,0,9593,9065,341,0.0,0.0,calibrated_soft_bce_hard_dice_v2,reference_norm_relative_v2,FLOW_ONLY,542
5,22,0.703125,0.9469301294951057,0.18086013910151333,1.4126943349838257,1.4126943349838257,0.499534010887146,0.9131603240966797,0.0868396908044815,0.11572624742984772,1.0,1.0,0.06715881824493408,0.05498821288347244,0.05498821288347244,0.09242818504571915,0.0,0.0,0.0,0.0,0.05531051382422447,-0.42312759160995483,1.669183373451233,0.0,0.0,1767.3997802734375,0.0,1767.3997802734375,0.0,0.0,0.0,0.0,0.0,0.0,0.0,55.11393356323242,3.5978715419769287,0.0,0,0,18508,0.0706024169921875,18508,0,9065,8527,343,0.0,0.0,calibrated_soft_bce_hard_dice_v2,reference_norm_relative_v2,FLOW_ONLY,542
5,23,0.734375,0.8968727415326884,0.16568820903059628,1.4548845291137695,1.4548845291137695,0.5362234115600586,0.9186611771583557,0.08133882284164429,0.11900897324085236,1.0,1.0,0.0668296292424202,0.051423169672489166,0.051423169672489166,0.09242818504571915,0.0,0.0,0.0,0.0,0.05183115601539612,-0.5127089023590088,1.4191560745239258,0.0,0.0,1769.22705078125,0.0,1769.22705078125,0.0,0.0,0.0,0.0,0.0,0.0,0.0,55.14605712890625,3.9640510082244873,0.0,0,0,16772,0.0639801025390625,16772,0,8527,8172,351,0.0,0.0,calibrated_soft_bce_hard_dice_v2,reference_norm_relative_v2,FLOW_ONLY,542
5,24,0.765625,0.8314696123025455,0.1518097749290082,1.5143852233886719,1.5143852233886719,0.5893722176551819,0.92501300573349,0.07498697936534882,0.12307438254356384,1.0,1.0,0.06645749509334564,0.04743977263569832,0.04743977263569832,0.09242818504571915,0.0,0.0,0.0,0.0,0.04794339835643768,-0.6183381080627441,1.1105290651321411,0.0,0.0,1771.9937744140625,0.0,1771.9937744140625,0.0,0.0,0.0,0.0,0.0,0.0,0.0,55.19701385498047,4.433854579925537,0.0,0,0,12980,0.0495147705078125,12980,0,8172,7956,351,0.0,0.0,calibrated_soft_bce_hard_dice_v2,reference_norm_relative_v2,FLOW_ONLY,542
5,25,0.796875,0.7518398074789774,0.139358493703871,1.5975351333618164,1.5975351333618164,0.6659647226333618,0.9315704703330994,0.06842952966690063,0.12797273695468903,1.0,1.0,0.0662057101726532,0.043747350573539734,0.043747350573539734,0.09242818504571915,0.0,0.0,0.0,0.0,0.04434208944439888,-0.7276537418365479,0.7666983008384705,0.0,0.0,1776.7923583984375,0.0,1776.7923583984375,0.0,0.0,0.0,0.0,0.0,0.0,0.0,55.30541229248047,4.930586814880371,0.0,0,0,8320,0.03173828125,8320,0,7956,7944,351,0.0,0.0,calibrated_soft_bce_hard_dice_v2,reference_norm_relative_v2,FLOW_ONLY,542
5,26,0.828125,0.659345815100069,0.12845427799994558,1.7087311744689941,1.7087311744689941,0.7713828682899475,0.9373482465744019,0.06265176832675934,0.1332641839981079,1.0,1.0,0.06630370765924454,0.041335977613925934,0.041335977613925934,0.09242818504571915,0.0,0.0,0.0,0.0,0.04199717193841934,-0.8190050721168518,0.4458388388156891,0.0,0.0,1782.1322021484375,0.0,1782.1322021484375,0.0,0.0,0.0,0.0,0.0,0.0,0.0,55.416446685791016,5.529504299163818,0.0,0,0,4198,0.01601409912109375,4198,0,7944,8043,353,0.0,0.0,calibrated_soft_bce_hard_dice_v2,reference_norm_relative_v2,FLOW_ONLY,542
5,27,0.859375,0.5555702330196022,0.11920214137531127,1.8457887172698975,1.8457887172698975,0.9040654897689819,0.9417232871055603,0.05827668681740761,0.1379116326570511,1.0,1.0,0.06664995849132538,0.040659479796886444,0.040659479796886444,0.09242818504571915,0.0,0.0,0.0,0.0,0.04134776070713997,-0.8753833174705505,0.21470877528190613,0.0,0.0,1787.8968505859375,0.0,1787.8968505859375,0.0,0.0,0.0,0.0,0.0,0.0,0.0,55.52305221557617,6.232662200927734,0.0,0,0,2111,0.008052825927734375,2111,0,8043,8146,359,0.0,0.0,calibrated_soft_bce_hard_dice_v2,reference_norm_relative_v2,FLOW_ONLY,542
5,28,0.890625,0.4422886902190013,0.11169118696339586,1.9959678649902344,1.9959678649902344,1.0516515970230103,0.9443163275718689,0.05568365007638931,0.14095328748226166,1.0,1.0,0.06713829189538956,0.040936216711997986,0.040936216711997986,0.09242818504571915,0.0,0.0,0.0,0.0,0.0416301004588604,-0.9000481367111206,0.09199672192335129,0.0,0.0,1795.544189453125,0.0,1795.544189453125,0.0,0.0,0.0,0.0,0.0,0.0,0.0,55.67422866821289,6.985496997833252,0.0,0,0,1285,0.004901885986328125,1285,0,8146,8099,353,0.0,0.0,calibrated_soft_bce_hard_dice_v2,reference_norm_relative_v2,FLOW_ONLY,542
5,29,0.921875,0.32143946530316175,0.10599374936109118,2.1394405364990234,2.1394405364990234,1.193831205368042,0.9456093311309814,0.054390642791986465,0.1423492729663849,1.0,1.0,0.0673312246799469,0.04107942059636116,0.04107942059636116,0.09242818504571915,0.0,0.0,0.0,0.0,0.04177461937069893,-0.9090731143951416,0.04114867001771927,0.0,0.0,1809.2655029296875,0.0,1809.2655029296875,0.0,0.0,0.0,0.0,0.0,0.0,0.0,56.01318359375,7.696990489959717,0.0,0,0,802,0.00305938720703125,802,0,8099,7998,347,0.0,0.0,calibrated_soft_bce_hard_dice_v2,reference_norm_relative_v2,FLOW_ONLY,542
5,30,0.953125,0.1950903220161286,0.10216469800704375,2.254837989807129,2.254837989807129,1.3083674907684326,0.9464705586433411,0.05352945253252983,0.14266900718212128,1.0,1.0,0.06675661355257034,0.04072987660765648,0.04072987660765648,0.09242818504571915,0.0,0.0,0.0,0.0,0.04141911491751671,-0.9131228923797607,0.02213354781270027,0.0,0.0,1843.8521728515625,0.0,1843.8521728515625,0.0,0.0,0.0,0.0,0.0,0.0,0.0,57.00516128540039,8.39763069152832,0.0,0,0,567,0.002162933349609375,567,0,7998,7842,339,0.0,0.0,calibrated_soft_bce_hard_dice_v2,reference_norm_relative_v2,FLOW_ONLY,542
5,31,0.984375,0.06540312923014312,0.10024090875896552,2.3240861892700195,2.3240861892700195,1.3768513202667236,0.9472348690032959,0.052765123546123505,0.14240966737270355,1.0,1.0,0.06551097333431244,0.03993310034275055,0.03993310034275055,0.09242818504571915,0.0,0.0,0.0,0.0,0.04061045125126839,-0.916225254535675,0.014378467574715614,0.0,0.0,1993.6072998046875,0.0,1993.6072998046875,0.0,0.0,0.0,0.0,0.0,0.0,0.0,61.537681579589844,9.717610359191895,0.0,0,0,547,0.002086639404296875,547,0,7842,7604,327,0.0,0.0,calibrated_soft_bce_hard_dice_v2,reference_norm_relative_v2,FLOW_ONLY,542
6,0,0.015625,0.0,0.49975909124103446,1.2736629247665405,1.2736629247665405,0.3828441798686981,0.8908187747001648,0.1091812252998352,0.09581396728754044,1.0,1.0,0.06636806577444077,0.06672506779432297,0.06672506779432297,0.09242818504571915,0.0,0.0,0.0,0.0,0.06671560555696487,-0.0835212767124176,2.5782041549682617,0.0,0.0,1773.825439453125,0.0,1773.825439453125,0.0,0.0,0.0,0.0,0.0,0.0,0.0,55.41147232055664,1.5100398063659668,1050.758056640625,0,0,844,0.0032196044921875,844,0,12861,12832,348,0.0,0.0,calibrated_soft_bce_hard_dice_v2,reference_norm_relative_v2,FLOW_ONLY,642
6,1,0.046875,0.0,0.4978353019929562,1.273818016052246,1.273818016052246,0.3829801678657532,0.8908379077911377,0.10916208475828171,0.09583189338445663,1.0,1.0,0.0663575679063797,0.06666222959756851,0.06666222959756851,0.09242818504571915,0.0,0.0,0.0,0.0,0.06665416061878204,-0.08400266617536545,2.577221155166626,0.0,0.0,1772.3262939453125,0.0,1772.3262939453125,0.0,0.0,0.0,0.0,0.0,0.0,0.0,55.3626594543457,1.579793095588684,0.0,0,0,955,0.003643035888671875,955,0,12832,12795,348,0.0,0.0,calibrated_soft_bce_hard_dice_v2,reference_norm_relative_v2,FLOW_ONLY,642
6,2,0.078125,0.0,0.4940062506389088,1.2741349935531616,1.2741349935531616,0.3832385838031769,0.8908963799476624,0.10910360515117645,0.09588917344808578,1.0,1.0,0.06634271144866943,0.06659336388111115,0.06659336388111115,0.09242818504571915,0.0,0.0,0.0,0.0,0.06658672541379929,-0.08490323275327682,2.575239896774292,0.0,0.0,1771.8260498046875,0.0,1771.8260498046875,0.0,0.0,0.0,0.0,0.0,0.0,0.0,55.34673309326172,1.5899379253387451,0.0,0,0,1100,0.0041961669921875,1100,0,12795,12745,348,0.0,0.0,calibrated_soft_bce_hard_dice_v2,reference_norm_relative_v2,FLOW_ONLY,642
6,3,0.109375,0.0,0.4883088130366042,1.2745933532714844,1.2745933532714844,0.383617103099823,0.8909763097763062,0.10902369767427444,0.09598606824874878,1.0,1.0,0.06633599102497101,0.06652017682790756,0.06652017682790756,0.09242818504571915,0.0,0.0,0.0,0.0,0.06651530414819717,-0.08623750507831573,2.5722103118896484,0.0,0.0,1770.2882080078125,0.0,1770.2882080078125,0.0,0.0,0.0,0.0,0.0,0.0,0.0,55.29815673828125,1.6071351766586304,0.0,0,0,1190,0.00453948974609375,1190,0,12745,12686,345,0.0,0.0,calibrated_soft_bce_hard_dice_v2,reference_norm_relative_v2,FLOW_ONLY,642
6,4,0.140625,0.0,0.48079785862468866,1.2751871347427368,1.2751871347427368,0.38411426544189453,0.8910728693008423,0.10892712324857712,0.09612472355365753,1.0,1.0,0.06634387373924255,0.06644820421934128,0.06644820421934128,0.09242818504571915,0.0,0.0,0.0,0.0,0.06644544750452042,-0.08802278339862823,2.5680577754974365,0.0,0.0,1769.7005615234375,0.0,1769.7005615234375,0.0,0.0,0.0,0.0,0.0,0.0,0.0,55.279571533203125,1.6144851446151733,0.0,0,0,1341,0.005115509033203125,1341,0,12686,12638,347,0.0,0.0,calibrated_soft_bce_hard_dice_v2,reference_norm_relative_v2,FLOW_ONLY,642
6,5,0.171875,0.0,0.4715457220000544,1.2759157419204712,1.2759157419204712,0.3847343623638153,0.8911814093589783,0.10881860554218292,0.09630884975194931,1.0,1.0,0.06637181341648102,0.0663779079914093,0.0663779079914093,0.09242818504571915,0.0,0.0,0.0,0.0,0.06637773662805557,-0.0902915745973587,2.5626773834228516,0.0,0.0,1769.1324462890625,0.0,1769.1324462890625,0.0,0.0,0.0,0.0,0.0,0.0,0.0,55.261863708496094,1.612757921218872,0.0,0,0,1476,0.0056304931640625,1476,0,12638,12608,347,0.0,0.0,calibrated_soft_bce_hard_dice_v2,reference_norm_relative_v2,FLOW_ONLY,642
6,6,0.203125,0.0,0.460641506296129,1.2767630815505981,1.2767630815505981,0.3854781687259674,0.8912849426269531,0.10871507227420807,0.096542127430439,1.0,1.0,0.06643522530794144,0.06631427258253098,0.06631427258253098,0.09242818504571915,0.0,0.0,0.0,0.0,0.06631747633218765,-0.09308105707168579,2.55593204498291,0.0,0.0,1768.2081298828125,0.0,1768.2081298828125,0.0,0.0,0.0,0.0,0.0,0.0,0.0,55.233055114746094,1.6096363067626953,0.0,0,0,1685,0.006427764892578125,1685,0,12608,12567,349,0.0,0.0,calibrated_soft_bce_hard_dice_v2,reference_norm_relative_v2,FLOW_ONLY,642
6,7,0.234375,0.0,0.4481902250709918,1.2777938842773438,1.2777938842773438,0.38638731837272644,0.8914065361022949,0.10859347879886627,0.09682856500148773,1.0,1.0,0.06652015447616577,0.06624550372362137,0.06624550372362137,0.09242818504571915,0.0,0.0,0.0,0.0,0.06625277549028397,-0.09646089375019073,2.5476419925689697,0.0,0.0,1769.42138671875,0.0,1769.42138671875,0.0,0.0,0.0,0.0,0.0,0.0,0.0,55.27188491821289,1.5783246755599976,0.0,0,0,1902,0.00725555419921875,1902,0,12567,12515,350,0.0,0.0,calibrated_soft_bce_hard_dice_v2,reference_norm_relative_v2,FLOW_ONLY,642
6,8,0.265625,0.06540312923014306,0.43431179096940364,1.2790696620941162,1.2790696620941162,0.38750168681144714,0.8915679454803467,0.10843207687139511,0.09717341512441635,1.0,1.0,0.06661524623632431,0.06616221368312836,0.06616221368312836,0.09242818504571915,0.0,0.0,0.0,0.0,0.06617421656847,-0.10051428526639938,2.5375800132751465,0.0,0.0,1772.9957275390625,0.0,1772.9957275390625,0.0,0.0,0.0,0.0,0.0,0.0,0.0,55.384300231933594,1.5546391010284424,0.0,0,0,2292,0.0087432861328125,2292,0,12515,12441,349,0.0,0.0,calibrated_soft_bce_hard_dice_v2,reference_norm_relative_v2,FLOW_ONLY,642
6,9,0.296875,0.19509032201612825,0.4191398608984867,1.2806508541107178,1.2806508541107178,0.3888591527938843,0.8917917013168335,0.10820832848548889,0.09758199751377106,1.0,1.0,0.06671100854873657,0.06605950742959976,0.06605950742959976,0.09242818504571915,0.0,0.0,0.0,0.0,0.06607675552368164,-0.1053391769528389,2.5254592895507812,0.0,0.0,1773.2908935546875,0.0,1773.2908935546875,0.0,0.0,0.0,0.0,0.0,0.0,0.0,55.394020080566406,1.536933422088623,0.0,0,0,2595,0.009899139404296875,2595,0,12441,12351,351,0.0,0.0,calibrated_soft_bce_hard_dice_v2,reference_norm_relative_v2,FLOW_ONLY,642
6,10,0.328125,0.3214394653031616,0.4028205488386443,1.282595157623291,1.282595157623291,0.39051151275634766,0.8920835852622986,0.10791639983654022,0.09805899858474731,1.0,1.0,0.06680554896593094,0.06592074781656265,0.06592074781656265,0.09242818504571915,0.0,0.0,0.0,0.0,0.06594417989253998,-0.11107160896062851,2.5109171867370605,0.0,0.0,1772.6533203125,0.0,1772.6533203125,0.0,0.0,0.0,0.0,0.0,0.0,0.0,55.372764587402344,1.5841000080108643,0.0,0,0,3082,0.01175689697265625,3082,0,12351,12246,353,0.0,0.0,calibrated_soft_bce_hard_dice_v2,reference_norm_relative_v2,FLOW_ONLY,642
6,11,0.359375,0.4422886902190013,0.3855110186860564,1.2849314212799072,1.2849314212799072,0.39249640703201294,0.8924349546432495,0.10756507515907288,0.0986143946647644,1.0,1.0,0.0669170394539833,0.06575193256139755,0.06575193256139755,0.09242818504571915,0.0,0.0,0.0,0.0,0.06578279286623001,-0.11785703897476196,2.4934895038604736,0.0,0.0,1770.7906494140625,0.0,1770.7906494140625,0.0,0.0,0.0,0.0,0.0,0.0,0.0,55.31330871582031,1.6261781454086304,0.0,0,0,3592,0.013702392578125,3592,0,12246,12111,350,0.0,0.0,calibrated_soft_bce_hard_dice_v2,reference_norm_relative_v2,FLOW_ONLY,642
6,12,0.390625,0.5555702330196022,0.367377970678444,1.2877238988876343,1.2877238988876343,0.3948785066604614,0.8928453922271729,0.10715457797050476,0.09925562143325806,1.0,1.0,0.06705448776483536,0.06554274260997772,0.06554274260997772,0.09242818504571915,0.0,0.0,0.0,0.0,0.065582774579525,-0.12589769065380096,2.472592830657959,0.0,0.0,1768.4644775390625,0.0,1768.4644775390625,0.0,0.0,0.0,0.0,0.0,0.0,0.0,55.23897933959961,1.679727554321289,0.0,0,0,4202,0.01602935791015625,4202,0,12111,11971,350,0.0,0.0,calibrated_soft_bce_hard_dice_v2,reference_norm_relative_v2,FLOW_ONLY,642
6,13,0.421875,0.6593458151000688,0.3485960359806528,1.2910739183425903,1.2910739183425903,0.39774277806282043,0.8933311700820923,0.10666884481906891,0.09998908638954163,1.0,1.0,0.06721694022417068,0.06527356058359146,0.06527356058359146,0.09242818504571915,0.0,0.0,0.0,0.0,0.06532502174377441,-0.13546131551265717,2.4474809169769287,0.0,0.0,1767.2218017578125,0.0,1767.2218017578125,0.0,0.0,0.0,0.0,0.0,0.0,0.0,55.19797134399414,1.7492457628250122,0.0,0,0,5001,0.019077301025390625,5001,0,11971,11827,350,0.0,0.0,calibrated_soft_bce_hard_dice_v2,reference_norm_relative_v2,FLOW_ONLY,642
6,14,0.453125,0.7518398074789773,0.32934609489107236,1.2950708866119385,1.2950708866119385,0.40119102597236633,0.8938798308372498,0.10612019151449203,0.1008257195353508,1.0,1.0,0.06742919236421585,0.06493330001831055,0.06493330001831055,0.09242818504571915,0.0,0.0,0.0,0.0,0.06499938666820526,-0.14688481390476227,2.417189121246338,0.0,0.0,1765.871826171875,0.0,1765.871826171875,0.0,0.0,0.0,0.0,0.0,0.0,0.0,55.152679443359375,1.844006061553955,0.0,0,0,5954,0.02271270751953125,5954,0,11827,11609,357,0.0,0.0,calibrated_soft_bce_hard_dice_v2,reference_norm_relative_v2,FLOW_ONLY,642
6,15,0.484375,0.8314696123025452,0.3098135348654836,1.2998788356781006,1.2998788356781006,0.40536755323410034,0.8945112824440002,0.10548873990774155,0.10177373886108398,1.0,1.0,0.06769570708274841,0.06449691951274872,0.06449691951274872,0.09242818504571915,0.0,0.0,0.0,0.0,0.06458163261413574,-0.16063044965267181,2.3804571628570557,0.0,0.0,1765.7646484375,0.0,1765.7646484375,0.0,0.0,0.0,0.0,0.0,0.0,0.0,55.143856048583984,2.0008792877197266,0.0,0,0,7278,0.02776336669921875,7278,0,11609,11370,371,0.0,0.0,calibrated_soft_bce_hard_dice_v2,reference_norm_relative_v2,FLOW_ONLY,642
6,16,0.515625,0.8968727415326884,0.2901864651345164,1.305689811706543,1.305689811706543,0.4104580581188202,0.8952317833900452,0.10476820915937424,0.1028348058462143,1.0,1.0,0.06803648918867111,0.0639318972826004,0.0639318972826004,0.09242818504571915,0.0,0.0,0.0,0.0,0.06404059380292892,-0.17733775079250336,2.335594892501831,0.0,0.0,1765.5137939453125,0.0,1765.5137939453125,0.0,0.0,0.0,0.0,0.0,0.0,0.0,55.13084030151367,2.1386938095092773,0.0,0,0,8458,0.03226470947265625,8458,0,11370,11039,374,0.0,0.0,calibrated_soft_bce_hard_dice_v2,reference_norm_relative_v2,FLOW_ONLY,642
6,17,0.546875,0.9469301294951056,0.2706539051089276,1.312781810760498,1.312781810760498,0.416733980178833,0.8960478901863098,0.10395213216543198,0.1040080115199089,1.0,1.0,0.06846725195646286,0.063173308968544,0.063173308968544,0.09242818504571915,0.0,0.0,0.0,0.0,0.06331349909305573,-0.19791539013385773,2.2802863121032715,0.0,0.0,1764.168701171875,0.0,1764.168701171875,0.0,0.0,0.0,0.0,0.0,0.0,0.0,55.08173751831055,2.3128323554992676,0.0,0,0,10171,0.038799285888671875,10171,0,11039,10648,373,0.0,0.0,calibrated_soft_bce_hard_dice_v2,reference_norm_relative_v2,FLOW_ONLY,642
6,18,0.578125,0.9807852804032304,0.2514039640193472,1.3214778900146484,1.3214778900146484,0.4245338439941406,0.8969440460205078,0.103055939078331,0.10529326647520065,1.0,1.0,0.06903817504644394,0.062156300991773605,0.062156300991773605,0.09242818504571915,0.0,0.0,0.0,0.0,0.06233854219317436,-0.22362524271011353,2.211273431777954,0.0,0.0,1764.7724609375,0.0,1764.7724609375,0.0,0.0,0.0,0.0,0.0,0.0,0.0,55.09111785888672,2.5290963649749756,0.0,0,0,12046,0.04595184326171875,12046,0,10648,10191,372,0.0,0.0,calibrated_soft_bce_hard_dice_v2,reference_norm_relative_v2,FLOW_ONLY,642
6,19,0.609375,0.9978589232386035,0.232622029321556,1.3323466777801514,1.3323466777801514,0.43439745903015137,0.8979492783546448,0.10205070674419403,0.10667917877435684,1.0,1.0,0.0697692334651947,0.060762543231248856,0.060762543231248856,0.09242818504571915,0.0,0.0,0.0,0.0,0.06100105494260788,-0.25628164410591125,2.123931407928467,0.0,0.0,1764.072998046875,0.0,1764.072998046875,0.0,0.0,0.0,0.0,0.0,0.0,0.0,55.059364318847656,2.735588550567627,0.0,0,0,14375,0.054836273193359375,14375,0,10191,9649,382,0.0,0.0,calibrated_soft_bce_hard_dice_v2,reference_norm_relative_v2,FLOW_ONLY,642
6,20,0.640625,0.9978589232386035,0.21448898131394362,1.3461925983428955,1.3461925983428955,0.44711723923683167,0.8990753293037415,0.10092464834451675,0.10815838724374771,1.0,1.0,0.0707257017493248,0.058857932686805725,0.058857932686805725,0.09242818504571915,0.0,0.0,0.0,0.0,0.05917220935225487,-0.29839593172073364,2.0116403102874756,0.0,0.0,1764.425537109375,0.0,1764.425537109375,0.0,0.0,0.0,0.0,0.0,0.0,0.0,55.05702209472656,2.9926960468292236,0.0,0,0,16448,0.062744140625,16448,0,9649,9076,401,0.0,0.0,calibrated_soft_bce_hard_dice_v2,reference_norm_relative_v2,FLOW_ONLY,642
6,21,0.671875,0.9807852804032304,0.19717945116135566,1.3643475770950317,1.3643475770950317,0.463967889547348,0.9003796577453613,0.09962031245231628,0.1097664013504982,1.0,1.0,0.0719887912273407,0.05629541352391243,0.05629541352391243,0.09242818504571915,0.0,0.0,0.0,0.0,0.05671100318431854,-0.3532335162162781,1.865256428718567,0.0,0.0,1766.204345703125,0.0,1766.204345703125,0.0,0.0,0.0,0.0,0.0,0.0,0.0,55.09587097167969,3.2878222465515137,0.0,0,0,17888,0.0682373046875,17888,0,9076,8465,410,0.0,0.0,calibrated_soft_bce_hard_dice_v2,reference_norm_relative_v2,FLOW_ONLY,642
6,22,0.703125,0.9469301294951057,0.18086013910151333,1.3891654014587402,1.3891654014587402,0.48711520433425903,0.902050256729126,0.09794974327087402,0.11155742406845093,1.0,1.0,0.07357369363307953,0.052901413291692734,0.052901413291692734,0.09242818504571915,0.0,0.0,0.0,0.0,0.053448859602212906,-0.42444559931755066,1.673255443572998,0.0,0.0,1766.9971923828125,0.0,1766.9971923828125,0.0,0.0,0.0,0.0,0.0,0.0,0.0,55.098182678222656,3.6456985473632812,0.0,0,0,18740,0.0714874267578125,18740,0,8465,7800,419,0.0,0.0,calibrated_soft_bce_hard_dice_v2,reference_norm_relative_v2,FLOW_ONLY,642
6,23,0.734375,0.8968727415326884,0.16568820903059628,1.424367904663086,1.424367904663086,0.5200042724609375,0.9043636322021484,0.09563637524843216,0.11372367292642593,1.0,1.0,0.07547623664140701,0.0486508272588253,0.0486508272588253,0.09242818504571915,0.0,0.0,0.0,0.0,0.0493612214922905,-0.5145198702812195,1.4246938228607178,0.0,0.0,1768.9613037109375,0.0,1768.9613037109375,0.0,0.0,0.0,0.0,0.0,0.0,0.0,55.134063720703125,4.014675617218018,0.0,0,0,17184,0.0655517578125,17184,0,7800,7240,418,0.0,0.0,calibrated_soft_bce_hard_dice_v2,reference_norm_relative_v2,FLOW_ONLY,642
6,24,0.765625,0.8314696123025455,0.1518097749290082,1.475740909576416,1.475740909576416,0.5679258704185486,0.9078150987625122,0.09218490123748779,0.11654344946146011,1.0,1.0,0.07745050638914108,0.043829869478940964,0.043829869478940964,0.09242818504571915,0.0,0.0,0.0,0.0,0.04472021386027336,-0.621338963508606,1.1174015998840332,0.0,0.0,1771.862060546875,0.0,1771.862060546875,0.0,0.0,0.0,0.0,0.0,0.0,0.0,55.188636779785156,4.486353397369385,0.0,0,0,13173,0.050251007080078125,13173,0,7240,6904,415,0.0,0.0,calibrated_soft_bce_hard_dice_v2,reference_norm_relative_v2,FLOW_ONLY,642
6,25,0.796875,0.7518398074789774,0.139358493703871,1.5502303838729858,1.5502303838729858,0.6375487446784973,0.9126816391944885,0.08731836825609207,0.12022504955530167,1.0,1.0,0.07899877429008484,0.0391925647854805,0.0391925647854805,0.09242818504571915,0.0,0.0,0.0,0.0,0.04024671018123627,-0.7327207922935486,0.773790180683136,0.0,0.0,1777.1417236328125,0.0,1777.1417236328125,0.0,0.0,0.0,0.0,0.0,0.0,0.0,55.31148147583008,4.985157012939453,0.0,0,0,8422,0.03212738037109375,8422,0,6904,6802,425,0.0,0.0,calibrated_soft_bce_hard_dice_v2,reference_norm_relative_v2,FLOW_ONLY,642
6,26,0.828125,0.659345815100069,0.12845427799994558,1.6522421836853027,1.6522421836853027,0.7341175079345703,0.9181246161460876,0.08187537640333176,0.12451250106096268,1.0,1.0,0.08002820611000061,0.03581833094358444,0.03581833094358444,0.09242818504571915,0.0,0.0,0.0,0.0,0.03698910027742386,-0.8269113302230835,0.45108363032341003,0.0,0.0,1783.1932373046875,0.0,1783.1932373046875,0.0,0.0,0.0,0.0,0.0,0.0,0.0,55.44420623779297,5.584976673126221,0.0,0,0,4229,0.016132354736328125,4229,0,6802,6784,423,0.0,0.0,calibrated_soft_bce_hard_dice_v2,reference_norm_relative_v2,FLOW_ONLY,642
6,27,0.859375,0.5555702330196022,0.11920214137531127,1.7790396213531494,1.7790396213531494,0.8564368486404419,0.9226027727127075,0.07739719748497009,0.12841935455799103,1.0,1.0,0.08093403279781342,0.03429625555872917,0.03429625555872917,0.09242818504571915,0.0,0.0,0.0,0.0,0.035531315952539444,-0.8860345482826233,0.216744065284729,0.0,0.0,1789.7508544921875,0.0,1789.7508544921875,0.0,0.0,0.0,0.0,0.0,0.0,0.0,55.575016021728516,6.288913249969482,0.0,0,0,2142,0.00817108154296875,2142,0,6784,6802,424,0.0,0.0,calibrated_soft_bce_hard_dice_v2,reference_norm_relative_v2,FLOW_ONLY,642
6,28,0.890625,0.4422886902190013,0.11169118696339586,1.918463945388794,1.918463945388794,0.9928755760192871,0.9255883693695068,0.07441163063049316,0.1309417337179184,1.0,1.0,0.08144597709178925,0.03398140147328377,0.03398140147328377,0.09242818504571915,0.0,0.0,0.0,0.0,0.0352383553981781,-0.9125249981880188,0.09178317338228226,0.0,0.0,1798.3419189453125,0.0,1798.3419189453125,0.0,0.0,0.0,0.0,0.0,0.0,0.0,55.75541305541992,7.040572643280029,0.0,0,0,1179,0.004497528076171875,1179,0,6802,6782,422,0.0,0.0,calibrated_soft_bce_hard_dice_v2,reference_norm_relative_v2,FLOW_ONLY,642
6,29,0.921875,0.32143946530316175,0.10599374936109118,2.0513291358947754,2.0513291358947754,1.124219298362732,0.9271098971366882,0.07289011031389236,0.13201268017292023,1.0,1.0,0.08148429542779922,0.033782314509153366,0.033782314509153366,0.09242818504571915,0.0,0.0,0.0,0.0,0.0350455567240715,-0.9223690032958984,0.04047509655356407,0.0,0.0,1812.6712646484375,0.0,1812.6712646484375,0.0,0.0,0.0,0.0,0.0,0.0,0.0,56.114112854003906,7.744266510009766,0.0,0,0,738,0.00281524658203125,738,0,6782,6696,419,0.0,0.0,calibrated_soft_bce_hard_dice_v2,reference_norm_relative_v2,FLOW_ONLY,642
6,30,0.953125,0.1950903220161286,0.10216469800704375,2.1578567028045654,2.1578567028045654,1.229865550994873,0.9279910922050476,0.07200893014669418,0.1322755068540573,1.0,1.0,0.0808948427438736,0.03333231806755066,0.03333231806755066,0.09242818504571915,0.0,0.0,0.0,0.0,0.03459186479449272,-0.926663339138031,0.021529000252485275,0.0,0.0,1847.7335205078125,0.0,1847.7335205078125,0.0,0.0,0.0,0.0,0.0,0.0,0.0,57.12136459350586,8.441001892089844,0.0,0,0,556,0.0021209716796875,556,0,6696,6558,415,0.0,0.0,calibrated_soft_bce_hard_dice_v2,reference_norm_relative_v2,FLOW_ONLY,642
6,31,0.984375,0.06540312923014312,0.10024090875896552,2.222101926803589,2.222101926803589,1.2932099103927612,0.9288920164108276,0.07110801339149475,0.132081538438797,1.0,1.0,0.0794902965426445,0.032622236758470535,0.032622236758470535,0.09242818504571915,0.0,0.0,0.0,0.0,0.03386339917778969,-0.929589033126831,0.014038899913430214,0.0,0.0,1998.812744140625,0.0,1998.812744140625,0.0,0.0,0.0,0.0,0.0,0.0,0.0,61.68516540527344,9.826187133789062,0.0,0,0,529,0.002017974853515625,529,0,6558,6336,402,0.0,0.0,calibrated_soft_bce_hard_dice_v2,reference_norm_relative_v2,FLOW_ONLY,642
7,0,0.015625,0.0,0.49975909124103446,1.273651123046875,1.273651123046875,0.38319912552833557,0.890451967716217,0.10954800993204117,0.09584120661020279,1.0,1.0,0.06662597507238388,0.06675780564546585,0.06675780564546585,0.09242818504571915,0.0,0.0,0.0,0.0,0.06675431877374649,-0.08344008028507233,2.5782203674316406,0.0,0.0,1774.705810546875,0.0,1774.705810546875,0.0,0.0,0.0,0.0,0.0,0.0,0.0,55.438804626464844,1.5170180797576904,1050.9940185546875,0,0,871,0.003322601318359375,871,0,12954,12910,331,0.0,0.0,calibrated_soft_bce_hard_dice_v2,reference_norm_relative_v2,FLOW_ONLY,742
7,1,0.046875,0.0,0.4978353019929562,1.2738254070281982,1.2738254070281982,0.38333860039711,0.8904867768287659,0.10951321572065353,0.09585969895124435,1.0,1.0,0.06660696864128113,0.06669837236404419,0.06669837236404419,0.09242818504571915,0.0,0.0,0.0,0.0,0.06669595837593079,-0.08391598612070084,2.5772390365600586,0.0,0.0,1773.640869140625,0.0,1773.640869140625,0.0,0.0,0.0,0.0,0.0,0.0,0.0,55.40353012084961,1.587702751159668,0.0,0,0,949,0.003620147705078125,949,0,12910,12858,331,0.0,0.0,calibrated_soft_bce_hard_dice_v2,reference_norm_relative_v2,FLOW_ONLY,742
7,2,0.078125,0.0,0.4940062506389088,1.2741680145263672,1.2741680145263672,0.38360339403152466,0.8905646800994873,0.1094353049993515,0.09591834247112274,1.0,1.0,0.06658195704221725,0.0666341483592987,0.0666341483592987,0.09242818504571915,0.0,0.0,0.0,0.0,0.06663277000188828,-0.08480975776910782,2.5752596855163574,0.0,0.0,1773.5999755859375,0.0,1773.5999755859375,0.0,0.0,0.0,0.0,0.0,0.0,0.0,55.40195846557617,1.5980414152145386,0.0,0,0,1069,0.004077911376953125,1069,0,12858,12810,329,0.0,0.0,calibrated_soft_bce_hard_dice_v2,reference_norm_relative_v2,FLOW_ONLY,742
7,3,0.109375,0.0,0.4883088130366042,1.2746487855911255,1.2746487855911255,0.3839894235134125,0.8906593322753906,0.10934067517518997,0.09601719677448273,1.0,1.0,0.06656886637210846,0.0665675476193428,0.0665675476193428,0.09242818504571915,0.0,0.0,0.0,0.0,0.06656759232282639,-0.0861339271068573,2.572232484817505,0.0,0.0,1772.0975341796875,0.0,1772.0975341796875,0.0,0.0,0.0,0.0,0.0,0.0,0.0,55.3544807434082,1.615503191947937,0.0,0,0,1157,0.004413604736328125,1157,0,12810,12772,328,0.0,0.0,calibrated_soft_bce_hard_dice_v2,reference_norm_relative_v2,FLOW_ONLY,742
7,4,0.140625,0.0,0.48079785862468866,1.2752537727355957,1.2752537727355957,0.38449475169181824,0.8907589912414551,0.10924100875854492,0.09615897387266159,1.0,1.0,0.06657940149307251,0.06650689989328384,0.06650689989328384,0.09242818504571915,0.0,0.0,0.0,0.0,0.06650881469249725,-0.08790255337953568,2.5680830478668213,0.0,0.0,1771.7364501953125,0.0,1771.7364501953125,0.0,0.0,0.0,0.0,0.0,0.0,0.0,55.34299087524414,1.6222988367080688,0.0,0,0,1346,0.00513458251953125,1346,0,12772,12733,327,0.0,0.0,calibrated_soft_bce_hard_dice_v2,reference_norm_relative_v2,FLOW_ONLY,742
7,5,0.171875,0.0,0.4715457220000544,1.2759909629821777,1.2759909629821777,0.3851288855075836,0.8908621072769165,0.10913790017366409,0.09634844213724136,1.0,1.0,0.06661796569824219,0.06645476818084717,0.06645476818084717,0.09242818504571915,0.0,0.0,0.0,0.0,0.06645908206701279,-0.09014535695314407,2.56270694732666,0.0,0.0,1771.6507568359375,0.0,1771.6507568359375,0.0,0.0,0.0,0.0,0.0,0.0,0.0,55.34037399291992,1.6201103925704956,0.0,0,0,1524,0.0058135986328125,1524,0,12733,12699,329,0.0,0.0,calibrated_soft_bce_hard_dice_v2,reference_norm_relative_v2,FLOW_ONLY,742
7,6,0.203125,0.0,0.460641506296129,1.2768676280975342,1.2768676280975342,0.3859010934829712,0.8909665942192078,0.10903342813253403,0.0965898260474205,1.0,1.0,0.06669079512357712,0.06641557067632675,0.06641557067632675,0.09242818504571915,0.0,0.0,0.0,0.0,0.06642286479473114,-0.09290052205324173,2.5559659004211426,0.0,0.0,1770.8720703125,0.0,1770.8720703125,0.0,0.0,0.0,0.0,0.0,0.0,0.0,55.31617736816406,1.6151937246322632,0.0,0,0,1673,0.006381988525390625,1673,0,12699,12689,336,0.0,0.0,calibrated_soft_bce_hard_dice_v2,reference_norm_relative_v2,FLOW_ONLY,742
7,7,0.234375,0.0,0.4481902250709918,1.2779326438903809,1.2779326438903809,0.3868447244167328,0.8910879492759705,0.10891204327344894,0.09688709676265717,1.0,1.0,0.06678956747055054,0.06637982279062271,0.06637982279062271,0.09242818504571915,0.0,0.0,0.0,0.0,0.06639067828655243,-0.09623561799526215,2.5476810932159424,0.0,0.0,1771.9794921875,0.0,1771.9794921875,0.0,0.0,0.0,0.0,0.0,0.0,0.0,55.35167694091797,1.5847461223602295,0.0,0,0,1944,0.007415771484375,1944,0,12689,12660,335,0.0,0.0,calibrated_soft_bce_hard_dice_v2,reference_norm_relative_v2,FLOW_ONLY,742
7,8,0.265625,0.06540312923014306,0.43431179096940364,1.2792248725891113,1.2792248725891113,0.3879929780960083,0.8912318348884583,0.10876815021038055,0.09724531322717667,1.0,1.0,0.06691388785839081,0.06633974611759186,0.06633974611759186,0.09242818504571915,0.0,0.0,0.0,0.0,0.06635495275259018,-0.10022927075624466,2.537625551223755,0.0,0.0,1775.4500732421875,0.0,1775.4500732421875,0.0,0.0,0.0,0.0,0.0,0.0,0.0,55.46080780029297,1.5624445676803589,0.0,0,0,2274,0.00867462158203125,2274,0,12660,12622,337,0.0,0.0,calibrated_soft_bce_hard_dice_v2,reference_norm_relative_v2,FLOW_ONLY,742
7,9,0.296875,0.19509032201612825,0.4191398608984867,1.2807950973510742,1.2807950973510742,0.389381468296051,0.8914135694503784,0.10858644545078278,0.09767039120197296,1.0,1.0,0.0670597180724144,0.0662911906838417,0.0662911906838417,0.09242818504571915,0.0,0.0,0.0,0.0,0.0663115456700325,-0.10497792810201645,2.525512218475342,0.0,0.0,1775.5662841796875,0.0,1775.5662841796875,0.0,0.0,0.0,0.0,0.0,0.0,0.0,55.46491622924805,1.5456093549728394,0.0,0,0,2641,0.010074615478515625,2641,0,12622,12555,333,0.0,0.0,calibrated_soft_bce_hard_dice_v2,reference_norm_relative_v2,FLOW_ONLY,742
7,10,0.328125,0.3214394653031616,0.4028205488386443,1.2827032804489136,1.2827032804489136,0.39106205105781555,0.8916411995887756,0.10835882276296616,0.09816927462816238,1.0,1.0,0.06722652167081833,0.0662224143743515,0.0662224143743515,0.09242818504571915,0.0,0.0,0.0,0.0,0.06624900549650192,-0.11061032116413116,2.5109798908233643,0.0,0.0,1774.92236328125,0.0,1774.92236328125,0.0,0.0,0.0,0.0,0.0,0.0,0.0,55.443477630615234,1.5918697118759155,0.0,0,0,3075,0.011730194091796875,3075,0,12555,12506,343,0.0,0.0,calibrated_soft_bce_hard_dice_v2,reference_norm_relative_v2,FLOW_ONLY,742
7,11,0.359375,0.4422886902190013,0.3855110186860564,1.2849860191345215,1.2849860191345215,0.39307838678359985,0.8919076919555664,0.1080923080444336,0.09875448793172836,1.0,1.0,0.06743309646844864,0.06613975018262863,0.06613975018262863,0.09242818504571915,0.0,0.0,0.0,0.0,0.06617400050163269,-0.11726841330528259,2.4935641288757324,0.0,0.0,1773.0517578125,0.0,1773.0517578125,0.0,0.0,0.0,0.0,0.0,0.0,0.0,55.383785247802734,1.6333750486373901,0.0,0,0,3573,0.013629913330078125,3573,0,12506,12466,356,0.0,0.0,calibrated_soft_bce_hard_dice_v2,reference_norm_relative_v2,FLOW_ONLY,742
7,12,0.390625,0.5555702330196022,0.367377970678444,1.2877132892608643,1.2877132892608643,0.3955003619194031,0.892212986946106,0.10778703540563583,0.09943914413452148,1.0,1.0,0.06769340485334396,0.06603948026895523,0.06603948026895523,0.09242818504571915,0.0,0.0,0.0,0.0,0.06608327478170395,-0.125144362449646,2.4726812839508057,0.0,0.0,1771.107177734375,0.0,1771.107177734375,0.0,0.0,0.0,0.0,0.0,0.0,0.0,55.321353912353516,1.6878595352172852,0.0,0,0,4254,0.01622772216796875,4254,0,12466,12358,359,0.0,0.0,calibrated_soft_bce_hard_dice_v2,reference_norm_relative_v2,FLOW_ONLY,742
7,13,0.421875,0.6593458151000688,0.3485960359806528,1.2910043001174927,1.2910043001174927,0.39842724800109863,0.892577052116394,0.10742293298244476,0.10023614764213562,1.0,1.0,0.06801009178161621,0.06590796262025833,0.06590796262025833,0.09242818504571915,0.0,0.0,0.0,0.0,0.06596363335847855,-0.13449694216251373,2.4475858211517334,0.0,0.0,1770.0711669921875,0.0,1770.0711669921875,0.0,0.0,0.0,0.0,0.0,0.0,0.0,55.28681564331055,1.7569870948791504,0.0,0,0,5159,0.019680023193359375,5159,0,12358,12266,360,0.0,0.0,calibrated_soft_bce_hard_dice_v2,reference_norm_relative_v2,FLOW_ONLY,742
7,14,0.453125,0.7518398074789773,0.32934609489107236,1.2949467897415161,1.2949467897415161,0.4019673764705658,0.8929794430732727,0.1070205569267273,0.10116367042064667,1.0,1.0,0.06842484325170517,0.06574662774801254,0.06574662774801254,0.09242818504571915,0.0,0.0,0.0,0.0,0.06581754982471466,-0.1456480771303177,2.417311429977417,0.0,0.0,1769.13916015625,0.0,1769.13916015625,0.0,0.0,0.0,0.0,0.0,0.0,0.0,55.25456619262695,1.8522247076034546,0.0,0,0,6105,0.023288726806640625,6105,0,12266,12152,359,0.0,0.0,calibrated_soft_bce_hard_dice_v2,reference_norm_relative_v2,FLOW_ONLY,742
7,15,0.484375,0.8314696123025452,0.3098135348654836,1.2997124195098877,1.2997124195098877,0.4062776565551758,0.8934347629547119,0.10656526684761047,0.10224242508411407,1.0,1.0,0.06896115839481354,0.06554259359836578,0.06554259359836578,0.09242818504571915,0.0,0.0,0.0,0.0,0.065633125603199,-0.15903982520103455,2.3805935382843018,0.0,0.0,1769.2752685546875,0.0,1769.2752685546875,0.0,0.0,0.0,0.0,0.0,0.0,0.0,55.25331497192383,2.009683847427368,0.0,0,0,7394,0.02820587158203125,7394,0,12152,11978,366,0.0,0.0,calibrated_soft_bce_hard_dice_v2,reference_norm_relative_v2,FLOW_ONLY,742
7,16,0.515625,0.8968727415326884,0.2901864651345164,1.3055094480514526,1.3055094480514526,0.41156503558158875,0.8939443826675415,0.10605558753013611,0.10349957644939423,1.0,1.0,0.06966956704854965,0.06528446078300476,0.06528446078300476,0.09242818504571915,0.0,0.0,0.0,0.0,0.06540058553218842,-0.17528477311134338,2.335731267929077,0.0,0.0,1769.1015625,0.0,1769.1015625,0.0,0.0,0.0,0.0,0.0,0.0,0.0,55.24264907836914,2.1487886905670166,0.0,0,0,8731,0.033306121826171875,8731,0,11978,11807,382,0.0,0.0,calibrated_soft_bce_hard_dice_v2,reference_norm_relative_v2,FLOW_ONLY,742
7,17,0.546875,0.9469301294951056,0.2706539051089276,1.312658429145813,1.312658429145813,0.4181293249130249,0.8945291042327881,0.10547091066837311,0.10495834052562714,1.0,1.0,0.0706016793847084,0.0649406686425209,0.0649406686425209,0.09242818504571915,0.0,0.0,0.0,0.0,0.06509057432413101,-0.19525514543056488,2.2803878784179688,0.0,0.0,1767.874267578125,0.0,1767.874267578125,0.0,0.0,0.0,0.0,0.0,0.0,0.0,55.19719696044922,2.32326340675354,0.0,0,0,10323,0.039379119873046875,10323,0,11807,11659,405,0.0,0.0,calibrated_soft_bce_hard_dice_v2,reference_norm_relative_v2,FLOW_ONLY,742
7,18,0.578125,0.9807852804032304,0.2514039640193472,1.3215644359588623,1.3215644359588623,0.42637526988983154,0.895189106464386,0.10481090098619461,0.10665730386972427,1.0,1.0,0.07186747342348099,0.0644863098859787,0.0644863098859787,0.09242818504571915,0.0,0.0,0.0,0.0,0.064681775867939,-0.22013221681118011,2.2112619876861572,0.0,0.0,1768.415771484375,0.0,1768.415771484375,0.0,0.0,0.0,0.0,0.0,0.0,0.0,55.20457458496094,2.5403542518615723,0.0,0,0,12250,0.04673004150390625,12250,0,11659,11521,416,0.0,0.0,calibrated_soft_bce_hard_dice_v2,reference_norm_relative_v2,FLOW_ONLY,742
7,19,0.609375,0.9978589232386035,0.232622029321556,1.3329607248306274,1.3329607248306274,0.43694522976875305,0.8960155248641968,0.10398447513580322,0.10864716023206711,1.0,1.0,0.07355505228042603,0.06386272609233856,0.06386272609233856,0.09242818504571915,0.0,0.0,0.0,0.0,0.06411939859390259,-0.2516394257545471,2.123645544052124,0.0,0.0,1767.630859375,0.0,1767.630859375,0.0,0.0,0.0,0.0,0.0,0.0,0.0,55.170066833496094,2.747981309890747,0.0,0,0,14521,0.055393218994140625,14521,0,11521,11323,435,0.0,0.0,calibrated_soft_bce_hard_dice_v2,reference_norm_relative_v2,FLOW_ONLY,742
7,20,0.640625,0.9978589232386035,0.21448898131394362,1.347944974899292,1.347944974899292,0.4508153200149536,0.8971296548843384,0.10287034511566162,0.11100207269191742,1.0,1.0,0.07581450790166855,0.06301169097423553,0.06301169097423553,0.09242818504571915,0.0,0.0,0.0,0.0,0.06335072964429855,-0.29218706488609314,2.0107877254486084,0.0,0.0,1767.829833984375,0.0,1767.829833984375,0.0,0.0,0.0,0.0,0.0,0.0,0.0,55.1628303527832,3.0061604976654053,0.0,0,0,16643,0.06348800659179688,16643,0,11323,11123,457,0.0,0.0,calibrated_soft_bce_hard_dice_v2,reference_norm_relative_v2,FLOW_ONLY,742
7,21,0.671875,0.9807852804032304,0.19717945116135566,1.3683143854141235,1.3683143854141235,0.4695679843425751,0.8987463712692261,0.10125364363193512,0.11382821202278137,1.0,1.0,0.07882186770439148,0.06187713146209717,0.06187713146209717,0.09242818504571915,0.0,0.0,0.0,0.0,0.0623258613049984,-0.34493136405944824,1.8633536100387573,0.0,0.0,1769.38818359375,0.0,1769.38818359375,0.0,0.0,0.0,0.0,0.0,0.0,0.0,55.19464874267578,3.3028669357299805,0.0,0,0,18115,0.06910324096679688,18115,0,11123,10902,473,0.0,0.0,calibrated_soft_bce_hard_dice_v2,reference_norm_relative_v2,FLOW_ONLY,742
7,22,0.703125,0.9469301294951057,0.18086013910151333,1.397052526473999,1.397052526473999,0.4958426356315613,0.9012099504470825,0.09879007935523987,0.11729960888624191,1.0,1.0,0.0826711431145668,0.060380253940820694,0.060380253940820694,0.09242818504571915,0.0,0.0,0.0,0.0,0.06097055971622467,-0.413359671831131,1.669594407081604,0.0,0.0,1769.8497314453125,0.0,1769.8497314453125,0.0,0.0,0.0,0.0,0.0,0.0,0.0,55.18659591674805,3.6596243381500244,0.0,0,0,18666,0.07120513916015625,18666,0,10902,10685,493,0.0,0.0,calibrated_soft_bce_hard_dice_v2,reference_norm_relative_v2,FLOW_ONLY,742
7,23,0.734375,0.8968727415326884,0.16568820903059628,1.4385547637939453,1.4385547637939453,0.5338159203529358,0.9047389030456543,0.0952611044049263,0.12164947390556335,1.0,1.0,0.08747930824756622,0.05856388062238693,0.05856388062238693,0.09242818504571915,0.0,0.0,0.0,0.0,0.059329621493816376,-0.4997106194496155,1.418513298034668,0.0,0.0,1771.371337890625,0.0,1771.371337890625,0.0,0.0,0.0,0.0,0.0,0.0,0.0,55.20854568481445,4.028894424438477,0.0,0,0,16883,0.06440353393554688,16883,0,10685,10638,522,0.0,0.0,calibrated_soft_bce_hard_dice_v2,reference_norm_relative_v2,FLOW_ONLY,742
7,24,0.765625,0.8314696123025455,0.1518097749290082,1.4991140365600586,1.4991140365600586,0.5897777676582336,0.9093363285064697,0.09066370129585266,0.12713003158569336,1.0,1.0,0.09317497909069061,0.056666050106287,0.056666050106287,0.09242818504571915,0.0,0.0,0.0,0.0,0.05763288214802742,-0.6013800501823425,1.1083886623382568,0.0,0.0,1773.6409912109375,0.0,1773.6409912109375,0.0,0.0,0.0,0.0,0.0,0.0,0.0,55.243377685546875,4.49906063079834,0.0,0,0,12957,0.049427032470703125,12957,0,10638,10737,557,0.0,0.0,calibrated_soft_bce_hard_dice_v2,reference_norm_relative_v2,FLOW_ONLY,742
7,25,0.796875,0.7518398074789774,0.139358493703871,1.5859839916229248,1.5859839916229248,0.6714890003204346,0.914495050907135,0.08550495654344559,0.1336698830127716,1.0,1.0,0.09944115579128265,0.055241603404283524,0.055241603404283524,0.09242818504571915,0.0,0.0,0.0,0.0,0.056412093341350555,-0.7062130570411682,0.7627900242805481,0.0,0.0,1777.8360595703125,0.0,1777.8360595703125,0.0,0.0,0.0,0.0,0.0,0.0,0.0,55.332271575927734,4.996200084686279,0.0,0,0,7959,0.030361175537109375,7959,0,10737,11056,577,0.0,0.0,calibrated_soft_bce_hard_dice_v2,reference_norm_relative_v2,FLOW_ONLY,742
7,26,0.828125,0.659345815100069,0.12845427799994558,1.7043559551239014,1.7043559551239014,0.7850343585014343,0.919321596622467,0.08067841082811356,0.14064934849739075,1.0,1.0,0.10567860305309296,0.05501376464962959,0.05501376464962959,0.09242818504571915,0.0,0.0,0.0,0.0,0.056355468928813934,-0.7929948568344116,0.4404340982437134,0.0,0.0,1782.2413330078125,0.0,1782.2413330078125,0.0,0.0,0.0,0.0,0.0,0.0,0.0,55.41350173950195,5.592977046966553,0.0,0,0,4079,0.015560150146484375,4079,0,11056,11340,582,0.0,0.0,calibrated_soft_bce_hard_dice_v2,reference_norm_relative_v2,FLOW_ONLY,742
7,27,0.859375,0.5555702330196022,0.11920214137531127,1.8520300388336182,1.8520300388336182,0.9288702011108398,0.9231598377227783,0.07684014737606049,0.14670614898204803,1.0,1.0,0.11068602651357651,0.05606815591454506,0.05606815591454506,0.09242818504571915,0.0,0.0,0.0,0.0,0.05751454830169678,-0.845187783241272,0.2093479186296463,0.0,0.0,1786.7158203125,0.0,1786.7158203125,0.0,0.0,0.0,0.0,0.0,0.0,0.0,55.47900390625,6.2938666343688965,0.0,0,0,1883,0.007183074951171875,1883,0,11340,11478,590,0.0,0.0,calibrated_soft_bce_hard_dice_v2,reference_norm_relative_v2,FLOW_ONLY,742
7,28,0.890625,0.4422886902190013,0.11169118696339586,2.0155487060546875,2.0155487060546875,1.0896774530410767,0.9258713126182556,0.07412867248058319,0.15053808689117432,1.0,1.0,0.11339035630226135,0.057399868965148926,0.057399868965148926,0.09242818504571915,0.0,0.0,0.0,0.0,0.05888260528445244,-0.8669345378875732,0.0880991667509079,0.0,0.0,1793.197265625,0.0,1793.197265625,0.0,0.0,0.0,0.0,0.0,0.0,0.0,55.59310531616211,7.042613983154297,0.0,0,0,1069,0.004077911376953125,1069,0,11478,11550,592,0.0,0.0,calibrated_soft_bce_hard_dice_v2,reference_norm_relative_v2,FLOW_ONLY,742
7,29,0.921875,0.32143946530316175,0.10599374936109118,2.172642230987549,2.172642230987549,1.2452887296676636,0.9273533821105957,0.07264663279056549,0.152242511510849,1.0,1.0,0.11429669708013535,0.058037169277668,0.058037169277668,0.09242818504571915,0.0,0.0,0.0,0.0,0.05952702835202217,-0.8743190169334412,0.038944441825151443,0.0,0.0,1805.46142578125,0.0,1805.46142578125,0.0,0.0,0.0,0.0,0.0,0.0,0.0,55.886146545410156,7.747929096221924,0.0,0,0,694,0.00264739990234375,694,0,11550,11482,589,0.0,0.0,calibrated_soft_bce_hard_dice_v2,reference_norm_relative_v2,FLOW_ONLY,742
7,30,0.953125,0.1950903220161286,0.10216469800704375,2.298910617828369,2.298910617828369,1.3707891702651978,0.9281213879585266,0.07187863439321518,0.15265284478664398,1.0,1.0,0.11399181932210922,0.05787447467446327,0.05787447467446327,0.09242818504571915,0.0,0.0,0.0,0.0,0.059360574930906296,-0.8776024580001831,0.021067626774311066,0.0,0.0,1837.4805908203125,0.0,1837.4805908203125,0.0,0.0,0.0,0.0,0.0,0.0,0.0,56.796634674072266,8.44657039642334,0.0,0,0,554,0.00211334228515625,554,0,11482,11303,583,0.0,0.0,calibrated_soft_bce_hard_dice_v2,reference_norm_relative_v2,FLOW_ONLY,742
7,31,0.984375,0.06540312923014312,0.10024090875896552,2.37394118309021,2.37394118309021,1.4454854726791382,0.9284557700157166,0.07154422998428345,0.15241146087646484,1.0,1.0,0.11312307417392731,0.057126712054014206,0.057126712054014206,0.09242818504571915,0.0,0.0,0.0,0.0,0.058609604835510254,-0.8803865313529968,0.01398860476911068,0.0,0.0,1983.5269775390625,0.0,1983.5269775390625,0.0,0.0,0.0,0.0,0.0,0.0,0.0,61.205631256103516,9.799880981445312,0.0,0,0,496,0.00189208984375,496,0,11303,11069,577,0.0,0.0,calibrated_soft_bce_hard_dice_v2,reference_norm_relative_v2,FLOW_ONLY,742
