generation,state_id,parent_id,ranking_id,rank_index,center_x,center_y,center_z,predicted_first_order_mse_decrease,hard_rmse,delta_rmse_vs_parent,delta_rmse_vs_empty,condition_violations,truth_used
1,g001_p000000_empty,empty,g001_b7e43f1d75130653_0000,0,42.0,42.0,38.0,7.275344978552312e-05,0.016433626413345337,0.00021718628704547882,0.00021718628704547882,0,False
1,g001_p000001_empty,empty,g001_b7e43f1d75130653_0000,1,26.0,11.0,36.0,6.44840401946567e-05,0.01632518321275711,0.0001087430864572525,0.0001087430864572525,0,False
1,g001_p000002_empty,empty,g001_b7e43f1d75130653_0000,2,26.0,9.0,36.0,6.448401109082624e-05,0.016249220818281174,3.278069198131561e-05,3.278069198131561e-05,0,False
1,g001_p000003_empty,empty,g001_b7e43f1d75130653_0000,3,12.0,41.0,21.0,5.496812082128599e-05,0.01626988872885704,5.344860255718231e-05,5.344860255718231e-05,0,False
1,g001_p000004_empty,empty,g001_b7e43f1d75130653_0000,4,12.0,43.0,21.0,5.496812082128599e-05,0.016246259212493896,2.981908619403839e-05,2.981908619403839e-05,0,False
1,g001_p000005_empty,empty,g001_b7e43f1d75130653_0000,5,27.0,10.0,36.0,5.410551239037886e-05,0.016264626756310463,4.818663001060486e-05,4.818663001060486e-05,0,False
1,g001_p000006_empty,empty,g001_b7e43f1d75130653_0000,6,25.0,10.0,36.0,5.4105508752400056e-05,0.016366051509976387,0.00014961138367652893,0.00014961138367652893,0,False
1,g001_p000007_empty,empty,g001_b7e43f1d75130653_0000,7,42.0,42.0,36.0,5.062896161689423e-05,0.016429610550403595,0.00021317042410373688,0.00021317042410373688,0,False
1,g001_p000008_empty,empty,g001_b7e43f1d75130653_0000,8,42.0,42.0,37.0,4.993812763132155e-05,0.016444219276309013,0.00022777915000915527,0.00022777915000915527,0,False
1,g001_p000009_empty,empty,g001_b7e43f1d75130653_0000,9,41.0,42.0,38.0,4.909671770292334e-05,0.016381144523620605,0.00016470439732074738,0.00016470439732074738,0,False
1,g001_p000010_empty,empty,g001_b7e43f1d75130653_0000,10,42.0,41.0,38.0,4.909671042696573e-05,0.016249220818281174,3.278069198131561e-05,3.278069198131561e-05,0,False
1,g001_p000011_empty,empty,g001_b7e43f1d75130653_0000,11,42.0,43.0,38.0,4.909669951302931e-05,0.01635603979229927,0.00013959966599941254,0.00013959966599941254,0,False
1,g001_p000012_empty,empty,g001_b7e43f1d75130653_0000,12,43.0,42.0,38.0,4.909669223707169e-05,0.016490008682012558,0.0002735685557126999,0.0002735685557126999,0,False
1,g001_p000013_empty,empty,g001_b7e43f1d75130653_0000,13,27.0,11.0,36.0,4.901247666566633e-05,0.016447436064481735,0.00023099593818187714,0.00023099593818187714,0,False
1,g001_p000014_empty,empty,g001_b7e43f1d75130653_0000,14,25.0,9.0,36.0,4.90124621137511e-05,0.01637226529419422,0.0001558251678943634,0.0001558251678943634,0,False
1,g001_p000015_empty,empty,g001_b7e43f1d75130653_0000,15,25.0,10.0,37.0,4.810038080904633e-05,0.016282353550195694,6.591342389583588e-05,6.591342389583588e-05,0,False
1,g001_p000016_empty,empty,g001_b7e43f1d75130653_0000,16,27.0,10.0,37.0,4.8100333515321836e-05,0.01645316369831562,0.00023672357201576233,0.00023672357201576233,0,False
1,g001_p000017_empty,empty,g001_b7e43f1d75130653_0000,17,11.0,42.0,20.0,4.7555378841934726e-05,0.016391485929489136,0.00017504580318927765,0.00017504580318927765,0,False
1,g001_p000018_empty,empty,g001_b7e43f1d75130653_0000,18,13.0,42.0,20.0,4.7555353376083076e-05,0.016290754079818726,7.431395351886749e-05,7.431395351886749e-05,0,False
1,g001_p000019_empty,empty,g001_b7e43f1d75130653_0000,19,12.0,42.0,18.0,4.752112363348715e-05,0.016416363418102264,0.0001999232918024063,0.0001999232918024063,0,False
1,g001_p000020_empty,empty,g001_b7e43f1d75130653_0000,20,25.0,11.0,37.0,4.713215457741171e-05,0.016359515488147736,0.0001430753618478775,0.0001430753618478775,0,False
1,g001_p000021_empty,empty,g001_b7e43f1d75130653_0000,21,27.0,9.0,37.0,4.7132110921666026e-05,0.016342103481292725,0.00012566335499286652,0.00012566335499286652,0,False
1,g001_p000022_empty,empty,g001_b7e43f1d75130653_0000,22,41.0,43.0,38.0,4.58423892268911e-05,0.01634843461215496,0.00013199448585510254,0.00013199448585510254,0,False
1,g001_p000023_empty,empty,g001_b7e43f1d75130653_0000,23,43.0,41.0,38.0,4.5842381950933486e-05,0.0163725633174181,0.00015612319111824036,0.00015612319111824036,0,False
1,g001_p000024_empty,empty,g001_b7e43f1d75130653_0000,24,26.0,11.0,37.0,4.5596458221552894e-05,0.016368132084608078,0.0001516919583082199,0.0001516919583082199,0,False
1,g001_p000025_empty,empty,g001_b7e43f1d75130653_0000,25,26.0,9.0,37.0,4.5596454583574086e-05,0.01637888327240944,0.000162443146109581,0.000162443146109581,0,False
1,g001_p000026_empty,empty,g001_b7e43f1d75130653_0000,26,11.0,41.0,21.0,4.55718363809865e-05,0.01637958362698555,0.00016314350068569183,0.00016314350068569183,0,False
1,g001_p000027_empty,empty,g001_b7e43f1d75130653_0000,27,13.0,43.0,21.0,4.5571800001198426e-05,0.016382340341806412,0.00016590021550655365,0.00016590021550655365,0,False
1,g001_p000028_empty,empty,g001_b7e43f1d75130653_0000,28,41.0,41.0,38.0,4.520791844697669e-05,0.016399450600147247,0.00018301047384738922,0.00018301047384738922,0,False
1,g001_p000029_empty,empty,g001_b7e43f1d75130653_0000,29,43.0,43.0,38.0,4.520791117101908e-05,0.016316048800945282,9.960867464542389e-05,9.960867464542389e-05,0,False
1,g001_p000030_empty,empty,g001_b7e43f1d75130653_0000,30,12.0,42.0,20.0,4.48539067292586e-05,0.01635603979229927,0.00013959966599941254,0.00013959966599941254,0,False
1,g001_p000031_empty,empty,g001_b7e43f1d75130653_0000,31,9.0,10.0,16.0,4.4673430238617584e-05,0.016225386410951614,8.946284651756287e-06,8.946284651756287e-06,0,False
1,g001_p000032_empty,empty,g001_b7e43f1d75130653_0000,32,11.0,10.0,16.0,4.4673404772765934e-05,0.01626838557422161,5.194544792175293e-05,5.194544792175293e-05,0,False
1,g001_p000033_empty,empty,g001_b7e43f1d75130653_0000,33,11.0,43.0,21.0,4.34571884397883e-05,0.01633184216916561,0.00011540204286575317,0.00011540204286575317,0,False
1,g001_p000034_empty,empty,g001_b7e43f1d75130653_0000,34,13.0,41.0,21.0,4.345716297393665e-05,0.016244929283857346,2.8489157557487488e-05,2.8489157557487488e-05,0,False
1,g001_p000035_empty,empty,g001_b7e43f1d75130653_0000,35,11.0,42.0,21.0,4.268612610758282e-05,0.01637674681842327,0.00016030669212341309,0.00016030669212341309,0,False
1,g001_p000036_empty,empty,g001_b7e43f1d75130653_0000,36,13.0,42.0,21.0,4.2686071537900716e-05,0.01635146327316761,0.00013502314686775208,0.00013502314686775208,0,False
1,g001_p000037_empty,empty,g001_b7e43f1d75130653_0000,37,26.0,12.0,37.0,4.2632382246665657e-05,0.016225943341851234,9.503215551376343e-06,9.503215551376343e-06,0,False
1,g001_p000038_empty,empty,g001_b7e43f1d75130653_0000,38,26.0,8.0,37.0,4.263237497070804e-05,0.016406456008553505,0.00019001588225364685,0.00019001588225364685,0,False
1,g001_p000039_empty,empty,g001_b7e43f1d75130653_0000,39,10.0,42.0,21.0,4.235047526890412e-05,0.01635744608938694,0.0001410059630870819,0.0001410059630870819,0,False
1,g001_p000040_empty,empty,g001_b7e43f1d75130653_0000,40,14.0,42.0,21.0,4.2350442527094856e-05,0.016225943341851234,9.503215551376343e-06,9.503215551376343e-06,0,False
1,g001_p000041_empty,empty,g001_b7e43f1d75130653_0000,41,12.0,42.0,19.0,4.142757461522706e-05,0.01650872267782688,0.0002922825515270233,0.0002922825515270233,0,False
1,g001_p000042_empty,empty,g001_b7e43f1d75130653_0000,42,8.0,10.0,16.0,4.118134893360548e-05,0.016380704939365387,0.00016426481306552887,0.00016426481306552887,0,False
1,g001_p000043_empty,empty,g001_b7e43f1d75130653_0000,43,12.0,10.0,16.0,4.1181327105732635e-05,0.01633470505475998,0.00011826492846012115,0.00011826492846012115,0,False
1,g001_p000044_empty,empty,g001_b7e43f1d75130653_0000,44,25.0,11.0,36.0,4.021132190246135e-05,0.016264626756310463,4.818663001060486e-05,4.818663001060486e-05,0,False
1,g001_p000045_empty,empty,g001_b7e43f1d75130653_0000,45,27.0,9.0,36.0,4.0211314626503736e-05,0.016423888504505157,0.00020744837820529938,0.00020744837820529938,0,False
1,g001_p000046_empty,empty,g001_b7e43f1d75130653_0000,46,41.0,43.0,39.0,4.011179044027813e-05,0.016536083072423935,0.00031964294612407684,0.00031964294612407684,0,False
1,g001_p000047_empty,empty,g001_b7e43f1d75130653_0000,47,43.0,41.0,39.0,4.011175406049006e-05,0.01644984818994999,0.00023340806365013123,0.00023340806365013123,0,False
1,g001_p000048_empty,empty,g001_b7e43f1d75130653_0000,48,10.0,9.0,16.0,3.852872032439336e-05,0.016371656209230423,0.00015521608293056488,0.00015521608293056488,0,False
1,g001_p000049_empty,empty,g001_b7e43f1d75130653_0000,49,10.0,11.0,16.0,3.852871304843575e-05,0.016317512840032578,0.00010107271373271942,0.00010107271373271942,0,False
1,g001_p000050_empty,empty,g001_b7e43f1d75130653_0000,50,24.0,10.0,37.0,3.793171708821319e-05,0.016349516808986664,0.00013307668268680573,0.00013307668268680573,0,False
1,g001_p000051_empty,empty,g001_b7e43f1d75130653_0000,51,28.0,10.0,37.0,3.793166615650989e-05,0.01636829972267151,0.0001518595963716507,0.0001518595963716507,0,False
1,g001_p000052_empty,empty,g001_b7e43f1d75130653_0000,52,41.0,41.0,39.0,3.7605375837301835e-05,0.01644984818994999,0.00023340806365013123,0.00023340806365013123,0,False
1,g001_p000053_empty,empty,g001_b7e43f1d75130653_0000,53,43.0,43.0,39.0,3.760532126761973e-05,0.016375552862882614,0.00015911273658275604,0.00015911273658275604,0,False
1,g001_p000054_empty,empty,g001_b7e43f1d75130653_0000,54,25.0,9.0,37.0,3.693367398227565e-05,0.016225943341851234,9.503215551376343e-06,9.503215551376343e-06,0,False
1,g001_p000055_empty,empty,g001_b7e43f1d75130653_0000,55,27.0,11.0,37.0,3.693363396450877e-05,0.016387939453125,0.0001714993268251419,0.0001714993268251419,0,False
1,g001_p000056_empty,empty,g001_b7e43f1d75130653_0000,56,40.0,42.0,39.0,3.66709973604884e-05,0.016478316858410835,0.00026187673211097717,0.00026187673211097717,0,False
1,g001_p000057_empty,empty,g001_b7e43f1d75130653_0000,57,44.0,42.0,39.0,3.6670942790806293e-05,0.016413703560829163,0.0001972634345293045,0.0001972634345293045,0,False
1,g001_p000058_empty,empty,g001_b7e43f1d75130653_0000,58,26.0,12.0,36.0,3.663108145701699e-05,0.016293779015541077,7.733888924121857e-05,7.733888924121857e-05,0,False
1,g001_p000059_empty,empty,g001_b7e43f1d75130653_0000,59,26.0,8.0,36.0,3.6631074181059375e-05,0.016331711784005165,0.00011527165770530701,0.00011527165770530701,0,False
1,g001_p000060_empty,empty,g001_b7e43f1d75130653_0000,60,9.0,11.0,16.0,3.6452634958550334e-05,0.01639719121158123,0.00018075108528137207,0.00018075108528137207,0,False
1,g001_p000061_empty,empty,g001_b7e43f1d75130653_0000,61,11.0,9.0,16.0,3.645262404461391e-05,0.016354532912373543,0.0001380927860736847,0.0001380927860736847,0,False
1,g001_p000062_empty,empty,g001_b7e43f1d75130653_0000,62,43.0,42.0,37.0,3.5867386031895876e-05,0.016416408121585846,0.00019996799528598785,0.00019996799528598785,0,False
1,g001_p000063_empty,empty,g001_b7e43f1d75130653_0000,63,42.0,43.0,37.0,3.5867375117959455e-05,0.016416408121585846,0.00019996799528598785,0.00019996799528598785,0,False
1,g001_p000064_empty,empty,g001_b7e43f1d75130653_0000,64,41.0,42.0,37.0,3.586737147998065e-05,0.016379464417696,0.00016302429139614105,0.00016302429139614105,0,False
1,g001_p000065_empty,empty,g001_b7e43f1d75130653_0000,65,42.0,41.0,37.0,3.586737147998065e-05,0.01637946255505085,0.00016302242875099182,0.00016302242875099182,0,False
1,g001_p000066_empty,empty,g001_b7e43f1d75130653_0000,66,10.0,43.0,21.0,3.554262002580799e-05,0.016239656135439873,2.321600914001465e-05,2.321600914001465e-05,0,False
1,g001_p000067_empty,empty,g001_b7e43f1d75130653_0000,67,14.0,41.0,21.0,3.554259455995634e-05,0.016238441690802574,2.2001564502716064e-05,2.2001564502716064e-05,0,False
1,g001_p000068_empty,empty,g001_b7e43f1d75130653_0000,68,10.0,41.0,21.0,3.5536173527361825e-05,0.016225943341851234,9.503215551376343e-06,9.503215551376343e-06,0,False
1,g001_p000069_empty,empty,g001_b7e43f1d75130653_0000,69,14.0,43.0,21.0,3.5536148061510175e-05,0.01649799384176731,0.000281553715467453,0.000281553715467453,0,False
1,g001_p000070_empty,empty,g001_b7e43f1d75130653_0000,70,11.0,41.0,20.0,3.479726365185343e-05,0.01636882871389389,0.0001523885875940323,0.0001523885875940323,0,False
1,g001_p000071_empty,empty,g001_b7e43f1d75130653_0000,71,13.0,43.0,20.0,3.47972490999382e-05,0.016243260353803635,2.682022750377655e-05,2.682022750377655e-05,0,False
1,g001_p000072_empty,empty,g001_b7e43f1d75130653_0000,72,12.0,40.0,21.0,3.4755597880575806e-05,0.016342103481292725,0.00012566335499286652,0.00012566335499286652,0,False
1,g001_p000073_empty,empty,g001_b7e43f1d75130653_0000,73,12.0,44.0,21.0,3.4755594242597e-05,0.016342103481292725,0.00012566335499286652,0.00012566335499286652,0,False
1,g001_p000074_empty,empty,g001_b7e43f1d75130653_0000,74,9.0,9.0,16.0,3.452130113146268e-05,0.016482137143611908,0.00026569701731204987,0.00026569701731204987,0,False
1,g001_p000075_empty,empty,g001_b7e43f1d75130653_0000,75,11.0,11.0,16.0,3.452129021752626e-05,0.016428178176283836,0.00021173804998397827,0.00021173804998397827,0,False
1,g001_p000076_empty,empty,g001_b7e43f1d75130653_0000,76,26.0,11.0,35.0,3.375751111889258e-05,0.016332082450389862,0.00011564232409000397,0.00011564232409000397,0,False
1,g001_p000077_empty,empty,g001_b7e43f1d75130653_0000,77,26.0,9.0,35.0,3.375750748091377e-05,0.016476502642035484,0.0002600625157356262,0.0002600625157356262,0,False
1,g001_p000078_empty,empty,g001_b7e43f1d75130653_0000,78,24.0,8.0,36.0,3.368788384250365e-05,0.016464119777083397,0.0002476796507835388,0.0002476796507835388,0,False
1,g001_p000079_empty,empty,g001_b7e43f1d75130653_0000,79,28.0,12.0,36.0,3.368788384250365e-05,0.016452396288514137,0.00023595616221427917,0.00023595616221427917,0,False
1,g001_p000080_empty,empty,g001_b7e43f1d75130653_0000,80,25.0,12.0,37.0,3.2558127713855356e-05,0.016271743923425674,5.5303797125816345e-05,5.5303797125816345e-05,0,False
1,g001_p000081_empty,empty,g001_b7e43f1d75130653_0000,81,27.0,8.0,37.0,3.255811316194013e-05,0.016223683953285217,7.243826985359192e-06,7.243826985359192e-06,0,False
1,g001_p000082_empty,empty,g001_b7e43f1d75130653_0000,82,24.0,9.0,36.0,3.252353417337872e-05,0.016381746158003807,0.00016530603170394897,0.00016530603170394897,0,False
1,g001_p000083_empty,empty,g001_b7e43f1d75130653_0000,83,28.0,11.0,36.0,3.252352689742111e-05,0.016381746158003807,0.00016530603170394897,0.00016530603170394897,0,False
1,g001_p000084_empty,empty,g001_b7e43f1d75130653_0000,84,11.0,40.0,21.0,3.2470939913764596e-05,0.01631336100399494,9.692087769508362e-05,9.692087769508362e-05,0,False
1,g001_p000085_empty,empty,g001_b7e43f1d75130653_0000,85,13.0,44.0,21.0,3.247092536184937e-05,0.016335541382431984,0.00011910125613212585,0.00011910125613212585,0,False
1,g001_p000086_empty,empty,g001_b7e43f1d75130653_0000,86,42.0,40.0,39.0,3.242555612814613e-05,0.016497012227773666,0.0002805721014738083,0.0002805721014738083,0,False
1,g001_p000087_empty,empty,g001_b7e43f1d75130653_0000,87,42.0,44.0,39.0,3.242554885218851e-05,0.016301685944199562,8.524581789970398e-05,8.524581789970398e-05,0,False
1,g001_p000088_empty,empty,g001_b7e43f1d75130653_0000,88,11.0,43.0,20.0,3.237036435166374e-05,0.016308646649122238,9.220652282238007e-05,9.220652282238007e-05,0,False
1,g001_p000089_empty,empty,g001_b7e43f1d75130653_0000,89,13.0,41.0,20.0,3.2370357075706124e-05,0.01642097719013691,0.0002045370638370514,0.0002045370638370514,0,False
1,g001_p000090_empty,empty,g001_b7e43f1d75130653_0000,90,41.0,42.0,39.0,3.231774098821916e-05,0.016419097781181335,0.00020265765488147736,0.00020265765488147736,0,False
1,g001_p000091_empty,empty,g001_b7e43f1d75130653_0000,91,42.0,41.0,39.0,3.231772643630393e-05,0.016462529078125954,0.0002460889518260956,0.0002460889518260956,0,False
1,g001_p000092_empty,empty,g001_b7e43f1d75130653_0000,92,42.0,43.0,39.0,3.2317719160346314e-05,0.016326148062944412,0.00010970793664455414,0.00010970793664455414,0,False
1,g001_p000093_empty,empty,g001_b7e43f1d75130653_0000,93,43.0,42.0,39.0,3.2317679142579436e-05,0.016344662755727768,0.00012822262942790985,0.00012822262942790985,0,False
1,g001_p000094_empty,empty,g001_b7e43f1d75130653_0000,94,11.0,43.0,18.0,3.218443089281209e-05,0.016234392300248146,1.7952173948287964e-05,1.7952173948287964e-05,0,False
1,g001_p000095_empty,empty,g001_b7e43f1d75130653_0000,95,13.0,41.0,18.0,3.218442725483328e-05,0.01633869670331478,0.0001222565770149231,0.0001222565770149231,0,False
2,g002_p000000_g001_p000081_empty,g001_p000081_empty,g002_817a42b13ecdfa2d_0001,0,42.0,42.0,38.0,7.275344978552312e-05,0.01651623286306858,0.00029254890978336334,0.00029979273676872253,0,False
2,g002_p000006_g001_p000081_empty,g001_p000081_empty,g002_817a42b13ecdfa2d_0001,1,26.0,11.0,36.0,6.509196828119457e-05,0.01635652780532837,0.00013284385204315186,0.00014008767902851105,0,False
2,g002_p000012_g001_p000031_empty,g001_p000031_empty,g002_6a10b64cba31aadf_0002,0,42.0,42.0,38.0,7.275344978552312e-05,0.01633872091770172,0.00011333450675010681,0.0001222807914018631,0,False
2,g002_p000018_g001_p000031_empty,g001_p000031_empty,g002_6a10b64cba31aadf_0002,1,26.0,11.0,36.0,6.44840401946567e-05,0.016375232487916946,0.00014984607696533203,0.00015879236161708832,0,False
2,g002_p000024_g001_p000037_empty,g001_p000037_empty,g002_e7dda0dd7f5da475_0003,0,42.0,42.0,38.0,7.275344978552312e-05,0.0163358673453331,0.00010992400348186493,0.00011942721903324127,0,False
2,g002_p000030_g001_p000037_empty,g001_p000037_empty,g002_e7dda0dd7f5da475_0003,1,26.0,11.0,36.0,6.489985389634967e-05,0.016366921365261078,0.00014097802340984344,0.0001504812389612198,0,False
2,g002_p000036_g001_p000040_empty,g001_p000040_empty,g002_473c19c775fddefb_0004,0,42.0,42.0,38.0,7.275344978552312e-05,0.016300301998853683,7.435865700244904e-05,8.386187255382538e-05,0,False
2,g002_p000042_g001_p000040_empty,g001_p000040_empty,g002_473c19c775fddefb_0004,1,26.0,11.0,36.0,6.44840401946567e-05,0.01629367284476757,6.772950291633606e-05,7.72327184677124e-05,0,False
2,g002_p000048_g001_p000054_empty,g001_p000054_empty,g002_2a81f21a560ec974_0005,0,42.0,42.0,38.0,7.275344978552312e-05,0.016417115926742554,0.00019117258489131927,0.00020067580044269562,0,False
2,g002_p000054_g001_p000054_empty,g001_p000054_empty,g002_2a81f21a560ec974_0005,1,26.0,11.0,36.0,6.489985389634967e-05,0.01648910716176033,0.00026316381990909576,0.0002726670354604721,0,False
2,g002_p000060_g001_p000068_empty,g001_p000068_empty,g002_c8a1e93d494adebd_0006,0,42.0,42.0,38.0,7.275344978552312e-05,0.016339274123311043,0.00011333078145980835,0.0001228339970111847,0,False
2,g002_p000066_g001_p000068_empty,g001_p000068_empty,g002_c8a1e93d494adebd_0006,1,26.0,11.0,36.0,6.44840401946567e-05,0.01637578383088112,0.00014984048902988434,0.00015934370458126068,0,False
2,g002_p000072_g001_p000094_empty,g001_p000094_empty,g002_84b0bb350779dea0_0007,0,42.0,42.0,38.0,7.275344978552312e-05,0.01639745756983757,0.00016306526958942413,0.0001810174435377121,0,False
2,g002_p000078_g001_p000094_empty,g001_p000094_empty,g002_84b0bb350779dea0_0007,1,26.0,11.0,36.0,6.44840401946567e-05,0.01637529954314232,0.00014090724289417267,0.00015885941684246063,0,False
2,g002_p000084_g001_p000067_empty,g001_p000067_empty,g002_2553e68e0ccbd041_0008,0,42.0,42.0,38.0,7.275344978552312e-05,0.01644270494580269,0.00020426325500011444,0.0002262648195028305,0,False
2,g002_p000090_g001_p000067_empty,g001_p000067_empty,g002_2553e68e0ccbd041_0008,1,26.0,11.0,36.0,6.44840401946567e-05,0.01641192100942135,0.00017347931861877441,0.00019548088312149048,0,False
3,g003_p000000_g002_p000001_g001_p000081_empty,g002_p000001_g001_p000081_empty,g003_56b941fb188fcdcc_0009,0,42.0,42.0,38.0,7.275344978552312e-05,0.0163037721067667,8.733198046684265e-05,8.733198046684265e-05,0,False
3,g003_p000001_g002_p000001_g001_p000081_empty,g002_p000001_g001_p000081_empty,g003_56b941fb188fcdcc_0009,1,26.0,11.0,36.0,6.44840401946567e-05,0.01647975854575634,0.00026331841945648193,0.00026331841945648193,0,False
3,g003_p000002_g002_p000001_g001_p000081_empty,g002_p000001_g001_p000081_empty,g003_56b941fb188fcdcc_0009,2,26.0,9.0,36.0,6.448401109082624e-05,0.016258148476481438,4.170835018157959e-05,4.170835018157959e-05,0,False
3,g003_p000003_g002_p000001_g001_p000081_empty,g002_p000001_g001_p000081_empty,g003_56b941fb188fcdcc_0009,3,12.0,41.0,21.0,5.496812082128599e-05,0.01633260026574135,0.00011616013944149017,0.00011616013944149017,0,False
3,g003_p000004_g002_p000001_g001_p000081_empty,g002_p000001_g001_p000081_empty,g003_56b941fb188fcdcc_0009,4,12.0,43.0,21.0,5.496812082128599e-05,0.016225943341851234,9.503215551376343e-06,9.503215551376343e-06,0,False
3,g003_p000005_g002_p000001_g001_p000081_empty,g002_p000001_g001_p000081_empty,g003_56b941fb188fcdcc_0009,5,27.0,10.0,36.0,5.410551239037886e-05,0.016375338658690453,0.00015889853239059448,0.00015889853239059448,0,False
3,g003_p000006_g002_p000001_g001_p000081_empty,g002_p000001_g001_p000081_empty,g003_56b941fb188fcdcc_0009,6,25.0,10.0,36.0,5.4105508752400056e-05,0.01643272116780281,0.00021628104150295258,0.00021628104150295258,0,False
3,g003_p000007_g002_p000001_g001_p000081_empty,g002_p000001_g001_p000081_empty,g003_56b941fb188fcdcc_0009,7,42.0,42.0,36.0,5.062896161689423e-05,0.016444219276309013,0.00022777915000915527,0.00022777915000915527,0,False
3,g003_p000008_g002_p000001_g001_p000081_empty,g002_p000001_g001_p000081_empty,g003_56b941fb188fcdcc_0009,8,42.0,42.0,37.0,4.993812763132155e-05,0.016444219276309013,0.00022777915000915527,0.00022777915000915527,0,False
3,g003_p000009_g002_p000001_g001_p000081_empty,g002_p000001_g001_p000081_empty,g003_56b941fb188fcdcc_0009,9,41.0,42.0,38.0,4.909671770292334e-05,0.016290754079818726,7.431395351886749e-05,7.431395351886749e-05,0,False
3,g003_p000010_g002_p000001_g001_p000081_empty,g002_p000001_g001_p000081_empty,g003_56b941fb188fcdcc_0009,10,42.0,41.0,38.0,4.909671042696573e-05,0.016314584761857986,9.814463555812836e-05,9.814463555812836e-05,0,False
3,g003_p000011_g002_p000001_g001_p000081_empty,g002_p000001_g001_p000081_empty,g003_56b941fb188fcdcc_0009,11,42.0,43.0,38.0,4.909669951302931e-05,0.01629084348678589,7.440336048603058e-05,7.440336048603058e-05,0,False
3,g003_p000012_g002_p000007_g001_p000081_empty,g002_p000007_g001_p000081_empty,g003_56b941fb188fcdcc_0009,12,43.0,42.0,38.0,4.909669223707169e-05,0.016346564516425133,0.00013012439012527466,0.00013012439012527466,0,False
3,g003_p000013_g002_p000007_g001_p000081_empty,g002_p000007_g001_p000081_empty,g003_56b941fb188fcdcc_0009,13,27.0,11.0,36.0,4.901247666566633e-05,0.016392918303608894,0.00017647817730903625,0.00017647817730903625,0,False
3,g003_p000014_g002_p000007_g001_p000081_empty,g002_p000007_g001_p000081_empty,g003_56b941fb188fcdcc_0009,14,25.0,9.0,36.0,4.90124621137511e-05,0.016364216804504395,0.00014777667820453644,0.00014777667820453644,0,False
3,g003_p000015_g002_p000007_g001_p000081_empty,g002_p000007_g001_p000081_empty,g003_56b941fb188fcdcc_0009,15,25.0,10.0,37.0,4.810038080904633e-05,0.016225943341851234,9.503215551376343e-06,9.503215551376343e-06,0,False
3,g003_p000016_g002_p000007_g001_p000081_empty,g002_p000007_g001_p000081_empty,g003_56b941fb188fcdcc_0009,16,27.0,10.0,37.0,4.8100333515321836e-05,0.016366492956876755,0.00015005283057689667,0.00015005283057689667,0,False
3,g003_p000017_g002_p000007_g001_p000081_empty,g002_p000007_g001_p000081_empty,g003_56b941fb188fcdcc_0009,17,11.0,42.0,20.0,4.7555378841934726e-05,0.016379686072468758,0.00016324594616889954,0.00016324594616889954,0,False
3,g003_p000018_g002_p000007_g001_p000081_empty,g002_p000007_g001_p000081_empty,g003_56b941fb188fcdcc_0009,18,13.0,42.0,20.0,4.7555353376083076e-05,0.01650911755859852,0.0002926774322986603,0.0002926774322986603,0,False
3,g003_p000019_g002_p000007_g001_p000081_empty,g002_p000007_g001_p000081_empty,g003_56b941fb188fcdcc_0009,19,12.0,42.0,18.0,4.752112363348715e-05,0.016390344128012657,0.00017390400171279907,0.00017390400171279907,0,False
3,g003_p000020_g002_p000007_g001_p000081_empty,g002_p000007_g001_p000081_empty,g003_56b941fb188fcdcc_0009,20,25.0,11.0,37.0,4.713215457741171e-05,0.016471536830067635,0.0002550967037677765,0.0002550967037677765,0,False
3,g003_p000021_g002_p000007_g001_p000081_empty,g002_p000007_g001_p000081_empty,g003_56b941fb188fcdcc_0009,21,27.0,9.0,37.0,4.7132110921666026e-05,0.016375552862882614,0.00015911273658275604,0.00015911273658275604,0,False
3,g003_p000022_g002_p000007_g001_p000081_empty,g002_p000007_g001_p000081_empty,g003_56b941fb188fcdcc_0009,22,41.0,43.0,38.0,4.58423892268911e-05,0.016316048800945282,9.960867464542389e-05,9.960867464542389e-05,0,False
3,g003_p000023_g002_p000007_g001_p000081_empty,g002_p000007_g001_p000081_empty,g003_56b941fb188fcdcc_0009,23,43.0,41.0,38.0,4.5842381950933486e-05,0.0163725633174181,0.00015612319111824036,0.00015612319111824036,0,False
3,g003_p000024_g002_p000013_g001_p000031_empty,g002_p000013_g001_p000031_empty,g003_56b941fb188fcdcc_0009,24,26.0,11.0,37.0,4.5596458221552894e-05,0.016403764486312866,0.00018732436001300812,0.00018732436001300812,0,False
3,g003_p000025_g002_p000013_g001_p000031_empty,g002_p000013_g001_p000031_empty,g003_56b941fb188fcdcc_0009,25,26.0,9.0,37.0,4.5596454583574086e-05,0.016345884650945663,0.00012944452464580536,0.00012944452464580536,0,False
3,g003_p000026_g002_p000013_g001_p000031_empty,g002_p000013_g001_p000031_empty,g003_56b941fb188fcdcc_0009,26,11.0,41.0,21.0,4.55718363809865e-05,0.016246259212493896,2.981908619403839e-05,2.981908619403839e-05,0,False
3,g003_p000027_g002_p000013_g001_p000031_empty,g002_p000013_g001_p000031_empty,g003_56b941fb188fcdcc_0009,27,13.0,43.0,21.0,4.5571800001198426e-05,0.016444146633148193,0.00022770650684833527,0.00022770650684833527,0,False
3,g003_p000028_g002_p000013_g001_p000031_empty,g002_p000013_g001_p000031_empty,g003_56b941fb188fcdcc_0009,28,41.0,41.0,38.0,4.520791844697669e-05,0.016290755942463875,7.431581616401672e-05,7.431581616401672e-05,0,False
3,g003_p000029_g002_p000013_g001_p000031_empty,g002_p000013_g001_p000031_empty,g003_56b941fb188fcdcc_0009,29,43.0,43.0,38.0,4.520791117101908e-05,0.016425345093011856,0.00020890496671199799,0.00020890496671199799,0,False
3,g003_p000030_g002_p000013_g001_p000031_empty,g002_p000013_g001_p000031_empty,g003_56b941fb188fcdcc_0009,30,12.0,42.0,20.0,4.48539067292586e-05,0.016308646649122238,9.220652282238007e-05,9.220652282238007e-05,0,False
3,g003_p000031_g002_p000013_g001_p000031_empty,g002_p000013_g001_p000031_empty,g003_56b941fb188fcdcc_0009,31,9.0,10.0,16.0,4.4673430238617584e-05,0.016484109684824944,0.00026766955852508545,0.00026766955852508545,0,False
3,g003_p000032_g002_p000013_g001_p000031_empty,g002_p000013_g001_p000031_empty,g003_56b941fb188fcdcc_0009,32,11.0,10.0,16.0,4.4673404772765934e-05,0.016417965292930603,0.00020152516663074493,0.00020152516663074493,0,False
3,g003_p000033_g002_p000013_g001_p000031_empty,g002_p000013_g001_p000031_empty,g003_56b941fb188fcdcc_0009,33,11.0,43.0,21.0,4.34571884397883e-05,0.016444146633148193,0.00022770650684833527,0.00022770650684833527,0,False
3,g003_p000034_g002_p000013_g001_p000031_empty,g002_p000013_g001_p000031_empty,g003_56b941fb188fcdcc_0009,34,13.0,41.0,21.0,4.345716297393665e-05,0.016307735815644264,9.129568934440613e-05,9.129568934440613e-05,0,False
3,g003_p000035_g002_p000013_g001_p000031_empty,g002_p000013_g001_p000031_empty,g003_56b941fb188fcdcc_0009,35,11.0,42.0,21.0,4.268612610758282e-05,0.0164010189473629,0.0001845788210630417,0.0001845788210630417,0,False
3,g003_p000036_g002_p000019_g001_p000031_empty,g002_p000019_g001_p000031_empty,g003_56b941fb188fcdcc_0009,36,13.0,42.0,21.0,4.2686071537900716e-05,0.01626654900610447,5.0108879804611206e-05,5.0108879804611206e-05,0,False
3,g003_p000037_g002_p000019_g001_p000031_empty,g002_p000019_g001_p000031_empty,g003_56b941fb188fcdcc_0009,37,26.0,12.0,37.0,4.2632382246665657e-05,0.01631336100399494,9.692087769508362e-05,9.692087769508362e-05,0,False
3,g003_p000038_g002_p000019_g001_p000031_empty,g002_p000019_g001_p000031_empty,g003_56b941fb188fcdcc_0009,38,26.0,8.0,37.0,4.263237497070804e-05,0.01631336100399494,9.692087769508362e-05,9.692087769508362e-05,0,False
3,g003_p000039_g002_p000019_g001_p000031_empty,g002_p000019_g001_p000031_empty,g003_56b941fb188fcdcc_0009,39,10.0,42.0,21.0,4.235047526890412e-05,0.01635744608938694,0.0001410059630870819,0.0001410059630870819,0,False
3,g003_p000040_g002_p000019_g001_p000031_empty,g002_p000019_g001_p000031_empty,g003_56b941fb188fcdcc_0009,40,14.0,42.0,21.0,4.2350442527094856e-05,0.01629425212740898,7.781200110912323e-05,7.781200110912323e-05,0,False
3,g003_p000041_g002_p000019_g001_p000031_empty,g002_p000019_g001_p000031_empty,g003_56b941fb188fcdcc_0009,41,12.0,42.0,19.0,4.142757461522706e-05,0.01637946255505085,0.00016302242875099182,0.00016302242875099182,0,False
3,g003_p000042_g002_p000019_g001_p000031_empty,g002_p000019_g001_p000031_empty,g003_56b941fb188fcdcc_0009,42,8.0,10.0,16.0,4.118134893360548e-05,0.016362931579351425,0.00014649145305156708,0.00014649145305156708,0,False
3,g003_p000043_g002_p000019_g001_p000031_empty,g002_p000019_g001_p000031_empty,g003_56b941fb188fcdcc_0009,43,12.0,10.0,16.0,4.1181327105732635e-05,0.016359752044081688,0.00014331191778182983,0.00014331191778182983,0,False
3,g003_p000044_g002_p000019_g001_p000031_empty,g002_p000019_g001_p000031_empty,g003_56b941fb188fcdcc_0009,44,25.0,11.0,36.0,4.021132190246135e-05,0.016382602974772453,0.00016616284847259521,0.00016616284847259521,0,False
3,g003_p000045_g002_p000019_g001_p000031_empty,g002_p000019_g001_p000031_empty,g003_56b941fb188fcdcc_0009,45,27.0,9.0,36.0,4.0211314626503736e-05,0.016416508704423904,0.00020006857812404633,0.00020006857812404633,0,False
3,g003_p000046_g002_p000019_g001_p000031_empty,g002_p000019_g001_p000031_empty,g003_56b941fb188fcdcc_0009,46,41.0,43.0,39.0,4.011179044027813e-05,0.016388438642024994,0.0001719985157251358,0.0001719985157251358,0,False
3,g003_p000047_g002_p000019_g001_p000031_empty,g002_p000019_g001_p000031_empty,g003_56b941fb188fcdcc_0009,47,43.0,41.0,39.0,4.011175406049006e-05,0.01636967808008194,0.0001532379537820816,0.0001532379537820816,0,False
3,g003_p000048_g002_p000025_g001_p000037_empty,g002_p000025_g001_p000037_empty,g003_56b941fb188fcdcc_0009,48,10.0,9.0,16.0,3.852872032439336e-05,0.016257284209132195,4.0844082832336426e-05,4.0844082832336426e-05,0,False
3,g003_p000049_g002_p000025_g001_p000037_empty,g002_p000025_g001_p000037_empty,g003_56b941fb188fcdcc_0009,49,10.0,11.0,16.0,3.852871304843575e-05,0.0163920596241951,0.00017561949789524078,0.00017561949789524078,0,False
3,g003_p000050_g002_p000025_g001_p000037_empty,g002_p000025_g001_p000037_empty,g003_56b941fb188fcdcc_0009,50,24.0,10.0,37.0,3.793171708821319e-05,0.016406385228037834,0.00018994510173797607,0.00018994510173797607,0,False
3,g003_p000051_g002_p000025_g001_p000037_empty,g002_p000025_g001_p000037_empty,g003_56b941fb188fcdcc_0009,51,28.0,10.0,37.0,3.793166615650989e-05,0.016482088714838028,0.00026564858853816986,0.00026564858853816986,0,False
3,g003_p000052_g002_p000025_g001_p000037_empty,g002_p000025_g001_p000037_empty,g003_56b941fb188fcdcc_0009,52,41.0,41.0,39.0,3.7605375837301835e-05,0.01646217703819275,0.00024573691189289093,0.00024573691189289093,0,False
3,g003_p000053_g002_p000025_g001_p000037_empty,g002_p000025_g001_p000037_empty,g003_56b941fb188fcdcc_0009,53,43.0,43.0,39.0,3.760532126761973e-05,0.016317572444677353,0.00010113231837749481,0.00010113231837749481,0,False
3,g003_p000054_g002_p000025_g001_p000037_empty,g002_p000025_g001_p000037_empty,g003_56b941fb188fcdcc_0009,54,25.0,9.0,37.0,3.693367398227565e-05,0.016356049105525017,0.0001396089792251587,0.0001396089792251587,0,False
3,g003_p000055_g002_p000025_g001_p000037_empty,g002_p000025_g001_p000037_empty,g003_56b941fb188fcdcc_0009,55,27.0,11.0,37.0,3.693363396450877e-05,0.016225943341851234,9.503215551376343e-06,9.503215551376343e-06,0,False
3,g003_p000056_g002_p000025_g001_p000037_empty,g002_p000025_g001_p000037_empty,g003_56b941fb188fcdcc_0009,56,40.0,42.0,39.0,3.66709973604884e-05,0.016329718753695488,0.00011327862739562988,0.00011327862739562988,0,False
3,g003_p000057_g002_p000025_g001_p000037_empty,g002_p000025_g001_p000037_empty,g003_56b941fb188fcdcc_0009,57,44.0,42.0,39.0,3.6670942790806293e-05,0.01634727418422699,0.00013083405792713165,0.00013083405792713165,0,False
3,g003_p000058_g002_p000025_g001_p000037_empty,g002_p000025_g001_p000037_empty,g003_56b941fb188fcdcc_0009,58,26.0,12.0,36.0,3.663108145701699e-05,0.01638406328856945,0.00016762316226959229,0.00016762316226959229,0,False
3,g003_p000059_g002_p000025_g001_p000037_empty,g002_p000025_g001_p000037_empty,g003_56b941fb188fcdcc_0009,59,26.0,8.0,36.0,3.6631074181059375e-05,0.01635030470788479,0.00013386458158493042,0.00013386458158493042,0,False
3,g003_p000060_g002_p000031_g001_p000037_empty,g002_p000031_g001_p000037_empty,g003_56b941fb188fcdcc_0009,60,9.0,11.0,16.0,3.6452634958550334e-05,0.0162891186773777,7.267855107784271e-05,7.267855107784271e-05,0,False
3,g003_p000061_g002_p000031_g001_p000037_empty,g002_p000031_g001_p000037_empty,g003_56b941fb188fcdcc_0009,61,11.0,9.0,16.0,3.645262404461391e-05,0.016317512840032578,0.00010107271373271942,0.00010107271373271942,0,False
3,g003_p000062_g002_p000031_g001_p000037_empty,g002_p000031_g001_p000037_empty,g003_56b941fb188fcdcc_0009,62,43.0,42.0,37.0,3.5867386031895876e-05,0.016314448788762093,9.80086624622345e-05,9.80086624622345e-05,0,False
3,g003_p000063_g002_p000031_g001_p000037_empty,g002_p000031_g001_p000037_empty,g003_56b941fb188fcdcc_0009,63,42.0,43.0,37.0,3.5867375117959455e-05,0.016408778727054596,0.00019233860075473785,0.00019233860075473785,0,False
3,g003_p000064_g002_p000031_g001_p000037_empty,g002_p000031_g001_p000037_empty,g003_56b941fb188fcdcc_0009,64,41.0,42.0,37.0,3.586737147998065e-05,0.01637762039899826,0.0001611802726984024,0.0001611802726984024,0,False
3,g003_p000065_g002_p000031_g001_p000037_empty,g002_p000031_g001_p000037_empty,g003_56b941fb188fcdcc_0009,65,42.0,41.0,37.0,3.586737147998065e-05,0.016314450651407242,9.801052510738373e-05,9.801052510738373e-05,0,False
3,g003_p000066_g002_p000031_g001_p000037_empty,g002_p000031_g001_p000037_empty,g003_56b941fb188fcdcc_0009,66,10.0,43.0,21.0,3.554262002580799e-05,0.016300920397043228,8.448027074337006e-05,8.448027074337006e-05,0,False
3,g003_p000067_g002_p000031_g001_p000037_empty,g002_p000031_g001_p000037_empty,g003_56b941fb188fcdcc_0009,67,14.0,41.0,21.0,3.554259455995634e-05,0.016300920397043228,8.448027074337006e-05,8.448027074337006e-05,0,False
3,g003_p000068_g002_p000031_g001_p000037_empty,g002_p000031_g001_p000037_empty,g003_56b941fb188fcdcc_0009,68,10.0,41.0,21.0,3.5536173527361825e-05,0.016301332041621208,8.48919153213501e-05,8.48919153213501e-05,0,False
3,g003_p000069_g002_p000031_g001_p000037_empty,g002_p000031_g001_p000037_empty,g003_56b941fb188fcdcc_0009,69,14.0,43.0,21.0,3.5536148061510175e-05,0.016388047486543655,0.0001716073602437973,0.0001716073602437973,0,False
3,g003_p000070_g002_p000031_g001_p000037_empty,g002_p000031_g001_p000037_empty,g003_56b941fb188fcdcc_0009,70,11.0,41.0,20.0,3.479726365185343e-05,0.016225386410951614,8.946284651756287e-06,8.946284651756287e-06,0,False
3,g003_p000071_g002_p000031_g001_p000037_empty,g002_p000031_g001_p000037_empty,g003_56b941fb188fcdcc_0009,71,13.0,43.0,20.0,3.47972490999382e-05,0.01636882871389389,0.0001523885875940323,0.0001523885875940323,0,False
3,g003_p000072_g002_p000037_g001_p000040_empty,g002_p000037_g001_p000040_empty,g003_56b941fb188fcdcc_0009,72,12.0,40.0,21.0,3.4755597880575806e-05,0.016282353550195694,6.591342389583588e-05,6.591342389583588e-05,0,False
3,g003_p000073_g002_p000037_g001_p000040_empty,g002_p000037_g001_p000040_empty,g003_56b941fb188fcdcc_0009,73,12.0,44.0,21.0,3.4755594242597e-05,0.016336452215909958,0.00012001208961009979,0.00012001208961009979,0,False
3,g003_p000074_g002_p000037_g001_p000040_empty,g002_p000037_g001_p000040_empty,g003_56b941fb188fcdcc_0009,74,9.0,9.0,16.0,3.452130113146268e-05,0.016412215307354927,0.00019577518105506897,0.00019577518105506897,0,False
3,g003_p000075_g002_p000037_g001_p000040_empty,g002_p000037_g001_p000040_empty,g003_56b941fb188fcdcc_0009,75,11.0,11.0,16.0,3.452129021752626e-05,0.0164211243391037,0.00020468421280384064,0.00020468421280384064,0,False
3,g003_p000076_g002_p000037_g001_p000040_empty,g002_p000037_g001_p000040_empty,g003_56b941fb188fcdcc_0009,76,26.0,11.0,35.0,3.375751111889258e-05,0.016397280618548393,0.00018084049224853516,0.00018084049224853516,0,False
3,g003_p000077_g002_p000037_g001_p000040_empty,g002_p000037_g001_p000040_empty,g003_56b941fb188fcdcc_0009,77,26.0,9.0,35.0,3.375750748091377e-05,0.01627037115395069,5.393102765083313e-05,5.393102765083313e-05,0,False
3,g003_p000078_g002_p000037_g001_p000040_empty,g002_p000037_g001_p000040_empty,g003_56b941fb188fcdcc_0009,78,24.0,8.0,36.0,3.368788384250365e-05,0.0164498221129179,0.000233381986618042,0.000233381986618042,0,False
3,g003_p000079_g002_p000037_g001_p000040_empty,g002_p000037_g001_p000040_empty,g003_56b941fb188fcdcc_0009,79,28.0,12.0,36.0,3.368788384250365e-05,0.016505790874361992,0.0002893507480621338,0.0002893507480621338,0,False
3,g003_p000080_g002_p000037_g001_p000040_empty,g002_p000037_g001_p000040_empty,g003_56b941fb188fcdcc_0009,80,25.0,12.0,37.0,3.2558127713855356e-05,0.01641874760389328,0.00020230747759342194,0.00020230747759342194,0,False
3,g003_p000081_g002_p000037_g001_p000040_empty,g002_p000037_g001_p000040_empty,g003_56b941fb188fcdcc_0009,81,27.0,8.0,37.0,3.255811316194013e-05,0.01624041609466076,2.397596836090088e-05,2.397596836090088e-05,0,False
3,g003_p000082_g002_p000037_g001_p000040_empty,g002_p000037_g001_p000040_empty,g003_56b941fb188fcdcc_0009,82,24.0,9.0,36.0,3.252353417337872e-05,0.016355784609913826,0.0001393444836139679,0.0001393444836139679,0,False
3,g003_p000083_g002_p000037_g001_p000040_empty,g002_p000037_g001_p000040_empty,g003_56b941fb188fcdcc_0009,83,28.0,11.0,36.0,3.252352689742111e-05,0.016419386491179466,0.00020294636487960815,0.00020294636487960815,0,False
3,g003_p000084_g002_p000043_g001_p000040_empty,g002_p000043_g001_p000040_empty,g003_56b941fb188fcdcc_0009,84,11.0,40.0,21.0,3.2470939913764596e-05,0.01643071509897709,0.00021427497267723083,0.00021427497267723083,0,False
3,g003_p000085_g002_p000043_g001_p000040_empty,g002_p000043_g001_p000040_empty,g003_56b941fb188fcdcc_0009,85,13.0,44.0,21.0,3.247092536184937e-05,0.016225943341851234,9.503215551376343e-06,9.503215551376343e-06,0,False
3,g003_p000086_g002_p000043_g001_p000040_empty,g002_p000043_g001_p000040_empty,g003_56b941fb188fcdcc_0009,86,42.0,40.0,39.0,3.242555612814613e-05,0.016273828223347664,5.7388097047805786e-05,5.7388097047805786e-05,0,False
3,g003_p000087_g002_p000043_g001_p000040_empty,g002_p000043_g001_p000040_empty,g003_56b941fb188fcdcc_0009,87,42.0,44.0,39.0,3.242554885218851e-05,0.016344310715794563,0.0001278705894947052,0.0001278705894947052,0,False
3,g003_p000088_g002_p000043_g001_p000040_empty,g002_p000043_g001_p000040_empty,g003_56b941fb188fcdcc_0009,88,11.0,43.0,20.0,3.237036435166374e-05,0.01635603979229927,0.00013959966599941254,0.00013959966599941254,0,False
3,g003_p000089_g002_p000043_g001_p000040_empty,g002_p000043_g001_p000040_empty,g003_56b941fb188fcdcc_0009,89,13.0,41.0,20.0,3.2370357075706124e-05,0.016314584761857986,9.814463555812836e-05,9.814463555812836e-05,0,False
3,g003_p000090_g002_p000043_g001_p000040_empty,g002_p000043_g001_p000040_empty,g003_56b941fb188fcdcc_0009,90,41.0,42.0,39.0,3.231774098821916e-05,0.01641092449426651,0.00019448436796665192,0.00019448436796665192,0,False
3,g003_p000091_g002_p000043_g001_p000040_empty,g002_p000043_g001_p000040_empty,g003_56b941fb188fcdcc_0009,91,42.0,41.0,39.0,3.231772643630393e-05,0.016362274065613747,0.00014583393931388855,0.00014583393931388855,0,False
3,g003_p000092_g002_p000043_g001_p000040_empty,g002_p000043_g001_p000040_empty,g003_56b941fb188fcdcc_0009,92,42.0,43.0,39.0,3.2317719160346314e-05,0.016388291493058205,0.00017185136675834656,0.00017185136675834656,0,False
3,g003_p000093_g002_p000043_g001_p000040_empty,g002_p000043_g001_p000040_empty,g003_56b941fb188fcdcc_0009,93,43.0,42.0,39.0,3.2317679142579436e-05,0.01636127196252346,0.0001448318362236023,0.0001448318362236023,0,False
3,g003_p000094_g002_p000043_g001_p000040_empty,g002_p000043_g001_p000040_empty,g003_56b941fb188fcdcc_0009,94,11.0,43.0,18.0,3.218443089281209e-05,0.016299724578857422,8.328445255756378e-05,8.328445255756378e-05,0,False
3,g003_p000095_g002_p000043_g001_p000040_empty,g002_p000043_g001_p000040_empty,g003_56b941fb188fcdcc_0009,95,13.0,41.0,18.0,3.218442725483328e-05,0.01649416983127594,0.00027772970497608185,0.00027772970497608185,0,False
4,g004_p000000_g003_p000070_g002_p000031_g001_p000037_empty,g003_p000070_g002_p000031_g001_p000037_empty,g004_cf5d2aa0cd51f02b_0010,0,42.0,42.0,38.0,7.275344978552312e-05,0.016377689316868782,0.00015230290591716766,0.00016124919056892395,0,False
4,g004_p000006_g003_p000070_g002_p000031_g001_p000037_empty,g003_p000070_g002_p000031_g001_p000037_empty,g004_cf5d2aa0cd51f02b_0010,1,26.0,11.0,36.0,6.44840401946567e-05,0.01635603979229927,0.00013065338134765625,0.00013959966599941254,0,False
4,g004_p000012_g003_p000004_g002_p000001_g001_p000081_empty,g003_p000004_g002_p000001_g001_p000081_empty,g004_f250734d1280d2da_0011,0,42.0,42.0,38.0,7.275344978552312e-05,0.016324028372764587,9.808503091335297e-05,0.00010758824646472931,0,False
4,g004_p000018_g003_p000004_g002_p000001_g001_p000081_empty,g003_p000004_g002_p000001_g001_p000081_empty,g004_f250734d1280d2da_0011,1,26.0,11.0,36.0,6.44840401946567e-05,0.016234882175922394,8.938834071159363e-06,1.8442049622535706e-05,0,False
4,g004_p000024_g003_p000015_g002_p000007_g001_p000081_empty,g003_p000015_g002_p000007_g001_p000081_empty,g004_2e972de609cb2667_0012,0,42.0,42.0,38.0,7.275344978552312e-05,0.01639118790626526,0.00016524456441402435,0.0001747477799654007,0,False
4,g004_p000030_g003_p000015_g002_p000007_g001_p000081_empty,g003_p000015_g002_p000007_g001_p000081_empty,g004_2e972de609cb2667_0012,1,26.0,11.0,36.0,6.489985389634967e-05,0.016267580911517143,4.1637569665908813e-05,5.1140785217285156e-05,0,False
4,g004_p000036_g003_p000055_g002_p000025_g001_p000037_empty,g003_p000055_g002_p000025_g001_p000037_empty,g004_f25412f99fc47b80_0013,0,42.0,42.0,38.0,7.275344978552312e-05,0.016318095847964287,9.215250611305237e-05,0.00010165572166442871,0,False
4,g004_p000042_g003_p000055_g002_p000025_g001_p000037_empty,g003_p000055_g002_p000025_g001_p000037_empty,g004_f25412f99fc47b80_0013,1,26.0,11.0,36.0,6.489985389634967e-05,0.01631975546479225,9.381212294101715e-05,0.0001033153384923935,0,False
4,g004_p000048_g003_p000085_g002_p000043_g001_p000040_empty,g003_p000085_g002_p000043_g001_p000040_empty,g004_3f5bfea030b37d08_0014,0,42.0,42.0,38.0,7.275344978552312e-05,0.016391189768910408,0.00016524642705917358,0.00017474964261054993,0,False
4,g004_p000054_g003_p000085_g002_p000043_g001_p000040_empty,g003_p000085_g002_p000043_g001_p000040_empty,g004_3f5bfea030b37d08_0014,1,26.0,11.0,36.0,6.44840401946567e-05,0.016234882175922394,8.938834071159363e-06,1.8442049622535706e-05,0,False
4,g004_p000060_g003_p000081_g002_p000037_g001_p000040_empty,g003_p000081_g002_p000037_g001_p000040_empty,g004_5400bad103be2c08_0015,0,42.0,42.0,38.0,7.275344978552312e-05,0.016415202990174294,0.00017478689551353455,0.00019876286387443542,0,False
4,g004_p000066_g003_p000081_g002_p000037_g001_p000040_empty,g003_p000081_g002_p000037_g001_p000040_empty,g004_5400bad103be2c08_0015,1,26.0,11.0,36.0,6.62889433442615e-05,0.01624934747815132,8.931383490562439e-06,3.290735185146332e-05,0,False
4,g004_p000072_g003_p000026_g002_p000013_g001_p000031_empty,g003_p000026_g002_p000013_g001_p000031_empty,g004_6249af2c858bf11e_0016,0,42.0,42.0,38.0,7.275344978552312e-05,0.0163442213088274,9.796209633350372e-05,0.00012778118252754211,0,False
4,g004_p000078_g003_p000026_g002_p000013_g001_p000031_empty,g003_p000026_g002_p000013_g001_p000031_empty,g004_6249af2c858bf11e_0016,1,26.0,11.0,36.0,6.44840401946567e-05,0.01625518687069416,8.927658200263977e-06,3.874674439430237e-05,0,False
4,g004_p000084_g003_p000048_g002_p000025_g001_p000037_empty,g003_p000048_g002_p000025_g001_p000037_empty,g004_938e0330966b408f_0017,0,42.0,42.0,38.0,7.275344978552312e-05,0.016420122236013412,0.00016283802688121796,0.00020368210971355438,0,False
4,g004_p000090_g003_p000048_g002_p000025_g001_p000037_empty,g003_p000048_g002_p000025_g001_p000037_empty,g004_938e0330966b408f_0017,1,26.0,11.0,36.0,6.44840401946567e-05,0.01636575348675251,0.00010846927762031555,0.00014931336045265198,0,False
5,g005_p000000_g004_p000001_g003_p000070_g002_p000031_g001_p000037_empty,g004_p000001_g003_p000070_g002_p000031_g001_p000037_empty,g005_55e86d3464ac5a22_0018,0,42.0,42.0,38.0,7.275344978552312e-05,0.016264626756310463,4.818663001060486e-05,4.818663001060486e-05,0,False
5,g005_p000001_g004_p000001_g003_p000070_g002_p000031_g001_p000037_empty,g004_p000001_g003_p000070_g002_p000031_g001_p000037_empty,g005_55e86d3464ac5a22_0018,1,26.0,11.0,36.0,6.44840401946567e-05,0.016413595527410507,0.0001971554011106491,0.0001971554011106491,0,False
5,g005_p000002_g004_p000001_g003_p000070_g002_p000031_g001_p000037_empty,g004_p000001_g003_p000070_g002_p000031_g001_p000037_empty,g005_55e86d3464ac5a22_0018,2,26.0,9.0,36.0,6.448401109082624e-05,0.01647975854575634,0.00026331841945648193,0.00026331841945648193,0,False
5,g005_p000003_g004_p000001_g003_p000070_g002_p000031_g001_p000037_empty,g004_p000001_g003_p000070_g002_p000031_g001_p000037_empty,g005_55e86d3464ac5a22_0018,3,12.0,41.0,21.0,5.496812082128599e-05,0.016326628625392914,0.00011018849909305573,0.00011018849909305573,0,False
5,g005_p000004_g004_p000001_g003_p000070_g002_p000031_g001_p000037_empty,g004_p000001_g003_p000070_g002_p000031_g001_p000037_empty,g005_55e86d3464ac5a22_0018,4,12.0,43.0,21.0,5.496812082128599e-05,0.01626654900610447,5.0108879804611206e-05,5.0108879804611206e-05,0,False
5,g005_p000005_g004_p000001_g003_p000070_g002_p000031_g001_p000037_empty,g004_p000001_g003_p000070_g002_p000031_g001_p000037_empty,g005_55e86d3464ac5a22_0018,5,27.0,10.0,36.0,5.410551239037886e-05,0.01633419096469879,0.00011775083839893341,0.00011775083839893341,0,False
5,g005_p000006_g004_p000001_g003_p000070_g002_p000031_g001_p000037_empty,g004_p000001_g003_p000070_g002_p000031_g001_p000037_empty,g005_55e86d3464ac5a22_0018,6,25.0,10.0,36.0,5.4105508752400056e-05,0.016249220818281174,3.278069198131561e-05,3.278069198131561e-05,0,False
5,g005_p000007_g004_p000001_g003_p000070_g002_p000031_g001_p000037_empty,g004_p000001_g003_p000070_g002_p000031_g001_p000037_empty,g005_55e86d3464ac5a22_0018,7,42.0,42.0,36.0,5.062896161689423e-05,0.01637946255505085,0.00016302242875099182,0.00016302242875099182,0,False
5,g005_p000008_g004_p000001_g003_p000070_g002_p000031_g001_p000037_empty,g004_p000001_g003_p000070_g002_p000031_g001_p000037_empty,g005_55e86d3464ac5a22_0018,8,42.0,42.0,37.0,4.993812763132155e-05,0.016312599182128906,9.615905582904816e-05,9.615905582904816e-05,0,False
5,g005_p000009_g004_p000001_g003_p000070_g002_p000031_g001_p000037_empty,g004_p000001_g003_p000070_g002_p000031_g001_p000037_empty,g005_55e86d3464ac5a22_0018,9,41.0,42.0,38.0,4.909671770292334e-05,0.016513463109731674,0.0002970229834318161,0.0002970229834318161,0,False
5,g005_p000010_g004_p000001_g003_p000070_g002_p000031_g001_p000037_empty,g004_p000001_g003_p000070_g002_p000031_g001_p000037_empty,g005_55e86d3464ac5a22_0018,10,42.0,41.0,38.0,4.909671042696573e-05,0.016355862841010094,0.0001394227147102356,0.0001394227147102356,0,False
5,g005_p000011_g004_p000001_g003_p000070_g002_p000031_g001_p000037_empty,g004_p000001_g003_p000070_g002_p000031_g001_p000037_empty,g005_55e86d3464ac5a22_0018,11,42.0,43.0,38.0,4.909669951302931e-05,0.016512013971805573,0.0002955738455057144,0.0002955738455057144,0,False
5,g005_p000012_g004_p000007_g003_p000070_g002_p000031_g001_p000037_empty,g004_p000007_g003_p000070_g002_p000031_g001_p000037_empty,g005_55e86d3464ac5a22_0018,12,43.0,42.0,38.0,4.909669223707169e-05,0.016513461247086525,0.00029702112078666687,0.00029702112078666687,0,False
5,g005_p000013_g004_p000007_g003_p000070_g002_p000031_g001_p000037_empty,g004_p000007_g003_p000070_g002_p000031_g001_p000037_empty,g005_55e86d3464ac5a22_0018,13,27.0,11.0,36.0,4.901247666566633e-05,0.016346564516425133,0.00013012439012527466,0.00013012439012527466,0,False
5,g005_p000014_g004_p000007_g003_p000070_g002_p000031_g001_p000037_empty,g004_p000007_g003_p000070_g002_p000031_g001_p000037_empty,g005_55e86d3464ac5a22_0018,14,25.0,9.0,36.0,4.90124621137511e-05,0.016346564516425133,0.00013012439012527466,0.00013012439012527466,0,False
5,g005_p000015_g004_p000007_g003_p000070_g002_p000031_g001_p000037_empty,g004_p000007_g003_p000070_g002_p000031_g001_p000037_empty,g005_55e86d3464ac5a22_0018,15,25.0,10.0,37.0,4.810038080904633e-05,0.01635219343006611,0.0001357533037662506,0.0001357533037662506,0,False
5,g005_p000016_g004_p000007_g003_p000070_g002_p000031_g001_p000037_empty,g004_p000007_g003_p000070_g002_p000031_g001_p000037_empty,g005_55e86d3464ac5a22_0018,16,27.0,10.0,37.0,4.8100333515321836e-05,0.016370972618460655,0.00015453249216079712,0.00015453249216079712,0,False
5,g005_p000017_g004_p000007_g003_p000070_g002_p000031_g001_p000037_empty,g004_p000007_g003_p000070_g002_p000031_g001_p000037_empty,g005_55e86d3464ac5a22_0018,17,11.0,42.0,20.0,4.7555378841934726e-05,0.01634419523179531,0.00012775510549545288,0.00012775510549545288,0,False
5,g005_p000018_g004_p000007_g003_p000070_g002_p000031_g001_p000037_empty,g004_p000007_g003_p000070_g002_p000031_g001_p000037_empty,g005_55e86d3464ac5a22_0018,18,13.0,42.0,20.0,4.7555353376083076e-05,0.01650911755859852,0.0002926774322986603,0.0002926774322986603,0,False
5,g005_p000019_g004_p000007_g003_p000070_g002_p000031_g001_p000037_empty,g004_p000007_g003_p000070_g002_p000031_g001_p000037_empty,g005_55e86d3464ac5a22_0018,19,12.0,42.0,18.0,4.752112363348715e-05,0.01650872267782688,0.0002922825515270233,0.0002922825515270233,0,False
5,g005_p000020_g004_p000007_g003_p000070_g002_p000031_g001_p000037_empty,g004_p000007_g003_p000070_g002_p000031_g001_p000037_empty,g005_55e86d3464ac5a22_0018,20,25.0,11.0,37.0,4.713215457741171e-05,0.016375552862882614,0.00015911273658275604,0.00015911273658275604,0,False
5,g005_p000021_g004_p000007_g003_p000070_g002_p000031_g001_p000037_empty,g004_p000007_g003_p000070_g002_p000031_g001_p000037_empty,g005_55e86d3464ac5a22_0018,21,27.0,9.0,37.0,4.7132110921666026e-05,0.01644047722220421,0.00022403709590435028,0.00022403709590435028,0,False
5,g005_p000022_g004_p000007_g003_p000070_g002_p000031_g001_p000037_empty,g004_p000007_g003_p000070_g002_p000031_g001_p000037_empty,g005_55e86d3464ac5a22_0018,22,41.0,43.0,38.0,4.58423892268911e-05,0.016439838334918022,0.00022339820861816406,0.00022339820861816406,0,False
5,g005_p000023_g004_p000007_g003_p000070_g002_p000031_g001_p000037_empty,g004_p000007_g003_p000070_g002_p000031_g001_p000037_empty,g005_55e86d3464ac5a22_0018,23,43.0,41.0,38.0,4.5842381950933486e-05,0.016266504302620888,5.006417632102966e-05,5.006417632102966e-05,0,False
5,g005_p000024_g004_p000013_g003_p000004_g002_p000001_g001_p000081_empty,g004_p000013_g003_p000004_g002_p000001_g001_p000081_empty,g005_55e86d3464ac5a22_0018,24,26.0,11.0,37.0,4.5596458221552894e-05,0.016238441690802574,2.2001564502716064e-05,2.2001564502716064e-05,0,False
5,g005_p000025_g004_p000013_g003_p000004_g002_p000001_g001_p000081_empty,g004_p000013_g003_p000004_g002_p000001_g001_p000081_empty,g005_55e86d3464ac5a22_0018,25,26.0,9.0,37.0,4.5596454583574086e-05,0.016225943341851234,9.503215551376343e-06,9.503215551376343e-06,0,False
5,g005_p000026_g004_p000013_g003_p000004_g002_p000001_g001_p000081_empty,g004_p000013_g003_p000004_g002_p000001_g001_p000081_empty,g005_55e86d3464ac5a22_0018,26,11.0,41.0,21.0,4.55718363809865e-05,0.01633184216916561,0.00011540204286575317,0.00011540204286575317,0,False
5,g005_p000027_g004_p000013_g003_p000004_g002_p000001_g001_p000081_empty,g004_p000013_g003_p000004_g002_p000001_g001_p000081_empty,g005_55e86d3464ac5a22_0018,27,13.0,43.0,21.0,4.5571800001198426e-05,0.016388291493058205,0.00017185136675834656,0.00017185136675834656,0,False
5,g005_p000028_g004_p000013_g003_p000004_g002_p000001_g001_p000081_empty,g004_p000013_g003_p000004_g002_p000001_g001_p000081_empty,g005_55e86d3464ac5a22_0018,28,41.0,41.0,38.0,4.520791844697669e-05,0.016225386410951614,8.946284651756287e-06,8.946284651756287e-06,0,False
5,g005_p000029_g004_p000013_g003_p000004_g002_p000001_g001_p000081_empty,g004_p000013_g003_p000004_g002_p000001_g001_p000081_empty,g005_55e86d3464ac5a22_0018,29,43.0,43.0,38.0,4.520791117101908e-05,0.01649145968258381,0.0002750195562839508,0.0002750195562839508,0,False
5,g005_p000030_g004_p000013_g003_p000004_g002_p000001_g001_p000081_empty,g004_p000013_g003_p000004_g002_p000001_g001_p000081_empty,g005_55e86d3464ac5a22_0018,30,12.0,42.0,20.0,4.48539067292586e-05,0.016444528475403786,0.0002280883491039276,0.0002280883491039276,0,False
5,g005_p000031_g004_p000013_g003_p000004_g002_p000001_g001_p000081_empty,g004_p000013_g003_p000004_g002_p000001_g001_p000081_empty,g005_55e86d3464ac5a22_0018,31,9.0,10.0,16.0,4.4673430238617584e-05,0.01635495387017727,0.0001385137438774109,0.0001385137438774109,0,False
5,g005_p000032_g004_p000013_g003_p000004_g002_p000001_g001_p000081_empty,g004_p000013_g003_p000004_g002_p000001_g001_p000081_empty,g005_55e86d3464ac5a22_0018,32,11.0,10.0,16.0,4.4673404772765934e-05,0.016249220818281174,3.278069198131561e-05,3.278069198131561e-05,0,False
5,g005_p000033_g004_p000013_g003_p000004_g002_p000001_g001_p000081_empty,g004_p000013_g003_p000004_g002_p000001_g001_p000081_empty,g005_55e86d3464ac5a22_0018,33,11.0,43.0,21.0,4.34571884397883e-05,0.01639833301305771,0.00018189288675785065,0.00018189288675785065,0,False
5,g005_p000034_g004_p000013_g003_p000004_g002_p000001_g001_p000081_empty,g004_p000013_g003_p000004_g002_p000001_g001_p000081_empty,g005_55e86d3464ac5a22_0018,34,13.0,41.0,21.0,4.345716297393665e-05,0.016244929283857346,2.8489157557487488e-05,2.8489157557487488e-05,0,False
5,g005_p000035_g004_p000013_g003_p000004_g002_p000001_g001_p000081_empty,g004_p000013_g003_p000004_g002_p000001_g001_p000081_empty,g005_55e86d3464ac5a22_0018,35,11.0,42.0,21.0,4.268612610758282e-05,0.01629139855504036,7.49584287405014e-05,7.49584287405014e-05,0,False
5,g005_p000036_g004_p000019_g003_p000004_g002_p000001_g001_p000081_empty,g004_p000019_g003_p000004_g002_p000001_g001_p000081_empty,g005_55e86d3464ac5a22_0018,36,13.0,42.0,21.0,4.2686071537900716e-05,0.016311632469296455,9.519234299659729e-05,9.519234299659729e-05,0,False
5,g005_p000037_g004_p000019_g003_p000004_g002_p000001_g001_p000081_empty,g004_p000019_g003_p000004_g002_p000001_g001_p000081_empty,g005_55e86d3464ac5a22_0018,37,26.0,12.0,37.0,4.2632382246665657e-05,0.016480540856719017,0.00026410073041915894,0.00026410073041915894,0,False
5,g005_p000038_g004_p000019_g003_p000004_g002_p000001_g001_p000081_empty,g004_p000019_g003_p000004_g002_p000001_g001_p000081_empty,g005_55e86d3464ac5a22_0018,38,26.0,8.0,37.0,4.263237497070804e-05,0.016408635303378105,0.00019219517707824707,0.00019219517707824707,0,False
5,g005_p000039_g004_p000019_g003_p000004_g002_p000001_g001_p000081_empty,g004_p000019_g003_p000004_g002_p000001_g001_p000081_empty,g005_55e86d3464ac5a22_0018,39,10.0,42.0,21.0,4.235047526890412e-05,0.016225943341851234,9.503215551376343e-06,9.503215551376343e-06,0,False
5,g005_p000040_g004_p000019_g003_p000004_g002_p000001_g001_p000081_empty,g004_p000019_g003_p000004_g002_p000001_g001_p000081_empty,g005_55e86d3464ac5a22_0018,40,14.0,42.0,21.0,4.2350442527094856e-05,0.01629425212740898,7.781200110912323e-05,7.781200110912323e-05,0,False
5,g005_p000041_g004_p000019_g003_p000004_g002_p000001_g001_p000081_empty,g004_p000019_g003_p000004_g002_p000001_g001_p000081_empty,g005_55e86d3464ac5a22_0018,41,12.0,42.0,19.0,4.142757461522706e-05,0.016338743269443512,0.00012230314314365387,0.00012230314314365387,0,False
5,g005_p000042_g004_p000019_g003_p000004_g002_p000001_g001_p000081_empty,g004_p000019_g003_p000004_g002_p000001_g001_p000081_empty,g005_55e86d3464ac5a22_0018,42,8.0,10.0,16.0,4.118134893360548e-05,0.016365250572562218,0.00014881044626235962,0.00014881044626235962,0,False
5,g005_p000043_g004_p000019_g003_p000004_g002_p000001_g001_p000081_empty,g004_p000019_g003_p000004_g002_p000001_g001_p000081_empty,g005_55e86d3464ac5a22_0018,43,12.0,10.0,16.0,4.1181327105732635e-05,0.016458002850413322,0.00024156272411346436,0.00024156272411346436,0,False
5,g005_p000044_g004_p000019_g003_p000004_g002_p000001_g001_p000081_empty,g004_p000019_g003_p000004_g002_p000001_g001_p000081_empty,g005_55e86d3464ac5a22_0018,44,25.0,11.0,36.0,4.021132190246135e-05,0.016358964145183563,0.00014252401888370514,0.00014252401888370514,0,False
5,g005_p000045_g004_p000019_g003_p000004_g002_p000001_g001_p000081_empty,g004_p000019_g003_p000004_g002_p000001_g001_p000081_empty,g005_55e86d3464ac5a22_0018,45,27.0,9.0,36.0,4.0211314626503736e-05,0.016266506165266037,5.0066038966178894e-05,5.0066038966178894e-05,0,False
5,g005_p000046_g004_p000019_g003_p000004_g002_p000001_g001_p000081_empty,g004_p000019_g003_p000004_g002_p000001_g001_p000081_empty,g005_55e86d3464ac5a22_0018,46,41.0,43.0,39.0,4.011179044027813e-05,0.016408691182732582,0.000192251056432724,0.000192251056432724,0,False
5,g005_p000047_g004_p000019_g003_p000004_g002_p000001_g001_p000081_empty,g004_p000019_g003_p000004_g002_p000001_g001_p000081_empty,g005_55e86d3464ac5a22_0018,47,43.0,41.0,39.0,4.011175406049006e-05,0.016334207728505135,0.00011776760220527649,0.00011776760220527649,0,False
5,g005_p000048_g004_p000025_g003_p000015_g002_p000007_g001_p000081_empty,g004_p000025_g003_p000015_g002_p000007_g001_p000081_empty,g005_55e86d3464ac5a22_0018,48,10.0,9.0,16.0,3.852872032439336e-05,0.016290755942463875,7.431581616401672e-05,7.431581616401672e-05,0,False
5,g005_p000049_g004_p000025_g003_p000015_g002_p000007_g001_p000081_empty,g004_p000025_g003_p000015_g002_p000007_g001_p000081_empty,g005_55e86d3464ac5a22_0018,49,10.0,11.0,16.0,3.852871304843575e-05,0.016246899962425232,3.045983612537384e-05,3.045983612537384e-05,0,False
5,g005_p000050_g004_p000025_g003_p000015_g002_p000007_g001_p000081_empty,g004_p000025_g003_p000015_g002_p000007_g001_p000081_empty,g005_55e86d3464ac5a22_0018,50,24.0,10.0,37.0,3.793171708821319e-05,0.016492847353219986,0.00027640722692012787,0.00027640722692012787,0,False
5,g005_p000051_g004_p000025_g003_p000015_g002_p000007_g001_p000081_empty,g004_p000025_g003_p000015_g002_p000007_g001_p000081_empty,g005_55e86d3464ac5a22_0018,51,28.0,10.0,37.0,3.793166615650989e-05,0.016406385228037834,0.00018994510173797607,0.00018994510173797607,0,False
5,g005_p000052_g004_p000025_g003_p000015_g002_p000007_g001_p000081_empty,g004_p000025_g003_p000015_g002_p000007_g001_p000081_empty,g005_55e86d3464ac5a22_0018,52,41.0,41.0,39.0,3.7605375837301835e-05,0.016340721398591995,0.00012428127229213715,0.00012428127229213715,0,False
5,g005_p000053_g004_p000025_g003_p000015_g002_p000007_g001_p000081_empty,g004_p000025_g003_p000015_g002_p000007_g001_p000081_empty,g005_55e86d3464ac5a22_0018,53,43.0,43.0,39.0,3.760532126761973e-05,0.016375552862882614,0.00015911273658275604,0.00015911273658275604,0,False
5,g005_p000054_g004_p000025_g003_p000015_g002_p000007_g001_p000081_empty,g004_p000025_g003_p000015_g002_p000007_g001_p000081_empty,g005_55e86d3464ac5a22_0018,54,25.0,9.0,37.0,3.693367398227565e-05,0.0163596011698246,0.00014316104352474213,0.00014316104352474213,0,False
5,g005_p000055_g004_p000025_g003_p000015_g002_p000007_g001_p000081_empty,g004_p000025_g003_p000015_g002_p000007_g001_p000081_empty,g005_55e86d3464ac5a22_0018,55,27.0,11.0,37.0,3.693363396450877e-05,0.01635805517435074,0.00014161504805088043,0.00014161504805088043,0,False
5,g005_p000056_g004_p000025_g003_p000015_g002_p000007_g001_p000081_empty,g004_p000025_g003_p000015_g002_p000007_g001_p000081_empty,g005_55e86d3464ac5a22_0018,56,40.0,42.0,39.0,3.66709973604884e-05,0.016269532963633537,5.30928373336792e-05,5.30928373336792e-05,0,False
5,g005_p000057_g004_p000025_g003_p000015_g002_p000007_g001_p000081_empty,g004_p000025_g003_p000015_g002_p000007_g001_p000081_empty,g005_55e86d3464ac5a22_0018,57,44.0,42.0,39.0,3.6670942790806293e-05,0.0165521502494812,0.0003357101231813431,0.0003357101231813431,0,False
5,g005_p000058_g004_p000025_g003_p000015_g002_p000007_g001_p000081_empty,g004_p000025_g003_p000015_g002_p000007_g001_p000081_empty,g005_55e86d3464ac5a22_0018,58,26.0,12.0,36.0,3.663108145701699e-05,0.016293779015541077,7.733888924121857e-05,7.733888924121857e-05,0,False
5,g005_p000059_g004_p000025_g003_p000015_g002_p000007_g001_p000081_empty,g004_p000025_g003_p000015_g002_p000007_g001_p000081_empty,g005_55e86d3464ac5a22_0018,59,26.0,8.0,36.0,3.6631074181059375e-05,0.016426799818873405,0.00021035969257354736,0.00021035969257354736,0,False
5,g005_p000060_g004_p000031_g003_p000015_g002_p000007_g001_p000081_empty,g004_p000031_g003_p000015_g002_p000007_g001_p000081_empty,g005_55e86d3464ac5a22_0018,60,9.0,11.0,16.0,3.6452634958550334e-05,0.01631363481283188,9.719468653202057e-05,9.719468653202057e-05,0,False
5,g005_p000061_g004_p000031_g003_p000015_g002_p000007_g001_p000081_empty,g004_p000031_g003_p000015_g002_p000007_g001_p000081_empty,g005_55e86d3464ac5a22_0018,61,11.0,9.0,16.0,3.645262404461391e-05,0.01631363481283188,9.719468653202057e-05,9.719468653202057e-05,0,False
5,g005_p000062_g004_p000031_g003_p000015_g002_p000007_g001_p000081_empty,g004_p000031_g003_p000015_g002_p000007_g001_p000081_empty,g005_55e86d3464ac5a22_0018,62,43.0,42.0,37.0,3.5867386031895876e-05,0.016364842653274536,0.00014840252697467804,0.00014840252697467804,0,False
5,g005_p000063_g004_p000031_g003_p000015_g002_p000007_g001_p000081_empty,g004_p000031_g003_p000015_g002_p000007_g001_p000081_empty,g005_55e86d3464ac5a22_0018,63,42.0,43.0,37.0,3.5867375117959455e-05,0.016381453722715378,0.00016501359641551971,0.00016501359641551971,0,False
5,g005_p000064_g004_p000031_g003_p000015_g002_p000007_g001_p000081_empty,g004_p000031_g003_p000015_g002_p000007_g001_p000081_empty,g005_55e86d3464ac5a22_0018,64,41.0,42.0,37.0,3.586737147998065e-05,0.016364842653274536,0.00014840252697467804,0.00014840252697467804,0,False
5,g005_p000065_g004_p000031_g003_p000015_g002_p000007_g001_p000081_empty,g004_p000031_g003_p000015_g002_p000007_g001_p000081_empty,g005_55e86d3464ac5a22_0018,65,42.0,41.0,37.0,3.586737147998065e-05,0.016314448788762093,9.80086624622345e-05,9.80086624622345e-05,0,False
5,g005_p000066_g004_p000031_g003_p000015_g002_p000007_g001_p000081_empty,g004_p000031_g003_p000015_g002_p000007_g001_p000081_empty,g005_55e86d3464ac5a22_0018,66,10.0,43.0,21.0,3.554262002580799e-05,0.016390036791563034,0.00017359666526317596,0.00017359666526317596,0,False
5,g005_p000067_g004_p000031_g003_p000015_g002_p000007_g001_p000081_empty,g004_p000031_g003_p000015_g002_p000007_g001_p000081_empty,g005_55e86d3464ac5a22_0018,67,14.0,41.0,21.0,3.554259455995634e-05,0.016367945820093155,0.00015150569379329681,0.00015150569379329681,0,False
5,g005_p000068_g004_p000031_g003_p000015_g002_p000007_g001_p000081_empty,g004_p000031_g003_p000015_g002_p000007_g001_p000081_empty,g005_55e86d3464ac5a22_0018,68,10.0,41.0,21.0,3.5536173527361825e-05,0.016351357102394104,0.0001349169760942459,0.0001349169760942459,0,False
5,g005_p000069_g004_p000031_g003_p000015_g002_p000007_g001_p000081_empty,g004_p000031_g003_p000015_g002_p000007_g001_p000081_empty,g005_55e86d3464ac5a22_0018,69,14.0,43.0,21.0,3.5536148061510175e-05,0.01628161035478115,6.517022848129272e-05,6.517022848129272e-05,0,False
5,g005_p000070_g004_p000031_g003_p000015_g002_p000007_g001_p000081_empty,g004_p000031_g003_p000015_g002_p000007_g001_p000081_empty,g005_55e86d3464ac5a22_0018,70,11.0,41.0,20.0,3.479726365185343e-05,0.016225386410951614,8.946284651756287e-06,8.946284651756287e-06,0,False
5,g005_p000071_g004_p000031_g003_p000015_g002_p000007_g001_p000081_empty,g004_p000031_g003_p000015_g002_p000007_g001_p000081_empty,g005_55e86d3464ac5a22_0018,71,13.0,43.0,20.0,3.47972490999382e-05,0.016314582899212837,9.814277291297913e-05,9.814277291297913e-05,0,False
5,g005_p000072_g004_p000037_g003_p000055_g002_p000025_g001_p000037_empty,g004_p000037_g003_p000055_g002_p000025_g001_p000037_empty,g005_55e86d3464ac5a22_0018,72,12.0,40.0,21.0,3.4755597880575806e-05,0.016394365578889847,0.0001779254525899887,0.0001779254525899887,0,False
5,g005_p000073_g004_p000037_g003_p000055_g002_p000025_g001_p000037_empty,g004_p000037_g003_p000055_g002_p000025_g001_p000037_empty,g005_55e86d3464ac5a22_0018,73,12.0,44.0,21.0,3.4755594242597e-05,0.016468577086925507,0.0002521369606256485,0.0002521369606256485,0,False
5,g005_p000074_g004_p000037_g003_p000055_g002_p000025_g001_p000037_empty,g004_p000037_g003_p000055_g002_p000025_g001_p000037_empty,g005_55e86d3464ac5a22_0018,74,9.0,9.0,16.0,3.452130113146268e-05,0.01647983305156231,0.00026339292526245117,0.00026339292526245117,0,False
5,g005_p000075_g004_p000037_g003_p000055_g002_p000025_g001_p000037_empty,g004_p000037_g003_p000055_g002_p000025_g001_p000037_empty,g005_55e86d3464ac5a22_0018,75,11.0,11.0,16.0,3.452129021752626e-05,0.016315188258886337,9.874813258647919e-05,9.874813258647919e-05,0,False
5,g005_p000076_g004_p000037_g003_p000055_g002_p000025_g001_p000037_empty,g004_p000037_g003_p000055_g002_p000025_g001_p000037_empty,g005_55e86d3464ac5a22_0018,76,26.0,11.0,35.0,3.375751111889258e-05,0.016476502642035484,0.0002600625157356262,0.0002600625157356262,0,False
5,g005_p000077_g004_p000037_g003_p000055_g002_p000025_g001_p000037_empty,g004_p000037_g003_p000055_g002_p000025_g001_p000037_empty,g005_55e86d3464ac5a22_0018,77,26.0,9.0,35.0,3.375750748091377e-05,0.01641187258064747,0.00019543245434761047,0.00019543245434761047,0,False
5,g005_p000078_g004_p000037_g003_p000055_g002_p000025_g001_p000037_empty,g004_p000037_g003_p000055_g002_p000025_g001_p000037_empty,g005_55e86d3464ac5a22_0018,78,24.0,8.0,36.0,3.368788384250365e-05,0.016291296109557152,7.48559832572937e-05,7.48559832572937e-05,0,False
5,g005_p000079_g004_p000037_g003_p000055_g002_p000025_g001_p000037_empty,g004_p000037_g003_p000055_g002_p000025_g001_p000037_empty,g005_55e86d3464ac5a22_0018,79,28.0,12.0,36.0,3.368788384250365e-05,0.016380030661821365,0.00016359053552150726,0.00016359053552150726,0,False
5,g005_p000080_g004_p000037_g003_p000055_g002_p000025_g001_p000037_empty,g004_p000037_g003_p000055_g002_p000025_g001_p000037_empty,g005_55e86d3464ac5a22_0018,80,25.0,12.0,37.0,3.2558127713855356e-05,0.01633847877383232,0.00012203864753246307,0.00012203864753246307,0,False
5,g005_p000081_g004_p000037_g003_p000055_g002_p000025_g001_p000037_empty,g004_p000037_g003_p000055_g002_p000025_g001_p000037_empty,g005_55e86d3464ac5a22_0018,81,27.0,8.0,37.0,3.255811316194013e-05,0.016394972801208496,0.000178532674908638,0.000178532674908638,0,False
5,g005_p000082_g004_p000037_g003_p000055_g002_p000025_g001_p000037_empty,g004_p000037_g003_p000055_g002_p000025_g001_p000037_empty,g005_55e86d3464ac5a22_0018,82,24.0,9.0,36.0,3.252353417337872e-05,0.016317512840032578,0.00010107271373271942,0.00010107271373271942,0,False
5,g005_p000083_g004_p000037_g003_p000055_g002_p000025_g001_p000037_empty,g004_p000037_g003_p000055_g002_p000025_g001_p000037_empty,g005_55e86d3464ac5a22_0018,83,28.0,11.0,36.0,3.252352689742111e-05,0.016315188258886337,9.874813258647919e-05,9.874813258647919e-05,0,False
5,g005_p000084_g004_p000043_g003_p000055_g002_p000025_g001_p000037_empty,g004_p000043_g003_p000055_g002_p000025_g001_p000037_empty,g005_55e86d3464ac5a22_0018,84,11.0,40.0,21.0,3.2470939913764596e-05,0.016321908682584763,0.00010546855628490448,0.00010546855628490448,0,False
5,g005_p000085_g004_p000043_g003_p000055_g002_p000025_g001_p000037_empty,g004_p000043_g003_p000055_g002_p000025_g001_p000037_empty,g005_55e86d3464ac5a22_0018,85,13.0,44.0,21.0,3.247092536184937e-05,0.016375552862882614,0.00015911273658275604,0.00015911273658275604,0,False
5,g005_p000086_g004_p000043_g003_p000055_g002_p000025_g001_p000037_empty,g004_p000043_g003_p000055_g002_p000025_g001_p000037_empty,g005_55e86d3464ac5a22_0018,86,42.0,40.0,39.0,3.242555612814613e-05,0.016349516808986664,0.00013307668268680573,0.00013307668268680573,0,False
5,g005_p000087_g004_p000043_g003_p000055_g002_p000025_g001_p000037_empty,g004_p000043_g003_p000055_g002_p000025_g001_p000037_empty,g005_55e86d3464ac5a22_0018,87,42.0,44.0,39.0,3.242554885218851e-05,0.01656661555171013,0.0003501754254102707,0.0003501754254102707,0,False
5,g005_p000088_g004_p000043_g003_p000055_g002_p000025_g001_p000037_empty,g004_p000043_g003_p000055_g002_p000025_g001_p000037_empty,g005_55e86d3464ac5a22_0018,88,11.0,43.0,20.0,3.237036435166374e-05,0.01632983796298504,0.00011339783668518066,0.00011339783668518066,0,False
5,g005_p000089_g004_p000043_g003_p000055_g002_p000025_g001_p000037_empty,g004_p000043_g003_p000055_g002_p000025_g001_p000037_empty,g005_55e86d3464ac5a22_0018,89,13.0,41.0,20.0,3.2370357075706124e-05,0.01651056669652462,0.00029412657022476196,0.00029412657022476196,0,False
5,g005_p000090_g004_p000043_g003_p000055_g002_p000025_g001_p000037_empty,g004_p000043_g003_p000055_g002_p000025_g001_p000037_empty,g005_55e86d3464ac5a22_0018,90,41.0,42.0,39.0,3.231774098821916e-05,0.016357071697711945,0.0001406315714120865,0.0001406315714120865,0,False
5,g005_p000091_g004_p000043_g003_p000055_g002_p000025_g001_p000037_empty,g004_p000043_g003_p000055_g002_p000025_g001_p000037_empty,g005_55e86d3464ac5a22_0018,91,42.0,41.0,39.0,3.231772643630393e-05,0.016363512724637985,0.00014707259833812714,0.00014707259833812714,0,False
5,g005_p000092_g004_p000043_g003_p000055_g002_p000025_g001_p000037_empty,g004_p000043_g003_p000055_g002_p000025_g001_p000037_empty,g005_55e86d3464ac5a22_0018,92,42.0,43.0,39.0,3.2317719160346314e-05,0.016474848613142967,0.00025840848684310913,0.00025840848684310913,0,False
5,g005_p000093_g004_p000043_g003_p000055_g002_p000025_g001_p000037_empty,g004_p000043_g003_p000055_g002_p000025_g001_p000037_empty,g005_55e86d3464ac5a22_0018,93,43.0,42.0,39.0,3.2317679142579436e-05,0.01629425212740898,7.781200110912323e-05,7.781200110912323e-05,0,False
5,g005_p000094_g004_p000043_g003_p000055_g002_p000025_g001_p000037_empty,g004_p000043_g003_p000055_g002_p000025_g001_p000037_empty,g005_55e86d3464ac5a22_0018,94,11.0,43.0,18.0,3.218443089281209e-05,0.016400353983044624,0.00018391385674476624,0.00018391385674476624,0,False
5,g005_p000095_g004_p000043_g003_p000055_g002_p000025_g001_p000037_empty,g004_p000043_g003_p000055_g002_p000025_g001_p000037_empty,g005_55e86d3464ac5a22_0018,95,13.0,41.0,18.0,3.218442725483328e-05,0.016335424035787582,0.0001189839094877243,0.0001189839094877243,0,False
6,g006_p000000_g005_p000028_g004_p000013_g003_p000004_g002_p000001_g001_p000081_empty,g005_p000028_g004_p000013_g003_p000004_g002_p000001_g001_p000081_empty,g006_df738bd11b7f0366_0019,0,42.0,42.0,38.0,7.423365605063736e-05,0.016349952667951584,0.00012456625699996948,0.00013351254165172577,0,False
6,g006_p000006_g005_p000028_g004_p000013_g003_p000004_g002_p000001_g001_p000081_empty,g005_p000028_g004_p000013_g003_p000004_g002_p000001_g001_p000081_empty,g006_df738bd11b7f0366_0019,1,26.0,11.0,36.0,6.44840401946567e-05,0.0162931177765131,6.773136556148529e-05,7.667765021324158e-05,0,False
6,g006_p000012_g005_p000070_g004_p000031_g003_p000015_g002_p000007_g001_p000081_empty,g005_p000070_g004_p000031_g003_p000015_g002_p000007_g001_p000081_empty,g006_48688d261c4ea08c_0020,0,42.0,42.0,38.0,7.275344978552312e-05,0.01629965752363205,7.427111268043518e-05,8.321739733219147e-05,0,False
6,g006_p000018_g005_p000070_g004_p000031_g003_p000015_g002_p000007_g001_p000081_empty,g005_p000070_g004_p000031_g003_p000015_g002_p000007_g001_p000081_empty,g006_48688d261c4ea08c_0020,1,26.0,11.0,36.0,6.44840401946567e-05,0.016441548243165016,0.0002161618322134018,0.00022510811686515808,0,False
6,g006_p000024_g005_p000025_g004_p000013_g003_p000004_g002_p000001_g001_p000081_empty,g005_p000025_g004_p000013_g003_p000004_g002_p000001_g001_p000081_empty,g006_800d9ad513fa700a_0021,0,42.0,42.0,38.0,7.275344978552312e-05,0.016400884836912155,0.00017494149506092072,0.00018444471061229706,0,False
6,g006_p000030_g005_p000025_g004_p000013_g003_p000004_g002_p000001_g001_p000081_empty,g005_p000025_g004_p000013_g003_p000004_g002_p000001_g001_p000081_empty,g006_800d9ad513fa700a_0021,1,26.0,11.0,36.0,6.489985389634967e-05,0.016352133825421333,0.00012619048357009888,0.00013569369912147522,0,False
6,g006_p000036_g005_p000039_g004_p000019_g003_p000004_g002_p000001_g001_p000081_empty,g005_p000039_g004_p000019_g003_p000004_g002_p000001_g001_p000081_empty,g006_a207ecab519789f9_0022,0,42.0,42.0,38.0,7.275344978552312e-05,0.0163358673453331,0.00010992400348186493,0.00011942721903324127,0,False
6,g006_p000042_g005_p000039_g004_p000019_g003_p000004_g002_p000001_g001_p000081_empty,g005_p000039_g004_p000019_g003_p000004_g002_p000001_g001_p000081_empty,g006_a207ecab519789f9_0022,1,26.0,11.0,36.0,6.44840401946567e-05,0.016334621235728264,0.00010867789387702942,0.00011818110942840576,0,False
6,g006_p000048_g005_p000024_g004_p000013_g003_p000004_g002_p000001_g001_p000081_empty,g005_p000024_g004_p000013_g003_p000004_g002_p000001_g001_p000081_empty,g006_99e3ae18392f8bfe_0023,0,42.0,42.0,38.0,7.275344978552312e-05,0.016286561265587807,4.8119574785232544e-05,7.012113928794861e-05,0,False
6,g006_p000054_g005_p000024_g004_p000013_g003_p000004_g002_p000001_g001_p000081_empty,g005_p000024_g004_p000013_g003_p000004_g002_p000001_g001_p000081_empty,g006_99e3ae18392f8bfe_0023,1,26.0,11.0,36.0,6.812769424868748e-05,0.016225386410951614,-1.3055279850959778e-05,8.946284651756287e-06,0,False
6,g006_p000060_g005_p000034_g004_p000013_g003_p000004_g002_p000001_g001_p000081_empty,g005_p000034_g004_p000013_g003_p000004_g002_p000001_g001_p000081_empty,g006_11ce958b0474e987_0024,0,42.0,42.0,38.0,7.275344978552312e-05,0.016354726627469063,0.00010979734361171722,0.0001382865011692047,0,False
6,g006_p000066_g005_p000034_g004_p000013_g003_p000004_g002_p000001_g001_p000081_empty,g005_p000034_g004_p000013_g003_p000004_g002_p000001_g001_p000081_empty,g006_11ce958b0474e987_0024,1,26.0,11.0,36.0,6.44840401946567e-05,0.016375428065657616,0.00013049878180027008,0.00015898793935775757,0,False
6,g006_p000072_g005_p000049_g004_p000025_g003_p000015_g002_p000007_g001_p000081_empty,g005_p000049_g004_p000025_g003_p000015_g002_p000007_g001_p000081_empty,g006_32df3ae08548dca8_0025,0,42.0,42.0,38.0,7.275344978552312e-05,0.016369560733437538,0.0001226607710123062,0.00015312060713768005,0,False
6,g006_p000078_g005_p000049_g004_p000025_g003_p000015_g002_p000007_g001_p000081_empty,g005_p000049_g004_p000025_g003_p000015_g002_p000007_g001_p000081_empty,g006_32df3ae08548dca8_0025,1,26.0,11.0,36.0,6.44840401946567e-05,0.016275424510240555,2.8524547815322876e-05,5.8984383940696716e-05,0,False
6,g006_p000084_g005_p000006_g004_p000001_g003_p000070_g002_p000031_g001_p000037_empty,g005_p000006_g004_p000001_g003_p000070_g002_p000031_g001_p000037_empty,g006_d95fc73e4c7563f5_0026,0,42.0,42.0,38.0,7.275344978552312e-05,0.016258148476481438,8.927658200263977e-06,4.170835018157959e-05,0,False
6,g006_p000090_g005_p000006_g004_p000001_g003_p000070_g002_p000031_g001_p000037_empty,g005_p000006_g004_p000001_g003_p000070_g002_p000031_g001_p000037_empty,g006_d95fc73e4c7563f5_0026,1,26.0,11.0,36.0,6.674014002783224e-05,0.016281934455037117,3.27136367559433e-05,6.549432873725891e-05,0,False
7,g007_p000000_g006_p000001_g005_p000028_g004_p000013_g003_p000004_g002_p000001_g001_p000081_empty,g006_p000001_g005_p000028_g004_p000013_g003_p000004_g002_p000001_g001_p000081_empty,g007_4a7b91f7d5e5b507_0027,0,42.0,42.0,38.0,7.275344978552312e-05,0.01636882871389389,0.0001523885875940323,0.0001523885875940323,0,False
7,g007_p000001_g006_p000001_g005_p000028_g004_p000013_g003_p000004_g002_p000001_g001_p000081_empty,g006_p000001_g005_p000028_g004_p000013_g003_p000004_g002_p000001_g001_p000081_empty,g007_4a7b91f7d5e5b507_0027,1,26.0,11.0,36.0,6.44840401946567e-05,0.01641422137618065,0.0001977812498807907,0.0001977812498807907,0,False
7,g007_p000002_g006_p000001_g005_p000028_g004_p000013_g003_p000004_g002_p000001_g001_p000081_empty,g006_p000001_g005_p000028_g004_p000013_g003_p000004_g002_p000001_g001_p000081_empty,g007_4a7b91f7d5e5b507_0027,2,26.0,9.0,36.0,6.448401109082624e-05,0.016292942687869072,7.650256156921387e-05,7.650256156921387e-05,0,False
7,g007_p000003_g006_p000001_g005_p000028_g004_p000013_g003_p000004_g002_p000001_g001_p000081_empty,g006_p000001_g005_p000028_g004_p000013_g003_p000004_g002_p000001_g001_p000081_empty,g007_4a7b91f7d5e5b507_0027,3,12.0,41.0,21.0,5.496812082128599e-05,0.016286812722682953,7.037259638309479e-05,7.037259638309479e-05,0,False
7,g007_p000004_g006_p000001_g005_p000028_g004_p000013_g003_p000004_g002_p000001_g001_p000081_empty,g006_p000001_g005_p000028_g004_p000013_g003_p000004_g002_p000001_g001_p000081_empty,g007_4a7b91f7d5e5b507_0027,4,12.0,43.0,21.0,5.496812082128599e-05,0.016288822516798973,7.238239049911499e-05,7.238239049911499e-05,0,False
7,g007_p000005_g006_p000001_g005_p000028_g004_p000013_g003_p000004_g002_p000001_g001_p000081_empty,g006_p000001_g005_p000028_g004_p000013_g003_p000004_g002_p000001_g001_p000081_empty,g007_4a7b91f7d5e5b507_0027,5,27.0,10.0,36.0,5.410551239037886e-05,0.01634862832725048,0.00013218820095062256,0.00013218820095062256,0,False
7,g007_p000006_g006_p000001_g005_p000028_g004_p000013_g003_p000004_g002_p000001_g001_p000081_empty,g006_p000001_g005_p000028_g004_p000013_g003_p000004_g002_p000001_g001_p000081_empty,g007_4a7b91f7d5e5b507_0027,6,25.0,10.0,36.0,5.4105508752400056e-05,0.016310308128595352,9.386800229549408e-05,9.386800229549408e-05,0,False
7,g007_p000007_g006_p000001_g005_p000028_g004_p000013_g003_p000004_g002_p000001_g001_p000081_empty,g006_p000001_g005_p000028_g004_p000013_g003_p000004_g002_p000001_g001_p000081_empty,g007_4a7b91f7d5e5b507_0027,7,42.0,42.0,36.0,5.062896161689423e-05,0.016364796087145805,0.00014835596084594727,0.00014835596084594727,0,False
7,g007_p000008_g006_p000001_g005_p000028_g004_p000013_g003_p000004_g002_p000001_g001_p000081_empty,g006_p000001_g005_p000028_g004_p000013_g003_p000004_g002_p000001_g001_p000081_empty,g007_4a7b91f7d5e5b507_0027,8,42.0,42.0,37.0,4.993812763132155e-05,0.016429655253887177,0.00021321512758731842,0.00021321512758731842,0,False
7,g007_p000009_g006_p000001_g005_p000028_g004_p000013_g003_p000004_g002_p000001_g001_p000081_empty,g006_p000001_g005_p000028_g004_p000013_g003_p000004_g002_p000001_g001_p000081_empty,g007_4a7b91f7d5e5b507_0027,9,41.0,42.0,38.0,4.909671770292334e-05,0.016225386410951614,8.946284651756287e-06,8.946284651756287e-06,0,False
7,g007_p000010_g006_p000001_g005_p000028_g004_p000013_g003_p000004_g002_p000001_g001_p000081_empty,g006_p000001_g005_p000028_g004_p000013_g003_p000004_g002_p000001_g001_p000081_empty,g007_4a7b91f7d5e5b507_0027,10,42.0,41.0,38.0,4.909671042696573e-05,0.016422433778643608,0.00020599365234375,0.00020599365234375,0,False
7,g007_p000011_g006_p000001_g005_p000028_g004_p000013_g003_p000004_g002_p000001_g001_p000081_empty,g006_p000001_g005_p000028_g004_p000013_g003_p000004_g002_p000001_g001_p000081_empty,g007_4a7b91f7d5e5b507_0027,11,42.0,43.0,38.0,4.909669951302931e-05,0.016422433778643608,0.00020599365234375,0.00020599365234375,0,False
7,g007_p000012_g006_p000007_g005_p000028_g004_p000013_g003_p000004_g002_p000001_g001_p000081_empty,g006_p000007_g005_p000028_g004_p000013_g003_p000004_g002_p000001_g001_p000081_empty,g007_4a7b91f7d5e5b507_0027,12,43.0,42.0,38.0,4.909669223707169e-05,0.016331709921360016,0.00011526979506015778,0.00011526979506015778,0,False
7,g007_p000013_g006_p000007_g005_p000028_g004_p000013_g003_p000004_g002_p000001_g001_p000081_empty,g006_p000007_g005_p000028_g004_p000013_g003_p000004_g002_p000001_g001_p000081_empty,g007_4a7b91f7d5e5b507_0027,13,27.0,11.0,36.0,4.901247666566633e-05,0.016423888504505157,0.00020744837820529938,0.00020744837820529938,0,False
7,g007_p000014_g006_p000007_g005_p000028_g004_p000013_g003_p000004_g002_p000001_g001_p000081_empty,g006_p000007_g005_p000028_g004_p000013_g003_p000004_g002_p000001_g001_p000081_empty,g007_4a7b91f7d5e5b507_0027,14,25.0,9.0,36.0,4.90124621137511e-05,0.016447436064481735,0.00023099593818187714,0.00023099593818187714,0,False
7,g007_p000015_g006_p000007_g005_p000028_g004_p000013_g003_p000004_g002_p000001_g001_p000081_empty,g006_p000007_g005_p000028_g004_p000013_g003_p000004_g002_p000001_g001_p000081_empty,g007_4a7b91f7d5e5b507_0027,15,25.0,10.0,37.0,4.810038080904633e-05,0.01645316369831562,0.00023672357201576233,0.00023672357201576233,0,False
7,g007_p000016_g006_p000007_g005_p000028_g004_p000013_g003_p000004_g002_p000001_g001_p000081_empty,g006_p000007_g005_p000028_g004_p000013_g003_p000004_g002_p000001_g001_p000081_empty,g007_4a7b91f7d5e5b507_0027,16,27.0,10.0,37.0,4.8100333515321836e-05,0.01626988872885704,5.344860255718231e-05,5.344860255718231e-05,0,False
7,g007_p000017_g006_p000007_g005_p000028_g004_p000013_g003_p000004_g002_p000001_g001_p000081_empty,g006_p000007_g005_p000028_g004_p000013_g003_p000004_g002_p000001_g001_p000081_empty,g007_4a7b91f7d5e5b507_0027,17,11.0,42.0,20.0,4.7555378841934726e-05,0.016379686072468758,0.00016324594616889954,0.00016324594616889954,0,False
7,g007_p000018_g006_p000007_g005_p000028_g004_p000013_g003_p000004_g002_p000001_g001_p000081_empty,g006_p000007_g005_p000028_g004_p000013_g003_p000004_g002_p000001_g001_p000081_empty,g007_4a7b91f7d5e5b507_0027,18,13.0,42.0,20.0,4.7555353376083076e-05,0.01642097719013691,0.0002045370638370514,0.0002045370638370514,0,False
7,g007_p000019_g006_p000007_g005_p000028_g004_p000013_g003_p000004_g002_p000001_g001_p000081_empty,g006_p000007_g005_p000028_g004_p000013_g003_p000004_g002_p000001_g001_p000081_empty,g007_4a7b91f7d5e5b507_0027,19,12.0,42.0,18.0,4.752112363348715e-05,0.016335424035787582,0.0001189839094877243,0.0001189839094877243,0,False
7,g007_p000020_g006_p000007_g005_p000028_g004_p000013_g003_p000004_g002_p000001_g001_p000081_empty,g006_p000007_g005_p000028_g004_p000013_g003_p000004_g002_p000001_g001_p000081_empty,g007_4a7b91f7d5e5b507_0027,20,25.0,11.0,37.0,4.713215457741171e-05,0.016273995861411095,5.755573511123657e-05,5.755573511123657e-05,0,False
7,g007_p000021_g006_p000007_g005_p000028_g004_p000013_g003_p000004_g002_p000001_g001_p000081_empty,g006_p000007_g005_p000028_g004_p000013_g003_p000004_g002_p000001_g001_p000081_empty,g007_4a7b91f7d5e5b507_0027,21,27.0,9.0,37.0,4.7132110921666026e-05,0.01630324125289917,8.680112659931183e-05,8.680112659931183e-05,0,False
7,g007_p000022_g006_p000007_g005_p000028_g004_p000013_g003_p000004_g002_p000001_g001_p000081_empty,g006_p000007_g005_p000028_g004_p000013_g003_p000004_g002_p000001_g001_p000081_empty,g007_4a7b91f7d5e5b507_0027,22,41.0,43.0,38.0,4.58423892268911e-05,0.0163725633174181,0.00015612319111824036,0.00015612319111824036,0,False
7,g007_p000023_g006_p000007_g005_p000028_g004_p000013_g003_p000004_g002_p000001_g001_p000081_empty,g006_p000007_g005_p000028_g004_p000013_g003_p000004_g002_p000001_g001_p000081_empty,g007_4a7b91f7d5e5b507_0027,23,43.0,41.0,38.0,4.5842381950933486e-05,0.016439838334918022,0.00022339820861816406,0.00022339820861816406,0,False
7,g007_p000024_g006_p000013_g005_p000070_g004_p000031_g003_p000015_g002_p000007_g001_p000081_empty,g006_p000013_g005_p000070_g004_p000031_g003_p000015_g002_p000007_g001_p000081_empty,g007_4a7b91f7d5e5b507_0027,24,26.0,11.0,37.0,4.5596458221552894e-05,0.016349349170923233,0.00013290904462337494,0.00013290904462337494,0,False
7,g007_p000025_g006_p000013_g005_p000070_g004_p000031_g003_p000015_g002_p000007_g001_p000081_empty,g006_p000013_g005_p000070_g004_p000031_g003_p000015_g002_p000007_g001_p000081_empty,g007_4a7b91f7d5e5b507_0027,25,26.0,9.0,37.0,4.5596454583574086e-05,0.016304265707731247,8.782558143138885e-05,8.782558143138885e-05,0,False
7,g007_p000026_g006_p000013_g005_p000070_g004_p000031_g003_p000015_g002_p000007_g001_p000081_empty,g006_p000013_g005_p000070_g004_p000031_g003_p000015_g002_p000007_g001_p000081_empty,g007_4a7b91f7d5e5b507_0027,26,11.0,41.0,21.0,4.55718363809865e-05,0.016382340341806412,0.00016590021550655365,0.00016590021550655365,0,False
7,g007_p000027_g006_p000013_g005_p000070_g004_p000031_g003_p000015_g002_p000007_g001_p000081_empty,g006_p000013_g005_p000070_g004_p000031_g003_p000015_g002_p000007_g001_p000081_empty,g007_4a7b91f7d5e5b507_0027,27,13.0,43.0,21.0,4.5571800001198426e-05,0.016311632469296455,9.519234299659729e-05,9.519234299659729e-05,0,False
7,g007_p000028_g006_p000013_g005_p000070_g004_p000031_g003_p000015_g002_p000007_g001_p000081_empty,g006_p000013_g005_p000070_g004_p000031_g003_p000015_g002_p000007_g001_p000081_empty,g007_4a7b91f7d5e5b507_0027,28,41.0,41.0,38.0,4.520791844697669e-05,0.01639665476977825,0.00018021464347839355,0.00018021464347839355,0,False
7,g007_p000029_g006_p000013_g005_p000070_g004_p000031_g003_p000015_g002_p000007_g001_p000081_empty,g006_p000013_g005_p000070_g004_p000031_g003_p000015_g002_p000007_g001_p000081_empty,g007_4a7b91f7d5e5b507_0027,29,43.0,43.0,38.0,4.520791117101908e-05,0.016358964145183563,0.00014252401888370514,0.00014252401888370514,0,False
7,g007_p000030_g006_p000013_g005_p000070_g004_p000031_g003_p000015_g002_p000007_g001_p000081_empty,g006_p000013_g005_p000070_g004_p000031_g003_p000015_g002_p000007_g001_p000081_empty,g007_4a7b91f7d5e5b507_0027,30,12.0,42.0,20.0,4.48539067292586e-05,0.01638178341090679,0.0001653432846069336,0.0001653432846069336,0,False
7,g007_p000031_g006_p000013_g005_p000070_g004_p000031_g003_p000015_g002_p000007_g001_p000081_empty,g006_p000013_g005_p000070_g004_p000031_g003_p000015_g002_p000007_g001_p000081_empty,g007_4a7b91f7d5e5b507_0027,31,9.0,10.0,16.0,4.4673430238617584e-05,0.016289841383695602,7.340125739574432e-05,7.340125739574432e-05,0,False
7,g007_p000032_g006_p000013_g005_p000070_g004_p000031_g003_p000015_g002_p000007_g001_p000081_empty,g006_p000013_g005_p000070_g004_p000031_g003_p000015_g002_p000007_g001_p000081_empty,g007_4a7b91f7d5e5b507_0027,32,11.0,10.0,16.0,4.4673404772765934e-05,0.016225386410951614,8.946284651756287e-06,8.946284651756287e-06,0,False
7,g007_p000033_g006_p000013_g005_p000070_g004_p000031_g003_p000015_g002_p000007_g001_p000081_empty,g006_p000013_g005_p000070_g004_p000031_g003_p000015_g002_p000007_g001_p000081_empty,g007_4a7b91f7d5e5b507_0027,33,11.0,43.0,21.0,4.34571884397883e-05,0.01635943539440632,0.00014299526810646057,0.00014299526810646057,0,False
7,g007_p000034_g006_p000013_g005_p000070_g004_p000031_g003_p000015_g002_p000007_g001_p000081_empty,g006_p000013_g005_p000070_g004_p000031_g003_p000015_g002_p000007_g001_p000081_empty,g007_4a7b91f7d5e5b507_0027,34,13.0,41.0,21.0,4.345716297393665e-05,0.01643180288374424,0.00021536275744438171,0.00021536275744438171,0,False
7,g007_p000035_g006_p000013_g005_p000070_g004_p000031_g003_p000015_g002_p000007_g001_p000081_empty,g006_p000013_g005_p000070_g004_p000031_g003_p000015_g002_p000007_g001_p000081_empty,g007_4a7b91f7d5e5b507_0027,35,11.0,42.0,21.0,4.268612610758282e-05,0.016352025792002678,0.00013558566570281982,0.00013558566570281982,0,False
7,g007_p000036_g006_p000019_g005_p000070_g004_p000031_g003_p000015_g002_p000007_g001_p000081_empty,g006_p000019_g005_p000070_g004_p000031_g003_p000015_g002_p000007_g001_p000081_empty,g007_4a7b91f7d5e5b507_0027,36,13.0,42.0,21.0,4.2686071537900716e-05,0.016352025792002678,0.00013558566570281982,0.00013558566570281982,0,False
7,g007_p000037_g006_p000019_g005_p000070_g004_p000031_g003_p000015_g002_p000007_g001_p000081_empty,g006_p000019_g005_p000070_g004_p000031_g003_p000015_g002_p000007_g001_p000081_empty,g007_4a7b91f7d5e5b507_0027,37,26.0,12.0,37.0,4.2632382246665657e-05,0.016317572444677353,0.00010113231837749481,0.00010113231837749481,0,False
7,g007_p000038_g006_p000019_g005_p000070_g004_p000031_g003_p000015_g002_p000007_g001_p000081_empty,g006_p000019_g005_p000070_g004_p000031_g003_p000015_g002_p000007_g001_p000081_empty,g007_4a7b91f7d5e5b507_0027,38,26.0,8.0,37.0,4.263237497070804e-05,0.016480540856719017,0.00026410073041915894,0.00026410073041915894,0,False
7,g007_p000039_g006_p000019_g005_p000070_g004_p000031_g003_p000015_g002_p000007_g001_p000081_empty,g006_p000019_g005_p000070_g004_p000031_g003_p000015_g002_p000007_g001_p000081_empty,g007_4a7b91f7d5e5b507_0027,39,10.0,42.0,21.0,4.235047526890412e-05,0.01635744608938694,0.0001410059630870819,0.0001410059630870819,0,False
7,g007_p000040_g006_p000019_g005_p000070_g004_p000031_g003_p000015_g002_p000007_g001_p000081_empty,g006_p000019_g005_p000070_g004_p000031_g003_p000015_g002_p000007_g001_p000081_empty,g007_4a7b91f7d5e5b507_0027,40,14.0,42.0,21.0,4.2350442527094856e-05,0.01632673852145672,0.00011029839515686035,0.00011029839515686035,0,False
7,g007_p000041_g006_p000019_g005_p000070_g004_p000031_g003_p000015_g002_p000007_g001_p000081_empty,g006_p000019_g005_p000070_g004_p000031_g003_p000015_g002_p000007_g001_p000081_empty,g007_4a7b91f7d5e5b507_0027,41,12.0,42.0,19.0,4.142757461522706e-05,0.016299769282341003,8.332915604114532e-05,8.332915604114532e-05,0,False
7,g007_p000042_g006_p000019_g005_p000070_g004_p000031_g003_p000015_g002_p000007_g001_p000081_empty,g006_p000019_g005_p000070_g004_p000031_g003_p000015_g002_p000007_g001_p000081_empty,g007_4a7b91f7d5e5b507_0027,42,8.0,10.0,16.0,4.118134893360548e-05,0.016412097960710526,0.00019565783441066742,0.00019565783441066742,0,False
7,g007_p000043_g006_p000019_g005_p000070_g004_p000031_g003_p000015_g002_p000007_g001_p000081_empty,g006_p000019_g005_p000070_g004_p000031_g003_p000015_g002_p000007_g001_p000081_empty,g007_4a7b91f7d5e5b507_0027,43,12.0,10.0,16.0,4.1181327105732635e-05,0.016365250572562218,0.00014881044626235962,0.00014881044626235962,0,False
7,g007_p000044_g006_p000019_g005_p000070_g004_p000031_g003_p000015_g002_p000007_g001_p000081_empty,g006_p000019_g005_p000070_g004_p000031_g003_p000015_g002_p000007_g001_p000081_empty,g007_4a7b91f7d5e5b507_0027,44,25.0,11.0,36.0,4.021132190246135e-05,0.016324708238244057,0.00010826811194419861,0.00010826811194419861,0,False
7,g007_p000045_g006_p000019_g005_p000070_g004_p000031_g003_p000015_g002_p000007_g001_p000081_empty,g006_p000019_g005_p000070_g004_p000031_g003_p000015_g002_p000007_g001_p000081_empty,g007_4a7b91f7d5e5b507_0027,45,27.0,9.0,36.0,4.0211314626503736e-05,0.016340985894203186,0.00012454576790332794,0.00012454576790332794,0,False
7,g007_p000046_g006_p000019_g005_p000070_g004_p000031_g003_p000015_g002_p000007_g001_p000081_empty,g006_p000019_g005_p000070_g004_p000031_g003_p000015_g002_p000007_g001_p000081_empty,g007_4a7b91f7d5e5b507_0027,46,41.0,43.0,39.0,4.011179044027813e-05,0.016536083072423935,0.00031964294612407684,0.00031964294612407684,0,False
7,g007_p000047_g006_p000019_g005_p000070_g004_p000031_g003_p000015_g002_p000007_g001_p000081_empty,g006_p000019_g005_p000070_g004_p000031_g003_p000015_g002_p000007_g001_p000081_empty,g007_4a7b91f7d5e5b507_0027,47,43.0,41.0,39.0,4.011175406049006e-05,0.016523810103535652,0.00030736997723579407,0.00030736997723579407,0,False
7,g007_p000048_g006_p000025_g005_p000025_g004_p000013_g003_p000004_g002_p000001_g001_p000081_empty,g006_p000025_g005_p000025_g004_p000013_g003_p000004_g002_p000001_g001_p000081_empty,g007_4a7b91f7d5e5b507_0027,48,10.0,9.0,16.0,3.852872032439336e-05,0.01638406328856945,0.00016762316226959229,0.00016762316226959229,0,False
7,g007_p000049_g006_p000025_g005_p000025_g004_p000013_g003_p000004_g002_p000001_g001_p000081_empty,g006_p000025_g005_p000025_g004_p000013_g003_p000004_g002_p000001_g001_p000081_empty,g007_4a7b91f7d5e5b507_0027,49,10.0,11.0,16.0,3.852871304843575e-05,0.0163278691470623,0.00011142902076244354,0.00011142902076244354,0,False
7,g007_p000050_g006_p000025_g005_p000025_g004_p000013_g003_p000004_g002_p000001_g001_p000081_empty,g006_p000025_g005_p000025_g004_p000013_g003_p000004_g002_p000001_g001_p000081_empty,g007_4a7b91f7d5e5b507_0027,50,24.0,10.0,37.0,3.793171708821319e-05,0.01641874760389328,0.00020230747759342194,0.00020230747759342194,0,False
7,g007_p000051_g006_p000025_g005_p000025_g004_p000013_g003_p000004_g002_p000001_g001_p000081_empty,g006_p000025_g005_p000025_g004_p000013_g003_p000004_g002_p000001_g001_p000081_empty,g007_4a7b91f7d5e5b507_0027,51,28.0,10.0,37.0,3.793166615650989e-05,0.016406456008553505,0.00019001588225364685,0.00019001588225364685,0,False
7,g007_p000052_g006_p000025_g005_p000025_g004_p000013_g003_p000004_g002_p000001_g001_p000081_empty,g006_p000025_g005_p000025_g004_p000013_g003_p000004_g002_p000001_g001_p000081_empty,g007_4a7b91f7d5e5b507_0027,52,41.0,41.0,39.0,3.7605375837301835e-05,0.016375552862882614,0.00015911273658275604,0.00015911273658275604,0,False
7,g007_p000053_g006_p000025_g005_p000025_g004_p000013_g003_p000004_g002_p000001_g001_p000081_empty,g006_p000025_g005_p000025_g004_p000013_g003_p000004_g002_p000001_g001_p000081_empty,g007_4a7b91f7d5e5b507_0027,53,43.0,43.0,39.0,3.760532126761973e-05,0.016225943341851234,9.503215551376343e-06,9.503215551376343e-06,0,False
7,g007_p000054_g006_p000025_g005_p000025_g004_p000013_g003_p000004_g002_p000001_g001_p000081_empty,g006_p000025_g005_p000025_g004_p000013_g003_p000004_g002_p000001_g001_p000081_empty,g007_4a7b91f7d5e5b507_0027,54,25.0,9.0,37.0,3.693367398227565e-05,0.016375552862882614,0.00015911273658275604,0.00015911273658275604,0,False
7,g007_p000055_g006_p000025_g005_p000025_g004_p000013_g003_p000004_g002_p000001_g001_p000081_empty,g006_p000025_g005_p000025_g004_p000013_g003_p000004_g002_p000001_g001_p000081_empty,g007_4a7b91f7d5e5b507_0027,55,27.0,11.0,37.0,3.693363396450877e-05,0.016321908682584763,0.00010546855628490448,0.00010546855628490448,0,False
7,g007_p000056_g006_p000025_g005_p000025_g004_p000013_g003_p000004_g002_p000001_g001_p000081_empty,g006_p000025_g005_p000025_g004_p000013_g003_p000004_g002_p000001_g001_p000081_empty,g007_4a7b91f7d5e5b507_0027,56,40.0,42.0,39.0,3.66709973604884e-05,0.016271743923425674,5.5303797125816345e-05,5.5303797125816345e-05,0,False
7,g007_p000057_g006_p000025_g005_p000025_g004_p000013_g003_p000004_g002_p000001_g001_p000081_empty,g006_p000025_g005_p000025_g004_p000013_g003_p000004_g002_p000001_g001_p000081_empty,g007_4a7b91f7d5e5b507_0027,57,44.0,42.0,39.0,3.6670942790806293e-05,0.016478316858410835,0.00026187673211097717,0.00026187673211097717,0,False
7,g007_p000058_g006_p000025_g005_p000025_g004_p000013_g003_p000004_g002_p000001_g001_p000081_empty,g006_p000025_g005_p000025_g004_p000013_g003_p000004_g002_p000001_g001_p000081_empty,g007_4a7b91f7d5e5b507_0027,58,26.0,12.0,36.0,3.663108145701699e-05,0.01649290882050991,0.0002764686942100525,0.0002764686942100525,0,False
7,g007_p000059_g006_p000025_g005_p000025_g004_p000013_g003_p000004_g002_p000001_g001_p000081_empty,g006_p000025_g005_p000025_g004_p000013_g003_p000004_g002_p000001_g001_p000081_empty,g007_4a7b91f7d5e5b507_0027,59,26.0,8.0,36.0,3.6631074181059375e-05,0.016292311251163483,7.587112486362457e-05,7.587112486362457e-05,0,False
7,g007_p000060_g006_p000031_g005_p000025_g004_p000013_g003_p000004_g002_p000001_g001_p000081_empty,g006_p000031_g005_p000025_g004_p000013_g003_p000004_g002_p000001_g001_p000081_empty,g007_4a7b91f7d5e5b507_0027,60,9.0,11.0,16.0,3.6452634958550334e-05,0.016482137143611908,0.00026569701731204987,0.00026569701731204987,0,False
7,g007_p000061_g006_p000031_g005_p000025_g004_p000013_g003_p000004_g002_p000001_g001_p000081_empty,g006_p000031_g005_p000025_g004_p000013_g003_p000004_g002_p000001_g001_p000081_empty,g007_4a7b91f7d5e5b507_0027,61,11.0,9.0,16.0,3.645262404461391e-05,0.016482137143611908,0.00026569701731204987,0.00026569701731204987,0,False
7,g007_p000062_g006_p000031_g005_p000025_g004_p000013_g003_p000004_g002_p000001_g001_p000081_empty,g006_p000031_g005_p000025_g004_p000013_g003_p000004_g002_p000001_g001_p000081_empty,g007_4a7b91f7d5e5b507_0027,62,43.0,42.0,37.0,3.5867386031895876e-05,0.01649421453475952,0.0002777744084596634,0.0002777744084596634,0,False
7,g007_p000063_g006_p000031_g005_p000025_g004_p000013_g003_p000004_g002_p000001_g001_p000081_empty,g006_p000031_g005_p000025_g004_p000013_g003_p000004_g002_p000001_g001_p000081_empty,g007_4a7b91f7d5e5b507_0027,63,42.0,43.0,37.0,3.5867375117959455e-05,0.01637946255505085,0.00016302242875099182,0.00016302242875099182,0,False
7,g007_p000064_g006_p000031_g005_p000025_g004_p000013_g003_p000004_g002_p000001_g001_p000081_empty,g006_p000031_g005_p000025_g004_p000013_g003_p000004_g002_p000001_g001_p000081_empty,g007_4a7b91f7d5e5b507_0027,64,41.0,42.0,37.0,3.586737147998065e-05,0.016314450651407242,9.801052510738373e-05,9.801052510738373e-05,0,False
7,g007_p000065_g006_p000031_g005_p000025_g004_p000013_g003_p000004_g002_p000001_g001_p000081_empty,g006_p000031_g005_p000025_g004_p000013_g003_p000004_g002_p000001_g001_p000081_empty,g007_4a7b91f7d5e5b507_0027,65,42.0,41.0,37.0,3.586737147998065e-05,0.016249176114797592,3.273598849773407e-05,3.273598849773407e-05,0,False
7,g007_p000066_g006_p000031_g005_p000025_g004_p000013_g003_p000004_g002_p000001_g001_p000081_empty,g006_p000031_g005_p000025_g004_p000013_g003_p000004_g002_p000001_g001_p000081_empty,g007_4a7b91f7d5e5b507_0027,66,10.0,43.0,21.0,3.554262002580799e-05,0.016306523233652115,9.008310735225677e-05,9.008310735225677e-05,0,False
7,g007_p000067_g006_p000031_g005_p000025_g004_p000013_g003_p000004_g002_p000001_g001_p000081_empty,g006_p000031_g005_p000025_g004_p000013_g003_p000004_g002_p000001_g001_p000081_empty,g007_4a7b91f7d5e5b507_0027,67,14.0,41.0,21.0,3.554259455995634e-05,0.01636873185634613,0.00015229173004627228,0.00015229173004627228,0,False
7,g007_p000068_g006_p000031_g005_p000025_g004_p000013_g003_p000004_g002_p000001_g001_p000081_empty,g006_p000031_g005_p000025_g004_p000013_g003_p000004_g002_p000001_g001_p000081_empty,g007_4a7b91f7d5e5b507_0027,68,10.0,41.0,21.0,3.5536173527361825e-05,0.016276611015200615,6.0170888900756836e-05,6.0170888900756836e-05,0,False
7,g007_p000069_g006_p000031_g005_p000025_g004_p000013_g003_p000004_g002_p000001_g001_p000081_empty,g006_p000031_g005_p000025_g004_p000013_g003_p000004_g002_p000001_g001_p000081_empty,g007_4a7b91f7d5e5b507_0027,69,14.0,43.0,21.0,3.5536148061510175e-05,0.016369672492146492,0.0001532323658466339,0.0001532323658466339,0,False
7,g007_p000070_g006_p000031_g005_p000025_g004_p000013_g003_p000004_g002_p000001_g001_p000081_empty,g006_p000031_g005_p000025_g004_p000013_g003_p000004_g002_p000001_g001_p000081_empty,g007_4a7b91f7d5e5b507_0027,70,11.0,41.0,20.0,3.479726365185343e-05,0.016392942517995834,0.00017650239169597626,0.00017650239169597626,0,False
7,g007_p000071_g006_p000031_g005_p000025_g004_p000013_g003_p000004_g002_p000001_g001_p000081_empty,g006_p000031_g005_p000025_g004_p000013_g003_p000004_g002_p000001_g001_p000081_empty,g007_4a7b91f7d5e5b507_0027,71,13.0,43.0,20.0,3.47972490999382e-05,0.016379686072468758,0.00016324594616889954,0.00016324594616889954,0,False
7,g007_p000072_g006_p000037_g005_p000039_g004_p000019_g003_p000004_g002_p000001_g001_p000081_empty,g006_p000037_g005_p000039_g004_p000019_g003_p000004_g002_p000001_g001_p000081_empty,g007_4a7b91f7d5e5b507_0027,72,12.0,40.0,21.0,3.4755597880575806e-05,0.016353068873286247,0.00013662874698638916,0.00013662874698638916,0,False
7,g007_p000073_g006_p000037_g005_p000039_g004_p000019_g003_p000004_g002_p000001_g001_p000081_empty,g006_p000037_g005_p000039_g004_p000019_g003_p000004_g002_p000001_g001_p000081_empty,g007_4a7b91f7d5e5b507_0027,73,12.0,44.0,21.0,3.4755594242597e-05,0.0163130983710289,9.665824472904205e-05,9.665824472904205e-05,0,False
7,g007_p000074_g006_p000037_g005_p000039_g004_p000019_g003_p000004_g002_p000001_g001_p000081_empty,g006_p000037_g005_p000039_g004_p000019_g003_p000004_g002_p000001_g001_p000081_empty,g007_4a7b91f7d5e5b507_0027,74,9.0,9.0,16.0,3.452130113146268e-05,0.016317512840032578,0.00010107271373271942,0.00010107271373271942,0,False
7,g007_p000075_g006_p000037_g005_p000039_g004_p000019_g003_p000004_g002_p000001_g001_p000081_empty,g006_p000037_g005_p000039_g004_p000019_g003_p000004_g002_p000001_g001_p000081_empty,g007_4a7b91f7d5e5b507_0027,75,11.0,11.0,16.0,3.452129021752626e-05,0.016289418563246727,7.29784369468689e-05,7.29784369468689e-05,0,False
7,g007_p000076_g006_p000037_g005_p000039_g004_p000019_g003_p000004_g002_p000001_g001_p000081_empty,g006_p000037_g005_p000039_g004_p000019_g003_p000004_g002_p000001_g001_p000081_empty,g007_4a7b91f7d5e5b507_0027,76,26.0,11.0,35.0,3.375751111889258e-05,0.016254013404250145,3.7573277950286865e-05,3.7573277950286865e-05,0,False
7,g007_p000077_g006_p000037_g005_p000039_g004_p000019_g003_p000004_g002_p000001_g001_p000081_empty,g006_p000037_g005_p000039_g004_p000019_g003_p000004_g002_p000001_g001_p000081_empty,g007_4a7b91f7d5e5b507_0027,77,26.0,9.0,35.0,3.375750748091377e-05,0.01635819301009178,0.00014175288379192352,0.00014175288379192352,0,False
7,g007_p000078_g006_p000037_g005_p000039_g004_p000019_g003_p000004_g002_p000001_g001_p000081_empty,g006_p000037_g005_p000039_g004_p000019_g003_p000004_g002_p000001_g001_p000081_empty,g007_4a7b91f7d5e5b507_0027,78,24.0,8.0,36.0,3.368788384250365e-05,0.016505790874361992,0.0002893507480621338,0.0002893507480621338,0,False
7,g007_p000079_g006_p000037_g005_p000039_g004_p000019_g003_p000004_g002_p000001_g001_p000081_empty,g006_p000037_g005_p000039_g004_p000019_g003_p000004_g002_p000001_g001_p000081_empty,g007_4a7b91f7d5e5b507_0027,79,28.0,12.0,36.0,3.368788384250365e-05,0.016517285257577896,0.000300845131278038,0.000300845131278038,0,False
7,g007_p000080_g006_p000037_g005_p000039_g004_p000019_g003_p000004_g002_p000001_g001_p000081_empty,g006_p000037_g005_p000039_g004_p000019_g003_p000004_g002_p000001_g001_p000081_empty,g007_4a7b91f7d5e5b507_0027,80,25.0,12.0,37.0,3.2558127713855356e-05,0.01641874760389328,0.00020230747759342194,0.00020230747759342194,0,False
7,g007_p000081_g006_p000037_g005_p000039_g004_p000019_g003_p000004_g002_p000001_g001_p000081_empty,g006_p000037_g005_p000039_g004_p000019_g003_p000004_g002_p000001_g001_p000081_empty,g007_4a7b91f7d5e5b507_0027,81,27.0,8.0,37.0,3.255811316194013e-05,0.016426807269454002,0.0002103671431541443,0.0002103671431541443,0,False
7,g007_p000082_g006_p000037_g005_p000039_g004_p000019_g003_p000004_g002_p000001_g001_p000081_empty,g006_p000037_g005_p000039_g004_p000019_g003_p000004_g002_p000001_g001_p000081_empty,g007_4a7b91f7d5e5b507_0027,82,24.0,9.0,36.0,3.252353417337872e-05,0.016463961452245712,0.0002475213259458542,0.0002475213259458542,0,False
7,g007_p000083_g006_p000037_g005_p000039_g004_p000019_g003_p000004_g002_p000001_g001_p000081_empty,g006_p000037_g005_p000039_g004_p000019_g003_p000004_g002_p000001_g001_p000081_empty,g007_4a7b91f7d5e5b507_0027,83,28.0,11.0,36.0,3.252352689742111e-05,0.016463961452245712,0.0002475213259458542,0.0002475213259458542,0,False
7,g007_p000084_g006_p000043_g005_p000039_g004_p000019_g003_p000004_g002_p000001_g001_p000081_empty,g006_p000043_g005_p000039_g004_p000019_g003_p000004_g002_p000001_g001_p000081_empty,g007_4a7b91f7d5e5b507_0027,84,11.0,40.0,21.0,3.2470939913764596e-05,0.016300920397043228,8.448027074337006e-05,8.448027074337006e-05,0,False
7,g007_p000085_g006_p000043_g005_p000039_g004_p000019_g003_p000004_g002_p000001_g001_p000081_empty,g006_p000043_g005_p000039_g004_p000019_g003_p000004_g002_p000001_g001_p000081_empty,g007_4a7b91f7d5e5b507_0027,85,13.0,44.0,21.0,3.247092536184937e-05,0.016389507800340652,0.00017306767404079437,0.00017306767404079437,0,False
7,g007_p000086_g006_p000043_g005_p000039_g004_p000019_g003_p000004_g002_p000001_g001_p000081_empty,g006_p000043_g005_p000039_g004_p000019_g003_p000004_g002_p000001_g001_p000081_empty,g007_4a7b91f7d5e5b507_0027,86,42.0,40.0,39.0,3.242555612814613e-05,0.016242673620581627,2.62334942817688e-05,2.62334942817688e-05,0,False
7,g007_p000087_g006_p000043_g005_p000039_g004_p000019_g003_p000004_g002_p000001_g001_p000081_empty,g006_p000043_g005_p000039_g004_p000019_g003_p000004_g002_p000001_g001_p000081_empty,g007_4a7b91f7d5e5b507_0027,87,42.0,44.0,39.0,3.242554885218851e-05,0.01641593687236309,0.00019949674606323242,0.00019949674606323242,0,False
7,g007_p000088_g006_p000043_g005_p000039_g004_p000019_g003_p000004_g002_p000001_g001_p000081_empty,g006_p000043_g005_p000039_g004_p000019_g003_p000004_g002_p000001_g001_p000081_empty,g007_4a7b91f7d5e5b507_0027,88,11.0,43.0,20.0,3.237036435166374e-05,0.016225386410951614,8.946284651756287e-06,8.946284651756287e-06,0,False
7,g007_p000089_g006_p000043_g005_p000039_g004_p000019_g003_p000004_g002_p000001_g001_p000081_empty,g006_p000043_g005_p000039_g004_p000019_g003_p000004_g002_p000001_g001_p000081_empty,g007_4a7b91f7d5e5b507_0027,89,13.0,41.0,20.0,3.2370357075706124e-05,0.016487108543515205,0.0002706684172153473,0.0002706684172153473,0,False
7,g007_p000090_g006_p000043_g005_p000039_g004_p000019_g003_p000004_g002_p000001_g001_p000081_empty,g006_p000043_g005_p000039_g004_p000019_g003_p000004_g002_p000001_g001_p000081_empty,g007_4a7b91f7d5e5b507_0027,90,41.0,42.0,39.0,3.231774098821916e-05,0.016244929283857346,2.8489157557487488e-05,2.8489157557487488e-05,0,False
7,g007_p000091_g006_p000043_g005_p000039_g004_p000019_g003_p000004_g002_p000001_g001_p000081_empty,g006_p000043_g005_p000039_g004_p000019_g003_p000004_g002_p000001_g001_p000081_empty,g007_4a7b91f7d5e5b507_0027,91,42.0,41.0,39.0,3.231772643630393e-05,0.016313716769218445,9.727664291858673e-05,9.727664291858673e-05,0,False
7,g007_p000092_g006_p000043_g005_p000039_g004_p000019_g003_p000004_g002_p000001_g001_p000081_empty,g006_p000043_g005_p000039_g004_p000019_g003_p000004_g002_p000001_g001_p000081_empty,g007_4a7b91f7d5e5b507_0027,92,42.0,43.0,39.0,3.2317719160346314e-05,0.01631448045372963,9.804032742977142e-05,9.804032742977142e-05,0,False
7,g007_p000093_g006_p000043_g005_p000039_g004_p000019_g003_p000004_g002_p000001_g001_p000081_empty,g006_p000043_g005_p000039_g004_p000019_g003_p000004_g002_p000001_g001_p000081_empty,g007_4a7b91f7d5e5b507_0027,93,43.0,42.0,39.0,3.2317679142579436e-05,0.016225943341851234,9.503215551376343e-06,9.503215551376343e-06,0,False
7,g007_p000094_g006_p000043_g005_p000039_g004_p000019_g003_p000004_g002_p000001_g001_p000081_empty,g006_p000043_g005_p000039_g004_p000019_g003_p000004_g002_p000001_g001_p000081_empty,g007_4a7b91f7d5e5b507_0027,94,11.0,43.0,18.0,3.218443089281209e-05,0.016439087688922882,0.000222647562623024,0.000222647562623024,0,False
7,g007_p000095_g006_p000043_g005_p000039_g004_p000019_g003_p000004_g002_p000001_g001_p000081_empty,g006_p000043_g005_p000039_g004_p000019_g003_p000004_g002_p000001_g001_p000081_empty,g007_4a7b91f7d5e5b507_0027,95,13.0,41.0,18.0,3.218442725483328e-05,0.01650872267782688,0.0002922825515270233,0.0002922825515270233,0,False
8,g008_p000000_g007_p000009_g006_p000001_g005_p000028_g004_p000013_g003_p000004_g002_p000001_g001_p000081_empty,g007_p000009_g006_p000001_g005_p000028_g004_p000013_g003_p000004_g002_p000001_g001_p000081_empty,g008_e176872d56acf6d5_0028,0,42.0,42.0,38.0,7.423365605063736e-05,0.016332227736711502,0.0001068413257598877,0.00011578761041164398,0,False
8,g008_p000006_g007_p000009_g006_p000001_g005_p000028_g004_p000013_g003_p000004_g002_p000001_g001_p000081_empty,g007_p000009_g006_p000001_g005_p000028_g004_p000013_g003_p000004_g002_p000001_g001_p000081_empty,g008_e176872d56acf6d5_0028,1,26.0,11.0,36.0,6.44840401946567e-05,0.016422433778643608,0.0001970473676919937,0.00020599365234375,0,False
8,g008_p000012_g007_p000032_g006_p000013_g005_p000070_g004_p000031_g003_p000015_g002_p000007_g001_p000081_empty,g007_p000032_g006_p000013_g005_p000070_g004_p000031_g003_p000015_g002_p000007_g001_p000081_empty,g008_1488fad63b771daf_0029,0,42.0,42.0,38.0,7.275344978552312e-05,0.01633872091770172,0.00011333450675010681,0.0001222807914018631,0,False
8,g008_p000018_g007_p000032_g006_p000013_g005_p000070_g004_p000031_g003_p000015_g002_p000007_g001_p000081_empty,g007_p000032_g006_p000013_g005_p000070_g004_p000031_g003_p000015_g002_p000007_g001_p000081_empty,g008_1488fad63b771daf_0029,1,26.0,11.0,36.0,6.44840401946567e-05,0.01635603979229927,0.00013065338134765625,0.00013959966599941254,0,False
8,g008_p000024_g007_p000088_g006_p000043_g005_p000039_g004_p000019_g003_p000004_g002_p000001_g001_p000081_empty,g007_p000088_g006_p000043_g005_p000039_g004_p000019_g003_p000004_g002_p000001_g001_p000081_empty,g008_25b9e09f5cc2b6d0_0030,0,42.0,42.0,38.0,7.275344978552312e-05,0.016400333493947983,0.0001749470829963684,0.0001838933676481247,0,False
8,g008_p000030_g007_p000088_g006_p000043_g005_p000039_g004_p000019_g003_p000004_g002_p000001_g001_p000081_empty,g007_p000088_g006_p000043_g005_p000039_g004_p000019_g003_p000004_g002_p000001_g001_p000081_empty,g008_25b9e09f5cc2b6d0_0030,1,26.0,11.0,36.0,6.44840401946567e-05,0.01635603979229927,0.00013065338134765625,0.00013959966599941254,0,False
8,g008_p000036_g007_p000053_g006_p000025_g005_p000025_g004_p000013_g003_p000004_g002_p000001_g001_p000081_empty,g007_p000053_g006_p000025_g005_p000025_g004_p000013_g003_p000004_g002_p000001_g001_p000081_empty,g008_15ed28654f39a62c_0031,0,42.0,42.0,38.0,7.31692707631737e-05,0.01625773124396801,3.178790211677551e-05,4.1291117668151855e-05,0,False
8,g008_p000042_g007_p000053_g006_p000025_g005_p000025_g004_p000013_g003_p000004_g002_p000001_g001_p000081_empty,g007_p000053_g006_p000025_g005_p000025_g004_p000013_g003_p000004_g002_p000001_g001_p000081_empty,g008_15ed28654f39a62c_0031,1,26.0,11.0,36.0,6.44840401946567e-05,0.01627410016953945,4.815682768821716e-05,5.7660043239593506e-05,0,False
8,g008_p000048_g007_p000093_g006_p000043_g005_p000039_g004_p000019_g003_p000004_g002_p000001_g001_p000081_empty,g007_p000093_g006_p000043_g005_p000039_g004_p000019_g003_p000004_g002_p000001_g001_p000081_empty,g008_14eb5c3d4b70caf9_0032,0,42.0,42.0,38.0,7.31692707631737e-05,0.016275569796562195,4.962645471096039e-05,5.912967026233673e-05,0,False
8,g008_p000054_g007_p000093_g006_p000043_g005_p000039_g004_p000019_g003_p000004_g002_p000001_g001_p000081_empty,g007_p000093_g006_p000043_g005_p000039_g004_p000019_g003_p000004_g002_p000001_g001_p000081_empty,g008_14eb5c3d4b70caf9_0032,1,26.0,11.0,36.0,6.44840401946567e-05,0.016324028372764587,9.808503091335297e-05,0.00010758824646472931,0,False
8,g008_p000060_g007_p000086_g006_p000043_g005_p000039_g004_p000019_g003_p000004_g002_p000001_g001_p000081_empty,g007_p000086_g006_p000043_g005_p000039_g004_p000019_g003_p000004_g002_p000001_g001_p000081_empty,g008_7b87d692deebae9e_0033,0,42.0,42.0,38.0,7.419301255140454e-05,0.01639740914106369,0.0001547355204820633,0.0001809690147638321,0,False
8,g008_p000066_g007_p000086_g006_p000043_g005_p000039_g004_p000019_g003_p000004_g002_p000001_g001_p000081_empty,g007_p000086_g006_p000043_g005_p000039_g004_p000019_g003_p000004_g002_p000001_g001_p000081_empty,g008_7b87d692deebae9e_0033,1,26.0,11.0,36.0,6.44840401946567e-05,0.016349533572793007,0.00010685995221138,0.0001330934464931488,0,False
8,g008_p000072_g007_p000090_g006_p000043_g005_p000039_g004_p000019_g003_p000004_g002_p000001_g001_p000081_empty,g007_p000090_g006_p000043_g005_p000039_g004_p000019_g003_p000004_g002_p000001_g001_p000081_empty,g008_e36e7df34c8478c1_0034,0,42.0,42.0,38.0,7.400089816655964e-05,0.0163143090903759,6.937980651855469e-05,9.786896407604218e-05,0,False
8,g008_p000078_g007_p000090_g006_p000043_g005_p000039_g004_p000019_g003_p000004_g002_p000001_g001_p000081_empty,g007_p000090_g006_p000043_g005_p000039_g004_p000019_g003_p000004_g002_p000001_g001_p000081_empty,g008_e36e7df34c8478c1_0034,1,26.0,11.0,36.0,6.44840401946567e-05,0.016460834071040154,0.00021590478718280792,0.0002443939447402954,0,False
8,g008_p000084_g007_p000065_g006_p000031_g005_p000025_g004_p000013_g003_p000004_g002_p000001_g001_p000081_empty,g007_p000065_g006_p000031_g005_p000025_g004_p000013_g003_p000004_g002_p000001_g001_p000081_empty,g008_3e190d95d7826ddb_0035,0,42.0,42.0,38.0,7.475978782167658e-05,0.016433626413345337,0.00018445029854774475,0.00021718628704547882,0,False
8,g008_p000090_g007_p000065_g006_p000031_g005_p000025_g004_p000013_g003_p000004_g002_p000001_g001_p000081_empty,g007_p000065_g006_p000031_g005_p000025_g004_p000013_g003_p000004_g002_p000001_g001_p000081_empty,g008_3e190d95d7826ddb_0035,1,26.0,11.0,36.0,6.44840401946567e-05,0.016258103772997856,8.927658200263977e-06,4.166364669799805e-05,0,False
9,g009_p000000_g008_p000001_g007_p000009_g006_p000001_g005_p000028_g004_p000013_g003_p000004_g002_p000001_g001_p000081_empty,g008_p000001_g007_p000009_g006_p000001_g005_p000028_g004_p000013_g003_p000004_g002_p000001_g001_p000081_empty,g009_d365356a47a15a84_0036,0,42.0,42.0,38.0,7.275344978552312e-05,0.01639479026198387,0.00017835013568401337,0.00017835013568401337,0,False
9,g009_p000001_g008_p000001_g007_p000009_g006_p000001_g005_p000028_g004_p000013_g003_p000004_g002_p000001_g001_p000081_empty,g008_p000001_g007_p000009_g006_p000001_g005_p000028_g004_p000013_g003_p000004_g002_p000001_g001_p000081_empty,g009_d365356a47a15a84_0036,1,26.0,11.0,36.0,6.44840401946567e-05,0.01629084348678589,7.440336048603058e-05,7.440336048603058e-05,0,False
9,g009_p000002_g008_p000001_g007_p000009_g006_p000001_g005_p000028_g004_p000013_g003_p000004_g002_p000001_g001_p000081_empty,g008_p000001_g007_p000009_g006_p000001_g005_p000028_g004_p000013_g003_p000004_g002_p000001_g001_p000081_empty,g009_d365356a47a15a84_0036,2,26.0,9.0,36.0,6.448401109082624e-05,0.016347168013453484,0.0001307278871536255,0.0001307278871536255,0,False
9,g009_p000003_g008_p000001_g007_p000009_g006_p000001_g005_p000028_g004_p000013_g003_p000004_g002_p000001_g001_p000081_empty,g008_p000001_g007_p000009_g006_p000001_g005_p000028_g004_p000013_g003_p000004_g002_p000001_g001_p000081_empty,g009_d365356a47a15a84_0036,3,12.0,41.0,21.0,5.496812082128599e-05,0.0164010189473629,0.0001845788210630417,0.0001845788210630417,0,False
9,g009_p000004_g008_p000001_g007_p000009_g006_p000001_g005_p000028_g004_p000013_g003_p000004_g002_p000001_g001_p000081_empty,g008_p000001_g007_p000009_g006_p000001_g005_p000028_g004_p000013_g003_p000004_g002_p000001_g001_p000081_empty,g009_d365356a47a15a84_0036,4,12.0,43.0,21.0,5.496812082128599e-05,0.016246259212493896,2.981908619403839e-05,2.981908619403839e-05,0,False
9,g009_p000005_g008_p000001_g007_p000009_g006_p000001_g005_p000028_g004_p000013_g003_p000004_g002_p000001_g001_p000081_empty,g008_p000001_g007_p000009_g006_p000001_g005_p000028_g004_p000013_g003_p000004_g002_p000001_g001_p000081_empty,g009_d365356a47a15a84_0036,5,27.0,10.0,36.0,5.410551239037886e-05,0.016258148476481438,4.170835018157959e-05,4.170835018157959e-05,0,False
9,g009_p000006_g008_p000001_g007_p000009_g006_p000001_g005_p000028_g004_p000013_g003_p000004_g002_p000001_g001_p000081_empty,g008_p000001_g007_p000009_g006_p000001_g005_p000028_g004_p000013_g003_p000004_g002_p000001_g001_p000081_empty,g009_d365356a47a15a84_0036,6,25.0,10.0,36.0,5.4105508752400056e-05,0.01638999953866005,0.00017355941236019135,0.00017355941236019135,0,False
9,g009_p000007_g008_p000001_g007_p000009_g006_p000001_g005_p000028_g004_p000013_g003_p000004_g002_p000001_g001_p000081_empty,g008_p000001_g007_p000009_g006_p000001_g005_p000028_g004_p000013_g003_p000004_g002_p000001_g001_p000081_empty,g009_d365356a47a15a84_0036,7,42.0,42.0,36.0,5.062896161689423e-05,0.016335424035787582,0.0001189839094877243,0.0001189839094877243,0,False
9,g009_p000008_g008_p000001_g007_p000009_g006_p000001_g005_p000028_g004_p000013_g003_p000004_g002_p000001_g001_p000081_empty,g008_p000001_g007_p000009_g006_p000001_g005_p000028_g004_p000013_g003_p000004_g002_p000001_g001_p000081_empty,g009_d365356a47a15a84_0036,8,42.0,42.0,37.0,4.993812763132155e-05,0.016312599182128906,9.615905582904816e-05,9.615905582904816e-05,0,False
9,g009_p000009_g008_p000001_g007_p000009_g006_p000001_g005_p000028_g004_p000013_g003_p000004_g002_p000001_g001_p000081_empty,g008_p000001_g007_p000009_g006_p000001_g005_p000028_g004_p000013_g003_p000004_g002_p000001_g001_p000081_empty,g009_d365356a47a15a84_0036,9,41.0,42.0,38.0,4.909671770292334e-05,0.01629084348678589,7.440336048603058e-05,7.440336048603058e-05,0,False
9,g009_p000010_g008_p000001_g007_p000009_g006_p000001_g005_p000028_g004_p000013_g003_p000004_g002_p000001_g001_p000081_empty,g008_p000001_g007_p000009_g006_p000001_g005_p000028_g004_p000013_g003_p000004_g002_p000001_g001_p000081_empty,g009_d365356a47a15a84_0036,10,42.0,41.0,38.0,4.909671042696573e-05,0.016225386410951614,8.946284651756287e-06,8.946284651756287e-06,0,False
9,g009_p000011_g008_p000001_g007_p000009_g006_p000001_g005_p000028_g004_p000013_g003_p000004_g002_p000001_g001_p000081_empty,g008_p000001_g007_p000009_g006_p000001_g005_p000028_g004_p000013_g003_p000004_g002_p000001_g001_p000081_empty,g009_d365356a47a15a84_0036,11,42.0,43.0,38.0,4.909669951302931e-05,0.01635603979229927,0.00013959966599941254,0.00013959966599941254,0,False
9,g009_p000012_g008_p000007_g007_p000009_g006_p000001_g005_p000028_g004_p000013_g003_p000004_g002_p000001_g001_p000081_empty,g008_p000007_g007_p000009_g006_p000001_g005_p000028_g004_p000013_g003_p000004_g002_p000001_g001_p000081_empty,g009_d365356a47a15a84_0036,12,43.0,42.0,38.0,4.909669223707169e-05,0.016411451622843742,0.00019501149654388428,0.00019501149654388428,0,False
9,g009_p000013_g008_p000007_g007_p000009_g006_p000001_g005_p000028_g004_p000013_g003_p000004_g002_p000001_g001_p000081_empty,g008_p000007_g007_p000009_g006_p000001_g005_p000028_g004_p000013_g003_p000004_g002_p000001_g001_p000081_empty,g009_d365356a47a15a84_0036,13,27.0,11.0,36.0,4.901247666566633e-05,0.016225386410951614,8.946284651756287e-06,8.946284651756287e-06,0,False
9,g009_p000014_g008_p000007_g007_p000009_g006_p000001_g005_p000028_g004_p000013_g003_p000004_g002_p000001_g001_p000081_empty,g008_p000007_g007_p000009_g006_p000001_g005_p000028_g004_p000013_g003_p000004_g002_p000001_g001_p000081_empty,g009_d365356a47a15a84_0036,14,25.0,9.0,36.0,4.90124621137511e-05,0.016382602974772453,0.00016616284847259521,0.00016616284847259521,0,False
9,g009_p000015_g008_p000007_g007_p000009_g006_p000001_g005_p000028_g004_p000013_g003_p000004_g002_p000001_g001_p000081_empty,g008_p000007_g007_p000009_g006_p000001_g005_p000028_g004_p000013_g003_p000004_g002_p000001_g001_p000081_empty,g009_d365356a47a15a84_0036,15,25.0,10.0,37.0,4.810038080904633e-05,0.016370972618460655,0.00015453249216079712,0.00015453249216079712,0,False
9,g009_p000016_g008_p000007_g007_p000009_g006_p000001_g005_p000028_g004_p000013_g003_p000004_g002_p000001_g001_p000081_empty,g008_p000007_g007_p000009_g006_p000001_g005_p000028_g004_p000013_g003_p000004_g002_p000001_g001_p000081_empty,g009_d365356a47a15a84_0036,16,27.0,10.0,37.0,4.8100333515321836e-05,0.0163130983710289,9.665824472904205e-05,9.665824472904205e-05,0,False
9,g009_p000017_g008_p000007_g007_p000009_g006_p000001_g005_p000028_g004_p000013_g003_p000004_g002_p000001_g001_p000081_empty,g008_p000007_g007_p000009_g006_p000001_g005_p000028_g004_p000013_g003_p000004_g002_p000001_g001_p000081_empty,g009_d365356a47a15a84_0036,17,11.0,42.0,20.0,4.7555378841934726e-05,0.016314584761857986,9.814463555812836e-05,9.814463555812836e-05,0,False
9,g009_p000018_g008_p000007_g007_p000009_g006_p000001_g005_p000028_g004_p000013_g003_p000004_g002_p000001_g001_p000081_empty,g008_p000007_g007_p000009_g006_p000001_g005_p000028_g004_p000013_g003_p000004_g002_p000001_g001_p000081_empty,g009_d365356a47a15a84_0036,18,13.0,42.0,20.0,4.7555353376083076e-05,0.016264626756310463,4.818663001060486e-05,4.818663001060486e-05,0,False
9,g009_p000019_g008_p000007_g007_p000009_g006_p000001_g005_p000028_g004_p000013_g003_p000004_g002_p000001_g001_p000081_empty,g008_p000007_g007_p000009_g006_p000001_g005_p000028_g004_p000013_g003_p000004_g002_p000001_g001_p000081_empty,g009_d365356a47a15a84_0036,19,12.0,42.0,18.0,4.752112363348715e-05,0.016444219276309013,0.00022777915000915527,0.00022777915000915527,0,False
9,g009_p000020_g008_p000007_g007_p000009_g006_p000001_g005_p000028_g004_p000013_g003_p000004_g002_p000001_g001_p000081_empty,g008_p000007_g007_p000009_g006_p000001_g005_p000028_g004_p000013_g003_p000004_g002_p000001_g001_p000081_empty,g009_d365356a47a15a84_0036,20,25.0,11.0,37.0,4.713215457741171e-05,0.01644047535955906,0.00022403523325920105,0.00022403523325920105,0,False
9,g009_p000021_g008_p000007_g007_p000009_g006_p000001_g005_p000028_g004_p000013_g003_p000004_g002_p000001_g001_p000081_empty,g008_p000007_g007_p000009_g006_p000001_g005_p000028_g004_p000013_g003_p000004_g002_p000001_g001_p000081_empty,g009_d365356a47a15a84_0036,21,27.0,9.0,37.0,4.7132110921666026e-05,0.01639712229371071,0.00018068216741085052,0.00018068216741085052,0,False
9,g009_p000022_g008_p000007_g007_p000009_g006_p000001_g005_p000028_g004_p000013_g003_p000004_g002_p000001_g001_p000081_empty,g008_p000007_g007_p000009_g006_p000001_g005_p000028_g004_p000013_g003_p000004_g002_p000001_g001_p000081_empty,g009_d365356a47a15a84_0036,22,41.0,43.0,38.0,4.58423892268911e-05,0.016358962282538414,0.0001425221562385559,0.0001425221562385559,0,False
9,g009_p000023_g008_p000007_g007_p000009_g006_p000001_g005_p000028_g004_p000013_g003_p000004_g002_p000001_g001_p000081_empty,g008_p000007_g007_p000009_g006_p000001_g005_p000028_g004_p000013_g003_p000004_g002_p000001_g001_p000081_empty,g009_d365356a47a15a84_0036,23,43.0,41.0,38.0,4.5842381950933486e-05,0.016292311251163483,7.587112486362457e-05,7.587112486362457e-05,0,False
9,g009_p000024_g008_p000013_g007_p000032_g006_p000013_g005_p000070_g004_p000031_g003_p000015_g002_p000007_g001_p000081_empty,g008_p000013_g007_p000032_g006_p000013_g005_p000070_g004_p000031_g003_p000015_g002_p000007_g001_p000081_empty,g009_d365356a47a15a84_0036,24,26.0,11.0,37.0,4.5596458221552894e-05,0.016256406903266907,3.9966776967048645e-05,3.9966776967048645e-05,0,False
9,g009_p000025_g008_p000013_g007_p000032_g006_p000013_g005_p000070_g004_p000031_g003_p000015_g002_p000007_g001_p000081_empty,g008_p000013_g007_p000032_g006_p000013_g005_p000070_g004_p000031_g003_p000015_g002_p000007_g001_p000081_empty,g009_d365356a47a15a84_0036,25,26.0,9.0,37.0,4.5596454583574086e-05,0.01638973131775856,0.0001732911914587021,0.0001732911914587021,0,False
9,g009_p000026_g008_p000013_g007_p000032_g006_p000013_g005_p000070_g004_p000031_g003_p000015_g002_p000007_g001_p000081_empty,g008_p000013_g007_p000032_g006_p000013_g005_p000070_g004_p000031_g003_p000015_g002_p000007_g001_p000081_empty,g009_d365356a47a15a84_0036,26,11.0,41.0,21.0,4.55718363809865e-05,0.016326148062944412,0.00010970793664455414,0.00010970793664455414,0,False
9,g009_p000027_g008_p000013_g007_p000032_g006_p000013_g005_p000070_g004_p000031_g003_p000015_g002_p000007_g001_p000081_empty,g008_p000013_g007_p000032_g006_p000013_g005_p000070_g004_p000031_g003_p000015_g002_p000007_g001_p000081_empty,g009_d365356a47a15a84_0036,27,13.0,43.0,21.0,4.5571800001198426e-05,0.016326148062944412,0.00010970793664455414,0.00010970793664455414,0,False
9,g009_p000028_g008_p000013_g007_p000032_g006_p000013_g005_p000070_g004_p000031_g003_p000015_g002_p000007_g001_p000081_empty,g008_p000013_g007_p000032_g006_p000013_g005_p000070_g004_p000031_g003_p000015_g002_p000007_g001_p000081_empty,g009_d365356a47a15a84_0036,28,41.0,41.0,38.0,4.520791844697669e-05,0.01634843461215496,0.00013199448585510254,0.00013199448585510254,0,False
9,g009_p000029_g008_p000013_g007_p000032_g006_p000013_g005_p000070_g004_p000031_g003_p000015_g002_p000007_g001_p000081_empty,g008_p000013_g007_p000032_g006_p000013_g005_p000070_g004_p000031_g003_p000015_g002_p000007_g001_p000081_empty,g009_d365356a47a15a84_0036,29,43.0,43.0,38.0,4.520791117101908e-05,0.016439838334918022,0.00022339820861816406,0.00022339820861816406,0,False
9,g009_p000030_g008_p000013_g007_p000032_g006_p000013_g005_p000070_g004_p000031_g003_p000015_g002_p000007_g001_p000081_empty,g008_p000013_g007_p000032_g006_p000013_g005_p000070_g004_p000031_g003_p000015_g002_p000007_g001_p000081_empty,g009_d365356a47a15a84_0036,30,12.0,42.0,20.0,4.48539067292586e-05,0.016314584761857986,9.814463555812836e-05,9.814463555812836e-05,0,False
9,g009_p000031_g008_p000013_g007_p000032_g006_p000013_g005_p000070_g004_p000031_g003_p000015_g002_p000007_g001_p000081_empty,g008_p000013_g007_p000032_g006_p000013_g005_p000070_g004_p000031_g003_p000015_g002_p000007_g001_p000081_empty,g009_d365356a47a15a84_0036,31,9.0,10.0,16.0,4.4673430238617584e-05,0.016371656209230423,0.00015521608293056488,0.00015521608293056488,0,False
9,g009_p000032_g008_p000013_g007_p000032_g006_p000013_g005_p000070_g004_p000031_g003_p000015_g002_p000007_g001_p000081_empty,g008_p000013_g007_p000032_g006_p000013_g005_p000070_g004_p000031_g003_p000015_g002_p000007_g001_p000081_empty,g009_d365356a47a15a84_0036,32,11.0,10.0,16.0,4.4673404772765934e-05,0.016419807448983192,0.00020336732268333435,0.00020336732268333435,0,False
9,g009_p000033_g008_p000013_g007_p000032_g006_p000013_g005_p000070_g004_p000031_g003_p000015_g002_p000007_g001_p000081_empty,g008_p000013_g007_p000032_g006_p000013_g005_p000070_g004_p000031_g003_p000015_g002_p000007_g001_p000081_empty,g009_d365356a47a15a84_0036,33,11.0,43.0,21.0,4.34571884397883e-05,0.016311632469296455,9.519234299659729e-05,9.519234299659729e-05,0,False
9,g009_p000034_g008_p000013_g007_p000032_g006_p000013_g005_p000070_g004_p000031_g003_p000015_g002_p000007_g001_p000081_empty,g008_p000013_g007_p000032_g006_p000013_g005_p000070_g004_p000031_g003_p000015_g002_p000007_g001_p000081_empty,g009_d365356a47a15a84_0036,34,13.0,41.0,21.0,4.345716297393665e-05,0.016444146633148193,0.00022770650684833527,0.00022770650684833527,0,False
9,g009_p000035_g008_p000013_g007_p000032_g006_p000013_g005_p000070_g004_p000031_g003_p000015_g002_p000007_g001_p000081_empty,g008_p000013_g007_p000032_g006_p000013_g005_p000070_g004_p000031_g003_p000015_g002_p000007_g001_p000081_empty,g009_d365356a47a15a84_0036,35,11.0,42.0,21.0,4.268612610758282e-05,0.016313714906573296,9.72747802734375e-05,9.72747802734375e-05,0,False
9,g009_p000036_g008_p000019_g007_p000032_g006_p000013_g005_p000070_g004_p000031_g003_p000015_g002_p000007_g001_p000081_empty,g008_p000019_g007_p000032_g006_p000013_g005_p000070_g004_p000031_g003_p000015_g002_p000007_g001_p000081_empty,g009_d365356a47a15a84_0036,36,13.0,42.0,21.0,4.2686071537900716e-05,0.016350705176591873,0.00013426505029201508,0.00013426505029201508,0,False
9,g009_p000037_g008_p000019_g007_p000032_g006_p000013_g005_p000070_g004_p000031_g003_p000015_g002_p000007_g001_p000081_empty,g008_p000019_g007_p000032_g006_p000013_g005_p000070_g004_p000031_g003_p000015_g002_p000007_g001_p000081_empty,g009_d365356a47a15a84_0036,37,26.0,12.0,37.0,4.2632382246665657e-05,0.016242673620581627,2.62334942817688e-05,2.62334942817688e-05,0,False
9,g009_p000038_g008_p000019_g007_p000032_g006_p000013_g005_p000070_g004_p000031_g003_p000015_g002_p000007_g001_p000081_empty,g008_p000019_g007_p000032_g006_p000013_g005_p000070_g004_p000031_g003_p000015_g002_p000007_g001_p000081_empty,g009_d365356a47a15a84_0036,38,26.0,8.0,37.0,4.263237497070804e-05,0.016492847353219986,0.00027640722692012787,0.00027640722692012787,0,False
9,g009_p000039_g008_p000019_g007_p000032_g006_p000013_g005_p000070_g004_p000031_g003_p000015_g002_p000007_g001_p000081_empty,g008_p000019_g007_p000032_g006_p000013_g005_p000070_g004_p000031_g003_p000015_g002_p000007_g001_p000081_empty,g009_d365356a47a15a84_0036,39,10.0,42.0,21.0,4.235047526890412e-05,0.01635744608938694,0.0001410059630870819,0.0001410059630870819,0,False
9,g009_p000040_g008_p000019_g007_p000032_g006_p000013_g005_p000070_g004_p000031_g003_p000015_g002_p000007_g001_p000081_empty,g008_p000019_g007_p000032_g006_p000013_g005_p000070_g004_p000031_g003_p000015_g002_p000007_g001_p000081_empty,g009_d365356a47a15a84_0036,40,14.0,42.0,21.0,4.2350442527094856e-05,0.016350969672203064,0.00013452954590320587,0.00013452954590320587,0,False
9,g009_p000041_g008_p000019_g007_p000032_g006_p000013_g005_p000070_g004_p000031_g003_p000015_g002_p000007_g001_p000081_empty,g008_p000019_g007_p000032_g006_p000013_g005_p000070_g004_p000031_g003_p000015_g002_p000007_g001_p000081_empty,g009_d365356a47a15a84_0036,41,12.0,42.0,19.0,4.142757461522706e-05,0.01637762039899826,0.0001611802726984024,0.0001611802726984024,0,False
9,g009_p000042_g008_p000019_g007_p000032_g006_p000013_g005_p000070_g004_p000031_g003_p000015_g002_p000007_g001_p000081_empty,g008_p000019_g007_p000032_g006_p000013_g005_p000070_g004_p000031_g003_p000015_g002_p000007_g001_p000081_empty,g009_d365356a47a15a84_0036,42,8.0,10.0,16.0,4.118134893360548e-05,0.016424905508756638,0.00020846538245677948,0.00020846538245677948,0,False
9,g009_p000043_g008_p000019_g007_p000032_g006_p000013_g005_p000070_g004_p000031_g003_p000015_g002_p000007_g001_p000081_empty,g008_p000019_g007_p000032_g006_p000013_g005_p000070_g004_p000031_g003_p000015_g002_p000007_g001_p000081_empty,g009_d365356a47a15a84_0036,43,12.0,10.0,16.0,4.1181327105732635e-05,0.016294827684760094,7.83875584602356e-05,7.83875584602356e-05,0,False
9,g009_p000044_g008_p000019_g007_p000032_g006_p000013_g005_p000070_g004_p000031_g003_p000015_g002_p000007_g001_p000081_empty,g008_p000019_g007_p000032_g006_p000013_g005_p000070_g004_p000031_g003_p000015_g002_p000007_g001_p000081_empty,g009_d365356a47a15a84_0036,44,25.0,11.0,36.0,4.021132190246135e-05,0.016225386410951614,8.946284651756287e-06,8.946284651756287e-06,0,False
9,g009_p000045_g008_p000019_g007_p000032_g006_p000013_g005_p000070_g004_p000031_g003_p000015_g002_p000007_g001_p000081_empty,g008_p000019_g007_p000032_g006_p000013_g005_p000070_g004_p000031_g003_p000015_g002_p000007_g001_p000081_empty,g009_d365356a47a15a84_0036,45,27.0,9.0,36.0,4.0211314626503736e-05,0.016447436064481735,0.00023099593818187714,0.00023099593818187714,0,False
9,g009_p000046_g008_p000019_g007_p000032_g006_p000013_g005_p000070_g004_p000031_g003_p000015_g002_p000007_g001_p000081_empty,g008_p000019_g007_p000032_g006_p000013_g005_p000070_g004_p000031_g003_p000015_g002_p000007_g001_p000081_empty,g009_d365356a47a15a84_0036,46,41.0,43.0,39.0,4.011179044027813e-05,0.016405003145337105,0.0001885630190372467,0.0001885630190372467,0,False
9,g009_p000047_g008_p000019_g007_p000032_g006_p000013_g005_p000070_g004_p000031_g003_p000015_g002_p000007_g001_p000081_empty,g008_p000019_g007_p000032_g006_p000013_g005_p000070_g004_p000031_g003_p000015_g002_p000007_g001_p000081_empty,g009_d365356a47a15a84_0036,47,43.0,41.0,39.0,4.011175406049006e-05,0.016340721398591995,0.00012428127229213715,0.00012428127229213715,0,False
9,g009_p000048_g008_p000025_g007_p000088_g006_p000043_g005_p000039_g004_p000019_g003_p000004_g002_p000001_g001_p000081_empty,g008_p000025_g007_p000088_g006_p000043_g005_p000039_g004_p000019_g003_p000004_g002_p000001_g001_p000081_empty,g009_d365356a47a15a84_0036,48,10.0,9.0,16.0,3.852872032439336e-05,0.016312183812260628,9.574368596076965e-05,9.574368596076965e-05,0,False
9,g009_p000049_g008_p000025_g007_p000088_g006_p000043_g005_p000039_g004_p000019_g003_p000004_g002_p000001_g001_p000081_empty,g008_p000025_g007_p000088_g006_p000043_g005_p000039_g004_p000019_g003_p000004_g002_p000001_g001_p000081_empty,g009_d365356a47a15a84_0036,49,10.0,11.0,16.0,3.852871304843575e-05,0.016361474990844727,0.00014503486454486847,0.00014503486454486847,0,False
9,g009_p000050_g008_p000025_g007_p000088_g006_p000043_g005_p000039_g004_p000019_g003_p000004_g002_p000001_g001_p000081_empty,g008_p000025_g007_p000088_g006_p000043_g005_p000039_g004_p000019_g003_p000004_g002_p000001_g001_p000081_empty,g009_d365356a47a15a84_0036,50,24.0,10.0,37.0,3.793171708821319e-05,0.016344310715794563,0.0001278705894947052,0.0001278705894947052,0,False
9,g009_p000051_g008_p000025_g007_p000088_g006_p000043_g005_p000039_g004_p000019_g003_p000004_g002_p000001_g001_p000081_empty,g008_p000025_g007_p000088_g006_p000043_g005_p000039_g004_p000019_g003_p000004_g002_p000001_g001_p000081_empty,g009_d365356a47a15a84_0036,51,28.0,10.0,37.0,3.793166615650989e-05,0.016292866319417953,7.64261931180954e-05,7.64261931180954e-05,0,False
9,g009_p000052_g008_p000025_g007_p000088_g006_p000043_g005_p000039_g004_p000019_g003_p000004_g002_p000001_g001_p000081_empty,g008_p000025_g007_p000088_g006_p000043_g005_p000039_g004_p000019_g003_p000004_g002_p000001_g001_p000081_empty,g009_d365356a47a15a84_0036,52,41.0,41.0,39.0,3.7605375837301835e-05,0.016407176852226257,0.00019073672592639923,0.00019073672592639923,0,False
9,g009_p000053_g008_p000025_g007_p000088_g006_p000043_g005_p000039_g004_p000019_g003_p000004_g002_p000001_g001_p000081_empty,g008_p000025_g007_p000088_g006_p000043_g005_p000039_g004_p000019_g003_p000004_g002_p000001_g001_p000081_empty,g009_d365356a47a15a84_0036,53,43.0,43.0,39.0,3.760532126761973e-05,0.01644984818994999,0.00023340806365013123,0.00023340806365013123,0,False
9,g009_p000054_g008_p000025_g007_p000088_g006_p000043_g005_p000039_g004_p000019_g003_p000004_g002_p000001_g001_p000081_empty,g008_p000025_g007_p000088_g006_p000043_g005_p000039_g004_p000019_g003_p000004_g002_p000001_g001_p000081_empty,g009_d365356a47a15a84_0036,54,25.0,9.0,37.0,3.693367398227565e-05,0.01631336100399494,9.692087769508362e-05,9.692087769508362e-05,0,False
9,g009_p000055_g008_p000025_g007_p000088_g006_p000043_g005_p000039_g004_p000019_g003_p000004_g002_p000001_g001_p000081_empty,g008_p000025_g007_p000088_g006_p000043_g005_p000039_g004_p000019_g003_p000004_g002_p000001_g001_p000081_empty,g009_d365356a47a15a84_0036,55,27.0,11.0,37.0,3.693363396450877e-05,0.016238441690802574,2.2001564502716064e-05,2.2001564502716064e-05,0,False
9,g009_p000056_g008_p000025_g007_p000088_g006_p000043_g005_p000039_g004_p000019_g003_p000004_g002_p000001_g001_p000081_empty,g008_p000025_g007_p000088_g006_p000043_g005_p000039_g004_p000019_g003_p000004_g002_p000001_g001_p000081_empty,g009_d365356a47a15a84_0036,56,40.0,42.0,39.0,3.66709973604884e-05,0.016449496150016785,0.00023305602371692657,0.00023305602371692657,0,False
9,g009_p000057_g008_p000025_g007_p000088_g006_p000043_g005_p000039_g004_p000019_g003_p000004_g002_p000001_g001_p000081_empty,g008_p000025_g007_p000088_g006_p000043_g005_p000039_g004_p000019_g003_p000004_g002_p000001_g001_p000081_empty,g009_d365356a47a15a84_0036,57,44.0,42.0,39.0,3.6670942790806293e-05,0.016346270218491554,0.00012983009219169617,0.00012983009219169617,0,False
9,g009_p000058_g008_p000025_g007_p000088_g006_p000043_g005_p000039_g004_p000019_g003_p000004_g002_p000001_g001_p000081_empty,g008_p000025_g007_p000088_g006_p000043_g005_p000039_g004_p000019_g003_p000004_g002_p000001_g001_p000081_empty,g009_d365356a47a15a84_0036,58,26.0,12.0,36.0,3.663108145701699e-05,0.01636042445898056,0.0001439843326807022,0.0001439843326807022,0,False
9,g009_p000059_g008_p000025_g007_p000088_g006_p000043_g005_p000039_g004_p000019_g003_p000004_g002_p000001_g001_p000081_empty,g008_p000025_g007_p000088_g006_p000043_g005_p000039_g004_p000019_g003_p000004_g002_p000001_g001_p000081_empty,g009_d365356a47a15a84_0036,59,26.0,8.0,36.0,3.6631074181059375e-05,0.016411392018198967,0.0001949518918991089,0.0001949518918991089,0,False
9,g009_p000060_g008_p000031_g007_p000088_g006_p000043_g005_p000039_g004_p000019_g003_p000004_g002_p000001_g001_p000081_empty,g008_p000031_g007_p000088_g006_p000043_g005_p000039_g004_p000019_g003_p000004_g002_p000001_g001_p000081_empty,g009_d365356a47a15a84_0036,60,9.0,11.0,16.0,3.6452634958550334e-05,0.016482137143611908,0.00026569701731204987,0.00026569701731204987,0,False
9,g009_p000061_g008_p000031_g007_p000088_g006_p000043_g005_p000039_g004_p000019_g003_p000004_g002_p000001_g001_p000081_empty,g008_p000031_g007_p000088_g006_p000043_g005_p000039_g004_p000019_g003_p000004_g002_p000001_g001_p000081_empty,g009_d365356a47a15a84_0036,61,11.0,9.0,16.0,3.645262404461391e-05,0.016449490562081337,0.00023305043578147888,0.00023305043578147888,0,False
9,g009_p000062_g008_p000031_g007_p000088_g006_p000043_g005_p000039_g004_p000019_g003_p000004_g002_p000001_g001_p000081_empty,g008_p000031_g007_p000088_g006_p000043_g005_p000039_g004_p000019_g003_p000004_g002_p000001_g001_p000081_empty,g009_d365356a47a15a84_0036,62,43.0,42.0,37.0,3.5867386031895876e-05,0.016249176114797592,3.273598849773407e-05,3.273598849773407e-05,0,False
9,g009_p000063_g008_p000031_g007_p000088_g006_p000043_g005_p000039_g004_p000019_g003_p000004_g002_p000001_g001_p000081_empty,g008_p000031_g007_p000088_g006_p000043_g005_p000039_g004_p000019_g003_p000004_g002_p000001_g001_p000081_empty,g009_d365356a47a15a84_0036,63,42.0,43.0,37.0,3.5867375117959455e-05,0.016338741406798363,0.00012230128049850464,0.00012230128049850464,0,False
9,g009_p000064_g008_p000031_g007_p000088_g006_p000043_g005_p000039_g004_p000019_g003_p000004_g002_p000001_g001_p000081_empty,g008_p000031_g007_p000088_g006_p000043_g005_p000039_g004_p000019_g003_p000004_g002_p000001_g001_p000081_empty,g009_d365356a47a15a84_0036,64,41.0,42.0,37.0,3.586737147998065e-05,0.016400489956140518,0.0001840498298406601,0.0001840498298406601,0,False
9,g009_p000065_g008_p000031_g007_p000088_g006_p000043_g005_p000039_g004_p000019_g003_p000004_g002_p000001_g001_p000081_empty,g008_p000031_g007_p000088_g006_p000043_g005_p000039_g004_p000019_g003_p000004_g002_p000001_g001_p000081_empty,g009_d365356a47a15a84_0036,65,42.0,41.0,37.0,3.586737147998065e-05,0.016429655253887177,0.00021321512758731842,0.00021321512758731842,0,False
9,g009_p000066_g008_p000031_g007_p000088_g006_p000043_g005_p000039_g004_p000019_g003_p000004_g002_p000001_g001_p000081_empty,g008_p000031_g007_p000088_g006_p000043_g005_p000039_g004_p000019_g003_p000004_g002_p000001_g001_p000081_empty,g009_d365356a47a15a84_0036,66,10.0,43.0,21.0,3.554262002580799e-05,0.01631336100399494,9.692087769508362e-05,9.692087769508362e-05,0,False
9,g009_p000067_g008_p000031_g007_p000088_g006_p000043_g005_p000039_g004_p000019_g003_p000004_g002_p000001_g001_p000081_empty,g008_p000031_g007_p000088_g006_p000043_g005_p000039_g004_p000019_g003_p000004_g002_p000001_g001_p000081_empty,g009_d365356a47a15a84_0036,67,14.0,41.0,21.0,3.554259455995634e-05,0.01648569293320179,0.00026925280690193176,0.00026925280690193176,0,False
9,g009_p000068_g008_p000031_g007_p000088_g006_p000043_g005_p000039_g004_p000019_g003_p000004_g002_p000001_g001_p000081_empty,g008_p000031_g007_p000088_g006_p000043_g005_p000039_g004_p000019_g003_p000004_g002_p000001_g001_p000081_empty,g009_d365356a47a15a84_0036,68,10.0,41.0,21.0,3.5536173527361825e-05,0.016225943341851234,9.503215551376343e-06,9.503215551376343e-06,0,False
9,g009_p000069_g008_p000031_g007_p000088_g006_p000043_g005_p000039_g004_p000019_g003_p000004_g002_p000001_g001_p000081_empty,g008_p000031_g007_p000088_g006_p000043_g005_p000039_g004_p000019_g003_p000004_g002_p000001_g001_p000081_empty,g009_d365356a47a15a84_0036,69,14.0,43.0,21.0,3.5536148061510175e-05,0.016337089240550995,0.00012064911425113678,0.00012064911425113678,0,False
9,g009_p000070_g008_p000031_g007_p000088_g006_p000043_g005_p000039_g004_p000019_g003_p000004_g002_p000001_g001_p000081_empty,g008_p000031_g007_p000088_g006_p000043_g005_p000039_g004_p000019_g003_p000004_g002_p000001_g001_p000081_empty,g009_d365356a47a15a84_0036,70,11.0,41.0,20.0,3.479726365185343e-05,0.016308646649122238,9.220652282238007e-05,9.220652282238007e-05,0,False
9,g009_p000071_g008_p000031_g007_p000088_g006_p000043_g005_p000039_g004_p000019_g003_p000004_g002_p000001_g001_p000081_empty,g008_p000031_g007_p000088_g006_p000043_g005_p000039_g004_p000019_g003_p000004_g002_p000001_g001_p000081_empty,g009_d365356a47a15a84_0036,71,13.0,43.0,20.0,3.47972490999382e-05,0.016225386410951614,8.946284651756287e-06,8.946284651756287e-06,0,False
9,g009_p000072_g008_p000037_g007_p000053_g006_p000025_g005_p000025_g004_p000013_g003_p000004_g002_p000001_g001_p000081_empty,g008_p000037_g007_p000053_g006_p000025_g005_p000025_g004_p000013_g003_p000004_g002_p000001_g001_p000081_empty,g009_d365356a47a15a84_0036,72,12.0,40.0,21.0,3.4755597880575806e-05,0.016394365578889847,0.0001779254525899887,0.0001779254525899887,0,False
9,g009_p000073_g008_p000037_g007_p000053_g006_p000025_g005_p000025_g004_p000013_g003_p000004_g002_p000001_g001_p000081_empty,g008_p000037_g007_p000053_g006_p000025_g005_p000025_g004_p000013_g003_p000004_g002_p000001_g001_p000081_empty,g009_d365356a47a15a84_0036,73,12.0,44.0,21.0,3.4755594242597e-05,0.0163130983710289,9.665824472904205e-05,9.665824472904205e-05,0,False
9,g009_p000074_g008_p000037_g007_p000053_g006_p000025_g005_p000025_g004_p000013_g003_p000004_g002_p000001_g001_p000081_empty,g008_p000037_g007_p000053_g006_p000025_g005_p000025_g004_p000013_g003_p000004_g002_p000001_g001_p000081_empty,g009_d365356a47a15a84_0036,74,9.0,9.0,16.0,3.452130113146268e-05,0.016330378130078316,0.00011393800377845764,0.00011393800377845764,0,False
9,g009_p000075_g008_p000037_g007_p000053_g006_p000025_g005_p000025_g004_p000013_g003_p000004_g002_p000001_g001_p000081_empty,g008_p000037_g007_p000053_g006_p000025_g005_p000025_g004_p000013_g003_p000004_g002_p000001_g001_p000081_empty,g009_d365356a47a15a84_0036,75,11.0,11.0,16.0,3.452129021752626e-05,0.016315188258886337,9.874813258647919e-05,9.874813258647919e-05,0,False
9,g009_p000076_g008_p000037_g007_p000053_g006_p000025_g005_p000025_g004_p000013_g003_p000004_g002_p000001_g001_p000081_empty,g008_p000037_g007_p000053_g006_p000025_g005_p000025_g004_p000013_g003_p000004_g002_p000001_g001_p000081_empty,g009_d365356a47a15a84_0036,76,26.0,11.0,35.0,3.375751111889258e-05,0.016382675617933273,0.00016623549163341522,0.00016623549163341522,0,False
9,g009_p000077_g008_p000037_g007_p000053_g006_p000025_g005_p000025_g004_p000013_g003_p000004_g002_p000001_g001_p000081_empty,g008_p000037_g007_p000053_g006_p000025_g005_p000025_g004_p000013_g003_p000004_g002_p000001_g001_p000081_empty,g009_d365356a47a15a84_0036,77,26.0,9.0,35.0,3.375750748091377e-05,0.016476502642035484,0.0002600625157356262,0.0002600625157356262,0,False
9,g009_p000078_g008_p000037_g007_p000053_g006_p000025_g005_p000025_g004_p000013_g003_p000004_g002_p000001_g001_p000081_empty,g008_p000037_g007_p000053_g006_p000025_g005_p000025_g004_p000013_g003_p000004_g002_p000001_g001_p000081_empty,g009_d365356a47a15a84_0036,78,24.0,8.0,36.0,3.368788384250365e-05,0.016311999410390854,9.555928409099579e-05,9.555928409099579e-05,0,False
9,g009_p000079_g008_p000037_g007_p000053_g006_p000025_g005_p000025_g004_p000013_g003_p000004_g002_p000001_g001_p000081_empty,g008_p000037_g007_p000053_g006_p000025_g005_p000025_g004_p000013_g003_p000004_g002_p000001_g001_p000081_empty,g009_d365356a47a15a84_0036,79,28.0,12.0,36.0,3.368788384250365e-05,0.016316652297973633,0.00010021217167377472,0.00010021217167377472,0,False
9,g009_p000080_g008_p000037_g007_p000053_g006_p000025_g005_p000025_g004_p000013_g003_p000004_g002_p000001_g001_p000081_empty,g008_p000037_g007_p000053_g006_p000025_g005_p000025_g004_p000013_g003_p000004_g002_p000001_g001_p000081_empty,g009_d365356a47a15a84_0036,80,25.0,12.0,37.0,3.2558127713855356e-05,0.016298670321702957,8.223019540309906e-05,8.223019540309906e-05,0,False
9,g009_p000081_g008_p000037_g007_p000053_g006_p000025_g005_p000025_g004_p000013_g003_p000004_g002_p000001_g001_p000081_empty,g008_p000037_g007_p000053_g006_p000025_g005_p000025_g004_p000013_g003_p000004_g002_p000001_g001_p000081_empty,g009_d365356a47a15a84_0036,81,27.0,8.0,37.0,3.255811316194013e-05,0.016578128561377525,0.00036168843507766724,0.00036168843507766724,0,False
9,g009_p000082_g008_p000037_g007_p000053_g006_p000025_g005_p000025_g004_p000013_g003_p000004_g002_p000001_g001_p000081_empty,g008_p000037_g007_p000053_g006_p000025_g005_p000025_g004_p000013_g003_p000004_g002_p000001_g001_p000081_empty,g009_d365356a47a15a84_0036,82,24.0,9.0,36.0,3.252353417337872e-05,0.016489755362272263,0.0002733152359724045,0.0002733152359724045,0,False
9,g009_p000083_g008_p000037_g007_p000053_g006_p000025_g005_p000025_g004_p000013_g003_p000004_g002_p000001_g001_p000081_empty,g008_p000037_g007_p000053_g006_p000025_g005_p000025_g004_p000013_g003_p000004_g002_p000001_g001_p000081_empty,g009_d365356a47a15a84_0036,83,28.0,11.0,36.0,3.252352689742111e-05,0.016413850709795952,0.00019741058349609375,0.00019741058349609375,0,False
9,g009_p000084_g008_p000043_g007_p000053_g006_p000025_g005_p000025_g004_p000013_g003_p000004_g002_p000001_g001_p000081_empty,g008_p000043_g007_p000053_g006_p000025_g005_p000025_g004_p000013_g003_p000004_g002_p000001_g001_p000081_empty,g009_d365356a47a15a84_0036,84,11.0,40.0,21.0,3.2470939913764596e-05,0.016340721398591995,0.00012428127229213715,0.00012428127229213715,0,False
9,g009_p000085_g008_p000043_g007_p000053_g006_p000025_g005_p000025_g004_p000013_g003_p000004_g002_p000001_g001_p000081_empty,g008_p000043_g007_p000053_g006_p000025_g005_p000025_g004_p000013_g003_p000004_g002_p000001_g001_p000081_empty,g009_d365356a47a15a84_0036,85,13.0,44.0,21.0,3.247092536184937e-05,0.016375552862882614,0.00015911273658275604,0.00015911273658275604,0,False
9,g009_p000086_g008_p000043_g007_p000053_g006_p000025_g005_p000025_g004_p000013_g003_p000004_g002_p000001_g001_p000081_empty,g008_p000043_g007_p000053_g006_p000025_g005_p000025_g004_p000013_g003_p000004_g002_p000001_g001_p000081_empty,g009_d365356a47a15a84_0036,86,42.0,40.0,39.0,3.242555612814613e-05,0.016406456008553505,0.00019001588225364685,0.00019001588225364685,0,False
9,g009_p000087_g008_p000043_g007_p000053_g006_p000025_g005_p000025_g004_p000013_g003_p000004_g002_p000001_g001_p000081_empty,g008_p000043_g007_p000053_g006_p000025_g005_p000025_g004_p000013_g003_p000004_g002_p000001_g001_p000081_empty,g009_d365356a47a15a84_0036,87,42.0,44.0,39.0,3.242554885218851e-05,0.01634858548641205,0.00013214536011219025,0.00013214536011219025,0,False
9,g009_p000088_g008_p000043_g007_p000053_g006_p000025_g005_p000025_g004_p000013_g003_p000004_g002_p000001_g001_p000081_empty,g008_p000043_g007_p000053_g006_p000025_g005_p000025_g004_p000013_g003_p000004_g002_p000001_g001_p000081_empty,g009_d365356a47a15a84_0036,88,11.0,43.0,20.0,3.237036435166374e-05,0.016375232487916946,0.00015879236161708832,0.00015879236161708832,0,False
9,g009_p000089_g008_p000043_g007_p000053_g006_p000025_g005_p000025_g004_p000013_g003_p000004_g002_p000001_g001_p000081_empty,g008_p000043_g007_p000053_g006_p000025_g005_p000025_g004_p000013_g003_p000004_g002_p000001_g001_p000081_empty,g009_d365356a47a15a84_0036,89,13.0,41.0,20.0,3.2370357075706124e-05,0.016342824324965477,0.0001263841986656189,0.0001263841986656189,0,False
9,g009_p000090_g008_p000043_g007_p000053_g006_p000025_g005_p000025_g004_p000013_g003_p000004_g002_p000001_g001_p000081_empty,g008_p000043_g007_p000053_g006_p000025_g005_p000025_g004_p000013_g003_p000004_g002_p000001_g001_p000081_empty,g009_d365356a47a15a84_0036,90,41.0,42.0,39.0,3.231774098821916e-05,0.016431450843811035,0.00021501071751117706,0.00021501071751117706,0,False
9,g009_p000091_g008_p000043_g007_p000053_g006_p000025_g005_p000025_g004_p000013_g003_p000004_g002_p000001_g001_p000081_empty,g008_p000043_g007_p000053_g006_p000025_g005_p000025_g004_p000013_g003_p000004_g002_p000001_g001_p000081_empty,g009_d365356a47a15a84_0036,91,42.0,41.0,39.0,3.231772643630393e-05,0.016238441690802574,2.2001564502716064e-05,2.2001564502716064e-05,0,False
9,g009_p000092_g008_p000043_g007_p000053_g006_p000025_g005_p000025_g004_p000013_g003_p000004_g002_p000001_g001_p000081_empty,g008_p000043_g007_p000053_g006_p000025_g005_p000025_g004_p000013_g003_p000004_g002_p000001_g001_p000081_empty,g009_d365356a47a15a84_0036,92,42.0,43.0,39.0,3.2317719160346314e-05,0.01626988872885704,5.344860255718231e-05,5.344860255718231e-05,0,False
9,g009_p000093_g008_p000043_g007_p000053_g006_p000025_g005_p000025_g004_p000013_g003_p000004_g002_p000001_g001_p000081_empty,g008_p000043_g007_p000053_g006_p000025_g005_p000025_g004_p000013_g003_p000004_g002_p000001_g001_p000081_empty,g009_d365356a47a15a84_0036,93,43.0,42.0,39.0,3.2317679142579436e-05,0.016238441690802574,2.2001564502716064e-05,2.2001564502716064e-05,0,False
9,g009_p000094_g008_p000043_g007_p000053_g006_p000025_g005_p000025_g004_p000013_g003_p000004_g002_p000001_g001_p000081_empty,g008_p000043_g007_p000053_g006_p000025_g005_p000025_g004_p000013_g003_p000004_g002_p000001_g001_p000081_empty,g009_d365356a47a15a84_0036,94,11.0,43.0,18.0,3.218443089281209e-05,0.016299724578857422,8.328445255756378e-05,8.328445255756378e-05,0,False
9,g009_p000095_g008_p000043_g007_p000053_g006_p000025_g005_p000025_g004_p000013_g003_p000004_g002_p000001_g001_p000081_empty,g008_p000043_g007_p000053_g006_p000025_g005_p000025_g004_p000013_g003_p000004_g002_p000001_g001_p000081_empty,g009_d365356a47a15a84_0036,95,13.0,41.0,18.0,3.218442725483328e-05,0.016234392300248146,1.7952173948287964e-05,1.7952173948287964e-05,0,False
10,g010_p000000_g009_p000010_g008_p000001_g007_p000009_g006_p000001_g005_p000028_g004_p000013_g003_p000004_g002_p000001_g001_p000081_empty,g009_p000010_g008_p000001_g007_p000009_g006_p000001_g005_p000028_g004_p000013_g003_p000004_g002_p000001_g001_p000081_empty,g010_4b23c83d4c4b20aa_0037,0,42.0,42.0,38.0,7.423365605063736e-05,0.016243260353803635,1.7873942852020264e-05,2.682022750377655e-05,0,False
10,g010_p000006_g009_p000010_g008_p000001_g007_p000009_g006_p000001_g005_p000028_g004_p000013_g003_p000004_g002_p000001_g001_p000081_empty,g009_p000010_g008_p000001_g007_p000009_g006_p000001_g005_p000028_g004_p000013_g003_p000004_g002_p000001_g001_p000081_empty,g010_4b23c83d4c4b20aa_0037,1,26.0,11.0,36.0,6.44840401946567e-05,0.016465069726109505,0.00023968331515789032,0.0002486295998096466,0,False
10,g010_p000012_g009_p000013_g008_p000007_g007_p000009_g006_p000001_g005_p000028_g004_p000013_g003_p000004_g002_p000001_g001_p000081_empty,g009_p000013_g008_p000007_g007_p000009_g006_p000001_g005_p000028_g004_p000013_g003_p000004_g002_p000001_g001_p000081_empty,g010_8b16cf57bfdb6049_0038,0,42.0,42.0,38.0,7.275344978552312e-05,0.0163885410875082,0.00016315467655658722,0.0001721009612083435,0,False
10,g010_p000018_g009_p000013_g008_p000007_g007_p000009_g006_p000001_g005_p000028_g004_p000013_g003_p000004_g002_p000001_g001_p000081_empty,g009_p000013_g008_p000007_g007_p000009_g006_p000001_g005_p000028_g004_p000013_g003_p000004_g002_p000001_g001_p000081_empty,g010_8b16cf57bfdb6049_0038,1,26.0,11.0,36.0,6.596423918381333e-05,0.016243260353803635,1.7873942852020264e-05,2.682022750377655e-05,0,False
10,g010_p000024_g009_p000044_g008_p000019_g007_p000032_g006_p000013_g005_p000070_g004_p000031_g003_p000015_g002_p000007_g001_p000081_empty,g009_p000044_g008_p000019_g007_p000032_g006_p000013_g005_p000070_g004_p000031_g003_p000015_g002_p000007_g001_p000081_empty,g010_824ffb938d6f0a55_0039,0,42.0,42.0,38.0,7.275344978552312e-05,0.016390638425946236,0.00016525201499462128,0.00017419829964637756,0,False
10,g010_p000030_g009_p000044_g008_p000019_g007_p000032_g006_p000013_g005_p000070_g004_p000031_g003_p000015_g002_p000007_g001_p000081_empty,g009_p000044_g008_p000019_g007_p000032_g006_p000013_g005_p000070_g004_p000031_g003_p000015_g002_p000007_g001_p000081_empty,g010_824ffb938d6f0a55_0039,1,26.0,11.0,36.0,6.596423918381333e-05,0.01643272116780281,0.0002073347568511963,0.00021628104150295258,0,False
10,g010_p000036_g009_p000071_g008_p000031_g007_p000088_g006_p000043_g005_p000039_g004_p000019_g003_p000004_g002_p000001_g001_p000081_empty,g009_p000071_g008_p000031_g007_p000088_g006_p000043_g005_p000039_g004_p000019_g003_p000004_g002_p000001_g001_p000081_empty,g010_1837f9fbcdb89f19_0040,0,42.0,42.0,38.0,7.275344978552312e-05,0.016234325245022774,8.938834071159363e-06,1.788511872291565e-05,0,False
10,g010_p000042_g009_p000071_g008_p000031_g007_p000088_g006_p000043_g005_p000039_g004_p000019_g003_p000004_g002_p000001_g001_p000081_empty,g009_p000071_g008_p000031_g007_p000088_g006_p000043_g005_p000039_g004_p000019_g003_p000004_g002_p000001_g001_p000081_empty,g010_1837f9fbcdb89f19_0040,1,26.0,11.0,36.0,6.44840401946567e-05,0.016374915838241577,0.00014952942728996277,0.00015847571194171906,0,False
10,g010_p000048_g009_p000068_g008_p000031_g007_p000088_g006_p000043_g005_p000039_g004_p000019_g003_p000004_g002_p000001_g001_p000081_empty,g009_p000068_g008_p000031_g007_p000088_g006_p000043_g005_p000039_g004_p000019_g003_p000004_g002_p000001_g001_p000081_empty,g010_a5ca84234114672a_0041,0,42.0,42.0,38.0,7.275344978552312e-05,0.016443001106381416,0.00021705776453018188,0.00022656098008155823,0,False
10,g010_p000054_g009_p000068_g008_p000031_g007_p000088_g006_p000043_g005_p000039_g004_p000019_g003_p000004_g002_p000001_g001_p000081_empty,g009_p000068_g008_p000031_g007_p000088_g006_p000043_g005_p000039_g004_p000019_g003_p000004_g002_p000001_g001_p000081_empty,g010_a5ca84234114672a_0041,1,26.0,11.0,36.0,6.44840401946567e-05,0.016254503279924393,2.8559938073158264e-05,3.806315362453461e-05,0,False
10,g010_p000060_g009_p000095_g008_p000043_g007_p000053_g006_p000025_g005_p000025_g004_p000013_g003_p000004_g002_p000001_g001_p000081_empty,g009_p000095_g008_p000043_g007_p000053_g006_p000025_g005_p000025_g004_p000013_g003_p000004_g002_p000001_g001_p000081_empty,g010_b95f4841a8b385e0_0042,0,42.0,42.0,38.0,7.275344978552312e-05,0.016360636800527573,0.00012624450027942657,0.00014419667422771454,0,False
10,g010_p000066_g009_p000095_g008_p000043_g007_p000053_g006_p000025_g005_p000025_g004_p000013_g003_p000004_g002_p000001_g001_p000081_empty,g009_p000095_g008_p000043_g007_p000053_g006_p000025_g005_p000025_g004_p000013_g003_p000004_g002_p000001_g001_p000081_empty,g010_b95f4841a8b385e0_0042,1,26.0,11.0,36.0,6.44840401946567e-05,0.016276007518172264,4.161521792411804e-05,5.9567391872406006e-05,0,False
10,g010_p000072_g009_p000055_g008_p000025_g007_p000088_g006_p000043_g005_p000039_g004_p000019_g003_p000004_g002_p000001_g001_p000081_empty,g009_p000055_g008_p000025_g007_p000088_g006_p000043_g005_p000039_g004_p000019_g003_p000004_g002_p000001_g001_p000081_empty,g010_3b6a8437f907b1f0_0043,0,42.0,42.0,38.0,7.275344978552312e-05,0.016390623524785042,0.00015218183398246765,0.00017418339848518372,0,False
10,g010_p000078_g009_p000055_g008_p000025_g007_p000088_g006_p000043_g005_p000039_g004_p000019_g003_p000004_g002_p000001_g001_p000081_empty,g009_p000055_g008_p000025_g007_p000088_g006_p000043_g005_p000039_g004_p000019_g003_p000004_g002_p000001_g001_p000081_empty,g010_3b6a8437f907b1f0_0043,1,26.0,11.0,36.0,6.790976476622745e-05,0.01630384661257267,6.540492177009583e-05,8.740648627281189e-05,0,False
10,g010_p000084_g009_p000091_g008_p000043_g007_p000053_g006_p000025_g005_p000025_g004_p000013_g003_p000004_g002_p000001_g001_p000081_empty,g009_p000091_g008_p000043_g007_p000053_g006_p000025_g005_p000025_g004_p000013_g003_p000004_g002_p000001_g001_p000081_empty,g010_d3007f518288d53e_0044,0,42.0,42.0,38.0,7.61791889090091e-05,0.01631920039653778,8.07587057352066e-05,0.00010276027023792267,0,False
10,g010_p000090_g009_p000091_g008_p000043_g007_p000053_g006_p000025_g005_p000025_g004_p000013_g003_p000004_g002_p000001_g001_p000081_empty,g009_p000091_g008_p000043_g007_p000053_g006_p000025_g005_p000025_g004_p000013_g003_p000004_g002_p000001_g001_p000081_empty,g010_d3007f518288d53e_0044,1,26.0,11.0,36.0,6.44840401946567e-05,0.01641176827251911,0.00017332658171653748,0.00019532814621925354,0,False
