case_id,current_case_id,source_seed,arm,initial_noise_sha256,base_checkpoint_sha256,adapter_checkpoint_sha256,inference_config_sha256,runner_source_sha256,condition_asset_sha256,condition_mask_asset_sha256,subsurface_mask_asset_sha256,evidence_asset_sha256,evidence_source_case_id,mask_source_case_id,n_steps,adapter_scale,residual_cap,hard_condition_violation_count,output_tensor_sha256,output_file_sha256,output_path,input_evidence_case_id,input_mask_case_id,input_evidence_sha256,decoded_geology_sha256,condition_violation_count,decoded_path
stage20_test_case001,stage20_test_case001,42,FLOW_ONLY,5b3e3cc13e70f1477679559ea82781e02fc58130469ff39d5c71b5db647f9eea,561e94bfda770ec41fc4cbed43436a7e2130eef5dfb7e5d666fcefc0724ff94c,f8b71d0889ec8f76f033583be3b94f3041da888c0b910e92c8f686e24a093213,41c38912b1d49335e3e4ac85a39d86d6ee1d5e0064adbd924a9862d8ae0b88d8,1bebc207108e6850a97784ca01f26c33ff64413b2c555ab4b3b6c48eae15fe3d,3694a33ef4a7872aefe445bb48999c231f478fab22dd79e15598d24778b2e412,c36265866ba97a29391b0788f442aa252b634939cdc1b64407ac32ed28bf87a2,38fbebe69e655448588da4c3dd7a89ba55fffa15750d6630340549e46576f33e,0b4efe0184fad645d5f1962cb77b402c0b6e38eecddbd6c1962a7bf5b8f8fb5b,stage20_test_case001,stage20_test_case001,32,0.0,0.25,0,9dd8e5117d80e6a52b5cc863557b126330c12253a93bbf8242660f69d89e756e,5dee8ee8cb58ab97cd132b29e7b70535ebd2203ccbbb3c8f4879e82e02cafe72,stage20_test_case001/seed_42/FLOW_ONLY/decoded_geology.pt,stage20_test_case001,stage20_test_case001,a8e376eecea0d1f10f647874106c0bf8a7b54af59ee80746d9f3dc71b536bcca,9dd8e5117d80e6a52b5cc863557b126330c12253a93bbf8242660f69d89e756e,0,stage20_test_case001/seed_42/FLOW_ONLY/decoded_geology.pt
stage20_test_case001,stage20_test_case001,42,ADAPTER_PRIOR_ONLY,5b3e3cc13e70f1477679559ea82781e02fc58130469ff39d5c71b5db647f9eea,561e94bfda770ec41fc4cbed43436a7e2130eef5dfb7e5d666fcefc0724ff94c,f8b71d0889ec8f76f033583be3b94f3041da888c0b910e92c8f686e24a093213,41c38912b1d49335e3e4ac85a39d86d6ee1d5e0064adbd924a9862d8ae0b88d8,1bebc207108e6850a97784ca01f26c33ff64413b2c555ab4b3b6c48eae15fe3d,3694a33ef4a7872aefe445bb48999c231f478fab22dd79e15598d24778b2e412,c36265866ba97a29391b0788f442aa252b634939cdc1b64407ac32ed28bf87a2,38fbebe69e655448588da4c3dd7a89ba55fffa15750d6630340549e46576f33e,5164019736cf987071aa7863fb39a0d6738d67a9753a31e1196160edb52e3a00,stage20_test_case001,stage20_test_case001,32,1.0,0.25,0,39241e3607f9f959cd2236671692adf7ca153e26a4aed0d80cc58831c1cf6695,3c29ec52065cc5ff13c240be4d8964485f8b4bb22d24eb875766abe8b6f9c7eb,stage20_test_case001/seed_42/ADAPTER_PRIOR_ONLY/decoded_geology.pt,stage20_test_case001,stage20_test_case001,9a72c433273cda7db271a5e0ebcb9cbd5d3cfce6662a67d43d93ff002198b7ba,39241e3607f9f959cd2236671692adf7ca153e26a4aed0d80cc58831c1cf6695,0,stage20_test_case001/seed_42/ADAPTER_PRIOR_ONLY/decoded_geology.pt
stage20_test_case001,stage20_test_case001,42,ADAPTER_CORRECT,5b3e3cc13e70f1477679559ea82781e02fc58130469ff39d5c71b5db647f9eea,561e94bfda770ec41fc4cbed43436a7e2130eef5dfb7e5d666fcefc0724ff94c,f8b71d0889ec8f76f033583be3b94f3041da888c0b910e92c8f686e24a093213,41c38912b1d49335e3e4ac85a39d86d6ee1d5e0064adbd924a9862d8ae0b88d8,1bebc207108e6850a97784ca01f26c33ff64413b2c555ab4b3b6c48eae15fe3d,3694a33ef4a7872aefe445bb48999c231f478fab22dd79e15598d24778b2e412,c36265866ba97a29391b0788f442aa252b634939cdc1b64407ac32ed28bf87a2,38fbebe69e655448588da4c3dd7a89ba55fffa15750d6630340549e46576f33e,0b4efe0184fad645d5f1962cb77b402c0b6e38eecddbd6c1962a7bf5b8f8fb5b,stage20_test_case001,stage20_test_case001,32,1.0,0.25,0,c3cb9ee46383407110e08225c1b2442c57aeb2403e5a2e7819421ac20d7a0a3c,7a32da6124fc6a41c18e686ada2e51881801a26878457a66996f174415d496d3,stage20_test_case001/seed_42/ADAPTER_CORRECT/decoded_geology.pt,stage20_test_case001,stage20_test_case001,a8e376eecea0d1f10f647874106c0bf8a7b54af59ee80746d9f3dc71b536bcca,c3cb9ee46383407110e08225c1b2442c57aeb2403e5a2e7819421ac20d7a0a3c,0,stage20_test_case001/seed_42/ADAPTER_CORRECT/decoded_geology.pt
stage20_test_case001,stage20_test_case001,42,ADAPTER_WRONG_CASE,5b3e3cc13e70f1477679559ea82781e02fc58130469ff39d5c71b5db647f9eea,561e94bfda770ec41fc4cbed43436a7e2130eef5dfb7e5d666fcefc0724ff94c,f8b71d0889ec8f76f033583be3b94f3041da888c0b910e92c8f686e24a093213,41c38912b1d49335e3e4ac85a39d86d6ee1d5e0064adbd924a9862d8ae0b88d8,1bebc207108e6850a97784ca01f26c33ff64413b2c555ab4b3b6c48eae15fe3d,3694a33ef4a7872aefe445bb48999c231f478fab22dd79e15598d24778b2e412,c36265866ba97a29391b0788f442aa252b634939cdc1b64407ac32ed28bf87a2,38fbebe69e655448588da4c3dd7a89ba55fffa15750d6630340549e46576f33e,53f26af7993dcc505233c1d559ae1dd114795ddd2dc62d3dd93567177674ecc9,stage20_test_case002,stage20_test_case001,32,1.0,0.25,0,98ba59bb2fb1c2c757e5a9f8fd2ddbc141703e8db7aae1034ba9cee0ddae6269,64b539c253a90cfcd815b7841218858520594dd9940a4a405002683717708c2f,stage20_test_case001/seed_42/ADAPTER_WRONG_CASE/decoded_geology.pt,stage20_test_case002,stage20_test_case001,2db368979c3ca7db4a8b3fbd22849ee804f46dca5d31de2860a86132c7b3d35a,98ba59bb2fb1c2c757e5a9f8fd2ddbc141703e8db7aae1034ba9cee0ddae6269,0,stage20_test_case001/seed_42/ADAPTER_WRONG_CASE/decoded_geology.pt
stage20_test_case001,stage20_test_case001,142,FLOW_ONLY,9e3fe8095b7f2705dfa4353f4606f4b4cb9d6a00c3ed5cbb0d450674e650e9cb,561e94bfda770ec41fc4cbed43436a7e2130eef5dfb7e5d666fcefc0724ff94c,f8b71d0889ec8f76f033583be3b94f3041da888c0b910e92c8f686e24a093213,41c38912b1d49335e3e4ac85a39d86d6ee1d5e0064adbd924a9862d8ae0b88d8,1bebc207108e6850a97784ca01f26c33ff64413b2c555ab4b3b6c48eae15fe3d,3694a33ef4a7872aefe445bb48999c231f478fab22dd79e15598d24778b2e412,c36265866ba97a29391b0788f442aa252b634939cdc1b64407ac32ed28bf87a2,38fbebe69e655448588da4c3dd7a89ba55fffa15750d6630340549e46576f33e,0b4efe0184fad645d5f1962cb77b402c0b6e38eecddbd6c1962a7bf5b8f8fb5b,stage20_test_case001,stage20_test_case001,32,0.0,0.25,0,f5c5b3989a8de987b8a5a3720b07707d0d404ee7fca7a1a051404bb0ffe8e8bf,23702bf6230cb30f5e8ce89f9316fd85c391b20b3dc99735b0d386f057050730,stage20_test_case001/seed_142/FLOW_ONLY/decoded_geology.pt,stage20_test_case001,stage20_test_case001,a8e376eecea0d1f10f647874106c0bf8a7b54af59ee80746d9f3dc71b536bcca,f5c5b3989a8de987b8a5a3720b07707d0d404ee7fca7a1a051404bb0ffe8e8bf,0,stage20_test_case001/seed_142/FLOW_ONLY/decoded_geology.pt
stage20_test_case001,stage20_test_case001,142,ADAPTER_PRIOR_ONLY,9e3fe8095b7f2705dfa4353f4606f4b4cb9d6a00c3ed5cbb0d450674e650e9cb,561e94bfda770ec41fc4cbed43436a7e2130eef5dfb7e5d666fcefc0724ff94c,f8b71d0889ec8f76f033583be3b94f3041da888c0b910e92c8f686e24a093213,41c38912b1d49335e3e4ac85a39d86d6ee1d5e0064adbd924a9862d8ae0b88d8,1bebc207108e6850a97784ca01f26c33ff64413b2c555ab4b3b6c48eae15fe3d,3694a33ef4a7872aefe445bb48999c231f478fab22dd79e15598d24778b2e412,c36265866ba97a29391b0788f442aa252b634939cdc1b64407ac32ed28bf87a2,38fbebe69e655448588da4c3dd7a89ba55fffa15750d6630340549e46576f33e,5164019736cf987071aa7863fb39a0d6738d67a9753a31e1196160edb52e3a00,stage20_test_case001,stage20_test_case001,32,1.0,0.25,0,821e9902b07b47ffbea206b54f0f9cc8c4e5d924d4d0f24d62da7d34ddfea88b,abb49156d8df26bbd8430679a99e9176c886a4e88c5740c26294a3c6eb3ad793,stage20_test_case001/seed_142/ADAPTER_PRIOR_ONLY/decoded_geology.pt,stage20_test_case001,stage20_test_case001,9a72c433273cda7db271a5e0ebcb9cbd5d3cfce6662a67d43d93ff002198b7ba,821e9902b07b47ffbea206b54f0f9cc8c4e5d924d4d0f24d62da7d34ddfea88b,0,stage20_test_case001/seed_142/ADAPTER_PRIOR_ONLY/decoded_geology.pt
stage20_test_case001,stage20_test_case001,142,ADAPTER_CORRECT,9e3fe8095b7f2705dfa4353f4606f4b4cb9d6a00c3ed5cbb0d450674e650e9cb,561e94bfda770ec41fc4cbed43436a7e2130eef5dfb7e5d666fcefc0724ff94c,f8b71d0889ec8f76f033583be3b94f3041da888c0b910e92c8f686e24a093213,41c38912b1d49335e3e4ac85a39d86d6ee1d5e0064adbd924a9862d8ae0b88d8,1bebc207108e6850a97784ca01f26c33ff64413b2c555ab4b3b6c48eae15fe3d,3694a33ef4a7872aefe445bb48999c231f478fab22dd79e15598d24778b2e412,c36265866ba97a29391b0788f442aa252b634939cdc1b64407ac32ed28bf87a2,38fbebe69e655448588da4c3dd7a89ba55fffa15750d6630340549e46576f33e,0b4efe0184fad645d5f1962cb77b402c0b6e38eecddbd6c1962a7bf5b8f8fb5b,stage20_test_case001,stage20_test_case001,32,1.0,0.25,0,c69f7a9d69bf26bc5aa14c5c674e7089558d14ce88ee6dca11a306a9d21459d3,08816f7f6e13813aba1d62e46eb2a0a0ff440b903cf544f53f841a87e877b95c,stage20_test_case001/seed_142/ADAPTER_CORRECT/decoded_geology.pt,stage20_test_case001,stage20_test_case001,a8e376eecea0d1f10f647874106c0bf8a7b54af59ee80746d9f3dc71b536bcca,c69f7a9d69bf26bc5aa14c5c674e7089558d14ce88ee6dca11a306a9d21459d3,0,stage20_test_case001/seed_142/ADAPTER_CORRECT/decoded_geology.pt
stage20_test_case001,stage20_test_case001,142,ADAPTER_WRONG_CASE,9e3fe8095b7f2705dfa4353f4606f4b4cb9d6a00c3ed5cbb0d450674e650e9cb,561e94bfda770ec41fc4cbed43436a7e2130eef5dfb7e5d666fcefc0724ff94c,f8b71d0889ec8f76f033583be3b94f3041da888c0b910e92c8f686e24a093213,41c38912b1d49335e3e4ac85a39d86d6ee1d5e0064adbd924a9862d8ae0b88d8,1bebc207108e6850a97784ca01f26c33ff64413b2c555ab4b3b6c48eae15fe3d,3694a33ef4a7872aefe445bb48999c231f478fab22dd79e15598d24778b2e412,c36265866ba97a29391b0788f442aa252b634939cdc1b64407ac32ed28bf87a2,38fbebe69e655448588da4c3dd7a89ba55fffa15750d6630340549e46576f33e,53f26af7993dcc505233c1d559ae1dd114795ddd2dc62d3dd93567177674ecc9,stage20_test_case002,stage20_test_case001,32,1.0,0.25,0,b5232cab41b80a1c2e21bec5a502e2df25e429f63a6dbd7a2a8e7d18c7292163,fd724b4bea392da81166facc67cead3a188d46e8080445708b33036f41574e4d,stage20_test_case001/seed_142/ADAPTER_WRONG_CASE/decoded_geology.pt,stage20_test_case002,stage20_test_case001,2db368979c3ca7db4a8b3fbd22849ee804f46dca5d31de2860a86132c7b3d35a,b5232cab41b80a1c2e21bec5a502e2df25e429f63a6dbd7a2a8e7d18c7292163,0,stage20_test_case001/seed_142/ADAPTER_WRONG_CASE/decoded_geology.pt
stage20_test_case001,stage20_test_case001,242,FLOW_ONLY,e6f10761b6eee07b0a77a58fc4f2170c9a107a156a7d8db89b83ebc4b1ac2c49,561e94bfda770ec41fc4cbed43436a7e2130eef5dfb7e5d666fcefc0724ff94c,f8b71d0889ec8f76f033583be3b94f3041da888c0b910e92c8f686e24a093213,41c38912b1d49335e3e4ac85a39d86d6ee1d5e0064adbd924a9862d8ae0b88d8,1bebc207108e6850a97784ca01f26c33ff64413b2c555ab4b3b6c48eae15fe3d,3694a33ef4a7872aefe445bb48999c231f478fab22dd79e15598d24778b2e412,c36265866ba97a29391b0788f442aa252b634939cdc1b64407ac32ed28bf87a2,38fbebe69e655448588da4c3dd7a89ba55fffa15750d6630340549e46576f33e,0b4efe0184fad645d5f1962cb77b402c0b6e38eecddbd6c1962a7bf5b8f8fb5b,stage20_test_case001,stage20_test_case001,32,0.0,0.25,0,373a96c7809dc569e30d01dd8dffc39e7a7d3a44b95266bea28e0b7ce0e020fc,e3e2fdc4e9af76a71787c0d1129dc0e223b5b285baea2f45c80790444f102b59,stage20_test_case001/seed_242/FLOW_ONLY/decoded_geology.pt,stage20_test_case001,stage20_test_case001,a8e376eecea0d1f10f647874106c0bf8a7b54af59ee80746d9f3dc71b536bcca,373a96c7809dc569e30d01dd8dffc39e7a7d3a44b95266bea28e0b7ce0e020fc,0,stage20_test_case001/seed_242/FLOW_ONLY/decoded_geology.pt
stage20_test_case001,stage20_test_case001,242,ADAPTER_PRIOR_ONLY,e6f10761b6eee07b0a77a58fc4f2170c9a107a156a7d8db89b83ebc4b1ac2c49,561e94bfda770ec41fc4cbed43436a7e2130eef5dfb7e5d666fcefc0724ff94c,f8b71d0889ec8f76f033583be3b94f3041da888c0b910e92c8f686e24a093213,41c38912b1d49335e3e4ac85a39d86d6ee1d5e0064adbd924a9862d8ae0b88d8,1bebc207108e6850a97784ca01f26c33ff64413b2c555ab4b3b6c48eae15fe3d,3694a33ef4a7872aefe445bb48999c231f478fab22dd79e15598d24778b2e412,c36265866ba97a29391b0788f442aa252b634939cdc1b64407ac32ed28bf87a2,38fbebe69e655448588da4c3dd7a89ba55fffa15750d6630340549e46576f33e,5164019736cf987071aa7863fb39a0d6738d67a9753a31e1196160edb52e3a00,stage20_test_case001,stage20_test_case001,32,1.0,0.25,0,0e396c4240244bb0db5ee2ca4c8fcb5f9386874babc9ee04d31b1c49b01e990e,779f78f5a9044061cf9d8dc648664bca30d8bc21fb4ea9ca7ec3c707d6c5af19,stage20_test_case001/seed_242/ADAPTER_PRIOR_ONLY/decoded_geology.pt,stage20_test_case001,stage20_test_case001,9a72c433273cda7db271a5e0ebcb9cbd5d3cfce6662a67d43d93ff002198b7ba,0e396c4240244bb0db5ee2ca4c8fcb5f9386874babc9ee04d31b1c49b01e990e,0,stage20_test_case001/seed_242/ADAPTER_PRIOR_ONLY/decoded_geology.pt
stage20_test_case001,stage20_test_case001,242,ADAPTER_CORRECT,e6f10761b6eee07b0a77a58fc4f2170c9a107a156a7d8db89b83ebc4b1ac2c49,561e94bfda770ec41fc4cbed43436a7e2130eef5dfb7e5d666fcefc0724ff94c,f8b71d0889ec8f76f033583be3b94f3041da888c0b910e92c8f686e24a093213,41c38912b1d49335e3e4ac85a39d86d6ee1d5e0064adbd924a9862d8ae0b88d8,1bebc207108e6850a97784ca01f26c33ff64413b2c555ab4b3b6c48eae15fe3d,3694a33ef4a7872aefe445bb48999c231f478fab22dd79e15598d24778b2e412,c36265866ba97a29391b0788f442aa252b634939cdc1b64407ac32ed28bf87a2,38fbebe69e655448588da4c3dd7a89ba55fffa15750d6630340549e46576f33e,0b4efe0184fad645d5f1962cb77b402c0b6e38eecddbd6c1962a7bf5b8f8fb5b,stage20_test_case001,stage20_test_case001,32,1.0,0.25,0,b141ee90bc0ef81f7dd9f0daf5b88c31d81f03f9dd0073070e7e7cd5c2fba8e7,833f7d2f19ee1bb9b6d5d3164d079bec6f9406cdd446841044e7ccb055b92ad4,stage20_test_case001/seed_242/ADAPTER_CORRECT/decoded_geology.pt,stage20_test_case001,stage20_test_case001,a8e376eecea0d1f10f647874106c0bf8a7b54af59ee80746d9f3dc71b536bcca,b141ee90bc0ef81f7dd9f0daf5b88c31d81f03f9dd0073070e7e7cd5c2fba8e7,0,stage20_test_case001/seed_242/ADAPTER_CORRECT/decoded_geology.pt
stage20_test_case001,stage20_test_case001,242,ADAPTER_WRONG_CASE,e6f10761b6eee07b0a77a58fc4f2170c9a107a156a7d8db89b83ebc4b1ac2c49,561e94bfda770ec41fc4cbed43436a7e2130eef5dfb7e5d666fcefc0724ff94c,f8b71d0889ec8f76f033583be3b94f3041da888c0b910e92c8f686e24a093213,41c38912b1d49335e3e4ac85a39d86d6ee1d5e0064adbd924a9862d8ae0b88d8,1bebc207108e6850a97784ca01f26c33ff64413b2c555ab4b3b6c48eae15fe3d,3694a33ef4a7872aefe445bb48999c231f478fab22dd79e15598d24778b2e412,c36265866ba97a29391b0788f442aa252b634939cdc1b64407ac32ed28bf87a2,38fbebe69e655448588da4c3dd7a89ba55fffa15750d6630340549e46576f33e,53f26af7993dcc505233c1d559ae1dd114795ddd2dc62d3dd93567177674ecc9,stage20_test_case002,stage20_test_case001,32,1.0,0.25,0,3fd0431433883c24f951fee98520e23cc69700ba71cc7af02b7426fe64293d7f,5841401083a22295a1904ca127c8dbff02928309669477c0fe6b8669b5e4b6a9,stage20_test_case001/seed_242/ADAPTER_WRONG_CASE/decoded_geology.pt,stage20_test_case002,stage20_test_case001,2db368979c3ca7db4a8b3fbd22849ee804f46dca5d31de2860a86132c7b3d35a,3fd0431433883c24f951fee98520e23cc69700ba71cc7af02b7426fe64293d7f,0,stage20_test_case001/seed_242/ADAPTER_WRONG_CASE/decoded_geology.pt
stage20_test_case002,stage20_test_case002,42,FLOW_ONLY,5b3e3cc13e70f1477679559ea82781e02fc58130469ff39d5c71b5db647f9eea,561e94bfda770ec41fc4cbed43436a7e2130eef5dfb7e5d666fcefc0724ff94c,f8b71d0889ec8f76f033583be3b94f3041da888c0b910e92c8f686e24a093213,41c38912b1d49335e3e4ac85a39d86d6ee1d5e0064adbd924a9862d8ae0b88d8,1bebc207108e6850a97784ca01f26c33ff64413b2c555ab4b3b6c48eae15fe3d,2449cd7e546e486d8562e8ca9db16f823bcc24feef560d6d30b360dc289b35fc,29126687e267aeaf80abd720e39fb1345d38c51a5fff185746a91104e0806821,9d0c88557e84200ffb0c1476d3ca16d10124176f896453c27f502e5338d24864,53f26af7993dcc505233c1d559ae1dd114795ddd2dc62d3dd93567177674ecc9,stage20_test_case002,stage20_test_case002,32,0.0,0.25,0,c149fe10026dd35e4718bc50979f0131ebe01635025f44ee12041052e50e4900,4dc6ee40639361a2888ff6d00dbe220eb873d9540553378d147f0b99097532ff,stage20_test_case002/seed_42/FLOW_ONLY/decoded_geology.pt,stage20_test_case002,stage20_test_case002,84eb49e44f0ca60108489096c08193dec78b977ea3d76ac71c7c9df6825a5d1d,c149fe10026dd35e4718bc50979f0131ebe01635025f44ee12041052e50e4900,0,stage20_test_case002/seed_42/FLOW_ONLY/decoded_geology.pt
stage20_test_case002,stage20_test_case002,42,ADAPTER_PRIOR_ONLY,5b3e3cc13e70f1477679559ea82781e02fc58130469ff39d5c71b5db647f9eea,561e94bfda770ec41fc4cbed43436a7e2130eef5dfb7e5d666fcefc0724ff94c,f8b71d0889ec8f76f033583be3b94f3041da888c0b910e92c8f686e24a093213,41c38912b1d49335e3e4ac85a39d86d6ee1d5e0064adbd924a9862d8ae0b88d8,1bebc207108e6850a97784ca01f26c33ff64413b2c555ab4b3b6c48eae15fe3d,2449cd7e546e486d8562e8ca9db16f823bcc24feef560d6d30b360dc289b35fc,29126687e267aeaf80abd720e39fb1345d38c51a5fff185746a91104e0806821,9d0c88557e84200ffb0c1476d3ca16d10124176f896453c27f502e5338d24864,309199b4054aca94c69132105e68b98010b9986b44572aaa8d584baadfa26087,stage20_test_case002,stage20_test_case002,32,1.0,0.25,0,d58d55730201278c0c3a63054cbfa17e4839f8338d515d557709c6db5a5a2e7c,1f87966eb74abc6f88dc82970456785af7f3c5b73437c718bac68fdbbeddf1be,stage20_test_case002/seed_42/ADAPTER_PRIOR_ONLY/decoded_geology.pt,stage20_test_case002,stage20_test_case002,3fb0d0a3cad397f24f47a5e45664bc77ddcf2a17686cc2d7dbd0cedd8580bacc,d58d55730201278c0c3a63054cbfa17e4839f8338d515d557709c6db5a5a2e7c,0,stage20_test_case002/seed_42/ADAPTER_PRIOR_ONLY/decoded_geology.pt
stage20_test_case002,stage20_test_case002,42,ADAPTER_CORRECT,5b3e3cc13e70f1477679559ea82781e02fc58130469ff39d5c71b5db647f9eea,561e94bfda770ec41fc4cbed43436a7e2130eef5dfb7e5d666fcefc0724ff94c,f8b71d0889ec8f76f033583be3b94f3041da888c0b910e92c8f686e24a093213,41c38912b1d49335e3e4ac85a39d86d6ee1d5e0064adbd924a9862d8ae0b88d8,1bebc207108e6850a97784ca01f26c33ff64413b2c555ab4b3b6c48eae15fe3d,2449cd7e546e486d8562e8ca9db16f823bcc24feef560d6d30b360dc289b35fc,29126687e267aeaf80abd720e39fb1345d38c51a5fff185746a91104e0806821,9d0c88557e84200ffb0c1476d3ca16d10124176f896453c27f502e5338d24864,53f26af7993dcc505233c1d559ae1dd114795ddd2dc62d3dd93567177674ecc9,stage20_test_case002,stage20_test_case002,32,1.0,0.25,0,6b6c1598e1806951dac0758351b1ae4636562b1e1e48b53cfb42be9b53228f99,62ac9c26241e7760b601fd26f88c1c795c9f1b001f578639a4ec714c4dafe775,stage20_test_case002/seed_42/ADAPTER_CORRECT/decoded_geology.pt,stage20_test_case002,stage20_test_case002,84eb49e44f0ca60108489096c08193dec78b977ea3d76ac71c7c9df6825a5d1d,6b6c1598e1806951dac0758351b1ae4636562b1e1e48b53cfb42be9b53228f99,0,stage20_test_case002/seed_42/ADAPTER_CORRECT/decoded_geology.pt
stage20_test_case002,stage20_test_case002,42,ADAPTER_WRONG_CASE,5b3e3cc13e70f1477679559ea82781e02fc58130469ff39d5c71b5db647f9eea,561e94bfda770ec41fc4cbed43436a7e2130eef5dfb7e5d666fcefc0724ff94c,f8b71d0889ec8f76f033583be3b94f3041da888c0b910e92c8f686e24a093213,41c38912b1d49335e3e4ac85a39d86d6ee1d5e0064adbd924a9862d8ae0b88d8,1bebc207108e6850a97784ca01f26c33ff64413b2c555ab4b3b6c48eae15fe3d,2449cd7e546e486d8562e8ca9db16f823bcc24feef560d6d30b360dc289b35fc,29126687e267aeaf80abd720e39fb1345d38c51a5fff185746a91104e0806821,9d0c88557e84200ffb0c1476d3ca16d10124176f896453c27f502e5338d24864,13b39c1cf186b8b7e946de264abeedc5e01c52f08588b23da427a49173f2b0cb,stage20_test_case003,stage20_test_case002,32,1.0,0.25,0,9528560c430be8d18b843bd3bc3a8d08b4ed2993a2ff959fb965b1f1fe67b4f6,e21fec6af457e6f7d0b857cd92376ee7fe9d7f5bb1df12d343e70ef3b8c2d534,stage20_test_case002/seed_42/ADAPTER_WRONG_CASE/decoded_geology.pt,stage20_test_case003,stage20_test_case002,5c15c46fab256c3d838c14fc6309e8e47d33b973c526cea2156b61d72fff18bf,9528560c430be8d18b843bd3bc3a8d08b4ed2993a2ff959fb965b1f1fe67b4f6,0,stage20_test_case002/seed_42/ADAPTER_WRONG_CASE/decoded_geology.pt
stage20_test_case002,stage20_test_case002,142,FLOW_ONLY,9e3fe8095b7f2705dfa4353f4606f4b4cb9d6a00c3ed5cbb0d450674e650e9cb,561e94bfda770ec41fc4cbed43436a7e2130eef5dfb7e5d666fcefc0724ff94c,f8b71d0889ec8f76f033583be3b94f3041da888c0b910e92c8f686e24a093213,41c38912b1d49335e3e4ac85a39d86d6ee1d5e0064adbd924a9862d8ae0b88d8,1bebc207108e6850a97784ca01f26c33ff64413b2c555ab4b3b6c48eae15fe3d,2449cd7e546e486d8562e8ca9db16f823bcc24feef560d6d30b360dc289b35fc,29126687e267aeaf80abd720e39fb1345d38c51a5fff185746a91104e0806821,9d0c88557e84200ffb0c1476d3ca16d10124176f896453c27f502e5338d24864,53f26af7993dcc505233c1d559ae1dd114795ddd2dc62d3dd93567177674ecc9,stage20_test_case002,stage20_test_case002,32,0.0,0.25,0,12d27a1f39f819395d1ba9a6e055999c48aecc086a855efc59239e3865809a85,48f40e2cfd34a3488ec0aee2d3cbbdceb2608cf7f26c2ec5230ccaf3c1391ec9,stage20_test_case002/seed_142/FLOW_ONLY/decoded_geology.pt,stage20_test_case002,stage20_test_case002,84eb49e44f0ca60108489096c08193dec78b977ea3d76ac71c7c9df6825a5d1d,12d27a1f39f819395d1ba9a6e055999c48aecc086a855efc59239e3865809a85,0,stage20_test_case002/seed_142/FLOW_ONLY/decoded_geology.pt
stage20_test_case002,stage20_test_case002,142,ADAPTER_PRIOR_ONLY,9e3fe8095b7f2705dfa4353f4606f4b4cb9d6a00c3ed5cbb0d450674e650e9cb,561e94bfda770ec41fc4cbed43436a7e2130eef5dfb7e5d666fcefc0724ff94c,f8b71d0889ec8f76f033583be3b94f3041da888c0b910e92c8f686e24a093213,41c38912b1d49335e3e4ac85a39d86d6ee1d5e0064adbd924a9862d8ae0b88d8,1bebc207108e6850a97784ca01f26c33ff64413b2c555ab4b3b6c48eae15fe3d,2449cd7e546e486d8562e8ca9db16f823bcc24feef560d6d30b360dc289b35fc,29126687e267aeaf80abd720e39fb1345d38c51a5fff185746a91104e0806821,9d0c88557e84200ffb0c1476d3ca16d10124176f896453c27f502e5338d24864,309199b4054aca94c69132105e68b98010b9986b44572aaa8d584baadfa26087,stage20_test_case002,stage20_test_case002,32,1.0,0.25,0,d7ef5154026d112c0f137074d55e86be071575ea084ed75f064dba4dc42dea3c,fdd48a641bfdc97ec575f77dd9c559fe3f41ebbd5af0439bfe7d3ffbf5735436,stage20_test_case002/seed_142/ADAPTER_PRIOR_ONLY/decoded_geology.pt,stage20_test_case002,stage20_test_case002,3fb0d0a3cad397f24f47a5e45664bc77ddcf2a17686cc2d7dbd0cedd8580bacc,d7ef5154026d112c0f137074d55e86be071575ea084ed75f064dba4dc42dea3c,0,stage20_test_case002/seed_142/ADAPTER_PRIOR_ONLY/decoded_geology.pt
stage20_test_case002,stage20_test_case002,142,ADAPTER_CORRECT,9e3fe8095b7f2705dfa4353f4606f4b4cb9d6a00c3ed5cbb0d450674e650e9cb,561e94bfda770ec41fc4cbed43436a7e2130eef5dfb7e5d666fcefc0724ff94c,f8b71d0889ec8f76f033583be3b94f3041da888c0b910e92c8f686e24a093213,41c38912b1d49335e3e4ac85a39d86d6ee1d5e0064adbd924a9862d8ae0b88d8,1bebc207108e6850a97784ca01f26c33ff64413b2c555ab4b3b6c48eae15fe3d,2449cd7e546e486d8562e8ca9db16f823bcc24feef560d6d30b360dc289b35fc,29126687e267aeaf80abd720e39fb1345d38c51a5fff185746a91104e0806821,9d0c88557e84200ffb0c1476d3ca16d10124176f896453c27f502e5338d24864,53f26af7993dcc505233c1d559ae1dd114795ddd2dc62d3dd93567177674ecc9,stage20_test_case002,stage20_test_case002,32,1.0,0.25,0,8c1a1d986e2d55d7d2a85f777898498f2f2333b63abafddba247cdfa4bce387a,0e2c7d4bc335bb87fde08687add8b10c3eacabc4a518e077e793155d802e3102,stage20_test_case002/seed_142/ADAPTER_CORRECT/decoded_geology.pt,stage20_test_case002,stage20_test_case002,84eb49e44f0ca60108489096c08193dec78b977ea3d76ac71c7c9df6825a5d1d,8c1a1d986e2d55d7d2a85f777898498f2f2333b63abafddba247cdfa4bce387a,0,stage20_test_case002/seed_142/ADAPTER_CORRECT/decoded_geology.pt
stage20_test_case002,stage20_test_case002,142,ADAPTER_WRONG_CASE,9e3fe8095b7f2705dfa4353f4606f4b4cb9d6a00c3ed5cbb0d450674e650e9cb,561e94bfda770ec41fc4cbed43436a7e2130eef5dfb7e5d666fcefc0724ff94c,f8b71d0889ec8f76f033583be3b94f3041da888c0b910e92c8f686e24a093213,41c38912b1d49335e3e4ac85a39d86d6ee1d5e0064adbd924a9862d8ae0b88d8,1bebc207108e6850a97784ca01f26c33ff64413b2c555ab4b3b6c48eae15fe3d,2449cd7e546e486d8562e8ca9db16f823bcc24feef560d6d30b360dc289b35fc,29126687e267aeaf80abd720e39fb1345d38c51a5fff185746a91104e0806821,9d0c88557e84200ffb0c1476d3ca16d10124176f896453c27f502e5338d24864,13b39c1cf186b8b7e946de264abeedc5e01c52f08588b23da427a49173f2b0cb,stage20_test_case003,stage20_test_case002,32,1.0,0.25,0,48142c0426835dcdb146ee1fcad914f92a8f585319e4fe4747fb2448e8392d94,84eea1e8fc222e6e099539af32a89398f9e3a47e79302e7f001dfba70a45e711,stage20_test_case002/seed_142/ADAPTER_WRONG_CASE/decoded_geology.pt,stage20_test_case003,stage20_test_case002,5c15c46fab256c3d838c14fc6309e8e47d33b973c526cea2156b61d72fff18bf,48142c0426835dcdb146ee1fcad914f92a8f585319e4fe4747fb2448e8392d94,0,stage20_test_case002/seed_142/ADAPTER_WRONG_CASE/decoded_geology.pt
stage20_test_case002,stage20_test_case002,242,FLOW_ONLY,e6f10761b6eee07b0a77a58fc4f2170c9a107a156a7d8db89b83ebc4b1ac2c49,561e94bfda770ec41fc4cbed43436a7e2130eef5dfb7e5d666fcefc0724ff94c,f8b71d0889ec8f76f033583be3b94f3041da888c0b910e92c8f686e24a093213,41c38912b1d49335e3e4ac85a39d86d6ee1d5e0064adbd924a9862d8ae0b88d8,1bebc207108e6850a97784ca01f26c33ff64413b2c555ab4b3b6c48eae15fe3d,2449cd7e546e486d8562e8ca9db16f823bcc24feef560d6d30b360dc289b35fc,29126687e267aeaf80abd720e39fb1345d38c51a5fff185746a91104e0806821,9d0c88557e84200ffb0c1476d3ca16d10124176f896453c27f502e5338d24864,53f26af7993dcc505233c1d559ae1dd114795ddd2dc62d3dd93567177674ecc9,stage20_test_case002,stage20_test_case002,32,0.0,0.25,0,e23723abf18fe8b7e179992455252d7f7f3c04644304600ed791d77df982c52d,5b210f685add25f926228b9fce4187b5e41b4741982c9282433fde306ec5bed1,stage20_test_case002/seed_242/FLOW_ONLY/decoded_geology.pt,stage20_test_case002,stage20_test_case002,84eb49e44f0ca60108489096c08193dec78b977ea3d76ac71c7c9df6825a5d1d,e23723abf18fe8b7e179992455252d7f7f3c04644304600ed791d77df982c52d,0,stage20_test_case002/seed_242/FLOW_ONLY/decoded_geology.pt
stage20_test_case002,stage20_test_case002,242,ADAPTER_PRIOR_ONLY,e6f10761b6eee07b0a77a58fc4f2170c9a107a156a7d8db89b83ebc4b1ac2c49,561e94bfda770ec41fc4cbed43436a7e2130eef5dfb7e5d666fcefc0724ff94c,f8b71d0889ec8f76f033583be3b94f3041da888c0b910e92c8f686e24a093213,41c38912b1d49335e3e4ac85a39d86d6ee1d5e0064adbd924a9862d8ae0b88d8,1bebc207108e6850a97784ca01f26c33ff64413b2c555ab4b3b6c48eae15fe3d,2449cd7e546e486d8562e8ca9db16f823bcc24feef560d6d30b360dc289b35fc,29126687e267aeaf80abd720e39fb1345d38c51a5fff185746a91104e0806821,9d0c88557e84200ffb0c1476d3ca16d10124176f896453c27f502e5338d24864,309199b4054aca94c69132105e68b98010b9986b44572aaa8d584baadfa26087,stage20_test_case002,stage20_test_case002,32,1.0,0.25,0,85d7f18cdda50795124a00189346473a97ebcf1e39a4ab2c9f48a504f6b639e3,f3f2884c370be96a5febce00fa5d5f157396eae9aac313ba6664574083298ca7,stage20_test_case002/seed_242/ADAPTER_PRIOR_ONLY/decoded_geology.pt,stage20_test_case002,stage20_test_case002,3fb0d0a3cad397f24f47a5e45664bc77ddcf2a17686cc2d7dbd0cedd8580bacc,85d7f18cdda50795124a00189346473a97ebcf1e39a4ab2c9f48a504f6b639e3,0,stage20_test_case002/seed_242/ADAPTER_PRIOR_ONLY/decoded_geology.pt
stage20_test_case002,stage20_test_case002,242,ADAPTER_CORRECT,e6f10761b6eee07b0a77a58fc4f2170c9a107a156a7d8db89b83ebc4b1ac2c49,561e94bfda770ec41fc4cbed43436a7e2130eef5dfb7e5d666fcefc0724ff94c,f8b71d0889ec8f76f033583be3b94f3041da888c0b910e92c8f686e24a093213,41c38912b1d49335e3e4ac85a39d86d6ee1d5e0064adbd924a9862d8ae0b88d8,1bebc207108e6850a97784ca01f26c33ff64413b2c555ab4b3b6c48eae15fe3d,2449cd7e546e486d8562e8ca9db16f823bcc24feef560d6d30b360dc289b35fc,29126687e267aeaf80abd720e39fb1345d38c51a5fff185746a91104e0806821,9d0c88557e84200ffb0c1476d3ca16d10124176f896453c27f502e5338d24864,53f26af7993dcc505233c1d559ae1dd114795ddd2dc62d3dd93567177674ecc9,stage20_test_case002,stage20_test_case002,32,1.0,0.25,0,af583a4dcebe530424620c0eb913f1de65725838fa183692cb0c5b38175678b4,4412dcb00d0572244166b4ae1e58a0c9e5db9e1c4d51cf8137a3482d77efe31c,stage20_test_case002/seed_242/ADAPTER_CORRECT/decoded_geology.pt,stage20_test_case002,stage20_test_case002,84eb49e44f0ca60108489096c08193dec78b977ea3d76ac71c7c9df6825a5d1d,af583a4dcebe530424620c0eb913f1de65725838fa183692cb0c5b38175678b4,0,stage20_test_case002/seed_242/ADAPTER_CORRECT/decoded_geology.pt
stage20_test_case002,stage20_test_case002,242,ADAPTER_WRONG_CASE,e6f10761b6eee07b0a77a58fc4f2170c9a107a156a7d8db89b83ebc4b1ac2c49,561e94bfda770ec41fc4cbed43436a7e2130eef5dfb7e5d666fcefc0724ff94c,f8b71d0889ec8f76f033583be3b94f3041da888c0b910e92c8f686e24a093213,41c38912b1d49335e3e4ac85a39d86d6ee1d5e0064adbd924a9862d8ae0b88d8,1bebc207108e6850a97784ca01f26c33ff64413b2c555ab4b3b6c48eae15fe3d,2449cd7e546e486d8562e8ca9db16f823bcc24feef560d6d30b360dc289b35fc,29126687e267aeaf80abd720e39fb1345d38c51a5fff185746a91104e0806821,9d0c88557e84200ffb0c1476d3ca16d10124176f896453c27f502e5338d24864,13b39c1cf186b8b7e946de264abeedc5e01c52f08588b23da427a49173f2b0cb,stage20_test_case003,stage20_test_case002,32,1.0,0.25,0,b8436af1d9abd834937fe6dd1acda1de84a8b16b8b2fffef82429f93423e3512,3005f95b72bcc09314e0f58eb0e6f78796b59998f8a2876a041192b57f061f15,stage20_test_case002/seed_242/ADAPTER_WRONG_CASE/decoded_geology.pt,stage20_test_case003,stage20_test_case002,5c15c46fab256c3d838c14fc6309e8e47d33b973c526cea2156b61d72fff18bf,b8436af1d9abd834937fe6dd1acda1de84a8b16b8b2fffef82429f93423e3512,0,stage20_test_case002/seed_242/ADAPTER_WRONG_CASE/decoded_geology.pt
stage20_test_case003,stage20_test_case003,42,FLOW_ONLY,5b3e3cc13e70f1477679559ea82781e02fc58130469ff39d5c71b5db647f9eea,561e94bfda770ec41fc4cbed43436a7e2130eef5dfb7e5d666fcefc0724ff94c,f8b71d0889ec8f76f033583be3b94f3041da888c0b910e92c8f686e24a093213,41c38912b1d49335e3e4ac85a39d86d6ee1d5e0064adbd924a9862d8ae0b88d8,1bebc207108e6850a97784ca01f26c33ff64413b2c555ab4b3b6c48eae15fe3d,554072dd34dc1c3323100b9700d8fbe1de44a47ebeddba7d83f3e1e25fabece9,c0b80e3de9d63bd274923640bbefd1f781726cb83a3075ac342f167f953de8f5,8fab94833a0694fea570fd3513b55d1f21f5a5338ee7558374af4416d65e043e,13b39c1cf186b8b7e946de264abeedc5e01c52f08588b23da427a49173f2b0cb,stage20_test_case003,stage20_test_case003,32,0.0,0.25,0,60fba9a5016bb1bcaa0534df84af0c15a77ab7fb1cfa11135a50642efc6f4e74,cf4245bc9380d8c69904a397acacf20f63ac72e2452350330ec55d5014637a30,stage20_test_case003/seed_42/FLOW_ONLY/decoded_geology.pt,stage20_test_case003,stage20_test_case003,3414c90930c03c1d259d89e19a656698fef08070fe37f02164dd1cc9eafe5b8c,60fba9a5016bb1bcaa0534df84af0c15a77ab7fb1cfa11135a50642efc6f4e74,0,stage20_test_case003/seed_42/FLOW_ONLY/decoded_geology.pt
stage20_test_case003,stage20_test_case003,42,ADAPTER_PRIOR_ONLY,5b3e3cc13e70f1477679559ea82781e02fc58130469ff39d5c71b5db647f9eea,561e94bfda770ec41fc4cbed43436a7e2130eef5dfb7e5d666fcefc0724ff94c,f8b71d0889ec8f76f033583be3b94f3041da888c0b910e92c8f686e24a093213,41c38912b1d49335e3e4ac85a39d86d6ee1d5e0064adbd924a9862d8ae0b88d8,1bebc207108e6850a97784ca01f26c33ff64413b2c555ab4b3b6c48eae15fe3d,554072dd34dc1c3323100b9700d8fbe1de44a47ebeddba7d83f3e1e25fabece9,c0b80e3de9d63bd274923640bbefd1f781726cb83a3075ac342f167f953de8f5,8fab94833a0694fea570fd3513b55d1f21f5a5338ee7558374af4416d65e043e,cc3e347cb76d83dd6c7996b806c6cf84429bbd065081662be5729c458e3a2d87,stage20_test_case003,stage20_test_case003,32,1.0,0.25,0,9ab63549038e3a89c058d316cf175dc4ac933a4731714f26d2e5d7ccf4f848d6,8f84769da942f9731cb520db5d5ee92d163c73ac29624d78024090aefd1e1ff7,stage20_test_case003/seed_42/ADAPTER_PRIOR_ONLY/decoded_geology.pt,stage20_test_case003,stage20_test_case003,085ceb5d92013cc7118162432d078e8c1c5097515c424a3199d369ef57213130,9ab63549038e3a89c058d316cf175dc4ac933a4731714f26d2e5d7ccf4f848d6,0,stage20_test_case003/seed_42/ADAPTER_PRIOR_ONLY/decoded_geology.pt
stage20_test_case003,stage20_test_case003,42,ADAPTER_CORRECT,5b3e3cc13e70f1477679559ea82781e02fc58130469ff39d5c71b5db647f9eea,561e94bfda770ec41fc4cbed43436a7e2130eef5dfb7e5d666fcefc0724ff94c,f8b71d0889ec8f76f033583be3b94f3041da888c0b910e92c8f686e24a093213,41c38912b1d49335e3e4ac85a39d86d6ee1d5e0064adbd924a9862d8ae0b88d8,1bebc207108e6850a97784ca01f26c33ff64413b2c555ab4b3b6c48eae15fe3d,554072dd34dc1c3323100b9700d8fbe1de44a47ebeddba7d83f3e1e25fabece9,c0b80e3de9d63bd274923640bbefd1f781726cb83a3075ac342f167f953de8f5,8fab94833a0694fea570fd3513b55d1f21f5a5338ee7558374af4416d65e043e,13b39c1cf186b8b7e946de264abeedc5e01c52f08588b23da427a49173f2b0cb,stage20_test_case003,stage20_test_case003,32,1.0,0.25,0,1c0bc933234ae176cd4e14b72e4a567dc6c6758c61b1ba550cd9c0fe57bda962,4177f7271df0c9db55e85c238d609c6050fedace9edc861dd0c5de7d47736d4c,stage20_test_case003/seed_42/ADAPTER_CORRECT/decoded_geology.pt,stage20_test_case003,stage20_test_case003,3414c90930c03c1d259d89e19a656698fef08070fe37f02164dd1cc9eafe5b8c,1c0bc933234ae176cd4e14b72e4a567dc6c6758c61b1ba550cd9c0fe57bda962,0,stage20_test_case003/seed_42/ADAPTER_CORRECT/decoded_geology.pt
stage20_test_case003,stage20_test_case003,42,ADAPTER_WRONG_CASE,5b3e3cc13e70f1477679559ea82781e02fc58130469ff39d5c71b5db647f9eea,561e94bfda770ec41fc4cbed43436a7e2130eef5dfb7e5d666fcefc0724ff94c,f8b71d0889ec8f76f033583be3b94f3041da888c0b910e92c8f686e24a093213,41c38912b1d49335e3e4ac85a39d86d6ee1d5e0064adbd924a9862d8ae0b88d8,1bebc207108e6850a97784ca01f26c33ff64413b2c555ab4b3b6c48eae15fe3d,554072dd34dc1c3323100b9700d8fbe1de44a47ebeddba7d83f3e1e25fabece9,c0b80e3de9d63bd274923640bbefd1f781726cb83a3075ac342f167f953de8f5,8fab94833a0694fea570fd3513b55d1f21f5a5338ee7558374af4416d65e043e,832d3e68d844b43ef5c0b1c6cac225f20927239556203f596f5b7062b9ac56e4,stage20_test_case004,stage20_test_case003,32,1.0,0.25,0,b3a4dce69abcd4a40d4f8ecd31b24a7e7bfbea824d0d6236474e7abc1e27d9e2,1942005f89ce07df0730e0686a6c5ce2942975c5f91426ea34735f8340d6a7d1,stage20_test_case003/seed_42/ADAPTER_WRONG_CASE/decoded_geology.pt,stage20_test_case004,stage20_test_case003,8e90ab1d67c4850afa3ebb8fb6537f19fc288cdce1c89f3d3c55aaaaf250ffa8,b3a4dce69abcd4a40d4f8ecd31b24a7e7bfbea824d0d6236474e7abc1e27d9e2,0,stage20_test_case003/seed_42/ADAPTER_WRONG_CASE/decoded_geology.pt
stage20_test_case003,stage20_test_case003,142,FLOW_ONLY,9e3fe8095b7f2705dfa4353f4606f4b4cb9d6a00c3ed5cbb0d450674e650e9cb,561e94bfda770ec41fc4cbed43436a7e2130eef5dfb7e5d666fcefc0724ff94c,f8b71d0889ec8f76f033583be3b94f3041da888c0b910e92c8f686e24a093213,41c38912b1d49335e3e4ac85a39d86d6ee1d5e0064adbd924a9862d8ae0b88d8,1bebc207108e6850a97784ca01f26c33ff64413b2c555ab4b3b6c48eae15fe3d,554072dd34dc1c3323100b9700d8fbe1de44a47ebeddba7d83f3e1e25fabece9,c0b80e3de9d63bd274923640bbefd1f781726cb83a3075ac342f167f953de8f5,8fab94833a0694fea570fd3513b55d1f21f5a5338ee7558374af4416d65e043e,13b39c1cf186b8b7e946de264abeedc5e01c52f08588b23da427a49173f2b0cb,stage20_test_case003,stage20_test_case003,32,0.0,0.25,0,3217f1c2bfe0b0c6f51a6fb09704d120f9a2acc8f6d1576bf088f7e021b388cd,7d8da5e2c466c8f3766f087d7435b7c6ed2a2c6a271ab64df79a55114ddb94db,stage20_test_case003/seed_142/FLOW_ONLY/decoded_geology.pt,stage20_test_case003,stage20_test_case003,3414c90930c03c1d259d89e19a656698fef08070fe37f02164dd1cc9eafe5b8c,3217f1c2bfe0b0c6f51a6fb09704d120f9a2acc8f6d1576bf088f7e021b388cd,0,stage20_test_case003/seed_142/FLOW_ONLY/decoded_geology.pt
stage20_test_case003,stage20_test_case003,142,ADAPTER_PRIOR_ONLY,9e3fe8095b7f2705dfa4353f4606f4b4cb9d6a00c3ed5cbb0d450674e650e9cb,561e94bfda770ec41fc4cbed43436a7e2130eef5dfb7e5d666fcefc0724ff94c,f8b71d0889ec8f76f033583be3b94f3041da888c0b910e92c8f686e24a093213,41c38912b1d49335e3e4ac85a39d86d6ee1d5e0064adbd924a9862d8ae0b88d8,1bebc207108e6850a97784ca01f26c33ff64413b2c555ab4b3b6c48eae15fe3d,554072dd34dc1c3323100b9700d8fbe1de44a47ebeddba7d83f3e1e25fabece9,c0b80e3de9d63bd274923640bbefd1f781726cb83a3075ac342f167f953de8f5,8fab94833a0694fea570fd3513b55d1f21f5a5338ee7558374af4416d65e043e,cc3e347cb76d83dd6c7996b806c6cf84429bbd065081662be5729c458e3a2d87,stage20_test_case003,stage20_test_case003,32,1.0,0.25,0,bc364450822e7448db62ee9c851d2841de50a0bd79aca3bf3eab65bc0c2bb51a,19dfd703296d332bf9e8dcea4df3d1c734ecb1a91eaaa9b47f24c983ea265c99,stage20_test_case003/seed_142/ADAPTER_PRIOR_ONLY/decoded_geology.pt,stage20_test_case003,stage20_test_case003,085ceb5d92013cc7118162432d078e8c1c5097515c424a3199d369ef57213130,bc364450822e7448db62ee9c851d2841de50a0bd79aca3bf3eab65bc0c2bb51a,0,stage20_test_case003/seed_142/ADAPTER_PRIOR_ONLY/decoded_geology.pt
stage20_test_case003,stage20_test_case003,142,ADAPTER_CORRECT,9e3fe8095b7f2705dfa4353f4606f4b4cb9d6a00c3ed5cbb0d450674e650e9cb,561e94bfda770ec41fc4cbed43436a7e2130eef5dfb7e5d666fcefc0724ff94c,f8b71d0889ec8f76f033583be3b94f3041da888c0b910e92c8f686e24a093213,41c38912b1d49335e3e4ac85a39d86d6ee1d5e0064adbd924a9862d8ae0b88d8,1bebc207108e6850a97784ca01f26c33ff64413b2c555ab4b3b6c48eae15fe3d,554072dd34dc1c3323100b9700d8fbe1de44a47ebeddba7d83f3e1e25fabece9,c0b80e3de9d63bd274923640bbefd1f781726cb83a3075ac342f167f953de8f5,8fab94833a0694fea570fd3513b55d1f21f5a5338ee7558374af4416d65e043e,13b39c1cf186b8b7e946de264abeedc5e01c52f08588b23da427a49173f2b0cb,stage20_test_case003,stage20_test_case003,32,1.0,0.25,0,98148c6c5aa5caabdbe10ab094fae6dfef3c0a80d1566257b7348e6bc31f3d4a,6ea8b1583695708113be8d35060f70edb14aa85fccef59053712cac791784a27,stage20_test_case003/seed_142/ADAPTER_CORRECT/decoded_geology.pt,stage20_test_case003,stage20_test_case003,3414c90930c03c1d259d89e19a656698fef08070fe37f02164dd1cc9eafe5b8c,98148c6c5aa5caabdbe10ab094fae6dfef3c0a80d1566257b7348e6bc31f3d4a,0,stage20_test_case003/seed_142/ADAPTER_CORRECT/decoded_geology.pt
stage20_test_case003,stage20_test_case003,142,ADAPTER_WRONG_CASE,9e3fe8095b7f2705dfa4353f4606f4b4cb9d6a00c3ed5cbb0d450674e650e9cb,561e94bfda770ec41fc4cbed43436a7e2130eef5dfb7e5d666fcefc0724ff94c,f8b71d0889ec8f76f033583be3b94f3041da888c0b910e92c8f686e24a093213,41c38912b1d49335e3e4ac85a39d86d6ee1d5e0064adbd924a9862d8ae0b88d8,1bebc207108e6850a97784ca01f26c33ff64413b2c555ab4b3b6c48eae15fe3d,554072dd34dc1c3323100b9700d8fbe1de44a47ebeddba7d83f3e1e25fabece9,c0b80e3de9d63bd274923640bbefd1f781726cb83a3075ac342f167f953de8f5,8fab94833a0694fea570fd3513b55d1f21f5a5338ee7558374af4416d65e043e,832d3e68d844b43ef5c0b1c6cac225f20927239556203f596f5b7062b9ac56e4,stage20_test_case004,stage20_test_case003,32,1.0,0.25,0,6a9e7d4e9da87a32c558bcc8fc4448c31105dde4bb8ac2cb6ce2285bea8f2c25,cf2f71b059772a87cd78ad0f25c1a9ce7d05e661fecef2399d7b6b8b0d53be7a,stage20_test_case003/seed_142/ADAPTER_WRONG_CASE/decoded_geology.pt,stage20_test_case004,stage20_test_case003,8e90ab1d67c4850afa3ebb8fb6537f19fc288cdce1c89f3d3c55aaaaf250ffa8,6a9e7d4e9da87a32c558bcc8fc4448c31105dde4bb8ac2cb6ce2285bea8f2c25,0,stage20_test_case003/seed_142/ADAPTER_WRONG_CASE/decoded_geology.pt
stage20_test_case003,stage20_test_case003,242,FLOW_ONLY,e6f10761b6eee07b0a77a58fc4f2170c9a107a156a7d8db89b83ebc4b1ac2c49,561e94bfda770ec41fc4cbed43436a7e2130eef5dfb7e5d666fcefc0724ff94c,f8b71d0889ec8f76f033583be3b94f3041da888c0b910e92c8f686e24a093213,41c38912b1d49335e3e4ac85a39d86d6ee1d5e0064adbd924a9862d8ae0b88d8,1bebc207108e6850a97784ca01f26c33ff64413b2c555ab4b3b6c48eae15fe3d,554072dd34dc1c3323100b9700d8fbe1de44a47ebeddba7d83f3e1e25fabece9,c0b80e3de9d63bd274923640bbefd1f781726cb83a3075ac342f167f953de8f5,8fab94833a0694fea570fd3513b55d1f21f5a5338ee7558374af4416d65e043e,13b39c1cf186b8b7e946de264abeedc5e01c52f08588b23da427a49173f2b0cb,stage20_test_case003,stage20_test_case003,32,0.0,0.25,0,00168365a6eba53f2219647e6d9e9df9ed625863943476d82dd2eba02676e7b5,152cb51695e9f57998e5f34856a8b628b3fa7ab0fc9422c8371f5cef3a7f7742,stage20_test_case003/seed_242/FLOW_ONLY/decoded_geology.pt,stage20_test_case003,stage20_test_case003,3414c90930c03c1d259d89e19a656698fef08070fe37f02164dd1cc9eafe5b8c,00168365a6eba53f2219647e6d9e9df9ed625863943476d82dd2eba02676e7b5,0,stage20_test_case003/seed_242/FLOW_ONLY/decoded_geology.pt
stage20_test_case003,stage20_test_case003,242,ADAPTER_PRIOR_ONLY,e6f10761b6eee07b0a77a58fc4f2170c9a107a156a7d8db89b83ebc4b1ac2c49,561e94bfda770ec41fc4cbed43436a7e2130eef5dfb7e5d666fcefc0724ff94c,f8b71d0889ec8f76f033583be3b94f3041da888c0b910e92c8f686e24a093213,41c38912b1d49335e3e4ac85a39d86d6ee1d5e0064adbd924a9862d8ae0b88d8,1bebc207108e6850a97784ca01f26c33ff64413b2c555ab4b3b6c48eae15fe3d,554072dd34dc1c3323100b9700d8fbe1de44a47ebeddba7d83f3e1e25fabece9,c0b80e3de9d63bd274923640bbefd1f781726cb83a3075ac342f167f953de8f5,8fab94833a0694fea570fd3513b55d1f21f5a5338ee7558374af4416d65e043e,cc3e347cb76d83dd6c7996b806c6cf84429bbd065081662be5729c458e3a2d87,stage20_test_case003,stage20_test_case003,32,1.0,0.25,0,b26b7c424a48f54a79aaed8997ec2f48a032df029ea7e1e26196c863390a5555,791576c5057de3e8a923d55461556e1aa4fb71c073808f406e7ece8ac393a51a,stage20_test_case003/seed_242/ADAPTER_PRIOR_ONLY/decoded_geology.pt,stage20_test_case003,stage20_test_case003,085ceb5d92013cc7118162432d078e8c1c5097515c424a3199d369ef57213130,b26b7c424a48f54a79aaed8997ec2f48a032df029ea7e1e26196c863390a5555,0,stage20_test_case003/seed_242/ADAPTER_PRIOR_ONLY/decoded_geology.pt
stage20_test_case003,stage20_test_case003,242,ADAPTER_CORRECT,e6f10761b6eee07b0a77a58fc4f2170c9a107a156a7d8db89b83ebc4b1ac2c49,561e94bfda770ec41fc4cbed43436a7e2130eef5dfb7e5d666fcefc0724ff94c,f8b71d0889ec8f76f033583be3b94f3041da888c0b910e92c8f686e24a093213,41c38912b1d49335e3e4ac85a39d86d6ee1d5e0064adbd924a9862d8ae0b88d8,1bebc207108e6850a97784ca01f26c33ff64413b2c555ab4b3b6c48eae15fe3d,554072dd34dc1c3323100b9700d8fbe1de44a47ebeddba7d83f3e1e25fabece9,c0b80e3de9d63bd274923640bbefd1f781726cb83a3075ac342f167f953de8f5,8fab94833a0694fea570fd3513b55d1f21f5a5338ee7558374af4416d65e043e,13b39c1cf186b8b7e946de264abeedc5e01c52f08588b23da427a49173f2b0cb,stage20_test_case003,stage20_test_case003,32,1.0,0.25,0,78d4be14b3f22bf5acbb87ee916be36eb4f9da471b3b605795d8ab807369f180,3c8918576fd09be5a867229a5de8d979b827da93eae0ce260577bb73cea0ab96,stage20_test_case003/seed_242/ADAPTER_CORRECT/decoded_geology.pt,stage20_test_case003,stage20_test_case003,3414c90930c03c1d259d89e19a656698fef08070fe37f02164dd1cc9eafe5b8c,78d4be14b3f22bf5acbb87ee916be36eb4f9da471b3b605795d8ab807369f180,0,stage20_test_case003/seed_242/ADAPTER_CORRECT/decoded_geology.pt
stage20_test_case003,stage20_test_case003,242,ADAPTER_WRONG_CASE,e6f10761b6eee07b0a77a58fc4f2170c9a107a156a7d8db89b83ebc4b1ac2c49,561e94bfda770ec41fc4cbed43436a7e2130eef5dfb7e5d666fcefc0724ff94c,f8b71d0889ec8f76f033583be3b94f3041da888c0b910e92c8f686e24a093213,41c38912b1d49335e3e4ac85a39d86d6ee1d5e0064adbd924a9862d8ae0b88d8,1bebc207108e6850a97784ca01f26c33ff64413b2c555ab4b3b6c48eae15fe3d,554072dd34dc1c3323100b9700d8fbe1de44a47ebeddba7d83f3e1e25fabece9,c0b80e3de9d63bd274923640bbefd1f781726cb83a3075ac342f167f953de8f5,8fab94833a0694fea570fd3513b55d1f21f5a5338ee7558374af4416d65e043e,832d3e68d844b43ef5c0b1c6cac225f20927239556203f596f5b7062b9ac56e4,stage20_test_case004,stage20_test_case003,32,1.0,0.25,0,da0a0415e65c0bf8f1fe87adbb9aa7f888e59fb15a2d008c05bacc3a8065e78f,9d2fa66c0ee990610d681bb80b4d62e81c5caead5e5bad3fc713a3f0dcfb9c92,stage20_test_case003/seed_242/ADAPTER_WRONG_CASE/decoded_geology.pt,stage20_test_case004,stage20_test_case003,8e90ab1d67c4850afa3ebb8fb6537f19fc288cdce1c89f3d3c55aaaaf250ffa8,da0a0415e65c0bf8f1fe87adbb9aa7f888e59fb15a2d008c05bacc3a8065e78f,0,stage20_test_case003/seed_242/ADAPTER_WRONG_CASE/decoded_geology.pt
stage20_test_case004,stage20_test_case004,42,FLOW_ONLY,5b3e3cc13e70f1477679559ea82781e02fc58130469ff39d5c71b5db647f9eea,561e94bfda770ec41fc4cbed43436a7e2130eef5dfb7e5d666fcefc0724ff94c,f8b71d0889ec8f76f033583be3b94f3041da888c0b910e92c8f686e24a093213,41c38912b1d49335e3e4ac85a39d86d6ee1d5e0064adbd924a9862d8ae0b88d8,1bebc207108e6850a97784ca01f26c33ff64413b2c555ab4b3b6c48eae15fe3d,621e346d73e3cda21a737f0d0f81a5f9c35dd37e2036be8caa5dee7e2f46f6d6,dfa1b9b5e9fd05bc14b13118f96d7ab65084da926dfce7d290c5eec63951a606,70c06daf23019af73a1ef7460aa9743a1d406c5cab169de77c7240c4ae22466f,832d3e68d844b43ef5c0b1c6cac225f20927239556203f596f5b7062b9ac56e4,stage20_test_case004,stage20_test_case004,32,0.0,0.25,0,52e04ac607b4deb9dff0479b37e7dffaaa3f1296ffcde5f0071f70f7902715d3,a36f42b335bcc068e2409f4c07a822ecd38967be4c5511f2346b19a7a0a7529e,stage20_test_case004/seed_42/FLOW_ONLY/decoded_geology.pt,stage20_test_case004,stage20_test_case004,c32a1f9370379e089ef557ce3c584cac8f6f0a1d22395e03577d4b150061a7da,52e04ac607b4deb9dff0479b37e7dffaaa3f1296ffcde5f0071f70f7902715d3,0,stage20_test_case004/seed_42/FLOW_ONLY/decoded_geology.pt
stage20_test_case004,stage20_test_case004,42,ADAPTER_PRIOR_ONLY,5b3e3cc13e70f1477679559ea82781e02fc58130469ff39d5c71b5db647f9eea,561e94bfda770ec41fc4cbed43436a7e2130eef5dfb7e5d666fcefc0724ff94c,f8b71d0889ec8f76f033583be3b94f3041da888c0b910e92c8f686e24a093213,41c38912b1d49335e3e4ac85a39d86d6ee1d5e0064adbd924a9862d8ae0b88d8,1bebc207108e6850a97784ca01f26c33ff64413b2c555ab4b3b6c48eae15fe3d,621e346d73e3cda21a737f0d0f81a5f9c35dd37e2036be8caa5dee7e2f46f6d6,dfa1b9b5e9fd05bc14b13118f96d7ab65084da926dfce7d290c5eec63951a606,70c06daf23019af73a1ef7460aa9743a1d406c5cab169de77c7240c4ae22466f,4af4e4e45062b4d2097c008439babb652616faa74d9fe42314ff5db57943efb8,stage20_test_case004,stage20_test_case004,32,1.0,0.25,0,d622198dcbc52f9587376905a922764f6dcf04f2e2abc10cc6179c5fdef8e118,b595e82fd949fb9c2bab2274480dd982c79a47e54bfeb406a41139a677649f88,stage20_test_case004/seed_42/ADAPTER_PRIOR_ONLY/decoded_geology.pt,stage20_test_case004,stage20_test_case004,aed9fa9661089079de73690c57f68af9f4716130ebe004312d825cd6f4f611c6,d622198dcbc52f9587376905a922764f6dcf04f2e2abc10cc6179c5fdef8e118,0,stage20_test_case004/seed_42/ADAPTER_PRIOR_ONLY/decoded_geology.pt
stage20_test_case004,stage20_test_case004,42,ADAPTER_CORRECT,5b3e3cc13e70f1477679559ea82781e02fc58130469ff39d5c71b5db647f9eea,561e94bfda770ec41fc4cbed43436a7e2130eef5dfb7e5d666fcefc0724ff94c,f8b71d0889ec8f76f033583be3b94f3041da888c0b910e92c8f686e24a093213,41c38912b1d49335e3e4ac85a39d86d6ee1d5e0064adbd924a9862d8ae0b88d8,1bebc207108e6850a97784ca01f26c33ff64413b2c555ab4b3b6c48eae15fe3d,621e346d73e3cda21a737f0d0f81a5f9c35dd37e2036be8caa5dee7e2f46f6d6,dfa1b9b5e9fd05bc14b13118f96d7ab65084da926dfce7d290c5eec63951a606,70c06daf23019af73a1ef7460aa9743a1d406c5cab169de77c7240c4ae22466f,832d3e68d844b43ef5c0b1c6cac225f20927239556203f596f5b7062b9ac56e4,stage20_test_case004,stage20_test_case004,32,1.0,0.25,0,af2520dcfc858e6a49bc4bea296a57bd3f563a66af2020db5aa7f1f540cfbb37,b376a68d0f537fd06a44f04ebbf9b614ba278e41c435d93cf1d75de84361d3f1,stage20_test_case004/seed_42/ADAPTER_CORRECT/decoded_geology.pt,stage20_test_case004,stage20_test_case004,c32a1f9370379e089ef557ce3c584cac8f6f0a1d22395e03577d4b150061a7da,af2520dcfc858e6a49bc4bea296a57bd3f563a66af2020db5aa7f1f540cfbb37,0,stage20_test_case004/seed_42/ADAPTER_CORRECT/decoded_geology.pt
stage20_test_case004,stage20_test_case004,42,ADAPTER_WRONG_CASE,5b3e3cc13e70f1477679559ea82781e02fc58130469ff39d5c71b5db647f9eea,561e94bfda770ec41fc4cbed43436a7e2130eef5dfb7e5d666fcefc0724ff94c,f8b71d0889ec8f76f033583be3b94f3041da888c0b910e92c8f686e24a093213,41c38912b1d49335e3e4ac85a39d86d6ee1d5e0064adbd924a9862d8ae0b88d8,1bebc207108e6850a97784ca01f26c33ff64413b2c555ab4b3b6c48eae15fe3d,621e346d73e3cda21a737f0d0f81a5f9c35dd37e2036be8caa5dee7e2f46f6d6,dfa1b9b5e9fd05bc14b13118f96d7ab65084da926dfce7d290c5eec63951a606,70c06daf23019af73a1ef7460aa9743a1d406c5cab169de77c7240c4ae22466f,176c506f1bd2d1b8a7abf25f81dd1a76e03349d8c7ad94b9a0201986c8e92510,stage20_test_case005,stage20_test_case004,32,1.0,0.25,0,a1023a688976b02f73de55f32eece7027161c9311b306d57796a83442a64ca06,5f84cf225da47a26acf555a0c9a5fb552634dd9e6d3f993e7e3af4436c997673,stage20_test_case004/seed_42/ADAPTER_WRONG_CASE/decoded_geology.pt,stage20_test_case005,stage20_test_case004,3999c86736e8487dfb7b772219b1ff293d50b0af225c9ce022fec1df030fc243,a1023a688976b02f73de55f32eece7027161c9311b306d57796a83442a64ca06,0,stage20_test_case004/seed_42/ADAPTER_WRONG_CASE/decoded_geology.pt
stage20_test_case004,stage20_test_case004,142,FLOW_ONLY,9e3fe8095b7f2705dfa4353f4606f4b4cb9d6a00c3ed5cbb0d450674e650e9cb,561e94bfda770ec41fc4cbed43436a7e2130eef5dfb7e5d666fcefc0724ff94c,f8b71d0889ec8f76f033583be3b94f3041da888c0b910e92c8f686e24a093213,41c38912b1d49335e3e4ac85a39d86d6ee1d5e0064adbd924a9862d8ae0b88d8,1bebc207108e6850a97784ca01f26c33ff64413b2c555ab4b3b6c48eae15fe3d,621e346d73e3cda21a737f0d0f81a5f9c35dd37e2036be8caa5dee7e2f46f6d6,dfa1b9b5e9fd05bc14b13118f96d7ab65084da926dfce7d290c5eec63951a606,70c06daf23019af73a1ef7460aa9743a1d406c5cab169de77c7240c4ae22466f,832d3e68d844b43ef5c0b1c6cac225f20927239556203f596f5b7062b9ac56e4,stage20_test_case004,stage20_test_case004,32,0.0,0.25,0,fc2ddde6ab50c6f72857031f81fc1e0c3fe4fd800dba177d49e739e13cf6fef0,d35bd76809fca5591e9309e3ada906e1eb024f24fceb964c13bc66e025225fdb,stage20_test_case004/seed_142/FLOW_ONLY/decoded_geology.pt,stage20_test_case004,stage20_test_case004,c32a1f9370379e089ef557ce3c584cac8f6f0a1d22395e03577d4b150061a7da,fc2ddde6ab50c6f72857031f81fc1e0c3fe4fd800dba177d49e739e13cf6fef0,0,stage20_test_case004/seed_142/FLOW_ONLY/decoded_geology.pt
stage20_test_case004,stage20_test_case004,142,ADAPTER_PRIOR_ONLY,9e3fe8095b7f2705dfa4353f4606f4b4cb9d6a00c3ed5cbb0d450674e650e9cb,561e94bfda770ec41fc4cbed43436a7e2130eef5dfb7e5d666fcefc0724ff94c,f8b71d0889ec8f76f033583be3b94f3041da888c0b910e92c8f686e24a093213,41c38912b1d49335e3e4ac85a39d86d6ee1d5e0064adbd924a9862d8ae0b88d8,1bebc207108e6850a97784ca01f26c33ff64413b2c555ab4b3b6c48eae15fe3d,621e346d73e3cda21a737f0d0f81a5f9c35dd37e2036be8caa5dee7e2f46f6d6,dfa1b9b5e9fd05bc14b13118f96d7ab65084da926dfce7d290c5eec63951a606,70c06daf23019af73a1ef7460aa9743a1d406c5cab169de77c7240c4ae22466f,4af4e4e45062b4d2097c008439babb652616faa74d9fe42314ff5db57943efb8,stage20_test_case004,stage20_test_case004,32,1.0,0.25,0,22b5580f86784f701603b01925b58ce734f9b4d7f052d59a60cd5521381f5c49,f4fe3bbeb99d28bf59a06ce0320954ff5982e2c7d83d97dfaf51023a73e33006,stage20_test_case004/seed_142/ADAPTER_PRIOR_ONLY/decoded_geology.pt,stage20_test_case004,stage20_test_case004,aed9fa9661089079de73690c57f68af9f4716130ebe004312d825cd6f4f611c6,22b5580f86784f701603b01925b58ce734f9b4d7f052d59a60cd5521381f5c49,0,stage20_test_case004/seed_142/ADAPTER_PRIOR_ONLY/decoded_geology.pt
stage20_test_case004,stage20_test_case004,142,ADAPTER_CORRECT,9e3fe8095b7f2705dfa4353f4606f4b4cb9d6a00c3ed5cbb0d450674e650e9cb,561e94bfda770ec41fc4cbed43436a7e2130eef5dfb7e5d666fcefc0724ff94c,f8b71d0889ec8f76f033583be3b94f3041da888c0b910e92c8f686e24a093213,41c38912b1d49335e3e4ac85a39d86d6ee1d5e0064adbd924a9862d8ae0b88d8,1bebc207108e6850a97784ca01f26c33ff64413b2c555ab4b3b6c48eae15fe3d,621e346d73e3cda21a737f0d0f81a5f9c35dd37e2036be8caa5dee7e2f46f6d6,dfa1b9b5e9fd05bc14b13118f96d7ab65084da926dfce7d290c5eec63951a606,70c06daf23019af73a1ef7460aa9743a1d406c5cab169de77c7240c4ae22466f,832d3e68d844b43ef5c0b1c6cac225f20927239556203f596f5b7062b9ac56e4,stage20_test_case004,stage20_test_case004,32,1.0,0.25,0,8f25ce462b8e47513d552be52bf79208bceda69856f87cb52a9f422d5c8c17f4,58592376dc01d986c17ff68a0ff549a2d9c98bc844e8c95133744b2276a366df,stage20_test_case004/seed_142/ADAPTER_CORRECT/decoded_geology.pt,stage20_test_case004,stage20_test_case004,c32a1f9370379e089ef557ce3c584cac8f6f0a1d22395e03577d4b150061a7da,8f25ce462b8e47513d552be52bf79208bceda69856f87cb52a9f422d5c8c17f4,0,stage20_test_case004/seed_142/ADAPTER_CORRECT/decoded_geology.pt
stage20_test_case004,stage20_test_case004,142,ADAPTER_WRONG_CASE,9e3fe8095b7f2705dfa4353f4606f4b4cb9d6a00c3ed5cbb0d450674e650e9cb,561e94bfda770ec41fc4cbed43436a7e2130eef5dfb7e5d666fcefc0724ff94c,f8b71d0889ec8f76f033583be3b94f3041da888c0b910e92c8f686e24a093213,41c38912b1d49335e3e4ac85a39d86d6ee1d5e0064adbd924a9862d8ae0b88d8,1bebc207108e6850a97784ca01f26c33ff64413b2c555ab4b3b6c48eae15fe3d,621e346d73e3cda21a737f0d0f81a5f9c35dd37e2036be8caa5dee7e2f46f6d6,dfa1b9b5e9fd05bc14b13118f96d7ab65084da926dfce7d290c5eec63951a606,70c06daf23019af73a1ef7460aa9743a1d406c5cab169de77c7240c4ae22466f,176c506f1bd2d1b8a7abf25f81dd1a76e03349d8c7ad94b9a0201986c8e92510,stage20_test_case005,stage20_test_case004,32,1.0,0.25,0,92c2746681f3a28e4bfcc23cbee4d1ecadaf1796852f70e3f62f0734baa6e038,3779ccda09b4c60c770e6faee8e3c0be8f2e7a43dc7a8a57e12d7f81c96cf5a7,stage20_test_case004/seed_142/ADAPTER_WRONG_CASE/decoded_geology.pt,stage20_test_case005,stage20_test_case004,3999c86736e8487dfb7b772219b1ff293d50b0af225c9ce022fec1df030fc243,92c2746681f3a28e4bfcc23cbee4d1ecadaf1796852f70e3f62f0734baa6e038,0,stage20_test_case004/seed_142/ADAPTER_WRONG_CASE/decoded_geology.pt
stage20_test_case004,stage20_test_case004,242,FLOW_ONLY,e6f10761b6eee07b0a77a58fc4f2170c9a107a156a7d8db89b83ebc4b1ac2c49,561e94bfda770ec41fc4cbed43436a7e2130eef5dfb7e5d666fcefc0724ff94c,f8b71d0889ec8f76f033583be3b94f3041da888c0b910e92c8f686e24a093213,41c38912b1d49335e3e4ac85a39d86d6ee1d5e0064adbd924a9862d8ae0b88d8,1bebc207108e6850a97784ca01f26c33ff64413b2c555ab4b3b6c48eae15fe3d,621e346d73e3cda21a737f0d0f81a5f9c35dd37e2036be8caa5dee7e2f46f6d6,dfa1b9b5e9fd05bc14b13118f96d7ab65084da926dfce7d290c5eec63951a606,70c06daf23019af73a1ef7460aa9743a1d406c5cab169de77c7240c4ae22466f,832d3e68d844b43ef5c0b1c6cac225f20927239556203f596f5b7062b9ac56e4,stage20_test_case004,stage20_test_case004,32,0.0,0.25,0,89d529b195e9da355abd25ed97261746b5f17faa60a3aa94ca05172c9d2fab2f,b432f858f30b89ddc615074515be6c3f34f600647a26bf783e492568e5bf6582,stage20_test_case004/seed_242/FLOW_ONLY/decoded_geology.pt,stage20_test_case004,stage20_test_case004,c32a1f9370379e089ef557ce3c584cac8f6f0a1d22395e03577d4b150061a7da,89d529b195e9da355abd25ed97261746b5f17faa60a3aa94ca05172c9d2fab2f,0,stage20_test_case004/seed_242/FLOW_ONLY/decoded_geology.pt
stage20_test_case004,stage20_test_case004,242,ADAPTER_PRIOR_ONLY,e6f10761b6eee07b0a77a58fc4f2170c9a107a156a7d8db89b83ebc4b1ac2c49,561e94bfda770ec41fc4cbed43436a7e2130eef5dfb7e5d666fcefc0724ff94c,f8b71d0889ec8f76f033583be3b94f3041da888c0b910e92c8f686e24a093213,41c38912b1d49335e3e4ac85a39d86d6ee1d5e0064adbd924a9862d8ae0b88d8,1bebc207108e6850a97784ca01f26c33ff64413b2c555ab4b3b6c48eae15fe3d,621e346d73e3cda21a737f0d0f81a5f9c35dd37e2036be8caa5dee7e2f46f6d6,dfa1b9b5e9fd05bc14b13118f96d7ab65084da926dfce7d290c5eec63951a606,70c06daf23019af73a1ef7460aa9743a1d406c5cab169de77c7240c4ae22466f,4af4e4e45062b4d2097c008439babb652616faa74d9fe42314ff5db57943efb8,stage20_test_case004,stage20_test_case004,32,1.0,0.25,0,94bbbc8e02c6e73baaed83d0d980db93ede45fcde65d1ded7ee7ab45f824cc08,86208883e5a9537b071548d7284a3f6c9a1dd13811b7dbc213c15ff7ff380fa6,stage20_test_case004/seed_242/ADAPTER_PRIOR_ONLY/decoded_geology.pt,stage20_test_case004,stage20_test_case004,aed9fa9661089079de73690c57f68af9f4716130ebe004312d825cd6f4f611c6,94bbbc8e02c6e73baaed83d0d980db93ede45fcde65d1ded7ee7ab45f824cc08,0,stage20_test_case004/seed_242/ADAPTER_PRIOR_ONLY/decoded_geology.pt
stage20_test_case004,stage20_test_case004,242,ADAPTER_CORRECT,e6f10761b6eee07b0a77a58fc4f2170c9a107a156a7d8db89b83ebc4b1ac2c49,561e94bfda770ec41fc4cbed43436a7e2130eef5dfb7e5d666fcefc0724ff94c,f8b71d0889ec8f76f033583be3b94f3041da888c0b910e92c8f686e24a093213,41c38912b1d49335e3e4ac85a39d86d6ee1d5e0064adbd924a9862d8ae0b88d8,1bebc207108e6850a97784ca01f26c33ff64413b2c555ab4b3b6c48eae15fe3d,621e346d73e3cda21a737f0d0f81a5f9c35dd37e2036be8caa5dee7e2f46f6d6,dfa1b9b5e9fd05bc14b13118f96d7ab65084da926dfce7d290c5eec63951a606,70c06daf23019af73a1ef7460aa9743a1d406c5cab169de77c7240c4ae22466f,832d3e68d844b43ef5c0b1c6cac225f20927239556203f596f5b7062b9ac56e4,stage20_test_case004,stage20_test_case004,32,1.0,0.25,0,af241159e54fcc4b3c9082f13ae8331d24ed44a7844101d670a790c232c3672c,44bae7e3007f1d358405ead02c1872bd2ccfdcfb9f8dffb739060828308d28d7,stage20_test_case004/seed_242/ADAPTER_CORRECT/decoded_geology.pt,stage20_test_case004,stage20_test_case004,c32a1f9370379e089ef557ce3c584cac8f6f0a1d22395e03577d4b150061a7da,af241159e54fcc4b3c9082f13ae8331d24ed44a7844101d670a790c232c3672c,0,stage20_test_case004/seed_242/ADAPTER_CORRECT/decoded_geology.pt
stage20_test_case004,stage20_test_case004,242,ADAPTER_WRONG_CASE,e6f10761b6eee07b0a77a58fc4f2170c9a107a156a7d8db89b83ebc4b1ac2c49,561e94bfda770ec41fc4cbed43436a7e2130eef5dfb7e5d666fcefc0724ff94c,f8b71d0889ec8f76f033583be3b94f3041da888c0b910e92c8f686e24a093213,41c38912b1d49335e3e4ac85a39d86d6ee1d5e0064adbd924a9862d8ae0b88d8,1bebc207108e6850a97784ca01f26c33ff64413b2c555ab4b3b6c48eae15fe3d,621e346d73e3cda21a737f0d0f81a5f9c35dd37e2036be8caa5dee7e2f46f6d6,dfa1b9b5e9fd05bc14b13118f96d7ab65084da926dfce7d290c5eec63951a606,70c06daf23019af73a1ef7460aa9743a1d406c5cab169de77c7240c4ae22466f,176c506f1bd2d1b8a7abf25f81dd1a76e03349d8c7ad94b9a0201986c8e92510,stage20_test_case005,stage20_test_case004,32,1.0,0.25,0,2b19b125857f7b5744ed5069737c112e4c3d1b76b4d647f6d28dd6280cd71079,a3ebccdd04c0a73f2efc16cbfb9f98b948edb5aed280932ca45e682bad6c34a8,stage20_test_case004/seed_242/ADAPTER_WRONG_CASE/decoded_geology.pt,stage20_test_case005,stage20_test_case004,3999c86736e8487dfb7b772219b1ff293d50b0af225c9ce022fec1df030fc243,2b19b125857f7b5744ed5069737c112e4c3d1b76b4d647f6d28dd6280cd71079,0,stage20_test_case004/seed_242/ADAPTER_WRONG_CASE/decoded_geology.pt
stage20_test_case005,stage20_test_case005,42,FLOW_ONLY,5b3e3cc13e70f1477679559ea82781e02fc58130469ff39d5c71b5db647f9eea,561e94bfda770ec41fc4cbed43436a7e2130eef5dfb7e5d666fcefc0724ff94c,f8b71d0889ec8f76f033583be3b94f3041da888c0b910e92c8f686e24a093213,41c38912b1d49335e3e4ac85a39d86d6ee1d5e0064adbd924a9862d8ae0b88d8,1bebc207108e6850a97784ca01f26c33ff64413b2c555ab4b3b6c48eae15fe3d,0503d6700e8057aa7af31b3543f0240bfb00c6a3e796775d8d84445915981735,55516acf770b0a80ce86dccfbc8d280be2ff6763271075a5010b06020298c173,b50585bc6b9832b464af0af5bb767fe6137e68e96a13e72c010835379cda9ce2,176c506f1bd2d1b8a7abf25f81dd1a76e03349d8c7ad94b9a0201986c8e92510,stage20_test_case005,stage20_test_case005,32,0.0,0.25,0,9196e5a1db98136ee51222d98a27a050b9c06bd65d7c3e31b065542eb1aef228,7f825e3f9dc444fb7339972b84bb12c6444a3aeddd4dd0fe38703b54d93eb365,stage20_test_case005/seed_42/FLOW_ONLY/decoded_geology.pt,stage20_test_case005,stage20_test_case005,9c5434fd7e68f0531c4f5b73d3f6f15de6cbc9d9efea33dfc9f04d8799dd78ba,9196e5a1db98136ee51222d98a27a050b9c06bd65d7c3e31b065542eb1aef228,0,stage20_test_case005/seed_42/FLOW_ONLY/decoded_geology.pt
stage20_test_case005,stage20_test_case005,42,ADAPTER_PRIOR_ONLY,5b3e3cc13e70f1477679559ea82781e02fc58130469ff39d5c71b5db647f9eea,561e94bfda770ec41fc4cbed43436a7e2130eef5dfb7e5d666fcefc0724ff94c,f8b71d0889ec8f76f033583be3b94f3041da888c0b910e92c8f686e24a093213,41c38912b1d49335e3e4ac85a39d86d6ee1d5e0064adbd924a9862d8ae0b88d8,1bebc207108e6850a97784ca01f26c33ff64413b2c555ab4b3b6c48eae15fe3d,0503d6700e8057aa7af31b3543f0240bfb00c6a3e796775d8d84445915981735,55516acf770b0a80ce86dccfbc8d280be2ff6763271075a5010b06020298c173,b50585bc6b9832b464af0af5bb767fe6137e68e96a13e72c010835379cda9ce2,0a4c24f114759687ff39a14f4dfe65e775b50de656831f8434735d1bf96f10f4,stage20_test_case005,stage20_test_case005,32,1.0,0.25,0,85a8bede7ab23413e4bca563dc3d1f927e3720b81f779e9628fed0e56f43bd59,d8370c52ddb8ba98d9f0133495f6ddff14a4cdfe936fcbeecb733c93f7bcc836,stage20_test_case005/seed_42/ADAPTER_PRIOR_ONLY/decoded_geology.pt,stage20_test_case005,stage20_test_case005,f19d91c997b8b21b9bae2774c21ae4cd753896188495fe581b5594f9b33bcf47,85a8bede7ab23413e4bca563dc3d1f927e3720b81f779e9628fed0e56f43bd59,0,stage20_test_case005/seed_42/ADAPTER_PRIOR_ONLY/decoded_geology.pt
stage20_test_case005,stage20_test_case005,42,ADAPTER_CORRECT,5b3e3cc13e70f1477679559ea82781e02fc58130469ff39d5c71b5db647f9eea,561e94bfda770ec41fc4cbed43436a7e2130eef5dfb7e5d666fcefc0724ff94c,f8b71d0889ec8f76f033583be3b94f3041da888c0b910e92c8f686e24a093213,41c38912b1d49335e3e4ac85a39d86d6ee1d5e0064adbd924a9862d8ae0b88d8,1bebc207108e6850a97784ca01f26c33ff64413b2c555ab4b3b6c48eae15fe3d,0503d6700e8057aa7af31b3543f0240bfb00c6a3e796775d8d84445915981735,55516acf770b0a80ce86dccfbc8d280be2ff6763271075a5010b06020298c173,b50585bc6b9832b464af0af5bb767fe6137e68e96a13e72c010835379cda9ce2,176c506f1bd2d1b8a7abf25f81dd1a76e03349d8c7ad94b9a0201986c8e92510,stage20_test_case005,stage20_test_case005,32,1.0,0.25,0,d5ca1765bd77bbcf7149533e3c61eb3380646a982fbf27d372b1a7987f837ab6,613c9647d4d7185c5d5936a55d6b15b2da99ef3b146f24d8a6973a8435cca621,stage20_test_case005/seed_42/ADAPTER_CORRECT/decoded_geology.pt,stage20_test_case005,stage20_test_case005,9c5434fd7e68f0531c4f5b73d3f6f15de6cbc9d9efea33dfc9f04d8799dd78ba,d5ca1765bd77bbcf7149533e3c61eb3380646a982fbf27d372b1a7987f837ab6,0,stage20_test_case005/seed_42/ADAPTER_CORRECT/decoded_geology.pt
stage20_test_case005,stage20_test_case005,42,ADAPTER_WRONG_CASE,5b3e3cc13e70f1477679559ea82781e02fc58130469ff39d5c71b5db647f9eea,561e94bfda770ec41fc4cbed43436a7e2130eef5dfb7e5d666fcefc0724ff94c,f8b71d0889ec8f76f033583be3b94f3041da888c0b910e92c8f686e24a093213,41c38912b1d49335e3e4ac85a39d86d6ee1d5e0064adbd924a9862d8ae0b88d8,1bebc207108e6850a97784ca01f26c33ff64413b2c555ab4b3b6c48eae15fe3d,0503d6700e8057aa7af31b3543f0240bfb00c6a3e796775d8d84445915981735,55516acf770b0a80ce86dccfbc8d280be2ff6763271075a5010b06020298c173,b50585bc6b9832b464af0af5bb767fe6137e68e96a13e72c010835379cda9ce2,2c84d1decf9ec1ad99b7d8d662f5942890fa67c512f4eac790b19bdd2bce72fa,stage20_test_case006,stage20_test_case005,32,1.0,0.25,0,33a3bee8c21cf7921b0633dcd6c863a51e61b7369b015c70926bca3291e3800a,a3300c8f0cc8bfd699e16534e4591f650346a2dfb0fc5152f5a1c471bede983b,stage20_test_case005/seed_42/ADAPTER_WRONG_CASE/decoded_geology.pt,stage20_test_case006,stage20_test_case005,719be27393eee164cf73db3d8ce3d267112110bd16c2333c0f108cf41603e19f,33a3bee8c21cf7921b0633dcd6c863a51e61b7369b015c70926bca3291e3800a,0,stage20_test_case005/seed_42/ADAPTER_WRONG_CASE/decoded_geology.pt
stage20_test_case005,stage20_test_case005,142,FLOW_ONLY,9e3fe8095b7f2705dfa4353f4606f4b4cb9d6a00c3ed5cbb0d450674e650e9cb,561e94bfda770ec41fc4cbed43436a7e2130eef5dfb7e5d666fcefc0724ff94c,f8b71d0889ec8f76f033583be3b94f3041da888c0b910e92c8f686e24a093213,41c38912b1d49335e3e4ac85a39d86d6ee1d5e0064adbd924a9862d8ae0b88d8,1bebc207108e6850a97784ca01f26c33ff64413b2c555ab4b3b6c48eae15fe3d,0503d6700e8057aa7af31b3543f0240bfb00c6a3e796775d8d84445915981735,55516acf770b0a80ce86dccfbc8d280be2ff6763271075a5010b06020298c173,b50585bc6b9832b464af0af5bb767fe6137e68e96a13e72c010835379cda9ce2,176c506f1bd2d1b8a7abf25f81dd1a76e03349d8c7ad94b9a0201986c8e92510,stage20_test_case005,stage20_test_case005,32,0.0,0.25,0,efc0bedf3c6d52ac6302ec0c7e8651f8d5a0626397522569558cdf66a098d7b5,b72f00c3f467d71e50f7007df8bb581b4dfead4604624985c15f0eab241abbac,stage20_test_case005/seed_142/FLOW_ONLY/decoded_geology.pt,stage20_test_case005,stage20_test_case005,9c5434fd7e68f0531c4f5b73d3f6f15de6cbc9d9efea33dfc9f04d8799dd78ba,efc0bedf3c6d52ac6302ec0c7e8651f8d5a0626397522569558cdf66a098d7b5,0,stage20_test_case005/seed_142/FLOW_ONLY/decoded_geology.pt
stage20_test_case005,stage20_test_case005,142,ADAPTER_PRIOR_ONLY,9e3fe8095b7f2705dfa4353f4606f4b4cb9d6a00c3ed5cbb0d450674e650e9cb,561e94bfda770ec41fc4cbed43436a7e2130eef5dfb7e5d666fcefc0724ff94c,f8b71d0889ec8f76f033583be3b94f3041da888c0b910e92c8f686e24a093213,41c38912b1d49335e3e4ac85a39d86d6ee1d5e0064adbd924a9862d8ae0b88d8,1bebc207108e6850a97784ca01f26c33ff64413b2c555ab4b3b6c48eae15fe3d,0503d6700e8057aa7af31b3543f0240bfb00c6a3e796775d8d84445915981735,55516acf770b0a80ce86dccfbc8d280be2ff6763271075a5010b06020298c173,b50585bc6b9832b464af0af5bb767fe6137e68e96a13e72c010835379cda9ce2,0a4c24f114759687ff39a14f4dfe65e775b50de656831f8434735d1bf96f10f4,stage20_test_case005,stage20_test_case005,32,1.0,0.25,0,56c8a0807ee1a7f466fcc4edae6ec945305938ad06fa2ec8414aae613558a9d6,d8b411b24e2edc6c3aa57270f1ff3b09a38768d2b3edad93f8f1e311303a7821,stage20_test_case005/seed_142/ADAPTER_PRIOR_ONLY/decoded_geology.pt,stage20_test_case005,stage20_test_case005,f19d91c997b8b21b9bae2774c21ae4cd753896188495fe581b5594f9b33bcf47,56c8a0807ee1a7f466fcc4edae6ec945305938ad06fa2ec8414aae613558a9d6,0,stage20_test_case005/seed_142/ADAPTER_PRIOR_ONLY/decoded_geology.pt
stage20_test_case005,stage20_test_case005,142,ADAPTER_CORRECT,9e3fe8095b7f2705dfa4353f4606f4b4cb9d6a00c3ed5cbb0d450674e650e9cb,561e94bfda770ec41fc4cbed43436a7e2130eef5dfb7e5d666fcefc0724ff94c,f8b71d0889ec8f76f033583be3b94f3041da888c0b910e92c8f686e24a093213,41c38912b1d49335e3e4ac85a39d86d6ee1d5e0064adbd924a9862d8ae0b88d8,1bebc207108e6850a97784ca01f26c33ff64413b2c555ab4b3b6c48eae15fe3d,0503d6700e8057aa7af31b3543f0240bfb00c6a3e796775d8d84445915981735,55516acf770b0a80ce86dccfbc8d280be2ff6763271075a5010b06020298c173,b50585bc6b9832b464af0af5bb767fe6137e68e96a13e72c010835379cda9ce2,176c506f1bd2d1b8a7abf25f81dd1a76e03349d8c7ad94b9a0201986c8e92510,stage20_test_case005,stage20_test_case005,32,1.0,0.25,0,fbcb39fc729cb5473a1d61180c4718b8a68695d9fe76f3c5c41607d5bb5088da,c01c65221cc07954b1d8d9ce59152f5c5027ad5bbe49a32c6deb920c916a961d,stage20_test_case005/seed_142/ADAPTER_CORRECT/decoded_geology.pt,stage20_test_case005,stage20_test_case005,9c5434fd7e68f0531c4f5b73d3f6f15de6cbc9d9efea33dfc9f04d8799dd78ba,fbcb39fc729cb5473a1d61180c4718b8a68695d9fe76f3c5c41607d5bb5088da,0,stage20_test_case005/seed_142/ADAPTER_CORRECT/decoded_geology.pt
stage20_test_case005,stage20_test_case005,142,ADAPTER_WRONG_CASE,9e3fe8095b7f2705dfa4353f4606f4b4cb9d6a00c3ed5cbb0d450674e650e9cb,561e94bfda770ec41fc4cbed43436a7e2130eef5dfb7e5d666fcefc0724ff94c,f8b71d0889ec8f76f033583be3b94f3041da888c0b910e92c8f686e24a093213,41c38912b1d49335e3e4ac85a39d86d6ee1d5e0064adbd924a9862d8ae0b88d8,1bebc207108e6850a97784ca01f26c33ff64413b2c555ab4b3b6c48eae15fe3d,0503d6700e8057aa7af31b3543f0240bfb00c6a3e796775d8d84445915981735,55516acf770b0a80ce86dccfbc8d280be2ff6763271075a5010b06020298c173,b50585bc6b9832b464af0af5bb767fe6137e68e96a13e72c010835379cda9ce2,2c84d1decf9ec1ad99b7d8d662f5942890fa67c512f4eac790b19bdd2bce72fa,stage20_test_case006,stage20_test_case005,32,1.0,0.25,0,46010f1ed71d75663703be7e35a2a45673aa36bcf62ec5b8291596a3225014fc,6435a9be62b7889de226b6c355dd31a56b86f05896b4f0c61ac90b3c722462d9,stage20_test_case005/seed_142/ADAPTER_WRONG_CASE/decoded_geology.pt,stage20_test_case006,stage20_test_case005,719be27393eee164cf73db3d8ce3d267112110bd16c2333c0f108cf41603e19f,46010f1ed71d75663703be7e35a2a45673aa36bcf62ec5b8291596a3225014fc,0,stage20_test_case005/seed_142/ADAPTER_WRONG_CASE/decoded_geology.pt
stage20_test_case005,stage20_test_case005,242,FLOW_ONLY,e6f10761b6eee07b0a77a58fc4f2170c9a107a156a7d8db89b83ebc4b1ac2c49,561e94bfda770ec41fc4cbed43436a7e2130eef5dfb7e5d666fcefc0724ff94c,f8b71d0889ec8f76f033583be3b94f3041da888c0b910e92c8f686e24a093213,41c38912b1d49335e3e4ac85a39d86d6ee1d5e0064adbd924a9862d8ae0b88d8,1bebc207108e6850a97784ca01f26c33ff64413b2c555ab4b3b6c48eae15fe3d,0503d6700e8057aa7af31b3543f0240bfb00c6a3e796775d8d84445915981735,55516acf770b0a80ce86dccfbc8d280be2ff6763271075a5010b06020298c173,b50585bc6b9832b464af0af5bb767fe6137e68e96a13e72c010835379cda9ce2,176c506f1bd2d1b8a7abf25f81dd1a76e03349d8c7ad94b9a0201986c8e92510,stage20_test_case005,stage20_test_case005,32,0.0,0.25,0,5088d26bc15d3777f634f8bc55dd402f3bf0b63962dc3ba63b2c1168acb100c0,d00c2b6d0016e1b5279f990dfb2f6216ca11788f9e78f5cbc55dfd5653700bae,stage20_test_case005/seed_242/FLOW_ONLY/decoded_geology.pt,stage20_test_case005,stage20_test_case005,9c5434fd7e68f0531c4f5b73d3f6f15de6cbc9d9efea33dfc9f04d8799dd78ba,5088d26bc15d3777f634f8bc55dd402f3bf0b63962dc3ba63b2c1168acb100c0,0,stage20_test_case005/seed_242/FLOW_ONLY/decoded_geology.pt
stage20_test_case005,stage20_test_case005,242,ADAPTER_PRIOR_ONLY,e6f10761b6eee07b0a77a58fc4f2170c9a107a156a7d8db89b83ebc4b1ac2c49,561e94bfda770ec41fc4cbed43436a7e2130eef5dfb7e5d666fcefc0724ff94c,f8b71d0889ec8f76f033583be3b94f3041da888c0b910e92c8f686e24a093213,41c38912b1d49335e3e4ac85a39d86d6ee1d5e0064adbd924a9862d8ae0b88d8,1bebc207108e6850a97784ca01f26c33ff64413b2c555ab4b3b6c48eae15fe3d,0503d6700e8057aa7af31b3543f0240bfb00c6a3e796775d8d84445915981735,55516acf770b0a80ce86dccfbc8d280be2ff6763271075a5010b06020298c173,b50585bc6b9832b464af0af5bb767fe6137e68e96a13e72c010835379cda9ce2,0a4c24f114759687ff39a14f4dfe65e775b50de656831f8434735d1bf96f10f4,stage20_test_case005,stage20_test_case005,32,1.0,0.25,0,5a2c7b555d9cd5c053fd9b99fa5d0839032932348f11e608df52ed74018f307f,ce9fc9dad7c59cc423c24d26d53a6e9b67277662d7bda07f675920d7d3846ce8,stage20_test_case005/seed_242/ADAPTER_PRIOR_ONLY/decoded_geology.pt,stage20_test_case005,stage20_test_case005,f19d91c997b8b21b9bae2774c21ae4cd753896188495fe581b5594f9b33bcf47,5a2c7b555d9cd5c053fd9b99fa5d0839032932348f11e608df52ed74018f307f,0,stage20_test_case005/seed_242/ADAPTER_PRIOR_ONLY/decoded_geology.pt
stage20_test_case005,stage20_test_case005,242,ADAPTER_CORRECT,e6f10761b6eee07b0a77a58fc4f2170c9a107a156a7d8db89b83ebc4b1ac2c49,561e94bfda770ec41fc4cbed43436a7e2130eef5dfb7e5d666fcefc0724ff94c,f8b71d0889ec8f76f033583be3b94f3041da888c0b910e92c8f686e24a093213,41c38912b1d49335e3e4ac85a39d86d6ee1d5e0064adbd924a9862d8ae0b88d8,1bebc207108e6850a97784ca01f26c33ff64413b2c555ab4b3b6c48eae15fe3d,0503d6700e8057aa7af31b3543f0240bfb00c6a3e796775d8d84445915981735,55516acf770b0a80ce86dccfbc8d280be2ff6763271075a5010b06020298c173,b50585bc6b9832b464af0af5bb767fe6137e68e96a13e72c010835379cda9ce2,176c506f1bd2d1b8a7abf25f81dd1a76e03349d8c7ad94b9a0201986c8e92510,stage20_test_case005,stage20_test_case005,32,1.0,0.25,0,7b6011f8aaab3a68fdc0a97659f28b48b46d91ea69dde5bdda30c4a778c42bf1,32c8e4714d785c3843992a478a4b3491387c76e314c1b086abe25d6c054653a2,stage20_test_case005/seed_242/ADAPTER_CORRECT/decoded_geology.pt,stage20_test_case005,stage20_test_case005,9c5434fd7e68f0531c4f5b73d3f6f15de6cbc9d9efea33dfc9f04d8799dd78ba,7b6011f8aaab3a68fdc0a97659f28b48b46d91ea69dde5bdda30c4a778c42bf1,0,stage20_test_case005/seed_242/ADAPTER_CORRECT/decoded_geology.pt
stage20_test_case005,stage20_test_case005,242,ADAPTER_WRONG_CASE,e6f10761b6eee07b0a77a58fc4f2170c9a107a156a7d8db89b83ebc4b1ac2c49,561e94bfda770ec41fc4cbed43436a7e2130eef5dfb7e5d666fcefc0724ff94c,f8b71d0889ec8f76f033583be3b94f3041da888c0b910e92c8f686e24a093213,41c38912b1d49335e3e4ac85a39d86d6ee1d5e0064adbd924a9862d8ae0b88d8,1bebc207108e6850a97784ca01f26c33ff64413b2c555ab4b3b6c48eae15fe3d,0503d6700e8057aa7af31b3543f0240bfb00c6a3e796775d8d84445915981735,55516acf770b0a80ce86dccfbc8d280be2ff6763271075a5010b06020298c173,b50585bc6b9832b464af0af5bb767fe6137e68e96a13e72c010835379cda9ce2,2c84d1decf9ec1ad99b7d8d662f5942890fa67c512f4eac790b19bdd2bce72fa,stage20_test_case006,stage20_test_case005,32,1.0,0.25,0,67c264a0f6d0663eaabe1d23f67c3b6f530e16fe3a9325265f7727ae90172145,765841c0a9084fe31ce7599fde72365e7a197114cf39fcc654c93f2cbcb6f6ca,stage20_test_case005/seed_242/ADAPTER_WRONG_CASE/decoded_geology.pt,stage20_test_case006,stage20_test_case005,719be27393eee164cf73db3d8ce3d267112110bd16c2333c0f108cf41603e19f,67c264a0f6d0663eaabe1d23f67c3b6f530e16fe3a9325265f7727ae90172145,0,stage20_test_case005/seed_242/ADAPTER_WRONG_CASE/decoded_geology.pt
stage20_test_case006,stage20_test_case006,42,FLOW_ONLY,5b3e3cc13e70f1477679559ea82781e02fc58130469ff39d5c71b5db647f9eea,561e94bfda770ec41fc4cbed43436a7e2130eef5dfb7e5d666fcefc0724ff94c,f8b71d0889ec8f76f033583be3b94f3041da888c0b910e92c8f686e24a093213,41c38912b1d49335e3e4ac85a39d86d6ee1d5e0064adbd924a9862d8ae0b88d8,1bebc207108e6850a97784ca01f26c33ff64413b2c555ab4b3b6c48eae15fe3d,04ab9907b44dff71fbb6262eeb177946ed8b30696679c9098460c0c718ae8a3c,e65caa54f0608b430a4c400175ff4e87610a6091b2f5e3e4e46e897644118d31,1e6ce79ef03e1b8be7ab5280a1cf90200206bb1564194cf75e38f47613cf132e,2c84d1decf9ec1ad99b7d8d662f5942890fa67c512f4eac790b19bdd2bce72fa,stage20_test_case006,stage20_test_case006,32,0.0,0.25,0,6b76cb1df8a560c48ad821a8941b0127a535d8b47fe0c5458388859478f07876,8d283ceefc80b1456757f85d140f15e13c617d3d6eb732eedec2f1a4c28a4ac3,stage20_test_case006/seed_42/FLOW_ONLY/decoded_geology.pt,stage20_test_case006,stage20_test_case006,42850a97d15de726f11c39cae443007f5d0d2653c49b6c43cc2c7b5512b4c258,6b76cb1df8a560c48ad821a8941b0127a535d8b47fe0c5458388859478f07876,0,stage20_test_case006/seed_42/FLOW_ONLY/decoded_geology.pt
stage20_test_case006,stage20_test_case006,42,ADAPTER_PRIOR_ONLY,5b3e3cc13e70f1477679559ea82781e02fc58130469ff39d5c71b5db647f9eea,561e94bfda770ec41fc4cbed43436a7e2130eef5dfb7e5d666fcefc0724ff94c,f8b71d0889ec8f76f033583be3b94f3041da888c0b910e92c8f686e24a093213,41c38912b1d49335e3e4ac85a39d86d6ee1d5e0064adbd924a9862d8ae0b88d8,1bebc207108e6850a97784ca01f26c33ff64413b2c555ab4b3b6c48eae15fe3d,04ab9907b44dff71fbb6262eeb177946ed8b30696679c9098460c0c718ae8a3c,e65caa54f0608b430a4c400175ff4e87610a6091b2f5e3e4e46e897644118d31,1e6ce79ef03e1b8be7ab5280a1cf90200206bb1564194cf75e38f47613cf132e,5499c3eea7002e470a264dd97e590091648521909a4bcc9547114db965b82ad2,stage20_test_case006,stage20_test_case006,32,1.0,0.25,0,e23dd1920a16f1532a12f36299923cbe323cc83d443c4f04be5aac91c621e740,e31c151bdb779c319f0a25a787ee788f33666c4f987f6646406d5a7c77a67d5b,stage20_test_case006/seed_42/ADAPTER_PRIOR_ONLY/decoded_geology.pt,stage20_test_case006,stage20_test_case006,5b46012d5859e2eca7ac73e07a71ca8360f0341506da288a23dc13fd05a4152d,e23dd1920a16f1532a12f36299923cbe323cc83d443c4f04be5aac91c621e740,0,stage20_test_case006/seed_42/ADAPTER_PRIOR_ONLY/decoded_geology.pt
stage20_test_case006,stage20_test_case006,42,ADAPTER_CORRECT,5b3e3cc13e70f1477679559ea82781e02fc58130469ff39d5c71b5db647f9eea,561e94bfda770ec41fc4cbed43436a7e2130eef5dfb7e5d666fcefc0724ff94c,f8b71d0889ec8f76f033583be3b94f3041da888c0b910e92c8f686e24a093213,41c38912b1d49335e3e4ac85a39d86d6ee1d5e0064adbd924a9862d8ae0b88d8,1bebc207108e6850a97784ca01f26c33ff64413b2c555ab4b3b6c48eae15fe3d,04ab9907b44dff71fbb6262eeb177946ed8b30696679c9098460c0c718ae8a3c,e65caa54f0608b430a4c400175ff4e87610a6091b2f5e3e4e46e897644118d31,1e6ce79ef03e1b8be7ab5280a1cf90200206bb1564194cf75e38f47613cf132e,2c84d1decf9ec1ad99b7d8d662f5942890fa67c512f4eac790b19bdd2bce72fa,stage20_test_case006,stage20_test_case006,32,1.0,0.25,0,8b702f93be734948dda7cd105222713edc434a84c1568ccf36378c9c433f5788,fad846f368a01ddfc4dfcd8f7a7895db400f9665a586c2f5e90a5094201dc330,stage20_test_case006/seed_42/ADAPTER_CORRECT/decoded_geology.pt,stage20_test_case006,stage20_test_case006,42850a97d15de726f11c39cae443007f5d0d2653c49b6c43cc2c7b5512b4c258,8b702f93be734948dda7cd105222713edc434a84c1568ccf36378c9c433f5788,0,stage20_test_case006/seed_42/ADAPTER_CORRECT/decoded_geology.pt
stage20_test_case006,stage20_test_case006,42,ADAPTER_WRONG_CASE,5b3e3cc13e70f1477679559ea82781e02fc58130469ff39d5c71b5db647f9eea,561e94bfda770ec41fc4cbed43436a7e2130eef5dfb7e5d666fcefc0724ff94c,f8b71d0889ec8f76f033583be3b94f3041da888c0b910e92c8f686e24a093213,41c38912b1d49335e3e4ac85a39d86d6ee1d5e0064adbd924a9862d8ae0b88d8,1bebc207108e6850a97784ca01f26c33ff64413b2c555ab4b3b6c48eae15fe3d,04ab9907b44dff71fbb6262eeb177946ed8b30696679c9098460c0c718ae8a3c,e65caa54f0608b430a4c400175ff4e87610a6091b2f5e3e4e46e897644118d31,1e6ce79ef03e1b8be7ab5280a1cf90200206bb1564194cf75e38f47613cf132e,4e849b7191ef00a6c20ef008ee5c2c722d2cf6b289e93113029c7ced832fdea4,stage20_test_case007,stage20_test_case006,32,1.0,0.25,0,3ba0e8b8c93f289800c818eea60acfcd82d9eb98ad3ad556c1a399590faed3d9,c6817616949539381bd8662b6ac73a7dbf9333b298a1f59f82b65d0c64b9ae7c,stage20_test_case006/seed_42/ADAPTER_WRONG_CASE/decoded_geology.pt,stage20_test_case007,stage20_test_case006,f35f99cbf3331a6a8d47f0a231abe06c4a003214bb3708ce9246d6331b262834,3ba0e8b8c93f289800c818eea60acfcd82d9eb98ad3ad556c1a399590faed3d9,0,stage20_test_case006/seed_42/ADAPTER_WRONG_CASE/decoded_geology.pt
stage20_test_case006,stage20_test_case006,142,FLOW_ONLY,9e3fe8095b7f2705dfa4353f4606f4b4cb9d6a00c3ed5cbb0d450674e650e9cb,561e94bfda770ec41fc4cbed43436a7e2130eef5dfb7e5d666fcefc0724ff94c,f8b71d0889ec8f76f033583be3b94f3041da888c0b910e92c8f686e24a093213,41c38912b1d49335e3e4ac85a39d86d6ee1d5e0064adbd924a9862d8ae0b88d8,1bebc207108e6850a97784ca01f26c33ff64413b2c555ab4b3b6c48eae15fe3d,04ab9907b44dff71fbb6262eeb177946ed8b30696679c9098460c0c718ae8a3c,e65caa54f0608b430a4c400175ff4e87610a6091b2f5e3e4e46e897644118d31,1e6ce79ef03e1b8be7ab5280a1cf90200206bb1564194cf75e38f47613cf132e,2c84d1decf9ec1ad99b7d8d662f5942890fa67c512f4eac790b19bdd2bce72fa,stage20_test_case006,stage20_test_case006,32,0.0,0.25,0,9b3eca4852e4cb85cc92c079e62914819313067412dbdc92dedc6c6953458131,9fee57adc279f92e7ed5b571bb99aaef9d86709306bd8a139654d504449ef094,stage20_test_case006/seed_142/FLOW_ONLY/decoded_geology.pt,stage20_test_case006,stage20_test_case006,42850a97d15de726f11c39cae443007f5d0d2653c49b6c43cc2c7b5512b4c258,9b3eca4852e4cb85cc92c079e62914819313067412dbdc92dedc6c6953458131,0,stage20_test_case006/seed_142/FLOW_ONLY/decoded_geology.pt
stage20_test_case006,stage20_test_case006,142,ADAPTER_PRIOR_ONLY,9e3fe8095b7f2705dfa4353f4606f4b4cb9d6a00c3ed5cbb0d450674e650e9cb,561e94bfda770ec41fc4cbed43436a7e2130eef5dfb7e5d666fcefc0724ff94c,f8b71d0889ec8f76f033583be3b94f3041da888c0b910e92c8f686e24a093213,41c38912b1d49335e3e4ac85a39d86d6ee1d5e0064adbd924a9862d8ae0b88d8,1bebc207108e6850a97784ca01f26c33ff64413b2c555ab4b3b6c48eae15fe3d,04ab9907b44dff71fbb6262eeb177946ed8b30696679c9098460c0c718ae8a3c,e65caa54f0608b430a4c400175ff4e87610a6091b2f5e3e4e46e897644118d31,1e6ce79ef03e1b8be7ab5280a1cf90200206bb1564194cf75e38f47613cf132e,5499c3eea7002e470a264dd97e590091648521909a4bcc9547114db965b82ad2,stage20_test_case006,stage20_test_case006,32,1.0,0.25,0,5f3a1ead9700d346e690749cc33ca575cb4f0dd762e954b12a6a570d74b691f9,2d9310297840cc8c684226494972bb2d524ea17fc17d1392e2c3b160787fc94a,stage20_test_case006/seed_142/ADAPTER_PRIOR_ONLY/decoded_geology.pt,stage20_test_case006,stage20_test_case006,5b46012d5859e2eca7ac73e07a71ca8360f0341506da288a23dc13fd05a4152d,5f3a1ead9700d346e690749cc33ca575cb4f0dd762e954b12a6a570d74b691f9,0,stage20_test_case006/seed_142/ADAPTER_PRIOR_ONLY/decoded_geology.pt
stage20_test_case006,stage20_test_case006,142,ADAPTER_CORRECT,9e3fe8095b7f2705dfa4353f4606f4b4cb9d6a00c3ed5cbb0d450674e650e9cb,561e94bfda770ec41fc4cbed43436a7e2130eef5dfb7e5d666fcefc0724ff94c,f8b71d0889ec8f76f033583be3b94f3041da888c0b910e92c8f686e24a093213,41c38912b1d49335e3e4ac85a39d86d6ee1d5e0064adbd924a9862d8ae0b88d8,1bebc207108e6850a97784ca01f26c33ff64413b2c555ab4b3b6c48eae15fe3d,04ab9907b44dff71fbb6262eeb177946ed8b30696679c9098460c0c718ae8a3c,e65caa54f0608b430a4c400175ff4e87610a6091b2f5e3e4e46e897644118d31,1e6ce79ef03e1b8be7ab5280a1cf90200206bb1564194cf75e38f47613cf132e,2c84d1decf9ec1ad99b7d8d662f5942890fa67c512f4eac790b19bdd2bce72fa,stage20_test_case006,stage20_test_case006,32,1.0,0.25,0,1f6161fb0a296d90d2fa3fde95acc78fc8049db2a545b05016ca620dd589bfd7,ae8321da2e31883ece0da45b0e46a5cf1acc38155983d346998afbb9426ccf06,stage20_test_case006/seed_142/ADAPTER_CORRECT/decoded_geology.pt,stage20_test_case006,stage20_test_case006,42850a97d15de726f11c39cae443007f5d0d2653c49b6c43cc2c7b5512b4c258,1f6161fb0a296d90d2fa3fde95acc78fc8049db2a545b05016ca620dd589bfd7,0,stage20_test_case006/seed_142/ADAPTER_CORRECT/decoded_geology.pt
stage20_test_case006,stage20_test_case006,142,ADAPTER_WRONG_CASE,9e3fe8095b7f2705dfa4353f4606f4b4cb9d6a00c3ed5cbb0d450674e650e9cb,561e94bfda770ec41fc4cbed43436a7e2130eef5dfb7e5d666fcefc0724ff94c,f8b71d0889ec8f76f033583be3b94f3041da888c0b910e92c8f686e24a093213,41c38912b1d49335e3e4ac85a39d86d6ee1d5e0064adbd924a9862d8ae0b88d8,1bebc207108e6850a97784ca01f26c33ff64413b2c555ab4b3b6c48eae15fe3d,04ab9907b44dff71fbb6262eeb177946ed8b30696679c9098460c0c718ae8a3c,e65caa54f0608b430a4c400175ff4e87610a6091b2f5e3e4e46e897644118d31,1e6ce79ef03e1b8be7ab5280a1cf90200206bb1564194cf75e38f47613cf132e,4e849b7191ef00a6c20ef008ee5c2c722d2cf6b289e93113029c7ced832fdea4,stage20_test_case007,stage20_test_case006,32,1.0,0.25,0,8f771444ae65f5f017cfbec79b1e75bca95adab99ffe0b5ee5f5375b86156ef2,00496b4f1aad25e7c21c2a3897164099b25162c25ebcfa4ef634f6a6019794ef,stage20_test_case006/seed_142/ADAPTER_WRONG_CASE/decoded_geology.pt,stage20_test_case007,stage20_test_case006,f35f99cbf3331a6a8d47f0a231abe06c4a003214bb3708ce9246d6331b262834,8f771444ae65f5f017cfbec79b1e75bca95adab99ffe0b5ee5f5375b86156ef2,0,stage20_test_case006/seed_142/ADAPTER_WRONG_CASE/decoded_geology.pt
stage20_test_case006,stage20_test_case006,242,FLOW_ONLY,e6f10761b6eee07b0a77a58fc4f2170c9a107a156a7d8db89b83ebc4b1ac2c49,561e94bfda770ec41fc4cbed43436a7e2130eef5dfb7e5d666fcefc0724ff94c,f8b71d0889ec8f76f033583be3b94f3041da888c0b910e92c8f686e24a093213,41c38912b1d49335e3e4ac85a39d86d6ee1d5e0064adbd924a9862d8ae0b88d8,1bebc207108e6850a97784ca01f26c33ff64413b2c555ab4b3b6c48eae15fe3d,04ab9907b44dff71fbb6262eeb177946ed8b30696679c9098460c0c718ae8a3c,e65caa54f0608b430a4c400175ff4e87610a6091b2f5e3e4e46e897644118d31,1e6ce79ef03e1b8be7ab5280a1cf90200206bb1564194cf75e38f47613cf132e,2c84d1decf9ec1ad99b7d8d662f5942890fa67c512f4eac790b19bdd2bce72fa,stage20_test_case006,stage20_test_case006,32,0.0,0.25,0,3077f02691738bab73d51009ed82d3ba5b4f3c408ae9dd8b0ac84c417e6768d9,ffa7d5bc9ece7259d61d986379fb5262302956c15f8beb5ab88d6ab9d1755369,stage20_test_case006/seed_242/FLOW_ONLY/decoded_geology.pt,stage20_test_case006,stage20_test_case006,42850a97d15de726f11c39cae443007f5d0d2653c49b6c43cc2c7b5512b4c258,3077f02691738bab73d51009ed82d3ba5b4f3c408ae9dd8b0ac84c417e6768d9,0,stage20_test_case006/seed_242/FLOW_ONLY/decoded_geology.pt
stage20_test_case006,stage20_test_case006,242,ADAPTER_PRIOR_ONLY,e6f10761b6eee07b0a77a58fc4f2170c9a107a156a7d8db89b83ebc4b1ac2c49,561e94bfda770ec41fc4cbed43436a7e2130eef5dfb7e5d666fcefc0724ff94c,f8b71d0889ec8f76f033583be3b94f3041da888c0b910e92c8f686e24a093213,41c38912b1d49335e3e4ac85a39d86d6ee1d5e0064adbd924a9862d8ae0b88d8,1bebc207108e6850a97784ca01f26c33ff64413b2c555ab4b3b6c48eae15fe3d,04ab9907b44dff71fbb6262eeb177946ed8b30696679c9098460c0c718ae8a3c,e65caa54f0608b430a4c400175ff4e87610a6091b2f5e3e4e46e897644118d31,1e6ce79ef03e1b8be7ab5280a1cf90200206bb1564194cf75e38f47613cf132e,5499c3eea7002e470a264dd97e590091648521909a4bcc9547114db965b82ad2,stage20_test_case006,stage20_test_case006,32,1.0,0.25,0,bafbb22a4c41bdba3982b177cc2d42542f43966a3e484705294f03dbc10d747a,937c8712e69886509dc1634bcaf2dcaf69751078aa3b523b24792b8761a9be04,stage20_test_case006/seed_242/ADAPTER_PRIOR_ONLY/decoded_geology.pt,stage20_test_case006,stage20_test_case006,5b46012d5859e2eca7ac73e07a71ca8360f0341506da288a23dc13fd05a4152d,bafbb22a4c41bdba3982b177cc2d42542f43966a3e484705294f03dbc10d747a,0,stage20_test_case006/seed_242/ADAPTER_PRIOR_ONLY/decoded_geology.pt
stage20_test_case006,stage20_test_case006,242,ADAPTER_CORRECT,e6f10761b6eee07b0a77a58fc4f2170c9a107a156a7d8db89b83ebc4b1ac2c49,561e94bfda770ec41fc4cbed43436a7e2130eef5dfb7e5d666fcefc0724ff94c,f8b71d0889ec8f76f033583be3b94f3041da888c0b910e92c8f686e24a093213,41c38912b1d49335e3e4ac85a39d86d6ee1d5e0064adbd924a9862d8ae0b88d8,1bebc207108e6850a97784ca01f26c33ff64413b2c555ab4b3b6c48eae15fe3d,04ab9907b44dff71fbb6262eeb177946ed8b30696679c9098460c0c718ae8a3c,e65caa54f0608b430a4c400175ff4e87610a6091b2f5e3e4e46e897644118d31,1e6ce79ef03e1b8be7ab5280a1cf90200206bb1564194cf75e38f47613cf132e,2c84d1decf9ec1ad99b7d8d662f5942890fa67c512f4eac790b19bdd2bce72fa,stage20_test_case006,stage20_test_case006,32,1.0,0.25,0,372508cf2beb2beb2cece16e77fc7fa4af3bdf319d2954ab8bddd6d014c8ad34,b84508cf78c334886d27f9e32fa31467ba0197f0b21f7e19c1079f052f9beeec,stage20_test_case006/seed_242/ADAPTER_CORRECT/decoded_geology.pt,stage20_test_case006,stage20_test_case006,42850a97d15de726f11c39cae443007f5d0d2653c49b6c43cc2c7b5512b4c258,372508cf2beb2beb2cece16e77fc7fa4af3bdf319d2954ab8bddd6d014c8ad34,0,stage20_test_case006/seed_242/ADAPTER_CORRECT/decoded_geology.pt
stage20_test_case006,stage20_test_case006,242,ADAPTER_WRONG_CASE,e6f10761b6eee07b0a77a58fc4f2170c9a107a156a7d8db89b83ebc4b1ac2c49,561e94bfda770ec41fc4cbed43436a7e2130eef5dfb7e5d666fcefc0724ff94c,f8b71d0889ec8f76f033583be3b94f3041da888c0b910e92c8f686e24a093213,41c38912b1d49335e3e4ac85a39d86d6ee1d5e0064adbd924a9862d8ae0b88d8,1bebc207108e6850a97784ca01f26c33ff64413b2c555ab4b3b6c48eae15fe3d,04ab9907b44dff71fbb6262eeb177946ed8b30696679c9098460c0c718ae8a3c,e65caa54f0608b430a4c400175ff4e87610a6091b2f5e3e4e46e897644118d31,1e6ce79ef03e1b8be7ab5280a1cf90200206bb1564194cf75e38f47613cf132e,4e849b7191ef00a6c20ef008ee5c2c722d2cf6b289e93113029c7ced832fdea4,stage20_test_case007,stage20_test_case006,32,1.0,0.25,0,6ee6c13703b30508bbe00758c11f76d93bd50a3d0242bff6463f3332e9071bde,1d09b7c151e1669a527caa8ee528f271c877a8af17f760e647801f510d0197b0,stage20_test_case006/seed_242/ADAPTER_WRONG_CASE/decoded_geology.pt,stage20_test_case007,stage20_test_case006,f35f99cbf3331a6a8d47f0a231abe06c4a003214bb3708ce9246d6331b262834,6ee6c13703b30508bbe00758c11f76d93bd50a3d0242bff6463f3332e9071bde,0,stage20_test_case006/seed_242/ADAPTER_WRONG_CASE/decoded_geology.pt
stage20_test_case007,stage20_test_case007,42,FLOW_ONLY,5b3e3cc13e70f1477679559ea82781e02fc58130469ff39d5c71b5db647f9eea,561e94bfda770ec41fc4cbed43436a7e2130eef5dfb7e5d666fcefc0724ff94c,f8b71d0889ec8f76f033583be3b94f3041da888c0b910e92c8f686e24a093213,41c38912b1d49335e3e4ac85a39d86d6ee1d5e0064adbd924a9862d8ae0b88d8,1bebc207108e6850a97784ca01f26c33ff64413b2c555ab4b3b6c48eae15fe3d,af0e24d749f3731e3006e84e0b9c5cea9a7b2aca494bf01f3cefa7041c03fb25,835de8d1ac101ed1c902cedd87336cd9d3b349e704c3fd83b4abd8238326eae5,a9a480079da3418bd2397b161eedb7c883ff55ba07f4ffa4d789e9fd5027d69d,4e849b7191ef00a6c20ef008ee5c2c722d2cf6b289e93113029c7ced832fdea4,stage20_test_case007,stage20_test_case007,32,0.0,0.25,0,e0023af36be9d680d39947ed54e2ab8620efd629399585d85ee8cb8809d5dc80,2e8a1dc536ce7689d89d62ecaf76c863969529b4499ecec379117c85ccdb56e0,stage20_test_case007/seed_42/FLOW_ONLY/decoded_geology.pt,stage20_test_case007,stage20_test_case007,b197012d47c77b73d854fdea432070ea2c1e7fcf822cc7f34fa1448173df726b,e0023af36be9d680d39947ed54e2ab8620efd629399585d85ee8cb8809d5dc80,0,stage20_test_case007/seed_42/FLOW_ONLY/decoded_geology.pt
stage20_test_case007,stage20_test_case007,42,ADAPTER_PRIOR_ONLY,5b3e3cc13e70f1477679559ea82781e02fc58130469ff39d5c71b5db647f9eea,561e94bfda770ec41fc4cbed43436a7e2130eef5dfb7e5d666fcefc0724ff94c,f8b71d0889ec8f76f033583be3b94f3041da888c0b910e92c8f686e24a093213,41c38912b1d49335e3e4ac85a39d86d6ee1d5e0064adbd924a9862d8ae0b88d8,1bebc207108e6850a97784ca01f26c33ff64413b2c555ab4b3b6c48eae15fe3d,af0e24d749f3731e3006e84e0b9c5cea9a7b2aca494bf01f3cefa7041c03fb25,835de8d1ac101ed1c902cedd87336cd9d3b349e704c3fd83b4abd8238326eae5,a9a480079da3418bd2397b161eedb7c883ff55ba07f4ffa4d789e9fd5027d69d,8b4def8765f49e3ed0f7b22f799e94020119b7ad09c549127486a2a16b836137,stage20_test_case007,stage20_test_case007,32,1.0,0.25,0,2e44d277cfc66ec02d158426ffbe268fb2714a31b939319084ed6e4c3e291c5b,25ce50c72b9d67e63aa26d2ad99a2a5163bbad53aa7a72329fc8b9a57151db6a,stage20_test_case007/seed_42/ADAPTER_PRIOR_ONLY/decoded_geology.pt,stage20_test_case007,stage20_test_case007,747f08ee941b0957a1c056cbcb4e7adf1e3c3758590b1e4217a1f0011b2e3612,2e44d277cfc66ec02d158426ffbe268fb2714a31b939319084ed6e4c3e291c5b,0,stage20_test_case007/seed_42/ADAPTER_PRIOR_ONLY/decoded_geology.pt
stage20_test_case007,stage20_test_case007,42,ADAPTER_CORRECT,5b3e3cc13e70f1477679559ea82781e02fc58130469ff39d5c71b5db647f9eea,561e94bfda770ec41fc4cbed43436a7e2130eef5dfb7e5d666fcefc0724ff94c,f8b71d0889ec8f76f033583be3b94f3041da888c0b910e92c8f686e24a093213,41c38912b1d49335e3e4ac85a39d86d6ee1d5e0064adbd924a9862d8ae0b88d8,1bebc207108e6850a97784ca01f26c33ff64413b2c555ab4b3b6c48eae15fe3d,af0e24d749f3731e3006e84e0b9c5cea9a7b2aca494bf01f3cefa7041c03fb25,835de8d1ac101ed1c902cedd87336cd9d3b349e704c3fd83b4abd8238326eae5,a9a480079da3418bd2397b161eedb7c883ff55ba07f4ffa4d789e9fd5027d69d,4e849b7191ef00a6c20ef008ee5c2c722d2cf6b289e93113029c7ced832fdea4,stage20_test_case007,stage20_test_case007,32,1.0,0.25,0,fcfaf9f0dc336257a96583a2e3f60b25703a62b793163996471b5bb6c73ee23a,d71efc060c1c3d8156bca26c6719b1d3d03a0bdcfd21b0f43a5bff7be3e32fa4,stage20_test_case007/seed_42/ADAPTER_CORRECT/decoded_geology.pt,stage20_test_case007,stage20_test_case007,b197012d47c77b73d854fdea432070ea2c1e7fcf822cc7f34fa1448173df726b,fcfaf9f0dc336257a96583a2e3f60b25703a62b793163996471b5bb6c73ee23a,0,stage20_test_case007/seed_42/ADAPTER_CORRECT/decoded_geology.pt
stage20_test_case007,stage20_test_case007,42,ADAPTER_WRONG_CASE,5b3e3cc13e70f1477679559ea82781e02fc58130469ff39d5c71b5db647f9eea,561e94bfda770ec41fc4cbed43436a7e2130eef5dfb7e5d666fcefc0724ff94c,f8b71d0889ec8f76f033583be3b94f3041da888c0b910e92c8f686e24a093213,41c38912b1d49335e3e4ac85a39d86d6ee1d5e0064adbd924a9862d8ae0b88d8,1bebc207108e6850a97784ca01f26c33ff64413b2c555ab4b3b6c48eae15fe3d,af0e24d749f3731e3006e84e0b9c5cea9a7b2aca494bf01f3cefa7041c03fb25,835de8d1ac101ed1c902cedd87336cd9d3b349e704c3fd83b4abd8238326eae5,a9a480079da3418bd2397b161eedb7c883ff55ba07f4ffa4d789e9fd5027d69d,a55347598d9df5ebe17813bafe3545be8288b3df11ddbd15a92c05b82c55204c,stage20_test_case008,stage20_test_case007,32,1.0,0.25,0,40b6568ede9ca53850c7733a1325bb26eee0491dd21121a7e040810e37e495a8,a4189dae003d925cd13afe71091b4fec458c793d9688dcde94cbe401b9ca5a37,stage20_test_case007/seed_42/ADAPTER_WRONG_CASE/decoded_geology.pt,stage20_test_case008,stage20_test_case007,480ebe7d9d763aa45c83548e6dffdf31066d7bc71840f0698bf6172ab18bf3c3,40b6568ede9ca53850c7733a1325bb26eee0491dd21121a7e040810e37e495a8,0,stage20_test_case007/seed_42/ADAPTER_WRONG_CASE/decoded_geology.pt
stage20_test_case007,stage20_test_case007,142,FLOW_ONLY,9e3fe8095b7f2705dfa4353f4606f4b4cb9d6a00c3ed5cbb0d450674e650e9cb,561e94bfda770ec41fc4cbed43436a7e2130eef5dfb7e5d666fcefc0724ff94c,f8b71d0889ec8f76f033583be3b94f3041da888c0b910e92c8f686e24a093213,41c38912b1d49335e3e4ac85a39d86d6ee1d5e0064adbd924a9862d8ae0b88d8,1bebc207108e6850a97784ca01f26c33ff64413b2c555ab4b3b6c48eae15fe3d,af0e24d749f3731e3006e84e0b9c5cea9a7b2aca494bf01f3cefa7041c03fb25,835de8d1ac101ed1c902cedd87336cd9d3b349e704c3fd83b4abd8238326eae5,a9a480079da3418bd2397b161eedb7c883ff55ba07f4ffa4d789e9fd5027d69d,4e849b7191ef00a6c20ef008ee5c2c722d2cf6b289e93113029c7ced832fdea4,stage20_test_case007,stage20_test_case007,32,0.0,0.25,0,bf67c779e4de2d41ac52e7574513875dcb2e1111020ec9ccb8268fbedeb849ea,a7aa5a3482de37e41be749b407c72f5cd9cbcdddbc0ce08bfd64775f2e1ccce0,stage20_test_case007/seed_142/FLOW_ONLY/decoded_geology.pt,stage20_test_case007,stage20_test_case007,b197012d47c77b73d854fdea432070ea2c1e7fcf822cc7f34fa1448173df726b,bf67c779e4de2d41ac52e7574513875dcb2e1111020ec9ccb8268fbedeb849ea,0,stage20_test_case007/seed_142/FLOW_ONLY/decoded_geology.pt
stage20_test_case007,stage20_test_case007,142,ADAPTER_PRIOR_ONLY,9e3fe8095b7f2705dfa4353f4606f4b4cb9d6a00c3ed5cbb0d450674e650e9cb,561e94bfda770ec41fc4cbed43436a7e2130eef5dfb7e5d666fcefc0724ff94c,f8b71d0889ec8f76f033583be3b94f3041da888c0b910e92c8f686e24a093213,41c38912b1d49335e3e4ac85a39d86d6ee1d5e0064adbd924a9862d8ae0b88d8,1bebc207108e6850a97784ca01f26c33ff64413b2c555ab4b3b6c48eae15fe3d,af0e24d749f3731e3006e84e0b9c5cea9a7b2aca494bf01f3cefa7041c03fb25,835de8d1ac101ed1c902cedd87336cd9d3b349e704c3fd83b4abd8238326eae5,a9a480079da3418bd2397b161eedb7c883ff55ba07f4ffa4d789e9fd5027d69d,8b4def8765f49e3ed0f7b22f799e94020119b7ad09c549127486a2a16b836137,stage20_test_case007,stage20_test_case007,32,1.0,0.25,0,facc6f4c08b93670f245467cca27a25561cda913553aa3483278ce31b9535f68,da0eb2c8f508305a74fabfb4c206f3d3753f1c3b845e343d73285f3924b5a72d,stage20_test_case007/seed_142/ADAPTER_PRIOR_ONLY/decoded_geology.pt,stage20_test_case007,stage20_test_case007,747f08ee941b0957a1c056cbcb4e7adf1e3c3758590b1e4217a1f0011b2e3612,facc6f4c08b93670f245467cca27a25561cda913553aa3483278ce31b9535f68,0,stage20_test_case007/seed_142/ADAPTER_PRIOR_ONLY/decoded_geology.pt
stage20_test_case007,stage20_test_case007,142,ADAPTER_CORRECT,9e3fe8095b7f2705dfa4353f4606f4b4cb9d6a00c3ed5cbb0d450674e650e9cb,561e94bfda770ec41fc4cbed43436a7e2130eef5dfb7e5d666fcefc0724ff94c,f8b71d0889ec8f76f033583be3b94f3041da888c0b910e92c8f686e24a093213,41c38912b1d49335e3e4ac85a39d86d6ee1d5e0064adbd924a9862d8ae0b88d8,1bebc207108e6850a97784ca01f26c33ff64413b2c555ab4b3b6c48eae15fe3d,af0e24d749f3731e3006e84e0b9c5cea9a7b2aca494bf01f3cefa7041c03fb25,835de8d1ac101ed1c902cedd87336cd9d3b349e704c3fd83b4abd8238326eae5,a9a480079da3418bd2397b161eedb7c883ff55ba07f4ffa4d789e9fd5027d69d,4e849b7191ef00a6c20ef008ee5c2c722d2cf6b289e93113029c7ced832fdea4,stage20_test_case007,stage20_test_case007,32,1.0,0.25,0,d8b023f229924c8371e1a92853994edd9528c910ae8a5aada8ed943b6654b6e9,6ed1ebe7c723b5cb935509df5596adc05c50dd609fcf7b40fd1b9e91f46b0bac,stage20_test_case007/seed_142/ADAPTER_CORRECT/decoded_geology.pt,stage20_test_case007,stage20_test_case007,b197012d47c77b73d854fdea432070ea2c1e7fcf822cc7f34fa1448173df726b,d8b023f229924c8371e1a92853994edd9528c910ae8a5aada8ed943b6654b6e9,0,stage20_test_case007/seed_142/ADAPTER_CORRECT/decoded_geology.pt
stage20_test_case007,stage20_test_case007,142,ADAPTER_WRONG_CASE,9e3fe8095b7f2705dfa4353f4606f4b4cb9d6a00c3ed5cbb0d450674e650e9cb,561e94bfda770ec41fc4cbed43436a7e2130eef5dfb7e5d666fcefc0724ff94c,f8b71d0889ec8f76f033583be3b94f3041da888c0b910e92c8f686e24a093213,41c38912b1d49335e3e4ac85a39d86d6ee1d5e0064adbd924a9862d8ae0b88d8,1bebc207108e6850a97784ca01f26c33ff64413b2c555ab4b3b6c48eae15fe3d,af0e24d749f3731e3006e84e0b9c5cea9a7b2aca494bf01f3cefa7041c03fb25,835de8d1ac101ed1c902cedd87336cd9d3b349e704c3fd83b4abd8238326eae5,a9a480079da3418bd2397b161eedb7c883ff55ba07f4ffa4d789e9fd5027d69d,a55347598d9df5ebe17813bafe3545be8288b3df11ddbd15a92c05b82c55204c,stage20_test_case008,stage20_test_case007,32,1.0,0.25,0,ddffd27b5809a0db2fc1219112983542991bb65af9aed2941d393359cff94d0f,b02fcde9f197f1bd7597e701a4d93170121a4853ed1a70dd3cadf54919bdc789,stage20_test_case007/seed_142/ADAPTER_WRONG_CASE/decoded_geology.pt,stage20_test_case008,stage20_test_case007,480ebe7d9d763aa45c83548e6dffdf31066d7bc71840f0698bf6172ab18bf3c3,ddffd27b5809a0db2fc1219112983542991bb65af9aed2941d393359cff94d0f,0,stage20_test_case007/seed_142/ADAPTER_WRONG_CASE/decoded_geology.pt
stage20_test_case007,stage20_test_case007,242,FLOW_ONLY,e6f10761b6eee07b0a77a58fc4f2170c9a107a156a7d8db89b83ebc4b1ac2c49,561e94bfda770ec41fc4cbed43436a7e2130eef5dfb7e5d666fcefc0724ff94c,f8b71d0889ec8f76f033583be3b94f3041da888c0b910e92c8f686e24a093213,41c38912b1d49335e3e4ac85a39d86d6ee1d5e0064adbd924a9862d8ae0b88d8,1bebc207108e6850a97784ca01f26c33ff64413b2c555ab4b3b6c48eae15fe3d,af0e24d749f3731e3006e84e0b9c5cea9a7b2aca494bf01f3cefa7041c03fb25,835de8d1ac101ed1c902cedd87336cd9d3b349e704c3fd83b4abd8238326eae5,a9a480079da3418bd2397b161eedb7c883ff55ba07f4ffa4d789e9fd5027d69d,4e849b7191ef00a6c20ef008ee5c2c722d2cf6b289e93113029c7ced832fdea4,stage20_test_case007,stage20_test_case007,32,0.0,0.25,0,d0110faa449cb972935a5255188a94ce7ce8a851ad5dd3d70499936d2d6152b3,2db8a483ac306487d93fbcca8fe50b0ab6ae4e7308e9d3ad7358d2f45ae86292,stage20_test_case007/seed_242/FLOW_ONLY/decoded_geology.pt,stage20_test_case007,stage20_test_case007,b197012d47c77b73d854fdea432070ea2c1e7fcf822cc7f34fa1448173df726b,d0110faa449cb972935a5255188a94ce7ce8a851ad5dd3d70499936d2d6152b3,0,stage20_test_case007/seed_242/FLOW_ONLY/decoded_geology.pt
stage20_test_case007,stage20_test_case007,242,ADAPTER_PRIOR_ONLY,e6f10761b6eee07b0a77a58fc4f2170c9a107a156a7d8db89b83ebc4b1ac2c49,561e94bfda770ec41fc4cbed43436a7e2130eef5dfb7e5d666fcefc0724ff94c,f8b71d0889ec8f76f033583be3b94f3041da888c0b910e92c8f686e24a093213,41c38912b1d49335e3e4ac85a39d86d6ee1d5e0064adbd924a9862d8ae0b88d8,1bebc207108e6850a97784ca01f26c33ff64413b2c555ab4b3b6c48eae15fe3d,af0e24d749f3731e3006e84e0b9c5cea9a7b2aca494bf01f3cefa7041c03fb25,835de8d1ac101ed1c902cedd87336cd9d3b349e704c3fd83b4abd8238326eae5,a9a480079da3418bd2397b161eedb7c883ff55ba07f4ffa4d789e9fd5027d69d,8b4def8765f49e3ed0f7b22f799e94020119b7ad09c549127486a2a16b836137,stage20_test_case007,stage20_test_case007,32,1.0,0.25,0,55dad05ed4585b06c3dfe141e3e70887242ae3ea9e2803591862517e6648b33e,22032e663833f51595bc019865ee4c6b4701f6181f4020d3aebde6c999cb7497,stage20_test_case007/seed_242/ADAPTER_PRIOR_ONLY/decoded_geology.pt,stage20_test_case007,stage20_test_case007,747f08ee941b0957a1c056cbcb4e7adf1e3c3758590b1e4217a1f0011b2e3612,55dad05ed4585b06c3dfe141e3e70887242ae3ea9e2803591862517e6648b33e,0,stage20_test_case007/seed_242/ADAPTER_PRIOR_ONLY/decoded_geology.pt
stage20_test_case007,stage20_test_case007,242,ADAPTER_CORRECT,e6f10761b6eee07b0a77a58fc4f2170c9a107a156a7d8db89b83ebc4b1ac2c49,561e94bfda770ec41fc4cbed43436a7e2130eef5dfb7e5d666fcefc0724ff94c,f8b71d0889ec8f76f033583be3b94f3041da888c0b910e92c8f686e24a093213,41c38912b1d49335e3e4ac85a39d86d6ee1d5e0064adbd924a9862d8ae0b88d8,1bebc207108e6850a97784ca01f26c33ff64413b2c555ab4b3b6c48eae15fe3d,af0e24d749f3731e3006e84e0b9c5cea9a7b2aca494bf01f3cefa7041c03fb25,835de8d1ac101ed1c902cedd87336cd9d3b349e704c3fd83b4abd8238326eae5,a9a480079da3418bd2397b161eedb7c883ff55ba07f4ffa4d789e9fd5027d69d,4e849b7191ef00a6c20ef008ee5c2c722d2cf6b289e93113029c7ced832fdea4,stage20_test_case007,stage20_test_case007,32,1.0,0.25,0,94815cb40cfb6c6a46356016ab1ae6d67516baeaac70f191473ad3005dc80877,fe2ef9e11c68d510bc95c78d38d0b54eecc09459e025fc4f48cb63d76001dae7,stage20_test_case007/seed_242/ADAPTER_CORRECT/decoded_geology.pt,stage20_test_case007,stage20_test_case007,b197012d47c77b73d854fdea432070ea2c1e7fcf822cc7f34fa1448173df726b,94815cb40cfb6c6a46356016ab1ae6d67516baeaac70f191473ad3005dc80877,0,stage20_test_case007/seed_242/ADAPTER_CORRECT/decoded_geology.pt
stage20_test_case007,stage20_test_case007,242,ADAPTER_WRONG_CASE,e6f10761b6eee07b0a77a58fc4f2170c9a107a156a7d8db89b83ebc4b1ac2c49,561e94bfda770ec41fc4cbed43436a7e2130eef5dfb7e5d666fcefc0724ff94c,f8b71d0889ec8f76f033583be3b94f3041da888c0b910e92c8f686e24a093213,41c38912b1d49335e3e4ac85a39d86d6ee1d5e0064adbd924a9862d8ae0b88d8,1bebc207108e6850a97784ca01f26c33ff64413b2c555ab4b3b6c48eae15fe3d,af0e24d749f3731e3006e84e0b9c5cea9a7b2aca494bf01f3cefa7041c03fb25,835de8d1ac101ed1c902cedd87336cd9d3b349e704c3fd83b4abd8238326eae5,a9a480079da3418bd2397b161eedb7c883ff55ba07f4ffa4d789e9fd5027d69d,a55347598d9df5ebe17813bafe3545be8288b3df11ddbd15a92c05b82c55204c,stage20_test_case008,stage20_test_case007,32,1.0,0.25,0,82358a02602b67448fc6e63f40330c4fa8e147a488e123df4b9d34b764605730,4c69ce0c1eb323ee4da4f2accc5d09d7081bdad6e827d14f4f89bb39bd2dea2e,stage20_test_case007/seed_242/ADAPTER_WRONG_CASE/decoded_geology.pt,stage20_test_case008,stage20_test_case007,480ebe7d9d763aa45c83548e6dffdf31066d7bc71840f0698bf6172ab18bf3c3,82358a02602b67448fc6e63f40330c4fa8e147a488e123df4b9d34b764605730,0,stage20_test_case007/seed_242/ADAPTER_WRONG_CASE/decoded_geology.pt
stage20_test_case008,stage20_test_case008,42,FLOW_ONLY,5b3e3cc13e70f1477679559ea82781e02fc58130469ff39d5c71b5db647f9eea,561e94bfda770ec41fc4cbed43436a7e2130eef5dfb7e5d666fcefc0724ff94c,f8b71d0889ec8f76f033583be3b94f3041da888c0b910e92c8f686e24a093213,41c38912b1d49335e3e4ac85a39d86d6ee1d5e0064adbd924a9862d8ae0b88d8,1bebc207108e6850a97784ca01f26c33ff64413b2c555ab4b3b6c48eae15fe3d,1fc1dd840bfb38124700d833e588c2ec69f0495d391569887e6b8e50f1522e06,d15e51a630ac4eb05f1a649968aa87c1b730cf81a30f1fdcd29af4a51ab5d9da,21872f71297d7cf85a2fdfcc63eabb280ec06423a47e7afbb8a6d870b2b76f9a,a55347598d9df5ebe17813bafe3545be8288b3df11ddbd15a92c05b82c55204c,stage20_test_case008,stage20_test_case008,32,0.0,0.25,0,ce839a6fc6453d127f113ed9a71a11f044014efb7f424a35f3942c92d7ccb0dc,050e3ad5238ee9e00036ff331df75764762839b7c45e615b59dfc1dba4a3e170,stage20_test_case008/seed_42/FLOW_ONLY/decoded_geology.pt,stage20_test_case008,stage20_test_case008,bbd4bafc7e968f001075595ae8256c89e6de4490c884bf661d4245236bd343b8,ce839a6fc6453d127f113ed9a71a11f044014efb7f424a35f3942c92d7ccb0dc,0,stage20_test_case008/seed_42/FLOW_ONLY/decoded_geology.pt
stage20_test_case008,stage20_test_case008,42,ADAPTER_PRIOR_ONLY,5b3e3cc13e70f1477679559ea82781e02fc58130469ff39d5c71b5db647f9eea,561e94bfda770ec41fc4cbed43436a7e2130eef5dfb7e5d666fcefc0724ff94c,f8b71d0889ec8f76f033583be3b94f3041da888c0b910e92c8f686e24a093213,41c38912b1d49335e3e4ac85a39d86d6ee1d5e0064adbd924a9862d8ae0b88d8,1bebc207108e6850a97784ca01f26c33ff64413b2c555ab4b3b6c48eae15fe3d,1fc1dd840bfb38124700d833e588c2ec69f0495d391569887e6b8e50f1522e06,d15e51a630ac4eb05f1a649968aa87c1b730cf81a30f1fdcd29af4a51ab5d9da,21872f71297d7cf85a2fdfcc63eabb280ec06423a47e7afbb8a6d870b2b76f9a,499e63a3fb92eb05ae24133c1c3388f87569afa266c6134bac8f2e1735d7c5a8,stage20_test_case008,stage20_test_case008,32,1.0,0.25,0,8813b6de539a3c7f3f8ccb24befc81962d753e4bb4a9c504763e6f3f7ef61842,3d45195229e7e7186a6a4055021850910704745f4e3352095da4841672e126d5,stage20_test_case008/seed_42/ADAPTER_PRIOR_ONLY/decoded_geology.pt,stage20_test_case008,stage20_test_case008,d93f0d9ebd986b32aee687488380255a708998cdf1ba3c4d093458602774f07c,8813b6de539a3c7f3f8ccb24befc81962d753e4bb4a9c504763e6f3f7ef61842,0,stage20_test_case008/seed_42/ADAPTER_PRIOR_ONLY/decoded_geology.pt
stage20_test_case008,stage20_test_case008,42,ADAPTER_CORRECT,5b3e3cc13e70f1477679559ea82781e02fc58130469ff39d5c71b5db647f9eea,561e94bfda770ec41fc4cbed43436a7e2130eef5dfb7e5d666fcefc0724ff94c,f8b71d0889ec8f76f033583be3b94f3041da888c0b910e92c8f686e24a093213,41c38912b1d49335e3e4ac85a39d86d6ee1d5e0064adbd924a9862d8ae0b88d8,1bebc207108e6850a97784ca01f26c33ff64413b2c555ab4b3b6c48eae15fe3d,1fc1dd840bfb38124700d833e588c2ec69f0495d391569887e6b8e50f1522e06,d15e51a630ac4eb05f1a649968aa87c1b730cf81a30f1fdcd29af4a51ab5d9da,21872f71297d7cf85a2fdfcc63eabb280ec06423a47e7afbb8a6d870b2b76f9a,a55347598d9df5ebe17813bafe3545be8288b3df11ddbd15a92c05b82c55204c,stage20_test_case008,stage20_test_case008,32,1.0,0.25,0,9eae0ea20629c726ace437bd3b24d8843b4868bca629662a012f916243af49e9,aa5e1cedbfcdb317672362241addb466e532f93551642103df970c1c7618dff9,stage20_test_case008/seed_42/ADAPTER_CORRECT/decoded_geology.pt,stage20_test_case008,stage20_test_case008,bbd4bafc7e968f001075595ae8256c89e6de4490c884bf661d4245236bd343b8,9eae0ea20629c726ace437bd3b24d8843b4868bca629662a012f916243af49e9,0,stage20_test_case008/seed_42/ADAPTER_CORRECT/decoded_geology.pt
stage20_test_case008,stage20_test_case008,42,ADAPTER_WRONG_CASE,5b3e3cc13e70f1477679559ea82781e02fc58130469ff39d5c71b5db647f9eea,561e94bfda770ec41fc4cbed43436a7e2130eef5dfb7e5d666fcefc0724ff94c,f8b71d0889ec8f76f033583be3b94f3041da888c0b910e92c8f686e24a093213,41c38912b1d49335e3e4ac85a39d86d6ee1d5e0064adbd924a9862d8ae0b88d8,1bebc207108e6850a97784ca01f26c33ff64413b2c555ab4b3b6c48eae15fe3d,1fc1dd840bfb38124700d833e588c2ec69f0495d391569887e6b8e50f1522e06,d15e51a630ac4eb05f1a649968aa87c1b730cf81a30f1fdcd29af4a51ab5d9da,21872f71297d7cf85a2fdfcc63eabb280ec06423a47e7afbb8a6d870b2b76f9a,931fc974873f65a13032b4c56a1f13e28d012a0fd7fe15a9a6d294831b77a08e,stage20_test_case009,stage20_test_case008,32,1.0,0.25,0,39e5831d8632c7ccd38ef8a671fb6c1df6b63cf07241fb31fbb6d00d42bce3d9,fbb2be92a4cb3228df8c343b1798ed40ddc851330d2312d1dc11473a15c56814,stage20_test_case008/seed_42/ADAPTER_WRONG_CASE/decoded_geology.pt,stage20_test_case009,stage20_test_case008,99d144173db86f5651f70884822199d2638e056518a8fa0cace744e3f14baf8c,39e5831d8632c7ccd38ef8a671fb6c1df6b63cf07241fb31fbb6d00d42bce3d9,0,stage20_test_case008/seed_42/ADAPTER_WRONG_CASE/decoded_geology.pt
stage20_test_case008,stage20_test_case008,142,FLOW_ONLY,9e3fe8095b7f2705dfa4353f4606f4b4cb9d6a00c3ed5cbb0d450674e650e9cb,561e94bfda770ec41fc4cbed43436a7e2130eef5dfb7e5d666fcefc0724ff94c,f8b71d0889ec8f76f033583be3b94f3041da888c0b910e92c8f686e24a093213,41c38912b1d49335e3e4ac85a39d86d6ee1d5e0064adbd924a9862d8ae0b88d8,1bebc207108e6850a97784ca01f26c33ff64413b2c555ab4b3b6c48eae15fe3d,1fc1dd840bfb38124700d833e588c2ec69f0495d391569887e6b8e50f1522e06,d15e51a630ac4eb05f1a649968aa87c1b730cf81a30f1fdcd29af4a51ab5d9da,21872f71297d7cf85a2fdfcc63eabb280ec06423a47e7afbb8a6d870b2b76f9a,a55347598d9df5ebe17813bafe3545be8288b3df11ddbd15a92c05b82c55204c,stage20_test_case008,stage20_test_case008,32,0.0,0.25,0,d77fad3294bb563c4f4052d3a6fcc704639e34ade55e875f9693f35e5686a485,f26706c80f20ed078c0a88e45d2ed63056506f4c4ac5776f54da11c5c8d5b29f,stage20_test_case008/seed_142/FLOW_ONLY/decoded_geology.pt,stage20_test_case008,stage20_test_case008,bbd4bafc7e968f001075595ae8256c89e6de4490c884bf661d4245236bd343b8,d77fad3294bb563c4f4052d3a6fcc704639e34ade55e875f9693f35e5686a485,0,stage20_test_case008/seed_142/FLOW_ONLY/decoded_geology.pt
stage20_test_case008,stage20_test_case008,142,ADAPTER_PRIOR_ONLY,9e3fe8095b7f2705dfa4353f4606f4b4cb9d6a00c3ed5cbb0d450674e650e9cb,561e94bfda770ec41fc4cbed43436a7e2130eef5dfb7e5d666fcefc0724ff94c,f8b71d0889ec8f76f033583be3b94f3041da888c0b910e92c8f686e24a093213,41c38912b1d49335e3e4ac85a39d86d6ee1d5e0064adbd924a9862d8ae0b88d8,1bebc207108e6850a97784ca01f26c33ff64413b2c555ab4b3b6c48eae15fe3d,1fc1dd840bfb38124700d833e588c2ec69f0495d391569887e6b8e50f1522e06,d15e51a630ac4eb05f1a649968aa87c1b730cf81a30f1fdcd29af4a51ab5d9da,21872f71297d7cf85a2fdfcc63eabb280ec06423a47e7afbb8a6d870b2b76f9a,499e63a3fb92eb05ae24133c1c3388f87569afa266c6134bac8f2e1735d7c5a8,stage20_test_case008,stage20_test_case008,32,1.0,0.25,0,e681f46a7cd2536662b2b13b08a6e0e2f97f5a028e8ac53596a7b944d3143ad8,1c29945e2d46120d67e55cdbc95f401f8c2ae6827277928145f189bc437f043c,stage20_test_case008/seed_142/ADAPTER_PRIOR_ONLY/decoded_geology.pt,stage20_test_case008,stage20_test_case008,d93f0d9ebd986b32aee687488380255a708998cdf1ba3c4d093458602774f07c,e681f46a7cd2536662b2b13b08a6e0e2f97f5a028e8ac53596a7b944d3143ad8,0,stage20_test_case008/seed_142/ADAPTER_PRIOR_ONLY/decoded_geology.pt
stage20_test_case008,stage20_test_case008,142,ADAPTER_CORRECT,9e3fe8095b7f2705dfa4353f4606f4b4cb9d6a00c3ed5cbb0d450674e650e9cb,561e94bfda770ec41fc4cbed43436a7e2130eef5dfb7e5d666fcefc0724ff94c,f8b71d0889ec8f76f033583be3b94f3041da888c0b910e92c8f686e24a093213,41c38912b1d49335e3e4ac85a39d86d6ee1d5e0064adbd924a9862d8ae0b88d8,1bebc207108e6850a97784ca01f26c33ff64413b2c555ab4b3b6c48eae15fe3d,1fc1dd840bfb38124700d833e588c2ec69f0495d391569887e6b8e50f1522e06,d15e51a630ac4eb05f1a649968aa87c1b730cf81a30f1fdcd29af4a51ab5d9da,21872f71297d7cf85a2fdfcc63eabb280ec06423a47e7afbb8a6d870b2b76f9a,a55347598d9df5ebe17813bafe3545be8288b3df11ddbd15a92c05b82c55204c,stage20_test_case008,stage20_test_case008,32,1.0,0.25,0,1f5eba463a67cf9870c5450cfa7c2a7bc4f304c1a45c5f4071506ce84aa73b74,b9506641696852abdaf57b3e69b59c5b991ef40705c18b03888a9489e52f1ed6,stage20_test_case008/seed_142/ADAPTER_CORRECT/decoded_geology.pt,stage20_test_case008,stage20_test_case008,bbd4bafc7e968f001075595ae8256c89e6de4490c884bf661d4245236bd343b8,1f5eba463a67cf9870c5450cfa7c2a7bc4f304c1a45c5f4071506ce84aa73b74,0,stage20_test_case008/seed_142/ADAPTER_CORRECT/decoded_geology.pt
stage20_test_case008,stage20_test_case008,142,ADAPTER_WRONG_CASE,9e3fe8095b7f2705dfa4353f4606f4b4cb9d6a00c3ed5cbb0d450674e650e9cb,561e94bfda770ec41fc4cbed43436a7e2130eef5dfb7e5d666fcefc0724ff94c,f8b71d0889ec8f76f033583be3b94f3041da888c0b910e92c8f686e24a093213,41c38912b1d49335e3e4ac85a39d86d6ee1d5e0064adbd924a9862d8ae0b88d8,1bebc207108e6850a97784ca01f26c33ff64413b2c555ab4b3b6c48eae15fe3d,1fc1dd840bfb38124700d833e588c2ec69f0495d391569887e6b8e50f1522e06,d15e51a630ac4eb05f1a649968aa87c1b730cf81a30f1fdcd29af4a51ab5d9da,21872f71297d7cf85a2fdfcc63eabb280ec06423a47e7afbb8a6d870b2b76f9a,931fc974873f65a13032b4c56a1f13e28d012a0fd7fe15a9a6d294831b77a08e,stage20_test_case009,stage20_test_case008,32,1.0,0.25,0,43916634c0cddd01c1d64ffccaa38dbe680b507ce566389f417c145d2b501a67,7f02456e10164e86865d54c0b7cd5dff68b0fe06ebc698f0931fd89649d63bb4,stage20_test_case008/seed_142/ADAPTER_WRONG_CASE/decoded_geology.pt,stage20_test_case009,stage20_test_case008,99d144173db86f5651f70884822199d2638e056518a8fa0cace744e3f14baf8c,43916634c0cddd01c1d64ffccaa38dbe680b507ce566389f417c145d2b501a67,0,stage20_test_case008/seed_142/ADAPTER_WRONG_CASE/decoded_geology.pt
stage20_test_case008,stage20_test_case008,242,FLOW_ONLY,e6f10761b6eee07b0a77a58fc4f2170c9a107a156a7d8db89b83ebc4b1ac2c49,561e94bfda770ec41fc4cbed43436a7e2130eef5dfb7e5d666fcefc0724ff94c,f8b71d0889ec8f76f033583be3b94f3041da888c0b910e92c8f686e24a093213,41c38912b1d49335e3e4ac85a39d86d6ee1d5e0064adbd924a9862d8ae0b88d8,1bebc207108e6850a97784ca01f26c33ff64413b2c555ab4b3b6c48eae15fe3d,1fc1dd840bfb38124700d833e588c2ec69f0495d391569887e6b8e50f1522e06,d15e51a630ac4eb05f1a649968aa87c1b730cf81a30f1fdcd29af4a51ab5d9da,21872f71297d7cf85a2fdfcc63eabb280ec06423a47e7afbb8a6d870b2b76f9a,a55347598d9df5ebe17813bafe3545be8288b3df11ddbd15a92c05b82c55204c,stage20_test_case008,stage20_test_case008,32,0.0,0.25,0,015d908a0615cdbbabd3c412f046daad780cb31c0e436f8f8911a6b90d7fc818,5bed209a0e2a0f4bd2e96e0625170c41d58ab9d387cffb349b171b75c0944017,stage20_test_case008/seed_242/FLOW_ONLY/decoded_geology.pt,stage20_test_case008,stage20_test_case008,bbd4bafc7e968f001075595ae8256c89e6de4490c884bf661d4245236bd343b8,015d908a0615cdbbabd3c412f046daad780cb31c0e436f8f8911a6b90d7fc818,0,stage20_test_case008/seed_242/FLOW_ONLY/decoded_geology.pt
stage20_test_case008,stage20_test_case008,242,ADAPTER_PRIOR_ONLY,e6f10761b6eee07b0a77a58fc4f2170c9a107a156a7d8db89b83ebc4b1ac2c49,561e94bfda770ec41fc4cbed43436a7e2130eef5dfb7e5d666fcefc0724ff94c,f8b71d0889ec8f76f033583be3b94f3041da888c0b910e92c8f686e24a093213,41c38912b1d49335e3e4ac85a39d86d6ee1d5e0064adbd924a9862d8ae0b88d8,1bebc207108e6850a97784ca01f26c33ff64413b2c555ab4b3b6c48eae15fe3d,1fc1dd840bfb38124700d833e588c2ec69f0495d391569887e6b8e50f1522e06,d15e51a630ac4eb05f1a649968aa87c1b730cf81a30f1fdcd29af4a51ab5d9da,21872f71297d7cf85a2fdfcc63eabb280ec06423a47e7afbb8a6d870b2b76f9a,499e63a3fb92eb05ae24133c1c3388f87569afa266c6134bac8f2e1735d7c5a8,stage20_test_case008,stage20_test_case008,32,1.0,0.25,0,dd7e0c62c88b9062a248f7d098d3893d440b04ab7f3d3debdca9feac6a5baa25,2b96b631b588605d2c5a2407f92ff39044b219fd86920d7e524c3069b10be612,stage20_test_case008/seed_242/ADAPTER_PRIOR_ONLY/decoded_geology.pt,stage20_test_case008,stage20_test_case008,d93f0d9ebd986b32aee687488380255a708998cdf1ba3c4d093458602774f07c,dd7e0c62c88b9062a248f7d098d3893d440b04ab7f3d3debdca9feac6a5baa25,0,stage20_test_case008/seed_242/ADAPTER_PRIOR_ONLY/decoded_geology.pt
stage20_test_case008,stage20_test_case008,242,ADAPTER_CORRECT,e6f10761b6eee07b0a77a58fc4f2170c9a107a156a7d8db89b83ebc4b1ac2c49,561e94bfda770ec41fc4cbed43436a7e2130eef5dfb7e5d666fcefc0724ff94c,f8b71d0889ec8f76f033583be3b94f3041da888c0b910e92c8f686e24a093213,41c38912b1d49335e3e4ac85a39d86d6ee1d5e0064adbd924a9862d8ae0b88d8,1bebc207108e6850a97784ca01f26c33ff64413b2c555ab4b3b6c48eae15fe3d,1fc1dd840bfb38124700d833e588c2ec69f0495d391569887e6b8e50f1522e06,d15e51a630ac4eb05f1a649968aa87c1b730cf81a30f1fdcd29af4a51ab5d9da,21872f71297d7cf85a2fdfcc63eabb280ec06423a47e7afbb8a6d870b2b76f9a,a55347598d9df5ebe17813bafe3545be8288b3df11ddbd15a92c05b82c55204c,stage20_test_case008,stage20_test_case008,32,1.0,0.25,0,7b2da992615e5f57d1ff5f99e7c4b375900e824a96e3e1b0073aa6f49c745ea6,b013e738dd8a6641f7f9dbc7c309b156eeb1ef4bdef1d386f63d80b7e82a1795,stage20_test_case008/seed_242/ADAPTER_CORRECT/decoded_geology.pt,stage20_test_case008,stage20_test_case008,bbd4bafc7e968f001075595ae8256c89e6de4490c884bf661d4245236bd343b8,7b2da992615e5f57d1ff5f99e7c4b375900e824a96e3e1b0073aa6f49c745ea6,0,stage20_test_case008/seed_242/ADAPTER_CORRECT/decoded_geology.pt
stage20_test_case008,stage20_test_case008,242,ADAPTER_WRONG_CASE,e6f10761b6eee07b0a77a58fc4f2170c9a107a156a7d8db89b83ebc4b1ac2c49,561e94bfda770ec41fc4cbed43436a7e2130eef5dfb7e5d666fcefc0724ff94c,f8b71d0889ec8f76f033583be3b94f3041da888c0b910e92c8f686e24a093213,41c38912b1d49335e3e4ac85a39d86d6ee1d5e0064adbd924a9862d8ae0b88d8,1bebc207108e6850a97784ca01f26c33ff64413b2c555ab4b3b6c48eae15fe3d,1fc1dd840bfb38124700d833e588c2ec69f0495d391569887e6b8e50f1522e06,d15e51a630ac4eb05f1a649968aa87c1b730cf81a30f1fdcd29af4a51ab5d9da,21872f71297d7cf85a2fdfcc63eabb280ec06423a47e7afbb8a6d870b2b76f9a,931fc974873f65a13032b4c56a1f13e28d012a0fd7fe15a9a6d294831b77a08e,stage20_test_case009,stage20_test_case008,32,1.0,0.25,0,453eab5090df881ea0914966c6ba82054dca3d568e95412bce5b301a91cd643b,48c34f9d32231033332577a226650653bb5ddb1cda844661c09348bba84c88aa,stage20_test_case008/seed_242/ADAPTER_WRONG_CASE/decoded_geology.pt,stage20_test_case009,stage20_test_case008,99d144173db86f5651f70884822199d2638e056518a8fa0cace744e3f14baf8c,453eab5090df881ea0914966c6ba82054dca3d568e95412bce5b301a91cd643b,0,stage20_test_case008/seed_242/ADAPTER_WRONG_CASE/decoded_geology.pt
stage20_test_case009,stage20_test_case009,42,FLOW_ONLY,5b3e3cc13e70f1477679559ea82781e02fc58130469ff39d5c71b5db647f9eea,561e94bfda770ec41fc4cbed43436a7e2130eef5dfb7e5d666fcefc0724ff94c,f8b71d0889ec8f76f033583be3b94f3041da888c0b910e92c8f686e24a093213,41c38912b1d49335e3e4ac85a39d86d6ee1d5e0064adbd924a9862d8ae0b88d8,1bebc207108e6850a97784ca01f26c33ff64413b2c555ab4b3b6c48eae15fe3d,102ddbac4b46c25c98143e23695cdd4abf7f7edc5519fb89f38d96a12d716370,89fce940e5c480945b7dea2384e278963afc11fa027d4e53ea699a8302a966ce,edef512e31cd4f4d0842ec47478afdf7ab6a1bd1bd43eb624f4fb0e9928d006b,931fc974873f65a13032b4c56a1f13e28d012a0fd7fe15a9a6d294831b77a08e,stage20_test_case009,stage20_test_case009,32,0.0,0.25,0,465eea35c9d19a1b7bdb5eb098e8bbfbcb273250bb7f24cd46febd9de89df242,25f40d4423961f80d68a3e6694feabcbb1313b77a612bc94878fa1294585480a,stage20_test_case009/seed_42/FLOW_ONLY/decoded_geology.pt,stage20_test_case009,stage20_test_case009,87a1cd07d9fa0a1e02b22cd38eae818c01382c77c24bd9385957459b588f51f4,465eea35c9d19a1b7bdb5eb098e8bbfbcb273250bb7f24cd46febd9de89df242,0,stage20_test_case009/seed_42/FLOW_ONLY/decoded_geology.pt
stage20_test_case009,stage20_test_case009,42,ADAPTER_PRIOR_ONLY,5b3e3cc13e70f1477679559ea82781e02fc58130469ff39d5c71b5db647f9eea,561e94bfda770ec41fc4cbed43436a7e2130eef5dfb7e5d666fcefc0724ff94c,f8b71d0889ec8f76f033583be3b94f3041da888c0b910e92c8f686e24a093213,41c38912b1d49335e3e4ac85a39d86d6ee1d5e0064adbd924a9862d8ae0b88d8,1bebc207108e6850a97784ca01f26c33ff64413b2c555ab4b3b6c48eae15fe3d,102ddbac4b46c25c98143e23695cdd4abf7f7edc5519fb89f38d96a12d716370,89fce940e5c480945b7dea2384e278963afc11fa027d4e53ea699a8302a966ce,edef512e31cd4f4d0842ec47478afdf7ab6a1bd1bd43eb624f4fb0e9928d006b,fecdd669f03cb5155dd1dcfc29bdcc2154766a0d7cf72e31dc238332fa9a011d,stage20_test_case009,stage20_test_case009,32,1.0,0.25,0,f9a80831582dac51c97f8e2f8263d83fd0744c730d6182188c1313f14840af09,dddb983075db9c9e164b93a4dd24a746bd7b7e4772672ea85ebfdd5f7d5adcf2,stage20_test_case009/seed_42/ADAPTER_PRIOR_ONLY/decoded_geology.pt,stage20_test_case009,stage20_test_case009,c5a5eb28676c1d166f651316ef4bae47cf577d9283e1ebaaf92f16f874957d15,f9a80831582dac51c97f8e2f8263d83fd0744c730d6182188c1313f14840af09,0,stage20_test_case009/seed_42/ADAPTER_PRIOR_ONLY/decoded_geology.pt
stage20_test_case009,stage20_test_case009,42,ADAPTER_CORRECT,5b3e3cc13e70f1477679559ea82781e02fc58130469ff39d5c71b5db647f9eea,561e94bfda770ec41fc4cbed43436a7e2130eef5dfb7e5d666fcefc0724ff94c,f8b71d0889ec8f76f033583be3b94f3041da888c0b910e92c8f686e24a093213,41c38912b1d49335e3e4ac85a39d86d6ee1d5e0064adbd924a9862d8ae0b88d8,1bebc207108e6850a97784ca01f26c33ff64413b2c555ab4b3b6c48eae15fe3d,102ddbac4b46c25c98143e23695cdd4abf7f7edc5519fb89f38d96a12d716370,89fce940e5c480945b7dea2384e278963afc11fa027d4e53ea699a8302a966ce,edef512e31cd4f4d0842ec47478afdf7ab6a1bd1bd43eb624f4fb0e9928d006b,931fc974873f65a13032b4c56a1f13e28d012a0fd7fe15a9a6d294831b77a08e,stage20_test_case009,stage20_test_case009,32,1.0,0.25,0,0272ceb88b3cf911456e9b79ba6199969a513c2e2f33d4bf1f60b1434d8d5263,a85d26318a913c3790c67ad6249dcf3824853c8370d8b8e3a98a6532731b57ca,stage20_test_case009/seed_42/ADAPTER_CORRECT/decoded_geology.pt,stage20_test_case009,stage20_test_case009,87a1cd07d9fa0a1e02b22cd38eae818c01382c77c24bd9385957459b588f51f4,0272ceb88b3cf911456e9b79ba6199969a513c2e2f33d4bf1f60b1434d8d5263,0,stage20_test_case009/seed_42/ADAPTER_CORRECT/decoded_geology.pt
stage20_test_case009,stage20_test_case009,42,ADAPTER_WRONG_CASE,5b3e3cc13e70f1477679559ea82781e02fc58130469ff39d5c71b5db647f9eea,561e94bfda770ec41fc4cbed43436a7e2130eef5dfb7e5d666fcefc0724ff94c,f8b71d0889ec8f76f033583be3b94f3041da888c0b910e92c8f686e24a093213,41c38912b1d49335e3e4ac85a39d86d6ee1d5e0064adbd924a9862d8ae0b88d8,1bebc207108e6850a97784ca01f26c33ff64413b2c555ab4b3b6c48eae15fe3d,102ddbac4b46c25c98143e23695cdd4abf7f7edc5519fb89f38d96a12d716370,89fce940e5c480945b7dea2384e278963afc11fa027d4e53ea699a8302a966ce,edef512e31cd4f4d0842ec47478afdf7ab6a1bd1bd43eb624f4fb0e9928d006b,d9a00ed35218e5f31e355d711961cbdf34b4204cb6b6893b6a0f1cfab197e80d,stage20_test_case010,stage20_test_case009,32,1.0,0.25,0,a783a01e484922f9f6be15eeb850a9d350faf291290abae26a1543f0fd3ffa48,2d6f0170d9831a5071554c2f6f3fce93fe65806be2178ac471b7515416178574,stage20_test_case009/seed_42/ADAPTER_WRONG_CASE/decoded_geology.pt,stage20_test_case010,stage20_test_case009,b26342c0dc1ad90d9a11bbad8971e7976ecbd7863d4bac52218a5f31cf0207d6,a783a01e484922f9f6be15eeb850a9d350faf291290abae26a1543f0fd3ffa48,0,stage20_test_case009/seed_42/ADAPTER_WRONG_CASE/decoded_geology.pt
stage20_test_case009,stage20_test_case009,142,FLOW_ONLY,9e3fe8095b7f2705dfa4353f4606f4b4cb9d6a00c3ed5cbb0d450674e650e9cb,561e94bfda770ec41fc4cbed43436a7e2130eef5dfb7e5d666fcefc0724ff94c,f8b71d0889ec8f76f033583be3b94f3041da888c0b910e92c8f686e24a093213,41c38912b1d49335e3e4ac85a39d86d6ee1d5e0064adbd924a9862d8ae0b88d8,1bebc207108e6850a97784ca01f26c33ff64413b2c555ab4b3b6c48eae15fe3d,102ddbac4b46c25c98143e23695cdd4abf7f7edc5519fb89f38d96a12d716370,89fce940e5c480945b7dea2384e278963afc11fa027d4e53ea699a8302a966ce,edef512e31cd4f4d0842ec47478afdf7ab6a1bd1bd43eb624f4fb0e9928d006b,931fc974873f65a13032b4c56a1f13e28d012a0fd7fe15a9a6d294831b77a08e,stage20_test_case009,stage20_test_case009,32,0.0,0.25,0,b033c1330104b9ab60c37c5496f09ac9420aff8cd7c52aa6414914c3bdac104e,a85a293c914a05d4a5dd7ad019608438f9926f82c73654908b7669264e2e521f,stage20_test_case009/seed_142/FLOW_ONLY/decoded_geology.pt,stage20_test_case009,stage20_test_case009,87a1cd07d9fa0a1e02b22cd38eae818c01382c77c24bd9385957459b588f51f4,b033c1330104b9ab60c37c5496f09ac9420aff8cd7c52aa6414914c3bdac104e,0,stage20_test_case009/seed_142/FLOW_ONLY/decoded_geology.pt
stage20_test_case009,stage20_test_case009,142,ADAPTER_PRIOR_ONLY,9e3fe8095b7f2705dfa4353f4606f4b4cb9d6a00c3ed5cbb0d450674e650e9cb,561e94bfda770ec41fc4cbed43436a7e2130eef5dfb7e5d666fcefc0724ff94c,f8b71d0889ec8f76f033583be3b94f3041da888c0b910e92c8f686e24a093213,41c38912b1d49335e3e4ac85a39d86d6ee1d5e0064adbd924a9862d8ae0b88d8,1bebc207108e6850a97784ca01f26c33ff64413b2c555ab4b3b6c48eae15fe3d,102ddbac4b46c25c98143e23695cdd4abf7f7edc5519fb89f38d96a12d716370,89fce940e5c480945b7dea2384e278963afc11fa027d4e53ea699a8302a966ce,edef512e31cd4f4d0842ec47478afdf7ab6a1bd1bd43eb624f4fb0e9928d006b,fecdd669f03cb5155dd1dcfc29bdcc2154766a0d7cf72e31dc238332fa9a011d,stage20_test_case009,stage20_test_case009,32,1.0,0.25,0,8e07951e1298d86103236894debb5803e15dd0896b3451321922f42693cf7a31,9c96ccf562c68bf3a4be7d558de87365ec0630f98ed999c71aad8deb7ddee4a3,stage20_test_case009/seed_142/ADAPTER_PRIOR_ONLY/decoded_geology.pt,stage20_test_case009,stage20_test_case009,c5a5eb28676c1d166f651316ef4bae47cf577d9283e1ebaaf92f16f874957d15,8e07951e1298d86103236894debb5803e15dd0896b3451321922f42693cf7a31,0,stage20_test_case009/seed_142/ADAPTER_PRIOR_ONLY/decoded_geology.pt
stage20_test_case009,stage20_test_case009,142,ADAPTER_CORRECT,9e3fe8095b7f2705dfa4353f4606f4b4cb9d6a00c3ed5cbb0d450674e650e9cb,561e94bfda770ec41fc4cbed43436a7e2130eef5dfb7e5d666fcefc0724ff94c,f8b71d0889ec8f76f033583be3b94f3041da888c0b910e92c8f686e24a093213,41c38912b1d49335e3e4ac85a39d86d6ee1d5e0064adbd924a9862d8ae0b88d8,1bebc207108e6850a97784ca01f26c33ff64413b2c555ab4b3b6c48eae15fe3d,102ddbac4b46c25c98143e23695cdd4abf7f7edc5519fb89f38d96a12d716370,89fce940e5c480945b7dea2384e278963afc11fa027d4e53ea699a8302a966ce,edef512e31cd4f4d0842ec47478afdf7ab6a1bd1bd43eb624f4fb0e9928d006b,931fc974873f65a13032b4c56a1f13e28d012a0fd7fe15a9a6d294831b77a08e,stage20_test_case009,stage20_test_case009,32,1.0,0.25,0,a2d5d195b98377c9c9e0519f79117e902be2e3133580bfcd99ac1a0dcdbedb9c,3f98d088c0ad07ff25071d763eab3242c465c989dea3a975cedf8ac1338953ab,stage20_test_case009/seed_142/ADAPTER_CORRECT/decoded_geology.pt,stage20_test_case009,stage20_test_case009,87a1cd07d9fa0a1e02b22cd38eae818c01382c77c24bd9385957459b588f51f4,a2d5d195b98377c9c9e0519f79117e902be2e3133580bfcd99ac1a0dcdbedb9c,0,stage20_test_case009/seed_142/ADAPTER_CORRECT/decoded_geology.pt
stage20_test_case009,stage20_test_case009,142,ADAPTER_WRONG_CASE,9e3fe8095b7f2705dfa4353f4606f4b4cb9d6a00c3ed5cbb0d450674e650e9cb,561e94bfda770ec41fc4cbed43436a7e2130eef5dfb7e5d666fcefc0724ff94c,f8b71d0889ec8f76f033583be3b94f3041da888c0b910e92c8f686e24a093213,41c38912b1d49335e3e4ac85a39d86d6ee1d5e0064adbd924a9862d8ae0b88d8,1bebc207108e6850a97784ca01f26c33ff64413b2c555ab4b3b6c48eae15fe3d,102ddbac4b46c25c98143e23695cdd4abf7f7edc5519fb89f38d96a12d716370,89fce940e5c480945b7dea2384e278963afc11fa027d4e53ea699a8302a966ce,edef512e31cd4f4d0842ec47478afdf7ab6a1bd1bd43eb624f4fb0e9928d006b,d9a00ed35218e5f31e355d711961cbdf34b4204cb6b6893b6a0f1cfab197e80d,stage20_test_case010,stage20_test_case009,32,1.0,0.25,0,4f59f592d3d693815c961a312fc0098c5a0fe7dacc1d309c4044b113e164da6d,6d99e383cab6566fade36bd8ef645598a2e0355fe212b11c371fbfd5199f8a61,stage20_test_case009/seed_142/ADAPTER_WRONG_CASE/decoded_geology.pt,stage20_test_case010,stage20_test_case009,b26342c0dc1ad90d9a11bbad8971e7976ecbd7863d4bac52218a5f31cf0207d6,4f59f592d3d693815c961a312fc0098c5a0fe7dacc1d309c4044b113e164da6d,0,stage20_test_case009/seed_142/ADAPTER_WRONG_CASE/decoded_geology.pt
stage20_test_case009,stage20_test_case009,242,FLOW_ONLY,e6f10761b6eee07b0a77a58fc4f2170c9a107a156a7d8db89b83ebc4b1ac2c49,561e94bfda770ec41fc4cbed43436a7e2130eef5dfb7e5d666fcefc0724ff94c,f8b71d0889ec8f76f033583be3b94f3041da888c0b910e92c8f686e24a093213,41c38912b1d49335e3e4ac85a39d86d6ee1d5e0064adbd924a9862d8ae0b88d8,1bebc207108e6850a97784ca01f26c33ff64413b2c555ab4b3b6c48eae15fe3d,102ddbac4b46c25c98143e23695cdd4abf7f7edc5519fb89f38d96a12d716370,89fce940e5c480945b7dea2384e278963afc11fa027d4e53ea699a8302a966ce,edef512e31cd4f4d0842ec47478afdf7ab6a1bd1bd43eb624f4fb0e9928d006b,931fc974873f65a13032b4c56a1f13e28d012a0fd7fe15a9a6d294831b77a08e,stage20_test_case009,stage20_test_case009,32,0.0,0.25,0,0a22820defb57be7a55286581fa91113e41317fbefca498579d3d0ab7c9bdb3a,185ff931336bca230a7db837708d75500a090632bd6b2cb7b318643c4814bf4c,stage20_test_case009/seed_242/FLOW_ONLY/decoded_geology.pt,stage20_test_case009,stage20_test_case009,87a1cd07d9fa0a1e02b22cd38eae818c01382c77c24bd9385957459b588f51f4,0a22820defb57be7a55286581fa91113e41317fbefca498579d3d0ab7c9bdb3a,0,stage20_test_case009/seed_242/FLOW_ONLY/decoded_geology.pt
stage20_test_case009,stage20_test_case009,242,ADAPTER_PRIOR_ONLY,e6f10761b6eee07b0a77a58fc4f2170c9a107a156a7d8db89b83ebc4b1ac2c49,561e94bfda770ec41fc4cbed43436a7e2130eef5dfb7e5d666fcefc0724ff94c,f8b71d0889ec8f76f033583be3b94f3041da888c0b910e92c8f686e24a093213,41c38912b1d49335e3e4ac85a39d86d6ee1d5e0064adbd924a9862d8ae0b88d8,1bebc207108e6850a97784ca01f26c33ff64413b2c555ab4b3b6c48eae15fe3d,102ddbac4b46c25c98143e23695cdd4abf7f7edc5519fb89f38d96a12d716370,89fce940e5c480945b7dea2384e278963afc11fa027d4e53ea699a8302a966ce,edef512e31cd4f4d0842ec47478afdf7ab6a1bd1bd43eb624f4fb0e9928d006b,fecdd669f03cb5155dd1dcfc29bdcc2154766a0d7cf72e31dc238332fa9a011d,stage20_test_case009,stage20_test_case009,32,1.0,0.25,0,07c4ff7e24ccf8b46a5121094ec0b17c122c66f717ad6a3dfee8c712d2b4f749,fd26321122cc27a161bf79685c9a9dd17c057b7687964c2b279357b3a3338cdd,stage20_test_case009/seed_242/ADAPTER_PRIOR_ONLY/decoded_geology.pt,stage20_test_case009,stage20_test_case009,c5a5eb28676c1d166f651316ef4bae47cf577d9283e1ebaaf92f16f874957d15,07c4ff7e24ccf8b46a5121094ec0b17c122c66f717ad6a3dfee8c712d2b4f749,0,stage20_test_case009/seed_242/ADAPTER_PRIOR_ONLY/decoded_geology.pt
stage20_test_case009,stage20_test_case009,242,ADAPTER_CORRECT,e6f10761b6eee07b0a77a58fc4f2170c9a107a156a7d8db89b83ebc4b1ac2c49,561e94bfda770ec41fc4cbed43436a7e2130eef5dfb7e5d666fcefc0724ff94c,f8b71d0889ec8f76f033583be3b94f3041da888c0b910e92c8f686e24a093213,41c38912b1d49335e3e4ac85a39d86d6ee1d5e0064adbd924a9862d8ae0b88d8,1bebc207108e6850a97784ca01f26c33ff64413b2c555ab4b3b6c48eae15fe3d,102ddbac4b46c25c98143e23695cdd4abf7f7edc5519fb89f38d96a12d716370,89fce940e5c480945b7dea2384e278963afc11fa027d4e53ea699a8302a966ce,edef512e31cd4f4d0842ec47478afdf7ab6a1bd1bd43eb624f4fb0e9928d006b,931fc974873f65a13032b4c56a1f13e28d012a0fd7fe15a9a6d294831b77a08e,stage20_test_case009,stage20_test_case009,32,1.0,0.25,0,8026e91fd03e182ce01180c0609457a074c4c3b411aee1ea39deabe788a665bb,0ccc75ca29b3369b26158d8eaa99ab8f0849af487146a8427999b6a9c931f4d6,stage20_test_case009/seed_242/ADAPTER_CORRECT/decoded_geology.pt,stage20_test_case009,stage20_test_case009,87a1cd07d9fa0a1e02b22cd38eae818c01382c77c24bd9385957459b588f51f4,8026e91fd03e182ce01180c0609457a074c4c3b411aee1ea39deabe788a665bb,0,stage20_test_case009/seed_242/ADAPTER_CORRECT/decoded_geology.pt
stage20_test_case009,stage20_test_case009,242,ADAPTER_WRONG_CASE,e6f10761b6eee07b0a77a58fc4f2170c9a107a156a7d8db89b83ebc4b1ac2c49,561e94bfda770ec41fc4cbed43436a7e2130eef5dfb7e5d666fcefc0724ff94c,f8b71d0889ec8f76f033583be3b94f3041da888c0b910e92c8f686e24a093213,41c38912b1d49335e3e4ac85a39d86d6ee1d5e0064adbd924a9862d8ae0b88d8,1bebc207108e6850a97784ca01f26c33ff64413b2c555ab4b3b6c48eae15fe3d,102ddbac4b46c25c98143e23695cdd4abf7f7edc5519fb89f38d96a12d716370,89fce940e5c480945b7dea2384e278963afc11fa027d4e53ea699a8302a966ce,edef512e31cd4f4d0842ec47478afdf7ab6a1bd1bd43eb624f4fb0e9928d006b,d9a00ed35218e5f31e355d711961cbdf34b4204cb6b6893b6a0f1cfab197e80d,stage20_test_case010,stage20_test_case009,32,1.0,0.25,0,1858fd1de19bf911585418855755c4c5a04eeceec7eb3bb4db55c0a3f0afe44f,0e13d03377bbdb603b3ca1b7465c285a8108ac414df179b15db05ad6d4287212,stage20_test_case009/seed_242/ADAPTER_WRONG_CASE/decoded_geology.pt,stage20_test_case010,stage20_test_case009,b26342c0dc1ad90d9a11bbad8971e7976ecbd7863d4bac52218a5f31cf0207d6,1858fd1de19bf911585418855755c4c5a04eeceec7eb3bb4db55c0a3f0afe44f,0,stage20_test_case009/seed_242/ADAPTER_WRONG_CASE/decoded_geology.pt
stage20_test_case010,stage20_test_case010,42,FLOW_ONLY,5b3e3cc13e70f1477679559ea82781e02fc58130469ff39d5c71b5db647f9eea,561e94bfda770ec41fc4cbed43436a7e2130eef5dfb7e5d666fcefc0724ff94c,f8b71d0889ec8f76f033583be3b94f3041da888c0b910e92c8f686e24a093213,41c38912b1d49335e3e4ac85a39d86d6ee1d5e0064adbd924a9862d8ae0b88d8,1bebc207108e6850a97784ca01f26c33ff64413b2c555ab4b3b6c48eae15fe3d,bd540e2df5b3cf8c9a269a61a610922437e18c81643ef50e7c61e205b186e816,c55890b08b2f6211fbabd0d9d4ae32c7b88d4e26afc8f58a175b8859b97af0b9,9726f40b298b9f6a41a3789a8a9de1e05f044d1a943f910037d2b0e6f5f02b09,d9a00ed35218e5f31e355d711961cbdf34b4204cb6b6893b6a0f1cfab197e80d,stage20_test_case010,stage20_test_case010,32,0.0,0.25,0,1ebd1704f2a9b058d7b7f8499fcd59123fdf1acd43400c3d4dacf6a6ea56a453,56a906dec9eb47718e01f0a830c5fa02e0ea0ed4c2107ac8e6b541c1f3ca849e,stage20_test_case010/seed_42/FLOW_ONLY/decoded_geology.pt,stage20_test_case010,stage20_test_case010,0e96c94dae962643f212f8b770f9bfb106bff6c83cff10eb25f49afbbd6552d1,1ebd1704f2a9b058d7b7f8499fcd59123fdf1acd43400c3d4dacf6a6ea56a453,0,stage20_test_case010/seed_42/FLOW_ONLY/decoded_geology.pt
stage20_test_case010,stage20_test_case010,42,ADAPTER_PRIOR_ONLY,5b3e3cc13e70f1477679559ea82781e02fc58130469ff39d5c71b5db647f9eea,561e94bfda770ec41fc4cbed43436a7e2130eef5dfb7e5d666fcefc0724ff94c,f8b71d0889ec8f76f033583be3b94f3041da888c0b910e92c8f686e24a093213,41c38912b1d49335e3e4ac85a39d86d6ee1d5e0064adbd924a9862d8ae0b88d8,1bebc207108e6850a97784ca01f26c33ff64413b2c555ab4b3b6c48eae15fe3d,bd540e2df5b3cf8c9a269a61a610922437e18c81643ef50e7c61e205b186e816,c55890b08b2f6211fbabd0d9d4ae32c7b88d4e26afc8f58a175b8859b97af0b9,9726f40b298b9f6a41a3789a8a9de1e05f044d1a943f910037d2b0e6f5f02b09,c78581576e16d7178839df15fac33a044d646ba3518b224b503b6b8e1e598696,stage20_test_case010,stage20_test_case010,32,1.0,0.25,0,f7fd8b9434b1dfc272b8cb95b20619df3932af2445f195b409ef586b04828e78,30f06914e98d7325ae732eb3a38307cfdbf9399616c2d01832d4824a6454b55e,stage20_test_case010/seed_42/ADAPTER_PRIOR_ONLY/decoded_geology.pt,stage20_test_case010,stage20_test_case010,83493010a55dfd847f5a2e79dfc2b2c75192f607be65507dac2493a1d089948a,f7fd8b9434b1dfc272b8cb95b20619df3932af2445f195b409ef586b04828e78,0,stage20_test_case010/seed_42/ADAPTER_PRIOR_ONLY/decoded_geology.pt
stage20_test_case010,stage20_test_case010,42,ADAPTER_CORRECT,5b3e3cc13e70f1477679559ea82781e02fc58130469ff39d5c71b5db647f9eea,561e94bfda770ec41fc4cbed43436a7e2130eef5dfb7e5d666fcefc0724ff94c,f8b71d0889ec8f76f033583be3b94f3041da888c0b910e92c8f686e24a093213,41c38912b1d49335e3e4ac85a39d86d6ee1d5e0064adbd924a9862d8ae0b88d8,1bebc207108e6850a97784ca01f26c33ff64413b2c555ab4b3b6c48eae15fe3d,bd540e2df5b3cf8c9a269a61a610922437e18c81643ef50e7c61e205b186e816,c55890b08b2f6211fbabd0d9d4ae32c7b88d4e26afc8f58a175b8859b97af0b9,9726f40b298b9f6a41a3789a8a9de1e05f044d1a943f910037d2b0e6f5f02b09,d9a00ed35218e5f31e355d711961cbdf34b4204cb6b6893b6a0f1cfab197e80d,stage20_test_case010,stage20_test_case010,32,1.0,0.25,0,5f080457f44c0d9224985fdbada6ae5019c3824284f556829cb779414a0224c2,052920799e5926fd281896da160b02e8700e56192efcd804a1ebe1013114cf24,stage20_test_case010/seed_42/ADAPTER_CORRECT/decoded_geology.pt,stage20_test_case010,stage20_test_case010,0e96c94dae962643f212f8b770f9bfb106bff6c83cff10eb25f49afbbd6552d1,5f080457f44c0d9224985fdbada6ae5019c3824284f556829cb779414a0224c2,0,stage20_test_case010/seed_42/ADAPTER_CORRECT/decoded_geology.pt
stage20_test_case010,stage20_test_case010,42,ADAPTER_WRONG_CASE,5b3e3cc13e70f1477679559ea82781e02fc58130469ff39d5c71b5db647f9eea,561e94bfda770ec41fc4cbed43436a7e2130eef5dfb7e5d666fcefc0724ff94c,f8b71d0889ec8f76f033583be3b94f3041da888c0b910e92c8f686e24a093213,41c38912b1d49335e3e4ac85a39d86d6ee1d5e0064adbd924a9862d8ae0b88d8,1bebc207108e6850a97784ca01f26c33ff64413b2c555ab4b3b6c48eae15fe3d,bd540e2df5b3cf8c9a269a61a610922437e18c81643ef50e7c61e205b186e816,c55890b08b2f6211fbabd0d9d4ae32c7b88d4e26afc8f58a175b8859b97af0b9,9726f40b298b9f6a41a3789a8a9de1e05f044d1a943f910037d2b0e6f5f02b09,ffe09a7d2addef19e774811195933485ff9aa5512f72e08a9c1a0343038a1a63,stage20_test_case011,stage20_test_case010,32,1.0,0.25,0,052e4c366b49a05af8ac96cc07e2c1e539be4a23b557933115e6ad4f30a04f37,3680fe687a13214bee14ddfe7b877062b0705a400b8abe2bf758f278da328a64,stage20_test_case010/seed_42/ADAPTER_WRONG_CASE/decoded_geology.pt,stage20_test_case011,stage20_test_case010,30d1961b982f1935f52dd0a8fa2a6ee4f2b684b2d17841818c0fa7223fa6b7f8,052e4c366b49a05af8ac96cc07e2c1e539be4a23b557933115e6ad4f30a04f37,0,stage20_test_case010/seed_42/ADAPTER_WRONG_CASE/decoded_geology.pt
stage20_test_case010,stage20_test_case010,142,FLOW_ONLY,9e3fe8095b7f2705dfa4353f4606f4b4cb9d6a00c3ed5cbb0d450674e650e9cb,561e94bfda770ec41fc4cbed43436a7e2130eef5dfb7e5d666fcefc0724ff94c,f8b71d0889ec8f76f033583be3b94f3041da888c0b910e92c8f686e24a093213,41c38912b1d49335e3e4ac85a39d86d6ee1d5e0064adbd924a9862d8ae0b88d8,1bebc207108e6850a97784ca01f26c33ff64413b2c555ab4b3b6c48eae15fe3d,bd540e2df5b3cf8c9a269a61a610922437e18c81643ef50e7c61e205b186e816,c55890b08b2f6211fbabd0d9d4ae32c7b88d4e26afc8f58a175b8859b97af0b9,9726f40b298b9f6a41a3789a8a9de1e05f044d1a943f910037d2b0e6f5f02b09,d9a00ed35218e5f31e355d711961cbdf34b4204cb6b6893b6a0f1cfab197e80d,stage20_test_case010,stage20_test_case010,32,0.0,0.25,0,d9d7fa570d07affad07f5e28fc9985d5a941d29d81a2632d6c862719646c2fa9,1b73d6bf907f18547c9cdd271347363ca490f99b65907249148755385488c5bd,stage20_test_case010/seed_142/FLOW_ONLY/decoded_geology.pt,stage20_test_case010,stage20_test_case010,0e96c94dae962643f212f8b770f9bfb106bff6c83cff10eb25f49afbbd6552d1,d9d7fa570d07affad07f5e28fc9985d5a941d29d81a2632d6c862719646c2fa9,0,stage20_test_case010/seed_142/FLOW_ONLY/decoded_geology.pt
stage20_test_case010,stage20_test_case010,142,ADAPTER_PRIOR_ONLY,9e3fe8095b7f2705dfa4353f4606f4b4cb9d6a00c3ed5cbb0d450674e650e9cb,561e94bfda770ec41fc4cbed43436a7e2130eef5dfb7e5d666fcefc0724ff94c,f8b71d0889ec8f76f033583be3b94f3041da888c0b910e92c8f686e24a093213,41c38912b1d49335e3e4ac85a39d86d6ee1d5e0064adbd924a9862d8ae0b88d8,1bebc207108e6850a97784ca01f26c33ff64413b2c555ab4b3b6c48eae15fe3d,bd540e2df5b3cf8c9a269a61a610922437e18c81643ef50e7c61e205b186e816,c55890b08b2f6211fbabd0d9d4ae32c7b88d4e26afc8f58a175b8859b97af0b9,9726f40b298b9f6a41a3789a8a9de1e05f044d1a943f910037d2b0e6f5f02b09,c78581576e16d7178839df15fac33a044d646ba3518b224b503b6b8e1e598696,stage20_test_case010,stage20_test_case010,32,1.0,0.25,0,b2b0a28d9292fe794e6c0789d41c1503f1d163e514af26d8f65cfa08728fb847,99a7b472e8ab010281b105714d23076678060e37a6080c859d0577ed7f581a45,stage20_test_case010/seed_142/ADAPTER_PRIOR_ONLY/decoded_geology.pt,stage20_test_case010,stage20_test_case010,83493010a55dfd847f5a2e79dfc2b2c75192f607be65507dac2493a1d089948a,b2b0a28d9292fe794e6c0789d41c1503f1d163e514af26d8f65cfa08728fb847,0,stage20_test_case010/seed_142/ADAPTER_PRIOR_ONLY/decoded_geology.pt
stage20_test_case010,stage20_test_case010,142,ADAPTER_CORRECT,9e3fe8095b7f2705dfa4353f4606f4b4cb9d6a00c3ed5cbb0d450674e650e9cb,561e94bfda770ec41fc4cbed43436a7e2130eef5dfb7e5d666fcefc0724ff94c,f8b71d0889ec8f76f033583be3b94f3041da888c0b910e92c8f686e24a093213,41c38912b1d49335e3e4ac85a39d86d6ee1d5e0064adbd924a9862d8ae0b88d8,1bebc207108e6850a97784ca01f26c33ff64413b2c555ab4b3b6c48eae15fe3d,bd540e2df5b3cf8c9a269a61a610922437e18c81643ef50e7c61e205b186e816,c55890b08b2f6211fbabd0d9d4ae32c7b88d4e26afc8f58a175b8859b97af0b9,9726f40b298b9f6a41a3789a8a9de1e05f044d1a943f910037d2b0e6f5f02b09,d9a00ed35218e5f31e355d711961cbdf34b4204cb6b6893b6a0f1cfab197e80d,stage20_test_case010,stage20_test_case010,32,1.0,0.25,0,56a70aa14271eb48d02db6a22333aeac22d9d10075c346ba51d846ec0570f172,edfb9cc4d46f44a00385d53b4c7a9462fc0a3b4545d2c63fa5236dc75423ea7e,stage20_test_case010/seed_142/ADAPTER_CORRECT/decoded_geology.pt,stage20_test_case010,stage20_test_case010,0e96c94dae962643f212f8b770f9bfb106bff6c83cff10eb25f49afbbd6552d1,56a70aa14271eb48d02db6a22333aeac22d9d10075c346ba51d846ec0570f172,0,stage20_test_case010/seed_142/ADAPTER_CORRECT/decoded_geology.pt
stage20_test_case010,stage20_test_case010,142,ADAPTER_WRONG_CASE,9e3fe8095b7f2705dfa4353f4606f4b4cb9d6a00c3ed5cbb0d450674e650e9cb,561e94bfda770ec41fc4cbed43436a7e2130eef5dfb7e5d666fcefc0724ff94c,f8b71d0889ec8f76f033583be3b94f3041da888c0b910e92c8f686e24a093213,41c38912b1d49335e3e4ac85a39d86d6ee1d5e0064adbd924a9862d8ae0b88d8,1bebc207108e6850a97784ca01f26c33ff64413b2c555ab4b3b6c48eae15fe3d,bd540e2df5b3cf8c9a269a61a610922437e18c81643ef50e7c61e205b186e816,c55890b08b2f6211fbabd0d9d4ae32c7b88d4e26afc8f58a175b8859b97af0b9,9726f40b298b9f6a41a3789a8a9de1e05f044d1a943f910037d2b0e6f5f02b09,ffe09a7d2addef19e774811195933485ff9aa5512f72e08a9c1a0343038a1a63,stage20_test_case011,stage20_test_case010,32,1.0,0.25,0,39263a791ac0c319a127ccbb5a8e4e9f148d2508798bc1a2bd6c2c42342b6331,5d56df3b40967fd6b3bdd82127464efe201546fc969f8207d8640035aac396a3,stage20_test_case010/seed_142/ADAPTER_WRONG_CASE/decoded_geology.pt,stage20_test_case011,stage20_test_case010,30d1961b982f1935f52dd0a8fa2a6ee4f2b684b2d17841818c0fa7223fa6b7f8,39263a791ac0c319a127ccbb5a8e4e9f148d2508798bc1a2bd6c2c42342b6331,0,stage20_test_case010/seed_142/ADAPTER_WRONG_CASE/decoded_geology.pt
stage20_test_case010,stage20_test_case010,242,FLOW_ONLY,e6f10761b6eee07b0a77a58fc4f2170c9a107a156a7d8db89b83ebc4b1ac2c49,561e94bfda770ec41fc4cbed43436a7e2130eef5dfb7e5d666fcefc0724ff94c,f8b71d0889ec8f76f033583be3b94f3041da888c0b910e92c8f686e24a093213,41c38912b1d49335e3e4ac85a39d86d6ee1d5e0064adbd924a9862d8ae0b88d8,1bebc207108e6850a97784ca01f26c33ff64413b2c555ab4b3b6c48eae15fe3d,bd540e2df5b3cf8c9a269a61a610922437e18c81643ef50e7c61e205b186e816,c55890b08b2f6211fbabd0d9d4ae32c7b88d4e26afc8f58a175b8859b97af0b9,9726f40b298b9f6a41a3789a8a9de1e05f044d1a943f910037d2b0e6f5f02b09,d9a00ed35218e5f31e355d711961cbdf34b4204cb6b6893b6a0f1cfab197e80d,stage20_test_case010,stage20_test_case010,32,0.0,0.25,0,f41ecd4e1ca1c419b112ca882afb4d2547fc69be13e088ae73413e414e9f9df5,31d954cda979534662070523e1a7a364040aec757002a8ceaf47a4e44d1c7f2d,stage20_test_case010/seed_242/FLOW_ONLY/decoded_geology.pt,stage20_test_case010,stage20_test_case010,0e96c94dae962643f212f8b770f9bfb106bff6c83cff10eb25f49afbbd6552d1,f41ecd4e1ca1c419b112ca882afb4d2547fc69be13e088ae73413e414e9f9df5,0,stage20_test_case010/seed_242/FLOW_ONLY/decoded_geology.pt
stage20_test_case010,stage20_test_case010,242,ADAPTER_PRIOR_ONLY,e6f10761b6eee07b0a77a58fc4f2170c9a107a156a7d8db89b83ebc4b1ac2c49,561e94bfda770ec41fc4cbed43436a7e2130eef5dfb7e5d666fcefc0724ff94c,f8b71d0889ec8f76f033583be3b94f3041da888c0b910e92c8f686e24a093213,41c38912b1d49335e3e4ac85a39d86d6ee1d5e0064adbd924a9862d8ae0b88d8,1bebc207108e6850a97784ca01f26c33ff64413b2c555ab4b3b6c48eae15fe3d,bd540e2df5b3cf8c9a269a61a610922437e18c81643ef50e7c61e205b186e816,c55890b08b2f6211fbabd0d9d4ae32c7b88d4e26afc8f58a175b8859b97af0b9,9726f40b298b9f6a41a3789a8a9de1e05f044d1a943f910037d2b0e6f5f02b09,c78581576e16d7178839df15fac33a044d646ba3518b224b503b6b8e1e598696,stage20_test_case010,stage20_test_case010,32,1.0,0.25,0,3d0687172c2bbde3e4f12ced6a89a325fa13867bdb6ea37353fa157611d2cdb8,73479eaeec0a4e371b7892d4e56574c087569084bc1cc7449963a542afa0069e,stage20_test_case010/seed_242/ADAPTER_PRIOR_ONLY/decoded_geology.pt,stage20_test_case010,stage20_test_case010,83493010a55dfd847f5a2e79dfc2b2c75192f607be65507dac2493a1d089948a,3d0687172c2bbde3e4f12ced6a89a325fa13867bdb6ea37353fa157611d2cdb8,0,stage20_test_case010/seed_242/ADAPTER_PRIOR_ONLY/decoded_geology.pt
stage20_test_case010,stage20_test_case010,242,ADAPTER_CORRECT,e6f10761b6eee07b0a77a58fc4f2170c9a107a156a7d8db89b83ebc4b1ac2c49,561e94bfda770ec41fc4cbed43436a7e2130eef5dfb7e5d666fcefc0724ff94c,f8b71d0889ec8f76f033583be3b94f3041da888c0b910e92c8f686e24a093213,41c38912b1d49335e3e4ac85a39d86d6ee1d5e0064adbd924a9862d8ae0b88d8,1bebc207108e6850a97784ca01f26c33ff64413b2c555ab4b3b6c48eae15fe3d,bd540e2df5b3cf8c9a269a61a610922437e18c81643ef50e7c61e205b186e816,c55890b08b2f6211fbabd0d9d4ae32c7b88d4e26afc8f58a175b8859b97af0b9,9726f40b298b9f6a41a3789a8a9de1e05f044d1a943f910037d2b0e6f5f02b09,d9a00ed35218e5f31e355d711961cbdf34b4204cb6b6893b6a0f1cfab197e80d,stage20_test_case010,stage20_test_case010,32,1.0,0.25,0,a0a80b6b64b9027afa2e4475e295f122901ee9e368fb3f62dc704c53214b8d07,32a080e0dfed0bf89b74178396f6b0f5446177b29df02d8d94592204f382fcb8,stage20_test_case010/seed_242/ADAPTER_CORRECT/decoded_geology.pt,stage20_test_case010,stage20_test_case010,0e96c94dae962643f212f8b770f9bfb106bff6c83cff10eb25f49afbbd6552d1,a0a80b6b64b9027afa2e4475e295f122901ee9e368fb3f62dc704c53214b8d07,0,stage20_test_case010/seed_242/ADAPTER_CORRECT/decoded_geology.pt
stage20_test_case010,stage20_test_case010,242,ADAPTER_WRONG_CASE,e6f10761b6eee07b0a77a58fc4f2170c9a107a156a7d8db89b83ebc4b1ac2c49,561e94bfda770ec41fc4cbed43436a7e2130eef5dfb7e5d666fcefc0724ff94c,f8b71d0889ec8f76f033583be3b94f3041da888c0b910e92c8f686e24a093213,41c38912b1d49335e3e4ac85a39d86d6ee1d5e0064adbd924a9862d8ae0b88d8,1bebc207108e6850a97784ca01f26c33ff64413b2c555ab4b3b6c48eae15fe3d,bd540e2df5b3cf8c9a269a61a610922437e18c81643ef50e7c61e205b186e816,c55890b08b2f6211fbabd0d9d4ae32c7b88d4e26afc8f58a175b8859b97af0b9,9726f40b298b9f6a41a3789a8a9de1e05f044d1a943f910037d2b0e6f5f02b09,ffe09a7d2addef19e774811195933485ff9aa5512f72e08a9c1a0343038a1a63,stage20_test_case011,stage20_test_case010,32,1.0,0.25,0,f4aa11e6b6160e1ecb51e0002b9b1715592199d49d4af59714a2977cda89426f,9963e61419a1e99ac8d4d30c1441cad794ff687bcdc5df56560d261756c62bf6,stage20_test_case010/seed_242/ADAPTER_WRONG_CASE/decoded_geology.pt,stage20_test_case011,stage20_test_case010,30d1961b982f1935f52dd0a8fa2a6ee4f2b684b2d17841818c0fa7223fa6b7f8,f4aa11e6b6160e1ecb51e0002b9b1715592199d49d4af59714a2977cda89426f,0,stage20_test_case010/seed_242/ADAPTER_WRONG_CASE/decoded_geology.pt
stage20_test_case011,stage20_test_case011,42,FLOW_ONLY,5b3e3cc13e70f1477679559ea82781e02fc58130469ff39d5c71b5db647f9eea,561e94bfda770ec41fc4cbed43436a7e2130eef5dfb7e5d666fcefc0724ff94c,f8b71d0889ec8f76f033583be3b94f3041da888c0b910e92c8f686e24a093213,41c38912b1d49335e3e4ac85a39d86d6ee1d5e0064adbd924a9862d8ae0b88d8,1bebc207108e6850a97784ca01f26c33ff64413b2c555ab4b3b6c48eae15fe3d,99e6ddc8d3b62b75392a214bab15e916ffc0a0e85aea17ab05fe2d2f399a1e00,f511f9e42ccf86872a92c8555c9db92f1be2a9f486848854480945c52ba45c98,1e405aafd06295e08d09ad2fd6dc032087fe5425dc1f333e96fc35c75c7c1019,ffe09a7d2addef19e774811195933485ff9aa5512f72e08a9c1a0343038a1a63,stage20_test_case011,stage20_test_case011,32,0.0,0.25,0,bcb6c7b25fede87d5428ce72eec552fe313223847bfd483bfdd7aa8e8471e8aa,583ca6fc59cfcda1a6d83353a449c9f192a2a3f6af3d563e377654889d7aa869,stage20_test_case011/seed_42/FLOW_ONLY/decoded_geology.pt,stage20_test_case011,stage20_test_case011,a4d57cd37c139aeea4ba5d1d9f8e0928e02be43080bc15ee0e417f9e7cdf7ffe,bcb6c7b25fede87d5428ce72eec552fe313223847bfd483bfdd7aa8e8471e8aa,0,stage20_test_case011/seed_42/FLOW_ONLY/decoded_geology.pt
stage20_test_case011,stage20_test_case011,42,ADAPTER_PRIOR_ONLY,5b3e3cc13e70f1477679559ea82781e02fc58130469ff39d5c71b5db647f9eea,561e94bfda770ec41fc4cbed43436a7e2130eef5dfb7e5d666fcefc0724ff94c,f8b71d0889ec8f76f033583be3b94f3041da888c0b910e92c8f686e24a093213,41c38912b1d49335e3e4ac85a39d86d6ee1d5e0064adbd924a9862d8ae0b88d8,1bebc207108e6850a97784ca01f26c33ff64413b2c555ab4b3b6c48eae15fe3d,99e6ddc8d3b62b75392a214bab15e916ffc0a0e85aea17ab05fe2d2f399a1e00,f511f9e42ccf86872a92c8555c9db92f1be2a9f486848854480945c52ba45c98,1e405aafd06295e08d09ad2fd6dc032087fe5425dc1f333e96fc35c75c7c1019,cd0cee934fad8add4148b0cf356d617ec342ee4e919fe811b5122140e8e8038b,stage20_test_case011,stage20_test_case011,32,1.0,0.25,0,7dae8a74acd5a55f818d0c9cf98b80fcc6b5361b33e9dec11d3aae2da4643a4e,e30568c9f01fc47c337723e13edf02a1154215026185a89c3ad2f507f78a396f,stage20_test_case011/seed_42/ADAPTER_PRIOR_ONLY/decoded_geology.pt,stage20_test_case011,stage20_test_case011,f6a089b133a13275e2626e76fa497e4126d25fb6e887bed3c7317d48a6a7c79f,7dae8a74acd5a55f818d0c9cf98b80fcc6b5361b33e9dec11d3aae2da4643a4e,0,stage20_test_case011/seed_42/ADAPTER_PRIOR_ONLY/decoded_geology.pt
stage20_test_case011,stage20_test_case011,42,ADAPTER_CORRECT,5b3e3cc13e70f1477679559ea82781e02fc58130469ff39d5c71b5db647f9eea,561e94bfda770ec41fc4cbed43436a7e2130eef5dfb7e5d666fcefc0724ff94c,f8b71d0889ec8f76f033583be3b94f3041da888c0b910e92c8f686e24a093213,41c38912b1d49335e3e4ac85a39d86d6ee1d5e0064adbd924a9862d8ae0b88d8,1bebc207108e6850a97784ca01f26c33ff64413b2c555ab4b3b6c48eae15fe3d,99e6ddc8d3b62b75392a214bab15e916ffc0a0e85aea17ab05fe2d2f399a1e00,f511f9e42ccf86872a92c8555c9db92f1be2a9f486848854480945c52ba45c98,1e405aafd06295e08d09ad2fd6dc032087fe5425dc1f333e96fc35c75c7c1019,ffe09a7d2addef19e774811195933485ff9aa5512f72e08a9c1a0343038a1a63,stage20_test_case011,stage20_test_case011,32,1.0,0.25,0,c14f6f2f3161bd0c103cd3590024db7ceedc4bbec15f869e21df899db44a2b08,25609759089f6dd5a3da59dbb11229e45bfc4037a850816f796623122d38e697,stage20_test_case011/seed_42/ADAPTER_CORRECT/decoded_geology.pt,stage20_test_case011,stage20_test_case011,a4d57cd37c139aeea4ba5d1d9f8e0928e02be43080bc15ee0e417f9e7cdf7ffe,c14f6f2f3161bd0c103cd3590024db7ceedc4bbec15f869e21df899db44a2b08,0,stage20_test_case011/seed_42/ADAPTER_CORRECT/decoded_geology.pt
stage20_test_case011,stage20_test_case011,42,ADAPTER_WRONG_CASE,5b3e3cc13e70f1477679559ea82781e02fc58130469ff39d5c71b5db647f9eea,561e94bfda770ec41fc4cbed43436a7e2130eef5dfb7e5d666fcefc0724ff94c,f8b71d0889ec8f76f033583be3b94f3041da888c0b910e92c8f686e24a093213,41c38912b1d49335e3e4ac85a39d86d6ee1d5e0064adbd924a9862d8ae0b88d8,1bebc207108e6850a97784ca01f26c33ff64413b2c555ab4b3b6c48eae15fe3d,99e6ddc8d3b62b75392a214bab15e916ffc0a0e85aea17ab05fe2d2f399a1e00,f511f9e42ccf86872a92c8555c9db92f1be2a9f486848854480945c52ba45c98,1e405aafd06295e08d09ad2fd6dc032087fe5425dc1f333e96fc35c75c7c1019,4bf1d2aa5e6d00d11540032248863453bbaafa43b646708d1b23911543cd73fc,stage20_test_case012,stage20_test_case011,32,1.0,0.25,0,d7cfb9a46616a420228bc9026af351d410f2c5f19eb58e6d35ff7b3e865e9d6c,64a0d3916b8780e4c75c4a6eadef4494d181dcf3f19de933f572744f0f87751b,stage20_test_case011/seed_42/ADAPTER_WRONG_CASE/decoded_geology.pt,stage20_test_case012,stage20_test_case011,23afca8796cf993566fb125816d6b79c0581978b74aee9cfe3a07415c9304398,d7cfb9a46616a420228bc9026af351d410f2c5f19eb58e6d35ff7b3e865e9d6c,0,stage20_test_case011/seed_42/ADAPTER_WRONG_CASE/decoded_geology.pt
stage20_test_case011,stage20_test_case011,142,FLOW_ONLY,9e3fe8095b7f2705dfa4353f4606f4b4cb9d6a00c3ed5cbb0d450674e650e9cb,561e94bfda770ec41fc4cbed43436a7e2130eef5dfb7e5d666fcefc0724ff94c,f8b71d0889ec8f76f033583be3b94f3041da888c0b910e92c8f686e24a093213,41c38912b1d49335e3e4ac85a39d86d6ee1d5e0064adbd924a9862d8ae0b88d8,1bebc207108e6850a97784ca01f26c33ff64413b2c555ab4b3b6c48eae15fe3d,99e6ddc8d3b62b75392a214bab15e916ffc0a0e85aea17ab05fe2d2f399a1e00,f511f9e42ccf86872a92c8555c9db92f1be2a9f486848854480945c52ba45c98,1e405aafd06295e08d09ad2fd6dc032087fe5425dc1f333e96fc35c75c7c1019,ffe09a7d2addef19e774811195933485ff9aa5512f72e08a9c1a0343038a1a63,stage20_test_case011,stage20_test_case011,32,0.0,0.25,0,c52b22e7f06663c4ea5fb49a6b789d811b7121c379ceb89f0c851075e3ef05ea,8de9acd7d97b646fbcaa2ea05583f92f434de01bd206903c7de72bb12c35addd,stage20_test_case011/seed_142/FLOW_ONLY/decoded_geology.pt,stage20_test_case011,stage20_test_case011,a4d57cd37c139aeea4ba5d1d9f8e0928e02be43080bc15ee0e417f9e7cdf7ffe,c52b22e7f06663c4ea5fb49a6b789d811b7121c379ceb89f0c851075e3ef05ea,0,stage20_test_case011/seed_142/FLOW_ONLY/decoded_geology.pt
stage20_test_case011,stage20_test_case011,142,ADAPTER_PRIOR_ONLY,9e3fe8095b7f2705dfa4353f4606f4b4cb9d6a00c3ed5cbb0d450674e650e9cb,561e94bfda770ec41fc4cbed43436a7e2130eef5dfb7e5d666fcefc0724ff94c,f8b71d0889ec8f76f033583be3b94f3041da888c0b910e92c8f686e24a093213,41c38912b1d49335e3e4ac85a39d86d6ee1d5e0064adbd924a9862d8ae0b88d8,1bebc207108e6850a97784ca01f26c33ff64413b2c555ab4b3b6c48eae15fe3d,99e6ddc8d3b62b75392a214bab15e916ffc0a0e85aea17ab05fe2d2f399a1e00,f511f9e42ccf86872a92c8555c9db92f1be2a9f486848854480945c52ba45c98,1e405aafd06295e08d09ad2fd6dc032087fe5425dc1f333e96fc35c75c7c1019,cd0cee934fad8add4148b0cf356d617ec342ee4e919fe811b5122140e8e8038b,stage20_test_case011,stage20_test_case011,32,1.0,0.25,0,ccc0f8e6a9de79ad11c610028de3fab14a2412008dbdd123b1b1f5508260f2f6,b2e7e4cac8d62bad414bbb39f467d323f05a8629b0d88f26a7d00b2373e48d7b,stage20_test_case011/seed_142/ADAPTER_PRIOR_ONLY/decoded_geology.pt,stage20_test_case011,stage20_test_case011,f6a089b133a13275e2626e76fa497e4126d25fb6e887bed3c7317d48a6a7c79f,ccc0f8e6a9de79ad11c610028de3fab14a2412008dbdd123b1b1f5508260f2f6,0,stage20_test_case011/seed_142/ADAPTER_PRIOR_ONLY/decoded_geology.pt
stage20_test_case011,stage20_test_case011,142,ADAPTER_CORRECT,9e3fe8095b7f2705dfa4353f4606f4b4cb9d6a00c3ed5cbb0d450674e650e9cb,561e94bfda770ec41fc4cbed43436a7e2130eef5dfb7e5d666fcefc0724ff94c,f8b71d0889ec8f76f033583be3b94f3041da888c0b910e92c8f686e24a093213,41c38912b1d49335e3e4ac85a39d86d6ee1d5e0064adbd924a9862d8ae0b88d8,1bebc207108e6850a97784ca01f26c33ff64413b2c555ab4b3b6c48eae15fe3d,99e6ddc8d3b62b75392a214bab15e916ffc0a0e85aea17ab05fe2d2f399a1e00,f511f9e42ccf86872a92c8555c9db92f1be2a9f486848854480945c52ba45c98,1e405aafd06295e08d09ad2fd6dc032087fe5425dc1f333e96fc35c75c7c1019,ffe09a7d2addef19e774811195933485ff9aa5512f72e08a9c1a0343038a1a63,stage20_test_case011,stage20_test_case011,32,1.0,0.25,0,602ac19ba567bc13d292c72e5c579d74b444400110147e95a58da4b4a66a7c02,99e3e3a6e960c982b3c0319ff8589f2d62e3a40be34bfa898f2cf97692c57359,stage20_test_case011/seed_142/ADAPTER_CORRECT/decoded_geology.pt,stage20_test_case011,stage20_test_case011,a4d57cd37c139aeea4ba5d1d9f8e0928e02be43080bc15ee0e417f9e7cdf7ffe,602ac19ba567bc13d292c72e5c579d74b444400110147e95a58da4b4a66a7c02,0,stage20_test_case011/seed_142/ADAPTER_CORRECT/decoded_geology.pt
stage20_test_case011,stage20_test_case011,142,ADAPTER_WRONG_CASE,9e3fe8095b7f2705dfa4353f4606f4b4cb9d6a00c3ed5cbb0d450674e650e9cb,561e94bfda770ec41fc4cbed43436a7e2130eef5dfb7e5d666fcefc0724ff94c,f8b71d0889ec8f76f033583be3b94f3041da888c0b910e92c8f686e24a093213,41c38912b1d49335e3e4ac85a39d86d6ee1d5e0064adbd924a9862d8ae0b88d8,1bebc207108e6850a97784ca01f26c33ff64413b2c555ab4b3b6c48eae15fe3d,99e6ddc8d3b62b75392a214bab15e916ffc0a0e85aea17ab05fe2d2f399a1e00,f511f9e42ccf86872a92c8555c9db92f1be2a9f486848854480945c52ba45c98,1e405aafd06295e08d09ad2fd6dc032087fe5425dc1f333e96fc35c75c7c1019,4bf1d2aa5e6d00d11540032248863453bbaafa43b646708d1b23911543cd73fc,stage20_test_case012,stage20_test_case011,32,1.0,0.25,0,cb0d5289ec4b042670cfb695c199920030db8bf71d5489e454ecb75a4287ee39,d5272a52520acf6e37c7d1f899f5b4ae2ff1e8a247ab72989bd2634f70cb1c60,stage20_test_case011/seed_142/ADAPTER_WRONG_CASE/decoded_geology.pt,stage20_test_case012,stage20_test_case011,23afca8796cf993566fb125816d6b79c0581978b74aee9cfe3a07415c9304398,cb0d5289ec4b042670cfb695c199920030db8bf71d5489e454ecb75a4287ee39,0,stage20_test_case011/seed_142/ADAPTER_WRONG_CASE/decoded_geology.pt
stage20_test_case011,stage20_test_case011,242,FLOW_ONLY,e6f10761b6eee07b0a77a58fc4f2170c9a107a156a7d8db89b83ebc4b1ac2c49,561e94bfda770ec41fc4cbed43436a7e2130eef5dfb7e5d666fcefc0724ff94c,f8b71d0889ec8f76f033583be3b94f3041da888c0b910e92c8f686e24a093213,41c38912b1d49335e3e4ac85a39d86d6ee1d5e0064adbd924a9862d8ae0b88d8,1bebc207108e6850a97784ca01f26c33ff64413b2c555ab4b3b6c48eae15fe3d,99e6ddc8d3b62b75392a214bab15e916ffc0a0e85aea17ab05fe2d2f399a1e00,f511f9e42ccf86872a92c8555c9db92f1be2a9f486848854480945c52ba45c98,1e405aafd06295e08d09ad2fd6dc032087fe5425dc1f333e96fc35c75c7c1019,ffe09a7d2addef19e774811195933485ff9aa5512f72e08a9c1a0343038a1a63,stage20_test_case011,stage20_test_case011,32,0.0,0.25,0,e80b1da1be5a700a5df6cb9fd05dc206e4ab42c99f10b7470f8a1acbc850c6e1,305c59d2f3638f7cf0cbf071d270764b579b479de1cc33a652f0bd5c668171b6,stage20_test_case011/seed_242/FLOW_ONLY/decoded_geology.pt,stage20_test_case011,stage20_test_case011,a4d57cd37c139aeea4ba5d1d9f8e0928e02be43080bc15ee0e417f9e7cdf7ffe,e80b1da1be5a700a5df6cb9fd05dc206e4ab42c99f10b7470f8a1acbc850c6e1,0,stage20_test_case011/seed_242/FLOW_ONLY/decoded_geology.pt
stage20_test_case011,stage20_test_case011,242,ADAPTER_PRIOR_ONLY,e6f10761b6eee07b0a77a58fc4f2170c9a107a156a7d8db89b83ebc4b1ac2c49,561e94bfda770ec41fc4cbed43436a7e2130eef5dfb7e5d666fcefc0724ff94c,f8b71d0889ec8f76f033583be3b94f3041da888c0b910e92c8f686e24a093213,41c38912b1d49335e3e4ac85a39d86d6ee1d5e0064adbd924a9862d8ae0b88d8,1bebc207108e6850a97784ca01f26c33ff64413b2c555ab4b3b6c48eae15fe3d,99e6ddc8d3b62b75392a214bab15e916ffc0a0e85aea17ab05fe2d2f399a1e00,f511f9e42ccf86872a92c8555c9db92f1be2a9f486848854480945c52ba45c98,1e405aafd06295e08d09ad2fd6dc032087fe5425dc1f333e96fc35c75c7c1019,cd0cee934fad8add4148b0cf356d617ec342ee4e919fe811b5122140e8e8038b,stage20_test_case011,stage20_test_case011,32,1.0,0.25,0,af968a8cdd4d4f35627422ceabfe6b1c0df4d44dded640f03c4e4c9bbecf16e3,e7e51fda2cf1135c55bdfbde7f2ae9a70433cc7e48420c4cabec560fde3027b4,stage20_test_case011/seed_242/ADAPTER_PRIOR_ONLY/decoded_geology.pt,stage20_test_case011,stage20_test_case011,f6a089b133a13275e2626e76fa497e4126d25fb6e887bed3c7317d48a6a7c79f,af968a8cdd4d4f35627422ceabfe6b1c0df4d44dded640f03c4e4c9bbecf16e3,0,stage20_test_case011/seed_242/ADAPTER_PRIOR_ONLY/decoded_geology.pt
stage20_test_case011,stage20_test_case011,242,ADAPTER_CORRECT,e6f10761b6eee07b0a77a58fc4f2170c9a107a156a7d8db89b83ebc4b1ac2c49,561e94bfda770ec41fc4cbed43436a7e2130eef5dfb7e5d666fcefc0724ff94c,f8b71d0889ec8f76f033583be3b94f3041da888c0b910e92c8f686e24a093213,41c38912b1d49335e3e4ac85a39d86d6ee1d5e0064adbd924a9862d8ae0b88d8,1bebc207108e6850a97784ca01f26c33ff64413b2c555ab4b3b6c48eae15fe3d,99e6ddc8d3b62b75392a214bab15e916ffc0a0e85aea17ab05fe2d2f399a1e00,f511f9e42ccf86872a92c8555c9db92f1be2a9f486848854480945c52ba45c98,1e405aafd06295e08d09ad2fd6dc032087fe5425dc1f333e96fc35c75c7c1019,ffe09a7d2addef19e774811195933485ff9aa5512f72e08a9c1a0343038a1a63,stage20_test_case011,stage20_test_case011,32,1.0,0.25,0,e40a2317d084e57a440a70aa3e39829d821014d69dbdcfd3945c1f396e862dee,7bf80c6dcf1669e3fad420fdd8b87ee63c8f69b60926616b2af62325426abd7f,stage20_test_case011/seed_242/ADAPTER_CORRECT/decoded_geology.pt,stage20_test_case011,stage20_test_case011,a4d57cd37c139aeea4ba5d1d9f8e0928e02be43080bc15ee0e417f9e7cdf7ffe,e40a2317d084e57a440a70aa3e39829d821014d69dbdcfd3945c1f396e862dee,0,stage20_test_case011/seed_242/ADAPTER_CORRECT/decoded_geology.pt
stage20_test_case011,stage20_test_case011,242,ADAPTER_WRONG_CASE,e6f10761b6eee07b0a77a58fc4f2170c9a107a156a7d8db89b83ebc4b1ac2c49,561e94bfda770ec41fc4cbed43436a7e2130eef5dfb7e5d666fcefc0724ff94c,f8b71d0889ec8f76f033583be3b94f3041da888c0b910e92c8f686e24a093213,41c38912b1d49335e3e4ac85a39d86d6ee1d5e0064adbd924a9862d8ae0b88d8,1bebc207108e6850a97784ca01f26c33ff64413b2c555ab4b3b6c48eae15fe3d,99e6ddc8d3b62b75392a214bab15e916ffc0a0e85aea17ab05fe2d2f399a1e00,f511f9e42ccf86872a92c8555c9db92f1be2a9f486848854480945c52ba45c98,1e405aafd06295e08d09ad2fd6dc032087fe5425dc1f333e96fc35c75c7c1019,4bf1d2aa5e6d00d11540032248863453bbaafa43b646708d1b23911543cd73fc,stage20_test_case012,stage20_test_case011,32,1.0,0.25,0,2f3a5de3d02c6c0be7b8b1bbc4b7079dadce8c5236eb3362ab3f211ff3246292,8b396c505e605111455074e9b7c8beea34bd7d870509ac702fbceed15854f919,stage20_test_case011/seed_242/ADAPTER_WRONG_CASE/decoded_geology.pt,stage20_test_case012,stage20_test_case011,23afca8796cf993566fb125816d6b79c0581978b74aee9cfe3a07415c9304398,2f3a5de3d02c6c0be7b8b1bbc4b7079dadce8c5236eb3362ab3f211ff3246292,0,stage20_test_case011/seed_242/ADAPTER_WRONG_CASE/decoded_geology.pt
stage20_test_case012,stage20_test_case012,42,FLOW_ONLY,5b3e3cc13e70f1477679559ea82781e02fc58130469ff39d5c71b5db647f9eea,561e94bfda770ec41fc4cbed43436a7e2130eef5dfb7e5d666fcefc0724ff94c,f8b71d0889ec8f76f033583be3b94f3041da888c0b910e92c8f686e24a093213,41c38912b1d49335e3e4ac85a39d86d6ee1d5e0064adbd924a9862d8ae0b88d8,1bebc207108e6850a97784ca01f26c33ff64413b2c555ab4b3b6c48eae15fe3d,cfe0c07804068f65dfa09ff7f8e6d52ae54cb6d74eb4963cbf53556b6b10b237,a2b0d4c71471791b23c7893a1d59e5ec518fd816a1d1ef5ab1f125d2e75360c3,b163ed95e7f79ffc71a55b40f195b5e9a0b87fb2d9e2c5a439b7e2caba3384b7,4bf1d2aa5e6d00d11540032248863453bbaafa43b646708d1b23911543cd73fc,stage20_test_case012,stage20_test_case012,32,0.0,0.25,0,2c661a35bfa2655d2408f16de5141c60fd5b441df4e89d505d0d9654a0553a8f,7adb196538b8365cd3576ad1718eb910f5d8b3f483ca963e9d4e6d0c3f6f5020,stage20_test_case012/seed_42/FLOW_ONLY/decoded_geology.pt,stage20_test_case012,stage20_test_case012,595d88ad5b351025a94633a6a581daeae7c04d99fc012b08361d4a430a759fd7,2c661a35bfa2655d2408f16de5141c60fd5b441df4e89d505d0d9654a0553a8f,0,stage20_test_case012/seed_42/FLOW_ONLY/decoded_geology.pt
stage20_test_case012,stage20_test_case012,42,ADAPTER_PRIOR_ONLY,5b3e3cc13e70f1477679559ea82781e02fc58130469ff39d5c71b5db647f9eea,561e94bfda770ec41fc4cbed43436a7e2130eef5dfb7e5d666fcefc0724ff94c,f8b71d0889ec8f76f033583be3b94f3041da888c0b910e92c8f686e24a093213,41c38912b1d49335e3e4ac85a39d86d6ee1d5e0064adbd924a9862d8ae0b88d8,1bebc207108e6850a97784ca01f26c33ff64413b2c555ab4b3b6c48eae15fe3d,cfe0c07804068f65dfa09ff7f8e6d52ae54cb6d74eb4963cbf53556b6b10b237,a2b0d4c71471791b23c7893a1d59e5ec518fd816a1d1ef5ab1f125d2e75360c3,b163ed95e7f79ffc71a55b40f195b5e9a0b87fb2d9e2c5a439b7e2caba3384b7,797911626dce15effd6ea53057de54aa25e38909668dcd6c6c0779b7ed5538da,stage20_test_case012,stage20_test_case012,32,1.0,0.25,0,97518cd03a20df5c3bfcecaaffbb635695a4bab7b3845ac7632affd00f4da77c,cb098941c476fe9ac509fec5dfa4039514c80ba2ebf912e358f02cd813427456,stage20_test_case012/seed_42/ADAPTER_PRIOR_ONLY/decoded_geology.pt,stage20_test_case012,stage20_test_case012,d1896ab3587aa41db1e1dcc06751eec476c9c273e54085d4d4ea568a251b19b8,97518cd03a20df5c3bfcecaaffbb635695a4bab7b3845ac7632affd00f4da77c,0,stage20_test_case012/seed_42/ADAPTER_PRIOR_ONLY/decoded_geology.pt
stage20_test_case012,stage20_test_case012,42,ADAPTER_CORRECT,5b3e3cc13e70f1477679559ea82781e02fc58130469ff39d5c71b5db647f9eea,561e94bfda770ec41fc4cbed43436a7e2130eef5dfb7e5d666fcefc0724ff94c,f8b71d0889ec8f76f033583be3b94f3041da888c0b910e92c8f686e24a093213,41c38912b1d49335e3e4ac85a39d86d6ee1d5e0064adbd924a9862d8ae0b88d8,1bebc207108e6850a97784ca01f26c33ff64413b2c555ab4b3b6c48eae15fe3d,cfe0c07804068f65dfa09ff7f8e6d52ae54cb6d74eb4963cbf53556b6b10b237,a2b0d4c71471791b23c7893a1d59e5ec518fd816a1d1ef5ab1f125d2e75360c3,b163ed95e7f79ffc71a55b40f195b5e9a0b87fb2d9e2c5a439b7e2caba3384b7,4bf1d2aa5e6d00d11540032248863453bbaafa43b646708d1b23911543cd73fc,stage20_test_case012,stage20_test_case012,32,1.0,0.25,0,bbec7b9142b2e2245dfd768d5107f11e31cadf147b90bd726ea01ca8d5e28054,c6fc68b17269a969361d4d69b69fa5f73f5464bca7eb016c85a2a25719037eeb,stage20_test_case012/seed_42/ADAPTER_CORRECT/decoded_geology.pt,stage20_test_case012,stage20_test_case012,595d88ad5b351025a94633a6a581daeae7c04d99fc012b08361d4a430a759fd7,bbec7b9142b2e2245dfd768d5107f11e31cadf147b90bd726ea01ca8d5e28054,0,stage20_test_case012/seed_42/ADAPTER_CORRECT/decoded_geology.pt
stage20_test_case012,stage20_test_case012,42,ADAPTER_WRONG_CASE,5b3e3cc13e70f1477679559ea82781e02fc58130469ff39d5c71b5db647f9eea,561e94bfda770ec41fc4cbed43436a7e2130eef5dfb7e5d666fcefc0724ff94c,f8b71d0889ec8f76f033583be3b94f3041da888c0b910e92c8f686e24a093213,41c38912b1d49335e3e4ac85a39d86d6ee1d5e0064adbd924a9862d8ae0b88d8,1bebc207108e6850a97784ca01f26c33ff64413b2c555ab4b3b6c48eae15fe3d,cfe0c07804068f65dfa09ff7f8e6d52ae54cb6d74eb4963cbf53556b6b10b237,a2b0d4c71471791b23c7893a1d59e5ec518fd816a1d1ef5ab1f125d2e75360c3,b163ed95e7f79ffc71a55b40f195b5e9a0b87fb2d9e2c5a439b7e2caba3384b7,0b4efe0184fad645d5f1962cb77b402c0b6e38eecddbd6c1962a7bf5b8f8fb5b,stage20_test_case001,stage20_test_case012,32,1.0,0.25,0,0dda61867f21161cf119bdecf10dc698626d389dd08931dd5e8b5f2764b22091,08e81d6c6a039b95dc17e7ac4b5cbeef89023d69f620a8b6ab7d27bb3766bd38,stage20_test_case012/seed_42/ADAPTER_WRONG_CASE/decoded_geology.pt,stage20_test_case001,stage20_test_case012,a9c2f0f13ce1dde5555c095bd42ea6a8a90fa2c5987262f4cafeccb7d9c77f55,0dda61867f21161cf119bdecf10dc698626d389dd08931dd5e8b5f2764b22091,0,stage20_test_case012/seed_42/ADAPTER_WRONG_CASE/decoded_geology.pt
stage20_test_case012,stage20_test_case012,142,FLOW_ONLY,9e3fe8095b7f2705dfa4353f4606f4b4cb9d6a00c3ed5cbb0d450674e650e9cb,561e94bfda770ec41fc4cbed43436a7e2130eef5dfb7e5d666fcefc0724ff94c,f8b71d0889ec8f76f033583be3b94f3041da888c0b910e92c8f686e24a093213,41c38912b1d49335e3e4ac85a39d86d6ee1d5e0064adbd924a9862d8ae0b88d8,1bebc207108e6850a97784ca01f26c33ff64413b2c555ab4b3b6c48eae15fe3d,cfe0c07804068f65dfa09ff7f8e6d52ae54cb6d74eb4963cbf53556b6b10b237,a2b0d4c71471791b23c7893a1d59e5ec518fd816a1d1ef5ab1f125d2e75360c3,b163ed95e7f79ffc71a55b40f195b5e9a0b87fb2d9e2c5a439b7e2caba3384b7,4bf1d2aa5e6d00d11540032248863453bbaafa43b646708d1b23911543cd73fc,stage20_test_case012,stage20_test_case012,32,0.0,0.25,0,beb96332c0aea7b79fbe3a960420390670c44d84d683bde44c05eae84bad8486,1c0e44e12ba248aa10fab2aa242cc1bb006dfb59020e7d7ab37e9496b69d004e,stage20_test_case012/seed_142/FLOW_ONLY/decoded_geology.pt,stage20_test_case012,stage20_test_case012,595d88ad5b351025a94633a6a581daeae7c04d99fc012b08361d4a430a759fd7,beb96332c0aea7b79fbe3a960420390670c44d84d683bde44c05eae84bad8486,0,stage20_test_case012/seed_142/FLOW_ONLY/decoded_geology.pt
stage20_test_case012,stage20_test_case012,142,ADAPTER_PRIOR_ONLY,9e3fe8095b7f2705dfa4353f4606f4b4cb9d6a00c3ed5cbb0d450674e650e9cb,561e94bfda770ec41fc4cbed43436a7e2130eef5dfb7e5d666fcefc0724ff94c,f8b71d0889ec8f76f033583be3b94f3041da888c0b910e92c8f686e24a093213,41c38912b1d49335e3e4ac85a39d86d6ee1d5e0064adbd924a9862d8ae0b88d8,1bebc207108e6850a97784ca01f26c33ff64413b2c555ab4b3b6c48eae15fe3d,cfe0c07804068f65dfa09ff7f8e6d52ae54cb6d74eb4963cbf53556b6b10b237,a2b0d4c71471791b23c7893a1d59e5ec518fd816a1d1ef5ab1f125d2e75360c3,b163ed95e7f79ffc71a55b40f195b5e9a0b87fb2d9e2c5a439b7e2caba3384b7,797911626dce15effd6ea53057de54aa25e38909668dcd6c6c0779b7ed5538da,stage20_test_case012,stage20_test_case012,32,1.0,0.25,0,55d5ccdcc9d7378200949feafe804cd156bd06cc27919c0d0d44bc7f0dd6b7ba,958f89450bc0faba79dd1c8827f3795eea4df55f9fb69c771b05c05c00995963,stage20_test_case012/seed_142/ADAPTER_PRIOR_ONLY/decoded_geology.pt,stage20_test_case012,stage20_test_case012,d1896ab3587aa41db1e1dcc06751eec476c9c273e54085d4d4ea568a251b19b8,55d5ccdcc9d7378200949feafe804cd156bd06cc27919c0d0d44bc7f0dd6b7ba,0,stage20_test_case012/seed_142/ADAPTER_PRIOR_ONLY/decoded_geology.pt
stage20_test_case012,stage20_test_case012,142,ADAPTER_CORRECT,9e3fe8095b7f2705dfa4353f4606f4b4cb9d6a00c3ed5cbb0d450674e650e9cb,561e94bfda770ec41fc4cbed43436a7e2130eef5dfb7e5d666fcefc0724ff94c,f8b71d0889ec8f76f033583be3b94f3041da888c0b910e92c8f686e24a093213,41c38912b1d49335e3e4ac85a39d86d6ee1d5e0064adbd924a9862d8ae0b88d8,1bebc207108e6850a97784ca01f26c33ff64413b2c555ab4b3b6c48eae15fe3d,cfe0c07804068f65dfa09ff7f8e6d52ae54cb6d74eb4963cbf53556b6b10b237,a2b0d4c71471791b23c7893a1d59e5ec518fd816a1d1ef5ab1f125d2e75360c3,b163ed95e7f79ffc71a55b40f195b5e9a0b87fb2d9e2c5a439b7e2caba3384b7,4bf1d2aa5e6d00d11540032248863453bbaafa43b646708d1b23911543cd73fc,stage20_test_case012,stage20_test_case012,32,1.0,0.25,0,1d00ff1c05fb60a21efaf47ba2e7f54e72728695716f65a3279ebf0e1f085241,1a3a00c3b45794d3082993d85df45bfde73545cf009c1089e7bcd09ee556c2b1,stage20_test_case012/seed_142/ADAPTER_CORRECT/decoded_geology.pt,stage20_test_case012,stage20_test_case012,595d88ad5b351025a94633a6a581daeae7c04d99fc012b08361d4a430a759fd7,1d00ff1c05fb60a21efaf47ba2e7f54e72728695716f65a3279ebf0e1f085241,0,stage20_test_case012/seed_142/ADAPTER_CORRECT/decoded_geology.pt
stage20_test_case012,stage20_test_case012,142,ADAPTER_WRONG_CASE,9e3fe8095b7f2705dfa4353f4606f4b4cb9d6a00c3ed5cbb0d450674e650e9cb,561e94bfda770ec41fc4cbed43436a7e2130eef5dfb7e5d666fcefc0724ff94c,f8b71d0889ec8f76f033583be3b94f3041da888c0b910e92c8f686e24a093213,41c38912b1d49335e3e4ac85a39d86d6ee1d5e0064adbd924a9862d8ae0b88d8,1bebc207108e6850a97784ca01f26c33ff64413b2c555ab4b3b6c48eae15fe3d,cfe0c07804068f65dfa09ff7f8e6d52ae54cb6d74eb4963cbf53556b6b10b237,a2b0d4c71471791b23c7893a1d59e5ec518fd816a1d1ef5ab1f125d2e75360c3,b163ed95e7f79ffc71a55b40f195b5e9a0b87fb2d9e2c5a439b7e2caba3384b7,0b4efe0184fad645d5f1962cb77b402c0b6e38eecddbd6c1962a7bf5b8f8fb5b,stage20_test_case001,stage20_test_case012,32,1.0,0.25,0,86bb130eec2297eaff8ead8b1a40a668f32bdacbc0f82fd142ba3d441350f2dd,1be49d1809ddefbe8bba9c7df9811bf30d91948e03ea0d83392f165b7a30a25a,stage20_test_case012/seed_142/ADAPTER_WRONG_CASE/decoded_geology.pt,stage20_test_case001,stage20_test_case012,a9c2f0f13ce1dde5555c095bd42ea6a8a90fa2c5987262f4cafeccb7d9c77f55,86bb130eec2297eaff8ead8b1a40a668f32bdacbc0f82fd142ba3d441350f2dd,0,stage20_test_case012/seed_142/ADAPTER_WRONG_CASE/decoded_geology.pt
stage20_test_case012,stage20_test_case012,242,FLOW_ONLY,e6f10761b6eee07b0a77a58fc4f2170c9a107a156a7d8db89b83ebc4b1ac2c49,561e94bfda770ec41fc4cbed43436a7e2130eef5dfb7e5d666fcefc0724ff94c,f8b71d0889ec8f76f033583be3b94f3041da888c0b910e92c8f686e24a093213,41c38912b1d49335e3e4ac85a39d86d6ee1d5e0064adbd924a9862d8ae0b88d8,1bebc207108e6850a97784ca01f26c33ff64413b2c555ab4b3b6c48eae15fe3d,cfe0c07804068f65dfa09ff7f8e6d52ae54cb6d74eb4963cbf53556b6b10b237,a2b0d4c71471791b23c7893a1d59e5ec518fd816a1d1ef5ab1f125d2e75360c3,b163ed95e7f79ffc71a55b40f195b5e9a0b87fb2d9e2c5a439b7e2caba3384b7,4bf1d2aa5e6d00d11540032248863453bbaafa43b646708d1b23911543cd73fc,stage20_test_case012,stage20_test_case012,32,0.0,0.25,0,4b86fb8393887f577d414f8bb8c4371cf665be7b43e1863382e6e6e25ebc792e,89b82c93b3a585d986b02f4d8ceae0877511444604b5163390a7c73c2c3454eb,stage20_test_case012/seed_242/FLOW_ONLY/decoded_geology.pt,stage20_test_case012,stage20_test_case012,595d88ad5b351025a94633a6a581daeae7c04d99fc012b08361d4a430a759fd7,4b86fb8393887f577d414f8bb8c4371cf665be7b43e1863382e6e6e25ebc792e,0,stage20_test_case012/seed_242/FLOW_ONLY/decoded_geology.pt
stage20_test_case012,stage20_test_case012,242,ADAPTER_PRIOR_ONLY,e6f10761b6eee07b0a77a58fc4f2170c9a107a156a7d8db89b83ebc4b1ac2c49,561e94bfda770ec41fc4cbed43436a7e2130eef5dfb7e5d666fcefc0724ff94c,f8b71d0889ec8f76f033583be3b94f3041da888c0b910e92c8f686e24a093213,41c38912b1d49335e3e4ac85a39d86d6ee1d5e0064adbd924a9862d8ae0b88d8,1bebc207108e6850a97784ca01f26c33ff64413b2c555ab4b3b6c48eae15fe3d,cfe0c07804068f65dfa09ff7f8e6d52ae54cb6d74eb4963cbf53556b6b10b237,a2b0d4c71471791b23c7893a1d59e5ec518fd816a1d1ef5ab1f125d2e75360c3,b163ed95e7f79ffc71a55b40f195b5e9a0b87fb2d9e2c5a439b7e2caba3384b7,797911626dce15effd6ea53057de54aa25e38909668dcd6c6c0779b7ed5538da,stage20_test_case012,stage20_test_case012,32,1.0,0.25,0,ee852edf1ad1b978af34ebe839caaf7ac00aa0892b18ecd70213750d5a4777f0,8f423b759af09edb70b359f283b6d937778f7c0a9b264ee9d8c9452f4b96dc75,stage20_test_case012/seed_242/ADAPTER_PRIOR_ONLY/decoded_geology.pt,stage20_test_case012,stage20_test_case012,d1896ab3587aa41db1e1dcc06751eec476c9c273e54085d4d4ea568a251b19b8,ee852edf1ad1b978af34ebe839caaf7ac00aa0892b18ecd70213750d5a4777f0,0,stage20_test_case012/seed_242/ADAPTER_PRIOR_ONLY/decoded_geology.pt
stage20_test_case012,stage20_test_case012,242,ADAPTER_CORRECT,e6f10761b6eee07b0a77a58fc4f2170c9a107a156a7d8db89b83ebc4b1ac2c49,561e94bfda770ec41fc4cbed43436a7e2130eef5dfb7e5d666fcefc0724ff94c,f8b71d0889ec8f76f033583be3b94f3041da888c0b910e92c8f686e24a093213,41c38912b1d49335e3e4ac85a39d86d6ee1d5e0064adbd924a9862d8ae0b88d8,1bebc207108e6850a97784ca01f26c33ff64413b2c555ab4b3b6c48eae15fe3d,cfe0c07804068f65dfa09ff7f8e6d52ae54cb6d74eb4963cbf53556b6b10b237,a2b0d4c71471791b23c7893a1d59e5ec518fd816a1d1ef5ab1f125d2e75360c3,b163ed95e7f79ffc71a55b40f195b5e9a0b87fb2d9e2c5a439b7e2caba3384b7,4bf1d2aa5e6d00d11540032248863453bbaafa43b646708d1b23911543cd73fc,stage20_test_case012,stage20_test_case012,32,1.0,0.25,0,b46672114ca2d482740fb8f314ea04d432cbfe982ed39cf83dc2ab0e7796e6f5,32785e78a60f86d5f73486d92cfba9a62419939ac01b379dbaef95a714fe9222,stage20_test_case012/seed_242/ADAPTER_CORRECT/decoded_geology.pt,stage20_test_case012,stage20_test_case012,595d88ad5b351025a94633a6a581daeae7c04d99fc012b08361d4a430a759fd7,b46672114ca2d482740fb8f314ea04d432cbfe982ed39cf83dc2ab0e7796e6f5,0,stage20_test_case012/seed_242/ADAPTER_CORRECT/decoded_geology.pt
stage20_test_case012,stage20_test_case012,242,ADAPTER_WRONG_CASE,e6f10761b6eee07b0a77a58fc4f2170c9a107a156a7d8db89b83ebc4b1ac2c49,561e94bfda770ec41fc4cbed43436a7e2130eef5dfb7e5d666fcefc0724ff94c,f8b71d0889ec8f76f033583be3b94f3041da888c0b910e92c8f686e24a093213,41c38912b1d49335e3e4ac85a39d86d6ee1d5e0064adbd924a9862d8ae0b88d8,1bebc207108e6850a97784ca01f26c33ff64413b2c555ab4b3b6c48eae15fe3d,cfe0c07804068f65dfa09ff7f8e6d52ae54cb6d74eb4963cbf53556b6b10b237,a2b0d4c71471791b23c7893a1d59e5ec518fd816a1d1ef5ab1f125d2e75360c3,b163ed95e7f79ffc71a55b40f195b5e9a0b87fb2d9e2c5a439b7e2caba3384b7,0b4efe0184fad645d5f1962cb77b402c0b6e38eecddbd6c1962a7bf5b8f8fb5b,stage20_test_case001,stage20_test_case012,32,1.0,0.25,0,c2dfa7b560e2a98d48eae06b0e6d583090ded62709a4ae168b5542ee37d10157,b7ecac314192f87bec0a86eb676605c2be1f47e4e0b9bef0fac38cfa93875a6f,stage20_test_case012/seed_242/ADAPTER_WRONG_CASE/decoded_geology.pt,stage20_test_case001,stage20_test_case012,a9c2f0f13ce1dde5555c095bd42ea6a8a90fa2c5987262f4cafeccb7d9c77f55,c2dfa7b560e2a98d48eae06b0e6d583090ded62709a4ae168b5542ee37d10157,0,stage20_test_case012/seed_242/ADAPTER_WRONG_CASE/decoded_geology.pt
