generation,state_id,parent_id,ranking_id,rank_index,center_x,center_y,center_z,predicted_first_order_mse_decrease,hard_rmse,delta_rmse_vs_parent,delta_rmse_vs_empty,condition_violations,truth_used
1,g001_p000000_empty,empty,g001_b7e43f1d75130653_0000,0,12.0,42.0,19.0,8.122159488266334e-05,0.01650773175060749,0.00017304904758930206,0.00017304904758930206,0,False
1,g001_p000001_empty,empty,g001_b7e43f1d75130653_0000,1,12.0,43.0,20.0,6.900660810060799e-05,0.016528980806469917,0.00019429810345172882,0.00019429810345172882,0,False
1,g001_p000002_empty,empty,g001_b7e43f1d75130653_0000,2,12.0,41.0,20.0,6.900660082465038e-05,0.016387082636356354,5.239993333816528e-05,5.239993333816528e-05,0,False
1,g001_p000003_empty,empty,g001_b7e43f1d75130653_0000,3,11.0,10.0,17.0,6.275781925069168e-05,0.016394492238759995,5.980953574180603e-05,5.980953574180603e-05,0,False
1,g001_p000004_empty,empty,g001_b7e43f1d75130653_0000,4,9.0,10.0,17.0,6.275781197473407e-05,0.01645297184586525,0.00011828914284706116,0.00011828914284706116,0,False
1,g001_p000005_empty,empty,g001_b7e43f1d75130653_0000,5,11.0,43.0,20.0,6.144454528111964e-05,0.016347436234354973,1.2753531336784363e-05,1.2753531336784363e-05,0,False
1,g001_p000006_empty,empty,g001_b7e43f1d75130653_0000,6,13.0,41.0,20.0,6.144453072920442e-05,0.016387082636356354,5.239993333816528e-05,5.239993333816528e-05,0,False
1,g001_p000007_empty,empty,g001_b7e43f1d75130653_0000,7,9.0,11.0,17.0,5.940553455729969e-05,0.01640012115240097,6.543844938278198e-05,6.543844938278198e-05,0,False
1,g001_p000008_empty,empty,g001_b7e43f1d75130653_0000,8,11.0,9.0,17.0,5.940550909144804e-05,0.016404548659920692,6.986595690250397e-05,6.986595690250397e-05,0,False
1,g001_p000009_empty,empty,g001_b7e43f1d75130653_0000,9,10.0,9.0,17.0,5.9084559325128794e-05,0.0165038350969553,0.0001691523939371109,0.0001691523939371109,0,False
1,g001_p000010_empty,empty,g001_b7e43f1d75130653_0000,10,10.0,11.0,17.0,5.908455204917118e-05,0.01646529883146286,0.00013061612844467163,0.00013061612844467163,0,False
1,g001_p000011_empty,empty,g001_b7e43f1d75130653_0000,11,11.0,42.0,20.0,5.2042749302927405e-05,0.016413085162639618,7.840245962142944e-05,7.840245962142944e-05,0,False
1,g001_p000012_empty,empty,g001_b7e43f1d75130653_0000,12,13.0,42.0,20.0,5.204273838899098e-05,0.016498444601893425,0.0001637618988752365,0.0001637618988752365,0,False
1,g001_p000013_empty,empty,g001_b7e43f1d75130653_0000,13,12.0,43.0,19.0,5.1120747230015695e-05,0.016495054587721825,0.00016037188470363617,0.00016037188470363617,0,False
1,g001_p000014_empty,empty,g001_b7e43f1d75130653_0000,14,12.0,41.0,19.0,5.112074359203689e-05,0.016559358686208725,0.0002246759831905365,0.0002246759831905365,0,False
1,g001_p000015_empty,empty,g001_b7e43f1d75130653_0000,15,10.0,11.0,16.0,5.102583600091748e-05,0.016593242064118385,0.00025855936110019684,0.00025855936110019684,0,False
1,g001_p000016_empty,empty,g001_b7e43f1d75130653_0000,16,10.0,9.0,16.0,5.102581053506583e-05,0.016569901257753372,0.00023521855473518372,0.00023521855473518372,0,False
1,g001_p000017_empty,empty,g001_b7e43f1d75130653_0000,17,25.0,9.0,36.0,4.963566971127875e-05,0.0165107361972332,0.0001760534942150116,0.0001760534942150116,0,False
1,g001_p000018_empty,empty,g001_b7e43f1d75130653_0000,18,27.0,11.0,36.0,4.9635651521384716e-05,0.016529908403754234,0.00019522570073604584,0.00019522570073604584,0,False
1,g001_p000019_empty,empty,g001_b7e43f1d75130653_0000,19,11.0,10.0,16.0,4.89582926093135e-05,0.016440946608781815,0.0001062639057636261,0.0001062639057636261,0,False
1,g001_p000020_empty,empty,g001_b7e43f1d75130653_0000,20,9.0,10.0,16.0,4.8958278057398275e-05,0.016376089304685593,4.1406601667404175e-05,4.1406601667404175e-05,0,False
1,g001_p000021_empty,empty,g001_b7e43f1d75130653_0000,21,12.0,44.0,20.0,4.890865966444835e-05,0.016448240727186203,0.00011355802416801453,0.00011355802416801453,0,False
1,g001_p000022_empty,empty,g001_b7e43f1d75130653_0000,22,12.0,40.0,20.0,4.8908656026469544e-05,0.01646859012544155,0.00013390742242336273,0.00013390742242336273,0,False
1,g001_p000023_empty,empty,g001_b7e43f1d75130653_0000,23,11.0,41.0,20.0,4.62875614175573e-05,0.016558581963181496,0.0002238992601633072,0.0002238992601633072,0,False
1,g001_p000024_empty,empty,g001_b7e43f1d75130653_0000,24,13.0,43.0,20.0,4.628755777957849e-05,0.01647847332060337,0.0001437906175851822,0.0001437906175851822,0,False
1,g001_p000025_empty,empty,g001_b7e43f1d75130653_0000,25,12.0,42.0,20.0,4.379302481538616e-05,0.016555525362491608,0.0002208426594734192,0.0002208426594734192,0,False
1,g001_p000026_empty,empty,g001_b7e43f1d75130653_0000,26,41.0,10.0,24.0,4.329717921791598e-05,0.01644134894013405,0.00010666623711585999,0.00010666623711585999,0,False
1,g001_p000027_empty,empty,g001_b7e43f1d75130653_0000,27,42.0,9.0,24.0,4.329716830397956e-05,0.01643117517232895,9.64924693107605e-05,9.64924693107605e-05,0,False
1,g001_p000028_empty,empty,g001_b7e43f1d75130653_0000,28,42.0,11.0,24.0,4.3297164666000754e-05,0.016604764387011528,0.00027008168399333954,0.00027008168399333954,0,False
1,g001_p000029_empty,empty,g001_b7e43f1d75130653_0000,29,43.0,10.0,24.0,4.329715375206433e-05,0.016366368159651756,3.168545663356781e-05,3.168545663356781e-05,0,False
1,g001_p000030_empty,empty,g001_b7e43f1d75130653_0000,30,26.0,9.0,36.0,4.188812818028964e-05,0.016485074535012245,0.0001503918319940567,0.0001503918319940567,0,False
1,g001_p000031_empty,empty,g001_b7e43f1d75130653_0000,31,26.0,11.0,36.0,4.188812090433203e-05,0.016444502398371696,0.000109819695353508,0.000109819695353508,0,False
1,g001_p000032_empty,empty,g001_b7e43f1d75130653_0000,32,25.0,10.0,36.0,4.1871462599374354e-05,0.01637754775583744,4.2865052819252014e-05,4.2865052819252014e-05,0,False
1,g001_p000033_empty,empty,g001_b7e43f1d75130653_0000,33,27.0,10.0,36.0,4.1871437133522704e-05,0.016414925456047058,8.024275302886963e-05,8.024275302886963e-05,0,False
1,g001_p000034_empty,empty,g001_b7e43f1d75130653_0000,34,9.0,9.0,17.0,4.111378439120017e-05,0.016539189964532852,0.0002045072615146637,0.0002045072615146637,0,False
1,g001_p000035_empty,empty,g001_b7e43f1d75130653_0000,35,11.0,11.0,17.0,4.111373709747568e-05,0.0164959616959095,0.00016127899289131165,0.00016127899289131165,0,False
1,g001_p000036_empty,empty,g001_b7e43f1d75130653_0000,36,10.0,8.0,17.0,4.091047594556585e-05,0.01647672988474369,0.00014204718172550201,0.00014204718172550201,0,False
1,g001_p000037_empty,empty,g001_b7e43f1d75130653_0000,37,10.0,12.0,17.0,4.091047230758704e-05,0.016511334106326103,0.00017665140330791473,0.00017665140330791473,0,False
1,g001_p000038_empty,empty,g001_b7e43f1d75130653_0000,38,41.0,9.0,24.0,4.043041553813964e-05,0.01636868715286255,3.400444984436035e-05,3.400444984436035e-05,0,False
1,g001_p000039_empty,empty,g001_b7e43f1d75130653_0000,39,41.0,11.0,24.0,4.0430411900160834e-05,0.016366368159651756,3.168545663356781e-05,3.168545663356781e-05,0,False
1,g001_p000040_empty,empty,g001_b7e43f1d75130653_0000,40,43.0,9.0,24.0,4.04303937102668e-05,0.01649392768740654,0.00015924498438835144,0.00015924498438835144,0,False
1,g001_p000041_empty,empty,g001_b7e43f1d75130653_0000,41,43.0,11.0,24.0,4.04303937102668e-05,0.01649392768740654,0.00015924498438835144,0.00015924498438835144,0,False
1,g001_p000042_empty,empty,g001_b7e43f1d75130653_0000,42,11.0,42.0,19.0,3.970230318373069e-05,0.016496537253260612,0.000161854550242424,0.000161854550242424,0,False
1,g001_p000043_empty,empty,g001_b7e43f1d75130653_0000,43,13.0,42.0,19.0,3.970230318373069e-05,0.016482366248965263,0.0001476835459470749,0.0001476835459470749,0,False
1,g001_p000044_empty,empty,g001_b7e43f1d75130653_0000,44,9.0,9.0,16.0,3.959364039474167e-05,0.016473280265927315,0.00013859756290912628,0.00013859756290912628,0,False
1,g001_p000045_empty,empty,g001_b7e43f1d75130653_0000,45,11.0,11.0,16.0,3.959364039474167e-05,0.01650715060532093,0.000172467902302742,0.000172467902302742,0,False
1,g001_p000046_empty,empty,g001_b7e43f1d75130653_0000,46,11.0,44.0,20.0,3.9302336517721415e-05,0.01641947403550148,8.479133248329163e-05,8.479133248329163e-05,0,False
1,g001_p000047_empty,empty,g001_b7e43f1d75130653_0000,47,13.0,40.0,20.0,3.9302336517721415e-05,0.0164685919880867,0.00013390928506851196,0.00013390928506851196,0,False
1,g001_p000048_empty,empty,g001_b7e43f1d75130653_0000,48,13.0,42.0,18.0,3.917921640095301e-05,0.016560835763812065,0.00022615306079387665,0.00022615306079387665,0,False
1,g001_p000049_empty,empty,g001_b7e43f1d75130653_0000,49,11.0,42.0,18.0,3.91792127629742e-05,0.016481975093483925,0.0001472923904657364,0.0001472923904657364,0,False
1,g001_p000050_empty,empty,g001_b7e43f1d75130653_0000,50,13.0,43.0,19.0,3.916999776265584e-05,0.01645398885011673,0.00011930614709854126,0.00011930614709854126,0,False
1,g001_p000051_empty,empty,g001_b7e43f1d75130653_0000,51,11.0,41.0,19.0,3.9169990486698225e-05,0.01639174483716488,5.706213414669037e-05,5.706213414669037e-05,0,False
1,g001_p000052_empty,empty,g001_b7e43f1d75130653_0000,52,10.0,42.0,20.0,3.871337685268372e-05,0.01655198633670807,0.00021730363368988037,0.00021730363368988037,0,False
1,g001_p000053_empty,empty,g001_b7e43f1d75130653_0000,53,14.0,42.0,20.0,3.8713362300768495e-05,0.016533760353922844,0.00019907765090465546,0.00019907765090465546,0,False
1,g001_p000054_empty,empty,g001_b7e43f1d75130653_0000,54,8.0,10.0,17.0,3.868229759973474e-05,0.016409100964665413,7.441826164722443e-05,7.441826164722443e-05,0,False
1,g001_p000055_empty,empty,g001_b7e43f1d75130653_0000,55,12.0,10.0,17.0,3.868225394398905e-05,0.016391821205615997,5.713850259780884e-05,5.713850259780884e-05,0,False
1,g001_p000056_empty,empty,g001_b7e43f1d75130653_0000,56,12.0,39.0,20.0,3.7540554330917075e-05,0.016432812437415123,9.812973439693451e-05,9.812973439693451e-05,0,False
1,g001_p000057_empty,empty,g001_b7e43f1d75130653_0000,57,12.0,45.0,20.0,3.754055069293827e-05,0.016346873715519905,1.2191012501716614e-05,1.2191012501716614e-05,0,False
1,g001_p000058_empty,empty,g001_b7e43f1d75130653_0000,58,10.0,41.0,20.0,3.6571771488524973e-05,0.01641947403550148,8.479133248329163e-05,8.479133248329163e-05,0,False
1,g001_p000059_empty,empty,g001_b7e43f1d75130653_0000,59,14.0,43.0,20.0,3.657176421256736e-05,0.016408124938607216,7.34422355890274e-05,7.34422355890274e-05,0,False
1,g001_p000060_empty,empty,g001_b7e43f1d75130653_0000,60,13.0,43.0,18.0,3.6540033761411905e-05,0.016496537253260612,0.000161854550242424,0.000161854550242424,0,False
1,g001_p000061_empty,empty,g001_b7e43f1d75130653_0000,61,11.0,41.0,18.0,3.65400301234331e-05,0.016452817246317863,0.00011813454329967499,0.00011813454329967499,0,False
1,g001_p000062_empty,empty,g001_b7e43f1d75130653_0000,62,11.0,40.0,20.0,3.621663563535549e-05,0.016553474590182304,0.0002187918871641159,0.0002187918871641159,0,False
1,g001_p000063_empty,empty,g001_b7e43f1d75130653_0000,63,13.0,44.0,20.0,3.621662835939787e-05,0.016518013551831245,0.00018333084881305695,0.00018333084881305695,0,False
1,g001_p000064_empty,empty,g001_b7e43f1d75130653_0000,64,10.0,43.0,20.0,3.51569578924682e-05,0.016367565840482712,3.2883137464523315e-05,3.2883137464523315e-05,0,False
1,g001_p000065_empty,empty,g001_b7e43f1d75130653_0000,65,14.0,41.0,20.0,3.5156950616510585e-05,0.016578398644924164,0.00024371594190597534,0.00024371594190597534,0,False
1,g001_p000066_empty,empty,g001_b7e43f1d75130653_0000,66,10.0,40.0,20.0,3.493005351629108e-05,0.01648363471031189,0.00014895200729370117,0.00014895200729370117,0,False
1,g001_p000067_empty,empty,g001_b7e43f1d75130653_0000,67,14.0,44.0,20.0,3.4930038964375854e-05,0.016407564282417297,7.288157939910889e-05,7.288157939910889e-05,0,False
1,g001_p000068_empty,empty,g001_b7e43f1d75130653_0000,68,12.0,42.0,18.0,3.4676355426199734e-05,0.016391349956393242,5.6667253375053406e-05,5.6667253375053406e-05,0,False
1,g001_p000069_empty,empty,g001_b7e43f1d75130653_0000,69,27.0,9.0,35.0,3.465738336672075e-05,0.016464293003082275,0.00012961030006408691,0.00012961030006408691,0,False
1,g001_p000070_empty,empty,g001_b7e43f1d75130653_0000,70,25.0,11.0,35.0,3.465737609076314e-05,0.01636718213558197,3.249943256378174e-05,3.249943256378174e-05,0,False
1,g001_p000071_empty,empty,g001_b7e43f1d75130653_0000,71,27.0,10.0,35.0,3.465691770543344e-05,0.016417410224676132,8.272752165794373e-05,8.272752165794373e-05,0,False
1,g001_p000072_empty,empty,g001_b7e43f1d75130653_0000,72,25.0,10.0,35.0,3.4656914067454636e-05,0.016352549195289612,1.786649227142334e-05,1.786649227142334e-05,0,False
1,g001_p000073_empty,empty,g001_b7e43f1d75130653_0000,73,9.0,12.0,17.0,3.398280750843696e-05,0.016504952684044838,0.00017026998102664948,0.00017026998102664948,0,False
1,g001_p000074_empty,empty,g001_b7e43f1d75130653_0000,74,11.0,8.0,17.0,3.398280023247935e-05,0.016502030193805695,0.0001673474907875061,0.0001673474907875061,0,False
1,g001_p000075_empty,empty,g001_b7e43f1d75130653_0000,75,10.0,44.0,20.0,3.391651625861414e-05,0.016627822071313858,0.00029313936829566956,0.00029313936829566956,0,False
1,g001_p000076_empty,empty,g001_b7e43f1d75130653_0000,76,14.0,40.0,20.0,3.391651262063533e-05,0.01653103344142437,0.00019635073840618134,0.00019635073840618134,0,False
1,g001_p000077_empty,empty,g001_b7e43f1d75130653_0000,77,40.0,10.0,24.0,3.3683125366223976e-05,0.016552496701478958,0.00021781399846076965,0.00021781399846076965,0,False
1,g001_p000078_empty,empty,g001_b7e43f1d75130653_0000,78,42.0,8.0,24.0,3.368311809026636e-05,0.016530195251107216,0.0001955125480890274,0.0001955125480890274,0,False
1,g001_p000079_empty,empty,g001_b7e43f1d75130653_0000,79,42.0,12.0,24.0,3.3683114452287555e-05,0.01647402159869671,0.0001393388956785202,0.0001393388956785202,0,False
1,g001_p000080_empty,empty,g001_b7e43f1d75130653_0000,80,44.0,10.0,24.0,3.3683099900372326e-05,0.016552496701478958,0.00021781399846076965,0.00021781399846076965,0,False
1,g001_p000081_empty,empty,g001_b7e43f1d75130653_0000,81,25.0,8.0,37.0,3.309709427412599e-05,0.016663169488310814,0.00032848678529262543,0.00032848678529262543,0,False
1,g001_p000082_empty,empty,g001_b7e43f1d75130653_0000,82,27.0,12.0,37.0,3.3097079722210765e-05,0.016469107940793037,0.00013442523777484894,0.00013442523777484894,0,False
1,g001_p000083_empty,empty,g001_b7e43f1d75130653_0000,83,9.0,8.0,17.0,3.2807758543640375e-05,0.01650911383330822,0.00017443113029003143,0.00017443113029003143,0,False
1,g001_p000084_empty,empty,g001_b7e43f1d75130653_0000,84,11.0,12.0,17.0,3.2807733077788725e-05,0.016534116119146347,0.00019943341612815857,0.00019943341612815857,0,False
1,g001_p000085_empty,empty,g001_b7e43f1d75130653_0000,85,10.0,7.0,17.0,3.279349402873777e-05,0.016442513093352318,0.00010783039033412933,0.00010783039033412933,0,False
1,g001_p000086_empty,empty,g001_b7e43f1d75130653_0000,86,10.0,13.0,17.0,3.279348311480135e-05,0.016547076404094696,0.00021239370107650757,0.00021239370107650757,0,False
1,g001_p000087_empty,empty,g001_b7e43f1d75130653_0000,87,11.0,40.0,19.0,3.272023968747817e-05,0.016496550291776657,0.00016186758875846863,0.00016186758875846863,0,False
1,g001_p000088_empty,empty,g001_b7e43f1d75130653_0000,88,13.0,44.0,19.0,3.272023968747817e-05,0.01638580858707428,5.112588405609131e-05,5.112588405609131e-05,0,False
1,g001_p000089_empty,empty,g001_b7e43f1d75130653_0000,89,8.0,11.0,17.0,3.267771899118088e-05,0.016391821205615997,5.713850259780884e-05,5.713850259780884e-05,0,False
1,g001_p000090_empty,empty,g001_b7e43f1d75130653_0000,90,12.0,9.0,17.0,3.267769352532923e-05,0.01643090508878231,9.622238576412201e-05,9.622238576412201e-05,0,False
1,g001_p000091_empty,empty,g001_b7e43f1d75130653_0000,91,14.0,41.0,19.0,3.2167583412956446e-05,0.016417760401964188,8.307769894599915e-05,8.307769894599915e-05,0,False
1,g001_p000092_empty,empty,g001_b7e43f1d75130653_0000,92,10.0,43.0,19.0,3.216757977497764e-05,0.016482366248965263,0.0001476835459470749,0.0001476835459470749,0,False
1,g001_p000093_empty,empty,g001_b7e43f1d75130653_0000,93,12.0,40.0,19.0,3.1871608371147886e-05,0.016352899372577667,1.821666955947876e-05,1.821666955947876e-05,0,False
1,g001_p000094_empty,empty,g001_b7e43f1d75130653_0000,94,12.0,44.0,19.0,3.1871608371147886e-05,0.01639174483716488,5.706213414669037e-05,5.706213414669037e-05,0,False
1,g001_p000095_empty,empty,g001_b7e43f1d75130653_0000,95,14.0,44.0,19.0,3.177033431711607e-05,0.016545666381716728,0.00021098367869853973,0.00021098367869853973,0,False
2,g002_p000000_g001_p000057_empty,g001_p000057_empty,g002_e19c595e5da7bf69_0001,0,12.0,42.0,19.0,8.379568316740915e-05,0.016466090455651283,0.00011921674013137817,0.0001314077526330948,0,False
2,g002_p000006_g001_p000057_empty,g001_p000057_empty,g002_e19c595e5da7bf69_0001,1,12.0,43.0,20.0,7.210223702713847e-05,0.016463911160826683,0.00011703744530677795,0.00012922845780849457,0,False
2,g002_p000012_g001_p000005_empty,g001_p000005_empty,g002_eced4087db89048b_0002,0,12.0,42.0,19.0,8.034765778575093e-05,0.016481809318065643,0.00013437308371067047,0.00014712661504745483,0,False
2,g002_p000018_g001_p000005_empty,g001_p000005_empty,g002_eced4087db89048b_0002,1,12.0,41.0,20.0,6.691589078400284e-05,0.0164911150932312,0.00014367885887622833,0.0001564323902130127,0,False
2,g002_p000024_g001_p000072_empty,g001_p000072_empty,g002_358c5fd280c04e8c_0003,0,12.0,42.0,19.0,8.122159488266334e-05,0.01657208986580372,0.00021954067051410675,0.0002374071627855301,0,False
2,g002_p000030_g001_p000072_empty,g001_p000072_empty,g002_358c5fd280c04e8c_0003,1,12.0,43.0,20.0,6.900660810060799e-05,0.016548162326216698,0.00019561313092708588,0.00021347962319850922,0,False
2,g002_p000036_g001_p000093_empty,g001_p000093_empty,g002_8d7d03ac9755560a_0004,0,12.0,42.0,19.0,8.070039621088654e-05,0.01656470261514187,0.00021180324256420135,0.00023001991212368011,0,False
2,g002_p000042_g001_p000093_empty,g001_p000093_empty,g002_8d7d03ac9755560a_0004,1,12.0,41.0,20.0,6.769889296265319e-05,0.016489583998918533,0.0001366846263408661,0.00015490129590034485,0,False
2,g002_p000048_g001_p000029_empty,g001_p000029_empty,g002_7ac9834ec61620e3_0005,0,12.0,42.0,19.0,8.122159488266334e-05,0.01652791164815426,0.00016154348850250244,0.00019322894513607025,0,False
2,g002_p000054_g001_p000029_empty,g001_p000029_empty,g002_7ac9834ec61620e3_0005,1,12.0,43.0,20.0,6.900660810060799e-05,0.01656181737780571,0.00019544921815395355,0.00022713467478752136,0,False
2,g002_p000060_g001_p000039_empty,g001_p000039_empty,g002_5ded9f71a84980ba_0006,0,12.0,42.0,19.0,8.122159488266334e-05,0.01646348461508751,9.711645543575287e-05,0.00012880191206932068,0,False
2,g002_p000066_g001_p000039_empty,g001_p000039_empty,g002_5ded9f71a84980ba_0006,1,12.0,43.0,20.0,6.900660810060799e-05,0.016529815271496773,0.00016344711184501648,0.0001951325684785843,0,False
2,g002_p000072_g001_p000070_empty,g001_p000070_empty,g002_da7477765695f861_0007,0,12.0,42.0,19.0,8.122159488266334e-05,0.016550591215491295,0.00018340907990932465,0.00021590851247310638,0,False
2,g002_p000078_g001_p000070_empty,g001_p000070_empty,g002_da7477765695f861_0007,1,12.0,43.0,20.0,6.900660810060799e-05,0.016445429995656013,7.824786007404327e-05,0.00011074729263782501,0,False
2,g002_p000084_g001_p000064_empty,g001_p000064_empty,g002_7cfce710630bc953_0008,0,12.0,42.0,19.0,8.368760609300807e-05,0.016489094123244286,0.00012152828276157379,0.0001544114202260971,0,False
2,g002_p000090_g001_p000064_empty,g001_p000064_empty,g002_7cfce710630bc953_0008,1,12.0,41.0,20.0,7.11820466676727e-05,0.01650954596698284,0.0001419801265001297,0.00017486326396465302,0,False
3,g003_p000000_g002_p000001_g001_p000057_empty,g002_p000001_g001_p000057_empty,g003_811fb834c970bb7b_0009,0,12.0,42.0,19.0,8.122159488266334e-05,0.016546720638871193,0.00021203793585300446,0.00021203793585300446,0,False
3,g003_p000001_g002_p000001_g001_p000057_empty,g002_p000001_g001_p000057_empty,g003_811fb834c970bb7b_0009,1,12.0,43.0,20.0,6.900660810060799e-05,0.016555525362491608,0.0002208426594734192,0.0002208426594734192,0,False
3,g003_p000002_g002_p000001_g001_p000057_empty,g002_p000001_g001_p000057_empty,g003_811fb834c970bb7b_0009,2,12.0,41.0,20.0,6.900660082465038e-05,0.016347436234354973,1.2753531336784363e-05,1.2753531336784363e-05,0,False
3,g003_p000003_g002_p000001_g001_p000057_empty,g002_p000001_g001_p000057_empty,g003_811fb834c970bb7b_0009,3,11.0,10.0,17.0,6.275781925069168e-05,0.01642828993499279,9.360723197460175e-05,9.360723197460175e-05,0,False
3,g003_p000004_g002_p000001_g001_p000057_empty,g002_p000001_g001_p000057_empty,g003_811fb834c970bb7b_0009,4,9.0,10.0,17.0,6.275781197473407e-05,0.016412625089287758,7.79423862695694e-05,7.79423862695694e-05,0,False
3,g003_p000005_g002_p000001_g001_p000057_empty,g002_p000001_g001_p000057_empty,g003_811fb834c970bb7b_0009,5,11.0,43.0,20.0,6.144454528111964e-05,0.016387082636356354,5.239993333816528e-05,5.239993333816528e-05,0,False
3,g003_p000006_g002_p000001_g001_p000057_empty,g002_p000001_g001_p000057_empty,g003_811fb834c970bb7b_0009,6,13.0,41.0,20.0,6.144453072920442e-05,0.016623398289084435,0.00028871558606624603,0.00028871558606624603,0,False
3,g003_p000007_g002_p000001_g001_p000057_empty,g002_p000001_g001_p000057_empty,g003_811fb834c970bb7b_0009,7,9.0,11.0,17.0,5.940553455729969e-05,0.016432471573352814,9.778887033462524e-05,9.778887033462524e-05,0,False
3,g003_p000008_g002_p000001_g001_p000057_empty,g002_p000001_g001_p000057_empty,g003_811fb834c970bb7b_0009,8,11.0,9.0,17.0,5.940550909144804e-05,0.01638774573802948,5.3063035011291504e-05,5.3063035011291504e-05,0,False
3,g003_p000009_g002_p000001_g001_p000057_empty,g002_p000001_g001_p000057_empty,g003_811fb834c970bb7b_0009,9,10.0,9.0,17.0,5.9084559325128794e-05,0.016421876847743988,8.719414472579956e-05,8.719414472579956e-05,0,False
3,g003_p000010_g002_p000001_g001_p000057_empty,g002_p000001_g001_p000057_empty,g003_811fb834c970bb7b_0009,10,10.0,11.0,17.0,5.908455204917118e-05,0.016344115138053894,9.432435035705566e-06,9.432435035705566e-06,0,False
3,g003_p000011_g002_p000001_g001_p000057_empty,g002_p000001_g001_p000057_empty,g003_811fb834c970bb7b_0009,11,11.0,42.0,20.0,5.2042749302927405e-05,0.016477122902870178,0.00014244019985198975,0.00014244019985198975,0,False
3,g003_p000012_g002_p000007_g001_p000057_empty,g002_p000007_g001_p000057_empty,g003_811fb834c970bb7b_0009,12,13.0,42.0,20.0,5.204273838899098e-05,0.01647847332060337,0.0001437906175851822,0.0001437906175851822,0,False
3,g003_p000013_g002_p000007_g001_p000057_empty,g002_p000007_g001_p000057_empty,g003_811fb834c970bb7b_0009,13,12.0,43.0,19.0,5.1120747230015695e-05,0.016546720638871193,0.00021203793585300446,0.00021203793585300446,0,False
3,g003_p000014_g002_p000007_g001_p000057_empty,g002_p000007_g001_p000057_empty,g003_811fb834c970bb7b_0009,14,12.0,41.0,19.0,5.112074359203689e-05,0.016554461792111397,0.0002197790890932083,0.0002197790890932083,0,False
3,g003_p000015_g002_p000007_g001_p000057_empty,g002_p000007_g001_p000057_empty,g003_811fb834c970bb7b_0009,15,10.0,11.0,16.0,5.102583600091748e-05,0.01640196517109871,6.728246808052063e-05,6.728246808052063e-05,0,False
3,g003_p000016_g002_p000007_g001_p000057_empty,g002_p000007_g001_p000057_empty,g003_811fb834c970bb7b_0009,16,10.0,9.0,16.0,5.102581053506583e-05,0.016569901257753372,0.00023521855473518372,0.00023521855473518372,0,False
3,g003_p000017_g002_p000007_g001_p000057_empty,g002_p000007_g001_p000057_empty,g003_811fb834c970bb7b_0009,17,25.0,9.0,36.0,4.963566971127875e-05,0.016522346064448357,0.00018766336143016815,0.00018766336143016815,0,False
3,g003_p000018_g002_p000007_g001_p000057_empty,g002_p000007_g001_p000057_empty,g003_811fb834c970bb7b_0009,18,27.0,11.0,36.0,4.9635651521384716e-05,0.016517752781510353,0.0001830700784921646,0.0001830700784921646,0,False
3,g003_p000019_g002_p000007_g001_p000057_empty,g002_p000007_g001_p000057_empty,g003_811fb834c970bb7b_0009,19,11.0,10.0,16.0,4.89582926093135e-05,0.01646663248538971,0.000131949782371521,0.000131949782371521,0,False
3,g003_p000020_g002_p000007_g001_p000057_empty,g002_p000007_g001_p000057_empty,g003_811fb834c970bb7b_0009,20,9.0,10.0,16.0,4.8958278057398275e-05,0.016464469954371452,0.00012978725135326385,0.00012978725135326385,0,False
3,g003_p000021_g002_p000007_g001_p000057_empty,g002_p000007_g001_p000057_empty,g003_811fb834c970bb7b_0009,21,12.0,44.0,20.0,4.890865966444835e-05,0.016494762152433395,0.0001600794494152069,0.0001600794494152069,0,False
3,g003_p000022_g002_p000007_g001_p000057_empty,g002_p000007_g001_p000057_empty,g003_811fb834c970bb7b_0009,22,12.0,40.0,20.0,4.8908656026469544e-05,0.016423054039478302,8.837133646011353e-05,8.837133646011353e-05,0,False
3,g003_p000023_g002_p000007_g001_p000057_empty,g002_p000007_g001_p000057_empty,g003_811fb834c970bb7b_0009,23,11.0,41.0,20.0,4.62875614175573e-05,0.016516463831067085,0.0001817811280488968,0.0001817811280488968,0,False
3,g003_p000024_g002_p000013_g001_p000005_empty,g002_p000013_g001_p000005_empty,g003_811fb834c970bb7b_0009,24,13.0,43.0,20.0,4.628755777957849e-05,0.016563497483730316,0.00022881478071212769,0.00022881478071212769,0,False
3,g003_p000025_g002_p000013_g001_p000005_empty,g002_p000013_g001_p000005_empty,g003_811fb834c970bb7b_0009,25,12.0,42.0,20.0,4.379302481538616e-05,0.016503747552633286,0.00016906484961509705,0.00016906484961509705,0,False
3,g003_p000026_g002_p000013_g001_p000005_empty,g002_p000013_g001_p000005_empty,g003_811fb834c970bb7b_0009,26,41.0,10.0,24.0,4.329717921791598e-05,0.01660247892141342,0.00026779621839523315,0.00026779621839523315,0,False
3,g003_p000027_g002_p000013_g001_p000005_empty,g002_p000013_g001_p000005_empty,g003_811fb834c970bb7b_0009,27,42.0,9.0,24.0,4.329716830397956e-05,0.016467971727252007,0.00013328902423381805,0.00013328902423381805,0,False
3,g003_p000028_g002_p000013_g001_p000005_empty,g002_p000013_g001_p000005_empty,g003_811fb834c970bb7b_0009,28,42.0,11.0,24.0,4.3297164666000754e-05,0.01660247892141342,0.00026779621839523315,0.00026779621839523315,0,False
3,g003_p000029_g002_p000013_g001_p000005_empty,g002_p000013_g001_p000005_empty,g003_811fb834c970bb7b_0009,29,43.0,10.0,24.0,4.329715375206433e-05,0.016467971727252007,0.00013328902423381805,0.00013328902423381805,0,False
3,g003_p000030_g002_p000013_g001_p000005_empty,g002_p000013_g001_p000005_empty,g003_811fb834c970bb7b_0009,30,26.0,9.0,36.0,4.188812818028964e-05,0.016465922817587852,0.000131240114569664,0.000131240114569664,0,False
3,g003_p000031_g002_p000013_g001_p000005_empty,g002_p000013_g001_p000005_empty,g003_811fb834c970bb7b_0009,31,26.0,11.0,36.0,4.188812090433203e-05,0.016485074535012245,0.0001503918319940567,0.0001503918319940567,0,False
3,g003_p000032_g002_p000013_g001_p000005_empty,g002_p000013_g001_p000005_empty,g003_811fb834c970bb7b_0009,32,25.0,10.0,36.0,4.1871462599374354e-05,0.01647954247891903,0.00014485977590084076,0.00014485977590084076,0,False
3,g003_p000033_g002_p000013_g001_p000005_empty,g002_p000013_g001_p000005_empty,g003_811fb834c970bb7b_0009,33,27.0,10.0,36.0,4.1871437133522704e-05,0.016508447006344795,0.00017376430332660675,0.00017376430332660675,0,False
3,g003_p000034_g002_p000013_g001_p000005_empty,g002_p000013_g001_p000005_empty,g003_811fb834c970bb7b_0009,34,9.0,9.0,17.0,4.111378439120017e-05,0.016442053020000458,0.00010737031698226929,0.00010737031698226929,0,False
3,g003_p000035_g002_p000013_g001_p000005_empty,g002_p000013_g001_p000005_empty,g003_811fb834c970bb7b_0009,35,11.0,11.0,17.0,4.111373709747568e-05,0.016539189964532852,0.0002045072615146637,0.0002045072615146637,0,False
3,g003_p000036_g002_p000019_g001_p000005_empty,g002_p000019_g001_p000005_empty,g003_811fb834c970bb7b_0009,36,10.0,8.0,17.0,4.091047594556585e-05,0.016412682831287384,7.800012826919556e-05,7.800012826919556e-05,0,False
3,g003_p000037_g002_p000019_g001_p000005_empty,g002_p000019_g001_p000005_empty,g003_811fb834c970bb7b_0009,37,10.0,12.0,17.0,4.091047230758704e-05,0.01640430837869644,6.962567567825317e-05,6.962567567825317e-05,0,False
3,g003_p000038_g002_p000019_g001_p000005_empty,g002_p000019_g001_p000005_empty,g003_811fb834c970bb7b_0009,38,41.0,9.0,24.0,4.043041553813964e-05,0.016571244224905968,0.00023656152188777924,0.00023656152188777924,0,False
3,g003_p000039_g002_p000019_g001_p000005_empty,g002_p000019_g001_p000005_empty,g003_811fb834c970bb7b_0009,39,41.0,11.0,24.0,4.0430411900160834e-05,0.016582945361733437,0.0002482626587152481,0.0002482626587152481,0,False
3,g003_p000040_g002_p000019_g001_p000005_empty,g002_p000019_g001_p000005_empty,g003_811fb834c970bb7b_0009,40,43.0,9.0,24.0,4.04303937102668e-05,0.016534244641661644,0.0001995619386434555,0.0001995619386434555,0,False
3,g003_p000041_g002_p000019_g001_p000005_empty,g002_p000019_g001_p000005_empty,g003_811fb834c970bb7b_0009,41,43.0,11.0,24.0,4.04303937102668e-05,0.016429554671049118,9.487196803092957e-05,9.487196803092957e-05,0,False
3,g003_p000042_g002_p000019_g001_p000005_empty,g002_p000019_g001_p000005_empty,g003_811fb834c970bb7b_0009,42,11.0,42.0,19.0,3.970230318373069e-05,0.016496537253260612,0.000161854550242424,0.000161854550242424,0,False
3,g003_p000043_g002_p000019_g001_p000005_empty,g002_p000019_g001_p000005_empty,g003_811fb834c970bb7b_0009,43,13.0,42.0,19.0,3.970230318373069e-05,0.016431987285614014,9.73045825958252e-05,9.73045825958252e-05,0,False
3,g003_p000044_g002_p000019_g001_p000005_empty,g002_p000019_g001_p000005_empty,g003_811fb834c970bb7b_0009,44,9.0,9.0,16.0,3.959364039474167e-05,0.016426226124167442,9.154342114925385e-05,9.154342114925385e-05,0,False
3,g003_p000045_g002_p000019_g001_p000005_empty,g002_p000019_g001_p000005_empty,g003_811fb834c970bb7b_0009,45,11.0,11.0,16.0,3.959364039474167e-05,0.01640854962170124,7.386691868305206e-05,7.386691868305206e-05,0,False
3,g003_p000046_g002_p000019_g001_p000005_empty,g002_p000019_g001_p000005_empty,g003_811fb834c970bb7b_0009,46,11.0,44.0,20.0,3.9302336517721415e-05,0.016428181901574135,9.349919855594635e-05,9.349919855594635e-05,0,False
3,g003_p000047_g002_p000019_g001_p000005_empty,g002_p000019_g001_p000005_empty,g003_811fb834c970bb7b_0009,47,13.0,40.0,20.0,3.9302336517721415e-05,0.016548745334148407,0.0002140626311302185,0.0002140626311302185,0,False
3,g003_p000048_g002_p000025_g001_p000072_empty,g002_p000025_g001_p000072_empty,g003_811fb834c970bb7b_0009,48,13.0,42.0,18.0,3.917921640095301e-05,0.016456060111522675,0.00012137740850448608,0.00012137740850448608,0,False
3,g003_p000049_g002_p000025_g001_p000072_empty,g002_p000025_g001_p000072_empty,g003_811fb834c970bb7b_0009,49,11.0,42.0,18.0,3.91792127629742e-05,0.0164173673838377,8.268468081951141e-05,8.268468081951141e-05,0,False
3,g003_p000050_g002_p000025_g001_p000072_empty,g002_p000025_g001_p000072_empty,g003_811fb834c970bb7b_0009,50,13.0,43.0,19.0,3.916999776265584e-05,0.016496537253260612,0.000161854550242424,0.000161854550242424,0,False
3,g003_p000051_g002_p000025_g001_p000072_empty,g002_p000025_g001_p000072_empty,g003_811fb834c970bb7b_0009,51,11.0,41.0,19.0,3.9169990486698225e-05,0.016554469242691994,0.00021978653967380524,0.00021978653967380524,0,False
3,g003_p000052_g002_p000025_g001_p000072_empty,g002_p000025_g001_p000072_empty,g003_811fb834c970bb7b_0009,52,10.0,42.0,20.0,3.871337685268372e-05,0.016347436234354973,1.2753531336784363e-05,1.2753531336784363e-05,0,False
3,g003_p000053_g002_p000025_g001_p000072_empty,g002_p000025_g001_p000072_empty,g003_811fb834c970bb7b_0009,53,14.0,42.0,20.0,3.8713362300768495e-05,0.01643313653767109,9.84538346529007e-05,9.84538346529007e-05,0,False
3,g003_p000054_g002_p000025_g001_p000072_empty,g002_p000025_g001_p000072_empty,g003_811fb834c970bb7b_0009,54,8.0,10.0,17.0,3.868229759973474e-05,0.016609469428658485,0.00027478672564029694,0.00027478672564029694,0,False
3,g003_p000055_g002_p000025_g001_p000072_empty,g002_p000025_g001_p000072_empty,g003_811fb834c970bb7b_0009,55,12.0,10.0,17.0,3.868225394398905e-05,0.016453830525279045,0.00011914782226085663,0.00011914782226085663,0,False
3,g003_p000056_g002_p000025_g001_p000072_empty,g002_p000025_g001_p000072_empty,g003_811fb834c970bb7b_0009,56,12.0,39.0,20.0,3.7540554330917075e-05,0.016402600333094597,6.791763007640839e-05,6.791763007640839e-05,0,False
3,g003_p000057_g002_p000025_g001_p000072_empty,g002_p000025_g001_p000072_empty,g003_811fb834c970bb7b_0009,57,12.0,45.0,20.0,3.754055069293827e-05,0.016479188576340675,0.00014450587332248688,0.00014450587332248688,0,False
3,g003_p000058_g002_p000025_g001_p000072_empty,g002_p000025_g001_p000072_empty,g003_811fb834c970bb7b_0009,58,10.0,41.0,20.0,3.6571771488524973e-05,0.016548745334148407,0.0002140626311302185,0.0002140626311302185,0,False
3,g003_p000059_g002_p000025_g001_p000072_empty,g002_p000025_g001_p000072_empty,g003_811fb834c970bb7b_0009,59,14.0,43.0,20.0,3.657176421256736e-05,0.016428181901574135,9.349919855594635e-05,9.349919855594635e-05,0,False
3,g003_p000060_g002_p000031_g001_p000072_empty,g002_p000031_g001_p000072_empty,g003_811fb834c970bb7b_0009,60,13.0,43.0,18.0,3.6540033761411905e-05,0.0164173673838377,8.268468081951141e-05,8.268468081951141e-05,0,False
3,g003_p000061_g002_p000031_g001_p000072_empty,g002_p000031_g001_p000072_empty,g003_811fb834c970bb7b_0009,61,11.0,41.0,18.0,3.65400301234331e-05,0.01643010601401329,9.542331099510193e-05,9.542331099510193e-05,0,False
3,g003_p000062_g002_p000031_g001_p000072_empty,g002_p000031_g001_p000072_empty,g003_811fb834c970bb7b_0009,62,11.0,40.0,20.0,3.621663563535549e-05,0.01646859012544155,0.00013390742242336273,0.00013390742242336273,0,False
3,g003_p000063_g002_p000031_g001_p000072_empty,g002_p000031_g001_p000072_empty,g003_811fb834c970bb7b_0009,63,13.0,44.0,20.0,3.621662835939787e-05,0.016457729041576385,0.00012304633855819702,0.00012304633855819702,0,False
3,g003_p000064_g002_p000031_g001_p000072_empty,g002_p000031_g001_p000072_empty,g003_811fb834c970bb7b_0009,64,10.0,43.0,20.0,3.51569578924682e-05,0.01654990389943123,0.00021522119641304016,0.00021522119641304016,0,False
3,g003_p000065_g002_p000031_g001_p000072_empty,g002_p000031_g001_p000072_empty,g003_811fb834c970bb7b_0009,65,14.0,41.0,20.0,3.5156950616510585e-05,0.0164885725826025,0.00015388987958431244,0.00015388987958431244,0,False
3,g003_p000066_g002_p000031_g001_p000072_empty,g002_p000031_g001_p000072_empty,g003_811fb834c970bb7b_0009,66,10.0,40.0,20.0,3.493005351629108e-05,0.016411764547228813,7.70818442106247e-05,7.70818442106247e-05,0,False
3,g003_p000067_g002_p000031_g001_p000072_empty,g002_p000031_g001_p000072_empty,g003_811fb834c970bb7b_0009,67,14.0,44.0,20.0,3.4930038964375854e-05,0.01647869497537613,0.00014401227235794067,0.00014401227235794067,0,False
3,g003_p000068_g002_p000031_g001_p000072_empty,g002_p000031_g001_p000072_empty,g003_811fb834c970bb7b_0009,68,12.0,42.0,18.0,3.4676355426199734e-05,0.016546327620744705,0.00021164491772651672,0.00021164491772651672,0,False
3,g003_p000069_g002_p000031_g001_p000072_empty,g002_p000031_g001_p000072_empty,g003_811fb834c970bb7b_0009,69,27.0,9.0,35.0,3.465738336672075e-05,0.01648811064660549,0.00015342794358730316,0.00015342794358730316,0,False
3,g003_p000070_g002_p000031_g001_p000072_empty,g002_p000031_g001_p000072_empty,g003_811fb834c970bb7b_0009,70,25.0,11.0,35.0,3.465737609076314e-05,0.01648707687854767,0.00015239417552947998,0.00015239417552947998,0,False
3,g003_p000071_g002_p000031_g001_p000072_empty,g002_p000031_g001_p000072_empty,g003_811fb834c970bb7b_0009,71,27.0,10.0,35.0,3.465691770543344e-05,0.016385013237595558,5.033053457736969e-05,5.033053457736969e-05,0,False
3,g003_p000072_g002_p000037_g001_p000093_empty,g002_p000037_g001_p000093_empty,g003_811fb834c970bb7b_0009,72,25.0,10.0,35.0,3.4656914067454636e-05,0.016472551971673965,0.00013786926865577698,0.00013786926865577698,0,False
3,g003_p000073_g002_p000037_g001_p000093_empty,g002_p000037_g001_p000093_empty,g003_811fb834c970bb7b_0009,73,9.0,12.0,17.0,3.398280750843696e-05,0.016458071768283844,0.00012338906526565552,0.00012338906526565552,0,False
3,g003_p000074_g002_p000037_g001_p000093_empty,g002_p000037_g001_p000093_empty,g003_811fb834c970bb7b_0009,74,11.0,8.0,17.0,3.398280023247935e-05,0.016578666865825653,0.0002439841628074646,0.0002439841628074646,0,False
3,g003_p000075_g002_p000037_g001_p000093_empty,g002_p000037_g001_p000093_empty,g003_811fb834c970bb7b_0009,75,10.0,44.0,20.0,3.391651625861414e-05,0.016598189249634743,0.00026350654661655426,0.00026350654661655426,0,False
3,g003_p000076_g002_p000037_g001_p000093_empty,g002_p000037_g001_p000093_empty,g003_811fb834c970bb7b_0009,76,14.0,40.0,20.0,3.391651262063533e-05,0.016518322750926018,0.00018364004790782928,0.00018364004790782928,0,False
3,g003_p000077_g002_p000037_g001_p000093_empty,g002_p000037_g001_p000093_empty,g003_811fb834c970bb7b_0009,77,40.0,10.0,24.0,3.3683125366223976e-05,0.01646539382636547,0.0001307111233472824,0.0001307111233472824,0,False
3,g003_p000078_g002_p000037_g001_p000093_empty,g002_p000037_g001_p000093_empty,g003_811fb834c970bb7b_0009,78,42.0,8.0,24.0,3.368311809026636e-05,0.016628040000796318,0.0002933572977781296,0.0002933572977781296,0,False
3,g003_p000079_g002_p000037_g001_p000093_empty,g002_p000037_g001_p000093_empty,g003_811fb834c970bb7b_0009,79,42.0,12.0,24.0,3.3683114452287555e-05,0.016562143340706825,0.00022746063768863678,0.00022746063768863678,0,False
3,g003_p000080_g002_p000037_g001_p000093_empty,g002_p000037_g001_p000093_empty,g003_811fb834c970bb7b_0009,80,44.0,10.0,24.0,3.3683099900372326e-05,0.01661650277674198,0.00028182007372379303,0.00028182007372379303,0,False
3,g003_p000081_g002_p000037_g001_p000093_empty,g002_p000037_g001_p000093_empty,g003_811fb834c970bb7b_0009,81,25.0,8.0,37.0,3.309709427412599e-05,0.01652805507183075,0.00019337236881256104,0.00019337236881256104,0,False
3,g003_p000082_g002_p000037_g001_p000093_empty,g002_p000037_g001_p000093_empty,g003_811fb834c970bb7b_0009,82,27.0,12.0,37.0,3.3097079722210765e-05,0.016437657177448273,0.00010297447443008423,0.00010297447443008423,0,False
3,g003_p000083_g002_p000037_g001_p000093_empty,g002_p000037_g001_p000093_empty,g003_811fb834c970bb7b_0009,83,9.0,8.0,17.0,3.2807758543640375e-05,0.01635652408003807,2.1841377019882202e-05,2.1841377019882202e-05,0,False
3,g003_p000084_g002_p000043_g001_p000093_empty,g002_p000043_g001_p000093_empty,g003_811fb834c970bb7b_0009,84,11.0,12.0,17.0,3.2807733077788725e-05,0.016391821205615997,5.713850259780884e-05,5.713850259780884e-05,0,False
3,g003_p000085_g002_p000043_g001_p000093_empty,g002_p000043_g001_p000093_empty,g003_811fb834c970bb7b_0009,85,10.0,7.0,17.0,3.279349402873777e-05,0.016480593010783195,0.00014591030776500702,0.00014591030776500702,0,False
3,g003_p000086_g002_p000043_g001_p000093_empty,g002_p000043_g001_p000093_empty,g003_811fb834c970bb7b_0009,86,10.0,13.0,17.0,3.279348311480135e-05,0.016423340886831284,8.865818381309509e-05,8.865818381309509e-05,0,False
3,g003_p000087_g002_p000043_g001_p000093_empty,g002_p000043_g001_p000093_empty,g003_811fb834c970bb7b_0009,87,11.0,40.0,19.0,3.272023968747817e-05,0.016610849648714066,0.0002761669456958771,0.0002761669456958771,0,False
3,g003_p000088_g002_p000043_g001_p000093_empty,g002_p000043_g001_p000093_empty,g003_811fb834c970bb7b_0009,88,13.0,44.0,19.0,3.272023968747817e-05,0.016515031456947327,0.00018034875392913818,0.00018034875392913818,0,False
3,g003_p000089_g002_p000043_g001_p000093_empty,g002_p000043_g001_p000093_empty,g003_811fb834c970bb7b_0009,89,8.0,11.0,17.0,3.267771899118088e-05,0.01655968278646469,0.00022500008344650269,0.00022500008344650269,0,False
3,g003_p000090_g002_p000043_g001_p000093_empty,g002_p000043_g001_p000093_empty,g003_811fb834c970bb7b_0009,90,12.0,9.0,17.0,3.267769352532923e-05,0.016458071768283844,0.00012338906526565552,0.00012338906526565552,0,False
3,g003_p000091_g002_p000043_g001_p000093_empty,g002_p000043_g001_p000093_empty,g003_811fb834c970bb7b_0009,91,14.0,41.0,19.0,3.2167583412956446e-05,0.016464851796627045,0.0001301690936088562,0.0001301690936088562,0,False
3,g003_p000092_g002_p000043_g001_p000093_empty,g002_p000043_g001_p000093_empty,g003_811fb834c970bb7b_0009,92,10.0,43.0,19.0,3.216757977497764e-05,0.016549089923501015,0.00021440722048282623,0.00021440722048282623,0,False
3,g003_p000093_g002_p000043_g001_p000093_empty,g002_p000043_g001_p000093_empty,g003_811fb834c970bb7b_0009,93,12.0,40.0,19.0,3.1871608371147886e-05,0.01649654284119606,0.0001618601381778717,0.0001618601381778717,0,False
3,g003_p000094_g002_p000043_g001_p000093_empty,g002_p000043_g001_p000093_empty,g003_811fb834c970bb7b_0009,94,12.0,44.0,19.0,3.1871608371147886e-05,0.01648237369954586,0.00014769099652767181,0.00014769099652767181,0,False
3,g003_p000095_g002_p000043_g001_p000093_empty,g002_p000043_g001_p000093_empty,g003_811fb834c970bb7b_0009,95,14.0,44.0,19.0,3.177033431711607e-05,0.016414310783147812,7.962808012962341e-05,7.962808012962341e-05,0,False
4,g004_p000000_g003_p000010_g002_p000001_g001_p000057_empty,g003_p000010_g002_p000001_g001_p000057_empty,g004_16106ca292ed77f4_0010,0,12.0,42.0,19.0,8.122159488266334e-05,0.016542885452508926,0.00019877031445503235,0.00020820274949073792,0,False
4,g004_p000006_g003_p000010_g002_p000001_g001_p000057_empty,g003_p000010_g002_p000001_g001_p000057_empty,g004_16106ca292ed77f4_0010,1,12.0,43.0,20.0,6.900660810060799e-05,0.01643601432442665,9.189918637275696e-05,0.00010133162140846252,0,False
4,g004_p000012_g003_p000002_g002_p000001_g001_p000057_empty,g003_p000002_g002_p000001_g001_p000057_empty,g004_894ffe59016d2d7d_0011,0,12.0,42.0,19.0,8.034765778575093e-05,0.016605446115136147,0.0002580098807811737,0.00027076341211795807,0,False
4,g004_p000018_g003_p000002_g002_p000001_g001_p000057_empty,g003_p000002_g002_p000001_g001_p000057_empty,g004_894ffe59016d2d7d_0011,1,12.0,43.0,20.0,6.691588350804523e-05,0.016399793326854706,5.235709249973297e-05,6.511062383651733e-05,0,False
4,g004_p000024_g003_p000052_g002_p000025_g001_p000072_empty,g003_p000052_g002_p000025_g001_p000072_empty,g004_a428ffa9e7e75db4_0012,0,12.0,42.0,19.0,8.034765050979331e-05,0.016495004296302795,0.00014756806194782257,0.00016032159328460693,0,False
4,g004_p000030_g003_p000052_g002_p000025_g001_p000072_empty,g003_p000052_g002_p000025_g001_p000072_empty,g004_a428ffa9e7e75db4_0012,1,12.0,41.0,20.0,6.691589078400284e-05,0.016399793326854706,5.235709249973297e-05,6.511062383651733e-05,0,False
4,g004_p000036_g003_p000083_g002_p000037_g001_p000093_empty,g003_p000083_g002_p000037_g001_p000093_empty,g004_c1b986441871d48a_0013,0,12.0,42.0,19.0,8.122159488266334e-05,0.01652689278125763,0.00017036870121955872,0.00019221007823944092,0,False
4,g004_p000042_g003_p000083_g002_p000037_g001_p000093_empty,g003_p000083_g002_p000037_g001_p000093_empty,g004_c1b986441871d48a_0013,1,12.0,43.0,20.0,6.900660810060799e-05,0.01649859920144081,0.00014207512140274048,0.00016391649842262268,0,False
4,g004_p000048_g003_p000071_g002_p000031_g001_p000072_empty,g003_p000071_g002_p000031_g001_p000072_empty,g004_c5d1f83943cc16a5_0014,0,12.0,42.0,19.0,8.122159488266334e-05,0.01666031964123249,0.0002753064036369324,0.00032563693821430206,0,False
4,g004_p000054_g003_p000071_g002_p000031_g001_p000072_empty,g003_p000071_g002_p000031_g001_p000072_empty,g004_c5d1f83943cc16a5_0014,1,12.0,43.0,20.0,6.900660810060799e-05,0.016463175415992737,7.816217839717865e-05,0.00012849271297454834,0,False
4,g004_p000060_g003_p000005_g002_p000001_g001_p000057_empty,g003_p000005_g002_p000001_g001_p000057_empty,g004_dce4d0c094ec9972_0015,0,12.0,42.0,19.0,8.07266915217042e-05,0.016540952026844025,0.0001538693904876709,0.00020626932382583618,0,False
4,g004_p000066_g003_p000005_g002_p000001_g001_p000057_empty,g003_p000005_g002_p000001_g001_p000057_empty,g004_dce4d0c094ec9972_0015,1,12.0,41.0,20.0,6.608420517295599e-05,0.016485223546624184,9.81409102678299e-05,0.00015054084360599518,0,False
4,g004_p000072_g003_p000008_g002_p000001_g001_p000057_empty,g003_p000008_g002_p000001_g001_p000057_empty,g004_7fc40088ee7b658f_0016,0,12.0,42.0,19.0,8.122159488266334e-05,0.016521790996193886,0.00013404525816440582,0.00018710829317569733,0,False
4,g004_p000078_g003_p000008_g002_p000001_g001_p000057_empty,g003_p000008_g002_p000001_g001_p000057_empty,g004_7fc40088ee7b658f_0016,1,11.0,10.0,17.0,6.997386662987992e-05,0.016418905928730965,3.116019070148468e-05,8.422322571277618e-05,0,False
4,g004_p000084_g003_p000084_g002_p000043_g001_p000093_empty,g003_p000084_g002_p000043_g001_p000093_empty,g004_db3493eb0383eff5_0017,0,12.0,42.0,19.0,8.122159488266334e-05,0.016617197543382645,0.00022537633776664734,0.0002825148403644562,0,False
4,g004_p000090_g003_p000084_g002_p000043_g001_p000093_empty,g003_p000084_g002_p000043_g001_p000093_empty,g004_db3493eb0383eff5_0017,1,12.0,43.0,20.0,6.900660810060799e-05,0.01646995358169079,7.813237607479095e-05,0.0001352708786725998,0,False
5,g005_p000000_g004_p000001_g003_p000010_g002_p000001_g001_p000057_empty,g004_p000001_g003_p000010_g002_p000001_g001_p000057_empty,g005_a263bed8019ce0e2_0018,0,12.0,42.0,19.0,8.122159488266334e-05,0.0163892712444067,5.458854138851166e-05,5.458854138851166e-05,0,False
5,g005_p000001_g004_p000001_g003_p000010_g002_p000001_g001_p000057_empty,g004_p000001_g003_p000010_g002_p000001_g001_p000057_empty,g005_a263bed8019ce0e2_0018,1,12.0,43.0,20.0,6.900660810060799e-05,0.016503747552633286,0.00016906484961509705,0.00016906484961509705,0,False
5,g005_p000002_g004_p000001_g003_p000010_g002_p000001_g001_p000057_empty,g004_p000001_g003_p000010_g002_p000001_g001_p000057_empty,g005_a263bed8019ce0e2_0018,2,12.0,41.0,20.0,6.900660082465038e-05,0.01654360443353653,0.00020892173051834106,0.00020892173051834106,0,False
5,g005_p000003_g004_p000001_g003_p000010_g002_p000001_g001_p000057_empty,g004_p000001_g003_p000010_g002_p000001_g001_p000057_empty,g005_a263bed8019ce0e2_0018,3,11.0,10.0,17.0,6.275781925069168e-05,0.01642187498509884,8.719228208065033e-05,8.719228208065033e-05,0,False
5,g005_p000004_g004_p000001_g003_p000010_g002_p000001_g001_p000057_empty,g004_p000001_g003_p000010_g002_p000001_g001_p000057_empty,g005_a263bed8019ce0e2_0018,4,9.0,10.0,17.0,6.275781197473407e-05,0.016483835875988007,0.00014915317296981812,0.00014915317296981812,0,False
5,g005_p000005_g004_p000001_g003_p000010_g002_p000001_g001_p000057_empty,g004_p000001_g003_p000010_g002_p000001_g001_p000057_empty,g005_a263bed8019ce0e2_0018,5,11.0,43.0,20.0,6.144454528111964e-05,0.016413085162639618,7.840245962142944e-05,7.840245962142944e-05,0,False
5,g005_p000006_g004_p000001_g003_p000010_g002_p000001_g001_p000057_empty,g004_p000001_g003_p000010_g002_p000001_g001_p000057_empty,g005_a263bed8019ce0e2_0018,6,13.0,41.0,20.0,6.144453072920442e-05,0.01643313653767109,9.84538346529007e-05,9.84538346529007e-05,0,False
5,g005_p000007_g004_p000001_g003_p000010_g002_p000001_g001_p000057_empty,g004_p000001_g003_p000010_g002_p000001_g001_p000057_empty,g005_a263bed8019ce0e2_0018,7,9.0,11.0,17.0,5.940553455729969e-05,0.016539189964532852,0.0002045072615146637,0.0002045072615146637,0,False
5,g005_p000008_g004_p000001_g003_p000010_g002_p000001_g001_p000057_empty,g004_p000001_g003_p000010_g002_p000001_g001_p000057_empty,g005_a263bed8019ce0e2_0018,8,11.0,9.0,17.0,5.940550909144804e-05,0.01644360087811947,0.00010891817510128021,0.00010891817510128021,0,False
5,g005_p000009_g004_p000001_g003_p000010_g002_p000001_g001_p000057_empty,g004_p000001_g003_p000010_g002_p000001_g001_p000057_empty,g005_a263bed8019ce0e2_0018,9,10.0,9.0,17.0,5.9084559325128794e-05,0.01636594533920288,3.126263618469238e-05,3.126263618469238e-05,0,False
5,g005_p000010_g004_p000001_g003_p000010_g002_p000001_g001_p000057_empty,g004_p000001_g003_p000010_g002_p000001_g001_p000057_empty,g005_a263bed8019ce0e2_0018,10,10.0,11.0,17.0,5.908455204917118e-05,0.01640951633453369,7.483363151550293e-05,7.483363151550293e-05,0,False
5,g005_p000011_g004_p000001_g003_p000010_g002_p000001_g001_p000057_empty,g004_p000001_g003_p000010_g002_p000001_g001_p000057_empty,g005_a263bed8019ce0e2_0018,11,11.0,42.0,20.0,5.2042749302927405e-05,0.016387082636356354,5.239993333816528e-05,5.239993333816528e-05,0,False
5,g005_p000012_g004_p000007_g003_p000010_g002_p000001_g001_p000057_empty,g004_p000007_g003_p000010_g002_p000001_g001_p000057_empty,g005_a263bed8019ce0e2_0018,12,13.0,42.0,20.0,5.204273838899098e-05,0.016367565840482712,3.2883137464523315e-05,3.2883137464523315e-05,0,False
5,g005_p000013_g004_p000007_g003_p000010_g002_p000001_g001_p000057_empty,g004_p000007_g003_p000010_g002_p000001_g001_p000057_empty,g005_a263bed8019ce0e2_0018,13,12.0,43.0,19.0,5.1120747230015695e-05,0.016431987285614014,9.73045825958252e-05,9.73045825958252e-05,0,False
5,g005_p000014_g004_p000007_g003_p000010_g002_p000001_g001_p000057_empty,g004_p000007_g003_p000010_g002_p000001_g001_p000057_empty,g005_a263bed8019ce0e2_0018,14,12.0,41.0,19.0,5.112074359203689e-05,0.016526207327842712,0.00019152462482452393,0.00019152462482452393,0,False
5,g005_p000015_g004_p000007_g003_p000010_g002_p000001_g001_p000057_empty,g004_p000007_g003_p000010_g002_p000001_g001_p000057_empty,g005_a263bed8019ce0e2_0018,15,10.0,11.0,16.0,5.102583600091748e-05,0.01637604460120201,4.136189818382263e-05,4.136189818382263e-05,0,False
5,g005_p000016_g004_p000007_g003_p000010_g002_p000001_g001_p000057_empty,g004_p000007_g003_p000010_g002_p000001_g001_p000057_empty,g005_a263bed8019ce0e2_0018,16,10.0,9.0,16.0,5.102581053506583e-05,0.016453713178634644,0.00011903047561645508,0.00011903047561645508,0,False
5,g005_p000017_g004_p000007_g003_p000010_g002_p000001_g001_p000057_empty,g004_p000007_g003_p000010_g002_p000001_g001_p000057_empty,g005_a263bed8019ce0e2_0018,17,25.0,9.0,36.0,4.963566971127875e-05,0.016467586159706116,0.00013290345668792725,0.00013290345668792725,0,False
5,g005_p000018_g004_p000007_g003_p000010_g002_p000001_g001_p000057_empty,g004_p000007_g003_p000010_g002_p000001_g001_p000057_empty,g005_a263bed8019ce0e2_0018,18,27.0,11.0,36.0,4.9635651521384716e-05,0.016454903408885002,0.00012022070586681366,0.00012022070586681366,0,False
5,g005_p000019_g004_p000007_g003_p000010_g002_p000001_g001_p000057_empty,g004_p000007_g003_p000010_g002_p000001_g001_p000057_empty,g005_a263bed8019ce0e2_0018,19,11.0,10.0,16.0,4.89582926093135e-05,0.01647954247891903,0.00014485977590084076,0.00014485977590084076,0,False
5,g005_p000020_g004_p000007_g003_p000010_g002_p000001_g001_p000057_empty,g004_p000007_g003_p000010_g002_p000001_g001_p000057_empty,g005_a263bed8019ce0e2_0018,20,9.0,10.0,16.0,4.8958278057398275e-05,0.016440946608781815,0.0001062639057636261,0.0001062639057636261,0,False
5,g005_p000021_g004_p000007_g003_p000010_g002_p000001_g001_p000057_empty,g004_p000007_g003_p000010_g002_p000001_g001_p000057_empty,g005_a263bed8019ce0e2_0018,21,12.0,44.0,20.0,4.890865966444835e-05,0.01643313653767109,9.84538346529007e-05,9.84538346529007e-05,0,False
5,g005_p000022_g004_p000007_g003_p000010_g002_p000001_g001_p000057_empty,g004_p000007_g003_p000010_g002_p000001_g001_p000057_empty,g005_a263bed8019ce0e2_0018,22,12.0,40.0,20.0,4.8908656026469544e-05,0.016533760353922844,0.00019907765090465546,0.00019907765090465546,0,False
5,g005_p000023_g004_p000007_g003_p000010_g002_p000001_g001_p000057_empty,g004_p000007_g003_p000010_g002_p000001_g001_p000057_empty,g005_a263bed8019ce0e2_0018,23,11.0,41.0,20.0,4.62875614175573e-05,0.016558581963181496,0.0002238992601633072,0.0002238992601633072,0,False
5,g005_p000024_g004_p000013_g003_p000002_g002_p000001_g001_p000057_empty,g004_p000013_g003_p000002_g002_p000001_g001_p000057_empty,g005_a263bed8019ce0e2_0018,24,13.0,43.0,20.0,4.628755777957849e-05,0.016501890495419502,0.00016720779240131378,0.00016720779240131378,0,False
5,g005_p000025_g004_p000013_g003_p000002_g002_p000001_g001_p000057_empty,g004_p000013_g003_p000002_g002_p000001_g001_p000057_empty,g005_a263bed8019ce0e2_0018,25,12.0,42.0,20.0,4.379302481538616e-05,0.01650545373558998,0.0001707710325717926,0.0001707710325717926,0,False
5,g005_p000026_g004_p000013_g003_p000002_g002_p000001_g001_p000057_empty,g004_p000013_g003_p000002_g002_p000001_g001_p000057_empty,g005_a263bed8019ce0e2_0018,26,41.0,10.0,24.0,4.329717921791598e-05,0.016467971727252007,0.00013328902423381805,0.00013328902423381805,0,False
5,g005_p000027_g004_p000013_g003_p000002_g002_p000001_g001_p000057_empty,g004_p000013_g003_p000002_g002_p000001_g001_p000057_empty,g005_a263bed8019ce0e2_0018,27,42.0,9.0,24.0,4.329716830397956e-05,0.01639799028635025,6.330758333206177e-05,6.330758333206177e-05,0,False
5,g005_p000028_g004_p000013_g003_p000002_g002_p000001_g001_p000057_empty,g004_p000013_g003_p000002_g002_p000001_g001_p000057_empty,g005_a263bed8019ce0e2_0018,28,42.0,11.0,24.0,4.3297164666000754e-05,0.01636868715286255,3.400444984436035e-05,3.400444984436035e-05,0,False
5,g005_p000029_g004_p000013_g003_p000002_g002_p000001_g001_p000057_empty,g004_p000013_g003_p000002_g002_p000001_g001_p000057_empty,g005_a263bed8019ce0e2_0018,29,43.0,10.0,24.0,4.329715375206433e-05,0.016604764387011528,0.00027008168399333954,0.00027008168399333954,0,False
5,g005_p000030_g004_p000013_g003_p000002_g002_p000001_g001_p000057_empty,g004_p000013_g003_p000002_g002_p000001_g001_p000057_empty,g005_a263bed8019ce0e2_0018,30,26.0,9.0,36.0,4.188812818028964e-05,0.016527462750673294,0.0001927800476551056,0.0001927800476551056,0,False
5,g005_p000031_g004_p000013_g003_p000002_g002_p000001_g001_p000057_empty,g004_p000013_g003_p000002_g002_p000001_g001_p000057_empty,g005_a263bed8019ce0e2_0018,31,26.0,11.0,36.0,4.188812090433203e-05,0.01643211953341961,9.74368304014206e-05,9.74368304014206e-05,0,False
5,g005_p000032_g004_p000013_g003_p000002_g002_p000001_g001_p000057_empty,g004_p000013_g003_p000002_g002_p000001_g001_p000057_empty,g005_a263bed8019ce0e2_0018,32,25.0,10.0,36.0,4.1871462599374354e-05,0.016444500535726547,0.00010981783270835876,0.00010981783270835876,0,False
5,g005_p000033_g004_p000013_g003_p000002_g002_p000001_g001_p000057_empty,g004_p000013_g003_p000002_g002_p000001_g001_p000057_empty,g005_a263bed8019ce0e2_0018,33,27.0,10.0,36.0,4.1871437133522704e-05,0.016442401334643364,0.00010771863162517548,0.00010771863162517548,0,False
5,g005_p000034_g004_p000013_g003_p000002_g002_p000001_g001_p000057_empty,g004_p000013_g003_p000002_g002_p000001_g001_p000057_empty,g005_a263bed8019ce0e2_0018,34,9.0,9.0,17.0,4.111378439120017e-05,0.016364283859729767,2.960115671157837e-05,2.960115671157837e-05,0,False
5,g005_p000035_g004_p000013_g003_p000002_g002_p000001_g001_p000057_empty,g004_p000013_g003_p000002_g002_p000001_g001_p000057_empty,g005_a263bed8019ce0e2_0018,35,11.0,11.0,17.0,4.111373709747568e-05,0.016477739438414574,0.0001430567353963852,0.0001430567353963852,0,False
5,g005_p000036_g004_p000019_g003_p000002_g002_p000001_g001_p000057_empty,g004_p000019_g003_p000002_g002_p000001_g001_p000057_empty,g005_a263bed8019ce0e2_0018,36,10.0,8.0,17.0,4.091047594556585e-05,0.016447165980935097,0.00011248327791690826,0.00011248327791690826,0,False
5,g005_p000037_g004_p000019_g003_p000002_g002_p000001_g001_p000057_empty,g004_p000019_g003_p000002_g002_p000001_g001_p000057_empty,g005_a263bed8019ce0e2_0018,37,10.0,12.0,17.0,4.091047230758704e-05,0.016461985185742378,0.00012730248272418976,0.00012730248272418976,0,False
5,g005_p000038_g004_p000019_g003_p000002_g002_p000001_g001_p000057_empty,g004_p000019_g003_p000002_g002_p000001_g001_p000057_empty,g005_a263bed8019ce0e2_0018,38,41.0,9.0,24.0,4.043041553813964e-05,0.01660136692225933,0.0002666842192411423,0.0002666842192411423,0,False
5,g005_p000039_g004_p000019_g003_p000002_g002_p000001_g001_p000057_empty,g004_p000019_g003_p000002_g002_p000001_g001_p000057_empty,g005_a263bed8019ce0e2_0018,39,41.0,11.0,24.0,4.0430411900160834e-05,0.0164515171200037,0.00011683441698551178,0.00011683441698551178,0,False
5,g005_p000040_g004_p000019_g003_p000002_g002_p000001_g001_p000057_empty,g004_p000019_g003_p000002_g002_p000001_g001_p000057_empty,g005_a263bed8019ce0e2_0018,40,43.0,9.0,24.0,4.04303937102668e-05,0.01643417403101921,9.949132800102234e-05,9.949132800102234e-05,0,False
5,g005_p000041_g004_p000019_g003_p000002_g002_p000001_g001_p000057_empty,g004_p000019_g003_p000002_g002_p000001_g001_p000057_empty,g005_a263bed8019ce0e2_0018,41,43.0,11.0,24.0,4.04303937102668e-05,0.01650170050561428,0.00016701780259609222,0.00016701780259609222,0,False
5,g005_p000042_g004_p000019_g003_p000002_g002_p000001_g001_p000057_empty,g004_p000019_g003_p000002_g002_p000001_g001_p000057_empty,g005_a263bed8019ce0e2_0018,42,11.0,42.0,19.0,3.970230318373069e-05,0.016496537253260612,0.000161854550242424,0.000161854550242424,0,False
5,g005_p000043_g004_p000019_g003_p000002_g002_p000001_g001_p000057_empty,g004_p000019_g003_p000002_g002_p000001_g001_p000057_empty,g005_a263bed8019ce0e2_0018,43,13.0,42.0,19.0,3.970230318373069e-05,0.016417760401964188,8.307769894599915e-05,8.307769894599915e-05,0,False
5,g005_p000044_g004_p000019_g003_p000002_g002_p000001_g001_p000057_empty,g004_p000019_g003_p000002_g002_p000001_g001_p000057_empty,g005_a263bed8019ce0e2_0018,44,9.0,9.0,16.0,3.959364039474167e-05,0.016447264701128006,0.0001125819981098175,0.0001125819981098175,0,False
5,g005_p000045_g004_p000019_g003_p000002_g002_p000001_g001_p000057_empty,g004_p000019_g003_p000002_g002_p000001_g001_p000057_empty,g005_a263bed8019ce0e2_0018,45,11.0,11.0,16.0,3.959364039474167e-05,0.016496757045388222,0.00016207434237003326,0.00016207434237003326,0,False
5,g005_p000046_g004_p000019_g003_p000002_g002_p000001_g001_p000057_empty,g004_p000019_g003_p000002_g002_p000001_g001_p000057_empty,g005_a263bed8019ce0e2_0018,46,11.0,44.0,20.0,3.9302336517721415e-05,0.016383495181798935,4.881247878074646e-05,4.881247878074646e-05,0,False
5,g005_p000047_g004_p000019_g003_p000002_g002_p000001_g001_p000057_empty,g004_p000019_g003_p000002_g002_p000001_g001_p000057_empty,g005_a263bed8019ce0e2_0018,47,13.0,40.0,20.0,3.9302336517721415e-05,0.0164885725826025,0.00015388987958431244,0.00015388987958431244,0,False
5,g005_p000048_g004_p000025_g003_p000052_g002_p000025_g001_p000072_empty,g004_p000025_g003_p000052_g002_p000025_g001_p000072_empty,g005_a263bed8019ce0e2_0018,48,13.0,42.0,18.0,3.917921640095301e-05,0.01662488467991352,0.00029020197689533234,0.00029020197689533234,0,False
5,g005_p000049_g004_p000025_g003_p000052_g002_p000025_g001_p000072_empty,g004_p000025_g003_p000052_g002_p000025_g001_p000072_empty,g005_a263bed8019ce0e2_0018,49,11.0,42.0,18.0,3.91792127629742e-05,0.0164173673838377,8.268468081951141e-05,8.268468081951141e-05,0,False
5,g005_p000050_g004_p000025_g003_p000052_g002_p000025_g001_p000072_empty,g004_p000025_g003_p000052_g002_p000025_g001_p000072_empty,g005_a263bed8019ce0e2_0018,50,13.0,43.0,19.0,3.916999776265584e-05,0.016417760401964188,8.307769894599915e-05,8.307769894599915e-05,0,False
5,g005_p000051_g004_p000025_g003_p000052_g002_p000025_g001_p000072_empty,g004_p000025_g003_p000052_g002_p000025_g001_p000072_empty,g005_a263bed8019ce0e2_0018,51,11.0,41.0,19.0,3.9169990486698225e-05,0.016507739201188087,0.000173056498169899,0.000173056498169899,0,False
5,g005_p000052_g004_p000025_g003_p000052_g002_p000025_g001_p000072_empty,g004_p000025_g003_p000052_g002_p000025_g001_p000072_empty,g005_a263bed8019ce0e2_0018,52,10.0,42.0,20.0,3.871337685268372e-05,0.01655198633670807,0.00021730363368988037,0.00021730363368988037,0,False
5,g005_p000053_g004_p000025_g003_p000052_g002_p000025_g001_p000072_empty,g004_p000025_g003_p000052_g002_p000025_g001_p000072_empty,g005_a263bed8019ce0e2_0018,53,14.0,42.0,20.0,3.8713362300768495e-05,0.016558393836021423,0.00022371113300323486,0.00022371113300323486,0,False
5,g005_p000054_g004_p000025_g003_p000052_g002_p000025_g001_p000072_empty,g004_p000025_g003_p000052_g002_p000025_g001_p000072_empty,g005_a263bed8019ce0e2_0018,54,8.0,10.0,17.0,3.868229759973474e-05,0.016411932185292244,7.724948227405548e-05,7.724948227405548e-05,0,False
5,g005_p000055_g004_p000025_g003_p000052_g002_p000025_g001_p000072_empty,g004_p000025_g003_p000052_g002_p000025_g001_p000072_empty,g005_a263bed8019ce0e2_0018,55,12.0,10.0,17.0,3.868225394398905e-05,0.01643090508878231,9.622238576412201e-05,9.622238576412201e-05,0,False
5,g005_p000056_g004_p000025_g003_p000052_g002_p000025_g001_p000072_empty,g004_p000025_g003_p000052_g002_p000025_g001_p000072_empty,g005_a263bed8019ce0e2_0018,56,12.0,39.0,20.0,3.7540554330917075e-05,0.016508474946022034,0.00017379224300384521,0.00017379224300384521,0,False
5,g005_p000057_g004_p000025_g003_p000052_g002_p000025_g001_p000072_empty,g004_p000025_g003_p000052_g002_p000025_g001_p000072_empty,g005_a263bed8019ce0e2_0018,57,12.0,45.0,20.0,3.754055069293827e-05,0.016489947214722633,0.00015526451170444489,0.00015526451170444489,0,False
5,g005_p000058_g004_p000025_g003_p000052_g002_p000025_g001_p000072_empty,g004_p000025_g003_p000052_g002_p000025_g001_p000072_empty,g005_a263bed8019ce0e2_0018,58,10.0,41.0,20.0,3.6571771488524973e-05,0.016428181901574135,9.349919855594635e-05,9.349919855594635e-05,0,False
5,g005_p000059_g004_p000025_g003_p000052_g002_p000025_g001_p000072_empty,g004_p000025_g003_p000052_g002_p000025_g001_p000072_empty,g005_a263bed8019ce0e2_0018,59,14.0,43.0,20.0,3.657176421256736e-05,0.016518013551831245,0.00018333084881305695,0.00018333084881305695,0,False
5,g005_p000060_g004_p000031_g003_p000052_g002_p000025_g001_p000072_empty,g004_p000031_g003_p000052_g002_p000025_g001_p000072_empty,g005_a263bed8019ce0e2_0018,60,13.0,43.0,18.0,3.6540033761411905e-05,0.016552509739995003,0.00021782703697681427,0.00021782703697681427,0,False
5,g005_p000061_g004_p000031_g003_p000052_g002_p000025_g001_p000072_empty,g004_p000031_g003_p000052_g002_p000025_g001_p000072_empty,g005_a263bed8019ce0e2_0018,61,11.0,41.0,18.0,3.65400301234331e-05,0.016456060111522675,0.00012137740850448608,0.00012137740850448608,0,False
5,g005_p000062_g004_p000031_g003_p000052_g002_p000025_g001_p000072_empty,g004_p000031_g003_p000052_g002_p000025_g001_p000072_empty,g005_a263bed8019ce0e2_0018,62,11.0,40.0,20.0,3.621663563535549e-05,0.016608700156211853,0.00027401745319366455,0.00027401745319366455,0,False
5,g005_p000063_g004_p000031_g003_p000052_g002_p000025_g001_p000072_empty,g004_p000031_g003_p000052_g002_p000025_g001_p000072_empty,g005_a263bed8019ce0e2_0018,63,13.0,44.0,20.0,3.621662835939787e-05,0.01649332046508789,0.00015863776206970215,0.00015863776206970215,0,False
5,g005_p000064_g004_p000031_g003_p000052_g002_p000025_g001_p000072_empty,g004_p000031_g003_p000052_g002_p000025_g001_p000072_empty,g005_a263bed8019ce0e2_0018,64,10.0,43.0,20.0,3.51569578924682e-05,0.016578398644924164,0.00024371594190597534,0.00024371594190597534,0,False
5,g005_p000065_g004_p000031_g003_p000052_g002_p000025_g001_p000072_empty,g004_p000031_g003_p000052_g002_p000025_g001_p000072_empty,g005_a263bed8019ce0e2_0018,65,14.0,41.0,20.0,3.5156950616510585e-05,0.01641232520341873,7.764250040054321e-05,7.764250040054321e-05,0,False
5,g005_p000066_g004_p000031_g003_p000052_g002_p000025_g001_p000072_empty,g004_p000031_g003_p000052_g002_p000025_g001_p000072_empty,g005_a263bed8019ce0e2_0018,66,10.0,40.0,20.0,3.493005351629108e-05,0.016425032168626785,9.03494656085968e-05,9.03494656085968e-05,0,False
5,g005_p000067_g004_p000031_g003_p000052_g002_p000025_g001_p000072_empty,g004_p000031_g003_p000052_g002_p000025_g001_p000072_empty,g005_a263bed8019ce0e2_0018,67,14.0,44.0,20.0,3.4930038964375854e-05,0.01647869497537613,0.00014401227235794067,0.00014401227235794067,0,False
5,g005_p000068_g004_p000031_g003_p000052_g002_p000025_g001_p000072_empty,g004_p000031_g003_p000052_g002_p000025_g001_p000072_empty,g005_a263bed8019ce0e2_0018,68,12.0,42.0,18.0,3.4676355426199734e-05,0.01636718213558197,3.249943256378174e-05,3.249943256378174e-05,0,False
5,g005_p000069_g004_p000031_g003_p000052_g002_p000025_g001_p000072_empty,g004_p000031_g003_p000052_g002_p000025_g001_p000072_empty,g005_a263bed8019ce0e2_0018,69,27.0,9.0,35.0,3.465738336672075e-05,0.016482017934322357,0.0001473352313041687,0.0001473352313041687,0,False
5,g005_p000070_g004_p000031_g003_p000052_g002_p000025_g001_p000072_empty,g004_p000031_g003_p000052_g002_p000025_g001_p000072_empty,g005_a263bed8019ce0e2_0018,70,25.0,11.0,35.0,3.465737609076314e-05,0.01641741208732128,8.272938430309296e-05,8.272938430309296e-05,0,False
5,g005_p000071_g004_p000031_g003_p000052_g002_p000025_g001_p000072_empty,g004_p000031_g003_p000052_g002_p000025_g001_p000072_empty,g005_a263bed8019ce0e2_0018,71,27.0,10.0,35.0,3.465691770543344e-05,0.016475416719913483,0.0001407340168952942,0.0001407340168952942,0,False
5,g005_p000072_g004_p000037_g003_p000083_g002_p000037_g001_p000093_empty,g004_p000037_g003_p000083_g002_p000037_g001_p000093_empty,g005_a263bed8019ce0e2_0018,72,25.0,10.0,35.0,3.4656914067454636e-05,0.01648521237075329,0.0001505296677350998,0.0001505296677350998,0,False
5,g005_p000073_g004_p000037_g003_p000083_g002_p000037_g001_p000093_empty,g004_p000037_g003_p000083_g002_p000037_g001_p000093_empty,g005_a263bed8019ce0e2_0018,73,9.0,12.0,17.0,3.398280750843696e-05,0.016566423699259758,0.00023174099624156952,0.00023174099624156952,0,False
5,g005_p000074_g004_p000037_g003_p000083_g002_p000037_g001_p000093_empty,g004_p000037_g003_p000083_g002_p000037_g001_p000093_empty,g005_a263bed8019ce0e2_0018,74,11.0,8.0,17.0,3.398280023247935e-05,0.01641055755317211,7.587485015392303e-05,7.587485015392303e-05,0,False
5,g005_p000075_g004_p000037_g003_p000083_g002_p000037_g001_p000093_empty,g004_p000037_g003_p000083_g002_p000037_g001_p000093_empty,g005_a263bed8019ce0e2_0018,75,10.0,44.0,20.0,3.391651625861414e-05,0.016375327482819557,4.064477980136871e-05,4.064477980136871e-05,0,False
5,g005_p000076_g004_p000037_g003_p000083_g002_p000037_g001_p000093_empty,g004_p000037_g003_p000083_g002_p000037_g001_p000093_empty,g005_a263bed8019ce0e2_0018,76,14.0,40.0,20.0,3.391651262063533e-05,0.016426678746938705,9.199604392051697e-05,9.199604392051697e-05,0,False
5,g005_p000077_g004_p000037_g003_p000083_g002_p000037_g001_p000093_empty,g004_p000037_g003_p000083_g002_p000037_g001_p000093_empty,g005_a263bed8019ce0e2_0018,77,40.0,10.0,24.0,3.3683125366223976e-05,0.016572782769799232,0.000238100066781044,0.000238100066781044,0,False
5,g005_p000078_g004_p000037_g003_p000083_g002_p000037_g001_p000093_empty,g004_p000037_g003_p000083_g002_p000037_g001_p000093_empty,g005_a263bed8019ce0e2_0018,78,42.0,8.0,24.0,3.368311809026636e-05,0.016498282551765442,0.00016359984874725342,0.00016359984874725342,0,False
5,g005_p000079_g004_p000037_g003_p000083_g002_p000037_g001_p000093_empty,g004_p000037_g003_p000083_g002_p000037_g001_p000093_empty,g005_a263bed8019ce0e2_0018,79,42.0,12.0,24.0,3.3683114452287555e-05,0.016611935570836067,0.0002772528678178787,0.0002772528678178787,0,False
5,g005_p000080_g004_p000037_g003_p000083_g002_p000037_g001_p000093_empty,g004_p000037_g003_p000083_g002_p000037_g001_p000093_empty,g005_a263bed8019ce0e2_0018,80,44.0,10.0,24.0,3.3683099900372326e-05,0.016366368159651756,3.168545663356781e-05,3.168545663356781e-05,0,False
5,g005_p000081_g004_p000037_g003_p000083_g002_p000037_g001_p000093_empty,g004_p000037_g003_p000083_g002_p000037_g001_p000093_empty,g005_a263bed8019ce0e2_0018,81,25.0,8.0,37.0,3.309709427412599e-05,0.01656825840473175,0.000233575701713562,0.000233575701713562,0,False
5,g005_p000082_g004_p000037_g003_p000083_g002_p000037_g001_p000093_empty,g004_p000037_g003_p000083_g002_p000037_g001_p000093_empty,g005_a263bed8019ce0e2_0018,82,27.0,12.0,37.0,3.3097079722210765e-05,0.01652805507183075,0.00019337236881256104,0.00019337236881256104,0,False
5,g005_p000083_g004_p000037_g003_p000083_g002_p000037_g001_p000093_empty,g004_p000037_g003_p000083_g002_p000037_g001_p000093_empty,g005_a263bed8019ce0e2_0018,83,9.0,8.0,17.0,3.2807758543640375e-05,0.016486821696162224,0.00015213899314403534,0.00015213899314403534,0,False
5,g005_p000084_g004_p000043_g003_p000083_g002_p000037_g001_p000093_empty,g004_p000043_g003_p000083_g002_p000037_g001_p000093_empty,g005_a263bed8019ce0e2_0018,84,11.0,12.0,17.0,3.2807733077788725e-05,0.016435086727142334,0.00010040402412414551,0.00010040402412414551,0,False
5,g005_p000085_g004_p000043_g003_p000083_g002_p000037_g001_p000093_empty,g004_p000043_g003_p000083_g002_p000037_g001_p000093_empty,g005_a263bed8019ce0e2_0018,85,10.0,7.0,17.0,3.279349402873777e-05,0.016535405069589615,0.0002007223665714264,0.0002007223665714264,0,False
5,g005_p000086_g004_p000043_g003_p000083_g002_p000037_g001_p000093_empty,g004_p000043_g003_p000083_g002_p000037_g001_p000093_empty,g005_a263bed8019ce0e2_0018,86,10.0,13.0,17.0,3.279348311480135e-05,0.016501998528838158,0.00016731582581996918,0.00016731582581996918,0,False
5,g005_p000087_g004_p000043_g003_p000083_g002_p000037_g001_p000093_empty,g004_p000043_g003_p000083_g002_p000037_g001_p000093_empty,g005_a263bed8019ce0e2_0018,87,11.0,40.0,19.0,3.272023968747817e-05,0.016430512070655823,9.582936763763428e-05,9.582936763763428e-05,0,False
5,g005_p000088_g004_p000043_g003_p000083_g002_p000037_g001_p000093_empty,g004_p000043_g003_p000083_g002_p000037_g001_p000093_empty,g005_a263bed8019ce0e2_0018,88,13.0,44.0,19.0,3.272023968747817e-05,0.016496550291776657,0.00016186758875846863,0.00016186758875846863,0,False
5,g005_p000089_g004_p000043_g003_p000083_g002_p000037_g001_p000093_empty,g004_p000043_g003_p000083_g002_p000037_g001_p000093_empty,g005_a263bed8019ce0e2_0018,89,8.0,11.0,17.0,3.267771899118088e-05,0.01641855202615261,8.38693231344223e-05,8.38693231344223e-05,0,False
5,g005_p000090_g004_p000043_g003_p000083_g002_p000037_g001_p000093_empty,g004_p000043_g003_p000083_g002_p000037_g001_p000093_empty,g005_a263bed8019ce0e2_0018,90,12.0,9.0,17.0,3.267769352532923e-05,0.016549281775951385,0.00021459907293319702,0.00021459907293319702,0,False
5,g005_p000091_g004_p000043_g003_p000083_g002_p000037_g001_p000093_empty,g004_p000043_g003_p000083_g002_p000037_g001_p000093_empty,g005_a263bed8019ce0e2_0018,91,14.0,41.0,19.0,3.2167583412956446e-05,0.016430510208010674,9.582750499248505e-05,9.582750499248505e-05,0,False
5,g005_p000092_g004_p000043_g003_p000083_g002_p000037_g001_p000093_empty,g004_p000043_g003_p000083_g002_p000037_g001_p000093_empty,g005_a263bed8019ce0e2_0018,92,10.0,43.0,19.0,3.216757977497764e-05,0.016482379287481308,0.0001476965844631195,0.0001476965844631195,0,False
5,g005_p000093_g004_p000043_g003_p000083_g002_p000037_g001_p000093_empty,g004_p000043_g003_p000083_g002_p000037_g001_p000093_empty,g005_a263bed8019ce0e2_0018,93,12.0,40.0,19.0,3.1871608371147886e-05,0.016417760401964188,8.307769894599915e-05,8.307769894599915e-05,0,False
5,g005_p000094_g004_p000043_g003_p000083_g002_p000037_g001_p000093_empty,g004_p000043_g003_p000083_g002_p000037_g001_p000093_empty,g005_a263bed8019ce0e2_0018,94,12.0,44.0,19.0,3.1871608371147886e-05,0.01649654284119606,0.0001618601381778717,0.0001618601381778717,0,False
5,g005_p000095_g004_p000043_g003_p000083_g002_p000037_g001_p000093_empty,g004_p000043_g003_p000083_g002_p000037_g001_p000093_empty,g005_a263bed8019ce0e2_0018,95,14.0,44.0,19.0,3.177033431711607e-05,0.01662638783454895,0.0002917051315307617,0.0002917051315307617,0,False
6,g006_p000000_g005_p000034_g004_p000013_g003_p000002_g002_p000001_g001_p000057_empty,g005_p000034_g004_p000013_g003_p000002_g002_p000001_g001_p000057_empty,g006_6fad723f8569fa2d_0019,0,12.0,42.0,19.0,8.122159488266334e-05,0.016639934852719307,0.0002756509929895401,0.00030525214970111847,0,False
6,g006_p000006_g005_p000034_g004_p000013_g003_p000002_g002_p000001_g001_p000057_empty,g005_p000034_g004_p000013_g003_p000002_g002_p000001_g001_p000057_empty,g006_6fad723f8569fa2d_0019,1,12.0,43.0,20.0,6.900660810060799e-05,0.01655823551118374,0.00019395165145397186,0.00022355280816555023,0,False
6,g006_p000012_g005_p000009_g004_p000001_g003_p000010_g002_p000001_g001_p000057_empty,g005_p000009_g004_p000001_g003_p000010_g002_p000001_g001_p000057_empty,g006_60b41b543692551a_0020,0,12.0,42.0,19.0,8.122159488266334e-05,0.01652110554277897,0.00015516020357608795,0.00018642283976078033,0,False
6,g006_p000018_g005_p000009_g004_p000001_g003_p000010_g002_p000001_g001_p000057_empty,g005_p000009_g004_p000001_g003_p000010_g002_p000001_g001_p000057_empty,g006_60b41b543692551a_0020,1,12.0,43.0,20.0,6.900660810060799e-05,0.016494810581207275,0.00012886524200439453,0.00016012787818908691,0,False
6,g006_p000024_g005_p000080_g004_p000037_g003_p000083_g002_p000037_g001_p000093_empty,g005_p000080_g004_p000037_g003_p000083_g002_p000037_g001_p000093_empty,g006_5b47211ed99869fb_0021,0,12.0,42.0,19.0,8.122159488266334e-05,0.016521524637937546,0.0001551564782857895,0.0001868419349193573,0,False
6,g006_p000030_g005_p000080_g004_p000037_g003_p000083_g002_p000037_g001_p000093_empty,g005_p000080_g004_p000037_g003_p000083_g002_p000037_g001_p000093_empty,g006_5b47211ed99869fb_0021,1,12.0,43.0,20.0,6.900660810060799e-05,0.01648326776921749,0.00011689960956573486,0.00014858506619930267,0,False
6,g006_p000036_g005_p000068_g004_p000031_g003_p000052_g002_p000025_g001_p000072_empty,g005_p000068_g004_p000031_g003_p000052_g002_p000025_g001_p000072_empty,g006_85240ec1e1afdfea_0022,0,12.0,42.0,19.0,8.296583837363869e-05,0.016354138031601906,-1.3044103980064392e-05,1.9455328583717346e-05,0,False
6,g006_p000042_g005_p000068_g004_p000031_g003_p000052_g002_p000025_g001_p000072_empty,g005_p000068_g004_p000031_g003_p000052_g002_p000025_g001_p000072_empty,g006_85240ec1e1afdfea_0022,1,12.0,43.0,20.0,7.075084431562573e-05,0.01646001823246479,9.283609688282013e-05,0.00012533552944660187,0,False
6,g006_p000048_g005_p000012_g004_p000007_g003_p000010_g002_p000001_g001_p000057_empty,g005_p000012_g004_p000007_g003_p000010_g002_p000001_g001_p000057_empty,g006_3b631595f6276377_0023,0,12.0,42.0,19.0,8.368760609300807e-05,0.016419388353824615,5.1822513341903687e-05,8.4705650806427e-05,0,False
6,g006_p000054_g005_p000012_g004_p000007_g003_p000010_g002_p000001_g001_p000057_empty,g005_p000012_g004_p000007_g003_p000010_g002_p000001_g001_p000057_empty,g006_3b631595f6276377_0023,1,12.0,41.0,20.0,7.11820466676727e-05,0.016628295183181763,0.0002607293426990509,0.0002936124801635742,0,False
6,g006_p000060_g005_p000028_g004_p000013_g003_p000002_g002_p000001_g001_p000057_empty,g005_p000028_g004_p000013_g003_p000002_g002_p000001_g001_p000057_empty,g006_8e2997b638f6df41_0024,0,12.0,42.0,19.0,8.122159488266334e-05,0.016588015481829643,0.00021932832896709442,0.0002533327788114548,0,False
6,g006_p000066_g005_p000028_g004_p000013_g003_p000002_g002_p000001_g001_p000057_empty,g005_p000028_g004_p000013_g003_p000002_g002_p000001_g001_p000057_empty,g006_8e2997b638f6df41_0024,1,12.0,43.0,20.0,6.900660810060799e-05,0.01659703254699707,0.00022834539413452148,0.00026234984397888184,0,False
6,g006_p000072_g005_p000075_g004_p000037_g003_p000083_g002_p000037_g001_p000093_empty,g005_p000075_g004_p000037_g003_p000083_g002_p000037_g001_p000093_empty,g006_f4ddebba1d0c6e93_0025,0,12.0,42.0,19.0,8.525286102667451e-05,0.016470905393362045,9.55779105424881e-05,0.0001362226903438568,0,False
6,g006_p000078_g005_p000075_g004_p000037_g003_p000083_g002_p000037_g001_p000093_empty,g005_p000075_g004_p000037_g003_p000083_g002_p000037_g001_p000093_empty,g006_f4ddebba1d0c6e93_0025,1,12.0,43.0,20.0,7.406512304442003e-05,0.016526056453585625,0.0001507289707660675,0.00019137375056743622,0,False
6,g006_p000084_g005_p000015_g004_p000007_g003_p000010_g002_p000001_g001_p000057_empty,g005_p000015_g004_p000007_g003_p000010_g002_p000001_g001_p000057_empty,g006_d654317793bb8dee_0026,0,12.0,42.0,19.0,8.122159488266334e-05,0.01643049530684948,5.445070564746857e-05,9.58126038312912e-05,0,False
6,g006_p000090_g005_p000015_g004_p000007_g003_p000010_g002_p000001_g001_p000057_empty,g005_p000015_g004_p000007_g003_p000010_g002_p000001_g001_p000057_empty,g006_d654317793bb8dee_0026,1,12.0,43.0,20.0,6.900660810060799e-05,0.016584444791078568,0.0002084001898765564,0.00024976208806037903,0,False
7,g007_p000000_g006_p000001_g005_p000034_g004_p000013_g003_p000002_g002_p000001_g001_p000057_empty,g006_p000001_g005_p000034_g004_p000013_g003_p000002_g002_p000001_g001_p000057_empty,g007_4ca75a90d1993dd6_0027,0,12.0,42.0,19.0,8.122159488266334e-05,0.016559358686208725,0.0002246759831905365,0.0002246759831905365,0,False
7,g007_p000001_g006_p000001_g005_p000034_g004_p000013_g003_p000002_g002_p000001_g001_p000057_empty,g006_p000001_g005_p000034_g004_p000013_g003_p000002_g002_p000001_g001_p000057_empty,g007_4ca75a90d1993dd6_0027,1,12.0,43.0,20.0,6.900660810060799e-05,0.016367565840482712,3.2883137464523315e-05,3.2883137464523315e-05,0,False
7,g007_p000002_g006_p000001_g005_p000034_g004_p000013_g003_p000002_g002_p000001_g001_p000057_empty,g006_p000001_g005_p000034_g004_p000013_g003_p000002_g002_p000001_g001_p000057_empty,g007_4ca75a90d1993dd6_0027,2,12.0,41.0,20.0,6.900660082465038e-05,0.016372911632061005,3.822892904281616e-05,3.822892904281616e-05,0,False
7,g007_p000003_g006_p000001_g005_p000034_g004_p000013_g003_p000002_g002_p000001_g001_p000057_empty,g006_p000001_g005_p000034_g004_p000013_g003_p000002_g002_p000001_g001_p000057_empty,g007_4ca75a90d1993dd6_0027,3,11.0,10.0,17.0,6.275781925069168e-05,0.01640012115240097,6.543844938278198e-05,6.543844938278198e-05,0,False
7,g007_p000004_g006_p000001_g005_p000034_g004_p000013_g003_p000002_g002_p000001_g001_p000057_empty,g006_p000001_g005_p000034_g004_p000013_g003_p000002_g002_p000001_g001_p000057_empty,g007_4ca75a90d1993dd6_0027,4,9.0,10.0,17.0,6.275781197473407e-05,0.01645297184586525,0.00011828914284706116,0.00011828914284706116,0,False
7,g007_p000005_g006_p000001_g005_p000034_g004_p000013_g003_p000002_g002_p000001_g001_p000057_empty,g006_p000001_g005_p000034_g004_p000013_g003_p000002_g002_p000001_g001_p000057_empty,g007_4ca75a90d1993dd6_0027,5,11.0,43.0,20.0,6.144454528111964e-05,0.016372911632061005,3.822892904281616e-05,3.822892904281616e-05,0,False
7,g007_p000006_g006_p000001_g005_p000034_g004_p000013_g003_p000002_g002_p000001_g001_p000057_empty,g006_p000001_g005_p000034_g004_p000013_g003_p000002_g002_p000001_g001_p000057_empty,g007_4ca75a90d1993dd6_0027,6,13.0,41.0,20.0,6.144453072920442e-05,0.016498444601893425,0.0001637618988752365,0.0001637618988752365,0,False
7,g007_p000007_g006_p000001_g005_p000034_g004_p000013_g003_p000002_g002_p000001_g001_p000057_empty,g006_p000001_g005_p000034_g004_p000013_g003_p000002_g002_p000001_g001_p000057_empty,g007_4ca75a90d1993dd6_0027,7,9.0,11.0,17.0,5.940553455729969e-05,0.016438407823443413,0.0001037251204252243,0.0001037251204252243,0,False
7,g007_p000008_g006_p000001_g005_p000034_g004_p000013_g003_p000002_g002_p000001_g001_p000057_empty,g006_p000001_g005_p000034_g004_p000013_g003_p000002_g002_p000001_g001_p000057_empty,g007_4ca75a90d1993dd6_0027,8,11.0,9.0,17.0,5.940550909144804e-05,0.01640012115240097,6.543844938278198e-05,6.543844938278198e-05,0,False
7,g007_p000009_g006_p000001_g005_p000034_g004_p000013_g003_p000002_g002_p000001_g001_p000057_empty,g006_p000001_g005_p000034_g004_p000013_g003_p000002_g002_p000001_g001_p000057_empty,g007_4ca75a90d1993dd6_0027,9,10.0,9.0,17.0,5.9084559325128794e-05,0.016441496089100838,0.00010681338608264923,0.00010681338608264923,0,False
7,g007_p000010_g006_p000001_g005_p000034_g004_p000013_g003_p000002_g002_p000001_g001_p000057_empty,g006_p000001_g005_p000034_g004_p000013_g003_p000002_g002_p000001_g001_p000057_empty,g007_4ca75a90d1993dd6_0027,10,10.0,11.0,17.0,5.908455204917118e-05,0.016459276899695396,0.00012459419667720795,0.00012459419667720795,0,False
7,g007_p000011_g006_p000001_g005_p000034_g004_p000013_g003_p000002_g002_p000001_g001_p000057_empty,g006_p000001_g005_p000034_g004_p000013_g003_p000002_g002_p000001_g001_p000057_empty,g007_4ca75a90d1993dd6_0027,11,11.0,42.0,20.0,5.2042749302927405e-05,0.016466090455651283,0.0001314077526330948,0.0001314077526330948,0,False
7,g007_p000012_g006_p000007_g005_p000034_g004_p000013_g003_p000002_g002_p000001_g001_p000057_empty,g006_p000007_g005_p000034_g004_p000013_g003_p000002_g002_p000001_g001_p000057_empty,g007_4ca75a90d1993dd6_0027,12,13.0,42.0,20.0,5.204273838899098e-05,0.01654360629618168,0.0002089235931634903,0.0002089235931634903,0,False
7,g007_p000013_g006_p000007_g005_p000034_g004_p000013_g003_p000002_g002_p000001_g001_p000057_empty,g006_p000007_g005_p000034_g004_p000013_g003_p000002_g002_p000001_g001_p000057_empty,g007_4ca75a90d1993dd6_0027,13,12.0,43.0,19.0,5.1120747230015695e-05,0.01650281995534897,0.00016813725233078003,0.00016813725233078003,0,False
7,g007_p000014_g006_p000007_g005_p000034_g004_p000013_g003_p000002_g002_p000001_g001_p000057_empty,g006_p000007_g005_p000034_g004_p000013_g003_p000002_g002_p000001_g001_p000057_empty,g007_4ca75a90d1993dd6_0027,14,12.0,41.0,19.0,5.112074359203689e-05,0.01662488467991352,0.00029020197689533234,0.00029020197689533234,0,False
7,g007_p000015_g006_p000007_g005_p000034_g004_p000013_g003_p000002_g002_p000001_g001_p000057_empty,g006_p000007_g005_p000034_g004_p000013_g003_p000002_g002_p000001_g001_p000057_empty,g007_4ca75a90d1993dd6_0027,15,10.0,11.0,16.0,5.102583600091748e-05,0.016440946608781815,0.0001062639057636261,0.0001062639057636261,0,False
7,g007_p000016_g006_p000007_g005_p000034_g004_p000013_g003_p000002_g002_p000001_g001_p000057_empty,g006_p000007_g005_p000034_g004_p000013_g003_p000002_g002_p000001_g001_p000057_empty,g007_4ca75a90d1993dd6_0027,16,10.0,9.0,16.0,5.102581053506583e-05,0.016440782696008682,0.00010609999299049377,0.00010609999299049377,0,False
7,g007_p000017_g006_p000007_g005_p000034_g004_p000013_g003_p000002_g002_p000001_g001_p000057_empty,g006_p000007_g005_p000034_g004_p000013_g003_p000002_g002_p000001_g001_p000057_empty,g007_4ca75a90d1993dd6_0027,17,25.0,9.0,36.0,4.963566971127875e-05,0.016543539240956306,0.00020885653793811798,0.00020885653793811798,0,False
7,g007_p000018_g006_p000007_g005_p000034_g004_p000013_g003_p000002_g002_p000001_g001_p000057_empty,g006_p000007_g005_p000034_g004_p000013_g003_p000002_g002_p000001_g001_p000057_empty,g007_4ca75a90d1993dd6_0027,18,27.0,11.0,36.0,4.9635651521384716e-05,0.016476182267069817,0.0001414995640516281,0.0001414995640516281,0,False
7,g007_p000019_g006_p000007_g005_p000034_g004_p000013_g003_p000002_g002_p000001_g001_p000057_empty,g006_p000007_g005_p000034_g004_p000013_g003_p000002_g002_p000001_g001_p000057_empty,g007_4ca75a90d1993dd6_0027,19,11.0,10.0,16.0,4.89582926093135e-05,0.016531046479940414,0.00019636377692222595,0.00019636377692222595,0,False
7,g007_p000020_g006_p000007_g005_p000034_g004_p000013_g003_p000002_g002_p000001_g001_p000057_empty,g006_p000007_g005_p000034_g004_p000013_g003_p000002_g002_p000001_g001_p000057_empty,g007_4ca75a90d1993dd6_0027,20,9.0,10.0,16.0,4.8958278057398275e-05,0.016473708674311638,0.0001390259712934494,0.0001390259712934494,0,False
7,g007_p000021_g006_p000007_g005_p000034_g004_p000013_g003_p000002_g002_p000001_g001_p000057_empty,g006_p000007_g005_p000034_g004_p000013_g003_p000002_g002_p000001_g001_p000057_empty,g007_4ca75a90d1993dd6_0027,21,12.0,44.0,20.0,4.890865966444835e-05,0.016523398458957672,0.00018871575593948364,0.00018871575593948364,0,False
7,g007_p000022_g006_p000007_g005_p000034_g004_p000013_g003_p000002_g002_p000001_g001_p000057_empty,g006_p000007_g005_p000034_g004_p000013_g003_p000002_g002_p000001_g001_p000057_empty,g007_4ca75a90d1993dd6_0027,22,12.0,40.0,20.0,4.8908656026469544e-05,0.016458947211503983,0.00012426450848579407,0.00012426450848579407,0,False
7,g007_p000023_g006_p000007_g005_p000034_g004_p000013_g003_p000002_g002_p000001_g001_p000057_empty,g006_p000007_g005_p000034_g004_p000013_g003_p000002_g002_p000001_g001_p000057_empty,g007_4ca75a90d1993dd6_0027,23,11.0,41.0,20.0,4.62875614175573e-05,0.01645180769264698,0.00011712498962879181,0.00011712498962879181,0,False
7,g007_p000024_g006_p000013_g005_p000009_g004_p000001_g003_p000010_g002_p000001_g001_p000057_empty,g006_p000013_g005_p000009_g004_p000001_g003_p000010_g002_p000001_g001_p000057_empty,g007_4ca75a90d1993dd6_0027,24,13.0,43.0,20.0,4.628755777957849e-05,0.016413085162639618,7.840245962142944e-05,7.840245962142944e-05,0,False
7,g007_p000025_g006_p000013_g005_p000009_g004_p000001_g003_p000010_g002_p000001_g001_p000057_empty,g006_p000013_g005_p000009_g004_p000001_g003_p000010_g002_p000001_g001_p000057_empty,g007_4ca75a90d1993dd6_0027,25,12.0,42.0,20.0,4.379302481538616e-05,0.016608480364084244,0.0002737976610660553,0.0002737976610660553,0,False
7,g007_p000026_g006_p000013_g005_p000009_g004_p000001_g003_p000010_g002_p000001_g001_p000057_empty,g006_p000013_g005_p000009_g004_p000001_g003_p000010_g002_p000001_g001_p000057_empty,g007_4ca75a90d1993dd6_0027,26,41.0,10.0,24.0,4.329717921791598e-05,0.016537126153707504,0.0002024434506893158,0.0002024434506893158,0,False
7,g007_p000027_g006_p000013_g005_p000009_g004_p000001_g003_p000010_g002_p000001_g001_p000057_empty,g006_p000013_g005_p000009_g004_p000001_g003_p000010_g002_p000001_g001_p000057_empty,g007_4ca75a90d1993dd6_0027,27,42.0,9.0,24.0,4.329716830397956e-05,0.01644134894013405,0.00010666623711585999,0.00010666623711585999,0,False
7,g007_p000028_g006_p000013_g005_p000009_g004_p000001_g003_p000010_g002_p000001_g001_p000057_empty,g006_p000013_g005_p000009_g004_p000001_g003_p000010_g002_p000001_g001_p000057_empty,g007_4ca75a90d1993dd6_0027,28,42.0,11.0,24.0,4.3297164666000754e-05,0.016429554671049118,9.487196803092957e-05,9.487196803092957e-05,0,False
7,g007_p000029_g006_p000013_g005_p000009_g004_p000001_g003_p000010_g002_p000001_g001_p000057_empty,g006_p000013_g005_p000009_g004_p000001_g003_p000010_g002_p000001_g001_p000057_empty,g007_4ca75a90d1993dd6_0027,29,43.0,10.0,24.0,4.329715375206433e-05,0.016545718535780907,0.0002110358327627182,0.0002110358327627182,0,False
7,g007_p000030_g006_p000013_g005_p000009_g004_p000001_g003_p000010_g002_p000001_g001_p000057_empty,g006_p000013_g005_p000009_g004_p000001_g003_p000010_g002_p000001_g001_p000057_empty,g007_4ca75a90d1993dd6_0027,30,26.0,9.0,36.0,4.188812818028964e-05,0.016470344737172127,0.0001356620341539383,0.0001356620341539383,0,False
7,g007_p000031_g006_p000013_g005_p000009_g004_p000001_g003_p000010_g002_p000001_g001_p000057_empty,g006_p000013_g005_p000009_g004_p000001_g003_p000010_g002_p000001_g001_p000057_empty,g007_4ca75a90d1993dd6_0027,31,26.0,11.0,36.0,4.188812090433203e-05,0.01640382781624794,6.914511322975159e-05,6.914511322975159e-05,0,False
7,g007_p000032_g006_p000013_g005_p000009_g004_p000001_g003_p000010_g002_p000001_g001_p000057_empty,g006_p000013_g005_p000009_g004_p000001_g003_p000010_g002_p000001_g001_p000057_empty,g007_4ca75a90d1993dd6_0027,32,25.0,10.0,36.0,4.1871462599374354e-05,0.016461491584777832,0.00012680888175964355,0.00012680888175964355,0,False
7,g007_p000033_g006_p000013_g005_p000009_g004_p000001_g003_p000010_g002_p000001_g001_p000057_empty,g006_p000013_g005_p000009_g004_p000001_g003_p000010_g002_p000001_g001_p000057_empty,g007_4ca75a90d1993dd6_0027,33,27.0,10.0,36.0,4.1871437133522704e-05,0.0165975634008646,0.00026288069784641266,0.00026288069784641266,0,False
7,g007_p000034_g006_p000013_g005_p000009_g004_p000001_g003_p000010_g002_p000001_g001_p000057_empty,g006_p000013_g005_p000009_g004_p000001_g003_p000010_g002_p000001_g001_p000057_empty,g007_4ca75a90d1993dd6_0027,34,9.0,9.0,17.0,4.111378439120017e-05,0.016364283859729767,2.960115671157837e-05,2.960115671157837e-05,0,False
7,g007_p000035_g006_p000013_g005_p000009_g004_p000001_g003_p000010_g002_p000001_g001_p000057_empty,g006_p000013_g005_p000009_g004_p000001_g003_p000010_g002_p000001_g001_p000057_empty,g007_4ca75a90d1993dd6_0027,35,11.0,11.0,17.0,4.111373709747568e-05,0.01640654355287552,7.186084985733032e-05,7.186084985733032e-05,0,False
7,g007_p000036_g006_p000019_g005_p000009_g004_p000001_g003_p000010_g002_p000001_g001_p000057_empty,g006_p000019_g005_p000009_g004_p000001_g003_p000010_g002_p000001_g001_p000057_empty,g007_4ca75a90d1993dd6_0027,36,10.0,8.0,17.0,4.091047594556585e-05,0.016364283859729767,2.960115671157837e-05,2.960115671157837e-05,0,False
7,g007_p000037_g006_p000019_g005_p000009_g004_p000001_g003_p000010_g002_p000001_g001_p000057_empty,g006_p000019_g005_p000009_g004_p000001_g003_p000010_g002_p000001_g001_p000057_empty,g007_4ca75a90d1993dd6_0027,37,10.0,12.0,17.0,4.091047230758704e-05,0.016456618905067444,0.00012193620204925537,0.00012193620204925537,0,False
7,g007_p000038_g006_p000019_g005_p000009_g004_p000001_g003_p000010_g002_p000001_g001_p000057_empty,g006_p000019_g005_p000009_g004_p000001_g003_p000010_g002_p000001_g001_p000057_empty,g007_4ca75a90d1993dd6_0027,38,41.0,9.0,24.0,4.043041553813964e-05,0.016459934413433075,0.00012525171041488647,0.00012525171041488647,0,False
7,g007_p000039_g006_p000019_g005_p000009_g004_p000001_g003_p000010_g002_p000001_g001_p000057_empty,g006_p000019_g005_p000009_g004_p000001_g003_p000010_g002_p000001_g001_p000057_empty,g007_4ca75a90d1993dd6_0027,39,41.0,11.0,24.0,4.0430411900160834e-05,0.016571244224905968,0.00023656152188777924,0.00023656152188777924,0,False
7,g007_p000040_g006_p000019_g005_p000009_g004_p000001_g003_p000010_g002_p000001_g001_p000057_empty,g006_p000019_g005_p000009_g004_p000001_g003_p000010_g002_p000001_g001_p000057_empty,g007_4ca75a90d1993dd6_0027,40,43.0,9.0,24.0,4.04303937102668e-05,0.01649710163474083,0.000162418931722641,0.000162418931722641,0,False
7,g007_p000041_g006_p000019_g005_p000009_g004_p000001_g003_p000010_g002_p000001_g001_p000057_empty,g006_p000019_g005_p000009_g004_p000001_g003_p000010_g002_p000001_g001_p000057_empty,g007_4ca75a90d1993dd6_0027,41,43.0,11.0,24.0,4.04303937102668e-05,0.01650400273501873,0.0001693200320005417,0.0001693200320005417,0,False
7,g007_p000042_g006_p000019_g005_p000009_g004_p000001_g003_p000010_g002_p000001_g001_p000057_empty,g006_p000019_g005_p000009_g004_p000001_g003_p000010_g002_p000001_g001_p000057_empty,g007_4ca75a90d1993dd6_0027,42,11.0,42.0,19.0,3.970230318373069e-05,0.01650773175060749,0.00017304904758930206,0.00017304904758930206,0,False
7,g007_p000043_g006_p000019_g005_p000009_g004_p000001_g003_p000010_g002_p000001_g001_p000057_empty,g006_p000019_g005_p000009_g004_p000001_g003_p000010_g002_p000001_g001_p000057_empty,g007_4ca75a90d1993dd6_0027,43,13.0,42.0,19.0,3.970230318373069e-05,0.016431987285614014,9.73045825958252e-05,9.73045825958252e-05,0,False
7,g007_p000044_g006_p000019_g005_p000009_g004_p000001_g003_p000010_g002_p000001_g001_p000057_empty,g006_p000019_g005_p000009_g004_p000001_g003_p000010_g002_p000001_g001_p000057_empty,g007_4ca75a90d1993dd6_0027,44,9.0,9.0,16.0,3.959364039474167e-05,0.016571344807744026,0.0002366621047258377,0.0002366621047258377,0,False
7,g007_p000045_g006_p000019_g005_p000009_g004_p000001_g003_p000010_g002_p000001_g001_p000057_empty,g006_p000019_g005_p000009_g004_p000001_g003_p000010_g002_p000001_g001_p000057_empty,g007_4ca75a90d1993dd6_0027,45,11.0,11.0,16.0,3.959364039474167e-05,0.016490885987877846,0.0001562032848596573,0.0001562032848596573,0,False
7,g007_p000046_g006_p000019_g005_p000009_g004_p000001_g003_p000010_g002_p000001_g001_p000057_empty,g006_p000019_g005_p000009_g004_p000001_g003_p000010_g002_p000001_g001_p000057_empty,g007_4ca75a90d1993dd6_0027,46,11.0,44.0,20.0,3.9302336517721415e-05,0.016347436234354973,1.2753531336784363e-05,1.2753531336784363e-05,0,False
7,g007_p000047_g006_p000019_g005_p000009_g004_p000001_g003_p000010_g002_p000001_g001_p000057_empty,g006_p000019_g005_p000009_g004_p000001_g003_p000010_g002_p000001_g001_p000057_empty,g007_4ca75a90d1993dd6_0027,47,13.0,40.0,20.0,3.9302336517721415e-05,0.016484078019857407,0.00014939531683921814,0.00014939531683921814,0,False
7,g007_p000048_g006_p000025_g005_p000080_g004_p000037_g003_p000083_g002_p000037_g001_p000093_empty,g006_p000025_g005_p000080_g004_p000037_g003_p000083_g002_p000037_g001_p000093_empty,g007_4ca75a90d1993dd6_0027,48,13.0,42.0,18.0,3.917921640095301e-05,0.016581498086452484,0.00024681538343429565,0.00024681538343429565,0,False
7,g007_p000049_g006_p000025_g005_p000080_g004_p000037_g003_p000083_g002_p000037_g001_p000093_empty,g006_p000025_g005_p000080_g004_p000037_g003_p000083_g002_p000037_g001_p000093_empty,g007_4ca75a90d1993dd6_0027,49,11.0,42.0,18.0,3.91792127629742e-05,0.016496537253260612,0.000161854550242424,0.000161854550242424,0,False
7,g007_p000050_g006_p000025_g005_p000080_g004_p000037_g003_p000083_g002_p000037_g001_p000093_empty,g006_p000025_g005_p000080_g004_p000037_g003_p000083_g002_p000037_g001_p000093_empty,g007_4ca75a90d1993dd6_0027,50,13.0,43.0,19.0,3.916999776265584e-05,0.016559358686208725,0.0002246759831905365,0.0002246759831905365,0,False
7,g007_p000051_g006_p000025_g005_p000080_g004_p000037_g003_p000083_g002_p000037_g001_p000093_empty,g006_p000025_g005_p000080_g004_p000037_g003_p000083_g002_p000037_g001_p000093_empty,g007_4ca75a90d1993dd6_0027,51,11.0,41.0,19.0,3.9169990486698225e-05,0.016560835763812065,0.00022615306079387665,0.00022615306079387665,0,False
7,g007_p000052_g006_p000025_g005_p000080_g004_p000037_g003_p000083_g002_p000037_g001_p000093_empty,g006_p000025_g005_p000080_g004_p000037_g003_p000083_g002_p000037_g001_p000093_empty,g007_4ca75a90d1993dd6_0027,52,10.0,42.0,20.0,3.871337685268372e-05,0.01661360077559948,0.0002789180725812912,0.0002789180725812912,0,False
7,g007_p000053_g006_p000025_g005_p000080_g004_p000037_g003_p000083_g002_p000037_g001_p000093_empty,g006_p000025_g005_p000080_g004_p000037_g003_p000083_g002_p000037_g001_p000093_empty,g007_4ca75a90d1993dd6_0027,53,14.0,42.0,20.0,3.8713362300768495e-05,0.01661360077559948,0.0002789180725812912,0.0002789180725812912,0,False
7,g007_p000054_g006_p000025_g005_p000080_g004_p000037_g003_p000083_g002_p000037_g001_p000093_empty,g006_p000025_g005_p000080_g004_p000037_g003_p000083_g002_p000037_g001_p000093_empty,g007_4ca75a90d1993dd6_0027,54,8.0,10.0,17.0,3.868229759973474e-05,0.016461985185742378,0.00012730248272418976,0.00012730248272418976,0,False
7,g007_p000055_g006_p000025_g005_p000080_g004_p000037_g003_p000083_g002_p000037_g001_p000093_empty,g006_p000025_g005_p000080_g004_p000037_g003_p000083_g002_p000037_g001_p000093_empty,g007_4ca75a90d1993dd6_0027,55,12.0,10.0,17.0,3.868225394398905e-05,0.01654815673828125,0.00021347403526306152,0.00021347403526306152,0,False
7,g007_p000056_g006_p000025_g005_p000080_g004_p000037_g003_p000083_g002_p000037_g001_p000093_empty,g006_p000025_g005_p000080_g004_p000037_g003_p000083_g002_p000037_g001_p000093_empty,g007_4ca75a90d1993dd6_0027,56,12.0,39.0,20.0,3.7540554330917075e-05,0.016346873715519905,1.2191012501716614e-05,1.2191012501716614e-05,0,False
7,g007_p000057_g006_p000025_g005_p000080_g004_p000037_g003_p000083_g002_p000037_g001_p000093_empty,g006_p000025_g005_p000080_g004_p000037_g003_p000083_g002_p000037_g001_p000093_empty,g007_4ca75a90d1993dd6_0027,57,12.0,45.0,20.0,3.754055069293827e-05,0.016484910622239113,0.00015022791922092438,0.00015022791922092438,0,False
7,g007_p000058_g006_p000025_g005_p000080_g004_p000037_g003_p000083_g002_p000037_g001_p000093_empty,g006_p000025_g005_p000080_g004_p000037_g003_p000083_g002_p000037_g001_p000093_empty,g007_4ca75a90d1993dd6_0027,58,10.0,41.0,20.0,3.6571771488524973e-05,0.016553474590182304,0.0002187918871641159,0.0002187918871641159,0,False
7,g007_p000059_g006_p000025_g005_p000080_g004_p000037_g003_p000083_g002_p000037_g001_p000093_empty,g006_p000025_g005_p000080_g004_p000037_g003_p000083_g002_p000037_g001_p000093_empty,g007_4ca75a90d1993dd6_0027,59,14.0,43.0,20.0,3.657176421256736e-05,0.016383495181798935,4.881247878074646e-05,4.881247878074646e-05,0,False
7,g007_p000060_g006_p000031_g005_p000080_g004_p000037_g003_p000083_g002_p000037_g001_p000093_empty,g006_p000031_g005_p000080_g004_p000037_g003_p000083_g002_p000037_g001_p000093_empty,g007_4ca75a90d1993dd6_0027,60,13.0,43.0,18.0,3.6540033761411905e-05,0.016481975093483925,0.0001472923904657364,0.0001472923904657364,0,False
7,g007_p000061_g006_p000031_g005_p000080_g004_p000037_g003_p000083_g002_p000037_g001_p000093_empty,g006_p000031_g005_p000080_g004_p000037_g003_p000083_g002_p000037_g001_p000093_empty,g007_4ca75a90d1993dd6_0027,61,11.0,41.0,18.0,3.65400301234331e-05,0.016468767076730728,0.00013408437371253967,0.00013408437371253967,0,False
7,g007_p000062_g006_p000031_g005_p000080_g004_p000037_g003_p000083_g002_p000037_g001_p000093_empty,g006_p000031_g005_p000080_g004_p000037_g003_p000083_g002_p000037_g001_p000093_empty,g007_4ca75a90d1993dd6_0027,62,11.0,40.0,20.0,3.621663563535549e-05,0.016383495181798935,4.881247878074646e-05,4.881247878074646e-05,0,False
7,g007_p000063_g006_p000031_g005_p000080_g004_p000037_g003_p000083_g002_p000037_g001_p000093_empty,g006_p000031_g005_p000080_g004_p000037_g003_p000083_g002_p000037_g001_p000093_empty,g007_4ca75a90d1993dd6_0027,63,13.0,44.0,20.0,3.621662835939787e-05,0.016455376520752907,0.00012069381773471832,0.00012069381773471832,0,False
7,g007_p000064_g006_p000031_g005_p000080_g004_p000037_g003_p000083_g002_p000037_g001_p000093_empty,g006_p000031_g005_p000080_g004_p000037_g003_p000083_g002_p000037_g001_p000093_empty,g007_4ca75a90d1993dd6_0027,64,10.0,43.0,20.0,3.51569578924682e-05,0.016383495181798935,4.881247878074646e-05,4.881247878074646e-05,0,False
7,g007_p000065_g006_p000031_g005_p000080_g004_p000037_g003_p000083_g002_p000037_g001_p000093_empty,g006_p000031_g005_p000080_g004_p000037_g003_p000083_g002_p000037_g001_p000093_empty,g007_4ca75a90d1993dd6_0027,65,14.0,41.0,20.0,3.5156950616510585e-05,0.01646859012544155,0.00013390742242336273,0.00013390742242336273,0,False
7,g007_p000066_g006_p000031_g005_p000080_g004_p000037_g003_p000083_g002_p000037_g001_p000093_empty,g006_p000031_g005_p000080_g004_p000037_g003_p000083_g002_p000037_g001_p000093_empty,g007_4ca75a90d1993dd6_0027,66,10.0,40.0,20.0,3.493005351629108e-05,0.016573486849665642,0.0002388041466474533,0.0002388041466474533,0,False
7,g007_p000067_g006_p000031_g005_p000080_g004_p000037_g003_p000083_g002_p000037_g001_p000093_empty,g006_p000031_g005_p000080_g004_p000037_g003_p000083_g002_p000037_g001_p000093_empty,g007_4ca75a90d1993dd6_0027,67,14.0,44.0,20.0,3.4930038964375854e-05,0.01654224470257759,0.00020756199955940247,0.00020756199955940247,0,False
7,g007_p000068_g006_p000031_g005_p000080_g004_p000037_g003_p000083_g002_p000037_g001_p000093_empty,g006_p000031_g005_p000080_g004_p000037_g003_p000083_g002_p000037_g001_p000093_empty,g007_4ca75a90d1993dd6_0027,68,12.0,42.0,18.0,3.4676355426199734e-05,0.0164173673838377,8.268468081951141e-05,8.268468081951141e-05,0,False
7,g007_p000069_g006_p000031_g005_p000080_g004_p000037_g003_p000083_g002_p000037_g001_p000093_empty,g006_p000031_g005_p000080_g004_p000037_g003_p000083_g002_p000037_g001_p000093_empty,g007_4ca75a90d1993dd6_0027,69,27.0,9.0,35.0,3.465738336672075e-05,0.016520561650395393,0.0001858789473772049,0.0001858789473772049,0,False
7,g007_p000070_g006_p000031_g005_p000080_g004_p000037_g003_p000083_g002_p000037_g001_p000093_empty,g006_p000031_g005_p000080_g004_p000037_g003_p000083_g002_p000037_g001_p000093_empty,g007_4ca75a90d1993dd6_0027,70,25.0,11.0,35.0,3.465737609076314e-05,0.016456104815006256,0.00012142211198806763,0.00012142211198806763,0,False
7,g007_p000071_g006_p000031_g005_p000080_g004_p000037_g003_p000083_g002_p000037_g001_p000093_empty,g006_p000031_g005_p000080_g004_p000037_g003_p000083_g002_p000037_g001_p000093_empty,g007_4ca75a90d1993dd6_0027,71,27.0,10.0,35.0,3.465691770543344e-05,0.016514228656888008,0.00017954595386981964,0.00017954595386981964,0,False
7,g007_p000072_g006_p000037_g005_p000068_g004_p000031_g003_p000052_g002_p000025_g001_p000072_empty,g006_p000037_g005_p000068_g004_p000031_g003_p000052_g002_p000025_g001_p000072_empty,g007_4ca75a90d1993dd6_0027,72,25.0,10.0,35.0,3.4656914067454636e-05,0.0165397971868515,0.000205114483833313,0.000205114483833313,0,False
7,g007_p000073_g006_p000037_g005_p000068_g004_p000031_g003_p000052_g002_p000025_g001_p000072_empty,g006_p000037_g005_p000068_g004_p000031_g003_p000052_g002_p000025_g001_p000072_empty,g007_4ca75a90d1993dd6_0027,73,9.0,12.0,17.0,3.398280750843696e-05,0.016566423699259758,0.00023174099624156952,0.00023174099624156952,0,False
7,g007_p000074_g006_p000037_g005_p000068_g004_p000031_g003_p000052_g002_p000025_g001_p000072_empty,g006_p000037_g005_p000068_g004_p000031_g003_p000052_g002_p000025_g001_p000072_empty,g007_4ca75a90d1993dd6_0027,74,11.0,8.0,17.0,3.398280023247935e-05,0.016344115138053894,9.432435035705566e-06,9.432435035705566e-06,0,False
7,g007_p000075_g006_p000037_g005_p000068_g004_p000031_g003_p000052_g002_p000025_g001_p000072_empty,g006_p000037_g005_p000068_g004_p000031_g003_p000052_g002_p000025_g001_p000072_empty,g007_4ca75a90d1993dd6_0027,75,10.0,44.0,20.0,3.391651625861414e-05,0.01643747091293335,0.00010278820991516113,0.00010278820991516113,0,False
7,g007_p000076_g006_p000037_g005_p000068_g004_p000031_g003_p000052_g002_p000025_g001_p000072_empty,g006_p000037_g005_p000068_g004_p000031_g003_p000052_g002_p000025_g001_p000072_empty,g007_4ca75a90d1993dd6_0027,76,14.0,40.0,20.0,3.391651262063533e-05,0.016598189249634743,0.00026350654661655426,0.00026350654661655426,0,False
7,g007_p000077_g006_p000037_g005_p000068_g004_p000031_g003_p000052_g002_p000025_g001_p000072_empty,g006_p000037_g005_p000068_g004_p000031_g003_p000052_g002_p000025_g001_p000072_empty,g007_4ca75a90d1993dd6_0027,77,40.0,10.0,24.0,3.3683125366223976e-05,0.01643117517232895,9.64924693107605e-05,9.64924693107605e-05,0,False
7,g007_p000078_g006_p000037_g005_p000068_g004_p000031_g003_p000052_g002_p000025_g001_p000072_empty,g006_p000037_g005_p000068_g004_p000031_g003_p000052_g002_p000025_g001_p000072_empty,g007_4ca75a90d1993dd6_0027,78,42.0,8.0,24.0,3.368311809026636e-05,0.016500582918524742,0.00016590021550655365,0.00016590021550655365,0,False
7,g007_p000079_g006_p000037_g005_p000068_g004_p000031_g003_p000052_g002_p000025_g001_p000072_empty,g006_p000037_g005_p000068_g004_p000031_g003_p000052_g002_p000025_g001_p000072_empty,g007_4ca75a90d1993dd6_0027,79,42.0,12.0,24.0,3.3683114452287555e-05,0.016498282551765442,0.00016359984874725342,0.00016359984874725342,0,False
7,g007_p000080_g006_p000037_g005_p000068_g004_p000031_g003_p000052_g002_p000025_g001_p000072_empty,g006_p000037_g005_p000068_g004_p000031_g003_p000052_g002_p000025_g001_p000072_empty,g007_4ca75a90d1993dd6_0027,80,44.0,10.0,24.0,3.3683099900372326e-05,0.01646539382636547,0.0001307111233472824,0.0001307111233472824,0,False
7,g007_p000081_g006_p000037_g005_p000068_g004_p000031_g003_p000052_g002_p000025_g001_p000072_empty,g006_p000037_g005_p000068_g004_p000031_g003_p000052_g002_p000025_g001_p000072_empty,g007_4ca75a90d1993dd6_0027,81,25.0,8.0,37.0,3.309709427412599e-05,0.016387391835451126,5.270913243293762e-05,5.270913243293762e-05,0,False
7,g007_p000082_g006_p000037_g005_p000068_g004_p000031_g003_p000052_g002_p000025_g001_p000072_empty,g006_p000037_g005_p000068_g004_p000031_g003_p000052_g002_p000025_g001_p000072_empty,g007_4ca75a90d1993dd6_0027,82,27.0,12.0,37.0,3.3097079722210765e-05,0.016492759808897972,0.00015807710587978363,0.00015807710587978363,0,False
7,g007_p000083_g006_p000037_g005_p000068_g004_p000031_g003_p000052_g002_p000025_g001_p000072_empty,g006_p000037_g005_p000068_g004_p000031_g003_p000052_g002_p000025_g001_p000072_empty,g007_4ca75a90d1993dd6_0027,83,9.0,8.0,17.0,3.2807758543640375e-05,0.016492655500769615,0.0001579727977514267,0.0001579727977514267,0,False
7,g007_p000084_g006_p000043_g005_p000068_g004_p000031_g003_p000052_g002_p000025_g001_p000072_empty,g006_p000043_g005_p000068_g004_p000031_g003_p000052_g002_p000025_g001_p000072_empty,g007_4ca75a90d1993dd6_0027,84,11.0,12.0,17.0,3.2807733077788725e-05,0.01652555726468563,0.00019087456166744232,0.00019087456166744232,0,False
7,g007_p000085_g006_p000043_g005_p000068_g004_p000031_g003_p000052_g002_p000025_g001_p000072_empty,g006_p000043_g005_p000068_g004_p000031_g003_p000052_g002_p000025_g001_p000072_empty,g007_4ca75a90d1993dd6_0027,85,10.0,7.0,17.0,3.279349402873777e-05,0.0163554884493351,2.080574631690979e-05,2.080574631690979e-05,0,False
7,g007_p000086_g006_p000043_g005_p000068_g004_p000031_g003_p000052_g002_p000025_g001_p000072_empty,g006_p000043_g005_p000068_g004_p000031_g003_p000052_g002_p000025_g001_p000072_empty,g007_4ca75a90d1993dd6_0027,86,10.0,13.0,17.0,3.279348311480135e-05,0.016486041247844696,0.00015135854482650757,0.00015135854482650757,0,False
7,g007_p000087_g006_p000043_g005_p000068_g004_p000031_g003_p000052_g002_p000025_g001_p000072_empty,g006_p000043_g005_p000068_g004_p000031_g003_p000052_g002_p000025_g001_p000072_empty,g007_4ca75a90d1993dd6_0027,87,11.0,40.0,19.0,3.272023968747817e-05,0.01649506762623787,0.00016038492321968079,0.00016038492321968079,0,False
7,g007_p000088_g006_p000043_g005_p000068_g004_p000031_g003_p000052_g002_p000025_g001_p000072_empty,g006_p000043_g005_p000068_g004_p000031_g003_p000052_g002_p000025_g001_p000072_empty,g007_4ca75a90d1993dd6_0027,88,13.0,44.0,19.0,3.272023968747817e-05,0.016495954245328903,0.00016127154231071472,0.00016127154231071472,0,False
7,g007_p000089_g006_p000043_g005_p000068_g004_p000031_g003_p000052_g002_p000025_g001_p000072_empty,g006_p000043_g005_p000068_g004_p000031_g003_p000052_g002_p000025_g001_p000072_empty,g007_4ca75a90d1993dd6_0027,89,8.0,11.0,17.0,3.267771899118088e-05,0.016410555690526962,7.58729875087738e-05,7.58729875087738e-05,0,False
7,g007_p000090_g006_p000043_g005_p000068_g004_p000031_g003_p000052_g002_p000025_g001_p000072_empty,g006_p000043_g005_p000068_g004_p000031_g003_p000052_g002_p000025_g001_p000072_empty,g007_4ca75a90d1993dd6_0027,90,12.0,9.0,17.0,3.267769352532923e-05,0.01641855202615261,8.38693231344223e-05,8.38693231344223e-05,0,False
7,g007_p000091_g006_p000043_g005_p000068_g004_p000031_g003_p000052_g002_p000025_g001_p000072_empty,g006_p000043_g005_p000068_g004_p000031_g003_p000052_g002_p000025_g001_p000072_empty,g007_4ca75a90d1993dd6_0027,91,14.0,41.0,19.0,3.2167583412956446e-05,0.016391750425100327,5.706772208213806e-05,5.706772208213806e-05,0,False
7,g007_p000092_g006_p000043_g005_p000068_g004_p000031_g003_p000052_g002_p000025_g001_p000072_empty,g006_p000043_g005_p000068_g004_p000031_g003_p000052_g002_p000025_g001_p000072_empty,g007_4ca75a90d1993dd6_0027,92,10.0,43.0,19.0,3.216757977497764e-05,0.016391750425100327,5.706772208213806e-05,5.706772208213806e-05,0,False
7,g007_p000093_g006_p000043_g005_p000068_g004_p000031_g003_p000052_g002_p000025_g001_p000072_empty,g006_p000043_g005_p000068_g004_p000031_g003_p000052_g002_p000025_g001_p000072_empty,g007_4ca75a90d1993dd6_0027,93,12.0,40.0,19.0,3.1871608371147886e-05,0.016624903306365013,0.00029022060334682465,0.00029022060334682465,0,False
7,g007_p000094_g006_p000043_g005_p000068_g004_p000031_g003_p000052_g002_p000025_g001_p000072_empty,g006_p000043_g005_p000068_g004_p000031_g003_p000052_g002_p000025_g001_p000072_empty,g007_4ca75a90d1993dd6_0027,94,12.0,44.0,19.0,3.1871608371147886e-05,0.016417765989899635,8.308328688144684e-05,8.308328688144684e-05,0,False
7,g007_p000095_g006_p000043_g005_p000068_g004_p000031_g003_p000052_g002_p000025_g001_p000072_empty,g006_p000043_g005_p000068_g004_p000031_g003_p000052_g002_p000025_g001_p000072_empty,g007_4ca75a90d1993dd6_0027,95,14.0,44.0,19.0,3.177033431711607e-05,0.016496555879712105,0.00016187317669391632,0.00016187317669391632,0,False
8,g008_p000000_g007_p000074_g006_p000037_g005_p000068_g004_p000031_g003_p000052_g002_p000025_g001_p000072_empty,g007_p000074_g006_p000037_g005_p000068_g004_p000031_g003_p000052_g002_p000025_g001_p000072_empty,g008_86bf5097059c02d7_0028,0,12.0,42.0,19.0,8.122159488266334e-05,0.016427144408226013,8.302927017211914e-05,9.246170520782471e-05,0,False
8,g008_p000006_g007_p000074_g006_p000037_g005_p000068_g004_p000031_g003_p000052_g002_p000025_g001_p000072_empty,g007_p000074_g006_p000037_g005_p000068_g004_p000031_g003_p000052_g002_p000025_g001_p000072_empty,g008_86bf5097059c02d7_0028,1,12.0,43.0,20.0,6.900660810060799e-05,0.01638232171535492,3.820657730102539e-05,4.763901233673096e-05,0,False
8,g008_p000012_g007_p000056_g006_p000025_g005_p000080_g004_p000037_g003_p000083_g002_p000037_g001_p000093_empty,g007_p000056_g006_p000025_g005_p000080_g004_p000037_g003_p000083_g002_p000037_g001_p000093_empty,g008_ba5ef640232dcce6_0029,0,12.0,42.0,19.0,8.379568316740915e-05,0.01650860719382763,0.000161733478307724,0.0001739244908094406,0,False
8,g008_p000018_g007_p000056_g006_p000025_g005_p000080_g004_p000037_g003_p000083_g002_p000037_g001_p000093_empty,g007_p000056_g006_p000025_g005_p000080_g004_p000037_g003_p000083_g002_p000037_g001_p000093_empty,g008_ba5ef640232dcce6_0029,1,12.0,41.0,20.0,7.210223702713847e-05,0.01649055816233158,0.00014368444681167603,0.00015587545931339264,0,False
8,g008_p000024_g007_p000046_g006_p000019_g005_p000009_g004_p000001_g003_p000010_g002_p000001_g001_p000057_empty,g007_p000046_g006_p000019_g005_p000009_g004_p000001_g003_p000010_g002_p000001_g001_p000057_empty,g008_8aab2dd43c88afa5_0030,0,12.0,42.0,19.0,8.034765778575093e-05,0.016495004296302795,0.00014756806194782257,0.00016032159328460693,0,False
8,g008_p000030_g007_p000046_g006_p000019_g005_p000009_g004_p000001_g003_p000010_g002_p000001_g001_p000057_empty,g007_p000046_g006_p000019_g005_p000009_g004_p000001_g003_p000010_g002_p000001_g001_p000057_empty,g008_8aab2dd43c88afa5_0030,1,12.0,41.0,20.0,6.691589078400284e-05,0.016543108969926834,0.00019567273557186127,0.00020842626690864563,0,False
8,g008_p000036_g007_p000085_g006_p000043_g005_p000068_g004_p000031_g003_p000052_g002_p000025_g001_p000072_empty,g007_p000085_g006_p000043_g005_p000068_g004_p000031_g003_p000052_g002_p000025_g001_p000072_empty,g008_9303af6c37632401_0031,0,12.0,42.0,19.0,8.122159488266334e-05,0.016551673412322998,0.00019618496298789978,0.00021699070930480957,0,False
8,g008_p000042_g007_p000085_g006_p000043_g005_p000068_g004_p000031_g003_p000052_g002_p000025_g001_p000072_empty,g007_p000085_g006_p000043_g005_p000068_g004_p000031_g003_p000052_g002_p000025_g001_p000072_empty,g008_9303af6c37632401_0031,1,12.0,43.0,20.0,6.900660810060799e-05,0.016419073566794395,6.358511745929718e-05,8.439086377620697e-05,0,False
8,g008_p000048_g007_p000034_g006_p000013_g005_p000009_g004_p000001_g003_p000010_g002_p000001_g001_p000057_empty,g007_p000034_g006_p000013_g005_p000009_g004_p000001_g003_p000010_g002_p000001_g001_p000057_empty,g008_a0a7269bd79916dd_0032,0,12.0,42.0,19.0,8.122159488266334e-05,0.016496064141392708,0.00013178028166294098,0.00016138143837451935,0,False
8,g008_p000054_g007_p000034_g006_p000013_g005_p000009_g004_p000001_g003_p000010_g002_p000001_g001_p000057_empty,g007_p000034_g006_p000013_g005_p000009_g004_p000001_g003_p000010_g002_p000001_g001_p000057_empty,g008_a0a7269bd79916dd_0032,1,12.0,43.0,20.0,6.900660810060799e-05,0.016592690721154213,0.0002284068614244461,0.0002580080181360245,0,False
8,g008_p000060_g007_p000036_g006_p000019_g005_p000009_g004_p000001_g003_p000010_g002_p000001_g001_p000057_empty,g007_p000036_g006_p000019_g005_p000009_g004_p000001_g003_p000010_g002_p000001_g001_p000057_empty,g008_26a6de17bb1c7b96_0033,0,12.0,42.0,19.0,8.122159488266334e-05,0.01653212122619152,0.00016783736646175385,0.00019743852317333221,0,False
8,g008_p000066_g007_p000036_g006_p000019_g005_p000009_g004_p000001_g003_p000010_g002_p000001_g001_p000057_empty,g007_p000036_g006_p000019_g005_p000009_g004_p000001_g003_p000010_g002_p000001_g001_p000057_empty,g008_26a6de17bb1c7b96_0033,1,12.0,43.0,20.0,6.900660810060799e-05,0.01649545691907406,0.0001311730593442917,0.00016077421605587006,0,False
8,g008_p000072_g007_p000001_g006_p000001_g005_p000034_g004_p000013_g003_p000002_g002_p000001_g001_p000057_empty,g007_p000001_g006_p000001_g005_p000034_g004_p000013_g003_p000002_g002_p000001_g001_p000057_empty,g008_ae4a0873ea9b31fc_0034,0,12.0,42.0,19.0,8.368760609300807e-05,0.016483986750245094,0.00011642090976238251,0.00014930404722690582,0,False
8,g008_p000078_g007_p000001_g006_p000001_g005_p000034_g004_p000013_g003_p000002_g002_p000001_g001_p000057_empty,g007_p000001_g006_p000001_g005_p000034_g004_p000013_g003_p000002_g002_p000001_g001_p000057_empty,g008_ae4a0873ea9b31fc_0034,1,12.0,41.0,20.0,7.11820466676727e-05,0.01654898002743721,0.0001814141869544983,0.0002142973244190216,0,False
8,g008_p000084_g007_p000002_g006_p000001_g005_p000034_g004_p000013_g003_p000002_g002_p000001_g001_p000057_empty,g007_p000002_g006_p000001_g005_p000034_g004_p000013_g003_p000002_g002_p000001_g001_p000057_empty,g008_2172b5f90460904a_0035,0,12.0,42.0,19.0,7.738300337223336e-05,0.016406388953328133,3.347732126712799e-05,7.170625030994415e-05,0,False
8,g008_p000090_g007_p000002_g006_p000001_g005_p000034_g004_p000013_g003_p000002_g002_p000001_g001_p000057_empty,g007_p000002_g006_p000001_g005_p000034_g004_p000013_g003_p000002_g002_p000001_g001_p000057_empty,g008_2172b5f90460904a_0035,1,11.0,10.0,17.0,6.275781925069168e-05,0.01643258146941662,5.966983735561371e-05,9.789876639842987e-05,0,False
9,g009_p000000_g008_p000001_g007_p000074_g006_p000037_g005_p000068_g004_p000031_g003_p000052_g002_p000025_g001_p000072_empty,g008_p000001_g007_p000074_g006_p000037_g005_p000068_g004_p000031_g003_p000052_g002_p000025_g001_p000072_empty,g009_9f473571ede69951_0036,0,12.0,42.0,19.0,8.122159488266334e-05,0.01639174483716488,5.706213414669037e-05,5.706213414669037e-05,0,False
9,g009_p000001_g008_p000001_g007_p000074_g006_p000037_g005_p000068_g004_p000031_g003_p000052_g002_p000025_g001_p000072_empty,g008_p000001_g007_p000074_g006_p000037_g005_p000068_g004_p000031_g003_p000052_g002_p000025_g001_p000072_empty,g009_9f473571ede69951_0036,1,12.0,43.0,20.0,6.900660810060799e-05,0.01647847332060337,0.0001437906175851822,0.0001437906175851822,0,False
9,g009_p000002_g008_p000001_g007_p000074_g006_p000037_g005_p000068_g004_p000031_g003_p000052_g002_p000025_g001_p000072_empty,g008_p000001_g007_p000074_g006_p000037_g005_p000068_g004_p000031_g003_p000052_g002_p000025_g001_p000072_empty,g009_9f473571ede69951_0036,2,12.0,41.0,20.0,6.900660082465038e-05,0.016413085162639618,7.840245962142944e-05,7.840245962142944e-05,0,False
9,g009_p000003_g008_p000001_g007_p000074_g006_p000037_g005_p000068_g004_p000031_g003_p000052_g002_p000025_g001_p000072_empty,g008_p000001_g007_p000074_g006_p000037_g005_p000068_g004_p000031_g003_p000052_g002_p000025_g001_p000072_empty,g009_9f473571ede69951_0036,3,11.0,10.0,17.0,6.275781925069168e-05,0.016374360769987106,3.967806696891785e-05,3.967806696891785e-05,0,False
9,g009_p000004_g008_p000001_g007_p000074_g006_p000037_g005_p000068_g004_p000031_g003_p000052_g002_p000025_g001_p000072_empty,g008_p000001_g007_p000074_g006_p000037_g005_p000068_g004_p000031_g003_p000052_g002_p000025_g001_p000072_empty,g009_9f473571ede69951_0036,4,9.0,10.0,17.0,6.275781197473407e-05,0.0165038350969553,0.0001691523939371109,0.0001691523939371109,0,False
9,g009_p000005_g008_p000001_g007_p000074_g006_p000037_g005_p000068_g004_p000031_g003_p000052_g002_p000025_g001_p000072_empty,g008_p000001_g007_p000074_g006_p000037_g005_p000068_g004_p000031_g003_p000052_g002_p000025_g001_p000072_empty,g009_9f473571ede69951_0036,5,11.0,43.0,20.0,6.144454528111964e-05,0.016426632180809975,9.19494777917862e-05,9.19494777917862e-05,0,False
9,g009_p000006_g008_p000001_g007_p000074_g006_p000037_g005_p000068_g004_p000031_g003_p000052_g002_p000025_g001_p000072_empty,g008_p000001_g007_p000074_g006_p000037_g005_p000068_g004_p000031_g003_p000052_g002_p000025_g001_p000072_empty,g009_9f473571ede69951_0036,6,13.0,41.0,20.0,6.144453072920442e-05,0.016623398289084435,0.00028871558606624603,0.00028871558606624603,0,False
9,g009_p000007_g008_p000001_g007_p000074_g006_p000037_g005_p000068_g004_p000031_g003_p000052_g002_p000025_g001_p000072_empty,g008_p000001_g007_p000074_g006_p000037_g005_p000068_g004_p000031_g003_p000052_g002_p000025_g001_p000072_empty,g009_9f473571ede69951_0036,7,9.0,11.0,17.0,5.940553455729969e-05,0.01638774573802948,5.3063035011291504e-05,5.3063035011291504e-05,0,False
9,g009_p000008_g008_p000001_g007_p000074_g006_p000037_g005_p000068_g004_p000031_g003_p000052_g002_p000025_g001_p000072_empty,g008_p000001_g007_p000074_g006_p000037_g005_p000068_g004_p000031_g003_p000052_g002_p000025_g001_p000072_empty,g009_9f473571ede69951_0036,8,11.0,9.0,17.0,5.940550909144804e-05,0.01647382788360119,0.00013914518058300018,0.00013914518058300018,0,False
9,g009_p000009_g008_p000001_g007_p000074_g006_p000037_g005_p000068_g004_p000031_g003_p000052_g002_p000025_g001_p000072_empty,g008_p000001_g007_p000074_g006_p000037_g005_p000068_g004_p000031_g003_p000052_g002_p000025_g001_p000072_empty,g009_9f473571ede69951_0036,9,10.0,9.0,17.0,5.9084559325128794e-05,0.01638774573802948,5.3063035011291504e-05,5.3063035011291504e-05,0,False
9,g009_p000010_g008_p000001_g007_p000074_g006_p000037_g005_p000068_g004_p000031_g003_p000052_g002_p000025_g001_p000072_empty,g008_p000001_g007_p000074_g006_p000037_g005_p000068_g004_p000031_g003_p000052_g002_p000025_g001_p000072_empty,g009_9f473571ede69951_0036,10,10.0,11.0,17.0,5.908455204917118e-05,0.016459373757243156,0.00012469105422496796,0.00012469105422496796,0,False
9,g009_p000011_g008_p000001_g007_p000074_g006_p000037_g005_p000068_g004_p000031_g003_p000052_g002_p000025_g001_p000072_empty,g008_p000001_g007_p000074_g006_p000037_g005_p000068_g004_p000031_g003_p000052_g002_p000025_g001_p000072_empty,g009_9f473571ede69951_0036,11,11.0,42.0,20.0,5.2042749302927405e-05,0.016372911632061005,3.822892904281616e-05,3.822892904281616e-05,0,False
9,g009_p000012_g008_p000007_g007_p000074_g006_p000037_g005_p000068_g004_p000031_g003_p000052_g002_p000025_g001_p000072_empty,g008_p000007_g007_p000074_g006_p000037_g005_p000068_g004_p000031_g003_p000052_g002_p000025_g001_p000072_empty,g009_9f473571ede69951_0036,12,13.0,42.0,20.0,5.204273838899098e-05,0.016491204500198364,0.00015652179718017578,0.00015652179718017578,0,False
9,g009_p000013_g008_p000007_g007_p000074_g006_p000037_g005_p000068_g004_p000031_g003_p000052_g002_p000025_g001_p000072_empty,g008_p000007_g007_p000074_g006_p000037_g005_p000068_g004_p000031_g003_p000052_g002_p000025_g001_p000072_empty,g009_9f473571ede69951_0036,13,12.0,43.0,19.0,5.1120747230015695e-05,0.01650773175060749,0.00017304904758930206,0.00017304904758930206,0,False
9,g009_p000014_g008_p000007_g007_p000074_g006_p000037_g005_p000068_g004_p000031_g003_p000052_g002_p000025_g001_p000072_empty,g008_p000007_g007_p000074_g006_p000037_g005_p000068_g004_p000031_g003_p000052_g002_p000025_g001_p000072_empty,g009_9f473571ede69951_0036,14,12.0,41.0,19.0,5.112074359203689e-05,0.016560835763812065,0.00022615306079387665,0.00022615306079387665,0,False
9,g009_p000015_g008_p000007_g007_p000074_g006_p000037_g005_p000068_g004_p000031_g003_p000052_g002_p000025_g001_p000072_empty,g008_p000007_g007_p000074_g006_p000037_g005_p000068_g004_p000031_g003_p000052_g002_p000025_g001_p000072_empty,g009_9f473571ede69951_0036,15,10.0,11.0,16.0,5.102583600091748e-05,0.016520539298653603,0.00018585659563541412,0.00018585659563541412,0,False
9,g009_p000016_g008_p000007_g007_p000074_g006_p000037_g005_p000068_g004_p000031_g003_p000052_g002_p000025_g001_p000072_empty,g008_p000007_g007_p000074_g006_p000037_g005_p000068_g004_p000031_g003_p000052_g002_p000025_g001_p000072_empty,g009_9f473571ede69951_0036,16,10.0,9.0,16.0,5.102581053506583e-05,0.01638789288699627,5.321018397808075e-05,5.321018397808075e-05,0,False
9,g009_p000017_g008_p000007_g007_p000074_g006_p000037_g005_p000068_g004_p000031_g003_p000052_g002_p000025_g001_p000072_empty,g008_p000007_g007_p000074_g006_p000037_g005_p000068_g004_p000031_g003_p000052_g002_p000025_g001_p000072_empty,g009_9f473571ede69951_0036,17,25.0,9.0,36.0,4.963566971127875e-05,0.01646394655108452,0.00012926384806632996,0.00012926384806632996,0,False
9,g009_p000018_g008_p000007_g007_p000074_g006_p000037_g005_p000068_g004_p000031_g003_p000052_g002_p000025_g001_p000072_empty,g008_p000007_g007_p000074_g006_p000037_g005_p000068_g004_p000031_g003_p000052_g002_p000025_g001_p000072_empty,g009_9f473571ede69951_0036,18,27.0,11.0,36.0,4.9635651521384716e-05,0.016491539776325226,0.00015685707330703735,0.00015685707330703735,0,False
9,g009_p000019_g008_p000007_g007_p000074_g006_p000037_g005_p000068_g004_p000031_g003_p000052_g002_p000025_g001_p000072_empty,g008_p000007_g007_p000074_g006_p000037_g005_p000068_g004_p000031_g003_p000052_g002_p000025_g001_p000072_empty,g009_9f473571ede69951_0036,19,11.0,10.0,16.0,4.89582926093135e-05,0.016499683260917664,0.0001650005578994751,0.0001650005578994751,0,False
9,g009_p000020_g008_p000007_g007_p000074_g006_p000037_g005_p000068_g004_p000031_g003_p000052_g002_p000025_g001_p000072_empty,g008_p000007_g007_p000074_g006_p000037_g005_p000068_g004_p000031_g003_p000052_g002_p000025_g001_p000072_empty,g009_9f473571ede69951_0036,20,9.0,10.0,16.0,4.8958278057398275e-05,0.01642787456512451,9.319186210632324e-05,9.319186210632324e-05,0,False
9,g009_p000021_g008_p000007_g007_p000074_g006_p000037_g005_p000068_g004_p000031_g003_p000052_g002_p000025_g001_p000072_empty,g008_p000007_g007_p000074_g006_p000037_g005_p000068_g004_p000031_g003_p000052_g002_p000025_g001_p000072_empty,g009_9f473571ede69951_0036,21,12.0,44.0,20.0,4.890865966444835e-05,0.016451815143227577,0.00011713244020938873,0.00011713244020938873,0,False
9,g009_p000022_g008_p000007_g007_p000074_g006_p000037_g005_p000068_g004_p000031_g003_p000052_g002_p000025_g001_p000072_empty,g008_p000007_g007_p000074_g006_p000037_g005_p000068_g004_p000031_g003_p000052_g002_p000025_g001_p000072_empty,g009_9f473571ede69951_0036,22,12.0,40.0,20.0,4.8908656026469544e-05,0.016533760353922844,0.00019907765090465546,0.00019907765090465546,0,False
9,g009_p000023_g008_p000007_g007_p000074_g006_p000037_g005_p000068_g004_p000031_g003_p000052_g002_p000025_g001_p000072_empty,g008_p000007_g007_p000074_g006_p000037_g005_p000068_g004_p000031_g003_p000052_g002_p000025_g001_p000072_empty,g009_9f473571ede69951_0036,23,11.0,41.0,20.0,4.62875614175573e-05,0.016412317752838135,7.763504981994629e-05,7.763504981994629e-05,0,False
9,g009_p000024_g008_p000013_g007_p000056_g006_p000025_g005_p000080_g004_p000037_g003_p000083_g002_p000037_g001_p000093_empty,g008_p000013_g007_p000056_g006_p000025_g005_p000080_g004_p000037_g003_p000083_g002_p000037_g001_p000093_empty,g009_9f473571ede69951_0036,24,13.0,43.0,20.0,4.628755777957849e-05,0.01654360629618168,0.0002089235931634903,0.0002089235931634903,0,False
9,g009_p000025_g008_p000013_g007_p000056_g006_p000025_g005_p000080_g004_p000037_g003_p000083_g002_p000037_g001_p000093_empty,g008_p000013_g007_p000056_g006_p000025_g005_p000080_g004_p000037_g003_p000083_g002_p000037_g001_p000093_empty,g009_9f473571ede69951_0036,25,12.0,42.0,20.0,4.379302481538616e-05,0.01647847518324852,0.00014379248023033142,0.00014379248023033142,0,False
9,g009_p000026_g008_p000013_g007_p000056_g006_p000025_g005_p000080_g004_p000037_g003_p000083_g002_p000037_g001_p000093_empty,g008_p000013_g007_p000056_g006_p000025_g005_p000080_g004_p000037_g003_p000083_g002_p000037_g001_p000093_empty,g009_9f473571ede69951_0036,26,41.0,10.0,24.0,4.329717921791598e-05,0.016408996656537056,7.431395351886749e-05,7.431395351886749e-05,0,False
9,g009_p000027_g008_p000013_g007_p000056_g006_p000025_g005_p000080_g004_p000037_g003_p000083_g002_p000037_g001_p000093_empty,g008_p000013_g007_p000056_g006_p000025_g005_p000080_g004_p000037_g003_p000083_g002_p000037_g001_p000093_empty,g009_9f473571ede69951_0036,27,42.0,9.0,24.0,4.329716830397956e-05,0.016452420502901077,0.0001177377998828888,0.0001177377998828888,0,False
9,g009_p000028_g008_p000013_g007_p000056_g006_p000025_g005_p000080_g004_p000037_g003_p000083_g002_p000037_g001_p000093_empty,g008_p000013_g007_p000056_g006_p000025_g005_p000080_g004_p000037_g003_p000083_g002_p000037_g001_p000093_empty,g009_9f473571ede69951_0036,28,42.0,11.0,24.0,4.3297164666000754e-05,0.016408998519182205,7.431581616401672e-05,7.431581616401672e-05,0,False
9,g009_p000029_g008_p000013_g007_p000056_g006_p000025_g005_p000080_g004_p000037_g003_p000083_g002_p000037_g001_p000093_empty,g008_p000013_g007_p000056_g006_p000025_g005_p000080_g004_p000037_g003_p000083_g002_p000037_g001_p000093_empty,g009_9f473571ede69951_0036,29,43.0,10.0,24.0,4.329715375206433e-05,0.016604764387011528,0.00027008168399333954,0.00027008168399333954,0,False
9,g009_p000030_g008_p000013_g007_p000056_g006_p000025_g005_p000080_g004_p000037_g003_p000083_g002_p000037_g001_p000093_empty,g008_p000013_g007_p000056_g006_p000025_g005_p000080_g004_p000037_g003_p000083_g002_p000037_g001_p000093_empty,g009_9f473571ede69951_0036,30,26.0,9.0,36.0,4.188812818028964e-05,0.0165975634008646,0.00026288069784641266,0.00026288069784641266,0,False
9,g009_p000031_g008_p000013_g007_p000056_g006_p000025_g005_p000080_g004_p000037_g003_p000083_g002_p000037_g001_p000093_empty,g008_p000013_g007_p000056_g006_p000025_g005_p000080_g004_p000037_g003_p000083_g002_p000037_g001_p000093_empty,g009_9f473571ede69951_0036,31,26.0,11.0,36.0,4.188812090433203e-05,0.016485074535012245,0.0001503918319940567,0.0001503918319940567,0,False
9,g009_p000032_g008_p000013_g007_p000056_g006_p000025_g005_p000080_g004_p000037_g003_p000083_g002_p000037_g001_p000093_empty,g008_p000013_g007_p000056_g006_p000025_g005_p000080_g004_p000037_g003_p000083_g002_p000037_g001_p000093_empty,g009_9f473571ede69951_0036,32,25.0,10.0,36.0,4.1871462599374354e-05,0.016531873494386673,0.0001971907913684845,0.0001971907913684845,0,False
9,g009_p000033_g008_p000013_g007_p000056_g006_p000025_g005_p000080_g004_p000037_g003_p000083_g002_p000037_g001_p000093_empty,g008_p000013_g007_p000056_g006_p000025_g005_p000080_g004_p000037_g003_p000083_g002_p000037_g001_p000093_empty,g009_9f473571ede69951_0036,33,27.0,10.0,36.0,4.1871437133522704e-05,0.016470344737172127,0.0001356620341539383,0.0001356620341539383,0,False
9,g009_p000034_g008_p000013_g007_p000056_g006_p000025_g005_p000080_g004_p000037_g003_p000083_g002_p000037_g001_p000093_empty,g008_p000013_g007_p000056_g006_p000025_g005_p000080_g004_p000037_g003_p000083_g002_p000037_g001_p000093_empty,g009_9f473571ede69951_0036,34,9.0,9.0,17.0,4.111378439120017e-05,0.01640012115240097,6.543844938278198e-05,6.543844938278198e-05,0,False
9,g009_p000035_g008_p000013_g007_p000056_g006_p000025_g005_p000080_g004_p000037_g003_p000083_g002_p000037_g001_p000093_empty,g008_p000013_g007_p000056_g006_p000025_g005_p000080_g004_p000037_g003_p000083_g002_p000037_g001_p000093_empty,g009_9f473571ede69951_0036,35,11.0,11.0,17.0,4.111373709747568e-05,0.016459021717309952,0.0001243390142917633,0.0001243390142917633,0,False
9,g009_p000036_g008_p000019_g007_p000056_g006_p000025_g005_p000080_g004_p000037_g003_p000083_g002_p000037_g001_p000093_empty,g008_p000019_g007_p000056_g006_p000025_g005_p000080_g004_p000037_g003_p000083_g002_p000037_g001_p000093_empty,g009_9f473571ede69951_0036,36,10.0,8.0,17.0,4.091047594556585e-05,0.016525421291589737,0.00019073858857154846,0.00019073858857154846,0,False
9,g009_p000037_g008_p000019_g007_p000056_g006_p000025_g005_p000080_g004_p000037_g003_p000083_g002_p000037_g001_p000093_empty,g008_p000019_g007_p000056_g006_p000025_g005_p000080_g004_p000037_g003_p000083_g002_p000037_g001_p000093_empty,g009_9f473571ede69951_0036,37,10.0,12.0,17.0,4.091047230758704e-05,0.01654815673828125,0.00021347403526306152,0.00021347403526306152,0,False
9,g009_p000038_g008_p000019_g007_p000056_g006_p000025_g005_p000080_g004_p000037_g003_p000083_g002_p000037_g001_p000093_empty,g008_p000019_g007_p000056_g006_p000025_g005_p000080_g004_p000037_g003_p000083_g002_p000037_g001_p000093_empty,g009_9f473571ede69951_0036,38,41.0,9.0,24.0,4.043041553813964e-05,0.016366368159651756,3.168545663356781e-05,3.168545663356781e-05,0,False
9,g009_p000039_g008_p000019_g007_p000056_g006_p000025_g005_p000080_g004_p000037_g003_p000083_g002_p000037_g001_p000093_empty,g008_p000019_g007_p000056_g006_p000025_g005_p000080_g004_p000037_g003_p000083_g002_p000037_g001_p000093_empty,g009_9f473571ede69951_0036,39,41.0,11.0,24.0,4.0430411900160834e-05,0.01649710163474083,0.000162418931722641,0.000162418931722641,0,False
9,g009_p000040_g008_p000019_g007_p000056_g006_p000025_g005_p000080_g004_p000037_g003_p000083_g002_p000037_g001_p000093_empty,g008_p000019_g007_p000056_g006_p000025_g005_p000080_g004_p000037_g003_p000083_g002_p000037_g001_p000093_empty,g009_9f473571ede69951_0036,40,43.0,9.0,24.0,4.04303937102668e-05,0.016599079594016075,0.00026439689099788666,0.00026439689099788666,0,False
9,g009_p000041_g008_p000019_g007_p000056_g006_p000025_g005_p000080_g004_p000037_g003_p000083_g002_p000037_g001_p000093_empty,g008_p000019_g007_p000056_g006_p000025_g005_p000080_g004_p000037_g003_p000083_g002_p000037_g001_p000093_empty,g009_9f473571ede69951_0036,41,43.0,11.0,24.0,4.04303937102668e-05,0.016534244641661644,0.0001995619386434555,0.0001995619386434555,0,False
9,g009_p000042_g008_p000019_g007_p000056_g006_p000025_g005_p000080_g004_p000037_g003_p000083_g002_p000037_g001_p000093_empty,g008_p000019_g007_p000056_g006_p000025_g005_p000080_g004_p000037_g003_p000083_g002_p000037_g001_p000093_empty,g009_9f473571ede69951_0036,42,11.0,42.0,19.0,3.970230318373069e-05,0.016560835763812065,0.00022615306079387665,0.00022615306079387665,0,False
9,g009_p000043_g008_p000019_g007_p000056_g006_p000025_g005_p000080_g004_p000037_g003_p000083_g002_p000037_g001_p000093_empty,g008_p000019_g007_p000056_g006_p000025_g005_p000080_g004_p000037_g003_p000083_g002_p000037_g001_p000093_empty,g009_9f473571ede69951_0036,43,13.0,42.0,19.0,3.970230318373069e-05,0.016496537253260612,0.000161854550242424,0.000161854550242424,0,False
9,g009_p000044_g008_p000019_g007_p000056_g006_p000025_g005_p000080_g004_p000037_g003_p000083_g002_p000037_g001_p000093_empty,g008_p000019_g007_p000056_g006_p000025_g005_p000080_g004_p000037_g003_p000083_g002_p000037_g001_p000093_empty,g009_9f473571ede69951_0036,44,9.0,9.0,16.0,3.959364039474167e-05,0.016447264701128006,0.0001125819981098175,0.0001125819981098175,0,False
9,g009_p000045_g008_p000019_g007_p000056_g006_p000025_g005_p000080_g004_p000037_g003_p000083_g002_p000037_g001_p000093_empty,g008_p000019_g007_p000056_g006_p000025_g005_p000080_g004_p000037_g003_p000083_g002_p000037_g001_p000093_empty,g009_9f473571ede69951_0036,45,11.0,11.0,16.0,3.959364039474167e-05,0.01642138510942459,8.670240640640259e-05,8.670240640640259e-05,0,False
9,g009_p000046_g008_p000019_g007_p000056_g006_p000025_g005_p000080_g004_p000037_g003_p000083_g002_p000037_g001_p000093_empty,g008_p000019_g007_p000056_g006_p000025_g005_p000080_g004_p000037_g003_p000083_g002_p000037_g001_p000093_empty,g009_9f473571ede69951_0036,46,11.0,44.0,20.0,3.9302336517721415e-05,0.016432946547865868,9.826384484767914e-05,9.826384484767914e-05,0,False
9,g009_p000047_g008_p000019_g007_p000056_g006_p000025_g005_p000080_g004_p000037_g003_p000083_g002_p000037_g001_p000093_empty,g008_p000019_g007_p000056_g006_p000025_g005_p000080_g004_p000037_g003_p000083_g002_p000037_g001_p000093_empty,g009_9f473571ede69951_0036,47,13.0,40.0,20.0,3.9302336517721415e-05,0.01641232520341873,7.764250040054321e-05,7.764250040054321e-05,0,False
9,g009_p000048_g008_p000025_g007_p000046_g006_p000019_g005_p000009_g004_p000001_g003_p000010_g002_p000001_g001_p000057_empty,g008_p000025_g007_p000046_g006_p000019_g005_p000009_g004_p000001_g003_p000010_g002_p000001_g001_p000057_empty,g009_9f473571ede69951_0036,48,13.0,42.0,18.0,3.917921640095301e-05,0.016431987285614014,9.73045825958252e-05,9.73045825958252e-05,0,False
9,g009_p000049_g008_p000025_g007_p000046_g006_p000019_g005_p000009_g004_p000001_g003_p000010_g002_p000001_g001_p000057_empty,g008_p000025_g007_p000046_g006_p000019_g005_p000009_g004_p000001_g003_p000010_g002_p000001_g001_p000057_empty,g009_9f473571ede69951_0036,49,11.0,42.0,18.0,3.91792127629742e-05,0.0164173673838377,8.268468081951141e-05,8.268468081951141e-05,0,False
9,g009_p000050_g008_p000025_g007_p000046_g006_p000019_g005_p000009_g004_p000001_g003_p000010_g002_p000001_g001_p000057_empty,g008_p000025_g007_p000046_g006_p000019_g005_p000009_g004_p000001_g003_p000010_g002_p000001_g001_p000057_empty,g009_9f473571ede69951_0036,50,13.0,43.0,19.0,3.916999776265584e-05,0.016502827405929565,0.00016814470291137695,0.00016814470291137695,0,False
9,g009_p000051_g008_p000025_g007_p000046_g006_p000019_g005_p000009_g004_p000001_g003_p000010_g002_p000001_g001_p000057_empty,g008_p000025_g007_p000046_g006_p000019_g005_p000009_g004_p000001_g003_p000010_g002_p000001_g001_p000057_empty,g009_9f473571ede69951_0036,51,11.0,41.0,19.0,3.9169990486698225e-05,0.016417760401964188,8.307769894599915e-05,8.307769894599915e-05,0,False
9,g009_p000052_g008_p000025_g007_p000046_g006_p000019_g005_p000009_g004_p000001_g003_p000010_g002_p000001_g001_p000057_empty,g008_p000025_g007_p000046_g006_p000019_g005_p000009_g004_p000001_g003_p000010_g002_p000001_g001_p000057_empty,g009_9f473571ede69951_0036,52,10.0,42.0,20.0,3.871337685268372e-05,0.016423054039478302,8.837133646011353e-05,8.837133646011353e-05,0,False
9,g009_p000053_g008_p000025_g007_p000046_g006_p000019_g005_p000009_g004_p000001_g003_p000010_g002_p000001_g001_p000057_empty,g008_p000025_g007_p000046_g006_p000019_g005_p000009_g004_p000001_g003_p000010_g002_p000001_g001_p000057_empty,g009_9f473571ede69951_0036,53,14.0,42.0,20.0,3.8713362300768495e-05,0.016458947211503983,0.00012426450848579407,0.00012426450848579407,0,False
9,g009_p000054_g008_p000025_g007_p000046_g006_p000019_g005_p000009_g004_p000001_g003_p000010_g002_p000001_g001_p000057_empty,g008_p000025_g007_p000046_g006_p000019_g005_p000009_g004_p000001_g003_p000010_g002_p000001_g001_p000057_empty,g009_9f473571ede69951_0036,54,8.0,10.0,17.0,3.868229759973474e-05,0.016411932185292244,7.724948227405548e-05,7.724948227405548e-05,0,False
9,g009_p000055_g008_p000025_g007_p000046_g006_p000019_g005_p000009_g004_p000001_g003_p000010_g002_p000001_g001_p000057_empty,g008_p000025_g007_p000046_g006_p000019_g005_p000009_g004_p000001_g003_p000010_g002_p000001_g001_p000057_empty,g009_9f473571ede69951_0036,55,12.0,10.0,17.0,3.868225394398905e-05,0.016506817191839218,0.00017213448882102966,0.00017213448882102966,0,False
9,g009_p000056_g008_p000025_g007_p000046_g006_p000019_g005_p000009_g004_p000001_g003_p000010_g002_p000001_g001_p000057_empty,g008_p000025_g007_p000046_g006_p000019_g005_p000009_g004_p000001_g003_p000010_g002_p000001_g001_p000057_empty,g009_9f473571ede69951_0036,56,12.0,39.0,20.0,3.7540554330917075e-05,0.01643747091293335,0.00010278820991516113,0.00010278820991516113,0,False
9,g009_p000057_g008_p000025_g007_p000046_g006_p000019_g005_p000009_g004_p000001_g003_p000010_g002_p000001_g001_p000057_empty,g008_p000025_g007_p000046_g006_p000019_g005_p000009_g004_p000001_g003_p000010_g002_p000001_g001_p000057_empty,g009_9f473571ede69951_0036,57,12.0,45.0,20.0,3.754055069293827e-05,0.016643274575471878,0.0003085918724536896,0.0003085918724536896,0,False
9,g009_p000058_g008_p000025_g007_p000046_g006_p000019_g005_p000009_g004_p000001_g003_p000010_g002_p000001_g001_p000057_empty,g008_p000025_g007_p000046_g006_p000019_g005_p000009_g004_p000001_g003_p000010_g002_p000001_g001_p000057_empty,g009_9f473571ede69951_0036,58,10.0,41.0,20.0,3.6571771488524973e-05,0.016347436234354973,1.2753531336784363e-05,1.2753531336784363e-05,0,False
9,g009_p000059_g008_p000025_g007_p000046_g006_p000019_g005_p000009_g004_p000001_g003_p000010_g002_p000001_g001_p000057_empty,g008_p000025_g007_p000046_g006_p000019_g005_p000009_g004_p000001_g003_p000010_g002_p000001_g001_p000057_empty,g009_9f473571ede69951_0036,59,14.0,43.0,20.0,3.657176421256736e-05,0.01646859012544155,0.00013390742242336273,0.00013390742242336273,0,False
9,g009_p000060_g008_p000031_g007_p000046_g006_p000019_g005_p000009_g004_p000001_g003_p000010_g002_p000001_g001_p000057_empty,g008_p000031_g007_p000046_g006_p000019_g005_p000009_g004_p000001_g003_p000010_g002_p000001_g001_p000057_empty,g009_9f473571ede69951_0036,60,13.0,43.0,18.0,3.6540033761411905e-05,0.01651727966964245,0.00018259696662425995,0.00018259696662425995,0,False
9,g009_p000061_g008_p000031_g007_p000046_g006_p000019_g005_p000009_g004_p000001_g003_p000010_g002_p000001_g001_p000057_empty,g008_p000031_g007_p000046_g006_p000019_g005_p000009_g004_p000001_g003_p000010_g002_p000001_g001_p000057_empty,g009_9f473571ede69951_0036,61,11.0,41.0,18.0,3.65400301234331e-05,0.01635250449180603,1.7821788787841797e-05,1.7821788787841797e-05,0,False
9,g009_p000062_g008_p000031_g007_p000046_g006_p000019_g005_p000009_g004_p000001_g003_p000010_g002_p000001_g001_p000057_empty,g008_p000031_g007_p000046_g006_p000019_g005_p000009_g004_p000001_g003_p000010_g002_p000001_g001_p000057_empty,g009_9f473571ede69951_0036,62,11.0,40.0,20.0,3.621663563535549e-05,0.0164885725826025,0.00015388987958431244,0.00015388987958431244,0,False
9,g009_p000063_g008_p000031_g007_p000046_g006_p000019_g005_p000009_g004_p000001_g003_p000010_g002_p000001_g001_p000057_empty,g008_p000031_g007_p000046_g006_p000019_g005_p000009_g004_p000001_g003_p000010_g002_p000001_g001_p000057_empty,g009_9f473571ede69951_0036,63,13.0,44.0,20.0,3.621662835939787e-05,0.016484078019857407,0.00014939531683921814,0.00014939531683921814,0,False
9,g009_p000064_g008_p000031_g007_p000046_g006_p000019_g005_p000009_g004_p000001_g003_p000010_g002_p000001_g001_p000057_empty,g008_p000031_g007_p000046_g006_p000019_g005_p000009_g004_p000001_g003_p000010_g002_p000001_g001_p000057_empty,g009_9f473571ede69951_0036,64,10.0,43.0,20.0,3.51569578924682e-05,0.01641947403550148,8.479133248329163e-05,8.479133248329163e-05,0,False
9,g009_p000065_g008_p000031_g007_p000046_g006_p000019_g005_p000009_g004_p000001_g003_p000010_g002_p000001_g001_p000057_empty,g008_p000031_g007_p000046_g006_p000019_g005_p000009_g004_p000001_g003_p000010_g002_p000001_g001_p000057_empty,g009_9f473571ede69951_0036,65,14.0,41.0,20.0,3.5156950616510585e-05,0.016437139362096786,0.00010245665907859802,0.00010245665907859802,0,False
9,g009_p000066_g008_p000031_g007_p000046_g006_p000019_g005_p000009_g004_p000001_g003_p000010_g002_p000001_g001_p000057_empty,g008_p000031_g007_p000046_g006_p000019_g005_p000009_g004_p000001_g003_p000010_g002_p000001_g001_p000057_empty,g009_9f473571ede69951_0036,66,10.0,40.0,20.0,3.493005351629108e-05,0.016512183472514153,0.00017750076949596405,0.00017750076949596405,0,False
9,g009_p000067_g008_p000031_g007_p000046_g006_p000019_g005_p000009_g004_p000001_g003_p000010_g002_p000001_g001_p000057_empty,g008_p000031_g007_p000046_g006_p000019_g005_p000009_g004_p000001_g003_p000010_g002_p000001_g001_p000057_empty,g009_9f473571ede69951_0036,67,14.0,44.0,20.0,3.4930038964375854e-05,0.01647995412349701,0.0001452714204788208,0.0001452714204788208,0,False
9,g009_p000068_g008_p000031_g007_p000046_g006_p000019_g005_p000009_g004_p000001_g003_p000010_g002_p000001_g001_p000057_empty,g008_p000031_g007_p000046_g006_p000019_g005_p000009_g004_p000001_g003_p000010_g002_p000001_g001_p000057_empty,g009_9f473571ede69951_0036,68,12.0,42.0,18.0,3.4676355426199734e-05,0.016488177701830864,0.00015349499881267548,0.00015349499881267548,0,False
9,g009_p000069_g008_p000031_g007_p000046_g006_p000019_g005_p000009_g004_p000001_g003_p000010_g002_p000001_g001_p000057_empty,g008_p000031_g007_p000046_g006_p000019_g005_p000009_g004_p000001_g003_p000010_g002_p000001_g001_p000057_empty,g009_9f473571ede69951_0036,69,27.0,9.0,35.0,3.465738336672075e-05,0.016431987285614014,9.73045825958252e-05,9.73045825958252e-05,0,False
9,g009_p000070_g008_p000031_g007_p000046_g006_p000019_g005_p000009_g004_p000001_g003_p000010_g002_p000001_g001_p000057_empty,g008_p000031_g007_p000046_g006_p000019_g005_p000009_g004_p000001_g003_p000010_g002_p000001_g001_p000057_empty,g009_9f473571ede69951_0036,70,25.0,11.0,35.0,3.465737609076314e-05,0.016482019796967506,0.00014733709394931793,0.00014733709394931793,0,False
9,g009_p000071_g008_p000031_g007_p000046_g006_p000019_g005_p000009_g004_p000001_g003_p000010_g002_p000001_g001_p000057_empty,g008_p000031_g007_p000046_g006_p000019_g005_p000009_g004_p000001_g003_p000010_g002_p000001_g001_p000057_empty,g009_9f473571ede69951_0036,71,27.0,10.0,35.0,3.465691770543344e-05,0.016407907009124756,7.322430610656738e-05,7.322430610656738e-05,0,False
9,g009_p000072_g008_p000037_g007_p000085_g006_p000043_g005_p000068_g004_p000031_g003_p000052_g002_p000025_g001_p000072_empty,g008_p000037_g007_p000085_g006_p000043_g005_p000068_g004_p000031_g003_p000052_g002_p000025_g001_p000072_empty,g009_9f473571ede69951_0036,72,25.0,10.0,35.0,3.4656914067454636e-05,0.016528718173503876,0.00019403547048568726,0.00019403547048568726,0,False
9,g009_p000073_g008_p000037_g007_p000085_g006_p000043_g005_p000068_g004_p000031_g003_p000052_g002_p000025_g001_p000072_empty,g008_p000037_g007_p000085_g006_p000043_g005_p000068_g004_p000031_g003_p000052_g002_p000025_g001_p000072_empty,g009_9f473571ede69951_0036,73,9.0,12.0,17.0,3.398280750843696e-05,0.016439391300082207,0.00010470859706401825,0.00010470859706401825,0,False
9,g009_p000074_g008_p000037_g007_p000085_g006_p000043_g005_p000068_g004_p000031_g003_p000052_g002_p000025_g001_p000072_empty,g008_p000037_g007_p000085_g006_p000043_g005_p000068_g004_p000031_g003_p000052_g002_p000025_g001_p000072_empty,g009_9f473571ede69951_0036,74,11.0,8.0,17.0,3.398280023247935e-05,0.016458071768283844,0.00012338906526565552,0.00012338906526565552,0,False
9,g009_p000075_g008_p000037_g007_p000085_g006_p000043_g005_p000068_g004_p000031_g003_p000052_g002_p000025_g001_p000072_empty,g008_p000037_g007_p000085_g006_p000043_g005_p000068_g004_p000031_g003_p000052_g002_p000025_g001_p000072_empty,g009_9f473571ede69951_0036,75,10.0,44.0,20.0,3.391651625861414e-05,0.01646660454571247,0.00013192184269428253,0.00013192184269428253,0,False
9,g009_p000076_g008_p000037_g007_p000085_g006_p000043_g005_p000068_g004_p000031_g003_p000052_g002_p000025_g001_p000072_empty,g008_p000037_g007_p000085_g006_p000043_g005_p000068_g004_p000031_g003_p000052_g002_p000025_g001_p000072_empty,g009_9f473571ede69951_0036,76,14.0,40.0,20.0,3.391651262063533e-05,0.016544368118047714,0.00020968541502952576,0.00020968541502952576,0,False
9,g009_p000077_g008_p000037_g007_p000085_g006_p000043_g005_p000068_g004_p000031_g003_p000052_g002_p000025_g001_p000072_empty,g008_p000037_g007_p000085_g006_p000043_g005_p000068_g004_p000031_g003_p000052_g002_p000025_g001_p000072_empty,g009_9f473571ede69951_0036,77,40.0,10.0,24.0,3.3683125366223976e-05,0.016433048993349075,9.836629033088684e-05,9.836629033088684e-05,0,False
9,g009_p000078_g008_p000037_g007_p000085_g006_p000043_g005_p000068_g004_p000031_g003_p000052_g002_p000025_g001_p000072_empty,g008_p000037_g007_p000085_g006_p000043_g005_p000068_g004_p000031_g003_p000052_g002_p000025_g001_p000072_empty,g009_9f473571ede69951_0036,78,42.0,8.0,24.0,3.368311809026636e-05,0.016542207449674606,0.00020752474665641785,0.00020752474665641785,0,False
9,g009_p000079_g008_p000037_g007_p000085_g006_p000043_g005_p000068_g004_p000031_g003_p000052_g002_p000025_g001_p000072_empty,g008_p000037_g007_p000085_g006_p000043_g005_p000068_g004_p000031_g003_p000052_g002_p000025_g001_p000072_empty,g009_9f473571ede69951_0036,79,42.0,12.0,24.0,3.3683114452287555e-05,0.016611935570836067,0.0002772528678178787,0.0002772528678178787,0,False
9,g009_p000080_g008_p000037_g007_p000085_g006_p000043_g005_p000068_g004_p000031_g003_p000052_g002_p000025_g001_p000072_empty,g008_p000037_g007_p000085_g006_p000043_g005_p000068_g004_p000031_g003_p000052_g002_p000025_g001_p000072_empty,g009_9f473571ede69951_0036,80,44.0,10.0,24.0,3.3683099900372326e-05,0.016477452591061592,0.00014276988804340363,0.00014276988804340363,0,False
9,g009_p000081_g008_p000037_g007_p000085_g006_p000043_g005_p000068_g004_p000031_g003_p000052_g002_p000025_g001_p000072_empty,g008_p000037_g007_p000085_g006_p000043_g005_p000068_g004_p000031_g003_p000052_g002_p000025_g001_p000072_empty,g009_9f473571ede69951_0036,81,25.0,8.0,37.0,3.309709427412599e-05,0.016513556241989136,0.00017887353897094727,0.00017887353897094727,0,False
9,g009_p000082_g008_p000037_g007_p000085_g006_p000043_g005_p000068_g004_p000031_g003_p000052_g002_p000025_g001_p000072_empty,g008_p000037_g007_p000085_g006_p000043_g005_p000068_g004_p000031_g003_p000052_g002_p000025_g001_p000072_empty,g009_9f473571ede69951_0036,82,27.0,12.0,37.0,3.3097079722210765e-05,0.016387391835451126,5.270913243293762e-05,5.270913243293762e-05,0,False
9,g009_p000083_g008_p000037_g007_p000085_g006_p000043_g005_p000068_g004_p000031_g003_p000052_g002_p000025_g001_p000072_empty,g008_p000037_g007_p000085_g006_p000043_g005_p000068_g004_p000031_g003_p000052_g002_p000025_g001_p000072_empty,g009_9f473571ede69951_0036,83,9.0,8.0,17.0,3.2807758543640375e-05,0.016492653638124466,0.00015797093510627747,0.00015797093510627747,0,False
9,g009_p000084_g008_p000043_g007_p000085_g006_p000043_g005_p000068_g004_p000031_g003_p000052_g002_p000025_g001_p000072_empty,g008_p000043_g007_p000085_g006_p000043_g005_p000068_g004_p000031_g003_p000052_g002_p000025_g001_p000072_empty,g009_9f473571ede69951_0036,84,11.0,12.0,17.0,3.2807733077788725e-05,0.016492655500769615,0.0001579727977514267,0.0001579727977514267,0,False
9,g009_p000085_g008_p000043_g007_p000085_g006_p000043_g005_p000068_g004_p000031_g003_p000052_g002_p000025_g001_p000072_empty,g008_p000043_g007_p000085_g006_p000043_g005_p000068_g004_p000031_g003_p000052_g002_p000025_g001_p000072_empty,g009_9f473571ede69951_0036,85,10.0,7.0,17.0,3.279349402873777e-05,0.016601666808128357,0.00026698410511016846,0.00026698410511016846,0,False
9,g009_p000086_g008_p000043_g007_p000085_g006_p000043_g005_p000068_g004_p000031_g003_p000052_g002_p000025_g001_p000072_empty,g008_p000043_g007_p000085_g006_p000043_g005_p000068_g004_p000031_g003_p000052_g002_p000025_g001_p000072_empty,g009_9f473571ede69951_0036,86,10.0,13.0,17.0,3.279348311480135e-05,0.016547076404094696,0.00021239370107650757,0.00021239370107650757,0,False
9,g009_p000087_g008_p000043_g007_p000085_g006_p000043_g005_p000068_g004_p000031_g003_p000052_g002_p000025_g001_p000072_empty,g008_p000043_g007_p000085_g006_p000043_g005_p000068_g004_p000031_g003_p000052_g002_p000025_g001_p000072_empty,g009_9f473571ede69951_0036,87,11.0,40.0,19.0,3.272023968747817e-05,0.016391750425100327,5.706772208213806e-05,5.706772208213806e-05,0,False
9,g009_p000088_g008_p000043_g007_p000085_g006_p000043_g005_p000068_g004_p000031_g003_p000052_g002_p000025_g001_p000072_empty,g008_p000043_g007_p000085_g006_p000043_g005_p000068_g004_p000031_g003_p000052_g002_p000025_g001_p000072_empty,g009_9f473571ede69951_0036,88,13.0,44.0,19.0,3.272023968747817e-05,0.016560854390263557,0.00022617168724536896,0.00022617168724536896,0,False
9,g009_p000089_g008_p000043_g007_p000085_g006_p000043_g005_p000068_g004_p000031_g003_p000052_g002_p000025_g001_p000072_empty,g008_p000043_g007_p000085_g006_p000043_g005_p000068_g004_p000031_g003_p000052_g002_p000025_g001_p000072_empty,g009_9f473571ede69951_0036,89,8.0,11.0,17.0,3.267771899118088e-05,0.0165240541100502,0.00018937140703201294,0.00018937140703201294,0,False
9,g009_p000090_g008_p000043_g007_p000085_g006_p000043_g005_p000068_g004_p000031_g003_p000052_g002_p000025_g001_p000072_empty,g008_p000043_g007_p000085_g006_p000043_g005_p000068_g004_p000031_g003_p000052_g002_p000025_g001_p000072_empty,g009_9f473571ede69951_0036,90,12.0,9.0,17.0,3.267769352532923e-05,0.01650911383330822,0.00017443113029003143,0.00017443113029003143,0,False
9,g009_p000091_g008_p000043_g007_p000085_g006_p000043_g005_p000068_g004_p000031_g003_p000052_g002_p000025_g001_p000072_empty,g008_p000043_g007_p000085_g006_p000043_g005_p000068_g004_p000031_g003_p000052_g002_p000025_g001_p000072_empty,g009_9f473571ede69951_0036,91,14.0,41.0,19.0,3.2167583412956446e-05,0.016560854390263557,0.00022617168724536896,0.00022617168724536896,0,False
9,g009_p000092_g008_p000043_g007_p000085_g006_p000043_g005_p000068_g004_p000031_g003_p000052_g002_p000025_g001_p000072_empty,g008_p000043_g007_p000085_g006_p000043_g005_p000068_g004_p000031_g003_p000052_g002_p000025_g001_p000072_empty,g009_9f473571ede69951_0036,92,10.0,43.0,19.0,3.216757977497764e-05,0.01641865260899067,8.396990597248077e-05,8.396990597248077e-05,0,False
9,g009_p000093_g008_p000043_g007_p000085_g006_p000043_g005_p000068_g004_p000031_g003_p000052_g002_p000025_g001_p000072_empty,g008_p000043_g007_p000085_g006_p000043_g005_p000068_g004_p000031_g003_p000052_g002_p000025_g001_p000072_empty,g009_9f473571ede69951_0036,93,12.0,40.0,19.0,3.1871608371147886e-05,0.01636718213558197,3.249943256378174e-05,3.249943256378174e-05,0,False
9,g009_p000094_g008_p000043_g007_p000085_g006_p000043_g005_p000068_g004_p000031_g003_p000052_g002_p000025_g001_p000072_empty,g008_p000043_g007_p000085_g006_p000043_g005_p000068_g004_p000031_g003_p000052_g002_p000025_g001_p000072_empty,g009_9f473571ede69951_0036,94,12.0,44.0,19.0,3.1871608371147886e-05,0.01636718213558197,3.249943256378174e-05,3.249943256378174e-05,0,False
9,g009_p000095_g008_p000043_g007_p000085_g006_p000043_g005_p000068_g004_p000031_g003_p000052_g002_p000025_g001_p000072_empty,g008_p000043_g007_p000085_g006_p000043_g005_p000068_g004_p000031_g003_p000052_g002_p000025_g001_p000072_empty,g009_9f473571ede69951_0036,95,14.0,44.0,19.0,3.177033431711607e-05,0.016414310783147812,7.962808012962341e-05,7.962808012962341e-05,0,False
10,g010_p000000_g009_p000058_g008_p000025_g007_p000046_g006_p000019_g005_p000009_g004_p000001_g003_p000010_g002_p000001_g001_p000057_empty,g009_p000058_g008_p000025_g007_p000046_g006_p000019_g005_p000009_g004_p000001_g003_p000010_g002_p000001_g001_p000057_empty,g010_5d0a4b55917cfd06_0037,0,12.0,42.0,19.0,8.034765050979331e-05,0.016469109803438187,0.0001216735690832138,0.00013442710041999817,0,False
10,g010_p000006_g009_p000058_g008_p000025_g007_p000046_g006_p000019_g005_p000009_g004_p000001_g003_p000010_g002_p000001_g001_p000057_empty,g009_p000058_g008_p000025_g007_p000046_g006_p000019_g005_p000009_g004_p000001_g003_p000010_g002_p000001_g001_p000057_empty,g010_5d0a4b55917cfd06_0037,1,12.0,41.0,20.0,6.691589078400284e-05,0.0165540911257267,0.000206654891371727,0.00021940842270851135,0,False
10,g010_p000012_g009_p000061_g008_p000031_g007_p000046_g006_p000019_g005_p000009_g004_p000001_g003_p000010_g002_p000001_g001_p000057_empty,g009_p000061_g008_p000031_g007_p000046_g006_p000019_g005_p000009_g004_p000001_g003_p000010_g002_p000001_g001_p000057_empty,g010_75db52dc2656da2d_0038,0,12.0,42.0,19.0,8.002831600606441e-05,0.016435490921139717,8.298642933368683e-05,0.00010080821812152863,0,False
10,g010_p000018_g009_p000061_g008_p000031_g007_p000046_g006_p000019_g005_p000009_g004_p000001_g003_p000010_g002_p000001_g001_p000057_empty,g009_p000061_g008_p000031_g007_p000046_g006_p000019_g005_p000009_g004_p000001_g003_p000010_g002_p000001_g001_p000057_empty,g010_75db52dc2656da2d_0038,1,12.0,41.0,20.0,6.692682654829696e-05,0.01652948185801506,0.00017697736620903015,0.00019479915499687195,0,False
10,g010_p000024_g009_p000038_g008_p000019_g007_p000056_g006_p000025_g005_p000080_g004_p000037_g003_p000083_g002_p000037_g001_p000093_empty,g009_p000038_g008_p000019_g007_p000056_g006_p000025_g005_p000080_g004_p000037_g003_p000083_g002_p000037_g001_p000093_empty,g010_0de3ab9f118c2a53_0039,0,12.0,42.0,19.0,8.122159488266334e-05,0.01664198376238346,0.0002756156027317047,0.0003073010593652725,0,False
10,g010_p000030_g009_p000038_g008_p000019_g007_p000056_g006_p000025_g005_p000080_g004_p000037_g003_p000083_g002_p000037_g001_p000093_empty,g009_p000038_g008_p000019_g007_p000056_g006_p000025_g005_p000080_g004_p000037_g003_p000083_g002_p000037_g001_p000093_empty,g010_0de3ab9f118c2a53_0039,1,12.0,43.0,20.0,6.900660810060799e-05,0.016594745218753815,0.0002283770591020584,0.0002600625157356262,0,False
10,g010_p000036_g009_p000093_g008_p000043_g007_p000085_g006_p000043_g005_p000068_g004_p000031_g003_p000052_g002_p000025_g001_p000072_empty,g009_p000093_g008_p000043_g007_p000085_g006_p000043_g005_p000068_g004_p000031_g003_p000052_g002_p000025_g001_p000072_empty,g010_ce2727cc4ab78587_0040,0,12.0,42.0,19.0,8.348993287654594e-05,0.01659289002418518,0.00022570788860321045,0.0002582073211669922,0,False
10,g010_p000042_g009_p000093_g008_p000043_g007_p000085_g006_p000043_g005_p000068_g004_p000031_g003_p000052_g002_p000025_g001_p000072_empty,g009_p000093_g008_p000043_g007_p000085_g006_p000043_g005_p000068_g004_p000031_g003_p000052_g002_p000025_g001_p000072_empty,g010_ce2727cc4ab78587_0040,1,12.0,43.0,20.0,7.101231312844902e-05,0.01657569408416748,0.00020851194858551025,0.000241011381149292,0,False
10,g010_p000048_g009_p000094_g008_p000043_g007_p000085_g006_p000043_g005_p000068_g004_p000031_g003_p000052_g002_p000025_g001_p000072_empty,g009_p000094_g008_p000043_g007_p000085_g006_p000043_g005_p000068_g004_p000031_g003_p000052_g002_p000025_g001_p000072_empty,g010_f12bea8963e2a05c_0041,0,12.0,42.0,19.0,8.348993287654594e-05,0.016488710418343544,0.00012152828276157379,0.00015402771532535553,0,False
10,g010_p000054_g009_p000094_g008_p000043_g007_p000085_g006_p000043_g005_p000068_g004_p000031_g003_p000052_g002_p000025_g001_p000072_empty,g009_p000094_g008_p000043_g007_p000085_g006_p000043_g005_p000068_g004_p000031_g003_p000052_g002_p000025_g001_p000072_empty,g010_f12bea8963e2a05c_0041,1,12.0,43.0,20.0,7.101231312844902e-05,0.01645180769264698,8.462555706501007e-05,0.00011712498962879181,0,False
10,g010_p000060_g009_p000011_g008_p000001_g007_p000074_g006_p000037_g005_p000068_g004_p000031_g003_p000052_g002_p000025_g001_p000072_empty,g009_p000011_g008_p000001_g007_p000074_g006_p000037_g005_p000068_g004_p000031_g003_p000052_g002_p000025_g001_p000072_empty,g010_a19bcf847a40a295_0042,0,12.0,42.0,19.0,7.738299609627575e-05,0.016534915193915367,0.0001620035618543625,0.00020023249089717865,0,False
10,g010_p000066_g009_p000011_g008_p000001_g007_p000074_g006_p000037_g005_p000068_g004_p000031_g003_p000052_g002_p000025_g001_p000072_empty,g009_p000011_g008_p000001_g007_p000074_g006_p000037_g005_p000068_g004_p000031_g003_p000052_g002_p000025_g001_p000072_empty,g010_a19bcf847a40a295_0042,1,11.0,10.0,17.0,6.275781925069168e-05,0.016466299071907997,9.338743984699249e-05,0.00013161636888980865,0,False
10,g010_p000072_g009_p000003_g008_p000001_g007_p000074_g006_p000037_g005_p000068_g004_p000031_g003_p000052_g002_p000025_g001_p000072_empty,g009_p000003_g008_p000001_g007_p000074_g006_p000037_g005_p000068_g004_p000031_g003_p000052_g002_p000025_g001_p000072_empty,g010_28bb6b9a48a778e0_0043,0,12.0,42.0,19.0,8.122159488266334e-05,0.01647142879664898,9.706802666187286e-05,0.0001367460936307907,0,False
10,g010_p000078_g009_p000003_g008_p000001_g007_p000074_g006_p000037_g005_p000068_g004_p000031_g003_p000052_g002_p000025_g001_p000072_empty,g009_p000003_g008_p000001_g007_p000074_g006_p000037_g005_p000068_g004_p000031_g003_p000052_g002_p000025_g001_p000072_empty,g010_28bb6b9a48a778e0_0043,1,9.0,10.0,17.0,7.084241951815784e-05,0.016504662111401558,0.0001303013414144516,0.00016997940838336945,0,False
10,g010_p000084_g009_p000082_g008_p000037_g007_p000085_g006_p000043_g005_p000068_g004_p000031_g003_p000052_g002_p000025_g001_p000072_empty,g009_p000082_g008_p000037_g007_p000085_g006_p000043_g005_p000068_g004_p000031_g003_p000052_g002_p000025_g001_p000072_empty,g010_b0fcb1367e62af6e_0044,0,12.0,42.0,19.0,8.122159488266334e-05,0.016559889540076256,0.0001724977046251297,0.00022520683705806732,0,False
10,g010_p000090_g009_p000082_g008_p000037_g007_p000085_g006_p000043_g005_p000068_g004_p000031_g003_p000052_g002_p000025_g001_p000072_empty,g009_p000082_g008_p000037_g007_p000085_g006_p000043_g005_p000068_g004_p000031_g003_p000052_g002_p000025_g001_p000072_empty,g010_b0fcb1367e62af6e_0044,1,12.0,43.0,20.0,6.900660810060799e-05,0.016485530883073807,9.813904762268066e-05,0.00015084818005561829,0,False
