branch_id,probe_kind,generation,proposal_index,child_state_id,parent_state_id,ranking_id,rank_index,canonical_center_score,center_x,center_y,center_z,shape,material_label,orientation_deg,full_size_x,full_size_y,full_size_z,scale_index,scale,probe_size_x,probe_size_y,probe_size_z,hard_rmse,delta_rmse_vs_parent,delta_rmse_vs_empty,hard_loss_improving_vs_parent,condition_violations,continuation_authorized,next_scale,termination,truth_used
branch_f78cdd13980821711505,new_center,1,0,g001_p000000_empty,empty,g001_b7e43f1d75130653_0000,0,8.122159488266334e-05,12.0,42.0,19.0,dike_hemisphere,9,154.5440484011571,14.884829032409776,15.294535624314307,9.010927041835465,0,0.25,3.721207258102444,3.8236339060785767,2.2527317604588664,0.01650773175060749,0.00017304904758930206,0.00017304904758930206,False,0,False,,terminated_non_improving_hard_step,False
branch_f14896134925e4ecf5de,new_center,1,1,g001_p000001_empty,empty,g001_b7e43f1d75130653_0000,1,6.900660810060799e-05,12.0,43.0,20.0,ellipsoid,9,93.38568608685748,11.533596090150594,15.66178569020259,13.770504688507685,0,0.25,2.8833990225376485,3.9154464225506476,3.4426261721269213,0.016528980806469917,0.00019429810345172882,0.00019429810345172882,False,0,False,,terminated_non_improving_hard_step,False
branch_0409a82a176acf10c494,new_center,1,2,g001_p000002_empty,empty,g001_b7e43f1d75130653_0000,2,6.900660082465038e-05,12.0,41.0,20.0,dike_hemisphere,9,2.4201627917131963,11.781044505878889,6.652386763820174,8.62716503414886,0,0.25,2.945261126469722,1.6630966909550435,2.156791258537215,0.016387082636356354,5.239993333816528e-05,5.239993333816528e-05,False,0,False,,terminated_non_improving_hard_step,False
branch_df406c33f36279bd0109,new_center,1,3,g001_p000003_empty,empty,g001_b7e43f1d75130653_0000,3,6.275781925069168e-05,11.0,10.0,17.0,dike_hemisphere,9,35.56202350310141,14.402963172839018,9.001800407957017,12.937302702814076,0,0.25,3.6007407932097544,2.250450101989254,3.234325675703519,0.016394492238759995,5.980953574180603e-05,5.980953574180603e-05,False,0,False,,terminated_non_improving_hard_step,False
branch_19eedb24575910c5743e,new_center,1,4,g001_p000004_empty,empty,g001_b7e43f1d75130653_0000,4,6.275781197473407e-05,9.0,10.0,17.0,ellipsoid,9,43.10281010947506,7.92242395847873,12.291878531050266,12.149970730264696,0,0.25,1.9806059896196826,3.0729696327625664,3.037492682566174,0.01645297184586525,0.00011828914284706116,0.00011828914284706116,False,0,False,,terminated_non_improving_hard_step,False
branch_407d780d2a1423d517e7,new_center,1,5,g001_p000005_empty,empty,g001_b7e43f1d75130653_0000,5,6.144454528111964e-05,11.0,43.0,20.0,dike_hemisphere,9,56.84491745392405,7.833591037947077,6.807437053155505,10.81969050953954,0,0.25,1.9583977594867692,1.7018592632888763,2.704922627384885,0.016347436234354973,1.2753531336784363e-05,1.2753531336784363e-05,False,0,False,,terminated_non_improving_hard_step,False
branch_d1d617b90969743ada31,new_center,1,6,g001_p000006_empty,empty,g001_b7e43f1d75130653_0000,6,6.144453072920442e-05,13.0,41.0,20.0,dike_hemisphere,9,87.83983112760117,7.758925489796136,9.684460133413856,9.869370372282829,0,0.25,1.939731372449034,2.421115033353464,2.467342593070707,0.016387082636356354,5.239993333816528e-05,5.239993333816528e-05,False,0,False,,terminated_non_improving_hard_step,False
branch_ac63194c3b9af45070c3,new_center,1,7,g001_p000007_empty,empty,g001_b7e43f1d75130653_0000,7,5.940553455729969e-05,9.0,11.0,17.0,dike_hemisphere,9,80.85068649403175,8.36758149974754,15.685863051742166,6.431951181444503,0,0.25,2.091895374936885,3.9214657629355414,1.6079877953611257,0.01640012115240097,6.543844938278198e-05,6.543844938278198e-05,False,0,False,,terminated_non_improving_hard_step,False
branch_956f93b17a947c824571,new_center,1,8,g001_p000008_empty,empty,g001_b7e43f1d75130653_0000,8,5.940550909144804e-05,11.0,9.0,17.0,dike_hemisphere,9,154.3713694700639,9.246038181478738,15.369598806861681,9.321866556009176,0,0.25,2.3115095453696846,3.8423997017154203,2.330466639002294,0.016404548659920692,6.986595690250397e-05,6.986595690250397e-05,False,0,False,,terminated_non_improving_hard_step,False
branch_5171efde5e7daaba5464,new_center,1,9,g001_p000009_empty,empty,g001_b7e43f1d75130653_0000,9,5.9084559325128794e-05,10.0,9.0,17.0,dike_hemisphere,9,94.34486339694047,14.15220586540368,11.145771702562316,11.635781549326206,0,0.25,3.53805146635092,2.786442925640579,2.9089453873315514,0.0165038350969553,0.0001691523939371109,0.0001691523939371109,False,0,False,,terminated_non_improving_hard_step,False
branch_7e5afc5f4de21b080ace,new_center,1,10,g001_p000010_empty,empty,g001_b7e43f1d75130653_0000,10,5.908455204917118e-05,10.0,11.0,17.0,dike_hemisphere,9,36.67920954154552,9.400145888282742,14.874568253654289,7.685941539417954,0,0.25,2.3500364720706854,3.718642063413572,1.9214853848544886,0.01646529883146286,0.00013061612844467163,0.00013061612844467163,False,0,False,,terminated_non_improving_hard_step,False
branch_23b270311d23986d0eab,new_center,1,11,g001_p000011_empty,empty,g001_b7e43f1d75130653_0000,11,5.2042749302927405e-05,11.0,42.0,20.0,ellipsoid,9,170.146686242125,6.621951669464021,10.858231928955648,8.649234863356693,0,0.25,1.6554879173660053,2.714557982238912,2.162308715839173,0.016413085162639618,7.840245962142944e-05,7.840245962142944e-05,False,0,False,,terminated_non_improving_hard_step,False
branch_a696007e58346f176012,new_center,1,12,g001_p000012_empty,empty,g001_b7e43f1d75130653_0000,12,5.204273838899098e-05,13.0,42.0,20.0,ellipsoid,9,156.53800815158374,9.157701322862945,8.790279062207492,6.533167388427262,0,0.25,2.289425330715736,2.197569765551873,1.6332918471068154,0.016498444601893425,0.0001637618988752365,0.0001637618988752365,False,0,False,,terminated_non_improving_hard_step,False
branch_a94f8992d1663539ce20,new_center,1,13,g001_p000013_empty,empty,g001_b7e43f1d75130653_0000,13,5.1120747230015695e-05,12.0,43.0,19.0,dike_hemisphere,9,152.34625249249413,15.03935973815226,8.382208503542902,11.668889172411257,0,0.25,3.759839934538065,2.0955521258857255,2.9172222931028142,0.016495054587721825,0.00016037188470363617,0.00016037188470363617,False,0,False,,terminated_non_improving_hard_step,False
branch_56068502db9e553107aa,new_center,1,14,g001_p000014_empty,empty,g001_b7e43f1d75130653_0000,14,5.112074359203689e-05,12.0,41.0,19.0,dike_hemisphere,9,161.13969277006095,12.76963488689288,13.064941899110902,11.841092833259154,0,0.25,3.19240872172322,3.2662354747777256,2.9602732083147885,0.016559358686208725,0.0002246759831905365,0.0002246759831905365,False,0,False,,terminated_non_improving_hard_step,False
branch_e4d3f1f1e75fd65b20d2,new_center,1,15,g001_p000015_empty,empty,g001_b7e43f1d75130653_0000,15,5.102583600091748e-05,10.0,11.0,16.0,dike_hemisphere,9,8.355806157443379,13.51231806677529,14.991892940373162,7.180707363022235,0,0.25,3.3780795166938224,3.7479732350932906,1.7951768407555588,0.016593242064118385,0.00025855936110019684,0.00025855936110019684,False,0,False,,terminated_non_improving_hard_step,False
branch_1aa96e6078cdab489353,new_center,1,16,g001_p000016_empty,empty,g001_b7e43f1d75130653_0000,16,5.102581053506583e-05,10.0,9.0,16.0,ellipsoid,9,41.13207739357359,14.900105168898001,14.921587022576796,9.293362061690065,0,0.25,3.7250262922245003,3.730396755644199,2.323340515422516,0.016569901257753372,0.00023521855473518372,0.00023521855473518372,False,0,False,,terminated_non_improving_hard_step,False
branch_f2625055966537a1af89,new_center,1,17,g001_p000017_empty,empty,g001_b7e43f1d75130653_0000,17,4.963566971127875e-05,25.0,9.0,36.0,ellipsoid,9,178.86346232509294,15.040188246110642,14.827756558975286,13.216821041683868,0,0.25,3.7600470615276604,3.7069391397438216,3.304205260420967,0.0165107361972332,0.0001760534942150116,0.0001760534942150116,False,0,False,,terminated_non_improving_hard_step,False
branch_da98765e0fa0979bdd4b,new_center,1,18,g001_p000018_empty,empty,g001_b7e43f1d75130653_0000,18,4.9635651521384716e-05,27.0,11.0,36.0,ellipsoid,9,72.04293465246747,14.555188486309731,7.871857856997386,7.395492073357216,0,0.25,3.638797121577433,1.9679644642493466,1.848873018339304,0.016529908403754234,0.00019522570073604584,0.00019522570073604584,False,0,False,,terminated_non_improving_hard_step,False
branch_2104828e60dd619c1b95,new_center,1,19,g001_p000019_empty,empty,g001_b7e43f1d75130653_0000,19,4.89582926093135e-05,11.0,10.0,16.0,ellipsoid,9,121.38482999502398,8.405445911461706,10.61498223271063,10.60558369473316,0,0.25,2.1013614778654266,2.6537455581776577,2.65139592368329,0.016440946608781815,0.0001062639057636261,0.0001062639057636261,False,0,False,,terminated_non_improving_hard_step,False
branch_2128d2303f22a5a9e5e0,new_center,1,20,g001_p000020_empty,empty,g001_b7e43f1d75130653_0000,20,4.8958278057398275e-05,9.0,10.0,16.0,ellipsoid,9,9.77334558962757,10.129626410141674,7.833675760034863,12.678921136237737,0,0.25,2.5324066025354184,1.9584189400087157,3.169730284059434,0.016376089304685593,4.1406601667404175e-05,4.1406601667404175e-05,False,0,False,,terminated_non_improving_hard_step,False
branch_825ebc7429ed761906bb,new_center,1,21,g001_p000021_empty,empty,g001_b7e43f1d75130653_0000,21,4.890865966444835e-05,12.0,44.0,20.0,dike_hemisphere,9,149.770253550665,6.07617219988023,13.718121149500966,10.848121897390227,0,0.25,1.5190430499700576,3.4295302873752416,2.7120304743475567,0.016448240727186203,0.00011355802416801453,0.00011355802416801453,False,0,False,,terminated_non_improving_hard_step,False
branch_92e0a4856627556e572c,new_center,1,22,g001_p000022_empty,empty,g001_b7e43f1d75130653_0000,22,4.8908656026469544e-05,12.0,40.0,20.0,ellipsoid,9,31.18983675831363,7.173075191757161,13.045133734224756,10.622872775483781,0,0.25,1.7932687979392903,3.261283433556189,2.6557181938709453,0.01646859012544155,0.00013390742242336273,0.00013390742242336273,False,0,False,,terminated_non_improving_hard_step,False
branch_ee0112866941e7b4eab3,new_center,1,23,g001_p000023_empty,empty,g001_b7e43f1d75130653_0000,23,4.62875614175573e-05,11.0,41.0,20.0,ellipsoid,9,44.16193320402727,12.029874446520537,8.15110061808303,6.737584143203133,0,0.25,3.0074686116301343,2.0377751545207574,1.6843960358007832,0.016558581963181496,0.0002238992601633072,0.0002238992601633072,False,0,False,,terminated_non_improving_hard_step,False
branch_64d28ca63e71035c84ac,new_center,1,24,g001_p000024_empty,empty,g001_b7e43f1d75130653_0000,24,4.628755777957849e-05,13.0,43.0,20.0,ellipsoid,9,54.30908382130581,8.847654077052322,8.418315356065944,12.805289385629877,0,0.25,2.2119135192630806,2.104578839016486,3.201322346407469,0.01647847332060337,0.0001437906175851822,0.0001437906175851822,False,0,False,,terminated_non_improving_hard_step,False
branch_59e2cba363afa9230d55,new_center,1,25,g001_p000025_empty,empty,g001_b7e43f1d75130653_0000,25,4.379302481538616e-05,12.0,42.0,20.0,dike_hemisphere,9,59.91230920752851,12.47131210005705,12.612542535388183,11.145356360571151,0,0.25,3.1178280250142625,3.1531356338470458,2.786339090142788,0.016555525362491608,0.0002208426594734192,0.0002208426594734192,False,0,False,,terminated_non_improving_hard_step,False
branch_70632cf947b59ba80d5f,new_center,1,26,g001_p000026_empty,empty,g001_b7e43f1d75130653_0000,26,4.329717921791598e-05,41.0,10.0,24.0,dike_hemisphere,9,164.79634371238396,9.155478395070567,10.349099635259908,11.52591635257438,0,0.25,2.2888695987676417,2.587274908814977,2.881479088143595,0.01644134894013405,0.00010666623711585999,0.00010666623711585999,False,0,False,,terminated_non_improving_hard_step,False
branch_8b770c7051863105f042,new_center,1,27,g001_p000027_empty,empty,g001_b7e43f1d75130653_0000,27,4.329716830397956e-05,42.0,9.0,24.0,dike_hemisphere,9,106.94513798941415,7.048759815654622,9.37378996870015,13.457926773936395,0,0.25,1.7621899539136554,2.3434474921750374,3.3644816934840986,0.01643117517232895,9.64924693107605e-05,9.64924693107605e-05,False,0,False,,terminated_non_improving_hard_step,False
branch_b78a8ea17c42e8d80022,new_center,1,28,g001_p000028_empty,empty,g001_b7e43f1d75130653_0000,28,4.3297164666000754e-05,42.0,11.0,24.0,ellipsoid,9,175.5063386439586,13.22218140288887,10.738958508937952,6.940112484553853,0,0.25,3.3055453507222174,2.684739627234488,1.7350281211384633,0.016604764387011528,0.00027008168399333954,0.00027008168399333954,False,0,False,,terminated_non_improving_hard_step,False
branch_3db8a0da07ea4b91dd65,new_center,1,29,g001_p000029_empty,empty,g001_b7e43f1d75130653_0000,29,4.329715375206433e-05,43.0,10.0,24.0,dike_hemisphere,9,178.13311570806408,7.142181187780775,8.023847475749804,11.491108540233451,0,0.25,1.7855452969451937,2.005961868937451,2.872777135058363,0.016366368159651756,3.168545663356781e-05,3.168545663356781e-05,False,0,False,,terminated_non_improving_hard_step,False
branch_38d40c6fe7ed3351aa8b,new_center,1,30,g001_p000030_empty,empty,g001_b7e43f1d75130653_0000,30,4.188812818028964e-05,26.0,9.0,36.0,dike_hemisphere,9,9.504359826837238,13.02666906176803,13.926044798918095,9.716716070802335,0,0.25,3.2566672654420077,3.481511199729524,2.4291790177005836,0.016485074535012245,0.0001503918319940567,0.0001503918319940567,False,0,False,,terminated_non_improving_hard_step,False
branch_8f4f05eadc891798fb60,new_center,1,31,g001_p000031_empty,empty,g001_b7e43f1d75130653_0000,31,4.188812090433203e-05,26.0,11.0,36.0,dike_hemisphere,9,134.69936475095506,13.582715504431196,9.749491813923433,13.258751005107614,0,0.25,3.395678876107799,2.437372953480858,3.3146877512769035,0.016444502398371696,0.000109819695353508,0.000109819695353508,False,0,False,,terminated_non_improving_hard_step,False
branch_cc83975621de513499d7,new_center,1,32,g001_p000032_empty,empty,g001_b7e43f1d75130653_0000,32,4.1871462599374354e-05,25.0,10.0,36.0,ellipsoid,9,20.815182711906278,8.205530883988326,7.251633415631616,10.11077137775779,0,0.25,2.0513827209970814,1.812908353907904,2.5276928444394473,0.01637754775583744,4.2865052819252014e-05,4.2865052819252014e-05,False,0,False,,terminated_non_improving_hard_step,False
branch_71613c9b5f0052342ea9,new_center,1,33,g001_p000033_empty,empty,g001_b7e43f1d75130653_0000,33,4.1871437133522704e-05,27.0,10.0,36.0,dike_hemisphere,9,160.32578312571653,8.378264712275199,10.600374585557546,9.5201813744198,0,0.25,2.0945661780687996,2.6500936463893865,2.38004534360495,0.016414925456047058,8.024275302886963e-05,8.024275302886963e-05,False,0,False,,terminated_non_improving_hard_step,False
branch_7022c5b2950675ebc791,new_center,1,34,g001_p000034_empty,empty,g001_b7e43f1d75130653_0000,34,4.111378439120017e-05,9.0,9.0,17.0,dike_hemisphere,9,9.129043452607746,15.967724853038847,13.506736694282441,7.800776066231431,0,0.25,3.991931213259712,3.3766841735706103,1.9501940165578577,0.016539189964532852,0.0002045072615146637,0.0002045072615146637,False,0,False,,terminated_non_improving_hard_step,False
branch_42ff4d27b63f76c8875c,new_center,1,35,g001_p000035_empty,empty,g001_b7e43f1d75130653_0000,35,4.111373709747568e-05,11.0,11.0,17.0,ellipsoid,9,144.20026769124885,7.714466889441368,14.463600360360354,7.797019680948905,0,0.25,1.928616722360342,3.6159000900900886,1.9492549202372262,0.0164959616959095,0.00016127899289131165,0.00016127899289131165,False,0,False,,terminated_non_improving_hard_step,False
branch_fbbe518e90541a1b6d5b,new_center,1,36,g001_p000036_empty,empty,g001_b7e43f1d75130653_0000,36,4.091047594556585e-05,10.0,8.0,17.0,dike_hemisphere,9,127.3633775777188,13.343397478055214,6.032260431849485,10.454557264706477,0,0.25,3.3358493695138036,1.5080651079623713,2.613639316176619,0.01647672988474369,0.00014204718172550201,0.00014204718172550201,False,0,False,,terminated_non_improving_hard_step,False
branch_2b18d9a5b1fdbd1bc5e3,new_center,1,37,g001_p000037_empty,empty,g001_b7e43f1d75130653_0000,37,4.091047230758704e-05,10.0,12.0,17.0,ellipsoid,9,163.27529849949048,15.144177030812179,9.481474259024631,10.701913016902555,0,0.25,3.7860442577030446,2.370368564756158,2.675478254225639,0.016511334106326103,0.00017665140330791473,0.00017665140330791473,False,0,False,,terminated_non_improving_hard_step,False
branch_3bbe4e0aab5ddbf1accc,new_center,1,38,g001_p000038_empty,empty,g001_b7e43f1d75130653_0000,38,4.043041553813964e-05,41.0,9.0,24.0,dike_hemisphere,9,87.76142387213311,7.444030393609487,7.065214360019764,7.7898586137453805,0,0.25,1.8610075984023717,1.766303590004941,1.9474646534363451,0.01636868715286255,3.400444984436035e-05,3.400444984436035e-05,False,0,False,,terminated_non_improving_hard_step,False
branch_f1a08639df619bc3c84a,new_center,1,39,g001_p000039_empty,empty,g001_b7e43f1d75130653_0000,39,4.0430411900160834e-05,41.0,11.0,24.0,ellipsoid,9,84.47118387317751,7.912963501956076,7.460193986644337,12.075855894242402,0,0.25,1.978240875489019,1.8650484966610843,3.0189639735606004,0.016366368159651756,3.168545663356781e-05,3.168545663356781e-05,False,0,False,,terminated_non_improving_hard_step,False
branch_f8da46de8be37ca027b2,new_center,1,40,g001_p000040_empty,empty,g001_b7e43f1d75130653_0000,40,4.04303937102668e-05,43.0,9.0,24.0,dike_hemisphere,9,147.75405733840708,9.965832748192849,14.333460885840068,10.840780109907708,0,0.25,2.491458187048212,3.583365221460017,2.710195027476927,0.01649392768740654,0.00015924498438835144,0.00015924498438835144,False,0,False,,terminated_non_improving_hard_step,False
branch_9fcec4f7ed0906bfc493,new_center,1,41,g001_p000041_empty,empty,g001_b7e43f1d75130653_0000,41,4.04303937102668e-05,43.0,11.0,24.0,dike_hemisphere,9,122.88532133670165,15.662379319661634,9.65326710930184,13.934919799502191,0,0.25,3.9155948299154084,2.41331677732546,3.483729949875548,0.01649392768740654,0.00015924498438835144,0.00015924498438835144,False,0,False,,terminated_non_improving_hard_step,False
branch_f5ecfef3abad6882b990,new_center,1,42,g001_p000042_empty,empty,g001_b7e43f1d75130653_0000,42,3.970230318373069e-05,11.0,42.0,19.0,ellipsoid,9,92.21314621639712,10.71870116796318,11.045155498580494,7.465164534543309,0,0.25,2.679675291990795,2.7612888746451234,1.8662911336358272,0.016496537253260612,0.000161854550242424,0.000161854550242424,False,0,False,,terminated_non_improving_hard_step,False
branch_dbd152d68ee82e54cf19,new_center,1,43,g001_p000043_empty,empty,g001_b7e43f1d75130653_0000,43,3.970230318373069e-05,13.0,42.0,19.0,ellipsoid,9,144.08844885856152,10.595734777677604,8.994890350728683,8.74024704082701,0,0.25,2.648933694419401,2.248722587682171,2.1850617602067524,0.016482366248965263,0.0001476835459470749,0.0001476835459470749,False,0,False,,terminated_non_improving_hard_step,False
branch_7f5039e794fef12b1e2b,new_center,1,44,g001_p000044_empty,empty,g001_b7e43f1d75130653_0000,44,3.959364039474167e-05,9.0,9.0,16.0,ellipsoid,9,50.72738480244659,8.162461975587732,8.847216693120602,11.752321579076172,0,0.25,2.040615493896933,2.2118041732801506,2.938080394769043,0.016473280265927315,0.00013859756290912628,0.00013859756290912628,False,0,False,,terminated_non_improving_hard_step,False
branch_92f56932a80ee1801d33,new_center,1,45,g001_p000045_empty,empty,g001_b7e43f1d75130653_0000,45,3.959364039474167e-05,11.0,11.0,16.0,dike_hemisphere,9,119.33184788897272,11.623834611373164,13.250168316043638,8.843485601724423,0,0.25,2.905958652843291,3.3125420790109095,2.2108714004311056,0.01650715060532093,0.000172467902302742,0.000172467902302742,False,0,False,,terminated_non_improving_hard_step,False
branch_42940830e75fdd2a2f61,new_center,1,46,g001_p000046_empty,empty,g001_b7e43f1d75130653_0000,46,3.9302336517721415e-05,11.0,44.0,20.0,dike_hemisphere,9,175.8564487171529,12.771715439882101,9.284760461078342,13.676086722067318,0,0.25,3.1929288599705252,2.3211901152695855,3.4190216805168294,0.01641947403550148,8.479133248329163e-05,8.479133248329163e-05,False,0,False,,terminated_non_improving_hard_step,False
branch_8c6d872be2b463f4a3f0,new_center,1,47,g001_p000047_empty,empty,g001_b7e43f1d75130653_0000,47,3.9302336517721415e-05,13.0,40.0,20.0,ellipsoid,9,77.4447852336433,13.905397113860541,7.956243818954482,9.487172631207926,0,0.25,3.4763492784651353,1.9890609547386204,2.3717931578019815,0.0164685919880867,0.00013390928506851196,0.00013390928506851196,False,0,False,,terminated_non_improving_hard_step,False
branch_761b4250c1599e60407a,new_center,1,48,g001_p000048_empty,empty,g001_b7e43f1d75130653_0000,48,3.917921640095301e-05,13.0,42.0,18.0,ellipsoid,9,20.00534082220488,15.55697634066538,9.871421176127551,6.303254219744745,0,0.25,3.889244085166345,2.467855294031888,1.5758135549361862,0.016560835763812065,0.00022615306079387665,0.00022615306079387665,False,0,False,,terminated_non_improving_hard_step,False
branch_17beeff9763ff71cf573,new_center,1,49,g001_p000049_empty,empty,g001_b7e43f1d75130653_0000,49,3.91792127629742e-05,11.0,42.0,18.0,ellipsoid,9,70.52299041568581,8.908772554588086,9.395393283194746,10.644185878312864,0,0.25,2.2271931386470216,2.3488483207986866,2.661046469578216,0.016481975093483925,0.0001472923904657364,0.0001472923904657364,False,0,False,,terminated_non_improving_hard_step,False
branch_a58154ba189d8503c9b1,new_center,1,50,g001_p000050_empty,empty,g001_b7e43f1d75130653_0000,50,3.916999776265584e-05,13.0,43.0,19.0,ellipsoid,9,15.616680839989412,10.939170246266748,8.293508529249474,13.598257400183408,0,0.25,2.734792561566687,2.0733771323123684,3.399564350045852,0.01645398885011673,0.00011930614709854126,0.00011930614709854126,False,0,False,,terminated_non_improving_hard_step,False
branch_750c4317aaa39a68f806,new_center,1,51,g001_p000051_empty,empty,g001_b7e43f1d75130653_0000,51,3.9169990486698225e-05,11.0,41.0,19.0,dike_hemisphere,9,99.53672842374426,6.57233590189175,11.937521255840148,8.36805732541486,0,0.25,1.6430839754729376,2.984380313960037,2.092014331353715,0.01639174483716488,5.706213414669037e-05,5.706213414669037e-05,False,0,False,,terminated_non_improving_hard_step,False
branch_b4f9d8462609ee8a812b,new_center,1,52,g001_p000052_empty,empty,g001_b7e43f1d75130653_0000,52,3.871337685268372e-05,10.0,42.0,20.0,dike_hemisphere,9,20.317951440809544,11.306412989422693,12.848318760611289,10.389129114594915,0,0.25,2.8266032473556733,3.212079690152822,2.597282278648729,0.01655198633670807,0.00021730363368988037,0.00021730363368988037,False,0,False,,terminated_non_improving_hard_step,False
branch_653124e0a151e1108f8e,new_center,1,53,g001_p000053_empty,empty,g001_b7e43f1d75130653_0000,53,3.8713362300768495e-05,14.0,42.0,20.0,ellipsoid,9,63.930529229863666,10.67425071960557,11.456145457862478,8.401198920867113,0,0.25,2.6685626799013926,2.8640363644656195,2.1002997302167783,0.016533760353922844,0.00019907765090465546,0.00019907765090465546,False,0,False,,terminated_non_improving_hard_step,False
branch_7d72e98d69e74ed0ef4b,new_center,1,54,g001_p000054_empty,empty,g001_b7e43f1d75130653_0000,54,3.868229759973474e-05,8.0,10.0,17.0,dike_hemisphere,9,69.10749472688853,9.556034649718786,6.850434118677241,11.202649892556021,0,0.25,2.3890086624296965,1.7126085296693103,2.8006624731390053,0.016409100964665413,7.441826164722443e-05,7.441826164722443e-05,False,0,False,,terminated_non_improving_hard_step,False
branch_af0cd0b3960ba6ccc541,new_center,1,55,g001_p000055_empty,empty,g001_b7e43f1d75130653_0000,55,3.868225394398905e-05,12.0,10.0,17.0,dike_hemisphere,9,102.57003168944983,6.808730719965942,15.045673099294921,12.377690005106764,0,0.25,1.7021826799914854,3.7614182748237304,3.094422501276691,0.016391821205615997,5.713850259780884e-05,5.713850259780884e-05,False,0,False,,terminated_non_improving_hard_step,False
branch_5d3ceaad9848c0dd49e2,new_center,1,56,g001_p000056_empty,empty,g001_b7e43f1d75130653_0000,56,3.7540554330917075e-05,12.0,39.0,20.0,dike_hemisphere,9,43.05919627639129,9.130909507393525,10.508306450158734,11.731952588625484,0,0.25,2.2827273768483813,2.6270766125396836,2.932988147156371,0.016432812437415123,9.812973439693451e-05,9.812973439693451e-05,False,0,False,,terminated_non_improving_hard_step,False
branch_9d7691bea7efe4dc7e43,new_center,1,57,g001_p000057_empty,empty,g001_b7e43f1d75130653_0000,57,3.754055069293827e-05,12.0,45.0,20.0,ellipsoid,9,57.495316217736715,7.2535205593737855,7.279366422831915,9.362989743801243,0,0.25,1.8133801398434464,1.8198416057079787,2.340747435950311,0.016346873715519905,1.2191012501716614e-05,1.2191012501716614e-05,False,0,False,,terminated_non_improving_hard_step,False
branch_349bdf45912814d136c9,new_center,1,58,g001_p000058_empty,empty,g001_b7e43f1d75130653_0000,58,3.6571771488524973e-05,10.0,41.0,20.0,dike_hemisphere,9,72.7163258362878,10.906171369331549,10.36983990191259,12.704244784621508,0,0.25,2.7265428423328872,2.5924599754781474,3.176061196155377,0.01641947403550148,8.479133248329163e-05,8.479133248329163e-05,False,0,False,,terminated_non_improving_hard_step,False
branch_271e9400386939ed9ecd,new_center,1,59,g001_p000059_empty,empty,g001_b7e43f1d75130653_0000,59,3.657176421256736e-05,14.0,43.0,20.0,ellipsoid,9,27.68537502458926,8.186342787724186,7.53309691306768,11.595932557412016,0,0.25,2.0465856969310465,1.88327422826692,2.898983139353004,0.016408124938607216,7.34422355890274e-05,7.34422355890274e-05,False,0,False,,terminated_non_improving_hard_step,False
branch_077bc829292b244cb1ea,new_center,1,60,g001_p000060_empty,empty,g001_b7e43f1d75130653_0000,60,3.6540033761411905e-05,13.0,43.0,18.0,ellipsoid,9,121.82802650780854,6.619222687939142,12.702866502876134,7.886906741187657,0,0.25,1.6548056719847855,3.1757166257190335,1.9717266852969142,0.016496537253260612,0.000161854550242424,0.000161854550242424,False,0,False,,terminated_non_improving_hard_step,False
branch_24180d6502248c9e58b9,new_center,1,61,g001_p000061_empty,empty,g001_b7e43f1d75130653_0000,61,3.65400301234331e-05,11.0,41.0,18.0,ellipsoid,9,41.97761240149302,15.683122791823816,6.174052353470242,12.525234235939585,0,0.25,3.920780697955954,1.5435130883675605,3.1313085589848964,0.016452817246317863,0.00011813454329967499,0.00011813454329967499,False,0,False,,terminated_non_improving_hard_step,False
branch_a0ac9055d00716111602,new_center,1,62,g001_p000062_empty,empty,g001_b7e43f1d75130653_0000,62,3.621663563535549e-05,11.0,40.0,20.0,ellipsoid,9,108.9792295047826,10.770979066862354,15.910240411734968,10.932579225940987,0,0.25,2.6927447667155886,3.977560102933742,2.733144806485247,0.016553474590182304,0.0002187918871641159,0.0002187918871641159,False,0,False,,terminated_non_improving_hard_step,False
branch_d3f71a42490fa9002e36,new_center,1,63,g001_p000063_empty,empty,g001_b7e43f1d75130653_0000,63,3.621662835939787e-05,13.0,44.0,20.0,ellipsoid,9,163.47925790934508,15.039237669071138,11.79518248654055,12.824238507788255,0,0.25,3.7598094172677845,2.9487956216351376,3.206059626947064,0.016518013551831245,0.00018333084881305695,0.00018333084881305695,False,0,False,,terminated_non_improving_hard_step,False
branch_54600e8af2145b7e0755,new_center,1,64,g001_p000064_empty,empty,g001_b7e43f1d75130653_0000,64,3.51569578924682e-05,10.0,43.0,20.0,dike_hemisphere,9,155.84795580482404,8.70504889594566,7.3368188364837685,7.989391067194156,0,0.25,2.176262223986415,1.8342047091209421,1.997347766798539,0.016367565840482712,3.2883137464523315e-05,3.2883137464523315e-05,False,0,False,,terminated_non_improving_hard_step,False
branch_1ae6865f097b45aa55c1,new_center,1,65,g001_p000065_empty,empty,g001_b7e43f1d75130653_0000,65,3.5156950616510585e-05,14.0,41.0,20.0,dike_hemisphere,9,152.00134513550552,15.829381615015967,10.30181105130491,7.854981542782159,0,0.25,3.9573454037539917,2.5754527628262274,1.9637453856955398,0.016578398644924164,0.00024371594190597534,0.00024371594190597534,False,0,False,,terminated_non_improving_hard_step,False
branch_7920bc82757fb2d0ac4d,new_center,1,66,g001_p000066_empty,empty,g001_b7e43f1d75130653_0000,66,3.493005351629108e-05,10.0,40.0,20.0,dike_hemisphere,9,45.18811078225207,12.173005284033055,9.772553198795846,6.063639492874806,0,0.25,3.0432513210082637,2.4431382996989615,1.5159098732187015,0.01648363471031189,0.00014895200729370117,0.00014895200729370117,False,0,False,,terminated_non_improving_hard_step,False
branch_b019da3dccb49e615a6c,new_center,1,67,g001_p000067_empty,empty,g001_b7e43f1d75130653_0000,67,3.4930038964375854e-05,14.0,44.0,20.0,ellipsoid,9,35.51160278503833,9.514054289446314,6.384377159350998,13.743962505710133,0,0.25,2.3785135723615785,1.5960942898377495,3.4359906264275333,0.016407564282417297,7.288157939910889e-05,7.288157939910889e-05,False,0,False,,terminated_non_improving_hard_step,False
branch_379fe9c33260562a0a96,new_center,1,68,g001_p000068_empty,empty,g001_b7e43f1d75130653_0000,68,3.4676355426199734e-05,12.0,42.0,18.0,dike_hemisphere,9,164.45309111974314,12.631676262269078,7.238314243675336,11.405519189985512,0,0.25,3.1579190655672695,1.809578560918834,2.851379797496378,0.016391349956393242,5.6667253375053406e-05,5.6667253375053406e-05,False,0,False,,terminated_non_improving_hard_step,False
branch_f43b53636580d2796277,new_center,1,69,g001_p000069_empty,empty,g001_b7e43f1d75130653_0000,69,3.465738336672075e-05,27.0,9.0,35.0,ellipsoid,9,57.333013543833,6.197052691612538,15.204848623997016,6.266568361795912,0,0.25,1.5492631729031345,3.801212155999254,1.566642090448978,0.016464293003082275,0.00012961030006408691,0.00012961030006408691,False,0,False,,terminated_non_improving_hard_step,False
branch_a6f814a4fe79e360b192,new_center,1,70,g001_p000070_empty,empty,g001_b7e43f1d75130653_0000,70,3.465737609076314e-05,25.0,11.0,35.0,dike_hemisphere,9,77.88962741454694,6.137360022805886,6.744096237236435,6.664546141920375,0,0.25,1.5343400057014716,1.6860240593091087,1.6661365354800937,0.01636718213558197,3.249943256378174e-05,3.249943256378174e-05,False,0,False,,terminated_non_improving_hard_step,False
branch_d93162651047b118c81f,new_center,1,71,g001_p000071_empty,empty,g001_b7e43f1d75130653_0000,71,3.465691770543344e-05,27.0,10.0,35.0,ellipsoid,9,15.355834063672702,7.783991455915924,8.920691475290589,13.12652409583864,0,0.25,1.945997863978981,2.230172868822647,3.28163102395966,0.016417410224676132,8.272752165794373e-05,8.272752165794373e-05,False,0,False,,terminated_non_improving_hard_step,False
branch_88066d92cdc2643a91d3,new_center,1,72,g001_p000072_empty,empty,g001_b7e43f1d75130653_0000,72,3.4656914067454636e-05,25.0,10.0,35.0,dike_hemisphere,9,67.29417919310532,7.328963505305833,7.925033463207139,13.565128691180252,0,0.25,1.8322408763264582,1.9812583658017848,3.391282172795063,0.016352549195289612,1.786649227142334e-05,1.786649227142334e-05,False,0,False,,terminated_non_improving_hard_step,False
branch_6a299e16ae7d73a98b6f,new_center,1,73,g001_p000073_empty,empty,g001_b7e43f1d75130653_0000,73,3.398280750843696e-05,9.0,12.0,17.0,ellipsoid,9,24.50674355631685,9.158639774523085,10.909087300855749,6.8665225410959705,0,0.25,2.289659943630771,2.727271825213937,1.7166306352739926,0.016504952684044838,0.00017026998102664948,0.00017026998102664948,False,0,False,,terminated_non_improving_hard_step,False
branch_78c424c58e7737912fdf,new_center,1,74,g001_p000074_empty,empty,g001_b7e43f1d75130653_0000,74,3.398280023247935e-05,11.0,8.0,17.0,dike_hemisphere,9,56.38473554012545,10.594006602222205,13.031118052523428,10.79690261272715,0,0.25,2.648501650555551,3.257779513130857,2.6992256531817875,0.016502030193805695,0.0001673474907875061,0.0001673474907875061,False,0,False,,terminated_non_improving_hard_step,False
branch_92f84874282187847a7a,new_center,1,75,g001_p000075_empty,empty,g001_b7e43f1d75130653_0000,75,3.391651625861414e-05,10.0,44.0,20.0,ellipsoid,9,158.41876126792536,11.95943224886834,11.678295645198787,9.669653202801873,0,0.25,2.989858062217085,2.919573911299697,2.4174133007004683,0.016627822071313858,0.00029313936829566956,0.00029313936829566956,False,0,False,,terminated_non_improving_hard_step,False
branch_373bcbef4e58c355ed52,new_center,1,76,g001_p000076_empty,empty,g001_b7e43f1d75130653_0000,76,3.391651262063533e-05,14.0,40.0,20.0,dike_hemisphere,9,26.761411804814827,13.60471285979959,8.500629934055171,8.810531106714862,0,0.25,3.4011782149498977,2.1251574835137927,2.2026327766787155,0.01653103344142437,0.00019635073840618134,0.00019635073840618134,False,0,False,,terminated_non_improving_hard_step,False
branch_c840100931f23f470e01,new_center,1,77,g001_p000077_empty,empty,g001_b7e43f1d75130653_0000,77,3.3683125366223976e-05,40.0,10.0,24.0,dike_hemisphere,9,21.077111433676556,15.030756300176424,13.770362171781583,13.650607764300538,0,0.25,3.757689075044106,3.442590542945396,3.4126519410751346,0.016552496701478958,0.00021781399846076965,0.00021781399846076965,False,0,False,,terminated_non_improving_hard_step,False
branch_5c978d158accb3881edc,new_center,1,78,g001_p000078_empty,empty,g001_b7e43f1d75130653_0000,78,3.368311809026636e-05,42.0,8.0,24.0,dike_hemisphere,9,67.44519116803498,13.888565154997547,7.643355626594268,8.602051739490378,0,0.25,3.4721412887493868,1.910838906648567,2.1505129348725944,0.016530195251107216,0.0001955125480890274,0.0001955125480890274,False,0,False,,terminated_non_improving_hard_step,False
branch_253ccbf9ecadf673794f,new_center,1,79,g001_p000079_empty,empty,g001_b7e43f1d75130653_0000,79,3.3683114452287555e-05,42.0,12.0,24.0,dike_hemisphere,9,4.7397274199388555,9.32904364153813,8.409507470098937,12.672630368653707,0,0.25,2.3322609103845324,2.1023768675247343,3.1681575921634266,0.01647402159869671,0.0001393388956785202,0.0001393388956785202,False,0,False,,terminated_non_improving_hard_step,False
branch_5c6cbe3e710b985980c0,new_center,1,80,g001_p000080_empty,empty,g001_b7e43f1d75130653_0000,80,3.3683099900372326e-05,44.0,10.0,24.0,dike_hemisphere,9,71.5621775563096,15.153970138684727,15.885347823528942,12.176275490166978,0,0.25,3.7884925346711817,3.9713369558822356,3.0440688725417444,0.016552496701478958,0.00021781399846076965,0.00021781399846076965,False,0,False,,terminated_non_improving_hard_step,False
branch_2d40a5b872ce78c9881b,new_center,1,81,g001_p000081_empty,empty,g001_b7e43f1d75130653_0000,81,3.309709427412599e-05,25.0,8.0,37.0,ellipsoid,9,135.47500841491413,13.626890010335213,13.568787216215597,7.377657296507843,0,0.25,3.4067225025838033,3.3921968040538992,1.8444143241269608,0.016663169488310814,0.00032848678529262543,0.00032848678529262543,False,0,False,,terminated_non_improving_hard_step,False
branch_6f226ced14d4b3092842,new_center,1,82,g001_p000082_empty,empty,g001_b7e43f1d75130653_0000,82,3.3097079722210765e-05,27.0,12.0,37.0,dike_hemisphere,9,40.5531567076506,10.208090584068527,7.427673880089215,11.97457865732697,0,0.25,2.552022646017132,1.8569184700223038,2.9936446643317427,0.016469107940793037,0.00013442523777484894,0.00013442523777484894,False,0,False,,terminated_non_improving_hard_step,False
branch_087a4f38f57d5a6351d9,new_center,1,83,g001_p000083_empty,empty,g001_b7e43f1d75130653_0000,83,3.2807758543640375e-05,9.0,8.0,17.0,ellipsoid,9,20.24151388660484,10.131111799663163,13.192116076343227,10.741646153198397,0,0.25,2.5327779499157907,3.298029019085807,2.6854115382995993,0.01650911383330822,0.00017443113029003143,0.00017443113029003143,False,0,False,,terminated_non_improving_hard_step,False
branch_a1953a1f572d4b8f6668,new_center,1,84,g001_p000084_empty,empty,g001_b7e43f1d75130653_0000,84,3.2807733077788725e-05,11.0,12.0,17.0,dike_hemisphere,9,170.08465827251885,12.319223048260918,15.475767275296059,8.906483801747374,0,0.25,3.0798057620652295,3.8689418188240148,2.2266209504368435,0.016534116119146347,0.00019943341612815857,0.00019943341612815857,False,0,False,,terminated_non_improving_hard_step,False
branch_020f26d7ebf4c32b16ac,new_center,1,85,g001_p000085_empty,empty,g001_b7e43f1d75130653_0000,85,3.279349402873777e-05,10.0,7.0,17.0,dike_hemisphere,9,149.04910658397105,8.133555713362083,11.62156561734557,7.2217644689212985,0,0.25,2.033388928340521,2.9053914043363926,1.8054411172303246,0.016442513093352318,0.00010783039033412933,0.00010783039033412933,False,0,False,,terminated_non_improving_hard_step,False
branch_0ada37cb93d1e3a84c91,new_center,1,86,g001_p000086_empty,empty,g001_b7e43f1d75130653_0000,86,3.279348311480135e-05,10.0,13.0,17.0,ellipsoid,9,179.77921673455958,12.121918021974068,9.14845103932981,7.770370656511692,0,0.25,3.030479505493517,2.2871127598324525,1.942592664127923,0.016547076404094696,0.00021239370107650757,0.00021239370107650757,False,0,False,,terminated_non_improving_hard_step,False
branch_925e49cd681a6f519881,new_center,1,87,g001_p000087_empty,empty,g001_b7e43f1d75130653_0000,87,3.272023968747817e-05,11.0,40.0,19.0,ellipsoid,9,45.2851995678386,8.041282074237383,8.207272756346864,6.622982428876084,0,0.25,2.010320518559346,2.051818189086716,1.655745607219021,0.016496550291776657,0.00016186758875846863,0.00016186758875846863,False,0,False,,terminated_non_improving_hard_step,False
branch_fc4483353adce1b479c6,new_center,1,88,g001_p000088_empty,empty,g001_b7e43f1d75130653_0000,88,3.272023968747817e-05,13.0,44.0,19.0,ellipsoid,9,84.48010697218353,6.189385249354956,15.3884580063633,9.526684852428644,0,0.25,1.547346312338739,3.847114501590825,2.381671213107161,0.01638580858707428,5.112588405609131e-05,5.112588405609131e-05,False,0,False,,terminated_non_improving_hard_step,False
branch_b0596a341d1ef64bc4c8,new_center,1,89,g001_p000089_empty,empty,g001_b7e43f1d75130653_0000,89,3.267771899118088e-05,8.0,11.0,17.0,dike_hemisphere,9,177.91022357582855,6.581694886466597,14.392362974105222,11.352843655277889,0,0.25,1.6454237216166492,3.5980907435263054,2.838210913819472,0.016391821205615997,5.713850259780884e-05,5.713850259780884e-05,False,0,False,,terminated_non_improving_hard_step,False
branch_abf9e8d4dbc65c6d66c8,new_center,1,90,g001_p000090_empty,empty,g001_b7e43f1d75130653_0000,90,3.267769352532923e-05,12.0,9.0,17.0,ellipsoid,9,154.82044117029503,10.193678558292241,6.672544461810068,7.522903226193633,0,0.25,2.5484196395730603,1.668136115452517,1.8807258065484083,0.01643090508878231,9.622238576412201e-05,9.622238576412201e-05,False,0,False,,terminated_non_improving_hard_step,False
branch_e8d046fe1fd1c47ae243,new_center,1,91,g001_p000091_empty,empty,g001_b7e43f1d75130653_0000,91,3.2167583412956446e-05,14.0,41.0,19.0,dike_hemisphere,9,106.39740303120368,7.809201585569462,8.995913391070538,11.763482519054396,0,0.25,1.9523003963923655,2.2489783477676344,2.940870629763599,0.016417760401964188,8.307769894599915e-05,8.307769894599915e-05,False,0,False,,terminated_non_improving_hard_step,False
branch_4048f98fc3ae8469c853,new_center,1,92,g001_p000092_empty,empty,g001_b7e43f1d75130653_0000,92,3.216757977497764e-05,10.0,43.0,19.0,dike_hemisphere,9,130.4650308332708,6.022338758696453,12.409030148770539,9.88110242536108,0,0.25,1.5055846896741132,3.1022575371926346,2.47027560634027,0.016482366248965263,0.0001476835459470749,0.0001476835459470749,False,0,False,,terminated_non_improving_hard_step,False
branch_894f398f7ee8b7662c09,new_center,1,93,g001_p000093_empty,empty,g001_b7e43f1d75130653_0000,93,3.1871608371147886e-05,12.0,40.0,19.0,dike_hemisphere,9,136.9104744861059,8.378535652465901,6.052572727647808,10.452732431438129,0,0.25,2.0946339131164753,1.513143181911952,2.6131831078595322,0.016352899372577667,1.821666955947876e-05,1.821666955947876e-05,False,0,False,,terminated_non_improving_hard_step,False
branch_a9e9e8686f3db0a8460e,new_center,1,94,g001_p000094_empty,empty,g001_b7e43f1d75130653_0000,94,3.1871608371147886e-05,12.0,44.0,19.0,dike_hemisphere,9,98.9545024916445,6.402413758193065,12.541290178445003,13.019243752080005,0,0.25,1.6006034395482662,3.1353225446112507,3.254810938020001,0.01639174483716488,5.706213414669037e-05,5.706213414669037e-05,False,0,False,,terminated_non_improving_hard_step,False
branch_5c488c6b709e4b957b68,new_center,1,95,g001_p000095_empty,empty,g001_b7e43f1d75130653_0000,95,3.177033431711607e-05,14.0,44.0,19.0,ellipsoid,9,17.20463595883593,13.905221091682478,11.755262114840594,12.299882135011773,0,0.25,3.4763052729206194,2.9388155287101485,3.074970533752943,0.016545666381716728,0.00021098367869853973,0.00021098367869853973,False,0,False,,terminated_non_improving_hard_step,False
branch_ebdd78079425b1134060,new_center,2,0,g002_p000000_g001_p000057_empty,g001_p000057_empty,g002_e19c595e5da7bf69_0001,0,8.379568316740915e-05,12.0,42.0,19.0,ellipsoid,9,154.16274743592862,7.356103499310768,15.629147999341068,13.860527135156863,0,0.25,1.839025874827692,3.907286999835267,3.4651317837892157,0.016466090455651283,0.00011921674013137817,0.0001314077526330948,False,0,False,,terminated_non_improving_hard_step,False
branch_a4333588b47481697514,new_center,2,6,g002_p000006_g001_p000057_empty,g001_p000057_empty,g002_e19c595e5da7bf69_0001,1,7.210223702713847e-05,12.0,43.0,20.0,dike_hemisphere,9,151.52249411613846,8.432728819067046,10.609050274862009,12.515942790738997,0,0.25,2.1081822047667615,2.652262568715502,3.128985697684749,0.016463911160826683,0.00011703744530677795,0.00012922845780849457,False,0,False,,terminated_non_improving_hard_step,False
branch_bfd8858e3e9ab33266d3,new_center,2,12,g002_p000012_g001_p000005_empty,g001_p000005_empty,g002_eced4087db89048b_0002,0,8.034765778575093e-05,12.0,42.0,19.0,dike_hemisphere,9,134.13447173297862,9.503957472531589,15.468732109587387,10.977112552973,0,0.25,2.375989368132897,3.867183027396847,2.74427813824325,0.016481809318065643,0.00013437308371067047,0.00014712661504745483,False,0,False,,terminated_non_improving_hard_step,False
branch_b0b2290b161422566e7d,new_center,2,18,g002_p000018_g001_p000005_empty,g001_p000005_empty,g002_eced4087db89048b_0002,1,6.691589078400284e-05,12.0,41.0,20.0,ellipsoid,9,11.668884150194199,9.590456439173366,9.445860631624713,12.496289320229106,0,0.25,2.3976141097933414,2.3614651579061783,3.1240723300572766,0.0164911150932312,0.00014367885887622833,0.0001564323902130127,False,0,False,,terminated_non_improving_hard_step,False
branch_7662e88b1149fdcdaef4,new_center,2,24,g002_p000024_g001_p000072_empty,g001_p000072_empty,g002_358c5fd280c04e8c_0003,0,8.122159488266334e-05,12.0,42.0,19.0,ellipsoid,9,83.96768195594686,10.05679372917479,15.031078741204112,13.97986002456236,0,0.25,2.5141984322936977,3.757769685301028,3.49496500614059,0.01657208986580372,0.00021954067051410675,0.0002374071627855301,False,0,False,,terminated_non_improving_hard_step,False
branch_9fa90970ce4ffc9da6a1,new_center,2,30,g002_p000030_g001_p000072_empty,g001_p000072_empty,g002_358c5fd280c04e8c_0003,1,6.900660810060799e-05,12.0,43.0,20.0,dike_hemisphere,9,23.32402561426727,13.500262025459556,11.214751342272304,8.85468324082648,0,0.25,3.375065506364889,2.803687835568076,2.21367081020662,0.016548162326216698,0.00019561313092708588,0.00021347962319850922,False,0,False,,terminated_non_improving_hard_step,False
branch_7954d23a9d28e23bf523,new_center,2,36,g002_p000036_g001_p000093_empty,g001_p000093_empty,g002_8d7d03ac9755560a_0004,0,8.070039621088654e-05,12.0,42.0,19.0,ellipsoid,9,137.78750886913207,15.01357555172863,10.122193469929115,9.405590534102256,0,0.25,3.7533938879321576,2.530548367482279,2.351397633525564,0.01656470261514187,0.00021180324256420135,0.00023001991212368011,False,0,False,,terminated_non_improving_hard_step,False
branch_1f9e25c3cb0fe35d546c,new_center,2,42,g002_p000042_g001_p000093_empty,g001_p000093_empty,g002_8d7d03ac9755560a_0004,1,6.769889296265319e-05,12.0,41.0,20.0,dike_hemisphere,9,51.59425986159821,8.300700756885927,12.353348278668308,10.088225712465242,0,0.25,2.075175189221482,3.088337069667077,2.5220564281163105,0.016489583998918533,0.0001366846263408661,0.00015490129590034485,False,0,False,,terminated_non_improving_hard_step,False
branch_ecdf61438909e673a9eb,new_center,2,48,g002_p000048_g001_p000029_empty,g001_p000029_empty,g002_7ac9834ec61620e3_0005,0,8.122159488266334e-05,12.0,42.0,19.0,dike_hemisphere,9,87.04748573777941,14.922725103886101,11.30636142659542,6.354684069387394,0,0.25,3.7306812759715253,2.826590356648855,1.5886710173468486,0.01652791164815426,0.00016154348850250244,0.00019322894513607025,False,0,False,,terminated_non_improving_hard_step,False
branch_1f1f3503be50aa229eea,new_center,2,54,g002_p000054_g001_p000029_empty,g001_p000029_empty,g002_7ac9834ec61620e3_0005,1,6.900660810060799e-05,12.0,43.0,20.0,dike_hemisphere,9,26.47060258357067,12.480531383548662,13.951317545683816,11.006714413444506,0,0.25,3.1201328458871656,3.487829386420954,2.7516786033611265,0.01656181737780571,0.00019544921815395355,0.00022713467478752136,False,0,False,,terminated_non_improving_hard_step,False
branch_741786be479e0415bfa9,new_center,2,60,g002_p000060_g001_p000039_empty,g001_p000039_empty,g002_5ded9f71a84980ba_0006,0,8.122159488266334e-05,12.0,42.0,19.0,ellipsoid,9,80.17590300385018,7.181001488600692,13.074041792154327,7.388664282648541,0,0.25,1.795250372150173,3.268510448038582,1.8471660706621353,0.01646348461508751,9.711645543575287e-05,0.00012880191206932068,False,0,False,,terminated_non_improving_hard_step,False
branch_5177daf2baa6b334299d,new_center,2,66,g002_p000066_g001_p000039_empty,g001_p000039_empty,g002_5ded9f71a84980ba_0006,1,6.900660810060799e-05,12.0,43.0,20.0,ellipsoid,9,72.19225325990296,10.761471904386303,10.330628931206627,6.037014243309169,0,0.25,2.6903679760965757,2.582657232801657,1.5092535608272923,0.016529815271496773,0.00016344711184501648,0.0001951325684785843,False,0,False,,terminated_non_improving_hard_step,False
branch_80190880d45510e46a9e,new_center,2,72,g002_p000072_g001_p000070_empty,g001_p000070_empty,g002_da7477765695f861_0007,0,8.122159488266334e-05,12.0,42.0,19.0,ellipsoid,9,57.99342762030861,15.879982498975266,10.825496844257014,10.051665687361394,0,0.25,3.9699956247438166,2.7063742110642535,2.5129164218403486,0.016550591215491295,0.00018340907990932465,0.00021590851247310638,False,0,False,,terminated_non_improving_hard_step,False
branch_da585a3ac7afc1bc5b75,new_center,2,78,g002_p000078_g001_p000070_empty,g001_p000070_empty,g002_da7477765695f861_0007,1,6.900660810060799e-05,12.0,43.0,20.0,ellipsoid,9,104.17000107600879,11.567323537210886,6.27568451686302,8.468981800135415,0,0.25,2.8918308843027214,1.568921129215755,2.117245450033854,0.016445429995656013,7.824786007404327e-05,0.00011074729263782501,False,0,False,,terminated_non_improving_hard_step,False
branch_883a0680727ae57145e0,new_center,2,84,g002_p000084_g001_p000064_empty,g001_p000064_empty,g002_7cfce710630bc953_0008,0,8.368760609300807e-05,12.0,42.0,19.0,dike_hemisphere,9,143.4254762636302,10.094675608042955,8.326934757857597,12.156959028789156,0,0.25,2.523668902010739,2.081733689464399,3.039239757197289,0.016489094123244286,0.00012152828276157379,0.0001544114202260971,False,0,False,,terminated_non_improving_hard_step,False
branch_94aaf4faaa2932c59ed4,new_center,2,90,g002_p000090_g001_p000064_empty,g001_p000064_empty,g002_7cfce710630bc953_0008,1,7.11820466676727e-05,12.0,41.0,20.0,dike_hemisphere,9,158.89351124733864,8.436015830712478,8.457958197698566,13.743353326510027,0,0.25,2.1090039576781194,2.1144895494246416,3.4358383316275067,0.01650954596698284,0.0001419801265001297,0.00017486326396465302,False,0,False,,terminated_non_improving_hard_step,False
branch_d358a00c79b2dba53dd2,new_center,3,0,g003_p000000_g002_p000001_g001_p000057_empty,g002_p000001_g001_p000057_empty,g003_811fb834c970bb7b_0009,0,8.122159488266334e-05,12.0,42.0,19.0,ellipsoid,9,49.77371990557754,13.585305664765455,9.465928260069216,9.44700987479661,0,0.25,3.3963264161913638,2.366482065017304,2.3617524686991525,0.016546720638871193,0.00021203793585300446,0.00021203793585300446,False,0,False,,terminated_non_improving_hard_step,False
branch_e7c159bd04fbca40e9ea,new_center,3,1,g003_p000001_g002_p000001_g001_p000057_empty,g002_p000001_g001_p000057_empty,g003_811fb834c970bb7b_0009,1,6.900660810060799e-05,12.0,43.0,20.0,dike_hemisphere,9,176.16902428747923,11.140020637473373,13.223897896773446,8.212697449931305,0,0.25,2.7850051593683434,3.3059744741933614,2.0531743624828263,0.016555525362491608,0.0002208426594734192,0.0002208426594734192,False,0,False,,terminated_non_improving_hard_step,False
branch_16beb97bec4be9a26e23,new_center,3,2,g003_p000002_g002_p000001_g001_p000057_empty,g002_p000001_g001_p000057_empty,g003_811fb834c970bb7b_0009,2,6.900660082465038e-05,12.0,41.0,20.0,ellipsoid,9,22.74032717284807,6.70900471836474,7.714126116123349,12.508406395152603,0,0.25,1.677251179591185,1.9285315290308374,3.1271015987881507,0.016347436234354973,1.2753531336784363e-05,1.2753531336784363e-05,False,0,False,,terminated_non_improving_hard_step,False
branch_0cda43b60a8658db188d,new_center,3,3,g003_p000003_g002_p000001_g001_p000057_empty,g002_p000001_g001_p000057_empty,g003_811fb834c970bb7b_0009,3,6.275781925069168e-05,11.0,10.0,17.0,ellipsoid,9,157.44479555464267,9.584594629718266,13.01414707007578,13.265528213545522,0,0.25,2.3961486574295665,3.253536767518945,3.3163820533863806,0.01642828993499279,9.360723197460175e-05,9.360723197460175e-05,False,0,False,,terminated_non_improving_hard_step,False
branch_bd4aefe3c2565bd372fb,new_center,3,4,g003_p000004_g002_p000001_g001_p000057_empty,g002_p000001_g001_p000057_empty,g003_811fb834c970bb7b_0009,4,6.275781197473407e-05,9.0,10.0,17.0,dike_hemisphere,9,133.7460170265633,14.754642735001637,15.574918750618247,11.928442236372735,0,0.25,3.6886606837504092,3.8937296876545617,2.982110559093184,0.016412625089287758,7.79423862695694e-05,7.79423862695694e-05,False,0,False,,terminated_non_improving_hard_step,False
branch_71ad73707c0b2033173c,new_center,3,5,g003_p000005_g002_p000001_g001_p000057_empty,g002_p000001_g001_p000057_empty,g003_811fb834c970bb7b_0009,5,6.144454528111964e-05,11.0,43.0,20.0,dike_hemisphere,9,73.79058328687951,12.861245113890572,7.445523931157614,8.701746939795447,0,0.25,3.215311278472643,1.8613809827894034,2.1754367349488617,0.016387082636356354,5.239993333816528e-05,5.239993333816528e-05,False,0,False,,terminated_non_improving_hard_step,False
branch_b7eb02cf9ba58a7cab57,new_center,3,6,g003_p000006_g002_p000001_g001_p000057_empty,g002_p000001_g001_p000057_empty,g003_811fb834c970bb7b_0009,6,6.144453072920442e-05,13.0,41.0,20.0,ellipsoid,9,77.5831148683883,13.608568721525165,11.26609489062447,7.760354346965235,0,0.25,3.4021421803812912,2.8165237226561173,1.9400885867413087,0.016623398289084435,0.00028871558606624603,0.00028871558606624603,False,0,False,,terminated_non_improving_hard_step,False
branch_32e7467900cae6f41c57,new_center,3,7,g003_p000007_g002_p000001_g001_p000057_empty,g002_p000001_g001_p000057_empty,g003_811fb834c970bb7b_0009,7,5.940553455729969e-05,9.0,11.0,17.0,ellipsoid,9,151.81486995526365,15.351533089961034,11.32712096436286,12.811756302247307,0,0.25,3.8378832724902585,2.831780241090715,3.2029390755618268,0.016432471573352814,9.778887033462524e-05,9.778887033462524e-05,False,0,False,,terminated_non_improving_hard_step,False
branch_0cb62403d6bc7b08dc8b,new_center,3,8,g003_p000008_g002_p000001_g001_p000057_empty,g002_p000001_g001_p000057_empty,g003_811fb834c970bb7b_0009,8,5.940550909144804e-05,11.0,9.0,17.0,ellipsoid,9,24.63224677778918,11.469818122291148,6.105044624669719,11.650811136685597,0,0.25,2.867454530572787,1.5262611561674297,2.9127027841713993,0.01638774573802948,5.3063035011291504e-05,5.3063035011291504e-05,False,0,False,,terminated_non_improving_hard_step,False
branch_e66a9313c985a91f163f,new_center,3,9,g003_p000009_g002_p000001_g001_p000057_empty,g002_p000001_g001_p000057_empty,g003_811fb834c970bb7b_0009,9,5.9084559325128794e-05,10.0,9.0,17.0,dike_hemisphere,9,167.20212898398552,11.426328806052059,11.36584481645772,7.767509977135475,0,0.25,2.8565822015130147,2.84146120411443,1.9418774942838688,0.016421876847743988,8.719414472579956e-05,8.719414472579956e-05,False,0,False,,terminated_non_improving_hard_step,False
branch_25ad498a53cd5ab45657,new_center,3,10,g003_p000010_g002_p000001_g001_p000057_empty,g002_p000001_g001_p000057_empty,g003_811fb834c970bb7b_0009,10,5.908455204917118e-05,10.0,11.0,17.0,dike_hemisphere,9,19.368700050108966,6.073505847766414,6.345666219433195,9.86944478532598,0,0.25,1.5183764619416036,1.5864165548582987,2.467361196331495,0.016344115138053894,9.432435035705566e-06,9.432435035705566e-06,False,0,False,,terminated_non_improving_hard_step,False
branch_5601c29372b871654252,new_center,3,11,g003_p000011_g002_p000001_g001_p000057_empty,g002_p000001_g001_p000057_empty,g003_811fb834c970bb7b_0009,11,5.2042749302927405e-05,11.0,42.0,20.0,dike_hemisphere,9,103.73709119675183,15.165334584506619,9.446755179998195,13.650708415029769,0,0.25,3.7913336461266547,2.361688794999549,3.412677103757442,0.016477122902870178,0.00014244019985198975,0.00014244019985198975,False,0,False,,terminated_non_improving_hard_step,False
branch_c0fa8a4e82328b15b932,new_center,3,12,g003_p000012_g002_p000007_g001_p000057_empty,g002_p000007_g001_p000057_empty,g003_811fb834c970bb7b_0009,12,5.204273838899098e-05,13.0,42.0,20.0,ellipsoid,9,54.26281803816953,8.910386243086482,8.40118548248227,12.088293836362483,0,0.25,2.2275965607716204,2.1002963706205673,3.022073459090621,0.01647847332060337,0.0001437906175851822,0.0001437906175851822,False,0,False,,terminated_non_improving_hard_step,False
branch_513014115c5258d06e37,new_center,3,13,g003_p000013_g002_p000007_g001_p000057_empty,g002_p000007_g001_p000057_empty,g003_811fb834c970bb7b_0009,13,5.1120747230015695e-05,12.0,43.0,19.0,ellipsoid,9,59.208129508206774,15.837073612643845,9.378406734157792,10.128105929310063,0,0.25,3.9592684031609613,2.344601683539448,2.532026482327516,0.016546720638871193,0.00021203793585300446,0.00021203793585300446,False,0,False,,terminated_non_improving_hard_step,False
branch_e9953baf54ab101680a7,new_center,3,14,g003_p000014_g002_p000007_g001_p000057_empty,g002_p000007_g001_p000057_empty,g003_811fb834c970bb7b_0009,14,5.112074359203689e-05,12.0,41.0,19.0,ellipsoid,9,153.54346921563217,15.009858343724842,11.673277494269547,12.387172849784314,0,0.25,3.7524645859312105,2.9183193735673867,3.0967932124460784,0.016554461792111397,0.0002197790890932083,0.0002197790890932083,False,0,False,,terminated_non_improving_hard_step,False
branch_c5ae387f560ee5ccd440,new_center,3,15,g003_p000015_g002_p000007_g001_p000057_empty,g002_p000007_g001_p000057_empty,g003_811fb834c970bb7b_0009,15,5.102583600091748e-05,10.0,11.0,16.0,dike_hemisphere,9,33.24747245468096,10.073827519516986,10.459243085008172,10.091138133740621,0,0.25,2.5184568798792464,2.614810771252043,2.5227845334351553,0.01640196517109871,6.728246808052063e-05,6.728246808052063e-05,False,0,False,,terminated_non_improving_hard_step,False
branch_ffddc9ce4f2ff0a2680a,new_center,3,16,g003_p000016_g002_p000007_g001_p000057_empty,g002_p000007_g001_p000057_empty,g003_811fb834c970bb7b_0009,16,5.102581053506583e-05,10.0,9.0,16.0,ellipsoid,9,105.02536171835574,14.661501900463046,14.468945584985038,9.255150532539375,0,0.25,3.6653754751157614,3.6172363962462595,2.3137876331348437,0.016569901257753372,0.00023521855473518372,0.00023521855473518372,False,0,False,,terminated_non_improving_hard_step,False
branch_0b641bb04c33a15afe8e,new_center,3,17,g003_p000017_g002_p000007_g001_p000057_empty,g002_p000007_g001_p000057_empty,g003_811fb834c970bb7b_0009,17,4.963566971127875e-05,25.0,9.0,36.0,ellipsoid,9,62.87307502586776,14.812117045368478,15.970657209861463,10.259901712642272,0,0.25,3.7030292613421194,3.9926643024653656,2.564975428160568,0.016522346064448357,0.00018766336143016815,0.00018766336143016815,False,0,False,,terminated_non_improving_hard_step,False
branch_fb9964f9524a1380938a,new_center,3,18,g003_p000018_g002_p000007_g001_p000057_empty,g002_p000007_g001_p000057_empty,g003_811fb834c970bb7b_0009,18,4.9635651521384716e-05,27.0,11.0,36.0,ellipsoid,9,52.48113675770193,12.692429189709301,14.161350406246722,13.566151464413508,0,0.25,3.1731072974273253,3.5403376015616805,3.391537866103377,0.016517752781510353,0.0001830700784921646,0.0001830700784921646,False,0,False,,terminated_non_improving_hard_step,False
branch_1e2d5a56bfd89fcf8c76,new_center,3,19,g003_p000019_g002_p000007_g001_p000057_empty,g002_p000007_g001_p000057_empty,g003_811fb834c970bb7b_0009,19,4.89582926093135e-05,11.0,10.0,16.0,dike_hemisphere,9,36.00688530779402,11.873831870010514,11.375793103852981,13.152952046000353,0,0.25,2.9684579675026286,2.8439482759632453,3.288238011500088,0.01646663248538971,0.000131949782371521,0.000131949782371521,False,0,False,,terminated_non_improving_hard_step,False
branch_2ed0411d8cb661d83d63,new_center,3,20,g003_p000020_g002_p000007_g001_p000057_empty,g002_p000007_g001_p000057_empty,g003_811fb834c970bb7b_0009,20,4.8958278057398275e-05,9.0,10.0,16.0,dike_hemisphere,9,17.845089860822963,11.327449185857304,9.27548298068649,6.782726302006351,0,0.25,2.831862296464326,2.3188707451716226,1.6956815755015877,0.016464469954371452,0.00012978725135326385,0.00012978725135326385,False,0,False,,terminated_non_improving_hard_step,False
branch_368c8e5aad4c091787d3,new_center,3,21,g003_p000021_g002_p000007_g001_p000057_empty,g002_p000007_g001_p000057_empty,g003_811fb834c970bb7b_0009,21,4.890865966444835e-05,12.0,44.0,20.0,dike_hemisphere,9,11.258179171158183,15.91463524768721,12.89038549385463,8.049718399646828,0,0.25,3.9786588119218025,3.2225963734636576,2.012429599911707,0.016494762152433395,0.0001600794494152069,0.0001600794494152069,False,0,False,,terminated_non_improving_hard_step,False
branch_09cd3a56d1716d2e5e60,new_center,3,22,g003_p000022_g002_p000007_g001_p000057_empty,g002_p000007_g001_p000057_empty,g003_811fb834c970bb7b_0009,22,4.8908656026469544e-05,12.0,40.0,20.0,dike_hemisphere,9,62.17514206958628,11.638341670078574,9.9039638630164,13.538242868921074,0,0.25,2.9095854175196436,2.4759909657541,3.3845607172302685,0.016423054039478302,8.837133646011353e-05,8.837133646011353e-05,False,0,False,,terminated_non_improving_hard_step,False
branch_0e172e5dd0ee0d54cc4f,new_center,3,23,g003_p000023_g002_p000007_g001_p000057_empty,g002_p000007_g001_p000057_empty,g003_811fb834c970bb7b_0009,23,4.62875614175573e-05,11.0,41.0,20.0,dike_hemisphere,9,150.59310772565186,14.33746682137225,12.76586609543063,13.696002136512085,0,0.25,3.5843667053430623,3.1914665238576574,3.4240005341280213,0.016516463831067085,0.0001817811280488968,0.0001817811280488968,False,0,False,,terminated_non_improving_hard_step,False
branch_9d55fd440947fbb27155,new_center,3,24,g003_p000024_g002_p000013_g001_p000005_empty,g002_p000013_g001_p000005_empty,g003_811fb834c970bb7b_0009,24,4.628755777957849e-05,13.0,43.0,20.0,dike_hemisphere,9,75.67697883425909,11.525680360173258,15.869387839876733,7.723176021311283,0,0.25,2.8814200900433145,3.9673469599691833,1.9307940053278208,0.016563497483730316,0.00022881478071212769,0.00022881478071212769,False,0,False,,terminated_non_improving_hard_step,False
branch_5f3c12077d10229ff219,new_center,3,25,g003_p000025_g002_p000013_g001_p000005_empty,g002_p000013_g001_p000005_empty,g003_811fb834c970bb7b_0009,25,4.379302481538616e-05,12.0,42.0,20.0,ellipsoid,9,15.025281576281541,8.070632739490271,15.961693212526864,11.373902151365563,0,0.25,2.017658184872568,3.990423303131716,2.8434755378413907,0.016503747552633286,0.00016906484961509705,0.00016906484961509705,False,0,False,,terminated_non_improving_hard_step,False
branch_b2eb0152f2e507ad66f0,new_center,3,26,g003_p000026_g002_p000013_g001_p000005_empty,g002_p000013_g001_p000005_empty,g003_811fb834c970bb7b_0009,26,4.329717921791598e-05,41.0,10.0,24.0,ellipsoid,9,26.828804697871192,11.089286775412544,15.30472078162478,8.16370631679465,0,0.25,2.772321693853136,3.826180195406195,2.0409265791986626,0.01660247892141342,0.00026779621839523315,0.00026779621839523315,False,0,False,,terminated_non_improving_hard_step,False
branch_5e4dcef6f948843d3728,new_center,3,27,g003_p000027_g002_p000013_g001_p000005_empty,g002_p000013_g001_p000005_empty,g003_811fb834c970bb7b_0009,27,4.329716830397956e-05,42.0,9.0,24.0,ellipsoid,9,146.65574801065762,9.407443295700133,7.846054940430477,12.847346535831932,0,0.25,2.3518608239250334,1.9615137351076193,3.211836633957983,0.016467971727252007,0.00013328902423381805,0.00013328902423381805,False,0,False,,terminated_non_improving_hard_step,False
branch_e68bbbba8bcc8198b3b9,new_center,3,28,g003_p000028_g002_p000013_g001_p000005_empty,g002_p000013_g001_p000005_empty,g003_811fb834c970bb7b_0009,28,4.3297164666000754e-05,42.0,11.0,24.0,ellipsoid,9,74.99621223742544,13.604912938705766,13.574541159423921,8.178465130494912,0,0.25,3.4012282346764415,3.3936352898559803,2.044616282623728,0.01660247892141342,0.00026779621839523315,0.00026779621839523315,False,0,False,,terminated_non_improving_hard_step,False
branch_c14bcb6e562ab64237c4,new_center,3,29,g003_p000029_g002_p000013_g001_p000005_empty,g002_p000013_g001_p000005_empty,g003_811fb834c970bb7b_0009,29,4.329715375206433e-05,43.0,10.0,24.0,ellipsoid,9,135.65457356451452,9.80193478499716,8.164515232385348,11.936301527057172,0,0.25,2.45048369624929,2.041128808096337,2.984075381764293,0.016467971727252007,0.00013328902423381805,0.00013328902423381805,False,0,False,,terminated_non_improving_hard_step,False
branch_8ffc779f0e9ed944294b,new_center,3,30,g003_p000030_g002_p000013_g001_p000005_empty,g002_p000013_g001_p000005_empty,g003_811fb834c970bb7b_0009,30,4.188812818028964e-05,26.0,9.0,36.0,ellipsoid,9,114.76901625108519,8.272548199821804,10.974931298117673,7.0128471858590125,0,0.25,2.068137049955451,2.743732824529418,1.7532117964647531,0.016465922817587852,0.000131240114569664,0.000131240114569664,False,0,False,,terminated_non_improving_hard_step,False
branch_d1c397a2c528c640ae6d,new_center,3,31,g003_p000031_g002_p000013_g001_p000005_empty,g002_p000013_g001_p000005_empty,g003_811fb834c970bb7b_0009,31,4.188812090433203e-05,26.0,11.0,36.0,dike_hemisphere,9,123.54430379800723,14.496708988088121,14.059834837911538,11.621984799405174,0,0.25,3.6241772470220304,3.5149587094778845,2.9054961998512936,0.016485074535012245,0.0001503918319940567,0.0001503918319940567,False,0,False,,terminated_non_improving_hard_step,False
branch_aec6bcc3968badfe5e7e,new_center,3,32,g003_p000032_g002_p000013_g001_p000005_empty,g002_p000013_g001_p000005_empty,g003_811fb834c970bb7b_0009,32,4.1871462599374354e-05,25.0,10.0,36.0,dike_hemisphere,9,26.342764209822874,7.70326137570814,13.010976795110196,12.942670078642557,0,0.25,1.925815343927035,3.252744198777549,3.2356675196606393,0.01647954247891903,0.00014485977590084076,0.00014485977590084076,False,0,False,,terminated_non_improving_hard_step,False
branch_2c99e451887843981ba1,new_center,3,33,g003_p000033_g002_p000013_g001_p000005_empty,g002_p000013_g001_p000005_empty,g003_811fb834c970bb7b_0009,33,4.1871437133522704e-05,27.0,10.0,36.0,ellipsoid,9,54.93631088132151,12.875023522011933,7.640825672935451,10.791385386960062,0,0.25,3.2187558805029832,1.9102064182338627,2.6978463467400156,0.016508447006344795,0.00017376430332660675,0.00017376430332660675,False,0,False,,terminated_non_improving_hard_step,False
branch_877ced74488936499a4c,new_center,3,34,g003_p000034_g002_p000013_g001_p000005_empty,g002_p000013_g001_p000005_empty,g003_811fb834c970bb7b_0009,34,4.111378439120017e-05,9.0,9.0,17.0,dike_hemisphere,9,137.29389217901235,13.21553728182898,13.205278148534696,9.594835152874367,0,0.25,3.303884320457245,3.301319537133674,2.398708788218592,0.016442053020000458,0.00010737031698226929,0.00010737031698226929,False,0,False,,terminated_non_improving_hard_step,False
branch_73c7a5485920b011e10c,new_center,3,35,g003_p000035_g002_p000013_g001_p000005_empty,g002_p000013_g001_p000005_empty,g003_811fb834c970bb7b_0009,35,4.111373709747568e-05,11.0,11.0,17.0,ellipsoid,9,86.36155317604347,11.090792166689983,12.601258002488883,6.785919874480424,0,0.25,2.772698041672496,3.150314500622221,1.696479968620106,0.016539189964532852,0.0002045072615146637,0.0002045072615146637,False,0,False,,terminated_non_improving_hard_step,False
branch_4cc0dc90a2d077ffc5b0,new_center,3,36,g003_p000036_g002_p000019_g001_p000005_empty,g002_p000019_g001_p000005_empty,g003_811fb834c970bb7b_0009,36,4.091047594556585e-05,10.0,8.0,17.0,ellipsoid,9,94.19717801123583,14.01785304961338,15.625459070668219,13.080460669552336,0,0.25,3.504463262403345,3.9063647676670548,3.270115167388084,0.016412682831287384,7.800012826919556e-05,7.800012826919556e-05,False,0,False,,terminated_non_improving_hard_step,False
branch_f5dbc9937e0943ce9142,new_center,3,37,g003_p000037_g002_p000019_g001_p000005_empty,g002_p000019_g001_p000005_empty,g003_811fb834c970bb7b_0009,37,4.091047230758704e-05,10.0,12.0,17.0,ellipsoid,9,108.50385773384885,11.575320857516356,9.171729871507939,12.815839931792786,0,0.25,2.893830214379089,2.2929324678769847,3.2039599829481964,0.01640430837869644,6.962567567825317e-05,6.962567567825317e-05,False,0,False,,terminated_non_improving_hard_step,False
branch_f260b5fad0974e20dda3,new_center,3,38,g003_p000038_g002_p000019_g001_p000005_empty,g002_p000019_g001_p000005_empty,g003_811fb834c970bb7b_0009,38,4.043041553813964e-05,41.0,9.0,24.0,ellipsoid,9,149.29840317866046,11.473531244928688,10.45269780125179,7.327200058792374,0,0.25,2.868382811232172,2.6131744503129477,1.8318000146980935,0.016571244224905968,0.00023656152188777924,0.00023656152188777924,False,0,False,,terminated_non_improving_hard_step,False
branch_b031ed385d4734c6e868,new_center,3,39,g003_p000039_g002_p000019_g001_p000005_empty,g002_p000019_g001_p000005_empty,g003_811fb834c970bb7b_0009,39,4.0430411900160834e-05,41.0,11.0,24.0,ellipsoid,9,137.4967936996318,15.183352049170285,12.532783357112255,12.881686009932293,0,0.25,3.7958380122925712,3.1331958392780637,3.2204215024830734,0.016582945361733437,0.0002482626587152481,0.0002482626587152481,False,0,False,,terminated_non_improving_hard_step,False
branch_601821039044dc2823a8,new_center,3,40,g003_p000040_g002_p000019_g001_p000005_empty,g002_p000019_g001_p000005_empty,g003_811fb834c970bb7b_0009,40,4.04303937102668e-05,43.0,9.0,24.0,dike_hemisphere,9,30.63599899711439,10.885729436891216,14.374468573085883,7.542070622040498,0,0.25,2.721432359222804,3.5936171432714707,1.8855176555101245,0.016534244641661644,0.0001995619386434555,0.0001995619386434555,False,0,False,,terminated_non_improving_hard_step,False
branch_7fee20c6d8862fb7994d,new_center,3,41,g003_p000041_g002_p000019_g001_p000005_empty,g002_p000019_g001_p000005_empty,g003_811fb834c970bb7b_0009,41,4.04303937102668e-05,43.0,11.0,24.0,ellipsoid,9,111.02562050332783,12.54442295536658,7.400207150647013,13.026160533417421,0,0.25,3.136105738841645,1.8500517876617533,3.2565401333543553,0.016429554671049118,9.487196803092957e-05,9.487196803092957e-05,False,0,False,,terminated_non_improving_hard_step,False
branch_10ed8a12431cbfaf1e76,new_center,3,42,g003_p000042_g002_p000019_g001_p000005_empty,g002_p000019_g001_p000005_empty,g003_811fb834c970bb7b_0009,42,3.970230318373069e-05,11.0,42.0,19.0,dike_hemisphere,9,53.6335400623484,6.214314464412777,15.922013707885998,7.910885014112465,0,0.25,1.5535786161031941,3.9805034269714996,1.9777212535281163,0.016496537253260612,0.000161854550242424,0.000161854550242424,False,0,False,,terminated_non_improving_hard_step,False
branch_86cbf24ef9a1a1ec50d1,new_center,3,43,g003_p000043_g002_p000019_g001_p000005_empty,g002_p000019_g001_p000005_empty,g003_811fb834c970bb7b_0009,43,3.970230318373069e-05,13.0,42.0,19.0,dike_hemisphere,9,166.69751695063752,10.213544894348935,8.380867873088485,7.80329948423759,0,0.25,2.5533862235872338,2.0952169682721213,1.9508248710593974,0.016431987285614014,9.73045825958252e-05,9.73045825958252e-05,False,0,False,,terminated_non_improving_hard_step,False
branch_ced238f4d9a0d428529f,new_center,3,44,g003_p000044_g002_p000019_g001_p000005_empty,g002_p000019_g001_p000005_empty,g003_811fb834c970bb7b_0009,44,3.959364039474167e-05,9.0,9.0,16.0,ellipsoid,9,88.33956993519458,8.541259089708237,10.742374552941444,12.61666426729082,0,0.25,2.1353147724270594,2.685593638235361,3.154166066822705,0.016426226124167442,9.154342114925385e-05,9.154342114925385e-05,False,0,False,,terminated_non_improving_hard_step,False
branch_fb7610537c138fec3ef8,new_center,3,45,g003_p000045_g002_p000019_g001_p000005_empty,g002_p000019_g001_p000005_empty,g003_811fb834c970bb7b_0009,45,3.959364039474167e-05,11.0,11.0,16.0,ellipsoid,9,91.9793041633992,8.307468862862283,7.4010777507167615,13.761454834877352,0,0.25,2.0768672157155708,1.8502694376791904,3.440363708719338,0.01640854962170124,7.386691868305206e-05,7.386691868305206e-05,False,0,False,,terminated_non_improving_hard_step,False
branch_35056b4fd81db862d09f,new_center,3,46,g003_p000046_g002_p000019_g001_p000005_empty,g002_p000019_g001_p000005_empty,g003_811fb834c970bb7b_0009,46,3.9302336517721415e-05,11.0,44.0,20.0,dike_hemisphere,9,3.9594011331046097,10.42564830983539,8.913039070214777,6.622352156990137,0,0.25,2.6064120774588475,2.2282597675536944,1.6555880392475342,0.016428181901574135,9.349919855594635e-05,9.349919855594635e-05,False,0,False,,terminated_non_improving_hard_step,False
branch_9b7e998443fc7ab11ef0,new_center,3,47,g003_p000047_g002_p000019_g001_p000005_empty,g002_p000019_g001_p000005_empty,g003_811fb834c970bb7b_0009,47,3.9302336517721415e-05,13.0,40.0,20.0,ellipsoid,9,34.73916046566993,11.883196099035336,7.32797114440947,7.693165185132152,0,0.25,2.970799024758834,1.8319927861023675,1.923291296283038,0.016548745334148407,0.0002140626311302185,0.0002140626311302185,False,0,False,,terminated_non_improving_hard_step,False
branch_035bd6d989394fad448e,new_center,3,48,g003_p000048_g002_p000025_g001_p000072_empty,g002_p000025_g001_p000072_empty,g003_811fb834c970bb7b_0009,48,3.917921640095301e-05,13.0,42.0,18.0,dike_hemisphere,9,119.28701327868205,6.096147510248436,13.810079912108502,13.135058393601465,0,0.25,1.524036877562109,3.4525199780271256,3.2837645984003663,0.016456060111522675,0.00012137740850448608,0.00012137740850448608,False,0,False,,terminated_non_improving_hard_step,False
branch_f27044b9c66bdf9622aa,new_center,3,49,g003_p000049_g002_p000025_g001_p000072_empty,g002_p000025_g001_p000072_empty,g003_811fb834c970bb7b_0009,49,3.91792127629742e-05,11.0,42.0,18.0,ellipsoid,9,170.50480146592207,7.1051005720192695,11.678976784763996,10.666609320673913,0,0.25,1.7762751430048174,2.919744196190999,2.6666523301684784,0.0164173673838377,8.268468081951141e-05,8.268468081951141e-05,False,0,False,,terminated_non_improving_hard_step,False
branch_8f19582f242384e21172,new_center,3,50,g003_p000050_g002_p000025_g001_p000072_empty,g002_p000025_g001_p000072_empty,g003_811fb834c970bb7b_0009,50,3.916999776265584e-05,13.0,43.0,19.0,dike_hemisphere,9,87.03861007659782,9.346984129459026,15.561298793743727,7.176162563427837,0,0.25,2.3367460323647564,3.890324698435932,1.7940406408569594,0.016496537253260612,0.000161854550242424,0.000161854550242424,False,0,False,,terminated_non_improving_hard_step,False
branch_25e51a993302c964fe05,new_center,3,51,g003_p000051_g002_p000025_g001_p000072_empty,g002_p000025_g001_p000072_empty,g003_811fb834c970bb7b_0009,51,3.9169990486698225e-05,11.0,41.0,19.0,ellipsoid,9,79.21450685813026,15.279543948123727,14.54686977966051,11.628946070224197,0,0.25,3.819885987030932,3.6367174449151274,2.9072365175560493,0.016554469242691994,0.00021978653967380524,0.00021978653967380524,False,0,False,,terminated_non_improving_hard_step,False
branch_9d54d5de972849cd3415,new_center,3,52,g003_p000052_g002_p000025_g001_p000072_empty,g002_p000025_g001_p000072_empty,g003_811fb834c970bb7b_0009,52,3.871337685268372e-05,10.0,42.0,20.0,ellipsoid,9,2.118463292142556,7.168486659851534,6.504838010645131,12.393015022786498,0,0.25,1.7921216649628835,1.6262095026612828,3.0982537556966245,0.016347436234354973,1.2753531336784363e-05,1.2753531336784363e-05,False,0,False,,terminated_non_improving_hard_step,False
branch_4067237d7d7a18d0f088,new_center,3,53,g003_p000053_g002_p000025_g001_p000072_empty,g002_p000025_g001_p000072_empty,g003_811fb834c970bb7b_0009,53,3.8713362300768495e-05,14.0,42.0,20.0,ellipsoid,9,122.97889609450715,10.121877397450218,6.261541447048979,7.693028444333798,0,0.25,2.5304693493625545,1.5653853617622449,1.9232571110834495,0.01643313653767109,9.84538346529007e-05,9.84538346529007e-05,False,0,False,,terminated_non_improving_hard_step,False
branch_04ed09a3e739b3a064eb,new_center,3,54,g003_p000054_g002_p000025_g001_p000072_empty,g002_p000025_g001_p000072_empty,g003_811fb834c970bb7b_0009,54,3.868229759973474e-05,8.0,10.0,17.0,ellipsoid,9,157.51006176952956,11.872583681776895,11.68504559333308,9.474348849212106,0,0.25,2.9681459204442238,2.92126139833327,2.3685872123030265,0.016609469428658485,0.00027478672564029694,0.00027478672564029694,False,0,False,,terminated_non_improving_hard_step,False
branch_20fdca7bfe5cddcf4bd3,new_center,3,55,g003_p000055_g002_p000025_g001_p000072_empty,g002_p000025_g001_p000072_empty,g003_811fb834c970bb7b_0009,55,3.868225394398905e-05,12.0,10.0,17.0,ellipsoid,9,29.151565729649413,11.092861857541877,15.163521488828474,11.73155163390166,0,0.25,2.773215464385469,3.7908803722071185,2.932887908475415,0.016453830525279045,0.00011914782226085663,0.00011914782226085663,False,0,False,,terminated_non_improving_hard_step,False
branch_e0cbdd467b9aaaef4a4d,new_center,3,56,g003_p000056_g002_p000025_g001_p000072_empty,g002_p000025_g001_p000072_empty,g003_811fb834c970bb7b_0009,56,3.7540554330917075e-05,12.0,39.0,20.0,ellipsoid,9,64.18584752526074,6.912563978126001,9.921392997159856,9.330854873916337,0,0.25,1.7281409945315003,2.480348249289964,2.3327137184790843,0.016402600333094597,6.791763007640839e-05,6.791763007640839e-05,False,0,False,,terminated_non_improving_hard_step,False
branch_f9b9dcd2d1da0168eaa5,new_center,3,57,g003_p000057_g002_p000025_g001_p000072_empty,g002_p000025_g001_p000072_empty,g003_811fb834c970bb7b_0009,57,3.754055069293827e-05,12.0,45.0,20.0,dike_hemisphere,9,38.45054851201486,15.61751698661403,13.522030046462422,12.786709444416278,0,0.25,3.9043792466535074,3.3805075116156056,3.1966773611040695,0.016479188576340675,0.00014450587332248688,0.00014450587332248688,False,0,False,,terminated_non_improving_hard_step,False
branch_d678a94051d56d7a2a65,new_center,3,58,g003_p000058_g002_p000025_g001_p000072_empty,g002_p000025_g001_p000072_empty,g003_811fb834c970bb7b_0009,58,3.6571771488524973e-05,10.0,41.0,20.0,dike_hemisphere,9,121.85566774899448,14.480818367418612,8.404343482322457,6.678943504829693,0,0.25,3.620204591854653,2.101085870580614,1.6697358762074233,0.016548745334148407,0.0002140626311302185,0.0002140626311302185,False,0,False,,terminated_non_improving_hard_step,False
branch_361f0e9c397cb3e8b9a3,new_center,3,59,g003_p000059_g002_p000025_g001_p000072_empty,g002_p000025_g001_p000072_empty,g003_811fb834c970bb7b_0009,59,3.657176421256736e-05,14.0,43.0,20.0,ellipsoid,9,170.11001991344625,6.414328246051381,15.333706125786778,7.549236598624785,0,0.25,1.6035820615128453,3.8334265314466944,1.8873091496561962,0.016428181901574135,9.349919855594635e-05,9.349919855594635e-05,False,0,False,,terminated_non_improving_hard_step,False
branch_710df654fa8f80004f62,new_center,3,60,g003_p000060_g002_p000031_g001_p000072_empty,g002_p000031_g001_p000072_empty,g003_811fb834c970bb7b_0009,60,3.6540033761411905e-05,13.0,43.0,18.0,dike_hemisphere,9,51.311146731074786,9.754893334020437,6.906398071282311,12.986679699896339,0,0.25,2.4387233335051093,1.7265995178205777,3.2466699249740847,0.0164173673838377,8.268468081951141e-05,8.268468081951141e-05,False,0,False,,terminated_non_improving_hard_step,False
branch_71029e49bc405e07832a,new_center,3,61,g003_p000061_g002_p000031_g001_p000072_empty,g002_p000031_g001_p000072_empty,g003_811fb834c970bb7b_0009,61,3.65400301234331e-05,11.0,41.0,18.0,dike_hemisphere,9,174.5933741677504,11.251092930289024,10.912509580365736,10.896789359611766,0,0.25,2.812773232572256,2.728127395091434,2.7241973399029416,0.01643010601401329,9.542331099510193e-05,9.542331099510193e-05,False,0,False,,terminated_non_improving_hard_step,False
branch_a279a477f15fab84fbe3,new_center,3,62,g003_p000062_g002_p000031_g001_p000072_empty,g002_p000031_g001_p000072_empty,g003_811fb834c970bb7b_0009,62,3.621663563535549e-05,11.0,40.0,20.0,ellipsoid,9,123.75303748430288,14.525859594589782,6.056484265323064,12.204155788209533,0,0.25,3.6314648986474456,1.514121066330766,3.0510389470523833,0.01646859012544155,0.00013390742242336273,0.00013390742242336273,False,0,False,,terminated_non_improving_hard_step,False
branch_e785a06f6de8768c8e20,new_center,3,63,g003_p000063_g002_p000031_g001_p000072_empty,g002_p000031_g001_p000072_empty,g003_811fb834c970bb7b_0009,63,3.621662835939787e-05,13.0,44.0,20.0,ellipsoid,9,125.58888709078636,10.777872831008839,12.647226379799166,11.86772232828855,0,0.25,2.6944682077522097,3.1618065949497915,2.9669305820721377,0.016457729041576385,0.00012304633855819702,0.00012304633855819702,False,0,False,,terminated_non_improving_hard_step,False
branch_5850400024ee86c3a7d9,new_center,3,64,g003_p000064_g002_p000031_g001_p000072_empty,g002_p000031_g001_p000072_empty,g003_811fb834c970bb7b_0009,64,3.51569578924682e-05,10.0,43.0,20.0,dike_hemisphere,9,92.95774275958337,14.084444157952042,12.058544482975353,9.114338195836684,0,0.25,3.5211110394880105,3.0146361207438384,2.278584548959171,0.01654990389943123,0.00021522119641304016,0.00021522119641304016,False,0,False,,terminated_non_improving_hard_step,False
branch_e51a7a81e1c4933b622f,new_center,3,65,g003_p000065_g002_p000031_g001_p000072_empty,g002_p000031_g001_p000072_empty,g003_811fb834c970bb7b_0009,65,3.5156950616510585e-05,14.0,41.0,20.0,dike_hemisphere,9,134.1838019512605,10.822951155347239,12.764691731093892,6.377253372025596,0,0.25,2.7057377888368097,3.191172932773473,1.594313343006399,0.0164885725826025,0.00015388987958431244,0.00015388987958431244,False,0,False,,terminated_non_improving_hard_step,False
branch_bc70da369db0464b30ea,new_center,3,66,g003_p000066_g002_p000031_g001_p000072_empty,g002_p000031_g001_p000072_empty,g003_811fb834c970bb7b_0009,66,3.493005351629108e-05,10.0,40.0,20.0,dike_hemisphere,9,162.94393147455548,9.20709437830152,6.971332609229579,10.02922990886174,0,0.25,2.30177359457538,1.7428331523073948,2.507307477215435,0.016411764547228813,7.70818442106247e-05,7.70818442106247e-05,False,0,False,,terminated_non_improving_hard_step,False
branch_99feacde40c7522705c0,new_center,3,67,g003_p000067_g002_p000031_g001_p000072_empty,g002_p000031_g001_p000072_empty,g003_811fb834c970bb7b_0009,67,3.4930038964375854e-05,14.0,44.0,20.0,dike_hemisphere,9,136.24745579465656,15.706266427791146,7.090850185976801,6.305691499967117,0,0.25,3.9265666069477865,1.7727125464942002,1.5764228749917792,0.01647869497537613,0.00014401227235794067,0.00014401227235794067,False,0,False,,terminated_non_improving_hard_step,False
branch_23d35b1f899eae007e57,new_center,3,68,g003_p000068_g002_p000031_g001_p000072_empty,g002_p000031_g001_p000072_empty,g003_811fb834c970bb7b_0009,68,3.4676355426199734e-05,12.0,42.0,18.0,ellipsoid,9,54.39107891907816,8.53432627329509,15.055075396601195,10.863547368239988,0,0.25,2.1335815683237724,3.7637688491502987,2.715886842059997,0.016546327620744705,0.00021164491772651672,0.00021164491772651672,False,0,False,,terminated_non_improving_hard_step,False
branch_5b3e88eee140ba98a695,new_center,3,69,g003_p000069_g002_p000031_g001_p000072_empty,g002_p000031_g001_p000072_empty,g003_811fb834c970bb7b_0009,69,3.465738336672075e-05,27.0,9.0,35.0,dike_hemisphere,9,66.16264823759495,15.16006637038976,15.55556109208493,10.3971210987001,0,0.25,3.79001659259744,3.8888902730212327,2.599280274675025,0.01648811064660549,0.00015342794358730316,0.00015342794358730316,False,0,False,,terminated_non_improving_hard_step,False
branch_3ce68a9d98668e1d60a9,new_center,3,70,g003_p000070_g002_p000031_g001_p000072_empty,g002_p000031_g001_p000072_empty,g003_811fb834c970bb7b_0009,70,3.465737609076314e-05,25.0,11.0,35.0,ellipsoid,9,15.860866525004555,9.991687938341904,13.619447442174891,12.457046927627047,0,0.25,2.497921984585476,3.404861860543723,3.114261731906762,0.01648707687854767,0.00015239417552947998,0.00015239417552947998,False,0,False,,terminated_non_improving_hard_step,False
branch_c62c4e3c7604e0a4aed7,new_center,3,71,g003_p000071_g002_p000031_g001_p000072_empty,g002_p000031_g001_p000072_empty,g003_811fb834c970bb7b_0009,71,3.465691770543344e-05,27.0,10.0,35.0,dike_hemisphere,9,132.2027132109268,7.615973431948204,8.739056926102096,11.131398928347963,0,0.25,1.903993357987051,2.184764231525524,2.7828497320869907,0.016385013237595558,5.033053457736969e-05,5.033053457736969e-05,False,0,False,,terminated_non_improving_hard_step,False
branch_496406c72c6879431eec,new_center,3,72,g003_p000072_g002_p000037_g001_p000093_empty,g002_p000037_g001_p000093_empty,g003_811fb834c970bb7b_0009,72,3.4656914067454636e-05,25.0,10.0,35.0,ellipsoid,9,65.31704322083266,10.534836786782083,14.753262399290126,13.074038325402917,0,0.25,2.633709196695521,3.6883155998225314,3.268509581350729,0.016472551971673965,0.00013786926865577698,0.00013786926865577698,False,0,False,,terminated_non_improving_hard_step,False
branch_186f0e7b7467be8dcfe5,new_center,3,73,g003_p000073_g002_p000037_g001_p000093_empty,g002_p000037_g001_p000093_empty,g003_811fb834c970bb7b_0009,73,3.398280750843696e-05,9.0,12.0,17.0,dike_hemisphere,9,154.84220251723028,11.809527629723428,8.430170363018,9.16880138584468,0,0.25,2.952381907430857,2.1075425907545,2.29220034646117,0.016458071768283844,0.00012338906526565552,0.00012338906526565552,False,0,False,,terminated_non_improving_hard_step,False
branch_5533e0975bec81950db2,new_center,3,74,g003_p000074_g002_p000037_g001_p000093_empty,g002_p000037_g001_p000093_empty,g003_811fb834c970bb7b_0009,74,3.398280023247935e-05,11.0,8.0,17.0,ellipsoid,9,44.243899779028084,13.986962190613124,8.842701163833045,7.55607922118985,0,0.25,3.496740547653281,2.210675290958261,1.8890198052974625,0.016578666865825653,0.0002439841628074646,0.0002439841628074646,False,0,False,,terminated_non_improving_hard_step,False
branch_a1a7a0a9d9108167b175,new_center,3,75,g003_p000075_g002_p000037_g001_p000093_empty,g002_p000037_g001_p000093_empty,g003_811fb834c970bb7b_0009,75,3.391651625861414e-05,10.0,44.0,20.0,ellipsoid,9,72.67275226463916,12.599180088204724,9.102928781913642,7.632410304487747,0,0.25,3.149795022051181,2.2757321954784104,1.9081025761219368,0.016598189249634743,0.00026350654661655426,0.00026350654661655426,False,0,False,,terminated_non_improving_hard_step,False
branch_677e12c11af58e0679bf,new_center,3,76,g003_p000076_g002_p000037_g001_p000093_empty,g002_p000037_g001_p000093_empty,g003_811fb834c970bb7b_0009,76,3.391651262063533e-05,14.0,40.0,20.0,dike_hemisphere,9,81.80029072609952,15.853055085823542,9.399814565274875,10.474679653145262,0,0.25,3.9632637714558854,2.3499536413187188,2.6186699132863156,0.016518322750926018,0.00018364004790782928,0.00018364004790782928,False,0,False,,terminated_non_improving_hard_step,False
branch_df68ccefc4e9f2e5d8a3,new_center,3,77,g003_p000077_g002_p000037_g001_p000093_empty,g002_p000037_g001_p000093_empty,g003_811fb834c970bb7b_0009,77,3.3683125366223976e-05,40.0,10.0,24.0,dike_hemisphere,9,163.44152720516632,12.783516757631334,7.951698506711064,8.440397938410637,0,0.25,3.1958791894078336,1.987924626677766,2.1100994846026593,0.01646539382636547,0.0001307111233472824,0.0001307111233472824,False,0,False,,terminated_non_improving_hard_step,False
branch_f64fdf3d22a301dd4488,new_center,3,78,g003_p000078_g002_p000037_g001_p000093_empty,g002_p000037_g001_p000093_empty,g003_811fb834c970bb7b_0009,78,3.368311809026636e-05,42.0,8.0,24.0,ellipsoid,9,67.3364750709949,15.53529192244268,11.165895084517912,7.196794834256259,0,0.25,3.88382298061067,2.791473771129478,1.7991987085640648,0.016628040000796318,0.0002933572977781296,0.0002933572977781296,False,0,False,,terminated_non_improving_hard_step,False
branch_bd44cc53dfcc275981da,new_center,3,79,g003_p000079_g002_p000037_g001_p000093_empty,g002_p000037_g001_p000093_empty,g003_811fb834c970bb7b_0009,79,3.3683114452287555e-05,42.0,12.0,24.0,ellipsoid,9,124.21478302246011,8.90680092231566,15.308272226651349,8.30042060171215,0,0.25,2.226700230578915,3.8270680566628372,2.0751051504280373,0.016562143340706825,0.00022746063768863678,0.00022746063768863678,False,0,False,,terminated_non_improving_hard_step,False
branch_f32ad09e893ed7d37228,new_center,3,80,g003_p000080_g002_p000037_g001_p000093_empty,g002_p000037_g001_p000093_empty,g003_811fb834c970bb7b_0009,80,3.3683099900372326e-05,44.0,10.0,24.0,ellipsoid,9,91.98508981358033,13.096556884520284,15.216600784320018,9.66315611027322,0,0.25,3.274139221130071,3.8041501960800046,2.415789027568305,0.01661650277674198,0.00028182007372379303,0.00028182007372379303,False,0,False,,terminated_non_improving_hard_step,False
branch_a0ba46ba096ac7490fb8,new_center,3,81,g003_p000081_g002_p000037_g001_p000093_empty,g002_p000037_g001_p000093_empty,g003_811fb834c970bb7b_0009,81,3.309709427412599e-05,25.0,8.0,37.0,ellipsoid,9,19.57147445901757,9.905296706166244,11.393004531514432,7.851865726427869,0,0.25,2.476324176541561,2.848251132878608,1.9629664316069673,0.01652805507183075,0.00019337236881256104,0.00019337236881256104,False,0,False,,terminated_non_improving_hard_step,False
branch_3251a19ab3483d27b7a7,new_center,3,82,g003_p000082_g002_p000037_g001_p000093_empty,g002_p000037_g001_p000093_empty,g003_811fb834c970bb7b_0009,82,3.3097079722210765e-05,27.0,12.0,37.0,dike_hemisphere,9,41.71869577123519,10.095781270018692,14.8882010710851,10.71255592549819,0,0.25,2.523945317504673,3.722050267771275,2.6781389813745475,0.016437657177448273,0.00010297447443008423,0.00010297447443008423,False,0,False,,terminated_non_improving_hard_step,False
branch_44d2b37a0d350e00ac48,new_center,3,83,g003_p000083_g002_p000037_g001_p000093_empty,g002_p000037_g001_p000093_empty,g003_811fb834c970bb7b_0009,83,3.2807758543640375e-05,9.0,8.0,17.0,dike_hemisphere,9,144.41414908547205,11.739358331752376,6.600000010109047,7.792601927601519,0,0.25,2.934839582938094,1.6500000025272616,1.9481504819003796,0.01635652408003807,2.1841377019882202e-05,2.1841377019882202e-05,False,0,False,,terminated_non_improving_hard_step,False
branch_d2844551deab4fd01c27,new_center,3,84,g003_p000084_g002_p000043_g001_p000093_empty,g002_p000043_g001_p000093_empty,g003_811fb834c970bb7b_0009,84,3.2807733077788725e-05,11.0,12.0,17.0,dike_hemisphere,9,109.74255835909005,13.261782122473331,7.22673643688765,10.016114148091823,0,0.25,3.315445530618333,1.8066841092219126,2.504028537022956,0.016391821205615997,5.713850259780884e-05,5.713850259780884e-05,False,0,False,,terminated_non_improving_hard_step,False
branch_d135d498bc3842a19f4c,new_center,3,85,g003_p000085_g002_p000043_g001_p000093_empty,g002_p000043_g001_p000093_empty,g003_811fb834c970bb7b_0009,85,3.279349402873777e-05,10.0,7.0,17.0,ellipsoid,9,20.759871694192274,7.72800985323054,12.750136075337178,11.810946923581685,0,0.25,1.932002463307635,3.1875340188342944,2.9527367308954213,0.016480593010783195,0.00014591030776500702,0.00014591030776500702,False,0,False,,terminated_non_improving_hard_step,False
branch_3535e202ac09ef8460b1,new_center,3,86,g003_p000086_g002_p000043_g001_p000093_empty,g002_p000043_g001_p000093_empty,g003_811fb834c970bb7b_0009,86,3.279348311480135e-05,10.0,13.0,17.0,dike_hemisphere,9,92.21858786061564,14.455711884320507,8.798112943357268,10.833111957523265,0,0.25,3.613927971080127,2.199528235839317,2.708277989380816,0.016423340886831284,8.865818381309509e-05,8.865818381309509e-05,False,0,False,,terminated_non_improving_hard_step,False
branch_1622f806908aed00e24e,new_center,3,87,g003_p000087_g002_p000043_g001_p000093_empty,g002_p000043_g001_p000093_empty,g003_811fb834c970bb7b_0009,87,3.272023968747817e-05,11.0,40.0,19.0,ellipsoid,9,175.40910946202305,14.017996636122195,10.56532675949874,8.921605903301646,0,0.25,3.5044991590305488,2.641331689874685,2.2304014758254116,0.016610849648714066,0.0002761669456958771,0.0002761669456958771,False,0,False,,terminated_non_improving_hard_step,False
branch_1155cc55022a65503b6d,new_center,3,88,g003_p000088_g002_p000043_g001_p000093_empty,g002_p000043_g001_p000093_empty,g003_811fb834c970bb7b_0009,88,3.272023968747817e-05,13.0,44.0,19.0,ellipsoid,9,61.12265090902796,14.373409459687647,9.270325916768549,11.541879900970986,0,0.25,3.5933523649219117,2.317581479192137,2.8854699752427466,0.016515031456947327,0.00018034875392913818,0.00018034875392913818,False,0,False,,terminated_non_improving_hard_step,False
branch_b2f05dd24f3df9d9308f,new_center,3,89,g003_p000089_g002_p000043_g001_p000093_empty,g002_p000043_g001_p000093_empty,g003_811fb834c970bb7b_0009,89,3.267771899118088e-05,8.0,11.0,17.0,ellipsoid,9,123.04069731310642,14.372744007034969,7.993175445321792,7.809102097067317,0,0.25,3.5931860017587423,1.998293861330448,1.9522755242668293,0.01655968278646469,0.00022500008344650269,0.00022500008344650269,False,0,False,,terminated_non_improving_hard_step,False
branch_c66ca2f44c99cce17667,new_center,3,90,g003_p000090_g002_p000043_g001_p000093_empty,g002_p000043_g001_p000093_empty,g003_811fb834c970bb7b_0009,90,3.267769352532923e-05,12.0,9.0,17.0,dike_hemisphere,9,23.69002925101897,13.801136237748112,7.205193102706853,12.9859577318099,0,0.25,3.450284059437028,1.8012982756767133,3.246489432952475,0.016458071768283844,0.00012338906526565552,0.00012338906526565552,False,0,False,,terminated_non_improving_hard_step,False
branch_d5407e15a7337633be13,new_center,3,91,g003_p000091_g002_p000043_g001_p000093_empty,g002_p000043_g001_p000093_empty,g003_811fb834c970bb7b_0009,91,3.2167583412956446e-05,14.0,41.0,19.0,dike_hemisphere,9,17.397984254549105,10.000556499460947,15.851633794342488,13.741474633245925,0,0.25,2.5001391248652367,3.962908448585622,3.4353686583114813,0.016464851796627045,0.0001301690936088562,0.0001301690936088562,False,0,False,,terminated_non_improving_hard_step,False
branch_f5b2f3932525a09c557a,new_center,3,92,g003_p000092_g002_p000043_g001_p000093_empty,g002_p000043_g001_p000093_empty,g003_811fb834c970bb7b_0009,92,3.216757977497764e-05,10.0,43.0,19.0,ellipsoid,9,46.945734569088266,12.166357800876597,13.92977090283742,12.283288525026077,0,0.25,3.041589450219149,3.482442725709355,3.070822131256519,0.016549089923501015,0.00021440722048282623,0.00021440722048282623,False,0,False,,terminated_non_improving_hard_step,False
branch_45842da319c7644085a5,new_center,3,93,g003_p000093_g002_p000043_g001_p000093_empty,g002_p000043_g001_p000093_empty,g003_811fb834c970bb7b_0009,93,3.1871608371147886e-05,12.0,40.0,19.0,dike_hemisphere,9,70.8445135906178,11.047382638588013,9.09266735563407,7.566177675072303,0,0.25,2.7618456596470033,2.2731668389085176,1.8915444187680757,0.01649654284119606,0.0001618601381778717,0.0001618601381778717,False,0,False,,terminated_non_improving_hard_step,False
branch_417135a1c50dc9f7e17d,new_center,3,94,g003_p000094_g002_p000043_g001_p000093_empty,g002_p000043_g001_p000093_empty,g003_811fb834c970bb7b_0009,94,3.1871608371147886e-05,12.0,44.0,19.0,ellipsoid,9,59.59809569893916,6.031515346776922,14.246402640148343,11.782350769924623,0,0.25,1.5078788366942304,3.5616006600370858,2.9455876924811557,0.01648237369954586,0.00014769099652767181,0.00014769099652767181,False,0,False,,terminated_non_improving_hard_step,False
branch_312d6a2622b98170bb87,new_center,3,95,g003_p000095_g002_p000043_g001_p000093_empty,g002_p000043_g001_p000093_empty,g003_811fb834c970bb7b_0009,95,3.177033431711607e-05,14.0,44.0,19.0,ellipsoid,9,65.58015462991185,6.069065898719466,12.0385380462344,9.06710950951558,0,0.25,1.5172664746798665,3.0096345115586,2.266777377378895,0.016414310783147812,7.962808012962341e-05,7.962808012962341e-05,False,0,False,,terminated_non_improving_hard_step,False
branch_bb1c1b89a18dc66acd04,new_center,4,0,g004_p000000_g003_p000010_g002_p000001_g001_p000057_empty,g003_p000010_g002_p000001_g001_p000057_empty,g004_16106ca292ed77f4_0010,0,8.122159488266334e-05,12.0,42.0,19.0,dike_hemisphere,9,63.95244622725554,15.28590874752428,11.323370601266655,11.273941978869654,0,0.25,3.82147718688107,2.8308426503166637,2.8184854947174136,0.016542885452508926,0.00019877031445503235,0.00020820274949073792,False,0,False,,terminated_non_improving_hard_step,False
branch_0e10c53f9a03a8137f44,new_center,4,6,g004_p000006_g003_p000010_g002_p000001_g001_p000057_empty,g003_p000010_g002_p000001_g001_p000057_empty,g004_16106ca292ed77f4_0010,1,6.900660810060799e-05,12.0,43.0,20.0,dike_hemisphere,9,119.14321067357004,8.97466679574542,10.727528157807523,12.586014686312254,0,0.25,2.243666698936355,2.6818820394518808,3.1465036715780634,0.01643601432442665,9.189918637275696e-05,0.00010133162140846252,False,0,False,,terminated_non_improving_hard_step,False
branch_148b9958fad56b420407,new_center,4,12,g004_p000012_g003_p000002_g002_p000001_g001_p000057_empty,g003_p000002_g002_p000001_g001_p000057_empty,g004_894ffe59016d2d7d_0011,0,8.034765778575093e-05,12.0,42.0,19.0,dike_hemisphere,9,99.00275104187061,13.913539378845396,14.745837430119941,6.999887785451166,0,0.25,3.478384844711349,3.6864593575299853,1.7499719463627914,0.016605446115136147,0.0002580098807811737,0.00027076341211795807,False,0,False,,terminated_non_improving_hard_step,False
branch_03cf65115b2456b04110,new_center,4,18,g004_p000018_g003_p000002_g002_p000001_g001_p000057_empty,g003_p000002_g002_p000001_g001_p000057_empty,g004_894ffe59016d2d7d_0011,1,6.691588350804523e-05,12.0,43.0,20.0,dike_hemisphere,9,9.720012126426372,6.234336751571554,15.689191651919359,11.847770042588,0,0.25,1.5585841878928886,3.9222979129798397,2.961942510647,0.016399793326854706,5.235709249973297e-05,6.511062383651733e-05,False,0,False,,terminated_non_improving_hard_step,False
branch_7d2a28a7170663d7c69a,new_center,4,24,g004_p000024_g003_p000052_g002_p000025_g001_p000072_empty,g003_p000052_g002_p000025_g001_p000072_empty,g004_a428ffa9e7e75db4_0012,0,8.034765050979331e-05,12.0,42.0,19.0,dike_hemisphere,9,45.76392339385048,9.508482450853814,7.864135667215249,13.956847335813034,0,0.25,2.3771206127134534,1.9660339168038123,3.4892118339532585,0.016495004296302795,0.00014756806194782257,0.00016032159328460693,False,0,False,,terminated_non_improving_hard_step,False
branch_4b574c77f6abf77973a9,new_center,4,30,g004_p000030_g003_p000052_g002_p000025_g001_p000072_empty,g003_p000052_g002_p000025_g001_p000072_empty,g004_a428ffa9e7e75db4_0012,1,6.691589078400284e-05,12.0,41.0,20.0,dike_hemisphere,9,99.7007297400363,11.133346907343768,7.6039193266190575,11.604151176238371,0,0.25,2.783336726835942,1.9009798316547644,2.901037794059593,0.016399793326854706,5.235709249973297e-05,6.511062383651733e-05,False,0,False,,terminated_non_improving_hard_step,False
branch_a95cefe4164bc6f080cb,new_center,4,36,g004_p000036_g003_p000083_g002_p000037_g001_p000093_empty,g003_p000083_g002_p000037_g001_p000093_empty,g004_c1b986441871d48a_0013,0,8.122159488266334e-05,12.0,42.0,19.0,dike_hemisphere,9,89.55216138297985,15.960923278608941,12.552477007551841,11.475039104092811,0,0.25,3.9902308196522354,3.1381192518879604,2.868759776023203,0.01652689278125763,0.00017036870121955872,0.00019221007823944092,False,0,False,,terminated_non_improving_hard_step,False
branch_01cb6130c8d3ac7ecc5b,new_center,4,42,g004_p000042_g003_p000083_g002_p000037_g001_p000093_empty,g003_p000083_g002_p000037_g001_p000093_empty,g004_c1b986441871d48a_0013,1,6.900660810060799e-05,12.0,43.0,20.0,dike_hemisphere,9,165.0425316944236,8.468290053932574,9.22699100063624,13.120706993571734,0,0.25,2.1170725134831434,2.30674775015906,3.2801767483929334,0.01649859920144081,0.00014207512140274048,0.00016391649842262268,False,0,False,,terminated_non_improving_hard_step,False
branch_9b62d27d060c03d634fe,new_center,4,48,g004_p000048_g003_p000071_g002_p000031_g001_p000072_empty,g003_p000071_g002_p000031_g001_p000072_empty,g004_c5d1f83943cc16a5_0014,0,8.122159488266334e-05,12.0,42.0,19.0,ellipsoid,9,177.90758924633917,14.706753485151594,15.87025090775054,8.542671373829158,0,0.25,3.6766883712878986,3.967562726937635,2.1356678434572895,0.01666031964123249,0.0002753064036369324,0.00032563693821430206,False,0,False,,terminated_non_improving_hard_step,False
branch_db0cd9469e5b60abd633,new_center,4,54,g004_p000054_g003_p000071_g002_p000031_g001_p000072_empty,g003_p000071_g002_p000031_g001_p000072_empty,g004_c5d1f83943cc16a5_0014,1,6.900660810060799e-05,12.0,43.0,20.0,ellipsoid,9,144.17476672169815,6.569762832387353,10.799216698809992,12.314525190900039,0,0.25,1.6424407080968382,2.699804174702498,3.0786312977250097,0.016463175415992737,7.816217839717865e-05,0.00012849271297454834,False,0,False,,terminated_non_improving_hard_step,False
branch_b73b750ed5e075041188,new_center,4,60,g004_p000060_g003_p000005_g002_p000001_g001_p000057_empty,g003_p000005_g002_p000001_g001_p000057_empty,g004_dce4d0c094ec9972_0015,0,8.07266915217042e-05,12.0,42.0,19.0,ellipsoid,9,36.610064247984845,15.082241853056436,15.46706248567972,11.963754432371758,0,0.25,3.770560463264109,3.86676562141993,2.9909386080929394,0.016540952026844025,0.0001538693904876709,0.00020626932382583618,False,0,False,,terminated_non_improving_hard_step,False
branch_35a6df7bc45e3efb7e19,new_center,4,66,g004_p000066_g003_p000005_g002_p000001_g001_p000057_empty,g003_p000005_g002_p000001_g001_p000057_empty,g004_dce4d0c094ec9972_0015,1,6.608420517295599e-05,12.0,41.0,20.0,ellipsoid,9,106.91023930711431,10.907115316141816,6.22602449022573,6.6752390532840975,0,0.25,2.726778829035454,1.5565061225564325,1.6688097633210244,0.016485223546624184,9.81409102678299e-05,0.00015054084360599518,False,0,False,,terminated_non_improving_hard_step,False
branch_904e395d4dbefb9b212a,new_center,4,72,g004_p000072_g003_p000008_g002_p000001_g001_p000057_empty,g003_p000008_g002_p000001_g001_p000057_empty,g004_7fc40088ee7b658f_0016,0,8.122159488266334e-05,12.0,42.0,19.0,dike_hemisphere,9,145.61737987699232,13.526915551656256,10.928186240896935,9.475828193744633,0,0.25,3.381728887914064,2.7320465602242336,2.368957048436158,0.016521790996193886,0.00013404525816440582,0.00018710829317569733,False,0,False,,terminated_non_improving_hard_step,False
branch_a698fa58d366ac6725e8,new_center,4,78,g004_p000078_g003_p000008_g002_p000001_g001_p000057_empty,g003_p000008_g002_p000001_g001_p000057_empty,g004_7fc40088ee7b658f_0016,1,6.997386662987992e-05,11.0,10.0,17.0,ellipsoid,9,109.46138155877149,7.190380698304741,8.701738776177088,12.899304302969687,0,0.25,1.7975951745761853,2.175434694044272,3.224826075742422,0.016418905928730965,3.116019070148468e-05,8.422322571277618e-05,False,0,False,,terminated_non_improving_hard_step,False
branch_0f96a2a9799eb9817ad8,new_center,4,84,g004_p000084_g003_p000084_g002_p000043_g001_p000093_empty,g003_p000084_g002_p000043_g001_p000093_empty,g004_db3493eb0383eff5_0017,0,8.122159488266334e-05,12.0,42.0,19.0,dike_hemisphere,9,142.36368528898777,10.110131339317736,13.578500918096402,7.6035273419469265,0,0.25,2.527532834829434,3.3946252295241006,1.9008818354867316,0.016617197543382645,0.00022537633776664734,0.0002825148403644562,False,0,False,,terminated_non_improving_hard_step,False
branch_c910f0014e471c19553b,new_center,4,90,g004_p000090_g003_p000084_g002_p000043_g001_p000093_empty,g003_p000084_g002_p000043_g001_p000093_empty,g004_db3493eb0383eff5_0017,1,6.900660810060799e-05,12.0,43.0,20.0,ellipsoid,9,66.16689360371427,10.576381954915242,6.260614195574995,13.411084244037824,0,0.25,2.6440954887288104,1.5651535488937487,3.352771061009456,0.01646995358169079,7.813237607479095e-05,0.0001352708786725998,False,0,False,,terminated_non_improving_hard_step,False
branch_89d93728397b7046ad43,new_center,5,0,g005_p000000_g004_p000001_g003_p000010_g002_p000001_g001_p000057_empty,g004_p000001_g003_p000010_g002_p000001_g001_p000057_empty,g005_a263bed8019ce0e2_0018,0,8.122159488266334e-05,12.0,42.0,19.0,ellipsoid,9,97.01411869241774,6.977596410090217,12.319961274784855,11.151000520669282,0,0.25,1.7443991025225543,3.079990318696214,2.7877501301673204,0.0163892712444067,5.458854138851166e-05,5.458854138851166e-05,False,0,False,,terminated_non_improving_hard_step,False
branch_be8bee3163cdf05d533c,new_center,5,1,g005_p000001_g004_p000001_g003_p000010_g002_p000001_g001_p000057_empty,g004_p000001_g003_p000010_g002_p000001_g001_p000057_empty,g005_a263bed8019ce0e2_0018,1,6.900660810060799e-05,12.0,43.0,20.0,ellipsoid,9,97.0749501025885,9.992424152808887,14.401390400694464,9.930328268339586,0,0.25,2.4981060382022218,3.600347600173616,2.4825820670848966,0.016503747552633286,0.00016906484961509705,0.00016906484961509705,False,0,False,,terminated_non_improving_hard_step,False
branch_a63c7cc98c8f1d578582,new_center,5,2,g005_p000002_g004_p000001_g003_p000010_g002_p000001_g001_p000057_empty,g004_p000001_g003_p000010_g002_p000001_g001_p000057_empty,g005_a263bed8019ce0e2_0018,2,6.900660082465038e-05,12.0,41.0,20.0,ellipsoid,9,131.57465080345662,13.025252201248673,7.583012902954374,8.974155268974013,0,0.25,3.2563130503121682,1.8957532257385934,2.243538817243503,0.01654360443353653,0.00020892173051834106,0.00020892173051834106,False,0,False,,terminated_non_improving_hard_step,False
branch_1ba27130332245552cf3,new_center,5,3,g005_p000003_g004_p000001_g003_p000010_g002_p000001_g001_p000057_empty,g004_p000001_g003_p000010_g002_p000001_g001_p000057_empty,g005_a263bed8019ce0e2_0018,3,6.275781925069168e-05,11.0,10.0,17.0,ellipsoid,9,18.16722900447737,11.002019770348861,9.34741164391183,7.680244458867026,0,0.25,2.7505049425872152,2.3368529109779574,1.9200611147167566,0.01642187498509884,8.719228208065033e-05,8.719228208065033e-05,False,0,False,,terminated_non_improving_hard_step,False
branch_1cd3d6d64c69803b524c,new_center,5,4,g005_p000004_g004_p000001_g003_p000010_g002_p000001_g001_p000057_empty,g004_p000001_g003_p000010_g002_p000001_g001_p000057_empty,g005_a263bed8019ce0e2_0018,4,6.275781197473407e-05,9.0,10.0,17.0,dike_hemisphere,9,153.02266390378938,13.429261563674444,8.52666120332563,9.972447040261503,0,0.25,3.357315390918611,2.1316653008314077,2.493111760065376,0.016483835875988007,0.00014915317296981812,0.00014915317296981812,False,0,False,,terminated_non_improving_hard_step,False
branch_2afe6df1f164a2450657,new_center,5,5,g005_p000005_g004_p000001_g003_p000010_g002_p000001_g001_p000057_empty,g004_p000001_g003_p000010_g002_p000001_g001_p000057_empty,g005_a263bed8019ce0e2_0018,5,6.144454528111964e-05,11.0,43.0,20.0,ellipsoid,9,158.09732215446928,7.452165006476508,8.867398999346172,8.655038200303245,0,0.25,1.863041251619127,2.216849749836543,2.1637595500758113,0.016413085162639618,7.840245962142944e-05,7.840245962142944e-05,False,0,False,,terminated_non_improving_hard_step,False
branch_6121e2b5398e0144ad6e,new_center,5,6,g005_p000006_g004_p000001_g003_p000010_g002_p000001_g001_p000057_empty,g004_p000001_g003_p000010_g002_p000001_g001_p000057_empty,g005_a263bed8019ce0e2_0018,6,6.144453072920442e-05,13.0,41.0,20.0,dike_hemisphere,9,75.82737954121598,11.211291591333023,6.560322503043639,6.882018535803263,0,0.25,2.8028228978332557,1.6400806257609097,1.7205046339508157,0.01643313653767109,9.84538346529007e-05,9.84538346529007e-05,False,0,False,,terminated_non_improving_hard_step,False
branch_2fef777bb4a5d9ffc0c8,new_center,5,7,g005_p000007_g004_p000001_g003_p000010_g002_p000001_g001_p000057_empty,g004_p000001_g003_p000010_g002_p000001_g001_p000057_empty,g005_a263bed8019ce0e2_0018,7,5.940553455729969e-05,9.0,11.0,17.0,dike_hemisphere,9,160.30669085614454,13.375450439481241,13.121001696250815,7.961227850881624,0,0.25,3.3438626098703104,3.2802504240627037,1.990306962720406,0.016539189964532852,0.0002045072615146637,0.0002045072615146637,False,0,False,,terminated_non_improving_hard_step,False
branch_5c0408ef684cb845e70e,new_center,5,8,g005_p000008_g004_p000001_g003_p000010_g002_p000001_g001_p000057_empty,g004_p000001_g003_p000010_g002_p000001_g001_p000057_empty,g005_a263bed8019ce0e2_0018,8,5.940550909144804e-05,11.0,9.0,17.0,dike_hemisphere,9,149.01593101897348,11.939708596662358,11.132310695566002,7.151389432512843,0,0.25,2.9849271491655895,2.7830776738915004,1.7878473581282108,0.01644360087811947,0.00010891817510128021,0.00010891817510128021,False,0,False,,terminated_non_improving_hard_step,False
branch_270850d6006699225884,new_center,5,9,g005_p000009_g004_p000001_g003_p000010_g002_p000001_g001_p000057_empty,g004_p000001_g003_p000010_g002_p000001_g001_p000057_empty,g005_a263bed8019ce0e2_0018,9,5.9084559325128794e-05,10.0,9.0,17.0,ellipsoid,9,114.91190636295981,8.326170262531548,7.142042270501581,8.448031802319,0,0.25,2.081542565632887,1.7855105676253953,2.11200795057975,0.01636594533920288,3.126263618469238e-05,3.126263618469238e-05,False,0,False,,terminated_non_improving_hard_step,False
branch_a1a4f2155eb02e6d38a4,new_center,5,10,g005_p000010_g004_p000001_g003_p000010_g002_p000001_g001_p000057_empty,g004_p000001_g003_p000010_g002_p000001_g001_p000057_empty,g005_a263bed8019ce0e2_0018,10,5.908455204917118e-05,10.0,11.0,17.0,ellipsoid,9,161.64198053806166,7.929866825779359,9.055657416146927,9.18870903364228,0,0.25,1.9824667064448398,2.2639143540367317,2.29717725841057,0.01640951633453369,7.483363151550293e-05,7.483363151550293e-05,False,0,False,,terminated_non_improving_hard_step,False
branch_d05571331e6efe3978aa,new_center,5,11,g005_p000011_g004_p000001_g003_p000010_g002_p000001_g001_p000057_empty,g004_p000001_g003_p000010_g002_p000001_g001_p000057_empty,g005_a263bed8019ce0e2_0018,11,5.2042749302927405e-05,11.0,42.0,20.0,dike_hemisphere,9,107.86678066655655,11.606644450017495,7.389756608592107,13.465989555096794,0,0.25,2.9016611125043736,1.8474391521480267,3.3664973887741985,0.016387082636356354,5.239993333816528e-05,5.239993333816528e-05,False,0,False,,terminated_non_improving_hard_step,False
branch_62a4803434d010249fc5,new_center,5,12,g005_p000012_g004_p000007_g003_p000010_g002_p000001_g001_p000057_empty,g004_p000007_g003_p000010_g002_p000001_g001_p000057_empty,g005_a263bed8019ce0e2_0018,12,5.204273838899098e-05,13.0,42.0,20.0,dike_hemisphere,9,18.27103618723934,8.251002878728968,6.615267994044451,7.228760317159059,0,0.25,2.062750719682242,1.6538169985111129,1.8071900792897648,0.016367565840482712,3.2883137464523315e-05,3.2883137464523315e-05,False,0,False,,terminated_non_improving_hard_step,False
branch_1853220d751ee1f8efef,new_center,5,13,g005_p000013_g004_p000007_g003_p000010_g002_p000001_g001_p000057_empty,g004_p000007_g003_p000010_g002_p000001_g001_p000057_empty,g005_a263bed8019ce0e2_0018,13,5.1120747230015695e-05,12.0,43.0,19.0,dike_hemisphere,9,15.841527116478867,14.302238512813883,8.103890847407422,6.289983523076292,0,0.25,3.5755596282034707,2.0259727118518556,1.572495880769073,0.016431987285614014,9.73045825958252e-05,9.73045825958252e-05,False,0,False,,terminated_non_improving_hard_step,False
branch_263af6646a82a8aff061,new_center,5,14,g005_p000014_g004_p000007_g003_p000010_g002_p000001_g001_p000057_empty,g004_p000007_g003_p000010_g002_p000001_g001_p000057_empty,g005_a263bed8019ce0e2_0018,14,5.112074359203689e-05,12.0,41.0,19.0,ellipsoid,9,31.676435029114053,15.298440709644318,11.652627745904743,13.7233608279878,0,0.25,3.8246101774110794,2.913156936476186,3.43084020699695,0.016526207327842712,0.00019152462482452393,0.00019152462482452393,False,0,False,,terminated_non_improving_hard_step,False
branch_b616293598d188fdef74,new_center,5,15,g005_p000015_g004_p000007_g003_p000010_g002_p000001_g001_p000057_empty,g004_p000007_g003_p000010_g002_p000001_g001_p000057_empty,g005_a263bed8019ce0e2_0018,15,5.102583600091748e-05,10.0,11.0,16.0,dike_hemisphere,9,158.73031571806854,6.0902293217737995,8.577721071983904,9.426602991937383,0,0.25,1.5225573304434499,2.144430267995976,2.3566507479843457,0.01637604460120201,4.136189818382263e-05,4.136189818382263e-05,False,0,False,,terminated_non_improving_hard_step,False
branch_7d229a98e3f139c282e5,new_center,5,16,g005_p000016_g004_p000007_g003_p000010_g002_p000001_g001_p000057_empty,g004_p000007_g003_p000010_g002_p000001_g001_p000057_empty,g005_a263bed8019ce0e2_0018,16,5.102581053506583e-05,10.0,9.0,16.0,dike_hemisphere,9,129.66534684194747,7.306766985638835,15.346096758052884,12.906313590772115,0,0.25,1.8266917464097088,3.836524189513221,3.2265783976930287,0.016453713178634644,0.00011903047561645508,0.00011903047561645508,False,0,False,,terminated_non_improving_hard_step,False
branch_54fc369ab3e04ca29750,new_center,5,17,g005_p000017_g004_p000007_g003_p000010_g002_p000001_g001_p000057_empty,g004_p000007_g003_p000010_g002_p000001_g001_p000057_empty,g005_a263bed8019ce0e2_0018,17,4.963566971127875e-05,25.0,9.0,36.0,dike_hemisphere,9,154.23469357097596,15.932468722493297,8.927389235188638,11.474610268241086,0,0.25,3.9831171806233243,2.2318473087971595,2.8686525670602716,0.016467586159706116,0.00013290345668792725,0.00013290345668792725,False,0,False,,terminated_non_improving_hard_step,False
branch_362260174071c2e95d1e,new_center,5,18,g005_p000018_g004_p000007_g003_p000010_g002_p000001_g001_p000057_empty,g004_p000007_g003_p000010_g002_p000001_g001_p000057_empty,g005_a263bed8019ce0e2_0018,18,4.9635651521384716e-05,27.0,11.0,36.0,ellipsoid,9,108.59418633285122,10.214840488584148,13.226113911432016,13.876263857416866,0,0.25,2.553710122146037,3.306528477858004,3.4690659643542165,0.016454903408885002,0.00012022070586681366,0.00012022070586681366,False,0,False,,terminated_non_improving_hard_step,False
branch_42b6a5dc673293956e77,new_center,5,19,g005_p000019_g004_p000007_g003_p000010_g002_p000001_g001_p000057_empty,g004_p000007_g003_p000010_g002_p000001_g001_p000057_empty,g005_a263bed8019ce0e2_0018,19,4.89582926093135e-05,11.0,10.0,16.0,dike_hemisphere,9,163.12278446299777,8.019489048761525,13.92137367773546,10.671619799064501,0,0.25,2.004872262190381,3.480343419433865,2.6679049497661254,0.01647954247891903,0.00014485977590084076,0.00014485977590084076,False,0,False,,terminated_non_improving_hard_step,False
branch_a7fe301763a90b6f2efe,new_center,5,20,g005_p000020_g004_p000007_g003_p000010_g002_p000001_g001_p000057_empty,g004_p000007_g003_p000010_g002_p000001_g001_p000057_empty,g005_a263bed8019ce0e2_0018,20,4.8958278057398275e-05,9.0,10.0,16.0,ellipsoid,9,69.89805712614154,9.518170488878365,10.544764247651507,11.506937394232855,0,0.25,2.3795426222195912,2.6361910619128768,2.8767343485582137,0.016440946608781815,0.0001062639057636261,0.0001062639057636261,False,0,False,,terminated_non_improving_hard_step,False
branch_fc9af9ad519627dd4191,new_center,5,21,g005_p000021_g004_p000007_g003_p000010_g002_p000001_g001_p000057_empty,g004_p000007_g003_p000010_g002_p000001_g001_p000057_empty,g005_a263bed8019ce0e2_0018,21,4.890865966444835e-05,12.0,44.0,20.0,dike_hemisphere,9,57.350192681317395,6.79800983311743,12.538977637298528,6.289076747306479,0,0.25,1.6995024582793574,3.134744409324632,1.5722691868266196,0.01643313653767109,9.84538346529007e-05,9.84538346529007e-05,False,0,False,,terminated_non_improving_hard_step,False
branch_4e2ff8117e02d881ebd5,new_center,5,22,g005_p000022_g004_p000007_g003_p000010_g002_p000001_g001_p000057_empty,g004_p000007_g003_p000010_g002_p000001_g001_p000057_empty,g005_a263bed8019ce0e2_0018,22,4.8908656026469544e-05,12.0,40.0,20.0,ellipsoid,9,42.20331336677731,12.366783424615257,8.59312507609413,9.468082832958789,0,0.25,3.091695856153814,2.1482812690235327,2.3670207082396972,0.016533760353922844,0.00019907765090465546,0.00019907765090465546,False,0,False,,terminated_non_improving_hard_step,False
branch_898c5f6b78c519345961,new_center,5,23,g005_p000023_g004_p000007_g003_p000010_g002_p000001_g001_p000057_empty,g004_p000007_g003_p000010_g002_p000001_g001_p000057_empty,g005_a263bed8019ce0e2_0018,23,4.62875614175573e-05,11.0,41.0,20.0,dike_hemisphere,9,54.46898782769884,15.320995355714993,12.397721419510985,6.867350287156344,0,0.25,3.8302488389287483,3.099430354877746,1.716837571789086,0.016558581963181496,0.0002238992601633072,0.0002238992601633072,False,0,False,,terminated_non_improving_hard_step,False
branch_e38e54bca91568bdec0b,new_center,5,24,g005_p000024_g004_p000013_g003_p000002_g002_p000001_g001_p000057_empty,g004_p000013_g003_p000002_g002_p000001_g001_p000057_empty,g005_a263bed8019ce0e2_0018,24,4.628755777957849e-05,13.0,43.0,20.0,dike_hemisphere,9,5.237418802004892,15.920355539877551,13.213394904905996,10.358517183983459,0,0.25,3.980088884969388,3.303348726226499,2.5896292959958647,0.016501890495419502,0.00016720779240131378,0.00016720779240131378,False,0,False,,terminated_non_improving_hard_step,False
branch_b676dcf02e33024b8ef4,new_center,5,25,g005_p000025_g004_p000013_g003_p000002_g002_p000001_g001_p000057_empty,g004_p000013_g003_p000002_g002_p000001_g001_p000057_empty,g005_a263bed8019ce0e2_0018,25,4.379302481538616e-05,12.0,42.0,20.0,dike_hemisphere,9,132.48428015631708,14.275835149929277,15.503714327704675,9.472477884176403,0,0.25,3.568958787482319,3.8759285819261686,2.3681194710441007,0.01650545373558998,0.0001707710325717926,0.0001707710325717926,False,0,False,,terminated_non_improving_hard_step,False
branch_b9938302ef849814e3a0,new_center,5,26,g005_p000026_g004_p000013_g003_p000002_g002_p000001_g001_p000057_empty,g004_p000013_g003_p000002_g002_p000001_g001_p000057_empty,g005_a263bed8019ce0e2_0018,26,4.329717921791598e-05,41.0,10.0,24.0,ellipsoid,9,134.85622248837052,9.520209610155668,10.771443856592095,12.245315245773323,0,0.25,2.380052402538917,2.6928609641480237,3.061328811443331,0.016467971727252007,0.00013328902423381805,0.00013328902423381805,False,0,False,,terminated_non_improving_hard_step,False
branch_a1474c613b153d210280,new_center,5,27,g005_p000027_g004_p000013_g003_p000002_g002_p000001_g001_p000057_empty,g004_p000013_g003_p000002_g002_p000001_g001_p000057_empty,g005_a263bed8019ce0e2_0018,27,4.329716830397956e-05,42.0,9.0,24.0,ellipsoid,9,1.4342860563157367,7.427194823436571,14.415679910296697,11.287139882822295,0,0.25,1.8567987058591426,3.6039199775741744,2.8217849707055738,0.01639799028635025,6.330758333206177e-05,6.330758333206177e-05,False,0,False,,terminated_non_improving_hard_step,False
branch_d3cff221a6bd86b84723,new_center,5,28,g005_p000028_g004_p000013_g003_p000002_g002_p000001_g001_p000057_empty,g004_p000013_g003_p000002_g002_p000001_g001_p000057_empty,g005_a263bed8019ce0e2_0018,28,4.3297164666000754e-05,42.0,11.0,24.0,dike_hemisphere,9,112.26862593056134,6.325258661233086,8.85124545679747,7.997949440332299,0,0.25,1.5813146653082715,2.2128113641993674,1.9994873600830747,0.01636868715286255,3.400444984436035e-05,3.400444984436035e-05,False,0,False,,terminated_non_improving_hard_step,False
branch_aae5a18d9e799e33c522,new_center,5,29,g005_p000029_g004_p000013_g003_p000002_g002_p000001_g001_p000057_empty,g004_p000013_g003_p000002_g002_p000001_g001_p000057_empty,g005_a263bed8019ce0e2_0018,29,4.329715375206433e-05,43.0,10.0,24.0,ellipsoid,9,24.29494974526,15.300616654338704,15.33630008325367,7.0333270560313546,0,0.25,3.825154163584676,3.8340750208134176,1.7583317640078386,0.016604764387011528,0.00027008168399333954,0.00027008168399333954,False,0,False,,terminated_non_improving_hard_step,False
branch_de0a4f0f829d5dd0c748,new_center,5,30,g005_p000030_g004_p000013_g003_p000002_g002_p000001_g001_p000057_empty,g004_p000013_g003_p000002_g002_p000001_g001_p000057_empty,g005_a263bed8019ce0e2_0018,30,4.188812818028964e-05,26.0,9.0,36.0,ellipsoid,9,95.08282898568903,10.190164768313693,14.106734586694158,10.049398429683599,0,0.25,2.5475411920784232,3.5266836466735394,2.5123496074208997,0.016527462750673294,0.0001927800476551056,0.0001927800476551056,False,0,False,,terminated_non_improving_hard_step,False
branch_6cde923d279a91b919bc,new_center,5,31,g005_p000031_g004_p000013_g003_p000002_g002_p000001_g001_p000057_empty,g004_p000013_g003_p000002_g002_p000001_g001_p000057_empty,g005_a263bed8019ce0e2_0018,31,4.188812090433203e-05,26.0,11.0,36.0,ellipsoid,9,76.02694752099954,7.313418328708533,10.130837289945518,6.130577411312021,0,0.25,1.8283545821771332,2.5327093224863795,1.5326443528280052,0.01643211953341961,9.74368304014206e-05,9.74368304014206e-05,False,0,False,,terminated_non_improving_hard_step,False
branch_526cc940e0c7f4f220fe,new_center,5,32,g005_p000032_g004_p000013_g003_p000002_g002_p000001_g001_p000057_empty,g004_p000013_g003_p000002_g002_p000001_g001_p000057_empty,g005_a263bed8019ce0e2_0018,32,4.1871462599374354e-05,25.0,10.0,36.0,dike_hemisphere,9,27.491211926796733,10.40383927291998,13.601403821450347,11.67232207931673,0,0.25,2.600959818229995,3.400350955362587,2.9180805198291826,0.016444500535726547,0.00010981783270835876,0.00010981783270835876,False,0,False,,terminated_non_improving_hard_step,False
branch_d72598e52770fb520133,new_center,5,33,g005_p000033_g004_p000013_g003_p000002_g002_p000001_g001_p000057_empty,g004_p000013_g003_p000002_g002_p000001_g001_p000057_empty,g005_a263bed8019ce0e2_0018,33,4.1871437133522704e-05,27.0,10.0,36.0,ellipsoid,9,140.02067318291213,11.129828620627713,7.842740014974856,11.120044004921402,0,0.25,2.782457155156928,1.960685003743714,2.7800110012303505,0.016442401334643364,0.00010771863162517548,0.00010771863162517548,False,0,False,,terminated_non_improving_hard_step,False
branch_754d9e0bb444bf29b0d3,new_center,5,34,g005_p000034_g004_p000013_g003_p000002_g002_p000001_g001_p000057_empty,g004_p000013_g003_p000002_g002_p000001_g001_p000057_empty,g005_a263bed8019ce0e2_0018,34,4.111378439120017e-05,9.0,9.0,17.0,dike_hemisphere,9,23.023965800935255,11.053434935758903,6.166663284486824,11.685382746809157,0,0.25,2.7633587339397256,1.541665821121706,2.9213456867022893,0.016364283859729767,2.960115671157837e-05,2.960115671157837e-05,False,0,False,,terminated_non_improving_hard_step,False
branch_d2ee0aeb6f65f07cecc3,new_center,5,35,g005_p000035_g004_p000013_g003_p000002_g002_p000001_g001_p000057_empty,g004_p000013_g003_p000002_g002_p000001_g001_p000057_empty,g005_a263bed8019ce0e2_0018,35,4.111373709747568e-05,11.0,11.0,17.0,ellipsoid,9,59.33463368842204,14.782096758907633,12.551011103198887,12.572929169038058,0,0.25,3.695524189726908,3.1377527757997217,3.1432322922595146,0.016477739438414574,0.0001430567353963852,0.0001430567353963852,False,0,False,,terminated_non_improving_hard_step,False
branch_fb3d5838f8f949aa35a9,new_center,5,36,g005_p000036_g004_p000019_g003_p000002_g002_p000001_g001_p000057_empty,g004_p000019_g003_p000002_g002_p000001_g001_p000057_empty,g005_a263bed8019ce0e2_0018,36,4.091047594556585e-05,10.0,8.0,17.0,dike_hemisphere,9,178.5517362816187,9.656311598511987,15.623164904293732,13.717026837713522,0,0.25,2.414077899627997,3.905791226073433,3.4292567094283806,0.016447165980935097,0.00011248327791690826,0.00011248327791690826,False,0,False,,terminated_non_improving_hard_step,False
branch_c35884eeef1a02288c03,new_center,5,37,g005_p000037_g004_p000019_g003_p000002_g002_p000001_g001_p000057_empty,g004_p000019_g003_p000002_g002_p000001_g001_p000057_empty,g005_a263bed8019ce0e2_0018,37,4.091047230758704e-05,10.0,12.0,17.0,ellipsoid,9,96.90644590603029,9.326551955612409,8.328632412640053,9.816704112246244,0,0.25,2.3316379889031023,2.082158103160013,2.454176028061561,0.016461985185742378,0.00012730248272418976,0.00012730248272418976,False,0,False,,terminated_non_improving_hard_step,False
branch_759d94edc1d577e7f474,new_center,5,38,g005_p000038_g004_p000019_g003_p000002_g002_p000001_g001_p000057_empty,g004_p000019_g003_p000002_g002_p000001_g001_p000057_empty,g005_a263bed8019ce0e2_0018,38,4.043041553813964e-05,41.0,9.0,24.0,dike_hemisphere,9,150.40937250676836,15.807138670465763,13.879293810758034,6.444897195960748,0,0.25,3.9517846676164408,3.4698234526895084,1.611224298990187,0.01660136692225933,0.0002666842192411423,0.0002666842192411423,False,0,False,,terminated_non_improving_hard_step,False
branch_01a7baebe149e6581f1a,new_center,5,39,g005_p000039_g004_p000019_g003_p000002_g002_p000001_g001_p000057_empty,g004_p000019_g003_p000002_g002_p000001_g001_p000057_empty,g005_a263bed8019ce0e2_0018,39,4.0430411900160834e-05,41.0,11.0,24.0,dike_hemisphere,9,67.49343140389148,9.3499178304337,9.988826935693497,13.68656638940039,0,0.25,2.337479457608425,2.4972067339233743,3.4216415973500975,0.0164515171200037,0.00011683441698551178,0.00011683441698551178,False,0,False,,terminated_non_improving_hard_step,False
branch_c477447d2255785c3ea4,new_center,5,40,g005_p000040_g004_p000019_g003_p000002_g002_p000001_g001_p000057_empty,g004_p000019_g003_p000002_g002_p000001_g001_p000057_empty,g005_a263bed8019ce0e2_0018,40,4.04303937102668e-05,43.0,9.0,24.0,ellipsoid,9,163.4977030794712,6.671157803685335,9.512346233343933,12.65387465058777,0,0.25,1.6677894509213338,2.3780865583359834,3.1634686626469426,0.01643417403101921,9.949132800102234e-05,9.949132800102234e-05,False,0,False,,terminated_non_improving_hard_step,False
branch_ef9eecc5ed9e0399b3c4,new_center,5,41,g005_p000041_g004_p000019_g003_p000002_g002_p000001_g001_p000057_empty,g004_p000019_g003_p000002_g002_p000001_g001_p000057_empty,g005_a263bed8019ce0e2_0018,41,4.04303937102668e-05,43.0,11.0,24.0,ellipsoid,9,41.489425400490134,6.018411521417592,15.246020427577806,10.225993394496122,0,0.25,1.504602880354398,3.8115051068944514,2.5564983486240305,0.01650170050561428,0.00016701780259609222,0.00016701780259609222,False,0,False,,terminated_non_improving_hard_step,False
branch_d0f312f719f7176573b3,new_center,5,42,g005_p000042_g004_p000019_g003_p000002_g002_p000001_g001_p000057_empty,g004_p000019_g003_p000002_g002_p000001_g001_p000057_empty,g005_a263bed8019ce0e2_0018,42,3.970230318373069e-05,11.0,42.0,19.0,dike_hemisphere,9,20.15738612067411,9.11132697272436,13.954070973639098,6.861272970909619,0,0.25,2.27783174318109,3.4885177434097745,1.7153182427274047,0.016496537253260612,0.000161854550242424,0.000161854550242424,False,0,False,,terminated_non_improving_hard_step,False
branch_f43736529b5aea13409b,new_center,5,43,g005_p000043_g004_p000019_g003_p000002_g002_p000001_g001_p000057_empty,g004_p000019_g003_p000002_g002_p000001_g001_p000057_empty,g005_a263bed8019ce0e2_0018,43,3.970230318373069e-05,13.0,42.0,19.0,dike_hemisphere,9,153.39316494227265,6.109022428782778,9.10102648533192,13.13974490486485,0,0.25,1.5272556071956944,2.27525662133298,3.2849362262162125,0.016417760401964188,8.307769894599915e-05,8.307769894599915e-05,False,0,False,,terminated_non_improving_hard_step,False
branch_a6a620a6436c2faacc87,new_center,5,44,g005_p000044_g004_p000019_g003_p000002_g002_p000001_g001_p000057_empty,g004_p000019_g003_p000002_g002_p000001_g001_p000057_empty,g005_a263bed8019ce0e2_0018,44,3.959364039474167e-05,9.0,9.0,16.0,dike_hemisphere,9,80.59483345648611,8.42435067624877,13.071759891547837,8.469655334772828,0,0.25,2.1060876690621924,3.267939972886959,2.117413833693207,0.016447264701128006,0.0001125819981098175,0.0001125819981098175,False,0,False,,terminated_non_improving_hard_step,False
branch_97df7f70451cb9dd532e,new_center,5,45,g005_p000045_g004_p000019_g003_p000002_g002_p000001_g001_p000057_empty,g004_p000019_g003_p000002_g002_p000001_g001_p000057_empty,g005_a263bed8019ce0e2_0018,45,3.959364039474167e-05,11.0,11.0,16.0,dike_hemisphere,9,166.53353571996422,9.143062914205961,15.504923503251318,7.23475624556794,0,0.25,2.2857657285514903,3.8762308758128294,1.808689061391985,0.016496757045388222,0.00016207434237003326,0.00016207434237003326,False,0,False,,terminated_non_improving_hard_step,False
branch_f5d7cb8948849d9da573,new_center,5,46,g005_p000046_g004_p000019_g003_p000002_g002_p000001_g001_p000057_empty,g004_p000019_g003_p000002_g002_p000001_g001_p000057_empty,g005_a263bed8019ce0e2_0018,46,3.9302336517721415e-05,11.0,44.0,20.0,dike_hemisphere,9,103.1344855000645,6.845354725580827,10.417910653983729,10.633155384751515,0,0.25,1.7113386813952067,2.604477663495932,2.6582888461878786,0.016383495181798935,4.881247878074646e-05,4.881247878074646e-05,False,0,False,,terminated_non_improving_hard_step,False
branch_71d6da88644062e021af,new_center,5,47,g005_p000047_g004_p000019_g003_p000002_g002_p000001_g001_p000057_empty,g004_p000019_g003_p000002_g002_p000001_g001_p000057_empty,g005_a263bed8019ce0e2_0018,47,3.9302336517721415e-05,13.0,40.0,20.0,ellipsoid,9,52.014416010241305,9.26936433149778,10.078714995846546,7.961330287681341,0,0.25,2.317341082874445,2.5196787489616366,1.9903325719203353,0.0164885725826025,0.00015388987958431244,0.00015388987958431244,False,0,False,,terminated_non_improving_hard_step,False
branch_37b11885e45680270175,new_center,5,48,g005_p000048_g004_p000025_g003_p000052_g002_p000025_g001_p000072_empty,g004_p000025_g003_p000052_g002_p000025_g001_p000072_empty,g005_a263bed8019ce0e2_0018,48,3.917921640095301e-05,13.0,42.0,18.0,ellipsoid,9,151.535316370488,11.700341801153817,14.162722646481303,6.187691369377348,0,0.25,2.9250854502884542,3.5406806616203257,1.546922842344337,0.01662488467991352,0.00029020197689533234,0.00029020197689533234,False,0,False,,terminated_non_improving_hard_step,False
branch_570476dc0ae785a969b2,new_center,5,49,g005_p000049_g004_p000025_g003_p000052_g002_p000025_g001_p000072_empty,g004_p000025_g003_p000052_g002_p000025_g001_p000072_empty,g005_a263bed8019ce0e2_0018,49,3.91792127629742e-05,11.0,42.0,18.0,ellipsoid,9,26.981283779077536,7.5990414233845796,10.428755140434395,8.099150671010285,0,0.25,1.8997603558461449,2.607188785108599,2.0247876677525714,0.0164173673838377,8.268468081951141e-05,8.268468081951141e-05,False,0,False,,terminated_non_improving_hard_step,False
branch_03b4052d396f91422d0e,new_center,5,50,g005_p000050_g004_p000025_g003_p000052_g002_p000025_g001_p000072_empty,g004_p000025_g003_p000052_g002_p000025_g001_p000072_empty,g005_a263bed8019ce0e2_0018,50,3.916999776265584e-05,13.0,43.0,19.0,ellipsoid,9,10.265875069646667,7.822522024009807,12.283245703642866,9.418296105793571,0,0.25,1.9556305060024517,3.0708114259107164,2.3545740264483928,0.016417760401964188,8.307769894599915e-05,8.307769894599915e-05,False,0,False,,terminated_non_improving_hard_step,False
branch_72948e57c2824d18c5ef,new_center,5,51,g005_p000051_g004_p000025_g003_p000052_g002_p000025_g001_p000072_empty,g004_p000025_g003_p000052_g002_p000025_g001_p000072_empty,g005_a263bed8019ce0e2_0018,51,3.9169990486698225e-05,11.0,41.0,19.0,dike_hemisphere,9,3.577375607690123,15.884112219249012,13.011200973696251,9.178170640336582,0,0.25,3.971028054812253,3.252800243424063,2.2945426600841454,0.016507739201188087,0.000173056498169899,0.000173056498169899,False,0,False,,terminated_non_improving_hard_step,False
branch_1b40dfbe5391ef300c7d,new_center,5,52,g005_p000052_g004_p000025_g003_p000052_g002_p000025_g001_p000072_empty,g004_p000025_g003_p000052_g002_p000025_g001_p000072_empty,g005_a263bed8019ce0e2_0018,52,3.871337685268372e-05,10.0,42.0,20.0,dike_hemisphere,9,85.65834243005106,11.678344254366879,12.062556392542543,8.987704622390034,0,0.25,2.9195860635917197,3.015639098135636,2.2469261555975084,0.01655198633670807,0.00021730363368988037,0.00021730363368988037,False,0,False,,terminated_non_improving_hard_step,False
branch_c36c16760c922f453864,new_center,5,53,g005_p000053_g004_p000025_g003_p000052_g002_p000025_g001_p000072_empty,g004_p000025_g003_p000052_g002_p000025_g001_p000072_empty,g005_a263bed8019ce0e2_0018,53,3.8713362300768495e-05,14.0,42.0,20.0,ellipsoid,9,160.54726654025936,14.842228765766432,10.840459059836657,10.751672003932587,0,0.25,3.710557191441608,2.7101147649591644,2.6879180009831467,0.016558393836021423,0.00022371113300323486,0.00022371113300323486,False,0,False,,terminated_non_improving_hard_step,False
branch_36e43d78ebf0dbdfbbe4,new_center,5,54,g005_p000054_g004_p000025_g003_p000052_g002_p000025_g001_p000072_empty,g004_p000025_g003_p000052_g002_p000025_g001_p000072_empty,g005_a263bed8019ce0e2_0018,54,3.868229759973474e-05,8.0,10.0,17.0,dike_hemisphere,9,172.48433547010274,9.75204285381415,9.388165547896048,11.601613376441673,0,0.25,2.4380107134535374,2.347041386974012,2.9004033441104182,0.016411932185292244,7.724948227405548e-05,7.724948227405548e-05,False,0,False,,terminated_non_improving_hard_step,False
branch_7ed97c89b4ca19fb686c,new_center,5,55,g005_p000055_g004_p000025_g003_p000052_g002_p000025_g001_p000072_empty,g004_p000025_g003_p000052_g002_p000025_g001_p000072_empty,g005_a263bed8019ce0e2_0018,55,3.868225394398905e-05,12.0,10.0,17.0,dike_hemisphere,9,132.89151937354234,6.137128299624248,14.644312645103504,6.1334421335107585,0,0.25,1.534282074906062,3.661078161275876,1.5333605333776896,0.01643090508878231,9.622238576412201e-05,9.622238576412201e-05,False,0,False,,terminated_non_improving_hard_step,False
branch_da00a283106854e3acc5,new_center,5,56,g005_p000056_g004_p000025_g003_p000052_g002_p000025_g001_p000072_empty,g004_p000025_g003_p000052_g002_p000025_g001_p000072_empty,g005_a263bed8019ce0e2_0018,56,3.7540554330917075e-05,12.0,39.0,20.0,ellipsoid,9,47.19090282802242,8.2702485201096,8.747978355327938,7.550804129426128,0,0.25,2.0675621300274,2.1869945888319844,1.887701032356532,0.016508474946022034,0.00017379224300384521,0.00017379224300384521,False,0,False,,terminated_non_improving_hard_step,False
branch_9d0f261f8afd0389d895,new_center,5,57,g005_p000057_g004_p000025_g003_p000052_g002_p000025_g001_p000072_empty,g004_p000025_g003_p000052_g002_p000025_g001_p000072_empty,g005_a263bed8019ce0e2_0018,57,3.754055069293827e-05,12.0,45.0,20.0,ellipsoid,9,134.07591945737292,10.783933451406359,13.776708463286807,11.861967615709165,0,0.25,2.6959833628515897,3.444177115821702,2.9654919039272913,0.016489947214722633,0.00015526451170444489,0.00015526451170444489,False,0,False,,terminated_non_improving_hard_step,False
branch_05048ca915ff376467cf,new_center,5,58,g005_p000058_g004_p000025_g003_p000052_g002_p000025_g001_p000072_empty,g004_p000025_g003_p000052_g002_p000025_g001_p000072_empty,g005_a263bed8019ce0e2_0018,58,3.6571771488524973e-05,10.0,41.0,20.0,dike_hemisphere,9,56.2738364767189,7.538214957015876,10.774438304321489,6.475354593803825,0,0.25,1.884553739253969,2.693609576080372,1.6188386484509563,0.016428181901574135,9.349919855594635e-05,9.349919855594635e-05,False,0,False,,terminated_non_improving_hard_step,False
branch_77184911ef5c8ddbbc2d,new_center,5,59,g005_p000059_g004_p000025_g003_p000052_g002_p000025_g001_p000072_empty,g004_p000025_g003_p000052_g002_p000025_g001_p000072_empty,g005_a263bed8019ce0e2_0018,59,3.657176421256736e-05,14.0,43.0,20.0,ellipsoid,9,52.89203397192762,15.012620118312984,13.975389751812285,10.729554490660231,0,0.25,3.753155029578246,3.4938474379530713,2.6823886226650577,0.016518013551831245,0.00018333084881305695,0.00018333084881305695,False,0,False,,terminated_non_improving_hard_step,False
branch_8ca5e333cae3ddd38c60,new_center,5,60,g005_p000060_g004_p000031_g003_p000052_g002_p000025_g001_p000072_empty,g004_p000031_g003_p000052_g002_p000025_g001_p000072_empty,g005_a263bed8019ce0e2_0018,60,3.6540033761411905e-05,13.0,43.0,18.0,ellipsoid,9,108.37124330787859,14.580549454013344,12.459771489432656,10.64457343793342,0,0.25,3.645137363503336,3.114942872358164,2.661143359483355,0.016552509739995003,0.00021782703697681427,0.00021782703697681427,False,0,False,,terminated_non_improving_hard_step,False
branch_e9d4fdc9dd2d295739eb,new_center,5,61,g005_p000061_g004_p000031_g003_p000052_g002_p000025_g001_p000072_empty,g004_p000031_g003_p000052_g002_p000025_g001_p000072_empty,g005_a263bed8019ce0e2_0018,61,3.65400301234331e-05,11.0,41.0,18.0,dike_hemisphere,9,1.9999459891345128,11.306367129123345,8.81731940152876,12.174557057854951,0,0.25,2.826591782280836,2.20432985038219,3.043639264463738,0.016456060111522675,0.00012137740850448608,0.00012137740850448608,False,0,False,,terminated_non_improving_hard_step,False
branch_a3fef4bf121511f17541,new_center,5,62,g005_p000062_g004_p000031_g003_p000052_g002_p000025_g001_p000072_empty,g004_p000031_g003_p000052_g002_p000025_g001_p000072_empty,g005_a263bed8019ce0e2_0018,62,3.621663563535549e-05,11.0,40.0,20.0,ellipsoid,9,54.33860548546401,15.912905333679268,13.728798082946598,7.408696604693617,0,0.25,3.978226333419817,3.4321995207366496,1.8521741511734042,0.016608700156211853,0.00027401745319366455,0.00027401745319366455,False,0,False,,terminated_non_improving_hard_step,False
branch_1883471dc275fcda71b4,new_center,5,63,g005_p000063_g004_p000031_g003_p000052_g002_p000025_g001_p000072_empty,g004_p000031_g003_p000052_g002_p000025_g001_p000072_empty,g005_a263bed8019ce0e2_0018,63,3.621662835939787e-05,13.0,44.0,20.0,ellipsoid,9,145.69071283813028,9.2351726363693,12.572645552945207,11.5369496045266,0,0.25,2.308793159092325,3.143161388236302,2.88423740113165,0.01649332046508789,0.00015863776206970215,0.00015863776206970215,False,0,False,,terminated_non_improving_hard_step,False
branch_0b6225e16dea3c535eed,new_center,5,64,g005_p000064_g004_p000031_g003_p000052_g002_p000025_g001_p000072_empty,g004_p000031_g003_p000052_g002_p000025_g001_p000072_empty,g005_a263bed8019ce0e2_0018,64,3.51569578924682e-05,10.0,43.0,20.0,ellipsoid,9,41.788637744175986,10.094969711846705,14.866959425165103,7.368923324095401,0,0.25,2.5237424279616762,3.7167398562912757,1.8422308310238502,0.016578398644924164,0.00024371594190597534,0.00024371594190597534,False,0,False,,terminated_non_improving_hard_step,False
branch_d2e3f7934955408e45df,new_center,5,65,g005_p000065_g004_p000031_g003_p000052_g002_p000025_g001_p000072_empty,g004_p000031_g003_p000052_g002_p000025_g001_p000072_empty,g005_a263bed8019ce0e2_0018,65,3.5156950616510585e-05,14.0,41.0,20.0,dike_hemisphere,9,89.67118621405461,8.424743739859352,7.340644251588479,9.118274977383855,0,0.25,2.106185934964838,1.8351610628971198,2.279568744345964,0.01641232520341873,7.764250040054321e-05,7.764250040054321e-05,False,0,False,,terminated_non_improving_hard_step,False
branch_a4cc003538b147321295,new_center,5,66,g005_p000066_g004_p000031_g003_p000052_g002_p000025_g001_p000072_empty,g004_p000031_g003_p000052_g002_p000025_g001_p000072_empty,g005_a263bed8019ce0e2_0018,66,3.493005351629108e-05,10.0,40.0,20.0,ellipsoid,9,142.39696087811214,9.88166934116991,15.056804705262369,13.974362939461672,0,0.25,2.4704173352924776,3.7642011763155923,3.493590734865418,0.016425032168626785,9.03494656085968e-05,9.03494656085968e-05,False,0,False,,terminated_non_improving_hard_step,False
branch_4f4bf1645dfbf4ef719b,new_center,5,67,g005_p000067_g004_p000031_g003_p000052_g002_p000025_g001_p000072_empty,g004_p000031_g003_p000052_g002_p000025_g001_p000072_empty,g005_a263bed8019ce0e2_0018,67,3.4930038964375854e-05,14.0,44.0,20.0,ellipsoid,9,142.5790910884322,12.242657977994746,6.6664035625836116,6.046821646149563,0,0.25,3.0606644944986865,1.6666008906459029,1.5117054115373907,0.01647869497537613,0.00014401227235794067,0.00014401227235794067,False,0,False,,terminated_non_improving_hard_step,False
branch_1c6c1a3f8987ba5965bc,new_center,5,68,g005_p000068_g004_p000031_g003_p000052_g002_p000025_g001_p000072_empty,g004_p000031_g003_p000052_g002_p000025_g001_p000072_empty,g005_a263bed8019ce0e2_0018,68,3.4676355426199734e-05,12.0,42.0,18.0,dike_hemisphere,9,26.125861257235318,6.422596165335171,7.383308551261136,7.42882380870262,0,0.25,1.6056490413337927,1.845827137815284,1.857205952175655,0.01636718213558197,3.249943256378174e-05,3.249943256378174e-05,False,0,False,,terminated_non_improving_hard_step,False
branch_41a725d94c709c9bbeb2,new_center,5,69,g005_p000069_g004_p000031_g003_p000052_g002_p000025_g001_p000072_empty,g004_p000031_g003_p000052_g002_p000025_g001_p000072_empty,g005_a263bed8019ce0e2_0018,69,3.465738336672075e-05,27.0,9.0,35.0,dike_hemisphere,9,140.32649028497258,6.111904974634709,12.073464713703594,13.023804415759859,0,0.25,1.5279762436586772,3.0183661784258984,3.2559511039399647,0.016482017934322357,0.0001473352313041687,0.0001473352313041687,False,0,False,,terminated_non_improving_hard_step,False
branch_a246ae25c1debd354261,new_center,5,70,g005_p000070_g004_p000031_g003_p000052_g002_p000025_g001_p000072_empty,g004_p000031_g003_p000052_g002_p000025_g001_p000072_empty,g005_a263bed8019ce0e2_0018,70,3.465737609076314e-05,25.0,11.0,35.0,dike_hemisphere,9,178.2287663682954,7.8961223237970435,9.113163281199068,11.29958799789095,0,0.25,1.9740305809492609,2.278290820299767,2.8248969994727373,0.01641741208732128,8.272938430309296e-05,8.272938430309296e-05,False,0,False,,terminated_non_improving_hard_step,False
branch_80557a10074d4f16ef6a,new_center,5,71,g005_p000071_g004_p000031_g003_p000052_g002_p000025_g001_p000072_empty,g004_p000031_g003_p000052_g002_p000025_g001_p000072_empty,g005_a263bed8019ce0e2_0018,71,3.465691770543344e-05,27.0,10.0,35.0,dike_hemisphere,9,150.75829080261994,12.164060198839188,9.070579269010056,10.687776403669076,0,0.25,3.041015049709797,2.267644817252514,2.671944100917269,0.016475416719913483,0.0001407340168952942,0.0001407340168952942,False,0,False,,terminated_non_improving_hard_step,False
branch_7265f4eb9432aee25647,new_center,5,72,g005_p000072_g004_p000037_g003_p000083_g002_p000037_g001_p000093_empty,g004_p000037_g003_p000083_g002_p000037_g001_p000093_empty,g005_a263bed8019ce0e2_0018,72,3.4656914067454636e-05,25.0,10.0,35.0,ellipsoid,9,166.0383038072165,8.674980018495148,13.773872141814877,13.027266112574193,0,0.25,2.168745004623787,3.4434680354537193,3.256816528143548,0.01648521237075329,0.0001505296677350998,0.0001505296677350998,False,0,False,,terminated_non_improving_hard_step,False
branch_bfadc1509f17c54df9de,new_center,5,73,g005_p000073_g004_p000037_g003_p000083_g002_p000037_g001_p000093_empty,g004_p000037_g003_p000083_g002_p000037_g001_p000093_empty,g005_a263bed8019ce0e2_0018,73,3.398280750843696e-05,9.0,12.0,17.0,ellipsoid,9,50.21506565845694,13.882607529148059,7.350314855198398,10.557148964815507,0,0.25,3.4706518822870147,1.8375787137995996,2.639287241203877,0.016566423699259758,0.00023174099624156952,0.00023174099624156952,False,0,False,,terminated_non_improving_hard_step,False
branch_b0ef1a54135971cfc1bd,new_center,5,74,g005_p000074_g004_p000037_g003_p000083_g002_p000037_g001_p000093_empty,g004_p000037_g003_p000083_g002_p000037_g001_p000093_empty,g005_a263bed8019ce0e2_0018,74,3.398280023247935e-05,11.0,8.0,17.0,dike_hemisphere,9,136.52186410385255,10.468098543750736,7.018003704534922,13.637260075040754,0,0.25,2.617024635937684,1.7545009261337305,3.4093150187601884,0.01641055755317211,7.587485015392303e-05,7.587485015392303e-05,False,0,False,,terminated_non_improving_hard_step,False
branch_c32556c88788238fc052,new_center,5,75,g005_p000075_g004_p000037_g003_p000083_g002_p000037_g001_p000093_empty,g004_p000037_g003_p000083_g002_p000037_g001_p000093_empty,g005_a263bed8019ce0e2_0018,75,3.391651625861414e-05,10.0,44.0,20.0,ellipsoid,9,5.579345408559813,12.792748352443404,6.065931172003925,12.601220833337926,0,0.25,3.198187088110851,1.5164827930009812,3.1503052083344816,0.016375327482819557,4.064477980136871e-05,4.064477980136871e-05,False,0,False,,terminated_non_improving_hard_step,False
branch_69d93bde792556f62c92,new_center,5,76,g005_p000076_g004_p000037_g003_p000083_g002_p000037_g001_p000093_empty,g004_p000037_g003_p000083_g002_p000037_g001_p000093_empty,g005_a263bed8019ce0e2_0018,76,3.391651262063533e-05,14.0,40.0,20.0,dike_hemisphere,9,32.217755453939596,7.033304087648932,15.261538789533251,11.666868306215711,0,0.25,1.758326021912233,3.8153846973833128,2.916717076553928,0.016426678746938705,9.199604392051697e-05,9.199604392051697e-05,False,0,False,,terminated_non_improving_hard_step,False
branch_0a3bc3df9716ba4f9136,new_center,5,77,g005_p000077_g004_p000037_g003_p000083_g002_p000037_g001_p000093_empty,g004_p000037_g003_p000083_g002_p000037_g001_p000093_empty,g005_a263bed8019ce0e2_0018,77,3.3683125366223976e-05,40.0,10.0,24.0,dike_hemisphere,9,91.30606153936796,12.910658555233681,11.758614647650667,11.255759879245659,0,0.25,3.2276646388084202,2.9396536619126667,2.8139399698114147,0.016572782769799232,0.000238100066781044,0.000238100066781044,False,0,False,,terminated_non_improving_hard_step,False
branch_53447e6acb6d244433e6,new_center,5,78,g005_p000078_g004_p000037_g003_p000083_g002_p000037_g001_p000093_empty,g004_p000037_g003_p000083_g002_p000037_g001_p000093_empty,g005_a263bed8019ce0e2_0018,78,3.368311809026636e-05,42.0,8.0,24.0,ellipsoid,9,43.65608995683359,8.865932152126433,7.692176315612674,12.505449498048279,0,0.25,2.2164830380316083,1.9230440789031684,3.1263623745120697,0.016498282551765442,0.00016359984874725342,0.00016359984874725342,False,0,False,,terminated_non_improving_hard_step,False
branch_fbbd03976de237e5d5ae,new_center,5,79,g005_p000079_g004_p000037_g003_p000083_g002_p000037_g001_p000093_empty,g004_p000037_g003_p000083_g002_p000037_g001_p000093_empty,g005_a263bed8019ce0e2_0018,79,3.3683114452287555e-05,42.0,12.0,24.0,ellipsoid,9,140.2057678858722,14.341315377205197,12.290879865867538,11.222049868978923,0,0.25,3.585328844301299,3.0727199664668845,2.8055124672447307,0.016611935570836067,0.0002772528678178787,0.0002772528678178787,False,0,False,,terminated_non_improving_hard_step,False
branch_a79251ba95d3f5f052cc,new_center,5,80,g005_p000080_g004_p000037_g003_p000083_g002_p000037_g001_p000093_empty,g004_p000037_g003_p000083_g002_p000037_g001_p000093_empty,g005_a263bed8019ce0e2_0018,80,3.3683099900372326e-05,44.0,10.0,24.0,ellipsoid,9,38.454228967340086,6.283836234751606,7.007913934390715,8.64525329866505,0,0.25,1.5709590586879014,1.7519784835976788,2.1613133246662626,0.016366368159651756,3.168545663356781e-05,3.168545663356781e-05,False,0,False,,terminated_non_improving_hard_step,False
branch_271b13f8a7dbd9d412bf,new_center,5,81,g005_p000081_g004_p000037_g003_p000083_g002_p000037_g001_p000093_empty,g004_p000037_g003_p000083_g002_p000037_g001_p000093_empty,g005_a263bed8019ce0e2_0018,81,3.309709427412599e-05,25.0,8.0,37.0,ellipsoid,9,49.21972601484372,10.881295372771655,15.443135527833054,9.74537521654806,0,0.25,2.7203238431929138,3.8607838819582634,2.436343804137015,0.01656825840473175,0.000233575701713562,0.000233575701713562,False,0,False,,terminated_non_improving_hard_step,False
branch_49f3aae250c595c8c45b,new_center,5,82,g005_p000082_g004_p000037_g003_p000083_g002_p000037_g001_p000093_empty,g004_p000037_g003_p000083_g002_p000037_g001_p000093_empty,g005_a263bed8019ce0e2_0018,82,3.3097079722210765e-05,27.0,12.0,37.0,dike_hemisphere,9,155.93857594362805,11.27492543169383,11.40410929682919,6.411846856334529,0,0.25,2.8187313579234576,2.8510273242072977,1.6029617140836323,0.01652805507183075,0.00019337236881256104,0.00019337236881256104,False,0,False,,terminated_non_improving_hard_step,False
branch_460bb24d12b6e0effe14,new_center,5,83,g005_p000083_g004_p000037_g003_p000083_g002_p000037_g001_p000093_empty,g004_p000037_g003_p000083_g002_p000037_g001_p000093_empty,g005_a263bed8019ce0e2_0018,83,3.2807758543640375e-05,9.0,8.0,17.0,dike_hemisphere,9,73.21217845574871,10.250347987662089,15.190398692665308,10.690771861097897,0,0.25,2.562586996915522,3.797599673166327,2.672692965274474,0.016486821696162224,0.00015213899314403534,0.00015213899314403534,False,0,False,,terminated_non_improving_hard_step,False
branch_4684d412125354e73b92,new_center,5,84,g005_p000084_g004_p000043_g003_p000083_g002_p000037_g001_p000093_empty,g004_p000043_g003_p000083_g002_p000037_g001_p000093_empty,g005_a263bed8019ce0e2_0018,84,3.2807733077788725e-05,11.0,12.0,17.0,ellipsoid,9,64.06412069618148,9.963620176964266,11.024350089486303,12.595849750380626,0,0.25,2.4909050442410665,2.7560875223715757,3.1489624375951566,0.016435086727142334,0.00010040402412414551,0.00010040402412414551,False,0,False,,terminated_non_improving_hard_step,False
branch_9ba5607af6961a2859b8,new_center,5,85,g005_p000085_g004_p000043_g003_p000083_g002_p000037_g001_p000093_empty,g004_p000043_g003_p000083_g002_p000037_g001_p000093_empty,g005_a263bed8019ce0e2_0018,85,3.279349402873777e-05,10.0,7.0,17.0,ellipsoid,9,97.00748547244508,13.566633545936758,9.360601076766898,12.158040002088228,0,0.25,3.3916583864841896,2.3401502691917244,3.039510000522057,0.016535405069589615,0.0002007223665714264,0.0002007223665714264,False,0,False,,terminated_non_improving_hard_step,False
branch_f642ee9da38f3af87f45,new_center,5,86,g005_p000086_g004_p000043_g003_p000083_g002_p000037_g001_p000093_empty,g004_p000043_g003_p000083_g002_p000037_g001_p000093_empty,g005_a263bed8019ce0e2_0018,86,3.279348311480135e-05,10.0,13.0,17.0,ellipsoid,9,120.38334276810986,9.098902025934146,8.925473003141406,10.086239178393233,0,0.25,2.2747255064835366,2.2313682507853514,2.5215597945983084,0.016501998528838158,0.00016731582581996918,0.00016731582581996918,False,0,False,,terminated_non_improving_hard_step,False
branch_6501b1f866cfa5a47bee,new_center,5,87,g005_p000087_g004_p000043_g003_p000083_g002_p000037_g001_p000093_empty,g004_p000043_g003_p000083_g002_p000037_g001_p000093_empty,g005_a263bed8019ce0e2_0018,87,3.272023968747817e-05,11.0,40.0,19.0,dike_hemisphere,9,150.69559108859355,9.229184852598951,9.435651171931257,9.413170846997474,0,0.25,2.307296213149738,2.358912792982814,2.3532927117493685,0.016430512070655823,9.582936763763428e-05,9.582936763763428e-05,False,0,False,,terminated_non_improving_hard_step,False
branch_a1fecc61d1fb247ac5f8,new_center,5,88,g005_p000088_g004_p000043_g003_p000083_g002_p000037_g001_p000093_empty,g004_p000043_g003_p000083_g002_p000037_g001_p000093_empty,g005_a263bed8019ce0e2_0018,88,3.272023968747817e-05,13.0,44.0,19.0,ellipsoid,9,88.04781084746402,9.10143708430292,12.896155114722072,7.821721788176109,0,0.25,2.27535927107573,3.224038778680518,1.9554304470440274,0.016496550291776657,0.00016186758875846863,0.00016186758875846863,False,0,False,,terminated_non_improving_hard_step,False
branch_af7f01b6a35bcc2abda0,new_center,5,89,g005_p000089_g004_p000043_g003_p000083_g002_p000037_g001_p000093_empty,g004_p000043_g003_p000083_g002_p000037_g001_p000093_empty,g005_a263bed8019ce0e2_0018,89,3.267771899118088e-05,8.0,11.0,17.0,ellipsoid,9,117.04259972139832,12.332826891956314,6.962122315103998,10.307741140013729,0,0.25,3.0832067229890785,1.7405305787759995,2.576935285003432,0.01641855202615261,8.38693231344223e-05,8.38693231344223e-05,False,0,False,,terminated_non_improving_hard_step,False
branch_0fcfacb63495376cd0f1,new_center,5,90,g005_p000090_g004_p000043_g003_p000083_g002_p000037_g001_p000093_empty,g004_p000043_g003_p000083_g002_p000037_g001_p000093_empty,g005_a263bed8019ce0e2_0018,90,3.267769352532923e-05,12.0,9.0,17.0,dike_hemisphere,9,124.01003506073418,11.627563776289678,14.804785906994606,9.961988160778855,0,0.25,2.9068909440724195,3.7011964767486516,2.4904970401947137,0.016549281775951385,0.00021459907293319702,0.00021459907293319702,False,0,False,,terminated_non_improving_hard_step,False
branch_3fe45bb55324dc5f2c99,new_center,5,91,g005_p000091_g004_p000043_g003_p000083_g002_p000037_g001_p000093_empty,g004_p000043_g003_p000083_g002_p000037_g001_p000093_empty,g005_a263bed8019ce0e2_0018,91,3.2167583412956446e-05,14.0,41.0,19.0,dike_hemisphere,9,130.4356537009203,10.810521672894199,8.544430368014996,12.756430129229846,0,0.25,2.7026304182235497,2.136107592003749,3.1891075323074616,0.016430510208010674,9.582750499248505e-05,9.582750499248505e-05,False,0,False,,terminated_non_improving_hard_step,False
branch_bdead365cf7bb21ef076,new_center,5,92,g005_p000092_g004_p000043_g003_p000083_g002_p000037_g001_p000093_empty,g004_p000043_g003_p000083_g002_p000037_g001_p000093_empty,g005_a263bed8019ce0e2_0018,92,3.216757977497764e-05,10.0,43.0,19.0,ellipsoid,9,111.92915653607731,10.50437932820347,9.127880255474764,10.296714441437292,0,0.25,2.6260948320508675,2.281970063868691,2.574178610359323,0.016482379287481308,0.0001476965844631195,0.0001476965844631195,False,0,False,,terminated_non_improving_hard_step,False
branch_940afbe7035f22fd6729,new_center,5,93,g005_p000093_g004_p000043_g003_p000083_g002_p000037_g001_p000093_empty,g004_p000043_g003_p000083_g002_p000037_g001_p000093_empty,g005_a263bed8019ce0e2_0018,93,3.1871608371147886e-05,12.0,40.0,19.0,dike_hemisphere,9,122.04504413220809,11.514750540908725,6.217823012419109,11.72687927785621,0,0.25,2.8786876352271813,1.5544557531047773,2.9317198194640524,0.016417760401964188,8.307769894599915e-05,8.307769894599915e-05,False,0,False,,terminated_non_improving_hard_step,False
branch_fdbfa3d3238c9ea27704,new_center,5,94,g005_p000094_g004_p000043_g003_p000083_g002_p000037_g001_p000093_empty,g004_p000043_g003_p000083_g002_p000037_g001_p000093_empty,g005_a263bed8019ce0e2_0018,94,3.1871608371147886e-05,12.0,44.0,19.0,ellipsoid,9,75.71433791125455,8.2409768069713,13.596941239199406,7.213621526568276,0,0.25,2.060244201742825,3.3992353097998516,1.803405381642069,0.01649654284119606,0.0001618601381778717,0.0001618601381778717,False,0,False,,terminated_non_improving_hard_step,False
branch_443c4fd1f825a60a525e,new_center,5,95,g005_p000095_g004_p000043_g003_p000083_g002_p000037_g001_p000093_empty,g004_p000043_g003_p000083_g002_p000037_g001_p000093_empty,g005_a263bed8019ce0e2_0018,95,3.177033431711607e-05,14.0,44.0,19.0,ellipsoid,9,127.36199087293438,15.366009986928702,11.925613283221104,7.932198422319964,0,0.25,3.8415024967321756,2.981403320805276,1.983049605579991,0.01662638783454895,0.0002917051315307617,0.0002917051315307617,False,0,False,,terminated_non_improving_hard_step,False
branch_72eca4d6305f429fe1cc,new_center,6,0,g006_p000000_g005_p000034_g004_p000013_g003_p000002_g002_p000001_g001_p000057_empty,g005_p000034_g004_p000013_g003_p000002_g002_p000001_g001_p000057_empty,g006_6fad723f8569fa2d_0019,0,8.122159488266334e-05,12.0,42.0,19.0,ellipsoid,9,69.10950655375449,12.090011189541215,11.44716034638188,9.143203856210459,0,0.25,3.022502797385304,2.86179008659547,2.2858009640526147,0.016639934852719307,0.0002756509929895401,0.00030525214970111847,False,0,False,,terminated_non_improving_hard_step,False
branch_9dcf4b7d6552f4b5f85d,new_center,6,6,g006_p000006_g005_p000034_g004_p000013_g003_p000002_g002_p000001_g001_p000057_empty,g005_p000034_g004_p000013_g003_p000002_g002_p000001_g001_p000057_empty,g006_6fad723f8569fa2d_0019,1,6.900660810060799e-05,12.0,43.0,20.0,ellipsoid,9,1.0411285556890393,13.031764781022801,10.724276244517256,13.037101254608498,0,0.25,3.2579411952557003,2.681069061129314,3.2592753136521244,0.01655823551118374,0.00019395165145397186,0.00022355280816555023,False,0,False,,terminated_non_improving_hard_step,False
branch_aa195b2c32918a075bdd,new_center,6,12,g006_p000012_g005_p000009_g004_p000001_g003_p000010_g002_p000001_g001_p000057_empty,g005_p000009_g004_p000001_g003_p000010_g002_p000001_g001_p000057_empty,g006_60b41b543692551a_0020,0,8.122159488266334e-05,12.0,42.0,19.0,ellipsoid,9,151.42413388091617,14.831966120591794,10.905826207632023,12.540350865072357,0,0.25,3.7079915301479485,2.7264565519080057,3.1350877162680892,0.01652110554277897,0.00015516020357608795,0.00018642283976078033,False,0,False,,terminated_non_improving_hard_step,False
branch_ef8381c6fe9e44dce2b2,new_center,6,18,g006_p000018_g005_p000009_g004_p000001_g003_p000010_g002_p000001_g001_p000057_empty,g005_p000009_g004_p000001_g003_p000010_g002_p000001_g001_p000057_empty,g006_60b41b543692551a_0020,1,6.900660810060799e-05,12.0,43.0,20.0,ellipsoid,9,144.1639156616813,11.891596148660241,11.209800531614025,12.465571667984264,0,0.25,2.9728990371650603,2.8024501329035063,3.116392916996066,0.016494810581207275,0.00012886524200439453,0.00016012787818908691,False,0,False,,terminated_non_improving_hard_step,False
branch_52b23633fbf613dfd969,new_center,6,24,g006_p000024_g005_p000080_g004_p000037_g003_p000083_g002_p000037_g001_p000093_empty,g005_p000080_g004_p000037_g003_p000083_g002_p000037_g001_p000093_empty,g006_5b47211ed99869fb_0021,0,8.122159488266334e-05,12.0,42.0,19.0,ellipsoid,9,73.46827063408976,11.907888928423318,11.077226215382515,13.054539566319539,0,0.25,2.9769722321058296,2.7693065538456287,3.2636348915798847,0.016521524637937546,0.0001551564782857895,0.0001868419349193573,False,0,False,,terminated_non_improving_hard_step,False
branch_59c346b7466157e3dc9f,new_center,6,30,g006_p000030_g005_p000080_g004_p000037_g003_p000083_g002_p000037_g001_p000093_empty,g005_p000080_g004_p000037_g003_p000083_g002_p000037_g001_p000093_empty,g006_5b47211ed99869fb_0021,1,6.900660810060799e-05,12.0,43.0,20.0,dike_hemisphere,9,6.060577924538277,8.762574777901277,11.499956459833792,10.982366194272663,0,0.25,2.190643694475319,2.874989114958448,2.7455915485681657,0.01648326776921749,0.00011689960956573486,0.00014858506619930267,False,0,False,,terminated_non_improving_hard_step,False
branch_8bafa9bd9bf93bb63581,new_center,6,36,g006_p000036_g005_p000068_g004_p000031_g003_p000052_g002_p000025_g001_p000072_empty,g005_p000068_g004_p000031_g003_p000052_g002_p000025_g001_p000072_empty,g006_85240ec1e1afdfea_0022,0,8.296583837363869e-05,12.0,42.0,19.0,ellipsoid,9,44.24898207088093,6.244116143564512,7.1314930506712795,7.99045211930522,0,0.25,1.561029035891128,1.7828732626678199,1.997613029826305,0.016354138031601906,-1.3044103980064392e-05,1.9455328583717346e-05,True,0,True,0.5,continue_on_selected_child,False
branch_4e972174d99ec60c8243,new_center,6,42,g006_p000042_g005_p000068_g004_p000031_g003_p000052_g002_p000025_g001_p000072_empty,g005_p000068_g004_p000031_g003_p000052_g002_p000025_g001_p000072_empty,g006_85240ec1e1afdfea_0022,1,7.075084431562573e-05,12.0,43.0,20.0,ellipsoid,9,97.5398008165045,11.341999557735804,7.5861836850093916,7.68225603940858,0,0.25,2.835499889433951,1.8965459212523479,1.920564009852145,0.01646001823246479,9.283609688282013e-05,0.00012533552944660187,False,0,False,,terminated_non_improving_hard_step,False
branch_5b29877a477fb2634a27,new_center,6,48,g006_p000048_g005_p000012_g004_p000007_g003_p000010_g002_p000001_g001_p000057_empty,g005_p000012_g004_p000007_g003_p000010_g002_p000001_g001_p000057_empty,g006_3b631595f6276377_0023,0,8.368760609300807e-05,12.0,42.0,19.0,ellipsoid,9,149.72180624834678,11.8773391345248,6.511964313296287,7.12080800014196,0,0.25,2.9693347836312,1.6279910783240719,1.78020200003549,0.016419388353824615,5.1822513341903687e-05,8.4705650806427e-05,False,0,False,,terminated_non_improving_hard_step,False
branch_b47a212a135fde750001,new_center,6,54,g006_p000054_g005_p000012_g004_p000007_g003_p000010_g002_p000001_g001_p000057_empty,g005_p000012_g004_p000007_g003_p000010_g002_p000001_g001_p000057_empty,g006_3b631595f6276377_0023,1,7.11820466676727e-05,12.0,41.0,20.0,ellipsoid,9,124.7972577600399,11.578975768086213,11.638871667639936,7.756405970959144,0,0.25,2.8947439420215533,2.909717916909984,1.939101492739786,0.016628295183181763,0.0002607293426990509,0.0002936124801635742,False,0,False,,terminated_non_improving_hard_step,False
branch_38230d1fa8a75fb52b9f,new_center,6,60,g006_p000060_g005_p000028_g004_p000013_g003_p000002_g002_p000001_g001_p000057_empty,g005_p000028_g004_p000013_g003_p000002_g002_p000001_g001_p000057_empty,g006_8e2997b638f6df41_0024,0,8.122159488266334e-05,12.0,42.0,19.0,ellipsoid,9,160.03515672420176,13.851562034767987,14.304712102076765,11.64451242834399,0,0.25,3.4628905086919968,3.5761780255191913,2.9111281070859976,0.016588015481829643,0.00021932832896709442,0.0002533327788114548,False,0,False,,terminated_non_improving_hard_step,False
branch_9277f2fb8e9b364efade,new_center,6,66,g006_p000066_g005_p000028_g004_p000013_g003_p000002_g002_p000001_g001_p000057_empty,g005_p000028_g004_p000013_g003_p000002_g002_p000001_g001_p000057_empty,g006_8e2997b638f6df41_0024,1,6.900660810060799e-05,12.0,43.0,20.0,dike_hemisphere,9,105.7498815555686,14.670485847446773,12.545313548954354,7.168810516574503,0,0.25,3.6676214618616934,3.1363283872385885,1.7922026291436257,0.01659703254699707,0.00022834539413452148,0.00026234984397888184,False,0,False,,terminated_non_improving_hard_step,False
branch_2f49b1991996d5fa516c,new_center,6,72,g006_p000072_g005_p000075_g004_p000037_g003_p000083_g002_p000037_g001_p000093_empty,g005_p000075_g004_p000037_g003_p000083_g002_p000037_g001_p000093_empty,g006_f4ddebba1d0c6e93_0025,0,8.525286102667451e-05,12.0,42.0,19.0,dike_hemisphere,9,141.09484923115062,10.124697169292276,10.986404504630594,13.176289440076498,0,0.25,2.531174292323069,2.7466011261576484,3.2940723600191246,0.016470905393362045,9.55779105424881e-05,0.0001362226903438568,False,0,False,,terminated_non_improving_hard_step,False
branch_0b9bcfbbea5e8938dc7a,new_center,6,78,g006_p000078_g005_p000075_g004_p000037_g003_p000083_g002_p000037_g001_p000093_empty,g005_p000075_g004_p000037_g003_p000083_g002_p000037_g001_p000093_empty,g006_f4ddebba1d0c6e93_0025,1,7.406512304442003e-05,12.0,43.0,20.0,dike_hemisphere,9,1.8194633148464945,11.730343023148468,15.891649190830506,8.481731822202608,0,0.25,2.932585755787117,3.9729122977076265,2.120432955550652,0.016526056453585625,0.0001507289707660675,0.00019137375056743622,False,0,False,,terminated_non_improving_hard_step,False
branch_7872ed5b60d20ee53b7e,new_center,6,84,g006_p000084_g005_p000015_g004_p000007_g003_p000010_g002_p000001_g001_p000057_empty,g005_p000015_g004_p000007_g003_p000010_g002_p000001_g001_p000057_empty,g006_d654317793bb8dee_0026,0,8.122159488266334e-05,12.0,42.0,19.0,dike_hemisphere,9,76.93502509317554,6.845529955998563,14.44396382926984,13.540751943678114,0,0.25,1.7113824889996407,3.61099095731746,3.3851879859195284,0.01643049530684948,5.445070564746857e-05,9.58126038312912e-05,False,0,False,,terminated_non_improving_hard_step,False
branch_feb2616da06a32d1927c,new_center,6,90,g006_p000090_g005_p000015_g004_p000007_g003_p000010_g002_p000001_g001_p000057_empty,g005_p000015_g004_p000007_g003_p000010_g002_p000001_g001_p000057_empty,g006_d654317793bb8dee_0026,1,6.900660810060799e-05,12.0,43.0,20.0,ellipsoid,9,22.886308470172537,9.252400442175416,15.330375939982613,8.029763439331736,0,0.25,2.313100110543854,3.832593984995653,2.007440859832934,0.016584444791078568,0.0002084001898765564,0.00024976208806037903,False,0,False,,terminated_non_improving_hard_step,False
branch_035d27ad695e924d702b,new_center,7,0,g007_p000000_g006_p000001_g005_p000034_g004_p000013_g003_p000002_g002_p000001_g001_p000057_empty,g006_p000001_g005_p000034_g004_p000013_g003_p000002_g002_p000001_g001_p000057_empty,g007_4ca75a90d1993dd6_0027,0,8.122159488266334e-05,12.0,42.0,19.0,dike_hemisphere,9,125.9782288026008,11.819862466446263,11.974383232494437,12.302897331505553,0,0.25,2.954965616611566,2.9935958081236094,3.0757243328763884,0.016559358686208725,0.0002246759831905365,0.0002246759831905365,False,0,False,,terminated_non_improving_hard_step,False
branch_3ce49fcb814b37415080,new_center,7,1,g007_p000001_g006_p000001_g005_p000034_g004_p000013_g003_p000002_g002_p000001_g001_p000057_empty,g006_p000001_g005_p000034_g004_p000013_g003_p000002_g002_p000001_g001_p000057_empty,g007_4ca75a90d1993dd6_0027,1,6.900660810060799e-05,12.0,43.0,20.0,ellipsoid,9,32.60875705678871,8.373066198886827,7.19630777176298,7.926370633717606,0,0.25,2.0932665497217067,1.799076942940745,1.9815926584294015,0.016367565840482712,3.2883137464523315e-05,3.2883137464523315e-05,False,0,False,,terminated_non_improving_hard_step,False
branch_f689fa260964391ffd76,new_center,7,2,g007_p000002_g006_p000001_g005_p000034_g004_p000013_g003_p000002_g002_p000001_g001_p000057_empty,g006_p000001_g005_p000034_g004_p000013_g003_p000002_g002_p000001_g001_p000057_empty,g007_4ca75a90d1993dd6_0027,2,6.900660082465038e-05,12.0,41.0,20.0,ellipsoid,9,19.236142837838578,6.242894953981282,13.026831201502755,12.122345498350278,0,0.25,1.5607237384953205,3.256707800375689,3.0305863745875694,0.016372911632061005,3.822892904281616e-05,3.822892904281616e-05,False,0,False,,terminated_non_improving_hard_step,False
branch_e1ec1ba5e8de81a73180,new_center,7,3,g007_p000003_g006_p000001_g005_p000034_g004_p000013_g003_p000002_g002_p000001_g001_p000057_empty,g006_p000001_g005_p000034_g004_p000013_g003_p000002_g002_p000001_g001_p000057_empty,g007_4ca75a90d1993dd6_0027,3,6.275781925069168e-05,11.0,10.0,17.0,ellipsoid,9,150.0469947389875,7.454548296441587,10.41386470715685,7.65935836650699,0,0.25,1.8636370741103967,2.6034661767892127,1.9148395916267476,0.01640012115240097,6.543844938278198e-05,6.543844938278198e-05,False,0,False,,terminated_non_improving_hard_step,False
branch_88d53610c67ec721d4c1,new_center,7,4,g007_p000004_g006_p000001_g005_p000034_g004_p000013_g003_p000002_g002_p000001_g001_p000057_empty,g006_p000001_g005_p000034_g004_p000013_g003_p000002_g002_p000001_g001_p000057_empty,g007_4ca75a90d1993dd6_0027,4,6.275781197473407e-05,9.0,10.0,17.0,ellipsoid,9,27.099046182365825,13.286353611709817,10.546401210686053,9.50482850404686,0,0.25,3.3215884029274543,2.6366003026715132,2.376207126011715,0.01645297184586525,0.00011828914284706116,0.00011828914284706116,False,0,False,,terminated_non_improving_hard_step,False
branch_ed3c529eab9fbdb788a2,new_center,7,5,g007_p000005_g006_p000001_g005_p000034_g004_p000013_g003_p000002_g002_p000001_g001_p000057_empty,g006_p000001_g005_p000034_g004_p000013_g003_p000002_g002_p000001_g001_p000057_empty,g007_4ca75a90d1993dd6_0027,5,6.144454528111964e-05,11.0,43.0,20.0,ellipsoid,9,96.46583320643825,14.491386568908485,7.8985543856637,13.302212456183558,0,0.25,3.6228466422271213,1.974638596415925,3.3255531140458894,0.016372911632061005,3.822892904281616e-05,3.822892904281616e-05,False,0,False,,terminated_non_improving_hard_step,False
branch_3808529a74f39fd8221d,new_center,7,6,g007_p000006_g006_p000001_g005_p000034_g004_p000013_g003_p000002_g002_p000001_g001_p000057_empty,g006_p000001_g005_p000034_g004_p000013_g003_p000002_g002_p000001_g001_p000057_empty,g007_4ca75a90d1993dd6_0027,6,6.144453072920442e-05,13.0,41.0,20.0,dike_hemisphere,9,131.4868926363021,10.96165425333884,9.3444073053526,6.269159877931468,0,0.25,2.74041356333471,2.33610182633815,1.567289969482867,0.016498444601893425,0.0001637618988752365,0.0001637618988752365,False,0,False,,terminated_non_improving_hard_step,False
branch_2ff4f9e8022dd5d3cc3f,new_center,7,7,g007_p000007_g006_p000001_g005_p000034_g004_p000013_g003_p000002_g002_p000001_g001_p000057_empty,g006_p000001_g005_p000034_g004_p000013_g003_p000002_g002_p000001_g001_p000057_empty,g007_4ca75a90d1993dd6_0027,7,5.940553455729969e-05,9.0,11.0,17.0,dike_hemisphere,9,34.400786545081445,15.410052899108525,11.936774357574713,9.82472685680202,0,0.25,3.852513224777131,2.984193589393678,2.456181714200505,0.016438407823443413,0.0001037251204252243,0.0001037251204252243,False,0,False,,terminated_non_improving_hard_step,False
branch_c8375b5d1d4df76dcc2a,new_center,7,8,g007_p000008_g006_p000001_g005_p000034_g004_p000013_g003_p000002_g002_p000001_g001_p000057_empty,g006_p000001_g005_p000034_g004_p000013_g003_p000002_g002_p000001_g001_p000057_empty,g007_4ca75a90d1993dd6_0027,8,5.940550909144804e-05,11.0,9.0,17.0,dike_hemisphere,9,18.626798647639443,7.318989051875886,10.925709811192753,7.162680992102014,0,0.25,1.8297472629689715,2.7314274527981883,1.7906702480255035,0.01640012115240097,6.543844938278198e-05,6.543844938278198e-05,False,0,False,,terminated_non_improving_hard_step,False
branch_8095a43dd6a47f444d2d,new_center,7,9,g007_p000009_g006_p000001_g005_p000034_g004_p000013_g003_p000002_g002_p000001_g001_p000057_empty,g006_p000001_g005_p000034_g004_p000013_g003_p000002_g002_p000001_g001_p000057_empty,g007_4ca75a90d1993dd6_0027,9,5.9084559325128794e-05,10.0,9.0,17.0,dike_hemisphere,9,42.896828984891776,7.517044065177082,10.055792069833277,11.236856865068315,0,0.25,1.8792610162942704,2.5139480174583193,2.809214216267079,0.016441496089100838,0.00010681338608264923,0.00010681338608264923,False,0,False,,terminated_non_improving_hard_step,False
branch_eb7b0eb2dc202f985def,new_center,7,10,g007_p000010_g006_p000001_g005_p000034_g004_p000013_g003_p000002_g002_p000001_g001_p000057_empty,g006_p000001_g005_p000034_g004_p000013_g003_p000002_g002_p000001_g001_p000057_empty,g007_4ca75a90d1993dd6_0027,10,5.908455204917118e-05,10.0,11.0,17.0,dike_hemisphere,9,157.35852991917352,11.897724529013104,13.627264007411132,12.828918692035618,0,0.25,2.974431132253276,3.406816001852783,3.2072296730089045,0.016459276899695396,0.00012459419667720795,0.00012459419667720795,False,0,False,,terminated_non_improving_hard_step,False
branch_efcfdbcd2746503f4896,new_center,7,11,g007_p000011_g006_p000001_g005_p000034_g004_p000013_g003_p000002_g002_p000001_g001_p000057_empty,g006_p000001_g005_p000034_g004_p000013_g003_p000002_g002_p000001_g001_p000057_empty,g007_4ca75a90d1993dd6_0027,11,5.2042749302927405e-05,11.0,42.0,20.0,dike_hemisphere,9,39.71735342147133,8.436913946116292,13.256160847332321,11.292701530134455,0,0.25,2.109228486529073,3.3140402118330803,2.8231753825336137,0.016466090455651283,0.0001314077526330948,0.0001314077526330948,False,0,False,,terminated_non_improving_hard_step,False
branch_d17622c6dcdf3162a0fc,new_center,7,12,g007_p000012_g006_p000007_g005_p000034_g004_p000013_g003_p000002_g002_p000001_g001_p000057_empty,g006_p000007_g005_p000034_g004_p000013_g003_p000002_g002_p000001_g001_p000057_empty,g007_4ca75a90d1993dd6_0027,12,5.204273838899098e-05,13.0,42.0,20.0,ellipsoid,9,134.89761617467394,15.5066366217142,6.3336205639529215,9.950744687924947,0,0.25,3.87665915542855,1.5834051409882304,2.487686171981237,0.01654360629618168,0.0002089235931634903,0.0002089235931634903,False,0,False,,terminated_non_improving_hard_step,False
branch_6ecba8fa36d069624eb1,new_center,7,13,g007_p000013_g006_p000007_g005_p000034_g004_p000013_g003_p000002_g002_p000001_g001_p000057_empty,g006_p000007_g005_p000034_g004_p000013_g003_p000002_g002_p000001_g001_p000057_empty,g007_4ca75a90d1993dd6_0027,13,5.1120747230015695e-05,12.0,43.0,19.0,dike_hemisphere,9,76.07883349565022,15.921380891112767,15.462129326974907,11.908572089268617,0,0.25,3.9803452227781917,3.8655323317437267,2.977143022317154,0.01650281995534897,0.00016813725233078003,0.00016813725233078003,False,0,False,,terminated_non_improving_hard_step,False
branch_02aaf17ab271bb390104,new_center,7,14,g007_p000014_g006_p000007_g005_p000034_g004_p000013_g003_p000002_g002_p000001_g001_p000057_empty,g006_p000007_g005_p000034_g004_p000013_g003_p000002_g002_p000001_g001_p000057_empty,g007_4ca75a90d1993dd6_0027,14,5.112074359203689e-05,12.0,41.0,19.0,ellipsoid,9,37.750408094337686,15.552887789152123,15.45489861207881,6.609266180063383,0,0.25,3.888221947288031,3.8637246530197027,1.6523165450158457,0.01662488467991352,0.00029020197689533234,0.00029020197689533234,False,0,False,,terminated_non_improving_hard_step,False
branch_3b2fc5b0994e2bb82591,new_center,7,15,g007_p000015_g006_p000007_g005_p000034_g004_p000013_g003_p000002_g002_p000001_g001_p000057_empty,g006_p000007_g005_p000034_g004_p000013_g003_p000002_g002_p000001_g001_p000057_empty,g007_4ca75a90d1993dd6_0027,15,5.102583600091748e-05,10.0,11.0,16.0,ellipsoid,9,42.663006323583375,7.630161709638145,10.198051645134893,12.858835367198544,0,0.25,1.9075404274095362,2.549512911283723,3.214708841799636,0.016440946608781815,0.0001062639057636261,0.0001062639057636261,False,0,False,,terminated_non_improving_hard_step,False
branch_09710bbaa666a705f541,new_center,7,16,g007_p000016_g006_p000007_g005_p000034_g004_p000013_g003_p000002_g002_p000001_g001_p000057_empty,g006_p000007_g005_p000034_g004_p000013_g003_p000002_g002_p000001_g001_p000057_empty,g007_4ca75a90d1993dd6_0027,16,5.102581053506583e-05,10.0,9.0,16.0,dike_hemisphere,9,61.99023545245005,8.707702005000721,14.300685715267399,10.684981043274941,0,0.25,2.1769255012501803,3.5751714288168497,2.6712452608187354,0.016440782696008682,0.00010609999299049377,0.00010609999299049377,False,0,False,,terminated_non_improving_hard_step,False
branch_b6a28510f0f98aa92478,new_center,7,17,g007_p000017_g006_p000007_g005_p000034_g004_p000013_g003_p000002_g002_p000001_g001_p000057_empty,g006_p000007_g005_p000034_g004_p000013_g003_p000002_g002_p000001_g001_p000057_empty,g007_4ca75a90d1993dd6_0027,17,4.963566971127875e-05,25.0,9.0,36.0,ellipsoid,9,66.17195932810426,10.619674443777086,12.63659693237259,8.097630424846844,0,0.25,2.6549186109442715,3.1591492330931477,2.024407606211711,0.016543539240956306,0.00020885653793811798,0.00020885653793811798,False,0,False,,terminated_non_improving_hard_step,False
branch_efa2e6f64f5b9109bc9b,new_center,7,18,g007_p000018_g006_p000007_g005_p000034_g004_p000013_g003_p000002_g002_p000001_g001_p000057_empty,g006_p000007_g005_p000034_g004_p000013_g003_p000002_g002_p000001_g001_p000057_empty,g007_4ca75a90d1993dd6_0027,18,4.9635651521384716e-05,27.0,11.0,36.0,ellipsoid,9,18.47245296328471,10.955197200088188,9.37858390434431,10.652708559849165,0,0.25,2.738799300022047,2.3446459760860776,2.663177139962291,0.016476182267069817,0.0001414995640516281,0.0001414995640516281,False,0,False,,terminated_non_improving_hard_step,False
branch_880f6403c776249baf85,new_center,7,19,g007_p000019_g006_p000007_g005_p000034_g004_p000013_g003_p000002_g002_p000001_g001_p000057_empty,g006_p000007_g005_p000034_g004_p000013_g003_p000002_g002_p000001_g001_p000057_empty,g007_4ca75a90d1993dd6_0027,19,4.89582926093135e-05,11.0,10.0,16.0,dike_hemisphere,9,0.8960006807498311,12.155721949651994,10.807500315601608,10.551179780328294,0,0.25,3.0389304874129985,2.701875078900402,2.6377949450820735,0.016531046479940414,0.00019636377692222595,0.00019636377692222595,False,0,False,,terminated_non_improving_hard_step,False
branch_832284d8b0a83b972ced,new_center,7,20,g007_p000020_g006_p000007_g005_p000034_g004_p000013_g003_p000002_g002_p000001_g001_p000057_empty,g006_p000007_g005_p000034_g004_p000013_g003_p000002_g002_p000001_g001_p000057_empty,g007_4ca75a90d1993dd6_0027,20,4.8958278057398275e-05,9.0,10.0,16.0,dike_hemisphere,9,34.052022543085236,15.85481964044942,12.60910807953368,13.3072883844547,0,0.25,3.963704910112355,3.15227701988342,3.326822096113675,0.016473708674311638,0.0001390259712934494,0.0001390259712934494,False,0,False,,terminated_non_improving_hard_step,False
branch_0b7ba5f1acd3d9d8c35d,new_center,7,21,g007_p000021_g006_p000007_g005_p000034_g004_p000013_g003_p000002_g002_p000001_g001_p000057_empty,g006_p000007_g005_p000034_g004_p000013_g003_p000002_g002_p000001_g001_p000057_empty,g007_4ca75a90d1993dd6_0027,21,4.890865966444835e-05,12.0,44.0,20.0,dike_hemisphere,9,52.958432004701926,11.720296703385651,13.397389959627114,11.848801243273089,0,0.25,2.930074175846413,3.3493474899067786,2.962200310818272,0.016523398458957672,0.00018871575593948364,0.00018871575593948364,False,0,False,,terminated_non_improving_hard_step,False
branch_8927d549b3031ea0ce6b,new_center,7,22,g007_p000022_g006_p000007_g005_p000034_g004_p000013_g003_p000002_g002_p000001_g001_p000057_empty,g006_p000007_g005_p000034_g004_p000013_g003_p000002_g002_p000001_g001_p000057_empty,g007_4ca75a90d1993dd6_0027,22,4.8908656026469544e-05,12.0,40.0,20.0,dike_hemisphere,9,124.43732579349623,9.210306097974883,13.488486649455504,10.753102263106221,0,0.25,2.3025765244937206,3.372121662363876,2.6882755657765554,0.016458947211503983,0.00012426450848579407,0.00012426450848579407,False,0,False,,terminated_non_improving_hard_step,False
branch_64a3f37e27ce1cc68562,new_center,7,23,g007_p000023_g006_p000007_g005_p000034_g004_p000013_g003_p000002_g002_p000001_g001_p000057_empty,g006_p000007_g005_p000034_g004_p000013_g003_p000002_g002_p000001_g001_p000057_empty,g007_4ca75a90d1993dd6_0027,23,4.62875614175573e-05,11.0,41.0,20.0,dike_hemisphere,9,87.85902421188983,9.147759634458524,12.293929449994447,9.852340539737735,0,0.25,2.286939908614631,3.073482362498612,2.463085134934434,0.01645180769264698,0.00011712498962879181,0.00011712498962879181,False,0,False,,terminated_non_improving_hard_step,False
branch_0bdb8c10d1de2a833c3c,new_center,7,24,g007_p000024_g006_p000013_g005_p000009_g004_p000001_g003_p000010_g002_p000001_g001_p000057_empty,g006_p000013_g005_p000009_g004_p000001_g003_p000010_g002_p000001_g001_p000057_empty,g007_4ca75a90d1993dd6_0027,24,4.628755777957849e-05,13.0,43.0,20.0,ellipsoid,9,7.3613900811577775,10.67515727304694,7.715975274203732,9.55981205132924,0,0.25,2.668789318261735,1.928993818550933,2.38995301283231,0.016413085162639618,7.840245962142944e-05,7.840245962142944e-05,False,0,False,,terminated_non_improving_hard_step,False
branch_00a52ba3b877565d1489,new_center,7,25,g007_p000025_g006_p000013_g005_p000009_g004_p000001_g003_p000010_g002_p000001_g001_p000057_empty,g006_p000013_g005_p000009_g004_p000001_g003_p000010_g002_p000001_g001_p000057_empty,g007_4ca75a90d1993dd6_0027,25,4.379302481538616e-05,12.0,42.0,20.0,ellipsoid,9,10.787399823384105,14.90968027293922,15.072285921988325,8.704708353133706,0,0.25,3.727420068234805,3.768071480497081,2.1761770882834264,0.016608480364084244,0.0002737976610660553,0.0002737976610660553,False,0,False,,terminated_non_improving_hard_step,False
branch_3baf15ae57378b5f85b4,new_center,7,26,g007_p000026_g006_p000013_g005_p000009_g004_p000001_g003_p000010_g002_p000001_g001_p000057_empty,g006_p000013_g005_p000009_g004_p000001_g003_p000010_g002_p000001_g001_p000057_empty,g007_4ca75a90d1993dd6_0027,26,4.329717921791598e-05,41.0,10.0,24.0,dike_hemisphere,9,67.70037889947302,13.71018866161803,11.784966631833068,10.62961093347241,0,0.25,3.4275471654045075,2.946241657958267,2.6574027333681025,0.016537126153707504,0.0002024434506893158,0.0002024434506893158,False,0,False,,terminated_non_improving_hard_step,False
branch_31dc2e73e8987d4d053a,new_center,7,27,g007_p000027_g006_p000013_g005_p000009_g004_p000001_g003_p000010_g002_p000001_g001_p000057_empty,g006_p000013_g005_p000009_g004_p000001_g003_p000010_g002_p000001_g001_p000057_empty,g007_4ca75a90d1993dd6_0027,27,4.329716830397956e-05,42.0,9.0,24.0,dike_hemisphere,9,160.8962167219025,12.177694903485325,8.550236420537592,8.198408940146447,0,0.25,3.044423725871331,2.137559105134398,2.0496022350366117,0.01644134894013405,0.00010666623711585999,0.00010666623711585999,False,0,False,,terminated_non_improving_hard_step,False
branch_9b8787c46a4ca118097b,new_center,7,28,g007_p000028_g006_p000013_g005_p000009_g004_p000001_g003_p000010_g002_p000001_g001_p000057_empty,g006_p000013_g005_p000009_g004_p000001_g003_p000010_g002_p000001_g001_p000057_empty,g007_4ca75a90d1993dd6_0027,28,4.3297164666000754e-05,42.0,11.0,24.0,ellipsoid,9,171.0999564735676,12.295087043586769,6.783148997739849,12.41172803953425,0,0.25,3.073771760896692,1.6957872494349622,3.1029320098835624,0.016429554671049118,9.487196803092957e-05,9.487196803092957e-05,False,0,False,,terminated_non_improving_hard_step,False
branch_762d8ac7ba93a2019209,new_center,7,29,g007_p000029_g006_p000013_g005_p000009_g004_p000001_g003_p000010_g002_p000001_g001_p000057_empty,g006_p000013_g005_p000009_g004_p000001_g003_p000010_g002_p000001_g001_p000057_empty,g007_4ca75a90d1993dd6_0027,29,4.329715375206433e-05,43.0,10.0,24.0,dike_hemisphere,9,75.66097934360316,15.387786291503096,14.141877572872223,13.36580284230551,0,0.25,3.846946572875774,3.535469393218056,3.3414507105763773,0.016545718535780907,0.0002110358327627182,0.0002110358327627182,False,0,False,,terminated_non_improving_hard_step,False
branch_668b11b8c6cd97e2b34b,new_center,7,30,g007_p000030_g006_p000013_g005_p000009_g004_p000001_g003_p000010_g002_p000001_g001_p000057_empty,g006_p000013_g005_p000009_g004_p000001_g003_p000010_g002_p000001_g001_p000057_empty,g007_4ca75a90d1993dd6_0027,30,4.188812818028964e-05,26.0,9.0,36.0,dike_hemisphere,9,111.78013326493978,15.872026684193386,8.090485114823737,9.989853265284403,0,0.25,3.9680066710483466,2.0226212787059343,2.4974633163211006,0.016470344737172127,0.0001356620341539383,0.0001356620341539383,False,0,False,,terminated_non_improving_hard_step,False
branch_87e1e2caef6cf8a60930,new_center,7,31,g007_p000031_g006_p000013_g005_p000009_g004_p000001_g003_p000010_g002_p000001_g001_p000057_empty,g006_p000013_g005_p000009_g004_p000001_g003_p000010_g002_p000001_g001_p000057_empty,g007_4ca75a90d1993dd6_0027,31,4.188812090433203e-05,26.0,11.0,36.0,dike_hemisphere,9,173.2661894336151,9.689492191807092,10.666636288971853,12.043268873027774,0,0.25,2.422373047951773,2.6666590722429633,3.0108172182569435,0.01640382781624794,6.914511322975159e-05,6.914511322975159e-05,False,0,False,,terminated_non_improving_hard_step,False
branch_be0f6aab2cb20fc76fc8,new_center,7,32,g007_p000032_g006_p000013_g005_p000009_g004_p000001_g003_p000010_g002_p000001_g001_p000057_empty,g006_p000013_g005_p000009_g004_p000001_g003_p000010_g002_p000001_g001_p000057_empty,g007_4ca75a90d1993dd6_0027,32,4.1871462599374354e-05,25.0,10.0,36.0,ellipsoid,9,28.219632808726317,8.092303328257412,15.510312926937857,10.669510754543115,0,0.25,2.023075832064353,3.8775782317344643,2.6673776886357787,0.016461491584777832,0.00012680888175964355,0.00012680888175964355,False,0,False,,terminated_non_improving_hard_step,False
branch_13be4f1dea8168810795,new_center,7,33,g007_p000033_g006_p000013_g005_p000009_g004_p000001_g003_p000010_g002_p000001_g001_p000057_empty,g006_p000013_g005_p000009_g004_p000001_g003_p000010_g002_p000001_g001_p000057_empty,g007_4ca75a90d1993dd6_0027,33,4.1871437133522704e-05,27.0,10.0,36.0,ellipsoid,9,96.99070141920764,15.984855884364798,12.445762023741711,6.640488453256268,0,0.25,3.9962139710911995,3.1114405059354278,1.660122113314067,0.0165975634008646,0.00026288069784641266,0.00026288069784641266,False,0,False,,terminated_non_improving_hard_step,False
branch_c923c24749b620301877,new_center,7,34,g007_p000034_g006_p000013_g005_p000009_g004_p000001_g003_p000010_g002_p000001_g001_p000057_empty,g006_p000013_g005_p000009_g004_p000001_g003_p000010_g002_p000001_g001_p000057_empty,g007_4ca75a90d1993dd6_0027,34,4.111378439120017e-05,9.0,9.0,17.0,dike_hemisphere,9,89.07947975337997,7.414237362632388,15.488489209945294,8.11733587512105,0,0.25,1.853559340658097,3.8721223024863236,2.0293339687802625,0.016364283859729767,2.960115671157837e-05,2.960115671157837e-05,False,0,False,,terminated_non_improving_hard_step,False
branch_3645efeeac0e319e9905,new_center,7,35,g007_p000035_g006_p000013_g005_p000009_g004_p000001_g003_p000010_g002_p000001_g001_p000057_empty,g006_p000013_g005_p000009_g004_p000001_g003_p000010_g002_p000001_g001_p000057_empty,g007_4ca75a90d1993dd6_0027,35,4.111373709747568e-05,11.0,11.0,17.0,ellipsoid,9,38.32741393089163,6.3124889381579035,15.844891033766789,12.4409363272168,0,0.25,1.5781222345394759,3.9612227584416972,3.1102340818042,0.01640654355287552,7.186084985733032e-05,7.186084985733032e-05,False,0,False,,terminated_non_improving_hard_step,False
branch_a5ec56fd0540bb52ae00,new_center,7,36,g007_p000036_g006_p000019_g005_p000009_g004_p000001_g003_p000010_g002_p000001_g001_p000057_empty,g006_p000019_g005_p000009_g004_p000001_g003_p000010_g002_p000001_g001_p000057_empty,g007_4ca75a90d1993dd6_0027,36,4.091047594556585e-05,10.0,8.0,17.0,dike_hemisphere,9,160.33166793936405,11.002460860005344,6.410145716037798,10.239789815495385,0,0.25,2.750615215001336,1.6025364290094495,2.5599474538738463,0.016364283859729767,2.960115671157837e-05,2.960115671157837e-05,False,0,False,,terminated_non_improving_hard_step,False
branch_cf3ff9a125b56529fe59,new_center,7,37,g007_p000037_g006_p000019_g005_p000009_g004_p000001_g003_p000010_g002_p000001_g001_p000057_empty,g006_p000019_g005_p000009_g004_p000001_g003_p000010_g002_p000001_g001_p000057_empty,g007_4ca75a90d1993dd6_0027,37,4.091047230758704e-05,10.0,12.0,17.0,dike_hemisphere,9,177.40812121228817,8.93270226268419,13.422301478070011,12.89281003670277,0,0.25,2.2331755656710475,3.355575369517503,3.2232025091756924,0.016456618905067444,0.00012193620204925537,0.00012193620204925537,False,0,False,,terminated_non_improving_hard_step,False
branch_4804ad2b3ff1df560546,new_center,7,38,g007_p000038_g006_p000019_g005_p000009_g004_p000001_g003_p000010_g002_p000001_g001_p000057_empty,g006_p000019_g005_p000009_g004_p000001_g003_p000010_g002_p000001_g001_p000057_empty,g007_4ca75a90d1993dd6_0027,38,4.043041553813964e-05,41.0,9.0,24.0,ellipsoid,9,110.59729201883499,7.192433129752313,14.99110907838331,13.984511470608645,0,0.25,1.7981082824380783,3.7477772695958276,3.496127867652161,0.016459934413433075,0.00012525171041488647,0.00012525171041488647,False,0,False,,terminated_non_improving_hard_step,False
branch_3c51f18f54b729849389,new_center,7,39,g007_p000039_g006_p000019_g005_p000009_g004_p000001_g003_p000010_g002_p000001_g001_p000057_empty,g006_p000019_g005_p000009_g004_p000001_g003_p000010_g002_p000001_g001_p000057_empty,g007_4ca75a90d1993dd6_0027,39,4.0430411900160834e-05,41.0,11.0,24.0,ellipsoid,9,110.7909795322076,9.31750354666464,13.80527233808396,7.124454553029791,0,0.25,2.32937588666616,3.45131808452099,1.7811136382574477,0.016571244224905968,0.00023656152188777924,0.00023656152188777924,False,0,False,,terminated_non_improving_hard_step,False
branch_28258e71c014e15d798d,new_center,7,40,g007_p000040_g006_p000019_g005_p000009_g004_p000001_g003_p000010_g002_p000001_g001_p000057_empty,g006_p000019_g005_p000009_g004_p000001_g003_p000010_g002_p000001_g001_p000057_empty,g007_4ca75a90d1993dd6_0027,40,4.04303937102668e-05,43.0,9.0,24.0,ellipsoid,9,83.31311844199212,8.998663248481769,11.479614717116034,12.664740697006934,0,0.25,2.2496658121204423,2.8699036792790085,3.1661851742517335,0.01649710163474083,0.000162418931722641,0.000162418931722641,False,0,False,,terminated_non_improving_hard_step,False
branch_a42d3e47a4e862658d79,new_center,7,41,g007_p000041_g006_p000019_g005_p000009_g004_p000001_g003_p000010_g002_p000001_g001_p000057_empty,g006_p000019_g005_p000009_g004_p000001_g003_p000010_g002_p000001_g001_p000057_empty,g007_4ca75a90d1993dd6_0027,41,4.04303937102668e-05,43.0,11.0,24.0,dike_hemisphere,9,43.13482514059022,9.758082306446298,9.506118756442689,7.865234380892908,0,0.25,2.4395205766115744,2.376529689110672,1.966308595223227,0.01650400273501873,0.0001693200320005417,0.0001693200320005417,False,0,False,,terminated_non_improving_hard_step,False
branch_824fc42ac60bf9409939,new_center,7,42,g007_p000042_g006_p000019_g005_p000009_g004_p000001_g003_p000010_g002_p000001_g001_p000057_empty,g006_p000019_g005_p000009_g004_p000001_g003_p000010_g002_p000001_g001_p000057_empty,g007_4ca75a90d1993dd6_0027,42,3.970230318373069e-05,11.0,42.0,19.0,dike_hemisphere,9,5.318548830357948,15.465387410103416,14.369760602324885,8.911208386228328,0,0.25,3.866346852525854,3.592440150581221,2.227802096557082,0.01650773175060749,0.00017304904758930206,0.00017304904758930206,False,0,False,,terminated_non_improving_hard_step,False
branch_93be2bba534f205ca185,new_center,7,43,g007_p000043_g006_p000019_g005_p000009_g004_p000001_g003_p000010_g002_p000001_g001_p000057_empty,g006_p000019_g005_p000009_g004_p000001_g003_p000010_g002_p000001_g001_p000057_empty,g007_4ca75a90d1993dd6_0027,43,3.970230318373069e-05,13.0,42.0,19.0,dike_hemisphere,9,162.87278139301495,14.930658942037091,7.644997662192436,6.895724344385258,0,0.25,3.732664735509273,1.911249415548109,1.7239310860963144,0.016431987285614014,9.73045825958252e-05,9.73045825958252e-05,False,0,False,,terminated_non_improving_hard_step,False
branch_52aece9b39a5938cb219,new_center,7,44,g007_p000044_g006_p000019_g005_p000009_g004_p000001_g003_p000010_g002_p000001_g001_p000057_empty,g006_p000019_g005_p000009_g004_p000001_g003_p000010_g002_p000001_g001_p000057_empty,g007_4ca75a90d1993dd6_0027,44,3.959364039474167e-05,9.0,9.0,16.0,ellipsoid,9,53.16698398242778,11.505385558909126,15.746658574632397,8.176559438290028,0,0.25,2.8763463897272814,3.936664643658099,2.044139859572507,0.016571344807744026,0.0002366621047258377,0.0002366621047258377,False,0,False,,terminated_non_improving_hard_step,False
branch_99aeccf7a03914c45832,new_center,7,45,g007_p000045_g006_p000019_g005_p000009_g004_p000001_g003_p000010_g002_p000001_g001_p000057_empty,g006_p000019_g005_p000009_g004_p000001_g003_p000010_g002_p000001_g001_p000057_empty,g007_4ca75a90d1993dd6_0027,45,3.959364039474167e-05,11.0,11.0,16.0,ellipsoid,9,94.01798206637592,15.845244194056203,9.171900334947564,13.295675150601507,0,0.25,3.961311048514051,2.292975083736891,3.323918787650377,0.016490885987877846,0.0001562032848596573,0.0001562032848596573,False,0,False,,terminated_non_improving_hard_step,False
branch_e5a76bf3235dd72d8795,new_center,7,46,g007_p000046_g006_p000019_g005_p000009_g004_p000001_g003_p000010_g002_p000001_g001_p000057_empty,g006_p000019_g005_p000009_g004_p000001_g003_p000010_g002_p000001_g001_p000057_empty,g007_4ca75a90d1993dd6_0027,46,3.9302336517721415e-05,11.0,44.0,20.0,dike_hemisphere,9,35.83710050410644,6.791260189721637,6.388030291924014,13.932177593022308,0,0.25,1.6978150474304092,1.5970075729810036,3.483044398255577,0.016347436234354973,1.2753531336784363e-05,1.2753531336784363e-05,False,0,False,,terminated_non_improving_hard_step,False
branch_4c59fe5aea2a0dcade57,new_center,7,47,g007_p000047_g006_p000019_g005_p000009_g004_p000001_g003_p000010_g002_p000001_g001_p000057_empty,g006_p000019_g005_p000009_g004_p000001_g003_p000010_g002_p000001_g001_p000057_empty,g007_4ca75a90d1993dd6_0027,47,3.9302336517721415e-05,13.0,40.0,20.0,dike_hemisphere,9,131.89092145082572,10.07698662148599,12.787002289141286,13.2444293860013,0,0.25,2.5192466553714974,3.1967505722853216,3.311107346500325,0.016484078019857407,0.00014939531683921814,0.00014939531683921814,False,0,False,,terminated_non_improving_hard_step,False
branch_48ae6e00d7facc1a2c30,new_center,7,48,g007_p000048_g006_p000025_g005_p000080_g004_p000037_g003_p000083_g002_p000037_g001_p000093_empty,g006_p000025_g005_p000080_g004_p000037_g003_p000083_g002_p000037_g001_p000093_empty,g007_4ca75a90d1993dd6_0027,48,3.917921640095301e-05,13.0,42.0,18.0,ellipsoid,9,68.4928702493201,13.364343632089444,13.025434753981033,10.037860414059308,0,0.25,3.341085908022361,3.2563586884952582,2.509465103514827,0.016581498086452484,0.00024681538343429565,0.00024681538343429565,False,0,False,,terminated_non_improving_hard_step,False
branch_8d3a5034349c5a074b73,new_center,7,49,g007_p000049_g006_p000025_g005_p000080_g004_p000037_g003_p000083_g002_p000037_g001_p000093_empty,g006_p000025_g005_p000080_g004_p000037_g003_p000083_g002_p000037_g001_p000093_empty,g007_4ca75a90d1993dd6_0027,49,3.91792127629742e-05,11.0,42.0,18.0,dike_hemisphere,9,3.0703051416269744,13.585689421827158,9.828699449724247,6.03458813422808,0,0.25,3.3964223554567896,2.457174862431062,1.50864703355702,0.016496537253260612,0.000161854550242424,0.000161854550242424,False,0,False,,terminated_non_improving_hard_step,False
branch_dba77f15f51750c462e8,new_center,7,50,g007_p000050_g006_p000025_g005_p000080_g004_p000037_g003_p000083_g002_p000037_g001_p000093_empty,g006_p000025_g005_p000080_g004_p000037_g003_p000083_g002_p000037_g001_p000093_empty,g007_4ca75a90d1993dd6_0027,50,3.916999776265584e-05,13.0,43.0,19.0,dike_hemisphere,9,1.6970012350214714,12.805049598141895,13.12223396859796,8.715309338228309,0,0.25,3.201262399535474,3.28055849214949,2.1788273345570772,0.016559358686208725,0.0002246759831905365,0.0002246759831905365,False,0,False,,terminated_non_improving_hard_step,False
branch_102bee1be29a0ec6e4d2,new_center,7,51,g007_p000051_g006_p000025_g005_p000080_g004_p000037_g003_p000083_g002_p000037_g001_p000093_empty,g006_p000025_g005_p000080_g004_p000037_g003_p000083_g002_p000037_g001_p000093_empty,g007_4ca75a90d1993dd6_0027,51,3.9169990486698225e-05,11.0,41.0,19.0,dike_hemisphere,9,39.403568718744104,10.432344769919116,15.563943155926081,6.159144015193563,0,0.25,2.608086192479779,3.8909857889815203,1.5397860037983908,0.016560835763812065,0.00022615306079387665,0.00022615306079387665,False,0,False,,terminated_non_improving_hard_step,False
branch_30331564317b57e31904,new_center,7,52,g007_p000052_g006_p000025_g005_p000080_g004_p000037_g003_p000083_g002_p000037_g001_p000093_empty,g006_p000025_g005_p000080_g004_p000037_g003_p000083_g002_p000037_g001_p000093_empty,g007_4ca75a90d1993dd6_0027,52,3.871337685268372e-05,10.0,42.0,20.0,ellipsoid,9,88.66650894649516,10.128314274260507,13.683713524744372,6.363004979456108,0,0.25,2.532078568565127,3.420928381186093,1.590751244864027,0.01661360077559948,0.0002789180725812912,0.0002789180725812912,False,0,False,,terminated_non_improving_hard_step,False
branch_0d7b5b4348ba821a8670,new_center,7,53,g007_p000053_g006_p000025_g005_p000080_g004_p000037_g003_p000083_g002_p000037_g001_p000093_empty,g006_p000025_g005_p000080_g004_p000037_g003_p000083_g002_p000037_g001_p000093_empty,g007_4ca75a90d1993dd6_0027,53,3.8713362300768495e-05,14.0,42.0,20.0,ellipsoid,9,112.60670779533922,11.144688435711545,12.515206999705384,6.287557270557122,0,0.25,2.7861721089278864,3.128801749926346,1.5718893176392805,0.01661360077559948,0.0002789180725812912,0.0002789180725812912,False,0,False,,terminated_non_improving_hard_step,False
branch_8be41d9e80956be9a592,new_center,7,54,g007_p000054_g006_p000025_g005_p000080_g004_p000037_g003_p000083_g002_p000037_g001_p000093_empty,g006_p000025_g005_p000080_g004_p000037_g003_p000083_g002_p000037_g001_p000093_empty,g007_4ca75a90d1993dd6_0027,54,3.868229759973474e-05,8.0,10.0,17.0,ellipsoid,9,126.81069531289896,9.40622623052431,8.477894588654625,9.977678035538819,0,0.25,2.3515565576310773,2.119473647163656,2.4944195088847048,0.016461985185742378,0.00012730248272418976,0.00012730248272418976,False,0,False,,terminated_non_improving_hard_step,False
branch_531945c6d036cdf47386,new_center,7,55,g007_p000055_g006_p000025_g005_p000080_g004_p000037_g003_p000083_g002_p000037_g001_p000093_empty,g006_p000025_g005_p000080_g004_p000037_g003_p000083_g002_p000037_g001_p000093_empty,g007_4ca75a90d1993dd6_0027,55,3.868225394398905e-05,12.0,10.0,17.0,dike_hemisphere,9,37.75194082548663,11.383865051333606,13.714268270458076,7.032215718603184,0,0.25,2.8459662628334015,3.428567067614519,1.758053929650796,0.01654815673828125,0.00021347403526306152,0.00021347403526306152,False,0,False,,terminated_non_improving_hard_step,False
branch_acdbb1c50e0a1bc74ed8,new_center,7,56,g007_p000056_g006_p000025_g005_p000080_g004_p000037_g003_p000083_g002_p000037_g001_p000093_empty,g006_p000025_g005_p000080_g004_p000037_g003_p000083_g002_p000037_g001_p000093_empty,g007_4ca75a90d1993dd6_0027,56,3.7540554330917075e-05,12.0,39.0,20.0,ellipsoid,9,142.57716434139044,6.331553214144137,8.781124150938727,9.288156550068752,0,0.25,1.5828883035360342,2.1952810377346816,2.322039137517188,0.016346873715519905,1.2191012501716614e-05,1.2191012501716614e-05,False,0,False,,terminated_non_improving_hard_step,False
branch_78bb87413594649b2daf,new_center,7,57,g007_p000057_g006_p000025_g005_p000080_g004_p000037_g003_p000083_g002_p000037_g001_p000093_empty,g006_p000025_g005_p000080_g004_p000037_g003_p000083_g002_p000037_g001_p000093_empty,g007_4ca75a90d1993dd6_0027,57,3.754055069293827e-05,12.0,45.0,20.0,dike_hemisphere,9,107.9058047596045,11.884184651137177,11.105910726008606,11.334462136119015,0,0.25,2.9710461627842943,2.7764776815021515,2.8336155340297537,0.016484910622239113,0.00015022791922092438,0.00015022791922092438,False,0,False,,terminated_non_improving_hard_step,False
branch_d35d31e8b9b9001cb8a0,new_center,7,58,g007_p000058_g006_p000025_g005_p000080_g004_p000037_g003_p000083_g002_p000037_g001_p000093_empty,g006_p000025_g005_p000080_g004_p000037_g003_p000083_g002_p000037_g001_p000093_empty,g007_4ca75a90d1993dd6_0027,58,3.6571771488524973e-05,10.0,41.0,20.0,ellipsoid,9,163.06840143301966,15.178882294095096,12.380458734338262,10.00823991297749,0,0.25,3.794720573523774,3.0951146835845655,2.5020599782443727,0.016553474590182304,0.0002187918871641159,0.0002187918871641159,False,0,False,,terminated_non_improving_hard_step,False
branch_d2c4d4c36dbc579f9e68,new_center,7,59,g007_p000059_g006_p000025_g005_p000080_g004_p000037_g003_p000083_g002_p000037_g001_p000093_empty,g006_p000025_g005_p000080_g004_p000037_g003_p000083_g002_p000037_g001_p000093_empty,g007_4ca75a90d1993dd6_0027,59,3.657176421256736e-05,14.0,43.0,20.0,dike_hemisphere,9,15.188405793983994,15.366558172127172,6.868548003026679,9.903108450363947,0,0.25,3.841639543031793,1.7171370007566698,2.4757771125909867,0.016383495181798935,4.881247878074646e-05,4.881247878074646e-05,False,0,False,,terminated_non_improving_hard_step,False
branch_0fc72885b7c09d5f6850,new_center,7,60,g007_p000060_g006_p000031_g005_p000080_g004_p000037_g003_p000083_g002_p000037_g001_p000093_empty,g006_p000031_g005_p000080_g004_p000037_g003_p000083_g002_p000037_g001_p000093_empty,g007_4ca75a90d1993dd6_0027,60,3.6540033761411905e-05,13.0,43.0,18.0,ellipsoid,9,83.99982674155913,10.861503541101145,9.723951662736885,10.813288271807151,0,0.25,2.7153758852752863,2.4309879156842213,2.7033220679517878,0.016481975093483925,0.0001472923904657364,0.0001472923904657364,False,0,False,,terminated_non_improving_hard_step,False
branch_fccd4af0ea4c4e92a76b,new_center,7,61,g007_p000061_g006_p000031_g005_p000080_g004_p000037_g003_p000083_g002_p000037_g001_p000093_empty,g006_p000031_g005_p000080_g004_p000037_g003_p000083_g002_p000037_g001_p000093_empty,g007_4ca75a90d1993dd6_0027,61,3.65400301234331e-05,11.0,41.0,18.0,dike_hemisphere,9,24.705533067733633,14.31574260822393,10.549975064733376,9.117658213747823,0,0.25,3.5789356520559825,2.637493766183344,2.279414553436956,0.016468767076730728,0.00013408437371253967,0.00013408437371253967,False,0,False,,terminated_non_improving_hard_step,False
branch_0902b667ff949006b4d5,new_center,7,62,g007_p000062_g006_p000031_g005_p000080_g004_p000037_g003_p000083_g002_p000037_g001_p000093_empty,g006_p000031_g005_p000080_g004_p000037_g003_p000083_g002_p000037_g001_p000093_empty,g007_4ca75a90d1993dd6_0027,62,3.621663563535549e-05,11.0,40.0,20.0,dike_hemisphere,9,111.80700678470456,12.859704587539849,7.520238485954754,10.556176194829206,0,0.25,3.214926146884962,1.8800596214886884,2.6390440487073015,0.016383495181798935,4.881247878074646e-05,4.881247878074646e-05,False,0,False,,terminated_non_improving_hard_step,False
branch_5a5fbd16d903aa9368c4,new_center,7,63,g007_p000063_g006_p000031_g005_p000080_g004_p000037_g003_p000083_g002_p000037_g001_p000093_empty,g006_p000031_g005_p000080_g004_p000037_g003_p000083_g002_p000037_g001_p000093_empty,g007_4ca75a90d1993dd6_0027,63,3.621662835939787e-05,13.0,44.0,20.0,dike_hemisphere,9,132.04566712781968,13.949341197369842,8.397881708048594,10.397725235036646,0,0.25,3.4873352993424604,2.0994704270121485,2.5994313087591614,0.016455376520752907,0.00012069381773471832,0.00012069381773471832,False,0,False,,terminated_non_improving_hard_step,False
branch_58f698557e358f6bf084,new_center,7,64,g007_p000064_g006_p000031_g005_p000080_g004_p000037_g003_p000083_g002_p000037_g001_p000093_empty,g006_p000031_g005_p000080_g004_p000037_g003_p000083_g002_p000037_g001_p000093_empty,g007_4ca75a90d1993dd6_0027,64,3.51569578924682e-05,10.0,43.0,20.0,dike_hemisphere,9,91.25088794647893,13.54444586798687,7.02387712348585,11.78478712746564,0,0.25,3.3861114669967174,1.7559692808714624,2.94619678186641,0.016383495181798935,4.881247878074646e-05,4.881247878074646e-05,False,0,False,,terminated_non_improving_hard_step,False
branch_f6664d1c83be1bc93b03,new_center,7,65,g007_p000065_g006_p000031_g005_p000080_g004_p000037_g003_p000083_g002_p000037_g001_p000093_empty,g006_p000031_g005_p000080_g004_p000037_g003_p000083_g002_p000037_g001_p000093_empty,g007_4ca75a90d1993dd6_0027,65,3.5156950616510585e-05,14.0,41.0,20.0,ellipsoid,9,161.36747407783812,10.57460604919587,8.199588423027503,11.154744147197288,0,0.25,2.6436515122989674,2.049897105756876,2.788686036799322,0.01646859012544155,0.00013390742242336273,0.00013390742242336273,False,0,False,,terminated_non_improving_hard_step,False
branch_c5b24f1ff7cb7aade59d,new_center,7,66,g007_p000066_g006_p000031_g005_p000080_g004_p000037_g003_p000083_g002_p000037_g001_p000093_empty,g006_p000031_g005_p000080_g004_p000037_g003_p000083_g002_p000037_g001_p000093_empty,g007_4ca75a90d1993dd6_0027,66,3.493005351629108e-05,10.0,40.0,20.0,ellipsoid,9,123.13666239775422,9.541368725621798,12.960732432681379,7.210999881467533,0,0.25,2.3853421814054494,3.2401831081703447,1.8027499703668832,0.016573486849665642,0.0002388041466474533,0.0002388041466474533,False,0,False,,terminated_non_improving_hard_step,False
branch_d87c7c3de6506d167174,new_center,7,67,g007_p000067_g006_p000031_g005_p000080_g004_p000037_g003_p000083_g002_p000037_g001_p000093_empty,g006_p000031_g005_p000080_g004_p000037_g003_p000083_g002_p000037_g001_p000093_empty,g007_4ca75a90d1993dd6_0027,67,3.4930038964375854e-05,14.0,44.0,20.0,ellipsoid,9,153.5682959461202,13.121717071892121,12.151393982920595,11.7223975469471,0,0.25,3.2804292679730302,3.037848495730149,2.930599386736775,0.01654224470257759,0.00020756199955940247,0.00020756199955940247,False,0,False,,terminated_non_improving_hard_step,False
branch_c24033146a0b3e746ce1,new_center,7,68,g007_p000068_g006_p000031_g005_p000080_g004_p000037_g003_p000083_g002_p000037_g001_p000093_empty,g006_p000031_g005_p000080_g004_p000037_g003_p000083_g002_p000037_g001_p000093_empty,g007_4ca75a90d1993dd6_0027,68,3.4676355426199734e-05,12.0,42.0,18.0,ellipsoid,9,117.92252459208488,6.482621531921122,12.165891874780243,13.572075129144864,0,0.25,1.6206553829802806,3.041472968695061,3.393018782286216,0.0164173673838377,8.268468081951141e-05,8.268468081951141e-05,False,0,False,,terminated_non_improving_hard_step,False
branch_a471cd83cfbdb834475a,new_center,7,69,g007_p000069_g006_p000031_g005_p000080_g004_p000037_g003_p000083_g002_p000037_g001_p000093_empty,g006_p000031_g005_p000080_g004_p000037_g003_p000083_g002_p000037_g001_p000093_empty,g007_4ca75a90d1993dd6_0027,69,3.465738336672075e-05,27.0,9.0,35.0,dike_hemisphere,9,120.42595502768896,7.406708985384587,13.728479361050926,12.422120824935263,0,0.25,1.8516772463461468,3.4321198402627315,3.1055302062338157,0.016520561650395393,0.0001858789473772049,0.0001858789473772049,False,0,False,,terminated_non_improving_hard_step,False
branch_5058ec8b6b0591619ff7,new_center,7,70,g007_p000070_g006_p000031_g005_p000080_g004_p000037_g003_p000083_g002_p000037_g001_p000093_empty,g006_p000031_g005_p000080_g004_p000037_g003_p000083_g002_p000037_g001_p000093_empty,g007_4ca75a90d1993dd6_0027,70,3.465737609076314e-05,25.0,11.0,35.0,dike_hemisphere,9,87.87821462164776,10.978483631821558,8.80857265471981,11.657203910729258,0,0.25,2.7446209079553894,2.2021431636799527,2.9143009776823146,0.016456104815006256,0.00012142211198806763,0.00012142211198806763,False,0,False,,terminated_non_improving_hard_step,False
branch_045536e398ae40c81115,new_center,7,71,g007_p000071_g006_p000031_g005_p000080_g004_p000037_g003_p000083_g002_p000037_g001_p000093_empty,g006_p000031_g005_p000080_g004_p000037_g003_p000083_g002_p000037_g001_p000093_empty,g007_4ca75a90d1993dd6_0027,71,3.465691770543344e-05,27.0,10.0,35.0,ellipsoid,9,119.26370392529061,7.836045528691109,11.954382805260511,8.68864762073273,0,0.25,1.9590113821727773,2.988595701315128,2.1721619051831826,0.016514228656888008,0.00017954595386981964,0.00017954595386981964,False,0,False,,terminated_non_improving_hard_step,False
branch_e11918aa6b279932d020,new_center,7,72,g007_p000072_g006_p000037_g005_p000068_g004_p000031_g003_p000052_g002_p000025_g001_p000072_empty,g006_p000037_g005_p000068_g004_p000031_g003_p000052_g002_p000025_g001_p000072_empty,g007_4ca75a90d1993dd6_0027,72,3.4656914067454636e-05,25.0,10.0,35.0,dike_hemisphere,9,11.633645354959263,12.036984285895413,11.065720296659745,9.000970171998443,0,0.25,3.009246071473853,2.766430074164936,2.2502425429996107,0.0165397971868515,0.000205114483833313,0.000205114483833313,False,0,False,,terminated_non_improving_hard_step,False
branch_9e4811491c3a83afcf5a,new_center,7,73,g007_p000073_g006_p000037_g005_p000068_g004_p000031_g003_p000052_g002_p000025_g001_p000072_empty,g006_p000037_g005_p000068_g004_p000031_g003_p000052_g002_p000025_g001_p000072_empty,g007_4ca75a90d1993dd6_0027,73,3.398280750843696e-05,9.0,12.0,17.0,ellipsoid,9,141.7287791239186,8.079423382508216,11.450460385534349,9.904012733104253,0,0.25,2.019855845627054,2.8626150963835872,2.476003183276063,0.016566423699259758,0.00023174099624156952,0.00023174099624156952,False,0,False,,terminated_non_improving_hard_step,False
branch_01b27b642e6c3ee4346a,new_center,7,74,g007_p000074_g006_p000037_g005_p000068_g004_p000031_g003_p000052_g002_p000025_g001_p000072_empty,g006_p000037_g005_p000068_g004_p000031_g003_p000052_g002_p000025_g001_p000072_empty,g007_4ca75a90d1993dd6_0027,74,3.398280023247935e-05,11.0,8.0,17.0,dike_hemisphere,9,154.70147625744784,6.694390493595857,7.826664046193772,12.380865035998866,0,0.25,1.6735976233989642,1.956666011548443,3.0952162589997165,0.016344115138053894,9.432435035705566e-06,9.432435035705566e-06,False,0,False,,terminated_non_improving_hard_step,False
branch_934407ff08cef483e1e7,new_center,7,75,g007_p000075_g006_p000037_g005_p000068_g004_p000031_g003_p000052_g002_p000025_g001_p000072_empty,g006_p000037_g005_p000068_g004_p000031_g003_p000052_g002_p000025_g001_p000072_empty,g007_4ca75a90d1993dd6_0027,75,3.391651625861414e-05,10.0,44.0,20.0,ellipsoid,9,172.45972110991727,10.196975892064266,6.165576920764695,11.189437871816068,0,0.25,2.5492439730160665,1.5413942301911738,2.797359467954017,0.01643747091293335,0.00010278820991516113,0.00010278820991516113,False,0,False,,terminated_non_improving_hard_step,False
branch_c80ec7b0bb308acb1921,new_center,7,76,g007_p000076_g006_p000037_g005_p000068_g004_p000031_g003_p000052_g002_p000025_g001_p000072_empty,g006_p000037_g005_p000068_g004_p000031_g003_p000052_g002_p000025_g001_p000072_empty,g007_4ca75a90d1993dd6_0027,76,3.391651262063533e-05,14.0,40.0,20.0,ellipsoid,9,44.24271800823616,11.674247315867712,9.478304498863888,7.877195313880471,0,0.25,2.918561828966928,2.369576124715972,1.9692988284701178,0.016598189249634743,0.00026350654661655426,0.00026350654661655426,False,0,False,,terminated_non_improving_hard_step,False
branch_1c9acdcc5d921bfb38a3,new_center,7,77,g007_p000077_g006_p000037_g005_p000068_g004_p000031_g003_p000052_g002_p000025_g001_p000072_empty,g006_p000037_g005_p000068_g004_p000031_g003_p000052_g002_p000025_g001_p000072_empty,g007_4ca75a90d1993dd6_0027,77,3.3683125366223976e-05,40.0,10.0,24.0,dike_hemisphere,9,105.50691468121218,8.846779195040794,7.181572382622037,12.583770177774802,0,0.25,2.2116947987601985,1.7953930956555093,3.1459425444437006,0.01643117517232895,9.64924693107605e-05,9.64924693107605e-05,False,0,False,,terminated_non_improving_hard_step,False
branch_57f813008d7def93e4b7,new_center,7,78,g007_p000078_g006_p000037_g005_p000068_g004_p000031_g003_p000052_g002_p000025_g001_p000072_empty,g006_p000037_g005_p000068_g004_p000031_g003_p000052_g002_p000025_g001_p000072_empty,g007_4ca75a90d1993dd6_0027,78,3.368311809026636e-05,42.0,8.0,24.0,ellipsoid,9,159.5472536039101,11.769357170044609,7.869971800539636,7.37299653709487,0,0.25,2.9423392925111522,1.967492950134909,1.8432491342737174,0.016500582918524742,0.00016590021550655365,0.00016590021550655365,False,0,False,,terminated_non_improving_hard_step,False
branch_d932d3a865211dff193c,new_center,7,79,g007_p000079_g006_p000037_g005_p000068_g004_p000031_g003_p000052_g002_p000025_g001_p000072_empty,g006_p000037_g005_p000068_g004_p000031_g003_p000052_g002_p000025_g001_p000072_empty,g007_4ca75a90d1993dd6_0027,79,3.3683114452287555e-05,42.0,12.0,24.0,ellipsoid,9,40.179372375713534,11.48387525695112,6.587933565312996,9.823421847793185,0,0.25,2.87096881423778,1.646983391328249,2.455855461948296,0.016498282551765442,0.00016359984874725342,0.00016359984874725342,False,0,False,,terminated_non_improving_hard_step,False
branch_afb13601683f7b185de2,new_center,7,80,g007_p000080_g006_p000037_g005_p000068_g004_p000031_g003_p000052_g002_p000025_g001_p000072_empty,g006_p000037_g005_p000068_g004_p000031_g003_p000052_g002_p000025_g001_p000072_empty,g007_4ca75a90d1993dd6_0027,80,3.3683099900372326e-05,44.0,10.0,24.0,dike_hemisphere,9,83.69195899366746,8.793678193109287,10.178235776509336,10.27278895799738,0,0.25,2.1984195482773217,2.544558944127334,2.568197239499345,0.01646539382636547,0.0001307111233472824,0.0001307111233472824,False,0,False,,terminated_non_improving_hard_step,False
branch_d90837f2cdfedae1e56e,new_center,7,81,g007_p000081_g006_p000037_g005_p000068_g004_p000031_g003_p000052_g002_p000025_g001_p000072_empty,g006_p000037_g005_p000068_g004_p000031_g003_p000052_g002_p000025_g001_p000072_empty,g007_4ca75a90d1993dd6_0027,81,3.309709427412599e-05,25.0,8.0,37.0,dike_hemisphere,9,155.8003952580698,10.044061739609834,6.22639888805696,7.101295407548242,0,0.25,2.5110154349024585,1.55659972201424,1.7753238518870604,0.016387391835451126,5.270913243293762e-05,5.270913243293762e-05,False,0,False,,terminated_non_improving_hard_step,False
branch_a2465e9951255a84dd1d,new_center,7,82,g007_p000082_g006_p000037_g005_p000068_g004_p000031_g003_p000052_g002_p000025_g001_p000072_empty,g006_p000037_g005_p000068_g004_p000031_g003_p000052_g002_p000025_g001_p000072_empty,g007_4ca75a90d1993dd6_0027,82,3.3097079722210765e-05,27.0,12.0,37.0,ellipsoid,9,111.82871625359347,12.515192619908376,10.148946489514183,12.925958427540245,0,0.25,3.128798154977094,2.5372366223785456,3.231489606885061,0.016492759808897972,0.00015807710587978363,0.00015807710587978363,False,0,False,,terminated_non_improving_hard_step,False
branch_9999a1b4e81e4782aa7f,new_center,7,83,g007_p000083_g006_p000037_g005_p000068_g004_p000031_g003_p000052_g002_p000025_g001_p000072_empty,g006_p000037_g005_p000068_g004_p000031_g003_p000052_g002_p000025_g001_p000072_empty,g007_4ca75a90d1993dd6_0027,83,3.2807758543640375e-05,9.0,8.0,17.0,ellipsoid,9,28.1591115533498,10.952126967207873,10.71115175788442,8.731949905083134,0,0.25,2.738031741801968,2.677787939471105,2.1829874762707835,0.016492655500769615,0.0001579727977514267,0.0001579727977514267,False,0,False,,terminated_non_improving_hard_step,False
branch_b56e565a5cc83bd8b587,new_center,7,84,g007_p000084_g006_p000043_g005_p000068_g004_p000031_g003_p000052_g002_p000025_g001_p000072_empty,g006_p000043_g005_p000068_g004_p000031_g003_p000052_g002_p000025_g001_p000072_empty,g007_4ca75a90d1993dd6_0027,84,3.2807733077788725e-05,11.0,12.0,17.0,ellipsoid,9,4.846409760068049,13.926693674637725,13.120277749526462,12.62958044371705,0,0.25,3.4816734186594314,3.2800694373816155,3.1573951109292624,0.01652555726468563,0.00019087456166744232,0.00019087456166744232,False,0,False,,terminated_non_improving_hard_step,False
branch_f31d4c3c77be9dbb182c,new_center,7,85,g007_p000085_g006_p000043_g005_p000068_g004_p000031_g003_p000052_g002_p000025_g001_p000072_empty,g006_p000043_g005_p000068_g004_p000031_g003_p000052_g002_p000025_g001_p000072_empty,g007_4ca75a90d1993dd6_0027,85,3.279349402873777e-05,10.0,7.0,17.0,dike_hemisphere,9,166.85763407277474,6.286272967274874,10.28512744785278,13.992207659598066,0,0.25,1.5715682418187185,2.571281861963195,3.4980519148995164,0.0163554884493351,2.080574631690979e-05,2.080574631690979e-05,False,0,False,,terminated_non_improving_hard_step,False
branch_73b3032cc281b70a0901,new_center,7,86,g007_p000086_g006_p000043_g005_p000068_g004_p000031_g003_p000052_g002_p000025_g001_p000072_empty,g006_p000043_g005_p000068_g004_p000031_g003_p000052_g002_p000025_g001_p000072_empty,g007_4ca75a90d1993dd6_0027,86,3.279348311480135e-05,10.0,13.0,17.0,dike_hemisphere,9,26.397042894825642,8.51078268741541,13.321555587336611,10.63641538224805,0,0.25,2.1276956718538527,3.330388896834153,2.6591038455620124,0.016486041247844696,0.00015135854482650757,0.00015135854482650757,False,0,False,,terminated_non_improving_hard_step,False
branch_1ba54b403e8b6e572d06,new_center,7,87,g007_p000087_g006_p000043_g005_p000068_g004_p000031_g003_p000052_g002_p000025_g001_p000072_empty,g006_p000043_g005_p000068_g004_p000031_g003_p000052_g002_p000025_g001_p000072_empty,g007_4ca75a90d1993dd6_0027,87,3.272023968747817e-05,11.0,40.0,19.0,dike_hemisphere,9,31.559785311601324,11.927811926701967,10.29757486569783,8.436073468785555,0,0.25,2.9819529816754917,2.5743937164244577,2.1090183671963887,0.01649506762623787,0.00016038492321968079,0.00016038492321968079,False,0,False,,terminated_non_improving_hard_step,False
branch_23c2c9d2daae799a0c69,new_center,7,88,g007_p000088_g006_p000043_g005_p000068_g004_p000031_g003_p000052_g002_p000025_g001_p000072_empty,g006_p000043_g005_p000068_g004_p000031_g003_p000052_g002_p000025_g001_p000072_empty,g007_4ca75a90d1993dd6_0027,88,3.272023968747817e-05,13.0,44.0,19.0,dike_hemisphere,9,159.30450348447317,15.170269767500352,15.338909495646181,12.928677899653863,0,0.25,3.792567441875088,3.8347273739115453,3.2321694749134657,0.016495954245328903,0.00016127154231071472,0.00016127154231071472,False,0,False,,terminated_non_improving_hard_step,False
branch_53aba6b0572fe427d4b9,new_center,7,89,g007_p000089_g006_p000043_g005_p000068_g004_p000031_g003_p000052_g002_p000025_g001_p000072_empty,g006_p000043_g005_p000068_g004_p000031_g003_p000052_g002_p000025_g001_p000072_empty,g007_4ca75a90d1993dd6_0027,89,3.267771899118088e-05,8.0,11.0,17.0,dike_hemisphere,9,77.20129147763622,9.34547242205359,7.574649058508823,11.292687025512176,0,0.25,2.3363681055133974,1.8936622646272057,2.823171756378044,0.016410555690526962,7.58729875087738e-05,7.58729875087738e-05,False,0,False,,terminated_non_improving_hard_step,False
branch_6d817991cabcdb3fc064,new_center,7,90,g007_p000090_g006_p000043_g005_p000068_g004_p000031_g003_p000052_g002_p000025_g001_p000072_empty,g006_p000043_g005_p000068_g004_p000031_g003_p000052_g002_p000025_g001_p000072_empty,g007_4ca75a90d1993dd6_0027,90,3.267769352532923e-05,12.0,9.0,17.0,ellipsoid,9,122.2173158526356,11.357765211783864,6.406678261902595,11.927586427574852,0,0.25,2.839441302945966,1.6016695654756488,2.981896606893713,0.01641855202615261,8.38693231344223e-05,8.38693231344223e-05,False,0,False,,terminated_non_improving_hard_step,False
branch_96b7678a937f95ad4d3e,new_center,7,91,g007_p000091_g006_p000043_g005_p000068_g004_p000031_g003_p000052_g002_p000025_g001_p000072_empty,g006_p000043_g005_p000068_g004_p000031_g003_p000052_g002_p000025_g001_p000072_empty,g007_4ca75a90d1993dd6_0027,91,3.2167583412956446e-05,14.0,41.0,19.0,dike_hemisphere,9,1.7922225636565936,14.31808846652239,7.799659338687338,9.428446101202553,0,0.25,3.5795221166305975,1.9499148346718345,2.3571115253006383,0.016391750425100327,5.706772208213806e-05,5.706772208213806e-05,False,0,False,,terminated_non_improving_hard_step,False
branch_ac4710961e2b27ce7d43,new_center,7,92,g007_p000092_g006_p000043_g005_p000068_g004_p000031_g003_p000052_g002_p000025_g001_p000072_empty,g006_p000043_g005_p000068_g004_p000031_g003_p000052_g002_p000025_g001_p000072_empty,g007_4ca75a90d1993dd6_0027,92,3.216757977497764e-05,10.0,43.0,19.0,dike_hemisphere,9,117.36602269294717,11.074295999089955,6.771489499134651,13.56246887887096,0,0.25,2.7685739997724887,1.6928723747836627,3.39061721971774,0.016391750425100327,5.706772208213806e-05,5.706772208213806e-05,False,0,False,,terminated_non_improving_hard_step,False
branch_f86485030fa3eed972c3,new_center,7,93,g007_p000093_g006_p000043_g005_p000068_g004_p000031_g003_p000052_g002_p000025_g001_p000072_empty,g006_p000043_g005_p000068_g004_p000031_g003_p000052_g002_p000025_g001_p000072_empty,g007_4ca75a90d1993dd6_0027,93,3.1871608371147886e-05,12.0,40.0,19.0,ellipsoid,9,102.30256490449484,11.329793655917266,11.91766409649742,6.85529504404219,0,0.25,2.8324484139793165,2.979416024124355,1.7138237610105476,0.016624903306365013,0.00029022060334682465,0.00029022060334682465,False,0,False,,terminated_non_improving_hard_step,False
branch_df26dd808bb8aaf352d1,new_center,7,94,g007_p000094_g006_p000043_g005_p000068_g004_p000031_g003_p000052_g002_p000025_g001_p000072_empty,g006_p000043_g005_p000068_g004_p000031_g003_p000052_g002_p000025_g001_p000072_empty,g007_4ca75a90d1993dd6_0027,94,3.1871608371147886e-05,12.0,44.0,19.0,ellipsoid,9,164.11997157937884,7.0137415486013435,12.00071949317696,9.42213638822006,0,0.25,1.7534353871503359,3.00017987329424,2.355534097055015,0.016417765989899635,8.308328688144684e-05,8.308328688144684e-05,False,0,False,,terminated_non_improving_hard_step,False
branch_147e4bd3b11dd70ea8c9,new_center,7,95,g007_p000095_g006_p000043_g005_p000068_g004_p000031_g003_p000052_g002_p000025_g001_p000072_empty,g006_p000043_g005_p000068_g004_p000031_g003_p000052_g002_p000025_g001_p000072_empty,g007_4ca75a90d1993dd6_0027,95,3.177033431711607e-05,14.0,44.0,19.0,ellipsoid,9,166.0678200036905,10.396090914902151,10.229041262794787,6.794422338783213,0,0.25,2.599022728725538,2.557260315698697,1.6986055846958033,0.016496555879712105,0.00016187317669391632,0.00016187317669391632,False,0,False,,terminated_non_improving_hard_step,False
branch_ea8a363eb3710ff06a38,new_center,8,0,g008_p000000_g007_p000074_g006_p000037_g005_p000068_g004_p000031_g003_p000052_g002_p000025_g001_p000072_empty,g007_p000074_g006_p000037_g005_p000068_g004_p000031_g003_p000052_g002_p000025_g001_p000072_empty,g008_86bf5097059c02d7_0028,0,8.122159488266334e-05,12.0,42.0,19.0,ellipsoid,9,160.1390522080291,6.71778766500096,10.88022632839596,11.702678288638715,0,0.25,1.67944691625024,2.72005658209899,2.925669572159679,0.016427144408226013,8.302927017211914e-05,9.246170520782471e-05,False,0,False,,terminated_non_improving_hard_step,False
branch_7be6e4704fd9464e1b57,new_center,8,6,g008_p000006_g007_p000074_g006_p000037_g005_p000068_g004_p000031_g003_p000052_g002_p000025_g001_p000072_empty,g007_p000074_g006_p000037_g005_p000068_g004_p000031_g003_p000052_g002_p000025_g001_p000072_empty,g008_86bf5097059c02d7_0028,1,6.900660810060799e-05,12.0,43.0,20.0,ellipsoid,9,86.25630766718058,6.262269311765079,12.24531928300771,11.491392472517996,0,0.25,1.5655673279412698,3.0613298207519275,2.872848118129499,0.01638232171535492,3.820657730102539e-05,4.763901233673096e-05,False,0,False,,terminated_non_improving_hard_step,False
branch_a8e308d5fc206ba30ee7,new_center,8,12,g008_p000012_g007_p000056_g006_p000025_g005_p000080_g004_p000037_g003_p000083_g002_p000037_g001_p000093_empty,g007_p000056_g006_p000025_g005_p000080_g004_p000037_g003_p000083_g002_p000037_g001_p000093_empty,g008_ba5ef640232dcce6_0029,0,8.379568316740915e-05,12.0,42.0,19.0,dike_hemisphere,9,149.9466362395585,9.427230348197217,13.055700901552612,6.632907071971162,0,0.25,2.356807587049304,3.263925225388153,1.6582267679927905,0.01650860719382763,0.000161733478307724,0.0001739244908094406,False,0,False,,terminated_non_improving_hard_step,False
branch_f95d8962ad6e608251a0,new_center,8,18,g008_p000018_g007_p000056_g006_p000025_g005_p000080_g004_p000037_g003_p000083_g002_p000037_g001_p000093_empty,g007_p000056_g006_p000025_g005_p000080_g004_p000037_g003_p000083_g002_p000037_g001_p000093_empty,g008_ba5ef640232dcce6_0029,1,7.210223702713847e-05,12.0,41.0,20.0,ellipsoid,9,58.952559484375186,11.198540913076762,11.228217304109187,9.08886811562266,0,0.25,2.7996352282691905,2.8070543260272967,2.272217028905665,0.01649055816233158,0.00014368444681167603,0.00015587545931339264,False,0,False,,terminated_non_improving_hard_step,False
branch_142806636bfdca4bfa6a,new_center,8,24,g008_p000024_g007_p000046_g006_p000019_g005_p000009_g004_p000001_g003_p000010_g002_p000001_g001_p000057_empty,g007_p000046_g006_p000019_g005_p000009_g004_p000001_g003_p000010_g002_p000001_g001_p000057_empty,g008_8aab2dd43c88afa5_0030,0,8.034765778575093e-05,12.0,42.0,19.0,ellipsoid,9,157.766005869811,11.701798755092518,8.25876478397401,9.713861675491714,0,0.25,2.9254496887731296,2.0646911959935026,2.4284654188729284,0.016495004296302795,0.00014756806194782257,0.00016032159328460693,False,0,False,,terminated_non_improving_hard_step,False
branch_a3b27e4a0f2a050699cc,new_center,8,30,g008_p000030_g007_p000046_g006_p000019_g005_p000009_g004_p000001_g003_p000010_g002_p000001_g001_p000057_empty,g007_p000046_g006_p000019_g005_p000009_g004_p000001_g003_p000010_g002_p000001_g001_p000057_empty,g008_8aab2dd43c88afa5_0030,1,6.691589078400284e-05,12.0,41.0,20.0,dike_hemisphere,9,175.7413557890261,15.648715261431889,11.23174420370335,10.244234780930423,0,0.25,3.912178815357972,2.8079360509258375,2.5610586952326058,0.016543108969926834,0.00019567273557186127,0.00020842626690864563,False,0,False,,terminated_non_improving_hard_step,False
branch_73a9644c954acc0a1d52,new_center,8,36,g008_p000036_g007_p000085_g006_p000043_g005_p000068_g004_p000031_g003_p000052_g002_p000025_g001_p000072_empty,g007_p000085_g006_p000043_g005_p000068_g004_p000031_g003_p000052_g002_p000025_g001_p000072_empty,g008_9303af6c37632401_0031,0,8.122159488266334e-05,12.0,42.0,19.0,dike_hemisphere,9,13.384823708907234,11.190822354515237,15.724705680888517,12.866510377596205,0,0.25,2.7977055886288094,3.9311764202221293,3.216627594399051,0.016551673412322998,0.00019618496298789978,0.00021699070930480957,False,0,False,,terminated_non_improving_hard_step,False
branch_073845a0f094bc00984d,new_center,8,42,g008_p000042_g007_p000085_g006_p000043_g005_p000068_g004_p000031_g003_p000052_g002_p000025_g001_p000072_empty,g007_p000085_g006_p000043_g005_p000068_g004_p000031_g003_p000052_g002_p000025_g001_p000072_empty,g008_9303af6c37632401_0031,1,6.900660810060799e-05,12.0,43.0,20.0,ellipsoid,9,153.34405757893805,10.58019179126048,10.30155296085694,13.427209821958689,0,0.25,2.64504794781512,2.575388240214235,3.3568024554896723,0.016419073566794395,6.358511745929718e-05,8.439086377620697e-05,False,0,False,,terminated_non_improving_hard_step,False
branch_083a4863600d1e53922d,new_center,8,48,g008_p000048_g007_p000034_g006_p000013_g005_p000009_g004_p000001_g003_p000010_g002_p000001_g001_p000057_empty,g007_p000034_g006_p000013_g005_p000009_g004_p000001_g003_p000010_g002_p000001_g001_p000057_empty,g008_a0a7269bd79916dd_0032,0,8.122159488266334e-05,12.0,42.0,19.0,dike_hemisphere,9,61.895572884001346,10.594642231606363,14.764091059790294,13.331674965170592,0,0.25,2.6486605579015907,3.6910227649475735,3.332918741292648,0.016496064141392708,0.00013178028166294098,0.00016138143837451935,False,0,False,,terminated_non_improving_hard_step,False
branch_286a06819c2cbae54619,new_center,8,54,g008_p000054_g007_p000034_g006_p000013_g005_p000009_g004_p000001_g003_p000010_g002_p000001_g001_p000057_empty,g007_p000034_g006_p000013_g005_p000009_g004_p000001_g003_p000010_g002_p000001_g001_p000057_empty,g008_a0a7269bd79916dd_0032,1,6.900660810060799e-05,12.0,43.0,20.0,dike_hemisphere,9,69.73159145361585,11.421690810300888,15.27354289902218,7.542050545689542,0,0.25,2.855422702575222,3.818385724755545,1.8855126364223855,0.016592690721154213,0.0002284068614244461,0.0002580080181360245,False,0,False,,terminated_non_improving_hard_step,False
branch_1bc0f7170b104ccd4032,new_center,8,60,g008_p000060_g007_p000036_g006_p000019_g005_p000009_g004_p000001_g003_p000010_g002_p000001_g001_p000057_empty,g007_p000036_g006_p000019_g005_p000009_g004_p000001_g003_p000010_g002_p000001_g001_p000057_empty,g008_26a6de17bb1c7b96_0033,0,8.122159488266334e-05,12.0,42.0,19.0,dike_hemisphere,9,9.871005955570736,15.323975754556953,15.237433716783064,13.980363749993181,0,0.25,3.830993938639238,3.809358429195766,3.4950909374982952,0.01653212122619152,0.00016783736646175385,0.00019743852317333221,False,0,False,,terminated_non_improving_hard_step,False
branch_03cde6da16b5958b7ffa,new_center,8,66,g008_p000066_g007_p000036_g006_p000019_g005_p000009_g004_p000001_g003_p000010_g002_p000001_g001_p000057_empty,g007_p000036_g006_p000019_g005_p000009_g004_p000001_g003_p000010_g002_p000001_g001_p000057_empty,g008_26a6de17bb1c7b96_0033,1,6.900660810060799e-05,12.0,43.0,20.0,dike_hemisphere,9,140.3469513005278,14.638018304747195,9.735435078827363,9.563901968583954,0,0.25,3.659504576186799,2.433858769706841,2.3909754921459885,0.01649545691907406,0.0001311730593442917,0.00016077421605587006,False,0,False,,terminated_non_improving_hard_step,False
branch_a2634079880a46168e7a,new_center,8,72,g008_p000072_g007_p000001_g006_p000001_g005_p000034_g004_p000013_g003_p000002_g002_p000001_g001_p000057_empty,g007_p000001_g006_p000001_g005_p000034_g004_p000013_g003_p000002_g002_p000001_g001_p000057_empty,g008_ae4a0873ea9b31fc_0034,0,8.368760609300807e-05,12.0,42.0,19.0,ellipsoid,9,66.27636475544976,11.44045136325444,10.281653158534354,7.268990755492508,0,0.25,2.86011284081361,2.5704132896335885,1.817247688873127,0.016483986750245094,0.00011642090976238251,0.00014930404722690582,False,0,False,,terminated_non_improving_hard_step,False
branch_056ac97d8b98847abbd7,new_center,8,78,g008_p000078_g007_p000001_g006_p000001_g005_p000034_g004_p000013_g003_p000002_g002_p000001_g001_p000057_empty,g007_p000001_g006_p000001_g005_p000034_g004_p000013_g003_p000002_g002_p000001_g001_p000057_empty,g008_ae4a0873ea9b31fc_0034,1,7.11820466676727e-05,12.0,41.0,20.0,dike_hemisphere,9,170.95305729270575,15.499704843425494,11.846484559070213,13.060866285672788,0,0.25,3.8749262108563736,2.961621139767553,3.265216571418197,0.01654898002743721,0.0001814141869544983,0.0002142973244190216,False,0,False,,terminated_non_improving_hard_step,False
branch_29e054e382ad058c204f,new_center,8,84,g008_p000084_g007_p000002_g006_p000001_g005_p000034_g004_p000013_g003_p000002_g002_p000001_g001_p000057_empty,g007_p000002_g006_p000001_g005_p000034_g004_p000013_g003_p000002_g002_p000001_g001_p000057_empty,g008_2172b5f90460904a_0035,0,7.738300337223336e-05,12.0,42.0,19.0,dike_hemisphere,9,124.94868777674657,10.780573982307482,6.941149237035175,13.656235645590906,0,0.25,2.6951434955768705,1.7352873092587937,3.4140589113977264,0.016406388953328133,3.347732126712799e-05,7.170625030994415e-05,False,0,False,,terminated_non_improving_hard_step,False
branch_ba2f13c3573595eadb47,new_center,8,90,g008_p000090_g007_p000002_g006_p000001_g005_p000034_g004_p000013_g003_p000002_g002_p000001_g001_p000057_empty,g007_p000002_g006_p000001_g005_p000034_g004_p000013_g003_p000002_g002_p000001_g001_p000057_empty,g008_2172b5f90460904a_0035,1,6.275781925069168e-05,11.0,10.0,17.0,dike_hemisphere,9,42.8505984550024,13.566331613923763,8.477095171856853,12.873244746380957,0,0.25,3.391582903480941,2.119273792964213,3.218311186595239,0.01643258146941662,5.966983735561371e-05,9.789876639842987e-05,False,0,False,,terminated_non_improving_hard_step,False
branch_be9285b1c764470b7fb9,new_center,9,0,g009_p000000_g008_p000001_g007_p000074_g006_p000037_g005_p000068_g004_p000031_g003_p000052_g002_p000025_g001_p000072_empty,g008_p000001_g007_p000074_g006_p000037_g005_p000068_g004_p000031_g003_p000052_g002_p000025_g001_p000072_empty,g009_9f473571ede69951_0036,0,8.122159488266334e-05,12.0,42.0,19.0,dike_hemisphere,9,88.39745609621104,11.240967160336506,7.61293987923369,10.436639821307995,0,0.25,2.8102417900841266,1.9032349698084225,2.609159955326999,0.01639174483716488,5.706213414669037e-05,5.706213414669037e-05,False,0,False,,terminated_non_improving_hard_step,False
branch_fc247aabfd24e98d079a,new_center,9,1,g009_p000001_g008_p000001_g007_p000074_g006_p000037_g005_p000068_g004_p000031_g003_p000052_g002_p000025_g001_p000072_empty,g008_p000001_g007_p000074_g006_p000037_g005_p000068_g004_p000031_g003_p000052_g002_p000025_g001_p000072_empty,g009_9f473571ede69951_0036,1,6.900660810060799e-05,12.0,43.0,20.0,ellipsoid,9,87.8051044196038,8.84816740874314,11.522522493541508,8.52878679681763,0,0.25,2.212041852185785,2.880630623385377,2.1321966992044077,0.01647847332060337,0.0001437906175851822,0.0001437906175851822,False,0,False,,terminated_non_improving_hard_step,False
branch_e30de9d1b6ff3b1c58b3,new_center,9,2,g009_p000002_g008_p000001_g007_p000074_g006_p000037_g005_p000068_g004_p000031_g003_p000052_g002_p000025_g001_p000072_empty,g008_p000001_g007_p000074_g006_p000037_g005_p000068_g004_p000031_g003_p000052_g002_p000025_g001_p000072_empty,g009_9f473571ede69951_0036,2,6.900660082465038e-05,12.0,41.0,20.0,ellipsoid,9,155.55691010563413,8.232313640586359,7.374009249180931,9.386621840410946,0,0.25,2.0580784101465897,1.8435023122952328,2.3466554601027365,0.016413085162639618,7.840245962142944e-05,7.840245962142944e-05,False,0,False,,terminated_non_improving_hard_step,False
branch_14cfa7f698bfb789917f,new_center,9,3,g009_p000003_g008_p000001_g007_p000074_g006_p000037_g005_p000068_g004_p000031_g003_p000052_g002_p000025_g001_p000072_empty,g008_p000001_g007_p000074_g006_p000037_g005_p000068_g004_p000031_g003_p000052_g002_p000025_g001_p000072_empty,g009_9f473571ede69951_0036,3,6.275781925069168e-05,11.0,10.0,17.0,dike_hemisphere,9,128.77767559356903,9.84844451559638,10.809484391935449,8.33305427697271,0,0.25,2.462111128899095,2.702371097983862,2.0832635692431776,0.016374360769987106,3.967806696891785e-05,3.967806696891785e-05,False,0,False,,terminated_non_improving_hard_step,False
branch_641ca331dc07f80dd256,new_center,9,4,g009_p000004_g008_p000001_g007_p000074_g006_p000037_g005_p000068_g004_p000031_g003_p000052_g002_p000025_g001_p000072_empty,g008_p000001_g007_p000074_g006_p000037_g005_p000068_g004_p000031_g003_p000052_g002_p000025_g001_p000072_empty,g009_9f473571ede69951_0036,4,6.275781197473407e-05,9.0,10.0,17.0,dike_hemisphere,9,7.782540501667565,14.34914985127967,10.26996769393995,8.657126479514382,0,0.25,3.5872874628199174,2.5674919234849876,2.1642816198785955,0.0165038350969553,0.0001691523939371109,0.0001691523939371109,False,0,False,,terminated_non_improving_hard_step,False
branch_9be4a5c0080036eb7439,new_center,9,5,g009_p000005_g008_p000001_g007_p000074_g006_p000037_g005_p000068_g004_p000031_g003_p000052_g002_p000025_g001_p000072_empty,g008_p000001_g007_p000074_g006_p000037_g005_p000068_g004_p000031_g003_p000052_g002_p000025_g001_p000072_empty,g009_9f473571ede69951_0036,5,6.144454528111964e-05,11.0,43.0,20.0,dike_hemisphere,9,171.92098476609516,10.103158521809885,10.805966300358701,9.490040897907882,0,0.25,2.525789630452471,2.7014915750896753,2.3725102244769705,0.016426632180809975,9.19494777917862e-05,9.19494777917862e-05,False,0,False,,terminated_non_improving_hard_step,False
branch_45146ea1848ae909d504,new_center,9,6,g009_p000006_g008_p000001_g007_p000074_g006_p000037_g005_p000068_g004_p000031_g003_p000052_g002_p000025_g001_p000072_empty,g008_p000001_g007_p000074_g006_p000037_g005_p000068_g004_p000031_g003_p000052_g002_p000025_g001_p000072_empty,g009_9f473571ede69951_0036,6,6.144453072920442e-05,13.0,41.0,20.0,ellipsoid,9,88.98914329016789,11.88557802002516,15.419658543551098,6.277066304023724,0,0.25,2.97139450500629,3.8549146358877744,1.569266576005931,0.016623398289084435,0.00028871558606624603,0.00028871558606624603,False,0,False,,terminated_non_improving_hard_step,False
branch_808928beaa7a4b2212cf,new_center,9,7,g009_p000007_g008_p000001_g007_p000074_g006_p000037_g005_p000068_g004_p000031_g003_p000052_g002_p000025_g001_p000072_empty,g008_p000001_g007_p000074_g006_p000037_g005_p000068_g004_p000031_g003_p000052_g002_p000025_g001_p000072_empty,g009_9f473571ede69951_0036,7,5.940553455729969e-05,9.0,11.0,17.0,ellipsoid,9,174.79339973382798,14.81688043459478,7.526674563654096,8.218697733785598,0,0.25,3.704220108648695,1.881668640913524,2.0546744334463996,0.01638774573802948,5.3063035011291504e-05,5.3063035011291504e-05,False,0,False,,terminated_non_improving_hard_step,False
branch_4063ca8ef5d7bcaabe07,new_center,9,8,g009_p000008_g008_p000001_g007_p000074_g006_p000037_g005_p000068_g004_p000031_g003_p000052_g002_p000025_g001_p000072_empty,g008_p000001_g007_p000074_g006_p000037_g005_p000068_g004_p000031_g003_p000052_g002_p000025_g001_p000072_empty,g009_9f473571ede69951_0036,8,5.940550909144804e-05,11.0,9.0,17.0,dike_hemisphere,9,130.47419759866918,7.700121583757324,10.028388977918024,13.572052690289546,0,0.25,1.925030395939331,2.507097244479506,3.3930131725723864,0.01647382788360119,0.00013914518058300018,0.00013914518058300018,False,0,False,,terminated_non_improving_hard_step,False
branch_580762aee21192cca53e,new_center,9,9,g009_p000009_g008_p000001_g007_p000074_g006_p000037_g005_p000068_g004_p000031_g003_p000052_g002_p000025_g001_p000072_empty,g008_p000001_g007_p000074_g006_p000037_g005_p000068_g004_p000031_g003_p000052_g002_p000025_g001_p000072_empty,g009_9f473571ede69951_0036,9,5.9084559325128794e-05,10.0,9.0,17.0,ellipsoid,9,126.08141936839567,6.904483076624711,8.989553790004962,10.37624253507493,0,0.25,1.7261207691561777,2.2473884475012404,2.5940606337687324,0.01638774573802948,5.3063035011291504e-05,5.3063035011291504e-05,False,0,False,,terminated_non_improving_hard_step,False
branch_0b3eda32318d1f35fb1f,new_center,9,10,g009_p000010_g008_p000001_g007_p000074_g006_p000037_g005_p000068_g004_p000031_g003_p000052_g002_p000025_g001_p000072_empty,g008_p000001_g007_p000074_g006_p000037_g005_p000068_g004_p000031_g003_p000052_g002_p000025_g001_p000072_empty,g009_9f473571ede69951_0036,10,5.908455204917118e-05,10.0,11.0,17.0,ellipsoid,9,59.010024125495754,11.918939610159708,11.948089498592962,11.759853440326538,0,0.25,2.979734902539927,2.9870223746482405,2.9399633600816344,0.016459373757243156,0.00012469105422496796,0.00012469105422496796,False,0,False,,terminated_non_improving_hard_step,False
branch_4e9380b39808628e86e9,new_center,9,11,g009_p000011_g008_p000001_g007_p000074_g006_p000037_g005_p000068_g004_p000031_g003_p000052_g002_p000025_g001_p000072_empty,g008_p000001_g007_p000074_g006_p000037_g005_p000068_g004_p000031_g003_p000052_g002_p000025_g001_p000072_empty,g009_9f473571ede69951_0036,11,5.2042749302927405e-05,11.0,42.0,20.0,ellipsoid,9,167.05668910876383,15.356290994905176,6.099485262089358,11.761840442739777,0,0.25,3.839072748726294,1.5248713155223395,2.940460110684944,0.016372911632061005,3.822892904281616e-05,3.822892904281616e-05,False,0,False,,terminated_non_improving_hard_step,False
branch_5643115319652369ea1e,new_center,9,12,g009_p000012_g008_p000007_g007_p000074_g006_p000037_g005_p000068_g004_p000031_g003_p000052_g002_p000025_g001_p000072_empty,g008_p000007_g007_p000074_g006_p000037_g005_p000068_g004_p000031_g003_p000052_g002_p000025_g001_p000072_empty,g009_9f473571ede69951_0036,12,5.204273838899098e-05,13.0,42.0,20.0,dike_hemisphere,9,35.77769542595775,9.218519426892126,13.19145719888959,12.605011200820261,0,0.25,2.3046298567230314,3.2978642997223977,3.1512528002050653,0.016491204500198364,0.00015652179718017578,0.00015652179718017578,False,0,False,,terminated_non_improving_hard_step,False
branch_e455f39ce28c47fce9db,new_center,9,13,g009_p000013_g008_p000007_g007_p000074_g006_p000037_g005_p000068_g004_p000031_g003_p000052_g002_p000025_g001_p000072_empty,g008_p000007_g007_p000074_g006_p000037_g005_p000068_g004_p000031_g003_p000052_g002_p000025_g001_p000072_empty,g009_9f473571ede69951_0036,13,5.1120747230015695e-05,12.0,43.0,19.0,dike_hemisphere,9,44.89041691985706,13.762138258085127,14.744211343203158,10.012114562126417,0,0.25,3.4405345645212817,3.6860528358007896,2.5030286405316042,0.01650773175060749,0.00017304904758930206,0.00017304904758930206,False,0,False,,terminated_non_improving_hard_step,False
branch_fcd8bb1103b1aea5390b,new_center,9,14,g009_p000014_g008_p000007_g007_p000074_g006_p000037_g005_p000068_g004_p000031_g003_p000052_g002_p000025_g001_p000072_empty,g008_p000007_g007_p000074_g006_p000037_g005_p000068_g004_p000031_g003_p000052_g002_p000025_g001_p000072_empty,g009_9f473571ede69951_0036,14,5.112074359203689e-05,12.0,41.0,19.0,dike_hemisphere,9,141.82321524899965,7.89424516045387,14.811183369016378,6.695924984676826,0,0.25,1.9735612901134676,3.7027958422540945,1.6739812461692065,0.016560835763812065,0.00022615306079387665,0.00022615306079387665,False,0,False,,terminated_non_improving_hard_step,False
branch_fa9aba35ac4da9eff57e,new_center,9,15,g009_p000015_g008_p000007_g007_p000074_g006_p000037_g005_p000068_g004_p000031_g003_p000052_g002_p000025_g001_p000072_empty,g008_p000007_g007_p000074_g006_p000037_g005_p000068_g004_p000031_g003_p000052_g002_p000025_g001_p000072_empty,g009_9f473571ede69951_0036,15,5.102583600091748e-05,10.0,11.0,16.0,dike_hemisphere,9,176.86846001159975,10.32364542698591,15.390133819735505,13.528393062978353,0,0.25,2.5809113567464776,3.847533454933876,3.382098265744588,0.016520539298653603,0.00018585659563541412,0.00018585659563541412,False,0,False,,terminated_non_improving_hard_step,False
branch_406ccd65f9e4fff6f3c0,new_center,9,16,g009_p000016_g008_p000007_g007_p000074_g006_p000037_g005_p000068_g004_p000031_g003_p000052_g002_p000025_g001_p000072_empty,g008_p000007_g007_p000074_g006_p000037_g005_p000068_g004_p000031_g003_p000052_g002_p000025_g001_p000072_empty,g009_9f473571ede69951_0036,16,5.102581053506583e-05,10.0,9.0,16.0,ellipsoid,9,138.74706195562433,15.156603365564319,11.203201275314754,13.237902965024428,0,0.25,3.7891508413910797,2.8008003188286885,3.309475741256107,0.01638789288699627,5.321018397808075e-05,5.321018397808075e-05,False,0,False,,terminated_non_improving_hard_step,False
branch_a34145466c4433faca95,new_center,9,17,g009_p000017_g008_p000007_g007_p000074_g006_p000037_g005_p000068_g004_p000031_g003_p000052_g002_p000025_g001_p000072_empty,g008_p000007_g007_p000074_g006_p000037_g005_p000068_g004_p000031_g003_p000052_g002_p000025_g001_p000072_empty,g009_9f473571ede69951_0036,17,4.963566971127875e-05,25.0,9.0,36.0,ellipsoid,9,147.12821012778105,6.038322218273278,14.387470154332973,6.384860750226715,0,0.25,1.5095805545683194,3.5968675385832434,1.5962151875566788,0.01646394655108452,0.00012926384806632996,0.00012926384806632996,False,0,False,,terminated_non_improving_hard_step,False
branch_6d6cd1e8826299c1df56,new_center,9,18,g009_p000018_g008_p000007_g007_p000074_g006_p000037_g005_p000068_g004_p000031_g003_p000052_g002_p000025_g001_p000072_empty,g008_p000007_g007_p000074_g006_p000037_g005_p000068_g004_p000031_g003_p000052_g002_p000025_g001_p000072_empty,g009_9f473571ede69951_0036,18,4.9635651521384716e-05,27.0,11.0,36.0,dike_hemisphere,9,114.43971361857282,15.062668093222523,8.373148045864903,10.441956786289946,0,0.25,3.765667023305631,2.093287011466226,2.6104891965724866,0.016491539776325226,0.00015685707330703735,0.00015685707330703735,False,0,False,,terminated_non_improving_hard_step,False
branch_0d556a566d803de544f2,new_center,9,19,g009_p000019_g008_p000007_g007_p000074_g006_p000037_g005_p000068_g004_p000031_g003_p000052_g002_p000025_g001_p000072_empty,g008_p000007_g007_p000074_g006_p000037_g005_p000068_g004_p000031_g003_p000052_g002_p000025_g001_p000072_empty,g009_9f473571ede69951_0036,19,4.89582926093135e-05,11.0,10.0,16.0,ellipsoid,9,119.0382663942443,14.113215963357366,14.231572084992475,12.281562428942074,0,0.25,3.5283039908393414,3.557893021248119,3.0703906072355185,0.016499683260917664,0.0001650005578994751,0.0001650005578994751,False,0,False,,terminated_non_improving_hard_step,False
branch_355de1c8b516203a40a5,new_center,9,20,g009_p000020_g008_p000007_g007_p000074_g006_p000037_g005_p000068_g004_p000031_g003_p000052_g002_p000025_g001_p000072_empty,g008_p000007_g007_p000074_g006_p000037_g005_p000068_g004_p000031_g003_p000052_g002_p000025_g001_p000072_empty,g009_9f473571ede69951_0036,20,4.8958278057398275e-05,9.0,10.0,16.0,dike_hemisphere,9,106.2835617802922,7.6429165926662215,14.594127618809942,8.775590792549131,0,0.25,1.9107291481665554,3.6485319047024856,2.193897698137283,0.01642787456512451,9.319186210632324e-05,9.319186210632324e-05,False,0,False,,terminated_non_improving_hard_step,False
branch_1b3ff12750811da45e42,new_center,9,21,g009_p000021_g008_p000007_g007_p000074_g006_p000037_g005_p000068_g004_p000031_g003_p000052_g002_p000025_g001_p000072_empty,g008_p000007_g007_p000074_g006_p000037_g005_p000068_g004_p000031_g003_p000052_g002_p000025_g001_p000072_empty,g009_9f473571ede69951_0036,21,4.890865966444835e-05,12.0,44.0,20.0,dike_hemisphere,9,121.12645849838556,8.304715128807498,9.888131670636076,11.951090158645062,0,0.25,2.0761787822018745,2.472032917659019,2.9877725396612655,0.016451815143227577,0.00011713244020938873,0.00011713244020938873,False,0,False,,terminated_non_improving_hard_step,False
branch_2b2cc01f1ad54a9ecd85,new_center,9,22,g009_p000022_g008_p000007_g007_p000074_g006_p000037_g005_p000068_g004_p000031_g003_p000052_g002_p000025_g001_p000072_empty,g008_p000007_g007_p000074_g006_p000037_g005_p000068_g004_p000031_g003_p000052_g002_p000025_g001_p000072_empty,g009_9f473571ede69951_0036,22,4.8908656026469544e-05,12.0,40.0,20.0,ellipsoid,9,127.3085512913982,9.904841331573591,12.628275043097982,8.83804257753495,0,0.25,2.4762103328933978,3.1570687607744956,2.2095106443837373,0.016533760353922844,0.00019907765090465546,0.00019907765090465546,False,0,False,,terminated_non_improving_hard_step,False
branch_4befce7845f9ae07a366,new_center,9,23,g009_p000023_g008_p000007_g007_p000074_g006_p000037_g005_p000068_g004_p000031_g003_p000052_g002_p000025_g001_p000072_empty,g008_p000007_g007_p000074_g006_p000037_g005_p000068_g004_p000031_g003_p000052_g002_p000025_g001_p000072_empty,g009_9f473571ede69951_0036,23,4.62875614175573e-05,11.0,41.0,20.0,dike_hemisphere,9,9.281070429389791,9.184598809896572,6.648288967385511,8.006313517324223,0,0.25,2.296149702474143,1.6620722418463778,2.0015783793310558,0.016412317752838135,7.763504981994629e-05,7.763504981994629e-05,False,0,False,,terminated_non_improving_hard_step,False
branch_96499c0c0f4c59abf704,new_center,9,24,g009_p000024_g008_p000013_g007_p000056_g006_p000025_g005_p000080_g004_p000037_g003_p000083_g002_p000037_g001_p000093_empty,g008_p000013_g007_p000056_g006_p000025_g005_p000080_g004_p000037_g003_p000083_g002_p000037_g001_p000093_empty,g009_9f473571ede69951_0036,24,4.628755777957849e-05,13.0,43.0,20.0,ellipsoid,9,132.42640932925767,13.270470858216546,7.1787170977344585,10.87725370770526,0,0.25,3.3176177145541366,1.7946792744336146,2.719313426926315,0.01654360629618168,0.0002089235931634903,0.0002089235931634903,False,0,False,,terminated_non_improving_hard_step,False
branch_7b6d6de5e1e86f51cb03,new_center,9,25,g009_p000025_g008_p000013_g007_p000056_g006_p000025_g005_p000080_g004_p000037_g003_p000083_g002_p000037_g001_p000093_empty,g008_p000013_g007_p000056_g006_p000025_g005_p000080_g004_p000037_g003_p000083_g002_p000037_g001_p000093_empty,g009_9f473571ede69951_0036,25,4.379302481538616e-05,12.0,42.0,20.0,ellipsoid,9,34.194632314115516,10.526272436618374,7.731033663090596,8.61496083861756,0,0.25,2.6315681091545935,1.932758415772649,2.15374020965439,0.01647847518324852,0.00014379248023033142,0.00014379248023033142,False,0,False,,terminated_non_improving_hard_step,False
branch_da4adbc1cb8e1f612034,new_center,9,26,g009_p000026_g008_p000013_g007_p000056_g006_p000025_g005_p000080_g004_p000037_g003_p000083_g002_p000037_g001_p000093_empty,g008_p000013_g007_p000056_g006_p000025_g005_p000080_g004_p000037_g003_p000083_g002_p000037_g001_p000093_empty,g009_9f473571ede69951_0036,26,4.329717921791598e-05,41.0,10.0,24.0,dike_hemisphere,9,102.3276719352704,12.62220345444292,7.527191869936944,9.371736622895455,0,0.25,3.15555086361073,1.881797967484236,2.3429341557238637,0.016408996656537056,7.431395351886749e-05,7.431395351886749e-05,False,0,False,,terminated_non_improving_hard_step,False
branch_4af38406a12bfa9b1a7c,new_center,9,27,g009_p000027_g008_p000013_g007_p000056_g006_p000025_g005_p000080_g004_p000037_g003_p000083_g002_p000037_g001_p000093_empty,g008_p000013_g007_p000056_g006_p000025_g005_p000080_g004_p000037_g003_p000083_g002_p000037_g001_p000093_empty,g009_9f473571ede69951_0036,27,4.329716830397956e-05,42.0,9.0,24.0,dike_hemisphere,9,60.5551921805734,10.423433157174134,7.814793601903773,12.674453584982679,0,0.25,2.6058582892935336,1.9536984004759432,3.1686133962456697,0.016452420502901077,0.0001177377998828888,0.0001177377998828888,False,0,False,,terminated_non_improving_hard_step,False
branch_d15cafd5f8d543b96280,new_center,9,28,g009_p000028_g008_p000013_g007_p000056_g006_p000025_g005_p000080_g004_p000037_g003_p000083_g002_p000037_g001_p000093_empty,g008_p000013_g007_p000056_g006_p000025_g005_p000080_g004_p000037_g003_p000083_g002_p000037_g001_p000093_empty,g009_9f473571ede69951_0036,28,4.3297164666000754e-05,42.0,11.0,24.0,dike_hemisphere,9,94.98762575093365,6.825208833912604,12.814730285114393,10.68040678717951,0,0.25,1.706302208478151,3.2036825712785983,2.6701016967948776,0.016408998519182205,7.431581616401672e-05,7.431581616401672e-05,False,0,False,,terminated_non_improving_hard_step,False
branch_0f15d025a61bb0946a21,new_center,9,29,g009_p000029_g008_p000013_g007_p000056_g006_p000025_g005_p000080_g004_p000037_g003_p000083_g002_p000037_g001_p000093_empty,g008_p000013_g007_p000056_g006_p000025_g005_p000080_g004_p000037_g003_p000083_g002_p000037_g001_p000093_empty,g009_9f473571ede69951_0036,29,4.329715375206433e-05,43.0,10.0,24.0,ellipsoid,9,141.1391414649055,14.717610954275143,13.04458501131087,7.3831924888433695,0,0.25,3.6794027385687857,3.2611462528277175,1.8457981222108424,0.016604764387011528,0.00027008168399333954,0.00027008168399333954,False,0,False,,terminated_non_improving_hard_step,False
branch_0b60a6e2a4e28f981dd6,new_center,9,30,g009_p000030_g008_p000013_g007_p000056_g006_p000025_g005_p000080_g004_p000037_g003_p000083_g002_p000037_g001_p000093_empty,g008_p000013_g007_p000056_g006_p000025_g005_p000080_g004_p000037_g003_p000083_g002_p000037_g001_p000093_empty,g009_9f473571ede69951_0036,30,4.188812818028964e-05,26.0,9.0,36.0,ellipsoid,9,175.9386037398379,13.68375637085189,15.641764826572292,6.859266590623788,0,0.25,3.4209390927129726,3.910441206643073,1.714816647655947,0.0165975634008646,0.00026288069784641266,0.00026288069784641266,False,0,False,,terminated_non_improving_hard_step,False
branch_1ffb3736cb858aae8a86,new_center,9,31,g009_p000031_g008_p000013_g007_p000056_g006_p000025_g005_p000080_g004_p000037_g003_p000083_g002_p000037_g001_p000093_empty,g008_p000013_g007_p000056_g006_p000025_g005_p000080_g004_p000037_g003_p000083_g002_p000037_g001_p000093_empty,g009_9f473571ede69951_0036,31,4.188812090433203e-05,26.0,11.0,36.0,dike_hemisphere,9,104.33768322547061,15.783075792172648,15.816245351983994,9.106636492773086,0,0.25,3.945768948043162,3.9540613379959986,2.2766591231932716,0.016485074535012245,0.0001503918319940567,0.0001503918319940567,False,0,False,,terminated_non_improving_hard_step,False
branch_b89add592f6206cec370,new_center,9,32,g009_p000032_g008_p000013_g007_p000056_g006_p000025_g005_p000080_g004_p000037_g003_p000083_g002_p000037_g001_p000093_empty,g008_p000013_g007_p000056_g006_p000025_g005_p000080_g004_p000037_g003_p000083_g002_p000037_g001_p000093_empty,g009_9f473571ede69951_0036,32,4.1871462599374354e-05,25.0,10.0,36.0,ellipsoid,9,49.56618155087447,10.748661207046524,15.570590025636804,7.658653398757979,0,0.25,2.687165301761631,3.892647506409201,1.9146633496894947,0.016531873494386673,0.0001971907913684845,0.0001971907913684845,False,0,False,,terminated_non_improving_hard_step,False
branch_4a152e8922bbd94c1f80,new_center,9,33,g009_p000033_g008_p000013_g007_p000056_g006_p000025_g005_p000080_g004_p000037_g003_p000083_g002_p000037_g001_p000093_empty,g008_p000013_g007_p000056_g006_p000025_g005_p000080_g004_p000037_g003_p000083_g002_p000037_g001_p000093_empty,g009_9f473571ede69951_0036,33,4.1871437133522704e-05,27.0,10.0,36.0,dike_hemisphere,9,58.62782326549562,7.50956803113055,14.61718656282578,11.761602501486035,0,0.25,1.8773920077826376,3.654296640706445,2.9404006253715087,0.016470344737172127,0.0001356620341539383,0.0001356620341539383,False,0,False,,terminated_non_improving_hard_step,False
branch_f380f91cf339b3cc4944,new_center,9,34,g009_p000034_g008_p000013_g007_p000056_g006_p000025_g005_p000080_g004_p000037_g003_p000083_g002_p000037_g001_p000093_empty,g008_p000013_g007_p000056_g006_p000025_g005_p000080_g004_p000037_g003_p000083_g002_p000037_g001_p000093_empty,g009_9f473571ede69951_0036,34,4.111378439120017e-05,9.0,9.0,17.0,dike_hemisphere,9,11.847205905748746,12.240768593473668,8.585390607235077,6.251057385789732,0,0.25,3.060192148368417,2.146347651808769,1.562764346447433,0.01640012115240097,6.543844938278198e-05,6.543844938278198e-05,False,0,False,,terminated_non_improving_hard_step,False
branch_ea41714aabc0827fcc24,new_center,9,35,g009_p000035_g008_p000013_g007_p000056_g006_p000025_g005_p000080_g004_p000037_g003_p000083_g002_p000037_g001_p000093_empty,g008_p000013_g007_p000056_g006_p000025_g005_p000080_g004_p000037_g003_p000083_g002_p000037_g001_p000093_empty,g009_9f473571ede69951_0036,35,4.111373709747568e-05,11.0,11.0,17.0,ellipsoid,9,124.52608804053219,10.72706786046323,13.312633289618462,11.03395428408735,0,0.25,2.6817669651158074,3.3281583224046156,2.7584885710218376,0.016459021717309952,0.0001243390142917633,0.0001243390142917633,False,0,False,,terminated_non_improving_hard_step,False
branch_ff701fdb72dd0b61185a,new_center,9,36,g009_p000036_g008_p000019_g007_p000056_g006_p000025_g005_p000080_g004_p000037_g003_p000083_g002_p000037_g001_p000093_empty,g008_p000019_g007_p000056_g006_p000025_g005_p000080_g004_p000037_g003_p000083_g002_p000037_g001_p000093_empty,g009_9f473571ede69951_0036,36,4.091047594556585e-05,10.0,8.0,17.0,dike_hemisphere,9,167.17458922515996,15.764961112760965,10.485510009881757,10.707109201621165,0,0.25,3.941240278190241,2.6213775024704393,2.6767773004052913,0.016525421291589737,0.00019073858857154846,0.00019073858857154846,False,0,False,,terminated_non_improving_hard_step,False
branch_5997bef86834ceddc2c9,new_center,9,37,g009_p000037_g008_p000019_g007_p000056_g006_p000025_g005_p000080_g004_p000037_g003_p000083_g002_p000037_g001_p000093_empty,g008_p000019_g007_p000056_g006_p000025_g005_p000080_g004_p000037_g003_p000083_g002_p000037_g001_p000093_empty,g009_9f473571ede69951_0036,37,4.091047230758704e-05,10.0,12.0,17.0,dike_hemisphere,9,26.587255973670658,14.140747023519507,12.609640678723844,7.88705963719298,0,0.25,3.535186755879877,3.152410169680961,1.971764909298245,0.01654815673828125,0.00021347403526306152,0.00021347403526306152,False,0,False,,terminated_non_improving_hard_step,False
branch_4dc020da7dda8e274176,new_center,9,38,g009_p000038_g008_p000019_g007_p000056_g006_p000025_g005_p000080_g004_p000037_g003_p000083_g002_p000037_g001_p000093_empty,g008_p000019_g007_p000056_g006_p000025_g005_p000080_g004_p000037_g003_p000083_g002_p000037_g001_p000093_empty,g009_9f473571ede69951_0036,38,4.043041553813964e-05,41.0,9.0,24.0,dike_hemisphere,9,32.7596114441947,8.727365535509836,6.267386638790812,13.738565938150119,0,0.25,2.181841383877459,1.566846659697703,3.4346414845375297,0.016366368159651756,3.168545663356781e-05,3.168545663356781e-05,False,0,False,,terminated_non_improving_hard_step,False
branch_c02584684562c8d62a5d,new_center,9,39,g009_p000039_g008_p000019_g007_p000056_g006_p000025_g005_p000080_g004_p000037_g003_p000083_g002_p000037_g001_p000093_empty,g008_p000019_g007_p000056_g006_p000025_g005_p000080_g004_p000037_g003_p000083_g002_p000037_g001_p000093_empty,g009_9f473571ede69951_0036,39,4.0430411900160834e-05,41.0,11.0,24.0,ellipsoid,9,21.044204025055723,10.551613341122456,9.613937618701128,13.703618852156348,0,0.25,2.637903335280614,2.403484404675282,3.425904713039087,0.01649710163474083,0.000162418931722641,0.000162418931722641,False,0,False,,terminated_non_improving_hard_step,False
branch_2afeab45720bafe8c37d,new_center,9,40,g009_p000040_g008_p000019_g007_p000056_g006_p000025_g005_p000080_g004_p000037_g003_p000083_g002_p000037_g001_p000093_empty,g008_p000019_g007_p000056_g006_p000025_g005_p000080_g004_p000037_g003_p000083_g002_p000037_g001_p000093_empty,g009_9f473571ede69951_0036,40,4.04303937102668e-05,43.0,9.0,24.0,ellipsoid,9,13.787861742448113,11.05194011081809,12.517556788205125,8.978191611676667,0,0.25,2.7629850277045227,3.1293891970512813,2.244547902919167,0.016599079594016075,0.00026439689099788666,0.00026439689099788666,False,0,False,,terminated_non_improving_hard_step,False
branch_aaaed535cdbfa02b0734,new_center,9,41,g009_p000041_g008_p000019_g007_p000056_g006_p000025_g005_p000080_g004_p000037_g003_p000083_g002_p000037_g001_p000093_empty,g008_p000019_g007_p000056_g006_p000025_g005_p000080_g004_p000037_g003_p000083_g002_p000037_g001_p000093_empty,g009_9f473571ede69951_0036,41,4.04303937102668e-05,43.0,11.0,24.0,ellipsoid,9,111.64863463717825,10.753592835155597,15.351657907132399,7.9268257819489545,0,0.25,2.6883982087888993,3.8379144767830997,1.9817064454872386,0.016534244641661644,0.0001995619386434555,0.0001995619386434555,False,0,False,,terminated_non_improving_hard_step,False
branch_b2f049a5759dc751fdc1,new_center,9,42,g009_p000042_g008_p000019_g007_p000056_g006_p000025_g005_p000080_g004_p000037_g003_p000083_g002_p000037_g001_p000093_empty,g008_p000019_g007_p000056_g006_p000025_g005_p000080_g004_p000037_g003_p000083_g002_p000037_g001_p000093_empty,g009_9f473571ede69951_0036,42,3.970230318373069e-05,11.0,42.0,19.0,dike_hemisphere,9,119.03911203213012,15.913283844328731,9.047311971446156,7.808344533329963,0,0.25,3.978320961082183,2.261827992861539,1.9520861333324908,0.016560835763812065,0.00022615306079387665,0.00022615306079387665,False,0,False,,terminated_non_improving_hard_step,False
branch_a8d73a8a069684a4aa51,new_center,9,43,g009_p000043_g008_p000019_g007_p000056_g006_p000025_g005_p000080_g004_p000037_g003_p000083_g002_p000037_g001_p000093_empty,g008_p000019_g007_p000056_g006_p000025_g005_p000080_g004_p000037_g003_p000083_g002_p000037_g001_p000093_empty,g009_9f473571ede69951_0036,43,3.970230318373069e-05,13.0,42.0,19.0,ellipsoid,9,35.453913169611475,10.258417757575266,11.249910220791376,7.140665938376852,0,0.25,2.5646044393938165,2.812477555197844,1.785166484594213,0.016496537253260612,0.000161854550242424,0.000161854550242424,False,0,False,,terminated_non_improving_hard_step,False
branch_0f79d7b0da21c1c7a7d2,new_center,9,44,g009_p000044_g008_p000019_g007_p000056_g006_p000025_g005_p000080_g004_p000037_g003_p000083_g002_p000037_g001_p000093_empty,g008_p000019_g007_p000056_g006_p000025_g005_p000080_g004_p000037_g003_p000083_g002_p000037_g001_p000093_empty,g009_9f473571ede69951_0036,44,3.959364039474167e-05,9.0,9.0,16.0,dike_hemisphere,9,78.27068993386253,8.967104148107211,9.368628666161257,8.717791918677332,0,0.25,2.2417760370268027,2.3421571665403143,2.179447979669333,0.016447264701128006,0.0001125819981098175,0.0001125819981098175,False,0,False,,terminated_non_improving_hard_step,False
branch_4b6ec118b4dac8589fb6,new_center,9,45,g009_p000045_g008_p000019_g007_p000056_g006_p000025_g005_p000080_g004_p000037_g003_p000083_g002_p000037_g001_p000093_empty,g008_p000019_g007_p000056_g006_p000025_g005_p000080_g004_p000037_g003_p000083_g002_p000037_g001_p000093_empty,g009_9f473571ede69951_0036,45,3.959364039474167e-05,11.0,11.0,16.0,dike_hemisphere,9,140.34455936897058,9.46772383828279,9.36826817215816,10.24644785840212,0,0.25,2.3669309595706975,2.34206704303954,2.56161196460053,0.01642138510942459,8.670240640640259e-05,8.670240640640259e-05,False,0,False,,terminated_non_improving_hard_step,False
branch_9dc9e99776bf15b75561,new_center,9,46,g009_p000046_g008_p000019_g007_p000056_g006_p000025_g005_p000080_g004_p000037_g003_p000083_g002_p000037_g001_p000093_empty,g008_p000019_g007_p000056_g006_p000025_g005_p000080_g004_p000037_g003_p000083_g002_p000037_g001_p000093_empty,g009_9f473571ede69951_0036,46,3.9302336517721415e-05,11.0,44.0,20.0,ellipsoid,9,23.768473968518485,9.609281309070479,11.19858608337336,12.812016132332548,0,0.25,2.4023203272676197,2.79964652084334,3.203004033083137,0.016432946547865868,9.826384484767914e-05,9.826384484767914e-05,False,0,False,,terminated_non_improving_hard_step,False
branch_31afc28a94e627e86ede,new_center,9,47,g009_p000047_g008_p000019_g007_p000056_g006_p000025_g005_p000080_g004_p000037_g003_p000083_g002_p000037_g001_p000093_empty,g008_p000019_g007_p000056_g006_p000025_g005_p000080_g004_p000037_g003_p000083_g002_p000037_g001_p000093_empty,g009_9f473571ede69951_0036,47,3.9302336517721415e-05,13.0,40.0,20.0,dike_hemisphere,9,137.1925281800813,6.896129243488227,10.31712160258769,13.147922892523182,0,0.25,1.7240323108720568,2.5792804006469225,3.2869807231307955,0.01641232520341873,7.764250040054321e-05,7.764250040054321e-05,False,0,False,,terminated_non_improving_hard_step,False
branch_c5295baadd7322632bcd,new_center,9,48,g009_p000048_g008_p000025_g007_p000046_g006_p000019_g005_p000009_g004_p000001_g003_p000010_g002_p000001_g001_p000057_empty,g008_p000025_g007_p000046_g006_p000019_g005_p000009_g004_p000001_g003_p000010_g002_p000001_g001_p000057_empty,g009_9f473571ede69951_0036,48,3.917921640095301e-05,13.0,42.0,18.0,dike_hemisphere,9,85.14895180813885,9.208174206550456,12.880866974313212,6.212785081471336,0,0.25,2.302043551637614,3.220216743578303,1.553196270367834,0.016431987285614014,9.73045825958252e-05,9.73045825958252e-05,False,0,False,,terminated_non_improving_hard_step,False
branch_add674d1eda5cd2a19e0,new_center,9,49,g009_p000049_g008_p000025_g007_p000046_g006_p000019_g005_p000009_g004_p000001_g003_p000010_g002_p000001_g001_p000057_empty,g008_p000025_g007_p000046_g006_p000019_g005_p000009_g004_p000001_g003_p000010_g002_p000001_g001_p000057_empty,g009_9f473571ede69951_0036,49,3.91792127629742e-05,11.0,42.0,18.0,ellipsoid,9,77.92926204795657,7.527216840747401,13.791759833547715,9.674837169451813,0,0.25,1.8818042101868502,3.447939958386929,2.418709292362953,0.0164173673838377,8.268468081951141e-05,8.268468081951141e-05,False,0,False,,terminated_non_improving_hard_step,False
branch_28f8d462feee4b9e5c72,new_center,9,50,g009_p000050_g008_p000025_g007_p000046_g006_p000019_g005_p000009_g004_p000001_g003_p000010_g002_p000001_g001_p000057_empty,g008_p000025_g007_p000046_g006_p000019_g005_p000009_g004_p000001_g003_p000010_g002_p000001_g001_p000057_empty,g009_9f473571ede69951_0036,50,3.916999776265584e-05,13.0,43.0,19.0,dike_hemisphere,9,114.48386259087678,15.327326109728507,13.795468848065884,13.16044092215856,0,0.25,3.8318315274321266,3.448867212016471,3.29011023053964,0.016502827405929565,0.00016814470291137695,0.00016814470291137695,False,0,False,,terminated_non_improving_hard_step,False
branch_c8e6af22a913fac03bac,new_center,9,51,g009_p000051_g008_p000025_g007_p000046_g006_p000019_g005_p000009_g004_p000001_g003_p000010_g002_p000001_g001_p000057_empty,g008_p000025_g007_p000046_g006_p000019_g005_p000009_g004_p000001_g003_p000010_g002_p000001_g001_p000057_empty,g009_9f473571ede69951_0036,51,3.9169990486698225e-05,11.0,41.0,19.0,ellipsoid,9,67.89978321667564,7.415161040829754,11.15783951816398,10.9400190818339,0,0.25,1.8537902602074385,2.789459879540995,2.735004770458475,0.016417760401964188,8.307769894599915e-05,8.307769894599915e-05,False,0,False,,terminated_non_improving_hard_step,False
branch_64cb3fc9bd5fe08d20d9,new_center,9,52,g009_p000052_g008_p000025_g007_p000046_g006_p000019_g005_p000009_g004_p000001_g003_p000010_g002_p000001_g001_p000057_empty,g008_p000025_g007_p000046_g006_p000019_g005_p000009_g004_p000001_g003_p000010_g002_p000001_g001_p000057_empty,g009_9f473571ede69951_0036,52,3.871337685268372e-05,10.0,42.0,20.0,dike_hemisphere,9,105.81632647135046,11.971624888777933,9.697556599683343,10.151544494860246,0,0.25,2.9929062221944833,2.424389149920836,2.5378861237150616,0.016423054039478302,8.837133646011353e-05,8.837133646011353e-05,False,0,False,,terminated_non_improving_hard_step,False
branch_c857ad4ee85caf2511b4,new_center,9,53,g009_p000053_g008_p000025_g007_p000046_g006_p000019_g005_p000009_g004_p000001_g003_p000010_g002_p000001_g001_p000057_empty,g008_p000025_g007_p000046_g006_p000019_g005_p000009_g004_p000001_g003_p000010_g002_p000001_g001_p000057_empty,g009_9f473571ede69951_0036,53,3.8713362300768495e-05,14.0,42.0,20.0,dike_hemisphere,9,140.57516849647587,15.153774942263802,10.53692410027733,12.268716783741827,0,0.25,3.7884437355659504,2.6342310250693326,3.0671791959354566,0.016458947211503983,0.00012426450848579407,0.00012426450848579407,False,0,False,,terminated_non_improving_hard_step,False
branch_3d35c550b3af02391060,new_center,9,54,g009_p000054_g008_p000025_g007_p000046_g006_p000019_g005_p000009_g004_p000001_g003_p000010_g002_p000001_g001_p000057_empty,g008_p000025_g007_p000046_g006_p000019_g005_p000009_g004_p000001_g003_p000010_g002_p000001_g001_p000057_empty,g009_9f473571ede69951_0036,54,3.868229759973474e-05,8.0,10.0,17.0,dike_hemisphere,9,68.68973589600687,8.980466747720186,11.913201371592233,13.678217352165134,0,0.25,2.2451166869300465,2.9783003428980583,3.4195543380412836,0.016411932185292244,7.724948227405548e-05,7.724948227405548e-05,False,0,False,,terminated_non_improving_hard_step,False
branch_39dfd0eb671b460416fd,new_center,9,55,g009_p000055_g008_p000025_g007_p000046_g006_p000019_g005_p000009_g004_p000001_g003_p000010_g002_p000001_g001_p000057_empty,g008_p000025_g007_p000046_g006_p000019_g005_p000009_g004_p000001_g003_p000010_g002_p000001_g001_p000057_empty,g009_9f473571ede69951_0036,55,3.868225394398905e-05,12.0,10.0,17.0,dike_hemisphere,9,48.58189130873807,13.219017052820249,14.899791496347326,11.587515178830696,0,0.25,3.304754263205062,3.7249478740868316,2.896878794707674,0.016506817191839218,0.00017213448882102966,0.00017213448882102966,False,0,False,,terminated_non_improving_hard_step,False
branch_9a2809f4cc0fb0584b27,new_center,9,56,g009_p000056_g008_p000025_g007_p000046_g006_p000019_g005_p000009_g004_p000001_g003_p000010_g002_p000001_g001_p000057_empty,g008_p000025_g007_p000046_g006_p000019_g005_p000009_g004_p000001_g003_p000010_g002_p000001_g001_p000057_empty,g009_9f473571ede69951_0036,56,3.7540554330917075e-05,12.0,39.0,20.0,ellipsoid,9,21.944009519996428,6.763735857999899,10.319646886493047,13.244960619471474,0,0.25,1.6909339644999748,2.5799117216232617,3.3112401548678685,0.01643747091293335,0.00010278820991516113,0.00010278820991516113,False,0,False,,terminated_non_improving_hard_step,False
branch_0d63b2925bea7a551da4,new_center,9,57,g009_p000057_g008_p000025_g007_p000046_g006_p000019_g005_p000009_g004_p000001_g003_p000010_g002_p000001_g001_p000057_empty,g008_p000025_g007_p000046_g006_p000019_g005_p000009_g004_p000001_g003_p000010_g002_p000001_g001_p000057_empty,g009_9f473571ede69951_0036,57,3.754055069293827e-05,12.0,45.0,20.0,ellipsoid,9,109.02315391591395,13.170648964474486,14.458062551452372,6.957597608724478,0,0.25,3.2926622411186215,3.614515637863093,1.7393994021811194,0.016643274575471878,0.0003085918724536896,0.0003085918724536896,False,0,False,,terminated_non_improving_hard_step,False
branch_384620dbcfa48e8b0434,new_center,9,58,g009_p000058_g008_p000025_g007_p000046_g006_p000019_g005_p000009_g004_p000001_g003_p000010_g002_p000001_g001_p000057_empty,g008_p000025_g007_p000046_g006_p000019_g005_p000009_g004_p000001_g003_p000010_g002_p000001_g001_p000057_empty,g009_9f473571ede69951_0036,58,3.6571771488524973e-05,10.0,41.0,20.0,dike_hemisphere,9,143.2857994048967,6.624416914892667,9.218252557040444,13.581547304226321,0,0.25,1.6561042287231666,2.304563139260111,3.3953868260565803,0.016347436234354973,1.2753531336784363e-05,1.2753531336784363e-05,False,0,False,,terminated_non_improving_hard_step,False
branch_40e6b51639f58b49c67a,new_center,9,59,g009_p000059_g008_p000025_g007_p000046_g006_p000019_g005_p000009_g004_p000001_g003_p000010_g002_p000001_g001_p000057_empty,g008_p000025_g007_p000046_g006_p000019_g005_p000009_g004_p000001_g003_p000010_g002_p000001_g001_p000057_empty,g009_9f473571ede69951_0036,59,3.657176421256736e-05,14.0,43.0,20.0,ellipsoid,9,45.68116828235837,8.510731695438452,9.363015913904164,12.318185317490567,0,0.25,2.127682923859613,2.340753978476041,3.0795463293726417,0.01646859012544155,0.00013390742242336273,0.00013390742242336273,False,0,False,,terminated_non_improving_hard_step,False
branch_46a4dce6fa2fa9811e4b,new_center,9,60,g009_p000060_g008_p000031_g007_p000046_g006_p000019_g005_p000009_g004_p000001_g003_p000010_g002_p000001_g001_p000057_empty,g008_p000031_g007_p000046_g006_p000019_g005_p000009_g004_p000001_g003_p000010_g002_p000001_g001_p000057_empty,g009_9f473571ede69951_0036,60,3.6540033761411905e-05,13.0,43.0,18.0,ellipsoid,9,13.35635150348039,8.364356172519564,15.99304046969044,9.605166846070688,0,0.25,2.091089043129891,3.99826011742261,2.401291711517672,0.01651727966964245,0.00018259696662425995,0.00018259696662425995,False,0,False,,terminated_non_improving_hard_step,False
branch_660e44e16bd9157dc3b3,new_center,9,61,g009_p000061_g008_p000031_g007_p000046_g006_p000019_g005_p000009_g004_p000001_g003_p000010_g002_p000001_g001_p000057_empty,g008_p000031_g007_p000046_g006_p000019_g005_p000009_g004_p000001_g003_p000010_g002_p000001_g001_p000057_empty,g009_9f473571ede69951_0036,61,3.65400301234331e-05,11.0,41.0,18.0,dike_hemisphere,9,75.64114602204107,6.287829175306989,7.219308287731824,8.408036468810865,0,0.25,1.5719572938267472,1.804827071932956,2.102009117202716,0.01635250449180603,1.7821788787841797e-05,1.7821788787841797e-05,False,0,False,,terminated_non_improving_hard_step,False
branch_136ced0e8420d58a4b27,new_center,9,62,g009_p000062_g008_p000031_g007_p000046_g006_p000019_g005_p000009_g004_p000001_g003_p000010_g002_p000001_g001_p000057_empty,g008_p000031_g007_p000046_g006_p000019_g005_p000009_g004_p000001_g003_p000010_g002_p000001_g001_p000057_empty,g009_9f473571ede69951_0036,62,3.621663563535549e-05,11.0,40.0,20.0,ellipsoid,9,100.83538191719481,9.58082560004093,8.504408234158827,6.683476580063545,0,0.25,2.3952064000102324,2.126102058539707,1.6708691450158863,0.0164885725826025,0.00015388987958431244,0.00015388987958431244,False,0,False,,terminated_non_improving_hard_step,False
branch_e6365dc5cc83eeb0af53,new_center,9,63,g009_p000063_g008_p000031_g007_p000046_g006_p000019_g005_p000009_g004_p000001_g003_p000010_g002_p000001_g001_p000057_empty,g008_p000031_g007_p000046_g006_p000019_g005_p000009_g004_p000001_g003_p000010_g002_p000001_g001_p000057_empty,g009_9f473571ede69951_0036,63,3.621662835939787e-05,13.0,44.0,20.0,dike_hemisphere,9,70.50225207697477,11.934965061363052,9.889620507660162,10.899283759569368,0,0.25,2.983741265340763,2.4724051269150404,2.724820939892342,0.016484078019857407,0.00014939531683921814,0.00014939531683921814,False,0,False,,terminated_non_improving_hard_step,False
branch_18e4a095fbbdc04e536f,new_center,9,64,g009_p000064_g008_p000031_g007_p000046_g006_p000019_g005_p000009_g004_p000001_g003_p000010_g002_p000001_g001_p000057_empty,g008_p000031_g007_p000046_g006_p000019_g005_p000009_g004_p000001_g003_p000010_g002_p000001_g001_p000057_empty,g009_9f473571ede69951_0036,64,3.51569578924682e-05,10.0,43.0,20.0,dike_hemisphere,9,95.21501509970878,11.83683921665471,9.661527816613393,8.927248790712778,0,0.25,2.9592098041636774,2.4153819541533483,2.2318121976781944,0.01641947403550148,8.479133248329163e-05,8.479133248329163e-05,False,0,False,,terminated_non_improving_hard_step,False
branch_feaedbc4c02c5df31954,new_center,9,65,g009_p000065_g008_p000031_g007_p000046_g006_p000019_g005_p000009_g004_p000001_g003_p000010_g002_p000001_g001_p000057_empty,g008_p000031_g007_p000046_g006_p000019_g005_p000009_g004_p000001_g003_p000010_g002_p000001_g001_p000057_empty,g009_9f473571ede69951_0036,65,3.5156950616510585e-05,14.0,41.0,20.0,dike_hemisphere,9,6.161070992206468,14.477771152800162,8.351354974096111,13.602390664195422,0,0.25,3.6194427882000406,2.0878387435240278,3.4005976660488555,0.016437139362096786,0.00010245665907859802,0.00010245665907859802,False,0,False,,terminated_non_improving_hard_step,False
branch_608565fa9159ab8f59fd,new_center,9,66,g009_p000066_g008_p000031_g007_p000046_g006_p000019_g005_p000009_g004_p000001_g003_p000010_g002_p000001_g001_p000057_empty,g008_p000031_g007_p000046_g006_p000019_g005_p000009_g004_p000001_g003_p000010_g002_p000001_g001_p000057_empty,g009_9f473571ede69951_0036,66,3.493005351629108e-05,10.0,40.0,20.0,dike_hemisphere,9,159.53356784839576,14.575184826798072,8.370362317339975,8.487853728306096,0,0.25,3.643796206699518,2.0925905793349937,2.121963432076524,0.016512183472514153,0.00017750076949596405,0.00017750076949596405,False,0,False,,terminated_non_improving_hard_step,False
branch_51535d8aebec1de70ff2,new_center,9,67,g009_p000067_g008_p000031_g007_p000046_g006_p000019_g005_p000009_g004_p000001_g003_p000010_g002_p000001_g001_p000057_empty,g008_p000031_g007_p000046_g006_p000019_g005_p000009_g004_p000001_g003_p000010_g002_p000001_g001_p000057_empty,g009_9f473571ede69951_0036,67,3.4930038964375854e-05,14.0,44.0,20.0,dike_hemisphere,9,119.95422468454662,15.861755912997074,7.481936809984822,8.34943723739298,0,0.25,3.9654389782492685,1.8704842024962054,2.087359309348245,0.01647995412349701,0.0001452714204788208,0.0001452714204788208,False,0,False,,terminated_non_improving_hard_step,False
branch_76dfdbd5455599f8494e,new_center,9,68,g009_p000068_g008_p000031_g007_p000046_g006_p000019_g005_p000009_g004_p000001_g003_p000010_g002_p000001_g001_p000057_empty,g008_p000031_g007_p000046_g006_p000019_g005_p000009_g004_p000001_g003_p000010_g002_p000001_g001_p000057_empty,g009_9f473571ede69951_0036,68,3.4676355426199734e-05,12.0,42.0,18.0,ellipsoid,9,163.40977863677125,10.229762274009518,14.581377642978424,13.222504002777601,0,0.25,2.5574405685023796,3.645344410744606,3.3056260006944003,0.016488177701830864,0.00015349499881267548,0.00015349499881267548,False,0,False,,terminated_non_improving_hard_step,False
branch_d9d6f9a42fefab16506d,new_center,9,69,g009_p000069_g008_p000031_g007_p000046_g006_p000019_g005_p000009_g004_p000001_g003_p000010_g002_p000001_g001_p000057_empty,g008_p000031_g007_p000046_g006_p000019_g005_p000009_g004_p000001_g003_p000010_g002_p000001_g001_p000057_empty,g009_9f473571ede69951_0036,69,3.465738336672075e-05,27.0,9.0,35.0,ellipsoid,9,106.01074780529859,10.056814310605258,6.175711716849695,7.1553967940046945,0,0.25,2.5142035776513145,1.5439279292124237,1.7888491985011736,0.016431987285614014,9.73045825958252e-05,9.73045825958252e-05,False,0,False,,terminated_non_improving_hard_step,False
branch_304959af3ccb22fc9633,new_center,9,70,g009_p000070_g008_p000031_g007_p000046_g006_p000019_g005_p000009_g004_p000001_g003_p000010_g002_p000001_g001_p000057_empty,g008_p000031_g007_p000046_g006_p000019_g005_p000009_g004_p000001_g003_p000010_g002_p000001_g001_p000057_empty,g009_9f473571ede69951_0036,70,3.465737609076314e-05,25.0,11.0,35.0,ellipsoid,9,141.12760173310573,9.092635516803254,9.620665110665069,10.155177889141466,0,0.25,2.2731588792008135,2.4051662776662672,2.5387944722853666,0.016482019796967506,0.00014733709394931793,0.00014733709394931793,False,0,False,,terminated_non_improving_hard_step,False
branch_a3206b3f08e2183ae4ef,new_center,9,71,g009_p000071_g008_p000031_g007_p000046_g006_p000019_g005_p000009_g004_p000001_g003_p000010_g002_p000001_g001_p000057_empty,g008_p000031_g007_p000046_g006_p000019_g005_p000009_g004_p000001_g003_p000010_g002_p000001_g001_p000057_empty,g009_9f473571ede69951_0036,71,3.465691770543344e-05,27.0,10.0,35.0,ellipsoid,9,159.12428957230313,10.514943106908728,10.305876493790903,13.71113423352682,0,0.25,2.628735776727182,2.5764691234477257,3.427783558381705,0.016407907009124756,7.322430610656738e-05,7.322430610656738e-05,False,0,False,,terminated_non_improving_hard_step,False
branch_53cbbb5b66517ffdd897,new_center,9,72,g009_p000072_g008_p000037_g007_p000085_g006_p000043_g005_p000068_g004_p000031_g003_p000052_g002_p000025_g001_p000072_empty,g008_p000037_g007_p000085_g006_p000043_g005_p000068_g004_p000031_g003_p000052_g002_p000025_g001_p000072_empty,g009_9f473571ede69951_0036,72,3.4656914067454636e-05,25.0,10.0,35.0,dike_hemisphere,9,106.66159293420812,13.51305759436041,12.648845805580635,7.432483978129051,0,0.25,3.3782643985901024,3.1622114513951587,1.8581209945322628,0.016528718173503876,0.00019403547048568726,0.00019403547048568726,False,0,False,,terminated_non_improving_hard_step,False
branch_a410d8d3f801ee34380d,new_center,9,73,g009_p000073_g008_p000037_g007_p000085_g006_p000043_g005_p000068_g004_p000031_g003_p000052_g002_p000025_g001_p000072_empty,g008_p000037_g007_p000085_g006_p000043_g005_p000068_g004_p000031_g003_p000052_g002_p000025_g001_p000072_empty,g009_9f473571ede69951_0036,73,3.398280750843696e-05,9.0,12.0,17.0,dike_hemisphere,9,111.56650949897784,10.17243177962476,9.966898488991408,9.775274372282997,0,0.25,2.54310794490619,2.491724622247852,2.4438185930707492,0.016439391300082207,0.00010470859706401825,0.00010470859706401825,False,0,False,,terminated_non_improving_hard_step,False
branch_407faeaca4aebff91b7f,new_center,9,74,g009_p000074_g008_p000037_g007_p000085_g006_p000043_g005_p000068_g004_p000031_g003_p000052_g002_p000025_g001_p000072_empty,g008_p000037_g007_p000085_g006_p000043_g005_p000068_g004_p000031_g003_p000052_g002_p000025_g001_p000072_empty,g009_9f473571ede69951_0036,74,3.398280023247935e-05,11.0,8.0,17.0,dike_hemisphere,9,23.957478595476783,8.374547148701135,10.546492246197976,9.548117899673354,0,0.25,2.0936367871752837,2.636623061549494,2.3870294749183385,0.016458071768283844,0.00012338906526565552,0.00012338906526565552,False,0,False,,terminated_non_improving_hard_step,False
branch_c03a96aa2c286283b0ec,new_center,9,75,g009_p000075_g008_p000037_g007_p000085_g006_p000043_g005_p000068_g004_p000031_g003_p000052_g002_p000025_g001_p000072_empty,g008_p000037_g007_p000085_g006_p000043_g005_p000068_g004_p000031_g003_p000052_g002_p000025_g001_p000072_empty,g009_9f473571ede69951_0036,75,3.391651625861414e-05,10.0,44.0,20.0,dike_hemisphere,9,14.39717909405302,11.43783167621681,8.845304769469386,10.854658770979471,0,0.25,2.8594579190542024,2.2113261923673466,2.7136646927448678,0.01646660454571247,0.00013192184269428253,0.00013192184269428253,False,0,False,,terminated_non_improving_hard_step,False
branch_1bce1aed4cdc4f099ae7,new_center,9,76,g009_p000076_g008_p000037_g007_p000085_g006_p000043_g005_p000068_g004_p000031_g003_p000052_g002_p000025_g001_p000072_empty,g008_p000037_g007_p000085_g006_p000043_g005_p000068_g004_p000031_g003_p000052_g002_p000025_g001_p000072_empty,g009_9f473571ede69951_0036,76,3.391651262063533e-05,14.0,40.0,20.0,dike_hemisphere,9,108.28625611185323,14.737337870483405,11.781946765703701,11.57055523893846,0,0.25,3.684334467620851,2.9454866914259252,2.892638809734615,0.016544368118047714,0.00020968541502952576,0.00020968541502952576,False,0,False,,terminated_non_improving_hard_step,False
branch_2764bb01b63db74b6cb2,new_center,9,77,g009_p000077_g008_p000037_g007_p000085_g006_p000043_g005_p000068_g004_p000031_g003_p000052_g002_p000025_g001_p000072_empty,g008_p000037_g007_p000085_g006_p000043_g005_p000068_g004_p000031_g003_p000052_g002_p000025_g001_p000072_empty,g009_9f473571ede69951_0036,77,3.3683125366223976e-05,40.0,10.0,24.0,ellipsoid,9,104.8003798998571,6.266092464641833,15.405268796716765,6.965485753757177,0,0.25,1.5665231161604583,3.8513171991791912,1.7413714384392942,0.016433048993349075,9.836629033088684e-05,9.836629033088684e-05,False,0,False,,terminated_non_improving_hard_step,False
branch_e446ce96623e3de5f1c4,new_center,9,78,g009_p000078_g008_p000037_g007_p000085_g006_p000043_g005_p000068_g004_p000031_g003_p000052_g002_p000025_g001_p000072_empty,g008_p000037_g007_p000085_g006_p000043_g005_p000068_g004_p000031_g003_p000052_g002_p000025_g001_p000072_empty,g009_9f473571ede69951_0036,78,3.368311809026636e-05,42.0,8.0,24.0,dike_hemisphere,9,119.71997791124974,14.608147136544297,11.75745797606535,11.328190353746024,0,0.25,3.652036784136074,2.9393644940163375,2.832047588436506,0.016542207449674606,0.00020752474665641785,0.00020752474665641785,False,0,False,,terminated_non_improving_hard_step,False
branch_9012e8279a3f0c966d2f,new_center,9,79,g009_p000079_g008_p000037_g007_p000085_g006_p000043_g005_p000068_g004_p000031_g003_p000052_g002_p000025_g001_p000072_empty,g008_p000037_g007_p000085_g006_p000043_g005_p000068_g004_p000031_g003_p000052_g002_p000025_g001_p000072_empty,g009_9f473571ede69951_0036,79,3.3683114452287555e-05,42.0,12.0,24.0,ellipsoid,9,83.5654236524496,12.340605565013295,12.100021202115165,13.61900136675384,0,0.25,3.0851513912533237,3.0250053005287914,3.40475034168846,0.016611935570836067,0.0002772528678178787,0.0002772528678178787,False,0,False,,terminated_non_improving_hard_step,False
branch_5081a70f2d9cdad06328,new_center,9,80,g009_p000080_g008_p000037_g007_p000085_g006_p000043_g005_p000068_g004_p000031_g003_p000052_g002_p000025_g001_p000072_empty,g008_p000037_g007_p000085_g006_p000043_g005_p000068_g004_p000031_g003_p000052_g002_p000025_g001_p000072_empty,g009_9f473571ede69951_0036,80,3.3683099900372326e-05,44.0,10.0,24.0,dike_hemisphere,9,134.77355806228883,9.333876526295482,13.723111611265988,12.073749098323383,0,0.25,2.3334691315738705,3.430777902816497,3.0184372745808457,0.016477452591061592,0.00014276988804340363,0.00014276988804340363,False,0,False,,terminated_non_improving_hard_step,False
branch_421a4e07ae909740b7b0,new_center,9,81,g009_p000081_g008_p000037_g007_p000085_g006_p000043_g005_p000068_g004_p000031_g003_p000052_g002_p000025_g001_p000072_empty,g008_p000037_g007_p000085_g006_p000043_g005_p000068_g004_p000031_g003_p000052_g002_p000025_g001_p000072_empty,g009_9f473571ede69951_0036,81,3.309709427412599e-05,25.0,8.0,37.0,ellipsoid,9,150.69693270741496,13.14825913640132,6.2212111264224506,13.833644903480838,0,0.25,3.28706478410033,1.5553027816056126,3.4584112258702095,0.016513556241989136,0.00017887353897094727,0.00017887353897094727,False,0,False,,terminated_non_improving_hard_step,False
branch_73f0860aabb4a3171b0d,new_center,9,82,g009_p000082_g008_p000037_g007_p000085_g006_p000043_g005_p000068_g004_p000031_g003_p000052_g002_p000025_g001_p000072_empty,g008_p000037_g007_p000085_g006_p000043_g005_p000068_g004_p000031_g003_p000052_g002_p000025_g001_p000072_empty,g009_9f473571ede69951_0036,82,3.3097079722210765e-05,27.0,12.0,37.0,dike_hemisphere,9,90.25013934479989,7.839186779690327,6.569715811507137,7.798924337180828,0,0.25,1.9597966949225818,1.6424289528767841,1.949731084295207,0.016387391835451126,5.270913243293762e-05,5.270913243293762e-05,False,0,False,,terminated_non_improving_hard_step,False
branch_f10090903a3ca5118d86,new_center,9,83,g009_p000083_g008_p000037_g007_p000085_g006_p000043_g005_p000068_g004_p000031_g003_p000052_g002_p000025_g001_p000072_empty,g008_p000037_g007_p000085_g006_p000043_g005_p000068_g004_p000031_g003_p000052_g002_p000025_g001_p000072_empty,g009_9f473571ede69951_0036,83,3.2807758543640375e-05,9.0,8.0,17.0,ellipsoid,9,113.61220858144429,7.228024860290931,13.596152393786411,8.326915514617603,0,0.25,1.8070062150727328,3.399038098446603,2.081728878654401,0.016492653638124466,0.00015797093510627747,0.00015797093510627747,False,0,False,,terminated_non_improving_hard_step,False
branch_0d7e7362c5bf3d763d1d,new_center,9,84,g009_p000084_g008_p000043_g007_p000085_g006_p000043_g005_p000068_g004_p000031_g003_p000052_g002_p000025_g001_p000072_empty,g008_p000043_g007_p000085_g006_p000043_g005_p000068_g004_p000031_g003_p000052_g002_p000025_g001_p000072_empty,g009_9f473571ede69951_0036,84,3.2807733077788725e-05,11.0,12.0,17.0,ellipsoid,9,156.19218449921036,9.577254499204193,8.201917501550973,12.511428552317273,0,0.25,2.394313624801048,2.0504793753877433,3.1278571380793183,0.016492655500769615,0.0001579727977514267,0.0001579727977514267,False,0,False,,terminated_non_improving_hard_step,False
branch_90e65fbedb3b50a6f185,new_center,9,85,g009_p000085_g008_p000043_g007_p000085_g006_p000043_g005_p000068_g004_p000031_g003_p000052_g002_p000025_g001_p000072_empty,g008_p000043_g007_p000085_g006_p000043_g005_p000068_g004_p000031_g003_p000052_g002_p000025_g001_p000072_empty,g009_9f473571ede69951_0036,85,3.279349402873777e-05,10.0,7.0,17.0,ellipsoid,9,108.76242228542033,15.670693669396035,8.211225958899174,6.916514582321692,0,0.25,3.917673417349009,2.0528064897247935,1.729128645580423,0.016601666808128357,0.00026698410511016846,0.00026698410511016846,False,0,False,,terminated_non_improving_hard_step,False
branch_0c48a7ae2664e31948a4,new_center,9,86,g009_p000086_g008_p000043_g007_p000085_g006_p000043_g005_p000068_g004_p000031_g003_p000052_g002_p000025_g001_p000072_empty,g008_p000043_g007_p000085_g006_p000043_g005_p000068_g004_p000031_g003_p000052_g002_p000025_g001_p000072_empty,g009_9f473571ede69951_0036,86,3.279348311480135e-05,10.0,13.0,17.0,dike_hemisphere,9,140.08943705518698,10.829535086592252,11.803739398100074,7.394538472353203,0,0.25,2.707383771648063,2.9509348495250185,1.8486346180883007,0.016547076404094696,0.00021239370107650757,0.00021239370107650757,False,0,False,,terminated_non_improving_hard_step,False
branch_abf861ce260502a8cb3a,new_center,9,87,g009_p000087_g008_p000043_g007_p000085_g006_p000043_g005_p000068_g004_p000031_g003_p000052_g002_p000025_g001_p000072_empty,g008_p000043_g007_p000085_g006_p000043_g005_p000068_g004_p000031_g003_p000052_g002_p000025_g001_p000072_empty,g009_9f473571ede69951_0036,87,3.272023968747817e-05,11.0,40.0,19.0,dike_hemisphere,9,72.43674884802763,10.364572357847322,6.0652196445773665,10.828542486037932,0,0.25,2.5911430894618306,1.5163049111443416,2.707135621509483,0.016391750425100327,5.706772208213806e-05,5.706772208213806e-05,False,0,False,,terminated_non_improving_hard_step,False
branch_995de90b5fd37eda5b91,new_center,9,88,g009_p000088_g008_p000043_g007_p000085_g006_p000043_g005_p000068_g004_p000031_g003_p000052_g002_p000025_g001_p000072_empty,g008_p000043_g007_p000085_g006_p000043_g005_p000068_g004_p000031_g003_p000052_g002_p000025_g001_p000072_empty,g009_9f473571ede69951_0036,88,3.272023968747817e-05,13.0,44.0,19.0,ellipsoid,9,125.17486015868852,8.82824799969484,15.11414392500466,6.007978944377621,0,0.25,2.20706199992371,3.778535981251165,1.5019947360944053,0.016560854390263557,0.00022617168724536896,0.00022617168724536896,False,0,False,,terminated_non_improving_hard_step,False
branch_14a98126299c0cba5cd2,new_center,9,89,g009_p000089_g008_p000043_g007_p000085_g006_p000043_g005_p000068_g004_p000031_g003_p000052_g002_p000025_g001_p000072_empty,g008_p000043_g007_p000085_g006_p000043_g005_p000068_g004_p000031_g003_p000052_g002_p000025_g001_p000072_empty,g009_9f473571ede69951_0036,89,3.267771899118088e-05,8.0,11.0,17.0,dike_hemisphere,9,118.9852041956355,8.00200285573889,13.0058580945546,10.849886474824148,0,0.25,2.0005007139347226,3.25146452363865,2.712471618706037,0.0165240541100502,0.00018937140703201294,0.00018937140703201294,False,0,False,,terminated_non_improving_hard_step,False
branch_025ee160fe4db251c984,new_center,9,90,g009_p000090_g008_p000043_g007_p000085_g006_p000043_g005_p000068_g004_p000031_g003_p000052_g002_p000025_g001_p000072_empty,g008_p000043_g007_p000085_g006_p000043_g005_p000068_g004_p000031_g003_p000052_g002_p000025_g001_p000072_empty,g009_9f473571ede69951_0036,90,3.267769352532923e-05,12.0,9.0,17.0,ellipsoid,9,123.42692700282461,9.087940442783355,15.89237396675077,11.14827571781857,0,0.25,2.2719851106958386,3.9730934916876923,2.7870689294546427,0.01650911383330822,0.00017443113029003143,0.00017443113029003143,False,0,False,,terminated_non_improving_hard_step,False
branch_7cb147ea06a072cd0da7,new_center,9,91,g009_p000091_g008_p000043_g007_p000085_g006_p000043_g005_p000068_g004_p000031_g003_p000052_g002_p000025_g001_p000072_empty,g008_p000043_g007_p000085_g006_p000043_g005_p000068_g004_p000031_g003_p000052_g002_p000025_g001_p000072_empty,g009_9f473571ede69951_0036,91,3.2167583412956446e-05,14.0,41.0,19.0,ellipsoid,9,133.06702324781483,6.489180715878062,14.355866567798731,6.083849113012857,0,0.25,1.6222951789695155,3.588966641949683,1.5209622782532142,0.016560854390263557,0.00022617168724536896,0.00022617168724536896,False,0,False,,terminated_non_improving_hard_step,False
branch_76fbef1deaaca31d7049,new_center,9,92,g009_p000092_g008_p000043_g007_p000085_g006_p000043_g005_p000068_g004_p000031_g003_p000052_g002_p000025_g001_p000072_empty,g008_p000043_g007_p000085_g006_p000043_g005_p000068_g004_p000031_g003_p000052_g002_p000025_g001_p000072_empty,g009_9f473571ede69951_0036,92,3.216757977497764e-05,10.0,43.0,19.0,ellipsoid,9,45.85189283018413,11.098097624781337,9.94407093769936,13.659312989667328,0,0.25,2.7745244061953342,2.48601773442484,3.414828247416832,0.01641865260899067,8.396990597248077e-05,8.396990597248077e-05,False,0,False,,terminated_non_improving_hard_step,False
branch_2ce80a93aed989c7877b,new_center,9,93,g009_p000093_g008_p000043_g007_p000085_g006_p000043_g005_p000068_g004_p000031_g003_p000052_g002_p000025_g001_p000072_empty,g008_p000043_g007_p000085_g006_p000043_g005_p000068_g004_p000031_g003_p000052_g002_p000025_g001_p000072_empty,g009_9f473571ede69951_0036,93,3.1871608371147886e-05,12.0,40.0,19.0,dike_hemisphere,9,43.90542424729871,12.519944152695606,6.605189561137694,6.5161879046229325,0,0.25,3.1299860381739015,1.6512973902844235,1.6290469761557331,0.01636718213558197,3.249943256378174e-05,3.249943256378174e-05,False,0,False,,terminated_non_improving_hard_step,False
branch_a97e5d113efbcccdc0fe,new_center,9,94,g009_p000094_g008_p000043_g007_p000085_g006_p000043_g005_p000068_g004_p000031_g003_p000052_g002_p000025_g001_p000072_empty,g008_p000043_g007_p000085_g006_p000043_g005_p000068_g004_p000031_g003_p000052_g002_p000025_g001_p000072_empty,g009_9f473571ede69951_0036,94,3.1871608371147886e-05,12.0,44.0,19.0,dike_hemisphere,9,126.6762060302526,8.644015483484917,6.76836595585704,7.8421530722855985,0,0.25,2.1610038708712294,1.69209148896426,1.9605382680713996,0.01636718213558197,3.249943256378174e-05,3.249943256378174e-05,False,0,False,,terminated_non_improving_hard_step,False
branch_5c25776b6ea267c91b4c,new_center,9,95,g009_p000095_g008_p000043_g007_p000085_g006_p000043_g005_p000068_g004_p000031_g003_p000052_g002_p000025_g001_p000072_empty,g008_p000043_g007_p000085_g006_p000043_g005_p000068_g004_p000031_g003_p000052_g002_p000025_g001_p000072_empty,g009_9f473571ede69951_0036,95,3.177033431711607e-05,14.0,44.0,19.0,ellipsoid,9,91.46342787013977,7.715395613116485,9.460336293001273,12.489657049233962,0,0.25,1.9288489032791212,2.365084073250318,3.1224142623084905,0.016414310783147812,7.962808012962341e-05,7.962808012962341e-05,False,0,False,,terminated_non_improving_hard_step,False
branch_76157d6e0f739a250e40,new_center,10,0,g010_p000000_g009_p000058_g008_p000025_g007_p000046_g006_p000019_g005_p000009_g004_p000001_g003_p000010_g002_p000001_g001_p000057_empty,g009_p000058_g008_p000025_g007_p000046_g006_p000019_g005_p000009_g004_p000001_g003_p000010_g002_p000001_g001_p000057_empty,g010_5d0a4b55917cfd06_0037,0,8.034765050979331e-05,12.0,42.0,19.0,dike_hemisphere,9,24.25078805903578,10.021224728327667,8.969275860500904,11.094425032401453,0,0.25,2.5053061820819167,2.242318965125226,2.7736062581003633,0.016469109803438187,0.0001216735690832138,0.00013442710041999817,False,0,False,,terminated_non_improving_hard_step,False
branch_e8a0ed5e1b08386cdc39,new_center,10,6,g010_p000006_g009_p000058_g008_p000025_g007_p000046_g006_p000019_g005_p000009_g004_p000001_g003_p000010_g002_p000001_g001_p000057_empty,g009_p000058_g008_p000025_g007_p000046_g006_p000019_g005_p000009_g004_p000001_g003_p000010_g002_p000001_g001_p000057_empty,g010_5d0a4b55917cfd06_0037,1,6.691589078400284e-05,12.0,41.0,20.0,dike_hemisphere,9,86.22421524957613,10.643260794733902,14.878029236646864,13.438529598867477,0,0.25,2.6608151986834754,3.719507309161716,3.3596323997168693,0.0165540911257267,0.000206654891371727,0.00021940842270851135,False,0,False,,terminated_non_improving_hard_step,False
branch_f89b73a4b3af288136f2,new_center,10,12,g010_p000012_g009_p000061_g008_p000031_g007_p000046_g006_p000019_g005_p000009_g004_p000001_g003_p000010_g002_p000001_g001_p000057_empty,g009_p000061_g008_p000031_g007_p000046_g006_p000019_g005_p000009_g004_p000001_g003_p000010_g002_p000001_g001_p000057_empty,g010_75db52dc2656da2d_0038,0,8.002831600606441e-05,12.0,42.0,19.0,dike_hemisphere,9,141.1147384260332,11.249805461826131,6.846964810716767,10.140278186584446,0,0.25,2.812451365456533,1.7117412026791918,2.5350695466461115,0.016435490921139717,8.298642933368683e-05,0.00010080821812152863,False,0,False,,terminated_non_improving_hard_step,False
branch_f6b6e955bb3cc4056ebd,new_center,10,18,g010_p000018_g009_p000061_g008_p000031_g007_p000046_g006_p000019_g005_p000009_g004_p000001_g003_p000010_g002_p000001_g001_p000057_empty,g009_p000061_g008_p000031_g007_p000046_g006_p000019_g005_p000009_g004_p000001_g003_p000010_g002_p000001_g001_p000057_empty,g010_75db52dc2656da2d_0038,1,6.692682654829696e-05,12.0,41.0,20.0,ellipsoid,9,155.2158090441369,8.037897910671916,15.092165014529957,8.889164801827626,0,0.25,2.009474477667979,3.7730412536324893,2.2222912004569064,0.01652948185801506,0.00017697736620903015,0.00019479915499687195,False,0,False,,terminated_non_improving_hard_step,False
branch_d5482412b1f3267d8487,new_center,10,24,g010_p000024_g009_p000038_g008_p000019_g007_p000056_g006_p000025_g005_p000080_g004_p000037_g003_p000083_g002_p000037_g001_p000093_empty,g009_p000038_g008_p000019_g007_p000056_g006_p000025_g005_p000080_g004_p000037_g003_p000083_g002_p000037_g001_p000093_empty,g010_0de3ab9f118c2a53_0039,0,8.122159488266334e-05,12.0,42.0,19.0,ellipsoid,9,30.224814053046554,12.719202985590268,14.15056282381682,8.56642233661681,0,0.25,3.179800746397567,3.537640705954205,2.1416055841542025,0.01664198376238346,0.0002756156027317047,0.0003073010593652725,False,0,False,,terminated_non_improving_hard_step,False
branch_eee541b1f20c449f583e,new_center,10,30,g010_p000030_g009_p000038_g008_p000019_g007_p000056_g006_p000025_g005_p000080_g004_p000037_g003_p000083_g002_p000037_g001_p000093_empty,g009_p000038_g008_p000019_g007_p000056_g006_p000025_g005_p000080_g004_p000037_g003_p000083_g002_p000037_g001_p000093_empty,g010_0de3ab9f118c2a53_0039,1,6.900660810060799e-05,12.0,43.0,20.0,ellipsoid,9,67.55895985503308,14.899419527874901,10.529756816472617,7.879823028799954,0,0.25,3.7248548819687253,2.632439204118154,1.9699557571999886,0.016594745218753815,0.0002283770591020584,0.0002600625157356262,False,0,False,,terminated_non_improving_hard_step,False
branch_c79219ac97ae145a7237,new_center,10,36,g010_p000036_g009_p000093_g008_p000043_g007_p000085_g006_p000043_g005_p000068_g004_p000031_g003_p000052_g002_p000025_g001_p000072_empty,g009_p000093_g008_p000043_g007_p000085_g006_p000043_g005_p000068_g004_p000031_g003_p000052_g002_p000025_g001_p000072_empty,g010_ce2727cc4ab78587_0040,0,8.348993287654594e-05,12.0,42.0,19.0,ellipsoid,9,16.745155849482526,9.457254444117396,13.046243004251378,7.871911900588543,0,0.25,2.364313611029349,3.2615607510628446,1.9679779751471358,0.01659289002418518,0.00022570788860321045,0.0002582073211669922,False,0,False,,terminated_non_improving_hard_step,False
branch_b37e4638e4560216754c,new_center,10,42,g010_p000042_g009_p000093_g008_p000043_g007_p000085_g006_p000043_g005_p000068_g004_p000031_g003_p000052_g002_p000025_g001_p000072_empty,g009_p000093_g008_p000043_g007_p000085_g006_p000043_g005_p000068_g004_p000031_g003_p000052_g002_p000025_g001_p000072_empty,g010_ce2727cc4ab78587_0040,1,7.101231312844902e-05,12.0,43.0,20.0,ellipsoid,9,52.665758124662126,14.7729087365793,8.549637456495729,8.085696767521728,0,0.25,3.693227184144825,2.1374093641239322,2.021424191880432,0.01657569408416748,0.00020851194858551025,0.000241011381149292,False,0,False,,terminated_non_improving_hard_step,False
branch_0fdbfbd575a639c4f1b8,new_center,10,48,g010_p000048_g009_p000094_g008_p000043_g007_p000085_g006_p000043_g005_p000068_g004_p000031_g003_p000052_g002_p000025_g001_p000072_empty,g009_p000094_g008_p000043_g007_p000085_g006_p000043_g005_p000068_g004_p000031_g003_p000052_g002_p000025_g001_p000072_empty,g010_f12bea8963e2a05c_0041,0,8.348993287654594e-05,12.0,42.0,19.0,dike_hemisphere,9,162.33303454947273,13.299451993558069,8.322130976019277,13.43031509145655,0,0.25,3.3248629983895173,2.0805327440048194,3.3575787728641373,0.016488710418343544,0.00012152828276157379,0.00015402771532535553,False,0,False,,terminated_non_improving_hard_step,False
branch_2352953234bfa653ea68,new_center,10,54,g010_p000054_g009_p000094_g008_p000043_g007_p000085_g006_p000043_g005_p000068_g004_p000031_g003_p000052_g002_p000025_g001_p000072_empty,g009_p000094_g008_p000043_g007_p000085_g006_p000043_g005_p000068_g004_p000031_g003_p000052_g002_p000025_g001_p000072_empty,g010_f12bea8963e2a05c_0041,1,7.101231312844902e-05,12.0,43.0,20.0,dike_hemisphere,9,111.18892884819974,7.697311081146365,12.245506571180833,8.73036601789377,0,0.25,1.9243277702865913,3.0613766427952083,2.1825915044734425,0.01645180769264698,8.462555706501007e-05,0.00011712498962879181,False,0,False,,terminated_non_improving_hard_step,False
branch_19f14da50cd220dfb9d9,new_center,10,60,g010_p000060_g009_p000011_g008_p000001_g007_p000074_g006_p000037_g005_p000068_g004_p000031_g003_p000052_g002_p000025_g001_p000072_empty,g009_p000011_g008_p000001_g007_p000074_g006_p000037_g005_p000068_g004_p000031_g003_p000052_g002_p000025_g001_p000072_empty,g010_a19bcf847a40a295_0042,0,7.738299609627575e-05,12.0,42.0,19.0,ellipsoid,9,158.98706262070053,9.182995139810144,13.81257860487274,8.89700645195739,0,0.25,2.295748784952536,3.453144651218185,2.2242516129893475,0.016534915193915367,0.0001620035618543625,0.00020023249089717865,False,0,False,,terminated_non_improving_hard_step,False
branch_32a427f739e5d3554979,new_center,10,66,g010_p000066_g009_p000011_g008_p000001_g007_p000074_g006_p000037_g005_p000068_g004_p000031_g003_p000052_g002_p000025_g001_p000072_empty,g009_p000011_g008_p000001_g007_p000074_g006_p000037_g005_p000068_g004_p000031_g003_p000052_g002_p000025_g001_p000072_empty,g010_a19bcf847a40a295_0042,1,6.275781925069168e-05,11.0,10.0,17.0,ellipsoid,9,143.28151685499736,10.923394245288222,15.945024465530052,10.2618445648027,0,0.25,2.7308485613220554,3.986256116382513,2.565461141200675,0.016466299071907997,9.338743984699249e-05,0.00013161636888980865,False,0,False,,terminated_non_improving_hard_step,False
branch_5445174717b2d1ddd54b,new_center,10,72,g010_p000072_g009_p000003_g008_p000001_g007_p000074_g006_p000037_g005_p000068_g004_p000031_g003_p000052_g002_p000025_g001_p000072_empty,g009_p000003_g008_p000001_g007_p000074_g006_p000037_g005_p000068_g004_p000031_g003_p000052_g002_p000025_g001_p000072_empty,g010_28bb6b9a48a778e0_0043,0,8.122159488266334e-05,12.0,42.0,19.0,dike_hemisphere,9,75.95270321041913,12.3493623455977,7.151002461541673,6.778448354680534,0,0.25,3.087340586399425,1.7877506153854184,1.6946120886701335,0.01647142879664898,9.706802666187286e-05,0.0001367460936307907,False,0,False,,terminated_non_improving_hard_step,False
branch_87f089c7eec255058bf2,new_center,10,78,g010_p000078_g009_p000003_g008_p000001_g007_p000074_g006_p000037_g005_p000068_g004_p000031_g003_p000052_g002_p000025_g001_p000072_empty,g009_p000003_g008_p000001_g007_p000074_g006_p000037_g005_p000068_g004_p000031_g003_p000052_g002_p000025_g001_p000072_empty,g010_28bb6b9a48a778e0_0043,1,7.084241951815784e-05,9.0,10.0,17.0,ellipsoid,9,146.2906822307811,10.100549725778256,14.907405100808658,7.3399838526373395,0,0.25,2.525137431444564,3.7268512752021645,1.8349959631593349,0.016504662111401558,0.0001303013414144516,0.00016997940838336945,False,0,False,,terminated_non_improving_hard_step,False
branch_b7e816e171212c579a79,new_center,10,84,g010_p000084_g009_p000082_g008_p000037_g007_p000085_g006_p000043_g005_p000068_g004_p000031_g003_p000052_g002_p000025_g001_p000072_empty,g009_p000082_g008_p000037_g007_p000085_g006_p000043_g005_p000068_g004_p000031_g003_p000052_g002_p000025_g001_p000072_empty,g010_b0fcb1367e62af6e_0044,0,8.122159488266334e-05,12.0,42.0,19.0,dike_hemisphere,9,138.5182218293978,15.736692883624839,13.614682136377196,9.231981020846035,0,0.25,3.9341732209062097,3.403670534094299,2.307995255211509,0.016559889540076256,0.0001724977046251297,0.00022520683705806732,False,0,False,,terminated_non_improving_hard_step,False
branch_95439558735d009a5380,new_center,10,90,g010_p000090_g009_p000082_g008_p000037_g007_p000085_g006_p000043_g005_p000068_g004_p000031_g003_p000052_g002_p000025_g001_p000072_empty,g009_p000082_g008_p000037_g007_p000085_g006_p000043_g005_p000068_g004_p000031_g003_p000052_g002_p000025_g001_p000072_empty,g010_b0fcb1367e62af6e_0044,1,6.900660810060799e-05,12.0,43.0,20.0,dike_hemisphere,9,165.58624234429521,11.651947850321944,6.730654806421923,7.342805489740727,0,0.25,2.912986962580486,1.6826637016054808,1.8357013724351818,0.016485530883073807,9.813904762268066e-05,0.00015084818005561829,False,0,False,,terminated_non_improving_hard_step,False
