candidate_id,candidate_index,source_seed,source_noise_sha256,hard_model_sha256,predicted_observation_sha256,condition_violations,model_chunk,prediction_chunk,chunk_offset,batch_seconds
candidate_000000,0,9311000,024179ec61ebd629f36629ed32050f62f9b39294df76b0a63bc52167b8e2c28a,c6eb3f0b42fa268d72f167963db4c4a3ed361724bdb3bbf7bba66b91f2d0e855,410ce89203100fd94161e80eb5a84b5a4a510aecab45dc5c450febad6e117d36,0,cache/models_000000_000003.pt.gz,cache/predictions_000000_000003.pt.gz,0,12.032904092920944
candidate_000001,1,9311001,7fc7bf28aebea783729513a7607630561a31717783e435f861c469a2909e518a,62740ca972c541f688671bd61c06adcf9701b8126faa60675e28839485b2fc8c,f1deb758286e12a3c2d61fc4102ddb8861747ce5a82bad246f5afe55ef7c5ee7,0,cache/models_000000_000003.pt.gz,cache/predictions_000000_000003.pt.gz,1,12.032904092920944
candidate_000002,2,9311002,30991647ef2155e1f301f2e8cffd843e95568c21adc3294c889dddd95f67f548,40b3503f40c249d7a3bb230268e24636f08b320f1f3e753fab9df193090bde5e,49611857b6fc126ba53ffaaaa44c457660bcd023fcaa9f23159282394c7b6850,0,cache/models_000000_000003.pt.gz,cache/predictions_000000_000003.pt.gz,2,12.032904092920944
candidate_000003,3,9311003,fbdbd98c8a62aa20fb56f9dcd0375bd88fbb52a315a7604d7ad85b2b7538c6e7,bc7d1f26b12ab5257cac0e80011cd8614059c75429250e0ef8f4a1511d67e8e9,df196ff5be6aa7a7aa686ae991ad03ddbfc2df756217017fc5db617e9d1824dd,0,cache/models_000000_000003.pt.gz,cache/predictions_000000_000003.pt.gz,3,12.032904092920944
candidate_000004,4,9311004,00403a67291e244fd9f54883ae6f90471cbd8e2831fda035daa5547194de8059,6afdc12e3777fd31bd4e1d8af5ddad8a45b87d9266ae6b783473bb66e7f624b1,397f135fd75a8e34afb455477325411510783db5e239c67b04e6e5d5451e7711,0,cache/models_000004_000007.pt.gz,cache/predictions_000004_000007.pt.gz,0,11.766355784027837
candidate_000005,5,9311005,782e2aeb71e18cec8dbbc6c23257024877eec65af1e6b8fa495bce838c5273b0,9b9638556061ee44a9e38de7c67ecdce693a9a0e9264af2e3609a13eba92def8,7196f1abfbdbdc8cd83e6b98aa59acb96d6bdd4fcab9c383970ce9c78babed3b,0,cache/models_000004_000007.pt.gz,cache/predictions_000004_000007.pt.gz,1,11.766355784027837
candidate_000006,6,9311006,0d784fe954c08405781aacc7d726da04b1feae92703739f03a5f9e487b534da6,7e9a3af913c9c96096441c23b9bf80a57a96b2e1a93e9b4bfa8081cfa68f437b,49d33da8abd3dfdfff3e5fb59284f85fd8f9eef27b5901736643eb2e303218d1,0,cache/models_000004_000007.pt.gz,cache/predictions_000004_000007.pt.gz,2,11.766355784027837
candidate_000007,7,9311007,df605895ce1a8921eb0e3315cd00693baec4f7f660605760637183ad04b5a029,7c152c7c2b690671c38f284ec65811f4b0722b999c783a437e39be1dab1999a0,2cd0cf7119335aa4e3443cd2bab81edbed8bdc55b3907f4478781ea17d6d6376,0,cache/models_000004_000007.pt.gz,cache/predictions_000004_000007.pt.gz,3,11.766355784027837
candidate_000008,8,9311008,64d201f0540970f473f7603ac3af66b1940bfa87c197ab68bb6a1724fa6b537f,17033fba9322ecfa644133fab2c65b95d77d0f40b223ae29c433b72dc13ec502,9ad898b52024e4285c1184e1f59661958cc2c9363a834668eef5a53482a6d0ea,0,cache/models_000008_000011.pt.gz,cache/predictions_000008_000011.pt.gz,0,11.772149438969791
candidate_000009,9,9311009,135830954259b5d598e65abc0cce2fc8917de087ccf7440bc390694e7c85a697,59334c8deef4b9dbee92d6c700494f9da5a504b5f1cd75eab9bfc7f6c473b1ab,187ad25897144744f6b51533fff63414ce7ea4f87de84b1ee7a9f2e90cfc0b59,0,cache/models_000008_000011.pt.gz,cache/predictions_000008_000011.pt.gz,1,11.772149438969791
candidate_000010,10,9311010,6fee47113a1bd4c4e5aab418bdb9a887f1386709faa7d8e7e5f51e773ec3f5fb,e002103cde5400c7f6235f13056cd54676c7b5c1b3ee1630ca5be4ca4122cf0b,d4c340280ded163cc53c3bb2e20c6eb6b0168d34845d8f1ac97848ce2020e214,0,cache/models_000008_000011.pt.gz,cache/predictions_000008_000011.pt.gz,2,11.772149438969791
candidate_000011,11,9311011,3ffa6d7907d6d2be71665de0ec03894710a42e0e61401693ce61145efb60a42a,3336136987cdc10273970fc8658da3393f3c567ed58946658dbfd34c5458b316,35130f4e9653991edad84ed01c4cfa5c91c88dba5bb1cbb937b78201febeb774,0,cache/models_000008_000011.pt.gz,cache/predictions_000008_000011.pt.gz,3,11.772149438969791
candidate_000012,12,9311012,bf7ff35c1374e0c9078571d2c41a7153e619724e6cf5aea960135f23deac367b,31a52929553ffb672acfa114ba815e23b31d8f6fb29e4c2419bb9ad283c52a37,69c228bd1d3a514dfba9bac9d6c302c98c5e0c73175083c95b805e441a2753ed,0,cache/models_000012_000015.pt.gz,cache/predictions_000012_000015.pt.gz,0,11.772396276006475
candidate_000013,13,9311013,014ab3e09fda16c65fae889709ffd006c911cb86f8d37d72927d0474cb29b5dd,744f4094b5e0f82f1d764a57a25ff8ef4871a311036364f5a9acea113def85fe,b7d3ee00dcd0fad5e828abc4bef3f9b5ebdd370ab57b919216ac8124e6dbc633,0,cache/models_000012_000015.pt.gz,cache/predictions_000012_000015.pt.gz,1,11.772396276006475
candidate_000014,14,9311014,a893acf9bff660763234feffe33dd5a967cb70bf9c74eea11d1bd0528bca8559,595bb7dc3a3c732cc8b6cc0e117f0edd0980a0604f9843ed49413ca750145e73,a0ba2fe26178806140daee197e6f0e28029ad8a513c056c04676f023074ff0c1,0,cache/models_000012_000015.pt.gz,cache/predictions_000012_000015.pt.gz,2,11.772396276006475
candidate_000015,15,9311015,a2ade36db5278cea0c4abfce041ab96408ee8d37ae23d830c873ae124d502ef6,2fd23212d739b256b670048b2ab37f1bfa28f01e3a98faf544ff6baa471f2e3d,230d5b28ef1309e64d49a7df5848d98f172ea9eebbfb6f4d00a02c7403364199,0,cache/models_000012_000015.pt.gz,cache/predictions_000012_000015.pt.gz,3,11.772396276006475
candidate_000016,16,9311016,b17ca7e7ed0434d331ebac0560e589eedea6856f9d9a7836a7b283a9b78a3f01,09869339dcb3a99a3481088611f4b1e535ffe337302649ab38541d050b567ec2,60fc5671769e589ceedc6cd4d2bb954ba61afd5fea799ae176d6e3875d0eeb42,0,cache/models_000016_000019.pt.gz,cache/predictions_000016_000019.pt.gz,0,11.773464170983061
candidate_000017,17,9311017,3a117bc307fbabd77e6eb88cb4d3e9ed4ff7012cc2e1afb8296720b0ac3f3943,cec975b220da7b784a0435da2c62da493b25d147d1fe0271037355d9bcbdb985,32cbefa300de60f2301937671173f9ff73879c8235cb79a3b58c7de27ff355da,0,cache/models_000016_000019.pt.gz,cache/predictions_000016_000019.pt.gz,1,11.773464170983061
candidate_000018,18,9311018,75e35929d14441ad99f18faa69cb0426e411b1db1e833ba0739f01361a3185ab,0aee22a9a0fe385e711d268845442d97610cb51f737cb491385a850793fc2fc2,c92f04831275de333b94844db744a6bdf37489042b9893dbaaaa3710914afdf3,0,cache/models_000016_000019.pt.gz,cache/predictions_000016_000019.pt.gz,2,11.773464170983061
candidate_000019,19,9311019,0047c88c8c8463545d4b3b5b16dd217a4746af632a52d5f3708830bd77ec23bd,1554343a097a81318e6bcca9f978a0557838529e081474c0a5f11acc35835405,cb1a8790d6b14baafb32717d9e9dac7e02d60ae434cf82196cd0abbaad71d398,0,cache/models_000016_000019.pt.gz,cache/predictions_000016_000019.pt.gz,3,11.773464170983061
candidate_000020,20,9311020,c5012b59f698264d0efc36891f64a84a1ce8c5038dd7a5bb5b024fe34cf70340,2a4c2b4dda1c708e30ead7957571460289452089d9bb2f9dee5e71cb62b89426,860afe3fb1badf688042efc34373fa17c64c2740f934dc2eae4a5ea2a6bedf9c,0,cache/models_000020_000023.pt.gz,cache/predictions_000020_000023.pt.gz,0,11.773613475030288
candidate_000021,21,9311021,e2226098acbb76f7d37b919102c5262265ff24e539198b2806fa2c8021ffcc99,abcd7dda1c24267289aa2968e6ab4000e9d1c7534202a0794ae4867a10e32caf,dc994b8930f781b78a3c8ad3fdbff9ade6ba445392475644263e2c3479840749,0,cache/models_000020_000023.pt.gz,cache/predictions_000020_000023.pt.gz,1,11.773613475030288
candidate_000022,22,9311022,4cf7bdcda1a481ecb948dbbcb29f3e7c88e10430eeef00f86cfa8957b2eed016,8abc49b66dc82d8306b9fa10d6e32e3e0e635a71f5833e484cfa0f65842b8751,57e85d898bd2fc5f057a08705448e24c2d4a3c14491ecc08b462a8cb391f216b,0,cache/models_000020_000023.pt.gz,cache/predictions_000020_000023.pt.gz,2,11.773613475030288
candidate_000023,23,9311023,11ee5eb9d5cab1185ca481d121798ec1436e77521b81443b722dab5450a1c28d,eb7425f2e1b6f15d5ba9fd8023b3815370921481049ff5a67a203f50b00f7fcd,4ba9394e99bdda1953659008008ebe490e7eea6a563e9e0168151cdbfe15558d,0,cache/models_000020_000023.pt.gz,cache/predictions_000020_000023.pt.gz,3,11.773613475030288
candidate_000024,24,9311024,196f254d97a143ad7f6f3e18941baad7b501b24034f740b7c03285e9c5d6620c,4c5417ee3d6350b67a77494595f4e1e15bc8f7ec5e0db524a0a13dbef67206e0,9834e1bb4a43ef247481d04fe0638a1076d9ca520b2026f039555e7a0c71d7e2,0,cache/models_000024_000027.pt.gz,cache/predictions_000024_000027.pt.gz,0,11.773533646948636
candidate_000025,25,9311025,430e80e30644245ea7d23668ac9506b54e34ae7eba22e64152eb6d65342fa027,e28d1dbebe6b29e08366b3d02919e50ca2b4d2e81ad6d06d1a624340066d3b2a,a2caa5624d1117011fbaa9c47068ced4a895be3a3f6cf13232a80159532a4a1e,0,cache/models_000024_000027.pt.gz,cache/predictions_000024_000027.pt.gz,1,11.773533646948636
candidate_000026,26,9311026,3b8b87338149f5e18a2095e14596b4bf3b91edf7cc843581657716969c77b1e5,c2f8f9e66e242eba0f82533dbac87ae0973026a45dd4a7b3817dda9335e1ece1,19fc6a01af5626a6bcfbd7da84b0a16d4427a62242581632134b13447a23afa0,0,cache/models_000024_000027.pt.gz,cache/predictions_000024_000027.pt.gz,2,11.773533646948636
candidate_000027,27,9311027,05301cebe55424af1c7e8b2fc8e2b9b0316fafaeb67f5d316c337efe80941206,132569b1f935d99fdb72fda08312e7b3946d9dace352c5ea8a13edfe3050ff22,e20f4c62375c8d23ab8894d724401a3ffe7c3c75ac5e6bb41b1141f348fe42ca,0,cache/models_000024_000027.pt.gz,cache/predictions_000024_000027.pt.gz,3,11.773533646948636
candidate_000028,28,9311028,66f4f706ae13c7046ad3aafd4821d13f770ceca4b6f82e805e249d4f572315d3,8dd5735c51511c71270665f308987345d78ef27282f3a8dae6880f4f8b8f5fe7,da40712b4a0a07c4f89bd2f65cbddf956965e4267829a9b0b209f012268ad0c4,0,cache/models_000028_000031.pt.gz,cache/predictions_000028_000031.pt.gz,0,11.774139028973877
candidate_000029,29,9311029,3e28cbef11928beca82022d06af5298d1e2202a558214fcea52a5d7e38bf1e13,e7f88994aa6773d94c34a2f07307821ed6808e0944eb8e61ad1bc9a158d74be6,f2c25110916a50f5227f80123e8f662df7081de0ed10474e0fc98e0eb0311cd8,0,cache/models_000028_000031.pt.gz,cache/predictions_000028_000031.pt.gz,1,11.774139028973877
candidate_000030,30,9311030,1ab2b0c05b6398d3cb9fc2100919d2ec53da607b7a87f66f44ea51e781dc57b8,9d068670f9ab00d0cb2d6042353cf9fe4fcabf6338b2a6855cd7e9c7d72cf7da,1d1eee9bcf9b442ca30cf8b951aad37b4dfcf6ab15d4f6ff1747dc207c27c87e,0,cache/models_000028_000031.pt.gz,cache/predictions_000028_000031.pt.gz,2,11.774139028973877
candidate_000031,31,9311031,4010d7597503f776eec3707b37849702f84adecd10900605861d5613740adee8,ab3a961cff5c77d9436c617ce4f83de8e1710a7d712de81f8f514dc02a717085,c715f8d5ac1e6a81387a460822cf971e85b7550f5d25e4169688516f9368da9a,0,cache/models_000028_000031.pt.gz,cache/predictions_000028_000031.pt.gz,3,11.774139028973877
candidate_000032,32,9311032,c3cf97e0cefb73a776734cb930ce9c7df58208c1a467e9fb90baa904149e31f0,a3478345de4b95d4a71494e5ba6ffe8579934221ddf717c8d086181249861e9b,57472925d61120694e91f869c4d7898d886242ef03f0a5c06faf4377bb34283c,0,cache/models_000032_000035.pt.gz,cache/predictions_000032_000035.pt.gz,0,11.777363643981516
candidate_000033,33,9311033,8198bc75037e2ddb9aca41bd2c4ca60c0cd3db62b94a7b91ff4971a772473f9f,fb534ffa3b56aab14d81f17e7a592d5d1f9a45f972c504196b66df86ccc8f737,ce41a7f64696ae568995557c97fc8e1bf372564cce17081bdf7da5b1746d5c2d,0,cache/models_000032_000035.pt.gz,cache/predictions_000032_000035.pt.gz,1,11.777363643981516
candidate_000034,34,9311034,2935fe2b98a8e6a42f3769af4c7013d74cd620043de11b6eefcf3d8e11e4997e,d3fc6d15bb44ed9e2317f76e12c6b21a427e46a5fdb7a3513952c8755325eea9,0e131d7485d80b04fd0a9024f2cc83dd056c3f4392df6c282dc4d396ffd4e66e,0,cache/models_000032_000035.pt.gz,cache/predictions_000032_000035.pt.gz,2,11.777363643981516
candidate_000035,35,9311035,4271da4f1efbd29eea2bfb3f0833dd437e5825ba9f473ac260c46464ce9b8621,ab137c6ed34e1fed38fc223a5058709979d12746cdc31f93a6c2c382248313f5,a48f15cfe07cf37701587f5b7988b906cf4b9ed67e9e3c912d03c882451bf086,0,cache/models_000032_000035.pt.gz,cache/predictions_000032_000035.pt.gz,3,11.777363643981516
candidate_000036,36,9311036,54cdd0bfbd1439ee43bd59e1abc2e1448c7ec100fa2e2e271681ae4485e154a7,79a70a79b9d5bea7bd5272abd47d072cc569429a1eaeabccdce8da4c85bedd3d,30fbedf7e684860bd939023b75aa4822e4c2bf6c71d9f4e5da2973fb96a393ef,0,cache/models_000036_000039.pt.gz,cache/predictions_000036_000039.pt.gz,0,11.77789737493731
candidate_000037,37,9311037,fcdec70202ca9a872785146949315824173cba7797d3efad8e8ab1b12a8c1815,1cd8a9084b75b84e9117b837370be33eeeb3e1a459523f4d481d54d338b92855,a2a8a8e32cc0cd23a911627f3fb1eb0f4a9f318e77713a303dcc9df5486e6800,0,cache/models_000036_000039.pt.gz,cache/predictions_000036_000039.pt.gz,1,11.77789737493731
candidate_000038,38,9311038,0f7db5622d3472626e141c680ff5dad4f23c90efc53128575530270a95a08c82,9b6956602106723120c210ae3e049afd4a2b2c8f27815f7e0564f93715ae3d5f,e1f93d29e76600ea75b5aa23eb5c7f57719ece530b8b54a24bed22dd42059a59,0,cache/models_000036_000039.pt.gz,cache/predictions_000036_000039.pt.gz,2,11.77789737493731
candidate_000039,39,9311039,ede8670a1d81f0c8af2bcc156856bd5c86dbb38eaf910a80cc8f84538bbd3328,7b8d78d4d366f68803f8d0f3f277f8d24223a45f2f449368b74690fb001b46ec,2b5dcd55225f94b248d07ee0f892f4c3e9721da1fa6c76334ca10cd3eee23458,0,cache/models_000036_000039.pt.gz,cache/predictions_000036_000039.pt.gz,3,11.77789737493731
candidate_000040,40,9311040,a648cc9112484c9d7765b4f3a2e393a6171c585dcccc7a3d929e8d9762f913d7,cd69442ce38856cf7d3d30aca34ea24625fd21320ab59f903aa64b8f5d691d37,685314822cafd80040a3365d0c811f7404f934f701021726591be98f3dd3f0b2,0,cache/models_000040_000043.pt.gz,cache/predictions_000040_000043.pt.gz,0,11.79170837404672
candidate_000041,41,9311041,e9f3ee8f5ed92196868c19fe0714acb99bc31eb8a7418a3bf0706b3778c8acfb,fd92a3a422d97fc79e059188b2b8a0b8c988ade89715b2904bebb3d66813ec0f,fef91edb05db1c16421cb5648940468275d964bc62068fa235269ba974b7ceda,0,cache/models_000040_000043.pt.gz,cache/predictions_000040_000043.pt.gz,1,11.79170837404672
candidate_000042,42,9311042,1cdd4543e221b79f3d343b295c79539916c6c74f05cae4e237861f7c8e1dbe7a,c59db596ea628a23d059a2a1ef61ee0bfa7ae7b0cc0584c0ecd3f4f443fb3a9e,78126fbd463e2acd4ab718c5578445a8953500c32bcdfc5a74035975efcf32ad,0,cache/models_000040_000043.pt.gz,cache/predictions_000040_000043.pt.gz,2,11.79170837404672
candidate_000043,43,9311043,5e15329fc1479207d5cd7fe90e35f3a3185ada2c9ef2639bb56608b3b853ad12,a0749f46b637ca646f1ba62abb43855ef236a71c87effe6196f8d2e0f851ebcf,1d4ab6bd5b1cec0322c260ef0d4dfb10755beda03a65d3ee1fa3df411376640a,0,cache/models_000040_000043.pt.gz,cache/predictions_000040_000043.pt.gz,3,11.79170837404672
candidate_000044,44,9311044,9a47d6e66f43963194d5104143779325c01c94e16efa4a6f6e030aa87c2e7978,58e6cce3343632c50e26921e28bde9db6957030d3987156694cc1d171e76cdee,ba5be1cb9af0c6f9767189b2590f4a15be789dfb43028af72ffa47e960709a6f,0,cache/models_000044_000047.pt.gz,cache/predictions_000044_000047.pt.gz,0,11.791196092963219
candidate_000045,45,9311045,877b59b3e10bd151b804ad9d33b16acda2686311f7abe7bc94a793cb174b1a44,c2903b33aeba009df01ce0ff4f89850f81085d42eb966ff1baa54f848d5622a5,7e19b00ecfdf1f138ee79a389045b17f31875b553610fb688dee758b51ea1ccb,0,cache/models_000044_000047.pt.gz,cache/predictions_000044_000047.pt.gz,1,11.791196092963219
candidate_000046,46,9311046,4fe2cb2e78685ccb266b313530e89d440595f594ae3f971b686028c2bfa8c008,f03c4c7bff3244f167c3fbe9c53c4891924a136776d85df077af038f1131645c,c015b9603feda9cfb8f7b429a2c3a0fe3f8f1b09a19c39f0543728480e2a9f0a,0,cache/models_000044_000047.pt.gz,cache/predictions_000044_000047.pt.gz,2,11.791196092963219
candidate_000047,47,9311047,e6fbe0cfe9031fac073e94fc4bc13ae807afa19619f954ad18d982d96c229495,a79c2644ee2ee3e9d3e457fd8776730b939b0aa1cad7ca317c17bbf84a1651ec,3dea98bd0cb3fb523f04c6553897c382935b74c3044db8367446ffd0378da8e9,0,cache/models_000044_000047.pt.gz,cache/predictions_000044_000047.pt.gz,3,11.791196092963219
candidate_000048,48,9311048,5bbc0be3e441f175ddc0b15991fb4358d6f1709c5958b009ca6b5f8159bbd858,62a88f7d9e789ba559cd7559ff50aa137252adf923ddabb20ef6be7b3f048d5b,d5deef3251a621df87601a88f5081e457eaf59152f8d83d73cd9e76254511dc0,0,cache/models_000048_000051.pt.gz,cache/predictions_000048_000051.pt.gz,0,11.790567959076725
candidate_000049,49,9311049,f47dc1a0c7d70b8650cbef2f49e915d771fbb3403a7b1ae0bb54f4a4ee0041b7,bfff833b4a19fad410ba8aa3e80b6bbc5fb67ff65008444e8439caee70215702,81e695b8ccf3d095635e9babb561008db0ecf8a2432599d5993a39f4c08f616e,0,cache/models_000048_000051.pt.gz,cache/predictions_000048_000051.pt.gz,1,11.790567959076725
candidate_000050,50,9311050,b45aa9f118e672e5f1f15708f409db062750c9ef13f42433626c82f7c6504da2,ae61c834b9af955254840f86b4a25cd6e441060de31c15e98d0d5b10254be13a,c5b48edc071c903ec600f37efd33c7edf1479c769577e598454e38c4da2005e7,0,cache/models_000048_000051.pt.gz,cache/predictions_000048_000051.pt.gz,2,11.790567959076725
candidate_000051,51,9311051,738811009dbff8f5062160a3cbafdb7abf92154dd2d37b23985bc3f0370d49bb,09782cb78a63fd0c8e624a6d22a64ae383505b9f19068634df801c65e551261c,c8e8653a0e68e6099194a274d7def558c16c67da3d9d0475a5584919c0f0661f,0,cache/models_000048_000051.pt.gz,cache/predictions_000048_000051.pt.gz,3,11.790567959076725
candidate_000052,52,9311052,908ebb53ad6971b1d094cf4cd37e1a4843231f295b006f895cea7ea9d618a40f,ce36679f1a440e6646299cac2b6cff60edb4642350c89f391adbb006981d4b48,62464940cd2c1ebcad3b2ef729fa8d71ecfe987ed5b1e5bf1f68359f290ef215,0,cache/models_000052_000055.pt.gz,cache/predictions_000052_000055.pt.gz,0,11.791424505994655
candidate_000053,53,9311053,95a764d06cc70a8f0664aec561b28cad632312de1b109b604fecf00f6cd9464b,25a722e4a10f3fc5bcf3f4fa7d2daa140d6fd662a4fb6a2c6430a54e0e973a1b,bb76055367f9526fff4f64e6e83d4916fa6f579cb3df93dff6364b910d679a1d,0,cache/models_000052_000055.pt.gz,cache/predictions_000052_000055.pt.gz,1,11.791424505994655
candidate_000054,54,9311054,b534365f87718e36c7b7df23415aee343cef115b82d1802bfdaf9a9b0564cf9d,85849ba75a9a00cad3aac94f136914331bdfd695101b757650ce80232e429967,881440217dc1aa7e539c237bfc015d79aff399c3a8f17d9d57771ebf090956df,0,cache/models_000052_000055.pt.gz,cache/predictions_000052_000055.pt.gz,2,11.791424505994655
candidate_000055,55,9311055,4086913587879357dbd9fb889b894a2f5427fa087f951d716b04572b7fdcdad7,cba6dd56a9cf7707169baf4bfd37776b60c837b12fdd2cfbc41f19dfee6d76da,e392f1cf722b712b4fcd31e18aefb47ad6a2ce9fb9469589badb90bb657fb8ae,0,cache/models_000052_000055.pt.gz,cache/predictions_000052_000055.pt.gz,3,11.791424505994655
candidate_000056,56,9311056,9e53ad997177140a0d1f5236c75a8484e3646b45ab6225755df0f3e8845d6968,d3c719bc161f8945f9e562f08443748be3bfa3720f93162b91e9cb0dbdcb23ed,562a3323dc1f03670c502b3a1f1a9e5875b47f89ec390ad3ae67cc4defc20bdc,0,cache/models_000056_000059.pt.gz,cache/predictions_000056_000059.pt.gz,0,11.791599355987273
candidate_000057,57,9311057,6fb9da0e4746e76eb9ad377642b081175a44ea66b00bae8ebb28f45a4ab26aad,6c3774a1ea3d23f9f81d12495ba3e9c14df2e0d29459f7fc062f5a37c8a5a12e,d7433b58686a2cc3de3d11c880b980e0e4a5d714a5ba67b4f4261f4a5c3e3de8,0,cache/models_000056_000059.pt.gz,cache/predictions_000056_000059.pt.gz,1,11.791599355987273
candidate_000058,58,9311058,652074980a8631b5cb80665e717a60b17396f053507e5cc1e7ef44934eb2296e,358c55c7eca68b74388bf90e6299ecd8ceb50eec25e3b3e8653d31997ad0fa55,453244692bb52bfccd65ab3fbebf0a7cb5d50f6dec415889a1eec5ee83abab75,0,cache/models_000056_000059.pt.gz,cache/predictions_000056_000059.pt.gz,2,11.791599355987273
candidate_000059,59,9311059,5166a53d9db68142214e820ecffa563b5607b46c14b38ef22f4cce4276817430,2b079a0e90b5e519ed9089874eca8231e72fbed91ac0298ad64f1cb1e618b7cf,82c1e271c63b4e28ed9d2490c8d5a9abb29ca8ce367642788a6c66ff27cd0be1,0,cache/models_000056_000059.pt.gz,cache/predictions_000056_000059.pt.gz,3,11.791599355987273
candidate_000060,60,9311060,c6b8599ee6dd4498de7e179bdfdb3867973efb8d101ba67be4a3165fd3a8417d,74a36f3707954fbb05251a4f39795d371e7575d17c19d12d3176750fd36c68a6,ec9e72d6733ba2168afa85969ddca89a6e47bd6d33c193d73c8714922234709d,0,cache/models_000060_000063.pt.gz,cache/predictions_000060_000063.pt.gz,0,11.792580118053593
candidate_000061,61,9311061,a0e5999f2ee54bd1d3ff1101803551e903b9946dc65a5af76135ccb2aec2499f,b1e81687e3e8584e5955c45644c4028fd8f9fffef912bd6a428b01736d35c75f,39635ca566a1b27a61975dfedb919a300ac6f0e0f0e4ea86d85ed013a07e69c8,0,cache/models_000060_000063.pt.gz,cache/predictions_000060_000063.pt.gz,1,11.792580118053593
candidate_000062,62,9311062,2c4b2619a6c1c19710a4981e1bcaff7d8ae5d8a1ee985f4e8bba0f76726e1244,8e8f82debec77acca03b2ba85bb1d75cb2366031f0950fe24e0db148e0c729cb,91ce2b4ef938a985b81a62f304d4ad882cec2f471750f4f0d579a0acb7685a54,0,cache/models_000060_000063.pt.gz,cache/predictions_000060_000063.pt.gz,2,11.792580118053593
candidate_000063,63,9311063,b71457dedec4972ff2dde26f8c6d05e3fec098ae3ce891f0fa9861819174642c,afa141de4f5ea5fa20fa9efb6ba79b00268877dcb193d0299bf2be6464cb480a,20479f9964ba6166e8d2def8b12bb83334370ed9aab6ee38445f425a4c3ffafa,0,cache/models_000060_000063.pt.gz,cache/predictions_000060_000063.pt.gz,3,11.792580118053593
candidate_000064,64,9311064,b3da94da216808b8d9a0810bab68b7832f1ee71eb0dcb8fe6c43f1fda7c5b11f,1dbaf5cd88dc1cf3d66ecebd47abd440adce0fa438a8f38a7950f96a2d62ec6e,5578b097d342ea5ae572f3b8496ed6a43dde7240996f1cfa5895a9385a1286b3,0,cache/models_000064_000067.pt.gz,cache/predictions_000064_000067.pt.gz,0,11.79129100102
candidate_000065,65,9311065,f994f429de124efa9ebcf214710f87c8acefb89cbc42b231b4cc49efec289997,e4555d8805e40fd42b488c523a84bf3115e284051fa47089c2924f31fdb5351b,203675a8b5575f85b1438d0e7e1f623cda0a72f72fa41019fc15410bf33e8173,0,cache/models_000064_000067.pt.gz,cache/predictions_000064_000067.pt.gz,1,11.79129100102
candidate_000066,66,9311066,c746bb9ee92e923458b5fcb39f72f577d5599642bf39bba06da997daa00c55ec,e54b8d640fe4a799dcc5ec7c0b5e54971c513a72c2562ea3ded41a3bc748ffbb,d1d08269d533d0f7d0ad2221bcaefb08c28c56d14a6c6014c58352df19f3da49,0,cache/models_000064_000067.pt.gz,cache/predictions_000064_000067.pt.gz,2,11.79129100102
candidate_000067,67,9311067,fffa02b2cfadb6e52cfd0c094c104b29690cae96cc5f2927ad930599f1669363,1280bbaf5fd55a7a00b065f33c4e04bfbaf919014a582b46c33daeafd70494e9,14b1a40d3c6a6a5ab4204eb58cc0d3648f23bbec1b02c25aa0135d32636c9abc,0,cache/models_000064_000067.pt.gz,cache/predictions_000064_000067.pt.gz,3,11.79129100102
candidate_000068,68,9311068,b7fb3873287883fe118a371ab150087cdb115d7fde41fb88faa362cd789ee9d7,e9ebdcd35aab4798d3b3f077668db06d0bf0cb674aa031709f40d275ee73f4a1,b340087f4e158f32eb7ff95595d6b2f5d5f4296067e42b8af85ef685ea124668,0,cache/models_000068_000071.pt.gz,cache/predictions_000068_000071.pt.gz,0,11.791598540963605
candidate_000069,69,9311069,36b11ff25f20774a418f62db9f55694c1589f4958782205b384a7cbcca0b257e,9edf4ee75d0fa75086ed5dcfa95e16f9e1111a414bdca8bdfe4386d7495dcb7d,b0c507bee57857c5f92ee8e7c3bbfd647f01631950ba47c53b3ea7c3f24c0cfe,0,cache/models_000068_000071.pt.gz,cache/predictions_000068_000071.pt.gz,1,11.791598540963605
candidate_000070,70,9311070,e3998d540d662cf863074db5c87464e6bea648086d4a6a306b1cfd06dbe13156,0dbcbb23245442d5de0ce409123d95de07018eb97df93492b35baef8b033b6fc,65672ea5f33cb258b406e07085fedc9b24824202e5832b5da9a429afca9387d1,0,cache/models_000068_000071.pt.gz,cache/predictions_000068_000071.pt.gz,2,11.791598540963605
candidate_000071,71,9311071,659797a746ec42a9f4c7c7b55e94ff9818e21502bf49f8fbbcfaab64fb1d8918,45f4390a6d0d0d30dbf3ea673a9141912f05a77dec25bb3c038aacea62364166,b2ff7fd6d19f7d282f0dc8ac39af9d60b4cc5f833d44edfdf346ba1c16ea7f47,0,cache/models_000068_000071.pt.gz,cache/predictions_000068_000071.pt.gz,3,11.791598540963605
candidate_000072,72,9311072,4884746a68ff18fc3616b64f0d3b27b1b16d44f9e7ab37d15d1a10dcc4dba7de,95e6bb3c0985bcf75360ee4bd08b80dc69471c9425abf0d73b8a0f0c5d0cd7fe,adf003296f7d5c42cc16d88865527df7953de2ed5c93dd2050e53d738ea1cd7b,0,cache/models_000072_000075.pt.gz,cache/predictions_000072_000075.pt.gz,0,11.792492146953009
candidate_000073,73,9311073,34d5c88a999e34392689fed20d274437a01fae3907fb42e2722b2ce5c142678f,51121e55b8e65bed763d3f5a97360a2a2c28f7a23c777ee35fe325af5be56d5f,b67cfbd63339c6697dfa1fe4ee2777e36dbeaaf0fd6e9ed47373bc2580536a43,0,cache/models_000072_000075.pt.gz,cache/predictions_000072_000075.pt.gz,1,11.792492146953009
candidate_000074,74,9311074,0cf3646288783d43a4c05ec771843af6f10d5c58aa9a066e2abf95ed9a0a301a,dc2ef509255b93ac2040c4886c5d4cb74ae4c614665a874e4e2007b9cd145e60,ab4bdb3ad4098f53e30fab7007a6bf3016bb829c6ec6811d706c0b285a99efe7,0,cache/models_000072_000075.pt.gz,cache/predictions_000072_000075.pt.gz,2,11.792492146953009
candidate_000075,75,9311075,a4dda36cb0f69d4d901e20c4a9c406357fd0edb0bab57b029d98a25f89607812,5838fbcb52428f529f00ea889a990d4095df20ca141f918bd0e5f1722299fad4,a8e39bbe1476a78396888e3fc8581bba2aaa8b12b595b04464562aed39239089,0,cache/models_000072_000075.pt.gz,cache/predictions_000072_000075.pt.gz,3,11.792492146953009
candidate_000076,76,9311076,614dd05766518aac8639fbf92b91305a9955f6985c881ac668262accb11b6e06,e3388718a7629bcd074e1596d4f939270b8573c883bfd0a9596dfef3f2dcafab,aa299a794113cf39bf59731db41ea655bf0e5fdd2e158ca7b52014f201a41fd0,0,cache/models_000076_000079.pt.gz,cache/predictions_000076_000079.pt.gz,0,11.791220800951123
candidate_000077,77,9311077,b308e95924130b3367e50eea2013c3aaeb6eb969e9f195a53ef38fec7c7165f8,df2276312cdc80bee590af07471772ba64b5303ec3bef700d5a1cbb88b30c5d3,2d22c33714e0d3bf65de2acc4d945ef0cc3803762430275ea7059bf156209c42,0,cache/models_000076_000079.pt.gz,cache/predictions_000076_000079.pt.gz,1,11.791220800951123
candidate_000078,78,9311078,80041d94be20f9dd39c78a0fb0ee0a673c0d7fc74a06e86a13a88b709d4d13cf,00b1d2efb1278712b095a9840d340a2113b770ecb30bba82d7a0b704dace7864,4c4b461b18b3c061631e2223b295f7fa48f82599b31c2b7384ef118aad1666a1,0,cache/models_000076_000079.pt.gz,cache/predictions_000076_000079.pt.gz,2,11.791220800951123
candidate_000079,79,9311079,93e0aa54eccc5e0f51c53e47c567283e72753eccea6bb4626aa4170624e1ca73,484d6a59d5e2409022cee52de14305003c02f1646e2e33c0af89e1f3a7ea5bb5,95c7033d17dcf74edd049291db8d8510dd63c544428ecf5be5060874f62f8635,0,cache/models_000076_000079.pt.gz,cache/predictions_000076_000079.pt.gz,3,11.791220800951123
candidate_000080,80,9311080,722964a689e0adad5ed31ec6c6a49cf9a453d163756917ce731cbac964691eea,804d9346b0c9cb68dbed9af7ec44cc82dd164ac3aa840a72c01d18e70d3fe2ad,4f56afc224dc7f0ffb998e701b100c8a811a10d2d79221c443400934f5b15587,0,cache/models_000080_000083.pt.gz,cache/predictions_000080_000083.pt.gz,0,11.792164437938482
candidate_000081,81,9311081,cd6f65e5594d66b82da7167723a1e6245561dfcc59043c324530f3655b54a684,b480535b5092e8c22912a3033e8c65355947631bc32e426a12cf8750d0289630,d6e99e528b66c92aa7d54ded5e5c3d57eb7d0eccf9065e92eb1d1d78ce3bfb1b,0,cache/models_000080_000083.pt.gz,cache/predictions_000080_000083.pt.gz,1,11.792164437938482
candidate_000082,82,9311082,64ae8f18c81af1486b130298fab777aaccbc3dc937021e01396ec9535a024227,99917246332ae05aae6e84dbaf4de8ed403dd0e0d9ced048cb822d281b1268c4,c26015ef8559776fa24a74ef57dd881a14b0ea8def4b2e0644ba97b1e52e26b3,0,cache/models_000080_000083.pt.gz,cache/predictions_000080_000083.pt.gz,2,11.792164437938482
candidate_000083,83,9311083,e4eec8fed5fc25e4189fdab5ef2acd4d5899944171ec1840487c72e745e3ea2c,0244525ae6a4a1195e88b69c1d6900a15b50892185b6f8356444529fe75dd029,f7258f0f705209fc28e4232d22a8a40e2ee4716f67c78d94900a96350891bf6c,0,cache/models_000080_000083.pt.gz,cache/predictions_000080_000083.pt.gz,3,11.792164437938482
candidate_000084,84,9311084,d22c193577007dd98762098a231249be5bcf6b7ab613feb90d8d5c61b6f935cc,867c24407a65fcc03a88521125833422ca11656c59babf769d93ba69c72a2088,810b1fad426cc037e7fd8bd9461796ec37ada3142433fdc1e38ff6fc13bd46e1,0,cache/models_000084_000087.pt.gz,cache/predictions_000084_000087.pt.gz,0,11.792815153952688
candidate_000085,85,9311085,a09983c2d99173bc05c49c4d454ddf78a8aebf92eb40b8e4a2e7e035fcf07e49,72272ce145ec4c84790add3f581e496b99b7f070a33c179c97edc91bce3161f8,018a5c22372be0d9e3ff60068b3835e246d68306883efe3a66a15b89459bb591,0,cache/models_000084_000087.pt.gz,cache/predictions_000084_000087.pt.gz,1,11.792815153952688
candidate_000086,86,9311086,b7f106f57d6c3523abbd78660890c2ad8a956a06f0fef0549ae1a4e580741892,d8c12c971433d93ecd6d7fa6a93549e68f58e5e73d034f4ebb05d9fe2b18e96d,0c1cdab6b8b3948ca72334484b756185ee5a154c046aa6f0a0be9b8efb8bf635,0,cache/models_000084_000087.pt.gz,cache/predictions_000084_000087.pt.gz,2,11.792815153952688
candidate_000087,87,9311087,d2a16a99187cec693ca87dc4037a7376ec00e7f3c80bcbfc2d1bfd2201425345,7c805e29f980923d3d4511ff0efc363f6f10300cadfa649c2f95a6484f96e567,60ce363a2a6ab2fb6e0a9b2e98283d45b685f652a0671e85e1fcccaf01335505,0,cache/models_000084_000087.pt.gz,cache/predictions_000084_000087.pt.gz,3,11.792815153952688
candidate_000088,88,9311088,1b2c6a17292d06584eb923988a1dab5a4afcf9e7bff025b765e5cce31662b3a0,28fd8b6558f515f578b1c0c7a3ff88103c988ad3130cf08f9f7a93d875d1c71a,5c8e0339655c0d3abf71e168657b800d65cc829d9feeb3b8fffa343f10f9d864,0,cache/models_000088_000091.pt.gz,cache/predictions_000088_000091.pt.gz,0,11.792472718982026
candidate_000089,89,9311089,f567739097c01bfb17efef82965f2a3c2801bcfa3a3dae4cef92dba0ed807d25,b5336a16d2dab0e2898146637613be98b1d555551a6b29600ddbf609c83e7596,d8ce5562f05c9813463b73b90e1e4899ee748636e8930d8de08de07f40f57902,0,cache/models_000088_000091.pt.gz,cache/predictions_000088_000091.pt.gz,1,11.792472718982026
candidate_000090,90,9311090,4e868be7369d874c1682a9e5b2d8eaf8a1cd0f6907628a3a20dd6ff2393cf6f1,693411fddabcf6bb03d835c92b102fd210bacf4e3644444cf05be828d74af1bf,a836cd1328ec473f84eb6c027dfd023c9fd3c24e54b996718863d4bb80bf7c2a,0,cache/models_000088_000091.pt.gz,cache/predictions_000088_000091.pt.gz,2,11.792472718982026
candidate_000091,91,9311091,4364317d4a226f339a6dd1fd2497339095c57aabaf3030971e7dc8da6f863bbc,f85c6f147b73e5ac6a55c9b4a7d3a6efac3134b94c559e8e5b1e183876b52d0e,9cd41f643fed7f93dc5f133685269d1b7bc6448d2535e6d82f3ac3253c2043ba,0,cache/models_000088_000091.pt.gz,cache/predictions_000088_000091.pt.gz,3,11.792472718982026
candidate_000092,92,9311092,71a7730fda76b733f9f7e13f820f9e52df4ac9d9405625e2cc8b832ed527ca49,b2f691ba0648d8fb0698ff33a4721c16ff954c043a2a8b4ddfd4b5ca5e51bb28,fae8118f009375cd7e14da3c161916eb5200d7a71a9d2e4de83a3e7245cb6af1,0,cache/models_000092_000095.pt.gz,cache/predictions_000092_000095.pt.gz,0,11.792705898056738
candidate_000093,93,9311093,f99967aac40817c06617f6a8a0368a2f9d93969f85bd56e58089757b2de06b09,b3a558323c74f138ebccd550c45dcace64d1d9dfcf3e8183382d4427bd4d2471,f336ce8ff8291280e535949427d5e424266d8175534d408561a9a3c34feb96e2,0,cache/models_000092_000095.pt.gz,cache/predictions_000092_000095.pt.gz,1,11.792705898056738
candidate_000094,94,9311094,295a1471f0bbb71622263d97d258b501e55a4a2874be00a4f7e0df97c81fdc06,c745fd5c0ddb5b17e61260b049e6e39f03e64726c3a2b85c82d8a50de1c19b0a,be5b156ce2b9b76b0036a9155130f85eaa989222046955b95d01f27fe38496b9,0,cache/models_000092_000095.pt.gz,cache/predictions_000092_000095.pt.gz,2,11.792705898056738
candidate_000095,95,9311095,4abd01ae42efdc252571ddba7955bceb637f48744eba48107a27b53207b5c650,7c300b9e610381a17fdf1d7fe41e40e18d8a407e0609b80e0bd6a8015722706f,6c08ee5541f2f84cd28e5a0c12c9869e9276b129f19974dd4bde115863aa3277,0,cache/models_000092_000095.pt.gz,cache/predictions_000092_000095.pt.gz,3,11.792705898056738
candidate_000096,96,9311096,43bc37c936d17326f3135de4a6e2504064deca6a67562aa517d59f15ec91561d,e38516699310eb228146cb0f2198f6daec1a547bd387029849d3d5edd3f7257e,2d8e058b25e9cd08c7ca27c3388b61a100625256a14f3bc0f97ab1be1c7c781a,0,cache/models_000096_000099.pt.gz,cache/predictions_000096_000099.pt.gz,0,11.792543065035716
candidate_000097,97,9311097,4c88cde493cd7cf1ca1051fea942e01b5b98324b01743302b86e2e129a493624,c09087dfd6c4526c3c6b14b90c4971bf464bb6089215d1475898e473b779c65b,22ac2f9b017c46d95e392efeb1c3ae9c7e3c5687931c0a889a642dbcc5b31866,0,cache/models_000096_000099.pt.gz,cache/predictions_000096_000099.pt.gz,1,11.792543065035716
candidate_000098,98,9311098,13131e02a91b7a814ac18ac62594c9e380d287140073d701d3e6467daf759a23,8227650629bfa21931536c59b5049beef8e2aca0b867e853c2b87876d15a9160,e65024d6a4e73de3cb31aff2ceee546a29252f060de52a9338ec4531d649c4ba,0,cache/models_000096_000099.pt.gz,cache/predictions_000096_000099.pt.gz,2,11.792543065035716
candidate_000099,99,9311099,2f2d940b8da1223c1a11d356205e2b91b9463a4b7e68470bea719112df41fa7f,7a1a6b4f4b0b88374804ccd698d5e89b6f7aa24fe195cbcf21f993050a70c494,dcd311dbddff7fab46c3e6dc4da6d77fc4b75bbd5acda7e627467ab54fd24f9b,0,cache/models_000096_000099.pt.gz,cache/predictions_000096_000099.pt.gz,3,11.792543065035716
candidate_000100,100,9311100,2d81d8102b4c9ea87850643002b4863c312c835ed7bbded8a738f1aee95891ca,d549490506c08ba9a26c134a0706e8371497e8c08e0b9f0f9bec4ed7ba280579,ed44e31c20ea4150dde6b7f5b237f4d3fb0fb88722eb48c13c671256cfb5f560,0,cache/models_000100_000103.pt.gz,cache/predictions_000100_000103.pt.gz,0,11.792810851940885
candidate_000101,101,9311101,c5dd7b40a39d26f993c0806ceb73f9b777e43d7e58f6526a363bbbafda5dd665,678ded181afb560e4d7e7c848422dc35c326fe9bd63cb1aee8146b1462646f23,2b14cd20ed75d8b4069cb4a29186f3f955edd5667998022bc5de61575cec4ccc,0,cache/models_000100_000103.pt.gz,cache/predictions_000100_000103.pt.gz,1,11.792810851940885
candidate_000102,102,9311102,f403e097395ccbade8f3b530448cd86ddb656caf9de12fa1a8083c776e2b147a,1e5696cc09da6155f367d5b8d88e78abdedb17530704c695b8d595d4c69d6ec9,8b44308635365145643cbacb8fb83dd8cfc12b0bb095ed9963349a1a8bc9a632,0,cache/models_000100_000103.pt.gz,cache/predictions_000100_000103.pt.gz,2,11.792810851940885
candidate_000103,103,9311103,d1d4d27198eaa8da860ae8ac74af85962ecf017f56e86e8960e05d1cc5b101d2,15bedb80b42b4617ee7a35d6407736734f398890452f0e1684a37ae703695849,2153c5a3bc17a8a55f1ebc846f77d98c5b3e1f1a9633cb1c5a94bf7e251790e6,0,cache/models_000100_000103.pt.gz,cache/predictions_000100_000103.pt.gz,3,11.792810851940885
candidate_000104,104,9311104,a403b124cb9237745cf87fc4c9a6df8aa95258e1affa11208dd19b4e26d9ed48,4d2eeaa8b09f4d708e5001dc0eab3a6aa27c9b7d69adbd588def2122398c1916,aa661984df2809832e84054a4df92307b8636033ede6cdefc781907b35207813,0,cache/models_000104_000107.pt.gz,cache/predictions_000104_000107.pt.gz,0,11.79331449791789
candidate_000105,105,9311105,edcf1834c20369ee4cec748c56a2f59b1f9a93ff3e73b5febc3df1fde2f5ccbf,94de5e69ef81b22ac30f8c10315975a3aa7ba72b4026d6306edeb7182b951156,6145a1a91a6892cf908082a896e57d2543b93a4630159222c2c743d4b6a5bb8b,0,cache/models_000104_000107.pt.gz,cache/predictions_000104_000107.pt.gz,1,11.79331449791789
candidate_000106,106,9311106,1e795946665771bbea60ae2c8ce5ed0d3325b876fc247ae875aefac1b32fde1e,f105a29bb630ce74cb169d441157741459a4045fd65cb25c3a6a0d3fa339eedd,22ee0dc1ffcbad3dcb1534cf48e18d57850e7d298a51dac75297c4805ceec953,0,cache/models_000104_000107.pt.gz,cache/predictions_000104_000107.pt.gz,2,11.79331449791789
candidate_000107,107,9311107,54a3aac1d4c3468a73af11b7d3fa4b5d194b1acc55bfd1f3b3842d0cc754a007,befd977bcbd144fb43ecd461600761e1ae01a9a7a8e86049ab442bb17baf4560,c63ae544c17a4c6c6cb2b7b69d57099438a307e45fa8102842e9779924d41735,0,cache/models_000104_000107.pt.gz,cache/predictions_000104_000107.pt.gz,3,11.79331449791789
candidate_000108,108,9311108,ecf5ed49846f4a69e2dc9192f26fa4ea3b0a8d1ed4b28916f86caaf30ff1a649,14613a2a9ef014b1341cfd00dd12fcaca9d500ecf85dfb5a2a095a3301106ff0,3ebbb9bf4b0c83c3110c499f74ba8467b9201f0c66dbfb43eb4df22db8c59c31,0,cache/models_000108_000111.pt.gz,cache/predictions_000108_000111.pt.gz,0,11.792853057035245
candidate_000109,109,9311109,537bac52609f19c1aff43c03b8fc91b24c0cf18ac65be4f89c0930e7295e1acb,559af5a3892611ac7d806c902f30be104224b93527fa98d18c4919c4f052572b,a81aaae451dce1b1c5c73d302519bffc63b7c0242fb4764e802ae83fdd734f06,0,cache/models_000108_000111.pt.gz,cache/predictions_000108_000111.pt.gz,1,11.792853057035245
candidate_000110,110,9311110,8894cdd14637a259d49df2b3695384dbaec5ea69f61b1e8c394af07563fd5115,5379f9ba18b08284c14a4f9100ffa2cf9dd235dad78c17127b89790f296951f2,f7c2f9925d5c5b963432e0c8e531674144f0b66462cab99200b2f149402d90a0,0,cache/models_000108_000111.pt.gz,cache/predictions_000108_000111.pt.gz,2,11.792853057035245
candidate_000111,111,9311111,e8066cf90d0d8fdf9b40c1db59f2221dd83fef687bf38f7ac1bd79a1ef829abd,3fd2d0280322dcf11a94862910987143dbc3e4f9bfcd9ec2cf239f7b07c41ada,1ea641481975ddfbc94dffc086bace2334242940ea8893a309463c44f27c64d0,0,cache/models_000108_000111.pt.gz,cache/predictions_000108_000111.pt.gz,3,11.792853057035245
candidate_000112,112,9311112,82937d4918b69f80356ee93070eecbd732e06f3e4963d990410d65f5418a163d,1e718ccb70c3dd1e251ba11888bfa7e77caa1833658899ba288af15e3afffd94,16c6d3a0960966e27ef1d30737475e2599338d56c1ba2f854aa5f1aaaf20fc27,0,cache/models_000112_000115.pt.gz,cache/predictions_000112_000115.pt.gz,0,11.792539810063317
candidate_000113,113,9311113,04d53f85503b73175c86d65b27650cda7e8d3ac94d36e63964d2e5ceeda6c26b,7ac78ce764209abeceb7edbaa54d41a9e4e9cc8ef12ab889efa1808189696671,df5eceec6dd41f80508bd5899a7099f5cd9bd798b3365c92b4d87a3c26fe2620,0,cache/models_000112_000115.pt.gz,cache/predictions_000112_000115.pt.gz,1,11.792539810063317
candidate_000114,114,9311114,dae059d5a37e4b04639cdd4429129fa6fe35ca407d25848a02c11cb66d2113f2,c48505ca20ca7bd33de2b5cee78389fb2fd3832357055dd98d9f1bfaf76026ac,19f0532aa689636fc6f3bdbd649284035cc0f5352a12c961a51c043288db6bc4,0,cache/models_000112_000115.pt.gz,cache/predictions_000112_000115.pt.gz,2,11.792539810063317
candidate_000115,115,9311115,f2e0b4690be45b2e149bba26e3f3599593258aa6722811d568daa8a05236edc5,4404e5fd2f0bef16eba5668f4a5189ca35f6e7ea7d9997f9b5c09416ccc7dadf,9e1624af78071c26e25b73c1f0f5c4f5cb0eb55082b3c5f8d790455fbda02d44,0,cache/models_000112_000115.pt.gz,cache/predictions_000112_000115.pt.gz,3,11.792539810063317
candidate_000116,116,9311116,91d67912499e179efce997caf403ceb374c24e2686d9bb30673a2d7df7fb474d,9109ea7636d2f172d7e06dbc02770084311861712ce8c491a633f2422624489f,b1f1fe434d9a6aef755ac8a731db00872f14b6b5f8015543530f9d96a0b21de0,0,cache/models_000116_000119.pt.gz,cache/predictions_000116_000119.pt.gz,0,11.792774738976732
candidate_000117,117,9311117,2792d26e786024d5d2c4ce263d26ff1f8a27a89262ef9792f1d0230fff7e1ab5,4d00a3a9ef9175207a189ec1e5a0bdcdc638262f44959ede89e3c84af6232cfd,78fafc6760ad65257073b332c5c19730e7710fb25b554e38275c8ea30d8d0daf,0,cache/models_000116_000119.pt.gz,cache/predictions_000116_000119.pt.gz,1,11.792774738976732
candidate_000118,118,9311118,b9304ed09dbd0e848529a28bda20652b1abe9fb18f8c89a3fb59e48634c6a478,9edee0bd5a932a1a9c31e7b403438506e193686d9b9ac05537ef5beabf58993f,94e620342ce96b0e937283106b85707103e5f2d00e2c441503fa812ee627a407,0,cache/models_000116_000119.pt.gz,cache/predictions_000116_000119.pt.gz,2,11.792774738976732
candidate_000119,119,9311119,e7fecc826c130dee91c7d6ed15b81491b5a2b1c3c4cd76b429bbad0242851bd9,5ff6bbbc8ff3a8be6dcdc928b48c3339f43e822acc65be2c6ba474609ae504a5,f596cea73b09c4c7369253e0d2bd009d17e1dc3eb2d7029ea46f611a33350c6e,0,cache/models_000116_000119.pt.gz,cache/predictions_000116_000119.pt.gz,3,11.792774738976732
candidate_000120,120,9311120,debdce0918d76a79d562abd2f458484e7b56147b8b7869006232bf6ffea9a60e,796ec4cc59aab028fd5962aa2013dc5761ec6c4bc880267aefa40ba596684b93,aaaffdce1e3b22009df81bf99b8ece37a8a886f10c1a1f95c9b9d964e67e1739,0,cache/models_000120_000123.pt.gz,cache/predictions_000120_000123.pt.gz,0,11.793552211951464
candidate_000121,121,9311121,fc401b2a099552b5146d362013e041f979ac95d65c03e6f78827c7fcf8db1c36,7f6eae79d8e80dfa988152e3d14171a9274c40a18cb7b306b9f2e19e0907e56d,5fc7d28f690c508a5ba0151adf4622832731b70cf05037cb654223628e6b7b63,0,cache/models_000120_000123.pt.gz,cache/predictions_000120_000123.pt.gz,1,11.793552211951464
candidate_000122,122,9311122,5bf7472730c5455814dbf002a6049e95135eb1c3cca26fb63a1810b5b38d4cbf,60c6e2983044a7291e38d089d612fde7302484b31f486fd91c94f35516051802,fdf4dad3b5b6234951fc872a26c35e658a94154b43f4cb505a65d669fd08158a,0,cache/models_000120_000123.pt.gz,cache/predictions_000120_000123.pt.gz,2,11.793552211951464
candidate_000123,123,9311123,ff773724d1d82199366f29eb7eb01df1c1d80fe880d3f8f36e5fdc57517f3254,7268e1707a99a216f6ac69550a3b6c4c9ea47cd3a0fe69ae58564ea2b2a8cd96,1f6c9f8ca2b2b5d14baf28044db7bb7a9157343fff3680e4346f3b144c2a5013,0,cache/models_000120_000123.pt.gz,cache/predictions_000120_000123.pt.gz,3,11.793552211951464
candidate_000124,124,9311124,d58ba8cefe3f1504984caf9e9b2c5a9467c94fcbab5e5660311825b9dc57483a,47d5ee74bbe88e76d9b41467ec33fc5bc156f8689768899ec887cb5ef6c6d182,bc6e794ac3453f426bc1c224113502b6220868edd35209edeea8fdba1d9eb25f,0,cache/models_000124_000127.pt.gz,cache/predictions_000124_000127.pt.gz,0,11.79415633296594
candidate_000125,125,9311125,4345bd7affdd7cf1df51b076c6ac273e141471f13a8b0042faf5ad90196d9621,bf88099852812c8a8a94eafb9a03f56c6762aa016638048e24bd87118a4e504c,5a81ca609f66a79e9ee0485dbc6494fe9375606cdebfce5892fdd7720bdeeace,0,cache/models_000124_000127.pt.gz,cache/predictions_000124_000127.pt.gz,1,11.79415633296594
candidate_000126,126,9311126,3b9ccf4e3818e9ec71f2002796c0e337055866cf1410cfe03abdcea8b7cdc72a,74abaa6fbd74fe57db454f61ac767526d8c7cd17707798e94479e828df095587,4a13b72b4b11d673f622288b2663fc7e9206f395a2544b48b93c8cffe4e4e8e6,0,cache/models_000124_000127.pt.gz,cache/predictions_000124_000127.pt.gz,2,11.79415633296594
candidate_000127,127,9311127,d96bd2582183f93307599ff44b94c6dc3f447dbda2596beb499115808cd7435a,23296e3f40a1cbc07e80e4724ef7a9c94d8d5b776f0b7635eac6589d3cbe9b2e,0037eeaa735a6bae7d0e65cbe5629fae9ae1002e3f4d1d8097fee4ab23d7d9f7,0,cache/models_000124_000127.pt.gz,cache/predictions_000124_000127.pt.gz,3,11.79415633296594
candidate_000128,128,9311128,ed3b12a16b5399bc3b8d577e0b29859a2bd870636ceee013b40b7b8d9d7cbb0b,e522c25edad46f0e427c6605e0bfa32ab4a60804ae057d43adc41350f5892f0b,2ab7f46c2ada5bc131fb1922941808cd4387c8c841d7259cea07d24059ef350d,0,cache/models_000128_000131.pt.gz,cache/predictions_000128_000131.pt.gz,0,11.877169581013732
candidate_000129,129,9311129,8fec67f1a0d6013518b4fa69b70ce66e0d48ea99be27b6399866598f194e9abd,2402bae5c97fab4eccfb1501d4e270c938b8ac10828553fd61640a9f8a73d7c9,2b978eb166faae6605a3334281b04dd225e3159833ed82966522b0452385c5dd,0,cache/models_000128_000131.pt.gz,cache/predictions_000128_000131.pt.gz,1,11.877169581013732
candidate_000130,130,9311130,363593fdfa57a184eee40e2654753d58c8e7010fdd3f6879c19703b24e9a0283,a62495508e5ab1f0241c12dab63d0cfcbc39ea0f3fe6bed67f492362e2951c34,4ab8e9e69e5ead32bfd8e3ade62f94722dd1ed0bf2d66181c372c1db153306ba,0,cache/models_000128_000131.pt.gz,cache/predictions_000128_000131.pt.gz,2,11.877169581013732
candidate_000131,131,9311131,9b50b58eee23d59ed4d280c74efaaca186ba39d83cb295601b57f8a3ed6f499e,9d69cecefb61795be43464c8d0896066d52d555a9c6fb327fe67c72b657907d2,7165f71c0386713c09d8a3a1e7044eabb2d3a2325a08f0cda9dabafde9b99460,0,cache/models_000128_000131.pt.gz,cache/predictions_000128_000131.pt.gz,3,11.877169581013732
candidate_000132,132,9311132,48b09c549165ad9f9d8dba844364cadd466b64f80aa116712ae5e6997b28ad44,300ef448932ab8fc05f8ae1f7094c50e032f269bc5e89997c49ac4471431ea5c,76844ad59db2f37a9058f31bca708bc4f3c5b0ac34fe5ee50f29143394d69d42,0,cache/models_000132_000135.pt.gz,cache/predictions_000132_000135.pt.gz,0,13.280655649956316
candidate_000133,133,9311133,1e935961f8d2b800d05a7a2262bfb4a811aa19da33f463e1fac2264abc0a82b3,d6cab496370a68eb6dc494ac16a48e2f64f7ff92dec924048f6791133e105f73,6f75fdeb5a0820902b9d24f8961db2c9a40007730bfc451e474cc7ab60b2a03f,0,cache/models_000132_000135.pt.gz,cache/predictions_000132_000135.pt.gz,1,13.280655649956316
candidate_000134,134,9311134,491f8f5d511f493f8692a335550f75776be064f3c7405c4ce222e99b56dbb7e4,190a1391126577c778ff69a2a707dc2ec5d3a6c56852aab7ded382801044643d,6d39555016b26c0de736c0ad9301f568d4dfc9c25ee5f44f2975fa02dee2098a,0,cache/models_000132_000135.pt.gz,cache/predictions_000132_000135.pt.gz,2,13.280655649956316
candidate_000135,135,9311135,4ff2f18ab3795bcd9011659df27319a0ccd609c0fae9f7476eb4cde7d25e70d8,e73563393a81ded9aaaa17aa5dc49659ff6bd44ac3c4fb92aed30f986581b54c,e3b067aa60b78f266d52d9f0943c8f64a2b7dbe890bfe1b1b61a59101488f5c3,0,cache/models_000132_000135.pt.gz,cache/predictions_000132_000135.pt.gz,3,13.280655649956316
candidate_000136,136,9311136,263f5d2a49c42a7a332cd934cdd0bdc57e2e6660afb22e9d491015083c188ba8,58de67577e7f797dac85aa86e021568bd7ae598ebcf25e0bd0202affe1ceaf11,7490934e387643f1a19556a6a6584636c5cf0b418f63275d4cfad3a07479bba8,0,cache/models_000136_000139.pt.gz,cache/predictions_000136_000139.pt.gz,0,13.631342592998408
candidate_000137,137,9311137,61f77c3b19535ce5570311f45c1138a6ac2acb6de29b5a89fffb24f37a52ab6a,658ad34de37671bc42691d801b5c934a6305d0490a033408d9da7caf790b778c,48d05c564339de3c84cd7f2896b5ff3b64edea7a4b63184f068ddc01d738310f,0,cache/models_000136_000139.pt.gz,cache/predictions_000136_000139.pt.gz,1,13.631342592998408
candidate_000138,138,9311138,72a85f0b29283ad761654614afd970a8d160edbfe883dba2f8e413062c9ed31c,98bfb5f6c4018f67f937e72e5dff69cd4a72d2795ca5168c5dad59cb84cabf20,fc81a6e5ead32630adef8f54b19251252578a0b97faea36dd2cb62cda67c8bac,0,cache/models_000136_000139.pt.gz,cache/predictions_000136_000139.pt.gz,2,13.631342592998408
candidate_000139,139,9311139,072d5b3d00599c33f0c5b650dab17a910212041dbdb99e37b5fc9ef36b62621d,f7632bd4d98563c047926d23a0a30fae1732a4c201d290fdda81ad3dc5067646,40c9637ce5addbd1495f3b429dc1419e381b4f1f296ee31e9fc606204972980b,0,cache/models_000136_000139.pt.gz,cache/predictions_000136_000139.pt.gz,3,13.631342592998408
candidate_000140,140,9311140,9c7f95474700e52c35e8235fb8edec83eda4721595a70b855d95e2520d4e43cc,fc620e45dabeb453b1807a5677ebc6d0189b8184dbf9d10183e25fc689d644cd,9043fcb6938dc75ffc61ed96f7ea307bb244179b8743d44d10fd8d80acdd1702,0,cache/models_000140_000143.pt.gz,cache/predictions_000140_000143.pt.gz,0,13.628700713976286
candidate_000141,141,9311141,83b132ae2e9038fff8b7bf0eb2610d0203452735eef7aebbb8c37ce9fc31bcd6,e5315f5261abe076ee64b452d6eaa2be83eff79c3a56a40f76f47d224ac92e7b,fd3fda851155b8c5dedcbf89ea427380dc87e3bdc1bfe52bcd00bb9e41cdb4c9,0,cache/models_000140_000143.pt.gz,cache/predictions_000140_000143.pt.gz,1,13.628700713976286
candidate_000142,142,9311142,eb934a986330c6e114cb8e023894add59cfe1220e93b13ab1373321809e78c7f,aa88a1651fc0a04b17a21d960a4a10beaa832c07ddfa54195eb1edb125ca0336,c3113bd4eb88b4fc112d491d48fcdf1b8bc2b38ea526a3d6b67b76af1c19473e,0,cache/models_000140_000143.pt.gz,cache/predictions_000140_000143.pt.gz,2,13.628700713976286
candidate_000143,143,9311143,b39eb4a6d90b2964b9d13c958785f55891164f863c7f7313e21acee960cf90c3,03146e8f702d8bd229671c232674902f97b2ebf42f7a7128cc059ef80640cb76,288c3c0488657a6bc1219fac5e8d5f3684340480642dfc9ea1d8d4259ac3c66a,0,cache/models_000140_000143.pt.gz,cache/predictions_000140_000143.pt.gz,3,13.628700713976286
candidate_000144,144,9311144,485004be46f045d9191a4f8e578949dc6b0162b5139be79d4f68a784d72ac34d,357fed1ca8095ff982846ba230949d017de746294cdb8ade8e5d2ad210ec67e9,24bd285fb53db23c7143d6fde89dca125c79d81b0720a7312fc48a7733705685,0,cache/models_000144_000147.pt.gz,cache/predictions_000144_000147.pt.gz,0,13.604427219019271
candidate_000145,145,9311145,938ad75ae49f460ab59e5f1a8ec17aad987cd14d282a67411c6c3594257ae05b,7f2aee6e917d64ab87d44421bcd54473b6078c4be60a861b2d0093e026469faf,a363905582bbb2df19096d058c20e17034ba206c9bd617529bf14981a2d1e06d,0,cache/models_000144_000147.pt.gz,cache/predictions_000144_000147.pt.gz,1,13.604427219019271
candidate_000146,146,9311146,d475d86b61b500c21f1e10960171b0cfa6f124c23992e3fa126c0ba763487e53,cc291fccd7958f3c0e2a8a410cde14cfe5d1b88ff575dbbd8f0e8767d6ee70ce,0610340bcb6a30f5e95b0f99c5bae3b57028d696d85b32d6da0fbbb9be4ec719,0,cache/models_000144_000147.pt.gz,cache/predictions_000144_000147.pt.gz,2,13.604427219019271
candidate_000147,147,9311147,75905c76d6f4e2cdcf5ad079ac8c642caf90743f17d68e4f047c3d7d812e35b9,d386bc01fa8ca6058acc3df1a3e30f5fa5479f17c84e8589b5def26b44d2c321,8f79c27adc298e6009cd3a8dcd7044659d4c5e46d76e0f40b487ff8ed41d5dce,0,cache/models_000144_000147.pt.gz,cache/predictions_000144_000147.pt.gz,3,13.604427219019271
candidate_000148,148,9311148,60390bf71d4df1c51a3665922211d2dc633a5d86e77d47782734bfbc207168ff,93a0e3b4cd2034f1f93e873396d6cfe7d22556cf577d03ab339cc993e0a4febd,ef68ba7f0cfc7fe8c5af77c157ce103106774836e887e185bd7e56c958b8fc38,0,cache/models_000148_000151.pt.gz,cache/predictions_000148_000151.pt.gz,0,13.557012539007701
candidate_000149,149,9311149,2d1d42de7fde628a02b4d1b33e8444c3a687790e0061f0d70706e019e3b037d1,10c3536f667a2def77023077701bc76967ce4d6fd50a06b3f92b9f9cf006ec99,08cc43921b196d1cd3f1bb72e33f9036d132b72bc34260e46ace8b34453e1171,0,cache/models_000148_000151.pt.gz,cache/predictions_000148_000151.pt.gz,1,13.557012539007701
candidate_000150,150,9311150,924b931dd2037153c4be32ec51e44b55b540f7a1639c977f7cd72cedaeed36bd,1283cb5f1e6f4ed8330fc321ab578a43571fee557cc243f9687f5459927c5e8f,9f750bc98d7c6e822907689c211d35164fc65ec9ac7fa52d49a85b20e5017147,0,cache/models_000148_000151.pt.gz,cache/predictions_000148_000151.pt.gz,2,13.557012539007701
candidate_000151,151,9311151,cd2a072af10c02fd4aa112974b21fa0e3cf63464697873567f988c84a8236688,1e9b8fd7149416fe68ab6bcc31118ad03e4ef3659ea2002ecdb2d498ede8e664,ef06e5d05ef9fe436e047adc932a83a722e7d2835a97a2fd1dc51268506adce0,0,cache/models_000148_000151.pt.gz,cache/predictions_000148_000151.pt.gz,3,13.557012539007701
candidate_000152,152,9311152,c2e81569f31f7e83825a200bcb66e39abdc29fc661d8a5cd045ec5b6da3f5a14,7c68ae1b628d3ad0716e04d8a3cb8bacac2657ffdb4dc47584dffa85c6289a06,d5dea390dbe584409cdd009d4c633c3d87aa3e84769fae49dcd579bb5bf55a8a,0,cache/models_000152_000155.pt.gz,cache/predictions_000152_000155.pt.gz,0,13.161121887969784
candidate_000153,153,9311153,ecafe8b8234a20d0b03e1247f789572895a1a6487ee1987f6d2ac833f217bbac,1ba6d3d8be111c4d2db5e57350e77cf7a1fb181a454ac899a3d3dd95747f659f,fa2a33749d8c6a9e7df0be1ef587f7da01ef8d61553506bbc3faa530c3964094,0,cache/models_000152_000155.pt.gz,cache/predictions_000152_000155.pt.gz,1,13.161121887969784
candidate_000154,154,9311154,f1049ea73b4b0b4d31271d2a8d0faa53d6de7840f0d07323a51e8341fadb1ee7,6064815c37314599e0885f09a1d97e49aa890c84b61b865ee560ccb2605b9381,ab4f4760b7a64196108c3cb8dc5e502dec237c1cd6a2fd9011fbd17bb4fb8bbd,0,cache/models_000152_000155.pt.gz,cache/predictions_000152_000155.pt.gz,2,13.161121887969784
candidate_000155,155,9311155,eac0a51149da63fc7fd89026443605ac69f3fb69f2c3de6ef61dcde050340962,b24c5f60f2bcddbfd2c6af5e8b6158bd9da734779944be75392e56b6b746203e,a692e8e9b47393804958492f5e0b564fb621dc4ee4e3e91ce5c5d5bde04e0afc,0,cache/models_000152_000155.pt.gz,cache/predictions_000152_000155.pt.gz,3,13.161121887969784
candidate_000156,156,9311156,58aae162422f4a2ebaf2a7fbced2fc0331971f45ad9311ba0a9c0ecd6816bd21,ea4c130aa407b31490d2bf539943c17e1b70313b1930aac1cf5a69456c311f57,6dd46cd159b904dda8389044d0338fdb7c0e3511233d70e32891e159c5fa7c51,0,cache/models_000156_000159.pt.gz,cache/predictions_000156_000159.pt.gz,0,13.47217693994753
candidate_000157,157,9311157,142104612bc8965e8c1aa005def03ece5d46226dd27032000b5583914d445cc9,ce98e01f503552f07ee599716b9a2a01de235642e893e6c9eba3c39fc914a9a3,45de6cba4341abcdbff0ff23735d574631b05b9ee0d5a9bcceabeb01c4e1dddf,0,cache/models_000156_000159.pt.gz,cache/predictions_000156_000159.pt.gz,1,13.47217693994753
candidate_000158,158,9311158,802116b1c47ca9af9cc6714cee54d47c597e663bdc3845ca8c5f1ec7879a2833,d9533587f1bf682267d9dcea96ad9c5cc837670177a976f1a2c1b646666611f5,c0e654123ea7dde2b51c783c9a834dad3f99f82f4ae94be4d119e533b08e7dc1,0,cache/models_000156_000159.pt.gz,cache/predictions_000156_000159.pt.gz,2,13.47217693994753
candidate_000159,159,9311159,c391023d4fd1bc58f92f0ae7eb4e870448725743ff67a831c2f072df59a4650d,9e92f3dbb8040d7dd70755f9b0770c4affb69cbe17930336fdc7c9fef91074f6,ef22b923f590e3e9a2a9f9a9800ef1522bb4c377c37540666b0aa40fde03dbdc,0,cache/models_000156_000159.pt.gz,cache/predictions_000156_000159.pt.gz,3,13.47217693994753
candidate_000160,160,9311160,017c24d830170eba379f78eb3811695047dabcf5f23c61ea320be788fbf7d9d9,66d44f7cce0b2bcc5e7bcef9d64f8d23a496439901c2521cfcc1c6852bd61ec0,71cf1727d32cdbccb1995e0ec8782106e7e0c338ecfcd320eed7f09a9e55bc23,0,cache/models_000160_000163.pt.gz,cache/predictions_000160_000163.pt.gz,0,13.615813762065955
candidate_000161,161,9311161,65e708362c3990322b9ef49a0ea41ee0a2a7d2dc79252b9329d27a4c1bcc98ae,892d7b005f32ea13ea2a97a7b9549b59b986a8960802298e0f3ac8e586a90e84,7b9f9d52c0d0979f9c629c436829ef87f6477acd077a876a09f1bff87b262b9d,0,cache/models_000160_000163.pt.gz,cache/predictions_000160_000163.pt.gz,1,13.615813762065955
candidate_000162,162,9311162,f6b82664f240cc895c06b906144e3eca83c16f6919bbf5ef051b928f6a92d6d6,3ceffa6da0f680394c4b166cf27639c80e296121742d14c9c0259c0372f04c4e,5f47e42dcbc8890d08f2d58c4ad1c25fba7fba305f8b284ef4acaa4574ebf7b6,0,cache/models_000160_000163.pt.gz,cache/predictions_000160_000163.pt.gz,2,13.615813762065955
candidate_000163,163,9311163,60557b84bf82ac3795179749187be9ab0724832124bd1cf9e85d3af442096273,6c673dcae7cfda7360442fd8754cbb0ebfba10a24c3d0558fe9534b65d3b462c,4b144eed1080c78bc6ce11d89a55203a9841f2f08ccbd4c4cbc3a23c983733cc,0,cache/models_000160_000163.pt.gz,cache/predictions_000160_000163.pt.gz,3,13.615813762065955
candidate_000164,164,9311164,3ed33829f8a11533366b023e740cb4a75a9cbda8876852b726483814d9f57e91,b0fea075a561d880d3de7a4a89acac818836f6ad95c3db36a2a82945b7e7e910,4b8f7803ad61f2b5a385b9574876cd715e43ad9a67e2cddbaf28fb7565c87a13,0,cache/models_000164_000167.pt.gz,cache/predictions_000164_000167.pt.gz,0,13.593091511982493
candidate_000165,165,9311165,387cea84d2839111a320b7082380b4b2868291876198630252b0b6f082afc4e3,c38d995436c9c32ca6976e226ed3873779c979322e5dc10281c0893669e2e6ed,b92454ed19d0be68fb28909ec346d49b2f862e6c801e5b0f4d3be1be563e6f90,0,cache/models_000164_000167.pt.gz,cache/predictions_000164_000167.pt.gz,1,13.593091511982493
candidate_000166,166,9311166,4116c4f8dc6294b0a7f39a597b60d6ea1534acebaa11b4b92ae4f22ec2d0f045,ced83c2164c3cc2678df100a8da1d0e04ebfffa6e993ebfbff9c5ff2b5e5103a,3310037dbcdbb051ddd7ae9c305a4c5cf10a4b14269cff524c7dbaa754d2ad65,0,cache/models_000164_000167.pt.gz,cache/predictions_000164_000167.pt.gz,2,13.593091511982493
candidate_000167,167,9311167,8a60b24fe8d35b0bf60ac8aabda551619399d615381a62e5f9592319fca0ce73,4faa3e31958b30566a06864b5c38e8526a2f3461d9a7b4f44aeb9ad00ffaeaba,e8decab9fd296894e93356badc73de757a098f49cdb64a215c88ce0996d47347,0,cache/models_000164_000167.pt.gz,cache/predictions_000164_000167.pt.gz,3,13.593091511982493
candidate_000168,168,9311168,27301d7216a19eea266c0b77b7edd3d93caaf630a38bf4ce1fcfdc6d1102a6d3,abfde5261c9700de04d1b544c4312967aba23c8b8e398e395dddc28198bca458,0d65f2166b385c7694b1e5dafb4218fb62d32c1a5e0b1f261bb4ef6bf22c9899,0,cache/models_000168_000171.pt.gz,cache/predictions_000168_000171.pt.gz,0,13.590331868035719
candidate_000169,169,9311169,13d8992d5ee0133fa759ed9be847e70f3af64e50133128700567a4c178e1c228,a1e173314633559d1d9e6b807ed9ff2ffc295d48aa5fd793d51601891c453c89,c76e976f0af90856572f31bc9a4ac6f1e84d3b14cf796c56f368dc757a2116e3,0,cache/models_000168_000171.pt.gz,cache/predictions_000168_000171.pt.gz,1,13.590331868035719
candidate_000170,170,9311170,97d25e262769296b9c7cf4410b8db7e84bcb45ca35c5ddd441c54cdffd70f3eb,5e2fb9e0ddba6ceaeda16e1891fca0908f1f0bffd07e8b65302c3945b4229d8a,d0084cbbe225ffb850e1263e3ebc69bd6694d0b71e3493ac2b9f7483d6f1ad17,0,cache/models_000168_000171.pt.gz,cache/predictions_000168_000171.pt.gz,2,13.590331868035719
candidate_000171,171,9311171,2cb260e9b0f614528c71850417cf24d058c0f3bed5d11b4e5f3268597c70ba0d,46cf52c2a2a99efe8a3492c580e9c8e2dab7673367102ce81f914b634040726b,41fa5ee3a663b08b2376986eb387cf3b89b1eca0efe9cec57d4f0da7855a8a11,0,cache/models_000168_000171.pt.gz,cache/predictions_000168_000171.pt.gz,3,13.590331868035719
candidate_000172,172,9311172,f02e828b47c16990578d1ab60fd1f6f534c69aeda27ce93cb46214a3f1130cc2,5715464e560a5941892871874b463eacb6013f313b552bfc3e41078ebf37786f,e049c98a959aa38ea43c4f742d47aa5fc81c54a8a0ab89fabe6f11aea5d14b30,0,cache/models_000172_000175.pt.gz,cache/predictions_000172_000175.pt.gz,0,13.185619288007729
candidate_000173,173,9311173,9b97b48c0c43d56a7b2ee48e245d45d38d0edab4c32b60b87f87afa267f3a116,7e5b6ffc6a17ceedb98a7e7188b4a87127f476adbf32068d82c9b8d63b104c41,2cc13416808e4dc38b4bf5abcaa33a5496637931c1361bfd6277464437da84ae,0,cache/models_000172_000175.pt.gz,cache/predictions_000172_000175.pt.gz,1,13.185619288007729
candidate_000174,174,9311174,55329bbda4937fbf6374479a61ba1ebec88e8f2534853975ef7af200f79332ba,169cd0bf10e51d0deb558ee5df5ad6a8fe3f0dfd0ef525592595407b0d0cca8e,fe28fa59b5f67596694c603338a8695b3fd68bc5a1f23e10f76e0e40d9fe1b56,0,cache/models_000172_000175.pt.gz,cache/predictions_000172_000175.pt.gz,2,13.185619288007729
candidate_000175,175,9311175,97062a44885cf0a53cb13e4f3040c62fcdc0696b6cdb1ebf88138c9529a5340a,400e8bf88c79b4a1b84ad18c66b206fc3f71a19d424564fc34725133103053fb,158af4c4d194b2d53d30349c7a4cab50f8fca1f47124d6828e08955bf81a46f0,0,cache/models_000172_000175.pt.gz,cache/predictions_000172_000175.pt.gz,3,13.185619288007729
candidate_000176,176,9311176,07010781b3efb7293356c7c644f56a6ca4464cbbe6892e7d4a4eaa951781a566,d9fe092f0b2adad340690bca52b8ca6b7bd259fe7d665a60e5c28ff45c2a287f,8267ff0c6593d7743ec12d45740586bcfd6e1493eaf42a42dfcd29cafa212aa4,0,cache/models_000176_000179.pt.gz,cache/predictions_000176_000179.pt.gz,0,13.397981777088717
candidate_000177,177,9311177,3aebb365519945ccc8bc192a1d465835646712e223fb7836f9564c1fdfcfb9cc,541f8f37e5e174f0b4794f5e0dc800ce0e1c6ba707c5e37d2b1c9df4ce5c499d,0c8a337af8eba4e0549ff8003ea0eeba01c33bb12c6d258302ee6a63f5ba77db,0,cache/models_000176_000179.pt.gz,cache/predictions_000176_000179.pt.gz,1,13.397981777088717
candidate_000178,178,9311178,9130fcb339a980e29ec8b99f1e7ef09c298965268eb1d1eeeeb3b2d887a3f9ef,399a34894adf2addbef4521b3ae6d5dde14833080d93f1401c75f2f63e18b893,34af09c9df6709c3ee947961e2b4d07d738cc2debab79d5279be2ef60d32b597,0,cache/models_000176_000179.pt.gz,cache/predictions_000176_000179.pt.gz,2,13.397981777088717
candidate_000179,179,9311179,ade1d1367150d1b6752060946c094deb8a15e65ee24f657faedd53b86db50088,0411da85688cccd26ad3a74207609638563b9856e139f4f0a64857159b2441df,7977ba7a6d2a6fc5ff441c88043696cbe62599fd0d5bc04caafc620428e75c69,0,cache/models_000176_000179.pt.gz,cache/predictions_000176_000179.pt.gz,3,13.397981777088717
candidate_000180,180,9311180,393ed48a64dc637819870e81c59f347ebf25e08a02f81c68fe4fa1efbf6be3e5,1b267ad690e4d4d964df6e6656247a6bd77b186b1861a0402eeb9a6a1dbfe317,8446b0d26be58394d78252115fab12feececb0e0cdacd82f57b64cc270dd844f,0,cache/models_000180_000183.pt.gz,cache/predictions_000180_000183.pt.gz,0,13.603553986991756
candidate_000181,181,9311181,bd1aa736144acc3b8cfd00764c77a38d022a791947e18cf345d232e5c7116f37,6c211c89392dcd73365c376cc04d6ac6bc1c9a49714a0102ce9fe699d7366870,af87c41af7f18148b073aa680755a40bc16ebdd8a11c19f1144c22019ea45de8,0,cache/models_000180_000183.pt.gz,cache/predictions_000180_000183.pt.gz,1,13.603553986991756
candidate_000182,182,9311182,b665b89af80a20f05e5b7cd7dc48fa7d14a6f17d21aa515e5a465d39cc58faa2,0efa9d34d1a998c2e46bf560346cc1f0f5ab06fc732f3df1bbfa1110ecd5dc43,d048ebcacfa239fb155cac12676288001d9ec5aa1c0418f65457d030d22baf5f,0,cache/models_000180_000183.pt.gz,cache/predictions_000180_000183.pt.gz,2,13.603553986991756
candidate_000183,183,9311183,bbafb6625281a1eecafd96bf3b49556a90af7bfa3214d0c41890f78810ba0835,44b39140572afd378c1f0087b7b376cd71e66c2797326a720ef6bbfc04731325,6b9cb4d1e34bbd0f691bcc13f7700a9d783962b97a25ae5a4efe25ccda4beab9,0,cache/models_000180_000183.pt.gz,cache/predictions_000180_000183.pt.gz,3,13.603553986991756
candidate_000184,184,9311184,483479c985c221861ddc765a389e710eed6cfe2164780d853bf5ccf96de3fe01,dd084045a19cde9b1d76905312fa4d2e44178e8275718cee0fb2b72c0de5b741,2288191d191101de5f6506cc15a1532f5da3ed0a087f2adddbb3fd8006ba3621,0,cache/models_000184_000187.pt.gz,cache/predictions_000184_000187.pt.gz,0,13.569442271022126
candidate_000185,185,9311185,0fe2b7688e526ddb46f1cf897302c7dc52574f7f76ef2d0a1636d9f9aa19497d,beb268eae1b095fb050b790cbad981bd8d75b46f118b2de034c46f227ea7d4fc,594299d825f645ff42ac97afb2c8c66af14428b60d764807f5ffb1cc7f78e4a3,0,cache/models_000184_000187.pt.gz,cache/predictions_000184_000187.pt.gz,1,13.569442271022126
candidate_000186,186,9311186,31a61df828860c69f39a9066c7eb2e863da8601a9d898424ae2d851c3ae1c28d,eeca9a781e7ef9f6105e6f1956fe5d1ac6cd261eca0e17aa131d746a6f8df9f1,baf7504ae1c2e54517e31b1a13a30637c4305593d2537134997fef222c514b6e,0,cache/models_000184_000187.pt.gz,cache/predictions_000184_000187.pt.gz,2,13.569442271022126
candidate_000187,187,9311187,e7e6e6a7ce176341562f009275d3b6598d6583686219aca5c30d351fb7145f34,7ea6c47e855095c4dba6dcde4cd977856dc159006d9c87cb63e5a14d69bb0bf3,711ead7894745c659ca4293b13273a6de86f9081d2ee6076fda67ade212f8fc8,0,cache/models_000184_000187.pt.gz,cache/predictions_000184_000187.pt.gz,3,13.569442271022126
candidate_000188,188,9311188,1eb1e19e96bfd2569bf350abffd014a189605393445f3929a8bc035b38102827,ae1b912d3d132722f37a1b66909dc3e17b2b5a92ef3ca8267b21c7ded27f1dea,badc3a7cdb79472c8794cbff3a1e42e6685d34c1543a2ab1345dd71b1b23088d,0,cache/models_000188_000191.pt.gz,cache/predictions_000188_000191.pt.gz,0,13.600423521013
candidate_000189,189,9311189,8d6a2b7c1c58e57ed76e01a0e8afcd9c737cfd5c9a3888a8087af2f46fcd9930,363b5af364393f3a5788726ad456e9be123b1287d24e8813d3c489f805070a06,68bffb0a9e5d73711ec12eb65b7b0ca22def414279c28dcae38d3efb5859d55f,0,cache/models_000188_000191.pt.gz,cache/predictions_000188_000191.pt.gz,1,13.600423521013
candidate_000190,190,9311190,d4ebe0a9664c97dec8f0365d98a12b6260aa1b25cbaf687a9d655394530f84e5,fcfd31a28dadbe3e692778e7bc943a36000dbe81b565bf1906c8ca69019c0a90,ac66353711164f6a6260414c6edc018edf74a1e42421cca6730a7519ab51cea0,0,cache/models_000188_000191.pt.gz,cache/predictions_000188_000191.pt.gz,2,13.600423521013
candidate_000191,191,9311191,8b9133b1e4b440f8cd65bbbf0ef200a9578720493f951a8a54b026136a2d7c53,9429bc9f938e707b40b60aafc10f8b8da2e47d832e9b85bad351e5f1ae548f21,035c32f7339f05705635282ac6489d2aae802e417397c68842cab22e0c5cb4d2,0,cache/models_000188_000191.pt.gz,cache/predictions_000188_000191.pt.gz,3,13.600423521013
candidate_000192,192,9311192,fc8c7b278573f896509340573f893eb78e120117bfb782bced38efb96b8e3a5c,ccf5e0c16c9ba50224cd6a54849b2064ade3b316c08e7a39ab8d677782d3dcdb,777b11aa4c3833128bf6b3bbe43ec2e40645531310bb8f09caf87df3f1715894,0,cache/models_000192_000195.pt.gz,cache/predictions_000192_000195.pt.gz,0,13.437495994963683
candidate_000193,193,9311193,bfc97154dcf9c70b1e2a3c52ec22fa6510e824395fae0abf3089f6f156404adb,6e0f059f0148350d9b9cc75a0332adf30ee4db72376d4035fa9fbbd0a32ef9a3,3fccaac2b9a828c284107de6d42c83768854bd1d22a257920b5e07eea29cdbdc,0,cache/models_000192_000195.pt.gz,cache/predictions_000192_000195.pt.gz,1,13.437495994963683
candidate_000194,194,9311194,f49342f4c245d758d59eebfbd9599b5a7b066259f2c2d68a5e425f38c989985d,4294a590c1c9aea694d699a8407d2780b86ecd009655d4a3cdf214b8f50b4e22,d907429443dcca576836e506e811e0f530f870ec586fdd3054c1dcd3f9d6f82d,0,cache/models_000192_000195.pt.gz,cache/predictions_000192_000195.pt.gz,2,13.437495994963683
candidate_000195,195,9311195,b14e91ce00b5127a5781606f717451415e12cea03f12809ff33fbe0481a36b8a,26a095f6f5f385110739e26a416f11f00b705ad296c4ced17a9aed1795337cfa,f300ddc8dea887be972c54a7fab4a6bdc57eaed82f81ce21db3f3182cf4c7ae7,0,cache/models_000192_000195.pt.gz,cache/predictions_000192_000195.pt.gz,3,13.437495994963683
candidate_000196,196,9311196,a727a9a151c304225848327b73f45d1f4edd9f9d95cf9a975e93e4b2d128b753,d43f93e6ea9784b00b0a5c2ca0276ca34d91297b70f6716e782d278d9252f733,ae01b13f3b53e3b2ef1872faf2b92b07a9336ca9e8fcbda9647f33d82fc4828c,0,cache/models_000196_000199.pt.gz,cache/predictions_000196_000199.pt.gz,0,13.245022209943272
candidate_000197,197,9311197,60905c43b8db074397ac8fec7a6a248fa9be63d6c293031751a1fadfc6f1a20f,7056c1f0495652cb944ae6a1f7c63f628c29ac4603dedf4a6d51fb412aa9b0f0,93930183ba0d3d8a81651bec6614a52c9d76ee6cb8c5c91b17a31a51eb8800fe,0,cache/models_000196_000199.pt.gz,cache/predictions_000196_000199.pt.gz,1,13.245022209943272
candidate_000198,198,9311198,aee6011cc78dd311819d16cec736759161aa3e63a1f499559d889ef87083c2db,d8bee4275727c67a4f4f6b5cfa9258271ff9b81392ee74db74cab9babaf4379b,5e232c3b49540183a851e1e729f810ef2f6fc91ee70b7777d94ee2ad4f7faaa3,0,cache/models_000196_000199.pt.gz,cache/predictions_000196_000199.pt.gz,2,13.245022209943272
candidate_000199,199,9311199,360459ef609ba26f9207407f7b69ddf87424ce456362b5c7b256086911163577,3253921431ac7f008464a5438161cd2267f6ae6c1e24f6a9c0acfc11353d4135,a7178d22c17f70ffa7933a30fbcea73e1cb0cc7e8796db8b277de6d628b5fa92,0,cache/models_000196_000199.pt.gz,cache/predictions_000196_000199.pt.gz,3,13.245022209943272
candidate_000200,200,9311200,bb2bd421a60418c3b977c212b5d78d34311cb1787ab2cf1e657975b744c00fdc,65f59350283d151d82194550cc98c7ed3bc6cac21c6c5f296845cac1c7aca4c7,756a5df0ad99c69a843d808cecb1d21c482f758f58b29e4f139ea394c35965a7,0,cache/models_000200_000203.pt.gz,cache/predictions_000200_000203.pt.gz,0,13.531710564973764
candidate_000201,201,9311201,077f3ad7b7451fcd12eb06e6bec312be8c04aaf5e4fc6bcb34b30bb78236ef73,d93fda95dc130bba1a00c7fafbc917320328a9a09c56e5e6cc955f09333c71d5,9625a1ff25d601aeb176b1be9253840404975afe39f58047a415d83900553c14,0,cache/models_000200_000203.pt.gz,cache/predictions_000200_000203.pt.gz,1,13.531710564973764
candidate_000202,202,9311202,f73480ebfd219bcd28b5557d570afbac29f78dcac4d2ad34d47bf90c8bf15bd2,17fe6e403b3d61f9cf1c68086b3d351f6ed0c62cccb27231fca7a2b14b63350b,d8472c4f58cf3fc72e291fbfe616e5c4b23769616a97a71f7c18f6e9611ca586,0,cache/models_000200_000203.pt.gz,cache/predictions_000200_000203.pt.gz,2,13.531710564973764
candidate_000203,203,9311203,8b1c56df695f65e5565941f61b4ab5ceba777668cd0f87ad7750f062747fe216,9467158fe75d3af02d601c3cb2fbfcc495d1bee37ba0d51bfcbebbd89806792c,b0c82c8f507a240f511688fbf51e33398ed49ffdeddd918d9a3aaed4e39b3bfe,0,cache/models_000200_000203.pt.gz,cache/predictions_000200_000203.pt.gz,3,13.531710564973764
candidate_000204,204,9311204,f110e289a8062d44b0cbd790b4380ea8fc5c6523d9b0250b0334f8e0505e9ef6,eace108c3e010d636cd35285233f38bb30d17fdac248a5747572577d93a9cbed,edffffd7af40dd27ed9e041ec5c8296094a5163925c9af1ce16aeccbc299d52c,0,cache/models_000204_000207.pt.gz,cache/predictions_000204_000207.pt.gz,0,13.604901880957186
candidate_000205,205,9311205,191cc1582bec93d85c5f3b21b254ae273027f7f56fb361e8113fe5d3c7764984,f56678203a2a3ea6b61fe8e14940ef11bcf6d765df953ed6262371126b240105,8eeeb8d1b65f2d5737fe0e9c075f95abe9c5a06b545ac5b583287c10bfe0ecd1,0,cache/models_000204_000207.pt.gz,cache/predictions_000204_000207.pt.gz,1,13.604901880957186
candidate_000206,206,9311206,4fc76f07d8ef4f1fcf9fa7615c4114510d3eb310e8273553d858d2b583145c6b,cdfece46fe73929dd9bb75931fe34eaf57f99bc76452cb9cddb616bbd1047ae5,496d4e14c32c574ebb26be6ec47b7130745b6f94f36c5f5b3491894b9021f08a,0,cache/models_000204_000207.pt.gz,cache/predictions_000204_000207.pt.gz,2,13.604901880957186
candidate_000207,207,9311207,11635ff455902d5f4cf1254fa13621e830fb7211a7096677855cbc62d7e15d97,d171cb9ea19901017b7df91d2bba8663ee8fe7316bf5728b4dde70716ae3271d,3c5569771a78f3dbea2465d5930d2ba3b702ffc466f09b78f783004bf8d74c06,0,cache/models_000204_000207.pt.gz,cache/predictions_000204_000207.pt.gz,3,13.604901880957186
candidate_000208,208,9311208,2c344c3c99fd2e9cf4d32ef8757e9772eee40fcc45406a504b39bc0e42d25a67,90f9eb89fde90196646835ef40b5317b25a6b3c12b7218d44793d70e89bd53db,7a102aa37b64756fdc998e2cc02bc6b5d463fcab5931dda0f35f4ab9999860c5,0,cache/models_000208_000211.pt.gz,cache/predictions_000208_000211.pt.gz,0,13.600856103003025
candidate_000209,209,9311209,b3b5a8936e29fc6d629f4aab5f9d47cc2c36377431ed821f7222cbea5bc97a59,68ad4beecdeccd633f769ae370a3ea51dc5b290cf1ac774870825571af5b0655,25bbbf0ab9a50fe3bc77fc4737f3da407e900acb2d83e103d3fa9f3522206825,0,cache/models_000208_000211.pt.gz,cache/predictions_000208_000211.pt.gz,1,13.600856103003025
candidate_000210,210,9311210,16e2ae784010d6e937982b0fea572c40327ffa65c7731bf2c22deb5a059f6a0c,9f2805889c58e4c5e9bb05b9070e6141d0647d8bad242b8a91537749dad8e138,75b8d62db019552e054b2317430bad9d4e0b2c5bab2d40828fb94d1c6199e6cb,0,cache/models_000208_000211.pt.gz,cache/predictions_000208_000211.pt.gz,2,13.600856103003025
candidate_000211,211,9311211,a443acc5bc41064e9087bc37f37e2ff65c14936e96860601aded82300bcc17ea,81699bd7deee886827a0010dc365482b892827b0eb782dd95f735610ac573dc1,33c3f558523722ea0da50d42de3928cb1ecb2eda84d60727dd716b25ef0e7be1,0,cache/models_000208_000211.pt.gz,cache/predictions_000208_000211.pt.gz,3,13.600856103003025
candidate_000212,212,9311212,93aa99b08e9b2e85793a76aa6cdcca99b98af25aff088cce235c8c957580cee3,4a4a31870a6a625e2e8fa1cd31cc8610c6400f4567b0c7d8b8ee562879f89647,566b464c807c9cd023ea87a1615f91e1d1f5b9cb1fbb027d77b3900e62225303,0,cache/models_000212_000215.pt.gz,cache/predictions_000212_000215.pt.gz,0,13.573513163952157
candidate_000213,213,9311213,ceadc7e46831bd5534160f207c647f7af3bca9a36026864d816873a56b31d4a4,14a08f1f2c062ef654c8eda6eb8585d4df6605df398f1f39411416d6cd42f446,df731b22c179423bf083f708b0c49373028ac026dbc87199b1f95fdb99250bb4,0,cache/models_000212_000215.pt.gz,cache/predictions_000212_000215.pt.gz,1,13.573513163952157
candidate_000214,214,9311214,e2f07ed30898ccaf254fc8d80bb5a52d00ea33985d980ad8dd2b65294ce8536d,80bbed927d4e1412d4acf64a919e4cc5ded2a3cee22586d6df3cbb186d6f832a,43b7f080083b36621609b825222537f5ddc5dbb38f00bca1a94433edeec20140,0,cache/models_000212_000215.pt.gz,cache/predictions_000212_000215.pt.gz,2,13.573513163952157
candidate_000215,215,9311215,ec974366d77f35f9b906cd06351412ac837bf31f82cc4054262f411d5b9bf862,a66e9fae96f0c8a45a93e79939249f8aad7971cf3e38c52137ea34fd77cd789e,53758656d8e9f6c5d6dc06b1602cf773d1d32160e7ed3134433e450ff9c9158c,0,cache/models_000212_000215.pt.gz,cache/predictions_000212_000215.pt.gz,3,13.573513163952157
candidate_000216,216,9311216,fe83547ad8ea877d08048f8250f6040ee44afdb964dc8b0ba47d716f74538ce0,4336eff57e449f045da6c2d08057fc17a894c92faf76c9a08a845f4ecc47ef58,412e88465c8eabe6ee50a4d6ceaa7199ea7745f4626989ef5d48a54b2ccc2c27,0,cache/models_000216_000219.pt.gz,cache/predictions_000216_000219.pt.gz,0,13.12347819795832
candidate_000217,217,9311217,eecde7e15c6c237d2ddb871846fb180876a13f2c055ae84fb01a8f0df104bdc6,5cc0331960b9453318fb5533427374a041b7b9150c89f87ed87b45912fe5caf4,a36e22bf8292a65ce9b091fc1ae16df61764d80211f0c503250f404e3b5795b7,0,cache/models_000216_000219.pt.gz,cache/predictions_000216_000219.pt.gz,1,13.12347819795832
candidate_000218,218,9311218,19bd3639d22e9839346bba588d040636662093d322a47a70e464728ae2ba9872,d3aee42e59f51513b4024993ec2c839a10388c1d8bf4831541ff29350946a416,d188636a4fe020f12fa3ee186bfea628eb00477dc5becb18fcac960f0d8f18bf,0,cache/models_000216_000219.pt.gz,cache/predictions_000216_000219.pt.gz,2,13.12347819795832
candidate_000219,219,9311219,af1645fa1b8ab037e93c399ec405fc8692e4765e098d76591af6612015401f8a,9f91e06afa93a2a5a9baa8dfd94e7ccf0c02724111f1846b44d9e151c4dd1066,9c652f33252b69fd979c7d7382bb7711cf6202c1f2af0164571d2318a4ac3051,0,cache/models_000216_000219.pt.gz,cache/predictions_000216_000219.pt.gz,3,13.12347819795832
candidate_000220,220,9311220,02878ef77f6ad79e76fa497340924ca1c622a0095c08e4e2621d20a1916daa78,06f42c3f4080c72653d917e6d82e0debe584432b5c4585ee4ce7ef7abf006303,0f27c6e6eaf0d73c828170e61dd60695e00674f8f843111ff680fb3473282628,0,cache/models_000220_000223.pt.gz,cache/predictions_000220_000223.pt.gz,0,13.414497821009718
candidate_000221,221,9311221,2a9d5e5a266675e14c9f986c2af4a678fe1ededa2f974072262eb53171e9eaa7,c6d06573aab5b30f60fd7f9c851eef0b2a3c96646ce523a97b44f16f6ee6be63,c575696ab4b6069ec77fa50874473814e619e3b95df3be269d5daf4bed4b763d,0,cache/models_000220_000223.pt.gz,cache/predictions_000220_000223.pt.gz,1,13.414497821009718
candidate_000222,222,9311222,d21868d6a4fe7c7bcc0a68ae513c6a6ac912fa50d2f8d9bd94012ffc82855c39,de15fa679f0cd1a2fa7666335d9bcd79c03686b9afff18f10163326941ebfa37,967014b4946ce65a528819b74788dcefc8a2f7d13da41d9c07dcfcc66142401d,0,cache/models_000220_000223.pt.gz,cache/predictions_000220_000223.pt.gz,2,13.414497821009718
candidate_000223,223,9311223,023aba349d20a752856f1e80619d7b154d3082191be0dc385120484ced3f8846,31759b95d79df91ca671a76963c221deddb74d13f561550d2370658052d8703f,667d972e15c5e6bf200282d26eb3235d4bd4d6107834ae294575c8ce6f5fb6b4,0,cache/models_000220_000223.pt.gz,cache/predictions_000220_000223.pt.gz,3,13.414497821009718
candidate_000224,224,9311224,8abd068398c65ad34f1f2511a27d17609839fb2f9d65fc4573eb6be65ecd7127,b9d6d64fbbd0449ce53467d608a313f95ac11511ba13e7bf2b262e2f7dcf9e3f,2c0c0e66dbeec8f07e83a13a54b0eb06cf73dcb32a05280ac39fc7b6438aeaec,0,cache/models_000224_000227.pt.gz,cache/predictions_000224_000227.pt.gz,0,13.531568226055242
candidate_000225,225,9311225,d2ebc47b6782a37b18b4996c0b775f606eca4c48363e52b0c2b07c8b98471d12,50b09e5da6122bb2d99a6e85c3f881e1ff8ccafa6d310fef71aaa98f335b84c1,15a565dbe607a25e0b22a12496f4fce34e28c26cec93c3c2308bf2be97ab412b,0,cache/models_000224_000227.pt.gz,cache/predictions_000224_000227.pt.gz,1,13.531568226055242
candidate_000226,226,9311226,979a8c677a663cb037c016e7131e87fad3d7ae1b55f64ff982ebe7ce2ff60d99,70338817bd306586e26d70fecdd9d04e8b52e98b2a02aa9580836edeffa2ed9d,9d5887dd6c9c5f69098bfc1f129212d0314e3c5ba4a3fe8f1f69f0b5bfdd0e9f,0,cache/models_000224_000227.pt.gz,cache/predictions_000224_000227.pt.gz,2,13.531568226055242
candidate_000227,227,9311227,31886e299f622e665802348f56240ac929230ac389864af4fa6375db7c9e7b61,354b31bc67dff3e214bf270146c23b38cb1d0da5c9b0e9e3c9a0a8b4583e07c9,f9974425aaeb39a0adf0ab8b0ab2f14b1de2486455dd9d8d45d53316eddd561e,0,cache/models_000224_000227.pt.gz,cache/predictions_000224_000227.pt.gz,3,13.531568226055242
candidate_000228,228,9311228,b27e631ea073350e8dcda669c0c2b920d0e8f7372f391f971ae852154e423957,99bca1166cdf9b35148194556b32f1ee210b55c5a24f4557b096f1158d517fb5,6a97bf67e36f3eba4f51a2768e3b7166d33eeda9fe58f6f64babc7433500b0fa,0,cache/models_000228_000231.pt.gz,cache/predictions_000228_000231.pt.gz,0,13.486900744959712
candidate_000229,229,9311229,d157fb629192d5dc8b49f52954e5671f367d30220f6954ee002fe61f6ae9c963,0601c7cf8706700e0c1bc078eafe5c6ca6bbf3877b54271c2ec133a4f799a9c8,b2c15d9e849001e96c8c3dffadae24472b8461504bbb996d15911f9b1a767323,0,cache/models_000228_000231.pt.gz,cache/predictions_000228_000231.pt.gz,1,13.486900744959712
candidate_000230,230,9311230,7dfb43cfa5c4c885d187982b8298aac35317d92e86a2df2b3ebe26735792790b,08bcacee4857d60a42de583a2c82184f78e60ca58ee7f08cc3b5e42ba3e6e4c8,b0bff13916e44b81d210af32f1c53d1e588819e4022f4ea6efe2f6655e86c50d,0,cache/models_000228_000231.pt.gz,cache/predictions_000228_000231.pt.gz,2,13.486900744959712
candidate_000231,231,9311231,92bb53d60bb734b7462c7b77f3e55289a61151a5cf7b3c55aa4de0a7453173f7,f429c49a9aa41f794a0b9befd87d018d31e5a1b12970cdcbdb2890f87ba886e0,db5d11315b59afefeb8f6153cbf3027bb2fc5f7534598813380d45202071aa51,0,cache/models_000228_000231.pt.gz,cache/predictions_000228_000231.pt.gz,3,13.486900744959712
candidate_000232,232,9311232,38ad171e720ced064cca96af7b9c5b1f139b553e6fc9903490fe9c75b1c59026,94558e7f8349994aea7949100ed6374ee01bad02891b8ececcac433e65a844ff,b4698eb10706c8a7f811ad42ce17d80454da86bde10a178cf61ad25d9c1b1f3c,0,cache/models_000232_000235.pt.gz,cache/predictions_000232_000235.pt.gz,0,13.589876050013117
candidate_000233,233,9311233,abdecdb8af62092cfa8d9f0bdcf950ac4867d939ae9ba4c06f75c1c95b03a3f0,ba2e7697b41aec85d93a4dc73972b4574eaabb836ed338f933466907cf2bbaf4,4ec6e3cae38dea42b09c055b758a1cedd9d43f9228366b8451c879de3a30b19e,0,cache/models_000232_000235.pt.gz,cache/predictions_000232_000235.pt.gz,1,13.589876050013117
candidate_000234,234,9311234,b6c5301db139bb71d18bc259941d3f6bb66ab97bf7ef49979d4aa13801f5fd48,fbd2f4f922c3c3829fd11fb88748c9fa1b28b7cc445d2c8cde6f0eea193f3e76,186eae46b722a3d2e5448cccc9324578bb5b2aef41085a1eb01daa6b56418e41,0,cache/models_000232_000235.pt.gz,cache/predictions_000232_000235.pt.gz,2,13.589876050013117
candidate_000235,235,9311235,6b3a2c78fbccf33aca0caba2c76f16d4d6086efe68b3302985de954d763b7161,217f2479df3a4fc84dda8058f2206ff6156a9c9821ff3e170fd5ea2b3dda4941,445af81d297eaf0a32bfaaf49551cdd3ae7d370194ca758fc123c7c72f46d0a2,0,cache/models_000232_000235.pt.gz,cache/predictions_000232_000235.pt.gz,3,13.589876050013117
candidate_000236,236,9311236,3c6e23467bc2a26a73fbc995ed088632c71def559c573afb1ecf8394d162e965,ad28c5c448870c4adeee626cca4677206529382af6b08fa1b8f57745cf4d20af,1f2ecdeef6668969633915b7997fba9d8c04d0499f50c079e09cd5faafa62bdb,0,cache/models_000236_000239.pt.gz,cache/predictions_000236_000239.pt.gz,0,13.398882739944384
candidate_000237,237,9311237,7967205a1010d9152ca3dc10fd560dd176bcd20c05ea211bac763d463a2b3519,288001fd269faa2f5d245a4c399957858da43de48de1ce59606ee011745396e9,0011a8ef1c416c15a2a74b0cfa76c1734d9918c6e722d1b84fbf7a19e540ee99,0,cache/models_000236_000239.pt.gz,cache/predictions_000236_000239.pt.gz,1,13.398882739944384
candidate_000238,238,9311238,98f651f304290c32b5db931f89eb7a2a765ac3b1db04ab1c112fd44a05239d79,1e50cab20bc009d081d770904e70e5add3b35ebf1274fabdd91c04114e789cc8,5871f8ab5dec3ae4a75cc1e298c5c4acbad3626bd89ea78c7ce5b446690ddd21,0,cache/models_000236_000239.pt.gz,cache/predictions_000236_000239.pt.gz,2,13.398882739944384
candidate_000239,239,9311239,e695da2c8601a5a98a046dc498ac87ef49dbca28e71d79b4003326f1321aca79,0fa4899c04a6b0a1c3f2ba91242816440646731ec10dd15741f18c58befaee9a,d3c86f04371ce7f735e79e95ecdee78fe8c81f1357cb3b9155c442a6ce87460a,0,cache/models_000236_000239.pt.gz,cache/predictions_000236_000239.pt.gz,3,13.398882739944384
candidate_000240,240,9311240,236700ec854e001678ba64ce47bdae313b708c8a8a94fcd6aaf34cb2b173d5e0,3911d288a2041cae2e94d7193caba6aadd8713affa08ffddeec427f2e45cde4f,ea343d3619883801c0e5456a9cb403018e9e7631b7b9e72db5149e61b6a84404,0,cache/models_000240_000243.pt.gz,cache/predictions_000240_000243.pt.gz,0,11.951703155064024
candidate_000241,241,9311241,c2b6a3b9c8e40e47a6e70664f4d39153ee9c893b6a4cb46fe18c5af1928397ad,9d8f2d55ef992d159f270eac482e80bf79cae1a7e2fcd06e3c0c8719f1818470,e508e18d1aab6297aae3d741684ce36ba2130dfc5b7a7dea010b08fe7f518a19,0,cache/models_000240_000243.pt.gz,cache/predictions_000240_000243.pt.gz,1,11.951703155064024
candidate_000242,242,9311242,9b2208601c23a08588f0cc6e1939bb5c9fd6d9e81c138f2c166a9dc6005ab579,4c456ebb821047773796ac16e36dee73720cbc067c50d817a0730992b537cd8a,2d38d9804ef431fe0da1710f0b762b2a63b6d56ab88c05f73cf28f617cfeed60,0,cache/models_000240_000243.pt.gz,cache/predictions_000240_000243.pt.gz,2,11.951703155064024
candidate_000243,243,9311243,33839ffef7f81b384b5f23d954a6de6dd96afe9a30236b4bd3faeaa2696595ec,861487592e8be4f47e0cde837eba705d3191e3cdd1fa46ce69e9b6a6e3c6342c,ddf8b12926d4315ee6b02539e3ca71089f904e7e5f23d613575e6f67fdad6682,0,cache/models_000240_000243.pt.gz,cache/predictions_000240_000243.pt.gz,3,11.951703155064024
candidate_000244,244,9311244,fc5d5057d07af0b4abcc10aebd9728048830788b0ef955eaa414e1f469c908a8,ee196bd76603de5fc7ba4649da4fce9a4aca340b6ba407e7a0ad7132138eecc8,c6bf5967037c17be5f3bbe0d2e4e8486f333647192e53353b11fc05fe7e5a8b2,0,cache/models_000244_000247.pt.gz,cache/predictions_000244_000247.pt.gz,0,11.792555457097478
candidate_000245,245,9311245,53e1876707f10f29dbff76f623b5e101251eb32c5d73f145149dbbb87814c8a3,8609d35c40d0568ae8edcb5e53e1ce82d706e4165642ad2b66428885cd02a3d7,42f0b1381455ee45e49aa6995915bb8954a36a141f8f0813ec190951a33a5759,0,cache/models_000244_000247.pt.gz,cache/predictions_000244_000247.pt.gz,1,11.792555457097478
candidate_000246,246,9311246,2d5404daec9fd70b96ca8ff7297fa8fd974ce256d797004fbcca9cb4a76846cc,981995f017d0c3c3fe85fe54f6d07b1c7ea1ee7c5f1cf20d994d9044ca3b05a8,cb64cabf16ae4113ac90f2bee6a893e7021bbc3caf5e013e0d10bf6ebbb2f58f,0,cache/models_000244_000247.pt.gz,cache/predictions_000244_000247.pt.gz,2,11.792555457097478
candidate_000247,247,9311247,d7fe2341d60a18fd9e89d570cace00179dfc9ab6b832e954b5b655131ce579eb,695fb2187c436d14b6b18e77b08e29dcac75f0a248e8632e974998b5bf0b1819,8e9b066e945e698b7a9ffb71dd655c52f8ce2ba7eea61789047f98430dee97b8,0,cache/models_000244_000247.pt.gz,cache/predictions_000244_000247.pt.gz,3,11.792555457097478
candidate_000248,248,9311248,5a9eeeb5ba9ac9b96f6ed570acf5d3bd912dc825a259fd9ad34c3b82b6863c2e,dc92ea521200f670607fb837e90cd477b6168538b0b4c9d502614d56d13f5458,c8ed2ad9d5feeaa3a6dbc15a42c27fb1496a2e25387ceb683129190087d7296e,0,cache/models_000248_000251.pt.gz,cache/predictions_000248_000251.pt.gz,0,11.794224262004718
candidate_000249,249,9311249,55769c5e29db32118ec43250d77c44ce30590858f405511c3893783b7b2c4345,4e01a2b30117979236503768cac16888279f6b42548f3e0f36804b0b71ce00df,8ecf9b5857b72bc8f7350303dfc6a2a49b7cee2834c1635383bdf33e0ac6c8ac,0,cache/models_000248_000251.pt.gz,cache/predictions_000248_000251.pt.gz,1,11.794224262004718
candidate_000250,250,9311250,d98cf3b2e82448cb4fbfe7c420a9829a8301b8ac2e98356cc9909fd608897707,bb78bd5552ce69a332485dcef7840e472a605555a8a1f461f2838d4b8c318d60,1bdb536f654574303fdd5d04de7a828349026bd43bf9ac56056d0706cd1e0cec,0,cache/models_000248_000251.pt.gz,cache/predictions_000248_000251.pt.gz,2,11.794224262004718
candidate_000251,251,9311251,6518ac322701a8e83b1470e62b8778fde6dccd7a6f080a492d61d1302913d88b,3e019f4113d6e2b5acb9f7cc4d624961c25a3cece0503410036ad297a85ad0e4,76dfd15a0b8af94c5cf53e66a5d98c24a6291930ea5ba8226085311fa5cf4c49,0,cache/models_000248_000251.pt.gz,cache/predictions_000248_000251.pt.gz,3,11.794224262004718
candidate_000252,252,9311252,67cbb43ca5889e508b1c6ca21c14336704b5d5a2010e5f3784457ff72d891941,9ea7b16dbc23919ec6dc86d88dd8140469ba3ef6581ebe51d2c5213405975871,69a530205252f70fa5204655abc61d0d88a86d06942a6a4d764c51a7e6fa7253,0,cache/models_000252_000255.pt.gz,cache/predictions_000252_000255.pt.gz,0,11.79380626801867
candidate_000253,253,9311253,429c39de8203500aa559ee837d9264d1cbee1f84cad75adaf6323eeffdf2cf96,72cb6e62660ac64ab58bba57df9bd8398cc98891f69fd7d02e30f4d075c3dba2,3a30aa71f3d44a9599ddad643d1472a4f02635c06d974edb717d1e3f7e5dc7a4,0,cache/models_000252_000255.pt.gz,cache/predictions_000252_000255.pt.gz,1,11.79380626801867
candidate_000254,254,9311254,ee6745ac6443b0c3f3a0c534c676db2616d5071222c293783dc738994f473e51,a613e8ac3faea90b3d75fd2aab3da87d6fc123e5a984a441572420dfdf680026,14cdc2a42e9c058131f2d0510cc0f6a0df9832bd97e98bb136db5bd6d61412f1,0,cache/models_000252_000255.pt.gz,cache/predictions_000252_000255.pt.gz,2,11.79380626801867
candidate_000255,255,9311255,44075b1a3f7504af3e1cc68390e6173114e5e636fa64d3afb8b7ab0506d726d7,2306d1226b2bbffcfc23859f85d9ddd083df63bb9245ef1f1b023e035b9beb1b,e29f9036c3e1e8fbbb3d0044c6367b3a858b5135c8e3e657b3da4a274868d112,0,cache/models_000252_000255.pt.gz,cache/predictions_000252_000255.pt.gz,3,11.79380626801867
candidate_000256,256,9311256,e7f596d1a2c48a663957e60770852146b8a8fdb6d79755d66f2b5a01c845722a,c4db778632bd3cfef79089c31bbfce7830897abaead48f8025909a2d7583fdbd,765e997bb553666ba649d1e1dba10aa2d035d1f3b1c14843da9bf85a4d46a4d4,0,cache/models_000256_000259.pt.gz,cache/predictions_000256_000259.pt.gz,0,11.793144922005013
candidate_000257,257,9311257,53e7699af7de0f5835a3b0634f66a14edfafa1dae65fc9a4754133f9f1fa7cd8,c6cc63db20cf0876d5e9c70323c5519036cd27df58cb1b5b78ce10bc47049a20,f4b034b47d1299ec6bec78d8489fc8dc2c2e722af9efa90e86adcdbf0be7bc68,0,cache/models_000256_000259.pt.gz,cache/predictions_000256_000259.pt.gz,1,11.793144922005013
candidate_000258,258,9311258,87769ece3652e0c953dbb47bc5dbf6744bf655c4479d9ce565ebd830dcb6b9b5,3e889aa8ebfa0eaedb63d1bd79235cff836f5c91b242d84c54315ddbe9de85cd,c9327fe3462903e1f2dc3ff34c5c915ce34f13d35039611c74a43fd33996e82b,0,cache/models_000256_000259.pt.gz,cache/predictions_000256_000259.pt.gz,2,11.793144922005013
candidate_000259,259,9311259,0f0a917daf92c1dc5d0d4fb1224eb5ff24380aad63c468e36b420c0e2044ed9e,1b9935cd90890896210de312341e90fec981ea9c846fddb028573fb9e7f6b1ce,aca9d5b12de06dc5ed90ae57bfa6b9a61b9518dd8076f4e48861efb199a1553a,0,cache/models_000256_000259.pt.gz,cache/predictions_000256_000259.pt.gz,3,11.793144922005013
candidate_000260,260,9311260,1412970709000bda884f00f05759cf9ecaeb0189eb17352dd36f872ebcc43062,de6b6cefbb16826743c536618b4ed91f85e13b61f85d2cb1af58b201480f83a9,f055c72e18cdb5b9547e4bb7d414065073f9a7e79c879c41ac57bd1bc3f39f48,0,cache/models_000260_000263.pt.gz,cache/predictions_000260_000263.pt.gz,0,11.794079486047849
candidate_000261,261,9311261,c2758c38b36e4fee59eb821eebaf816fb17b23eefe00af8c710a1458e9d247b3,d2e754c8d3464d0f290167b4011de1f37c3d502db2351f548e8609e532b8dbde,1340acd016416e375218fe5dc386a8a9e473ac058b526ba6accf3ef3cd1cf468,0,cache/models_000260_000263.pt.gz,cache/predictions_000260_000263.pt.gz,1,11.794079486047849
candidate_000262,262,9311262,0f4334209a081804c7ff83f53e35cf9b45dd7a4df43ce1f708039ea70a5a5fe6,085c239c06ed1988ef0ca769265cfe066c24687ac7d6a42d63df93ebadb7ec92,ec5520f70d97ab7b14382ec74441c0e56ec3d5c9e2e821237e47c57b833d5e93,0,cache/models_000260_000263.pt.gz,cache/predictions_000260_000263.pt.gz,2,11.794079486047849
candidate_000263,263,9311263,e9443e184898ad4b774a63ae9a32d842d0779e6623574befab2f3adb23ad89f6,c9c3e3f69b0386b4e6a64df6c86381bb52490b329cb0f97f087f1cdd444bb23c,14fc502b12ba052bea0c5b04d6836909c0d5732c6b5193cd53dd2a3f2775d7be,0,cache/models_000260_000263.pt.gz,cache/predictions_000260_000263.pt.gz,3,11.794079486047849
candidate_000264,264,9311264,969d43d3886a039a31f25e57fca472b8ccb53336fff2a5733650a501b2b42893,5c00694f85a977ff5b94bfd74a0f5360cd9cf2b762c90b055cff6372f6609fa1,f92befb7b2168d07b537fbabd21455144e21fe49fcf41f50321f17eb57027830,0,cache/models_000264_000267.pt.gz,cache/predictions_000264_000267.pt.gz,0,11.793853579089046
candidate_000265,265,9311265,1c872a0b02c9c0f4ce6d7b3365c6b7f93a848eaf23d588dc8549079e202269ff,70bd3f7b3e115d3eba21ae180ae4f1c798a60d7182be1ab507007de9b7f39336,0f1b5893c07343e9c5c069a9b416b9e80ce6fc15c3cda2fc63e130cb7b46961f,0,cache/models_000264_000267.pt.gz,cache/predictions_000264_000267.pt.gz,1,11.793853579089046
candidate_000266,266,9311266,550ef8d14e35461e95dda57e40b0a08998e4493f6d6fda36d76882255ed759e7,83f96df8dfd63b71e336d46603873105e46c8c402e34e89c9ccffbd0e31328bb,827eb39af3552ad697a63ed0d9af918c889a1c310803cf515e1bf0a65baf52c4,0,cache/models_000264_000267.pt.gz,cache/predictions_000264_000267.pt.gz,2,11.793853579089046
candidate_000267,267,9311267,aab5b0ae94df6ae38b155e0baeb67bc301caf0dca17ce5bd56acd740d2ca6205,56ff49b5023540458f17122602c150b03e99eeb35ca44c89aee8de3d2a877274,92183adb6b43ace7d5a8831d8130bee671dd677f78abb156ee869af01622e295,0,cache/models_000264_000267.pt.gz,cache/predictions_000264_000267.pt.gz,3,11.793853579089046
candidate_000268,268,9311268,7147e62d96ad2668c668cdb785714d0d83c4a31460acaf04f958485a33e968f5,cc3ba946af7f462bec33a7ef57f70d1079fd23140264c4143582d5436e2a314f,00daed6e3a1e02392f0e3d8259124458e89bd7b079d029df34e5fae073c17c30,0,cache/models_000268_000271.pt.gz,cache/predictions_000268_000271.pt.gz,0,11.810305851977319
candidate_000269,269,9311269,697414bbba0c05b97adbf6885458510c10741a619daeb6a891ffc0bc171004af,45047ca63fd140364e7a145b84ed26591b3813311544b9e8e400ef68dbb65206,47220e146f735e58348af4f7492820671c2383bd3f60aa89a234df247d463207,0,cache/models_000268_000271.pt.gz,cache/predictions_000268_000271.pt.gz,1,11.810305851977319
candidate_000270,270,9311270,caa91ee77810bef8a6c034b681ddf6f97386b7864b0d967d97a0ad1f5a9e47bf,2fd6d37ce3ed09ecb90d32878e378216f715fd361ef8df914feeaf553ab40b50,fa9c6c134533a64d7691ee8cfbca32009433a3c8c3cf734c2e1c5eca15aaaba6,0,cache/models_000268_000271.pt.gz,cache/predictions_000268_000271.pt.gz,2,11.810305851977319
candidate_000271,271,9311271,6260d2a1e51fa9402073c4f1abb0bd5e325c4cbf9d25d252b852b081d4bb0c58,ac5b12abfebb34c4fc4c9b53700c151044ddead1a391128f2505df7b13e6a3f8,60b4a56b665f18aaf7250e2308579779e6312130eb42c9cad983119e84bd039f,0,cache/models_000268_000271.pt.gz,cache/predictions_000268_000271.pt.gz,3,11.810305851977319
candidate_000272,272,9311272,d58b34cea2597455a75919723e35a457228f3bcf216105c506fd777e96d32fd9,57bb5990f121b1b9d6013a049811fe6d42d6a0b0a8cf92e35a32dba1a3e9a753,f6986064b5cb26d89f45b8b8340fae5c15f6092862e0967bca031baf82dc6b55,0,cache/models_000272_000275.pt.gz,cache/predictions_000272_000275.pt.gz,0,11.794439598917961
candidate_000273,273,9311273,2969af45aa2715ee77933e438663ce6da05f54a48dbbffb252c5105ef4775031,98c1e5cc37e50851cf69aa1190522605a78953976414bc8a04638f1d2e0eabda,36bc377c2b93da34cfaa1b9db3acc9b7acccd59421893421882ca188a748d972,0,cache/models_000272_000275.pt.gz,cache/predictions_000272_000275.pt.gz,1,11.794439598917961
candidate_000274,274,9311274,11aa150f29e7b021c36732907891c84a39847d35345e07b82fd58e126a498350,4fc02c03ff246b0a3eb7878ebbbaf63e85ea35238674cb478e8bae9192b094ff,d77d0c28d42018ccb75fb243ea2658451434a086f4003476d60d1e5117269c44,0,cache/models_000272_000275.pt.gz,cache/predictions_000272_000275.pt.gz,2,11.794439598917961
candidate_000275,275,9311275,eebe5a6882a81925c55a67cb6bcdcfbefd2b6b2d2d506be323d1e0e5af0b3102,862b53c3d43e21aa198840e28f79ffb3824517b254bed5f355af781171db66fc,f460629b5b28d560958462464baa4d4602e1c2c084b636d60b3d3d7245e787c9,0,cache/models_000272_000275.pt.gz,cache/predictions_000272_000275.pt.gz,3,11.794439598917961
candidate_000276,276,9311276,ae84e87c803cb8a1e24d98b28a34ecff793e5eec3f7e7ec1dc9d8a12b85a9aa4,16604cf692e4170f996f035951a6424a8ef913e2b6e6a3383b5d5226ffe19fbe,be287b3fc51026ee9234e8dff357f74a2eab35f73e68677306dfdf04d99c0d51,0,cache/models_000276_000279.pt.gz,cache/predictions_000276_000279.pt.gz,0,11.794451751047745
candidate_000277,277,9311277,034e89ee411f99c1b87311b80f8bb7abf7e81a734cd23971e7b63a470ea6f7bc,69f647c7a091b30b28dc6dd8ac62f5971c2647b672e7abcef6072edf572f4c19,a1929ebeaa70ae6776d7fa6eed93f062ec7ccbc4cc6bfce896508896f3dfe193,0,cache/models_000276_000279.pt.gz,cache/predictions_000276_000279.pt.gz,1,11.794451751047745
candidate_000278,278,9311278,48c1225751685ee3a70cb537b51c4947923343822e0ffd4ef8dbe2798ef91126,ed8fd9bb7c20d7048f2d867a42976822be09dd7d8e57e0369467102397c8da55,89b0e633fd257419df6624655ec7d15fcfe55362c6a40a025b1556e4dc3292d4,0,cache/models_000276_000279.pt.gz,cache/predictions_000276_000279.pt.gz,2,11.794451751047745
candidate_000279,279,9311279,47571dcc463cca3f7908b23aa68bbaae90097904535976a1d74b33967ff6e313,6046740b3b632f3701e0b748171554329a688c0d5236c32ad8da0c2834a2b82f,2bb09ec1b82ad8021acf48fe7d61760a7a180ffe0c62851ed33883dd9bcd24ab,0,cache/models_000276_000279.pt.gz,cache/predictions_000276_000279.pt.gz,3,11.794451751047745
candidate_000280,280,9311280,470a94e5ea4ba18ec62172a26ef918d26c4cfba4dedeb17d342f5fa20445e49d,840945b2df775feadb3434d26c56ec5e5acecea608deab788229c51c2d418fb8,deaab557ecd5393369e5ba81d8b78e945f034806a45d5858291af9f6b8941934,0,cache/models_000280_000283.pt.gz,cache/predictions_000280_000283.pt.gz,0,11.796996844001114
candidate_000281,281,9311281,592a80cd936290f79d04a31ef918404e31b7c674008dd5949f3a35966ffb27c7,4ddd5840b25abd5c56583ffcd15643b502399fdd10f5119bec5b06a31f12ba09,3c824a49c1db1ddf1520bc054cc16522831fb014198fa1b061d792d0e054a13d,0,cache/models_000280_000283.pt.gz,cache/predictions_000280_000283.pt.gz,1,11.796996844001114
candidate_000282,282,9311282,2418c3b89bb2762406aaad384eca712708c68edc1848cda4de2bc72ed2acd863,ef21a53e31c0eea6f1059d3fa513e4627a0520e9d4456cd582132a08af856bd5,4d41da29e205b7f79c546943b95261c163bc23113dfb9ba95e7189b64d4ebe8f,0,cache/models_000280_000283.pt.gz,cache/predictions_000280_000283.pt.gz,2,11.796996844001114
candidate_000283,283,9311283,491dd4c9d5809935352bc38f91bd70d623e6dcbee9e1091b9371f1b381971b33,53b53b48d4c6f6dbd8f3c05751eb1e101d042a10c211ff20bd0bfaec6bd74c0f,d669911587eb4ba39766f044e636124f657a1c7218c5e8c7c58d36fd1b56d4f3,0,cache/models_000280_000283.pt.gz,cache/predictions_000280_000283.pt.gz,3,11.796996844001114
candidate_000284,284,9311284,a53cd23e02d2a0993330c8893d821b1d6db4ef857e49d748d7b60475175ba96f,61e5a9152da4c00c971563bc9fd5431a58eda59e6e39f5abeec00675d4e950b1,347f3d00af2235b4f945f050b2a72626be1535a3e245636595c621cba1991d72,0,cache/models_000284_000287.pt.gz,cache/predictions_000284_000287.pt.gz,0,11.795000630081631
candidate_000285,285,9311285,b64a4f5267273e617dc4a28c2035afff3b2d98730530f1443a7d0dca77332691,ad5e022669cd032be8166a029ffa6e06d0d988132845c431e09d8440136d17ef,cfe795f8516d87b424df559495d92f3394b47f7fff52d2f5940b8a99653730e1,0,cache/models_000284_000287.pt.gz,cache/predictions_000284_000287.pt.gz,1,11.795000630081631
candidate_000286,286,9311286,ae3536c8f55e4dd216b950242a96550d1ce983d497a71471d5410fe043052e20,698cf7ab7d8f6ab4622026a6384c9d01296623d170516713036e5bbe044aad42,838ea282c5f43af996b327d633f39e32e4475ec5140e3b5989c359245b52ef16,0,cache/models_000284_000287.pt.gz,cache/predictions_000284_000287.pt.gz,2,11.795000630081631
candidate_000287,287,9311287,e3af510ad2a724ed93e42a00cf6b27ee39b5f5b7af0e4175c4d9203afda5956e,3a6467691769835bf788aba5756d5ed6b24a2f84dfdf70e7e825b24b8b2e0adb,7f5cdba909004433c473d3ba545b04baef52f2a6a7dc6b808e53e9282b876037,0,cache/models_000284_000287.pt.gz,cache/predictions_000284_000287.pt.gz,3,11.795000630081631
candidate_000288,288,9311288,dda31d14a317282bd67d1db99465509aec2094b5cedc080f022a63719a9833fd,159dc384648ab93514359fc3593eafa08cc5518c7092550d9fc8a7b5cdd95d72,042df339f65e0e67096c8e4f780fa3ec0640aae8144e6eb0802dc6af85dd3cf4,0,cache/models_000288_000291.pt.gz,cache/predictions_000288_000291.pt.gz,0,11.794660779065453
candidate_000289,289,9311289,4d056cbe944866de8fb508a94a264e3aa04884f2d3057ebd4dde5422f1591c37,304a69680a822377c9d419e3d07650e51249aa89ed02b98b235784702b901230,749d67b4e36d90814e6db46f77e05ad619fdd4199c2abfcb767b3127b0b07128,0,cache/models_000288_000291.pt.gz,cache/predictions_000288_000291.pt.gz,1,11.794660779065453
candidate_000290,290,9311290,ae5ed71cd50ef505c49cab67b91ccca7caeace4216e31910f808afa50d0507bb,c8e76919ca2c9bbfc776973215d3302d1ab63ebfab2e6c4c2c6c36df9f0db1e2,d1326411b13feba1fee9358e114f5420d202560a7e89676b25a57083d1450650,0,cache/models_000288_000291.pt.gz,cache/predictions_000288_000291.pt.gz,2,11.794660779065453
candidate_000291,291,9311291,7145d7a944c740b20b511021b5f50b74de899d732567f6084df6876a9deb1d3d,edd0b1160d8439a877f892a715bd180926b02454786869b61bb29d7217fa1eec,a39d5c0f4bb2583ad7571979863d63f4c22300070fbb40fa1c50683619ff56c8,0,cache/models_000288_000291.pt.gz,cache/predictions_000288_000291.pt.gz,3,11.794660779065453
candidate_000292,292,9311292,3235a57ea96ba07ec0fa1809eacf6c835cbd4a51bbf2541c69e7001c6a33dd86,b4a39d995da4b3de600baec16db3ea4cab1d9301cbf02da5b7269cfb8c2d7454,6a576459711928714fe5396894207f97e6f45e5c9f90de004157c4ff9baf86bb,0,cache/models_000292_000295.pt.gz,cache/predictions_000292_000295.pt.gz,0,11.793773039942607
candidate_000293,293,9311293,b2427f2ebafdd33c816bfdb9d621487ba878081952e2f094ed4b9b2d17518515,ee2a334d97ef54f60114df043e179c1d182780aab5105d4afc7284aed8b1f12a,acf3e1825caf19ff6e1795f76929b0489d8b562bf98e6779d5abb31b09aefad5,0,cache/models_000292_000295.pt.gz,cache/predictions_000292_000295.pt.gz,1,11.793773039942607
candidate_000294,294,9311294,7ef2446cdd5df8becba8a1d747714081cba61c680884b33ce035e77053592751,95e8fe221c5a8f4c34c2bca7e4b88ad06b8c93bf5df666e8a253906a4dc85e3d,2d4cf1a3701886f1676130e141f6a0d1564e12c4009d98c4294d6f8841d8b2da,0,cache/models_000292_000295.pt.gz,cache/predictions_000292_000295.pt.gz,2,11.793773039942607
candidate_000295,295,9311295,07261f8f283890ac3298cc342b0cfb9a4e985c35101bee7d4d5b7a1c7f04b274,de0a7ca3bc09720118ede4cdd16c4822df2302db690a799efa8d0080014ee99c,ceab06cb65e32cbac14746ea27c7e9f6ea3bd94e956b06ce02456ac42f87ab4f,0,cache/models_000292_000295.pt.gz,cache/predictions_000292_000295.pt.gz,3,11.793773039942607
candidate_000296,296,9311296,277e077d5a9c967fafa541eeb88152bd0d3cdef4ad69a1cb317da28b435136a5,c12f430fa0a0d6c5723ff32375a8fc786afc634f7c93752aca9864836a8a3ba8,08c9bfa9f1853e47ed92a613df50b13b971595f9398fcaf42f4cfb6f00cb3597,0,cache/models_000296_000299.pt.gz,cache/predictions_000296_000299.pt.gz,0,11.793556508957408
candidate_000297,297,9311297,07a31edfec0a940e2b2a84c66f92cd7345f9b85fb583a9ffea605a22d92266b3,3be1ca88f583d50367dbe01824ea03a8effcde26f7d265a59ec21bb84adb5269,e65b7fef3ea64105fc48438192bc7cc6f5c5760b6feac0b4ee011c4e6793ecde,0,cache/models_000296_000299.pt.gz,cache/predictions_000296_000299.pt.gz,1,11.793556508957408
candidate_000298,298,9311298,5870f7c2fd90ca4bd74101a309c9c9af98e3a28365cdede52dffc96b5eccef08,7fb8b137b59dfc4770fd569362a94fccc1d3c59b28d98e363ea2763e86ae7e9f,259b9b01c311e17ba605379a119b9d4190b6430402fedba50638b06ede26675f,0,cache/models_000296_000299.pt.gz,cache/predictions_000296_000299.pt.gz,2,11.793556508957408
candidate_000299,299,9311299,2a9dec60b05de8e336886b3d0c3affe8b0a71fa3232cf8ea52742c01c7e6176c,e1c43cc2de7be9c173c6efefef833427c50342c3d99c03465bba531d815dec43,ee58341b7555f5f74110132add75b6e9f059db10d69c9b610d16733a4e177ada,0,cache/models_000296_000299.pt.gz,cache/predictions_000296_000299.pt.gz,3,11.793556508957408
candidate_000300,300,9311300,04b5aae471939e5efa4dbbc7c0ed8bd0090e50cead16843e5bb08c04e094f4fe,584a298cce6b6a58211f8843dd760fcd2d7d34138c13d1a1c68608ad00cbf7b9,aa3005627fa93fc6fd17bd4d35db2892665ecd837b485909e0996071a57a8b32,0,cache/models_000300_000303.pt.gz,cache/predictions_000300_000303.pt.gz,0,11.793459314038046
candidate_000301,301,9311301,fea497cbbd08512dd3101e61c4718a64092919cf3e11c972a71281207f87f5c8,f23233fc31abeb72999267bc40688e4f6d2e127fe7d87baff5009af5873539e7,57c25ff1076e1890a51fcc5a2cc21b7cd4e0d4dd6cefbec1b84c93153a59ea20,0,cache/models_000300_000303.pt.gz,cache/predictions_000300_000303.pt.gz,1,11.793459314038046
candidate_000302,302,9311302,6fa63f5137340b2c7b2ac9241c34c341a51c2741647139cabfe72bb238334178,340315d53c40be58aa071aefff763b92da6d6ff112998033e019b0d7a0cdac59,f05b5f378cc95d94b8e713bc93cabc4b2f4716e8e073017fb8bd2c67e70e20a6,0,cache/models_000300_000303.pt.gz,cache/predictions_000300_000303.pt.gz,2,11.793459314038046
candidate_000303,303,9311303,b3141642567dce6bb454f26a5fc4fd71736cc05e734b90aa5f7a74e773e4005f,1d92ef58eed2c9abd8c66e3aae7983566aaa78113dac46ff254b312cb587dbd7,77939e95f3297d611e65358723595b5c35021c68adeb65802e5fa0d29a39a331,0,cache/models_000300_000303.pt.gz,cache/predictions_000300_000303.pt.gz,3,11.793459314038046
candidate_000304,304,9311304,040a71e98d35734f24cd31276a75fa23bf8a9562c34222bede386207a1f92a67,9a190f583a5c4157e53912b8da9b9491e5de1c12b2df684630a8ae09de98b0ad,cb77fdc2183c15b0546956bdfaa49a1bc92ba36b748d9e1879702f5cf745053a,0,cache/models_000304_000307.pt.gz,cache/predictions_000304_000307.pt.gz,0,11.793502131011337
candidate_000305,305,9311305,f6e317d115d25334e28b5015e3759a80de9421b76d2ec2abb251980213abc988,11bc353eca3e03bc46cca1f9984c7c5179c0e1b795e1674268b70b0c746a0807,0e730b110df8744604fd5613a7262f121d11edfd0ce5e4323105e62b1d7f2519,0,cache/models_000304_000307.pt.gz,cache/predictions_000304_000307.pt.gz,1,11.793502131011337
candidate_000306,306,9311306,16fe988e57803866b093fccc36a0033dd112f45062faf19f8d267a27e0540f0d,cb01d92c30e07aed4bf75be8cf42470d469ac0a3aa7bbb60f791a776117defe5,648b8011bd59f3336450177a2ff23a6f4c49f14461f668b387dccedded39d97b,0,cache/models_000304_000307.pt.gz,cache/predictions_000304_000307.pt.gz,2,11.793502131011337
candidate_000307,307,9311307,5ac0810af013bb4718b1036f83f3fab29ae95eb14d969a286cc67d53e0ec1d69,e662d76237498553b1c88987b70702db86cefd4a2ee643bc71b8b77f19057f25,6fa3b92b7438dc906f08eaec9aa3f6d5de4834c427b5c553e17154aaac6ad909,0,cache/models_000304_000307.pt.gz,cache/predictions_000304_000307.pt.gz,3,11.793502131011337
candidate_000308,308,9311308,46a19ed25ef1dfbf67f9ed681fe905d54386e4c60ceeb579bbb2ede355c25641,425b9c80db93bf5a6854c0592ddda7655fda454c7e7917a76df919667aa59bf9,01a1675f246502ec83829e5db02595ad1bc08fb322f3d7af8262428460724440,0,cache/models_000308_000311.pt.gz,cache/predictions_000308_000311.pt.gz,0,11.79431598202791
candidate_000309,309,9311309,7bd417bb577292831c471c2a55b3e45162165f914c023715ae9e9c1dfa81c481,37db2e0c0064ca6a5b387f7b86d87c365713a34432ee9061445604fc54a53900,1785831071f1c1359e86471d232bfc84a57258691600e27b7bdb9c464b1e9aed,0,cache/models_000308_000311.pt.gz,cache/predictions_000308_000311.pt.gz,1,11.79431598202791
candidate_000310,310,9311310,1f39d2b43b7fe41f047b9bb20989ff9bdbe1be5f5fd076f6b584a1652dd182fc,299bf28931c6ebd7c0d1457b77b1e4f3e63707c0aba706ade5ecd71ae53b70fd,7cff3f3f362e132093bb07f45d0a1840ab5722ebe1a3b8dee400507b06f4c215,0,cache/models_000308_000311.pt.gz,cache/predictions_000308_000311.pt.gz,2,11.79431598202791
candidate_000311,311,9311311,3910ee8d4f486c1b2f31b874d1995b1cff68d857d69d68471c464710e6df47f7,e2c1c13c056cec98776069b070ff16599cb8c382c218bd3b634cf80620acc210,f951297fe6db080e07d9b1954d036e73a2168abbfe0ce34ecb89e5c04a69ec15,0,cache/models_000308_000311.pt.gz,cache/predictions_000308_000311.pt.gz,3,11.79431598202791
candidate_000312,312,9311312,139700a1e855bc99dbd12cc560da18d6d8e68b21e1fbbc123c3e44c96447575f,229ffcd0e546ae5d353b0cd0a573a3007e4623d4e12776ca423a2b3590ac13ef,292e21710927eb351f09c344f42b6c8f7a0272c96db61c801cd8013eac73fa4f,0,cache/models_000312_000315.pt.gz,cache/predictions_000312_000315.pt.gz,0,11.794317342923023
candidate_000313,313,9311313,cab3863d3f5d47062b334bfe30f16370dad3651dcc9fae5039b3243ab01517ff,f3369aaa8d04e3579ac96a9bd07b966103e0358c6ef1061352a65cd8914c90cd,bb7989684e94ef1d3b9ff4e9272857c4f825069275b312e1f9511f95faaf6149,0,cache/models_000312_000315.pt.gz,cache/predictions_000312_000315.pt.gz,1,11.794317342923023
candidate_000314,314,9311314,d696472a5993154461b6eb87611cec078a2ef75c1ddff4518037eb18563777b1,d13dca10c7842d96362ae2d42c2f7ce28fca579a311546a422f2067b7933ee9b,d378da1f114734f8aefa22f459cd1b746ca28213c2df082d22d576059fb4b7d1,0,cache/models_000312_000315.pt.gz,cache/predictions_000312_000315.pt.gz,2,11.794317342923023
candidate_000315,315,9311315,20ef8fe1804aa138254bed6f831c226401c72caf3b65dd3d214a2c70fedfce26,f09f0f52995a4cfa38a7b69425cbedef2bbce20d3c3713be413b68b974204914,0051d64e7ec92183bbafc91833400563c76ecf6a86f2603933779dda3c1ac7b6,0,cache/models_000312_000315.pt.gz,cache/predictions_000312_000315.pt.gz,3,11.794317342923023
candidate_000316,316,9311316,59c97fe7df76f2ef0a2db1c70eefecda4bfeaf989bcbaa742537453d64d77fa7,159a3c72b8af105a90acad471b479cd8bfffc006450ca1b35afbb070eb07d925,6f477e1df04fc005830022cb3e5344152608b2283ec46c2da3e5095d5c217ff1,0,cache/models_000316_000319.pt.gz,cache/predictions_000316_000319.pt.gz,0,11.794167532934807
candidate_000317,317,9311317,b18ebb6d8979dd7b406dc24867f442db59bb907bc49160d562b9bd2039ed61da,8d3f7488b3451107c3ecc9d15eb7c684ba8b36d03092b69c42ab9573bd86e739,868ab1edbf09f286007b418bb9d1d099ee7c105237dac27981e8af6c5ec7e1d4,0,cache/models_000316_000319.pt.gz,cache/predictions_000316_000319.pt.gz,1,11.794167532934807
candidate_000318,318,9311318,1471f50aedb1ed8e86da273510108a3fc4c76b3cb5eea4798f6fbcb3fc5b10a0,a2a10823674789916e009cc3b4989e344135e57324001bc896792091e9fe0471,26071fd4ef1eb7f5d403be65000e299ae80d45c769950d1140dd14e07c31b6ec,0,cache/models_000316_000319.pt.gz,cache/predictions_000316_000319.pt.gz,2,11.794167532934807
candidate_000319,319,9311319,b56451b73fc32d1179f28be6d48f068664cfbfff4579d995529fc11c3b5951f3,22532994b2167e774e49cd0a8490679b437b0105bf3a704b61bd55e52e4831e6,9ccd272dc0cb94fe76e5302013d311af29fe40d638617a6883dca605c19e1ecd,0,cache/models_000316_000319.pt.gz,cache/predictions_000316_000319.pt.gz,3,11.794167532934807
candidate_000320,320,9311320,700b1da0557a48bd06d4a92f70a1ee9b76bc01d94488ff2396cf294c8d453150,e321bc4092206999abe475f432302d9c2b0a2914197390d1ce8078da12a7e7fb,32347e18fc837afd4544e36814ce66f0649a4bdcc449df857717d3388e772e3a,0,cache/models_000320_000323.pt.gz,cache/predictions_000320_000323.pt.gz,0,11.809681139071472
candidate_000321,321,9311321,c743819ba298096791293c693eaebfd81eb6b4b985e4554adf0273cf3430fb43,2a13ba4ef8304ae851111e04fecbc571f3d3cacbaad1af7e7f31f1652fbe45c2,48fd2dfac6be10d85edabee60a958ac1b8a58d85d7ff5d4f5663885220379c45,0,cache/models_000320_000323.pt.gz,cache/predictions_000320_000323.pt.gz,1,11.809681139071472
candidate_000322,322,9311322,1b00f14194712d4d1afc5d948d1f5bae58179ebb3450c2c815fed7170ca19ca1,70979355169460fd090595fb72b77f966630af657e52b4ebe5349e450b65f404,d3b289d775d66d6fdee281efd822693ccfc927c3db49f74fb69508bf84f93e2f,0,cache/models_000320_000323.pt.gz,cache/predictions_000320_000323.pt.gz,2,11.809681139071472
candidate_000323,323,9311323,3d8bd11a4ab7aef44869406591958ca04ff4a22ef3e89c1b5f8bea0aaebd6587,9177b118e1b9e230c4ed3b9dd42e9951da6d757e07be2fb8bb9ebbb37d4a1fb7,4a16df29d50e95c1652a7845912afb40633d35256f8594d8670d16ba2b1b9a1b,0,cache/models_000320_000323.pt.gz,cache/predictions_000320_000323.pt.gz,3,11.809681139071472
candidate_000324,324,9311324,3e8d9659c94fa8eef6b75a0a9a20e070e1939e27784ec0e72ad4b01c6ce2fbdb,af042a20a5f1f29e7775087ba397e5355d7160b0a44019ca55a4c300a9dbec5b,3dbfa7a710f08edbf889280a8fea467f8df56e0220debea4407589cadc5e57aa,0,cache/models_000324_000327.pt.gz,cache/predictions_000324_000327.pt.gz,0,11.794490754022263
candidate_000325,325,9311325,2df131299ed2ccc6a17751ca8e8c34e2341d061335f46484122375917b310e9f,e44de2176569daa82d2fc90e2f9d4842d29a2546d95d6b6129215cdbc8789d81,b4141c348984c5f1a96ed6e33ab9ed7a870ac28c44e5ec3cadeb9a493aff4b75,0,cache/models_000324_000327.pt.gz,cache/predictions_000324_000327.pt.gz,1,11.794490754022263
candidate_000326,326,9311326,2bf07b9904596534dadae0306faea0b2a6d46273ce3fe524cd04785d27f28b25,91934040ae1124cd989f034bf3076293a2b010ffe866d060ee422474b2b7aae5,39489af259ddb0dd1a95f44acfaeefe584dcf2fcab40e6effa0f531b6d4af31c,0,cache/models_000324_000327.pt.gz,cache/predictions_000324_000327.pt.gz,2,11.794490754022263
candidate_000327,327,9311327,27ff76988b490aabf34aa7a4e7f68862cbce64f6f5c8959dfb42babf4a737f0d,68d96c9df9f33dd7a558fdbe0e1fb37937b38d2186daeeb97b8286088bc83ade,d65d7e49bbf7187c52811ee2c427601559518777d4cba8f04e9c45cf9a488e66,0,cache/models_000324_000327.pt.gz,cache/predictions_000324_000327.pt.gz,3,11.794490754022263
candidate_000328,328,9311328,a5a665ce8d7a8bafdf22820dc1dcca8d29f2c33af1b05c0e259e5aa05c9e37ce,22a2edf7b93d10bff5b170fdaae01051e68e05994e3551851e6a9b8ff1183415,054ac1834a9456c9cea08c2bcff55962a5b406f8ae5e6dfd988318fb63791b08,0,cache/models_000328_000331.pt.gz,cache/predictions_000328_000331.pt.gz,0,11.794351967982948
candidate_000329,329,9311329,572a828e704d8484c124b69b107c49f04ccef8eda020be12b3b335a0f377bb33,bc2657cd5907d2a4097b4b5995c749e488d1d7373b251a0eafeded74f98d9dbe,fb90c0b8e451b5cb6bfa5cd24cdf58ee985c62f2ff545bee36d657f02508ecc3,0,cache/models_000328_000331.pt.gz,cache/predictions_000328_000331.pt.gz,1,11.794351967982948
candidate_000330,330,9311330,ee980a7b21dd92015135303db8a72c4d0289718bc1d490bf4ba8c9e6206a3c08,c044dfccf89a0bca263841ad88996878956166f123d529aa3a34c5d87ed0487a,061f0a65c3f9d1df4258cc8650ab9ca7df89682a9c191fa119f2fe955d8327b4,0,cache/models_000328_000331.pt.gz,cache/predictions_000328_000331.pt.gz,2,11.794351967982948
candidate_000331,331,9311331,d62fbdbe23542473dacde6dacd299419009dd0fdb039f0c17486ecfd86258e5e,133c9e8f5d7721ae674090b34c20538ac4ae001a7c2315981ddccbd19b2e0a67,26a41d86e9d0fa8e6c28134e92dc47b2598141fefa408cbea73ddb85b9a7ab91,0,cache/models_000328_000331.pt.gz,cache/predictions_000328_000331.pt.gz,3,11.794351967982948
candidate_000332,332,9311332,d2f973024e8b1c2588c7f5e2c4995b5891800feb939065ee2c2494c27e6f626d,ea2779990c6176db4929bec03baadefadcbdee8301c406788ebb66837e59745a,cf5636d08aa2aed8c8d344aae70c7d4a785695c2c8204df29e8b6ac2ff7097f0,0,cache/models_000332_000335.pt.gz,cache/predictions_000332_000335.pt.gz,0,12.32042799203191
candidate_000333,333,9311333,aa4e0cd6c0792b037a671f4c2d2a4ea0aa91ca9044b5db897522fdcdfcd2e5ac,c30363063cf305b19ddb686b736b31607ac7863e6fe65c547a5a0c4b300a1253,98fa4df845a8c24478f32fca970222286aae8d6f26be4e2cb1965e0220345f73,0,cache/models_000332_000335.pt.gz,cache/predictions_000332_000335.pt.gz,1,12.32042799203191
candidate_000334,334,9311334,b28fdf24d0d3bbef2b444c78a3076aa3861af41d31f14205f7de7d3bf423fa90,4c1665e8e3e0ab9fa83fe42ad482dc1d201dc7e4cacb9c7fccd2dd5f18cde0c1,0a8d95932a282e98a7a67cb7071452f061c540da9409dc537383bcba5fce424a,0,cache/models_000332_000335.pt.gz,cache/predictions_000332_000335.pt.gz,2,12.32042799203191
candidate_000335,335,9311335,3c9f7eab6f446a61028463b5bb19029de7c0ec77f93252e6ed4981e1d13bd3ea,3ec38ecf9611279de65481e1d8953766a2512aeb55ee670254654eb69128a412,f3a6a985b36d3db552811be8a2a04bc97ef238bd8b9209cf53403111dece7b1f,0,cache/models_000332_000335.pt.gz,cache/predictions_000332_000335.pt.gz,3,12.32042799203191
candidate_000336,336,9311336,56cdc68a384394436abf187966064713dc45a5ee905cf5f3065e65dd0822b2aa,dec210962c408b137e377acd16d9d4bf7caf300f0ff3f50ab0e37aa8537fbed3,52a49ecc9863725a7bff5f7dc3bdd80234050a29188d84d2b9ea5443a99700ea,0,cache/models_000336_000339.pt.gz,cache/predictions_000336_000339.pt.gz,0,13.86633031303063
candidate_000337,337,9311337,5f0b68759d00c427a196df4f9b354dcffe43686fc704540c732c218aa525553d,af9e2c35642503d496e6f0e3806213fff68db37bed336d301dac0e3489ec0a57,78c7d0540e00bcd301deddfb9026bfa6e34a3f9747b855e08c0e93e2628293e5,0,cache/models_000336_000339.pt.gz,cache/predictions_000336_000339.pt.gz,1,13.86633031303063
candidate_000338,338,9311338,50ec70d8e939b5ba7ded99d3d199fc41b01f7bb707a590a2feff7ae1ce2cd81b,2b678958976461c3112913451cf96235885be61b14f20ffe1f40a1e8a5ed9df3,434aaed70599bb908e90d14923c141ff22f56579186181b3db2ee12e3c555d78,0,cache/models_000336_000339.pt.gz,cache/predictions_000336_000339.pt.gz,2,13.86633031303063
candidate_000339,339,9311339,4ad80ab191d66ce2adcc20a8425cc9097374a07153a763d761734c25cbabd49d,d74ad0fcd2777114107e59a1babb186df5ca0ca9caffdf264d09e793f20300b4,590c4ae49d7a830cf4b161454c288de80e96e623cf09637a999dc74e2ba42b4b,0,cache/models_000336_000339.pt.gz,cache/predictions_000336_000339.pt.gz,3,13.86633031303063
candidate_000340,340,9311340,5f47d1386d71856c06fcebbf112c880de6244b29a21e820edbcb1ff2aaeed3d9,0cd29d0511f54910df429935d6600d089b08a204d0f08f7baf672595faeeedae,0697fe85ac219b66683d2b3a05b8e17984a538bca51a78d441c8e6fa3145a9db,0,cache/models_000340_000343.pt.gz,cache/predictions_000340_000343.pt.gz,0,13.842618703958578
candidate_000341,341,9311341,67e5c1819e18ced64c4d4dcd08d3f3c6baa0352d55cad8f5f2e73b15a365f83c,7ef71ddb71b21ca6ae8d4de2c59f77a8e8e42f490eebb3b5bad2a5db910d5fc0,217209941de50238b86cefc37f6545e511d77674e98279c89fb1f16267384e05,0,cache/models_000340_000343.pt.gz,cache/predictions_000340_000343.pt.gz,1,13.842618703958578
candidate_000342,342,9311342,f7d0980c6ad965061899da79067e04c3c6300e427d4b694cd5834693a6422d9a,71609c0495847189473df7a86b3e5449bc71b00d056d371d3d698d2be540eba2,4037c84cb0eaae6b6f84a5ee2e75531a7e6ee6c35055255d4629c88c0ccf70b3,0,cache/models_000340_000343.pt.gz,cache/predictions_000340_000343.pt.gz,2,13.842618703958578
candidate_000343,343,9311343,452900857fff5e86bef29461519512a34c0b136bd842594580a3f3a4b4f4f857,72f7736b74bf6d84ecf67992d6fec7185a8963557282557196c29865827aab61,5c2ed84dad0a2890ddd880ed392a4012ba036b85beb4b47ef96cfe90da138ec8,0,cache/models_000340_000343.pt.gz,cache/predictions_000340_000343.pt.gz,3,13.842618703958578
candidate_000344,344,9311344,60d46858eef303b88b3208b7416cd06a008da75e01ac347086a8142b7a8748ad,76b9771bf052c2351cecc71ec91c3606b0b35a0ba31cf3ae7fd2f2ca65790073,435c0498676edbfba29130b7cc90d216a8fa969cd844b437209efcb7967c0e28,0,cache/models_000344_000347.pt.gz,cache/predictions_000344_000347.pt.gz,0,13.913724416983314
candidate_000345,345,9311345,54444aa4839fc0617a567d369085e77d9f489a2ac5c48940dcbdf1b66e7cdfc9,1436acf1e9025e1801e224ac67f0022fd90ed23ba12423c35f55d2707eb24b61,3343ffe52794bbcb6a87b0f7c0cdbc6ef8ddf2719486ab870df90283ea9afd28,0,cache/models_000344_000347.pt.gz,cache/predictions_000344_000347.pt.gz,1,13.913724416983314
candidate_000346,346,9311346,1718a1825d464f322dce6d586c32d7604917cf6d2f93d8b08ee283585d037f19,ff05bc0257ab5f212c15422ce3a74a224b81fed3214a329e3223bd09084b1c76,9ff5dedb914ce2b464569ab960d738d44fc14f256932177ecab15a364029f2a1,0,cache/models_000344_000347.pt.gz,cache/predictions_000344_000347.pt.gz,2,13.913724416983314
candidate_000347,347,9311347,b51cf2cdcb554c4257b50de70adedaec4bddffd3cdc22c716db32903a5a06ab5,38a100d0dd4887a433ae14a94a4927f163570470607d9783dcd55638a9452d75,fa4996b7ba46a2db8ed8c74057918b663a7d29d9cbd4c93823c48ebc96b84bda,0,cache/models_000344_000347.pt.gz,cache/predictions_000344_000347.pt.gz,3,13.913724416983314
candidate_000348,348,9311348,dddc0149b5d8417f35b56dafd609966882690bf7dc5ea3d7a05937106bce090e,044ba3dce24a969865a82e531b93cabc4c38c098bc39c38c1312fe6549117287,0cc66755c849cb7b8d1d824a6edbe0fac247841431883b2b752bebb618c3ed63,0,cache/models_000348_000351.pt.gz,cache/predictions_000348_000351.pt.gz,0,13.90859502996318
candidate_000349,349,9311349,9d6f7abf5ee579e912280be4afcbd80dbab5a68c49b7488c51b94412b6db2f9d,aef106ad9d8bc0e2a978310f77851295273f3bc435c8368cf1bb9e67e5a0fadd,0dbcb868cc323a8a6978d4e6166232440ebe89c4326ffa44bf20af2bf0867b05,0,cache/models_000348_000351.pt.gz,cache/predictions_000348_000351.pt.gz,1,13.90859502996318
candidate_000350,350,9311350,e42368d714f298a31a87797267247d8eb7df3496cd7648d08f654f441b8ff0db,f96b4ba0425dfee010acc706e1d9c6d63819eb2cb2b875b4a3f3b15b5e880968,86a6a9733e572be33e9673a9b60127b988d1496c7319717d76f819ac8603caf0,0,cache/models_000348_000351.pt.gz,cache/predictions_000348_000351.pt.gz,2,13.90859502996318
candidate_000351,351,9311351,f11299ced2351792737c485c64fa7657a175212ec1e5049dfadabe73febcb00c,25cc1a795fc70ab47bd3db7b14ebcf73ef1c9a4e344411e3aabaa09d05143fa3,1b017d6fb640a58af66602160aac4d4854d949d1bcab47c453009e848bfee8e1,0,cache/models_000348_000351.pt.gz,cache/predictions_000348_000351.pt.gz,3,13.90859502996318
candidate_000352,352,9311352,6b50182a2389e384fbf4d9884d7d777ad2d95abcf776e3a45354b38c2b0413d2,4c9878342d26ebec18f4fff6f4d7c52611cdac57995fc92b04f96dbf3e3e8927,b2a3f01c40cb3b4a8f4406453124767d5179ae2e80d41cb50a1b16bdcf451c20,0,cache/models_000352_000355.pt.gz,cache/predictions_000352_000355.pt.gz,0,13.862073558964767
candidate_000353,353,9311353,6b1fc5d48c1b8a3f152f3ba6e41dbb3b3a4eac6c45ccd5f90d3459944398135d,3ec31bad3d3faee5d1778ecc0a08749da9068989f03eb557cdb24ef8be3c9903,5bf97a4b596747701107a565dfc02d77beb49c28b4dfa38519233fb2f6600d2a,0,cache/models_000352_000355.pt.gz,cache/predictions_000352_000355.pt.gz,1,13.862073558964767
candidate_000354,354,9311354,38b4699d7ca069d62be231cbee1cbd864bc89376d67e09ad7439aa5fd1b4e979,8498bce198dce9a28162bd5b8bc44ab71f713679af2ec892b5261e6daab7f697,4438140a3281a685b9dd04717b189489679e6d833e41c274ff478b2c4df6abbe,0,cache/models_000352_000355.pt.gz,cache/predictions_000352_000355.pt.gz,2,13.862073558964767
candidate_000355,355,9311355,26516c50f707117d34aacbcfd4e29e5186ed7f890ef808647a61b7341c063691,5c9cae0e245074437a1449e48ffd2e4e470f0c4daae530ee88d490d5131ab353,878b5c077de1060cabb51dc8b655ee53f71d21e1bb66c42362f0679a574d8975,0,cache/models_000352_000355.pt.gz,cache/predictions_000352_000355.pt.gz,3,13.862073558964767
candidate_000356,356,9311356,cfadc359641e39d07f8afcd06c6775b5ae52f6bd79d0390685a6d8da619b8ead,362dad003448968052c1e419048d23f909ac27285fdbb1a4d7c15dcadefd5a31,dccb26a836511b5b46fd254aa6ae8281a182a18b62af6875d0015f7b035b4bdb,0,cache/models_000356_000359.pt.gz,cache/predictions_000356_000359.pt.gz,0,13.881750348955393
candidate_000357,357,9311357,49d98d69756544d087eece94218ed23548d215f51a91cfa5d483eaf4aedf9d03,e7acfd6a5b901e9468a29d466fc983fe828bc45d7913012ebc933f63c5f47cc7,742101da8b98e0c0c9efd88e2cb058efc2ea0c209db1b0ae6bba7bd3a79646a9,0,cache/models_000356_000359.pt.gz,cache/predictions_000356_000359.pt.gz,1,13.881750348955393
candidate_000358,358,9311358,e32a70b5a6e37d5d0552889bf034569c62d07003d501dea9915576f2423f8a84,f70d20ab655bd510f2ed72d841c6ffdb27c1e494f01c2953e03f484a00f5e6ff,63e715fa60c73c51f128b9238521366cf83619934f44aae314a6f097a819d354,0,cache/models_000356_000359.pt.gz,cache/predictions_000356_000359.pt.gz,2,13.881750348955393
candidate_000359,359,9311359,99fbcfdb7db56545bc571e7f3112e49f280eb788f93bb4d860e0be86f54c2f79,ef115c196bc76c5a45ee729afaece6dcd1c5650ad970f279735f654ff90bdb7d,b971f77383459594fe1177ff33793408cf08b71bc6647069df34482ca6dfcba9,0,cache/models_000356_000359.pt.gz,cache/predictions_000356_000359.pt.gz,3,13.881750348955393
candidate_000360,360,9311360,b037ed15806f448bb4cfd9c793b1ab1418242bd11f20b33bdad6f66d5777a7d6,7ae4a785e3c23abf5b7e1d8b12764a89cf564883c8231279fa099c13fe6b29dd,924521161a76fb2b2266f0fcfac00eb9a4526466d3ec3ccbf60d841bbbcbed79,0,cache/models_000360_000363.pt.gz,cache/predictions_000360_000363.pt.gz,0,13.978486155974679
candidate_000361,361,9311361,00b9a96d8999367794d59a4b4fb4257e98e9aba356fccfd72fac74b427ee4bd7,960b140c5cafffb43dd9420b3721adaae3c4ce2095029e16ea711933f63b60fc,2f423a86c20801fe5ed471d2c93c203364894956813b7aef2ac520a640171662,0,cache/models_000360_000363.pt.gz,cache/predictions_000360_000363.pt.gz,1,13.978486155974679
candidate_000362,362,9311362,628381053800bf0991573e05235e722593bf4f6b2e0fe048130cb8d7e891b762,8f5a99798bd80c8cb392dbb0aa837a90b424ced486dededb9dae3e870df608a2,d70625bade8ac33b4e9782a91f5134c552bee3880c02fa4a6e7f683bce47ac42,0,cache/models_000360_000363.pt.gz,cache/predictions_000360_000363.pt.gz,2,13.978486155974679
candidate_000363,363,9311363,1982f22934279c967d966c3ebf584a286280e622779c0eef2f250f6ec9587d03,a6944406db78e10af884cea1926248b733795bd3429c424642f5fbafd7f86643,87a291d4aeec6796901d368f6bc7286d3143fdedd31824cf09c6590a356bdf66,0,cache/models_000360_000363.pt.gz,cache/predictions_000360_000363.pt.gz,3,13.978486155974679
candidate_000364,364,9311364,a0ec028a5331d4e823adb7cf60c60ed97725298dfcbb0cfac1365ac93500ab27,364ccb1509b17c7bb4a0cf50b992a378a0178c511625e9fbc013e1e9f53baee6,f1f6ffb0c63e33bd8ab6e1b480b4413d565137303cfb343ff0a383e66fc332f5,0,cache/models_000364_000367.pt.gz,cache/predictions_000364_000367.pt.gz,0,14.04144429799635
candidate_000365,365,9311365,e1fb86f7fea3e841b904aeb2a85e635375c32e82d3d5a69c07b58d509761bb7b,5225ae1fafe02d8a5af98523bcd0b18893313c6ba199035036eac735db1794ec,327a5de466e0318a7716934ca51bd3c763d2e496e32162a1f4feaa5b0b023fff,0,cache/models_000364_000367.pt.gz,cache/predictions_000364_000367.pt.gz,1,14.04144429799635
candidate_000366,366,9311366,a70450cafb6806a4c20a2ab416530dc05c7a93d810ff5d0d5f660c9e3eab2cf3,32cb0488dde11f352e7fcd187224667c3ba4f52cd41a0086992f5b5cdef24a01,67e0741f5246dade33c3881c567a6fd7810a61a98c43d71c2f276cdc58d60544,0,cache/models_000364_000367.pt.gz,cache/predictions_000364_000367.pt.gz,2,14.04144429799635
candidate_000367,367,9311367,821ff13807d290acc23c12b5a00511c488547c5da990c97dbd54dcb2d64d3feb,e88ccef35dd8caee61fadee3a41592607336fc6650fc261d2b1f072e483e24a3,da8ee5c52c439409b3f68e2b51ad39b4f30f442f82ff2bdf607f4ca42e8b1d6f,0,cache/models_000364_000367.pt.gz,cache/predictions_000364_000367.pt.gz,3,14.04144429799635
candidate_000368,368,9311368,d7f401abf1d9d3dcbed75c8ef8633656c6c8291bd7fad1c93e36c28a0732a750,a4873c6d6c996e3bc158469db3945adb0db359c33730075692d6c2d546b97151,7bfb6cc481f232c6244b5cdeff521381cf83a490a881110c619cf77d1db3ebc8,0,cache/models_000368_000371.pt.gz,cache/predictions_000368_000371.pt.gz,0,13.834146519075148
candidate_000369,369,9311369,d880ed3bdedc324ff2724e427069a047be94c19cea13f95939a0608dbbd592e3,fbd855a0df0a7bbc248a23e2a2835d0a74a461fbad2708b175358c3d8ab311cd,cee9298dc2f7304febe7f2534f63722b0127590c6f92b64c0a50a882bba749bb,0,cache/models_000368_000371.pt.gz,cache/predictions_000368_000371.pt.gz,1,13.834146519075148
candidate_000370,370,9311370,159616096c7745411aa7581eafdfad05d9f53e4cebfc230fcbb95922b04914c1,5a00b11285cd87f8cc4beec08e2185e282487ad0328d124866de3fc673771939,0e1a9311ac78a6ac5af3a4ddc91dc3246bcc69d6b502163dc789f5859d8d9fbb,0,cache/models_000368_000371.pt.gz,cache/predictions_000368_000371.pt.gz,2,13.834146519075148
candidate_000371,371,9311371,9c1621db694098ed47f5dceb99a767095826bcc3a6c751a05db055a0e92d52df,a42eb9a2f856dcf78173ecf486b404c673c7e19b84ab89afb4733e4c9ba941e4,b5f97ca1561ce552358481387c737a08dee6ae0be6c3ea6871fc95c380c2a591,0,cache/models_000368_000371.pt.gz,cache/predictions_000368_000371.pt.gz,3,13.834146519075148
candidate_000372,372,9311372,1bd1b5ec4ff29c0c731ce62de8d812a970f4a111342ec6fb2ed12ca42772e8ae,ce7cdb44ece169ad222ead95814d7285a24a70376e38b6741f2064e63c8cb893,58b10e4a9723fbd0892f1a8eae0495eebe381e97a141595e196c9f52453ab901,0,cache/models_000372_000375.pt.gz,cache/predictions_000372_000375.pt.gz,0,13.841629790025763
candidate_000373,373,9311373,33de22e1c084ae9de46bafec717f4c324a5811d103ad13729e0fe24493a8496f,b7328fd7e9fe53506a0970695facc227b9637933cfb477ff3a6d9ada05771a5d,aa21c65c727e8ef12d6e6c7591158b7cd667c9d18ae1ef5c1fe98d33811e5a6e,0,cache/models_000372_000375.pt.gz,cache/predictions_000372_000375.pt.gz,1,13.841629790025763
candidate_000374,374,9311374,9ee9915f1340e760224e5fa11f5035c8ac88cff6b42719adcf1159526eb43e84,fef408fa2f24ff4313e43cecd04b17b6e83db227a28db9dbe4ec780bbe68feb6,c2c0ec146a7fb91b523024ea8e022e086c405567b2656172ebb4926222eb9d0b,0,cache/models_000372_000375.pt.gz,cache/predictions_000372_000375.pt.gz,2,13.841629790025763
candidate_000375,375,9311375,f7a559754ca97fea86c511f661f6cccc1b29f2b44d4487436b62c623917e10f2,01d8268731fa670d9ddfdfcc2c0e1273ee29e93a81a36c97a30e0a3d5048ba61,68b19b101f8475dfa73b88efa153ceea012fa935801463cf0aeaf74611e30d73,0,cache/models_000372_000375.pt.gz,cache/predictions_000372_000375.pt.gz,3,13.841629790025763
candidate_000376,376,9311376,16164fb818acc066c14d7d9f4297a2f7f8fa300d7aeacc60e4fa479b9425cd27,1f9a615d706b22ea87cea60e4f97b903cd056ca87a05fe216ab03434fa799da2,a7369785352e4d956c0f69756ce34ae8dacc3ce4021fd39c5d1c20011ad54a66,0,cache/models_000376_000379.pt.gz,cache/predictions_000376_000379.pt.gz,0,13.854073623893782
candidate_000377,377,9311377,d2d64b3313e7bbbf77e5b3910eb525962aca608da8d6cfabeaa51616ae29072f,92d293ced04efb196a81579a45933cfd1f2fe61d46ff3d6a8db5897dd9565c31,4afa1a32551080eeb8cf26c448b4385c1bf19ec43ae19bc27328cdd4d51f1548,0,cache/models_000376_000379.pt.gz,cache/predictions_000376_000379.pt.gz,1,13.854073623893782
candidate_000378,378,9311378,a00c5b4b26164b0c4181dfbb633661cba5e2353f7eb67c5177a1f37c4faebce7,def86b8d1584f1dee79eb1c8d968ca6d19ad1d6c3169c4ac8b86148b7eb699c3,bec4e7f49c1dd9e233d31951d5f813a05fd05e48e407add4e21665be7c374d98,0,cache/models_000376_000379.pt.gz,cache/predictions_000376_000379.pt.gz,2,13.854073623893782
candidate_000379,379,9311379,47500e1e95979f1e3c2639474c925e799cf4cc085c1e23e8b3e53887f9bf25ab,57c2a5f105a6572a33c1be900d842a184aaa175d075060fad8ea4287506073d0,9bd79331a7f5f84a51710650c1581a3797c543dbb3b8c251de44002596eed6ef,0,cache/models_000376_000379.pt.gz,cache/predictions_000376_000379.pt.gz,3,13.854073623893782
candidate_000380,380,9311380,5fb37707a4ffd54323edabc8c6c60c793548c6c60c2f053c88acc9eea7a8fdd0,5c8d3d0b69d9a0d8eca5696d67ae121c9f1b4699dd679628ee103b77cdd99e5a,958352ab789d238c31dd284bd68009b21c3f698c0edad7a0b82bf99601cfa072,0,cache/models_000380_000383.pt.gz,cache/predictions_000380_000383.pt.gz,0,13.865030057961121
candidate_000381,381,9311381,e80c5c80f5e0cbd03cfca5f676e6e63292c00849916562869fdfe003265b325a,fdfc1f9bfcd1ad2855c80115c77d77da5aeef61dd39f5723cbd03f39f9c3e5f8,e0bd27fe34258468a5eff411ff714a6f142a7977248325953ddeebfe6ebf7e41,0,cache/models_000380_000383.pt.gz,cache/predictions_000380_000383.pt.gz,1,13.865030057961121
candidate_000382,382,9311382,81e1a9ef1ba8e2825d4627f561b144c202351b038e13e78a9514a8f32dd4fe1f,b776390c49dfee8c1d6f7cf9f4c3b5720d7392b2c6fb4ff334bb983ef3659563,c53324a863ce2560121b960e535599dfd16a0b3c48cda488f0c5b2e1a615436c,0,cache/models_000380_000383.pt.gz,cache/predictions_000380_000383.pt.gz,2,13.865030057961121
candidate_000383,383,9311383,0b29ca215d14b5518d9041ca0f068b0eb59398022f0812c95f4b35705f58a167,b0e92ad53f16921fd3acdebc79b1a8aee421a02c23d12c88f60c0899bb8f2785,a23ca128b8787239314bd6f5cd9e0d5ee4b7bb79aee9408e2afebd28bd688534,0,cache/models_000380_000383.pt.gz,cache/predictions_000380_000383.pt.gz,3,13.865030057961121
candidate_000384,384,9311384,c0dc561fd6942bfb8a572e9ea20d3dfb504eed984ec8673c2520a77d384be5fe,2555958b731818078f4db796ade326bb34bb2a7121300b3de62a381eae57bf23,c1ca7f02461af328dcaf07fc2ff39d0aa4299377ecd4bcb87afc5ea30b920c9f,0,cache/models_000384_000387.pt.gz,cache/predictions_000384_000387.pt.gz,0,13.830259048962034
candidate_000385,385,9311385,0df797159f93f9366bd6c907cf982942226483b2ffb04aed36ea90783e28cd14,8bac63f7a4517bf328343d597195530cdbb5ec5bb72803edc5cbc0322c1d0b92,e1054d4d4b10de5491872257d29e11148c4c149438a844952d4d6d9ad0ed3024,0,cache/models_000384_000387.pt.gz,cache/predictions_000384_000387.pt.gz,1,13.830259048962034
candidate_000386,386,9311386,a1ca17e93693a1236dbc3ff567c91b8faa54c692d7ed99132ca27a173a0667a9,b1e112b08fe42723858f8a51a221e6ad4bff063970f7b4ad1a3d6f1ac77c9f3d,29cdef50268ba68abdebe20feffb7ca02f985f3ed2b60c9d4a3612528a0f999b,0,cache/models_000384_000387.pt.gz,cache/predictions_000384_000387.pt.gz,2,13.830259048962034
candidate_000387,387,9311387,c5cc11f4c6a8b761eceb0ec28ac04581e707493d0aaf4c97722c505afeaff313,22b54e673637ab6f94e4aa3413deace4806a75f7a1a9d496856a5ec851f3e8e7,a6a5359433b75ee9066bb3061e7e26c8ccc24bfd5f5bc2c310b698dca52ba4e4,0,cache/models_000384_000387.pt.gz,cache/predictions_000384_000387.pt.gz,3,13.830259048962034
candidate_000388,388,9311388,134a252847528642f77cb18de99857ac9764ffa3587a004de1d3daa00b4ab802,0dff0de37e24ace88e2d2be00aad192219a0f17c23eab3304b5d94f7372e70ee,6656f47c7aeede17954cb2136d456e5487a4ba88ac61f2f08ca4e81a99fb8c2d,0,cache/models_000388_000391.pt.gz,cache/predictions_000388_000391.pt.gz,0,13.838560358039103
candidate_000389,389,9311389,88d07bce5f00aed5e189ec8efe2ff9081e604b21854121ca63231b4d8fb8341a,fe6283697ae50922cb682ebf7e4b89e7b38ab187362ef46bd6addf39c7619d7d,7603f0e8c13eca4ce504267dd6f204d0c60991216a602dda40db5184530bf686,0,cache/models_000388_000391.pt.gz,cache/predictions_000388_000391.pt.gz,1,13.838560358039103
candidate_000390,390,9311390,2bfd572cbf119347a780aea8eb6dd9ce03da91729afaa76969d33f88fab82550,9ec12ff161b41f6c9d188d361d64307a54873910bf81ad33537afa5bc578f291,b8a98ccdb08f149dbfc45f574c9e77dcfb1d42d3d5317b6b83d5e9b8e53fb912,0,cache/models_000388_000391.pt.gz,cache/predictions_000388_000391.pt.gz,2,13.838560358039103
candidate_000391,391,9311391,73928d1d19f03702f3d2a0593fae7722e7fa20976bfb6eaaf3bcf34b0347c8a0,0a31b9d4cecebef9d9cb769e36df5b1191f041c3ad3a04af1c7240c246d8c4c2,55c79b470037794aeb547a3ed5e3dc60d9ec2e8e2d758523b1c7a5fad5e11495,0,cache/models_000388_000391.pt.gz,cache/predictions_000388_000391.pt.gz,3,13.838560358039103
candidate_000392,392,9311392,7cebceb293a783ce632e0448e72562729f8a38159031be94050f555782ba9381,991efa6aced9b25e084661196d68873b55357ffcc1fa1d4ab9cae444cfb48e67,d04edbfcda1e85faf1a002f8776d44974a0deaaa98b5232e26794f162b17e5ba,0,cache/models_000392_000395.pt.gz,cache/predictions_000392_000395.pt.gz,0,13.80980722408276
candidate_000393,393,9311393,760c082f5c288f1592df20e96cc550dd3291f31d69b9f3497d8f5f662bbb4bec,2cfe6d1789d2a031f7d6c9c75d8f58c04d7f1564c9c28454a572e447d27a8543,2ea110079ab680a5437abcd95a8d1adc9c37423e56c651bcbcd3601f9a53ea6a,0,cache/models_000392_000395.pt.gz,cache/predictions_000392_000395.pt.gz,1,13.80980722408276
candidate_000394,394,9311394,25ff4b468859fecc3d9d68a106ef663e1de066980696d9139ed2726bb938464d,741e1d35e4d04482dc44b8ce4c4e37d05eac6dca1d2c181cf46536965e9b58bf,0cd886846ce12df51e3c6339e2e2cb881fa43a144dce7f9d3f5e1472096f5100,0,cache/models_000392_000395.pt.gz,cache/predictions_000392_000395.pt.gz,2,13.80980722408276
candidate_000395,395,9311395,6f8390c5e2f625fa25704df84329fae5ae0dbb33b275a7a8291a0bb97217f1bd,9808ecdbc44cb60912724d79b428479f1f78c77238532c5b59f58f4301607dcd,2b32a2680054a7034a506d52add0e4350fd8f9a304a7cee6c23119dc377f0ab0,0,cache/models_000392_000395.pt.gz,cache/predictions_000392_000395.pt.gz,3,13.80980722408276
candidate_000396,396,9311396,d185a1d66f16f7b91756f78bc17be5663b03a050d64b6cf1a4096f06aa670d3f,c893c116854f3dac6bae6d85ecebfa106eebab7da5160f8d40aaec597cf26d32,0720bc42214de7fe336a139f0037acdd251ac1dbe71625386588c7bba68f8de9,0,cache/models_000396_000399.pt.gz,cache/predictions_000396_000399.pt.gz,0,13.814082031953149
candidate_000397,397,9311397,6baa82764365aacebfe80c1a3b2232119c2456dd50406bd71334cf40e8140c36,10c010cbc3d0c65d93e74619bdeb5a467ac035b9aa321856aaf8e150957a7c5f,8d0a1b9595a072e57a63c28bf405d5d8db7783668e3e78ac2764682b6c2ba4e5,0,cache/models_000396_000399.pt.gz,cache/predictions_000396_000399.pt.gz,1,13.814082031953149
candidate_000398,398,9311398,de0b416adab15dd9cea2b9f85deba9804feaa8ea23346a2173235b07b4a78bbe,2b2f721083469f280a485b2a3f7e5f80b71ff7d159be2d3376c9001e91079b0b,d7d08ec45b39a7c82edaac8f05c4478b8bf95717408a0d30eb87dfd9ca5005fc,0,cache/models_000396_000399.pt.gz,cache/predictions_000396_000399.pt.gz,2,13.814082031953149
candidate_000399,399,9311399,2629df8714796696347a485bf6e3452d2ec68e5041633c7a5f504cef71c73a0e,b5fc3af67e241ec852809fe10ba37cd5e1965e90496a7f01913df56a1b79f04c,6bb2422056d407ceb2dae427332c9c5eb0dabd50c4bed5a2579afd5e80ad856e,0,cache/models_000396_000399.pt.gz,cache/predictions_000396_000399.pt.gz,3,13.814082031953149
candidate_000400,400,9311400,fcf7bb051294e790f9ca7daaf7e305216f4f685f550f4a592c14867a02f05a00,8efb0c3c40ee458671385790ae14acc96dbbd436c84ae6687c6475c7f12becb8,22fa3f28cabfc5d701ff056186bba330796d0e4aea8de503c1ccff07811445b9,0,cache/models_000400_000403.pt.gz,cache/predictions_000400_000403.pt.gz,0,13.814080536016263
candidate_000401,401,9311401,28418bd4c762d66e34872b02079ff8ba2ce8354e6eff61cc9097a8f30a5420f2,8cc3817e59497de2dfcc33c28d6cdf033955c73d9502cbbf27e49da407e3a93f,b8cc5f9769fc3d35aefef97a0b7caee9f9ea3977fd6f9cbb21d5ede99a72c167,0,cache/models_000400_000403.pt.gz,cache/predictions_000400_000403.pt.gz,1,13.814080536016263
candidate_000402,402,9311402,5e0530e73e99dd297c73eb9278adcdfbdb26ad672428f0c52bc90fcc3bc62b61,820551dbdd1d3eddbb83ba7b3b5eaed368b8c312c40f00c97314593f2f69da8c,af9631b4359ecea9ab21079d5b2575cab1a157875f42de5df393ebac8461e0f0,0,cache/models_000400_000403.pt.gz,cache/predictions_000400_000403.pt.gz,2,13.814080536016263
candidate_000403,403,9311403,c800359e67d1e4957267242d6c0235e03c779387770005dbdb460524f839cfce,0522f26670d11c4bdbd795e484c6c670c035ed5dfb23fd428b577d680fbd6a02,c25467b70068ed8e1a6df7836abc918255837bd202cb4bb7b00950918b3ff6db,0,cache/models_000400_000403.pt.gz,cache/predictions_000400_000403.pt.gz,3,13.814080536016263
candidate_000404,404,9311404,a821803bacfa414d62fd546b1e1922764db0e3857f30859cc575409b3b54c77e,bdab8b7c3776541959b03d61ff5b75cd904c86de8bcd01463acb1483b462e28a,7c80c6020e930c90c22d1813fd9be7529d2bba7beb1f96fc7d1fa09584b42f93,0,cache/models_000404_000407.pt.gz,cache/predictions_000404_000407.pt.gz,0,13.816744694951922
candidate_000405,405,9311405,2d15bc5ab15c8ef26aad08792089dfeaf944f916c1201afbdd8a59c524aaed42,286e63386bcd6cf30ec425ac60f5150d78f4597f79e4f7944cb796a2d80c8d82,33c4a276eae3435b4d8e1dbf6f677491f5dd280eb03817f79b6ddfc0ecaceabb,0,cache/models_000404_000407.pt.gz,cache/predictions_000404_000407.pt.gz,1,13.816744694951922
candidate_000406,406,9311406,5070cfd9c768c2e09881d22f2910290a30d7e456bc2ea7a576564352f2e99c20,479e8fe22342460be735cf3c65759e4596ac078cd751acbbc921f7caa00654db,62f28fa9a2f710c5d268edce0b56154cfee58879c9a64786642553c83b9df183,0,cache/models_000404_000407.pt.gz,cache/predictions_000404_000407.pt.gz,2,13.816744694951922
candidate_000407,407,9311407,8efcced6e968b7633dc3ea53cb3f569b5011a738722a66498f4b11e95080fdd2,ccc9814f888c62b606a8238430ac25e346b6ecd7bd7183d3bc649bfdb47d6899,c269f5c9e9647128e3a16fd6aa183c8f7ec7de0e455c8428bc21512b1fc50bf0,0,cache/models_000404_000407.pt.gz,cache/predictions_000404_000407.pt.gz,3,13.816744694951922
candidate_000408,408,9311408,ddde2b8f1d3d9f725af32d1b3b17516eab7dbe3707a0dafbab1da51daf743990,288167b270c0abb0ff3643af78f51fa8265526434fc728bbf606a1d6cb8d8295,0c6b4c29a3b5fe46fe33730cc2e5e665513054d1327da7e6036eccfa736f5a7a,0,cache/models_000408_000411.pt.gz,cache/predictions_000408_000411.pt.gz,0,13.804692380013876
candidate_000409,409,9311409,d90c1d6157e7be17802076ad742f5b90cd3448018b5fed2103c25b2b1ff43a12,f48e1ab699fd1ab9c58cbe4a152c8d8682e98c66b711fb786bb53ade9a3a0fb5,ae503322c2325d408943716e2ca79731d39f369a5f3e24aeff982fb8b35f0832,0,cache/models_000408_000411.pt.gz,cache/predictions_000408_000411.pt.gz,1,13.804692380013876
candidate_000410,410,9311410,3da1b9c8fb394c8cee6778ea61456f9f53316c6896f54b1678c7ad4d7b458c05,d815b3e37a8e4843af8c51e89f3647545f153043dee5940593c5da32a3c08f02,a07ad6c0428efdea4d71661e54396ab5232497ecc37c776b409da880b4fc3fbf,0,cache/models_000408_000411.pt.gz,cache/predictions_000408_000411.pt.gz,2,13.804692380013876
candidate_000411,411,9311411,f2eac14e71428eb2df01fb77b269eb3647b01ef1eaa90a7e64181691f6dc7859,fc3cbb50b53cc10827ba3c68e1dae1cbe17ec4b087aa5cd9b604715e4bbab652,9b6f36c9794701a31c0139e6706c46ca7fb2d1718a5c9ec4fc352d3e29dda5a3,0,cache/models_000408_000411.pt.gz,cache/predictions_000408_000411.pt.gz,3,13.804692380013876
candidate_000412,412,9311412,d102ea0fdb4b92a79c6e6b40b8d063f0d07f10dc57fae5d1486c6493609eeb80,3afb5954b925a32536aafa68e8405c6e0351135a25ae63e39b40affa9a22f20e,606e6eb177d2f295aa105db244bdd7fb6b38abced10c27f157dbcaecd0d67de3,0,cache/models_000412_000415.pt.gz,cache/predictions_000412_000415.pt.gz,0,13.80370234802831
candidate_000413,413,9311413,2078151c0c9695af0f7be852594c70e8093939e859f4e58c76ba741171e63817,e393f3095ba6b316f28e05dc948964cfb09de3aed2903d97f94e3431ce4ca67f,7f0c03e928d4606213ed66f71fd2c8247a76ed02d1c36521c141864301917dbd,0,cache/models_000412_000415.pt.gz,cache/predictions_000412_000415.pt.gz,1,13.80370234802831
candidate_000414,414,9311414,b05d55260ac065a7303cee92661e41a07295f568e97ac1c94f22beab590edef7,13be1a6202115a4487a37325f924e62c7fa16642538db58d924885f720fc9513,dc4bce721d33bb1842b023be5209ee668f0956bbe02202750786b02941b4a0f7,0,cache/models_000412_000415.pt.gz,cache/predictions_000412_000415.pt.gz,2,13.80370234802831
candidate_000415,415,9311415,6327b68a5f9a66cf5ab334b2b7fdf96845499f021baedcff434f8d06e342fd40,f59708b2695d996a35f4f5ac934c44fc0f101495b45477ebc2075db0ba47aba1,439301a58354c75cda36beaa5d115de321d1c8c5d3fadf926a6d3c694f52765d,0,cache/models_000412_000415.pt.gz,cache/predictions_000412_000415.pt.gz,3,13.80370234802831
candidate_000416,416,9311416,b973e6d9e1de7a75d373bad6a597e2fed829ed84398c31fc05392cab531176c2,915e28ee348891950b76f9a0694338192f7de2282e8e1e82d6509b9ad08f54ac,320c04766cc3c62eb2dd188cc32bc37b1be1ab1b6c7e6bb3df2f469a228e526c,0,cache/models_000416_000419.pt.gz,cache/predictions_000416_000419.pt.gz,0,13.810476431041025
candidate_000417,417,9311417,26ecc2d5388290a05b09d107ff1107673b97b2dbb0445d69c30062b2d2612fca,81a036d1152fba091943971830586894992b53d038db8a33f8cc3d7d6f0555a9,38696fbbc2d132452a47820d620a72f18d306530b4c122da65eff9bd8252f7dd,0,cache/models_000416_000419.pt.gz,cache/predictions_000416_000419.pt.gz,1,13.810476431041025
candidate_000418,418,9311418,ba9e72f6ed417ea9839a06d4478ef3beea4ec1f7204cd66fe0aa51d9c835c384,043740f1477e05fe66aa027a76f52fa799ceeacdb4f9e6a555b98e3f73b8a686,596690afd5683d90b2a2ea653bf4b0e8d0733d2ce6346e5bc8f52cc1ffc6f0ae,0,cache/models_000416_000419.pt.gz,cache/predictions_000416_000419.pt.gz,2,13.810476431041025
candidate_000419,419,9311419,c8d101ffd6a0ad3ec594e4264d6f79a1b88da48952aa19e24744c2dfa738df74,1859ecf317f9b9c18c66afbb66f4aabfae5eb59d4830868f643b610e898c4f88,a1c8297e221d334b32d2d87c832c85bf06773a1ff3269fc2f858aaede70ad760,0,cache/models_000416_000419.pt.gz,cache/predictions_000416_000419.pt.gz,3,13.810476431041025
candidate_000420,420,9311420,fb0f662e5bf15038bfd4a076f32fc26d159b8c86446e8421eaed8e994f7cc8eb,301f88c951390e436af21c538d894acc90db7797ac9225aa717a9a4716647395,828b2ce793b160519f8deaaee126baf3ab37361ac843979c2d89c44c3193b9ca,0,cache/models_000420_000423.pt.gz,cache/predictions_000420_000423.pt.gz,0,13.744839567923918
candidate_000421,421,9311421,89524e60a5722cf412efbc462c1a97b307ee0699316e29484f0da329d0523628,b5b20195088b820fcd5d7304905bee081276d3dfe8ce0a9f945d60198f9dd169,f0943e2f0a35ae9d8fccb2b26c542788793e8474f364bb71c2c54ccc433dd1e2,0,cache/models_000420_000423.pt.gz,cache/predictions_000420_000423.pt.gz,1,13.744839567923918
candidate_000422,422,9311422,c8ffac385ba61aeaa118797aab9601b6e4a1a9e28bdd44c96a76309e4514c88f,0f2c37f1d0f515d41d7163a15cd9aad2db2c4cf6ffb29c55903432f1fdb8f2b4,f3387ab77a1fef39886b4cabe1b7265f864b85af34470b63b9cfe3e57d09fefe,0,cache/models_000420_000423.pt.gz,cache/predictions_000420_000423.pt.gz,2,13.744839567923918
candidate_000423,423,9311423,0f9928b7bc3f7d7008a98ebff59dffe3407d844374f9846205ed83fea107f0dd,20f6c31a8b5c239b91e73fec32125d8e12ffb91df594061169531e221f69f6d9,43c04780c5287156af48ea90537c7b516e2b2563d0e189803745d594dee5c0d7,0,cache/models_000420_000423.pt.gz,cache/predictions_000420_000423.pt.gz,3,13.744839567923918
candidate_000424,424,9311424,8f85a901b15f9078682157d722b2ea8bb9ed69721bc8891d63e6aad9aecd6024,161fee75485e5e4631dc542b8608a6edfb8095a15abf56bcf86c689ad59f9fd0,d23a7e5dabea94911f3fe72bbf6e6a6f0dc5f7eab96983a378112b4545f598f3,0,cache/models_000424_000427.pt.gz,cache/predictions_000424_000427.pt.gz,0,13.83761546202004
candidate_000425,425,9311425,9e7b30a04609c908eb1b203b39783e2e3772013bc3899b67a6de5597e7c87a83,0c0cc3b53cd25608d04bc0b0a2d4aa07a7e9d24c6c195542453aeeb81427194e,b33f786166c119336d8e29d1c5863b9726e203cb1fcc9ddab74186ad0065e9cf,0,cache/models_000424_000427.pt.gz,cache/predictions_000424_000427.pt.gz,1,13.83761546202004
candidate_000426,426,9311426,4f35f18269b2ec70eba0b63db17bf1aedef1848a8998da309c525e5c2e4eaedb,10815a13d269fa988c082097e3405e77fb796d339beb867a68a43b6ad9031627,3fa4fee5de6349da7ccdf0efa5b2682a95fda72add3d1147ae411f037e32a1e7,0,cache/models_000424_000427.pt.gz,cache/predictions_000424_000427.pt.gz,2,13.83761546202004
candidate_000427,427,9311427,c193709bab21f559b77f0ab5e75c49b8270957d2b52751a1d34e4eeb52f2806d,3847b9332418e0397a1b3138192eda85cec80c11ec2e55cb0ce13709a377f3a6,5e537034b8aecd8fe61eab782fa4f2813e3240fa94ba4a7bfbb3a228d8617349,0,cache/models_000424_000427.pt.gz,cache/predictions_000424_000427.pt.gz,3,13.83761546202004
candidate_000428,428,9311428,2e8da1a98e0edd18db9c218b58708eb2804853a942d0af641968df5d3480a116,4efe26326531b720ceab488fe6bece103489dd8528c89b844ee7f2366f4a2669,43a8fdbcfbfaba0fa8bcca2a138af238f49dc3385f1951d2ddec3e4b23a5185e,0,cache/models_000428_000431.pt.gz,cache/predictions_000428_000431.pt.gz,0,13.874058615998365
candidate_000429,429,9311429,9ed528641fdbe70734179ac2dbdd3cd82458d2c22b16466971aca419467d6b0f,ac621351e21f613f78c4d2632885172b74f8e4bfd4897addd723683beb681e12,ce97ee06349c94d25ca7404261719e007a80040659862637f24a14b832760e49,0,cache/models_000428_000431.pt.gz,cache/predictions_000428_000431.pt.gz,1,13.874058615998365
candidate_000430,430,9311430,2efd006f84f73a4915d033ee2e1fef38b765fa50e3bd839dc3787ebf5ad0d238,31fd8da82bcc03c6593f8cdcea19d41aedcdb5a4ab6ec99c8e97cddddaa65624,ab9f8c1f577a216a92c190e56ae51fcd924ba7f60e6dd0fb33c55bea58708546,0,cache/models_000428_000431.pt.gz,cache/predictions_000428_000431.pt.gz,2,13.874058615998365
candidate_000431,431,9311431,83e945927745a2ce430f12ad0b13d6fc68f59ca21c3a97bbcb350fff40650e1d,b2312aa6026f18200d4229dcf0c227ade10a5ed79830a094490ed330adb6f370,061429098b602a990cde2edccf0b172d34544e2a0d9b431002767358e426b810,0,cache/models_000428_000431.pt.gz,cache/predictions_000428_000431.pt.gz,3,13.874058615998365
candidate_000432,432,9311432,ef07992f8db4703d79190fbc1f367dbe797dab4ce535e9cb1126abfa432ca361,86dfd8ee1a8df40ed6313fdef8c5fb572d962110fcea40c0d0a10ec98a8e4371,433ea4ca2f13627849e2881ad74ef359eb5cfaf74a9b6162f7e5bb7b95e54f48,0,cache/models_000432_000435.pt.gz,cache/predictions_000432_000435.pt.gz,0,13.886055054026656
candidate_000433,433,9311433,b93a48fb072f30914a48966722d4160c9f7507bd8772503a2550e43e9bf61996,d868eab25e60800527aab93ea134b4790f7aa1ddcc1cd18f3432a0f190c1465d,e86ae3a5229f8d6f0a132d1b917e2af12c38ac79963890d156effdd490ce5e0a,0,cache/models_000432_000435.pt.gz,cache/predictions_000432_000435.pt.gz,1,13.886055054026656
candidate_000434,434,9311434,527bb08711d24f1555278ddc0bb817a8c44b5b893d052008675fda3a61120633,d90eb69304abcf9221186cc4c56b0b291181b647a685f909df69fc5f1a337c4b,0b381f1c6a0fc0783b99cebbae26444807117ecdbcadfe4dd7a116d5b7664296,0,cache/models_000432_000435.pt.gz,cache/predictions_000432_000435.pt.gz,2,13.886055054026656
candidate_000435,435,9311435,c250fa63ca9b8d5867f0b8f7486be1db6313aec04419314e756ecf1a6e8d7881,2f12e469e40cf3f83b924be344ea594bb252175d9a99a9e288fd968d5a5015af,099a0d595415b9dd429bdada40ccc14d89214f0bab69402e0f641d594cce7932,0,cache/models_000432_000435.pt.gz,cache/predictions_000432_000435.pt.gz,3,13.886055054026656
candidate_000436,436,9311436,bf6ea85d6dbcb38a4d6890ee57c9da56738e9eea0d43526e760c12320100737d,74b4fec8b7e9394ff95505d1a706ddf5f718a730f7260360a3e1e94f02a85ca6,a8005e5163147b50b570e9c2240deeeae8cd72973a7ddf9dcf845198718569cc,0,cache/models_000436_000439.pt.gz,cache/predictions_000436_000439.pt.gz,0,13.812810025992803
candidate_000437,437,9311437,0d73c65bd4f00ca59e5f4d2f7fb44db130b036a937c711955e657804d055e85b,3f82396cdb5a7e177d2f0f8e78038736d5dafec104b6fa92d46b1b0a324e57d4,1770e3680605ae9e43c39cffbf120b664578e39b486bccbeac53cc4bb886ba12,0,cache/models_000436_000439.pt.gz,cache/predictions_000436_000439.pt.gz,1,13.812810025992803
candidate_000438,438,9311438,4d65bb685b2382b4b0ecfae9d92904807f84817ada93a149a10b820fef5e902c,65596e7544eef5bcc459ffdf93b7184d6939a21680e8a8231f30110c6341b6f8,52c95d2e126747e33477de77d4b1d9247be80604a5436d7ad1a1bc79d06a68a5,0,cache/models_000436_000439.pt.gz,cache/predictions_000436_000439.pt.gz,2,13.812810025992803
candidate_000439,439,9311439,18dd84d72e05be6b9bb46bed11e316aa6c393fda441b713bbcec594fca4e806b,4ccd47b02cccfc50ec3f6f1bfbdb2ea0df4ba89be81c5becf9c0b1e2d9d10f89,84bd5f2b4ca10b1f13f261833219acf56b02230efb50a85689f58c7f122f3eb1,0,cache/models_000436_000439.pt.gz,cache/predictions_000436_000439.pt.gz,3,13.812810025992803
candidate_000440,440,9311440,7be962abe5c5f15e1f7c32a36f915d912832f3b210facda1b0796c0c81f4b269,1e4f9ae479147bfa4fc0d8629645e4c146b86f17aa0335ff89f02f8bf7fc2447,1437e2ee25eab3821c22d53947b681079e8761727586e2e2c3211c825b192509,0,cache/models_000440_000443.pt.gz,cache/predictions_000440_000443.pt.gz,0,13.909615034004673
candidate_000441,441,9311441,3e459b69d56f1d177075c3f6d4e233a7cc1f2ab58f91959667c276392a4bb809,cf448224f435da1a99cb138ddecfc8b25a9d08dbcef118679566d645f22eee75,fd6d661079d5b8df87890a38fbede41613ed30b667cdd6cfca52547aaf569843,0,cache/models_000440_000443.pt.gz,cache/predictions_000440_000443.pt.gz,1,13.909615034004673
candidate_000442,442,9311442,62e16593b10c428d8c7c65b66694806fcd89886b4e9e191aa66da9256601d384,97895e5049209cbde7f1a8d42ffe64377bc3a7e984a1836171469e22838b2c90,337c2cfeb98c9334cd809ebc4f842d5aeaedfac6b0a5134581705c3cc6878ae3,0,cache/models_000440_000443.pt.gz,cache/predictions_000440_000443.pt.gz,2,13.909615034004673
candidate_000443,443,9311443,c56fbb7f1dfaf3ec61c679c74079ba9db2809d84fcb0b11cae396e5b89de4693,74bd37dab1e6498ccce24c65d67cf0686552f1cf03bc2fd05812022d1aea8423,e4124baee188446502f947b0f449c4b1566d82de697b617f29de0f0858adf826,0,cache/models_000440_000443.pt.gz,cache/predictions_000440_000443.pt.gz,3,13.909615034004673
candidate_000444,444,9311444,8dc8961e1f239f4f50462f92f7ec2f6057772e4357f0c6fb3cd2ab19ef922f44,13ef5c5d151219613971196dfa4cdf4eef3f49a70c38e074477f96a3bf51d9c7,c5f54e0f140eeb0b680302cade0e71d7d98190d4f3bb7437f2484f93110d9f65,0,cache/models_000444_000447.pt.gz,cache/predictions_000444_000447.pt.gz,0,13.870181960985065
candidate_000445,445,9311445,2d535f8f7bcde3fa721a972e63bc95bd5b1d6b2139c39da7864d1427e193216e,0b118579cc9211c0b9957f3a33237a1b024315fe81af401d655fb57e406dc21d,cfbe4b8ee5a4ce30f3a8a3602ea232de35835a2cbef6f20c75d14e5554a31ad6,0,cache/models_000444_000447.pt.gz,cache/predictions_000444_000447.pt.gz,1,13.870181960985065
candidate_000446,446,9311446,5f6b6cb336173babdf83d400d096cff889ef7f142d8714b9b64e02e5b55da5bc,e1cfd78e3c2d03fba9f71c37fd2e84e6553553c17bb90fc38723d3dfbacd86dd,f7abbe4dd91118d9ab39fbc97e7f108e427a877a5c27121f6b231186d87236f1,0,cache/models_000444_000447.pt.gz,cache/predictions_000444_000447.pt.gz,2,13.870181960985065
candidate_000447,447,9311447,7dbd26a729f323a14f737e096f9b7eb9f8dcf696762a7e7e6eb9ba9c85ba90c2,6ef75717cbac7413080544ec654f5050b2c4e54c449a797f8114fc0cfb190cd9,07366e6afbf4eab9ba87d8c4d2d031906fc19a1bbf9ea8cbbf6b972c26f70f86,0,cache/models_000444_000447.pt.gz,cache/predictions_000444_000447.pt.gz,3,13.870181960985065
candidate_000448,448,9311448,707f598a5b3594e384d0c5655e7d03ebb4233599262bad4858d6f7f9e4e175bd,5137b77d1b16c41268e306426edec15ee74484792419b0bcdc061e6917095165,7b56914e7b09e3af890d8e2838dd22cf4d54e00457524b0c3be7d97478be2475,0,cache/models_000448_000451.pt.gz,cache/predictions_000448_000451.pt.gz,0,13.881506574107334
candidate_000449,449,9311449,93e4c27bdec42dd12a7fa802a7ebcf465930d4e7cf260cc9841a317c08465d0c,371969fc453b156ed5cea510b78d90eff8084fee11fe2dc9af58fb30755587af,aeef0c830981cc87d74fe9cbb8d4475f0c812d92628c4420d5724a25f3e3c8b0,0,cache/models_000448_000451.pt.gz,cache/predictions_000448_000451.pt.gz,1,13.881506574107334
candidate_000450,450,9311450,396b808b71be1e028809461f20434e3ab361b34f88e2aec18ac7b4abca8e7221,4af38cd0a7f6236da285527354d4cc16459af58b27216d99eb805a40c3451196,a3f13f773e1091914b0072e834083e7832cf8f06546f979d3ecb3c729f5579b9,0,cache/models_000448_000451.pt.gz,cache/predictions_000448_000451.pt.gz,2,13.881506574107334
candidate_000451,451,9311451,d5f8362c4412e0000b93a66a53468c6bb12caac074f3049083ca23c7dedd502b,342e66e1df278abe8fe30d750957df51679bfbda895a02a4c37171fbcfc4ff75,3d0ca797f3571bf1a9a1e26907f5ab40861a671a1ec9f54587172d237e7af627,0,cache/models_000448_000451.pt.gz,cache/predictions_000448_000451.pt.gz,3,13.881506574107334
candidate_000452,452,9311452,b782e18cf91b22bdcab6cb9f70b4d483a6660cdc1ebd7d594bf0e7740d285bf8,85d98f6a6b1e3b72bab3018269b9a9d9bac5d13ac4c0b1b9966c6f9e29e0e7eb,c6bd8d10e72dc0056c66fcde63cf94fb855323d2f31669175ce3ec38b6c85563,0,cache/models_000452_000455.pt.gz,cache/predictions_000452_000455.pt.gz,0,13.906585959950462
candidate_000453,453,9311453,d6c0b0caf6e705582e0caec7030d3ce1f2a9d4cb6d1bcc4ee966fe7c8a3788e2,fc63f9a849f4660063fe3959ca5fb12cf5e810e75154878d6aba24f9d0ccf2b7,adea82cd686fa4365b52b8da35be04411f087b51cd5b523abe91be151100d27b,0,cache/models_000452_000455.pt.gz,cache/predictions_000452_000455.pt.gz,1,13.906585959950462
candidate_000454,454,9311454,879d18d5d4a5afd63cf3b96726edfe115831d9eb89fcb0f5534da9b9c54ffb39,49e6562c77a64fac49a625f91a5d65e54fb6c84df8c9469d20df77802cd2a083,a15943185515b350c40a80c0a0c800d5ebde7fe023046fab8d00dde32a6c1a16,0,cache/models_000452_000455.pt.gz,cache/predictions_000452_000455.pt.gz,2,13.906585959950462
candidate_000455,455,9311455,45338904f5ee6c692320b46dd34f5448bd53c3d9f49309890a75cc35cc501ee7,99f3336507a5763a761f2bc30e08ca86c5fa3c20e10c3490aa9a45b0a2583da3,40152732714924ec07bda6c8eea0890bf52efe9cb071de2e01614ec252328771,0,cache/models_000452_000455.pt.gz,cache/predictions_000452_000455.pt.gz,3,13.906585959950462
candidate_000456,456,9311456,323a35a7b80acae44b44cf3d65a28fb5a5026faa2a39adefd6218b507198e6e2,67656e8e6d30bcfa5a154d51c864c69f261ced8daf01ea24ec9aa1c08647a46b,382f65844ff73ea86f628b013f71b9525717f999ac9c81557db0cdd4a2c7c642,0,cache/models_000456_000459.pt.gz,cache/predictions_000456_000459.pt.gz,0,13.804045774042606
candidate_000457,457,9311457,8822396837954d05640b2d77b5989d936be8d9776bab96c19af703c8b4e41732,22ea14086911eab65ce7a710bc05a74cca5e8d3b681fbdcc9487e78704ef3fca,10b3823992b7d687c54801b43dedbf914dfd8ac3efc5e787228ed9e1d2d0adee,0,cache/models_000456_000459.pt.gz,cache/predictions_000456_000459.pt.gz,1,13.804045774042606
candidate_000458,458,9311458,16083c3d7165f026b47656fe7ae177ac591759c2ea5e6b9659caeb9e34040e94,a0689675b71389a1e6bd2c3ca442f4dbdc9e1088a0748eecdeba89e3f66469b2,4ee788aa9d14e744397414fea53ca993b925ed4988f5dae686be3890c44dac23,0,cache/models_000456_000459.pt.gz,cache/predictions_000456_000459.pt.gz,2,13.804045774042606
candidate_000459,459,9311459,6b9ba372b2d21b47c23622eae85c1b7b71d60761d58e4844c9deee9c655d50d3,0bc95cd79f8dca1cfe19bce085d4a5d0fa280da4e24aa94f95fbfdacff05addd,80efbf4f4c083913cfb0e7784078807c2dc6590d20bf6626989cfd8de99e1718,0,cache/models_000456_000459.pt.gz,cache/predictions_000456_000459.pt.gz,3,13.804045774042606
candidate_000460,460,9311460,f9ed015e2112b9e6a5f8336012e2fc1a663464142673faeb6474711dc5af0b80,97f12045b37cf6a61d824cddf6f5bff52aab29066705a1b02d8871bf3960acd8,2ed9703292ae460a6956021c949296bcbb892fb1187471e57cd9be3057be479f,0,cache/models_000460_000463.pt.gz,cache/predictions_000460_000463.pt.gz,0,13.835755995009094
candidate_000461,461,9311461,6abd0a52657c276116c76d1b7d7d5f8d63d565d83fbcef731154736cc1f9b740,4f33893df18b82c4d1e836557890ee6e6b14c124b9a88eeb52c5c26a453b0a84,478c8a325cbf31a2750df9dda389f26b7116bd538600d340605667ad6dfe0b16,0,cache/models_000460_000463.pt.gz,cache/predictions_000460_000463.pt.gz,1,13.835755995009094
candidate_000462,462,9311462,d873f99ee5974c44942af807c7811288f8eb1a8b6debc17b7d5978dc72528832,2223bb1932949092632c81ba76d5539c329f256033c6d031d2436bee3c1168b6,7262f6f95e661a8ba2de0bd491be10cba046e13c0e569f7b7db07755010aca20,0,cache/models_000460_000463.pt.gz,cache/predictions_000460_000463.pt.gz,2,13.835755995009094
candidate_000463,463,9311463,aa858e80ee0b27017499546dce44525906cd4eb24d0c8c9fd8085ef4276d66c5,b0aabe6826c8579eeae7373607e07c73f78941477a9960ba6623b4d79459466a,948745795888f2c7656905c65674e86fc9338787ca5f607004b3fb242dd355ba,0,cache/models_000460_000463.pt.gz,cache/predictions_000460_000463.pt.gz,3,13.835755995009094
candidate_000464,464,9311464,5a2d13c637f27da175d29dda5ad6178a7ff5a198a1faaa8b519a8c32531d10d2,f57ea54a36dbac3b38ceed281f4fcd53501dc7d893722944fa1632bc8b6c0944,0a29d8ad2728f8c140913e6771b0de3e6838ce6e19d7a712fbc1f095dcc822dd,0,cache/models_000464_000467.pt.gz,cache/predictions_000464_000467.pt.gz,0,13.860178226022981
candidate_000465,465,9311465,26628b5eb355e1e399a366757fc14a2251494bc867150b652e10a990354c07c8,d85d4231c64e51f95147c2d5f1c7e562338b0f90f894e7b151eb866ee4ee4ceb,11aa701b40513ea186ac49064cda1f49aeca31e79c5b4c7e2faafccc862e63a5,0,cache/models_000464_000467.pt.gz,cache/predictions_000464_000467.pt.gz,1,13.860178226022981
candidate_000466,466,9311466,9a68ac0045399c72dec4b47554c16896eab158d6ed81dfc5d96dbc2ac090896a,2dada77f81493355093d97094a8a98c40f173d538098e9889ba9532f9f749e65,963be004074c04a9263133a7e768dc609773cfde3cfabfbfdc9e72ecc831e7cb,0,cache/models_000464_000467.pt.gz,cache/predictions_000464_000467.pt.gz,2,13.860178226022981
candidate_000467,467,9311467,67af61eca7ac60c2a85a51689de1f97d04b0003400fb757d503ae912b5b7544c,e505dfa1118a6dfbb33a98afdc703613c9e91e9f878a04f480ad3d8db0756a21,70a542d9577c5d84949f9cfc05fd4cc9b7fa0f629e183cb237307d0694cd3c03,0,cache/models_000464_000467.pt.gz,cache/predictions_000464_000467.pt.gz,3,13.860178226022981
candidate_000468,468,9311468,49ca5cbd0320a37739a3e01b426751a3895f360c6c410dd6ddb0126a1210b6eb,194a8cbbb45a13cf241133eb641a4d99879786b13c3f3eb3c16d78855a90cfae,29ac0567b25bb9425362b5267140afd4c243e6e80730ac39d177b7cbfe01074f,0,cache/models_000468_000471.pt.gz,cache/predictions_000468_000471.pt.gz,0,13.797199254040606
candidate_000469,469,9311469,b9b185c7c894f64dc9ca0553164540d564ac7ceba76b9e662e87132f9db5f10b,30cd9b2454452d265a3e643e66a5a8954b93de27e2fcaec5b75ef56d945e0733,e75cc4d5808de1d5adf2c09bb441f4dd47502fb517ce90ad73f2313cf129a2d0,0,cache/models_000468_000471.pt.gz,cache/predictions_000468_000471.pt.gz,1,13.797199254040606
candidate_000470,470,9311470,7f0039327e8296c8df13b3e779a92f6fb9310ec81a0ef61edd734e3198082655,c1eb51782a8b19f49c19b1496e894bdcf93ef5650dc619fbbae0632ada3f490a,c3bfdd679c4fe3a0d09cf351ee30474700735bb2ed3c3523a003aae1117763ff,0,cache/models_000468_000471.pt.gz,cache/predictions_000468_000471.pt.gz,2,13.797199254040606
candidate_000471,471,9311471,e13797552a93fa0c018f1fd9b9e5bff20560072dcc561054400e67a1fba2d56a,e8935c27b436e4eee09a42d7a4bbd3a8a1f053fa27a7f2ca645eba3232e3f3ae,0c0c4813210fcb9c0a9f8cc7851a01fb69b6efae6800e64ed8ba3170f09b86f4,0,cache/models_000468_000471.pt.gz,cache/predictions_000468_000471.pt.gz,3,13.797199254040606
candidate_000472,472,9311472,0e8a3294f09b057a08390f75b192515b1ce2d828cb1fb91a2e4325edd463d931,5c08cbe2ce0e5fa9aab513e050ada268ab6cd56a89ce16108ccdbafc25e2ec9a,ed2081171c5f8651f889c2e1b0753fb1a8306f01c434ee6aee4aa853c1a0de84,0,cache/models_000472_000475.pt.gz,cache/predictions_000472_000475.pt.gz,0,13.810378225054592
candidate_000473,473,9311473,ea0881b03dc6b085ea492305047ce9b1a1c7c3a5fb8c2f105dd75bbefd9a13e3,aea8fb635fd4e32bbe406f914b7e8a0c5b2fdd3db0a75985c418ae9ded5f8a52,f068efbcb2a354f6c68c94024eb3bb7db9cc8b62c50242d25f7c3552e8f617dd,0,cache/models_000472_000475.pt.gz,cache/predictions_000472_000475.pt.gz,1,13.810378225054592
candidate_000474,474,9311474,57b589230f619378cba91ab6e8d7a0f6dd9305af6ef737069dad62e0ef95b33d,4f2e12386b518e1ae31f8025b9844e53e210d541abd2e491b08ec16b1b670df5,e694c12103c3c88548c648c1c63fb90afe8d4c4beef81a8d8d0c71b20665a1ad,0,cache/models_000472_000475.pt.gz,cache/predictions_000472_000475.pt.gz,2,13.810378225054592
candidate_000475,475,9311475,47f3394441cd089f824a239ff3c49f26579eb7a722e7404f492d4d7c6c38bb01,5f7e716c466acbdddedc0c1eb4c566b32dd392e4ad4a006b8a7e587f0c866237,a05ccdd7422385987edd088938ba5fa35c07a4bd3424fdb604c56d0fed2be406,0,cache/models_000472_000475.pt.gz,cache/predictions_000472_000475.pt.gz,3,13.810378225054592
candidate_000476,476,9311476,693bce285a769e8d95b1ba6dad4b27cccc47c66793c629f8c964064b9f0a713f,b05dc5eb400d6664bf823154878f8e91e08c877569e26bc14449b8ce385ac6be,137c3c1adc0693023bd8998e8b35e3c46f4b23921c47ef9750920dc872a5453f,0,cache/models_000476_000479.pt.gz,cache/predictions_000476_000479.pt.gz,0,13.783208756009117
candidate_000477,477,9311477,7adae9b8e1808c9c9ea5f9ece803ecefe96b4f6ad46ad5b6b2503d7cc4a6b66e,33d7ca114ad62a09f6c66f08ac6ef2c1a419eddecd094cf731cb1e55be40f8a6,4d9328aebc56fecdfd726e316dbaf0b512d36c2292b5841c2e6d7034c1404001,0,cache/models_000476_000479.pt.gz,cache/predictions_000476_000479.pt.gz,1,13.783208756009117
candidate_000478,478,9311478,116b5f7c4cf80b41292effc5bcc1c4df8c562619eaef21f7d7a0ac687213929c,d0b232fef5aab4761e1d68f5290c2f2a75f097bae49d0316db534f22d726da05,7bd368c5e017e6d3266b5cd95ac865c00ffe987ae1d38321144be13a7ccd7b20,0,cache/models_000476_000479.pt.gz,cache/predictions_000476_000479.pt.gz,2,13.783208756009117
candidate_000479,479,9311479,d45a121ad98dc72abf68289a5ceafa994fc22e3df1333f3c5c06c9ca4c43395e,a8d8a2c34124e567e4501ae4fc3b98d4943205d7b7606ac7fc14decce416f2da,3b1f1a2f0bd0e5d385721daeef3cbd67207a8802411076781516739fa107e12a,0,cache/models_000476_000479.pt.gz,cache/predictions_000476_000479.pt.gz,3,13.783208756009117
candidate_000480,480,9311480,a21fac850ab8eebd6ffaf25673787047f7496795b05d53da5dafd4ee2bc209c1,79ad16f6d8ea86c0349033a8b03f28dab4abd6b34548cf8523f12a8c7434eacb,ed89d6faf1ee6624ad76326cb7d7c45519bb8cf32120a78c9feb538e25d6e414,0,cache/models_000480_000483.pt.gz,cache/predictions_000480_000483.pt.gz,0,13.752074092044495
candidate_000481,481,9311481,cc7ffac3866bd89cbb4f2fee2df47c42941b3c9a7dbfa473eb9617286ec56cbb,dbe41866760901529105f19b2cded44bfc0fe580e8b4c39c1396e7a2bf8549c0,7f716d3f45284e7ee4f9b115e5bb0f397d9a8766cf83ba16c8111461f60797a5,0,cache/models_000480_000483.pt.gz,cache/predictions_000480_000483.pt.gz,1,13.752074092044495
candidate_000482,482,9311482,d6ee999ada85d24702ae9cd613f3064e6c145557c56309a366e668f27220fcb4,df32fbff4c0a8bd8d2354a9639b4c69e15220142794ade3ee763864bd55ccfb2,962ed28a71062a2ca1a67708f1009f0cf2438ffcefd767b5900b9e4c77ba45b6,0,cache/models_000480_000483.pt.gz,cache/predictions_000480_000483.pt.gz,2,13.752074092044495
candidate_000483,483,9311483,edaa5ad25061209bc566501c20b6b3d45c40418313a1487617acfe052e8672e8,41a035f247c794faf72ed465ac28b0c24fc1c159b9c04c02ac0330474a685ca9,9dabf94e1c4b4c03c117cea41831ebff722a5f787ef1a648335935c7fff603e5,0,cache/models_000480_000483.pt.gz,cache/predictions_000480_000483.pt.gz,3,13.752074092044495
candidate_000484,484,9311484,bbc1f13954cfe32d89afc0b20da4491e425e35480b93b610f953dcee0dafd093,442ba0247342cd9cc733aef5d4123c7431a3bda15cbaa7e9568515a9775d1eab,33830516319f5630fb4eec67b3d3d0736f9234d70e8e0104c368af2c450c2f6f,0,cache/models_000484_000487.pt.gz,cache/predictions_000484_000487.pt.gz,0,13.771173333050683
candidate_000485,485,9311485,9d949f9e92f9e361c114c376e85e7de4d714d35b0f56ab33f1b6167a170fe77a,ae20d638bd2540b0b6b0dbe2d9659633614dc80b1124c8727c806f5be1c5e08f,c763e364acee833f1eb1e45175a360d604ac052fde87f30a3b62c8a0937b1270,0,cache/models_000484_000487.pt.gz,cache/predictions_000484_000487.pt.gz,1,13.771173333050683
candidate_000486,486,9311486,a1e3722b0d5bf67ccd4e3e48227eeb7efaa27b4323f1a1c4900ae574dc110d6c,00eb2be60572bcb26841db562cb8cf1789274910003af2acf39d5a75200f3210,014eeea8c99550b8a7816b15648ec6310277eb785f68bdb3d32d5813b6f32374,0,cache/models_000484_000487.pt.gz,cache/predictions_000484_000487.pt.gz,2,13.771173333050683
candidate_000487,487,9311487,df238196590c20a04beb5df254d4f936669af30a283fd16981b24291d6c36e2b,b23299f269e9cf1b505dbebcc0271c8cdb3482154efb3107759d8cdda8b81a22,b4eb06168ca33e0148e60fab1278b7b9e6e052f92fd99b6845069240a10cf7b5,0,cache/models_000484_000487.pt.gz,cache/predictions_000484_000487.pt.gz,3,13.771173333050683
candidate_000488,488,9311488,05b4946e701ff7e52936f81b9a1bd3cee3d401a7b1dd8d7bcbd32a85a2607f9c,0f1a7a2eae915f895375c73ddb785df8ca5619279d8319d3ac2344c4e26ddc5c,c9301e38fefee2eb1631692619a9c77882d84cd859cb9c40db9ab4453aa7cc46,0,cache/models_000488_000491.pt.gz,cache/predictions_000488_000491.pt.gz,0,13.843709681998007
candidate_000489,489,9311489,2020c57fa23e2f49dbd2c8f89302f7b6c535856133126ba82a8e12df34748db1,8c0c0691bff8d18c61c67f60dfc221f82d4976829b7d2af426d5d8a209d6ecc6,3b5b978c60a3d814cfa2e703f710cba872b96652d90444e36d1ef64d7af0c356,0,cache/models_000488_000491.pt.gz,cache/predictions_000488_000491.pt.gz,1,13.843709681998007
candidate_000490,490,9311490,d060ee312012e4e12beb8e1c3fa57248f05b145800f043800375f7a23cf77d5d,0a215ddac1647079d66d75bcf7ca5898a77130ec751389b7bc49235edc24841c,8a41a55ca0e13083aa604df23ce72622bb078f44283f430c45706c0d08d32272,0,cache/models_000488_000491.pt.gz,cache/predictions_000488_000491.pt.gz,2,13.843709681998007
candidate_000491,491,9311491,90a26bd956848fb7778ff320a12f4c8fcab632d2ee86bd436a55e6f286b9671d,f0ab1af3de4c23e28647f2adbbb02356c761f13fcdacfe6885d59dd31270698c,16d74b70fb90923bca9ed2a984edea3f77e3435f49a210cb6127a702f5d20e08,0,cache/models_000488_000491.pt.gz,cache/predictions_000488_000491.pt.gz,3,13.843709681998007
candidate_000492,492,9311492,ec9b5b8af29fcbf8546739460b032fa0ff8454ebaa180cd7628a061f266cefe6,a3de2aaddc4d0bb52df5def6518a8daf6424cd79dc53bafb7b67e0fccd241ed9,8537acdaa96db34079974ca302ace8ed49263fe45d81dfdd7315dc838789a77e,0,cache/models_000492_000495.pt.gz,cache/predictions_000492_000495.pt.gz,0,13.800218675052747
candidate_000493,493,9311493,d86bf6306e2b6c65bb10a8058ca1a71b9bb60be992d9e48fa8934e6f5d6834a5,6c6aa7ddaeca9a718dce15a2dcd9097ec3287a4e6530b66bf46ea1306e5ba7dc,96f1a6d3b4681aad8aa99b4948037ac11ef2ba6ed74f799b5d314871b0668c49,0,cache/models_000492_000495.pt.gz,cache/predictions_000492_000495.pt.gz,1,13.800218675052747
candidate_000494,494,9311494,a58a821cfe17ffc16f2bf9efc7cb249ba00150e51279eb99b487ec089805611b,64842197f224e2d1fa5ddedc9c3d313d3fcafd1a728416975a0186106730bf4a,2b81da7681fc8f701d073a4e0727a33148f1d378c8e3f1e8ea4e42f91c99ac3c,0,cache/models_000492_000495.pt.gz,cache/predictions_000492_000495.pt.gz,2,13.800218675052747
candidate_000495,495,9311495,b3b76e583ca45fed7af94fe4e553feaff01ee58dcd205b75937ef7dfb48854c0,68cd75e44e41dbf64a051da897791b19435b627a6bc1bb7efe02010f83118fde,021f66002d5bd3d2b13987d2ed54de3f69a5b611c2a37abbe6e522efcf749a5e,0,cache/models_000492_000495.pt.gz,cache/predictions_000492_000495.pt.gz,3,13.800218675052747
candidate_000496,496,9311496,6cb13aa0008edb58f7207a8db758612754b21daf7f9c82446e0b4ea7ffb99255,d65671d8d305f54555ade148843b07d1862223dc9b24e5ac856804a3af330842,3b71ef377ba427ef41a6aed0edb5f5ae18ac04b25a764c7de0d03611f42c53cc,0,cache/models_000496_000499.pt.gz,cache/predictions_000496_000499.pt.gz,0,13.789812706992961
candidate_000497,497,9311497,5ed910ae7aacda78ba7f6f1211808339fa5ffa813c296f8c95c9ff260b75bba2,d932d8c8e2f56d7c877424746aff6c7ec9670b1109b0d173a06eb414c8e9c40f,76510468ee1b3571d401229e26fb9a88a857aede3cba25d3afeccc5ab50f3dee,0,cache/models_000496_000499.pt.gz,cache/predictions_000496_000499.pt.gz,1,13.789812706992961
candidate_000498,498,9311498,ef7d6b0defe399504256b9293983872d9903a1ab9269c3d18e1622ef4165b437,9790dd40318475550511a54bc87519f37bfb84640d91a4e5b9e6a2917e4590a2,52c641753f4549914695fafe482ca0d453d5186ff63d3999b8af5b74f91fd3cb,0,cache/models_000496_000499.pt.gz,cache/predictions_000496_000499.pt.gz,2,13.789812706992961
candidate_000499,499,9311499,86f125a5018f462d116378ab224f37d979acd53a3c4f48e88fb4bcc73aa7c7f0,276248b3563bfc457cf384ea082663aa7585f6fd84f4d3646d4847481aed581f,1e9df856b9c1341e6aa9a5b0e9672a408432d1b133677513438fdab4bf7557d8,0,cache/models_000496_000499.pt.gz,cache/predictions_000496_000499.pt.gz,3,13.789812706992961
candidate_000500,500,9311500,119803928ce6832d84f4e76d5f818da6cfd18f6bdf0bd2aa2d76625fee7fa938,ac97ccc8fa9aea0a10766324d151e524fb745c9f49cfae5ecf7cd1324015e441,31408dc90f5c50bf71a6d0b24e42bfa7fd502e72e658b10760b4325f06746f21,0,cache/models_000500_000503.pt.gz,cache/predictions_000500_000503.pt.gz,0,13.837868682923727
candidate_000501,501,9311501,0532db178a6af02995b881f739f3579e04937fe2b59547dd7dab976861f5fb47,1a545cf621158b7de3faf4d8571e566ff525c3247fcc758e734abcd8c7f143e8,71eb21238ce044514b91a18616387e55f8f65faecb712da18f7e72b26b04ec05,0,cache/models_000500_000503.pt.gz,cache/predictions_000500_000503.pt.gz,1,13.837868682923727
candidate_000502,502,9311502,a6bd7022372ae6fce97db66558dfd0d2acd1885c4e0a4dea4a2b39ab0f279958,ba7b67aeb7f73175be5cdc606742a62679ffab1fa30bc65ec433a419214275cb,c196138dd87735f9fffc87cfdf0e85362c4fd6832f3f902eec2ad1f997890f67,0,cache/models_000500_000503.pt.gz,cache/predictions_000500_000503.pt.gz,2,13.837868682923727
candidate_000503,503,9311503,4acc3b0d77cad3ebccfd1ef94981cbe9eddad3b9d1b8c4fb36d06ec35411c194,bdcf10ccb87fb4f0725d43f6befa731350bdff8d1fa40881b8c22c8652a8fe93,5076370a17e1c3706e2d545e88120735139b41fa584bbc1a47545bae27d92ec1,0,cache/models_000500_000503.pt.gz,cache/predictions_000500_000503.pt.gz,3,13.837868682923727
candidate_000504,504,9311504,1cf17ec4485d2fecf7551e2e06cf13792f607f43c271e4bb235981929392887e,2efb66830a8cb32e98b4b39f711ae4918fe777ed240b02def8037cc8fbae7b12,19c681eaa3161178c725d7354326e047ff0ce303a0150315897d721d8a6349c1,0,cache/models_000504_000507.pt.gz,cache/predictions_000504_000507.pt.gz,0,13.834579665097408
candidate_000505,505,9311505,33be210606a89f8f0b72e8b1b68ba7c7a820ed9f13762f38ed1f3d1add20719e,b9b217318da01d38c9b1df4c46a313834401579c4425e225d955a52e78af41f8,c9f773de94914fe66a59831ce46640890ee8087a86c594e2d8aaff7f5fde8de8,0,cache/models_000504_000507.pt.gz,cache/predictions_000504_000507.pt.gz,1,13.834579665097408
candidate_000506,506,9311506,9912c4ab6c1d976d93f26d659809ebd1e20f01eb719cb7c65f4d248fce6c9291,230fe5ae7c32a4517681336c3bbeaa15df335e5bdfe8e21c88f9944ebf47a842,39eaa3da0408641bafeb87c29ceef92f47c073400c8ae151fae89b4d2de688d0,0,cache/models_000504_000507.pt.gz,cache/predictions_000504_000507.pt.gz,2,13.834579665097408
candidate_000507,507,9311507,a2c3570213156eeccd0201704613bc310b994bfa860a23ccc631fd7a2c583908,b52a7b83a01b4e4bed5828b09e46182447fa760820d7c1f1cbcd0f49a29c539c,01caa4f936b283034fd66ec1eaaf783e21f2300becbc6e32f30fc9adc98da287,0,cache/models_000504_000507.pt.gz,cache/predictions_000504_000507.pt.gz,3,13.834579665097408
candidate_000508,508,9311508,953d79b0fa362792a37a00e2ea000b5de76024a5f592011f24528e4aed62a1a7,6c6cefba5932565b80dd7645d766548f085d506aef2b2f784da559f3d48a5449,2096e278e0bccef75a80d9fc35016956f8dd3cf817cb68a052dfbd07564187d4,0,cache/models_000508_000511.pt.gz,cache/predictions_000508_000511.pt.gz,0,13.861292295972817
candidate_000509,509,9311509,7e78b8cb8115cc60e0bca585c99323636871831681812a81d7445a4e1ec89194,eef8c11ed0152b65741f1421ff19cc107c429d82baf540bbf0c67edef8a7899a,86aeeb6e12fb233db5f3ff93e149f7cf9bbf1f94f9259488eb62b46f07a19971,0,cache/models_000508_000511.pt.gz,cache/predictions_000508_000511.pt.gz,1,13.861292295972817
candidate_000510,510,9311510,54581d6ab2fd0ce7a890d8d8fba9d449aff2f8c5ab8f5305e1d182a558d68987,1471135f0f38da390c79ef891237ca341a0e20496b4dde302b6f55d3abb3cce4,77052af1dd5b44f014c1dc7b557f2a0ff82c0e2936fdf92e11307ad201626477,0,cache/models_000508_000511.pt.gz,cache/predictions_000508_000511.pt.gz,2,13.861292295972817
candidate_000511,511,9311511,9eb481e681c527c903ef55166db4034ec7a0f37a8c5c28126befefd7135ee715,f5a580e6ef3372130ca0753c8941578703ede901aaef890d956530f30550b1b2,af7071392d1676f7b62ea57a8b85bf5f89b3e779ba038a101ce0b7d4f0b2cddc,0,cache/models_000508_000511.pt.gz,cache/predictions_000508_000511.pt.gz,3,13.861292295972817
candidate_000512,512,9311512,9531dd7282a494eede5cc69b5a6c8d163678c97809326dc09685388cc9160d22,ce2377a31ce586c66c4365181cb3b33f2fde406977932737fe6783505ca5990c,a8e350a9b527e152d8bb3f0d0decd4a7d577c3e8ff779562c9baa9c99eaaec12,0,cache/models_000512_000515.pt.gz,cache/predictions_000512_000515.pt.gz,0,13.818938776967116
candidate_000513,513,9311513,bf57f3ee3a1b2d8ab249bcde9a6399ad66b7bd216189f880f616eb572973fca5,f6fa190859ccc3e12f1e9ce17724eb90d1cdccdb4c74e01ff601a3bb215d90a8,063265401da6feab914c2151ac0b4ff9c038a47d56c17cad42d8ac829ecb1997,0,cache/models_000512_000515.pt.gz,cache/predictions_000512_000515.pt.gz,1,13.818938776967116
candidate_000514,514,9311514,3b031d57494c6096f430013ba63c7a87f453f84ad4cd5558316a99c9cb43c380,221ecea496614b0586d7f64f9e787f72f7af1f7c2df367059d2dca2cd17fbd9f,fa23c3d9e8facf95ba3866205b286fd7911a71cf86ab2062550c238c4611e527,0,cache/models_000512_000515.pt.gz,cache/predictions_000512_000515.pt.gz,2,13.818938776967116
candidate_000515,515,9311515,ace577259d5997a057c95b46a507f9249bcbb71b5af2266ec8391c5c96565b72,093a70551ee71f5fadb571522f7567cf103ffea7e20514c66005e3d0a4da9feb,d86a79eb45c0b697ec257faea167125b93d801516209af9d012a1569d177a738,0,cache/models_000512_000515.pt.gz,cache/predictions_000512_000515.pt.gz,3,13.818938776967116
candidate_000516,516,9311516,e3c7d8887576caae8115c95ea433ad1b9f47f9fc783e11385a1a8bd6f2cb2531,b0f87817107b7629f9d4740b6c27df4d19ef6c9d67a233fbd004ed116e571dbd,6923895dc1708f0675e34e95b233b5dbd651a9e73f18d056b189ab2e25780b90,0,cache/models_000516_000519.pt.gz,cache/predictions_000516_000519.pt.gz,0,13.834648635005578
candidate_000517,517,9311517,4d2b828102044427eacaaa9fd0dd3341858b8793cb3261eaf91fd69560ffba90,e0b191c8b03fa6ac6569fcfacfb6facad04134a9d76d66a20ca1a33d91f2a58f,bba60237a456a4700c9dd6bfe45824db95f802b5e236071c7cf5110d36b57102,0,cache/models_000516_000519.pt.gz,cache/predictions_000516_000519.pt.gz,1,13.834648635005578
candidate_000518,518,9311518,334626222184553bdf808a694654fc829b708a2b1ead59255256fb7c7f499099,751b3f9134d2b725fad232aa73384b43473e7cc4edfd7359a63c57fa455a423a,271fd99a2c42e4a8ba1393c13fd72a036f753254cca55095e0e91f87e2ba30af,0,cache/models_000516_000519.pt.gz,cache/predictions_000516_000519.pt.gz,2,13.834648635005578
candidate_000519,519,9311519,2df8d4b1ded512f8da3bebab36bc211a709f50a4f3fb6029eb04f8dbb7163ffb,3ffeaa08502a1e62483dad9125481c3a7dd83035db048653bdd6eacd02576f2d,37635227508c7154c56704878013d04d4882f9904744bed6e51facf801d5ca76,0,cache/models_000516_000519.pt.gz,cache/predictions_000516_000519.pt.gz,3,13.834648635005578
candidate_000520,520,9311520,fea5f9724db258b4134660c1a09ade0101c3579fe737cb62d3f6e2d4eeb9ece3,8197ff060d911f416240c190863bdebc09d36dbe2566dda432045a48170a3cb1,0a4e4ecb2d1fe095bca6d7bcaa68634d89c33c120c1c0dccab844aae71b640d6,0,cache/models_000520_000523.pt.gz,cache/predictions_000520_000523.pt.gz,0,13.778412153944373
candidate_000521,521,9311521,a48f8660077099b8d3afd0a4d2ca3d0b9dc77beec98924821b0413e3186f04ee,2bebf23c3da2ce665b35cf8f8bb633492cf2b5b91b9ea2ed0517530b8feab457,65ce288bc6f331868e3f4b00614b4e93ed8fcd3bd7f5b9c12aca2faeac20f5f5,0,cache/models_000520_000523.pt.gz,cache/predictions_000520_000523.pt.gz,1,13.778412153944373
candidate_000522,522,9311522,af2296a7d76efd260f38d2e8900d5093b1a6a326c9701184c3df532ceb2f1dd1,2154f65f5fe6ebba601e871ac236bc6b3d9f1b519ad4189fcb53aba6d5a832e2,99108d888f3bc28695c9285854210b39a79ba1a917d2d930eb08712cad06a38b,0,cache/models_000520_000523.pt.gz,cache/predictions_000520_000523.pt.gz,2,13.778412153944373
candidate_000523,523,9311523,60c06d128091a328380bce2a68cc49df4f582b2a1ff2ae40f0d370f07bbc2b04,a960f8def655a8bfc73bbb5719a85c8a6fb2b213bd4f3aa3d48eeabb95ec79f1,0c7fd31dfbdbe4da35fbcbbf06153ce8bd6ed029bc4fdb9862b082d42f5eb4b2,0,cache/models_000520_000523.pt.gz,cache/predictions_000520_000523.pt.gz,3,13.778412153944373
candidate_000524,524,9311524,120a4370dbd82eb162a67ca9f7fc461347ecd91521f6bb43626af28baa37de52,3077fc95427a9928eb453da8aead355d61fa32efa3c3355c0c8b46c779431d3a,3d12ed94f19bdd0e9bee3f1beeab791cc9414193623e72dde9ba8bf36e0233d8,0,cache/models_000524_000527.pt.gz,cache/predictions_000524_000527.pt.gz,0,13.802347598946653
candidate_000525,525,9311525,ad93c5b9b3b6c9b2457abfe6cbcc548ad57bc477497d60445952206451f8b289,d76c0997e3e145fe5babc03dc5669864dfa2b495e0d53eacd54d0a41d1e3c14a,43d02947716cd21c27ad3aae72b46a4d6c94a76cce3b7f9b9ee1e464901d585a,0,cache/models_000524_000527.pt.gz,cache/predictions_000524_000527.pt.gz,1,13.802347598946653
candidate_000526,526,9311526,d4b6167711b944348ab6c0450c152cc3cd5fce4dc6570ef7ea976ef6cf58755a,c356953e0d111877d1a41ec8a16caf64f97f6205e8eff8d1a43ffff2bffc7cf7,472fca90d13fe8398c94d4702f55d3538723bce500106e67d9cf5757f166d540,0,cache/models_000524_000527.pt.gz,cache/predictions_000524_000527.pt.gz,2,13.802347598946653
candidate_000527,527,9311527,61b7ff9488ea4f83f3006ca6fbf44297c0989917397085900078d426b0bf6716,e5806480d36942c4604d12fa38c48e07ba25295137c6f92b2c382265c5851744,54433325b8b674c4080138fda888be568e27ab7c4672589edf538563755cbe2a,0,cache/models_000524_000527.pt.gz,cache/predictions_000524_000527.pt.gz,3,13.802347598946653
candidate_000528,528,9311528,558c1bb101a729d46e0ffd811d52fd3b9b8fc23f1605599612d7e78c0eb8e142,6faeeaf0d5dc9612f6b027c149fad95496ed2a58c51260c9ce4c45dc8edf3aa0,ad2df91930318735bd0ca97e7af75fc4c28ae8b738aedaabc03405228f32c1a0,0,cache/models_000528_000531.pt.gz,cache/predictions_000528_000531.pt.gz,0,13.885669514071196
candidate_000529,529,9311529,094656c81c3f5cafa2f77cc8d68a21c0265160850f7b94cf87a97ed3a6a84f23,7d2626e025af77b83a40d8863bd26a3f0eae0c3bbee5f6ba76a45b13e2976775,30172ab079558a5fb94ba13565b79c9632dc187a73020922eb3a99ff61f0c3de,0,cache/models_000528_000531.pt.gz,cache/predictions_000528_000531.pt.gz,1,13.885669514071196
candidate_000530,530,9311530,421b7caec015b3d31382f70050e8d7bcc8514c70a085a9825c231170a4c4018e,a57eaea47f500c68faf9427a8cb7958ee910f4a81c26a9cf7cd9dc85666052e4,e3175259aa3eee5d1c0e991846789dc04aa5e9284203c33c88e9fd13c0f017e5,0,cache/models_000528_000531.pt.gz,cache/predictions_000528_000531.pt.gz,2,13.885669514071196
candidate_000531,531,9311531,2e2a6aeed0b8055a372d9575488a64a418d73e3a9ccc3016ec598bf5b00c820e,ba487a4657723839f29b6d7532c5351f6fda0d819a0bac19fd3303447474d1b1,c5a0275a879500b98130d52bdaa8cd1d3bbcc45157d5558111f9c33e46898b87,0,cache/models_000528_000531.pt.gz,cache/predictions_000528_000531.pt.gz,3,13.885669514071196
candidate_000532,532,9311532,9737f5feb82266d28037f10608ea36849ae74a26d4828091b5fd4f7c20a7ade2,6bb923c7c09ed6574c7102e4d43d5a7fdb95a237a1569f40225104d7b2df1a8e,c403c2cc57b079c2321584d7efcc63e3dfe6baf664642664423ae60aabcd7ea9,0,cache/models_000532_000535.pt.gz,cache/predictions_000532_000535.pt.gz,0,13.78374388301745
candidate_000533,533,9311533,004f63856212f3f3b927341d6b2658ce3197bb734309bf7eb79e216435440076,73222b580474bdb60be3986f641c825a961b41b6eba2e754a714e13151ead7c6,6d3ec58566ce75e44f68c23514986948636e9c3bd83883f3cd04ac7b2feaac02,0,cache/models_000532_000535.pt.gz,cache/predictions_000532_000535.pt.gz,1,13.78374388301745
candidate_000534,534,9311534,5e384c02e98dc7c60e17461a1231ffd631128020ea1068628a21ca90ec8e0f28,792b0e2f01d4edddcf1269a4c3198b64956ecbd8b34cd43a10c475d1e9dbec3d,6f597038bc0be5506fecd49f6538614b894ee37ad65744b564e52d1eee598b0b,0,cache/models_000532_000535.pt.gz,cache/predictions_000532_000535.pt.gz,2,13.78374388301745
candidate_000535,535,9311535,206a1c64f5639074b463ecf43b03200695f528f1130a3ea37675205cf9ac2da0,46c5f76b06e003a7841dc7e2013a14cae68ecf52cbf06344c1b43edaa44218a7,85b7dfd3d8f6066718f4a4c0fc6b0e1ce456977460c724e44b1c92125a7beebe,0,cache/models_000532_000535.pt.gz,cache/predictions_000532_000535.pt.gz,3,13.78374388301745
candidate_000536,536,9311536,1d075b4156cbf2c19d837831500968eacb79681223b28d682639e6b796d17fcc,e000d9a89722102fe0ba4da29a72691a2652d9178b6e1eb1182c406138981298,cfbfedeb0b3467a5ecf9c06ffc75b554efc98d6921dc54e349410b753f6eb409,0,cache/models_000536_000539.pt.gz,cache/predictions_000536_000539.pt.gz,0,13.802346805925481
candidate_000537,537,9311537,f346f685d7f8130be77b12db0b11e2b379260edc80a37ca7008233a69d47d459,88af07547bbbf488b67552779582a0095378bef1034428c0c2695a8d9b2cb635,fa294c5b663cc2326d13ae348485931829ac3af69f494a5f3161232686262ffe,0,cache/models_000536_000539.pt.gz,cache/predictions_000536_000539.pt.gz,1,13.802346805925481
candidate_000538,538,9311538,f259b24dddc8d668770b6fa169cf50f2f6da02faf7ed37abea1d8e9f931dd7b9,13caec6063713c17de09f9c473387231e4fc0e7b9cd6e86e6a9558c88835e181,ea83c5383e917791605d4dfc9b1c9d56c58c75678073eada0072e2b02fccedc7,0,cache/models_000536_000539.pt.gz,cache/predictions_000536_000539.pt.gz,2,13.802346805925481
candidate_000539,539,9311539,bec786a8538c89a8d840b6e7a1b6ad01b2857808c10701d2f5c779adcd4b0577,9f2caddf0ad7987bbd36b7af8eb99382a46826fc14ad85fc4a30188d9b5093d8,db91918de2f64fef0a64b6c826ba14215692af595b1ff1997321882f81429ff3,0,cache/models_000536_000539.pt.gz,cache/predictions_000536_000539.pt.gz,3,13.802346805925481
candidate_000540,540,9311540,0510487ba7602b5cbac12a2e5dd94e75aec6eb1745b7069d4411c87db2944d04,f8ac04bcf9227e5966d9239c3dced9953df993b95903abeeb0b0edf495aa7d18,a9863e3707837c009d91c03a0d60b9898f9012712d5a697246a7a107e841a39d,0,cache/models_000540_000543.pt.gz,cache/predictions_000540_000543.pt.gz,0,13.762594319996424
candidate_000541,541,9311541,257eb76bf31199af6f9b980922c07fe907382e12908fc61b4cf04361edda5603,8e21309b0b5c6d1709a7a61854b276752e372627122d56244c7a82bfd418de18,3f2092906e189079ca1680a1ca1d924b2c2cc267ad31c51a357c14db5b1de72a,0,cache/models_000540_000543.pt.gz,cache/predictions_000540_000543.pt.gz,1,13.762594319996424
candidate_000542,542,9311542,68d73f1d817be2c3830cf361ba4527830ad8a1868bbeedcd0ebda03205c97805,e7a60e725fc42c902d43cde2d546282980bd02fc813f1956076532ccf8cecdcc,26412dbda48f25cb51265031be6f3be49f4552ecafa5dcf4d4b42e2a00743bc5,0,cache/models_000540_000543.pt.gz,cache/predictions_000540_000543.pt.gz,2,13.762594319996424
candidate_000543,543,9311543,f9e50ddcc5264fb0c3b2a56cc9a3458ffb2ab1a359898805684b98bf9d0d9fef,d69501bb6ebcf7c8c47691088f480a8697c8d52b109079033d0f6e1fb3e1f1f5,c6f419cbff60ab89d3cdb584e92af1ea2c88fa2ec7ad32c924acdd6ed028200c,0,cache/models_000540_000543.pt.gz,cache/predictions_000540_000543.pt.gz,3,13.762594319996424
candidate_000544,544,9311544,abc4366336c86500f50be483ea1f2a15557cbfc0ec7761b8aa3a280374b04541,64d93e87315e9b1de9ef3b4c1a1c4a3024d83eeb25d40ab5788e7e24e641fdb8,2699d6931d973afd04588553ee624128b8974862d8de35e63e3841c677aaadfc,0,cache/models_000544_000547.pt.gz,cache/predictions_000544_000547.pt.gz,0,13.80003369296901
candidate_000545,545,9311545,ad2bc012713eb64d04ae013ca3f586beb67ef9795a76f99aca9336b2ff6095ee,a06fda17e72f2a8cabfeab09b6c3c8dc08b5d81f1d955238808bc234a1b82d1b,c7446318dd3d219cf58ba6f54c5773b4746a314c1a06fb4dae03aef771664eda,0,cache/models_000544_000547.pt.gz,cache/predictions_000544_000547.pt.gz,1,13.80003369296901
candidate_000546,546,9311546,abc1fe9038b3fa9add8071cf05b56315b700dc0c3235cf422e6a32295648fcdf,0fd673e93dc5038bd2db30920158604f6f1b67dbcc92f5fa346b5884a42191d7,21aed06254c59d14e56e6e0ca6b40c06200ceb230c6ffcf81f74e7666d344715,0,cache/models_000544_000547.pt.gz,cache/predictions_000544_000547.pt.gz,2,13.80003369296901
candidate_000547,547,9311547,30f4f4885a3286e5053bdf6d654ee2fd046fc37f79c2a243cc60741b63aff414,23f767c97951ce9ae5e4336e70b01f4f51fb68e7d3fccf207ee86ad4b2bf0950,404dd0bdbf1df4eff21e4338d94f4fd8646fbc1374966e320b9abf22eacf26d5,0,cache/models_000544_000547.pt.gz,cache/predictions_000544_000547.pt.gz,3,13.80003369296901
candidate_000548,548,9311548,1b43f33fd358f4af993c59675cb44faecefde3725489dd4174ab209920c363bd,0a73d0ca46794235333f4692c59df49a6ba5bc71144a9af70a80a188456e5f58,5621c675bbb2ce5d162e7ba7a2ae6a861d300662208f5a49b6ea36cd1c87a338,0,cache/models_000548_000551.pt.gz,cache/predictions_000548_000551.pt.gz,0,13.800241373013705
candidate_000549,549,9311549,d1b9e4386fb34a25ec27a8a43a98e6adb45da1d6b00105fb6e2a5e7d3576c37f,fd89581537c647e6a7fd3ec064f0305c9e6daee9c47fdca9486b650dcbcd7bb3,fb2128253b5d577fff7cd582532199e28df7f7d0703825658d8ba9cdcb209bc6,0,cache/models_000548_000551.pt.gz,cache/predictions_000548_000551.pt.gz,1,13.800241373013705
candidate_000550,550,9311550,44898a5ed49ee40f33218bc3798e316615f33d3d27510f4673dc30177853dbb5,318b0754a49e69bfcd9bf8cc1077dc6cab3f279c576e18e73291cc94ac3d8f78,64dab2ba7ffc6f3a4156e5a14cb5f3e99ada03b18f1f0d90f4a3ca5fa2d76aad,0,cache/models_000548_000551.pt.gz,cache/predictions_000548_000551.pt.gz,2,13.800241373013705
candidate_000551,551,9311551,7f7f5ab259f7a5da23060b1d922f258a971ce1dd1f4038a167792be8722c0a33,e7ab59689602fda894d04cf2916d2c2b85e561b840ea5289d98dc5aa06870752,2bf1f9983f5188be10b8554ebbcb4699663be720383854cd9c429d6ce397618e,0,cache/models_000548_000551.pt.gz,cache/predictions_000548_000551.pt.gz,3,13.800241373013705
candidate_000552,552,9311552,1047b3f5e06b1671a66b96f8f27cadd0ebf7bfe1ebbe0c340ab0ee27bbdbdf89,93c921ac5973f54ca4476572aa008c568662892cbf937ed8dd6ce78bfa12a37d,512f664bc38fb4a85ed388c2fcb146348f04e1ad5a2decfd073b0488ec738c8f,0,cache/models_000552_000555.pt.gz,cache/predictions_000552_000555.pt.gz,0,13.83538430603221
candidate_000553,553,9311553,c9854298ced77bcbd52c8a1bacd72d22946832846fc8f74390338464fb918c7c,ae3b2a6e807203cb7b1c74d389b363d1993c29c30702a15c5226d3f23e317d64,3d31560f13ce1229b81670a4c9e1d52722fd2b3767ea5d13d305c9dbb798a743,0,cache/models_000552_000555.pt.gz,cache/predictions_000552_000555.pt.gz,1,13.83538430603221
candidate_000554,554,9311554,77ba9811942851973ed39855d7df25e1434357a312e6dd5873e1b38cfd61eabd,719057d2d690eb19b131a5f8893d69ddc3835064406ef30d6a945d2e307295e8,ff3a0acda60ac8b57523bcfcc9f18497ab9c29d9ce7fdd608e7150376c4b15bd,0,cache/models_000552_000555.pt.gz,cache/predictions_000552_000555.pt.gz,2,13.83538430603221
candidate_000555,555,9311555,ce2e73e5cd7f7f187fa2842690337d64968609b605c0fcd80071d4d2df6185a4,7572e37a949472b3a9fdb29431658438925dc4473e7d30e1a4393ab122f31546,9f7b1d6a719d4da432340ab34f2793e4113c4f6e2ecfafe0ca7a0f0ece060840,0,cache/models_000552_000555.pt.gz,cache/predictions_000552_000555.pt.gz,3,13.83538430603221
candidate_000556,556,9311556,a0023f9831c0df0a95ed021848ff92a0337e801ff771622a1e0dc3d16f7ae953,1f1f9c4a3cbe8c87e91cc6965f42e34bc76f36db0f85c9fa7a8a52e00ee6a370,5e3910f0cc218a84fcf4a0579481061dfb16f37c9ab86c1f98de8de8a670cdef,0,cache/models_000556_000559.pt.gz,cache/predictions_000556_000559.pt.gz,0,13.789461412001401
candidate_000557,557,9311557,11b59896082533525834d942b49769dc3bb8d293cae02331ed642a9d7eef7b5b,c205a80449d4edcf5eeafa6886a8b628864e84bd826f7d35ff6deb5db761481a,162a94919767bcb160164e44424159eda3a11fdb927261e0697430b48cb0ca06,0,cache/models_000556_000559.pt.gz,cache/predictions_000556_000559.pt.gz,1,13.789461412001401
candidate_000558,558,9311558,17e5492146100ebc51f2146565c7a563a59f3da22a3cf030427b3129c092d4ed,aa19af92a607d4b7ea39e080cb082f348a500f52015cddff7430d961054c33e8,ce58003d930506777542c1af36e65e7473f41bd61ec54e36c2705d59459d50f3,0,cache/models_000556_000559.pt.gz,cache/predictions_000556_000559.pt.gz,2,13.789461412001401
candidate_000559,559,9311559,7b7f797bbc3e54995cf6913e9ef40a4fbf94b96c6a3b4db15afe3885dd0ee3a4,4c06086576e8d78e7b53d553b1b2c0a29063af423f13acce388f664066f0f522,6cb90211606a2b57767d8d69abba642e6840df317d7fb32da848aac4c4078b44,0,cache/models_000556_000559.pt.gz,cache/predictions_000556_000559.pt.gz,3,13.789461412001401
candidate_000560,560,9311560,af7918178ef84b9bf07af72d2d397b972323b48201f5d92ecd06d348a74cbc9c,397c46803e50212c4bc6a91c1902cb707fd480dfc43f5ceb319db0437613cfb3,42c60dc19bc0a82b5b7b89a0359375a193e1f53c02b06e4065106e5500e0f6e7,0,cache/models_000560_000563.pt.gz,cache/predictions_000560_000563.pt.gz,0,13.79461794695817
candidate_000561,561,9311561,5726faa9a7c30b08797dee51d26048dd61615a0fe42563ef0e3545846b300eae,8369092a6435fb0054236315220084b0a38c26308c04f8690706f43b501e910b,ec16a9405deaa6255e999bc8c7d71069f99b6ee519e703b13cf3fa6adbb87887,0,cache/models_000560_000563.pt.gz,cache/predictions_000560_000563.pt.gz,1,13.79461794695817
candidate_000562,562,9311562,8f8889e671fd601646974d87e92db7906952234a6d11e3d71e2735537fe54c08,69429c8daffd1af88c7995c4e61f7542a37edf3d58653a144afa6a3e76c23d78,f5d7d135be002ca2b7c967f97b41d8d99c38c5c56b973111949a4e7a30d59b8a,0,cache/models_000560_000563.pt.gz,cache/predictions_000560_000563.pt.gz,2,13.79461794695817
candidate_000563,563,9311563,b71ae6d3607ed29e2cd2a0ae1c391daa668ff29b2a8c1680240a5e322738b06c,cfd82131192ad1c470651f15c35456076bbd4e79e760fd58da4c81f36616201b,32bbc0fced81bc2e21195475f87f6690381d5d6f57293efcd5515a68446c93f2,0,cache/models_000560_000563.pt.gz,cache/predictions_000560_000563.pt.gz,3,13.79461794695817
candidate_000564,564,9311564,00084f1c938ce8631b1d3374f2784f88a2842339b0f0b2c371f81148bffcb36f,547124aa322ace328fe3520e7fa2486089f676b973d126c6a900523d8ddd70ef,e6bd8e0710889aac7072d1b6e21e9ba2661f41e530111e6547624bde997b7ef9,0,cache/models_000564_000567.pt.gz,cache/predictions_000564_000567.pt.gz,0,13.812735126004554
candidate_000565,565,9311565,4f3259368d140827ddabad3fe82638f5f35bf5108b873c8f4a491864f6c6bf87,d51bad8706a0604d25532a5d3c9d1c88ea487163fbd06bef843341ffd1ab486d,835230109c9300870b70d27d30298ab2caf2c1e579253ac7850e8c3678eb6468,0,cache/models_000564_000567.pt.gz,cache/predictions_000564_000567.pt.gz,1,13.812735126004554
candidate_000566,566,9311566,ee5daa5307d3c457d145e9d7fefaf275380699758c79442813c3f2cfc557febf,f18e101f5b33fb3a087f80e8740c0935724c8060509228d22bc188050047ebb0,2c20ba4f0a59e98b77a011153423af508de7a270a092b55d33b889cf8a0e08db,0,cache/models_000564_000567.pt.gz,cache/predictions_000564_000567.pt.gz,2,13.812735126004554
candidate_000567,567,9311567,c716eaf2d2e1030853dc5afab8f1a62b65489f31c53f73501aa2caf59640d6e0,ab38afd175446686eea13dd7654eff08648aae8748fb14fcb72b7f0bc62c71b1,41ffb858a8675ce6b9dbac0c8d7647b8862ac012519682da3f8e9eec4ac118cd,0,cache/models_000564_000567.pt.gz,cache/predictions_000564_000567.pt.gz,3,13.812735126004554
candidate_000568,568,9311568,78c345fc02ea20033d1a48ef61ece37d9fd808561bd9f8ab26a10eddeb475756,cad93d25a40ce35af9760c9cc0c151df001b562980ed1ee6b19efe15ab326f74,6372e65305c09c86cd3750be59cfba566babeece5a7a33861134428084b785ba,0,cache/models_000568_000571.pt.gz,cache/predictions_000568_000571.pt.gz,0,13.811564552015625
candidate_000569,569,9311569,807ab7357b843e77ae4a07d5cdd8310305c1ec346f3cc6af6e53d228d83ef4d7,27e90b84c9a15154a751d83c33ed00ccfe0f042e51a3b72561558dffdc950d13,6e3f731db0de9c8bae25c8844067ebb5dd2e21db0cd6de05af1b11adf1c36c2e,0,cache/models_000568_000571.pt.gz,cache/predictions_000568_000571.pt.gz,1,13.811564552015625
candidate_000570,570,9311570,a0cc1bbf62914b6a7c638e76637d5c7b7ddba6b323ee58adb57925a901c0aded,6c0b275ad7f769bfb10664c5b6c3d1963e3c0f099a94ee4f4f173ce33217ff08,245ae90cd6abbfb77b51a4d924c6cc27a87b0be67c2a6b73b0fcd44a6ba56f3f,0,cache/models_000568_000571.pt.gz,cache/predictions_000568_000571.pt.gz,2,13.811564552015625
candidate_000571,571,9311571,2f9d6ed5bec11032da03b3c2f5786b278bdf7922d5fce66394d180b0dde4ddd8,09d0db4fdb622780e0cd2cb0e98ca9b4d6a8aaed2489067691098488750b24d3,87dfdc564a89c19e83984f55ca325a6f9120a092274b13ff13b7379ceb59e392,0,cache/models_000568_000571.pt.gz,cache/predictions_000568_000571.pt.gz,3,13.811564552015625
candidate_000572,572,9311572,5ca8238460f37dca1d0755dc9d4755a4922bff8562c87190077a65eef883a767,7495b1286ced07076305792f248284c4687378a3ccaa04e0ba0644d66481dc48,dab6f6f58fd429f5e6a2ba33d69ca1f98e33cb551dad8b46de71e08e15b11754,0,cache/models_000572_000575.pt.gz,cache/predictions_000572_000575.pt.gz,0,13.766603649943136
candidate_000573,573,9311573,b451364ad1819a0df1ac6aa9d6a4b21caba2c132dc1e4aede47f0938620d98ce,0588aec34e000197a3e89c5e06396f37d50bd62298220d6f42da8fd9bb15551a,77a5f71e2f9784114abadcf0e4208d9f59b8a987b53c345658fc8ae89f40e8f9,0,cache/models_000572_000575.pt.gz,cache/predictions_000572_000575.pt.gz,1,13.766603649943136
candidate_000574,574,9311574,7e06919de9db146e1588f77f61f8f24654ab740de7b7bf97b9240504cb6facea,a7bf593c77e3bb4fbf438424a9b2033a96849fecf36e2c0b077b7efb721c105e,7a255893f7c81f88c99409ee653fd82c64c6d5071febc332845cc41b26f13a7c,0,cache/models_000572_000575.pt.gz,cache/predictions_000572_000575.pt.gz,2,13.766603649943136
candidate_000575,575,9311575,0f1f2650c7fef1c43d1646548619a44824000cc97ad72d9265502bda9a74b61b,ee8fb12b91cf03979f94dfe678359b956edb74ff77dfb34ed521538ed17232e6,337cd5c404043cfa68be6f1477b7b2382bc4abf31b6a2d79a3f7d464d69f7917,0,cache/models_000572_000575.pt.gz,cache/predictions_000572_000575.pt.gz,3,13.766603649943136
candidate_000576,576,9311576,78c82394e859da9c895af21b9cd64e4660dc842a1b8918bc50a56dbe67e8e2c8,4863cf46b89d150b60759188220edf0f5434316975160deb9e9c2aa3d5f9a112,49dbfd64c0b1f343b5e8751d2e5609cfc27c5166aee8f5f46bd82791c8982fbe,0,cache/models_000576_000579.pt.gz,cache/predictions_000576_000579.pt.gz,0,13.817594435997307
candidate_000577,577,9311577,9e215331e52ffffae6dc200a0b098793c99b84188b1f548478a8a0a758d8fde2,9337d4ca2789fc2104d0ccfd123b25031c17c5cb23d45fb7f9176e3e77b7ed36,223a08c4020b013116152fcb34d12828db1c00544613ac9a19f57a937e22b304,0,cache/models_000576_000579.pt.gz,cache/predictions_000576_000579.pt.gz,1,13.817594435997307
candidate_000578,578,9311578,4b21bdb35f057f91faca1b5ad51f85c5244f86ed06b4d5a1c34c9560492dae89,be0380ad92e5df5dff4f8d5dab11a99ed716e0cfe33632e6f177c82809f47e32,3f7907c36c20212057c93423911808fe00ea4640bf3ed4914ad8c8f3bb757b6a,0,cache/models_000576_000579.pt.gz,cache/predictions_000576_000579.pt.gz,2,13.817594435997307
candidate_000579,579,9311579,50308b5d72a77c4625dac3b1fc185d9a4af63436991a48576fd67f20335a6c57,6c6faf0a8421ced9d716da1dd85dafb8ccd540807009307420ac4e2e2b095511,7ca0850bc74785c442b8dce58e236d981650f80e5b0e03e6d003d75448a1d62f,0,cache/models_000576_000579.pt.gz,cache/predictions_000576_000579.pt.gz,3,13.817594435997307
candidate_000580,580,9311580,cc9b1abadb1396be002b502280af3aa2abed3c62ccf85a65d35a3de002d4718b,e4c0043b7d6594a9fe874d6e53bb4116cc93bd430773f39b7ddb623ba9254e7b,cb894c38e2779d4a7202aae28529c34b31567e984430dfdbce9575c58ea5cb8e,0,cache/models_000580_000583.pt.gz,cache/predictions_000580_000583.pt.gz,0,13.81756326300092
candidate_000581,581,9311581,51f724fe1e3576c49f5daf61f03c7d08632b67c1774845a7fd8ec6146f9cbf3f,e686c6ec00e78f52a6ab65adcb87835d909ecfe57b7fd2d0e7ee68ada9248c43,543726ee7cb2d5290271d59b5c0f0a5ddd8d9a0e9599fbf01fe0e875ed6693d4,0,cache/models_000580_000583.pt.gz,cache/predictions_000580_000583.pt.gz,1,13.81756326300092
candidate_000582,582,9311582,d13505791feae5d83f1bb7cd487cbc9e31645035c143eb19ea569c254cca04c1,331f1268cd6ec2729192fb678fbb949534d7b9da0df9bab39238ccb064f695fd,123eb5a4d7edbe3ea336ee08f7ef98735bba6e93a060194c9e8176f0fba2bae9,0,cache/models_000580_000583.pt.gz,cache/predictions_000580_000583.pt.gz,2,13.81756326300092
candidate_000583,583,9311583,f27bbc5179ec0e8070ea8b2f5e2a49fcc7b09f28f3df78886b53cb90626957e0,9207c1aab2b4c02038f2b5c54741533b5504984413a10b8c827bc58722353191,f5bc4dfcfe2d64dfbb6813975ce89dcb58bd0b2d999f36aa5c3cadfdf07c7e2d,0,cache/models_000580_000583.pt.gz,cache/predictions_000580_000583.pt.gz,3,13.81756326300092
candidate_000584,584,9311584,ee60f69342f7c97b4c69e8fad28ac479267c1009226a74210b49f41ba983ed31,0af708e5cd344b38270d2fb1006fc0464f27e54b7c09c3ea5b628a7430a95f24,1be99c14818dae1cb4cd4ae172b580436c1bf1c111e3e9cbb52adec7ebff4369,0,cache/models_000584_000587.pt.gz,cache/predictions_000584_000587.pt.gz,0,13.824149513966404
candidate_000585,585,9311585,0e28099afbd062310b8ff0dc5c3ead743a77e994ef4c0292002869b4a0517764,07af71548f3a3980839ea09a021c7f02cb7a681f89b2ed5f91b93a0c83351c5d,43579652504bd0689b5a49a187190dc772bce1adabf5e03a4dfd0c3e7bfd40cf,0,cache/models_000584_000587.pt.gz,cache/predictions_000584_000587.pt.gz,1,13.824149513966404
candidate_000586,586,9311586,f1f6d6fbd5e1515fe7cb1286d36eb18e86f8ace58f99f3dad780b3df16b26629,34e1bbde2ef9c7a1003032952bfd7d940c21ad43c445498c6f8c8e5f38a1b722,b3febf282b687a3d7ff846334a4c3ac0cf423ea0453db7e3233049ce032ec0b2,0,cache/models_000584_000587.pt.gz,cache/predictions_000584_000587.pt.gz,2,13.824149513966404
candidate_000587,587,9311587,7894569d033c0c3a19c455598f76d216c50399fa978f6c50b7f17ccb9ceed6a8,615354f42f80d7d037d79f8533d330b6eca2f9782e2dc6f284e66287213bd830,f0c3092d2f1a9507a3e486ee16a3439756944d1eddf35ac05939d9dd0346821c,0,cache/models_000584_000587.pt.gz,cache/predictions_000584_000587.pt.gz,3,13.824149513966404
candidate_000588,588,9311588,e85c2ad0c431d2bf4384c8c71448a28a2b6aca9dad88280b0a27308670599575,3666d19cb6f8cf9cc90291e97ade843eea25121f618e8b137820c126e1e7a72e,83d59c95518087c432c5985d2a02a225e9abc7d9d12ce87dc64e12b2a229acd4,0,cache/models_000588_000591.pt.gz,cache/predictions_000588_000591.pt.gz,0,13.932798265013844
candidate_000589,589,9311589,bde62ded61081e95ca78528b8cd977c4004f296957b08d2922e9cae20d218603,d9a8202ee15c6514eb1151e60816fd3381ee886a05c75510a867c150ad142922,0069370f1c5fbd55f85f7fd4828f38c887bcc8e464c60d6c8bdcb37d4035a4a4,0,cache/models_000588_000591.pt.gz,cache/predictions_000588_000591.pt.gz,1,13.932798265013844
candidate_000590,590,9311590,42b9eadf082d2d42a8df33bf0f66f64dfdc7b07440ebb66f7e21a2c753bd7e6f,333d161b0310e014f6a43ac22bf5cb688ca661f58486637d6fa63eaeb1c73a6d,a2d756195d8ade3f9b9e84c4149f0d5e0eec55eb0212ce7fe1abbe00717b44ce,0,cache/models_000588_000591.pt.gz,cache/predictions_000588_000591.pt.gz,2,13.932798265013844
candidate_000591,591,9311591,6ec79b0abe8ad22aa317af86aeb5dd3505772e38bc28eab37865dd10857d7943,388e1f91fe27c0b7d81c808638d5825f99422c40a15251d744ab3bcf97159603,28ceaf8a0788372855c3ccd2b94014f039048a024540d9b56620e8915c48dc49,0,cache/models_000588_000591.pt.gz,cache/predictions_000588_000591.pt.gz,3,13.932798265013844
candidate_000592,592,9311592,3f3a698b63764a0aa2ba7b7c550186cb6ba3c130a79b6c197c526adec096e506,e38750da1cdd69e412a8b7a10e5c749b489648184b5baf3d91f883a7a7b48b94,e17cea5ab186320076718aa9bd80f23aa56c02717c801c303261b3e098feb90b,0,cache/models_000592_000595.pt.gz,cache/predictions_000592_000595.pt.gz,0,13.813286104006693
candidate_000593,593,9311593,e82ff1f683488e10f75a46d006cc470b5574ac15d522ccd3311c22bfa25b123c,36b4c9d6028edf98f527009eaa4573e6d76c25efb99e93648262eee00851c874,3efec0d32032bed3a71747737d47108999d43c5977907119e8889c7ab8aac5e9,0,cache/models_000592_000595.pt.gz,cache/predictions_000592_000595.pt.gz,1,13.813286104006693
candidate_000594,594,9311594,b637c52dffb9e2679e6b0308e1521a8a3cd97d57439a1594d827866a5e90ef56,d1550475ac80987eb73dd476a74c9d4d25d0ee9e5ff7f645c0981b8aa84b011f,88f5d75b9646bfd3652d74140bdba54846c1feed44d487831367ffbe76adf9db,0,cache/models_000592_000595.pt.gz,cache/predictions_000592_000595.pt.gz,2,13.813286104006693
candidate_000595,595,9311595,9b21cfffd431f54cc5e7f28971ea096cc10a99172a4e2f960214e7e3b12892ca,7900500247526326d489323297be02d255908825941e4a51173032d2d8e04db0,cba8ec21678ceac50c6d4292e2198b701b69eb7e09c832f13d292d2f8214d9d0,0,cache/models_000592_000595.pt.gz,cache/predictions_000592_000595.pt.gz,3,13.813286104006693
candidate_000596,596,9311596,522df26033eba2c8a46f68ad8dc773070cf4e1f3a82b0e06a10f8e8a292b1d1f,c932002af92b19ce8468018f4078c9219f6ddca9438f575b32563db956da2990,e647c6a3c835a64eb101191a43d0b74d9336999d90c2911c7fa4342a95c1d4bb,0,cache/models_000596_000599.pt.gz,cache/predictions_000596_000599.pt.gz,0,13.818906535045244
candidate_000597,597,9311597,6961da962ad6f0f08d4c3c1c9674bbb2a3df6b4024c1f7c93361d01e74fc0a21,77b30260ce1d471eab9ae7c214f88b1af1fb0bdb495149e574528f8deff124a0,3bc33105de03e4c601afb58dc17c7c6012495845b5778c9092b9e0e1600e5879,0,cache/models_000596_000599.pt.gz,cache/predictions_000596_000599.pt.gz,1,13.818906535045244
candidate_000598,598,9311598,6e4991a1edd3b0187bc59baee491b1263de2a86829972e98ee48d3ac3c9d188f,8f31c23bb976f332ff5413dc44c376a16cd5f0884d06afadb4c0cd3555d5ebb9,a8678bd6d216ab6dc619bf683c5c5e41fb33ee3c66ff08dbe93efb0b51d335d1,0,cache/models_000596_000599.pt.gz,cache/predictions_000596_000599.pt.gz,2,13.818906535045244
candidate_000599,599,9311599,f5f2a2aeae13e595ad92f5d2bb7fac78ed6fcb8cb71c4549d0354370b308c941,3a5962b07af8d84db0b4b03d9e762e2bcb49c6f60d30117a3bc2e093bd0102dc,a11bd824800e269927691f112c2bcf0555d4a85146b5aa9a8866b3a55a04e354,0,cache/models_000596_000599.pt.gz,cache/predictions_000596_000599.pt.gz,3,13.818906535045244
candidate_000600,600,9311600,91ea906e6e6d89a912169e091b63a8395c36efab498c094486b7902ab8d2493d,8c638dc1a30ca0e4d44aa1c84fc9b9bd1cfa007f2e432a5f3191b0daef06418e,06cf7b3884d812273ce4d42cd4af5406c8d93a342c933520042819392a2a5f82,0,cache/models_000600_000603.pt.gz,cache/predictions_000600_000603.pt.gz,0,13.804275447968394
candidate_000601,601,9311601,76d256c0020e4e8951df4bb5eb605b75dc80f48f12abac1ac29946727ffea6f9,752e5deece408f1a44aec62dd5c403d7e45c7b3e10cadde79cd1d66ccdaf1599,44f924e3309590594387ef5bc5bff2b8fa89ed49724228a6f161992de18f1319,0,cache/models_000600_000603.pt.gz,cache/predictions_000600_000603.pt.gz,1,13.804275447968394
candidate_000602,602,9311602,7687bdbc3f02ca7f901f5faac2038fbef5636689b848d98efc737df05dc6d976,389b1be419848c0d43807e3cf14b8584c2a55b172d17d82760e5d9b82a229e9a,536847fa993e381825c135025326bc90fad48c5964b331bb25ed23936e6bb8c8,0,cache/models_000600_000603.pt.gz,cache/predictions_000600_000603.pt.gz,2,13.804275447968394
candidate_000603,603,9311603,3c8984f33a21a2607db34951d19640b1222f921969b1e43c6df2ab76924d8a2a,a0b6f79bb52b794f691940e8e14cf1ab809d6f402f2184768d8aeefa3f05988e,8246cf90608ea648983ec2b14b4882a595fb29c6a61939f1d8775d34d0aed649,0,cache/models_000600_000603.pt.gz,cache/predictions_000600_000603.pt.gz,3,13.804275447968394
candidate_000604,604,9311604,bcc2b36b78196014be0c0e74931b79f251aa6b45da3dfcfe55060b7a44881bd0,79c15d31f0a3a8dff12fdd3950f0a4b5ac634287fd5f3de1aed7201402252bd7,50da64cda9d9b4bf0d56020e4d840e105092083ae85e8d05fc69fc617e7421da,0,cache/models_000604_000607.pt.gz,cache/predictions_000604_000607.pt.gz,0,13.813852918916382
candidate_000605,605,9311605,7f4ceea4a7b63688052cfd59fd36458c3bb83d2b78f61148cb6b9959b5ac7aa5,7eb8e74ee3916c9d7c7af78610b6bfcd03c5c6e9099f603182261d56e2160033,bbb758c2a19aae51a4331783c24acb76b74f8fdfc9b28800a634d1f6d4087341,0,cache/models_000604_000607.pt.gz,cache/predictions_000604_000607.pt.gz,1,13.813852918916382
candidate_000606,606,9311606,104d11ef11f6e31368702a5c8efa996431f2da74d8e389cdddc9499594bc1615,85c5e8677ca181ec2da7313b63f43c0a52e9af1a5ab01b6b979a3e1751550e97,b3e36d4ea924ef3a07d622a13612d9a5264fe6c96130755ac4f88408cb39e7aa,0,cache/models_000604_000607.pt.gz,cache/predictions_000604_000607.pt.gz,2,13.813852918916382
candidate_000607,607,9311607,14ab4957dbb43aeb00a10408e01be0cb1edb0d5d72d4585bd55395ea56f02e66,9fbbea9c1de2bab5ecc20f55f9c5569c762692bbb7e2f2e34b25f391409bc2c0,aa701c11b0a292776010bf64d2bcda29296767f823fda2d4ee2e2f6a7a175e97,0,cache/models_000604_000607.pt.gz,cache/predictions_000604_000607.pt.gz,3,13.813852918916382
candidate_000608,608,9311608,4c3d1df9da173b4d8096b7f883477e5e4e07a09335f2bb0ea6631b9e7a8c4064,b523b33c0a6ff8106d0c66f7aaca233f3a23c27c53382b5998eb14c929885b75,3746bcef9ae92bd5fa60d8f66c03bd037c1c8303ce540e53e8c4d2ae7f1c9a65,0,cache/models_000608_000611.pt.gz,cache/predictions_000608_000611.pt.gz,0,13.81065703497734
candidate_000609,609,9311609,021b48ccf356df52f401713f5173ffd2e6ae917c8bcfcdf6a6ef78dc74a744e2,db8f32e58a30f8057ad17e3969b4870a01ca8c29834d01b437bdf1a85a7a24ad,b329294d8cc856aa29f96b5bbd9aae6959e554287fd1b210b1ba0af036a6b198,0,cache/models_000608_000611.pt.gz,cache/predictions_000608_000611.pt.gz,1,13.81065703497734
candidate_000610,610,9311610,4de4878d6b1e9ae028b313db55412f75f0963755b0a9108bdec90db062e4f4cc,95792cccaa02a7f14e6c6e9558847c9d5dc2b3e6fa6dc2b80d8f4d6293b9bbe6,4b11e26c7992f4ac12224da4dbadc47ac8b996b4d8f40aeadb7386d9dcaca519,0,cache/models_000608_000611.pt.gz,cache/predictions_000608_000611.pt.gz,2,13.81065703497734
candidate_000611,611,9311611,1d032b1bfae0f397f204cfd9581ac4a194c48d3b992e7aa48317e4157525cab0,bbdb5e935dde43d1e9836285487baa6ee920d00bcf09baf7f36b8d40c7960e39,6820d9eddf359d458fa7f52e2b19733c2e04698d11121645c52a208bff7d9fed,0,cache/models_000608_000611.pt.gz,cache/predictions_000608_000611.pt.gz,3,13.81065703497734
candidate_000612,612,9311612,50eab53f3f4eb16290a1572de76ba7eb4b54f67c998099db358fc3df60a03762,b4139e0c8d4a5133460ebd42a8162b0de966a36302fe0b8023724830ec81e603,42f6312ab8139625b7022f85341ad77ad2a84baad937eb2d54f9cf2827753312,0,cache/models_000612_000615.pt.gz,cache/predictions_000612_000615.pt.gz,0,13.847761563956738
candidate_000613,613,9311613,89233d4a5e3f9ea390e589e1ec43cb6139421856e692c7c24d6d8657f9c887db,329a666f966bced7f68567b1ce30587d38e65a4f2d8cb624db23ba64dad5547c,a708c22ea8a2b1a95f1ef15a28570274423a5b93dc6f7f903e87c70501405b75,0,cache/models_000612_000615.pt.gz,cache/predictions_000612_000615.pt.gz,1,13.847761563956738
candidate_000614,614,9311614,2278f70a0800d2209833166a866ac02845594d68e6686071f92bcbf8b775f0ce,b015a61427510212a95bb95d5bbb79c7f181ede7ffede707f1e1a34dbcc7c975,91615e5744b9b247ace71afc3b254bd96794094b8a884c4023c37f669c01e2cd,0,cache/models_000612_000615.pt.gz,cache/predictions_000612_000615.pt.gz,2,13.847761563956738
candidate_000615,615,9311615,9c01d6d1f0ed2984d483a94271eea974d65b5edd565f16358912c59184886b7d,1ec40e8cc077062fc49d1a853005d49dfe7d228c0125b20915c96d13ee3fecc9,3f01f787953f55b4666d6d356890379d71ace21fc10d21ca0214ada4aab02f5d,0,cache/models_000612_000615.pt.gz,cache/predictions_000612_000615.pt.gz,3,13.847761563956738
candidate_000616,616,9311616,016490b31512953c56f79c2a0ff917c296e6e94810f6c79a8dd216d02b161d27,d0e4fee70b19c15174e3bd93c7200680021f4d5a31d374ca9e4a53979beca46e,f6897b77e5af0c1b9faeb04b492d834be6748514c157ef1f8b2a026be2653d0a,0,cache/models_000616_000619.pt.gz,cache/predictions_000616_000619.pt.gz,0,13.822479958063923
candidate_000617,617,9311617,ddd8858047adf4f06864c2fb831c737306f290131431f48b579fd2d6f7944e84,db631f554f1d7f384fc9a95a4b705c9d59a02b7988b2ee0838876821ae3419c8,b81b48d7e15fb0c502401aaa26662d024bfbbb804b6556eecb87c691e6dd4773,0,cache/models_000616_000619.pt.gz,cache/predictions_000616_000619.pt.gz,1,13.822479958063923
candidate_000618,618,9311618,0a5bd5bf5c4350986769e88755622d5493cf241481c197175bf676cb44403099,2d18e35a022c6c7c66cc88423a55cdb014888eceadb674630a8fce885f434800,7f0e9d61311a24d52ae68d8f1acf593268e575e640c2d2ebd33a171ef9b55e2a,0,cache/models_000616_000619.pt.gz,cache/predictions_000616_000619.pt.gz,2,13.822479958063923
candidate_000619,619,9311619,252c9c4dd2862ae6982664cd6548eb54676f4c5c8bf2fb64d101770077b9888c,e0d526bfdb8a5e3faa36dec595370fea13c47d36cc08af51714f08543a4f5e95,535efd57908dd38792ed38bb67e7f38b0421b61dccf9fdb65e772cbf4583131b,0,cache/models_000616_000619.pt.gz,cache/predictions_000616_000619.pt.gz,3,13.822479958063923
candidate_000620,620,9311620,fe10fdb93fcc0f0f9450d12a1586d5f242f13679793c59058df197f84725ab88,ae25f62b2544723f4461b9f3f335ad85b4c2305b47302fd97028238c58d7e608,8156f939866f345111436d4bdc17f1ca0d968bac407b904fbbf5c1a5fe50f017,0,cache/models_000620_000623.pt.gz,cache/predictions_000620_000623.pt.gz,0,13.949519630987197
candidate_000621,621,9311621,b435c11648be547f9b67a453a20b99998c6e742c117bfb82e4aab6316dcec350,bb68d0cbaf26e260ae9fe3df692ae1a549bffa9ab0f592ecd7fc769859b521bd,f6251face3c38d3a4d2d829956021991ca639ee5b003fb2cd8bdb23195273c4f,0,cache/models_000620_000623.pt.gz,cache/predictions_000620_000623.pt.gz,1,13.949519630987197
candidate_000622,622,9311622,5def21de3259d9ac138c11e63b876eb8c4129cccb75791b5a67a3964b5b23d2b,1059538b88747b979626fc1fe727ece93bb7e22e85a25ab747f2007324138d81,8818ea996ee38a7e20fc8ac50e5b77faaadf09316f18114b98939421d663b35e,0,cache/models_000620_000623.pt.gz,cache/predictions_000620_000623.pt.gz,2,13.949519630987197
candidate_000623,623,9311623,eb7c9540a956e2eae0776b828a458229a0a27ad4e12f04fe8ec03b4b8874240f,e4f4de6bd2d255f58703aeec6bab364ba8136980d02914fa5f781b1c7dcc10a6,6b2ab6650627ed564156666f70d26d368bfd73c1f335419c0aef264aacfaea21,0,cache/models_000620_000623.pt.gz,cache/predictions_000620_000623.pt.gz,3,13.949519630987197
candidate_000624,624,9311624,47ad15766dd6c66462af450dcfd175a213d4ba2e82d6f3e3d55e293e83311264,fdb73508b2be81c11403f864ce54fb8f9c5d4644dbee656c19589f44508ee32c,1360757b58b4ea995a7a464b25d64966aaf90afa4756497aac2716041e58bec5,0,cache/models_000624_000627.pt.gz,cache/predictions_000624_000627.pt.gz,0,13.904524812940508
candidate_000625,625,9311625,1d3b4801092ea23be22183cca85773faad15f877dc3a53394564b40dbac25b85,ac7eb27d4a2c44251455393d2f8a04fd7fe7706f95e076bcb3361600b18a39a9,409e96b883c27b52b019693a8a4fb8cde5a87f70911bdc0aeebfc8613b9ba13f,0,cache/models_000624_000627.pt.gz,cache/predictions_000624_000627.pt.gz,1,13.904524812940508
candidate_000626,626,9311626,645a7163c71c36bc546c6730e0685c11d6843694b771c3a654b0a93d5a5b81c6,9d09db2af42b8c2bd0f5914270572c905633e090d8d642787045a54699be13d2,1c7cbd6726152f30b31e3d194783b74de03008ebcd6fbbe9d17701b1787287e1,0,cache/models_000624_000627.pt.gz,cache/predictions_000624_000627.pt.gz,2,13.904524812940508
candidate_000627,627,9311627,e13c0a96f2a77f5acf3f8956901e937f616b1e190d9ce3fc5888828cf67454ca,6374b78c14d8055d3e0efae366c72146826bae467bcb89fa66e8b873e1637519,ddf7eda9bbaf886ed77b0e1de6eced6db5e75e69512a76afec1e140aeb244f7a,0,cache/models_000624_000627.pt.gz,cache/predictions_000624_000627.pt.gz,3,13.904524812940508
candidate_000628,628,9311628,2455c9bdcc550850d1fe8af4f66f46df192b0efb47d6321b5dabff9ffa3d034d,e2257d26b4845b9342e1ed51013e1f902b69985c9066f56e896c0bae502d6999,92f7540baa75cfb30153b0e545040e279af2a08c25f7850909706c34fc97b59d,0,cache/models_000628_000631.pt.gz,cache/predictions_000628_000631.pt.gz,0,13.81228278297931
candidate_000629,629,9311629,c841aef57139f07543ffadc4db3f07387167d07f293eba30043145a617604335,7fb983e19dc33c117570c87ec40ce30d8ad96497b2e21e92d48615cf04b3350b,78b99a31965ab13ffd66719cabfcac3108e2e137b11b5dc73b259fcb095d11bf,0,cache/models_000628_000631.pt.gz,cache/predictions_000628_000631.pt.gz,1,13.81228278297931
candidate_000630,630,9311630,61eaebf90213f9550bb3305e39edd5f912c5db4e5c4248a6098425434fa318b3,dd38ffcaeb2526df3edc9627608d8e8bb55d5edd061341f825f665793cd76386,dfb98b9cc29f220d88501ff762501409f30ad3e8098786fde75f0d9e4b392b8b,0,cache/models_000628_000631.pt.gz,cache/predictions_000628_000631.pt.gz,2,13.81228278297931
candidate_000631,631,9311631,2ab196b938ec9c3cec810a64310899a393fdf7cb00ebab6197bc698bfb53ba16,b6df0630b0bf0d8c202c5114aef5d3afed00381e21264856c481ce27ecdfe2f3,d90b9264eab86431da51b73ceef9ac033e00c013b22aa52162b27897561cacc0,0,cache/models_000628_000631.pt.gz,cache/predictions_000628_000631.pt.gz,3,13.81228278297931
candidate_000632,632,9311632,ab5ae59e34656d04fe6bb84d7aa9d8d4eb0f7999e0f8a2f675f71ecbaceafc93,56f75e5fdf3c03f06b51023e207593d7c87d4ae5ab66ee21412caeb26f5ae4a4,4ccb54c43bb30ecdf2ca6c6bf145e07c5b579a2463fdac7196fb10d3c1e06fcd,0,cache/models_000632_000635.pt.gz,cache/predictions_000632_000635.pt.gz,0,13.79349638603162
candidate_000633,633,9311633,b399bc3f580a03316fcbddc3aa330a6fe4eea718a518a9fa31db00e291a1b886,67765a32622222535833556a10d2250be3028571eada8f1e69f0f6be8908788b,d019101e6904219c254e943df0e1b226407434862de8500cc89616d0d4d37e4a,0,cache/models_000632_000635.pt.gz,cache/predictions_000632_000635.pt.gz,1,13.79349638603162
candidate_000634,634,9311634,882d5643edfc9645a57f2d15d8c1a17c3237814d046dd09ef03a4ca2d9805099,9a87da1afbe652d014f8c9206b9515222c71e41e0a16dad76003ef2982963ec2,af71b91ff96ae6b0e35d9f96b87f1530646f111179cb74d53c2e7ae8b2573656,0,cache/models_000632_000635.pt.gz,cache/predictions_000632_000635.pt.gz,2,13.79349638603162
candidate_000635,635,9311635,34fcb7a4a5be02ac74f2b4755c288202c1a8164365f04d4804a9bb2ed5e25ffb,0046d5c1de727b5688f96a5b25fe53cda04f2a5da252ef50d56dd86ab90661a9,5a17c703ab72a52e91cdaecac866f87bee4c734ae14b76aaaefcf7a062bf5d76,0,cache/models_000632_000635.pt.gz,cache/predictions_000632_000635.pt.gz,3,13.79349638603162
candidate_000636,636,9311636,cdbb0ff00f3e9be041ef65037d1a21e3dfcf2c66811a6b4dedff85cbccf21ac6,eb291105978a9346650857bef89b5542fe51be7123638b1ff9350335bfb04314,56349ca1b1036362d360cb182b66fcb0b4a5d7201aa8a1be3d4f55935a499fbf,0,cache/models_000636_000639.pt.gz,cache/predictions_000636_000639.pt.gz,0,13.821482110070065
candidate_000637,637,9311637,3c34499f23dbc9804bda22a4ac8f0e21b6c08f7a2715fe5f091c2f985c475f05,fb2dc79c0edb8da1e9ef22abbec202544bc819b12ed054a754079541e3449a7c,1ef39f73c7ff3340772fe9253729fab8d9b7ad8a3484574dfcc7b69759eb3234,0,cache/models_000636_000639.pt.gz,cache/predictions_000636_000639.pt.gz,1,13.821482110070065
candidate_000638,638,9311638,2eeb7746cba5b334a763380d39e2883fd6eb0897712740a0dedde94752f54a2b,11ffb777b774cd7c5175f34454226623980a8c2123de3e59f438336e4568a0eb,35f509849973942a370d02a16ad2f9dc518ad8a6200ff8a7357221b9d02152eb,0,cache/models_000636_000639.pt.gz,cache/predictions_000636_000639.pt.gz,2,13.821482110070065
candidate_000639,639,9311639,c3ad3cc6188d64b506921fbcc108aff86b8d12b0026cdfb78dff5ead5bc3390c,917874806d003f8e0fd19a5fd84d89dddd26b0aa762778e3f938380a15172749,df391aecbe4f89a21048fefa7a43c37fcd39798b9f331680b347215f8ef48704,0,cache/models_000636_000639.pt.gz,cache/predictions_000636_000639.pt.gz,3,13.821482110070065
candidate_000640,640,9311640,251f76e97bcb0ab71fbda19d284cab182f252d46d968f724bb294bc2d0c2c92b,b1e8b2bf9bc2d97625e08864cbdae3aa646653ffee0e37c0400ba377b24d9b1e,c0dd40735438338bd55cd7a925923543de6a3769adebd6851555b52523629be4,0,cache/models_000640_000643.pt.gz,cache/predictions_000640_000643.pt.gz,0,13.817089656949975
candidate_000641,641,9311641,34780bd85349b87efce1d2b46c1bf19548c797c7c5dcecc02c23c70591b2fa7e,d7190ecafbd72246ecf35c8cbce10dd7e00eeffa0801067d2009c6b99acc135a,ca9a0410d8614ff7e9e519076e312dc66c1222193b5e3aed76595dbec183df24,0,cache/models_000640_000643.pt.gz,cache/predictions_000640_000643.pt.gz,1,13.817089656949975
candidate_000642,642,9311642,3aeeee51688488afd9ec8844abce5ad2692ab849853f670635ce63c63c4f1b10,d3b19efa9e3a06174d04a78195679d0e3d7e0e4bac114519385ab3ada832e92e,efa1c26c0885084771f66cf50b26f2f89bcae20c77b7999cac73ab6ea3057e4b,0,cache/models_000640_000643.pt.gz,cache/predictions_000640_000643.pt.gz,2,13.817089656949975
candidate_000643,643,9311643,6bcf42a9a5714380297a4e7c31edc1aae6d80f13299dec80334efc64ec1a897b,6ee23403a64883cd50aaad5abfb62c315b9e8b929f8d86b1bc4c672ea42a1ed4,2bd631e499862dc0c686dd5e4fb237b84f12da8e716aa0694c7c72d63d5447fe,0,cache/models_000640_000643.pt.gz,cache/predictions_000640_000643.pt.gz,3,13.817089656949975
candidate_000644,644,9311644,096566023a030ddbe75fa29a7c29e3065ad8ede64cf4138e10ccf68972d10243,416b47ef9a34decad2cde2aa9c573156236470f4bb7ec8b11470bcb1737b44fa,41e8d70e56f2cd5c8d3b5e10918e65cb5e7152e531401db8962e35f997623226,0,cache/models_000644_000647.pt.gz,cache/predictions_000644_000647.pt.gz,0,13.819427990005352
candidate_000645,645,9311645,b4355574dbdb3eafc703c321a90019b222ab45e4ba6e8fb49790cfcb6dfdc39a,519ddd114e690ddf4b55a3be408920484679a568ccad55517779834da3329464,d3b0ec3ce7b40740ba681fcfe0608543b4d737864543c4ed7013882f90102fe0,0,cache/models_000644_000647.pt.gz,cache/predictions_000644_000647.pt.gz,1,13.819427990005352
candidate_000646,646,9311646,4a021923cc694112ca1bcc480879f5b1851309348048d669e64e2b53d0526e89,4bb03a0e5581bdc87529a178e62f5362602d1e5d060bd87434abf362a917e4bb,196ab95684d425ea6868af7dfdc22d2cfdaff016d332ccd492274d59e003c159,0,cache/models_000644_000647.pt.gz,cache/predictions_000644_000647.pt.gz,2,13.819427990005352
candidate_000647,647,9311647,dff8339e4d5efb325e28ec2efe2e9d869d57fbf65b6dddcbac4a68536e76a266,add1ea9eb50270583aee2b0d45d6b0d8578ac2ed2167131700e53bd60c16ad1e,063704d92b85c81f474ae1be8c269362f33cb20d27d878f9665a4b24387f29ac,0,cache/models_000644_000647.pt.gz,cache/predictions_000644_000647.pt.gz,3,13.819427990005352
candidate_000648,648,9311648,70f38c6277fb836d2c5b1dfd47fda30567621c263d4ff371b181305d253e0d5c,da7f360ca0eae5b38e484d71c6d868e137507c16e1c070c9b34f05a98c98b311,be25dde6a4a055cb1bae49a2806cd2b2823cc8363c00765794447106537813fd,0,cache/models_000648_000651.pt.gz,cache/predictions_000648_000651.pt.gz,0,13.810864162980579
candidate_000649,649,9311649,d769c74872af636cd064d356e2ce31c5b99ef5d757f78e20740634e478296c0b,a0377344a5b25f7f15bbc871dfa3cd16cf4bdfc96a86b0211be98f368ce5891c,358d49f26023b1a5e5cd355e2d899adfc6c9630daad1650cb454c33a625398e8,0,cache/models_000648_000651.pt.gz,cache/predictions_000648_000651.pt.gz,1,13.810864162980579
candidate_000650,650,9311650,e7db049197968a18150acc33636706ef82037d8093669b183389e6ef6977b455,61f77c0a742651e10f95940495883eab631d5c5fdf8d9735ff35f49b5e7c08b3,06348cd7a0864ec0c6ca683c1fc0db377e99e7051db549ca16dcb5eaf502904d,0,cache/models_000648_000651.pt.gz,cache/predictions_000648_000651.pt.gz,2,13.810864162980579
candidate_000651,651,9311651,f2d795720320cf7f7450ce4835cdc5dc6adc4b77c53d2596a7f6c0f8629e4706,deaa41f16daca4cffba37d1974dd1d866da721d5aad8203ef1d7b95a6f628003,0cb1731057ac2f700f33fba500d6d7581c75c2dbd8d98d4d15787a6d3a4321ca,0,cache/models_000648_000651.pt.gz,cache/predictions_000648_000651.pt.gz,3,13.810864162980579
candidate_000652,652,9311652,8d4745e1e08209b73ff2d2f06afef92ca346bdb5c5f0b2dd0ee44b780f889b15,c57c5d66cef257b45a5a54020b440e7bb804e46b1981e07037afb214b9c20fb5,105dc51235414855f2edfd8099949db9e63b7684f605733e420f32d5d023c15c,0,cache/models_000652_000655.pt.gz,cache/predictions_000652_000655.pt.gz,0,13.807450560037978
candidate_000653,653,9311653,695360181862dde75e50dbbec5028ee5ad85fc1ac7485bc3b50bdb2fbb089343,353034c843a1aeaac63913ed2f0bdc0a9705027978eae14ee7bda9928fb1b9f7,7499e1827f17573e86921f9fa8c06cbbe46ac029b57a34880cab0145e699d1b5,0,cache/models_000652_000655.pt.gz,cache/predictions_000652_000655.pt.gz,1,13.807450560037978
candidate_000654,654,9311654,4cf4e05d838c6672f2485f30ddc8ec17d01b51f56d683eb64928e0c047f990e9,4f65947aea2a5bb72bf6c64e404c27c3f649461f5b73859977f4c055a5d89bd2,db6aa37c8f8ecad0304d6683d7a4eb86eee5b6d4df48a17161467f46bf1fcad6,0,cache/models_000652_000655.pt.gz,cache/predictions_000652_000655.pt.gz,2,13.807450560037978
candidate_000655,655,9311655,a0247e5915128a0193eb141046c640123f6d85b1e5ff05ad1e2f690017e35e7a,5a5de2cd76a0b3cfd2da3f32d2a0cd33b6efd2e2859324ed4075f472ca6069f4,0d49859f2e33b5262139ea8dde9df11eb48cb563c33dab17c83bafa8ba86eecd,0,cache/models_000652_000655.pt.gz,cache/predictions_000652_000655.pt.gz,3,13.807450560037978
candidate_000656,656,9311656,3994073ec521055f8ff946a83a9810ba025dbbe1f848871b0dfaa6256318edcf,40e7561cf729d43ed7da6d6d301c01790659397cf54332c87e25a5d4f756905d,a6741fd3533d7b88f574230add4d9ad93f0592a90ebf287484fd3eb5e2809f24,0,cache/models_000656_000659.pt.gz,cache/predictions_000656_000659.pt.gz,0,13.811985324020498
candidate_000657,657,9311657,64297b628f45d44bc7eca26d6d5f4fed2b847cb0d503489a52225db41140f961,4f0bdaa007986ef50feb068f8033b0cdb5ef525b6098b0b02cbf21f8cdf69e81,bb42824fb97b4a1cc8b4b55ac9e63d32c2d0e85ef36babfd8898a7f98b225765,0,cache/models_000656_000659.pt.gz,cache/predictions_000656_000659.pt.gz,1,13.811985324020498
candidate_000658,658,9311658,ad7f9ba542acbf78ab34f3d669130566aaa17d029cf1f5f66da622c831878726,240123ef1282ae606af7be28d70981be7e48d54159bfd13456526abc2f79cd44,c3bb5507ae6c8ff3aecc6611fd12b662ebde8e14f077092fec9f2563780ecb16,0,cache/models_000656_000659.pt.gz,cache/predictions_000656_000659.pt.gz,2,13.811985324020498
candidate_000659,659,9311659,22794bf95258e0549f5c62f2a2672ed285464ddbf67fd9b11364af573a5c3084,71cbd6acd01e29501f8e0db3c117beacfd586f9c585743ceb4ac44ecd0d0a3a4,d09412b78bcb7ad5749fa8b6527929ed63171a5322ad9baf4ad72159fad71ea9,0,cache/models_000656_000659.pt.gz,cache/predictions_000656_000659.pt.gz,3,13.811985324020498
candidate_000660,660,9311660,2d80a7fcb3f192ceca82152bed56846cc356d649a3b0605cbf3b054f7e469654,3c34ced029f9d01afe4e1d20091164a24cc3bfc2dd16013bac23e0d27aa84341,b66209d66fdb18af4fec9add6266d7e236041b5289d98c902d8137949cadbf72,0,cache/models_000660_000663.pt.gz,cache/predictions_000660_000663.pt.gz,0,13.787619663984515
candidate_000661,661,9311661,d8666993670d5da6f4c044d05ca3b51851adbc8536b4b068b76b26f4964a4c51,a413caf5b6644870ac63b12cf2f801979e5d6692d24fe3839cc1b5e223b13fb5,ef9a162faa545085cfab62303bd819213e585966548b5718fca298467cf2f211,0,cache/models_000660_000663.pt.gz,cache/predictions_000660_000663.pt.gz,1,13.787619663984515
candidate_000662,662,9311662,795fbdba3290a078df5fef411cbb57d7a9dd9e8a73fb599882338a4f54437dd9,ae54a68a8999d06230938f935ff8e6c3913031964b27b44e16cabac50cfd9bd7,2df82215ef6b2e5f0d7789ecb938476c2f5fb7f845ccd889ee6ee93a7bb8fbe2,0,cache/models_000660_000663.pt.gz,cache/predictions_000660_000663.pt.gz,2,13.787619663984515
candidate_000663,663,9311663,edfa5ba9338337943ceb7a95490d858016782ccf0d752032477c4c36c0ef9853,08054eba48f9d3f214f0f7f1d6b316cdaf6c7b1394205bdc2f783f3010b751d8,6b4e5813a6c633f07297495543d06503832edcbd5e5e2fd0555af33119fce3cb,0,cache/models_000660_000663.pt.gz,cache/predictions_000660_000663.pt.gz,3,13.787619663984515
candidate_000664,664,9311664,f7b1a627300c8e9eef3194748201179abf61699607782bcc546209010889e875,bb9020924f3cf978463807782e1461ccb16a2bf67733bdbcf2b05b4f323bfa0d,9696b6f9aafdaf6cf4eb3d4dbdcb0aa46a6e27516fe134d9ada45ab14df7ed22,0,cache/models_000664_000667.pt.gz,cache/predictions_000664_000667.pt.gz,0,13.818860925966874
candidate_000665,665,9311665,916e2cb04500498b66ac16c97b4a51902592dfa20504acde22da002fdca3684d,b19d015469446ea9872c68f40402689b3cecb9248bdeef314c5c49c7ff90f1cc,0e5045aa8dba696cfd2e961c8a2f99f1944097ffefae3baf53624ce183a5613f,0,cache/models_000664_000667.pt.gz,cache/predictions_000664_000667.pt.gz,1,13.818860925966874
candidate_000666,666,9311666,3f0aab17aeebbf4e10f7a8c3c16a3cb54e5cc53ce0580b40d913935eb43c45d8,72a71bdbdf3231b3037338a19681d52b3e3960d510add83a51e2728bdf60e87b,017c58710670c151f9ae55deecfa43fbbcca8751cf8b18ee622f76964f8e77cd,0,cache/models_000664_000667.pt.gz,cache/predictions_000664_000667.pt.gz,2,13.818860925966874
candidate_000667,667,9311667,a2db9872cc32a81fc77749307328c350ebb0f7b16625c75582fe83792fcc5f74,6e404271b8c22ce282e81729ea2370b27d2cdcf00380d395e79cef5c3c565fda,4d1fc5236da851d1f41fb6b12517554547b0a752ce70f7ef626cac2f7a2e6c1d,0,cache/models_000664_000667.pt.gz,cache/predictions_000664_000667.pt.gz,3,13.818860925966874
candidate_000668,668,9311668,3370af6cd337f6fcfe5542e062d594079eb142d99a27b7a43f3c27ef6a3a0543,938309acd77b0d2cf8f931501d6a1ab24723ff27f1df8b9a22eef03a4dbcce42,6530d7228be69ff324d9bdd9fb580f6816ebcd38480ee1ba2ae42ccd7bba4a1a,0,cache/models_000668_000671.pt.gz,cache/predictions_000668_000671.pt.gz,0,13.798309213947505
candidate_000669,669,9311669,a97f3684fa727a590c30e0ddf1964205afdc221b2d085cb90987c9bac21a05a3,5f376ee5957f6923afdb0f80c8441226a7d7f79e1afa059c32e9f5995e484c4c,ecdadc4620cf4dfdc0dc40764977e2d8c7eca3cce873a6194120c8574e689983,0,cache/models_000668_000671.pt.gz,cache/predictions_000668_000671.pt.gz,1,13.798309213947505
candidate_000670,670,9311670,1b6bc95852d8f5bae4987a69262f729f481fb54be43bf5b24f31ae3d1bed287c,a97d3d5bd37ae09484424c303ba6cea313e64732c5e639d51305a5efa91b6654,2d595416b2254b42ad6cf5a6743695b97ec0e1ecc574da98d1f1931c50bcbf1e,0,cache/models_000668_000671.pt.gz,cache/predictions_000668_000671.pt.gz,2,13.798309213947505
candidate_000671,671,9311671,24b807e376cd1c0034b62818a4320e8ac601ca99e9da97489897ee9ec73b88a7,f421233646c82c00f55324304275b4e776f12cce33aaaebdadbb5503c2353a01,db803845c7a4713cfbaf324dbc7d8826117ea58820b737d3a5f57b6f6375deb1,0,cache/models_000668_000671.pt.gz,cache/predictions_000668_000671.pt.gz,3,13.798309213947505
candidate_000672,672,9311672,8fd8a7d85e9e29d6f84e2ee93e057be65c79240dff8db9f4146a0769473307bf,e408a5208966bddaa0e5bdf721b77e2125f68ab5c72ced43641cad67dfa6b7f5,8b4e1c2c46c2e58cd100ae17ca1247a0da7e11cd3b70295bfbe0df36531496b9,0,cache/models_000672_000675.pt.gz,cache/predictions_000672_000675.pt.gz,0,13.816462152055465
candidate_000673,673,9311673,b2409709c122e95d4f65d608a5c9098e3ed11e32a95d8b271791c2a605733b34,62f29c0c0980ff9a8a97d767939af3e9d088ffaad4cf241f12bd88039d032210,a9acd213e9a1aa4e9d559de24b3af84a2205b942d1c26692c730cfd1dba300e5,0,cache/models_000672_000675.pt.gz,cache/predictions_000672_000675.pt.gz,1,13.816462152055465
candidate_000674,674,9311674,1b2cd5ad8c343f67604a8359818d5129871be87adaf9ec8954f482be561b9fef,daa9f40565bb562fad8a865ed15e7e40c7ca7dfb898b806fe3054b48278d411a,0215da246d9b411cbed1c0befdaeace5754089ba697871b85e6ff74edf09609a,0,cache/models_000672_000675.pt.gz,cache/predictions_000672_000675.pt.gz,2,13.816462152055465
candidate_000675,675,9311675,e559ee5ea7c4235dccc46961eb48a4ba958c66ee91416d8f48e4b3858f55fc6f,863313cb813446d786d2443a2e242e8c3027a01424803ba1e62fac014fca29b3,0d1276693a2b496098343bcf7fb39c88e092f39fd1cebf70f2b66733ec4521c0,0,cache/models_000672_000675.pt.gz,cache/predictions_000672_000675.pt.gz,3,13.816462152055465
candidate_000676,676,9311676,4bf2f56b8f9edb60a5d36dc3cd3bc8c5399e474546626e37bbe43d2916cfad8b,a3bed2e51d23d817c4f15a547b0efed70fd35acd7981bfee872b7bf802c6f1c6,d6767f1068d4bb6ee710b92b5683e72a8f59fadf86cb419ce614541516b8a057,0,cache/models_000676_000679.pt.gz,cache/predictions_000676_000679.pt.gz,0,13.815862152958289
candidate_000677,677,9311677,2795b751ea7d0b45b94db8a06b761db8cce1a2186486d0e0b894bbce7d1acc4e,cae9bc8014ae059d7f85802087d10804e48b9908e452bfd3a387798cbe8dee2d,14d9d6bbe5685a97b459b59421ca6d11e59c8d8b4d3998c4d87c473eb7d9607a,0,cache/models_000676_000679.pt.gz,cache/predictions_000676_000679.pt.gz,1,13.815862152958289
candidate_000678,678,9311678,56055643626ee0705827489319f6be9783d387d0d1d1860b68689a57271cfe24,5205ece757c3566c5eded95fe990efa32e32412705b5cba7de2410ad5bdd6d76,5a77bd0d64a2317b8238bb061e7d2fdc972d87b0377d4f6467e56bc197f358bf,0,cache/models_000676_000679.pt.gz,cache/predictions_000676_000679.pt.gz,2,13.815862152958289
candidate_000679,679,9311679,fd45d99ae3f8610023add2cceef45d0c36c2372252ada3118a828c655d11d952,a19bf1f6db90e709de1b292ee814be7fe4f87a46c6c2405b20c5a2d77258c2b8,bb5bad5ec1e44b4338f5ec820104a7be26b45c9b1b97e2f89d41ac455907a632,0,cache/models_000676_000679.pt.gz,cache/predictions_000676_000679.pt.gz,3,13.815862152958289
candidate_000680,680,9311680,c6fd512e7a103b3b8fe5b34900bec368c9cae9e349306eed4ff6f64d9c450061,6c281686cbbb1bc70ea659b324ef0f8c0e99d4e260918a23b61549982b213f51,db5f32511bf61ea0c8d877e608943d521e4f2875c01aa38262a6527282efb7fa,0,cache/models_000680_000683.pt.gz,cache/predictions_000680_000683.pt.gz,0,13.81511093210429
candidate_000681,681,9311681,b4486a6d408b2639ac75c64a16ba2b0b8d19865cb5365f703cec2b2d1e5f5b00,20537e65ed78b6d064346894017d3991f0b25536976c518c0d087d88ca6e349b,25b14a227d4866fdebe438842597068467fffe49a4889dd61fac5da372bdd90c,0,cache/models_000680_000683.pt.gz,cache/predictions_000680_000683.pt.gz,1,13.81511093210429
candidate_000682,682,9311682,55432401ab3b88c37705a31982cf109f52ff7a78ec8b39f923a21e75f6b2fb55,1b87aa82b52a961adf0911dcd355e0bdbc1cdbfedf974a56d940ba2132037ce8,72edd0faffc370578a8587895f409b165f2639d9d8b385f4724da65cae52092e,0,cache/models_000680_000683.pt.gz,cache/predictions_000680_000683.pt.gz,2,13.81511093210429
candidate_000683,683,9311683,5ec169e17c1c1d1083f2d04b07c2a4e7dd96b2091eb0710016c65f27b623375e,7bea19deccf0200fd9adef207834bbabd158aa76a5f9770181b6db7dab818d3c,edf45f72cf4ff78410a149f743b51271878e221971015b66b8e9949f7d0985e4,0,cache/models_000680_000683.pt.gz,cache/predictions_000680_000683.pt.gz,3,13.81511093210429
candidate_000684,684,9311684,e61dfe743e40eb0fa9169f376f8cea6803551f39784a617c22615bcd7b8da652,f353b92b216418c761c7f7d01a1c1a4b5ea44578fd9b1e21ce76fbb341c25aa4,387338dc1f315cdd4074cf1e75a300947136c5bc7c3a4775cbe43e2118fb99bf,0,cache/models_000684_000687.pt.gz,cache/predictions_000684_000687.pt.gz,0,13.816395250963978
candidate_000685,685,9311685,5c65d03a397e8bf9b5fc81b0a68fe0fafcbc300e1e5d76d43252876aedc66f25,f83c2891e5feab94a3c3975b144559a48c501e534ea3b02d754ebf6029ae5176,c456aab1f41cd2bc6a6c10022809cce44de93e0ebe3f7738f98f80f6b3ad5528,0,cache/models_000684_000687.pt.gz,cache/predictions_000684_000687.pt.gz,1,13.816395250963978
candidate_000686,686,9311686,cffbaa687873c4ab6f567ba2381ec7489427e72e8b37e63c27ef101390a0a19c,799cbae6b5b8456431c186b0d8b0ecc343e785fb23736b0fb85e1394fd3697be,cb49c582e81dcafe938e11513ab3dcdf5b648816a9e16721effd91e84c4f1d73,0,cache/models_000684_000687.pt.gz,cache/predictions_000684_000687.pt.gz,2,13.816395250963978
candidate_000687,687,9311687,ec0b4d023e5850a3520bf44c66c0e198eefb867408991c28fba180c3ea774d00,1660efc4d1de5ca391506f1a981a2540a4cf432c13285f47f09964563198a142,d86df1d489850cdef2098785eb08b10f0d611f1fd3b521571d905d438693235d,0,cache/models_000684_000687.pt.gz,cache/predictions_000684_000687.pt.gz,3,13.816395250963978
candidate_000688,688,9311688,631785ad49fa6cd8b1195b2dc51ed72230b7343ff0a5c01304d627589e58caf7,4da6aae8aeedf29637b73f7681583b4de33ed394b3cfbd247832ca835c917bfd,38c3957899c7da6a621ebf4143d52efd565d2bd3a44b3b90a27486b750c0f104,0,cache/models_000688_000691.pt.gz,cache/predictions_000688_000691.pt.gz,0,13.829849033034407
candidate_000689,689,9311689,ec8cdf0b46f019ca132b76f2650c30c898b81f54febd5ccd489d75949eb31072,d0c1a789757fe0748d3b93446d42910ea3f5d920e798057f9e528afd5d844cc3,b6b69bcb4d376b07adb5065525f75793db4eff5104c87db19af269c56b3bec64,0,cache/models_000688_000691.pt.gz,cache/predictions_000688_000691.pt.gz,1,13.829849033034407
candidate_000690,690,9311690,be2dc206f12a7ffdaa06a248c8c056e7a3897ce52e15a47ca9044fa566bbee03,816169f1acf8e9398f4459b50a05f0a6d9f50bc39842b84fb5de55b16a6b7aa6,0b4b9191fb74fd1ceb0a48d8ed588f1759ca6204a858a3c823c63c4216c87c78,0,cache/models_000688_000691.pt.gz,cache/predictions_000688_000691.pt.gz,2,13.829849033034407
candidate_000691,691,9311691,732e9d0c731a0df5e3df071b6686bd9b80970233401ee3f04fff900f854cecba,de5b86cea9059a6aedabc0e435488091f27cb3d28d8f1acb7a1073cdd38bd8db,7fac83475d1002e18dc739fc8a8d7a4db9ec76703a905df05d37fa86ae49863a,0,cache/models_000688_000691.pt.gz,cache/predictions_000688_000691.pt.gz,3,13.829849033034407
candidate_000692,692,9311692,f0970e549ac4f8d9fd11a2c407fcfaa7e82613cdae94219c5ff906d0048ad0fe,8fcb68a399fde577da5a7bedd350818bc435df3ba23d838d52abb31ec57b6400,7ba04e0d1609d3a4818690ebbaa97748af685cd0cd33551861f014b86379b134,0,cache/models_000692_000695.pt.gz,cache/predictions_000692_000695.pt.gz,0,13.79733790399041
candidate_000693,693,9311693,e8d2294f78c4eef233bf78a16560f46fc283ecc5e43182f3caf5c4e8a8d9a76e,37642fd4c645df575fc169aed5f246a59353305ce6bd7687861f9d77c3db6a20,9ea64dfe9160682d6355cb5f9b156c8a3d460c698721b8417aafb8ac8376e151,0,cache/models_000692_000695.pt.gz,cache/predictions_000692_000695.pt.gz,1,13.79733790399041
candidate_000694,694,9311694,473a367d6e3e9072d719c9e6200b529976b41989fd3b76203e6d0a0b691784f4,cf012a8117212282ab41a9c798ca40aa84657adcb50f59afa0f7cb44231fa07d,400db5af2aeec5ebdb74c6758f5ef3f4a2c51ef289a7f360adf749f50b74287a,0,cache/models_000692_000695.pt.gz,cache/predictions_000692_000695.pt.gz,2,13.79733790399041
candidate_000695,695,9311695,1bbf3ab4d1400b6eb714701775e451a7ef7fcb985f2816a49b2b4e0da55ec9d8,401d0521953b69a115f866e647ff0d44837561c4a7de906a17c867e9fdb80c60,366aefd969c68e17d7c6a0a0829cfe7c05e1bc1b40892912632dea22059c00d7,0,cache/models_000692_000695.pt.gz,cache/predictions_000692_000695.pt.gz,3,13.79733790399041
candidate_000696,696,9311696,168e334083dfac5236263ef9cf847a75a03d56b227af2fb63d8f3a07ebb43c24,9ad9208918015d163054c8e7d3e32090b77e9854ebde6e7b55ba2f18571bee75,9ea04c5e53a5ffaf7ba878b97b53723ca33b1a4f21c4108c16acadaf9c510524,0,cache/models_000696_000699.pt.gz,cache/predictions_000696_000699.pt.gz,0,13.800519319949672
candidate_000697,697,9311697,ea3018729a9dd8b8d1014c5f8de318b0a1a8d2ac3417629082108acab284a901,293c3ab4246bd7b042babcee378e501c8f9f69956bbea2c4020740c03a9da4b7,1addb321ef7786af07417ac47382f3d3f9c3b1a4df2c4b0b27e908f21e1c51bb,0,cache/models_000696_000699.pt.gz,cache/predictions_000696_000699.pt.gz,1,13.800519319949672
candidate_000698,698,9311698,8efb2273f8e2ed581c36490d4e884aff9bd044858ad06a6bf42269a551a1ca94,e8808f7a0dcfda74d68c22daa9dd0d7f9cbe49e2d93ca5075e9c67664682dcaa,7e80a64592d17fb11c8fb908d5e4ea28003c06342f5d6a8c280bc6e5334b44f9,0,cache/models_000696_000699.pt.gz,cache/predictions_000696_000699.pt.gz,2,13.800519319949672
candidate_000699,699,9311699,e0bf988d2a8f9324c9c67235d7f9a00a14567f179e67dbd8b54b1e93e7692f08,58ee62f6dc138fa32e9e84de058f4bb683e60b518075013094318fb1b762fbcf,fbfc7eb7193f7733d9ff8f49f9319b8d1cea8211529aae49a1b788d779907f14,0,cache/models_000696_000699.pt.gz,cache/predictions_000696_000699.pt.gz,3,13.800519319949672
candidate_000700,700,9311700,945523ee0145ab050d0fd8505f2aa365b0a78a3ae5a3a736fcd4eea53a8a8c74,3d3b8309e8ca4a861cdaf54262492ee8759fe4572e242d166ea38dce68569d5e,4d4ad82fc0df0ed5c12bc6d1381f7fba1b2a4aef2fda73367d7c546edaafeef3,0,cache/models_000700_000703.pt.gz,cache/predictions_000700_000703.pt.gz,0,13.81219850690104
candidate_000701,701,9311701,3527570100279b949d5d96435f9f7ee3e99cc88282f019ceb68df581af0387df,e3c6b61ec3813b4746960bed5a1104e6c1ed5f56096319f29ebbdf65bf90ae92,25cd766fb71961de520c70b9123b033f42e76381a46e057d453ac6c3cd493d7b,0,cache/models_000700_000703.pt.gz,cache/predictions_000700_000703.pt.gz,1,13.81219850690104
candidate_000702,702,9311702,49851b798b5e79d179f7c2cc0f39bf590b38a08a3a1d0066b45c10c4fe3e93ca,545d25f0292d120f73dc9ca4ec64845e2a53f528e48a09e31965a086b2f53406,07b8b6f6ccf7fd016079c8a6ea4f8a5e4a803839478c930a9f7ccd2c6c633ba4,0,cache/models_000700_000703.pt.gz,cache/predictions_000700_000703.pt.gz,2,13.81219850690104
candidate_000703,703,9311703,d412f5dc8f85f596fadee04d8e549b051289656dff704de33af87c5b4eb7a6c0,cd3de3bb97cb76ca98388b10dc9b319fb4b1cc260e0ce5826386f89327577716,35cac65c1944fb24b56015e8d896fba1b9ef3295cc1ea162e8fc8d6e7227d32e,0,cache/models_000700_000703.pt.gz,cache/predictions_000700_000703.pt.gz,3,13.81219850690104
candidate_000704,704,9311704,60d46070c8885666bf94d76acf9630f20dcdf5ff957057848f7f3302af4ef619,1923c87394b4a1fd6851b48e8289bbddfdf3c2e5508d0fb76b65724a1565deae,8abb7fe27c211a930b56d6ceb26a7073cd9710e510137f8f22bedc4d64dd727b,0,cache/models_000704_000707.pt.gz,cache/predictions_000704_000707.pt.gz,0,13.803567124996334
candidate_000705,705,9311705,0e9a5896a2509a9ba85ecd7170a340789ac816ba995903feda345ef56e428906,73c69a327fc4f8b56d48c4380a817a79782491a0401b03f0124911f5f060c25e,e5f3e8f7f3546bc082432bf8120a67dd707165c549c8c90e9dde3d1913766bcb,0,cache/models_000704_000707.pt.gz,cache/predictions_000704_000707.pt.gz,1,13.803567124996334
candidate_000706,706,9311706,5ebbe3bf518d57bed45be019f7cbb3982a8d1ef340389318eb0efeee560fa7fd,f92e59141c290b2202eda656eb26635e6c5b19e36bae19e7cb1dd8535ec4324c,c5eea587382cda12b6d2b862fa06079cd5c7b059476816077fc945c713546f6a,0,cache/models_000704_000707.pt.gz,cache/predictions_000704_000707.pt.gz,2,13.803567124996334
candidate_000707,707,9311707,5eaea969058591040902caa00221b718e150de4a35c57dd5423c618acc3df4f3,99f0ebc0ef84d448190807d2704b2072895db1f555c2d6533c9da06733810317,df37c805c5976a469dffaabba98edd523ed6a3ec5dad1d9249a0e1d85fdda615,0,cache/models_000704_000707.pt.gz,cache/predictions_000704_000707.pt.gz,3,13.803567124996334
candidate_000708,708,9311708,420cd7ca86f13a761399dfe55ae20efc69a06aea86ef9cec7f6fa273b7d9a8bd,0e6573fadab18b4888080fa1d50fba37e6758ae7790f567cd1e7fc6ce20f496b,846be253bb0e95b8f4bd8c0b92cc696d68772788786fb72570e854511caf9158,0,cache/models_000708_000711.pt.gz,cache/predictions_000708_000711.pt.gz,0,13.802958291955292
candidate_000709,709,9311709,1659cd84df866f2eb3ce0be9036eed3ec60bef093c7ad604a61db8b51e691f25,93868fa851bff245243a1446f032c46930121f1965f47416f40641baf304d73b,1950ac3f57d5c889178a7e15463dfb3c168ec815651ea51d2bd1a3d0721855ee,0,cache/models_000708_000711.pt.gz,cache/predictions_000708_000711.pt.gz,1,13.802958291955292
candidate_000710,710,9311710,18f71ae2dfc359eaf0af277b149f6a5c0bd408fef837ddaa8e239e43ff3feb08,ac485b20978daed465cae2aeb7555534cb4495ac491cd9b11bc40595729e6e6d,267e1726de3f78e29e20e2caadc057842ff58c6645467de079c008659be3a059,0,cache/models_000708_000711.pt.gz,cache/predictions_000708_000711.pt.gz,2,13.802958291955292
candidate_000711,711,9311711,5ca6c84a219880cecba967342d825f6837d7b7eb0eb614a80e2bad862c200564,5d695a03298b7449fb9d890c07ea722f13878de401b0a5303c534d6232d2ab90,528577766cb99f659f0ce215c2fcc87ccfb4e76b10b27bf72360186283cd886a,0,cache/models_000708_000711.pt.gz,cache/predictions_000708_000711.pt.gz,3,13.802958291955292
candidate_000712,712,9311712,f79d0443e5efcbc2bf9130327d41c8ab73dbf54b43dd0a17b3cfa3321b6c72a4,33619c828bf6f067a811bb576016abb11d000f3f5c032e92ee89e4363fae8729,2f07ed2aea9c1a75c9cb5995cc4f76705b6c42669f689e804ac94d51da9ba9b6,0,cache/models_000712_000715.pt.gz,cache/predictions_000712_000715.pt.gz,0,13.821695483988151
candidate_000713,713,9311713,58bad2f5fa1163245feeae0f09344ad077bb904e23ee77eea765320fcec3ef5a,c8b6eb0a8281c4a5ef651c43e2bd92ab37b1c3e190d5657ef732fed888d914c8,f901748ce566b0b32c54c251d2c1a79e27738ce55dd8bfd3a03509f6a8f17c76,0,cache/models_000712_000715.pt.gz,cache/predictions_000712_000715.pt.gz,1,13.821695483988151
candidate_000714,714,9311714,2cc1916eebd57789360244e09d2787e8983b915a9f45ba70f8a5f987d48d2983,5280ea6eff9ce641935c39b2e66327461654ab7226d5efac5f9316b84ebf3d95,2e9e98c508c384510667ef68cb0778c099da6109cb98bf675a9fe3adb02ae327,0,cache/models_000712_000715.pt.gz,cache/predictions_000712_000715.pt.gz,2,13.821695483988151
candidate_000715,715,9311715,066a7b9449133682d3f5690324c60713649f3e150f99c6b00f4144028bb99264,cbf01eb57103ae9d022977e828bd04c569656e4fb11bc319a8730b6cb609fc26,5a25f751d14c4e9b471b59146a7a93126e12f59a977b62de573290f4b3b48f9a,0,cache/models_000712_000715.pt.gz,cache/predictions_000712_000715.pt.gz,3,13.821695483988151
candidate_000716,716,9311716,e6a2573e6094724c5daa9c197b8ba6cfe487597e7c0765bdf27d14a1dad5b226,49b04ecc71d5070af5ad99e187eb6d9729a2cb142542ccf5e2e583186de6a278,5be5f3028f727906146a1c3cda7f76585ca316e7328d0cfad7315405f29b837d,0,cache/models_000716_000719.pt.gz,cache/predictions_000716_000719.pt.gz,0,13.819600573042408
candidate_000717,717,9311717,0b481e206bc3f579e16a046507bdd26589213ed3b578fffd0184958c57b157da,8975fcd66aa0b93f49d7947bc56d0dec9d8b317be70f22d467c711c908df63ba,27312ca3df2bc51e13405b265f67eaac0b660812ea8bbfcacd7c2cf6ae283eb3,0,cache/models_000716_000719.pt.gz,cache/predictions_000716_000719.pt.gz,1,13.819600573042408
candidate_000718,718,9311718,af235fce3e8da69a305aee96d76c71ffe658b5d5b3d78c3e3158598711bdac6d,45b9d9663e5c4b17f2b642536ca2f4b6ae7e90c1efe01f4aa6ab9e18a017c66b,8868e27eb39733f55398e093e2c412319ffd8c4ba50d1fe5338813b8ef25e81e,0,cache/models_000716_000719.pt.gz,cache/predictions_000716_000719.pt.gz,2,13.819600573042408
candidate_000719,719,9311719,e562bf2d45a4820bbba49f8f2edde8ae76d32b977719003056b2843387aee354,934a9625af438d9fd8ae841b31e481e0c6c44872166f8a4366406868fa9a48c1,438bd5d2991bf759a10a9458c0b60702691317c99e9f4ada28a162945bfad17e,0,cache/models_000716_000719.pt.gz,cache/predictions_000716_000719.pt.gz,3,13.819600573042408
candidate_000720,720,9311720,9533dbf50ec4ae5047c17d7351e605f3e1b34ce2604acddc3b07d5623b85455f,7d8c3d6456c6f4ad4a7ed790f59762a9ac21c85701fac6e3550750b4d2738ab8,a3bb787e8eb2ed2a561aaba26ac45a5c8e7f7de44be495200ce3495af27b9f9e,0,cache/models_000720_000723.pt.gz,cache/predictions_000720_000723.pt.gz,0,13.845000389032066
candidate_000721,721,9311721,ecef09b7ddb224e339f556a4937e1f9758140ff0ab36081c997aa897c18d284a,2b6a01c1e391c2068fa78dce679547bdd125718ff64cabf940794960de695b4e,a8ccad5e86f300fcb890b2170b96da516308fda4e436082bc32e01ae60127b10,0,cache/models_000720_000723.pt.gz,cache/predictions_000720_000723.pt.gz,1,13.845000389032066
candidate_000722,722,9311722,2cefb52f7229dd4ca2999c3b941b6f90831c205392c6d6569e76fbe0e6d7af7d,ead77e82e0d38cb2061bd715fdd3cbfaab0b90c6613d304e3cae843bf76e25ea,700cbc57024dd8f85090867ff8aff5a64bf78d19be5022a4213a875e735ae0f5,0,cache/models_000720_000723.pt.gz,cache/predictions_000720_000723.pt.gz,2,13.845000389032066
candidate_000723,723,9311723,c83f9a123cda140d7778e5baca175a8b84785e7ad93c02037ca95f6487914ebb,dbed998d1fe924016b50b240fb96fbb8af18d3ac0cb638f2a76295f523445def,72e13fa6c7a4e7cc97b2d93061b564f5ec36c7cf4e41c4f8d321687db5b9a778,0,cache/models_000720_000723.pt.gz,cache/predictions_000720_000723.pt.gz,3,13.845000389032066
candidate_000724,724,9311724,15f56f771e05ca474cb4503a198171abf712510fba9ab8542d01135007f87d9d,28f7ec3801430aee70fa06c5969e00c96d849782c503c94e09a96188705d9f0c,62440868b7bc75e07794cfe5ba52d71b0d4f7f63a81605f8347e23594e8929d8,0,cache/models_000724_000727.pt.gz,cache/predictions_000724_000727.pt.gz,0,13.794819597969763
candidate_000725,725,9311725,d1d1dfed9f06ffb513f6d29936077931083bf566556a226c5f44326b79668b5e,f6cbbd3f610cb4f8351b9208680d4e0503368f3f45c2a44d563f50af9d8ec8b7,c89d8d7e24c65e51d6eb7bf7da183ab87487d4d87b346d2b9abe8c3e45e3b804,0,cache/models_000724_000727.pt.gz,cache/predictions_000724_000727.pt.gz,1,13.794819597969763
candidate_000726,726,9311726,2232b4b9848d2e4968b55d14fb83a6bba06007991ed8df57b463f0f1bb9510e7,e27aff04106510a937b19a1f4e305034fd367b03ecefbd5fba0af0cb9c71cc70,9e2865e7a147602bb3a55a87232ab7d516f8d1510a6ea670035fd8c9e0770123,0,cache/models_000724_000727.pt.gz,cache/predictions_000724_000727.pt.gz,2,13.794819597969763
candidate_000727,727,9311727,6654e092aa0f171bfedba2678765b5e0e40e7689bfa4d82ac3c95a12e7767899,1273e6c6df6636ede446d1fa03bb7bce32cf47a8482efcd3462433090aa15dc2,14a3ee85602ae0ba15e7d246a096a2dd83aeba6f0bbe9674d7e366db86370af6,0,cache/models_000724_000727.pt.gz,cache/predictions_000724_000727.pt.gz,3,13.794819597969763
candidate_000728,728,9311728,abfdf990e331eb67ac6b034593c9cbdd142896fb9cdc5b1a0609f45f077eefe1,97c157cba7c960fd6360a34d2710af4fb83678287266a36bea0f96217bf785cb,a4741feb80eca5bcde6820e4de9d85233f9d25290dbb85ae490818dd58f27c90,0,cache/models_000728_000731.pt.gz,cache/predictions_000728_000731.pt.gz,0,13.860240136971697
candidate_000729,729,9311729,3bc20ec5e7b15ca8d3557c13f04e3e91f976607da595c034573032fea795add9,29c08065cbde1755935185832ddbe937a736f34051c0abb0a90dcaf9d54db9af,d5619bcfada8d5758c4803f2124316cc55c12f94340b097eb9637af05da77461,0,cache/models_000728_000731.pt.gz,cache/predictions_000728_000731.pt.gz,1,13.860240136971697
candidate_000730,730,9311730,be1cdfb9fa7c97ea7572bba9ff19e5344a397be6be60f032c7c087e6650ac6ac,ccfa368fe410050964336b9300237e87f31c971ac3d19dc2ac589f2451791864,1f3e99fa410a2833fae8fdaf5362c49930083ba41efe53c7a013ca171d7edb1b,0,cache/models_000728_000731.pt.gz,cache/predictions_000728_000731.pt.gz,2,13.860240136971697
candidate_000731,731,9311731,dd4d39b1edf823498bd3fee74ac521fb24e3fbe2107f5d4d37e7253381ade5f8,3a267990439d86df780318e328bf9c5b4b3ce5729f5be24c24ce9db0231bad89,658f20e15a521538c17dec8bcefba17ff0d52beba24d4e360424b0d16854b6ef,0,cache/models_000728_000731.pt.gz,cache/predictions_000728_000731.pt.gz,3,13.860240136971697
candidate_000732,732,9311732,840616f4a3c36fff3f29ffb28eb9197e5f067a7dd33ef05ec984b573b246f4c1,a06e526eea417746568800700d3e23dd44f91261e6dde9ad4640feb93bbe210c,e136f91e193390ed2ffa6bfc902010fe325879cd000a4b2cbb011711068ee75c,0,cache/models_000732_000735.pt.gz,cache/predictions_000732_000735.pt.gz,0,13.840512680937536
candidate_000733,733,9311733,0d186cb097412aa424d54a62ca8086e7a2b41c13f0398d5bc0e38504846d6a47,80e5fc158c27574a23311f1e38054ab42c2643f1694b302b23244c6f5aa32346,c53cdf70496bc461ec736109129eaa2b80c13f13edde5865db437f298e9a113e,0,cache/models_000732_000735.pt.gz,cache/predictions_000732_000735.pt.gz,1,13.840512680937536
candidate_000734,734,9311734,0c1f75d3494f54a85410e345f2a9e9c9abd993a0d6aaad73f4e0234ffa6d82af,3430fed50307aec94f805417540f89ae1e45cebb7853fb65c40e1c2510394030,5d3e5000c9fce406c225d201b86409554144ef4c003978f7215531be0cf9727a,0,cache/models_000732_000735.pt.gz,cache/predictions_000732_000735.pt.gz,2,13.840512680937536
candidate_000735,735,9311735,20384136dd782236ba3420cc5679d11cfac11cdb953eae45233cf19a3b7448a6,78cb8f72fe90080fc7608bc13a592dca5961828a2e31c580397226b6a2571d7c,d167a64dd6d0aa06dea61e6251618d5bc6ade2c41adde438a44b90ac77474c73,0,cache/models_000732_000735.pt.gz,cache/predictions_000732_000735.pt.gz,3,13.840512680937536
candidate_000736,736,9311736,adfec83f4fc3e29ca219991910bf42e41841fa8d93faa3b22483bf87b24d463f,3e4652f4f84679e58563d856a48668944e632dc3213fd919ef95f06970d93db1,79eb3a2dacb7a9568cbd177c2854459cd4875f2922464b84ac7f2d3b7aa06456,0,cache/models_000736_000739.pt.gz,cache/predictions_000736_000739.pt.gz,0,13.819219296914525
candidate_000737,737,9311737,36ea1462a1e593f25b4d0f1b8ab9e621f2443603f303b7601a79ff12813a3eea,be0ad67ebd963b996c6338376822d63af4d67019a771b7cd6f14d11b67618d86,5002d40b08e2404ad621152be54935fee119c7f15785a52346f92c0184f715e1,0,cache/models_000736_000739.pt.gz,cache/predictions_000736_000739.pt.gz,1,13.819219296914525
candidate_000738,738,9311738,9b94328e7cd6f36274e7ff41a471666b9f427dcf344a1cdeee635fc4fb62748a,362bf46af0213a051f3de3a0cc3f8d0268b848be203bfd653d3a12742ef486fd,99a9f318093000d7655e10b2ad0048e264c2cf9f5fa305757b62560cf27124a0,0,cache/models_000736_000739.pt.gz,cache/predictions_000736_000739.pt.gz,2,13.819219296914525
candidate_000739,739,9311739,337b10e17a39c52ff283a1ee16fb1ef34fa9993574311b57b1e3bd2c2d1d9a7c,a038127e8f7a1f8fdfb55381d86feb33667731fdde65b44ac765d8356708038c,f6ef49d008685778d1c0935bdf8e72de92d25270d421d2ceb821293113b6e753,0,cache/models_000736_000739.pt.gz,cache/predictions_000736_000739.pt.gz,3,13.819219296914525
candidate_000740,740,9311740,170c53aac9e65d5e1c12eb11e0166352d27d9444b70dbb0a345d00ad1ea93c9d,0125ae5704120b208271a1f0486d4d9264729036cb3b2a705e96b174a7d8ae7a,e6f559d328a9cc2532e81d99297acb86809ef22c3cb1f21c6c05f234b08e6438,0,cache/models_000740_000743.pt.gz,cache/predictions_000740_000743.pt.gz,0,13.790214858017862
candidate_000741,741,9311741,743da4e8af72cd48da7e8b9de610b8aaf7d451600354b671791a7bb5af86c8d9,33e79e66274cf9631bfd93d3af8ffe8e89a4a6ee5275a9ad951f964ab2029025,0eda3a95e31ff55afdae0d873656783852dac81c295ab4db0842cfd20c059296,0,cache/models_000740_000743.pt.gz,cache/predictions_000740_000743.pt.gz,1,13.790214858017862
candidate_000742,742,9311742,4fc34e73b96096427f449a9c7f1a2bfd9e8a9665c2759da43454f77fbb5fab73,ff18a4431670d29cced6a51f3c9f06d90bce95c6e9cc7030606ccb829a0efeec,648d49505917b22b93dc9aa3efd4a3751bb7ac4aad0a683b54c9569954feb2a4,0,cache/models_000740_000743.pt.gz,cache/predictions_000740_000743.pt.gz,2,13.790214858017862
candidate_000743,743,9311743,05c01ded6f430e5f289c8f90eb4f228d145ffed138eeadde613350348a5e4b93,c5b6b99cbf2031c7e51a7f9e42f8cd326623f0a722705e2700750f77c705110e,8f70275d56021b7dc1c7af4bec1044fc9d853b35f4a23608a0b4e167ff5961a8,0,cache/models_000740_000743.pt.gz,cache/predictions_000740_000743.pt.gz,3,13.790214858017862
candidate_000744,744,9311744,c419752297eb7a5071e0cbf7dc4b251f7647b211a394669989f2c83feb239933,3d074ed22db2216edd151394080779496aa847e1e67476ef52e8384c8e5a9a2e,bea2b63568de182433010e0ac71b46fd93e58dde20f5fc859e73d49068a2c603,0,cache/models_000744_000747.pt.gz,cache/predictions_000744_000747.pt.gz,0,13.807245144038461
candidate_000745,745,9311745,98e68a7315a2130bc9f73e1674ded672768ca8bac87bed1a60331814679f37d8,8e4493ac269265fafda41a8664c372082301d9f1674e85e80fa3d4b07acb6ff9,c225cc5ac341b4e63ddeddbfe6da1c43b0b2e4b083bc76d7e58dae6e2b5ccb5d,0,cache/models_000744_000747.pt.gz,cache/predictions_000744_000747.pt.gz,1,13.807245144038461
candidate_000746,746,9311746,fca56dbb9c0bb76499d7de3d4cd83206871a2fa3188ac72017a9a706e4c4c52b,65c2eaf61ee07a9d8a41149155cd713560159b146509cc05ef71c7706a023ce4,19825c8f4e9351f17c9f4ad74895eedbd1d3a9d066272ef2020585a495653380,0,cache/models_000744_000747.pt.gz,cache/predictions_000744_000747.pt.gz,2,13.807245144038461
candidate_000747,747,9311747,5a5eca3a8c5ac17689f712d4bcba704c44ed0393e8d23ea65c7bfc5401001823,06e310a83ca5b93c42d386af6717f8d4281e0ebefacdc375ae656f8b2c8ce51f,52fedd782d6c28a8490a95c0c1d0b84bb7889011609026820c6bb442ccbcfa8f,0,cache/models_000744_000747.pt.gz,cache/predictions_000744_000747.pt.gz,3,13.807245144038461
candidate_000748,748,9311748,09e54c968bee627cd218814d9b346930cfb5161258595da86ce6f85056616546,8d83f855bc4422a1826032b93ef4b39ce0d55cdbfd59a133f5195fe4ff8ec5f3,3067bdb85888849e5bf8a1004bebe1b82e0f8d764c2b67fd8eb44cfb6e9e980e,0,cache/models_000748_000751.pt.gz,cache/predictions_000748_000751.pt.gz,0,13.889905681018718
candidate_000749,749,9311749,aed078e720a94528ed1cf9bffe561d145dc75b5868179ff481dbf51565b45736,87612be127d040f0d673a58bcd58d6c9f3067916760fa5e192a3dc66d8f79db6,0c6d7651562b37fdf85c0ccabc7f6436da4658681947fff4fec265d8098c3025,0,cache/models_000748_000751.pt.gz,cache/predictions_000748_000751.pt.gz,1,13.889905681018718
candidate_000750,750,9311750,984d8c69582d3994c66f4a87e8ec4af180321282e801cbbdbb5f508a175376b2,aeeef0b822a046e7e8ded8580cd03f5519b0657f99580a65fedb935a87dbafcb,d9ce22d0e34beaa40bd5d246cf6fa59ed7673e0f6faf75674912e2a664e3137b,0,cache/models_000748_000751.pt.gz,cache/predictions_000748_000751.pt.gz,2,13.889905681018718
candidate_000751,751,9311751,7a93d85956a35af8b95406aa523d2527ee231bec60264b10fe8a4632e1aa3354,ce33af733d54f1f8e5663c18ef19ce792d0c9d221394a555c305faaec27ff34c,518be22f4f2b102e208aa13a0425fd42bbe4c54662e2b56bb31ab3b8589dafb3,0,cache/models_000748_000751.pt.gz,cache/predictions_000748_000751.pt.gz,3,13.889905681018718
candidate_000752,752,9311752,a31a30aba70bcf18772fc0f2ac47e7ef42e8a793163b87d5dd1704627d047203,f793b5de8770ebfd304c91967e5d8197d9f68895ab90bf3521058c9bc4cd76e3,ea7fc0370f607939ce481f9247c0d6fb393daddfd84e0ca47b6ec816265a6215,0,cache/models_000752_000755.pt.gz,cache/predictions_000752_000755.pt.gz,0,13.754866612958722
candidate_000753,753,9311753,a093a1a3c2a5680b836e062091f2fa2f0ecfdbc31e6c4ddb7a0fe262a83cab24,d7271e1fb957e1004b1df484a1147140271cf09c2f5448eeb6ce0f361e9ae0de,5eef850ad6e8e514dfe656eaacfb6f087278581f94acb1f2be4135dbffd3f60f,0,cache/models_000752_000755.pt.gz,cache/predictions_000752_000755.pt.gz,1,13.754866612958722
candidate_000754,754,9311754,5a34a9a26dec9ea2a65155bead3d246f8c621e79da8c9f6c29cd84fb68be0ebd,bb1c705665c27968deaddc844824bc43ca3ad217da2d757d4eecc8c111eb3c73,dd69b7a8a9654df6cf0a97412a7e8a5749b9a35e9f8c1ae6527445d934375803,0,cache/models_000752_000755.pt.gz,cache/predictions_000752_000755.pt.gz,2,13.754866612958722
candidate_000755,755,9311755,ebd1ed8ffb49fcbc75eddb8c6ea9ec3ec333d66d6083525c15d8d55db97b8836,e8049096be92b1be03b7fb45ac3e2f7ce20a7341a285746756381182ec363c86,32cb03f796747b422209872cccd6c01faa2cb60184247141aa86edd6466ac5e0,0,cache/models_000752_000755.pt.gz,cache/predictions_000752_000755.pt.gz,3,13.754866612958722
candidate_000756,756,9311756,2b4d484a1d74bdc16305906fd97c5dcf0e7b5201ef6e542d80029129fabe9153,5a156ccfecf8d8ab08f0b7131c71eeff088d97541a098e1a77bdf9e30804a8e3,56793ca36f2e337028abd1e9bb01a3039699509cc4b82a6ffebb5e9edb74dec9,0,cache/models_000756_000759.pt.gz,cache/predictions_000756_000759.pt.gz,0,13.838221119018272
candidate_000757,757,9311757,3722f71d1216f6cd2ec171539a351e8de301476ebcabafda2a18ad52beb61442,b149c105a3a04e3f14206098eeea07e19469cf840b42efbc5caf2c8ad4fb26a6,d7f50c61e1209e9a03cf6150404e2ad61d2cd21902519150909164f95ab01907,0,cache/models_000756_000759.pt.gz,cache/predictions_000756_000759.pt.gz,1,13.838221119018272
candidate_000758,758,9311758,863d90488fcf71bdf39db0954be9ec9ec89c1b28f78fa730b60c9cd2905139bf,d3f9c35ac15703ef345c6a67a8605a938475f79fc19765e1d884ad9f03a580d5,eb38ec824f8f7f4d08652a810d2e1bbe63a2e77a633c89793a05ce0dfabbb85e,0,cache/models_000756_000759.pt.gz,cache/predictions_000756_000759.pt.gz,2,13.838221119018272
candidate_000759,759,9311759,90410c227a12e758317ff1cd07ccff1230eabd69e212725b3d682beb668a2330,2791a72601316e6e9454f1e6493ad093bb171b2e91b395fde2284d4ddc50da69,88885152acbfb1852b3e6e1dc91e9a4e90be2f48e230b5c21314ad59ad702221,0,cache/models_000756_000759.pt.gz,cache/predictions_000756_000759.pt.gz,3,13.838221119018272
candidate_000760,760,9311760,950585310e4fb8b4aefce36e502766144db8915495ede440851456585142a323,c3ddb6bd1c8f1c16d154c02f2eade2393e4fe824d507a0f13e237c00f8cdc5bc,d0b43590edc29e78865c15ccfdfc7b515da3f41e7925508162c2caa359d26a8a,0,cache/models_000760_000763.pt.gz,cache/predictions_000760_000763.pt.gz,0,13.851319056935608
candidate_000761,761,9311761,9a9b9d8087fb669fb6121b2c5688f2b166df3b4a5170c1af424d5e28ff7a7719,1a922717170cc4ce0c6412941d0c2c4f3d91dceeef60ca4cada283c33c6c5c99,b55bda0e76a51d7be522bee347511dad1084f34076ff711a5ae4a48703434697,0,cache/models_000760_000763.pt.gz,cache/predictions_000760_000763.pt.gz,1,13.851319056935608
candidate_000762,762,9311762,b8e2283d2461ef35b0138c19e6bf8347be0643a034f992b7893073e5b1e9c033,054ea046b61fee9e39c653cef51ab937b4685aec4d33e788bcdd229114806884,790e1192fea0adfc6004231dc04a26c3ce004311d49ad03eab05fd5058273467,0,cache/models_000760_000763.pt.gz,cache/predictions_000760_000763.pt.gz,2,13.851319056935608
candidate_000763,763,9311763,b86c887f57d619f4fd5bd74fafed8511c31b51a8d66d4e59fec6c87f8c97dc5d,27e9925d5a9af18e2900cd5dc67ce1dfd68f3d26b5bc6c211f7e312119fb29fe,bc9d78733b4c38531dec2b8430a4c665cb4ac8c94c053f418a850896e960c5b3,0,cache/models_000760_000763.pt.gz,cache/predictions_000760_000763.pt.gz,3,13.851319056935608
candidate_000764,764,9311764,256b2a461929b709f505313152578204ec91b9fd4130e412ac77ba26c010fa74,2727fedc6f0bc833928422b7f61c837e4a18591bbda17769519a322fbf2ec9fd,971fff7f6a87d28a354798ef2dda8c65f0ea9364c0a37fd82298ca1aa5b2a8a3,0,cache/models_000764_000767.pt.gz,cache/predictions_000764_000767.pt.gz,0,13.838519370998256
candidate_000765,765,9311765,a9df3d2d15534fbb070db467e4828b7e0aaf4020d9d56c7967c7ca944a19a3e1,86f1c6fd85d4323f51a06c948e7a98f3239152cc37f6a2e986e74ed8b84d40fb,f433390426fca86fb837209145a1644dcb4f864c912d1400a7b2ea5816c0b50a,0,cache/models_000764_000767.pt.gz,cache/predictions_000764_000767.pt.gz,1,13.838519370998256
candidate_000766,766,9311766,b8790954e5044513c619d8776dbaff4464124a9e08e15d4ca5d3eed9f27da820,3477adcc08e052cabc069bc03d81ecb2f9f57d1e5597182a9833e3a6a008a609,4195aab3e60c1ccf44302ebdbd0a75f03dd8e0666e0a8afbe12c99578c642e1d,0,cache/models_000764_000767.pt.gz,cache/predictions_000764_000767.pt.gz,2,13.838519370998256
candidate_000767,767,9311767,12a1091c0ee0e1ccdf31b870737f60964f2ef333d66ed0a75280507a5e3b3fc1,dba53e471c83b21a18a5fb55d57955203983673c05f20bbe38573fb5be3021ad,44c07243a29173e21aab17325d179e21f1f43990207e834faff18613179c4011,0,cache/models_000764_000767.pt.gz,cache/predictions_000764_000767.pt.gz,3,13.838519370998256
candidate_000768,768,9311768,d6787426e81b940e92073b5d55a1f4fba1972693f43771a0a9668edebd345692,5842aae7b668544b1ac541a013aa2ebf9fb320d4587dbb383abbe4231c5200f6,d2e0789a2ee0cb326aae509a48718e4ecfd0fb63f74a28501003b32924e405cf,0,cache/models_000768_000771.pt.gz,cache/predictions_000768_000771.pt.gz,0,13.799083405989222
candidate_000769,769,9311769,1fef328be38905fd88e4030117745c80bd7caa7b8dc25f3484521e722d9f817a,ebada8e21c84e2d263fbbe414622b602ec916a7d9e4801415afa409308989dcc,4fee55a60c09e2470f3cc54f5dd11c0db71731aa3f381f7865fc4a3fbf7ca738,0,cache/models_000768_000771.pt.gz,cache/predictions_000768_000771.pt.gz,1,13.799083405989222
candidate_000770,770,9311770,599beebeffedbec8c920dceb53a62e7e6426b06fdce27c51aca4624d68421ee8,8cad49e45163a54db272f530104c17b6e3710011ba975c13a089e915a569f0af,41b4ef68b036366b217aa59e21f1d3a30885f4bedbd777c3376c6943f679ca2a,0,cache/models_000768_000771.pt.gz,cache/predictions_000768_000771.pt.gz,2,13.799083405989222
candidate_000771,771,9311771,c4f4c0ebc63e8db34cd9181116efac7e689e3b3c1667f2ac338856f6145e4533,73acbf416f8a9875e2ba6c7d8dcffa97438ff83274a640445b9bd6bb4240d610,20fd53f227b0c7ebc533feafaa2617e813e1ac1edf3d4dfdc3b966b4285f2fb9,0,cache/models_000768_000771.pt.gz,cache/predictions_000768_000771.pt.gz,3,13.799083405989222
candidate_000772,772,9311772,5c8be9fe8ddbefb60073ff0d78fd682ac816e72b900e4ed92bd6cf9680208e49,fb8b98a06f8883c82d3c38fb9041e463d77634f16096bdeff9e0ccaa07a32a91,2610e7be83dfdd53e13f5ea1f3c09c7a8bf174a5c7fa8d487cd0ac23912274bb,0,cache/models_000772_000775.pt.gz,cache/predictions_000772_000775.pt.gz,0,13.792531743994914
candidate_000773,773,9311773,2c669b02ef16f94df8bad89cb24cf1cc217509013ffd8455ee7b137485fe635f,cfa44f3e82249ae2bd3e67962d5f5e68cd4da0675982b15f7de0d11ca36d66fa,b52a31a67b505f73202432455ea777c35c8a01e30c6dd8d44c1977cf9696d73f,0,cache/models_000772_000775.pt.gz,cache/predictions_000772_000775.pt.gz,1,13.792531743994914
candidate_000774,774,9311774,69b1ecc35778f6fe1133d6cd2b8fbbf32969c7c9e03cffe0a0098b7fc3dfeb42,a7aa6aa228cd4a1e84c358ffceee0bce4a78828ace687f4f4a82ebc5c5c2a8fe,9aeca7cbf9b76427d48bfd900b5529624148276744ff563926a80e07629d9e2e,0,cache/models_000772_000775.pt.gz,cache/predictions_000772_000775.pt.gz,2,13.792531743994914
candidate_000775,775,9311775,f4f4ca08864ba5b2b86b492877cbbbbb4035a296ad7aa534e9339908a2bbd775,611f9bbae5b5f5d2f92af39ca298d9dcb37f86829eb04481913cf0d9c0f2e1f0,e0d41cbf927827bae3ba3c0956ed7a18dcc13da330ada72656852a7f954de1a2,0,cache/models_000772_000775.pt.gz,cache/predictions_000772_000775.pt.gz,3,13.792531743994914
candidate_000776,776,9311776,fa701d94706a87a5ec5ef0321b848f8fe700676400d6dedd0c4455df8db18ce7,5df5aad2b82441300dd86c632415d99ea06ef385ed5e6183bbadc67d10c1119b,841f23490161a68fdd0b8fc577304002f19f65464813e3c1f8e11669597c453e,0,cache/models_000776_000779.pt.gz,cache/predictions_000776_000779.pt.gz,0,13.843851568060927
candidate_000777,777,9311777,a17a18981bcd40b6853847b7935a1aa9692d42269c5088c20a983144ebc20ea2,31a8a930a8f4c0645f0bdfd3af147f2893835f63db9cc7fd2a8a0248798ed466,69f2d2149b45ae78a23d835b1c7033662af62cfa14d23a01ed041a3737ec62e4,0,cache/models_000776_000779.pt.gz,cache/predictions_000776_000779.pt.gz,1,13.843851568060927
candidate_000778,778,9311778,453e1deab44bf22e4fb7b41257600ead1eea740a99e71b1dc21b0717e13be62a,1f0baa04955b388205b940a177834a08c79260394c44a32b0f889401ed8a8e2a,5de00e58a2747d8867d42e43d1af13f477b1a0541b8d3458d457c83afd5fc203,0,cache/models_000776_000779.pt.gz,cache/predictions_000776_000779.pt.gz,2,13.843851568060927
candidate_000779,779,9311779,481560e974fef3e2a99a13bf90e5db24ed76c854f2bf794f9793d38e25325dce,c258615f1beb4cfce51629d089ede916b0294e4bd6c47e5df8b333a7c0146b16,e3d195dc0cd5925f38e5e0b1a0d2a005aaed1d7aebd3afe7a084a3a8afa96360,0,cache/models_000776_000779.pt.gz,cache/predictions_000776_000779.pt.gz,3,13.843851568060927
candidate_000780,780,9311780,c0123a052d4931c9fb4f538c528724b9c1221bd40d69d8c91aefee3bd370f841,371b4b751e7299151cf07310ccdb3ab44cc3f29dcb4f5bc7dada4e76b7101449,4995c4cdfa681dbd9a1ff0501338252289b09f9272463573d1ed2812257a068e,0,cache/models_000780_000783.pt.gz,cache/predictions_000780_000783.pt.gz,0,13.879335068981163
candidate_000781,781,9311781,44e5e8b0998b1b3a32bd482e411e24a0c6d88fb185dbc4ceccfb64840993c9c4,c21fc3a7945867eeacbc9ca73bec70ef718b6526d712b9994455a063b7c44287,b9004fcefaecde5494b56fdececba4ac978a31b36ee8037c0267eb049004b0a1,0,cache/models_000780_000783.pt.gz,cache/predictions_000780_000783.pt.gz,1,13.879335068981163
candidate_000782,782,9311782,f1e348bfbd74003d918d36696ed817b09be2429d9b16107dd6415082e1ef7e52,968f992c06efc5451dce42d3219df4bc8f0ae937ac01fd4d5df634ad85b7ac2b,3faa49a2c2badc59ff704d44e4883804462188221e54b298e114fe54592f9c9e,0,cache/models_000780_000783.pt.gz,cache/predictions_000780_000783.pt.gz,2,13.879335068981163
candidate_000783,783,9311783,b6ab0982b0a85b2f2818b2e60ec8cdec07ab21fdb47c55416d9629b13bd7fe26,d6d90d252ff512e8ba98550bdfcab4f9d28cbea286a1b61ad676f0630685de8f,be253d36a340431f63dcc2358b8c6938e2e648b39821b1021748025d82564772,0,cache/models_000780_000783.pt.gz,cache/predictions_000780_000783.pt.gz,3,13.879335068981163
candidate_000784,784,9311784,60f53e4d399b6b2210819a295bd6dd810da1390d58d7309d5d6c86c71df2ed5d,624879db90bd601b9fb56296113b785e1f3317384c3f8415a9efee5c76fcfc29,ba509063aecc5762ba28dc9566a23de1df89568c502722259a61cb8c69b28c84,0,cache/models_000784_000787.pt.gz,cache/predictions_000784_000787.pt.gz,0,13.763577131088823
candidate_000785,785,9311785,92b3f3638b6b0eaba778980697733647cdda73a3332f83771ebe3ee88439c73c,784ded3a494ab6c5c7f6203c3e74c1cb31fe4095d2209837951eacc77dfda304,5b41e52634274fa215389e4e42d025ca3f6a95413f1a069b905ec08a689b6e4f,0,cache/models_000784_000787.pt.gz,cache/predictions_000784_000787.pt.gz,1,13.763577131088823
candidate_000786,786,9311786,85ad93690dbe106fee32990196dec1ce3c40c4a0374fa80f2c058eeafaa7810c,0d4df913e99c0ab682bedc0760ccee161949bdaffe088b4a0810838a31c31f16,c1583e9a8db017056e861ae2d68ebebe695a85c733d21c7b54722d5e6f4d76bf,0,cache/models_000784_000787.pt.gz,cache/predictions_000784_000787.pt.gz,2,13.763577131088823
candidate_000787,787,9311787,d4ce3cd8b0294779f8fc0b8f75482afcdecd5927f5db1b7d3bd3aef49dda040f,12a2141720d2ec6a98e9d7504349f6358cc8543377abb48258be686162003f0d,a5b5e411107202dd7a7722d3eb908b8c4e40c8bf306f06cab092452d34b22da7,0,cache/models_000784_000787.pt.gz,cache/predictions_000784_000787.pt.gz,3,13.763577131088823
candidate_000788,788,9311788,067a81b57265ec98917b8ab9587410d2d3e032757c9703e3cfe3493adf984c65,1e31a7b3cdfb2068391be85b73897c5d0830dc0ac62beb234509370e4b298296,b4abd24e2b72b9b61767951065b684e9604d0bee0562f30bef644d0b0e8ca85f,0,cache/models_000788_000791.pt.gz,cache/predictions_000788_000791.pt.gz,0,13.807533035986125
candidate_000789,789,9311789,7c6a813004bf50cefab7d0d12279fb4a67703350ed7df0c6e9fbf2b8edc501dc,cfe4d694b6a50a2542e059e16782f53969ca005e4557ab510318f765a3cd746e,306a4660d30d89b83113228d5357da1d89bd04de1ff90f6918ac9dafd43fb0e8,0,cache/models_000788_000791.pt.gz,cache/predictions_000788_000791.pt.gz,1,13.807533035986125
candidate_000790,790,9311790,622d834ec3f947234b20ecb8c57d283741e3aa98eda659ddb46b9299479552e5,1beed02c4f289270bcfb66a115ecfeb3b8eb73a8d399c89ca4f7632c42958681,fef88ff3be44ee342073c57f628affc5bb43220e4b14842a0232f3335f72df4f,0,cache/models_000788_000791.pt.gz,cache/predictions_000788_000791.pt.gz,2,13.807533035986125
candidate_000791,791,9311791,41b963188ee7ad0516134cb3d0cd830787176e95528196269b553f260ef0a9c1,bf850a6015abefd1f38469d38c4e2e20930330459fb0d476eed4e7649142a9f5,ec651031680681a0d3fb6a2d4db3b2a4a0e32b9fbb735860a7fd7d7ac22eaa6d,0,cache/models_000788_000791.pt.gz,cache/predictions_000788_000791.pt.gz,3,13.807533035986125
candidate_000792,792,9311792,6431d04d21593402731e822011fcc5fdf0b3d4f790ddbb2c25528907aeaea5ac,fb06aeba27acf96e17a53044f9b68057cae5b495c299ca2dcfa54c3648d3f467,2f41ea1a436b44c837986029221f93d45c469586db0f6dd09fa7d542e626810d,0,cache/models_000792_000795.pt.gz,cache/predictions_000792_000795.pt.gz,0,13.923519831034355
candidate_000793,793,9311793,16854fe371977187f6a9ac838c2f95bacfa8b7ae40a903d40d0ca5d05785c97c,d923a43f0497de7a4d57fb8bdb8efe52599f65b1db59823e65dd803aaeb50050,cfbf8acb8e211b359f3d9bc371501a8158050ae650bba4c25659707aa9500424,0,cache/models_000792_000795.pt.gz,cache/predictions_000792_000795.pt.gz,1,13.923519831034355
candidate_000794,794,9311794,831a6b86dc3820e573862bdf3a53a390b619b92c5938fbc94cc5cd5ea3c91eef,7d794d4b118328881010bf06ad36d2207e98e4d851b19ca94a0adadc08d897b0,b05ab4dc0810e924a4c455eee8d88e1cc192a242fbcf9d828688b6ac79ae665d,0,cache/models_000792_000795.pt.gz,cache/predictions_000792_000795.pt.gz,2,13.923519831034355
candidate_000795,795,9311795,812ae6af0104e115abdcc8b12f7f0358de61bdf44d3fd1dc7ba22a93ed2ce2ef,70678c9240970c68a663fe9e6344952a256c12580347072b6e66e618c250dae6,a25dc8537d7cfd964a483bb2205f5dd60be1d72a0b0dbf11f1265b631fd23e56,0,cache/models_000792_000795.pt.gz,cache/predictions_000792_000795.pt.gz,3,13.923519831034355
candidate_000796,796,9311796,7258bc03019d49bbb34c08ce9889063938f6d47f768012e1dc2e58bcac3c532c,d1436efc81619a84855952b7017bdee16ac0b543fd17c63e49f4b8b411c0ab0c,0fefc0980d2857ef20e4d56eae3e368001509dbc585ffb8e178b84aa559bd890,0,cache/models_000796_000799.pt.gz,cache/predictions_000796_000799.pt.gz,0,13.78869440802373
candidate_000797,797,9311797,a9f1511a88a7ac07d36b36b081126483c0540d48eab9de23bdd73d82284eeca0,44f21fe37f74d72a1a9be611bcb872af59b0d86b3fe195017f9919fee6339182,97457db74010dad69e7bb873f33d7f18b7d72ae14a026250b6e85a01c546ee48,0,cache/models_000796_000799.pt.gz,cache/predictions_000796_000799.pt.gz,1,13.78869440802373
candidate_000798,798,9311798,049ec8e5c549edf88e9e0331860d6dd42b72fb97bffb716ac60263bc725d0387,4e96d1c7e252a9b58234f5ff70cf5e2ca180027af499449d5d0e9d9fb7284bdb,7e1d93f4f0be345babc114bed8b3baebbd5ea40c6d2f13345ad7adb347e69e63,0,cache/models_000796_000799.pt.gz,cache/predictions_000796_000799.pt.gz,2,13.78869440802373
candidate_000799,799,9311799,90517b1e038f43455e6c05bc1db6019f823e64872333f60bb7185a057e36bdac,7f9a4b1311d19c19d75a38721ca31991bf9b6e7717944e4bee39a3d8dd18fa60,450cf9a28d48fcca31d01817a8b6476839f897f1d22c56142d89b7fd1ff424c3,0,cache/models_000796_000799.pt.gz,cache/predictions_000796_000799.pt.gz,3,13.78869440802373
candidate_000800,800,9311800,83f34099403460e8ab9484ecd6c4cf99035b7dcda9803966208ec041add3ba90,ca1301c78ac666a5d5b216add0a474c0f9ffda660a2767ffa53d58c841a87b21,7d81e0cadbc68c14ad13095d7f69fb7a4156f063f04cd76e06663e3f2beaf9c9,0,cache/models_000800_000803.pt.gz,cache/predictions_000800_000803.pt.gz,0,13.829861604026519
candidate_000801,801,9311801,8088ee1ddd6e0798df927624f794524730a4b0c9118fe3b29bfce526ea65e9db,57b273f29a721638e1a97254c8732b6dc419d4dd2d9b446f818151802434de2c,22dc8816b6da38441f2d73d86fbd6f8e7a7a62729729ba7efce9baeefef2ada8,0,cache/models_000800_000803.pt.gz,cache/predictions_000800_000803.pt.gz,1,13.829861604026519
candidate_000802,802,9311802,794fd008a1b4b3f2cc0631535e645be39abc4aebace86192126556a182dc1656,8fb5027837000bc5d5d52a546b33c6eb87888d61ed0bb51eb61814d9bb496172,0c995051d0d5e02bdc0a3faa07e512d5f4af4ea743a8e51222cd5376325f46df,0,cache/models_000800_000803.pt.gz,cache/predictions_000800_000803.pt.gz,2,13.829861604026519
candidate_000803,803,9311803,e109d5899730e4978a4b894b6c011046c35948e52358c44cc9661d67b1a31b5c,abb6cdb83e702db3036f65937dabe8c750caaf4588d0907cc00b613f0292995e,d78fe382e8c9e784088b01eb72ecbd1e322e634892282503d5d54fa93f2acf7f,0,cache/models_000800_000803.pt.gz,cache/predictions_000800_000803.pt.gz,3,13.829861604026519
candidate_000804,804,9311804,2ba71fba24cf4719daaccbe307f78db64ed70e0337c43c4ceab964b21ff4b3f2,025a9f59730d9362a24209aea39bef7164dbd5694b3b7b5cedc814af2b4a21b8,296fbf639f684bf5bfcf71aefb8d32c07335657a5f7508580cb5ffd6150ab913,0,cache/models_000804_000807.pt.gz,cache/predictions_000804_000807.pt.gz,0,13.79681074200198
candidate_000805,805,9311805,3a2c81cbba4edbfc67de535d066ae0d2bff40bd9321ddbcf69c9aa81ff0b4f20,145c9e104950db96142c7106b87919ee84b854c65f90244b6ab33b6fd1fd3a22,99fc74002593a302c6f5eb482c8e5af4a18084b78b3889b3d9e9494fe60c8f11,0,cache/models_000804_000807.pt.gz,cache/predictions_000804_000807.pt.gz,1,13.79681074200198
candidate_000806,806,9311806,a958258601c3af6b68e3b742c277bde9e8baf64e00adebf06884a15fb2ed9a8a,50f8bf6ebd293570fc272532cba200878fdf813bb03c21a63fe0b2b009342b92,887dce9cfc7f093f88d7eb4ce97cb5521b3853d761288cb3c69e4120aa078744,0,cache/models_000804_000807.pt.gz,cache/predictions_000804_000807.pt.gz,2,13.79681074200198
candidate_000807,807,9311807,e9898e360834c99d43ed150b3f7e299dc8b328bb8cb9b6e606b792571b2eb45a,65a1fbac80fb738c4c4c9e05eea4e37b555fc5b0be547bf22fd9ce14ea040ea4,20b2f90f6e57623170a65b02b6da7e3f5e1f62185dfcf85af93c2201737625b4,0,cache/models_000804_000807.pt.gz,cache/predictions_000804_000807.pt.gz,3,13.79681074200198
candidate_000808,808,9311808,0c1be970fefce426fb9a8dd832f3ca7651a975fec159e558a8cfdf4e62454e17,381f74f96b555e1391b73b041fd6e2c30e413a99528d9578a5a9338882ac8e2c,d25b7ffee3dd2323b35bc79bbdb1b237ed6d7de6714b2d755b6f9192965560b5,0,cache/models_000808_000811.pt.gz,cache/predictions_000808_000811.pt.gz,0,13.833581030019559
candidate_000809,809,9311809,830d0895352db9e2b750c46959bdd31de3020f20d49162aa0a528444db4e2451,ec7b80e016199627407d7214d739c18362fcffec5db30876321ca9aa7a691ae6,8f6e6577b39806fb9d44c8235819281f78ee85d6c8a6823f4f1ef4afc96307e7,0,cache/models_000808_000811.pt.gz,cache/predictions_000808_000811.pt.gz,1,13.833581030019559
candidate_000810,810,9311810,b5328b5fe8ef812d7cbd43bf0732a90334a5adf5a59c833f52179be24595dfc2,ab2921d8c3137a74254cf5872e7c52372064e8b4cbc8e89bf657ed9d9b2f21e0,7dc8f5bb349aa3aa1790134a7e58fc8ef133881dcdacfd1a4d58ee96db6e8591,0,cache/models_000808_000811.pt.gz,cache/predictions_000808_000811.pt.gz,2,13.833581030019559
candidate_000811,811,9311811,4080ab529f3bf34bf9478b942c805d75c6fb822f3d723c264c16374f62338878,24e603169394bd860671aa04c7fc44ed828ffb196cefc051436beeb587e7e044,c6721f38317c3a88bf4e3d46e15bbc8b2e76cfcd87c3235cd18ac34411aadd6a,0,cache/models_000808_000811.pt.gz,cache/predictions_000808_000811.pt.gz,3,13.833581030019559
candidate_000812,812,9311812,e6d2034ef40a8c22d3a0f0ee9d88675a21c0784c47b0b9953feb4ac594a35201,dc393e8e40b32adc8f0f78d803558a02f986169e8482f5c03c5b2dab9b27fb5e,d628f1315c69d5f0090fe5da23ebf2ca088ba39f438190d8df486de15ae57044,0,cache/models_000812_000815.pt.gz,cache/predictions_000812_000815.pt.gz,0,13.79391642997507
candidate_000813,813,9311813,73c6d57552e7d5d8e774498204263773a58e5f444edbba13c5147de2e1a70049,f8946fbd3a3fe9070a12d9fe15e1e877dc95c0aaffc40f70ff7fa5a1450ef32a,6a8aa3b37a9facd739ce5e4ba91b402457f8c8714eb513c0672b0dd91a359b83,0,cache/models_000812_000815.pt.gz,cache/predictions_000812_000815.pt.gz,1,13.79391642997507
candidate_000814,814,9311814,5dc9cbbfabb34543847ae5d9cc46d742c340bc2ccc00a30d80134bb0f12dc083,692d0dd34e63b0391ff7647be83d4f0cfe64d06bab26a42136aacc62bd134096,73b142c21ae114a003beaae4edee812b2ca14094b398f61efa9b054149bb0ccb,0,cache/models_000812_000815.pt.gz,cache/predictions_000812_000815.pt.gz,2,13.79391642997507
candidate_000815,815,9311815,af06e7a66a8699840ba672a8e4af4a055254d6072036da27667191b9b1d23b51,535aed4394e1eef0f6c4729dc83c7dae268b7b26542639c48b1950b059936bc0,8f67858a871d123a871502c22858d575800f71ae8c1645b8f7c70c31f2cdb215,0,cache/models_000812_000815.pt.gz,cache/predictions_000812_000815.pt.gz,3,13.79391642997507
candidate_000816,816,9311816,7006404cdc9755590b31dbc04e13aa7c2d74d2e7b828ee49c80db9e9925e6587,13951424b4662070a7fabbb2b890d8f47b4d03af19cc96ccf728f33991fc2daf,93e40c151b92c405915be068b9a53a31cd34e714c4a96ca3c7ebd0a5e2fec3ed,0,cache/models_000816_000819.pt.gz,cache/predictions_000816_000819.pt.gz,0,13.81514254794456
candidate_000817,817,9311817,b5b0bbdbe4bf4921752f95160c719bc687da7e5f77fcfb158482548a52c5550e,d334722bc7e386e3585008db9013b79bd545af9c91141fb0ac423ac3f1222d5c,09a5051f3116034bccdc2519b685e01b453f9011d3b1286ad79fc3b1afd9d746,0,cache/models_000816_000819.pt.gz,cache/predictions_000816_000819.pt.gz,1,13.81514254794456
candidate_000818,818,9311818,18d32c9990dbf4975c4774f02a06a6c6afda1173512dcd93c6c8b71a8a4ef2ee,5496e81db99feacf826b6e63d77140ec31cc8e4acbc9d7d4459a6ab23ab53978,3088ce6badd5014d7f08b8ef2b3c86e9b845871e7ff3ec35912b250bd0dc567a,0,cache/models_000816_000819.pt.gz,cache/predictions_000816_000819.pt.gz,2,13.81514254794456
candidate_000819,819,9311819,f364952872d3603fb1c65cbda641ce5ae449b69af4c3dca431c6c42a6596da17,35327f9ca4e5a37d40d5474a14f4247c1266029162f3441bec976387099c5307,d2af9f3706438a6e8aff7fb98de0eabbec510d3c876e3bbb5f76fbde512eed2c,0,cache/models_000816_000819.pt.gz,cache/predictions_000816_000819.pt.gz,3,13.81514254794456
candidate_000820,820,9311820,27f30334ac633caa830f9f5b13a66254b4dde0152b6078cc43585d3b3333d433,ae3538e755343ca0af1d2b4104967d9d2cf0b3220d5961a93b08080ae3474719,7ab9a03567b8eca475520fb196f1e8828741231bedd031a4558d5969d83fc076,0,cache/models_000820_000823.pt.gz,cache/predictions_000820_000823.pt.gz,0,13.813088061986491
candidate_000821,821,9311821,89f09754dea7576eff2383d5ccd5f0a334547fc379876064d524b8794b4afea7,fd866ea69095179d464e5e23ec51cb55701f265c2926a5025f3c65835e2303f1,5665316fe2305464fa04a030cd9705945cc9974be1f8b58ad109fedad1e85199,0,cache/models_000820_000823.pt.gz,cache/predictions_000820_000823.pt.gz,1,13.813088061986491
candidate_000822,822,9311822,ab5f5672882e78d33f3424521effd202bc4a3efb46855b355e96e629279eabeb,875cb0431db67f2af62be5184c31b6deeb2e630affcd94cff71cfb2a3f934037,c97f2887dc86d72249dd5b0d309e49d644b6396335ef7f23d3f0868db15b9249,0,cache/models_000820_000823.pt.gz,cache/predictions_000820_000823.pt.gz,2,13.813088061986491
candidate_000823,823,9311823,433f442a8a9f6f8f693e58a1c090279dcebdf552d6fb233182bed3ec65b09184,87b8f920ed8f8840795ad56e0bbdc24ee707f7086bdb1bd661be678067ffc632,447e9fa195d19f19dd6a7dc2964d06c933169e24898f3658a071abf4822e865d,0,cache/models_000820_000823.pt.gz,cache/predictions_000820_000823.pt.gz,3,13.813088061986491
candidate_000824,824,9311824,234f4005e579a6509beb9a22e39630343648286bf8bacbb8306e0886a7d8d83f,e11c005550e83a90ff9e765a30650ada3253681558771df4e8231d133b26c274,67fa1e986c1baf946af02c6a75471b75b0a1833fae42925ffc713d8e49d509b8,0,cache/models_000824_000827.pt.gz,cache/predictions_000824_000827.pt.gz,0,13.81119114800822
candidate_000825,825,9311825,25758426604e468a968a47483c3d2b6115579f30798bf4d3bce36bf3ffbc6e43,8f4047a1b3563b10b7663286b2a89f6666858162494dd2131b2adf03b2cff8a0,cf7d0c54e76d5882966e1516f054dc67963510f7f685efa23476d65916fc9933,0,cache/models_000824_000827.pt.gz,cache/predictions_000824_000827.pt.gz,1,13.81119114800822
candidate_000826,826,9311826,ccb443012f0ac5150cb0a69ca4243c615d3248017b2054ffb35a969d16821d84,e829b215e167233e8c7e907ee951e005a6360c9152ce891ef5ddf3817cbe5db3,b1a882f0ba577ab5fd49c79a853c7e791420434e64a5756374c6874229a602d1,0,cache/models_000824_000827.pt.gz,cache/predictions_000824_000827.pt.gz,2,13.81119114800822
candidate_000827,827,9311827,c8e69cc29fdc4bd833ec6e22a50f30b9cf5567af9f687e96e0197c71556bf882,475d2700aec0443b0bbec2ef8ae05b65fb8722471254f7fa90653efa1eeb6f24,be3ce8762ce075ab3a3938f5b2f435d30dfef0e8db10e29cc7109003ce297aca,0,cache/models_000824_000827.pt.gz,cache/predictions_000824_000827.pt.gz,3,13.81119114800822
candidate_000828,828,9311828,2292df54a25c26e56dc71d90fcdf2e6302c3aab14a765cc11d5e78f5f3a64598,1296fb01b10a79f1cf09721e3b9aa603ed7fb95f814482613fa9013320016f4c,b561119ab0e242babf28e8aa95ef6f8aa94318c90ad3a5fa3bc69bcae113fe66,0,cache/models_000828_000831.pt.gz,cache/predictions_000828_000831.pt.gz,0,13.816721835057251
candidate_000829,829,9311829,dd0c2d740ca0be4d78d4d91e0e32d83f09c37655e310e6086852925a3aa7a36d,50e15ac8eaec5701cc6e5d5e4a9025a5e24bfaca3d456c84acb28c2e65fbf562,e7e63ca71d7f02e5fb6749c70416e4a1f541ca401eec900c74f660abab4ecc7a,0,cache/models_000828_000831.pt.gz,cache/predictions_000828_000831.pt.gz,1,13.816721835057251
candidate_000830,830,9311830,5da5e124b72f6693bfdeced602790df91da066483ba616188ffe6888c1eec529,c756841a7cde9fa1f9e5fd211089758fd7acbe0e79f39a40ad0bccf98f3d925a,d1e331fbbd475e225178fa2e977069ad63b55dc23d0033e3180e0367f7f3001c,0,cache/models_000828_000831.pt.gz,cache/predictions_000828_000831.pt.gz,2,13.816721835057251
candidate_000831,831,9311831,4cd9058ee5ee4f7787c922192798fb487d6a8417567f54d880fb29c7429f494d,092317aa5f6681ff6e69209289667f6a77ad8f5ccbd20297afb179bb154d696f,53b1d14333e6da7be855a6c0eea4c2e014b6ab71276745ed8574888385d8f1e7,0,cache/models_000828_000831.pt.gz,cache/predictions_000828_000831.pt.gz,3,13.816721835057251
candidate_000832,832,9311832,76b8b4048f4720ab278e9a7100072ee515e1306f4795d59f67838cc2ef26e468,7ad99edd69581226ebeb030ee97ff493eff896391aab57deaaa6afef15930bcc,c62961b9839acd6fada0ecc785edda52db7ccc9c7fdf6cde919b936df33bc17d,0,cache/models_000832_000835.pt.gz,cache/predictions_000832_000835.pt.gz,0,13.82055838801898
candidate_000833,833,9311833,2b20e0ca67cce7fd7de424fc7b98f2ae757626f9a14adea6935cd9ac2ff30512,495a1239dba0b1d860cff2f72953d06ff45087c686e8703cba7bc30ea4c837c8,cbb70308e5783ca415038f6eef0515175a23a684b7ce3735eb6288412d5a58a2,0,cache/models_000832_000835.pt.gz,cache/predictions_000832_000835.pt.gz,1,13.82055838801898
candidate_000834,834,9311834,12c54e3d7bb4155065f5e0c7dbafb3e91e8551ca3e4491e5f805280308e8efc4,e2d4d9ee08f55266ce838b3827b85f4c0fc13580aa18b0f74aea791137271226,1d9e750789d863d14fe86e11dc1e9ed078b7504acce8133a16ef630f6639319d,0,cache/models_000832_000835.pt.gz,cache/predictions_000832_000835.pt.gz,2,13.82055838801898
candidate_000835,835,9311835,eeab6becf6315cd59ed21a914b283a8669912c74a0618814f524b2e3169779b5,e77e0aaad24b21fa7030c88d393e5e15bed28d2e05f4afa61ca22d06a186174a,1e53a3ef0c2973e540c1d96b80dbe238dd4f92c7d655a6bebe7cd4df3764c9f3,0,cache/models_000832_000835.pt.gz,cache/predictions_000832_000835.pt.gz,3,13.82055838801898
candidate_000836,836,9311836,f4bdcdba42c4d52d2ea42425b34bc77f74ea054c9bece7f043200e486c7fbb5a,2a022d247a43a297d31f1236627d0333015eefa8701da4ec5b8daafd36dc9fcc,8462104b0ece33d5153280589a38085e8f35aafc98100e5204c7584380c2e398,0,cache/models_000836_000839.pt.gz,cache/predictions_000836_000839.pt.gz,0,13.839054383919574
candidate_000837,837,9311837,c77622fbfe87ca2689396b9f2cadcd60f425d7f964f31052491c43fa6e3394a0,5b7d15d8e5544489b9987d801eaba26788a5375238e1ae07a579367defd081dc,3db134d63a595a7ac6f0a7f58087c3ac430c3f6752dd36789cf29d92d047012a,0,cache/models_000836_000839.pt.gz,cache/predictions_000836_000839.pt.gz,1,13.839054383919574
candidate_000838,838,9311838,d39b87efd8fabb52d004b483b3f5db6d65d56267447c479234957c8aa0538242,07a9530849461c9553740841eaeef3b5da39d480405a7705f0c2c1ce723c1497,941f35a0f74a3989ac2220d0b3d902dba3b22af1169fb4395990a549a3c08669,0,cache/models_000836_000839.pt.gz,cache/predictions_000836_000839.pt.gz,2,13.839054383919574
candidate_000839,839,9311839,87c48d3364f547980c1699d44960c269845e187be1af14ec846676c0a91766ec,9ffe86ae01b6829bf138262e91d86bf61c2d4685cb480929b92347f2baabdd6c,b5a4acd271bba8ef3cc0fe99752bf3a5c7df36e1a0a2da23bf322ea00917d09a,0,cache/models_000836_000839.pt.gz,cache/predictions_000836_000839.pt.gz,3,13.839054383919574
candidate_000840,840,9311840,f349a72d4c7f9f0e888a065b701732ab542732126e6ef0ee64983010e6d61de1,dd35d49dac73847101a6e0f942d52331e1f9b78b85d95ccafb83eeedb5bb180f,f7dc81163ad92ab1fc501f9dc193c2a0468d72fc05bcab67aefa854a6088cb1e,0,cache/models_000840_000843.pt.gz,cache/predictions_000840_000843.pt.gz,0,13.821969857090153
candidate_000841,841,9311841,d61b122311196ac73ac6086743e5d5d5fd687104e789199d77833adda751a5ed,8f3b3311cb4f505efff31acfeaa1141fc8795f1c94959ed3a30fa606a97ea187,b0aa6be39654a02b266fb4076f6267e69c07854857e40325acdc4d9361c847f6,0,cache/models_000840_000843.pt.gz,cache/predictions_000840_000843.pt.gz,1,13.821969857090153
candidate_000842,842,9311842,207b714b0e32986493c65043d15bae138d0f5f8f75e3d16367761555ea702db8,34baa2550f4aad271d1d0d499d53fb4d9f087045941672b14bf9d56047379088,45f34eff078298b674ea77e1af80d5e1ae75e67b30c8e5e70b74ccd354295fed,0,cache/models_000840_000843.pt.gz,cache/predictions_000840_000843.pt.gz,2,13.821969857090153
candidate_000843,843,9311843,729e2a7fe1c9130caa5ab9e57dd9741b03edbfdb9adbb9934d3a5d08831446ba,318406a949d1576f9cf84defbc110114625bb8ca04704c80f981260507f6b8c5,c8f0540d0a72de4a493f2dbe93f920e9423f0ae40f099a52c99a1bb1fd78cabb,0,cache/models_000840_000843.pt.gz,cache/predictions_000840_000843.pt.gz,3,13.821969857090153
candidate_000844,844,9311844,5f177c2e02aa691db14a95455fcc00246bd0ab33e1273546880ee74925be2718,dbda5d7dbfe991692c30ce69f2a31bfa1c78dfd0bd33dc57a8145295ee9dd294,15b0cd05f745f856a1423523b3a2c759da653a21c391276745885c438cadb815,0,cache/models_000844_000847.pt.gz,cache/predictions_000844_000847.pt.gz,0,13.774767299066298
candidate_000845,845,9311845,400162bb8c038fb8343ea21f2cd0a870bd3014444bbc6c45672667ae88d3c1a5,a22ac0955e98cba0995393d3e84dfcb96529747c468b0a52b4ead377413fa2e8,bc681c31d727b163b21452f21b0539606e411726be72f311dff8a4fb874dc425,0,cache/models_000844_000847.pt.gz,cache/predictions_000844_000847.pt.gz,1,13.774767299066298
candidate_000846,846,9311846,2e60309407c0636c6a395f19210f928e2b177e49f3db65fcbe4acd55ea909772,d1166287c61182dad1d1b6dd099362e8036b661585da0c50e516379f6fb31209,1e4d4659e790b188bfb1b012570e68ccf36e402af647c857114d9f4fb84aadc2,0,cache/models_000844_000847.pt.gz,cache/predictions_000844_000847.pt.gz,2,13.774767299066298
candidate_000847,847,9311847,00f9420393bdcd054d683306b3fbbf262d106365413411f4b320a97801511578,ff0cbd23718a61a76a4dbc946a5ead46bd85e28509792af281c2c242a33585a9,e4d6bd1f3ff8ee032025e783ebb2565ed9f9d716d310fd0585872bed5988c94d,0,cache/models_000844_000847.pt.gz,cache/predictions_000844_000847.pt.gz,3,13.774767299066298
candidate_000848,848,9311848,ab029c76c34d5facff4b6841ab85e2f67676b693599ff845c10119e6211ae336,23063a922f41bbf9cbf590f52f2c085ca0ec0ca385099ab75c83bb74d6d43ee2,8e2da04e0ab0cc34b742489d39c1243257a9d8a47ef38fc7ef8bdbadfc114554,0,cache/models_000848_000851.pt.gz,cache/predictions_000848_000851.pt.gz,0,13.858561248052865
candidate_000849,849,9311849,6773e5fac98225b4b2f185f61d8271cd4b16276871f54e4f03442b12087d578b,618a1ad3ea248f337af1c01c98f6170c9de3f5924e03a88557ddabb1df45995a,bfa5a95100f273fa82ee2320a7e980c4fe0b31c008489f06c1075c31b39ffbe6,0,cache/models_000848_000851.pt.gz,cache/predictions_000848_000851.pt.gz,1,13.858561248052865
candidate_000850,850,9311850,9ecfc624c54d857a6c95575c1c71ebfba3c4b014e8e87d0c42e85dae2f8f0e77,26d53cf3ed895327d92d0388b958d644424b1c4878176184e51383c37290c052,fb416f96b41cd834d3462a157e4b5e1a68313c8887f5ca63167ff3fb972fb825,0,cache/models_000848_000851.pt.gz,cache/predictions_000848_000851.pt.gz,2,13.858561248052865
candidate_000851,851,9311851,1700bebe989e4ed51c72a101277e7c36f56b0745bd09b58baab2d0793211c69d,75a41e389c4b62ba01382518b9579ec859ab5b0db8988f9b8f19962c63bbfd77,b7f3d24052f307ec1286e23eb700a80ee33e3b096cd872ac6d5cdae405014c22,0,cache/models_000848_000851.pt.gz,cache/predictions_000848_000851.pt.gz,3,13.858561248052865
candidate_000852,852,9311852,fb15136e8dea4d79666e30c85377ecbc399f3542fa3d7a5306dbedac131d3922,78cee17458054eb4dfc5d413c3e2da6631517fb0968b62492f23bc9266eab0e2,1d4ac79ba94bd0483d7bc81155010a5ae4dd7e5dd961e7b0bc11f230b3074969,0,cache/models_000852_000855.pt.gz,cache/predictions_000852_000855.pt.gz,0,13.90522413002327
candidate_000853,853,9311853,fc013fcc64dccec01eeccf3fade814b704d165ffd556f004c3b8dc8fb6f00ccc,99f8420a64537ae091474959aac3f1819be02577fe6a02c83030d0dfadeb24a0,162d675d92dbb5c8e0eebc29f8e010ab6170c408957a90dab80ef439a8f963d1,0,cache/models_000852_000855.pt.gz,cache/predictions_000852_000855.pt.gz,1,13.90522413002327
candidate_000854,854,9311854,42ca8c6d294513a7a880c41bd1a3ccb46b34ffcf172352495bc8982f5eb9775a,2e1db745758ee0a64fe7a4b4ea0a59e7c1e040881819a36608c69e100f7b7932,822e823013975b560fb072a3baeef7e24e9c45687a81b73c9c7ab2e37b424aea,0,cache/models_000852_000855.pt.gz,cache/predictions_000852_000855.pt.gz,2,13.90522413002327
candidate_000855,855,9311855,4b59e11ff8be6814dbbeaeb284cafc6ad708e979f24ffa1718eecb8ab02302a0,3d51f2fc79720d5f57b2bf07b096d9b80ed14ab1dc4949276abdb68468dbab75,84533446ac2590c83f1472488209ae88f6354211a7398c1f1b543acccf8d8611,0,cache/models_000852_000855.pt.gz,cache/predictions_000852_000855.pt.gz,3,13.90522413002327
candidate_000856,856,9311856,ade9f2c2ecb7800f3ab4e7f06f97a4e9a3aacd632d5d570ede74ff72500372d1,e953fa90c23a4cb09e0056f19bc6e0af9443ce2c92a1eaf6c798358a1bd8ff32,b8d7d2ccb2c91c13edb937614198ee07799c5868aefcac9cd96cb6116574c326,0,cache/models_000856_000859.pt.gz,cache/predictions_000856_000859.pt.gz,0,13.824201015988365
candidate_000857,857,9311857,acd8b2264bbdb3cf41403b9dfed09a527dc24b36c8557693c3b34f402b34d399,32c9134dd01adac7d77444eeffc496a2898ecd82b052be817545284459dc61bd,e620f90a7a886814502129afa2171c1bc5226876a321c7dfdd0893742eb365bc,0,cache/models_000856_000859.pt.gz,cache/predictions_000856_000859.pt.gz,1,13.824201015988365
candidate_000858,858,9311858,008a0239bc70381b7df8f85e8d535cbfefe77f5693f6fdd234e38f0f1aaf33f2,4e811b745acb52878b4d58d2e98f1d04e120792030145f1712a7ea6a3f2794de,d1cd01a28e7dcbce5831890a04f5484c543b92030ea98168e763804d67e3d3b7,0,cache/models_000856_000859.pt.gz,cache/predictions_000856_000859.pt.gz,2,13.824201015988365
candidate_000859,859,9311859,4e049bf4225c3330b6b86f154f0515255ca0ae38fe274ee4d6293d6953b115dd,29d568a137b00f91f2b883c635f8c63a37fb7f3d3bf03cd152a855bda361d8d7,3b99dcf874dc53c7bb8eb0c9f87232b5402eee963767ff56cc50a55afcb57fd5,0,cache/models_000856_000859.pt.gz,cache/predictions_000856_000859.pt.gz,3,13.824201015988365
candidate_000860,860,9311860,95ef1cebb728deba6c1dec8e1ccd6e8c4346cdfd28a7e535b1e5e23bd147b4d9,2d0acaccda9a96acd928d176c4dd2c71a35b8520b5e4d0469db25ca7418754c7,d479fe7c7926510b27019ff31e79872d0c998d8ea5bfc5f9b5adfd67e1aa6403,0,cache/models_000860_000863.pt.gz,cache/predictions_000860_000863.pt.gz,0,13.806076784036122
candidate_000861,861,9311861,7f4997926c32d3273b6cba98e9dde1e15a58a82a472b8c602223d26ce33ef737,904e73b45221af017a2c0dda245c91e77ff4dbc77892f6c632baf272894bafef,352c4ab730c0915cffb109da5bb18079942b5fd314fe9f6c66ea83887697057f,0,cache/models_000860_000863.pt.gz,cache/predictions_000860_000863.pt.gz,1,13.806076784036122
candidate_000862,862,9311862,48e041a74fc37b56bb94854fb898fb53347d0c14efbf4b0cf159206ee2812cc4,2e1671e867d43e928db2abe4ee5b6f7eef25380326fa6342169c9c38fca422d5,37b951928bcd38792f14a2fdc9a3e61ffbb67f697c0c32f92559a5c61f50e2ec,0,cache/models_000860_000863.pt.gz,cache/predictions_000860_000863.pt.gz,2,13.806076784036122
candidate_000863,863,9311863,5a6eabeb7bb2c2b52a68778b19ed56d3b46ce6ed60530ce2956f663ce93cc079,bc6e452ef06797d2181d5d538615e94c7c5f6bb015c431e6df9fea2ed0da9764,e02cb1ed38915c099e4d86e8fc0c4720cc1bb839aedb561afaf9d112f9fa11a7,0,cache/models_000860_000863.pt.gz,cache/predictions_000860_000863.pt.gz,3,13.806076784036122
candidate_000864,864,9311864,df662d055b5903072f429baa754617d71900bb6f97d35b117bfab5234995e651,a8555155d15d7c140eb7203c69412dbd7fa4cf3dfecd8479722d2c4ac9a2b138,650cab54f21fc411ba9d55e7aa0d315b80229776116424f1afcced41fdd91040,0,cache/models_000864_000867.pt.gz,cache/predictions_000864_000867.pt.gz,0,13.801096137030981
candidate_000865,865,9311865,b8668ffbe18e64603c5088c9161de15b4a2eac632594021d353da71a853eeb08,de2c06921a171b511911d06a02722fe9e32e75ac18265b38de6b5b162c7f0cc3,3e374c98bb9342bcd090abbe410ca613939a6bcbd8b85ab1a01d998b6c3b1d4e,0,cache/models_000864_000867.pt.gz,cache/predictions_000864_000867.pt.gz,1,13.801096137030981
candidate_000866,866,9311866,584ee372d5325407f283ae1985b2ecb61e496f14ec48f18a2ad62bab5c509b44,b6f7551ecc817165ac02bd6689d3d5866073a63bd9aee1d854042d859fb99ba7,6de95ac43796ba600b9e1b7e1cc033d811b16642908dd8b06ae66b54f8de6bf6,0,cache/models_000864_000867.pt.gz,cache/predictions_000864_000867.pt.gz,2,13.801096137030981
candidate_000867,867,9311867,83ff736bbc7b2d8c596cdd0cfe826cecce8ab7cb82e1f1e3efe8fde77d1de390,9f641d1ad1741981bd9860a7aec78bc2f77b0f04f3d7433f457d8e8cdf8f4166,df7bb99713a24b862ec0ec8ab11b29beed926ae70bed5e79f825c93f01072d49,0,cache/models_000864_000867.pt.gz,cache/predictions_000864_000867.pt.gz,3,13.801096137030981
candidate_000868,868,9311868,a9f0f91d256b12d7834b97b2589c50769abbe5ca4aad080b13b4674a793e8ea7,d725841c2ed541812b15db27a5c129f9c4a90181211158a3d8ba6c0c5a2bc7f9,7ee91c66b4681e25d66990cb85fd4451214f574aafbdc13581b38dc6c497cb02,0,cache/models_000868_000871.pt.gz,cache/predictions_000868_000871.pt.gz,0,13.842847520019859
candidate_000869,869,9311869,a9f763a5430ebeb79b045d1af1e51c698d4f1a5cab8e53e07670244dca19edc0,c808b3cec3a26c386ca3789ccc10900d5942b9b8d16edc5c81292cc851f3c6da,83709cc8a9f46a064bff08b884dd7f9b70e01fa21a5f387ca3b76042631bcbc5,0,cache/models_000868_000871.pt.gz,cache/predictions_000868_000871.pt.gz,1,13.842847520019859
candidate_000870,870,9311870,30c64f9c765c19ac0bce469c67cb102a2159d4302db4a3de1a8575a948d89411,a56b04f60103cae9ca5fa5954cd350ce8d6de67b1b578c79213391ebf59f17c9,dab63cc9941aea605d41a6d5d025b3b2f99223549afd01bc77b5231817569e71,0,cache/models_000868_000871.pt.gz,cache/predictions_000868_000871.pt.gz,2,13.842847520019859
candidate_000871,871,9311871,70fc0d16bbca20696fc10881e1b4edc295551749043fc37dc033677cc0e948b4,7e2625e9275247f1d503662a010c51e2e8a310d1e893c6692738110b813ec57d,c6014709e6a53e6762ca1ee59e7b9cc777f5300517bde134c480876640004032,0,cache/models_000868_000871.pt.gz,cache/predictions_000868_000871.pt.gz,3,13.842847520019859
candidate_000872,872,9311872,4a59d8443595a0eac70a406901d6153807cb592a9164f848287e9029e7bf758a,fbdbde8f025197baf2d08329f727dc6d32024fb4e22e53352dad0cc57fcc7f40,6981d20f56cec0d4a4922836c85aaeffd5cc0f72a9fbc2b2d8f9a22b99a7fe65,0,cache/models_000872_000875.pt.gz,cache/predictions_000872_000875.pt.gz,0,13.83310612407513
candidate_000873,873,9311873,5b2974ed0a647962a993166b1e5813cb0c69afa6f815008e2a9253aa75240866,2bd61b6c89f49c927fe4169e73f72203fa469c794e6f0dd19afcb513efa2a820,b70e3c2ae98ae09522a3cf87c2c163780a0d52d39ed98217eeb5cf8a9969de34,0,cache/models_000872_000875.pt.gz,cache/predictions_000872_000875.pt.gz,1,13.83310612407513
candidate_000874,874,9311874,11ad3fd984476ac933032421314783cb31dc25db1452bcaf88fc9319a6347bf8,59d87e467d7130e509ecddd98637cb35ac01f14020ad6e5b98704236aad7a720,2265a7ae75cd8e7d6c6ada44e5b6e79b0c7e16f4ded5297e45098db6ee2fe18a,0,cache/models_000872_000875.pt.gz,cache/predictions_000872_000875.pt.gz,2,13.83310612407513
candidate_000875,875,9311875,57436782412a81f4936f613e37551952cf48b5a9715103c0616e5e20de5074c6,26062a07e4d702ad0ff5feeacc8b1b07645f2f146f48eda11bee39dda3c04895,82430a45a1dcf5af943d54e2901dc096247ad6490200a7684e73916ba0fc06b7,0,cache/models_000872_000875.pt.gz,cache/predictions_000872_000875.pt.gz,3,13.83310612407513
candidate_000876,876,9311876,aef1cfb6dbabd55c5d5c1371dddfbb9feb54b527f48aa60893d8235571a62fdd,afd1b8355a6082feae154a35cdfcd61f6b357c1e21e32257a184f5925c42e12f,8000c56686736ae23ff92b31d1cc687b19898903ff553e0e13330110af07d5b7,0,cache/models_000876_000879.pt.gz,cache/predictions_000876_000879.pt.gz,0,13.799838242004625
candidate_000877,877,9311877,afd2c75e3ab4dbb8d92ee2498b359a62a2ce1d60f2ef789d064976cfb375897c,82e105f34fc690488c9662ff25fec8cabf64223eb4468b43873405db0c3f16cd,8ab0b992406a12b281c3e3d699844e4f46d1be64eeef1f7b1d63fab71fe603dd,0,cache/models_000876_000879.pt.gz,cache/predictions_000876_000879.pt.gz,1,13.799838242004625
candidate_000878,878,9311878,90e2eb09f562d5da0b589286a84f1e10132d6324b9459de75e53e3f7eb7d98cd,4851bb94362e537582f54795a180d1cb3c6e3c001643123ea52b08cdd1d0e0dd,3c9de1c928a84a29107a677bacece369b513b70e4d2fa8bf0f3c3e760db3e65a,0,cache/models_000876_000879.pt.gz,cache/predictions_000876_000879.pt.gz,2,13.799838242004625
candidate_000879,879,9311879,7aba772a8ffdaa0434092f0d05a9df7df7320f2cf3d2e72b84a74ae1c25d67b8,60ce6e51c9759a2c8c008dca5f6ced66cb5c39650278ba39a7ea6a96916a3eb1,7280b4c0fe57b7313bb4d50bd665ebf20ee8e61f70737ec616e222687371380d,0,cache/models_000876_000879.pt.gz,cache/predictions_000876_000879.pt.gz,3,13.799838242004625
candidate_000880,880,9311880,18e2947767e24c7cbfa5e08192d05329251259faf5bed52d04bd0dfad85fa627,75375df943b54c779c3280ced5076e5031f112a361ba8d6259c394e1231c1beb,e7ee27e6495f8a5234d7783ba747003db5d2b71263365af3e7c20bdb751c46e4,0,cache/models_000880_000883.pt.gz,cache/predictions_000880_000883.pt.gz,0,13.85329872299917
candidate_000881,881,9311881,f897d53ffe69f36b01546a54fbae9c9938e1383109ce46e56688bdbc7a2998a5,489793077e4401db07d2b38dc4cf5a3e0d169bea6b3dbd5a66b800f6e19a50b7,406b100858ea4f99af0c2cc13f74cd1f0a52d22ed7a48ac9a92eb29c11dc88a0,0,cache/models_000880_000883.pt.gz,cache/predictions_000880_000883.pt.gz,1,13.85329872299917
candidate_000882,882,9311882,b3f45fde99920e88de8fb8798b4a4b4c37a715501765c28a5f3c0dbdc4bb154f,2e072ec69974fc96e13c6c8c74cb302a1f433bd9b37be9743710d3dd985a090b,12276772c84e905a6231216b00f062c1c28f343bbdf63b7f6b71233866ed8143,0,cache/models_000880_000883.pt.gz,cache/predictions_000880_000883.pt.gz,2,13.85329872299917
candidate_000883,883,9311883,166e18d84cd400760d5ac3b6bf86fba208ec52bd9d785e51c9661d062087caf2,493d2db17e0e37007bd34756078580a866adb2ade1583203be7392cf76340245,fdda65a76fe027b946780b220afac4b9ef24375e315fd8c39792858f1b0ee67a,0,cache/models_000880_000883.pt.gz,cache/predictions_000880_000883.pt.gz,3,13.85329872299917
candidate_000884,884,9311884,cf7d4161fb6f51494676dcdaafb4705f69e7a66c46326373a2bdfcaa81477817,ef6364f850fc232be28d33d923acec3c271344cb0925111dc82f6887d7bbc311,632f0c11a64a4accb31c65202ce75acb0bc61274a88abfba7804c7784cdef56a,0,cache/models_000884_000887.pt.gz,cache/predictions_000884_000887.pt.gz,0,13.81820796604734
candidate_000885,885,9311885,ee90631933cef4080d88cd426ba7e19374971418b654099335ad354e86b1e76a,455d7d2e8d2d0b656a24a41a1a945f17349a030a6c44678e3f0d5648de06ce73,406396f7117289c5db630f954849e6665967f5aa472359cc2e67080370378c8f,0,cache/models_000884_000887.pt.gz,cache/predictions_000884_000887.pt.gz,1,13.81820796604734
candidate_000886,886,9311886,e36bae9b114479ebd68d1e80b57a664c05c0f9153c19162e798b10f664a09fae,eb897f91b21fc053545be9f17d8e586e662217ef9bf086225d0d003a3484c6dd,828ef589473e90d1fc4e4bc2b1bd9b8921933c2aab669358e2085e9a18d75a24,0,cache/models_000884_000887.pt.gz,cache/predictions_000884_000887.pt.gz,2,13.81820796604734
candidate_000887,887,9311887,4a50e8fcc55bfc401e8f896bd4beab5473944c681f742bd1985498b92ae09c67,5676bc634f08be784101e78db06ed3aa8a1cef24792dce4b33f8623b93b3cfbd,7dc35aea71288f8975285a6319fd46fd8f6703b8a1790d6c4949a82747f1233d,0,cache/models_000884_000887.pt.gz,cache/predictions_000884_000887.pt.gz,3,13.81820796604734
candidate_000888,888,9311888,f7680c92e4af833b595161802aa39d2b60907ce7154a7c1f11f184764cd10000,000ef6063a4a8d029fbc7f9e225a3e10535771952e61d60c4d5ab846f317765e,6440fb061af5094d5bb6f42325bc5f09487f04ee0c1321ea50ba2c32cea96918,0,cache/models_000888_000891.pt.gz,cache/predictions_000888_000891.pt.gz,0,13.799909629044123
candidate_000889,889,9311889,9fd2bbde87c674b8336225887a177f99de085c57ed453ae6bb078b20669c6c1d,f3585b65f11998b418c8eb7fc5e6bea8e3f7a4bc98d69c4513ab936ee462ecb4,1b9a574dbe90ea139ba9077554b5eb812018d3a3618a9bb0f3b57043b391b04e,0,cache/models_000888_000891.pt.gz,cache/predictions_000888_000891.pt.gz,1,13.799909629044123
candidate_000890,890,9311890,a9699f53e1b401202e99c0b0c543f2eae71d8a8079b54b3d7785cbabaee52b2c,7bebce3202d232e21b20aab3112aa183f8b2195cc6f71aab35909bf248d06394,4cfec7ead63281c6b2223c835e73710432611b6602ed04730b96797d84907446,0,cache/models_000888_000891.pt.gz,cache/predictions_000888_000891.pt.gz,2,13.799909629044123
candidate_000891,891,9311891,3f5cf6ccc53a87052b21ec940a67a30bc26a513c50a718c0dd17e719ac2ca8fd,559d65a3f1f6061d88b7fbf1fe1d518f8a079290e26c50b9ed3cd3662428c078,efee1c30146ee8ec60a186b578338d49fd76d30dbaab76d7f8881fc22f5c6f5c,0,cache/models_000888_000891.pt.gz,cache/predictions_000888_000891.pt.gz,3,13.799909629044123
candidate_000892,892,9311892,a94e0341b0da214d63d5f2e8d9a97830bbf31e30e2bef5a113c613bfcba20789,701916fde2213221fa5c53866efac8949cf18493dfba311b973a3045a8bbb332,46ab4f81460ae3af917f707a85990b99c1da94dcdd54bdc0e28e2ba9b3923ef1,0,cache/models_000892_000895.pt.gz,cache/predictions_000892_000895.pt.gz,0,13.899415282998234
candidate_000893,893,9311893,5d35603233641ffdc71e8e1527766f0a5318a40026b07c6545b780c56ed88949,df89f46515d99c7ba68ce7874ef5edb61a88039d44af4bc34f9b80311ac277ee,d569307c726a346a927d630a0011017d2f0f634cebf536098613ccab1015a9e5,0,cache/models_000892_000895.pt.gz,cache/predictions_000892_000895.pt.gz,1,13.899415282998234
candidate_000894,894,9311894,388b474125b745d631b0233d19ec676fa810eba956aca5a286531ccf9aa0fa8a,0602d6e5f8ac42f8f1b16cb79209a8cc4fe0d0f4b38f3beeefcdd62f237d61e9,74f2bebba4dbded94fa297a6b572d695c422152cd777b4e6a7c13553df7bc180,0,cache/models_000892_000895.pt.gz,cache/predictions_000892_000895.pt.gz,2,13.899415282998234
candidate_000895,895,9311895,516921de253fbe6304044a026c4318082c2b61e6490e95e9460e29af0f677a7e,c01f1a706ca2274c32f507245083bb3617ff2b1d5c391ae806c3063a48cfa1ea,625b9ca24fac844673395dff6493757abc24145387dc2f6f1bec47513b26b7d6,0,cache/models_000892_000895.pt.gz,cache/predictions_000892_000895.pt.gz,3,13.899415282998234
candidate_000896,896,9311896,cd5c7d69ff6a1f13d55b75e17bf599f09ca871f9becfca177eedb5bcc13a9993,e058ccefca103cbfd40642f7f9c8024e9938def630366749434132c0e064d791,f818e054384d26a0492e7a22d2e35d3ad7e13f74c932a2b4785757973eab5fb5,0,cache/models_000896_000899.pt.gz,cache/predictions_000896_000899.pt.gz,0,13.845704147941433
candidate_000897,897,9311897,0a9a83152e822bc2aaca97954a0ca52c87dd17c6bce0f3fc7665f91bcd0001a2,afa92f3f7ab2653c45f6d0f6edf521a4d71727af85018edaca19c32bad7f708c,d6fe19c965e6b81f7cacacec38faafdc70b65c81dbd29bdd14120c7083d7900d,0,cache/models_000896_000899.pt.gz,cache/predictions_000896_000899.pt.gz,1,13.845704147941433
candidate_000898,898,9311898,74eb85f6ff204770807cc70c41a7abc23fe3e8ffa3e5d66411e4a04a56d07c75,ccfd210cf554dcfbee7c70f9d5c628f731170e051d7dd8f200280e3671ab5da5,743ebdb4490bd1ca7ddef419e2053af39cd73acbc580839b74c1e8d4b4e95322,0,cache/models_000896_000899.pt.gz,cache/predictions_000896_000899.pt.gz,2,13.845704147941433
candidate_000899,899,9311899,b786a1bafd6ef753b097e1e7fc7e94781617653c4f9061908a80d4de4df52d98,58c5fd37d17035d59252a0d36f66f4bc0738d747a3b98a68404c00693d840082,97dd4a8e97b8926725671ff022468f8b20fae85a66d203047ad9f88fa4698e92,0,cache/models_000896_000899.pt.gz,cache/predictions_000896_000899.pt.gz,3,13.845704147941433
candidate_000900,900,9311900,7a61634a157fd35ccd574dbf7f4632fb0cfba9c50143a7e0654581420df2bba5,263e047a1119eebaf2ba0133809fd6680ceb436df70c0667a75ae02253abd2f7,5fca19cb1832c8b6ceeb80806a858a65e2b5e0b4c877f5b30236bf95cbf15a68,0,cache/models_000900_000903.pt.gz,cache/predictions_000900_000903.pt.gz,0,13.791606326005422
candidate_000901,901,9311901,5d78c88c4e51ceda2c095ee660b314150486e8a5b609de4b9a227b6fdbb70efb,db343d5cbad03abc32336be0fd5dc176a9f057f48d7b3b3969a20c79e6fdbd63,1d4d7224d4c4039a5ff2fb778de0210411be7e00152d8d922808d1ef115c1f28,0,cache/models_000900_000903.pt.gz,cache/predictions_000900_000903.pt.gz,1,13.791606326005422
candidate_000902,902,9311902,65db4460481c16ff615cbd2cd11e5c07a9cb9f0732a214811b92a2b56e54f8e0,7dee221d93030ae99620d67042239771972b13988d2886200064e70ab0bddba0,a7442c9e576baf039371734c8be144f131d1bf935136657b35a0f9841eb4ed15,0,cache/models_000900_000903.pt.gz,cache/predictions_000900_000903.pt.gz,2,13.791606326005422
candidate_000903,903,9311903,409a8a733b6a89089416f96cb96c09bb0f785a862c437fd70e577ab71ce1aa87,5f10d5b0a61f8b600ef53d6203058465da2f4eb7977026b03fad5dc950c382c2,d7386fdc160d7d3d8febdd9afc51ad8b481081efde17e08e2547e83032e13c56,0,cache/models_000900_000903.pt.gz,cache/predictions_000900_000903.pt.gz,3,13.791606326005422
candidate_000904,904,9311904,fc71ba7560a6f65009c9dbac33167e735cbcbb835a94d106fbf23ab5cec1030b,22a1006ead1b9a3b07fd02cbf620d2939a8f69ce43719e84a5e3bbaca9b298d2,a0e6a7e2b06d4f78cae3c40c4a9e7f2acc523382c3518e89fd8a43e78435904c,0,cache/models_000904_000907.pt.gz,cache/predictions_000904_000907.pt.gz,0,13.76890122203622
candidate_000905,905,9311905,a87df4fa99d2c69ec3054a2e487236c55fb7641324d7ef22205a1e66449c62ed,f4ebff1c9fa51bf401a1a15b05ec71b8f9614051b62fb61c9f25f92303bc9688,2c86cbb526f2ce6153351f2a7647acc421b5b2248bee5de3317eeb745063ad59,0,cache/models_000904_000907.pt.gz,cache/predictions_000904_000907.pt.gz,1,13.76890122203622
candidate_000906,906,9311906,59e53563181ab5cdb411ba51423dd34d7d49215c05bd70a539b8412b17ff7221,885f1111b416a6f746aebfc1aab70fac8a3de42a4e306c4e12d9363596268d47,6a23a77eefc1d1356bc510b3534c62f69fd402c9155a8b0fbab2ea1ac481ebe6,0,cache/models_000904_000907.pt.gz,cache/predictions_000904_000907.pt.gz,2,13.76890122203622
candidate_000907,907,9311907,ef1dc49f90276fea4ab98e428838fbf93a3a4b8f1d47daf304a487e3e9bcfdf5,8fbd5d83e3f4569c5a3fc78a37f9245830885bb44fe9a49bf509f09552732bbf,df8b096f6a94525f1fd223378471f7f48cf405f24388369d3f579c714f2e2ff5,0,cache/models_000904_000907.pt.gz,cache/predictions_000904_000907.pt.gz,3,13.76890122203622
candidate_000908,908,9311908,a728899a0e5eb6038481a1819f0829938452af28f7c6ca0a66d6b9dcc3c2e554,b9a2d31099e3a4130da06669feb41b02dc5f4e791ed923914f5889d5ffb6354e,f7b7a41ddb7ebba364ce606c0dfb5e996fd3cb30c9651b30f0b8d75e8a940ac7,0,cache/models_000908_000911.pt.gz,cache/predictions_000908_000911.pt.gz,0,13.815818784059957
candidate_000909,909,9311909,504c57f108c0436410ad562e6629161bb9f5063fe27d3aca9546874c16d678b4,5176c4fb092e0d18ea067ff7478fc0461f0bfe439e82836658beffd523aa0eae,d721684fb487480060bc26bf5d85e97116ddd3541932b9ae92b80c39b1f4d388,0,cache/models_000908_000911.pt.gz,cache/predictions_000908_000911.pt.gz,1,13.815818784059957
candidate_000910,910,9311910,67407691df3a3814d01088fae896978dab2d5e61b63382c230c14efaf94406f0,e8a2954bfccc363792f26de2e27baae8ef0af9ebd5c4567605811d60de09d068,6dccbe9c6aa4ae315e93f5671bfb9dbf39cecb588f4766c400bb95a895cf2f7c,0,cache/models_000908_000911.pt.gz,cache/predictions_000908_000911.pt.gz,2,13.815818784059957
candidate_000911,911,9311911,0795d2e269ec971d1bcb1589ec145206199437c2d090937dc0b7dfbc83ff23d4,1d8a10de93faa74c25e4eea730b2dae7cc3f26be084060ef63a4267bfc7ea73a,7136a527ec1926e0ddfdf570f45c92311096c7d4ffad75ebadebdf81ba5e55c1,0,cache/models_000908_000911.pt.gz,cache/predictions_000908_000911.pt.gz,3,13.815818784059957
candidate_000912,912,9311912,eed5fcb33551299d981553eff2d748f58717a2c023070f324ce707d938ef520a,1cc7e5f3917055d03b2d7fe1c569c288f0ff40ff3ba884cd23221bdbf3f5a9fd,d15b3828fadbd51b4d6a895d773a4e9837965e912c8b73a803c7db677271773e,0,cache/models_000912_000915.pt.gz,cache/predictions_000912_000915.pt.gz,0,13.80511201301124
candidate_000913,913,9311913,db52c2bc40412e258ae75ba01735118615b09f1ebd38241e797b76e73eba6cc3,7f77826c31d1be2371b20d3ccadc057693e1f072290cbe67e5478b7e9f014b11,3982a7519a74129167a01905e2c80f0bdda1d1ac707a92e532441ec59e57d95b,0,cache/models_000912_000915.pt.gz,cache/predictions_000912_000915.pt.gz,1,13.80511201301124
candidate_000914,914,9311914,9298de2569eb52d0af63c7ecf2e6d828e6d88a4e5eee1fb07e0b5bcc9c205fcb,6f1ec50bad1f10622c697214ac55d64f8e54bc9e37ad65894d7266a2713526b2,2f726c4601ca7426b30c36b830cb511930dfb23e3b1fae8b3dabfa2b4746a664,0,cache/models_000912_000915.pt.gz,cache/predictions_000912_000915.pt.gz,2,13.80511201301124
candidate_000915,915,9311915,3bd004a0bfcb98a142ed435eb155b90aea9aa290fb7f442877f2c51e5c1732b9,32d731357bfbbe91b0e057c8ac99c988d96c5683429ee738fc10bf0662bf89e7,7447f38d81ce55c6edd8755f4abfe2e065d12e89863776599b7ec5241cf7159c,0,cache/models_000912_000915.pt.gz,cache/predictions_000912_000915.pt.gz,3,13.80511201301124
candidate_000916,916,9311916,2ce27a3d107aa87ff9abdbb8952cf7ba7e5e2379b2234f3a45a13cab74502348,7e807034b74413f3eb4527b0e13f73ad1a15ee7f86e4ca99c33a92d22d36a0c8,fdbdc5a26a2d41f0b6f5b3c9ab172e581e2254fd392f351af506241cd97daebd,0,cache/models_000916_000919.pt.gz,cache/predictions_000916_000919.pt.gz,0,13.815320646041073
candidate_000917,917,9311917,f1f1b9bb02f70e975948792c6cee56855cdcccc52ed0120eb1d7ab3f4c8d12eb,e2aff5236bb876b001b3b3f297ae2f5a01c5cd8ea20f69e3b9cf86aea2b9cca4,5e93abdd3f33e8599b102caa6d36ae91205c5106ec9d8d44b3bf94a987eace30,0,cache/models_000916_000919.pt.gz,cache/predictions_000916_000919.pt.gz,1,13.815320646041073
candidate_000918,918,9311918,fca15dc9b5b0366b7b19874e413c9d204f8210ee9db95fa9a8a4a0f42df7ea03,7e506f4553423c56d51e9992c0c736adff0f5c299cdae987b58112d80537fdee,bb75cc36556500a49c68f2c3b9b5c7bc34eb70f190e674bf423b879f0651018f,0,cache/models_000916_000919.pt.gz,cache/predictions_000916_000919.pt.gz,2,13.815320646041073
candidate_000919,919,9311919,3d807950e820e06f25614db52145583b1856293e247cfc104bb76ffe94a88c28,051242795198cb539b6ac270434c4b553160dda0db394038cc37ab6ea57ad0f9,60ab50458f9909f749cc138d3d2e05aec647fc99920ede4a072e5c0dea7cbf9f,0,cache/models_000916_000919.pt.gz,cache/predictions_000916_000919.pt.gz,3,13.815320646041073
candidate_000920,920,9311920,db3334f8cde1ff42540d31481efdef24aa519fa1edb71660cef818354ab31f3e,07c5f40c4a3db8e2419669df0e9e14ee34d93ced3313e9e22379fac6ec35a6a7,aab2112137e5c0def5c44341af65d8533164234d47093c0b6399eec5bbaac24b,0,cache/models_000920_000923.pt.gz,cache/predictions_000920_000923.pt.gz,0,13.807311987970024
candidate_000921,921,9311921,1965b1313b7462e972ab10e75e60c1ca704383db386f768b3df9fa4db5f9b2c6,b743133daa97d4b257a088e789b61b3ef552091520f2729530a78499c54d0210,0024241be8af5205789155417b7ea394775008d0977ea471240a4c588758f56e,0,cache/models_000920_000923.pt.gz,cache/predictions_000920_000923.pt.gz,1,13.807311987970024
candidate_000922,922,9311922,77dbdc152e835cdacf9b3d3cfad11268a0fedb89a463e21aefe96267c8e68e6b,bc83b9f96bd1d63845fa792363817a7ae8c9329e611f6f8704a4d35f5ed08087,8e4399f0d0630e6031aa931c04d8acba3bc7d5cdb8638006d8c5f8d6ee3d01a0,0,cache/models_000920_000923.pt.gz,cache/predictions_000920_000923.pt.gz,2,13.807311987970024
candidate_000923,923,9311923,82b5ad413b110aa096f771439fd8cc115f40d019d163195548e3c91620f64629,4357d63f6935647d2de52ef17431ec1cd9d65980d33cef64bbdda8e6add12d45,5b799d8cabc3f1b510ad0c1fd91f6956e41414fde2f27e1393ceadf26a70c59a,0,cache/models_000920_000923.pt.gz,cache/predictions_000920_000923.pt.gz,3,13.807311987970024
candidate_000924,924,9311924,7995b4d80651315610c85971b2624147b9b321fb20d7a268f71e5a989e13344b,2c2a34d7ae0c3b5d96d16ceeb7f78da21f77bb30acc5a126cfba406b825758f2,9c40b5012899e93d5eb451914439bfac82c9216a9b54310d8782be10fb45a8a9,0,cache/models_000924_000927.pt.gz,cache/predictions_000924_000927.pt.gz,0,13.81768821994774
candidate_000925,925,9311925,5283e2173c0100a0086aadfc076bc7b51eb1a872c1bf72341436d6d1dec65574,02cf141f37841229230be54ceca63be89a8e3a96213695d9bafc6eec19ab89e5,3e5acd4e438a461e83953843e55f34ccd99f75d197d9abdfd4aaeefc3299d2e6,0,cache/models_000924_000927.pt.gz,cache/predictions_000924_000927.pt.gz,1,13.81768821994774
candidate_000926,926,9311926,32004ffe27c53dfa25b111b2bd57993618150e9dc1efa05267b9f48abf338ef7,dfe6030cb2c3b41bf2c3f0eb94369447885248a85a5a28555a788e1b1f916f6a,dd8b323380ddc39fdb107b29d34c060c74adbe4c84e3291dc81ed380c3e728c1,0,cache/models_000924_000927.pt.gz,cache/predictions_000924_000927.pt.gz,2,13.81768821994774
candidate_000927,927,9311927,e8c8f301381968d0510244d9549a668757a97892b708b96c8307b182a2c06b7d,a4d595412c433a3bdc589dfb781c05833c7a602d4eb53397989fd498fd4ccc70,3f0bf20798436bcdecb85b416d232259b1b90842759e435139b4282ea7ab0e60,0,cache/models_000924_000927.pt.gz,cache/predictions_000924_000927.pt.gz,3,13.81768821994774
candidate_000928,928,9311928,6e08ccc269b17a93b1eb68f8047fbc96f7a99aade50a60b2c7ed7e7039a3376d,afe14b6eaf95e676956ebf17ee2f1f3ad223a617163f988062a7440b297eab67,d4894dcdfe87e88f8767875476027b78562e81d964178f20b5eda78cf474aec8,0,cache/models_000928_000931.pt.gz,cache/predictions_000928_000931.pt.gz,0,13.816386200953275
candidate_000929,929,9311929,953b387256a4fa4e1f39ad3cdc659d639272cdb10a71b2d9aa9feb44624bea87,c02cfcef0ae8c36e7d5783625929453c07ac44b9b7d34b1531bd628bd3dbb069,f68765facaa5d8bbbc260a892482db7297574b63ac5de4182c67ba4037a72dc6,0,cache/models_000928_000931.pt.gz,cache/predictions_000928_000931.pt.gz,1,13.816386200953275
candidate_000930,930,9311930,a74ac161d0b55f9adce3762dbe9eb8938b16072b5b4a18e837f4e0f859344197,d726f1e5cd34313f2fd0f69da354d282ab9409bd43452e4d44904578b7018963,99af4dd0381920f875280acef1b99064549c48a76439e8c5004dcd032c7050fa,0,cache/models_000928_000931.pt.gz,cache/predictions_000928_000931.pt.gz,2,13.816386200953275
candidate_000931,931,9311931,ae955f12d4871b79ef758ebf5e798039b38809557378be012737fe2df43410ab,61b033b985fa588f5138f3f5470e57fd2213c12404845efededef5e6c9996d7a,e73b6e62b4a082bd93137e16223432318c11334796d519eb8ec5195a0c0abaff,0,cache/models_000928_000931.pt.gz,cache/predictions_000928_000931.pt.gz,3,13.816386200953275
candidate_000932,932,9311932,2613d707091a59f5619c4bd66a3a78b96945bb1b9a499eca2de1643bf287df04,2274a8701171abb30122e8701e89641e846022ae5534fbd12bb0e42be11ce93c,4fbe8ee121fca9041e8c24173de697aefdf2bcaf24ff043cefb6810e442392f1,0,cache/models_000932_000935.pt.gz,cache/predictions_000932_000935.pt.gz,0,13.799734034924768
candidate_000933,933,9311933,5e6d7e11d25b4ff5fef6662fd3b582b1a6c9a39cf363a5d5c6759afbbfca9dc9,cfafff0a2ad248d3b97898cc5ad1b3071c137612ab766acf11d9288ba6cf6bce,4965cbe99f7e07727dfb8af7b482faa2cdc41368582ff1b997e72bd1f20623b9,0,cache/models_000932_000935.pt.gz,cache/predictions_000932_000935.pt.gz,1,13.799734034924768
candidate_000934,934,9311934,2e98d1d2164643705e96724455e358491c9bb7d210cecbbe2834ba9e3df6c707,de4319601dc4fe486b3518428fff0daab8c6a09327308ee8aaddba93ca559db2,c7e2c29d206544898048b374f34a0db83d2a0888b32eb25620c617a6f6a28485,0,cache/models_000932_000935.pt.gz,cache/predictions_000932_000935.pt.gz,2,13.799734034924768
candidate_000935,935,9311935,b9a9c3e7e2600de38d21246da7995b6edcf3ade8130ae1ab8654a5cd6b1e0434,1241a3614b96fe5280d1c61112a86d46fda22f698acd819ec00c0bdbbc073b60,048859111ce286c68c391b570e97cebcba0f0cc38b3e3e18f7d94ac3f9a023a4,0,cache/models_000932_000935.pt.gz,cache/predictions_000932_000935.pt.gz,3,13.799734034924768
candidate_000936,936,9311936,e56c3bc9035a2dc31829a708d07b39c211a720cdf93863b844a1d4999bea15dc,fa1ff0b2d3d01773394a2a390c927bd6f43c8d797f434ce41d2ad812e782bdb0,628b59af43a9adb22d7e8273cba1246af351d9c941052d19f99686d1a235f559,0,cache/models_000936_000939.pt.gz,cache/predictions_000936_000939.pt.gz,0,13.809502906980924
candidate_000937,937,9311937,2ae6253160083f8c01215f775a9ed53211ed41edc465cfce59762cab0ac0dc75,39399693842800a8853d49ae885187f10293a1652379bce38d01508d8ab8df91,7905ec81a40c7dedead425d0496e582a05b6807b146d8d008f65fcc218f4a261,0,cache/models_000936_000939.pt.gz,cache/predictions_000936_000939.pt.gz,1,13.809502906980924
candidate_000938,938,9311938,aa1b1dd819f9e6cb294545b81236f9ae2ed4734292ceea8c97d30a0341763ba4,1f3e31764a6797dd1171ad5c1e68ff7bef87b42be4c1b1fb23b837091ed40228,972a66e1fe68e76d510bf35f55e4bfa8fd4b78ddb59907be40b8c4a81106c06b,0,cache/models_000936_000939.pt.gz,cache/predictions_000936_000939.pt.gz,2,13.809502906980924
candidate_000939,939,9311939,fe17558286f926cd3da8a77e90f328df4f4dd12e408f5a9bb030bf2a76121da7,5308afb3e81cfc455a8cd37b85b185e043b67ebc0c4cd1b29c8fddd43d724aa5,514c184f7dd05df5ef27fab4ddf896d89f408eab7694bf30a2653137e709a8a4,0,cache/models_000936_000939.pt.gz,cache/predictions_000936_000939.pt.gz,3,13.809502906980924
candidate_000940,940,9311940,2a835990ca094320cd0c86d445c05a11c549f3659af2c8f7a902e3cff9bd3138,60ff3651e702cf3f6cb8d8f2158e58f3a983c5082e6ce80b52c0ad3e264345bd,5310baaf1dac2bb4c5b5a265ec0c83dcf67e525df0e0ae66cf06fec6c1a7ff4b,0,cache/models_000940_000943.pt.gz,cache/predictions_000940_000943.pt.gz,0,13.812764110043645
candidate_000941,941,9311941,32a027a08fdee6a80c9353bf4f44d8e7fe0ec13cdd11f33667280a3bfa7f2227,0e3fcddda1676419c155fb5930beb3062e9b291dd527109366a1cbc48134b2c9,2512378bd781e608f9e24272b44ec5c8bdf20990663a6c70c75d203fc1bf7a8e,0,cache/models_000940_000943.pt.gz,cache/predictions_000940_000943.pt.gz,1,13.812764110043645
candidate_000942,942,9311942,af5856fbd4f28ca2f17b4579d4fb9ee60b7fb9b11e26c630f640a6e57f6a0eeb,0864b23446f06541480155fb0e8143bbbac3006b494d37f6bbe2b39807d55a81,e79b282c82c36c1380bb587cba62b1c0b8c678f767d83f8e58f370f1fc2efb9f,0,cache/models_000940_000943.pt.gz,cache/predictions_000940_000943.pt.gz,2,13.812764110043645
candidate_000943,943,9311943,57b0133615933c22adab835ec90626489d175112e6e89a3af02efdf2a1250e63,eebf83cd32778ccb4a1a73a5c3aa0439e4abba576269d936874ae3ca7917c944,3f4e5ec371fe25d20f21c3a5d5c34c54255801b5a5d3a094efd6372a00003dc2,0,cache/models_000940_000943.pt.gz,cache/predictions_000940_000943.pt.gz,3,13.812764110043645
candidate_000944,944,9311944,2a9b683aea371ad77ab8c0bf4c03aa5d0a721ba678e8afecc4522641c862019c,8c7c6edc6c9abbe2855a2729fd0348f8b621797e98b43d9ae16ff0dbe8c088d5,ad599b60f7607e35c728edc81777ed1fba0eab009ca5b5833d35c2adf9256a73,0,cache/models_000944_000947.pt.gz,cache/predictions_000944_000947.pt.gz,0,13.821347018005326
candidate_000945,945,9311945,2344aa117f00465b0bfa7e3786377ebd3f8f93da188cd709394349eb4d9311e1,36952c6337bd02beed3e9effba953d6e24f7ffb5f0ccbcb8620defb8fde6ef51,35a19f00e44d7d20ad5a369cd9bd1963d13a0169de682e8e6e0f24c7c39bcd3c,0,cache/models_000944_000947.pt.gz,cache/predictions_000944_000947.pt.gz,1,13.821347018005326
candidate_000946,946,9311946,fb3c20dadff60a91de0d6d137408dedf2f334d62792fe0d4abfb53dc248d24a7,301e342360c1fe01bb8cbc30de73aae6addd9605ec977410b3ba5d0f6cd9bbc2,05a0a72453fd4c17afbd5231af4d7b309d15ea09818cef4f7b1646c5de4138db,0,cache/models_000944_000947.pt.gz,cache/predictions_000944_000947.pt.gz,2,13.821347018005326
candidate_000947,947,9311947,74df3fc03d43801f73d851062933a2bbb3161cd3d2cd3c8296af70c02c5d7aff,6e664e54bfce12a3bd6e768cd64b2a49c6feebe3c7e474640662c080fd5dca89,e2c39c398a7f19ddd368fd9e399e30cba05249ddcd71b8cd3607483751931009,0,cache/models_000944_000947.pt.gz,cache/predictions_000944_000947.pt.gz,3,13.821347018005326
candidate_000948,948,9311948,0737e23a5de32d0fdb24f31b0a247ff11b8b7c7499deefa4c5a6b272715a0e2b,260e3bc58d62b5635641f29d48cc98edff9b820e02ad37be77d3417617c7881b,29705bac00f00ed87cd120db5cc6a7a8f7d0315f361182b7e3eb8cce1ff98950,0,cache/models_000948_000951.pt.gz,cache/predictions_000948_000951.pt.gz,0,13.83951356401667
candidate_000949,949,9311949,14e7503a83008dad123d42e07fe99d1a01f4a80050b4e7d5139f38b0ee70f417,43cb1648632d195ab3388866d5b8c7ab62e8ef845f350d3f9855ee29caa5646f,6a632bfb79cd68319202fe59b1a512d787bafe0bdcaf25c3d30b2bc67f6ba836,0,cache/models_000948_000951.pt.gz,cache/predictions_000948_000951.pt.gz,1,13.83951356401667
candidate_000950,950,9311950,152a6cd4a4a1ba0ebe8521e7dcb1e3c7f688804aa3783ac1e5addab4a79fef32,64fb3af8e927a7f59af7c64516abf2b27bc4271b1dc4c5de2f65fc095363d987,90ac17e50b20c804228d953f640d3601a2a9e140c56ceb499fad83e8fb04a162,0,cache/models_000948_000951.pt.gz,cache/predictions_000948_000951.pt.gz,2,13.83951356401667
candidate_000951,951,9311951,81a2a1d2d33ab1643844a63f72441392c87a0178e727a31d3517c2e5a8311e25,cbc3e7f0d2038122bffca5dccb37b652061bf6a954b908389ac92dca9bd8ab20,d922c506ffec94c30d1a01ff257a19134d214f4cc59fcd08b867d00178f70a5d,0,cache/models_000948_000951.pt.gz,cache/predictions_000948_000951.pt.gz,3,13.83951356401667
candidate_000952,952,9311952,0f710ca9e26bd188848b3a855c255236d732d18945b88fd351bb71d03c8894a5,b42a90007d38b3281d8a91eb37ff46b92da7c9c1917cb72b52706caf8c363c72,9f1b5e59ca47a21f87104eb5fac7672289ec4e4cf0f08b529adf7a7c655c21b2,0,cache/models_000952_000955.pt.gz,cache/predictions_000952_000955.pt.gz,0,13.816686196019873
candidate_000953,953,9311953,4c3868b60d165f90df1e8d40e67e091bd2a66431916cc521149f3a013f5b1f26,978d52a4b070b24a1633249ca73bbfb5dbda14d4bb553ea512e44414625f071f,4a3e0790d60b1c030290f9033fa0369a1df18b5843bacfc66f662457814fd32b,0,cache/models_000952_000955.pt.gz,cache/predictions_000952_000955.pt.gz,1,13.816686196019873
candidate_000954,954,9311954,7b7bb3f97c3de183ef8625365960b16287b33339c77e417d85d2deb2bff8dad1,8c605c01d4c98070bab138bb061905397a94abc9a77e02ea4b7ea4fc88f94c2e,70b8e1eb0da11f81f0504b82de209fba7d98d87b99c147d800bf8d88c9f129a0,0,cache/models_000952_000955.pt.gz,cache/predictions_000952_000955.pt.gz,2,13.816686196019873
candidate_000955,955,9311955,5d13ec53982157fa02cfdeaef2d658e51297a2d9063d1c29af7084299ea660aa,3859c5f3a84dc32a31e6e8944b8734da007616cf5d7bf99196c093115d4fe98c,32a9f86e75e1a8a8b86fd34ed6b91dfd45ba33db4fe2e5a88bb4bf7c07cfeaf6,0,cache/models_000952_000955.pt.gz,cache/predictions_000952_000955.pt.gz,3,13.816686196019873
candidate_000956,956,9311956,cb7d938023824475a043ef17279688d8a11e3c30d613b18097588597c8e389d4,7b9ff72d74b39e90e3c6a64c16f691e808db92d4ff76864e7a4d1783226a116f,95a2f4cf2caae18f19158e5667e679aa283e1e145c5786b1877d4673151c8685,0,cache/models_000956_000959.pt.gz,cache/predictions_000956_000959.pt.gz,0,13.852184081915766
candidate_000957,957,9311957,81c86adb0d2f8bc187bbba055221e0f0912ba6ea3c4d3cf66670fadf0601cf06,a134162dd6c587a1504673b2aba713d738f1fd1675891370d8a127a1ea0c1338,5c02c8901fb6b676e04625e651b8b2eb07e92596ffcd904e3558c76c38313b4d,0,cache/models_000956_000959.pt.gz,cache/predictions_000956_000959.pt.gz,1,13.852184081915766
candidate_000958,958,9311958,4668e601de173edccf514d8a917b8a2861314b1c98168ebefeb461b212c6a4a8,0176436bf3fcf895918b317836c5c5c2f3250ca4d92f1233ce571f0b55454e2f,a25352431a19648a602f1bdbcf143b66ec2da4781304676ca6f8586e045f78fe,0,cache/models_000956_000959.pt.gz,cache/predictions_000956_000959.pt.gz,2,13.852184081915766
candidate_000959,959,9311959,b9eea67e3e174a42dbd15c7f6881ad966bab56e9c77678f33ce3d600b3c76161,2eb78886853319b0d55625861f03919ae7d9fa36b28f6f5534ed3735f7f6a19d,89838c59b1ce39e95d8807f1774836ead8cdedd362d280c122f15ebe047e951d,0,cache/models_000956_000959.pt.gz,cache/predictions_000956_000959.pt.gz,3,13.852184081915766
candidate_000960,960,9311960,bdf2a4d3c966e1d3e01eb86c679b38f24d478bf17106091b703c1a663ab0b21b,f625cbf2d428676425100445722d8680b274cf2eb29e3e2a3d86cee284e68e3e,bc3c9e8f4a51e0d2e821a8506a301b12fa8f7c93a3adf051fdd216afba079a9e,0,cache/models_000960_000963.pt.gz,cache/predictions_000960_000963.pt.gz,0,13.804103958886117
candidate_000961,961,9311961,43cedcdf6afab433bbdef00162599d33069025d7ec7ceb6809be1edf9d3a568f,4707d7552840736c4c732446efe1899628cfd1e6daad434b10d7a6ceece27475,be6af81c7d7e1b01faf339dfcfc3b4cec28c57cce433244c7b1471b1ec5397e8,0,cache/models_000960_000963.pt.gz,cache/predictions_000960_000963.pt.gz,1,13.804103958886117
candidate_000962,962,9311962,9acfe0920662b52b752f181360670e95905751f79ff8f3fafad83f6aa6e47223,b2a5dfb72d67c52842e56a17f25d97bef0e71d93740048881ed9f41a5a7b1d81,e7551ccd53dcea5c7f61b3c6443295af415a0c1e7c17440c4c84d0a5576444db,0,cache/models_000960_000963.pt.gz,cache/predictions_000960_000963.pt.gz,2,13.804103958886117
candidate_000963,963,9311963,6c732f3179840c9565eca8d0eb80a630dc9c7059d609cca9717fd3ec32e14b16,83b621847e9424242a6c00a3ccf8cb10624f508c67d2bc87250bf065dac61e7d,81a740940c1574b993a793392a83e60d9f708921d6470fed1691a0ca153c4aa0,0,cache/models_000960_000963.pt.gz,cache/predictions_000960_000963.pt.gz,3,13.804103958886117
candidate_000964,964,9311964,82237ae96cbf76f25bb66a1e4fdd7897e63940af83efb34124f475269a454139,904ea2951a82fbc0e2e57d712d3145513c095925b6f8aebfa0083f98e77b38a4,47f3748f300ec6a9f4394a888cd7d9926250d659e3c376e790f1be120616ba85,0,cache/models_000964_000967.pt.gz,cache/predictions_000964_000967.pt.gz,0,13.785136346938089
candidate_000965,965,9311965,20c737ab3f1007ee9aa1bac5eb332898f9775b7788df6886241d90fbc0427f7e,a762b69c970f734055f65839f55e2c18a8edad0ddd49f8092f8fdd7c8ae4895c,745bca7d603af2ccd0c90af5647453ec587401fd1e523ddb40f766c3b55b6bce,0,cache/models_000964_000967.pt.gz,cache/predictions_000964_000967.pt.gz,1,13.785136346938089
candidate_000966,966,9311966,bf5b4cf6d87904a25ba64dc911997cb234c4355b00a51bd6ea67cef3b1860f93,90ebe034df3b8cf3d3e55cf38494628dbaf03c275eb2be0e98ef2dda8e3c9695,855926d884235731733db07f4f80a87c12e6ae298d02c66816b9bf894d3105bb,0,cache/models_000964_000967.pt.gz,cache/predictions_000964_000967.pt.gz,2,13.785136346938089
candidate_000967,967,9311967,dc973f39282f60355d0cba9d07aec98e94e5d1f8c7bdf94a6fb5ff5e7cef4991,77d7090a42f51c7f09b5af9a5e2153ccbd8256cf9e82bc20df7f1eadabae4e1a,df0efb129b2ad23e5863f6a5e50099ffe6d8fdb012001d689910921f06702f0a,0,cache/models_000964_000967.pt.gz,cache/predictions_000964_000967.pt.gz,3,13.785136346938089
candidate_000968,968,9311968,725a0bae749b82172eaab2a0e2460911f10537e2c4fb6f76fbdb015b6a162596,e860ef609e7c9576708bd8b22d80e9b137e1c625346248767072d414f9f1cca1,ec10e1f8937f51854efcc55dc5393beada69f098519d0c05398cc2e41fdd2281,0,cache/models_000968_000971.pt.gz,cache/predictions_000968_000971.pt.gz,0,13.828338246094063
candidate_000969,969,9311969,3eeea48927213c0f829e2663477fc9809ca653494ac2e4d46bcac81447c1107c,46c06e703d33274ed1cf269120b4d6174957b664f8a596c3110de0fb70319110,d04ce922555ea2777239b741b83c07ea22b24593299ac220cc1378a264d7d55d,0,cache/models_000968_000971.pt.gz,cache/predictions_000968_000971.pt.gz,1,13.828338246094063
candidate_000970,970,9311970,840431b355a7f9681ca8f413d7bd6d37f677e344b632736f8bbfd73850d74117,40c3bd732cc993e8884075e0d3b4942566f7ea88323f5cf3e9eab9c15042bba3,aaeb24ed3c91d03c1b8c90918473d7c6b91813484f4181f63dee8fa5abf5c525,0,cache/models_000968_000971.pt.gz,cache/predictions_000968_000971.pt.gz,2,13.828338246094063
candidate_000971,971,9311971,8b184b3e90f884c6bf871abe395e324c088bddb2c626bb72f04fac75e66457dd,15ffda9576fc08a72cc6050efd21c8598a6628cb9974b59562da00190e9d28db,469dc1df15aa29e50580d93c40c4098f3314b341e8420621adca2fde827a74ea,0,cache/models_000968_000971.pt.gz,cache/predictions_000968_000971.pt.gz,3,13.828338246094063
candidate_000972,972,9311972,1ff795c1cd8ba41ffbc6ac973cd62ed03726ca1ff5c5d310ede87925eee6eba2,b994c495d8b8f5165ea44fa41633e354b28fbfe549ad41c1cae3959fdab61eb8,682456a9e45166c3bec68b7d3a0011e0938e86e3036281315261fbb79dcb77b6,0,cache/models_000972_000975.pt.gz,cache/predictions_000972_000975.pt.gz,0,13.815376854036003
candidate_000973,973,9311973,89ba6a71a912c5dc7c91b74a5ebc53c7f30d93e774f90f54e44f53d29c9e415f,b217b7324510fe74a73542851511d813c053d21c88b69d83e6a12d48b7e80ff7,5ada810197c457a28f2d3c829673b16a1ca27b012e78e5d002ef8941b36bef9f,0,cache/models_000972_000975.pt.gz,cache/predictions_000972_000975.pt.gz,1,13.815376854036003
candidate_000974,974,9311974,1b4490a953fe7edc261480e0ceea3c7e6f88ff133764e4dadace6642c121f673,080048709e249b25b4c4e46fe72f35c00ee8db0e72b661a1ed8814fdc170ffe8,f90e760620fe532f05eccb750bf9c3643fc9f04011861910ed5557009d291c92,0,cache/models_000972_000975.pt.gz,cache/predictions_000972_000975.pt.gz,2,13.815376854036003
candidate_000975,975,9311975,c4640fc756bbebce6ad8f41afddf4bb64dee2771d4cb2de306317318c924eb37,d2793547c3cab819253a6f02ec4bab96bbcdf3e4d1a2a91edc35ae3f66019437,09d6e5c224fb79e21765863ee8dd311230cb9aed171eb687a75c7e392aca3aed,0,cache/models_000972_000975.pt.gz,cache/predictions_000972_000975.pt.gz,3,13.815376854036003
candidate_000976,976,9311976,96a9129dadb378ce9d6c3278df69218fa12b1bc35de4042340f37010a054cb8e,18de11ebef60f1dcf60c4ab903eca25086f27cbd826a6a3b993b320067145b0f,cb6bf29098fe4e0ddc5121ac04ba841678aac2e6864f7b8cb379daaa5dbc9d89,0,cache/models_000976_000979.pt.gz,cache/predictions_000976_000979.pt.gz,0,13.800928838085383
candidate_000977,977,9311977,f0683d73e711b31d8d540fa1fab38c26e35b5b442d4daaf6d7256194fe0cb169,9bc6eb46cc2341a8827dca614f771c3684d604f0d873594cc743f6c6c78cb763,fef51e60bf72804247e9e7bdded2db42be62cdba2e871a43dc157b0fa1405315,0,cache/models_000976_000979.pt.gz,cache/predictions_000976_000979.pt.gz,1,13.800928838085383
candidate_000978,978,9311978,5c942bef5cb80f8dc38b64c5e25b707c5141bc44ad6a1ee4f3c92ab7f772ebfb,0d36e206d0820554b70a32a20988ca76c620673c56d7b765697c7c8b5c216372,0a4c00fc9fbf44fdb0aea733a173c7cf3e677cdc9fc1b0e1192b576037777e94,0,cache/models_000976_000979.pt.gz,cache/predictions_000976_000979.pt.gz,2,13.800928838085383
candidate_000979,979,9311979,89d89ee713b6dd4f97637fd50fcdc55b17271278c2a47e9c7ccb44e5708bb603,4eccbc350e38d007508d0894c89caf451fa5377d114daafc57869a339896852a,0c6501b9ebddf081921c055451bfa61ec90fadaed8816b4f8e773c42fc398f39,0,cache/models_000976_000979.pt.gz,cache/predictions_000976_000979.pt.gz,3,13.800928838085383
candidate_000980,980,9311980,31cdb5c0ba97c756cfa1e564a3bc8a1686953d40f64508ae979d01752f130520,56ef3763388c01275c17253f877b5ce9e4dd807d0780ab203888cd9eaaf12ebe,720750082f3e6ec11e61ab4f11a110adf1e816e11e2ab50dffbb1ae1bffb0495,0,cache/models_000980_000983.pt.gz,cache/predictions_000980_000983.pt.gz,0,13.803258411004208
candidate_000981,981,9311981,bb9ee5e8bca0764ac1ae74b88c09654cd2ee06b935e53b4d8f7ad40a6b3d83bc,ac988602ac00fc2b4b55710cb9371c5b89520f634f5c3ab10f1ee8b0a9b3c0ec,423155fa7fb62944e6998de2993e1ca3d9735bfc7168cc36751bdc2f33c472f2,0,cache/models_000980_000983.pt.gz,cache/predictions_000980_000983.pt.gz,1,13.803258411004208
candidate_000982,982,9311982,142f80ca1aebe65c63751ae3eee5a50e4a5c592606933be0b18955ed569d852c,f1957872c02674f0072beab4c0c4115012fa5d08ccf23e6f0f7da1206ce1f9ce,1e47991120d6576bab13d5186226f96fa3e5526e946fa88b67003a0a4074142c,0,cache/models_000980_000983.pt.gz,cache/predictions_000980_000983.pt.gz,2,13.803258411004208
candidate_000983,983,9311983,e7be09f994cdbe83452a5b29572d0ad32c91a48914f414d3106cde2008d0f40a,c48d41ec661a89f1ff38bd1976c365f3945b882e40b93df9d1f8eb79e628dd1e,4ac1bb47b38d3cf547842b3921026c3f2d007940b6e266bbd50b163e82575e57,0,cache/models_000980_000983.pt.gz,cache/predictions_000980_000983.pt.gz,3,13.803258411004208
candidate_000984,984,9311984,418666573d5f67b1fd1d9f946134b5dd7f4800d5ad552d97ea55d18ea8eeba2d,da3027f2e85169bb2ab317c4a365b155d061b382fc82bcf8155b1ea52c893a74,e14967fa8c157d3b27e301a4eb17756919a081d20fb3793fb3f322c696f0343c,0,cache/models_000984_000987.pt.gz,cache/predictions_000984_000987.pt.gz,0,13.789578880066983
candidate_000985,985,9311985,8df9c85f83a8f6e2e098f3daa60bba1b80de81950ab49643955f869d662ce50d,6e4481b3f462705c1b28c8a166c08beda49e12bc4bb0ca940783a04902ef22ec,49e08ff073c62348926c65675a935b846a63e6a1a4108f9c0ef8d29d810bc90c,0,cache/models_000984_000987.pt.gz,cache/predictions_000984_000987.pt.gz,1,13.789578880066983
candidate_000986,986,9311986,3bfe67d5c89d5d48fe5cf1d9298c70d647a760c214e87c14d411174260d2f49e,58e8c7ca252584be043f2cde29a8181643acd90259e3ea18dd520617b5b0c885,f10c8e754dd733f6663fee437ed3fbea74c16504c61410eefdec0aab8902ddb8,0,cache/models_000984_000987.pt.gz,cache/predictions_000984_000987.pt.gz,2,13.789578880066983
candidate_000987,987,9311987,2bc9eb7e595c8939192bbfe6cb2ff6a769e9e3cfb93fb44ab8fa1b08dfc7e791,aa7eeb9207f2500690e9db75085005a1999fb3aef283f119dc5b079135ad6f29,5b17b935e66c0999bd716fa9b7c716806a8ac3eee9eaf7029d72dad15cfd462b,0,cache/models_000984_000987.pt.gz,cache/predictions_000984_000987.pt.gz,3,13.789578880066983
candidate_000988,988,9311988,954854bae100583b095603ef64e1b01486a2eae4efd375a4be15def5ee79d049,693f6bd582f54409ef8c9f3620a93a799ceaabdafc605d7f2f2a3ec0fb1ce76a,08a660f2b1d5d4e8657c72e489604354dd30eed376b75bb95b2ff520c2a650cc,0,cache/models_000988_000991.pt.gz,cache/predictions_000988_000991.pt.gz,0,13.805875019053929
candidate_000989,989,9311989,30570067825631c2e6ec203462fb92b89fa37c4fce3340af881d7180c320275d,de23ff50d0f88b5ef7c0ab0d212223afe72e201f46394d6f8f15cc9cb5d98c61,ef6ab2be4af19b7f9dea83d547687d07651f0160e9f99e1eafc7f2fd5950d631,0,cache/models_000988_000991.pt.gz,cache/predictions_000988_000991.pt.gz,1,13.805875019053929
candidate_000990,990,9311990,a8d6d8403d1a2685eaae7ad1a2015982815762287b85a2144af3754c6ab0aa63,7291c5b1821260ea6ae13dbf6b74c7b52d267fcbfaee2c14ed68af887b8fa85a,a4dd97c343a84799b1594055814a9aa58cd4d1c0efe786df3d5e930510279767,0,cache/models_000988_000991.pt.gz,cache/predictions_000988_000991.pt.gz,2,13.805875019053929
candidate_000991,991,9311991,454fde5be641ad052c88e67774ac0276a6d39906f060b9a2dcda2830bc810be1,3a0e48c33b077c3f2c136146e0532dcc524721e7ede5ecf23da1a232788e9719,0cbc011a72846205c5fd3cfe14ea037a724e875ab4ccb348e2c727e61fec106f,0,cache/models_000988_000991.pt.gz,cache/predictions_000988_000991.pt.gz,3,13.805875019053929
candidate_000992,992,9311992,c8936a58fd98f2c9f5214c27573b537bc33f3408e9aa58dec64f6f1fbd268a2b,a6efcf786cbdc4d53532f627beca0f2e5b9337e4f421c45e16934fc7d4799890,728e3d0c03db5a1a2b1727cb3195feb4236352b9737369aab80b65978c8d3208,0,cache/models_000992_000995.pt.gz,cache/predictions_000992_000995.pt.gz,0,13.80324073403608
candidate_000993,993,9311993,95fbedc2bac487054747f6b2d5bf15b08401928f8aeadfc29485237627e6c62c,7a153fa84080cce5549380bbda2c56505eee94bc553780421371516b4fc1ddbc,e5b382a511bfe60ece53a86b94638a6515f0d9b3edd3e4e7d6f5189129413949,0,cache/models_000992_000995.pt.gz,cache/predictions_000992_000995.pt.gz,1,13.80324073403608
candidate_000994,994,9311994,49956115a4d47be31e3270a8563f56bb4016c598fcd625b49ffa000b51e25d60,333781778f116c743e1d395faf451eb42314b99fa7f4c3cde921d560fe923c70,695d0a3b2bf65ea69bc29d7d1c37b5d2e34c85a56c8a03dc49fad336fdd9fe4a,0,cache/models_000992_000995.pt.gz,cache/predictions_000992_000995.pt.gz,2,13.80324073403608
candidate_000995,995,9311995,ac41326de5ec0bb21d38b948df8541d27188ee6786002f05186648e7115a836d,ae424f244b8ba0db0b57878ee31f9d19c912db1a934cf1b81d0c7497933557c6,b47974609be78e4ee951960f642c1bc4fc32fc793c5b6fb91a9305283051446f,0,cache/models_000992_000995.pt.gz,cache/predictions_000992_000995.pt.gz,3,13.80324073403608
candidate_000996,996,9311996,55cdad731b92a931d9e10f3cd08c418c392ace4ac79125b9e373655d0e287ca3,f4b95a8f2a8a42d21bc492009ea757f40a7d516aee0fdbd8d2c81f9a2256311d,357ec3baf8fa9e9b01cf5a1930527278847cfb3634dbdda7b5fa3f7cc3a90495,0,cache/models_000996_000999.pt.gz,cache/predictions_000996_000999.pt.gz,0,13.763919078977779
candidate_000997,997,9311997,697e00217fd8b49079586f933bf50cdd3dbd5290f278b9fa40374b43bd37f9ad,19001048d35d9ad230b0a57a61891c90063dfa64ac67432d0c6359ae851de947,39287d6a5c75aa7a0a890065619a43eda333c2021bcfe8ce5c70a683cfa0f585,0,cache/models_000996_000999.pt.gz,cache/predictions_000996_000999.pt.gz,1,13.763919078977779
candidate_000998,998,9311998,b61bceaf1002515e8af30b2704c07b555642f64ece0abf1a46a39c36e823b883,ea06e36e66ffebda456ff491e477e53609407ec362a977db18835f6b29bae984,27841db493245e43102e804e8d377a40aa3a248899aa6e9a3036e034063a0c3b,0,cache/models_000996_000999.pt.gz,cache/predictions_000996_000999.pt.gz,2,13.763919078977779
candidate_000999,999,9311999,4e0395a2aabfcdd3ea1432210838a1745cdd52d5f120902bf3bd203462a2ad6a,9c37a3598e0ff5075cddfef318c799fc6785c53cc38c36bd8b06971a83df260a,24737ced2be1ed2fd78a759bffbe360104489a39eccd74b6d59bb26b2fa6e57e,0,cache/models_000996_000999.pt.gz,cache/predictions_000996_000999.pt.gz,3,13.763919078977779
candidate_001000,1000,9312000,97ee2d9458ebd2b19f7399b3003cee81561ec0489739c5b5d691e38ae27127f2,d61ba3337c72bdf34ea34221a1b823023ef1371726144014d257343f3aecd97d,a1b43afed351979947c00628eef829fbede9036b4bd8afd8de5e8d0a84ae4926,0,cache/models_001000_001003.pt.gz,cache/predictions_001000_001003.pt.gz,0,13.814573878073134
candidate_001001,1001,9312001,54bd5b290fd0808626a433de2144c0a29263a25bb6b37fa76b4f501fea02eefb,c67b515dbaa4009db7850556aeaa2cad7cf737161562e2a6276772252e06d0e6,cd768020ca008204f25a9972ab049585d3d1f8975171a743d280dad6bc2059a0,0,cache/models_001000_001003.pt.gz,cache/predictions_001000_001003.pt.gz,1,13.814573878073134
candidate_001002,1002,9312002,aebd6dca51f6fc4a1a7229656839137361a8a999adb8ab5f7b5bab15a3602602,dcb3e7176d9508485b120929c99f091854045b3b44d1676e5f479c0a8ef11980,b3e20c8b2fdb09ff6b999f205bea6690ac9e931801a69b133418a42d4d3941ad,0,cache/models_001000_001003.pt.gz,cache/predictions_001000_001003.pt.gz,2,13.814573878073134
candidate_001003,1003,9312003,db6fb3c3ffbd37f2541aefd0fedef75b5eff134e4e1c2dcc7ffd9505a18ad59e,00363165b0d8725f8e630aece170695800c034b25472e74a2de52e8932f1c88f,3883dbe55e8d4a675096a6b2ed04f57228949686d864b1cdf5aaa7cf33bc0c91,0,cache/models_001000_001003.pt.gz,cache/predictions_001000_001003.pt.gz,3,13.814573878073134
candidate_001004,1004,9312004,c50f0139b2759f9e9e7fce9f2c7922f05019af4742783f4bb4fb334375438f19,c223a9768d60b9bf8cb573827006fa480282d3a9e5cedd809eda9aa2129e568f,27551953a27a3c94b4b493c23f8e99b2842b1da5793aa017e867b5bb6b290011,0,cache/models_001004_001007.pt.gz,cache/predictions_001004_001007.pt.gz,0,13.813557761022821
candidate_001005,1005,9312005,84a68ebfa15629bfb001f3748d405411cbe031123b3702316b59aae318009c91,e0c859b70ca3ab483cd388c345a52b6f7b2f6384c183c3967bf6c85b002b2794,38ca54f05afeb24c94266680b2d5b968c8e4cbeb6b2e6bcec3208658933c69e0,0,cache/models_001004_001007.pt.gz,cache/predictions_001004_001007.pt.gz,1,13.813557761022821
candidate_001006,1006,9312006,e2126253fecbf380e6559f4572ef95049c98174cfb9116f7eed9ae90cb6f77b5,d8905af060c67d1d7daedfc1cedf0cf861517194ea9e1315c72543afb867aa37,b03e322de31864cc7ad1712f479b1971dcae7677cb81c1e6b74f483bb69f2d6c,0,cache/models_001004_001007.pt.gz,cache/predictions_001004_001007.pt.gz,2,13.813557761022821
candidate_001007,1007,9312007,46918bf2c810d00bf5d40a26356d3b5b93d57db234b1dcb0048452dfaa6467f8,47b2b09f5380448b39647b393eff0bae424bc311306f4b75d9b9faab27c5c887,9d383ad8bbf120618cd1b12587993a8290981f01e3a2d87135f648aeadce3a89,0,cache/models_001004_001007.pt.gz,cache/predictions_001004_001007.pt.gz,3,13.813557761022821
candidate_001008,1008,9312008,e2ac3851599eeee41c7086fc99d5ee5db57e7cd5dd20c12c43ffe21c89faaecb,a3cbdac6240aac84097e98ab89a3c90722a8707d644f64b1f11f817f086df9cd,7ca305440f835fb199f3d1dd43a764c1bc081bea7e9ce3e05295acc1c47eeb6b,0,cache/models_001008_001011.pt.gz,cache/predictions_001008_001011.pt.gz,0,13.816152484971099
candidate_001009,1009,9312009,6ba61dbedc18d6b2400616bd89dbb981119590070a48694bbaaabbd5e7139818,93e7d2be874e5ca56832f0d1e94b5c0fe3d81f254db14f3b67612accee3a9e8c,68106d147bd44e8ca3f5be0cddf7a9d945d8326d0fc824b117e83a35af2ec0ea,0,cache/models_001008_001011.pt.gz,cache/predictions_001008_001011.pt.gz,1,13.816152484971099
candidate_001010,1010,9312010,99cd84777e41b7f02bd15cf894fb1b199da0985ebe682d4713e8f534ceeba3a5,80966597b234207dc8c4a143b80920e50d688ff9ab1373a27ba15012bd0edd3c,79c7b2b0e8855866c0bb95f69d947ec1cfae641d438cea4f10fe1c0a275162da,0,cache/models_001008_001011.pt.gz,cache/predictions_001008_001011.pt.gz,2,13.816152484971099
candidate_001011,1011,9312011,a60d12efc481a3ce7f533fbce85e7b0203a676a2641547052a0aecccb4f1f078,b8c87bd0012428400facd4d8ed911a9f0983157fffa7b4217e5afc72a58f938c,9ea109412d5c0b7f16a32384fb71a1b571e26c9cf2721557b0347cc83d7717ed,0,cache/models_001008_001011.pt.gz,cache/predictions_001008_001011.pt.gz,3,13.816152484971099
candidate_001012,1012,9312012,ed2f1af8a21df7b22c523b43d85be8707f214b08c1b4774d509d26567a760e6d,2903a2d969309323e0db39e83640e730275d3389bf8778775a8b6b18a79ebaa8,1ce24ac9b6c50a317d01fce12eda80c2bf965f7bc02d331c37f400bcd0995612,0,cache/models_001012_001015.pt.gz,cache/predictions_001012_001015.pt.gz,0,13.855870506027713
candidate_001013,1013,9312013,83379d99a8d611d4a056b207830ba0d3c31d47a7901f69f428576f8fbb7fbec8,b8f72a40b6035501d23ba80a78be8306ee3b762c7746fc399a135c4af278a047,6b691b3df687cdbd50518454fa2e6c97784a4e170b94a8d49f1f77f80f1cbc5c,0,cache/models_001012_001015.pt.gz,cache/predictions_001012_001015.pt.gz,1,13.855870506027713
candidate_001014,1014,9312014,bf757e3a768fd36a0da51aa43f7784add58306e379fbbc492ef5b8cc897d6bf2,c1304868ec80cb21035e413b3b46b6fb734da60916022b75debb98e5f6528fb1,ce2e8778f0f55ca93a2dcfb11eae03dbd9c7055cf5f0ed5de6e71a5891c6e794,0,cache/models_001012_001015.pt.gz,cache/predictions_001012_001015.pt.gz,2,13.855870506027713
candidate_001015,1015,9312015,6d1ac781e5515c715b80c482992887a8b19dceef7046193b827eb4202b0488d6,1f3be68795f37547c75efcfbb3ceff9879bece6db7a887bbb27e66560c956f94,7566b7b43b58b8560db1e7c228595461ebb99c7cf6b45375ade3e2ef2b8fb97a,0,cache/models_001012_001015.pt.gz,cache/predictions_001012_001015.pt.gz,3,13.855870506027713
candidate_001016,1016,9312016,16772bb33f54cd6f739b4e4c1fd2a739002d15e6ea1d3a4ceddb94ba3a925eb1,a5f1763b5e4bfedf1356a6081aa1babd4724d28f412cc5e489ca8d97aeb2d59f,f99be663b10598e1693c2c6b748553e48d13e26dd7bf67b1a2fef4c8d8c63048,0,cache/models_001016_001019.pt.gz,cache/predictions_001016_001019.pt.gz,0,13.817987199989147
candidate_001017,1017,9312017,2b8a13be75463b8156cab82c7c56f479a217c9623e2129f016ce8366db25b4fb,208e21f550e209b157baebdf2306167ba35f98b95c4699b3a651ec58c066382a,5f6c5cfe7e0a5310d4a17de85a5e09d123a0ee0b27aebf80f6df651767012da4,0,cache/models_001016_001019.pt.gz,cache/predictions_001016_001019.pt.gz,1,13.817987199989147
candidate_001018,1018,9312018,8821fc3d106d2e07cbf9643f565ae763f9b9b01d61953f11fb63e91be9ed4320,757bdc5e9b6affd0f4d01e9252fed6020b8d9790f371d8dda16eba44aa20405e,c24e43a628d3d05d04fd8d5605c85d8a40bc1ed8461c862c3770e4928d39756d,0,cache/models_001016_001019.pt.gz,cache/predictions_001016_001019.pt.gz,2,13.817987199989147
candidate_001019,1019,9312019,3cf1b00eb33e990a72c6941beb738c66cb079787ea958b4b547d6aec084267cf,4fccf184dabacfa62f4883fd32289d986f7ae8e5236087b0d0ad9d0e6b57d228,2c26d94eb32625f852fbc6efde3bf453373f8394d742b2f1d739522c1ad6b5ee,0,cache/models_001016_001019.pt.gz,cache/predictions_001016_001019.pt.gz,3,13.817987199989147
candidate_001020,1020,9312020,cd1361823b8c40e271853fa66003f8b6fd77da61458460844e5078192a12d574,a70d88b31a1175016492a8dc38a9393289c06846d9e7fd84c94e26777798c87a,ff3585b2d39ff38e0fd67ba50af5c8b1b14b1ac8227542b8cb6349852babe05b,0,cache/models_001020_001023.pt.gz,cache/predictions_001020_001023.pt.gz,0,13.816119776922278
candidate_001021,1021,9312021,6d68056dbf29f7ea0863658d91c62d562d487d1c1c7301ea39881384528437ba,70a248a214996b6bad3a8eb65f99a0f9446a8683da6c034d9dc44b0c0d596b00,ebb90e65031e47e1b073b53f51bbdbae3ac4d215ef242325b1c1a2525926c5df,0,cache/models_001020_001023.pt.gz,cache/predictions_001020_001023.pt.gz,1,13.816119776922278
candidate_001022,1022,9312022,6d05e17d0111b366017b59c8f69d93f6e40b9dcda6f769563eef57cd7dfdd6e2,294cb06f6de2e5068e8eb7e474be3e419e88f36f55a50c704742715ada7a742e,8875f782db075faec24a55c693bc1a343d32368f90045b1c3598e78fda66af3e,0,cache/models_001020_001023.pt.gz,cache/predictions_001020_001023.pt.gz,2,13.816119776922278
candidate_001023,1023,9312023,53623f6ed57f0db01c5a3131a8355d559c39f048153a40ea72ac2231f18b7f95,8bcfb922378b8eaec5c812de2489ad7878c533bf69554cf0a010f2584f8b9a5a,2a29122fdc95796f4f4521cf397f569b71530e43204161df8b8f2b4a1cc873dd,0,cache/models_001020_001023.pt.gz,cache/predictions_001020_001023.pt.gz,3,13.816119776922278
