generation,state_id,parent_id,ranking_id,rank_index,center_x,center_y,center_z,predicted_first_order_mse_decrease,hard_rmse,delta_rmse_vs_parent,delta_rmse_vs_empty,condition_violations,truth_used
1,g001_p000000_empty,empty,g001_b7e43f1d75130653_0000,0,41.0,41.0,39.0,6.173095607664436e-05,0.01064186543226242,0.0017560413107275963,0.0017560413107275963,0,False
1,g001_p000001_empty,empty,g001_b7e43f1d75130653_0000,1,41.0,42.0,39.0,6.173095607664436e-05,0.010239830240607262,0.0013540061190724373,0.0013540061190724373,0,False
1,g001_p000002_empty,empty,g001_b7e43f1d75130653_0000,2,42.0,41.0,39.0,6.173095607664436e-05,0.010207399725914001,0.001321575604379177,0.001321575604379177,0,False
1,g001_p000003_empty,empty,g001_b7e43f1d75130653_0000,3,42.0,42.0,39.0,6.173094880068675e-05,0.011033470742404461,0.0021476466208696365,0.0021476466208696365,0,False
1,g001_p000004_empty,empty,g001_b7e43f1d75130653_0000,4,9.0,41.0,21.0,6.169795233290642e-05,0.01189323328435421,0.0030074091628193855,0.0030074091628193855,0,False
1,g001_p000005_empty,empty,g001_b7e43f1d75130653_0000,5,9.0,42.0,21.0,6.169795233290642e-05,0.01081767026335001,0.0019318461418151855,0.0019318461418151855,0,False
1,g001_p000006_empty,empty,g001_b7e43f1d75130653_0000,6,10.0,41.0,21.0,6.169795233290642e-05,0.010613402351737022,0.001727578230202198,0.001727578230202198,0,False
1,g001_p000007_empty,empty,g001_b7e43f1d75130653_0000,7,10.0,42.0,21.0,6.169794505694881e-05,0.01089664176106453,0.002010817639529705,0.002010817639529705,0,False
1,g001_p000008_empty,empty,g001_b7e43f1d75130653_0000,8,40.0,41.0,39.0,5.569587301579304e-05,0.010384234599769115,0.001498410478234291,0.001498410478234291,0,False
1,g001_p000009_empty,empty,g001_b7e43f1d75130653_0000,9,40.0,42.0,39.0,5.569587301579304e-05,0.010406355373561382,0.001520531252026558,0.001520531252026558,0,False
1,g001_p000010_empty,empty,g001_b7e43f1d75130653_0000,10,41.0,40.0,39.0,5.569587301579304e-05,0.010794493369758129,0.0019086692482233047,0.0019086692482233047,0,False
1,g001_p000011_empty,empty,g001_b7e43f1d75130653_0000,11,41.0,43.0,39.0,5.569587301579304e-05,0.010967187583446503,0.0020813634619116783,0.0020813634619116783,0,False
1,g001_p000012_empty,empty,g001_b7e43f1d75130653_0000,12,42.0,40.0,39.0,5.569586937781423e-05,0.012852519750595093,0.003966695629060268,0.003966695629060268,0,False
1,g001_p000013_empty,empty,g001_b7e43f1d75130653_0000,13,42.0,43.0,39.0,5.569586937781423e-05,0.01023027952760458,0.0013444554060697556,0.0013444554060697556,0,False
1,g001_p000014_empty,empty,g001_b7e43f1d75130653_0000,14,43.0,41.0,39.0,5.569586937781423e-05,0.011066999286413193,0.0021811751648783684,0.0021811751648783684,0,False
1,g001_p000015_empty,empty,g001_b7e43f1d75130653_0000,15,43.0,42.0,39.0,5.5695865739835426e-05,0.010439394973218441,0.0015535708516836166,0.0015535708516836166,0,False
1,g001_p000016_empty,empty,g001_b7e43f1d75130653_0000,16,8.0,41.0,21.0,5.566444087889977e-05,0.010058017447590828,0.0011721933260560036,0.0011721933260560036,0,False
1,g001_p000017_empty,empty,g001_b7e43f1d75130653_0000,17,8.0,42.0,21.0,5.566444087889977e-05,0.011109227314591408,0.0022234031930565834,0.0022234031930565834,0,False
1,g001_p000018_empty,empty,g001_b7e43f1d75130653_0000,18,9.0,40.0,21.0,5.566444087889977e-05,0.010888425633311272,0.0020026015117764473,0.0020026015117764473,0,False
1,g001_p000019_empty,empty,g001_b7e43f1d75130653_0000,19,9.0,43.0,21.0,5.566444087889977e-05,0.010437632910907269,0.0015518087893724442,0.0015518087893724442,0,False
1,g001_p000020_empty,empty,g001_b7e43f1d75130653_0000,20,10.0,40.0,21.0,5.566443724092096e-05,0.010873675346374512,0.0019878512248396873,0.0019878512248396873,0,False
1,g001_p000021_empty,empty,g001_b7e43f1d75130653_0000,21,10.0,43.0,21.0,5.566443724092096e-05,0.011273432523012161,0.002387608401477337,0.002387608401477337,0,False
1,g001_p000022_empty,empty,g001_b7e43f1d75130653_0000,22,11.0,41.0,21.0,5.566443724092096e-05,0.012923450209200382,0.004037626087665558,0.004037626087665558,0,False
1,g001_p000023_empty,empty,g001_b7e43f1d75130653_0000,23,11.0,42.0,21.0,5.5664433602942154e-05,0.012333454564213753,0.0034476304426789284,0.0034476304426789284,0,False
1,g001_p000024_empty,empty,g001_b7e43f1d75130653_0000,24,40.0,40.0,39.0,4.9821788707049564e-05,0.012150071561336517,0.003264247439801693,0.003264247439801693,0,False
1,g001_p000025_empty,empty,g001_b7e43f1d75130653_0000,25,40.0,43.0,39.0,4.9821788707049564e-05,0.011141175404191017,0.0022553512826561928,0.0022553512826561928,0,False
1,g001_p000026_empty,empty,g001_b7e43f1d75130653_0000,26,43.0,40.0,39.0,4.9821785069070756e-05,0.010387456975877285,0.0015016328543424606,0.0015016328543424606,0,False
1,g001_p000027_empty,empty,g001_b7e43f1d75130653_0000,27,43.0,43.0,39.0,4.9821785069070756e-05,0.012671391479671001,0.003785567358136177,0.003785567358136177,0,False
1,g001_p000028_empty,empty,g001_b7e43f1d75130653_0000,28,8.0,40.0,21.0,4.9791404308052734e-05,0.012118189595639706,0.0032323654741048813,0.0032323654741048813,0,False
1,g001_p000029_empty,empty,g001_b7e43f1d75130653_0000,29,8.0,43.0,21.0,4.9791404308052734e-05,0.011150380596518517,0.002264556474983692,0.002264556474983692,0,False
1,g001_p000030_empty,empty,g001_b7e43f1d75130653_0000,30,11.0,40.0,21.0,4.9791400670073926e-05,0.011883020401000977,0.002997196279466152,0.002997196279466152,0,False
1,g001_p000031_empty,empty,g001_b7e43f1d75130653_0000,31,11.0,43.0,21.0,4.9791400670073926e-05,0.01006285846233368,0.0011770343407988548,0.0011770343407988548,0,False
1,g001_p000032_empty,empty,g001_b7e43f1d75130653_0000,32,39.0,41.0,39.0,4.7225028538377956e-05,0.012688230723142624,0.0038024066016077995,0.0038024066016077995,0,False
1,g001_p000033_empty,empty,g001_b7e43f1d75130653_0000,33,39.0,42.0,39.0,4.7225028538377956e-05,0.010640165768563747,0.001754341647028923,0.001754341647028923,0,False
1,g001_p000034_empty,empty,g001_b7e43f1d75130653_0000,34,41.0,39.0,39.0,4.7225028538377956e-05,0.010876876302063465,0.0019910521805286407,0.0019910521805286407,0,False
1,g001_p000035_empty,empty,g001_b7e43f1d75130653_0000,35,41.0,44.0,39.0,4.7225028538377956e-05,0.01260268036276102,0.0037168562412261963,0.0037168562412261963,0,False
1,g001_p000036_empty,empty,g001_b7e43f1d75130653_0000,36,42.0,39.0,39.0,4.722502490039915e-05,0.010971220210194588,0.0020853960886597633,0.0020853960886597633,0,False
1,g001_p000037_empty,empty,g001_b7e43f1d75130653_0000,37,42.0,44.0,39.0,4.722502490039915e-05,0.010420776903629303,0.0015349527820944786,0.0015349527820944786,0,False
1,g001_p000038_empty,empty,g001_b7e43f1d75130653_0000,38,44.0,41.0,39.0,4.722502490039915e-05,0.011177114211022854,0.0022912900894880295,0.0022912900894880295,0,False
1,g001_p000039_empty,empty,g001_b7e43f1d75130653_0000,39,44.0,42.0,39.0,4.722502126242034e-05,0.013103118166327477,0.004217294044792652,0.004217294044792652,0,False
1,g001_p000040_empty,empty,g001_b7e43f1d75130653_0000,40,7.0,41.0,21.0,4.719778735307045e-05,0.012451423332095146,0.003565599210560322,0.003565599210560322,0,False
1,g001_p000041_empty,empty,g001_b7e43f1d75130653_0000,41,7.0,42.0,21.0,4.719778735307045e-05,0.01078247744590044,0.0018966533243656158,0.0018966533243656158,0,False
1,g001_p000042_empty,empty,g001_b7e43f1d75130653_0000,42,9.0,39.0,21.0,4.719778735307045e-05,0.010100663639605045,0.001214839518070221,0.001214839518070221,0,False
1,g001_p000043_empty,empty,g001_b7e43f1d75130653_0000,43,9.0,44.0,21.0,4.719778735307045e-05,0.012383156456053257,0.0034973323345184326,0.0034973323345184326,0,False
1,g001_p000044_empty,empty,g001_b7e43f1d75130653_0000,44,10.0,39.0,21.0,4.7197783715091646e-05,0.012458181008696556,0.0035723568871617317,0.0035723568871617317,0,False
1,g001_p000045_empty,empty,g001_b7e43f1d75130653_0000,45,10.0,44.0,21.0,4.7197783715091646e-05,0.011771926656365395,0.0028861025348305702,0.0028861025348305702,0,False
1,g001_p000046_empty,empty,g001_b7e43f1d75130653_0000,46,12.0,41.0,21.0,4.7197783715091646e-05,0.010535208508372307,0.0016493843868374825,0.0016493843868374825,0,False
1,g001_p000047_empty,empty,g001_b7e43f1d75130653_0000,47,12.0,42.0,21.0,4.719778007711284e-05,0.011491083540022373,0.002605259418487549,0.002605259418487549,0,False
1,g001_p000048_empty,empty,g001_b7e43f1d75130653_0000,48,39.0,40.0,39.0,4.1637442336650565e-05,0.012831547297537327,0.0039457231760025024,0.0039457231760025024,0,False
1,g001_p000049_empty,empty,g001_b7e43f1d75130653_0000,49,39.0,43.0,39.0,4.1637442336650565e-05,0.01119187381118536,0.0023060496896505356,0.0023060496896505356,0,False
1,g001_p000050_empty,empty,g001_b7e43f1d75130653_0000,50,40.0,39.0,39.0,4.1637442336650565e-05,0.011020240373909473,0.002134416252374649,0.002134416252374649,0,False
1,g001_p000051_empty,empty,g001_b7e43f1d75130653_0000,51,40.0,44.0,39.0,4.1637442336650565e-05,0.010759224183857441,0.0018734000623226166,0.0018734000623226166,0,False
1,g001_p000052_empty,empty,g001_b7e43f1d75130653_0000,52,43.0,39.0,39.0,4.163743869867176e-05,0.010804278776049614,0.0019184546545147896,0.0019184546545147896,0,False
1,g001_p000053_empty,empty,g001_b7e43f1d75130653_0000,53,43.0,44.0,39.0,4.163743869867176e-05,0.011391970328986645,0.0025061462074518204,0.0025061462074518204,0,False
1,g001_p000054_empty,empty,g001_b7e43f1d75130653_0000,54,44.0,40.0,39.0,4.163743869867176e-05,0.011625466868281364,0.00273964274674654,0.00273964274674654,0,False
1,g001_p000055_empty,empty,g001_b7e43f1d75130653_0000,55,44.0,43.0,39.0,4.163743869867176e-05,0.00974311400204897,0.0008572898805141449,0.0008572898805141449,0,False
1,g001_p000056_empty,empty,g001_b7e43f1d75130653_0000,56,7.0,40.0,21.0,4.1611248889239505e-05,0.012304414995014668,0.003418590873479843,0.003418590873479843,0,False
1,g001_p000057_empty,empty,g001_b7e43f1d75130653_0000,57,7.0,43.0,21.0,4.1611248889239505e-05,0.0122563811019063,0.0033705569803714752,0.0033705569803714752,0,False
1,g001_p000058_empty,empty,g001_b7e43f1d75130653_0000,58,8.0,39.0,21.0,4.1611248889239505e-05,0.009596537798643112,0.0007107136771082878,0.0007107136771082878,0,False
1,g001_p000059_empty,empty,g001_b7e43f1d75130653_0000,59,8.0,44.0,21.0,4.1611248889239505e-05,0.010804416611790657,0.0019185924902558327,0.0019185924902558327,0,False
1,g001_p000060_empty,empty,g001_b7e43f1d75130653_0000,60,11.0,39.0,21.0,4.16112452512607e-05,0.010109796188771725,0.0012239720672369003,0.0012239720672369003,0,False
1,g001_p000061_empty,empty,g001_b7e43f1d75130653_0000,61,11.0,44.0,21.0,4.16112452512607e-05,0.010204523801803589,0.0013186996802687645,0.0013186996802687645,0,False
1,g001_p000062_empty,empty,g001_b7e43f1d75130653_0000,62,12.0,40.0,21.0,4.16112452512607e-05,0.010744448751211166,0.001858624629676342,0.001858624629676342,0,False
1,g001_p000063_empty,empty,g001_b7e43f1d75130653_0000,63,12.0,43.0,21.0,4.16112452512607e-05,0.01008924376219511,0.001203419640660286,0.001203419640660286,0,False
1,g001_p000064_empty,empty,g001_b7e43f1d75130653_0000,64,42.0,41.0,40.0,3.641900548245758e-05,0.010266019031405449,0.0013801949098706245,0.0013801949098706245,0,False
1,g001_p000065_empty,empty,g001_b7e43f1d75130653_0000,65,42.0,42.0,40.0,3.641900548245758e-05,0.011370915919542313,0.0024850917980074883,0.0024850917980074883,0,False
1,g001_p000066_empty,empty,g001_b7e43f1d75130653_0000,66,41.0,42.0,40.0,3.641900184447877e-05,0.011902935802936554,0.0030171116814017296,0.0030171116814017296,0,False
1,g001_p000067_empty,empty,g001_b7e43f1d75130653_0000,67,41.0,41.0,40.0,3.641899456852116e-05,0.011829987168312073,0.0029441630467772484,0.0029441630467772484,0,False
1,g001_p000068_empty,empty,g001_b7e43f1d75130653_0000,68,10.0,41.0,22.0,3.638600173871964e-05,0.010690107010304928,0.0018042828887701035,0.0018042828887701035,0,False
1,g001_p000069_empty,empty,g001_b7e43f1d75130653_0000,69,10.0,42.0,22.0,3.638600173871964e-05,0.01271437294781208,0.003828548826277256,0.003828548826277256,0,False
1,g001_p000070_empty,empty,g001_b7e43f1d75130653_0000,70,9.0,42.0,22.0,3.6385998100740835e-05,0.011591307818889618,0.0027054836973547935,0.0027054836973547935,0,False
1,g001_p000071_empty,empty,g001_b7e43f1d75130653_0000,71,9.0,41.0,22.0,3.638599082478322e-05,0.011272147297859192,0.0023863231763243675,0.0023863231763243675,0,False
1,g001_p000072_empty,empty,g001_b7e43f1d75130653_0000,72,38.0,41.0,39.0,3.565613951650448e-05,0.010785743594169617,0.0018999194726347923,0.0018999194726347923,0,False
1,g001_p000073_empty,empty,g001_b7e43f1d75130653_0000,73,38.0,42.0,39.0,3.565613951650448e-05,0.010754287242889404,0.00186846312135458,0.00186846312135458,0,False
1,g001_p000074_empty,empty,g001_b7e43f1d75130653_0000,74,41.0,38.0,39.0,3.5656135878525674e-05,0.011199906468391418,0.002314082346856594,0.002314082346856594,0,False
1,g001_p000075_empty,empty,g001_b7e43f1d75130653_0000,75,41.0,45.0,39.0,3.5656135878525674e-05,0.010626623407006264,0.0017407992854714394,0.0017407992854714394,0,False
1,g001_p000076_empty,empty,g001_b7e43f1d75130653_0000,76,42.0,38.0,39.0,3.5656135878525674e-05,0.012135403230786324,0.003249579109251499,0.003249579109251499,0,False
1,g001_p000077_empty,empty,g001_b7e43f1d75130653_0000,77,42.0,45.0,39.0,3.5656135878525674e-05,0.01197383925318718,0.003088015131652355,0.003088015131652355,0,False
1,g001_p000078_empty,empty,g001_b7e43f1d75130653_0000,78,45.0,41.0,39.0,3.5656135878525674e-05,0.01216943934559822,0.0032836152240633965,0.0032836152240633965,0,False
1,g001_p000079_empty,empty,g001_b7e43f1d75130653_0000,79,45.0,42.0,39.0,3.565613224054687e-05,0.01224407460540533,0.0033582504838705063,0.0033582504838705063,0,False
1,g001_p000080_empty,empty,g001_b7e43f1d75130653_0000,80,6.0,41.0,21.0,3.563308928278275e-05,0.011717607267200947,0.0028317831456661224,0.0028317831456661224,0,False
1,g001_p000081_empty,empty,g001_b7e43f1d75130653_0000,81,6.0,42.0,21.0,3.563308928278275e-05,0.011718048714101315,0.00283222459256649,0.00283222459256649,0,False
1,g001_p000082_empty,empty,g001_b7e43f1d75130653_0000,82,9.0,38.0,21.0,3.563308564480394e-05,0.011199641041457653,0.0023138169199228287,0.0023138169199228287,0,False
1,g001_p000083_empty,empty,g001_b7e43f1d75130653_0000,83,9.0,45.0,21.0,3.563308564480394e-05,0.013134314678609371,0.004248490557074547,0.004248490557074547,0,False
1,g001_p000084_empty,empty,g001_b7e43f1d75130653_0000,84,10.0,38.0,21.0,3.563308564480394e-05,0.012310578487813473,0.0034247543662786484,0.0034247543662786484,0,False
1,g001_p000085_empty,empty,g001_b7e43f1d75130653_0000,85,10.0,45.0,21.0,3.563308564480394e-05,0.013145869597792625,0.004260045476257801,0.004260045476257801,0,False
1,g001_p000086_empty,empty,g001_b7e43f1d75130653_0000,86,13.0,41.0,21.0,3.563308564480394e-05,0.01131568942219019,0.002429865300655365,0.002429865300655365,0,False
1,g001_p000087_empty,empty,g001_b7e43f1d75130653_0000,87,13.0,42.0,21.0,3.5633082006825134e-05,0.01138179562985897,0.0024959715083241463,0.0024959715083241463,0,False
1,g001_p000088_empty,empty,g001_b7e43f1d75130653_0000,88,39.0,39.0,39.0,3.508279405650683e-05,0.01099567674100399,0.002109852619469166,0.002109852619469166,0,False
1,g001_p000089_empty,empty,g001_b7e43f1d75130653_0000,89,39.0,44.0,39.0,3.508279041852802e-05,0.011526931077241898,0.002641106955707073,0.002641106955707073,0,False
1,g001_p000090_empty,empty,g001_b7e43f1d75130653_0000,90,44.0,39.0,39.0,3.508279041852802e-05,0.012300864793360233,0.003415040671825409,0.003415040671825409,0,False
1,g001_p000091_empty,empty,g001_b7e43f1d75130653_0000,91,44.0,44.0,39.0,3.508279041852802e-05,0.011511653661727905,0.002625829540193081,0.002625829540193081,0,False
1,g001_p000092_empty,empty,g001_b7e43f1d75130653_0000,92,7.0,39.0,21.0,3.5060267691733316e-05,0.011146210134029388,0.002260386012494564,0.002260386012494564,0,False
1,g001_p000093_empty,empty,g001_b7e43f1d75130653_0000,93,7.0,44.0,21.0,3.506026405375451e-05,0.013898741453886032,0.005012917332351208,0.005012917332351208,0,False
1,g001_p000094_empty,empty,g001_b7e43f1d75130653_0000,94,12.0,39.0,21.0,3.506026405375451e-05,0.011415896005928516,0.002530071884393692,0.002530071884393692,0,False
1,g001_p000095_empty,empty,g001_b7e43f1d75130653_0000,95,12.0,44.0,21.0,3.506026405375451e-05,0.011585715226829052,0.0026998911052942276,0.0026998911052942276,0,False
2,g002_p000000_g001_p000058_empty,g001_p000058_empty,g002_7aa59968d1374d0e_0001,0,41.0,41.0,39.0,6.173095607664436e-05,0.010925523936748505,0.0013289861381053925,0.0020396998152136803,0,False
2,g002_p000006_g001_p000058_empty,g001_p000058_empty,g002_7aa59968d1374d0e_0001,1,41.0,42.0,39.0,6.173095607664436e-05,0.01160125806927681,0.0020047202706336975,0.0027154339477419853,0,False
2,g002_p000012_g001_p000055_empty,g001_p000055_empty,g002_85c8977b56306324_0002,0,9.0,41.0,21.0,6.169795233290642e-05,0.012730869464576244,0.002987755462527275,0.00384504534304142,0,False
2,g002_p000018_g001_p000055_empty,g001_p000055_empty,g002_85c8977b56306324_0002,1,9.0,42.0,21.0,6.169795233290642e-05,0.011360201984643936,0.0016170879825949669,0.002474377863109112,0,False
2,g002_p000024_g001_p000016_empty,g001_p000016_empty,g002_758706f0d6ddc923_0003,0,41.0,41.0,39.0,6.173095607664436e-05,0.011953400447964668,0.0018953830003738403,0.003067576326429844,0,False
2,g002_p000030_g001_p000016_empty,g001_p000016_empty,g002_758706f0d6ddc923_0003,1,41.0,42.0,39.0,6.173095607664436e-05,0.012729058973491192,0.002671041525900364,0.0038432348519563675,0,False
2,g002_p000036_g001_p000031_empty,g001_p000031_empty,g002_b36e13584f9d91ae_0004,0,41.0,41.0,39.0,6.173095607664436e-05,0.011965555138885975,0.0019026966765522957,0.0030797310173511505,0,False
2,g002_p000042_g001_p000031_empty,g001_p000031_empty,g002_b36e13584f9d91ae_0004,1,41.0,42.0,39.0,6.173095607664436e-05,0.011902384459972382,0.0018395259976387024,0.0030165603384375572,0,False
2,g002_p000048_g001_p000063_empty,g001_p000063_empty,g002_cc6054e6af98e6ec_0005,0,41.0,41.0,39.0,6.173095607664436e-05,0.011092317290604115,0.0010030735284090042,0.00220649316906929,0,False
2,g002_p000054_g001_p000063_empty,g001_p000063_empty,g002_cc6054e6af98e6ec_0005,1,41.0,42.0,39.0,6.173095607664436e-05,0.011326060630381107,0.001236816868185997,0.002440236508846283,0,False
2,g002_p000060_g001_p000042_empty,g001_p000042_empty,g002_093a087f38bff82b_0006,0,41.0,41.0,39.0,6.173095607664436e-05,0.012021125294268131,0.001920461654663086,0.003135301172733307,0,False
2,g002_p000066_g001_p000042_empty,g001_p000042_empty,g002_093a087f38bff82b_0006,1,41.0,42.0,39.0,6.173095607664436e-05,0.011457052081823349,0.0013563884422183037,0.0025712279602885246,0,False
2,g002_p000072_g001_p000060_empty,g001_p000060_empty,g002_67d94f537094c385_0007,0,41.0,41.0,39.0,6.173095607664436e-05,0.011581899598240852,0.0014721034094691277,0.002696075476706028,0,False
2,g002_p000078_g001_p000060_empty,g001_p000060_empty,g002_67d94f537094c385_0007,1,41.0,42.0,39.0,6.173095607664436e-05,0.011904126964509487,0.0017943307757377625,0.0030183028429746628,0,False
2,g002_p000084_g001_p000061_empty,g001_p000061_empty,g002_8d2d7239360bab60_0008,0,41.0,41.0,39.0,6.173095607664436e-05,0.013462168164551258,0.0032576443627476692,0.004576344043016434,0,False
2,g002_p000090_g001_p000061_empty,g001_p000061_empty,g002_8d2d7239360bab60_0008,1,41.0,42.0,39.0,6.173095607664436e-05,0.011916054412722588,0.0017115306109189987,0.003030230291187763,0,False
3,g003_p000000_g002_p000001_g001_p000058_empty,g002_p000001_g001_p000058_empty,g003_93b8ce54284cdba1_0009,0,41.0,41.0,39.0,6.173095607664436e-05,0.011245951987802982,0.002360127866268158,0.002360127866268158,0,False
3,g003_p000001_g002_p000001_g001_p000058_empty,g002_p000001_g001_p000058_empty,g003_93b8ce54284cdba1_0009,1,41.0,42.0,39.0,6.173095607664436e-05,0.01103079505264759,0.0021449709311127663,0.0021449709311127663,0,False
3,g003_p000002_g002_p000001_g001_p000058_empty,g002_p000001_g001_p000058_empty,g003_93b8ce54284cdba1_0009,2,42.0,41.0,39.0,6.173095607664436e-05,0.011584380641579628,0.0026985565200448036,0.0026985565200448036,0,False
3,g003_p000003_g002_p000001_g001_p000058_empty,g002_p000001_g001_p000058_empty,g003_93b8ce54284cdba1_0009,3,42.0,42.0,39.0,6.173094880068675e-05,0.010359925217926502,0.0014741010963916779,0.0014741010963916779,0,False
3,g003_p000004_g002_p000001_g001_p000058_empty,g002_p000001_g001_p000058_empty,g003_93b8ce54284cdba1_0009,4,9.0,41.0,21.0,6.169795233290642e-05,0.012383298017084599,0.003497473895549774,0.003497473895549774,0,False
3,g003_p000005_g002_p000001_g001_p000058_empty,g002_p000001_g001_p000058_empty,g003_93b8ce54284cdba1_0009,5,9.0,42.0,21.0,6.169795233290642e-05,0.01313739363104105,0.004251569509506226,0.004251569509506226,0,False
3,g003_p000006_g002_p000001_g001_p000058_empty,g002_p000001_g001_p000058_empty,g003_93b8ce54284cdba1_0009,6,10.0,41.0,21.0,6.169795233290642e-05,0.012164642103016376,0.003278817981481552,0.003278817981481552,0,False
3,g003_p000007_g002_p000001_g001_p000058_empty,g002_p000001_g001_p000058_empty,g003_93b8ce54284cdba1_0009,7,10.0,42.0,21.0,6.169794505694881e-05,0.011866818182170391,0.0029809940606355667,0.0029809940606355667,0,False
3,g003_p000008_g002_p000001_g001_p000058_empty,g002_p000001_g001_p000058_empty,g003_93b8ce54284cdba1_0009,8,40.0,41.0,39.0,5.569587301579304e-05,0.010167497210204601,0.001281673088669777,0.001281673088669777,0,False
3,g003_p000009_g002_p000001_g001_p000058_empty,g002_p000001_g001_p000058_empty,g003_93b8ce54284cdba1_0009,9,40.0,42.0,39.0,5.569587301579304e-05,0.013178026303648949,0.004292202182114124,0.004292202182114124,0,False
3,g003_p000010_g002_p000001_g001_p000058_empty,g002_p000001_g001_p000058_empty,g003_93b8ce54284cdba1_0009,10,41.0,40.0,39.0,5.569587301579304e-05,0.01071044709533453,0.0018246229737997055,0.0018246229737997055,0,False
3,g003_p000011_g002_p000001_g001_p000058_empty,g002_p000001_g001_p000058_empty,g003_93b8ce54284cdba1_0009,11,41.0,43.0,39.0,5.569587301579304e-05,0.01079578511416912,0.0019099609926342964,0.0019099609926342964,0,False
3,g003_p000012_g002_p000007_g001_p000058_empty,g002_p000007_g001_p000058_empty,g003_93b8ce54284cdba1_0009,12,42.0,40.0,39.0,5.569586937781423e-05,0.009919065982103348,0.0010332418605685234,0.0010332418605685234,0,False
3,g003_p000013_g002_p000007_g001_p000058_empty,g002_p000007_g001_p000058_empty,g003_93b8ce54284cdba1_0009,13,42.0,43.0,39.0,5.569586937781423e-05,0.011584728956222534,0.00269890483468771,0.00269890483468771,0,False
3,g003_p000014_g002_p000007_g001_p000058_empty,g002_p000007_g001_p000058_empty,g003_93b8ce54284cdba1_0009,14,43.0,41.0,39.0,5.569586937781423e-05,0.011501634493470192,0.0026158103719353676,0.0026158103719353676,0,False
3,g003_p000015_g002_p000007_g001_p000058_empty,g002_p000007_g001_p000058_empty,g003_93b8ce54284cdba1_0009,15,43.0,42.0,39.0,5.5695865739835426e-05,0.011209195479750633,0.002323371358215809,0.002323371358215809,0,False
3,g003_p000016_g002_p000007_g001_p000058_empty,g002_p000007_g001_p000058_empty,g003_93b8ce54284cdba1_0009,16,8.0,41.0,21.0,5.566444087889977e-05,0.012452858500182629,0.0035670343786478043,0.0035670343786478043,0,False
3,g003_p000017_g002_p000007_g001_p000058_empty,g002_p000007_g001_p000058_empty,g003_93b8ce54284cdba1_0009,17,8.0,42.0,21.0,5.566444087889977e-05,0.011964590288698673,0.003078766167163849,0.003078766167163849,0,False
3,g003_p000018_g002_p000007_g001_p000058_empty,g002_p000007_g001_p000058_empty,g003_93b8ce54284cdba1_0009,18,9.0,40.0,21.0,5.566444087889977e-05,0.01219252124428749,0.0033066971227526665,0.0033066971227526665,0,False
3,g003_p000019_g002_p000007_g001_p000058_empty,g002_p000007_g001_p000058_empty,g003_93b8ce54284cdba1_0009,19,9.0,43.0,21.0,5.566444087889977e-05,0.010616390034556389,0.0017305659130215645,0.0017305659130215645,0,False
3,g003_p000020_g002_p000007_g001_p000058_empty,g002_p000007_g001_p000058_empty,g003_93b8ce54284cdba1_0009,20,10.0,40.0,21.0,5.566443724092096e-05,0.011153691448271275,0.00226786732673645,0.00226786732673645,0,False
3,g003_p000021_g002_p000007_g001_p000058_empty,g002_p000007_g001_p000058_empty,g003_93b8ce54284cdba1_0009,21,10.0,43.0,21.0,5.566443724092096e-05,0.010620810091495514,0.0017349859699606895,0.0017349859699606895,0,False
3,g003_p000022_g002_p000007_g001_p000058_empty,g002_p000007_g001_p000058_empty,g003_93b8ce54284cdba1_0009,22,11.0,41.0,21.0,5.566443724092096e-05,0.011610398069024086,0.0027245739474892616,0.0027245739474892616,0,False
3,g003_p000023_g002_p000007_g001_p000058_empty,g002_p000007_g001_p000058_empty,g003_93b8ce54284cdba1_0009,23,11.0,42.0,21.0,5.5664433602942154e-05,0.012410532683134079,0.0035247085615992546,0.0035247085615992546,0,False
3,g003_p000024_g002_p000013_g001_p000055_empty,g002_p000013_g001_p000055_empty,g003_93b8ce54284cdba1_0009,24,40.0,40.0,39.0,4.9821788707049564e-05,0.01199173554778099,0.0031059114262461662,0.0031059114262461662,0,False
3,g003_p000025_g002_p000013_g001_p000055_empty,g002_p000013_g001_p000055_empty,g003_93b8ce54284cdba1_0009,25,40.0,43.0,39.0,4.9821788707049564e-05,0.011117124930024147,0.0022313008084893227,0.0022313008084893227,0,False
3,g003_p000026_g002_p000013_g001_p000055_empty,g002_p000013_g001_p000055_empty,g003_93b8ce54284cdba1_0009,26,43.0,40.0,39.0,4.9821785069070756e-05,0.01054318156093359,0.0016573574393987656,0.0016573574393987656,0,False
3,g003_p000027_g002_p000013_g001_p000055_empty,g002_p000013_g001_p000055_empty,g003_93b8ce54284cdba1_0009,27,43.0,43.0,39.0,4.9821785069070756e-05,0.013629925437271595,0.004744101315736771,0.004744101315736771,0,False
3,g003_p000028_g002_p000013_g001_p000055_empty,g002_p000013_g001_p000055_empty,g003_93b8ce54284cdba1_0009,28,8.0,40.0,21.0,4.9791404308052734e-05,0.010045778006315231,0.001159953884780407,0.001159953884780407,0,False
3,g003_p000029_g002_p000013_g001_p000055_empty,g002_p000013_g001_p000055_empty,g003_93b8ce54284cdba1_0009,29,8.0,43.0,21.0,4.9791404308052734e-05,0.011757688596844673,0.002871864475309849,0.002871864475309849,0,False
3,g003_p000030_g002_p000013_g001_p000055_empty,g002_p000013_g001_p000055_empty,g003_93b8ce54284cdba1_0009,30,11.0,40.0,21.0,4.9791400670073926e-05,0.01183196622878313,0.0029461421072483063,0.0029461421072483063,0,False
3,g003_p000031_g002_p000013_g001_p000055_empty,g002_p000013_g001_p000055_empty,g003_93b8ce54284cdba1_0009,31,11.0,43.0,21.0,4.9791400670073926e-05,0.012994765304028988,0.0041089411824941635,0.0041089411824941635,0,False
3,g003_p000032_g002_p000013_g001_p000055_empty,g002_p000013_g001_p000055_empty,g003_93b8ce54284cdba1_0009,32,39.0,41.0,39.0,4.7225028538377956e-05,0.011065243743360043,0.002179419621825218,0.002179419621825218,0,False
3,g003_p000033_g002_p000013_g001_p000055_empty,g002_p000013_g001_p000055_empty,g003_93b8ce54284cdba1_0009,33,39.0,42.0,39.0,4.7225028538377956e-05,0.011353784240782261,0.0024679601192474365,0.0024679601192474365,0,False
3,g003_p000034_g002_p000013_g001_p000055_empty,g002_p000013_g001_p000055_empty,g003_93b8ce54284cdba1_0009,34,41.0,39.0,39.0,4.7225028538377956e-05,0.012378498911857605,0.0034926747903227806,0.0034926747903227806,0,False
3,g003_p000035_g002_p000013_g001_p000055_empty,g002_p000013_g001_p000055_empty,g003_93b8ce54284cdba1_0009,35,41.0,44.0,39.0,4.7225028538377956e-05,0.012028126046061516,0.0031423019245266914,0.0031423019245266914,0,False
3,g003_p000036_g002_p000019_g001_p000055_empty,g002_p000019_g001_p000055_empty,g003_93b8ce54284cdba1_0009,36,42.0,39.0,39.0,4.722502490039915e-05,0.010664636269211769,0.0017788121476769447,0.0017788121476769447,0,False
3,g003_p000037_g002_p000019_g001_p000055_empty,g002_p000019_g001_p000055_empty,g003_93b8ce54284cdba1_0009,37,42.0,44.0,39.0,4.722502490039915e-05,0.011773199774324894,0.0028873756527900696,0.0028873756527900696,0,False
3,g003_p000038_g002_p000019_g001_p000055_empty,g002_p000019_g001_p000055_empty,g003_93b8ce54284cdba1_0009,38,44.0,41.0,39.0,4.722502490039915e-05,0.012019605375826359,0.0031337812542915344,0.0031337812542915344,0,False
3,g003_p000039_g002_p000019_g001_p000055_empty,g002_p000019_g001_p000055_empty,g003_93b8ce54284cdba1_0009,39,44.0,42.0,39.0,4.722502126242034e-05,0.011021261103451252,0.0021354369819164276,0.0021354369819164276,0,False
3,g003_p000040_g002_p000019_g001_p000055_empty,g002_p000019_g001_p000055_empty,g003_93b8ce54284cdba1_0009,40,7.0,41.0,21.0,4.719778735307045e-05,0.010566938668489456,0.0016811145469546318,0.0016811145469546318,0,False
3,g003_p000041_g002_p000019_g001_p000055_empty,g002_p000019_g001_p000055_empty,g003_93b8ce54284cdba1_0009,41,7.0,42.0,21.0,4.719778735307045e-05,0.011435986496508121,0.002550162374973297,0.002550162374973297,0,False
3,g003_p000042_g002_p000019_g001_p000055_empty,g002_p000019_g001_p000055_empty,g003_93b8ce54284cdba1_0009,42,9.0,39.0,21.0,4.719778735307045e-05,0.013434883207082748,0.004549059085547924,0.004549059085547924,0,False
3,g003_p000043_g002_p000019_g001_p000055_empty,g002_p000019_g001_p000055_empty,g003_93b8ce54284cdba1_0009,43,9.0,44.0,21.0,4.719778735307045e-05,0.01265103742480278,0.0037652133032679558,0.0037652133032679558,0,False
3,g003_p000044_g002_p000019_g001_p000055_empty,g002_p000019_g001_p000055_empty,g003_93b8ce54284cdba1_0009,44,10.0,39.0,21.0,4.7197783715091646e-05,0.01305990107357502,0.0041740769520401955,0.0041740769520401955,0,False
3,g003_p000045_g002_p000019_g001_p000055_empty,g002_p000019_g001_p000055_empty,g003_93b8ce54284cdba1_0009,45,10.0,44.0,21.0,4.7197783715091646e-05,0.011437790468335152,0.0025519663468003273,0.0025519663468003273,0,False
3,g003_p000046_g002_p000019_g001_p000055_empty,g002_p000019_g001_p000055_empty,g003_93b8ce54284cdba1_0009,46,12.0,41.0,21.0,4.7197783715091646e-05,0.011746375821530819,0.0028605516999959946,0.0028605516999959946,0,False
3,g003_p000047_g002_p000019_g001_p000055_empty,g002_p000019_g001_p000055_empty,g003_93b8ce54284cdba1_0009,47,12.0,42.0,21.0,4.719778007711284e-05,0.01269875280559063,0.003812928684055805,0.003812928684055805,0,False
3,g003_p000048_g002_p000025_g001_p000016_empty,g002_p000025_g001_p000016_empty,g003_93b8ce54284cdba1_0009,48,39.0,40.0,39.0,4.1637442336650565e-05,0.011554447002708912,0.0026686228811740875,0.0026686228811740875,0,False
3,g003_p000049_g002_p000025_g001_p000016_empty,g002_p000025_g001_p000016_empty,g003_93b8ce54284cdba1_0009,49,39.0,43.0,39.0,4.1637442336650565e-05,0.010959257371723652,0.0020734332501888275,0.0020734332501888275,0,False
3,g003_p000050_g002_p000025_g001_p000016_empty,g002_p000025_g001_p000016_empty,g003_93b8ce54284cdba1_0009,50,40.0,39.0,39.0,4.1637442336650565e-05,0.011188894510269165,0.0023030703887343407,0.0023030703887343407,0,False
3,g003_p000051_g002_p000025_g001_p000016_empty,g002_p000025_g001_p000016_empty,g003_93b8ce54284cdba1_0009,51,40.0,44.0,39.0,4.1637442336650565e-05,0.01095111295580864,0.002065288834273815,0.002065288834273815,0,False
3,g003_p000052_g002_p000025_g001_p000016_empty,g002_p000025_g001_p000016_empty,g003_93b8ce54284cdba1_0009,52,43.0,39.0,39.0,4.163743869867176e-05,0.01221250370144844,0.003326679579913616,0.003326679579913616,0,False
3,g003_p000053_g002_p000025_g001_p000016_empty,g002_p000025_g001_p000016_empty,g003_93b8ce54284cdba1_0009,53,43.0,44.0,39.0,4.163743869867176e-05,0.012819652445614338,0.0039338283240795135,0.0039338283240795135,0,False
3,g003_p000054_g002_p000025_g001_p000016_empty,g002_p000025_g001_p000016_empty,g003_93b8ce54284cdba1_0009,54,44.0,40.0,39.0,4.163743869867176e-05,0.011392852291464806,0.0025070281699299812,0.0025070281699299812,0,False
3,g003_p000055_g002_p000025_g001_p000016_empty,g002_p000025_g001_p000016_empty,g003_93b8ce54284cdba1_0009,55,44.0,43.0,39.0,4.163743869867176e-05,0.010126673616468906,0.001240849494934082,0.001240849494934082,0,False
3,g003_p000056_g002_p000025_g001_p000016_empty,g002_p000025_g001_p000016_empty,g003_93b8ce54284cdba1_0009,56,7.0,40.0,21.0,4.1611248889239505e-05,0.010672430507838726,0.0017866063863039017,0.0017866063863039017,0,False
3,g003_p000057_g002_p000025_g001_p000016_empty,g002_p000025_g001_p000016_empty,g003_93b8ce54284cdba1_0009,57,7.0,43.0,21.0,4.1611248889239505e-05,0.010392654687166214,0.0015068305656313896,0.0015068305656313896,0,False
3,g003_p000058_g002_p000025_g001_p000016_empty,g002_p000025_g001_p000016_empty,g003_93b8ce54284cdba1_0009,58,8.0,39.0,21.0,4.1611248889239505e-05,0.012216505594551563,0.003330681473016739,0.003330681473016739,0,False
3,g003_p000059_g002_p000025_g001_p000016_empty,g002_p000025_g001_p000016_empty,g003_93b8ce54284cdba1_0009,59,8.0,44.0,21.0,4.1611248889239505e-05,0.0132894990965724,0.004403674975037575,0.004403674975037575,0,False
3,g003_p000060_g002_p000031_g001_p000016_empty,g002_p000031_g001_p000016_empty,g003_93b8ce54284cdba1_0009,60,11.0,39.0,21.0,4.16112452512607e-05,0.01093146950006485,0.0020456453785300255,0.0020456453785300255,0,False
3,g003_p000061_g002_p000031_g001_p000016_empty,g002_p000031_g001_p000016_empty,g003_93b8ce54284cdba1_0009,61,11.0,44.0,21.0,4.16112452512607e-05,0.01237682718783617,0.003491003066301346,0.003491003066301346,0,False
3,g003_p000062_g002_p000031_g001_p000016_empty,g002_p000031_g001_p000016_empty,g003_93b8ce54284cdba1_0009,62,12.0,40.0,21.0,4.16112452512607e-05,0.011297827586531639,0.0024120034649968147,0.0024120034649968147,0,False
3,g003_p000063_g002_p000031_g001_p000016_empty,g002_p000031_g001_p000016_empty,g003_93b8ce54284cdba1_0009,63,12.0,43.0,21.0,4.16112452512607e-05,0.010624357499182224,0.0017385333776474,0.0017385333776474,0,False
3,g003_p000064_g002_p000031_g001_p000016_empty,g002_p000031_g001_p000016_empty,g003_93b8ce54284cdba1_0009,64,42.0,41.0,40.0,3.641900548245758e-05,0.011183727532625198,0.002297903411090374,0.002297903411090374,0,False
3,g003_p000065_g002_p000031_g001_p000016_empty,g002_p000031_g001_p000016_empty,g003_93b8ce54284cdba1_0009,65,42.0,42.0,40.0,3.641900548245758e-05,0.01073799841105938,0.0018521742895245552,0.0018521742895245552,0,False
3,g003_p000066_g002_p000031_g001_p000016_empty,g002_p000031_g001_p000016_empty,g003_93b8ce54284cdba1_0009,66,41.0,42.0,40.0,3.641900184447877e-05,0.010758716613054276,0.0018728924915194511,0.0018728924915194511,0,False
3,g003_p000067_g002_p000031_g001_p000016_empty,g002_p000031_g001_p000016_empty,g003_93b8ce54284cdba1_0009,67,41.0,41.0,40.0,3.641899456852116e-05,0.010683427564799786,0.0017976034432649612,0.0017976034432649612,0,False
3,g003_p000068_g002_p000031_g001_p000016_empty,g002_p000031_g001_p000016_empty,g003_93b8ce54284cdba1_0009,68,10.0,41.0,22.0,3.638600173871964e-05,0.0115182651206851,0.002632440999150276,0.002632440999150276,0,False
3,g003_p000069_g002_p000031_g001_p000016_empty,g002_p000031_g001_p000016_empty,g003_93b8ce54284cdba1_0009,69,10.0,42.0,22.0,3.638600173871964e-05,0.009987768717110157,0.0011019445955753326,0.0011019445955753326,0,False
3,g003_p000070_g002_p000031_g001_p000016_empty,g002_p000031_g001_p000016_empty,g003_93b8ce54284cdba1_0009,70,9.0,42.0,22.0,3.6385998100740835e-05,0.010089274495840073,0.0012034503743052483,0.0012034503743052483,0,False
3,g003_p000071_g002_p000031_g001_p000016_empty,g002_p000031_g001_p000016_empty,g003_93b8ce54284cdba1_0009,71,9.0,41.0,22.0,3.638599082478322e-05,0.012080547399818897,0.003194723278284073,0.003194723278284073,0,False
3,g003_p000072_g002_p000037_g001_p000031_empty,g002_p000037_g001_p000031_empty,g003_93b8ce54284cdba1_0009,72,38.0,41.0,39.0,3.565613951650448e-05,0.011101292446255684,0.0022154683247208595,0.0022154683247208595,0,False
3,g003_p000073_g002_p000037_g001_p000031_empty,g002_p000037_g001_p000031_empty,g003_93b8ce54284cdba1_0009,73,38.0,42.0,39.0,3.565613951650448e-05,0.012553880922496319,0.0036680568009614944,0.0036680568009614944,0,False
3,g003_p000074_g002_p000037_g001_p000031_empty,g002_p000037_g001_p000031_empty,g003_93b8ce54284cdba1_0009,74,41.0,38.0,39.0,3.5656135878525674e-05,0.011345559731125832,0.0024597356095910072,0.0024597356095910072,0,False
3,g003_p000075_g002_p000037_g001_p000031_empty,g002_p000037_g001_p000031_empty,g003_93b8ce54284cdba1_0009,75,41.0,45.0,39.0,3.5656135878525674e-05,0.012180725112557411,0.003294900991022587,0.003294900991022587,0,False
3,g003_p000076_g002_p000037_g001_p000031_empty,g002_p000037_g001_p000031_empty,g003_93b8ce54284cdba1_0009,76,42.0,38.0,39.0,3.5656135878525674e-05,0.010774482972919941,0.0018886588513851166,0.0018886588513851166,0,False
3,g003_p000077_g002_p000037_g001_p000031_empty,g002_p000037_g001_p000031_empty,g003_93b8ce54284cdba1_0009,77,42.0,45.0,39.0,3.5656135878525674e-05,0.012677713297307491,0.003791889175772667,0.003791889175772667,0,False
3,g003_p000078_g002_p000037_g001_p000031_empty,g002_p000037_g001_p000031_empty,g003_93b8ce54284cdba1_0009,78,45.0,41.0,39.0,3.5656135878525674e-05,0.010571726597845554,0.00168590247631073,0.00168590247631073,0,False
3,g003_p000079_g002_p000037_g001_p000031_empty,g002_p000037_g001_p000031_empty,g003_93b8ce54284cdba1_0009,79,45.0,42.0,39.0,3.565613224054687e-05,0.009993232786655426,0.0011074086651206017,0.0011074086651206017,0,False
3,g003_p000080_g002_p000037_g001_p000031_empty,g002_p000037_g001_p000031_empty,g003_93b8ce54284cdba1_0009,80,6.0,41.0,21.0,3.563308928278275e-05,0.013177751563489437,0.004291927441954613,0.004291927441954613,0,False
3,g003_p000081_g002_p000037_g001_p000031_empty,g002_p000037_g001_p000031_empty,g003_93b8ce54284cdba1_0009,81,6.0,42.0,21.0,3.563308928278275e-05,0.012814821675419807,0.003928997553884983,0.003928997553884983,0,False
3,g003_p000082_g002_p000037_g001_p000031_empty,g002_p000037_g001_p000031_empty,g003_93b8ce54284cdba1_0009,82,9.0,38.0,21.0,3.563308564480394e-05,0.011676599271595478,0.0027907751500606537,0.0027907751500606537,0,False
3,g003_p000083_g002_p000037_g001_p000031_empty,g002_p000037_g001_p000031_empty,g003_93b8ce54284cdba1_0009,83,9.0,45.0,21.0,3.563308564480394e-05,0.011462323367595673,0.0025764992460608482,0.0025764992460608482,0,False
3,g003_p000084_g002_p000043_g001_p000031_empty,g002_p000043_g001_p000031_empty,g003_93b8ce54284cdba1_0009,84,10.0,38.0,21.0,3.563308564480394e-05,0.011526210233569145,0.002640386112034321,0.002640386112034321,0,False
3,g003_p000085_g002_p000043_g001_p000031_empty,g002_p000043_g001_p000031_empty,g003_93b8ce54284cdba1_0009,85,10.0,45.0,21.0,3.563308564480394e-05,0.011564412154257298,0.002678588032722473,0.002678588032722473,0,False
3,g003_p000086_g002_p000043_g001_p000031_empty,g002_p000043_g001_p000031_empty,g003_93b8ce54284cdba1_0009,86,13.0,41.0,21.0,3.563308564480394e-05,0.011233189143240452,0.0023473650217056274,0.0023473650217056274,0,False
3,g003_p000087_g002_p000043_g001_p000031_empty,g002_p000043_g001_p000031_empty,g003_93b8ce54284cdba1_0009,87,13.0,42.0,21.0,3.5633082006825134e-05,0.011275294236838818,0.0023894701153039932,0.0023894701153039932,0,False
3,g003_p000088_g002_p000043_g001_p000031_empty,g002_p000043_g001_p000031_empty,g003_93b8ce54284cdba1_0009,88,39.0,39.0,39.0,3.508279405650683e-05,0.01147825550287962,0.0025924313813447952,0.0025924313813447952,0,False
3,g003_p000089_g002_p000043_g001_p000031_empty,g002_p000043_g001_p000031_empty,g003_93b8ce54284cdba1_0009,89,39.0,44.0,39.0,3.508279041852802e-05,0.011993342079222202,0.003107517957687378,0.003107517957687378,0,False
3,g003_p000090_g002_p000043_g001_p000031_empty,g002_p000043_g001_p000031_empty,g003_93b8ce54284cdba1_0009,90,44.0,39.0,39.0,3.508279041852802e-05,0.011085051111876965,0.00219922699034214,0.00219922699034214,0,False
3,g003_p000091_g002_p000043_g001_p000031_empty,g002_p000043_g001_p000031_empty,g003_93b8ce54284cdba1_0009,91,44.0,44.0,39.0,3.508279041852802e-05,0.012732147239148617,0.0038463231176137924,0.0038463231176137924,0,False
3,g003_p000092_g002_p000043_g001_p000031_empty,g002_p000043_g001_p000031_empty,g003_93b8ce54284cdba1_0009,92,7.0,39.0,21.0,3.5060267691733316e-05,0.012492031790316105,0.0036062076687812805,0.0036062076687812805,0,False
3,g003_p000093_g002_p000043_g001_p000031_empty,g002_p000043_g001_p000031_empty,g003_93b8ce54284cdba1_0009,93,7.0,44.0,21.0,3.506026405375451e-05,0.010225923731923103,0.001340099610388279,0.001340099610388279,0,False
3,g003_p000094_g002_p000043_g001_p000031_empty,g002_p000043_g001_p000031_empty,g003_93b8ce54284cdba1_0009,94,12.0,39.0,21.0,3.506026405375451e-05,0.013064987026154995,0.004179162904620171,0.004179162904620171,0,False
3,g003_p000095_g002_p000043_g001_p000031_empty,g002_p000043_g001_p000031_empty,g003_93b8ce54284cdba1_0009,95,12.0,44.0,21.0,3.506026405375451e-05,0.011609588749706745,0.0027237646281719208,0.0027237646281719208,0,False
4,g004_p000000_g003_p000012_g002_p000007_g001_p000058_empty,g003_p000012_g002_p000007_g001_p000058_empty,g004_678a0d850c72c81b_0010,0,9.0,41.0,21.0,6.169795233290642e-05,0.012564177624881268,0.0026451116427779198,0.003678353503346443,0,False
4,g004_p000006_g003_p000012_g002_p000007_g001_p000058_empty,g003_p000012_g002_p000007_g001_p000058_empty,g004_678a0d850c72c81b_0010,1,9.0,42.0,21.0,6.169795233290642e-05,0.013415603898465633,0.0034965379163622856,0.004529779776930809,0,False
4,g004_p000012_g003_p000069_g002_p000031_g001_p000016_empty,g003_p000069_g002_p000031_g001_p000016_empty,g004_0a0b3e64c847f49f_0011,0,41.0,41.0,39.0,6.173095607664436e-05,0.012143128551542759,0.002155359834432602,0.0032573044300079346,0,False
4,g004_p000018_g003_p000069_g002_p000031_g001_p000016_empty,g003_p000069_g002_p000031_g001_p000016_empty,g004_0a0b3e64c847f49f_0011,1,41.0,42.0,39.0,6.173095607664436e-05,0.01213525328785181,0.0021474845707416534,0.003249429166316986,0,False
4,g004_p000024_g003_p000079_g002_p000037_g001_p000031_empty,g003_p000079_g002_p000037_g001_p000031_empty,g004_a0b4cfdad612c3e5_0012,0,40.0,41.0,39.0,6.962606130400673e-05,0.012760915793478489,0.002767683006823063,0.0038750916719436646,0,False
4,g004_p000030_g003_p000079_g002_p000037_g001_p000031_empty,g003_p000079_g002_p000037_g001_p000031_empty,g004_a0b4cfdad612c3e5_0012,1,41.0,41.0,39.0,6.820862472523004e-05,0.01222606748342514,0.0022328346967697144,0.003340243361890316,0,False
4,g004_p000036_g003_p000028_g002_p000013_g001_p000055_empty,g003_p000028_g002_p000013_g001_p000055_empty,g004_55523da93ec02102_0013,0,41.0,41.0,39.0,6.173095607664436e-05,0.011764653027057648,0.0017188750207424164,0.0028788289055228233,0,False
4,g004_p000042_g003_p000028_g002_p000013_g001_p000055_empty,g003_p000028_g002_p000013_g001_p000055_empty,g004_55523da93ec02102_0013,1,41.0,42.0,39.0,6.173095607664436e-05,0.012970415875315666,0.002924637869000435,0.004084591753780842,0,False
4,g004_p000048_g003_p000070_g002_p000031_g001_p000016_empty,g003_p000070_g002_p000031_g001_p000016_empty,g004_c1f74565c1f77569_0014,0,41.0,41.0,39.0,6.173095607664436e-05,0.013004579581320286,0.002915305085480213,0.004118755459785461,0,False
4,g004_p000054_g003_p000070_g002_p000031_g001_p000016_empty,g003_p000070_g002_p000031_g001_p000016_empty,g004_c1f74565c1f77569_0014,1,41.0,42.0,39.0,6.173095607664436e-05,0.011290635913610458,0.0012013614177703857,0.002404811792075634,0,False
4,g004_p000060_g003_p000055_g002_p000025_g001_p000016_empty,g003_p000055_g002_p000025_g001_p000016_empty,g004_ce7d1f0fc05a6663_0015,0,9.0,41.0,21.0,6.169795233290642e-05,0.012668894603848457,0.002542220987379551,0.003783070482313633,0,False
4,g004_p000066_g003_p000055_g002_p000025_g001_p000016_empty,g003_p000055_g002_p000025_g001_p000016_empty,g004_ce7d1f0fc05a6663_0015,1,9.0,42.0,21.0,6.169795233290642e-05,0.013197358697652817,0.0030706850811839104,0.004311534576117992,0,False
4,g004_p000072_g003_p000008_g002_p000001_g001_p000058_empty,g003_p000008_g002_p000001_g001_p000058_empty,g004_1a3367e44c430e95_0016,0,9.0,41.0,21.0,6.169795233290642e-05,0.012055344879627228,0.0018878476694226265,0.0031695207580924034,0,False
4,g004_p000078_g003_p000008_g002_p000001_g001_p000058_empty,g003_p000008_g002_p000001_g001_p000058_empty,g004_1a3367e44c430e95_0016,1,9.0,42.0,21.0,6.169795233290642e-05,0.012549476698040962,0.002381979487836361,0.003663652576506138,0,False
4,g004_p000084_g003_p000093_g002_p000043_g001_p000031_empty,g003_p000093_g002_p000043_g001_p000031_empty,g004_aea2b21378e8d87c_0017,0,41.0,41.0,39.0,6.173095607664436e-05,0.012055384926497936,0.001829461194574833,0.003169560804963112,0,False
4,g004_p000090_g003_p000093_g002_p000043_g001_p000031_empty,g003_p000093_g002_p000043_g001_p000031_empty,g004_aea2b21378e8d87c_0017,1,41.0,42.0,39.0,6.173095607664436e-05,0.01246585138142109,0.002239927649497986,0.003580027259886265,0,False
5,g005_p000000_g004_p000001_g003_p000012_g002_p000007_g001_p000058_empty,g004_p000001_g003_p000012_g002_p000007_g001_p000058_empty,g005_d0b48cb54a4ec560_0018,0,41.0,41.0,39.0,6.173095607664436e-05,0.009701313450932503,0.0008154893293976784,0.0008154893293976784,0,False
5,g005_p000001_g004_p000001_g003_p000012_g002_p000007_g001_p000058_empty,g004_p000001_g003_p000012_g002_p000007_g001_p000058_empty,g005_d0b48cb54a4ec560_0018,1,41.0,42.0,39.0,6.173095607664436e-05,0.012120912782847881,0.003235088661313057,0.003235088661313057,0,False
5,g005_p000002_g004_p000001_g003_p000012_g002_p000007_g001_p000058_empty,g004_p000001_g003_p000012_g002_p000007_g001_p000058_empty,g005_d0b48cb54a4ec560_0018,2,42.0,41.0,39.0,6.173095607664436e-05,0.010309112258255482,0.0014232881367206573,0.0014232881367206573,0,False
5,g005_p000003_g004_p000001_g003_p000012_g002_p000007_g001_p000058_empty,g004_p000001_g003_p000012_g002_p000007_g001_p000058_empty,g005_d0b48cb54a4ec560_0018,3,42.0,42.0,39.0,6.173094880068675e-05,0.010669934563338757,0.0017841104418039322,0.0017841104418039322,0,False
5,g005_p000004_g004_p000001_g003_p000012_g002_p000007_g001_p000058_empty,g004_p000001_g003_p000012_g002_p000007_g001_p000058_empty,g005_d0b48cb54a4ec560_0018,4,9.0,41.0,21.0,6.169795233290642e-05,0.010098460130393505,0.0012126360088586807,0.0012126360088586807,0,False
5,g005_p000005_g004_p000001_g003_p000012_g002_p000007_g001_p000058_empty,g004_p000001_g003_p000012_g002_p000007_g001_p000058_empty,g005_d0b48cb54a4ec560_0018,5,9.0,42.0,21.0,6.169795233290642e-05,0.01252545416355133,0.003639630042016506,0.003639630042016506,0,False
5,g005_p000006_g004_p000001_g003_p000012_g002_p000007_g001_p000058_empty,g004_p000001_g003_p000012_g002_p000007_g001_p000058_empty,g005_d0b48cb54a4ec560_0018,6,10.0,41.0,21.0,6.169795233290642e-05,0.01331703457981348,0.004431210458278656,0.004431210458278656,0,False
5,g005_p000007_g004_p000001_g003_p000012_g002_p000007_g001_p000058_empty,g004_p000001_g003_p000012_g002_p000007_g001_p000058_empty,g005_d0b48cb54a4ec560_0018,7,10.0,42.0,21.0,6.169794505694881e-05,0.010544242337346077,0.0016584182158112526,0.0016584182158112526,0,False
5,g005_p000008_g004_p000001_g003_p000012_g002_p000007_g001_p000058_empty,g004_p000001_g003_p000012_g002_p000007_g001_p000058_empty,g005_d0b48cb54a4ec560_0018,8,40.0,41.0,39.0,5.569587301579304e-05,0.010526780970394611,0.001640956848859787,0.001640956848859787,0,False
5,g005_p000009_g004_p000001_g003_p000012_g002_p000007_g001_p000058_empty,g004_p000001_g003_p000012_g002_p000007_g001_p000058_empty,g005_d0b48cb54a4ec560_0018,9,40.0,42.0,39.0,5.569587301579304e-05,0.011880992911756039,0.0029951687902212143,0.0029951687902212143,0,False
5,g005_p000010_g004_p000001_g003_p000012_g002_p000007_g001_p000058_empty,g004_p000001_g003_p000012_g002_p000007_g001_p000058_empty,g005_d0b48cb54a4ec560_0018,10,41.0,40.0,39.0,5.569587301579304e-05,0.011024871841073036,0.002139047719538212,0.002139047719538212,0,False
5,g005_p000011_g004_p000001_g003_p000012_g002_p000007_g001_p000058_empty,g004_p000001_g003_p000012_g002_p000007_g001_p000058_empty,g005_d0b48cb54a4ec560_0018,11,41.0,43.0,39.0,5.569587301579304e-05,0.011835191398859024,0.0029493672773241997,0.0029493672773241997,0,False
5,g005_p000012_g004_p000007_g003_p000012_g002_p000007_g001_p000058_empty,g004_p000007_g003_p000012_g002_p000007_g001_p000058_empty,g005_d0b48cb54a4ec560_0018,12,42.0,40.0,39.0,5.569586937781423e-05,0.011603769846260548,0.0027179457247257233,0.0027179457247257233,0,False
5,g005_p000013_g004_p000007_g003_p000012_g002_p000007_g001_p000058_empty,g004_p000007_g003_p000012_g002_p000007_g001_p000058_empty,g005_d0b48cb54a4ec560_0018,13,42.0,43.0,39.0,5.569586937781423e-05,0.011874604970216751,0.0029887808486819267,0.0029887808486819267,0,False
5,g005_p000014_g004_p000007_g003_p000012_g002_p000007_g001_p000058_empty,g004_p000007_g003_p000012_g002_p000007_g001_p000058_empty,g005_d0b48cb54a4ec560_0018,14,43.0,41.0,39.0,5.569586937781423e-05,0.011324022896587849,0.0024381987750530243,0.0024381987750530243,0,False
5,g005_p000015_g004_p000007_g003_p000012_g002_p000007_g001_p000058_empty,g004_p000007_g003_p000012_g002_p000007_g001_p000058_empty,g005_d0b48cb54a4ec560_0018,15,43.0,42.0,39.0,5.5695865739835426e-05,0.009760797023773193,0.000874972902238369,0.000874972902238369,0,False
5,g005_p000016_g004_p000007_g003_p000012_g002_p000007_g001_p000058_empty,g004_p000007_g003_p000012_g002_p000007_g001_p000058_empty,g005_d0b48cb54a4ec560_0018,16,8.0,41.0,21.0,5.566444087889977e-05,0.011995414271950722,0.0031095901504158974,0.0031095901504158974,0,False
5,g005_p000017_g004_p000007_g003_p000012_g002_p000007_g001_p000058_empty,g004_p000007_g003_p000012_g002_p000007_g001_p000058_empty,g005_d0b48cb54a4ec560_0018,17,8.0,42.0,21.0,5.566444087889977e-05,0.011195112019777298,0.0023092878982424736,0.0023092878982424736,0,False
5,g005_p000018_g004_p000007_g003_p000012_g002_p000007_g001_p000058_empty,g004_p000007_g003_p000012_g002_p000007_g001_p000058_empty,g005_d0b48cb54a4ec560_0018,18,9.0,40.0,21.0,5.566444087889977e-05,0.010081002488732338,0.0011951783671975136,0.0011951783671975136,0,False
5,g005_p000019_g004_p000007_g003_p000012_g002_p000007_g001_p000058_empty,g004_p000007_g003_p000012_g002_p000007_g001_p000058_empty,g005_d0b48cb54a4ec560_0018,19,9.0,43.0,21.0,5.566444087889977e-05,0.011706017889082432,0.0028201937675476074,0.0028201937675476074,0,False
5,g005_p000020_g004_p000007_g003_p000012_g002_p000007_g001_p000058_empty,g004_p000007_g003_p000012_g002_p000007_g001_p000058_empty,g005_d0b48cb54a4ec560_0018,20,10.0,40.0,21.0,5.566443724092096e-05,0.012243842706084251,0.003358018584549427,0.003358018584549427,0,False
5,g005_p000021_g004_p000007_g003_p000012_g002_p000007_g001_p000058_empty,g004_p000007_g003_p000012_g002_p000007_g001_p000058_empty,g005_d0b48cb54a4ec560_0018,21,10.0,43.0,21.0,5.566443724092096e-05,0.011027529835700989,0.0021417057141661644,0.0021417057141661644,0,False
5,g005_p000022_g004_p000007_g003_p000012_g002_p000007_g001_p000058_empty,g004_p000007_g003_p000012_g002_p000007_g001_p000058_empty,g005_d0b48cb54a4ec560_0018,22,11.0,41.0,21.0,5.566443724092096e-05,0.012355138547718525,0.0034693144261837006,0.0034693144261837006,0,False
5,g005_p000023_g004_p000007_g003_p000012_g002_p000007_g001_p000058_empty,g004_p000007_g003_p000012_g002_p000007_g001_p000058_empty,g005_d0b48cb54a4ec560_0018,23,11.0,42.0,21.0,5.5664433602942154e-05,0.011361385695636272,0.002475561574101448,0.002475561574101448,0,False
5,g005_p000024_g004_p000013_g003_p000069_g002_p000031_g001_p000016_empty,g004_p000013_g003_p000069_g002_p000031_g001_p000016_empty,g005_d0b48cb54a4ec560_0018,24,40.0,40.0,39.0,4.9821788707049564e-05,0.010473218746483326,0.0015873946249485016,0.0015873946249485016,0,False
5,g005_p000025_g004_p000013_g003_p000069_g002_p000031_g001_p000016_empty,g004_p000013_g003_p000069_g002_p000031_g001_p000016_empty,g005_d0b48cb54a4ec560_0018,25,40.0,43.0,39.0,4.9821788707049564e-05,0.011321366764605045,0.002435542643070221,0.002435542643070221,0,False
5,g005_p000026_g004_p000013_g003_p000069_g002_p000031_g001_p000016_empty,g004_p000013_g003_p000069_g002_p000031_g001_p000016_empty,g005_d0b48cb54a4ec560_0018,26,43.0,40.0,39.0,4.9821785069070756e-05,0.011457551270723343,0.0025717271491885185,0.0025717271491885185,0,False
5,g005_p000027_g004_p000013_g003_p000069_g002_p000031_g001_p000016_empty,g004_p000013_g003_p000069_g002_p000031_g001_p000016_empty,g005_d0b48cb54a4ec560_0018,27,43.0,43.0,39.0,4.9821785069070756e-05,0.01024894043803215,0.001363116316497326,0.001363116316497326,0,False
5,g005_p000028_g004_p000013_g003_p000069_g002_p000031_g001_p000016_empty,g004_p000013_g003_p000069_g002_p000031_g001_p000016_empty,g005_d0b48cb54a4ec560_0018,28,8.0,40.0,21.0,4.9791404308052734e-05,0.011487706564366817,0.002601882442831993,0.002601882442831993,0,False
5,g005_p000029_g004_p000013_g003_p000069_g002_p000031_g001_p000016_empty,g004_p000013_g003_p000069_g002_p000031_g001_p000016_empty,g005_d0b48cb54a4ec560_0018,29,8.0,43.0,21.0,4.9791404308052734e-05,0.01066578272730112,0.0017799586057662964,0.0017799586057662964,0,False
5,g005_p000030_g004_p000013_g003_p000069_g002_p000031_g001_p000016_empty,g004_p000013_g003_p000069_g002_p000031_g001_p000016_empty,g005_d0b48cb54a4ec560_0018,30,11.0,40.0,21.0,4.9791400670073926e-05,0.012795986607670784,0.00391016248613596,0.00391016248613596,0,False
5,g005_p000031_g004_p000013_g003_p000069_g002_p000031_g001_p000016_empty,g004_p000013_g003_p000069_g002_p000031_g001_p000016_empty,g005_d0b48cb54a4ec560_0018,31,11.0,43.0,21.0,4.9791400670073926e-05,0.010621233843266964,0.0017354097217321396,0.0017354097217321396,0,False
5,g005_p000032_g004_p000013_g003_p000069_g002_p000031_g001_p000016_empty,g004_p000013_g003_p000069_g002_p000031_g001_p000016_empty,g005_d0b48cb54a4ec560_0018,32,39.0,41.0,39.0,4.7225028538377956e-05,0.011001362465322018,0.0021155383437871933,0.0021155383437871933,0,False
5,g005_p000033_g004_p000013_g003_p000069_g002_p000031_g001_p000016_empty,g004_p000013_g003_p000069_g002_p000031_g001_p000016_empty,g005_d0b48cb54a4ec560_0018,33,39.0,42.0,39.0,4.7225028538377956e-05,0.012830683030188084,0.003944858908653259,0.003944858908653259,0,False
5,g005_p000034_g004_p000013_g003_p000069_g002_p000031_g001_p000016_empty,g004_p000013_g003_p000069_g002_p000031_g001_p000016_empty,g005_d0b48cb54a4ec560_0018,34,41.0,39.0,39.0,4.7225028538377956e-05,0.011631266213953495,0.0027454420924186707,0.0027454420924186707,0,False
5,g005_p000035_g004_p000013_g003_p000069_g002_p000031_g001_p000016_empty,g004_p000013_g003_p000069_g002_p000031_g001_p000016_empty,g005_d0b48cb54a4ec560_0018,35,41.0,44.0,39.0,4.7225028538377956e-05,0.011997384019196033,0.003111559897661209,0.003111559897661209,0,False
5,g005_p000036_g004_p000019_g003_p000069_g002_p000031_g001_p000016_empty,g004_p000019_g003_p000069_g002_p000031_g001_p000016_empty,g005_d0b48cb54a4ec560_0018,36,42.0,39.0,39.0,4.722502490039915e-05,0.011197845451533794,0.00231202132999897,0.00231202132999897,0,False
5,g005_p000037_g004_p000019_g003_p000069_g002_p000031_g001_p000016_empty,g004_p000019_g003_p000069_g002_p000031_g001_p000016_empty,g005_d0b48cb54a4ec560_0018,37,42.0,44.0,39.0,4.722502490039915e-05,0.01096952985972166,0.0020837057381868362,0.0020837057381868362,0,False
5,g005_p000038_g004_p000019_g003_p000069_g002_p000031_g001_p000016_empty,g004_p000019_g003_p000069_g002_p000031_g001_p000016_empty,g005_d0b48cb54a4ec560_0018,38,44.0,41.0,39.0,4.722502490039915e-05,0.01125114131718874,0.0023653171956539154,0.0023653171956539154,0,False
5,g005_p000039_g004_p000019_g003_p000069_g002_p000031_g001_p000016_empty,g004_p000019_g003_p000069_g002_p000031_g001_p000016_empty,g005_d0b48cb54a4ec560_0018,39,44.0,42.0,39.0,4.722502126242034e-05,0.011366787366569042,0.002480963245034218,0.002480963245034218,0,False
5,g005_p000040_g004_p000019_g003_p000069_g002_p000031_g001_p000016_empty,g004_p000019_g003_p000069_g002_p000031_g001_p000016_empty,g005_d0b48cb54a4ec560_0018,40,7.0,41.0,21.0,4.719778735307045e-05,0.012196825817227364,0.003311001695692539,0.003311001695692539,0,False
5,g005_p000041_g004_p000019_g003_p000069_g002_p000031_g001_p000016_empty,g004_p000019_g003_p000069_g002_p000031_g001_p000016_empty,g005_d0b48cb54a4ec560_0018,41,7.0,42.0,21.0,4.719778735307045e-05,0.01348282489925623,0.004597000777721405,0.004597000777721405,0,False
5,g005_p000042_g004_p000019_g003_p000069_g002_p000031_g001_p000016_empty,g004_p000019_g003_p000069_g002_p000031_g001_p000016_empty,g005_d0b48cb54a4ec560_0018,42,9.0,39.0,21.0,4.719778735307045e-05,0.012495177797973156,0.0036093536764383316,0.0036093536764383316,0,False
5,g005_p000043_g004_p000019_g003_p000069_g002_p000031_g001_p000016_empty,g004_p000019_g003_p000069_g002_p000031_g001_p000016_empty,g005_d0b48cb54a4ec560_0018,43,9.0,44.0,21.0,4.719778735307045e-05,0.012340541929006577,0.003454717807471752,0.003454717807471752,0,False
5,g005_p000044_g004_p000019_g003_p000069_g002_p000031_g001_p000016_empty,g004_p000019_g003_p000069_g002_p000031_g001_p000016_empty,g005_d0b48cb54a4ec560_0018,44,10.0,39.0,21.0,4.7197783715091646e-05,0.010910311713814735,0.002024487592279911,0.002024487592279911,0,False
5,g005_p000045_g004_p000019_g003_p000069_g002_p000031_g001_p000016_empty,g004_p000019_g003_p000069_g002_p000031_g001_p000016_empty,g005_d0b48cb54a4ec560_0018,45,10.0,44.0,21.0,4.7197783715091646e-05,0.010181698016822338,0.0012958738952875137,0.0012958738952875137,0,False
5,g005_p000046_g004_p000019_g003_p000069_g002_p000031_g001_p000016_empty,g004_p000019_g003_p000069_g002_p000031_g001_p000016_empty,g005_d0b48cb54a4ec560_0018,46,12.0,41.0,21.0,4.7197783715091646e-05,0.011378190480172634,0.0024923663586378098,0.0024923663586378098,0,False
5,g005_p000047_g004_p000019_g003_p000069_g002_p000031_g001_p000016_empty,g004_p000019_g003_p000069_g002_p000031_g001_p000016_empty,g005_d0b48cb54a4ec560_0018,47,12.0,42.0,21.0,4.719778007711284e-05,0.013086539693176746,0.004200715571641922,0.004200715571641922,0,False
5,g005_p000048_g004_p000025_g003_p000079_g002_p000037_g001_p000031_empty,g004_p000025_g003_p000079_g002_p000037_g001_p000031_empty,g005_d0b48cb54a4ec560_0018,48,39.0,40.0,39.0,4.1637442336650565e-05,0.010699005797505379,0.0018131816759705544,0.0018131816759705544,0,False
5,g005_p000049_g004_p000025_g003_p000079_g002_p000037_g001_p000031_empty,g004_p000025_g003_p000079_g002_p000037_g001_p000031_empty,g005_d0b48cb54a4ec560_0018,49,39.0,43.0,39.0,4.1637442336650565e-05,0.011329714208841324,0.0024438900873064995,0.0024438900873064995,0,False
5,g005_p000050_g004_p000025_g003_p000079_g002_p000037_g001_p000031_empty,g004_p000025_g003_p000079_g002_p000037_g001_p000031_empty,g005_d0b48cb54a4ec560_0018,50,40.0,39.0,39.0,4.1637442336650565e-05,0.010137553326785564,0.00125172920525074,0.00125172920525074,0,False
5,g005_p000051_g004_p000025_g003_p000079_g002_p000037_g001_p000031_empty,g004_p000025_g003_p000079_g002_p000037_g001_p000031_empty,g005_d0b48cb54a4ec560_0018,51,40.0,44.0,39.0,4.1637442336650565e-05,0.011666289530694485,0.0027804654091596603,0.0027804654091596603,0,False
5,g005_p000052_g004_p000025_g003_p000079_g002_p000037_g001_p000031_empty,g004_p000025_g003_p000079_g002_p000037_g001_p000031_empty,g005_d0b48cb54a4ec560_0018,52,43.0,39.0,39.0,4.163743869867176e-05,0.01138952188193798,0.0025036977604031563,0.0025036977604031563,0,False
5,g005_p000053_g004_p000025_g003_p000079_g002_p000037_g001_p000031_empty,g004_p000025_g003_p000079_g002_p000037_g001_p000031_empty,g005_d0b48cb54a4ec560_0018,53,43.0,44.0,39.0,4.163743869867176e-05,0.0110520264133811,0.0021662022918462753,0.0021662022918462753,0,False
5,g005_p000054_g004_p000025_g003_p000079_g002_p000037_g001_p000031_empty,g004_p000025_g003_p000079_g002_p000037_g001_p000031_empty,g005_d0b48cb54a4ec560_0018,54,44.0,40.0,39.0,4.163743869867176e-05,0.01116886269301176,0.0022830385714769363,0.0022830385714769363,0,False
5,g005_p000055_g004_p000025_g003_p000079_g002_p000037_g001_p000031_empty,g004_p000025_g003_p000079_g002_p000037_g001_p000031_empty,g005_d0b48cb54a4ec560_0018,55,44.0,43.0,39.0,4.163743869867176e-05,0.011541672050952911,0.002655847929418087,0.002655847929418087,0,False
5,g005_p000056_g004_p000025_g003_p000079_g002_p000037_g001_p000031_empty,g004_p000025_g003_p000079_g002_p000037_g001_p000031_empty,g005_d0b48cb54a4ec560_0018,56,7.0,40.0,21.0,4.1611248889239505e-05,0.011568518355488777,0.002682694233953953,0.002682694233953953,0,False
5,g005_p000057_g004_p000025_g003_p000079_g002_p000037_g001_p000031_empty,g004_p000025_g003_p000079_g002_p000037_g001_p000031_empty,g005_d0b48cb54a4ec560_0018,57,7.0,43.0,21.0,4.1611248889239505e-05,0.012342207133769989,0.0034563830122351646,0.0034563830122351646,0,False
5,g005_p000058_g004_p000025_g003_p000079_g002_p000037_g001_p000031_empty,g004_p000025_g003_p000079_g002_p000037_g001_p000031_empty,g005_d0b48cb54a4ec560_0018,58,8.0,39.0,21.0,4.1611248889239505e-05,0.010109343566000462,0.0012235194444656372,0.0012235194444656372,0,False
5,g005_p000059_g004_p000025_g003_p000079_g002_p000037_g001_p000031_empty,g004_p000025_g003_p000079_g002_p000037_g001_p000031_empty,g005_d0b48cb54a4ec560_0018,59,8.0,44.0,21.0,4.1611248889239505e-05,0.011587771587073803,0.0027019474655389786,0.0027019474655389786,0,False
5,g005_p000060_g004_p000031_g003_p000079_g002_p000037_g001_p000031_empty,g004_p000031_g003_p000079_g002_p000037_g001_p000031_empty,g005_d0b48cb54a4ec560_0018,60,11.0,39.0,21.0,4.16112452512607e-05,0.012630678713321686,0.0037448545917868614,0.0037448545917868614,0,False
5,g005_p000061_g004_p000031_g003_p000079_g002_p000037_g001_p000031_empty,g004_p000031_g003_p000079_g002_p000037_g001_p000031_empty,g005_d0b48cb54a4ec560_0018,61,11.0,44.0,21.0,4.16112452512607e-05,0.01240592636168003,0.0035201022401452065,0.0035201022401452065,0,False
5,g005_p000062_g004_p000031_g003_p000079_g002_p000037_g001_p000031_empty,g004_p000031_g003_p000079_g002_p000037_g001_p000031_empty,g005_d0b48cb54a4ec560_0018,62,12.0,40.0,21.0,4.16112452512607e-05,0.011695648543536663,0.0028098244220018387,0.0028098244220018387,0,False
5,g005_p000063_g004_p000031_g003_p000079_g002_p000037_g001_p000031_empty,g004_p000031_g003_p000079_g002_p000037_g001_p000031_empty,g005_d0b48cb54a4ec560_0018,63,12.0,43.0,21.0,4.16112452512607e-05,0.010516101494431496,0.0016302773728966713,0.0016302773728966713,0,False
5,g005_p000064_g004_p000031_g003_p000079_g002_p000037_g001_p000031_empty,g004_p000031_g003_p000079_g002_p000037_g001_p000031_empty,g005_d0b48cb54a4ec560_0018,64,42.0,41.0,40.0,3.641900548245758e-05,0.009444795548915863,0.0005589714273810387,0.0005589714273810387,0,False
5,g005_p000065_g004_p000031_g003_p000079_g002_p000037_g001_p000031_empty,g004_p000031_g003_p000079_g002_p000037_g001_p000031_empty,g005_d0b48cb54a4ec560_0018,65,42.0,42.0,40.0,3.641900548245758e-05,0.010477190837264061,0.0015913667157292366,0.0015913667157292366,0,False
5,g005_p000066_g004_p000031_g003_p000079_g002_p000037_g001_p000031_empty,g004_p000031_g003_p000079_g002_p000037_g001_p000031_empty,g005_d0b48cb54a4ec560_0018,66,41.0,42.0,40.0,3.641900184447877e-05,0.013495839200913906,0.004610015079379082,0.004610015079379082,0,False
5,g005_p000067_g004_p000031_g003_p000079_g002_p000037_g001_p000031_empty,g004_p000031_g003_p000079_g002_p000037_g001_p000031_empty,g005_d0b48cb54a4ec560_0018,67,41.0,41.0,40.0,3.641899456852116e-05,0.010541505180299282,0.0016556810587644577,0.0016556810587644577,0,False
5,g005_p000068_g004_p000031_g003_p000079_g002_p000037_g001_p000031_empty,g004_p000031_g003_p000079_g002_p000037_g001_p000031_empty,g005_d0b48cb54a4ec560_0018,68,10.0,41.0,22.0,3.638600173871964e-05,0.009861888363957405,0.0009760642424225807,0.0009760642424225807,0,False
5,g005_p000069_g004_p000031_g003_p000079_g002_p000037_g001_p000031_empty,g004_p000031_g003_p000079_g002_p000037_g001_p000031_empty,g005_d0b48cb54a4ec560_0018,69,10.0,42.0,22.0,3.638600173871964e-05,0.011005054228007793,0.002119230106472969,0.002119230106472969,0,False
5,g005_p000070_g004_p000031_g003_p000079_g002_p000037_g001_p000031_empty,g004_p000031_g003_p000079_g002_p000037_g001_p000031_empty,g005_d0b48cb54a4ec560_0018,70,9.0,42.0,22.0,3.6385998100740835e-05,0.012322750873863697,0.0034369267523288727,0.0034369267523288727,0,False
5,g005_p000071_g004_p000031_g003_p000079_g002_p000037_g001_p000031_empty,g004_p000031_g003_p000079_g002_p000037_g001_p000031_empty,g005_d0b48cb54a4ec560_0018,71,9.0,41.0,22.0,3.638599082478322e-05,0.010635626502335072,0.0017498023808002472,0.0017498023808002472,0,False
5,g005_p000072_g004_p000037_g003_p000028_g002_p000013_g001_p000055_empty,g004_p000037_g003_p000028_g002_p000013_g001_p000055_empty,g005_d0b48cb54a4ec560_0018,72,38.0,41.0,39.0,3.565613951650448e-05,0.011833949014544487,0.0029481248930096626,0.0029481248930096626,0,False
5,g005_p000073_g004_p000037_g003_p000028_g002_p000013_g001_p000055_empty,g004_p000037_g003_p000028_g002_p000013_g001_p000055_empty,g005_d0b48cb54a4ec560_0018,73,38.0,42.0,39.0,3.565613951650448e-05,0.011020845733582973,0.002135021612048149,0.002135021612048149,0,False
5,g005_p000074_g004_p000037_g003_p000028_g002_p000013_g001_p000055_empty,g004_p000037_g003_p000028_g002_p000013_g001_p000055_empty,g005_d0b48cb54a4ec560_0018,74,41.0,38.0,39.0,3.5656135878525674e-05,0.010212041437625885,0.0013262173160910606,0.0013262173160910606,0,False
5,g005_p000075_g004_p000037_g003_p000028_g002_p000013_g001_p000055_empty,g004_p000037_g003_p000028_g002_p000013_g001_p000055_empty,g005_d0b48cb54a4ec560_0018,75,41.0,45.0,39.0,3.5656135878525674e-05,0.011156527325510979,0.0022707032039761543,0.0022707032039761543,0,False
5,g005_p000076_g004_p000037_g003_p000028_g002_p000013_g001_p000055_empty,g004_p000037_g003_p000028_g002_p000013_g001_p000055_empty,g005_d0b48cb54a4ec560_0018,76,42.0,38.0,39.0,3.5656135878525674e-05,0.013026115484535694,0.00414029136300087,0.00414029136300087,0,False
5,g005_p000077_g004_p000037_g003_p000028_g002_p000013_g001_p000055_empty,g004_p000037_g003_p000028_g002_p000013_g001_p000055_empty,g005_d0b48cb54a4ec560_0018,77,42.0,45.0,39.0,3.5656135878525674e-05,0.010263138450682163,0.0013773143291473389,0.0013773143291473389,0,False
5,g005_p000078_g004_p000037_g003_p000028_g002_p000013_g001_p000055_empty,g004_p000037_g003_p000028_g002_p000013_g001_p000055_empty,g005_d0b48cb54a4ec560_0018,78,45.0,41.0,39.0,3.5656135878525674e-05,0.011488405987620354,0.0026025818660855293,0.0026025818660855293,0,False
5,g005_p000079_g004_p000037_g003_p000028_g002_p000013_g001_p000055_empty,g004_p000037_g003_p000028_g002_p000013_g001_p000055_empty,g005_d0b48cb54a4ec560_0018,79,45.0,42.0,39.0,3.565613224054687e-05,0.01104968786239624,0.002163863740861416,0.002163863740861416,0,False
5,g005_p000080_g004_p000037_g003_p000028_g002_p000013_g001_p000055_empty,g004_p000037_g003_p000028_g002_p000013_g001_p000055_empty,g005_d0b48cb54a4ec560_0018,80,6.0,41.0,21.0,3.563308928278275e-05,0.011103639379143715,0.0022178152576088905,0.0022178152576088905,0,False
5,g005_p000081_g004_p000037_g003_p000028_g002_p000013_g001_p000055_empty,g004_p000037_g003_p000028_g002_p000013_g001_p000055_empty,g005_d0b48cb54a4ec560_0018,81,6.0,42.0,21.0,3.563308928278275e-05,0.012162093073129654,0.0032762689515948296,0.0032762689515948296,0,False
5,g005_p000082_g004_p000037_g003_p000028_g002_p000013_g001_p000055_empty,g004_p000037_g003_p000028_g002_p000013_g001_p000055_empty,g005_d0b48cb54a4ec560_0018,82,9.0,38.0,21.0,3.563308564480394e-05,0.011091740801930428,0.002205916680395603,0.002205916680395603,0,False
5,g005_p000083_g004_p000037_g003_p000028_g002_p000013_g001_p000055_empty,g004_p000037_g003_p000028_g002_p000013_g001_p000055_empty,g005_d0b48cb54a4ec560_0018,83,9.0,45.0,21.0,3.563308564480394e-05,0.010642660781741142,0.001756836660206318,0.001756836660206318,0,False
5,g005_p000084_g004_p000043_g003_p000028_g002_p000013_g001_p000055_empty,g004_p000043_g003_p000028_g002_p000013_g001_p000055_empty,g005_d0b48cb54a4ec560_0018,84,10.0,38.0,21.0,3.563308564480394e-05,0.010681298561394215,0.0017954744398593903,0.0017954744398593903,0,False
5,g005_p000085_g004_p000043_g003_p000028_g002_p000013_g001_p000055_empty,g004_p000043_g003_p000028_g002_p000013_g001_p000055_empty,g005_d0b48cb54a4ec560_0018,85,10.0,45.0,21.0,3.563308564480394e-05,0.01379340048879385,0.004907576367259026,0.004907576367259026,0,False
5,g005_p000086_g004_p000043_g003_p000028_g002_p000013_g001_p000055_empty,g004_p000043_g003_p000028_g002_p000013_g001_p000055_empty,g005_d0b48cb54a4ec560_0018,86,13.0,41.0,21.0,3.563308564480394e-05,0.010507876984775066,0.001622052863240242,0.001622052863240242,0,False
5,g005_p000087_g004_p000043_g003_p000028_g002_p000013_g001_p000055_empty,g004_p000043_g003_p000028_g002_p000013_g001_p000055_empty,g005_d0b48cb54a4ec560_0018,87,13.0,42.0,21.0,3.5633082006825134e-05,0.011924301274120808,0.0030384771525859833,0.0030384771525859833,0,False
5,g005_p000088_g004_p000043_g003_p000028_g002_p000013_g001_p000055_empty,g004_p000043_g003_p000028_g002_p000013_g001_p000055_empty,g005_d0b48cb54a4ec560_0018,88,39.0,39.0,39.0,3.508279405650683e-05,0.012419919483363628,0.003534095361828804,0.003534095361828804,0,False
5,g005_p000089_g004_p000043_g003_p000028_g002_p000013_g001_p000055_empty,g004_p000043_g003_p000028_g002_p000013_g001_p000055_empty,g005_d0b48cb54a4ec560_0018,89,39.0,44.0,39.0,3.508279041852802e-05,0.00994959007948637,0.0010637659579515457,0.0010637659579515457,0,False
5,g005_p000090_g004_p000043_g003_p000028_g002_p000013_g001_p000055_empty,g004_p000043_g003_p000028_g002_p000013_g001_p000055_empty,g005_d0b48cb54a4ec560_0018,90,44.0,39.0,39.0,3.508279041852802e-05,0.011891953647136688,0.003006129525601864,0.003006129525601864,0,False
5,g005_p000091_g004_p000043_g003_p000028_g002_p000013_g001_p000055_empty,g004_p000043_g003_p000028_g002_p000013_g001_p000055_empty,g005_d0b48cb54a4ec560_0018,91,44.0,44.0,39.0,3.508279041852802e-05,0.012113471515476704,0.0032276473939418793,0.0032276473939418793,0,False
5,g005_p000092_g004_p000043_g003_p000028_g002_p000013_g001_p000055_empty,g004_p000043_g003_p000028_g002_p000013_g001_p000055_empty,g005_d0b48cb54a4ec560_0018,92,7.0,39.0,21.0,3.5060267691733316e-05,0.01373317837715149,0.004847354255616665,0.004847354255616665,0,False
5,g005_p000093_g004_p000043_g003_p000028_g002_p000013_g001_p000055_empty,g004_p000043_g003_p000028_g002_p000013_g001_p000055_empty,g005_d0b48cb54a4ec560_0018,93,7.0,44.0,21.0,3.506026405375451e-05,0.011390290223062038,0.002504466101527214,0.002504466101527214,0,False
5,g005_p000094_g004_p000043_g003_p000028_g002_p000013_g001_p000055_empty,g004_p000043_g003_p000028_g002_p000013_g001_p000055_empty,g005_d0b48cb54a4ec560_0018,94,12.0,39.0,21.0,3.506026405375451e-05,0.010544544085860252,0.001658719964325428,0.001658719964325428,0,False
5,g005_p000095_g004_p000043_g003_p000028_g002_p000013_g001_p000055_empty,g004_p000043_g003_p000028_g002_p000013_g001_p000055_empty,g005_d0b48cb54a4ec560_0018,95,12.0,44.0,21.0,3.506026405375451e-05,0.011563031934201717,0.002677207812666893,0.002677207812666893,0,False
6,g006_p000000_g005_p000064_g004_p000031_g003_p000079_g002_p000037_g001_p000031_empty,g005_p000064_g004_p000031_g003_p000079_g002_p000037_g001_p000031_empty,g006_1f35c971158631cc_0019,0,40.0,41.0,39.0,6.277723878156394e-05,0.010543569922447205,0.0010987743735313416,0.0016577458009123802,0,False
6,g006_p000006_g005_p000064_g004_p000031_g003_p000079_g002_p000037_g001_p000031_empty,g005_p000064_g004_p000031_g003_p000079_g002_p000037_g001_p000031_empty,g006_1f35c971158631cc_0019,1,9.0,41.0,21.0,6.169795233290642e-05,0.011069667525589466,0.001624871976673603,0.0021838434040546417,0,False
6,g006_p000012_g005_p000000_g004_p000001_g003_p000012_g002_p000007_g001_p000058_empty,g005_p000000_g004_p000001_g003_p000012_g002_p000007_g001_p000058_empty,g006_00abfda4dec82648_0020,0,9.0,41.0,21.0,6.169795233290642e-05,0.012209201231598854,0.0025078877806663513,0.0033233771100640297,0,False
6,g006_p000018_g005_p000000_g004_p000001_g003_p000012_g002_p000007_g001_p000058_empty,g005_p000000_g004_p000001_g003_p000012_g002_p000007_g001_p000058_empty,g006_00abfda4dec82648_0020,1,9.0,42.0,21.0,6.169795233290642e-05,0.012453045696020126,0.0027517322450876236,0.003567221574485302,0,False
6,g006_p000024_g005_p000015_g004_p000007_g003_p000012_g002_p000007_g001_p000058_empty,g005_p000015_g004_p000007_g003_p000012_g002_p000007_g001_p000058_empty,g006_3bd0731246998d1b_0021,0,9.0,41.0,21.0,6.169795233290642e-05,0.01127477828413248,0.0015139812603592873,0.0023889541625976562,0,False
6,g006_p000030_g005_p000015_g004_p000007_g003_p000012_g002_p000007_g001_p000058_empty,g005_p000015_g004_p000007_g003_p000012_g002_p000007_g001_p000058_empty,g006_3bd0731246998d1b_0021,1,9.0,42.0,21.0,6.169795233290642e-05,0.011679556220769882,0.0019187591969966888,0.002793732099235058,0,False
6,g006_p000036_g005_p000068_g004_p000031_g003_p000079_g002_p000037_g001_p000031_empty,g005_p000068_g004_p000031_g003_p000079_g002_p000037_g001_p000031_empty,g006_33c6bb684cfd1940_0022,0,41.0,41.0,39.0,6.173095607664436e-05,0.011532198637723923,0.0016703102737665176,0.0026463745161890984,0,False
6,g006_p000042_g005_p000068_g004_p000031_g003_p000079_g002_p000037_g001_p000031_empty,g005_p000068_g004_p000031_g003_p000079_g002_p000037_g001_p000031_empty,g006_33c6bb684cfd1940_0022,1,41.0,42.0,39.0,6.173095607664436e-05,0.012352670542895794,0.002490782178938389,0.0034668464213609695,0,False
6,g006_p000048_g005_p000089_g004_p000043_g003_p000028_g002_p000013_g001_p000055_empty,g005_p000089_g004_p000043_g003_p000028_g002_p000013_g001_p000055_empty,g006_b34ed29bf366cefe_0023,0,9.0,41.0,21.0,6.169795233290642e-05,0.011624092236161232,0.001674502156674862,0.0027382681146264076,0,False
6,g006_p000054_g005_p000089_g004_p000043_g003_p000028_g002_p000013_g001_p000055_empty,g005_p000089_g004_p000043_g003_p000028_g002_p000013_g001_p000055_empty,g006_b34ed29bf366cefe_0023,1,9.0,42.0,21.0,6.169795233290642e-05,0.011519753374159336,0.001570163294672966,0.0026339292526245117,0,False
6,g006_p000060_g005_p000018_g004_p000007_g003_p000012_g002_p000007_g001_p000058_empty,g005_p000018_g004_p000007_g003_p000012_g002_p000007_g001_p000058_empty,g006_10745eb1452a8283_0024,0,41.0,41.0,39.0,6.173095607664436e-05,0.011396382004022598,0.0013153795152902603,0.002510557882487774,0,False
6,g006_p000066_g005_p000018_g004_p000007_g003_p000012_g002_p000007_g001_p000058_empty,g005_p000018_g004_p000007_g003_p000012_g002_p000007_g001_p000058_empty,g006_10745eb1452a8283_0024,1,41.0,42.0,39.0,6.173095607664436e-05,0.012018893845379353,0.0019378913566470146,0.003133069723844528,0,False
6,g006_p000072_g005_p000004_g004_p000001_g003_p000012_g002_p000007_g001_p000058_empty,g005_p000004_g004_p000001_g003_p000012_g002_p000007_g001_p000058_empty,g006_ded3305a56503333_0025,0,41.0,41.0,39.0,6.173095607664436e-05,0.011518606916069984,0.0014201467856764793,0.00263278279453516,0,False
6,g006_p000078_g005_p000004_g004_p000001_g003_p000012_g002_p000007_g001_p000058_empty,g005_p000004_g004_p000001_g003_p000012_g002_p000007_g001_p000058_empty,g006_ded3305a56503333_0025,1,41.0,42.0,39.0,6.173095607664436e-05,0.014082793146371841,0.003984333015978336,0.005196969024837017,0,False
6,g006_p000084_g005_p000058_g004_p000025_g003_p000079_g002_p000037_g001_p000031_empty,g005_p000058_g004_p000025_g003_p000079_g002_p000037_g001_p000031_empty,g006_ad2e40ec11883e96_0026,0,41.0,41.0,39.0,6.173095607664436e-05,0.0122304642572999,0.0021211206912994385,0.0033446401357650757,0,False
6,g006_p000090_g005_p000058_g004_p000025_g003_p000079_g002_p000037_g001_p000031_empty,g005_p000058_g004_p000025_g003_p000079_g002_p000037_g001_p000031_empty,g006_ad2e40ec11883e96_0026,1,41.0,42.0,39.0,6.173095607664436e-05,0.011071191169321537,0.0009618476033210754,0.0021853670477867126,0,False
7,g007_p000000_g006_p000001_g005_p000064_g004_p000031_g003_p000079_g002_p000037_g001_p000031_empty,g006_p000001_g005_p000064_g004_p000031_g003_p000079_g002_p000037_g001_p000031_empty,g007_ebb62826cfee6601_0027,0,41.0,41.0,39.0,6.173095607664436e-05,0.010904813185334206,0.0020189890637993813,0.0020189890637993813,0,False
7,g007_p000001_g006_p000001_g005_p000064_g004_p000031_g003_p000079_g002_p000037_g001_p000031_empty,g006_p000001_g005_p000064_g004_p000031_g003_p000079_g002_p000037_g001_p000031_empty,g007_ebb62826cfee6601_0027,1,41.0,42.0,39.0,6.173095607664436e-05,0.010909278877079487,0.0020234547555446625,0.0020234547555446625,0,False
7,g007_p000002_g006_p000001_g005_p000064_g004_p000031_g003_p000079_g002_p000037_g001_p000031_empty,g006_p000001_g005_p000064_g004_p000031_g003_p000079_g002_p000037_g001_p000031_empty,g007_ebb62826cfee6601_0027,2,42.0,41.0,39.0,6.173095607664436e-05,0.011439519934356213,0.0025536958128213882,0.0025536958128213882,0,False
7,g007_p000003_g006_p000001_g005_p000064_g004_p000031_g003_p000079_g002_p000037_g001_p000031_empty,g006_p000001_g005_p000064_g004_p000031_g003_p000079_g002_p000037_g001_p000031_empty,g007_ebb62826cfee6601_0027,3,42.0,42.0,39.0,6.173094880068675e-05,0.012877767905592918,0.003991943784058094,0.003991943784058094,0,False
7,g007_p000004_g006_p000001_g005_p000064_g004_p000031_g003_p000079_g002_p000037_g001_p000031_empty,g006_p000001_g005_p000064_g004_p000031_g003_p000079_g002_p000037_g001_p000031_empty,g007_ebb62826cfee6601_0027,4,9.0,41.0,21.0,6.169795233290642e-05,0.012955628335475922,0.004069804213941097,0.004069804213941097,0,False
7,g007_p000005_g006_p000001_g005_p000064_g004_p000031_g003_p000079_g002_p000037_g001_p000031_empty,g006_p000001_g005_p000064_g004_p000031_g003_p000079_g002_p000037_g001_p000031_empty,g007_ebb62826cfee6601_0027,5,9.0,42.0,21.0,6.169795233290642e-05,0.01063520461320877,0.0017493804916739464,0.0017493804916739464,0,False
7,g007_p000006_g006_p000001_g005_p000064_g004_p000031_g003_p000079_g002_p000037_g001_p000031_empty,g006_p000001_g005_p000064_g004_p000031_g003_p000079_g002_p000037_g001_p000031_empty,g007_ebb62826cfee6601_0027,6,10.0,41.0,21.0,6.169795233290642e-05,0.010370579548180103,0.001484755426645279,0.001484755426645279,0,False
7,g007_p000007_g006_p000001_g005_p000064_g004_p000031_g003_p000079_g002_p000037_g001_p000031_empty,g006_p000001_g005_p000064_g004_p000031_g003_p000079_g002_p000037_g001_p000031_empty,g007_ebb62826cfee6601_0027,7,10.0,42.0,21.0,6.169794505694881e-05,0.01015377789735794,0.0012679537758231163,0.0012679537758231163,0,False
7,g007_p000008_g006_p000001_g005_p000064_g004_p000031_g003_p000079_g002_p000037_g001_p000031_empty,g006_p000001_g005_p000064_g004_p000031_g003_p000079_g002_p000037_g001_p000031_empty,g007_ebb62826cfee6601_0027,8,40.0,41.0,39.0,5.569587301579304e-05,0.010871561244130135,0.00198573712259531,0.00198573712259531,0,False
7,g007_p000009_g006_p000001_g005_p000064_g004_p000031_g003_p000079_g002_p000037_g001_p000031_empty,g006_p000001_g005_p000064_g004_p000031_g003_p000079_g002_p000037_g001_p000031_empty,g007_ebb62826cfee6601_0027,9,40.0,42.0,39.0,5.569587301579304e-05,0.012236669659614563,0.0033508455380797386,0.0033508455380797386,0,False
7,g007_p000010_g006_p000001_g005_p000064_g004_p000031_g003_p000079_g002_p000037_g001_p000031_empty,g006_p000001_g005_p000064_g004_p000031_g003_p000079_g002_p000037_g001_p000031_empty,g007_ebb62826cfee6601_0027,10,41.0,40.0,39.0,5.569587301579304e-05,0.011658428236842155,0.002772604115307331,0.002772604115307331,0,False
7,g007_p000011_g006_p000001_g005_p000064_g004_p000031_g003_p000079_g002_p000037_g001_p000031_empty,g006_p000001_g005_p000064_g004_p000031_g003_p000079_g002_p000037_g001_p000031_empty,g007_ebb62826cfee6601_0027,11,41.0,43.0,39.0,5.569587301579304e-05,0.0115665839985013,0.0026807598769664764,0.0026807598769664764,0,False
7,g007_p000012_g006_p000007_g005_p000064_g004_p000031_g003_p000079_g002_p000037_g001_p000031_empty,g006_p000007_g005_p000064_g004_p000031_g003_p000079_g002_p000037_g001_p000031_empty,g007_ebb62826cfee6601_0027,12,42.0,40.0,39.0,5.569586937781423e-05,0.01212131604552269,0.0032354919239878654,0.0032354919239878654,0,False
7,g007_p000013_g006_p000007_g005_p000064_g004_p000031_g003_p000079_g002_p000037_g001_p000031_empty,g006_p000007_g005_p000064_g004_p000031_g003_p000079_g002_p000037_g001_p000031_empty,g007_ebb62826cfee6601_0027,13,42.0,43.0,39.0,5.569586937781423e-05,0.012204165570437908,0.003318341448903084,0.003318341448903084,0,False
7,g007_p000014_g006_p000007_g005_p000064_g004_p000031_g003_p000079_g002_p000037_g001_p000031_empty,g006_p000007_g005_p000064_g004_p000031_g003_p000079_g002_p000037_g001_p000031_empty,g007_ebb62826cfee6601_0027,14,43.0,41.0,39.0,5.569586937781423e-05,0.011047586798667908,0.0021617626771330833,0.0021617626771330833,0,False
7,g007_p000015_g006_p000007_g005_p000064_g004_p000031_g003_p000079_g002_p000037_g001_p000031_empty,g006_p000007_g005_p000064_g004_p000031_g003_p000079_g002_p000037_g001_p000031_empty,g007_ebb62826cfee6601_0027,15,43.0,42.0,39.0,5.5695865739835426e-05,0.012263799086213112,0.0033779749646782875,0.0033779749646782875,0,False
7,g007_p000016_g006_p000007_g005_p000064_g004_p000031_g003_p000079_g002_p000037_g001_p000031_empty,g006_p000007_g005_p000064_g004_p000031_g003_p000079_g002_p000037_g001_p000031_empty,g007_ebb62826cfee6601_0027,16,8.0,41.0,21.0,5.566444087889977e-05,0.011857354082167149,0.0029715299606323242,0.0029715299606323242,0,False
7,g007_p000017_g006_p000007_g005_p000064_g004_p000031_g003_p000079_g002_p000037_g001_p000031_empty,g006_p000007_g005_p000064_g004_p000031_g003_p000079_g002_p000037_g001_p000031_empty,g007_ebb62826cfee6601_0027,17,8.0,42.0,21.0,5.566444087889977e-05,0.01030360534787178,0.001417781226336956,0.001417781226336956,0,False
7,g007_p000018_g006_p000007_g005_p000064_g004_p000031_g003_p000079_g002_p000037_g001_p000031_empty,g006_p000007_g005_p000064_g004_p000031_g003_p000079_g002_p000037_g001_p000031_empty,g007_ebb62826cfee6601_0027,18,9.0,40.0,21.0,5.566444087889977e-05,0.011613117530941963,0.002727293409407139,0.002727293409407139,0,False
7,g007_p000019_g006_p000007_g005_p000064_g004_p000031_g003_p000079_g002_p000037_g001_p000031_empty,g006_p000007_g005_p000064_g004_p000031_g003_p000079_g002_p000037_g001_p000031_empty,g007_ebb62826cfee6601_0027,19,9.0,43.0,21.0,5.566444087889977e-05,0.012398246675729752,0.003512422554194927,0.003512422554194927,0,False
7,g007_p000020_g006_p000007_g005_p000064_g004_p000031_g003_p000079_g002_p000037_g001_p000031_empty,g006_p000007_g005_p000064_g004_p000031_g003_p000079_g002_p000037_g001_p000031_empty,g007_ebb62826cfee6601_0027,20,10.0,40.0,21.0,5.566443724092096e-05,0.01327122189104557,0.004385397769510746,0.004385397769510746,0,False
7,g007_p000021_g006_p000007_g005_p000064_g004_p000031_g003_p000079_g002_p000037_g001_p000031_empty,g006_p000007_g005_p000064_g004_p000031_g003_p000079_g002_p000037_g001_p000031_empty,g007_ebb62826cfee6601_0027,21,10.0,43.0,21.0,5.566443724092096e-05,0.011315880343317986,0.002430056221783161,0.002430056221783161,0,False
7,g007_p000022_g006_p000007_g005_p000064_g004_p000031_g003_p000079_g002_p000037_g001_p000031_empty,g006_p000007_g005_p000064_g004_p000031_g003_p000079_g002_p000037_g001_p000031_empty,g007_ebb62826cfee6601_0027,22,11.0,41.0,21.0,5.566443724092096e-05,0.01061417255550623,0.001728348433971405,0.001728348433971405,0,False
7,g007_p000023_g006_p000007_g005_p000064_g004_p000031_g003_p000079_g002_p000037_g001_p000031_empty,g006_p000007_g005_p000064_g004_p000031_g003_p000079_g002_p000037_g001_p000031_empty,g007_ebb62826cfee6601_0027,23,11.0,42.0,21.0,5.5664433602942154e-05,0.009961345233023167,0.0010755211114883423,0.0010755211114883423,0,False
7,g007_p000024_g006_p000013_g005_p000000_g004_p000001_g003_p000012_g002_p000007_g001_p000058_empty,g006_p000013_g005_p000000_g004_p000001_g003_p000012_g002_p000007_g001_p000058_empty,g007_ebb62826cfee6601_0027,24,40.0,40.0,39.0,4.9821788707049564e-05,0.011172310449182987,0.002286486327648163,0.002286486327648163,0,False
7,g007_p000025_g006_p000013_g005_p000000_g004_p000001_g003_p000012_g002_p000007_g001_p000058_empty,g006_p000013_g005_p000000_g004_p000001_g003_p000012_g002_p000007_g001_p000058_empty,g007_ebb62826cfee6601_0027,25,40.0,43.0,39.0,4.9821788707049564e-05,0.010587886907160282,0.0017020627856254578,0.0017020627856254578,0,False
7,g007_p000026_g006_p000013_g005_p000000_g004_p000001_g003_p000012_g002_p000007_g001_p000058_empty,g006_p000013_g005_p000000_g004_p000001_g003_p000012_g002_p000007_g001_p000058_empty,g007_ebb62826cfee6601_0027,26,43.0,40.0,39.0,4.9821785069070756e-05,0.01165703497827053,0.0027712108567357063,0.0027712108567357063,0,False
7,g007_p000027_g006_p000013_g005_p000000_g004_p000001_g003_p000012_g002_p000007_g001_p000058_empty,g006_p000013_g005_p000000_g004_p000001_g003_p000012_g002_p000007_g001_p000058_empty,g007_ebb62826cfee6601_0027,27,43.0,43.0,39.0,4.9821785069070756e-05,0.010659703053534031,0.0017738789319992065,0.0017738789319992065,0,False
7,g007_p000028_g006_p000013_g005_p000000_g004_p000001_g003_p000012_g002_p000007_g001_p000058_empty,g006_p000013_g005_p000000_g004_p000001_g003_p000012_g002_p000007_g001_p000058_empty,g007_ebb62826cfee6601_0027,28,8.0,40.0,21.0,4.9791404308052734e-05,0.010884071700274944,0.00199824757874012,0.00199824757874012,0,False
7,g007_p000029_g006_p000013_g005_p000000_g004_p000001_g003_p000012_g002_p000007_g001_p000058_empty,g006_p000013_g005_p000000_g004_p000001_g003_p000012_g002_p000007_g001_p000058_empty,g007_ebb62826cfee6601_0027,29,8.0,43.0,21.0,4.9791404308052734e-05,0.01065747905522585,0.0017716549336910248,0.0017716549336910248,0,False
7,g007_p000030_g006_p000013_g005_p000000_g004_p000001_g003_p000012_g002_p000007_g001_p000058_empty,g006_p000013_g005_p000000_g004_p000001_g003_p000012_g002_p000007_g001_p000058_empty,g007_ebb62826cfee6601_0027,30,11.0,40.0,21.0,4.9791400670073926e-05,0.010875411331653595,0.0019895872101187706,0.0019895872101187706,0,False
7,g007_p000031_g006_p000013_g005_p000000_g004_p000001_g003_p000012_g002_p000007_g001_p000058_empty,g006_p000013_g005_p000000_g004_p000001_g003_p000012_g002_p000007_g001_p000058_empty,g007_ebb62826cfee6601_0027,31,11.0,43.0,21.0,4.9791400670073926e-05,0.012088815681636333,0.003202991560101509,0.003202991560101509,0,False
7,g007_p000032_g006_p000013_g005_p000000_g004_p000001_g003_p000012_g002_p000007_g001_p000058_empty,g006_p000013_g005_p000000_g004_p000001_g003_p000012_g002_p000007_g001_p000058_empty,g007_ebb62826cfee6601_0027,32,39.0,41.0,39.0,4.7225028538377956e-05,0.011208483949303627,0.0023226598277688026,0.0023226598277688026,0,False
7,g007_p000033_g006_p000013_g005_p000000_g004_p000001_g003_p000012_g002_p000007_g001_p000058_empty,g006_p000013_g005_p000000_g004_p000001_g003_p000012_g002_p000007_g001_p000058_empty,g007_ebb62826cfee6601_0027,33,39.0,42.0,39.0,4.7225028538377956e-05,0.010589433833956718,0.001703609712421894,0.001703609712421894,0,False
7,g007_p000034_g006_p000013_g005_p000000_g004_p000001_g003_p000012_g002_p000007_g001_p000058_empty,g006_p000013_g005_p000000_g004_p000001_g003_p000012_g002_p000007_g001_p000058_empty,g007_ebb62826cfee6601_0027,34,41.0,39.0,39.0,4.7225028538377956e-05,0.010971196927130222,0.002085372805595398,0.002085372805595398,0,False
7,g007_p000035_g006_p000013_g005_p000000_g004_p000001_g003_p000012_g002_p000007_g001_p000058_empty,g006_p000013_g005_p000000_g004_p000001_g003_p000012_g002_p000007_g001_p000058_empty,g007_ebb62826cfee6601_0027,35,41.0,44.0,39.0,4.7225028538377956e-05,0.010740282014012337,0.0018544578924775124,0.0018544578924775124,0,False
7,g007_p000036_g006_p000019_g005_p000000_g004_p000001_g003_p000012_g002_p000007_g001_p000058_empty,g006_p000019_g005_p000000_g004_p000001_g003_p000012_g002_p000007_g001_p000058_empty,g007_ebb62826cfee6601_0027,36,42.0,39.0,39.0,4.722502490039915e-05,0.0136482585221529,0.004762434400618076,0.004762434400618076,0,False
7,g007_p000037_g006_p000019_g005_p000000_g004_p000001_g003_p000012_g002_p000007_g001_p000058_empty,g006_p000019_g005_p000000_g004_p000001_g003_p000012_g002_p000007_g001_p000058_empty,g007_ebb62826cfee6601_0027,37,42.0,44.0,39.0,4.722502490039915e-05,0.011581400409340858,0.002695576287806034,0.002695576287806034,0,False
7,g007_p000038_g006_p000019_g005_p000000_g004_p000001_g003_p000012_g002_p000007_g001_p000058_empty,g006_p000019_g005_p000000_g004_p000001_g003_p000012_g002_p000007_g001_p000058_empty,g007_ebb62826cfee6601_0027,38,44.0,41.0,39.0,4.722502490039915e-05,0.010353442281484604,0.0014676181599497795,0.0014676181599497795,0,False
7,g007_p000039_g006_p000019_g005_p000000_g004_p000001_g003_p000012_g002_p000007_g001_p000058_empty,g006_p000019_g005_p000000_g004_p000001_g003_p000012_g002_p000007_g001_p000058_empty,g007_ebb62826cfee6601_0027,39,44.0,42.0,39.0,4.722502126242034e-05,0.011613716371357441,0.0027278922498226166,0.0027278922498226166,0,False
7,g007_p000040_g006_p000019_g005_p000000_g004_p000001_g003_p000012_g002_p000007_g001_p000058_empty,g006_p000019_g005_p000000_g004_p000001_g003_p000012_g002_p000007_g001_p000058_empty,g007_ebb62826cfee6601_0027,40,7.0,41.0,21.0,4.719778735307045e-05,0.012410806491971016,0.0035249823704361916,0.0035249823704361916,0,False
7,g007_p000041_g006_p000019_g005_p000000_g004_p000001_g003_p000012_g002_p000007_g001_p000058_empty,g006_p000019_g005_p000000_g004_p000001_g003_p000012_g002_p000007_g001_p000058_empty,g007_ebb62826cfee6601_0027,41,7.0,42.0,21.0,4.719778735307045e-05,0.011802508495748043,0.0029166843742132187,0.0029166843742132187,0,False
7,g007_p000042_g006_p000019_g005_p000000_g004_p000001_g003_p000012_g002_p000007_g001_p000058_empty,g006_p000019_g005_p000000_g004_p000001_g003_p000012_g002_p000007_g001_p000058_empty,g007_ebb62826cfee6601_0027,42,9.0,39.0,21.0,4.719778735307045e-05,0.012408465147018433,0.0035226410254836082,0.0035226410254836082,0,False
7,g007_p000043_g006_p000019_g005_p000000_g004_p000001_g003_p000012_g002_p000007_g001_p000058_empty,g006_p000019_g005_p000000_g004_p000001_g003_p000012_g002_p000007_g001_p000058_empty,g007_ebb62826cfee6601_0027,43,9.0,44.0,21.0,4.719778735307045e-05,0.010277003981173038,0.0013911798596382141,0.0013911798596382141,0,False
7,g007_p000044_g006_p000019_g005_p000000_g004_p000001_g003_p000012_g002_p000007_g001_p000058_empty,g006_p000019_g005_p000000_g004_p000001_g003_p000012_g002_p000007_g001_p000058_empty,g007_ebb62826cfee6601_0027,44,10.0,39.0,21.0,4.7197783715091646e-05,0.01236069668084383,0.0034748725593090057,0.0034748725593090057,0,False
7,g007_p000045_g006_p000019_g005_p000000_g004_p000001_g003_p000012_g002_p000007_g001_p000058_empty,g006_p000019_g005_p000000_g004_p000001_g003_p000012_g002_p000007_g001_p000058_empty,g007_ebb62826cfee6601_0027,45,10.0,44.0,21.0,4.7197783715091646e-05,0.012159574776887894,0.0032737506553530693,0.0032737506553530693,0,False
7,g007_p000046_g006_p000019_g005_p000000_g004_p000001_g003_p000012_g002_p000007_g001_p000058_empty,g006_p000019_g005_p000000_g004_p000001_g003_p000012_g002_p000007_g001_p000058_empty,g007_ebb62826cfee6601_0027,46,12.0,41.0,21.0,4.7197783715091646e-05,0.013137910515069962,0.004252086393535137,0.004252086393535137,0,False
7,g007_p000047_g006_p000019_g005_p000000_g004_p000001_g003_p000012_g002_p000007_g001_p000058_empty,g006_p000019_g005_p000000_g004_p000001_g003_p000012_g002_p000007_g001_p000058_empty,g007_ebb62826cfee6601_0027,47,12.0,42.0,21.0,4.719778007711284e-05,0.010246089659631252,0.001360265538096428,0.001360265538096428,0,False
7,g007_p000048_g006_p000025_g005_p000015_g004_p000007_g003_p000012_g002_p000007_g001_p000058_empty,g006_p000025_g005_p000015_g004_p000007_g003_p000012_g002_p000007_g001_p000058_empty,g007_ebb62826cfee6601_0027,48,39.0,40.0,39.0,4.1637442336650565e-05,0.012304090894758701,0.003418266773223877,0.003418266773223877,0,False
7,g007_p000049_g006_p000025_g005_p000015_g004_p000007_g003_p000012_g002_p000007_g001_p000058_empty,g006_p000025_g005_p000015_g004_p000007_g003_p000012_g002_p000007_g001_p000058_empty,g007_ebb62826cfee6601_0027,49,39.0,43.0,39.0,4.1637442336650565e-05,0.010966187343001366,0.0020803632214665413,0.0020803632214665413,0,False
7,g007_p000050_g006_p000025_g005_p000015_g004_p000007_g003_p000012_g002_p000007_g001_p000058_empty,g006_p000025_g005_p000015_g004_p000007_g003_p000012_g002_p000007_g001_p000058_empty,g007_ebb62826cfee6601_0027,50,40.0,39.0,39.0,4.1637442336650565e-05,0.011211912147700787,0.0023260880261659622,0.0023260880261659622,0,False
7,g007_p000051_g006_p000025_g005_p000015_g004_p000007_g003_p000012_g002_p000007_g001_p000058_empty,g006_p000025_g005_p000015_g004_p000007_g003_p000012_g002_p000007_g001_p000058_empty,g007_ebb62826cfee6601_0027,51,40.0,44.0,39.0,4.1637442336650565e-05,0.010823272168636322,0.0019374480471014977,0.0019374480471014977,0,False
7,g007_p000052_g006_p000025_g005_p000015_g004_p000007_g003_p000012_g002_p000007_g001_p000058_empty,g006_p000025_g005_p000015_g004_p000007_g003_p000012_g002_p000007_g001_p000058_empty,g007_ebb62826cfee6601_0027,52,43.0,39.0,39.0,4.163743869867176e-05,0.010760411620140076,0.0018745874986052513,0.0018745874986052513,0,False
7,g007_p000053_g006_p000025_g005_p000015_g004_p000007_g003_p000012_g002_p000007_g001_p000058_empty,g006_p000025_g005_p000015_g004_p000007_g003_p000012_g002_p000007_g001_p000058_empty,g007_ebb62826cfee6601_0027,53,43.0,44.0,39.0,4.163743869867176e-05,0.011734158731997013,0.0028483346104621887,0.0028483346104621887,0,False
7,g007_p000054_g006_p000025_g005_p000015_g004_p000007_g003_p000012_g002_p000007_g001_p000058_empty,g006_p000025_g005_p000015_g004_p000007_g003_p000012_g002_p000007_g001_p000058_empty,g007_ebb62826cfee6601_0027,54,44.0,40.0,39.0,4.163743869867176e-05,0.011590243317186832,0.002704419195652008,0.002704419195652008,0,False
7,g007_p000055_g006_p000025_g005_p000015_g004_p000007_g003_p000012_g002_p000007_g001_p000058_empty,g006_p000025_g005_p000015_g004_p000007_g003_p000012_g002_p000007_g001_p000058_empty,g007_ebb62826cfee6601_0027,55,44.0,43.0,39.0,4.163743869867176e-05,0.013906072825193405,0.005020248703658581,0.005020248703658581,0,False
7,g007_p000056_g006_p000025_g005_p000015_g004_p000007_g003_p000012_g002_p000007_g001_p000058_empty,g006_p000025_g005_p000015_g004_p000007_g003_p000012_g002_p000007_g001_p000058_empty,g007_ebb62826cfee6601_0027,56,7.0,40.0,21.0,4.1611248889239505e-05,0.01043759100139141,0.0015517668798565865,0.0015517668798565865,0,False
7,g007_p000057_g006_p000025_g005_p000015_g004_p000007_g003_p000012_g002_p000007_g001_p000058_empty,g006_p000025_g005_p000015_g004_p000007_g003_p000012_g002_p000007_g001_p000058_empty,g007_ebb62826cfee6601_0027,57,7.0,43.0,21.0,4.1611248889239505e-05,0.01119923684746027,0.0023134127259254456,0.0023134127259254456,0,False
7,g007_p000058_g006_p000025_g005_p000015_g004_p000007_g003_p000012_g002_p000007_g001_p000058_empty,g006_p000025_g005_p000015_g004_p000007_g003_p000012_g002_p000007_g001_p000058_empty,g007_ebb62826cfee6601_0027,58,8.0,39.0,21.0,4.1611248889239505e-05,0.010060298256576061,0.0011744741350412369,0.0011744741350412369,0,False
7,g007_p000059_g006_p000025_g005_p000015_g004_p000007_g003_p000012_g002_p000007_g001_p000058_empty,g006_p000025_g005_p000015_g004_p000007_g003_p000012_g002_p000007_g001_p000058_empty,g007_ebb62826cfee6601_0027,59,8.0,44.0,21.0,4.1611248889239505e-05,0.012135118246078491,0.003249294124543667,0.003249294124543667,0,False
7,g007_p000060_g006_p000031_g005_p000015_g004_p000007_g003_p000012_g002_p000007_g001_p000058_empty,g006_p000031_g005_p000015_g004_p000007_g003_p000012_g002_p000007_g001_p000058_empty,g007_ebb62826cfee6601_0027,60,11.0,39.0,21.0,4.16112452512607e-05,0.010751412250101566,0.001865588128566742,0.001865588128566742,0,False
7,g007_p000061_g006_p000031_g005_p000015_g004_p000007_g003_p000012_g002_p000007_g001_p000058_empty,g006_p000031_g005_p000015_g004_p000007_g003_p000012_g002_p000007_g001_p000058_empty,g007_ebb62826cfee6601_0027,61,11.0,44.0,21.0,4.16112452512607e-05,0.011590276844799519,0.002704452723264694,0.002704452723264694,0,False
7,g007_p000062_g006_p000031_g005_p000015_g004_p000007_g003_p000012_g002_p000007_g001_p000058_empty,g006_p000031_g005_p000015_g004_p000007_g003_p000012_g002_p000007_g001_p000058_empty,g007_ebb62826cfee6601_0027,62,12.0,40.0,21.0,4.16112452512607e-05,0.012253065593540668,0.003367241472005844,0.003367241472005844,0,False
7,g007_p000063_g006_p000031_g005_p000015_g004_p000007_g003_p000012_g002_p000007_g001_p000058_empty,g006_p000031_g005_p000015_g004_p000007_g003_p000012_g002_p000007_g001_p000058_empty,g007_ebb62826cfee6601_0027,63,12.0,43.0,21.0,4.16112452512607e-05,0.010097780264914036,0.0012119561433792114,0.0012119561433792114,0,False
7,g007_p000064_g006_p000031_g005_p000015_g004_p000007_g003_p000012_g002_p000007_g001_p000058_empty,g006_p000031_g005_p000015_g004_p000007_g003_p000012_g002_p000007_g001_p000058_empty,g007_ebb62826cfee6601_0027,64,42.0,41.0,40.0,3.641900548245758e-05,0.011930534616112709,0.0030447104945778847,0.0030447104945778847,0,False
7,g007_p000065_g006_p000031_g005_p000015_g004_p000007_g003_p000012_g002_p000007_g001_p000058_empty,g006_p000031_g005_p000015_g004_p000007_g003_p000012_g002_p000007_g001_p000058_empty,g007_ebb62826cfee6601_0027,65,42.0,42.0,40.0,3.641900548245758e-05,0.012179535813629627,0.003293711692094803,0.003293711692094803,0,False
7,g007_p000066_g006_p000031_g005_p000015_g004_p000007_g003_p000012_g002_p000007_g001_p000058_empty,g006_p000031_g005_p000015_g004_p000007_g003_p000012_g002_p000007_g001_p000058_empty,g007_ebb62826cfee6601_0027,66,41.0,42.0,40.0,3.641900184447877e-05,0.012433611787855625,0.0035477876663208008,0.0035477876663208008,0,False
7,g007_p000067_g006_p000031_g005_p000015_g004_p000007_g003_p000012_g002_p000007_g001_p000058_empty,g006_p000031_g005_p000015_g004_p000007_g003_p000012_g002_p000007_g001_p000058_empty,g007_ebb62826cfee6601_0027,67,41.0,41.0,40.0,3.641899456852116e-05,0.010490847751498222,0.001605023629963398,0.001605023629963398,0,False
7,g007_p000068_g006_p000031_g005_p000015_g004_p000007_g003_p000012_g002_p000007_g001_p000058_empty,g006_p000031_g005_p000015_g004_p000007_g003_p000012_g002_p000007_g001_p000058_empty,g007_ebb62826cfee6601_0027,68,10.0,41.0,22.0,3.638600173871964e-05,0.010184449143707752,0.0012986250221729279,0.0012986250221729279,0,False
7,g007_p000069_g006_p000031_g005_p000015_g004_p000007_g003_p000012_g002_p000007_g001_p000058_empty,g006_p000031_g005_p000015_g004_p000007_g003_p000012_g002_p000007_g001_p000058_empty,g007_ebb62826cfee6601_0027,69,10.0,42.0,22.0,3.638600173871964e-05,0.012756219133734703,0.0038703950121998787,0.0038703950121998787,0,False
7,g007_p000070_g006_p000031_g005_p000015_g004_p000007_g003_p000012_g002_p000007_g001_p000058_empty,g006_p000031_g005_p000015_g004_p000007_g003_p000012_g002_p000007_g001_p000058_empty,g007_ebb62826cfee6601_0027,70,9.0,42.0,22.0,3.6385998100740835e-05,0.010801623575389385,0.0019157994538545609,0.0019157994538545609,0,False
7,g007_p000071_g006_p000031_g005_p000015_g004_p000007_g003_p000012_g002_p000007_g001_p000058_empty,g006_p000031_g005_p000015_g004_p000007_g003_p000012_g002_p000007_g001_p000058_empty,g007_ebb62826cfee6601_0027,71,9.0,41.0,22.0,3.638599082478322e-05,0.01197150070220232,0.0030856765806674957,0.0030856765806674957,0,False
7,g007_p000072_g006_p000037_g005_p000068_g004_p000031_g003_p000079_g002_p000037_g001_p000031_empty,g006_p000037_g005_p000068_g004_p000031_g003_p000079_g002_p000037_g001_p000031_empty,g007_ebb62826cfee6601_0027,72,38.0,41.0,39.0,3.565613951650448e-05,0.01161776203662157,0.002731937915086746,0.002731937915086746,0,False
7,g007_p000073_g006_p000037_g005_p000068_g004_p000031_g003_p000079_g002_p000037_g001_p000031_empty,g006_p000037_g005_p000068_g004_p000031_g003_p000079_g002_p000037_g001_p000031_empty,g007_ebb62826cfee6601_0027,73,38.0,42.0,39.0,3.565613951650448e-05,0.013233289122581482,0.0043474650010466576,0.0043474650010466576,0,False
7,g007_p000074_g006_p000037_g005_p000068_g004_p000031_g003_p000079_g002_p000037_g001_p000031_empty,g006_p000037_g005_p000068_g004_p000031_g003_p000079_g002_p000037_g001_p000031_empty,g007_ebb62826cfee6601_0027,74,41.0,38.0,39.0,3.5656135878525674e-05,0.012062354013323784,0.0031765298917889595,0.0031765298917889595,0,False
7,g007_p000075_g006_p000037_g005_p000068_g004_p000031_g003_p000079_g002_p000037_g001_p000031_empty,g006_p000037_g005_p000068_g004_p000031_g003_p000079_g002_p000037_g001_p000031_empty,g007_ebb62826cfee6601_0027,75,41.0,45.0,39.0,3.5656135878525674e-05,0.01269442681223154,0.0038086026906967163,0.0038086026906967163,0,False
7,g007_p000076_g006_p000037_g005_p000068_g004_p000031_g003_p000079_g002_p000037_g001_p000031_empty,g006_p000037_g005_p000068_g004_p000031_g003_p000079_g002_p000037_g001_p000031_empty,g007_ebb62826cfee6601_0027,76,42.0,38.0,39.0,3.5656135878525674e-05,0.011522917076945305,0.0026370929554104805,0.0026370929554104805,0,False
7,g007_p000077_g006_p000037_g005_p000068_g004_p000031_g003_p000079_g002_p000037_g001_p000031_empty,g006_p000037_g005_p000068_g004_p000031_g003_p000079_g002_p000037_g001_p000031_empty,g007_ebb62826cfee6601_0027,77,42.0,45.0,39.0,3.5656135878525674e-05,0.011119403876364231,0.0022335797548294067,0.0022335797548294067,0,False
7,g007_p000078_g006_p000037_g005_p000068_g004_p000031_g003_p000079_g002_p000037_g001_p000031_empty,g006_p000037_g005_p000068_g004_p000031_g003_p000079_g002_p000037_g001_p000031_empty,g007_ebb62826cfee6601_0027,78,45.0,41.0,39.0,3.5656135878525674e-05,0.012285931035876274,0.0034001069143414497,0.0034001069143414497,0,False
7,g007_p000079_g006_p000037_g005_p000068_g004_p000031_g003_p000079_g002_p000037_g001_p000031_empty,g006_p000037_g005_p000068_g004_p000031_g003_p000079_g002_p000037_g001_p000031_empty,g007_ebb62826cfee6601_0027,79,45.0,42.0,39.0,3.565613224054687e-05,0.010861561633646488,0.001975737512111664,0.001975737512111664,0,False
7,g007_p000080_g006_p000037_g005_p000068_g004_p000031_g003_p000079_g002_p000037_g001_p000031_empty,g006_p000037_g005_p000068_g004_p000031_g003_p000079_g002_p000037_g001_p000031_empty,g007_ebb62826cfee6601_0027,80,6.0,41.0,21.0,3.563308928278275e-05,0.01132553443312645,0.002439710311591625,0.002439710311591625,0,False
7,g007_p000081_g006_p000037_g005_p000068_g004_p000031_g003_p000079_g002_p000037_g001_p000031_empty,g006_p000037_g005_p000068_g004_p000031_g003_p000079_g002_p000037_g001_p000031_empty,g007_ebb62826cfee6601_0027,81,6.0,42.0,21.0,3.563308928278275e-05,0.013106619007885456,0.004220794886350632,0.004220794886350632,0,False
7,g007_p000082_g006_p000037_g005_p000068_g004_p000031_g003_p000079_g002_p000037_g001_p000031_empty,g006_p000037_g005_p000068_g004_p000031_g003_p000079_g002_p000037_g001_p000031_empty,g007_ebb62826cfee6601_0027,82,9.0,38.0,21.0,3.563308564480394e-05,0.011488097719848156,0.0026022735983133316,0.0026022735983133316,0,False
7,g007_p000083_g006_p000037_g005_p000068_g004_p000031_g003_p000079_g002_p000037_g001_p000031_empty,g006_p000037_g005_p000068_g004_p000031_g003_p000079_g002_p000037_g001_p000031_empty,g007_ebb62826cfee6601_0027,83,9.0,45.0,21.0,3.563308564480394e-05,0.011265372857451439,0.0023795487359166145,0.0023795487359166145,0,False
7,g007_p000084_g006_p000043_g005_p000068_g004_p000031_g003_p000079_g002_p000037_g001_p000031_empty,g006_p000043_g005_p000068_g004_p000031_g003_p000079_g002_p000037_g001_p000031_empty,g007_ebb62826cfee6601_0027,84,10.0,38.0,21.0,3.563308564480394e-05,0.009838133119046688,0.0009523089975118637,0.0009523089975118637,0,False
7,g007_p000085_g006_p000043_g005_p000068_g004_p000031_g003_p000079_g002_p000037_g001_p000031_empty,g006_p000043_g005_p000068_g004_p000031_g003_p000079_g002_p000037_g001_p000031_empty,g007_ebb62826cfee6601_0027,85,10.0,45.0,21.0,3.563308564480394e-05,0.010510888881981373,0.0016250647604465485,0.0016250647604465485,0,False
7,g007_p000086_g006_p000043_g005_p000068_g004_p000031_g003_p000079_g002_p000037_g001_p000031_empty,g006_p000043_g005_p000068_g004_p000031_g003_p000079_g002_p000037_g001_p000031_empty,g007_ebb62826cfee6601_0027,86,13.0,41.0,21.0,3.563308564480394e-05,0.010463612154126167,0.001577788032591343,0.001577788032591343,0,False
7,g007_p000087_g006_p000043_g005_p000068_g004_p000031_g003_p000079_g002_p000037_g001_p000031_empty,g006_p000043_g005_p000068_g004_p000031_g003_p000079_g002_p000037_g001_p000031_empty,g007_ebb62826cfee6601_0027,87,13.0,42.0,21.0,3.5633082006825134e-05,0.0110011612996459,0.0021153371781110764,0.0021153371781110764,0,False
7,g007_p000088_g006_p000043_g005_p000068_g004_p000031_g003_p000079_g002_p000037_g001_p000031_empty,g006_p000043_g005_p000068_g004_p000031_g003_p000079_g002_p000037_g001_p000031_empty,g007_ebb62826cfee6601_0027,88,39.0,39.0,39.0,3.508279405650683e-05,0.011359731666743755,0.002473907545208931,0.002473907545208931,0,False
7,g007_p000089_g006_p000043_g005_p000068_g004_p000031_g003_p000079_g002_p000037_g001_p000031_empty,g006_p000043_g005_p000068_g004_p000031_g003_p000079_g002_p000037_g001_p000031_empty,g007_ebb62826cfee6601_0027,89,39.0,44.0,39.0,3.508279041852802e-05,0.009617681615054607,0.000731857493519783,0.000731857493519783,0,False
7,g007_p000090_g006_p000043_g005_p000068_g004_p000031_g003_p000079_g002_p000037_g001_p000031_empty,g006_p000043_g005_p000068_g004_p000031_g003_p000079_g002_p000037_g001_p000031_empty,g007_ebb62826cfee6601_0027,90,44.0,39.0,39.0,3.508279041852802e-05,0.01080661453306675,0.0019207904115319252,0.0019207904115319252,0,False
7,g007_p000091_g006_p000043_g005_p000068_g004_p000031_g003_p000079_g002_p000037_g001_p000031_empty,g006_p000043_g005_p000068_g004_p000031_g003_p000079_g002_p000037_g001_p000031_empty,g007_ebb62826cfee6601_0027,91,44.0,44.0,39.0,3.508279041852802e-05,0.010561959818005562,0.0016761356964707375,0.0016761356964707375,0,False
7,g007_p000092_g006_p000043_g005_p000068_g004_p000031_g003_p000079_g002_p000037_g001_p000031_empty,g006_p000043_g005_p000068_g004_p000031_g003_p000079_g002_p000037_g001_p000031_empty,g007_ebb62826cfee6601_0027,92,7.0,39.0,21.0,3.5060267691733316e-05,0.01098620891571045,0.002100384794175625,0.002100384794175625,0,False
7,g007_p000093_g006_p000043_g005_p000068_g004_p000031_g003_p000079_g002_p000037_g001_p000031_empty,g006_p000043_g005_p000068_g004_p000031_g003_p000079_g002_p000037_g001_p000031_empty,g007_ebb62826cfee6601_0027,93,7.0,44.0,21.0,3.506026405375451e-05,0.009998896159231663,0.0011130720376968384,0.0011130720376968384,0,False
7,g007_p000094_g006_p000043_g005_p000068_g004_p000031_g003_p000079_g002_p000037_g001_p000031_empty,g006_p000043_g005_p000068_g004_p000031_g003_p000079_g002_p000037_g001_p000031_empty,g007_ebb62826cfee6601_0027,94,12.0,39.0,21.0,3.506026405375451e-05,0.012310085818171501,0.003424261696636677,0.003424261696636677,0,False
7,g007_p000095_g006_p000043_g005_p000068_g004_p000031_g003_p000079_g002_p000037_g001_p000031_empty,g006_p000043_g005_p000068_g004_p000031_g003_p000079_g002_p000037_g001_p000031_empty,g007_ebb62826cfee6601_0027,95,12.0,44.0,21.0,3.506026405375451e-05,0.0104084936901927,0.001522669568657875,0.001522669568657875,0,False
8,g008_p000000_g007_p000089_g006_p000043_g005_p000068_g004_p000031_g003_p000079_g002_p000037_g001_p000031_empty,g007_p000089_g006_p000043_g005_p000068_g004_p000031_g003_p000079_g002_p000037_g001_p000031_empty,g008_c0ff7cc829b7cf61_0028,0,42.0,40.0,39.0,6.293264596024528e-05,0.012386432848870754,0.002768751233816147,0.00350060872733593,0,False
8,g008_p000006_g007_p000089_g006_p000043_g005_p000068_g004_p000031_g003_p000079_g002_p000037_g001_p000031_empty,g007_p000089_g006_p000043_g005_p000068_g004_p000031_g003_p000079_g002_p000037_g001_p000031_empty,g008_c0ff7cc829b7cf61_0028,1,42.0,41.0,39.0,6.237584602786228e-05,0.01182919554412365,0.002211513929069042,0.0029433714225888252,0,False
8,g008_p000012_g007_p000084_g006_p000043_g005_p000068_g004_p000031_g003_p000079_g002_p000037_g001_p000031_empty,g007_p000084_g006_p000043_g005_p000068_g004_p000031_g003_p000079_g002_p000037_g001_p000031_empty,g008_132d13a065dbcf42_0029,0,41.0,41.0,39.0,6.173095607664436e-05,0.010760662145912647,0.0009225290268659592,0.0018748380243778229,0,False
8,g008_p000018_g007_p000084_g006_p000043_g005_p000068_g004_p000031_g003_p000079_g002_p000037_g001_p000031_empty,g007_p000084_g006_p000043_g005_p000068_g004_p000031_g003_p000079_g002_p000037_g001_p000031_empty,g008_132d13a065dbcf42_0029,1,41.0,42.0,39.0,6.173095607664436e-05,0.011485796421766281,0.001647663302719593,0.0025999723002314568,0,False
8,g008_p000024_g007_p000023_g006_p000007_g005_p000064_g004_p000031_g003_p000079_g002_p000037_g001_p000031_empty,g007_p000023_g006_p000007_g005_p000064_g004_p000031_g003_p000079_g002_p000037_g001_p000031_empty,g008_8896638ef1d3694c_0030,0,41.0,41.0,39.0,6.173095607664436e-05,0.011997522786259651,0.0020361775532364845,0.003111698664724827,0,False
8,g008_p000030_g007_p000023_g006_p000007_g005_p000064_g004_p000031_g003_p000079_g002_p000037_g001_p000031_empty,g007_p000023_g006_p000007_g005_p000064_g004_p000031_g003_p000079_g002_p000037_g001_p000031_empty,g008_8896638ef1d3694c_0030,1,41.0,42.0,39.0,6.173095607664436e-05,0.01203181128948927,0.0020704660564661026,0.003145987167954445,0,False
8,g008_p000036_g007_p000093_g006_p000043_g005_p000068_g004_p000031_g003_p000079_g002_p000037_g001_p000031_empty,g007_p000093_g006_p000043_g005_p000068_g004_p000031_g003_p000079_g002_p000037_g001_p000031_empty,g008_4c42d329b197c187_0031,0,41.0,41.0,39.0,6.173095607664436e-05,0.011174047365784645,0.0011751512065529823,0.0022882232442498207,0,False
8,g008_p000042_g007_p000093_g006_p000043_g005_p000068_g004_p000031_g003_p000079_g002_p000037_g001_p000031_empty,g007_p000093_g006_p000043_g005_p000068_g004_p000031_g003_p000079_g002_p000037_g001_p000031_empty,g008_4c42d329b197c187_0031,1,41.0,42.0,39.0,6.173095607664436e-05,0.01252083107829094,0.0025219349190592766,0.003635006956756115,0,False
8,g008_p000048_g007_p000058_g006_p000025_g005_p000015_g004_p000007_g003_p000012_g002_p000007_g001_p000058_empty,g007_p000058_g006_p000025_g005_p000015_g004_p000007_g003_p000012_g002_p000007_g001_p000058_empty,g008_f926c1e38244c895_0032,0,10.0,42.0,21.0,6.319930253084749e-05,0.012512021698057652,0.0024517234414815903,0.003626197576522827,0,False
8,g008_p000054_g007_p000058_g006_p000025_g005_p000015_g004_p000007_g003_p000012_g002_p000007_g001_p000058_empty,g007_p000058_g006_p000025_g005_p000015_g004_p000007_g003_p000012_g002_p000007_g001_p000058_empty,g008_f926c1e38244c895_0032,1,10.0,43.0,21.0,6.31690927548334e-05,0.012350186705589294,0.002289888449013233,0.00346436258405447,0,False
8,g008_p000060_g007_p000063_g006_p000031_g005_p000015_g004_p000007_g003_p000012_g002_p000007_g001_p000058_empty,g007_p000063_g006_p000031_g005_p000015_g004_p000007_g003_p000012_g002_p000007_g001_p000058_empty,g008_5eae0c6272169fd6_0033,0,41.0,41.0,39.0,6.173095607664436e-05,0.013249780982732773,0.003152000717818737,0.0043639568611979485,0,False
8,g008_p000066_g007_p000063_g006_p000031_g005_p000015_g004_p000007_g003_p000012_g002_p000007_g001_p000058_empty,g007_p000063_g006_p000031_g005_p000015_g004_p000007_g003_p000012_g002_p000007_g001_p000058_empty,g008_5eae0c6272169fd6_0033,1,41.0,42.0,39.0,6.173095607664436e-05,0.011675501242280006,0.0015777209773659706,0.002789677120745182,0,False
8,g008_p000072_g007_p000007_g006_p000001_g005_p000064_g004_p000031_g003_p000079_g002_p000037_g001_p000031_empty,g007_p000007_g006_p000001_g005_p000064_g004_p000031_g003_p000079_g002_p000037_g001_p000031_empty,g008_0e8398fda2634254_0034,0,41.0,41.0,39.0,6.173095607664436e-05,0.011180517263710499,0.0010267393663525581,0.0022946931421756744,0,False
8,g008_p000078_g007_p000007_g006_p000001_g005_p000064_g004_p000031_g003_p000079_g002_p000037_g001_p000031_empty,g007_p000007_g006_p000001_g005_p000064_g004_p000031_g003_p000079_g002_p000037_g001_p000031_empty,g008_0e8398fda2634254_0034,1,41.0,42.0,39.0,6.173095607664436e-05,0.01223568432033062,0.002081906422972679,0.0033498601987957954,0,False
8,g008_p000084_g007_p000068_g006_p000031_g005_p000015_g004_p000007_g003_p000012_g002_p000007_g001_p000058_empty,g007_p000068_g006_p000031_g005_p000015_g004_p000007_g003_p000012_g002_p000007_g001_p000058_empty,g008_835da0ab334ecfad_0035,0,10.0,41.0,21.0,7.437914609909058e-05,0.01063509751111269,0.00045064836740493774,0.0017492733895778656,0,False
8,g008_p000090_g007_p000068_g006_p000031_g005_p000015_g004_p000007_g003_p000012_g002_p000007_g001_p000058_empty,g007_p000068_g006_p000031_g005_p000015_g004_p000007_g003_p000012_g002_p000007_g001_p000058_empty,g008_835da0ab334ecfad_0035,1,10.0,41.0,22.0,7.415399886667728e-05,0.011247786693274975,0.0010633375495672226,0.0023619625717401505,0,False
9,g009_p000000_g008_p000001_g007_p000089_g006_p000043_g005_p000068_g004_p000031_g003_p000079_g002_p000037_g001_p000031_empty,g008_p000001_g007_p000089_g006_p000043_g005_p000068_g004_p000031_g003_p000079_g002_p000037_g001_p000031_empty,g009_25f4c774de47f2e1_0036,0,41.0,41.0,39.0,6.173095607664436e-05,0.011270957067608833,0.002385132946074009,0.002385132946074009,0,False
9,g009_p000001_g008_p000001_g007_p000089_g006_p000043_g005_p000068_g004_p000031_g003_p000079_g002_p000037_g001_p000031_empty,g008_p000001_g007_p000089_g006_p000043_g005_p000068_g004_p000031_g003_p000079_g002_p000037_g001_p000031_empty,g009_25f4c774de47f2e1_0036,1,41.0,42.0,39.0,6.173095607664436e-05,0.01078103482723236,0.0018952107056975365,0.0018952107056975365,0,False
9,g009_p000002_g008_p000001_g007_p000089_g006_p000043_g005_p000068_g004_p000031_g003_p000079_g002_p000037_g001_p000031_empty,g008_p000001_g007_p000089_g006_p000043_g005_p000068_g004_p000031_g003_p000079_g002_p000037_g001_p000031_empty,g009_25f4c774de47f2e1_0036,2,42.0,41.0,39.0,6.173095607664436e-05,0.010548326186835766,0.0016625020653009415,0.0016625020653009415,0,False
9,g009_p000003_g008_p000001_g007_p000089_g006_p000043_g005_p000068_g004_p000031_g003_p000079_g002_p000037_g001_p000031_empty,g008_p000001_g007_p000089_g006_p000043_g005_p000068_g004_p000031_g003_p000079_g002_p000037_g001_p000031_empty,g009_25f4c774de47f2e1_0036,3,42.0,42.0,39.0,6.173094880068675e-05,0.00965056661516428,0.0007647424936294556,0.0007647424936294556,0,False
9,g009_p000004_g008_p000001_g007_p000089_g006_p000043_g005_p000068_g004_p000031_g003_p000079_g002_p000037_g001_p000031_empty,g008_p000001_g007_p000089_g006_p000043_g005_p000068_g004_p000031_g003_p000079_g002_p000037_g001_p000031_empty,g009_25f4c774de47f2e1_0036,4,9.0,41.0,21.0,6.169795233290642e-05,0.011438779532909393,0.002552955411374569,0.002552955411374569,0,False
9,g009_p000005_g008_p000001_g007_p000089_g006_p000043_g005_p000068_g004_p000031_g003_p000079_g002_p000037_g001_p000031_empty,g008_p000001_g007_p000089_g006_p000043_g005_p000068_g004_p000031_g003_p000079_g002_p000037_g001_p000031_empty,g009_25f4c774de47f2e1_0036,5,9.0,42.0,21.0,6.169795233290642e-05,0.01173468679189682,0.0028488626703619957,0.0028488626703619957,0,False
9,g009_p000006_g008_p000001_g007_p000089_g006_p000043_g005_p000068_g004_p000031_g003_p000079_g002_p000037_g001_p000031_empty,g008_p000001_g007_p000089_g006_p000043_g005_p000068_g004_p000031_g003_p000079_g002_p000037_g001_p000031_empty,g009_25f4c774de47f2e1_0036,6,10.0,41.0,21.0,6.169795233290642e-05,0.010574609972536564,0.0016887858510017395,0.0016887858510017395,0,False
9,g009_p000007_g008_p000001_g007_p000089_g006_p000043_g005_p000068_g004_p000031_g003_p000079_g002_p000037_g001_p000031_empty,g008_p000001_g007_p000089_g006_p000043_g005_p000068_g004_p000031_g003_p000079_g002_p000037_g001_p000031_empty,g009_25f4c774de47f2e1_0036,7,10.0,42.0,21.0,6.169794505694881e-05,0.009951049461960793,0.0010652253404259682,0.0010652253404259682,0,False
9,g009_p000008_g008_p000001_g007_p000089_g006_p000043_g005_p000068_g004_p000031_g003_p000079_g002_p000037_g001_p000031_empty,g008_p000001_g007_p000089_g006_p000043_g005_p000068_g004_p000031_g003_p000079_g002_p000037_g001_p000031_empty,g009_25f4c774de47f2e1_0036,8,40.0,41.0,39.0,5.569587301579304e-05,0.011603987775743008,0.0027181636542081833,0.0027181636542081833,0,False
9,g009_p000009_g008_p000001_g007_p000089_g006_p000043_g005_p000068_g004_p000031_g003_p000079_g002_p000037_g001_p000031_empty,g008_p000001_g007_p000089_g006_p000043_g005_p000068_g004_p000031_g003_p000079_g002_p000037_g001_p000031_empty,g009_25f4c774de47f2e1_0036,9,40.0,42.0,39.0,5.569587301579304e-05,0.01124947052448988,0.0023636464029550552,0.0023636464029550552,0,False
9,g009_p000010_g008_p000001_g007_p000089_g006_p000043_g005_p000068_g004_p000031_g003_p000079_g002_p000037_g001_p000031_empty,g008_p000001_g007_p000089_g006_p000043_g005_p000068_g004_p000031_g003_p000079_g002_p000037_g001_p000031_empty,g009_25f4c774de47f2e1_0036,10,41.0,40.0,39.0,5.569587301579304e-05,0.011587673798203468,0.002701849676668644,0.002701849676668644,0,False
9,g009_p000011_g008_p000001_g007_p000089_g006_p000043_g005_p000068_g004_p000031_g003_p000079_g002_p000037_g001_p000031_empty,g008_p000001_g007_p000089_g006_p000043_g005_p000068_g004_p000031_g003_p000079_g002_p000037_g001_p000031_empty,g009_25f4c774de47f2e1_0036,11,41.0,43.0,39.0,5.569587301579304e-05,0.011897004209458828,0.0030111800879240036,0.0030111800879240036,0,False
9,g009_p000012_g008_p000007_g007_p000089_g006_p000043_g005_p000068_g004_p000031_g003_p000079_g002_p000037_g001_p000031_empty,g008_p000007_g007_p000089_g006_p000043_g005_p000068_g004_p000031_g003_p000079_g002_p000037_g001_p000031_empty,g009_25f4c774de47f2e1_0036,12,42.0,40.0,39.0,5.569586937781423e-05,0.011772950179874897,0.0028871260583400726,0.0028871260583400726,0,False
9,g009_p000013_g008_p000007_g007_p000089_g006_p000043_g005_p000068_g004_p000031_g003_p000079_g002_p000037_g001_p000031_empty,g008_p000007_g007_p000089_g006_p000043_g005_p000068_g004_p000031_g003_p000079_g002_p000037_g001_p000031_empty,g009_25f4c774de47f2e1_0036,13,42.0,43.0,39.0,5.569586937781423e-05,0.011495314538478851,0.002609490416944027,0.002609490416944027,0,False
9,g009_p000014_g008_p000007_g007_p000089_g006_p000043_g005_p000068_g004_p000031_g003_p000079_g002_p000037_g001_p000031_empty,g008_p000007_g007_p000089_g006_p000043_g005_p000068_g004_p000031_g003_p000079_g002_p000037_g001_p000031_empty,g009_25f4c774de47f2e1_0036,14,43.0,41.0,39.0,5.569586937781423e-05,0.011042456142604351,0.0021566320210695267,0.0021566320210695267,0,False
9,g009_p000015_g008_p000007_g007_p000089_g006_p000043_g005_p000068_g004_p000031_g003_p000079_g002_p000037_g001_p000031_empty,g008_p000007_g007_p000089_g006_p000043_g005_p000068_g004_p000031_g003_p000079_g002_p000037_g001_p000031_empty,g009_25f4c774de47f2e1_0036,15,43.0,42.0,39.0,5.5695865739835426e-05,0.011092066764831543,0.0022062426432967186,0.0022062426432967186,0,False
9,g009_p000016_g008_p000007_g007_p000089_g006_p000043_g005_p000068_g004_p000031_g003_p000079_g002_p000037_g001_p000031_empty,g008_p000007_g007_p000089_g006_p000043_g005_p000068_g004_p000031_g003_p000079_g002_p000037_g001_p000031_empty,g009_25f4c774de47f2e1_0036,16,8.0,41.0,21.0,5.566444087889977e-05,0.010537252761423588,0.0016514286398887634,0.0016514286398887634,0,False
9,g009_p000017_g008_p000007_g007_p000089_g006_p000043_g005_p000068_g004_p000031_g003_p000079_g002_p000037_g001_p000031_empty,g008_p000007_g007_p000089_g006_p000043_g005_p000068_g004_p000031_g003_p000079_g002_p000037_g001_p000031_empty,g009_25f4c774de47f2e1_0036,17,8.0,42.0,21.0,5.566444087889977e-05,0.010950188152492046,0.002064364030957222,0.002064364030957222,0,False
9,g009_p000018_g008_p000007_g007_p000089_g006_p000043_g005_p000068_g004_p000031_g003_p000079_g002_p000037_g001_p000031_empty,g008_p000007_g007_p000089_g006_p000043_g005_p000068_g004_p000031_g003_p000079_g002_p000037_g001_p000031_empty,g009_25f4c774de47f2e1_0036,18,9.0,40.0,21.0,5.566444087889977e-05,0.01344306766986847,0.004557243548333645,0.004557243548333645,0,False
9,g009_p000019_g008_p000007_g007_p000089_g006_p000043_g005_p000068_g004_p000031_g003_p000079_g002_p000037_g001_p000031_empty,g008_p000007_g007_p000089_g006_p000043_g005_p000068_g004_p000031_g003_p000079_g002_p000037_g001_p000031_empty,g009_25f4c774de47f2e1_0036,19,9.0,43.0,21.0,5.566444087889977e-05,0.010373477824032307,0.0014876537024974823,0.0014876537024974823,0,False
9,g009_p000020_g008_p000007_g007_p000089_g006_p000043_g005_p000068_g004_p000031_g003_p000079_g002_p000037_g001_p000031_empty,g008_p000007_g007_p000089_g006_p000043_g005_p000068_g004_p000031_g003_p000079_g002_p000037_g001_p000031_empty,g009_25f4c774de47f2e1_0036,20,10.0,40.0,21.0,5.566443724092096e-05,0.010569442063570023,0.0016836179420351982,0.0016836179420351982,0,False
9,g009_p000021_g008_p000007_g007_p000089_g006_p000043_g005_p000068_g004_p000031_g003_p000079_g002_p000037_g001_p000031_empty,g008_p000007_g007_p000089_g006_p000043_g005_p000068_g004_p000031_g003_p000079_g002_p000037_g001_p000031_empty,g009_25f4c774de47f2e1_0036,21,10.0,43.0,21.0,5.566443724092096e-05,0.0107261436060071,0.0018403194844722748,0.0018403194844722748,0,False
9,g009_p000022_g008_p000007_g007_p000089_g006_p000043_g005_p000068_g004_p000031_g003_p000079_g002_p000037_g001_p000031_empty,g008_p000007_g007_p000089_g006_p000043_g005_p000068_g004_p000031_g003_p000079_g002_p000037_g001_p000031_empty,g009_25f4c774de47f2e1_0036,22,11.0,41.0,21.0,5.566443724092096e-05,0.010756581090390682,0.0018707569688558578,0.0018707569688558578,0,False
9,g009_p000023_g008_p000007_g007_p000089_g006_p000043_g005_p000068_g004_p000031_g003_p000079_g002_p000037_g001_p000031_empty,g008_p000007_g007_p000089_g006_p000043_g005_p000068_g004_p000031_g003_p000079_g002_p000037_g001_p000031_empty,g009_25f4c774de47f2e1_0036,23,11.0,42.0,21.0,5.5664433602942154e-05,0.01057574525475502,0.0016899211332201958,0.0016899211332201958,0,False
9,g009_p000024_g008_p000013_g007_p000084_g006_p000043_g005_p000068_g004_p000031_g003_p000079_g002_p000037_g001_p000031_empty,g008_p000013_g007_p000084_g006_p000043_g005_p000068_g004_p000031_g003_p000079_g002_p000037_g001_p000031_empty,g009_25f4c774de47f2e1_0036,24,40.0,40.0,39.0,4.9821788707049564e-05,0.010772835463285446,0.0018870113417506218,0.0018870113417506218,0,False
9,g009_p000025_g008_p000013_g007_p000084_g006_p000043_g005_p000068_g004_p000031_g003_p000079_g002_p000037_g001_p000031_empty,g008_p000013_g007_p000084_g006_p000043_g005_p000068_g004_p000031_g003_p000079_g002_p000037_g001_p000031_empty,g009_25f4c774de47f2e1_0036,25,40.0,43.0,39.0,4.9821788707049564e-05,0.010361822322010994,0.0014759982004761696,0.0014759982004761696,0,False
9,g009_p000026_g008_p000013_g007_p000084_g006_p000043_g005_p000068_g004_p000031_g003_p000079_g002_p000037_g001_p000031_empty,g008_p000013_g007_p000084_g006_p000043_g005_p000068_g004_p000031_g003_p000079_g002_p000037_g001_p000031_empty,g009_25f4c774de47f2e1_0036,26,43.0,40.0,39.0,4.9821785069070756e-05,0.010980370454490185,0.0020945463329553604,0.0020945463329553604,0,False
9,g009_p000027_g008_p000013_g007_p000084_g006_p000043_g005_p000068_g004_p000031_g003_p000079_g002_p000037_g001_p000031_empty,g008_p000013_g007_p000084_g006_p000043_g005_p000068_g004_p000031_g003_p000079_g002_p000037_g001_p000031_empty,g009_25f4c774de47f2e1_0036,27,43.0,43.0,39.0,4.9821785069070756e-05,0.010786387138068676,0.0019005630165338516,0.0019005630165338516,0,False
9,g009_p000028_g008_p000013_g007_p000084_g006_p000043_g005_p000068_g004_p000031_g003_p000079_g002_p000037_g001_p000031_empty,g008_p000013_g007_p000084_g006_p000043_g005_p000068_g004_p000031_g003_p000079_g002_p000037_g001_p000031_empty,g009_25f4c774de47f2e1_0036,28,8.0,40.0,21.0,4.9791404308052734e-05,0.01191522367298603,0.003029399551451206,0.003029399551451206,0,False
9,g009_p000029_g008_p000013_g007_p000084_g006_p000043_g005_p000068_g004_p000031_g003_p000079_g002_p000037_g001_p000031_empty,g008_p000013_g007_p000084_g006_p000043_g005_p000068_g004_p000031_g003_p000079_g002_p000037_g001_p000031_empty,g009_25f4c774de47f2e1_0036,29,8.0,43.0,21.0,4.9791404308052734e-05,0.010362432338297367,0.0014766082167625427,0.0014766082167625427,0,False
9,g009_p000030_g008_p000013_g007_p000084_g006_p000043_g005_p000068_g004_p000031_g003_p000079_g002_p000037_g001_p000031_empty,g008_p000013_g007_p000084_g006_p000043_g005_p000068_g004_p000031_g003_p000079_g002_p000037_g001_p000031_empty,g009_25f4c774de47f2e1_0036,30,11.0,40.0,21.0,4.9791400670073926e-05,0.010219739750027657,0.0013339156284928322,0.0013339156284928322,0,False
9,g009_p000031_g008_p000013_g007_p000084_g006_p000043_g005_p000068_g004_p000031_g003_p000079_g002_p000037_g001_p000031_empty,g008_p000013_g007_p000084_g006_p000043_g005_p000068_g004_p000031_g003_p000079_g002_p000037_g001_p000031_empty,g009_25f4c774de47f2e1_0036,31,11.0,43.0,21.0,4.9791400670073926e-05,0.013798465952277184,0.004912641830742359,0.004912641830742359,0,False
9,g009_p000032_g008_p000013_g007_p000084_g006_p000043_g005_p000068_g004_p000031_g003_p000079_g002_p000037_g001_p000031_empty,g008_p000013_g007_p000084_g006_p000043_g005_p000068_g004_p000031_g003_p000079_g002_p000037_g001_p000031_empty,g009_25f4c774de47f2e1_0036,32,39.0,41.0,39.0,4.7225028538377956e-05,0.011511473916471004,0.00262564979493618,0.00262564979493618,0,False
9,g009_p000033_g008_p000013_g007_p000084_g006_p000043_g005_p000068_g004_p000031_g003_p000079_g002_p000037_g001_p000031_empty,g008_p000013_g007_p000084_g006_p000043_g005_p000068_g004_p000031_g003_p000079_g002_p000037_g001_p000031_empty,g009_25f4c774de47f2e1_0036,33,39.0,42.0,39.0,4.7225028538377956e-05,0.012655206024646759,0.0037693819031119347,0.0037693819031119347,0,False
9,g009_p000034_g008_p000013_g007_p000084_g006_p000043_g005_p000068_g004_p000031_g003_p000079_g002_p000037_g001_p000031_empty,g008_p000013_g007_p000084_g006_p000043_g005_p000068_g004_p000031_g003_p000079_g002_p000037_g001_p000031_empty,g009_25f4c774de47f2e1_0036,34,41.0,39.0,39.0,4.7225028538377956e-05,0.011808585375547409,0.0029227612540125847,0.0029227612540125847,0,False
9,g009_p000035_g008_p000013_g007_p000084_g006_p000043_g005_p000068_g004_p000031_g003_p000079_g002_p000037_g001_p000031_empty,g008_p000013_g007_p000084_g006_p000043_g005_p000068_g004_p000031_g003_p000079_g002_p000037_g001_p000031_empty,g009_25f4c774de47f2e1_0036,35,41.0,44.0,39.0,4.7225028538377956e-05,0.010990581475198269,0.0021047573536634445,0.0021047573536634445,0,False
9,g009_p000036_g008_p000019_g007_p000084_g006_p000043_g005_p000068_g004_p000031_g003_p000079_g002_p000037_g001_p000031_empty,g008_p000019_g007_p000084_g006_p000043_g005_p000068_g004_p000031_g003_p000079_g002_p000037_g001_p000031_empty,g009_25f4c774de47f2e1_0036,36,42.0,39.0,39.0,4.722502490039915e-05,0.011132177896797657,0.0022463537752628326,0.0022463537752628326,0,False
9,g009_p000037_g008_p000019_g007_p000084_g006_p000043_g005_p000068_g004_p000031_g003_p000079_g002_p000037_g001_p000031_empty,g008_p000019_g007_p000084_g006_p000043_g005_p000068_g004_p000031_g003_p000079_g002_p000037_g001_p000031_empty,g009_25f4c774de47f2e1_0036,37,42.0,44.0,39.0,4.722502490039915e-05,0.011094251647591591,0.0022084275260567665,0.0022084275260567665,0,False
9,g009_p000038_g008_p000019_g007_p000084_g006_p000043_g005_p000068_g004_p000031_g003_p000079_g002_p000037_g001_p000031_empty,g008_p000019_g007_p000084_g006_p000043_g005_p000068_g004_p000031_g003_p000079_g002_p000037_g001_p000031_empty,g009_25f4c774de47f2e1_0036,38,44.0,41.0,39.0,4.722502490039915e-05,0.012201745063066483,0.003315920941531658,0.003315920941531658,0,False
9,g009_p000039_g008_p000019_g007_p000084_g006_p000043_g005_p000068_g004_p000031_g003_p000079_g002_p000037_g001_p000031_empty,g008_p000019_g007_p000084_g006_p000043_g005_p000068_g004_p000031_g003_p000079_g002_p000037_g001_p000031_empty,g009_25f4c774de47f2e1_0036,39,44.0,42.0,39.0,4.722502126242034e-05,0.011098140850663185,0.0022123167291283607,0.0022123167291283607,0,False
9,g009_p000040_g008_p000019_g007_p000084_g006_p000043_g005_p000068_g004_p000031_g003_p000079_g002_p000037_g001_p000031_empty,g008_p000019_g007_p000084_g006_p000043_g005_p000068_g004_p000031_g003_p000079_g002_p000037_g001_p000031_empty,g009_25f4c774de47f2e1_0036,40,7.0,41.0,21.0,4.719778735307045e-05,0.011867141351103783,0.0029813172295689583,0.0029813172295689583,0,False
9,g009_p000041_g008_p000019_g007_p000084_g006_p000043_g005_p000068_g004_p000031_g003_p000079_g002_p000037_g001_p000031_empty,g008_p000019_g007_p000084_g006_p000043_g005_p000068_g004_p000031_g003_p000079_g002_p000037_g001_p000031_empty,g009_25f4c774de47f2e1_0036,41,7.0,42.0,21.0,4.719778735307045e-05,0.011563978157937527,0.0026781540364027023,0.0026781540364027023,0,False
9,g009_p000042_g008_p000019_g007_p000084_g006_p000043_g005_p000068_g004_p000031_g003_p000079_g002_p000037_g001_p000031_empty,g008_p000019_g007_p000084_g006_p000043_g005_p000068_g004_p000031_g003_p000079_g002_p000037_g001_p000031_empty,g009_25f4c774de47f2e1_0036,42,9.0,39.0,21.0,4.719778735307045e-05,0.010871808975934982,0.001985984854400158,0.001985984854400158,0,False
9,g009_p000043_g008_p000019_g007_p000084_g006_p000043_g005_p000068_g004_p000031_g003_p000079_g002_p000037_g001_p000031_empty,g008_p000019_g007_p000084_g006_p000043_g005_p000068_g004_p000031_g003_p000079_g002_p000037_g001_p000031_empty,g009_25f4c774de47f2e1_0036,43,9.0,44.0,21.0,4.719778735307045e-05,0.012944287620484829,0.004058463498950005,0.004058463498950005,0,False
9,g009_p000044_g008_p000019_g007_p000084_g006_p000043_g005_p000068_g004_p000031_g003_p000079_g002_p000037_g001_p000031_empty,g008_p000019_g007_p000084_g006_p000043_g005_p000068_g004_p000031_g003_p000079_g002_p000037_g001_p000031_empty,g009_25f4c774de47f2e1_0036,44,10.0,39.0,21.0,4.7197783715091646e-05,0.010223996825516224,0.0013381727039813995,0.0013381727039813995,0,False
9,g009_p000045_g008_p000019_g007_p000084_g006_p000043_g005_p000068_g004_p000031_g003_p000079_g002_p000037_g001_p000031_empty,g008_p000019_g007_p000084_g006_p000043_g005_p000068_g004_p000031_g003_p000079_g002_p000037_g001_p000031_empty,g009_25f4c774de47f2e1_0036,45,10.0,44.0,21.0,4.7197783715091646e-05,0.010897395201027393,0.002011571079492569,0.002011571079492569,0,False
9,g009_p000046_g008_p000019_g007_p000084_g006_p000043_g005_p000068_g004_p000031_g003_p000079_g002_p000037_g001_p000031_empty,g008_p000019_g007_p000084_g006_p000043_g005_p000068_g004_p000031_g003_p000079_g002_p000037_g001_p000031_empty,g009_25f4c774de47f2e1_0036,46,12.0,41.0,21.0,4.7197783715091646e-05,0.011006305925548077,0.0021204818040132523,0.0021204818040132523,0,False
9,g009_p000047_g008_p000019_g007_p000084_g006_p000043_g005_p000068_g004_p000031_g003_p000079_g002_p000037_g001_p000031_empty,g008_p000019_g007_p000084_g006_p000043_g005_p000068_g004_p000031_g003_p000079_g002_p000037_g001_p000031_empty,g009_25f4c774de47f2e1_0036,47,12.0,42.0,21.0,4.719778007711284e-05,0.011101782321929932,0.0022159582003951073,0.0022159582003951073,0,False
9,g009_p000048_g008_p000025_g007_p000023_g006_p000007_g005_p000064_g004_p000031_g003_p000079_g002_p000037_g001_p000031_empty,g008_p000025_g007_p000023_g006_p000007_g005_p000064_g004_p000031_g003_p000079_g002_p000037_g001_p000031_empty,g009_25f4c774de47f2e1_0036,48,39.0,40.0,39.0,4.1637442336650565e-05,0.010683686472475529,0.0017978623509407043,0.0017978623509407043,0,False
9,g009_p000049_g008_p000025_g007_p000023_g006_p000007_g005_p000064_g004_p000031_g003_p000079_g002_p000037_g001_p000031_empty,g008_p000025_g007_p000023_g006_p000007_g005_p000064_g004_p000031_g003_p000079_g002_p000037_g001_p000031_empty,g009_25f4c774de47f2e1_0036,49,39.0,43.0,39.0,4.1637442336650565e-05,0.010465744882822037,0.0015799207612872124,0.0015799207612872124,0,False
9,g009_p000050_g008_p000025_g007_p000023_g006_p000007_g005_p000064_g004_p000031_g003_p000079_g002_p000037_g001_p000031_empty,g008_p000025_g007_p000023_g006_p000007_g005_p000064_g004_p000031_g003_p000079_g002_p000037_g001_p000031_empty,g009_25f4c774de47f2e1_0036,50,40.0,39.0,39.0,4.1637442336650565e-05,0.010908996686339378,0.002023172564804554,0.002023172564804554,0,False
9,g009_p000051_g008_p000025_g007_p000023_g006_p000007_g005_p000064_g004_p000031_g003_p000079_g002_p000037_g001_p000031_empty,g008_p000025_g007_p000023_g006_p000007_g005_p000064_g004_p000031_g003_p000079_g002_p000037_g001_p000031_empty,g009_25f4c774de47f2e1_0036,51,40.0,44.0,39.0,4.1637442336650565e-05,0.012734668329358101,0.0038488442078232765,0.0038488442078232765,0,False
9,g009_p000052_g008_p000025_g007_p000023_g006_p000007_g005_p000064_g004_p000031_g003_p000079_g002_p000037_g001_p000031_empty,g008_p000025_g007_p000023_g006_p000007_g005_p000064_g004_p000031_g003_p000079_g002_p000037_g001_p000031_empty,g009_25f4c774de47f2e1_0036,52,43.0,39.0,39.0,4.163743869867176e-05,0.011243588291108608,0.002357764169573784,0.002357764169573784,0,False
9,g009_p000053_g008_p000025_g007_p000023_g006_p000007_g005_p000064_g004_p000031_g003_p000079_g002_p000037_g001_p000031_empty,g008_p000025_g007_p000023_g006_p000007_g005_p000064_g004_p000031_g003_p000079_g002_p000037_g001_p000031_empty,g009_25f4c774de47f2e1_0036,53,43.0,44.0,39.0,4.163743869867176e-05,0.010630550794303417,0.0017447266727685928,0.0017447266727685928,0,False
9,g009_p000054_g008_p000025_g007_p000023_g006_p000007_g005_p000064_g004_p000031_g003_p000079_g002_p000037_g001_p000031_empty,g008_p000025_g007_p000023_g006_p000007_g005_p000064_g004_p000031_g003_p000079_g002_p000037_g001_p000031_empty,g009_25f4c774de47f2e1_0036,54,44.0,40.0,39.0,4.163743869867176e-05,0.011718994937837124,0.0028331708163022995,0.0028331708163022995,0,False
9,g009_p000055_g008_p000025_g007_p000023_g006_p000007_g005_p000064_g004_p000031_g003_p000079_g002_p000037_g001_p000031_empty,g008_p000025_g007_p000023_g006_p000007_g005_p000064_g004_p000031_g003_p000079_g002_p000037_g001_p000031_empty,g009_25f4c774de47f2e1_0036,55,44.0,43.0,39.0,4.163743869867176e-05,0.01385903637856245,0.004973212257027626,0.004973212257027626,0,False
9,g009_p000056_g008_p000025_g007_p000023_g006_p000007_g005_p000064_g004_p000031_g003_p000079_g002_p000037_g001_p000031_empty,g008_p000025_g007_p000023_g006_p000007_g005_p000064_g004_p000031_g003_p000079_g002_p000037_g001_p000031_empty,g009_25f4c774de47f2e1_0036,56,7.0,40.0,21.0,4.1611248889239505e-05,0.009617595002055168,0.0007317708805203438,0.0007317708805203438,0,False
9,g009_p000057_g008_p000025_g007_p000023_g006_p000007_g005_p000064_g004_p000031_g003_p000079_g002_p000037_g001_p000031_empty,g008_p000025_g007_p000023_g006_p000007_g005_p000064_g004_p000031_g003_p000079_g002_p000037_g001_p000031_empty,g009_25f4c774de47f2e1_0036,57,7.0,43.0,21.0,4.1611248889239505e-05,0.010316883213818073,0.001431059092283249,0.001431059092283249,0,False
9,g009_p000058_g008_p000025_g007_p000023_g006_p000007_g005_p000064_g004_p000031_g003_p000079_g002_p000037_g001_p000031_empty,g008_p000025_g007_p000023_g006_p000007_g005_p000064_g004_p000031_g003_p000079_g002_p000037_g001_p000031_empty,g009_25f4c774de47f2e1_0036,58,8.0,39.0,21.0,4.1611248889239505e-05,0.011141140013933182,0.0022553158923983574,0.0022553158923983574,0,False
9,g009_p000059_g008_p000025_g007_p000023_g006_p000007_g005_p000064_g004_p000031_g003_p000079_g002_p000037_g001_p000031_empty,g008_p000025_g007_p000023_g006_p000007_g005_p000064_g004_p000031_g003_p000079_g002_p000037_g001_p000031_empty,g009_25f4c774de47f2e1_0036,59,8.0,44.0,21.0,4.1611248889239505e-05,0.011366510763764381,0.002480686642229557,0.002480686642229557,0,False
9,g009_p000060_g008_p000031_g007_p000023_g006_p000007_g005_p000064_g004_p000031_g003_p000079_g002_p000037_g001_p000031_empty,g008_p000031_g007_p000023_g006_p000007_g005_p000064_g004_p000031_g003_p000079_g002_p000037_g001_p000031_empty,g009_25f4c774de47f2e1_0036,60,11.0,39.0,21.0,4.16112452512607e-05,0.011810434982180595,0.002924610860645771,0.002924610860645771,0,False
9,g009_p000061_g008_p000031_g007_p000023_g006_p000007_g005_p000064_g004_p000031_g003_p000079_g002_p000037_g001_p000031_empty,g008_p000031_g007_p000023_g006_p000007_g005_p000064_g004_p000031_g003_p000079_g002_p000037_g001_p000031_empty,g009_25f4c774de47f2e1_0036,61,11.0,44.0,21.0,4.16112452512607e-05,0.01281808689236641,0.003932262770831585,0.003932262770831585,0,False
9,g009_p000062_g008_p000031_g007_p000023_g006_p000007_g005_p000064_g004_p000031_g003_p000079_g002_p000037_g001_p000031_empty,g008_p000031_g007_p000023_g006_p000007_g005_p000064_g004_p000031_g003_p000079_g002_p000037_g001_p000031_empty,g009_25f4c774de47f2e1_0036,62,12.0,40.0,21.0,4.16112452512607e-05,0.01277121715247631,0.0038853930309414864,0.0038853930309414864,0,False
9,g009_p000063_g008_p000031_g007_p000023_g006_p000007_g005_p000064_g004_p000031_g003_p000079_g002_p000037_g001_p000031_empty,g008_p000031_g007_p000023_g006_p000007_g005_p000064_g004_p000031_g003_p000079_g002_p000037_g001_p000031_empty,g009_25f4c774de47f2e1_0036,63,12.0,43.0,21.0,4.16112452512607e-05,0.009906462393701077,0.0010206382721662521,0.0010206382721662521,0,False
9,g009_p000064_g008_p000031_g007_p000023_g006_p000007_g005_p000064_g004_p000031_g003_p000079_g002_p000037_g001_p000031_empty,g008_p000031_g007_p000023_g006_p000007_g005_p000064_g004_p000031_g003_p000079_g002_p000037_g001_p000031_empty,g009_25f4c774de47f2e1_0036,64,42.0,41.0,40.0,3.641900548245758e-05,0.011089712381362915,0.0022038882598280907,0.0022038882598280907,0,False
9,g009_p000065_g008_p000031_g007_p000023_g006_p000007_g005_p000064_g004_p000031_g003_p000079_g002_p000037_g001_p000031_empty,g008_p000031_g007_p000023_g006_p000007_g005_p000064_g004_p000031_g003_p000079_g002_p000037_g001_p000031_empty,g009_25f4c774de47f2e1_0036,65,42.0,42.0,40.0,3.641900548245758e-05,0.0108551736921072,0.0019693495705723763,0.0019693495705723763,0,False
9,g009_p000066_g008_p000031_g007_p000023_g006_p000007_g005_p000064_g004_p000031_g003_p000079_g002_p000037_g001_p000031_empty,g008_p000031_g007_p000023_g006_p000007_g005_p000064_g004_p000031_g003_p000079_g002_p000037_g001_p000031_empty,g009_25f4c774de47f2e1_0036,66,41.0,42.0,40.0,3.641900184447877e-05,0.01199418492615223,0.003108360804617405,0.003108360804617405,0,False
9,g009_p000067_g008_p000031_g007_p000023_g006_p000007_g005_p000064_g004_p000031_g003_p000079_g002_p000037_g001_p000031_empty,g008_p000031_g007_p000023_g006_p000007_g005_p000064_g004_p000031_g003_p000079_g002_p000037_g001_p000031_empty,g009_25f4c774de47f2e1_0036,67,41.0,41.0,40.0,3.641899456852116e-05,0.011259347200393677,0.0023735230788588524,0.0023735230788588524,0,False
9,g009_p000068_g008_p000031_g007_p000023_g006_p000007_g005_p000064_g004_p000031_g003_p000079_g002_p000037_g001_p000031_empty,g008_p000031_g007_p000023_g006_p000007_g005_p000064_g004_p000031_g003_p000079_g002_p000037_g001_p000031_empty,g009_25f4c774de47f2e1_0036,68,10.0,41.0,22.0,3.638600173871964e-05,0.01135985553264618,0.002474031411111355,0.002474031411111355,0,False
9,g009_p000069_g008_p000031_g007_p000023_g006_p000007_g005_p000064_g004_p000031_g003_p000079_g002_p000037_g001_p000031_empty,g008_p000031_g007_p000023_g006_p000007_g005_p000064_g004_p000031_g003_p000079_g002_p000037_g001_p000031_empty,g009_25f4c774de47f2e1_0036,69,10.0,42.0,22.0,3.638600173871964e-05,0.012057021260261536,0.0031711971387267113,0.0031711971387267113,0,False
9,g009_p000070_g008_p000031_g007_p000023_g006_p000007_g005_p000064_g004_p000031_g003_p000079_g002_p000037_g001_p000031_empty,g008_p000031_g007_p000023_g006_p000007_g005_p000064_g004_p000031_g003_p000079_g002_p000037_g001_p000031_empty,g009_25f4c774de47f2e1_0036,70,9.0,42.0,22.0,3.6385998100740835e-05,0.010680844075977802,0.001795019954442978,0.001795019954442978,0,False
9,g009_p000071_g008_p000031_g007_p000023_g006_p000007_g005_p000064_g004_p000031_g003_p000079_g002_p000037_g001_p000031_empty,g008_p000031_g007_p000023_g006_p000007_g005_p000064_g004_p000031_g003_p000079_g002_p000037_g001_p000031_empty,g009_25f4c774de47f2e1_0036,71,9.0,41.0,22.0,3.638599082478322e-05,0.010746140033006668,0.0018603159114718437,0.0018603159114718437,0,False
9,g009_p000072_g008_p000037_g007_p000093_g006_p000043_g005_p000068_g004_p000031_g003_p000079_g002_p000037_g001_p000031_empty,g008_p000037_g007_p000093_g006_p000043_g005_p000068_g004_p000031_g003_p000079_g002_p000037_g001_p000031_empty,g009_25f4c774de47f2e1_0036,72,38.0,41.0,39.0,3.565613951650448e-05,0.011588593013584614,0.0027027688920497894,0.0027027688920497894,0,False
9,g009_p000073_g008_p000037_g007_p000093_g006_p000043_g005_p000068_g004_p000031_g003_p000079_g002_p000037_g001_p000031_empty,g008_p000037_g007_p000093_g006_p000043_g005_p000068_g004_p000031_g003_p000079_g002_p000037_g001_p000031_empty,g009_25f4c774de47f2e1_0036,73,38.0,42.0,39.0,3.565613951650448e-05,0.011925404891371727,0.0030395807698369026,0.0030395807698369026,0,False
9,g009_p000074_g008_p000037_g007_p000093_g006_p000043_g005_p000068_g004_p000031_g003_p000079_g002_p000037_g001_p000031_empty,g008_p000037_g007_p000093_g006_p000043_g005_p000068_g004_p000031_g003_p000079_g002_p000037_g001_p000031_empty,g009_25f4c774de47f2e1_0036,74,41.0,38.0,39.0,3.5656135878525674e-05,0.010638086125254631,0.0017522620037198067,0.0017522620037198067,0,False
9,g009_p000075_g008_p000037_g007_p000093_g006_p000043_g005_p000068_g004_p000031_g003_p000079_g002_p000037_g001_p000031_empty,g008_p000037_g007_p000093_g006_p000043_g005_p000068_g004_p000031_g003_p000079_g002_p000037_g001_p000031_empty,g009_25f4c774de47f2e1_0036,75,41.0,45.0,39.0,3.5656135878525674e-05,0.01175471767783165,0.0028688935562968254,0.0028688935562968254,0,False
9,g009_p000076_g008_p000037_g007_p000093_g006_p000043_g005_p000068_g004_p000031_g003_p000079_g002_p000037_g001_p000031_empty,g008_p000037_g007_p000093_g006_p000043_g005_p000068_g004_p000031_g003_p000079_g002_p000037_g001_p000031_empty,g009_25f4c774de47f2e1_0036,76,42.0,38.0,39.0,3.5656135878525674e-05,0.0113905044272542,0.0025046803057193756,0.0025046803057193756,0,False
9,g009_p000077_g008_p000037_g007_p000093_g006_p000043_g005_p000068_g004_p000031_g003_p000079_g002_p000037_g001_p000031_empty,g008_p000037_g007_p000093_g006_p000043_g005_p000068_g004_p000031_g003_p000079_g002_p000037_g001_p000031_empty,g009_25f4c774de47f2e1_0036,77,42.0,45.0,39.0,3.5656135878525674e-05,0.011479944922029972,0.0025941208004951477,0.0025941208004951477,0,False
9,g009_p000078_g008_p000037_g007_p000093_g006_p000043_g005_p000068_g004_p000031_g003_p000079_g002_p000037_g001_p000031_empty,g008_p000037_g007_p000093_g006_p000043_g005_p000068_g004_p000031_g003_p000079_g002_p000037_g001_p000031_empty,g009_25f4c774de47f2e1_0036,78,45.0,41.0,39.0,3.5656135878525674e-05,0.010619059205055237,0.0017332350835204124,0.0017332350835204124,0,False
9,g009_p000079_g008_p000037_g007_p000093_g006_p000043_g005_p000068_g004_p000031_g003_p000079_g002_p000037_g001_p000031_empty,g008_p000037_g007_p000093_g006_p000043_g005_p000068_g004_p000031_g003_p000079_g002_p000037_g001_p000031_empty,g009_25f4c774de47f2e1_0036,79,45.0,42.0,39.0,3.565613224054687e-05,0.01202472671866417,0.003138902597129345,0.003138902597129345,0,False
9,g009_p000080_g008_p000037_g007_p000093_g006_p000043_g005_p000068_g004_p000031_g003_p000079_g002_p000037_g001_p000031_empty,g008_p000037_g007_p000093_g006_p000043_g005_p000068_g004_p000031_g003_p000079_g002_p000037_g001_p000031_empty,g009_25f4c774de47f2e1_0036,80,6.0,41.0,21.0,3.563308928278275e-05,0.011044953018426895,0.0021591288968920708,0.0021591288968920708,0,False
9,g009_p000081_g008_p000037_g007_p000093_g006_p000043_g005_p000068_g004_p000031_g003_p000079_g002_p000037_g001_p000031_empty,g008_p000037_g007_p000093_g006_p000043_g005_p000068_g004_p000031_g003_p000079_g002_p000037_g001_p000031_empty,g009_25f4c774de47f2e1_0036,81,6.0,42.0,21.0,3.563308928278275e-05,0.012402444146573544,0.003516620025038719,0.003516620025038719,0,False
9,g009_p000082_g008_p000037_g007_p000093_g006_p000043_g005_p000068_g004_p000031_g003_p000079_g002_p000037_g001_p000031_empty,g008_p000037_g007_p000093_g006_p000043_g005_p000068_g004_p000031_g003_p000079_g002_p000037_g001_p000031_empty,g009_25f4c774de47f2e1_0036,82,9.0,38.0,21.0,3.563308564480394e-05,0.011332422494888306,0.0024465983733534813,0.0024465983733534813,0,False
9,g009_p000083_g008_p000037_g007_p000093_g006_p000043_g005_p000068_g004_p000031_g003_p000079_g002_p000037_g001_p000031_empty,g008_p000037_g007_p000093_g006_p000043_g005_p000068_g004_p000031_g003_p000079_g002_p000037_g001_p000031_empty,g009_25f4c774de47f2e1_0036,83,9.0,45.0,21.0,3.563308564480394e-05,0.01069901417940855,0.0018131900578737259,0.0018131900578737259,0,False
9,g009_p000084_g008_p000043_g007_p000093_g006_p000043_g005_p000068_g004_p000031_g003_p000079_g002_p000037_g001_p000031_empty,g008_p000043_g007_p000093_g006_p000043_g005_p000068_g004_p000031_g003_p000079_g002_p000037_g001_p000031_empty,g009_25f4c774de47f2e1_0036,84,10.0,38.0,21.0,3.563308564480394e-05,0.011673658154904842,0.002787834033370018,0.002787834033370018,0,False
9,g009_p000085_g008_p000043_g007_p000093_g006_p000043_g005_p000068_g004_p000031_g003_p000079_g002_p000037_g001_p000031_empty,g008_p000043_g007_p000093_g006_p000043_g005_p000068_g004_p000031_g003_p000079_g002_p000037_g001_p000031_empty,g009_25f4c774de47f2e1_0036,85,10.0,45.0,21.0,3.563308564480394e-05,0.011138706468045712,0.002252882346510887,0.002252882346510887,0,False
9,g009_p000086_g008_p000043_g007_p000093_g006_p000043_g005_p000068_g004_p000031_g003_p000079_g002_p000037_g001_p000031_empty,g008_p000043_g007_p000093_g006_p000043_g005_p000068_g004_p000031_g003_p000079_g002_p000037_g001_p000031_empty,g009_25f4c774de47f2e1_0036,86,13.0,41.0,21.0,3.563308564480394e-05,0.011156925931572914,0.0022711018100380898,0.0022711018100380898,0,False
9,g009_p000087_g008_p000043_g007_p000093_g006_p000043_g005_p000068_g004_p000031_g003_p000079_g002_p000037_g001_p000031_empty,g008_p000043_g007_p000093_g006_p000043_g005_p000068_g004_p000031_g003_p000079_g002_p000037_g001_p000031_empty,g009_25f4c774de47f2e1_0036,87,13.0,42.0,21.0,3.5633082006825134e-05,0.01056711096316576,0.0016812868416309357,0.0016812868416309357,0,False
9,g009_p000088_g008_p000043_g007_p000093_g006_p000043_g005_p000068_g004_p000031_g003_p000079_g002_p000037_g001_p000031_empty,g008_p000043_g007_p000093_g006_p000043_g005_p000068_g004_p000031_g003_p000079_g002_p000037_g001_p000031_empty,g009_25f4c774de47f2e1_0036,88,39.0,39.0,39.0,3.508279405650683e-05,0.010898093692958355,0.0020122695714235306,0.0020122695714235306,0,False
9,g009_p000089_g008_p000043_g007_p000093_g006_p000043_g005_p000068_g004_p000031_g003_p000079_g002_p000037_g001_p000031_empty,g008_p000043_g007_p000093_g006_p000043_g005_p000068_g004_p000031_g003_p000079_g002_p000037_g001_p000031_empty,g009_25f4c774de47f2e1_0036,89,39.0,44.0,39.0,3.508279041852802e-05,0.010973667725920677,0.002087843604385853,0.002087843604385853,0,False
9,g009_p000090_g008_p000043_g007_p000093_g006_p000043_g005_p000068_g004_p000031_g003_p000079_g002_p000037_g001_p000031_empty,g008_p000043_g007_p000093_g006_p000043_g005_p000068_g004_p000031_g003_p000079_g002_p000037_g001_p000031_empty,g009_25f4c774de47f2e1_0036,90,44.0,39.0,39.0,3.508279041852802e-05,0.01095216441899538,0.002066340297460556,0.002066340297460556,0,False
9,g009_p000091_g008_p000043_g007_p000093_g006_p000043_g005_p000068_g004_p000031_g003_p000079_g002_p000037_g001_p000031_empty,g008_p000043_g007_p000093_g006_p000043_g005_p000068_g004_p000031_g003_p000079_g002_p000037_g001_p000031_empty,g009_25f4c774de47f2e1_0036,91,44.0,44.0,39.0,3.508279041852802e-05,0.010958035476505756,0.002072211354970932,0.002072211354970932,0,False
9,g009_p000092_g008_p000043_g007_p000093_g006_p000043_g005_p000068_g004_p000031_g003_p000079_g002_p000037_g001_p000031_empty,g008_p000043_g007_p000093_g006_p000043_g005_p000068_g004_p000031_g003_p000079_g002_p000037_g001_p000031_empty,g009_25f4c774de47f2e1_0036,92,7.0,39.0,21.0,3.5060267691733316e-05,0.01246583741158247,0.0035800132900476456,0.0035800132900476456,0,False
9,g009_p000093_g008_p000043_g007_p000093_g006_p000043_g005_p000068_g004_p000031_g003_p000079_g002_p000037_g001_p000031_empty,g008_p000043_g007_p000093_g006_p000043_g005_p000068_g004_p000031_g003_p000079_g002_p000037_g001_p000031_empty,g009_25f4c774de47f2e1_0036,93,7.0,44.0,21.0,3.506026405375451e-05,0.013047127053141594,0.0041613029316067696,0.0041613029316067696,0,False
9,g009_p000094_g008_p000043_g007_p000093_g006_p000043_g005_p000068_g004_p000031_g003_p000079_g002_p000037_g001_p000031_empty,g008_p000043_g007_p000093_g006_p000043_g005_p000068_g004_p000031_g003_p000079_g002_p000037_g001_p000031_empty,g009_25f4c774de47f2e1_0036,94,12.0,39.0,21.0,3.506026405375451e-05,0.011689743958413601,0.0028039198368787766,0.0028039198368787766,0,False
9,g009_p000095_g008_p000043_g007_p000093_g006_p000043_g005_p000068_g004_p000031_g003_p000079_g002_p000037_g001_p000031_empty,g008_p000043_g007_p000093_g006_p000043_g005_p000068_g004_p000031_g003_p000079_g002_p000037_g001_p000031_empty,g009_25f4c774de47f2e1_0036,95,12.0,44.0,21.0,3.506026405375451e-05,0.010917440056800842,0.002031615935266018,0.002031615935266018,0,False
10,g010_p000000_g009_p000056_g008_p000025_g007_p000023_g006_p000007_g005_p000064_g004_p000031_g003_p000079_g002_p000037_g001_p000031_empty,g009_p000056_g008_p000025_g007_p000023_g006_p000007_g005_p000064_g004_p000031_g003_p000079_g002_p000037_g001_p000031_empty,g010_b1362b776eb8ccf0_0037,0,41.0,41.0,39.0,6.173095607664436e-05,0.012087501585483551,0.002469906583428383,0.0032016774639487267,0,False
10,g010_p000006_g009_p000056_g008_p000025_g007_p000023_g006_p000007_g005_p000064_g004_p000031_g003_p000079_g002_p000037_g001_p000031_empty,g009_p000056_g008_p000025_g007_p000023_g006_p000007_g005_p000064_g004_p000031_g003_p000079_g002_p000037_g001_p000031_empty,g010_b1362b776eb8ccf0_0037,1,41.0,42.0,39.0,6.173095607664436e-05,0.011571371927857399,0.001953776925802231,0.0026855478063225746,0,False
10,g010_p000012_g009_p000003_g008_p000001_g007_p000089_g006_p000043_g005_p000068_g004_p000031_g003_p000079_g002_p000037_g001_p000031_empty,g009_p000003_g008_p000001_g007_p000089_g006_p000043_g005_p000068_g004_p000031_g003_p000079_g002_p000037_g001_p000031_empty,g010_9ead20d59fb06a3c_0038,0,9.0,41.0,21.0,6.169795233290642e-05,0.01106340903788805,0.0014128424227237701,0.0021775849163532257,0,False
10,g010_p000018_g009_p000003_g008_p000001_g007_p000089_g006_p000043_g005_p000068_g004_p000031_g003_p000079_g002_p000037_g001_p000031_empty,g009_p000003_g008_p000001_g007_p000089_g006_p000043_g005_p000068_g004_p000031_g003_p000079_g002_p000037_g001_p000031_empty,g010_9ead20d59fb06a3c_0038,1,9.0,42.0,21.0,6.169795233290642e-05,0.010744395665824413,0.0010938290506601334,0.001858571544289589,0,False
10,g010_p000024_g009_p000063_g008_p000031_g007_p000023_g006_p000007_g005_p000064_g004_p000031_g003_p000079_g002_p000037_g001_p000031_empty,g009_p000063_g008_p000031_g007_p000023_g006_p000007_g005_p000064_g004_p000031_g003_p000079_g002_p000037_g001_p000031_empty,g010_56f12d6e0e305d73_0039,0,41.0,41.0,39.0,6.173095607664436e-05,0.011519339866936207,0.0016128774732351303,0.0026335157454013824,0,False
10,g010_p000030_g009_p000063_g008_p000031_g007_p000023_g006_p000007_g005_p000064_g004_p000031_g003_p000079_g002_p000037_g001_p000031_empty,g009_p000063_g008_p000031_g007_p000023_g006_p000007_g005_p000064_g004_p000031_g003_p000079_g002_p000037_g001_p000031_empty,g010_56f12d6e0e305d73_0039,1,41.0,42.0,39.0,6.173095607664436e-05,0.010842280462384224,0.0009358180686831474,0.0019564563408493996,0,False
10,g010_p000036_g009_p000007_g008_p000001_g007_p000089_g006_p000043_g005_p000068_g004_p000031_g003_p000079_g002_p000037_g001_p000031_empty,g009_p000007_g008_p000001_g007_p000089_g006_p000043_g005_p000068_g004_p000031_g003_p000079_g002_p000037_g001_p000031_empty,g010_0c142142c5a3ec73_0040,0,41.0,41.0,39.0,6.173095607664436e-05,0.010645461268723011,0.0006944118067622185,0.0017596371471881866,0,False
10,g010_p000042_g009_p000007_g008_p000001_g007_p000089_g006_p000043_g005_p000068_g004_p000031_g003_p000079_g002_p000037_g001_p000031_empty,g009_p000007_g008_p000001_g007_p000089_g006_p000043_g005_p000068_g004_p000031_g003_p000079_g002_p000037_g001_p000031_empty,g010_0c142142c5a3ec73_0040,1,41.0,42.0,39.0,6.173095607664436e-05,0.011628123931586742,0.0016770744696259499,0.002742299810051918,0,False
10,g010_p000048_g009_p000030_g008_p000013_g007_p000084_g006_p000043_g005_p000068_g004_p000031_g003_p000079_g002_p000037_g001_p000031_empty,g009_p000030_g008_p000013_g007_p000084_g006_p000043_g005_p000068_g004_p000031_g003_p000079_g002_p000037_g001_p000031_empty,g010_ad8c17ad22f1b7c4_0041,0,9.0,43.0,21.0,6.342554115690291e-05,0.011168825440108776,0.0009490856900811195,0.0022830013185739517,0,False
10,g010_p000054_g009_p000030_g008_p000013_g007_p000084_g006_p000043_g005_p000068_g004_p000031_g003_p000079_g002_p000037_g001_p000031_empty,g009_p000030_g008_p000013_g007_p000084_g006_p000043_g005_p000068_g004_p000031_g003_p000079_g002_p000037_g001_p000031_empty,g010_ad8c17ad22f1b7c4_0041,1,41.0,41.0,39.0,6.173095607664436e-05,0.010886305011808872,0.0006665652617812157,0.002000480890274048,0,False
10,g010_p000060_g009_p000044_g008_p000019_g007_p000084_g006_p000043_g005_p000068_g004_p000031_g003_p000079_g002_p000037_g001_p000031_empty,g009_p000044_g008_p000019_g007_p000084_g006_p000043_g005_p000068_g004_p000031_g003_p000079_g002_p000037_g001_p000031_empty,g010_fa91ebe6415ee92a_0042,0,41.0,41.0,39.0,6.173095607664436e-05,0.01224520243704319,0.002021205611526966,0.0033593783155083656,0,False
10,g010_p000066_g009_p000044_g008_p000019_g007_p000084_g006_p000043_g005_p000068_g004_p000031_g003_p000079_g002_p000037_g001_p000031_empty,g009_p000044_g008_p000019_g007_p000084_g006_p000043_g005_p000068_g004_p000031_g003_p000079_g002_p000037_g001_p000031_empty,g010_fa91ebe6415ee92a_0042,1,41.0,42.0,39.0,6.173095607664436e-05,0.01340517122298479,0.003181174397468567,0.004519347101449966,0,False
10,g010_p000072_g009_p000057_g008_p000025_g007_p000023_g006_p000007_g005_p000064_g004_p000031_g003_p000079_g002_p000037_g001_p000031_empty,g009_p000057_g008_p000025_g007_p000023_g006_p000007_g005_p000064_g004_p000031_g003_p000079_g002_p000037_g001_p000031_empty,g010_d6a5fbd89bdafceb_0043,0,41.0,41.0,39.0,6.173095607664436e-05,0.011787465773522854,0.0014705825597047806,0.0029016416519880295,0,False
10,g010_p000078_g009_p000057_g008_p000025_g007_p000023_g006_p000007_g005_p000064_g004_p000031_g003_p000079_g002_p000037_g001_p000031_empty,g009_p000057_g008_p000025_g007_p000023_g006_p000007_g005_p000064_g004_p000031_g003_p000079_g002_p000037_g001_p000031_empty,g010_d6a5fbd89bdafceb_0043,1,41.0,42.0,39.0,6.173095607664436e-05,0.01263090968132019,0.002314026467502117,0.003745085559785366,0,False
10,g010_p000084_g009_p000025_g008_p000013_g007_p000084_g006_p000043_g005_p000068_g004_p000031_g003_p000079_g002_p000037_g001_p000031_empty,g009_p000025_g008_p000013_g007_p000084_g006_p000043_g005_p000068_g004_p000031_g003_p000079_g002_p000037_g001_p000031_empty,g010_536e93d30d8d4784_0044,0,9.0,41.0,21.0,6.169795233290642e-05,0.012674866244196892,0.002313043922185898,0.0037890421226620674,0,False
10,g010_p000090_g009_p000025_g008_p000013_g007_p000084_g006_p000043_g005_p000068_g004_p000031_g003_p000079_g002_p000037_g001_p000031_empty,g009_p000025_g008_p000013_g007_p000084_g006_p000043_g005_p000068_g004_p000031_g003_p000079_g002_p000037_g001_p000031_empty,g010_536e93d30d8d4784_0044,1,9.0,42.0,21.0,6.169795233290642e-05,0.012093737721443176,0.0017319153994321823,0.003207913599908352,0,False
