level,control,step,temperature,soft_loss,hard_loss,soft_baseline_loss,hard_baseline_loss,truth_loss,soft_attainment,hard_attainment,soft_distance_to_baseline,soft_distance_to_truth,soft_distance_baseline_to_truth,soft_closer_to,soft_truth_direction_fraction,soft_orthogonal_response_fraction,hard_distance_to_baseline,hard_distance_to_truth,hard_distance_baseline_to_truth,hard_closer_to,hard_truth_direction_fraction,hard_orthogonal_response_fraction,raw_gradient_norm,gradient_norm_before_clip,actual_update_norm,cosine_negative_gradient_oracle_state_direction,directional_derivative_along_oracle,pre_projection_soft_loss,post_projection_soft_loss,pre_projection_hard_loss,post_projection_hard_loss,condition_projection_change_norm,projection_erasure_fraction,hard_label_flip_count,gradient_hidden_energy_fraction,gradient_fixed_drilled_energy_fraction,gradient_condition_energy_fraction,gradient_unconstrained_background_energy_fraction,gradient_outside_all_target_rois_energy_fraction,applied_update_hidden_energy_fraction,applied_update_fixed_drilled_energy_fraction,applied_update_condition_energy_fraction,applied_update_unconstrained_background_energy_fraction,applied_update_outside_all_target_rois_energy_fraction,hard_crossing_count,hard_crossing_rate,crossing_into_target,crossing_out_of_target,crossing_into_wrong_class,similarity_margin_mean,entropy_mean,target_probability_change_mean,margin_near_voxel_count,margin_near_target_probability_change_mean,margin_near_crossing_rate,margin_medium_voxel_count,margin_medium_target_probability_change_mean,margin_medium_crossing_rate,margin_high_voxel_count,margin_high_target_probability_change_mean,margin_high_crossing_rate,hard_flip_into_raw_label_-1,hard_flip_into_raw_label_0,hard_flip_into_raw_label_1,hard_flip_into_raw_label_2,hard_flip_into_raw_label_3,hard_flip_into_raw_label_4,hard_flip_into_raw_label_5,hard_flip_into_raw_label_6,hard_flip_into_raw_label_7,hard_flip_into_raw_label_8,hard_flip_into_raw_label_9,hard_flip_into_raw_label_10,hard_flip_into_raw_label_11,hard_flip_into_raw_label_12,hard_flip_into_raw_label_13,valid_interface_count,in_recording_window_interface_count,out_of_window_interface_count,cropped_interface_fraction,time_sample_boundary_distance_mean,reflectivity_rmse,arrival_twt_rmse_ms,deposited_spike_rmse,wavelet_amplitude_rmse
seismic,shuffled_xy,1,0.5,0.0004696001415140927,0.0003108970704488456,0.0004756535345222801,0.0003108970704488456,0.00038738749572075903,0.06858122433475622,nan,0.2753608469195874,24.89251146319859,24.985617885664062,baseline,0.003780186337875504,0.010352180924081031,0.0,10.173084561171867,10.173084561171867,baseline,0.0,0.0,2.9343664209591225e-06,2.9343664209591225e-06,2.256819725036621,1.7282826547670993e-06,-2.656016517832427e-10,0.0004696001415140927,0.0004696001415140927,0.0003108970704488456,0.0003108970704488456,0.0,0.0,0,0.005375878643246695,0.0,0.0,0.9946241213567534,0.9946241213567534,0.0032012668108879626,0.0,0.0,0.9967987331891119,0.9967987331891119,0,0.0,0,0,0,1.0714287757873535,2.303640365600586,-2.685398794710636e-05,0,nan,nan,0,nan,nan,161920,-2.685398794710636e-05,0.0,0,0,0,0,0,0,0,0,0,0,0,0,0,0,0,225280,225280,0,0.0,0.24183668196201324,0.03939202427864075,267.9895935058594,0.017545195296406746,0.02174271270632744
seismic,shuffled_xy,2,0.5,0.00046394867240451276,0.0003108970704488456,0.0004756535345222801,0.0003108970704488456,0.00038738749572075903,0.1326088977900935,nan,0.5342756061086209,24.812316709513336,24.985617885664062,baseline,0.007140606244838109,0.02015585181119729,0.0,10.173084561171867,10.173084561171867,baseline,0.0,0.0,2.7984353891952196e-06,2.7984353891952196e-06,2.2182302474975586,-0.039493538439273834,5.793614036520012e-06,0.00046394867240451276,0.00046394867240451276,0.0003108970704488456,0.0003108970704488456,0.0,0.0,0,0.006178136312858266,0.0,0.0,0.9938218636871415,0.9938218636871415,0.0033118374934876745,0.0,0.0,0.9966881625065125,0.9966881625065125,0,0.0,0,0,0,1.071085810661316,2.303656816482544,-2.6957290174323134e-05,0,nan,nan,0,nan,nan,161920,-2.6957290174323134e-05,0.0,0,0,0,0,0,0,0,0,0,0,0,0,0,0,0,225280,225280,0,0.0,0.2414768785238266,0.039238180965185165,267.94476318359375,0.017484622076153755,0.02167266607284546
seismic,shuffled_xy,3,0.5,0.0004585734277497977,0.0003108970704488456,0.0004756535345222801,0.0003108970704488456,0.00038738749572075903,0.1935071178495897,nan,0.7815017402715684,24.743944054969937,24.985617885664062,baseline,0.010114897503827769,0.02959740019715075,0.0,10.173084561171867,10.173084561171867,baseline,0.0,0.0,2.726297907429398e-06,2.726297907429398e-06,2.188328981399536,-0.07602245360612869,1.0894245860981755e-05,0.0004585734277497977,0.0004585734277497977,0.0003108970704488456,0.0003108970704488456,0.0,0.0,0,0.00704284941608474,0.0,0.0,0.9929571505839152,0.9929571505839152,0.00341493988775745,0.0,0.0,0.9965850601122427,0.9965850601122427,0,0.0,0,0,0,1.0706859827041626,2.3037047386169434,-2.7090512958238833e-05,0,nan,nan,0,nan,nan,161920,-2.7090512958238833e-05,0.0,0,0,0,0,0,0,0,0,0,0,0,0,0,0,0,225280,225280,0,0.0,0.24109932780265808,0.0391075499355793,267.9039611816406,0.017432579770684242,0.021612947806715965
seismic,shuffled_xy,4,0.5,0.0004534300824161619,0.0003108970704488456,0.0004756535345222801,0.0003108970704488456,0.00038738749572075903,0.2517780610512141,nan,1.0200310793713903,24.68647999350142,24.985617885664062,baseline,0.012734063255331008,0.038787912187762605,0.0,10.173084561171867,10.173084561171867,baseline,0.0,0.0,2.715229584282497e-06,2.715229584282497e-06,2.163544178009033,-0.10838516056537628,1.5536381397396326e-05,0.0004534300824161619,0.0004534300824161619,0.0003108970704488456,0.0003108970704488456,0.0,0.0,0,0.007871033768057109,0.0,0.0,0.9921289662319431,0.9921289662319431,0.0035103742445409115,0.0,0.0,0.996489625755459,0.996489625755459,0,0.0,0,0,0,1.070230484008789,2.3037819862365723,-2.6730847821454518e-05,0,nan,nan,0,nan,nan,161920,-2.6730847821454518e-05,0.0,0,0,0,0,0,0,0,0,0,0,0,0,0,0,0,225280,225280,0,0.0,0.24093790352344513,0.03899865970015526,267.8677673339844,0.017388489097356796,0.02156275324523449
seismic,shuffled_xy,5,0.5,0.0004484887176658958,0.0003108970704488456,0.0004756535345222801,0.0003108970704488456,0.00038738749572075903,0.30776068831488285,nan,1.253608532787206,24.63923037151196,24.985617885664062,baseline,0.015026053285566507,0.04787032735356525,0.0,10.173084561171867,10.173084561171867,baseline,0.0,0.0,2.7956411940976977e-06,2.7956411940976977e-06,2.1086058616638184,-0.13169614970684052,1.9551775039872155e-05,0.0004484887176658958,0.0004484887176658958,0.0003108970704488456,0.0003108970704488456,0.0,0.0,0,0.008342344449501111,0.0,0.0,0.991657655550499,0.991657655550499,0.003713584457215146,0.0,0.0,0.9962864155427846,0.9962864155427846,0,0.0,0,0,0,1.0697276592254639,2.303886890411377,-2.261095869471319e-05,0,nan,nan,0,nan,nan,161920,-2.261095869471319e-05,0.0,0,0,0,0,0,0,0,0,0,0,0,0,0,0,0,225280,225280,0,0.0,0.2408115416765213,0.03891034796833992,267.8433532714844,0.017351845279335976,0.02152148261666298
seismic,shuffled_xy,6,0.5,0.00044371714466251433,0.0003108970704488456,0.0004756535345222801,0.0003108970704488456,0.00038738749572075903,0.361819679385175,nan,1.485185516621135,24.601454319824416,24.985617885664062,baseline,0.01702383946780524,0.056951687095973896,0.0,10.173084561171867,10.173084561171867,baseline,0.0,0.0,2.886562697312911e-06,2.886562697312911e-06,2.0759031772613525,-0.1527525782585144,2.358480924158357e-05,0.00044371714466251433,0.00044371714466251433,0.0003108970704488456,0.0003108970704488456,0.0,0.0,0,0.008819440077307865,0.0,0.0,0.991180559922692,0.991180559922692,0.00384823615258974,0.0,0.0,0.9961517638474102,0.9961517638474102,0,0.0,0,0,0,1.0692272186279297,2.3040153980255127,-1.9768312995438464e-05,0,nan,nan,0,nan,nan,161920,-1.9768312995438464e-05,0.0,0,0,0,0,0,0,0,0,0,0,0,0,0,0,0,225280,225280,0,0.0,0.2406356781721115,0.038841333240270615,267.8274841308594,0.017322078347206116,0.021488485857844353
seismic,shuffled_xy,7,0.5,0.0004390314279589802,0.0003108970704488456,0.0004756535345222801,0.0003108970704488456,0.00038738749572075903,0.4149059713175754,nan,1.718301122358701,24.57261359838852,24.985617885664062,baseline,0.018757832631384672,0.06616402195362543,0.0,10.173084561171867,10.173084561171867,baseline,0.0,0.0,2.9551035822805716e-06,2.9551035822805716e-06,2.0268940925598145,-0.17346788942813873,2.764997407211922e-05,0.0004390314279589802,0.0004390314279589802,0.0003108970704488456,0.0003108970704488456,0.0,0.0,0,0.009779661919927655,0.0,0.0,0.9902203380800723,0.9902203380800723,0.004056767713288087,0.0,0.0,0.995943232286712,0.995943232286712,0,0.0,0,0,0,1.068699598312378,2.304164409637451,-1.9042427084059455e-05,0,nan,nan,0,nan,nan,161920,-1.9042427084059455e-05,0.0,0,0,0,0,0,0,0,0,0,0,0,0,0,0,0,225280,225280,0,0.0,0.24051690101623535,0.038790371268987656,267.81524658203125,0.017298726364970207,0.021463295444846153
seismic,shuffled_xy,8,0.5,0.00043455377453938127,0.0003108970704488456,0.0004756535345222801,0.0003108970704488456,0.00038738749572075903,0.4656350340510644,nan,1.951623638685483,24.55199083506635,24.985617885664062,baseline,0.02025504371716347,0.07543796595300895,0.0,10.173084561171867,10.173084561171867,baseline,0.0,0.0,2.9151483431633096e-06,2.9151483431633096e-06,1.9947938919067383,-0.19080112874507904,3.028528044524137e-05,0.00043455377453938127,0.00043455377453938127,0.0003108970704488456,0.0003108970704488456,0.0,0.0,0,0.0062229768415048604,0.0,0.0,0.9937770231584954,0.9937770231584954,0.004092702782846146,0.0,0.0,0.995907297217154,0.995907297217154,0,0.0,0,0,0,1.0681360960006714,2.3043313026428223,-1.9172115571564063e-05,0,nan,nan,0,nan,nan,161920,-1.9172115571564063e-05,0.0,0,0,0,0,0,0,0,0,0,0,0,0,0,0,0,225280,225280,0,0.0,0.24049445986747742,0.03875623270869255,267.80413818359375,0.017281118780374527,0.02144528180360794
seismic,shuffled_xy,9,0.5,0.00043007644126191735,0.0003108970704488456,0.0004756535345222801,0.0003108970704488456,0.00038738749572075903,0.5163604697708188,nan,2.193214171053803,24.539546161181406,24.985617885664062,baseline,0.02154635442523232,0.0850935886264925,0.0,10.173084561171867,10.173084561171867,baseline,0.0,0.0,2.8978020054637454e-06,2.8978020054637454e-06,1.992020606994629,-0.20602747797966003,3.284394188085571e-05,0.00043007644126191735,0.00043007644126191735,0.0003108970704488456,0.0003108970704488456,0.0,0.0,0,0.00591540614717751,0.0,0.0,0.9940845938528226,0.9940845938528226,0.00404825410023254,0.0,0.0,0.9959517458997674,0.9959517458997674,0,0.0,0,0,0,1.0675524473190308,2.3045125007629395,-2.08032888622256e-05,0,nan,nan,0,nan,nan,161920,-2.08032888622256e-05,0.0,0,0,0,0,0,0,0,0,0,0,0,0,0,0,0,225280,225280,0,0.0,0.24051620066165924,0.038737647235393524,267.7911682128906,0.017269419506192207,0.02143441140651703
seismic,shuffled_xy,10,0.5,0.00042549590580165386,0.0003108970704488456,0.0004756535345222801,0.0003108970704488456,0.00038738749572075903,0.5682551228271715,nan,2.4463915925771715,24.53522439884954,24.985617885664062,baseline,0.02265701828840682,0.09525448806347044,0.0,10.173084561171867,10.173084561171867,baseline,0.0,0.0,2.961396148748463e-06,2.961396148748463e-06,2.019810676574707,-0.19976095855236053,3.290853783255443e-05,0.00042549590580165386,0.00042549590580165386,0.0003108970704488456,0.0003108970704488456,0.0,0.0,0,0.005298828302770376,0.0,0.0,0.9947011716972293,0.9947011716972293,0.003888563676504047,0.0,0.0,0.9961114363234961,0.9961114363234961,0,0.0,0,0,0,1.0669270753860474,2.3047070503234863,-2.377985219936818e-05,0,nan,nan,0,nan,nan,161920,-2.377985219936818e-05,0.0,0,0,0,0,0,0,0,0,0,0,0,0,0,0,0,225280,225280,0,0.0,0.24060285091400146,0.038732968270778656,267.7729187011719,0.017263758927583694,0.021430637687444687
seismic,shuffled_xy,11,0.5,0.0004218147078063339,0.0003108970704488456,0.0004756535345222801,0.0003108970704488456,0.00038738749572075903,0.6099608348462378,nan,2.6807689925134794,24.535534094399136,24.985617885664062,baseline,0.023607306203037096,0.1046631362531974,0.0,10.173084561171867,10.173084561171867,baseline,0.0,0.0,3.4189272355433786e-06,3.4189272355433786e-06,1.975773572921753,-0.17175588011741638,3.305634163552895e-05,0.0004218147078063339,0.0004218147078063339,0.0003108970704488456,0.0003108970704488456,0.0,0.0,0,0.0036786834266205578,0.0,0.0,0.9963213165733794,0.9963213165733794,0.004000598109189779,0.0,0.0,0.99599940189081,0.99599940189081,0,0.0,0,0,0,1.0662784576416016,2.3049137592315674,-2.1402278434834443e-05,0,nan,nan,0,nan,nan,161920,-2.1402278434834443e-05,0.0,0,0,0,0,0,0,0,0,0,0,0,0,0,0,0,225280,225280,0,0.0,0.24076469242572784,0.03874093294143677,267.7593688964844,0.017260344699025154,0.021430907770991325
seismic,shuffled_xy,12,0.5,0.0004184477438684553,0.0003108970704488456,0.0004756535345222801,0.0003108970704488456,0.00038738749572075903,0.6481064680206199,nan,2.9180407736987757,24.54214725435591,24.985617885664062,baseline,0.02441133583557382,0.11420908297899228,0.0,10.173084561171867,10.173084561171867,baseline,0.0,0.0,2.931436483777361e-06,2.931436483777361e-06,1.8993076086044312,-0.20998956263065338,3.507678411551751e-05,0.0004184477438684553,0.0004184477438684553,0.0003108970704488456,0.0003108970704488456,0.0,0.0,0,0.00456471993672967,0.0,0.0,0.9954352800632702,0.9954352800632702,0.004238405779289546,0.0,0.0,0.9957615942207104,0.9957615942207104,0,0.0,0,0,0,1.0656009912490845,2.305121898651123,-1.7884680346469395e-05,0,nan,nan,0,nan,nan,161920,-1.7884680346469395e-05,0.0,0,0,0,0,0,0,0,0,0,0,0,0,0,0,0,225280,225280,0,0.0,0.24097025394439697,0.0387599803507328,267.75384521484375,0.017261162400245667,0.02143668383359909
seismic,shuffled_xy,13,0.5,0.0004161457472946495,0.0003108970704488456,0.0004756535345222801,0.0003108970704488456,0.00038738749572075903,0.6741866751428879,nan,3.1322332323657998,24.551576554161684,24.985617885664062,baseline,0.025078506140016846,0.12282736309435482,0.0,10.173084561171867,10.173084561171867,baseline,0.0,0.0,2.1698654109059134e-06,2.1698654109059134e-06,1.827591896057129,-0.24034853279590607,3.0091323424130678e-05,0.0004161457472946495,0.0004161457472946495,0.0003108970704488456,0.0003108970704488456,0.0,0.0,0,0.0065796434770472485,0.0,0.0,0.9934203565229527,0.9934203565229527,0.004260291588926416,0.0,0.0,0.9957397084110736,0.9957397084110736,0,0.0,0,0,0,1.0649479627609253,2.305333375930786,-1.584220262884628e-05,0,nan,nan,0,nan,nan,161920,-1.584220262884628e-05,0.0,0,0,0,0,0,0,0,0,0,0,0,0,0,0,0,225280,225280,0,0.0,0.24119754135608673,0.0387878455221653,267.7528076171875,0.017262861132621765,0.02144492045044899
seismic,shuffled_xy,14,0.5,0.0004142424731981009,0.0003108970704488456,0.0004756535345222801,0.0003108970704488456,0.00038738749572075903,0.695749601523082,nan,3.3348924628173435,24.56400382926657,24.985617885664062,baseline,0.025639351155181175,0.1309867452713159,0.0,10.173084561171867,10.173084561171867,baseline,0.0,0.0,2.614381855892134e-06,2.614381855892134e-06,1.6641385555267334,-0.14732548594474792,2.2504489606944844e-05,0.0004142424731981009,0.0004142424731981009,0.0003108970704488456,0.0003108970704488456,0.0,0.0,0,0.0034126705551320744,0.0,0.0,0.9965873294448677,0.9965873294448677,0.004745952174894434,0.0,0.0,0.9952540478251055,0.9952540478251055,0,0.0,0,0,0,1.0643094778060913,2.3055436611175537,-1.178391721623484e-05,0,nan,nan,0,nan,nan,161920,-1.178391721623484e-05,0.0,0,0,0,0,0,0,0,0,0,0,0,0,0,0,0,225280,225280,0,0.0,0.2413482815027237,0.03882217779755592,267.75823974609375,0.017265787348151207,0.02145577408373356
seismic,shuffled_xy,15,0.5,0.0004125324485357851,0.0003108970704488456,0.0004756535345222801,0.0003108970704488456,0.00038738749572075903,0.7151231305217163,nan,3.531519107783951,24.579538922297044,24.985617885664062,baseline,0.02610922759428383,0.13890964958093807,0.0,10.173084561171867,10.173084561171867,baseline,0.0,0.0,2.521848273318028e-06,2.521848273318028e-06,1.570241093635559,-0.1320146769285202,1.9687093299580738e-05,0.0004125324485357851,0.0004125324485357851,0.0003108970704488456,0.0003108970704488456,0.0,0.0,0,0.002713098347357905,0.0,0.0,0.9972869016526421,0.9972869016526421,0.004880072716393354,0.0,0.0,0.9951199272836067,0.9951199272836067,0,0.0,0,0,0,1.063739538192749,2.305738925933838,-8.685449756740127e-06,0,nan,nan,0,nan,nan,161920,-8.685449756740127e-06,0.0,0,0,0,0,0,0,0,0,0,0,0,0,0,0,0,225280,225280,0,0.0,0.24142274260520935,0.038860905915498734,267.7679748535156,0.01727038063108921,0.021469343453645706
seismic,shuffled_xy,16,0.5,0.0004111272282898426,0.0003108970704488456,0.0004756535345222801,0.0003108970704488456,0.00038738749572075903,0.7310434127165739,nan,3.7224240913221527,24.597730295262014,24.985617885664062,baseline,0.026501848691086877,0.14660657659074086,0.0,10.173084561171867,10.173084561171867,baseline,0.0,0.0,1.6089228438431746e-06,1.6089228438431746e-06,1.4973745346069336,-0.17281198501586914,1.6630554455332458e-05,0.0004111272282898426,0.0004111272282898426,0.0003108970704488456,0.0003108970704488456,0.0,0.0,0,0.004912537700915001,0.0,0.0,0.9950874622990851,0.9950874622990851,0.004866479637013007,0.0,0.0,0.9951335203629867,0.9951335203629867,0,0.0,0,0,0,1.0632293224334717,2.3059194087982178,-7.236069905047771e-06,0,nan,nan,0,nan,nan,161920,-7.236069905047771e-06,0.0,0,0,0,0,0,0,0,0,0,0,0,0,0,0,0,225280,225280,0,0.0,0.24140635132789612,0.038901764899492264,267.779296875,0.017276853322982788,0.021485233679413795
seismic,shuffled_xy,17,0.5,0.00041010603308677673,0.0003108970704488456,0.0004756535345222801,0.0003108970704488456,0.00038738749572075903,0.742612927072624,nan,3.9067475864404253,24.6180030571287,24.985617885664062,baseline,0.02682902241572543,0.15404092888318005,0.0,10.173084561171867,10.173084561171867,baseline,0.0,0.0,1.4357289046529331e-06,1.4357287909660954e-06,1.4230104684829712,-0.16429463028907776,1.4263758203014731e-05,0.00041010603308677673,0.00041010603308677673,0.0003108970704488456,0.0003108970704488456,0.0,0.0,0,0.0046447196819370895,0.0,0.0,0.995355280318063,0.995355280318063,0.004839937301833825,0.0,0.0,0.9951600626981663,0.9951600626981663,0,0.0,0,0,0,1.0627540349960327,2.306088447570801,-5.773302291345317e-06,0,nan,nan,0,nan,nan,161920,-5.773302291345317e-06,0.0,0,0,0,0,0,0,0,0,0,0,0,0,0,0,0,225280,225280,0,0.0,0.24130073189735413,0.03894348070025444,267.7921447753906,0.01728498749434948,0.021502939984202385
seismic,shuffled_xy,18,0.5,0.0004090367874596268,0.0003108970704488456,0.0004756535345222801,0.0003108970704488456,0.00038738749572075903,0.7547268232173722,nan,4.073650618597174,24.63813479138676,24.985617885664062,baseline,0.027101608899505806,0.16077153164213137,0.0,10.173084561171867,10.173084561171867,baseline,0.0,0.0,2.51494179792644e-06,2.51494179792644e-06,1.369396686553955,-0.09696182608604431,1.4899858797434717e-05,0.0004090367874596268,0.0004090367874596268,0.0003108970704488456,0.0003108970704488456,0.0,0.0,0,0.0012041644782332058,0.0,0.0,0.9987958355217667,0.9987958355217667,0.004653813876835314,0.0,0.0,0.9953461861231648,0.9953461861231648,0,0.0,0,0,0,1.0623120069503784,2.306246042251587,-7.454622846125858e-06,0,nan,nan,0,nan,nan,161920,-7.454622846125858e-06,0.0,0,0,0,0,0,0,0,0,0,0,0,0,0,0,0,225280,225280,0,0.0,0.24126021564006805,0.03898443654179573,267.80029296875,0.0172935351729393,0.021520525217056274
seismic,shuffled_xy,19,0.5,0.00040861612069420516,0.0003108970704488456,0.0004756535345222801,0.0003108970704488456,0.00038738749572075903,0.7594927192645208,nan,4.221880029774439,24.65733327363316,24.985617885664062,baseline,0.027328464601548457,0.16674780306406664,0.0,10.173084561171867,10.173084561171867,baseline,0.0,0.0,1.201600184685958e-06,1.201600184685958e-06,1.2952954769134521,-0.11117709428071976,8.244824130088091e-06,0.00040861612069420516,0.00040861612069420516,0.0003108970704488456,0.0003108970704488456,0.0,0.0,0,0.004564925915012504,0.0,0.0,0.9954350740849875,0.9954350740849875,0.004600028918835554,0.0,0.0,0.9953999710811643,0.9953999710811643,0,0.0,0,0,0,1.061854362487793,2.3063976764678955,-6.31454940958065e-06,0,nan,nan,0,nan,nan,161920,-6.31454940958065e-06,0.0,0,0,0,0,0,0,0,0,0,0,0,0,0,0,0,225280,225280,0,0.0,0.24121609330177307,0.039023507386446,267.80926513671875,0.017301572486758232,0.0215372946113348
seismic,shuffled_xy,20,0.5,0.00040809749043546617,0.0003108970704488456,0.0004756535345222801,0.0003108970704488456,0.00038738749572075903,0.7653684815144299,nan,4.359185889361001,24.67643246906377,24.985617885664062,baseline,0.027517478331518422,0.17228407672329996,0.0,10.173084561171867,10.173084561171867,baseline,0.0,0.0,1.8327607449464267e-06,1.8327607449464267e-06,1.193216323852539,-0.09364702552556992,1.069316112989327e-05,0.00040809749043546617,0.00040809749043546617,0.0003108970704488456,0.0003108970704488456,0.0,0.0,0,0.0018571205021969388,0.0,0.0,0.9981428794978029,0.9981428794978029,0.004773827539997475,0.0,0.0,0.9952261724600023,0.9952261724600023,0,0.0,0,0,0,1.0614218711853027,2.306539535522461,-7.09248888597358e-06,0,nan,nan,0,nan,nan,161920,-7.09248888597358e-06,0.0,0,0,0,0,0,0,0,0,0,0,0,0,0,0,0,225280,225280,0,0.0,0.24117718636989594,0.03905970975756645,267.8156433105469,0.017310449853539467,0.021553976461291313
seismic,shuffled_xy,21,0.5,0.00040733255445957184,0.0003108970704488456,0.0004756535345222801,0.0003108970704488456,0.00038738749572075903,0.774034736240264,nan,4.480069211375761,24.694084426407127,24.985617885664062,baseline,0.02767528565749592,0.1771572511890818,0.0,10.173084561171867,10.173084561171867,baseline,0.0,0.0,1.9540293578756973e-06,1.9540295852493728e-06,1.141393780708313,-0.05582253262400627,6.857668267912231e-06,0.00040733255445957184,0.00040733255445957184,0.0003108970704488456,0.0003108970704488456,0.0,0.0,0,0.0016544350913048464,0.0,0.0,0.9983455649086954,0.9983455649086954,0.004589568568513446,0.0,0.0,0.9954104314314864,0.9954104314314864,0,0.0,0,0,0,1.060981273651123,2.3066773414611816,-8.111320312309545e-06,0,nan,nan,0,nan,nan,161920,-8.111320312309545e-06,0.0,0,0,0,0,0,0,0,0,0,0,0,0,0,0,0,225280,225280,0,0.0,0.24119065701961517,0.03909169137477875,267.8184509277344,0.01731915958225727,0.021569395437836647
seismic,shuffled_xy,22,0.5,0.0004068983835168183,0.0003108970704488456,0.0004756535345222801,0.0003108970704488456,0.00038738749572075903,0.7789536263213046,nan,4.570891122101067,24.707392896938476,24.985617885664062,baseline,0.02780709119023195,0.18081519340255853,0.0,10.173084561171867,10.173084561171867,baseline,0.0,0.0,1.2060020253557013e-06,1.2060020253557013e-06,1.0719633102416992,0.009822574444115162,-7.511550279559742e-07,0.0004068983835168183,0.0004068983835168183,0.0003108970704488456,0.0003108970704488456,0.0,0.0,0,0.00455453690277746,0.0,0.0,0.9954454630972225,0.9954454630972225,0.004586772329186457,0.0,0.0,0.9954132276708136,0.9954132276708136,0,0.0,0,0,0,1.0605376958847046,2.306810140609741,-7.4318259066785686e-06,0,nan,nan,0,nan,nan,161920,-7.4318259066785686e-06,0.0,0,0,0,0,0,0,0,0,0,0,0,0,0,0,0,225280,225280,0,0.0,0.24121436476707458,0.039119381457567215,267.8208312988281,0.01732482574880123,0.021581020206212997
seismic,shuffled_xy,23,0.5,0.0004064464883413166,0.0003108970704488456,0.0004756535345222801,0.0003108970704488456,0.00038738749572075903,0.7840733210718287,nan,4.649316351999573,24.719230500610394,24.985617885664062,baseline,0.027917621616347307,0.1839735367401285,0.0,10.173084561171867,10.173084561171867,baseline,0.0,0.0,1.1926367733394727e-06,1.1926367733394727e-06,1.006685733795166,0.004911511670798063,-3.743688239410403e-07,0.0004064464883413166,0.0004064464883413166,0.0003108970704488456,0.0003108970704488456,0.0,0.0,0,0.004924237385744439,0.0,0.0,0.9950757626142555,0.9950757626142555,0.004607218940300071,0.0,0.0,0.9953927810597,0.9953927810597,0,0.0,0,0,0,1.0601253509521484,2.3069326877593994,-6.246806151466444e-06,0,nan,nan,0,nan,nan,161920,-6.246806151466444e-06,0.0,0,0,0,0,0,0,0,0,0,0,0,0,0,0,0,225280,225280,0,0.0,0.2412097156047821,0.03914394602179527,267.8240661621094,0.017329875379800797,0.02159135974943638
seismic,shuffled_xy,24,0.5,0.00040598210762254894,0.0003108970704488456,0.0004756535345222801,0.0003108970704488456,0.00038738749572075903,0.7893344693579988,nan,4.720801368418331,24.730435166267643,24.985617885664062,baseline,0.028010333095375203,0.18685295833090915,0.0,10.173084561171867,10.173084561171867,baseline,0.0,0.0,1.1996033890682156e-06,1.1996033890682156e-06,0.9565704464912415,0.01665467582643032,-1.2861620461990242e-06,0.00040598210762254894,0.00040598210762254894,0.0003108970704488456,0.0003108970704488456,0.0,0.0,0,0.005103004820724457,0.0,0.0,0.9948969951792754,0.9948969951792754,0.004554327863352278,0.0,0.0,0.9954456721366476,0.9954456721366476,0,0.0,0,0,0,1.0597455501556396,2.3070459365844727,-5.200572559260763e-06,0,nan,nan,0,nan,nan,161920,-5.200572559260763e-06,0.0,0,0,0,0,0,0,0,0,0,0,0,0,0,0,0,225280,225280,0,0.0,0.241173654794693,0.039165616035461426,267.827880859375,0.017335059121251106,0.021601146087050438
seismic,shuffled_xy,25,0.5,0.00040548547985963523,0.0003108970704488456,0.0004756535345222801,0.0003108970704488456,0.00038738749572075903,0.7949609568457906,nan,4.78653715530529,24.741089450308216,24.985617885664062,baseline,0.02808873423846238,0.18950128528422716,0.0,10.173084561171867,10.173084561171867,baseline,0.0,0.0,1.223671233674395e-06,1.223671233674395e-06,0.9166598320007324,0.048827629536390305,-3.872045454045292e-06,0.00040548547985963523,0.00040548547985963523,0.0003108970704488456,0.0003108970704488456,0.0,0.0,0,0.0050538808867349625,0.0,0.0,0.9949461191132649,0.9949461191132649,0.004470696519229636,0.0,0.0,0.9955293034807703,0.9955293034807703,0,0.0,0,0,0,1.0593955516815186,2.30715012550354,-4.555677151074633e-06,0,nan,nan,0,nan,nan,161920,-4.555677151074633e-06,0.0,0,0,0,0,0,0,0,0,0,0,0,0,0,0,0,225280,225280,0,0.0,0.24114008247852325,0.03918378800153732,267.83135986328125,0.017340565100312233,0.021610453724861145
seismic,shuffled_xy,26,0.5,0.00040496783913113177,0.0003108970704488456,0.0004756535345222801,0.0003108970704488456,0.00038738749572075903,0.8008255083259749,nan,4.848233915319735,24.75142249297096,24.985617885664062,baseline,0.028155231463023657,0.1919874656210875,0.0,10.173084561171867,10.173084561171867,baseline,0.0,0.0,1.2106222584407078e-06,1.2106222584407078e-06,0.8860161900520325,0.05799127742648125,-4.577337676892057e-06,0.00040496783913113177,0.00040496783913113177,0.0003108970704488456,0.0003108970704488456,0.0,0.0,0,0.005209257803990545,0.0,0.0,0.9947907421960093,0.9947907421960093,0.004365243284923975,0.0,0.0,0.9956347567150758,0.9956347567150758,0,0.0,0,0,0,1.0590728521347046,2.3072454929351807,-3.8819043766125105e-06,0,nan,nan,0,nan,nan,161920,-3.8819043766125105e-06,0.0,0,0,0,0,0,0,0,0,0,0,0,0,0,0,0,225280,225280,0,0.0,0.24109579622745514,0.03919881582260132,267.83453369140625,0.017346493899822235,0.02161947637796402
seismic,shuffled_xy,27,0.5,0.00040442237514071167,0.0003108970704488456,0.0004756535345222801,0.0003108970704488456,0.00038738749572075903,0.8070052802725404,nan,4.9104834587947455,24.762252867140216,24.985617885664062,baseline,0.028212276334850232,0.1944969199624859,0.0,10.173084561171867,10.173084561171867,baseline,0.0,0.0,1.2252003216417506e-06,1.2252003216417506e-06,0.8566956520080566,0.03928817808628082,-3.155750164296478e-06,0.00040442237514071167,0.00040442237514071167,0.0003108970704488456,0.0003108970704488456,0.0,0.0,0,0.00501580129633051,0.0,0.0,0.9949841987036696,0.9949841987036696,0.004315998738789653,0.0,0.0,0.9956840012612106,0.9956840012612106,0,0.0,0,0,0,1.0587760210037231,2.3073322772979736,-2.8224833386047976e-06,0,nan,nan,0,nan,nan,161920,-2.8224833386047976e-06,0.0,0,0,0,0,0,0,0,0,0,0,0,0,0,0,0,225280,225280,0,0.0,0.24102932214736938,0.03921191394329071,267.8385925292969,0.017353307455778122,0.021628938615322113
seismic,shuffled_xy,28,0.5,0.00040387874469161034,0.0003108970704488456,0.0004756535345222801,0.0003108970704488456,0.00038738749572075903,0.8131642793222628,nan,4.972622969343481,24.773408200798862,24.985617885664062,baseline,0.028261568687942277,0.1970025632253957,0.0,10.173084561171867,10.173084561171867,baseline,0.0,0.0,1.234082446899265e-06,1.234082446899265e-06,0.835705041885376,0.04014928638935089,-3.2646817089698743e-06,0.00040387874469161034,0.00040387874469161034,0.0003108970704488456,0.0003108970704488456,0.0,0.0,0,0.004765149104923372,0.0,0.0,0.9952348508950767,0.9952348508950767,0.004249709077181898,0.0,0.0,0.995750290922818,0.995750290922818,0,0.0,0,0,0,1.058502435684204,2.3074119091033936,-1.8100191709891078e-06,0,nan,nan,40,0.001558542251586914,0.0,161880,-2.1955770534987096e-06,0.0,0,0,0,0,0,0,0,0,0,0,0,0,0,0,0,225280,225280,0,0.0,0.24092765152454376,0.03922337293624878,267.84356689453125,0.017360731959342957,0.02163868211209774
seismic,shuffled_xy,29,0.5,0.0004033116565551609,0.0003108970704488456,0.0004756535345222801,0.0003108970704488456,0.00038738749572075903,0.8195890395601685,nan,5.03745250024459,24.785424655101583,24.985617885664062,baseline,0.028304359544955686,0.19961739076512344,0.0,10.173084561171867,10.173084561171867,baseline,0.0,0.0,1.1706603118000203e-06,1.1706603118000203e-06,0.8171917200088501,0.0686648041009903,-5.3208268582238816e-06,0.0004033116565551609,0.0004033116565551609,0.0003108970704488456,0.0003108970704488456,0.0,0.0,0,0.004992371138880343,0.0,0.0,0.9950076288611195,0.9950076288611195,0.004217688144827037,0.0,0.0,0.9957823118551729,0.9957823118551729,0,0.0,0,0,0,1.0582544803619385,2.307483673095703,-1.1975959068877273e-06,0,nan,nan,96,0.0014650176744908094,0.0,161824,-2.067409241135465e-06,0.0,0,0,0,0,0,0,0,0,0,0,0,0,0,0,0,225280,225280,0,0.0,0.2408176213502884,0.03923264145851135,267.84832763671875,0.017369361594319344,0.021649178117513657
seismic,shuffled_xy,30,0.5,0.0004027171235065907,0.0003108970704488456,0.0004756535345222801,0.0003108970704488456,0.00038738749572075903,0.8263247337936783,nan,5.105682092763232,24.79844034014409,24.985617885664062,baseline,0.02834175773792511,0.20236985561614262,0.0,10.173084561171867,10.173084561171867,baseline,0.0,0.0,1.1668272463793983e-06,1.1668272463793983e-06,0.8027318716049194,0.0678691491484642,-5.263804268906824e-06,0.0004027171235065907,0.0004027171235065907,0.0003108970704488456,0.0003108970704488456,0.0,0.0,0,0.004641579517732966,0.0,0.0,0.9953584204822671,0.9953584204822671,0.0041930179522018645,0.0,0.0,0.995806982047798,0.995806982047798,0,0.0,0,0,0,1.0580295324325562,2.3075485229492188,-6.06172363859514e-07,0,nan,nan,152,0.0014014722546562552,0.0,161768,-1.9235892523283837e-06,0.0,0,0,0,0,0,0,0,0,0,0,0,0,0,0,0,225280,225280,0,0.0,0.24066823720932007,0.039240073412656784,267.8531494140625,0.017379213124513626,0.021660545840859413
seismic,shuffled_xy,31,0.5,0.0004025113885290921,0.0003108970704488456,0.0004756535345222801,0.0003108970704488456,0.00038738749572075903,0.8286555847108842,nan,5.145313789433572,24.805798280491114,24.985617885664062,baseline,0.02837481923103069,0.20396679838794954,0.0,10.173084561171867,10.173084561171867,baseline,0.0,0.0,1.3936880804976681e-06,1.3936880804976681e-06,0.8060652613639832,0.059471841901540756,-5.530107046070043e-06,0.0004025113885290921,0.0004025113885290921,0.0003108970704488456,0.0003108970704488456,0.0,0.0,0,0.0029526442291572244,0.0,0.0,0.9970473557708428,0.9970473557708428,0.004021513379025504,0.0,0.0,0.9959784866209743,0.9959784866209743,0,0.0,0,0,0,1.0578258037567139,2.3076069355010986,4.214707587379962e-07,0,nan,nan,152,0.0013820972526445985,0.0,161768,-8.767755730332283e-07,0.0,0,0,0,0,0,0,0,0,0,0,0,0,0,0,0,225280,225280,0,0.0,0.24051415920257568,0.03924614191055298,267.8587646484375,0.017383962869644165,0.02166697382926941
seismic,shuffled_xy,32,0.5,0.00040182104567065835,0.0003108970704488456,0.0004756535345222801,0.0003108970704488456,0.00038738749572075903,0.8364767452365769,nan,5.1813059039548905,24.81251275438266,24.985617885664062,baseline,0.028405667533635767,0.20541682278624548,0.0,10.173084561171867,10.173084561171867,baseline,0.0,0.0,2.2926531073608203e-06,2.2926531073608203e-06,0.7555034756660461,-0.03376149758696556,5.181819688004907e-06,0.00040182104567065835,0.00040182104567065835,0.0003108970704488456,0.0003108970704488456,0.0,0.0,0,0.0009767113663082538,0.0,0.0,0.9990232886336919,0.9990232886336919,0.004449695184444752,0.0,0.0,0.9955503048155554,0.9955503048155554,0,0.0,0,0,0,1.0576509237289429,2.3076577186584473,-2.0574570953613147e-06,0,nan,nan,152,0.0013966906117275357,0.0,161768,-3.3717449241521535e-06,0.0,0,0,0,0,0,0,0,0,0,0,0,0,0,0,0,225280,225280,0,0.0,0.24046702682971954,0.03925159573554993,267.8584899902344,0.01738850213587284,0.021672839298844337
seismic,shuffled_xy,33,0.5,0.0004010632692370564,0.0003108970704488456,0.0004756535345222801,0.0003108970704488456,0.00038738749572075903,0.8450618867461664,nan,5.196944322233352,24.815049521422253,24.985617885664062,baseline,0.02843482575557553,0.20604463550765204,0.0,10.173084561171867,10.173084561171867,baseline,0.0,0.0,2.2137501218821853e-06,2.2137503492558608e-06,0.8018829822540283,-0.04054839909076691,6.029238647897728e-06,0.0004010632692370564,0.0004010632692370564,0.0003108970704488456,0.0003108970704488456,0.0,0.0,0,0.0009303628059855269,0.0,0.0,0.9990696371940144,0.9990696371940144,0.0038479987069029264,0.0,0.0,0.9961520012930971,0.9961520012930971,0,0.0,0,0,0,1.0574371814727783,2.3077096939086914,-3.969755198340863e-06,0,nan,nan,192,0.0013726558536291122,0.0,161728,-5.604055786534445e-06,0.0,0,0,0,0,0,0,0,0,0,0,0,0,0,0,0,225280,225280,0,0.0,0.24051006138324738,0.03925684466958046,267.8535461425781,0.017389386892318726,0.021675053983926773
seismic,shuffled_xy,34,0.5,0.0004007409734185785,0.0003108970704488456,0.0004756535345222801,0.0003108970704488456,0.00038738749572075903,0.8487133003912558,nan,5.202091188044722,24.81545215273157,24.985617885664062,baseline,0.028461688371156313,0.20624887381984883,0.0,10.173084561171867,10.173084561171867,baseline,0.0,0.0,1.5466772538275109e-06,1.5466772538275109e-06,0.7957174181938171,-0.021650133654475212,2.25648204832396e-06,0.0004007409734185785,0.0004007409734185785,0.0003108970704488456,0.0003108970704488456,0.0,0.0,0,0.0016921051404241347,0.0,0.0,0.9983078948595757,0.9983078948595757,0.0038069636691199266,0.0,0.0,0.9961930363308801,0.9961930363308801,0,0.0,0,0,0,1.0571926832199097,2.307762861251831,-3.5522903090168256e-06,0,nan,nan,232,0.0015762358671054244,0.0,161688,-5.8190685194858816e-06,0.0,0,0,0,0,0,0,0,0,0,0,0,0,0,0,0,225280,225280,0,0.0,0.24052056670188904,0.03926194831728935,267.8488464355469,0.017388274893164635,0.021675406023859978
seismic,shuffled_xy,35,0.5,0.00040060243918560445,0.0003108970704488456,0.0004756535345222801,0.0003108970704488456,0.00038738749572075903,0.8502828081527355,nan,5.221196347846663,24.81884634651454,24.985617885664062,baseline,0.028486252743352716,0.20701736084903036,0.0,10.173084561171867,10.173084561171867,baseline,0.0,0.0,1.4219581316865515e-06,1.4219580179997138e-06,0.7344681620597839,0.03058904968202114,-2.9401228403003188e-06,0.00040060243918560445,0.00040060243918560445,0.0003108970704488456,0.0003108970704488456,0.0,0.0,0,0.0017921213656530853,0.0,0.0,0.998207878634347,0.998207878634347,0.004346219036746994,0.0,0.0,0.9956537809632527,0.9956537809632527,0,0.0,0,0,0,1.0569549798965454,2.3078131675720215,-1.394783453179116e-06,0,nan,nan,232,0.0015611214330419898,0.0,161688,-3.6367787288327236e-06,0.0,0,0,0,0,0,0,0,0,0,0,0,0,0,0,0,225280,225280,0,0.0,0.2404567450284958,0.03926728665828705,267.84765625,0.01738947629928589,0.021678369492292404
seismic,shuffled_xy,36,0.5,0.000400003045797348,0.0003108970704488456,0.0004756535345222801,0.0003108970704488456,0.00038738749572075903,0.8570735670493056,nan,5.243332609313843,24.82292673621574,24.985617885664062,baseline,0.028509549756058912,0.20790844029665562,0.0,10.173084561171867,10.173084561171867,baseline,0.0,0.0,2.479214117556694e-06,2.479214117556694e-06,0.7177203297615051,0.01953173242509365,-3.28217765854788e-06,0.000400003045797348,0.000400003045797348,0.0003108970704488456,0.0003108970704488456,0.0,0.0,0,0.0005366975460460891,0.0,0.0,0.9994633024539539,0.9994633024539539,0.004417173791194804,0.0,0.0,0.9955828262088051,0.9955828262088051,0,0.0,0,0,0,1.056759238243103,2.3078548908233643,-1.9210431219107704e-06,0,nan,nan,232,0.0015424607554450631,0.0,161688,-4.137018095207168e-06,0.0,0,0,0,0,0,0,0,0,0,0,0,0,0,0,0,225280,225280,0,0.0,0.24043461680412292,0.03927293047308922,267.8439636230469,0.01739121787250042,0.021681934595108032
seismic,shuffled_xy,37,0.5,0.0003994476574007422,0.0003108970704488456,0.0004756535345222801,0.0003108970704488456,0.00038738749572075903,0.863365776421641,nan,5.288704817083005,24.83200438744838,24.985617885664062,baseline,0.028531264047563877,0.20973826611000293,0.0,10.173084561171867,10.173084561171867,baseline,0.0,0.0,1.5401082009702804e-06,1.5401082009702804e-06,0.7048264741897583,0.01374104619026184,-1.437927721781307e-06,0.0003994476574007422,0.0003994476574007422,0.0003108970704488456,0.0003108970704488456,0.0,0.0,0,0.001296011590063215,0.0,0.0,0.9987039884099369,0.9987039884099369,0.0044361823894827415,0.0,0.0,0.995563817610517,0.995563817610517,0,0.0,0,0,0,1.0565917491912842,2.307888984680176,5.090226409265597e-07,40,0.0014422088861465454,0.0,192,0.0015588229289278388,0.0,161688,-1.6980939108179882e-06,0.0,0,0,0,0,0,0,0,0,0,0,0,0,0,0,0,225280,225280,0,0.0,0.2403363436460495,0.03927930071949959,267.8445739746094,0.017396915704011917,0.02168986201286316
seismic,shuffled_xy,38,0.5,0.0003986979427281767,0.0003108970704488456,0.0004756535345222801,0.0003108970704488456,0.00038738749572075903,0.871859583130825,nan,5.3698153738490495,24.84889689285885,24.985617885664062,baseline,0.028551514230749205,0.2130112833185426,0.0,10.173084561171867,10.173084561171867,baseline,0.0,0.0,1.5653358786948957e-06,1.5653358786948957e-06,0.7289738059043884,0.004610300995409489,-4.914063538308255e-07,0.0003986979427281767,0.0003986979427281767,0.0003108970704488456,0.0003108970704488456,0.0,0.0,0,0.0011996590360824379,0.0,0.0,0.9988003409639176,0.9988003409639176,0.0040123577849718855,0.0,0.0,0.9959876422150283,0.9959876422150283,0,0.0,0,0,0,1.0564634799957275,2.307915449142456,2.8568224479386117e-06,80,0.001829691231250763,0.0,152,0.0013866699300706387,0.0,161688,6.520434681078768e-07,0.0,0,0,0,0,0,0,0,0,0,0,0,0,0,0,0,225280,225280,0,0.0,0.2401827722787857,0.039286497980356216,267.8493957519531,0.01740916445851326,0.021704617887735367
seismic,shuffled_xy,39,0.5,0.0003985691873822361,0.00039591873064637184,0.0004756535345222801,0.0003108970704488456,0.00038738749572075903,0.8733183021091414,nan,5.427267119137079,24.860898989264236,24.985617885664062,baseline,0.02857048763129636,0.21532850233837533,10.556494790645594,14.660533133337307,10.173084561171867,baseline,0.0,1.037688689911918,1.8919166677733301e-06,1.8919165540864924e-06,0.8066646456718445,-0.001533564762212336,1.9794555328189745e-07,0.0003985691873822361,0.0003985691873822361,0.00039591873064637184,0.00039591873064637184,0.0,0.0,80,0.0008045674556222022,0.0,0.0,0.9991954325443777,0.9991954325443777,0.0031716289321508102,0.0,0.0,0.9968283710678493,0.9968283710678493,80,0.0004940711660310626,80,0,0,1.056374430656433,2.3079352378845215,5.575536761170952e-06,80,0.0017918199300765991,1.0,152,0.0014324322110041976,0.0,161688,3.350376118760323e-06,0.0,0,0,0,0,0,0,0,0,0,0,80,0,0,0,0,225280,225280,0,0.0,0.24002641439437866,0.03929458558559418,267.8594970703125,0.017416635528206825,0.021715102717280388
seismic,shuffled_xy,40,0.5,0.00039829080924391747,0.00039591873064637184,0.0004756535345222801,0.0003108970704488456,0.00038738749572075903,0.8764721554155601,nan,5.468676267536004,24.869483590778273,24.985617885664062,baseline,0.028589930971012242,0.2169976742489407,10.556494790645594,14.660533133337307,10.173084561171867,baseline,0.0,1.037688689911918,2.0524316823866684e-06,2.052431909760344e-06,0.6885892748832703,-0.07407490164041519,1.039047674566973e-05,0.00039829080924391747,0.00039829080924391747,0.00039591873064637184,0.00039591873064637184,0.0,0.0,0,0.0006829139676539946,0.0,0.0,0.9993170860323461,0.9993170860323461,0.004222693471100424,0.0,0.0,0.9957773065288995,0.9957773065288995,0,0.0,0,0,0,1.0563383102416992,2.3079488277435303,3.7708527997892816e-06,136,0.0016756723634898663,0.0,96,0.0014234099071472883,0.0,161688,1.5216819519991986e-06,0.0,0,0,0,0,0,0,0,0,0,0,0,0,0,0,0,225280,225280,0,0.0,0.23993699252605438,0.03930359333753586,267.86578369140625,0.017421266064047813,0.021722599864006042
seismic,shuffled_xy,41,0.2,0.0003686359559651464,0.00039591873064637184,0.00028198931249789894,0.0003108970704488456,0.00038738749572075903,nan,nan,9.876646090734845,22.45781268972971,20.09160553173751,baseline,-0.003880124465652494,0.49156541537724596,10.556494790645594,14.660533133337307,10.173084561171867,baseline,0.0,1.037688689911918,1.4022937648405787e-05,1.4022937648405787e-05,0.6476441025733948,0.19631196558475494,-0.000188489502761513,0.0003686359559651464,0.0003686359559651464,0.00039591873064637184,0.00039591873064637184,0.0,0.0,0,0.004827947540504548,0.0,0.0,0.9951720524594955,0.9951720524594955,0.005197252452229059,0.0,0.0,0.9948027475477711,0.9948027475477711,0,0.0,0,0,0,1.0562705993652344,0.41041141748428345,-7.003067821642617e-06,136,-0.003641886869445443,0.0,96,-0.0028886087238788605,0.0,161688,-2.2347587673721137e-06,0.0,0,0,0,0,0,0,0,0,0,0,0,0,0,0,0,225280,225280,0,0.0,0.25485512614250183,0.026186389848589897,37.76651382446289,0.013724183663725853,0.01961609162390232
seismic,shuffled_xy,42,0.2,0.00036336391349323094,0.00035340790054760873,0.00028198931249789894,0.0003108970704488456,0.00038738749572075903,nan,nan,9.527190918549284,22.305735106261693,20.09160553173751,baseline,-0.0038469775883585773,0.474172030314686,7.464569052025963,12.617901593419454,10.173084561171867,baseline,0.0,0.7337567093973018,1.3536316146200988e-05,1.3536316146200988e-05,0.8074303865432739,0.1973128765821457,-0.00018286993145011365,0.00036336391349323094,0.00036336391349323094,0.00035340790054760873,0.00035340790054760873,0.0,0.0,40,0.004991803677494703,0.0,0.0,0.9950081963225053,0.9950081963225053,0.005235857099170322,0.0,0.0,0.9947641429008296,0.9947641429008296,40,0.0002470355830155313,0,40,40,1.056221842765808,0.41042089462280273,-1.36960161398747e-05,136,-0.007083315867930651,0.29411765933036804,96,-0.006751525215804577,0.0,161688,-3.749082225112943e-06,0.0,0,40,0,0,0,0,0,0,0,0,0,0,0,0,0,225280,225280,0,0.0,0.25483134388923645,0.025929976254701614,37.748313903808594,0.013640048913657665,0.019483258947730064
seismic,shuffled_xy,43,0.2,0.0003572314162738621,0.00035340790054760873,0.00028198931249789894,0.0003108970704488456,0.00038738749572075903,nan,nan,9.105851458225256,22.1280700201528,20.09160553173751,baseline,-0.0037930975463131918,0.4532008419772548,7.464569052025963,12.617901593419454,10.173084561171867,baseline,0.0,0.7337567093973018,1.2210933164169546e-05,1.2210933164169546e-05,0.9646365642547607,0.18410983681678772,-0.0001537559146527201,0.0003572314162738621,0.0003572314162738621,0.00035340790054760873,0.00035340790054760873,0.0,0.0,0,0.005607462685169939,0.0,0.0,0.99439253731483,0.99439253731483,0.005347327075440837,0.0,0.0,0.9946526729245591,0.9946526729245591,0,0.0,0,0,0,1.0561792850494385,0.4103836417198181,-1.7316016965196468e-05,80,-0.0091482475399971,0.0,152,-0.009198466315865517,0.0,161688,-4.1671792132547125e-06,0.0,0,0,0,0,0,0,0,0,0,0,0,0,0,0,0,225280,225280,0,0.0,0.2548273205757141,0.025589652359485626,37.72613525390625,0.013553031720221043,0.019328074529767036
seismic,shuffled_xy,44,0.2,0.0003507716173771769,0.0003108970704488456,0.00028198931249789894,0.0003108970704488456,0.00038738749572075903,nan,nan,8.645980185423092,21.941536941116937,20.09160553173751,baseline,-0.0037226418551887445,0.43031188601728787,0.0,10.173084561171867,10.173084561171867,baseline,0.0,0.0,1.104639613913605e-05,1.1046397048630752e-05,1.0942556858062744,0.16664132475852966,-0.00012569011596497148,0.0003507716173771769,0.0003507716173771769,0.0003108970704488456,0.0003108970704488456,0.0,0.0,40,0.006074503670808366,0.0,0.0,0.9939254963291919,0.9939254963291919,0.005608083041833347,0.0,0.0,0.9943919169581665,0.9943919169581665,40,0.0002470355830155313,0,40,40,1.0561463832855225,0.41032877564430237,-1.9193686966900714e-05,80,-0.01042173057794571,0.5,152,-0.010985186323523521,0.0,161688,-3.737785618795897e-06,0.0,0,40,0,0,0,0,0,0,0,0,0,0,0,0,0,225280,225280,0,0.0,0.2549515962600708,0.025186652317643166,37.703861236572266,0.01347259245812893,0.019165143370628357
seismic,shuffled_xy,45,0.2,0.0003442141169216484,0.0003108970704488456,0.00028198931249789894,0.0003108970704488456,0.00038738749572075903,nan,nan,8.163357090311546,21.754320733510937,20.09160553173751,baseline,-0.003638417192698618,0.40629056566484023,0.0,10.173084561171867,10.173084561171867,baseline,0.0,0.0,9.892735761241056e-06,9.892734851746354e-06,1.2003220319747925,0.14976567029953003,-0.00010098531492985785,0.0003442141169216484,0.0003442141169216484,0.0003108970704488456,0.0003108970704488456,0.0,0.0,0,0.006637629070556116,0.0,0.0,0.9933623709294438,0.9933623709294438,0.00593997097886217,0.0,0.0,0.9940600290211381,0.9940600290211381,0,0.0,0,0,0,1.0560975074768066,0.4102787971496582,-1.9946628526668064e-05,80,-0.011236369609832764,0.0,152,-0.012417135760188103,0.0,161688,-2.742591959759011e-06,0.0,0,0,0,0,0,0,0,0,0,0,0,0,0,0,0,225280,225280,0,0.0,0.25506308674812317,0.024733370169997215,37.68373489379883,0.013401131145656109,0.019001618027687073
seismic,shuffled_xy,46,0.2,0.00033781310776248574,0.0003108970704488456,0.00028198931249789894,0.0003108970704488456,0.00038738749572075903,nan,nan,7.678749414603901,21.57534928451495,20.09160553173751,baseline,-0.0035423400580153865,0.3821705321679447,0.0,10.173084561171867,10.173084561171867,baseline,0.0,0.0,8.683276973897591e-06,8.683276973897591e-06,1.284710168838501,0.14040450751781464,-8.296185114886612e-05,0.00033781310776248574,0.00033781310776248574,0.0003108970704488456,0.0003108970704488456,0.0,0.0,0,0.007626529025021797,0.0,0.0,0.9923734709749783,0.9923734709749783,0.006336865960987999,0.0,0.0,0.9936631340390123,0.9936631340390123,0,0.0,0,0,0,1.0560340881347656,0.4102475643157959,-2.009052514040377e-05,40,-0.012545138597488403,0.0,152,-0.013051791116595268,0.0,161728,-4.744882971863262e-06,0.0,0,0,0,0,0,0,0,0,0,0,0,0,0,0,0,225280,225280,0,0.0,0.25514498353004456,0.02423892356455326,37.666500091552734,0.013341182842850685,0.018845291808247566
seismic,shuffled_xy,47,0.2,0.0003317923692520708,0.0003108970704488456,0.00028198931249789894,0.0003108970704488456,0.00038738749572075903,nan,nan,7.213283145804724,21.412096811820135,20.09160553173751,baseline,-0.0034357338174702333,0.35900330759111626,0.0,10.173084561171867,10.173084561171867,baseline,0.0,0.0,7.701437425566837e-06,7.701437425566837e-06,1.3434680700302124,0.14110051095485687,-7.384122000075877e-05,0.0003317923692520708,0.0003317923692520708,0.0003108970704488456,0.0003108970704488456,0.0,0.0,0,0.009008223895609787,0.0,0.0,0.9909917761043902,0.9909917761043902,0.006859939235044718,0.0,0.0,0.9931400607649554,0.9931400607649554,0,0.0,0,0,0,1.0559648275375366,0.4102369248867035,-1.9932320356019773e-05,0,nan,nan,136,-0.013072837144136429,0.0,161784,-8.95969606062863e-06,0.0,0,0,0,0,0,0,0,0,0,0,0,0,0,0,0,225280,225280,0,0.0,0.25505638122558594,0.02371487021446228,37.65163040161133,0.013293540105223656,0.01870269700884819
seismic,shuffled_xy,48,0.2,0.00032554331119172275,0.0003108970704488456,0.00028198931249789894,0.0003108970704488456,0.00038738749572075903,nan,nan,6.708162908148958,21.245069300507318,20.09160553173751,baseline,-0.003320645311143131,0.3338623743449405,0.0,10.173084561171867,10.173084561171867,baseline,0.0,0.0,7.059039944579126e-06,7.059039944579126e-06,1.3743959665298462,0.1467663049697876,-7.031479617580771e-05,0.00032554331119172275,0.00032554331119172275,0.0003108970704488456,0.0003108970704488456,0.0,0.0,0,0.010111393275847806,0.0,0.0,0.9898886067241521,0.9898886067241521,0.0075714607513127025,0.0,0.0,0.9924285392486872,0.9924285392486872,0,0.0,0,0,0,1.0558959245681763,0.4102378189563751,-1.971690471691545e-05,0,nan,nan,80,-0.012191981077194214,0.0,161840,-1.3699968803848606e-05,0.0,0,0,0,0,0,0,0,0,0,0,0,0,0,0,0,225280,225280,0,0.0,0.25499916076660156,0.02317703887820244,37.63777160644531,0.013228964060544968,0.018556803464889526
seismic,shuffled_xy,49,0.2,0.0003175872261635959,0.0003108970704488456,0.00028198931249789894,0.0003108970704488456,0.00038738749572075903,nan,nan,6.0000873669636166,21.02979236447876,20.09160553173751,baseline,-0.0031938079980057357,0.298619451649765,0.0,10.173084561171867,10.173084561171867,baseline,0.0,0.0,1.0086692782351747e-05,1.0086692782351747e-05,1.4397265911102295,0.12423181533813477,-8.495406655129045e-05,0.0003175872261635959,0.0003175872261635959,0.0003108970704488456,0.0003108970704488456,0.0,0.0,0,0.005433314077453761,0.0,0.0,0.9945666859225464,0.9945666859225464,0.008181515293202017,0.0,0.0,0.9918184847067981,0.9918184847067981,0,0.0,0,0,0,1.0558350086212158,0.41023528575897217,-1.9459093891782686e-05,0,nan,nan,80,-0.012231402099132538,0.0,161840,-1.3422543815977406e-05,0.0,0,0,0,0,0,0,0,0,0,0,0,0,0,0,0,225280,225280,0,0.0,0.2550264894962311,0.022629592567682266,37.62557601928711,0.013091223314404488,0.018368767574429512
seismic,shuffled_xy,50,0.2,0.00031092457356862724,0.0003108970704488456,0.00028198931249789894,0.0003108970704488456,0.00038738749572075903,nan,nan,5.373065151050399,20.856934049073487,20.09160553173751,baseline,-0.003058488349795478,0.26741087166488814,0.0,10.173084561171867,10.173084561171867,baseline,0.0,0.0,7.834803000150714e-06,7.834803000150714e-06,1.4774177074432373,0.13230697810649872,-7.020888733677566e-05,0.00031092457356862724,0.00031092457356862724,0.0003108970704488456,0.0003108970704488456,0.0,0.0,0,0.006728869963298015,0.0,0.0,0.993271130036702,0.993271130036702,0.008707806906266838,0.0,0.0,0.9912921930937333,0.9912921930937333,0,0.0,0,0,0,1.0557814836502075,0.410221666097641,-1.9021266780328006e-05,0,nan,nan,40,-0.012298405170440674,0.0,161880,-1.5987072401912883e-05,0.0,0,0,0,0,0,0,0,0,0,0,0,0,0,0,0,225280,225280,0,0.0,0.25514888763427734,0.022104062139987946,37.61391830444336,0.012985358946025372,0.01821778155863285
seismic,shuffled_xy,51,0.2,0.00030546446214430034,0.0003108970704488456,0.00028198931249789894,0.0003108970704488456,0.00038738749572075903,nan,nan,4.829793650795091,20.720910567800242,20.09160553173751,baseline,-0.0029189684060715333,0.2403709133579627,0.0,10.173084561171867,10.173084561171867,baseline,0.0,0.0,6.16866009295336e-06,6.16866009295336e-06,1.4869648218154907,0.1425001174211502,-5.948445323156193e-05,0.00030546446214430034,0.00030546446214430034,0.0003108970704488456,0.0003108970704488456,0.0,0.0,0,0.00837542874272617,0.0,0.0,0.991624571257274,0.991624571257274,0.009196547690639573,0.0,0.0,0.9908034523093606,0.9908034523093606,0,0.0,0,0,0,1.055739164352417,0.41018471121788025,-1.8485046894056723e-05,0,nan,nan,0,nan,nan,161920,-1.8485046894056723e-05,0.0,0,0,0,0,0,0,0,0,0,0,0,0,0,0,0,225280,225280,0,0.0,0.2552717328071594,0.02162867970764637,37.6013069152832,0.01290400605648756,0.018098970875144005
seismic,shuffled_xy,52,0.2,0.000300670595606789,0.0003108970704488456,0.00028198931249789894,0.0003108970704488456,0.00038738749572075903,nan,nan,4.311424473728317,20.60350668883902,20.09160553173751,baseline,-0.002778853419885301,0.2145703562876819,0.0,10.173084561171867,10.173084561171867,baseline,0.0,0.0,5.012676410842687e-06,5.012675956095336e-06,1.4806487560272217,0.14679259061813354,-4.9751171900425106e-05,0.000300670595606789,0.000300670595606789,0.0003108970704488456,0.0003108970704488456,0.0,0.0,0,0.010243718516159673,0.0,0.0,0.9897562814838402,0.9897562814838402,0.009571534854188135,0.0,0.0,0.990428465145812,0.990428465145812,0,0.0,0,0,0,1.0557156801223755,0.41011589765548706,-1.7528402167954482e-05,0,nan,nan,0,nan,nan,161920,-1.7528402167954482e-05,0.0,0,0,0,0,0,0,0,0,0,0,0,0,0,0,0,225280,225280,0,0.0,0.255322128534317,0.021227028220891953,37.587677001953125,0.012827405706048012,0.017996422946453094
seismic,shuffled_xy,53,0.2,0.00029659245046786964,0.0003108970704488456,0.00028198931249789894,0.0003108970704488456,0.00038738749572075903,nan,nan,3.8726898956478286,20.51349753802893,20.09160553173751,baseline,-0.002642291431287595,0.19273352749082293,0.0,10.173084561171867,10.173084561171867,baseline,0.0,0.0,4.583790087053785e-06,4.583789632306434e-06,1.4949102401733398,0.022905899211764336,-7.093478416209109e-06,0.00029659245046786964,0.00029659245046786964,0.0003108970704488456,0.0003108970704488456,0.0,0.0,0,0.009953088104915147,0.0,0.0,0.9900469118950849,0.9900469118950849,0.009422329730720812,0.0,0.0,0.9905776702692792,0.9905776702692792,0,0.0,0,0,0,1.0557078123092651,0.41001906991004944,-1.4123908840701915e-05,0,nan,nan,56,2.8223965273355134e-05,0.0,161864,-1.4138561709842179e-05,0.0,0,0,0,0,0,0,0,0,0,0,0,0,0,0,0,225280,225280,0,0.0,0.2553475499153137,0.02092793956398964,37.583003997802734,0.012764347717165947,0.017917802557349205
seismic,shuffled_xy,54,0.2,0.00029329510289244354,0.0003108970704488456,0.00028198931249789894,0.0003108970704488456,0.00038738749572075903,nan,nan,3.534565703419212,20.449756070323687,20.09160553173751,baseline,-0.0025103954498348316,0.17590459896143418,0.0,10.173084561171867,10.173084561171867,baseline,0.0,0.0,3.621829364419682e-06,3.6218295917933574e-06,1.4857425689697266,0.05027548223733902,-1.2301714377827011e-05,0.00029329510289244354,0.00029329510289244354,0.0003108970704488456,0.0003108970704488456,0.0,0.0,0,0.012479151838757,0.0,0.0,0.9875208481612431,0.9875208481612431,0.00934414091613457,0.0,0.0,0.9906558590838656,0.9906558590838656,0,0.0,0,0,0,1.0556830167770386,0.40995898842811584,-1.1468949196569156e-05,0,nan,nan,56,1.8352176994085312e-05,0.0,161864,-1.1479266504466068e-05,0.0,0,0,0,0,0,0,0,0,0,0,0,0,0,0,0,225280,225280,0,0.0,0.25529322028160095,0.020715687423944473,37.583675384521484,0.012716090306639671,0.01786212809383869
seismic,shuffled_xy,55,0.2,0.0002907296584453434,0.0003108970704488456,0.00028198931249789894,0.0003108970704488456,0.00038738749572075903,nan,nan,3.298204815205477,20.407614093680213,20.09160553173751,baseline,-0.0023780968655064223,0.16414112393616095,0.0,10.173084561171867,10.173084561171867,baseline,0.0,0.0,4.377397544885753e-06,4.377397544885753e-06,1.4325969219207764,0.13355328142642975,-3.951567487092689e-05,0.0002907296584453434,0.0002907296584453434,0.0003108970704488456,0.0003108970704488456,0.0,0.0,0,0.006206443600882834,0.0,0.0,0.9937935563991172,0.9937935563991172,0.009621745879834241,0.0,0.0,0.9903782541201657,0.9903782541201657,0,0.0,0,0,0,1.0556520223617554,0.40992069244384766,-1.0063581612484995e-05,0,nan,nan,56,1.2151897863077465e-05,0.0,161864,-1.0071266842714977e-05,0.0,0,0,0,0,0,0,0,0,0,0,0,0,0,0,0,225280,225280,0,0.0,0.25513339042663574,0.020555250346660614,37.5841178894043,0.012683480978012085,0.01782531850039959
seismic,shuffled_xy,56,0.2,0.00028866142383776605,0.0003108970704488456,0.00028198931249789894,0.0003108970704488456,0.00038738749572075903,nan,nan,3.118570461029919,20.376762261890807,20.09160553173751,baseline,-0.002247298499501448,0.15520131411880014,0.0,10.173084561171867,10.173084561171867,baseline,0.0,0.0,3.814514229816268e-06,3.814514229816268e-06,1.3708924055099487,0.16429246962070465,-4.238016117596999e-05,0.00028866142383776605,0.00028866142383776605,0.0003108970704488456,0.0003108970704488456,0.0,0.0,0,0.005524420276656892,0.0,0.0,0.9944755797233431,0.9944755797233431,0.009837148968726724,0.0,0.0,0.9901628510312732,0.9901628510312732,0,0.0,0,0,0,1.0556280612945557,0.409872829914093,-9.387902537127957e-06,0,nan,nan,96,1.3197869520809036e-05,0.0,161824,-9.401301213074476e-06,0.0,0,0,0,0,0,0,0,0,0,0,0,0,0,0,0,225280,225280,0,0.0,0.25494349002838135,0.020425138995051384,37.58123016357422,0.01266003679484129,0.017798369750380516
seismic,shuffled_xy,57,0.2,0.00028684953576885164,0.0003108970704488456,0.00028198931249789894,0.0003108970704488456,0.00038738749572075903,nan,nan,2.947372091029358,20.34868719287006,20.09160553173751,baseline,-0.0021173784559109145,0.14668141150662803,0.0,10.173084561171867,10.173084561171867,baseline,0.0,0.0,3.4324059470236534e-06,3.432406174397329e-06,1.308311939239502,0.1790948063135147,-4.158289448241703e-05,0.00028684953576885164,0.00028684953576885164,0.0003108970704488456,0.0003108970704488456,0.0,0.0,0,0.004486514760485789,0.0,0.0,0.9955134852395141,0.9955134852395141,0.009914364396717276,0.0,0.0,0.9900856356032828,0.9900856356032828,0,0.0,0,0,0,1.055618166923523,0.40980955958366394,-8.873507795215119e-06,0,nan,nan,96,9.815616067498922e-06,0.0,161824,-8.884595445124432e-06,0.0,0,0,0,0,0,0,0,0,0,0,0,0,0,0,0,225280,225280,0,0.0,0.25482794642448425,0.0203156229108572,37.57429504394531,0.012638838030397892,0.01777384616434574
seismic,shuffled_xy,58,0.2,0.0002852867473848164,0.0003108970704488456,0.00028198931249789894,0.0003108970704488456,0.00038738749572075903,nan,nan,2.793733182006243,20.32449788884531,20.09160553173751,baseline,-0.0019912875525133406,0.13903551365324976,0.0,10.173084561171867,10.173084561171867,baseline,0.0,0.0,2.863557710952591e-06,2.863557710952591e-06,1.2601056098937988,0.16336962580680847,-3.164672671118751e-05,0.0002852867473848164,0.0002852867473848164,0.0003108970704488456,0.0003108970704488456,0.0,0.0,0,0.004288629309889671,0.0,0.0,0.9957113706901102,0.9957113706901102,0.009770926132464374,0.0,0.0,0.9902290738675358,0.9902290738675358,0,0.0,0,0,0,1.055623173713684,0.4097301661968231,-8.086733032541815e-06,56,7.966067641973495e-06,0.0,80,7.547554560005665e-06,0.0,161784,-8.100019840640016e-06,0.0,0,0,0,0,0,0,0,0,0,0,0,0,0,0,0,225280,225280,0,0.0,0.25475001335144043,0.020224679261446,37.565364837646484,0.012621109373867512,0.017752718180418015
seismic,shuffled_xy,59,0.2,0.00028394581750035286,0.0003109299286734313,0.00028198931249789894,0.0003108970704488456,0.00038738749572075903,nan,nan,2.669175708886919,20.305305709368525,20.09160553173751,baseline,-0.0018682567197635949,0.13283715717421576,0.7455793388349119,10.199471706468929,10.173084561171867,baseline,8.84851496772411e-05,0.07328935397599627,2.3034751848172164e-06,2.3034751848172164e-06,1.2193934917449951,0.13690002262592316,-2.1330923118512146e-05,0.00028394581750035286,0.00028394581750035286,0.0003109299286734313,0.0003109299286734313,0.0,0.0,56,0.00488249448749089,0.0,0.0,0.9951175055125093,0.9951175055125093,0.009438240859382314,0.0,0.0,0.9905617591406177,0.9905617591406177,56,0.00034584981040097773,0,0,56,1.0556352138519287,0.4096471667289734,-6.885572474857327e-06,56,8.862698450684547e-06,1.0,80,4.994799382984638e-06,0.0,161784,-6.896898412378505e-06,0.0,0,0,0,0,0,0,0,0,56,0,0,0,0,0,0,225280,225280,0,0.0,0.2546912431716919,0.02015078440308571,37.556915283203125,0.012607903219759464,0.017735954374074936
seismic,shuffled_xy,60,0.2,0.00028274254873394966,0.0003109299286734313,0.00028198931249789894,0.0003108970704488456,0.00038738749572075903,nan,nan,2.5580153738993507,20.288589699178704,20.09160553173751,baseline,-0.0017474760990514643,0.12730562588023625,0.7455793388349119,10.199471706468929,10.173084561171867,baseline,8.84851496772411e-05,0.07328935397599627,1.9677477212098893e-06,1.9677477212098893e-06,1.1870743036270142,0.08227939158678055,-1.095134393835906e-05,0.00028274254873394966,0.00028274254873394966,0.0003109299286734313,0.0003109299286734313,0.0,0.0,0,0.0056312119097099485,0.0,0.0,0.9943687880902903,0.9943687880902903,0.008987733338320642,0.0,0.0,0.9910122666616792,0.9910122666616792,0,0.0,0,0,0,1.055649995803833,0.40957242250442505,-5.21680703968741e-06,56,1.0216376722382847e-05,0.0,80,3.418419510126114e-06,0.0,161784,-5.226419489190448e-06,0.0,0,0,0,0,0,0,0,0,0,0,0,0,0,0,0,225280,225280,0,0.0,0.2546426057815552,0.02009333111345768,37.55141067504883,0.012596176005899906,0.017721353098750114
seismic,shuffled_xy,61,0.2,0.0002815859334077686,0.0003109299286734313,0.00028198931249789894,0.0003108970704488456,0.00038738749572075903,nan,nan,2.486030621148005,20.277271255507447,20.09160553173751,baseline,-0.0016285083943870214,0.12372407439632019,0.7455793388349119,10.199471706468929,10.173084561171867,baseline,8.84851496772411e-05,0.07328935397599627,1.8331550108996453e-06,1.8331550108996453e-06,1.1607086658477783,0.05024684965610504,-6.231230145203881e-06,0.0002815859334077686,0.0002815859334077686,0.0003109299286734313,0.0003109299286734313,0.0,0.0,0,0.00601469810334763,0.0,0.0,0.9939853018966524,0.9939853018966524,0.008539120767363002,0.0,0.0,0.991460879232637,0.991460879232637,0,0.0,0,0,0,1.0556644201278687,0.40951722860336304,-3.451315023994539e-06,56,1.1840370461868588e-05,0.0,80,2.6479829102754593e-06,0.0,161784,-3.4596241675899364e-06,0.0,0,0,0,0,0,0,0,0,0,0,0,0,0,0,0,225280,225280,0,0.0,0.25459548830986023,0.02005118504166603,37.5495719909668,0.012588839046657085,0.017711468040943146
seismic,shuffled_xy,62,0.2,0.000280368811218068,0.0003109299286734313,0.00028198931249789894,0.0003108970704488456,0.00038738749572075903,nan,nan,2.4423084690610377,20.269619965481066,20.09160553173751,baseline,-0.0015111379930432276,0.12154925810433474,0.7455793388349119,10.199471706468929,10.173084561171867,baseline,8.84851496772411e-05,0.07328935397599627,1.794191007320478e-06,1.7941908936336404e-06,1.1434543132781982,0.02681683748960495,-3.256029458498233e-06,0.000280368811218068,0.000280368811218068,0.0003109299286734313,0.0003109299286734313,0.0,0.0,0,0.006023191709405951,0.0,0.0,0.9939768082905941,0.9939768082905941,0.008100435123310925,0.0,0.0,0.9918995648766893,0.9918995648766893,0,0.0,0,0,0,1.055671215057373,0.40948325395584106,-1.7157412912638392e-06,56,1.3616402611660305e-05,0.0,80,2.439483068883419e-06,0.0,161784,-1.7231030824405025e-06,0.0,0,0,0,0,0,0,0,0,0,0,0,0,0,0,0,225280,225280,0,0.0,0.2544887661933899,0.020023614168167114,37.55159378051758,0.012583720497786999,0.017704784870147705
seismic,shuffled_xy,63,0.2,0.0002791730803437531,0.0003109299286734313,0.00028198931249789894,0.0003108970704488456,0.00038738749572075903,nan,nan,2.430923587750413,20.265955150064045,20.09160553173751,baseline,-0.001395853689508503,0.12098395048016748,0.7455793388349119,10.199471706468929,10.173084561171867,baseline,8.84851496772411e-05,0.07328935397599627,1.8935386378871044e-06,1.8935386378871044e-06,1.139051079750061,-0.0035260131116956472,4.520721290646179e-07,0.0002791730803437531,0.0002791730803437531,0.0003109299286734313,0.0003109299286734313,0.0,0.0,0,0.005173821503521415,0.0,0.0,0.9948261784964785,0.9948261784964785,0.007628584368204724,0.0,0.0,0.9923714156317954,0.9923714156317954,0,0.0,0,0,0,1.0556689500808716,0.4094703197479248,-3.421640570877571e-08,56,1.54874287545681e-05,0.0,80,2.6276102289557457e-06,0.0,161784,-4.090529159839207e-08,0.0,0,0,0,0,0,0,0,0,0,0,0,0,0,0,0,225280,225280,0,0.0,0.25436732172966003,0.020011624321341515,37.55797576904297,0.012581116519868374,0.017701582983136177
seismic,shuffled_xy,64,0.2,0.00027797403163276613,0.0003109299286734313,0.00028198931249789894,0.0003108970704488456,0.00038738749572075903,nan,nan,2.459749810638384,20.267171760319222,20.09160553173751,baseline,-0.0012823128885420814,0.12242002645470511,0.7455793388349119,10.199471706468929,10.173084561171867,baseline,8.84851496772411e-05,0.07328935397599627,1.8260928982272162e-06,1.8260928982272162e-06,1.1294429302215576,0.0037423528265208006,-4.630848309261637e-07,0.00027797403163276613,0.00027797403163276613,0.0003109299286734313,0.0003109299286734313,0.0,0.0,0,0.005208849239095526,0.0,0.0,0.9947911507609044,0.9947911507609044,0.007346091755176629,0.0,0.0,0.9926539082448235,0.9926539082448235,0,0.0,0,0,0,1.0556601285934448,0.40947988629341125,1.4539541552949231e-06,56,1.7400598153471947e-05,0.0,80,2.9908260330557823e-06,0.0,161784,1.4476744354396942e-06,0.0,0,0,0,0,0,0,0,0,0,0,0,0,0,0,0,225280,225280,0,0.0,0.25425052642822266,0.020015403628349304,37.5679931640625,0.012581477873027325,0.017702646553516388
seismic,shuffled_xy,65,0.2,0.0002767746336758137,0.0003109299286734313,0.00028198931249789894,0.0003108970704488456,0.00038738749572075903,nan,nan,2.5248250163052037,20.272955025881473,20.09160553173751,baseline,-0.0011709380887262922,0.12566021185058907,0.7455793388349119,10.199471706468929,10.173084561171867,baseline,8.84851496772411e-05,0.07328935397599627,1.7665983023107401e-06,1.7665984159975778e-06,1.1204148530960083,0.005043634679168463,-6.043503617547685e-07,0.0002767746336758137,0.0002767746336758137,0.0003109299286734313,0.0003109299286734313,0.0,0.0,0,0.005091528870203408,0.0,0.0,0.9949084711297965,0.9949084711297965,0.007130860403912341,0.0,0.0,0.9928691395960876,0.9928691395960876,0,0.0,0,0,0,1.0556467771530151,0.40950262546539307,2.5955266664823284e-06,56,1.932564191520214e-05,0.0,136,7.457857282133773e-05,0.0,161728,2.5292017653555376e-06,0.0,0,0,0,0,0,0,0,0,0,0,0,0,0,0,0,225280,225280,0,0.0,0.2542022168636322,0.020034492015838623,37.58089065551758,0.012585943564772606,0.017707698047161102
seismic,shuffled_xy,66,0.2,0.000275804748525843,0.0003109299286734313,0.00028198931249789894,0.0003108970704488456,0.00038738749572075903,nan,nan,2.5970391356430698,20.279890660604956,20.09160553173751,baseline,-0.001061181838732134,0.12925555458749746,0.7455793388349119,10.199471706468929,10.173084561171867,baseline,8.84851496772411e-05,0.07328935397599627,1.7011751651807572e-06,1.7011751651807572e-06,1.0917526483535767,0.05009479075670242,-5.7865172493620776e-06,0.000275804748525843,0.000275804748525843,0.0003109299286734313,0.0003109299286734313,0.0,0.0,0,0.00493700595030531,0.0,0.0,0.9950629940496949,0.9950629940496949,0.007205451656588508,0.0,0.0,0.9927945483434115,0.9927945483434115,0,0.0,0,0,0,1.055632472038269,0.4095322787761688,3.6795579489989905e-06,96,1.6758665879024193e-05,0.0,96,8.999019337352365e-05,0.0,161728,3.620561301431735e-06,0.0,0,0,0,0,0,0,0,0,0,0,0,0,0,0,0,225280,225280,0,0.0,0.2542005181312561,0.020066246390342712,37.594970703125,0.012591427192091942,0.0177137553691864
seismic,shuffled_xy,67,0.2,0.00027494129608385265,0.0003109299286734313,0.00028198931249789894,0.0003108970704488456,0.00038738749572075903,nan,nan,2.695112605940412,20.29061093443627,20.09160553173751,baseline,-0.0009570221838668424,0.13413781242762512,0.7455793388349119,10.199471706468929,10.173084561171867,baseline,8.84851496772411e-05,0.07328935397599627,1.5630016605427954e-06,1.5630016605427954e-06,1.0636545419692993,0.08753129839897156,-9.29905399971176e-06,0.00027494129608385265,0.00027494129608385265,0.0003109299286734313,0.0003109299286734313,0.0,0.0,0,0.0052142395720232715,0.0,0.0,0.9947857604279767,0.9947857604279767,0.007288503018332528,0.0,0.0,0.9927114969816674,0.9927114969816674,0,0.0,0,0,0,1.0556267499923706,0.40954896807670593,4.448264007805847e-06,96,1.8419330444885418e-05,0.0,96,7.858504250179976e-05,0.0,161728,4.395963969727745e-06,0.0,0,0,0,0,0,0,0,0,0,0,0,0,0,0,0,225280,225280,0,0.0,0.2541612684726715,0.020105009898543358,37.60862731933594,0.01260011363774538,0.017723120748996735
seismic,shuffled_xy,68,0.2,0.0002740401541814208,0.0003109299286734313,0.00028198931249789894,0.0003108970704488456,0.00038738749572075903,nan,nan,2.788189852835902,20.30118327113677,20.09160553173751,baseline,-0.0008564201383536213,0.13877122728121344,0.7455793388349119,10.199471706468929,10.173084561171867,baseline,8.84851496772411e-05,0.07328935397599627,1.4665386061096797e-06,1.4665387197965174e-06,1.0387458801269531,0.11188144236803055,-1.116198291128967e-05,0.0002740401541814208,0.0002740401541814208,0.0003109299286734313,0.0003109299286734313,0.0,0.0,0,0.0032123710526173656,0.0,0.0,0.9967876289473825,0.9967876289473825,0.007181882840057091,0.0,0.0,0.992818117159943,0.992818117159943,0,0.0,0,0,0,1.0556291341781616,0.40954357385635376,4.937448466080241e-06,96,1.9455872461549006e-05,0.0,96,6.830674828961492e-05,0.0,161728,4.891215212410316e-06,0.0,0,0,0,0,0,0,0,0,0,0,0,0,0,0,0,225280,225280,0,0.0,0.25403785705566406,0.02014404535293579,37.620689392089844,0.0126069700345397,0.017732353881001472
seismic,shuffled_xy,69,0.2,0.00027309628785587847,0.0003109299286734313,0.00028198931249789894,0.0003108970704488456,0.00038738749572075903,nan,nan,2.886641829185787,20.313009824633138,20.09160553173751,baseline,-0.0007593458451075134,0.14367201802681695,0.7455793388349119,10.199471706468929,10.173084561171867,baseline,8.84851496772411e-05,0.07328935397599627,1.467906145080633e-06,1.467906145080633e-06,1.0295270681381226,0.09209541976451874,-9.202756700688042e-06,0.00027309628785587847,0.00027309628785587847,0.0003109299286734313,0.0003109299286734313,0.0,0.0,0,0.002456584955066997,0.0,0.0,0.997543415044933,0.997543415044933,0.0067942364449772195,0.0,0.0,0.9932057635550228,0.9932057635550228,0,0.0,0,0,0,1.055638313293457,0.4095134735107422,5.284481176204281e-06,96,2.0352968931547366e-05,0.0,96,5.971161226625554e-05,0.0,161728,5.243229679763317e-06,0.0,0,0,0,0,0,0,0,0,0,0,0,0,0,0,0,225280,225280,0,0.0,0.25393062829971313,0.020184237509965897,37.63116455078125,0.01261390931904316,0.017742684110999107
seismic,shuffled_xy,70,0.2,0.00027206455706618726,0.0003109299286734313,0.00028198931249789894,0.0003108970704488456,0.00038738749572075903,nan,nan,2.9834479787272037,20.325132711528425,20.09160553173751,baseline,-0.0006656942277318862,0.1484907711306823,0.7455793388349119,10.199471706468929,10.173084561171867,baseline,8.84851496772411e-05,0.07328935397599627,1.5791764553796384e-06,1.5791764553796384e-06,1.027280569076538,0.1218903660774231,-1.3110369764035568e-05,0.00027206455706618726,0.00027206455706618726,0.0003109299286734313,0.0003109299286734313,0.0,0.0,0,0.0016276790349738996,0.0,0.0,0.9983723209650259,0.9983723209650259,0.006272524929223722,0.0,0.0,0.9937274750707764,0.9937274750707764,0,0.0,0,0,0,1.0556572675704956,0.4094647467136383,5.1951242312497925e-06,152,4.735295078717172e-05,0.0,40,-2.158805727958679e-06,0.0,161728,5.15732062922325e-06,0.0,0,0,0,0,0,0,0,0,0,0,0,0,0,0,0,225280,225280,0,0.0,0.2538416087627411,0.02022607810795307,37.63810348510742,0.012621250934898853,0.017753273248672485
seismic,shuffled_xy,71,0.2,0.0002708608517423272,0.000311548967147246,0.00028198931249789894,0.0003108970704488456,0.00038738749572075903,nan,nan,3.071087306337782,20.33639021031276,20.09160553173751,baseline,-0.0005754374773388784,0.15285316741753657,0.9794366788660854,10.2199413570679,10.173084561171867,baseline,1.8090129847482123e-05,0.09627725550565616,1.611329253137228e-06,1.611329253137228e-06,1.041161298751831,0.09277349710464478,-1.0185114660998806e-05,0.0002708608517423272,0.0002708608517423272,0.000311548967147246,0.000311548967147246,0.0,0.0,56,0.0012143232456201468,0.0,0.0,0.9987856767543798,0.9987856767543798,0.005557421142163667,0.0,0.0,0.9944425788578365,0.9944425788578365,56,0.00034584981040097773,0,0,56,1.055688500404358,0.4093944728374481,5.576429430220742e-06,152,4.461267963051796e-05,0.3684210479259491,40,-2.064742147922516e-06,0.0,161728,5.541630798688857e-06,0.0,0,0,0,0,0,0,0,0,0,0,0,0,0,0,56,225280,225280,0,0.0,0.25381818413734436,0.020274948328733444,37.642940521240234,0.01262789685279131,0.017763106152415276
seismic,shuffled_xy,72,0.2,0.0002695564180612564,0.000311548967147246,0.00028198931249789894,0.0003108970704488456,0.00038738749572075903,nan,nan,3.1712757510140754,20.350031934072316,20.09160553173751,baseline,-0.00048826322780668385,0.15784007768335404,0.9794366788660854,10.2199413570679,10.173084561171867,baseline,1.8090129847482123e-05,0.09627725550565616,1.670013261900749e-06,1.670013261900749e-06,1.0630266666412354,0.08140227198600769,-9.26403208723059e-06,0.0002695564180612564,0.0002695564180612564,0.000311548967147246,0.000311548967147246,0.0,0.0,0,0.0009006247444725881,0.0,0.0,0.9990993752555275,0.9990993752555275,0.004811875515343436,0.0,0.0,0.9951881244846568,0.9951881244846568,0,0.0,0,0,0,1.055722713470459,0.4093122184276581,6.191788088472094e-06,152,4.2812040192075074e-05,0.0,40,-1.664506271481514e-06,0.0,161728,6.159313215903239e-06,0.0,0,0,0,0,0,0,0,0,0,0,0,0,0,0,0,225280,225280,0,0.0,0.25384122133255005,0.02033614180982113,37.64630889892578,0.012636836618185043,0.017775021493434906
seismic,shuffled_xy,73,0.2,0.00026821246137842536,0.000311548967147246,0.00028198931249789894,0.0003108970704488456,0.00038738749572075903,nan,nan,3.3022906704840262,20.36918535424361,20.09160553173751,baseline,-0.0004037621947219067,0.16436121549451904,0.9794366788660854,10.2199413570679,10.173084561171867,baseline,1.8090129847482123e-05,0.09627725550565616,1.6370327102777082e-06,1.6370327102777082e-06,1.0854393243789673,0.05352643132209778,-5.971978225716157e-06,0.00026821246137842536,0.00026821246137842536,0.000311548967147246,0.000311548967147246,0.0,0.0,0,0.0007744555975524924,0.0,0.0,0.9992255444024477,0.9992255444024477,0.004140560372774938,0.0,0.0,0.9958594396272249,0.9958594396272249,0,0.0,0,0,0,1.0557529926300049,0.4092254638671875,7.191264103312278e-06,152,4.180889663984999e-05,0.0,160,0.0013053922448307276,0.0,161608,5.873421287105884e-06,0.0,0,0,0,0,0,0,0,0,0,0,0,0,0,0,0,225280,225280,0,0.0,0.25384974479675293,0.020417455583810806,37.64963912963867,0.012651230208575726,0.0177917517721653
seismic,shuffled_xy,74,0.2,0.00026711929240264,0.000311548967147246,0.00028198931249789894,0.0003108970704488456,0.00038738749572075903,nan,nan,3.44436541978476,20.391059036107123,20.09160553173751,baseline,-0.0003208325482217162,0.1714327599424015,0.9794366788660854,10.2199413570679,10.173084561171867,baseline,1.8090129847482123e-05,0.09627725550565616,1.5527622281297226e-06,1.5527622281297226e-06,1.101491093635559,0.012867930345237255,-1.3619469427794684e-06,0.00026711929240264,0.00026711929240264,0.000311548967147246,0.000311548967147246,0.0,0.0,0,0.0007435519817766617,0.0,0.0,0.9992564480182233,0.9992564480182233,0.0035958074785248776,0.0,0.0,0.9964041925214752,0.9964041925214752,0,0.0,0,0,0,1.0557825565338135,0.40914440155029297,8.604931281297468e-06,152,4.14278001699131e-05,0.0,160,0.0009582466445863247,0.0,161608,7.633866516698617e-06,0.0,0,0,0,0,0,0,0,0,0,0,0,0,0,0,0,225280,225280,0,0.0,0.2538491487503052,0.020526908338069916,37.654659271240234,0.012669331394135952,0.01781085692346096
seismic,shuffled_xy,75,0.2,0.000266149960225448,0.000311548967147246,0.00028198931249789894,0.0003108970704488456,0.00038738749572075903,nan,nan,3.6468387041376817,20.42459976013444,20.09160553173751,baseline,-0.00023810134577633424,0.18151041044040225,0.9794366788660854,10.2199413570679,10.173084561171867,baseline,1.8090129847482123e-05,0.09627725550565616,1.4283901919043274e-06,1.4283901919043274e-06,1.0811747312545776,-0.09337589144706726,9.093626431422308e-06,0.000266149960225448,0.000266149960225448,0.000311548967147246,0.000311548967147246,0.0,0.0,0,0.0007964485128558736,0.0,0.0,0.9992035514871442,0.9992035514871442,0.003337420525273051,0.0,0.0,0.9966625794747269,0.9966625794747269,0,0.0,0,0,0,1.05580472946167,0.40907883644104004,1.018373131955741e-05,96,2.3843449525884353e-05,0.0,216,0.0005633986438624561,0.0,161608,9.436206710233819e-06,0.0,0,0,0,0,0,0,0,0,0,0,0,0,0,0,0,225280,225280,0,0.0,0.2538371980190277,0.020667482167482376,37.66407775878906,0.01269800029695034,0.017840154469013214
seismic,shuffled_xy,76,0.2,0.00026520315441302955,0.000311548967147246,0.00028198931249789894,0.0003108970704488456,0.00038738749572075903,nan,nan,3.8825240650838326,20.466297388047405,20.09160553173751,baseline,-0.00015200785635581342,0.19324104575642095,0.9794366788660854,10.2199413570679,10.173084561171867,baseline,1.8090129847482123e-05,0.09627725550565616,1.4753998129890533e-06,1.4753998129890533e-06,1.052598476409912,-0.10217416286468506,1.0284389645676129e-05,0.00026520315441302955,0.00026520315441302955,0.000311548967147246,0.000311548967147246,0.0,0.0,0,0.0007151469722687367,0.0,0.0,0.999284853027731,0.999284853027731,0.003159980807077838,0.0,0.0,0.996840019192922,0.996840019192922,0,0.0,0,0,0,1.055811882019043,0.40904611349105835,1.1444552910688799e-05,152,4.209302278468385e-05,0.0,216,0.00048576967674307525,0.0,161552,1.0781527635117527e-05,0.0,0,0,0,0,0,0,0,0,0,0,0,0,0,0,0,225280,225280,0,0.0,0.253890722990036,0.020832525566220284,37.67784881591797,0.01273308601230383,0.017876574769616127
seismic,shuffled_xy,77,0.2,0.0002639242447912693,0.000311548967147246,0.00028198931249789894,0.0003108970704488456,0.00038738749572075903,nan,nan,4.083950064706164,20.50358107023934,20.09160553173751,baseline,-5.645135249221528e-05,0.2032664786674066,0.9794366788660854,10.2199413570679,10.173084561171867,baseline,1.8090129847482123e-05,0.09627725550565616,2.0147444956819527e-06,2.0147444956819527e-06,1.0342456102371216,-0.07976248860359192,1.0974242286465596e-05,0.0002639242447912693,0.0002639242447912693,0.000311548967147246,0.000311548967147246,0.0,0.0,0,0.00039382427112060386,0.0,0.0,0.9996061757288792,0.9996061757288792,0.002960529504038043,0.0,0.0,0.9970394704959616,0.9970394704959616,0,0.0,0,0,0,1.0558063983917236,0.4090421795845032,1.2123153283027932e-05,152,4.277174957678653e-05,0.0,216,0.00041361016337759793,0.0,161552,1.1557515790627804e-05,0.0,0,0,0,0,0,0,0,0,0,0,0,0,0,0,0,225280,225280,0,0.0,0.2539873421192169,0.021007057279348373,37.69544982910156,0.012761730700731277,0.01790914125740528
seismic,shuffled_xy,78,0.2,0.00026215804973617196,0.000311548967147246,0.00028198931249789894,0.0003108970704488456,0.00038738749572075903,nan,nan,4.262311545968316,20.537588983012977,20.09160553173751,baseline,5.8650650499707894e-05,0.2121438914547367,0.9794366788660854,10.2199413570679,10.173084561171867,baseline,1.8090129847482123e-05,0.09627725550565616,2.863046120182844e-06,2.863046120182844e-06,1.0467945337295532,-0.11839407682418823,2.3178126866696402e-05,0.00026215804973617196,0.00026215804973617196,0.000311548967147246,0.000311548967147246,0.0,0.0,0,0.00037626243390858114,0.0,0.0,0.9996237375660911,0.9996237375660911,0.0027447220993621273,0.0,0.0,0.9972552779006381,0.9972552779006381,0,0.0,0,0,0,1.0557889938354492,0.4090613126754761,1.363713454338722e-05,152,4.398686724016443e-05,0.0,216,0.0005633116816170514,0.0,161552,1.287364648305811e-05,0.0,0,0,0,0,0,0,0,0,0,0,0,0,0,0,0,225280,225280,0,0.0,0.25406739115715027,0.021198036149144173,37.72019958496094,0.012784898281097412,0.017938846722245216
seismic,shuffled_xy,79,0.2,0.000260522763710469,0.000311548967147246,0.00028198931249789894,0.0003108970704488456,0.00038738749572075903,nan,nan,4.481754846108147,20.5817885091111,20.09160553173751,baseline,0.0001842100566771087,0.22306596209230392,0.9794366788660854,10.2199413570679,10.173084561171867,baseline,1.8090129847482123e-05,0.09627725550565616,3.0485364277410554e-06,3.0485364277410554e-06,1.0675854682922363,-0.10448165982961655,2.1819134417455643e-05,0.000260522763710469,0.000260522763710469,0.000311548967147246,0.000311548967147246,0.0,0.0,0,0.00035235063166887256,0.0,0.0,0.9996476493683313,0.9996476493683313,0.002588458988235634,0.0,0.0,0.9974115410117643,0.9974115410117643,0,0.0,0,0,0,1.0557520389556885,0.4091164767742157,1.5240481843648013e-05,152,4.570734017761424e-05,0.0,216,0.0006657889462076128,0.0,161552,1.4342012036649976e-05,0.0,0,0,0,0,0,0,0,0,0,0,0,0,0,0,0,225280,225280,0,0.0,0.2541764974594116,0.02141672372817993,37.751441955566406,0.0128164142370224,0.017977453768253326
seismic,shuffled_xy,80,0.2,0.0002599855652078986,0.000311548967147246,0.00028198931249789894,0.0003108970704488456,0.00038738749572075903,nan,nan,4.701020412142877,20.629160634907972,20.09160553173751,baseline,0.00026003406078776244,0.23397918606247792,0.9794366788660854,10.2199413570679,10.173084561171867,baseline,1.8090129847482123e-05,0.09627725550565616,2.6079974304593634e-06,2.6079974304593634e-06,1.0536619424819946,-0.05653727054595947,1.01230907603167e-05,0.0002599855652078986,0.0002599855652078986,0.000311548967147246,0.000311548967147246,0.0,0.0,0,0.0009058342663536883,0.0,0.0,0.9990941657336462,0.9990941657336462,0.00277559339986571,0.0,0.0,0.9972244066001343,0.9972244066001343,0,0.0,0,0,0,1.0556985139846802,0.4091990888118744,1.5330082533182576e-05,192,3.8118694646982476e-05,0.0,176,0.0008387519046664238,0.0,161552,1.4405934962269384e-05,0.0,0,0,0,0,0,0,0,0,0,0,0,0,0,0,0,225280,225280,0,0.0,0.25429821014404297,0.0216504018753767,37.7861328125,0.012845057994127274,0.018018830567598343
seismic,shuffled_xy,81,0.2,0.0002601192973088473,0.000311548967147246,0.00028198931249789894,0.0003108970704488456,0.00038738749572075903,nan,nan,4.897797216826235,20.673666281191956,20.09160553173751,baseline,0.0003227280049641221,0.24377309802186725,0.9794366788660854,10.2199413570679,10.173084561171867,baseline,1.8090129847482123e-05,0.09627725550565616,2.0133725229243282e-06,2.0133725229243282e-06,0.9490843415260315,0.09399931877851486,-1.3023944120504893e-05,0.0002601192973088473,0.0002601192973088473,0.000311548967147246,0.000311548967147246,0.0,nan,0,0.0009251164711485637,0.0,0.0,0.9990748835288513,0.9990748835288513,0.003404279166241006,0.0,0.0,0.9965957208337589,0.9965957208337589,0,0.0,0,0,0,1.0556434392929077,0.4092850685119629,1.1457586879259907e-05,192,4.007415191153996e-05,0.0,176,0.0007704601739533246,0.0,161552,1.0596694664855022e-05,0.0,0,0,0,0,0,0,0,0,0,0,0,0,0,0,0,225280,225280,0,0.0,0.2543330490589142,0.021837390959262848,37.81723403930664,0.012872940860688686,0.018057705834507942
seismic,shuffled_xy,82,0.2,0.00026040032389573753,0.000311548967147246,0.00028198931249789894,0.0003108970704488456,0.00038738749572075903,nan,nan,5.006695532391074,20.69867159699679,20.09160553173751,baseline,0.00037729475198140436,0.24919311629079868,0.9794366788660854,10.2199413570679,10.173084561171867,baseline,1.8090129847482123e-05,0.09627725550565616,2.7916796625504503e-06,2.7916796625504503e-06,0.8311554789543152,0.16382910311222076,-3.1537281756754965e-05,0.00026040032389573753,0.00026040032389573753,0.000311548967147246,0.000311548967147246,0.0,nan,0,0.0005019295545269577,0.0,0.0,0.9994980704454732,0.9994980704454732,0.004369190553942815,0.0,0.0,0.9956308094460573,0.9956308094460573,0,0.0,0,0,0,1.0556085109710693,0.40933334827423096,5.329042778612347e-06,192,4.1962088289437816e-05,0.0,216,0.00043603230733424425,0.0,161512,4.709488166554365e-06,0.0,0,0,0,0,0,0,0,0,0,0,0,0,0,0,0,225280,225280,0,0.0,0.25421756505966187,0.02194063924252987,37.83845520019531,0.01288621500134468,0.018079545348882675
seismic,shuffled_xy,83,0.2,0.00026041382807306945,0.000311548967147246,0.00028198931249789894,0.0003108970704488456,0.00038738749572075903,nan,nan,5.002560447532391,20.696710857409123,20.09160553173751,baseline,0.00042656294730862,0.24898722495426645,0.9794366788660854,10.2199413570679,10.173084561171867,baseline,1.8090129847482123e-05,0.09627725550565616,3.684078137666802e-06,3.684078137666802e-06,0.7158995270729065,0.20338734984397888,-5.17378248332534e-05,0.00026041382807306945,0.00026041382807306945,0.000311548967147246,0.000311548967147246,0.0,nan,0,0.0007134881579272771,0.0,0.0,0.9992865118420728,0.9992865118420728,0.005755734583180311,0.0,0.0,0.9942442654168194,0.9942442654168194,0,0.0,0,0,0,1.0556014776229858,0.40932491421699524,-1.2045996982124052e-06,272,3.476900383247994e-05,0.0,136,0.00017968314932659268,0.0,161512,-1.4174977422953816e-06,0.0,0,0,0,0,0,0,0,0,0,0,0,0,0,0,0,225280,225280,0,0.0,0.25411367416381836,0.021945824846625328,37.84364700317383,0.012879547663033009,0.018077833577990532
seismic,shuffled_xy,84,0.2,0.00025980794453062117,0.000311548967147246,0.00028198931249789894,0.0003108970704488456,0.00038738749572075903,nan,nan,4.908631789228369,20.67295327874976,20.09160553173751,baseline,0.0004908453127491575,0.24431207723965168,0.9794366788660854,10.2199413570679,10.173084561171867,baseline,1.8090129847482123e-05,0.09627725550565616,3.813863713730825e-06,3.8138639411045006e-06,0.6869935393333435,0.20338062942028046,-5.357933696359396e-05,0.00025980794453062117,0.00025980794453062117,0.000311548967147246,0.000311548967147246,0.0,0.0,0,0.0006423439403766128,0.0,0.0,0.9993576560596233,0.9993576560596233,0.006370973197025642,0.0,0.0,0.9936290268029745,0.9936290268029745,0,0.0,0,0,0,1.0556315183639526,0.409244179725647,-6.145907263999106e-06,272,3.5604360164143145e-05,0.0,136,-0.00036771930172108114,0.0,161512,-5.911757853027666e-06,0.0,0,0,0,0,0,0,0,0,0,0,0,0,0,0,0,225280,225280,0,0.0,0.2541268467903137,0.02187369577586651,37.834476470947266,0.012858658097684383,0.01805708184838295
seismic,shuffled_xy,85,0.2,0.00025897062732838094,0.000311548967147246,0.00028198931249789894,0.0003108970704488456,0.00038738749572075903,nan,nan,4.7723991636452086,20.63966864862823,20.09160553173751,baseline,0.0005604599873064141,0.2375313347351946,0.9794366788660854,10.2199413570679,10.173084561171867,baseline,1.8090129847482123e-05,0.09627725550565616,3.450056738074636e-06,3.450056738074636e-06,0.7138411998748779,0.19498507678508759,-4.6445355110336095e-05,0.00025897062732838094,0.00025897062732838094,0.000311548967147246,0.000311548967147246,0.0,0.0,0,0.000760483794015557,0.0,0.0,0.9992395162059845,0.9992395162059845,0.006184079566870602,0.0,0.0,0.9938159204331293,0.9938159204331293,0,0.0,0,0,0,1.05569326877594,0.40910759568214417,-8.889022865332663e-06,272,3.670065780170262e-05,0.0,136,-0.0008372325100935996,0.0,161512,-8.268300007330254e-06,0.0,0,0,0,0,0,0,0,0,0,0,0,0,0,0,0,225280,225280,0,0.0,0.2542182505130768,0.02175660990178585,37.81561279296875,0.012833846732974052,0.018028009682893753
seismic,shuffled_xy,86,0.2,0.0002583396271802485,0.00031489101820625365,0.00028198931249789894,0.0003108970704488456,0.00038738749572075903,nan,nan,4.642654865966764,20.60885744607091,20.09160553173751,baseline,0.0006216074598466157,0.2310735227357986,1.5600969718226578,10.292565061682426,10.173084561171867,baseline,-5.480393238567262e-05,0.15335534299567435,2.118702695952379e-06,2.118702695952379e-06,0.724770724773407,0.17953425645828247,-2.6233288735966198e-05,0.0002583396271802485,0.0002583396271802485,0.00031489101820625365,0.00031489101820625365,0.0,0.0,96,0.0007474667776937759,0.0,0.0,0.9992525332223061,0.9992525332223061,0.005954867636090364,0.0,0.0,0.9940451323639099,0.9940451323639099,96,0.0005928853643126786,0,0,96,1.0557767152786255,0.408936083316803,-9.367392522108275e-06,272,3.795411248574965e-05,0.3529411852359772,136,-0.0011421628296375275,0.0,161512,-8.49322350404691e-06,0.0,0,0,56,0,0,0,0,0,0,0,0,0,0,0,40,225280,225280,0,0.0,0.25423961877822876,0.021630313247442245,37.793392181396484,0.01281374879181385,0.018001096323132515
seismic,shuffled_xy,87,0.2,0.00025790042127482593,0.00031489101820625365,0.00028198931249789894,0.0003108970704488456,0.00038738749572075903,nan,nan,4.538427822942296,20.584547614245537,20.09160553173751,baseline,0.0006767110852688613,0.22588575362860525,1.5600969718226578,10.292565061682426,10.173084561171867,baseline,-5.480393238567262e-05,0.15335534299567435,1.524169647382223e-06,1.524169647382223e-06,0.7181629538536072,0.13672690093517303,-1.4353081496665254e-05,0.00025790042127482593,0.00025790042127482593,0.00031489101820625365,0.00031489101820625365,0.0,0.0,0,0.0012595483086471572,0.0,0.0,0.9987404516913526,0.9987404516913526,0.005944982299574291,0.0,0.0,0.9940550177004256,0.9940550177004256,0,0.0,0,0,0,1.0558711290359497,0.4087575078010559,-8.5612928160117e-06,272,3.923693657270633e-05,0.0,136,-0.0012774680508300662,0.0,161512,-7.57331463319133e-06,0.0,0,0,0,0,0,0,0,0,0,0,0,0,0,0,0,225280,225280,0,0.0,0.2542262375354767,0.021511783823370934,37.77136993408203,0.012800659984350204,0.017979862168431282
seismic,shuffled_xy,88,0.2,0.0002576226834207773,0.00031544643570668995,0.00028198931249789894,0.0003108970704488456,0.00038738749572075903,nan,nan,4.464006491504189,20.567322192838073,20.09160553173751,baseline,0.0007248753030404955,0.2221814840466987,1.89832924074621,10.34923412111967,10.173084561171867,baseline,-5.480393238567262e-05,0.18660310424639548,1.1433223789936164e-06,1.1433223789936164e-06,0.6957393884658813,0.05700187385082245,-4.482624262891477e-06,0.0002576226834207773,0.0002576226834207773,0.00031544643570668995,0.00031544643570668995,0.0,0.0,40,0.0021058620069725155,0.0,0.0,0.9978941379930275,0.9978941379930275,0.00615382890085152,0.0,0.0,0.9938461710991483,0.9938461710991483,40,0.0002470355830155313,0,0,40,1.0559654235839844,0.4085862636566162,-6.945776476641186e-06,272,4.050704592373222e-05,0.14705882966518402,136,-0.0012619859771803021,0.0,161512,-5.968893219687743e-06,0.0,0,0,40,0,0,0,0,0,0,0,0,0,0,0,0,225280,225280,0,0.0,0.25413447618484497,0.021411053836345673,37.75200271606445,0.012793825007975101,0.017964817583560944
seismic,shuffled_xy,89,0.2,0.00025741205899976194,0.00031544643570668995,0.00028198931249789894,0.0003108970704488456,0.00038738749572075903,nan,nan,4.413502368087795,20.555590615279474,20.09160553173751,baseline,0.0007670949593716773,0.21966763437615375,1.89832924074621,10.34923412111967,10.173084561171867,baseline,-5.480393238567262e-05,0.18660310424639548,1.0209372476310818e-06,1.0209372476310818e-06,0.6646299362182617,-0.03627078980207443,2.543960135881207e-06,0.00025741205899976194,0.00025741205899976194,0.00031544643570668995,0.00031544643570668995,0.0,0.0,0,0.0026679434876324755,0.0,0.0,0.9973320565123673,0.9973320565123673,0.0065329763023119864,0.0,0.0,0.9934670236976879,0.9934670236976879,0,0.0,0,0,0,1.0560534000396729,0.40843263268470764,-4.944430656905752e-06,272,4.1737654100870714e-05,0.0,136,-0.001145282294601202,0.0,161512,-4.062834250362357e-06,0.0,0,0,0,0,0,0,0,0,0,0,0,0,0,0,0,225280,225280,0,0.0,0.2540450990200043,0.02133290097117424,37.736610412597656,0.01279059611260891,0.017954569309949875
seismic,shuffled_xy,90,0.2,0.0002571580989751965,0.00031544643570668995,0.00028198931249789894,0.0003108970704488456,0.00038738749572075903,nan,nan,4.37541855612662,20.546705896627547,20.09160553173751,baseline,0.0008048318873519034,0.2177719778771992,1.89832924074621,10.34923412111967,10.173084561171867,baseline,-5.480393238567262e-05,0.18660310424639548,1.0879996352741728e-06,1.0879996352741728e-06,0.644706130027771,-0.0600210577249527,4.481991254579043e-06,0.0002571580989751965,0.0002571580989751965,0.00031544643570668995,0.00031544643570668995,0.0,0.0,0,0.0031926898724672936,0.0,0.0,0.9968073101275329,0.9968073101275329,0.006910889838535246,0.0,0.0,0.9930891101614648,0.9930891101614648,0,0.0,0,0,0,1.0561296939849854,0.4083026051521301,-2.9575796816061484e-06,232,4.5389821025310084e-05,0.0,176,-0.0007265261374413967,0.0,161512,-2.2385527245205594e-06,0.0,0,0,0,0,0,0,0,0,0,0,0,0,0,0,0,225280,225280,0,0.0,0.25399070978164673,0.02127533219754696,37.72524642944336,0.012787796556949615,0.01794680953025818
seismic,shuffled_xy,91,0.2,0.0002575729740783572,0.00031544643570668995,0.00028198931249789894,0.0003108970704488456,0.00038738749572075903,nan,nan,4.3194667722925075,20.535249532450802,20.09160553173751,baseline,0.0007852064515832943,0.21498719730471408,1.89832924074621,10.34923412111967,10.173084561171867,baseline,-5.480393238567262e-05,0.18660310424639548,1.0662255363058648e-06,1.0662255363058648e-06,0.6244072914123535,-0.11035758256912231,8.070195690379478e-06,0.0002575729740783572,0.0002575729740783572,0.00031544643570668995,0.00031544643570668995,0.0,nan,0,0.003226255462433162,0.0,0.0,0.9967737445375668,0.9967737445375668,0.007328520517596159,0.0,0.0,0.9926714794824036,0.9926714794824036,0,0.0,0,0,0,1.0561939477920532,0.4081958830356598,-9.533216598356375e-07,232,4.6883869799785316e-05,0.0,176,-0.0005440912209451199,0.0,161512,-4.301775504700345e-07,0.0,0,0,0,0,0,0,0,0,0,0,0,0,0,0,0,225280,225280,0,0.0,0.2539660632610321,0.021239180117845535,37.71817398071289,0.01277757715433836,0.01793680153787136
seismic,shuffled_xy,92,0.2,0.00025741764693520963,0.00031544643570668995,0.00028198931249789894,0.0003108970704488456,0.00038738749572075903,nan,nan,4.335235384284128,20.538031993557606,20.09160553173751,baseline,0.0008126889103001857,0.21577193659432167,1.89832924074621,10.34923412111967,10.173084561171867,baseline,-5.480393238567262e-05,0.18660310424639548,3.4794543353200424e-06,3.4794543353200424e-06,0.5547484159469604,-0.12945576012134552,3.08803646476008e-05,0.00025741764693520963,0.00025741764693520963,0.00031544643570668995,0.00031544643570668995,0.0,0.0,0,0.00019688447587783506,0.0,0.0,0.999803115524122,0.999803115524122,0.008764656765190526,0.0,0.0,0.9912353432348094,0.9912353432348094,0,0.0,0,0,0,1.0562455654144287,0.40811362862586975,2.2066490146244178e-06,176,1.4082539564697072e-05,0.0,232,-0.00023792116553522646,0.0,161512,2.5386334527865984e-06,0.0,0,0,0,0,0,0,0,0,0,0,0,0,0,0,0,225280,225280,0,0.0,0.2539653778076172,0.021249858662486076,37.718929290771484,0.01278048288077116,0.017939232289791107
seismic,shuffled_xy,93,0.2,0.0002567843475844711,0.00031544643570668995,0.00028198931249789894,0.0003108970704488456,0.00038738749572075903,nan,nan,4.4080851776009675,20.5522128168722,20.09160553173751,baseline,0.0008798913814364466,0.21939758478801394,1.89832924074621,10.34923412111967,10.173084561171867,baseline,-5.480393238567262e-05,0.18660310424639548,3.4648357996047707e-06,3.4648357996047707e-06,0.5532639622688293,-0.12739060819149017,3.0264958695624955e-05,0.0002567843475844711,0.0002567843475844711,0.00031544643570668995,0.00031544643570668995,0.0,0.0,0,0.00019312120930769909,0.0,0.0,0.9998068787906925,0.9998068787906925,0.008433683526993032,0.0,0.0,0.991566316473007,0.991566316473007,0,0.0,0,0,0,1.056270956993103,0.40807732939720154,4.781546067533782e-06,176,1.3423840755422134e-05,0.0,232,-0.00011556300160009414,0.0,161512,4.9449940888735e-06,0.0,0,0,0,0,0,0,0,0,0,0,0,0,0,0,0,225280,225280,0,0.0,0.25398099422454834,0.021298140287399292,37.72600173950195,0.012793820351362228,0.017951618880033493
seismic,shuffled_xy,94,0.2,0.00025614706100896,0.00031544643570668995,0.00028198931249789894,0.0003108970704488456,0.00038738749572075903,nan,nan,4.507235336975128,20.572237204906926,20.09160553173751,baseline,0.0009547831415130423,0.22433222209494216,1.89832924074621,10.34923412111967,10.173084561171867,baseline,-5.480393238567262e-05,0.18660310424639548,3.4681033866945654e-06,3.4681033866945654e-06,0.5837445259094238,-0.10093099623918533,2.4016759198275395e-05,0.00025614706100896,0.00025614706100896,0.00031544643570668995,0.00031544643570668995,0.0,0.0,0,0.00018866022927520773,0.0,0.0,0.9998113397707249,0.9998113397707249,0.007351198162265801,0.0,0.0,0.9926488018377341,0.9926488018377341,0,0.0,0,0,0,1.0562729835510254,0.4080778658390045,6.87860256221029e-06,176,1.3631642104883213e-05,0.0,232,-2.0973533537471667e-05,0.0,161512,6.9112511482671835e-06,0.0,0,0,0,0,0,0,0,0,0,0,0,0,0,0,0,225280,225280,0,0.0,0.25403401255607605,0.02137838676571846,37.73707580566406,0.01281042955815792,0.01796910911798477
seismic,shuffled_xy,95,0.2,0.00025599863147363067,0.00031544643570668995,0.00028198931249789894,0.0003108970704488456,0.00038738749572075903,nan,nan,4.5867548396913005,20.589131912457955,20.09160553173751,baseline,0.0009891430188416633,0.22828995813196318,1.89832924074621,10.34923412111967,10.173084561171867,baseline,-5.480393238567262e-05,0.18660310424639548,9.034531558427261e-07,9.034531558427261e-07,0.5659007430076599,0.020197419449687004,-1.2531222637335304e-06,0.00025599863147363067,0.00025599863147363067,0.00031544643570668995,0.00031544643570668995,0.0,0.0,0,0.0038173076470130176,0.0,0.0,0.9961826923529872,0.9961826923529872,0.007932140077371344,0.0,0.0,0.9920678599226288,0.9920678599226288,0,0.0,0,0,0,1.0562602281570435,0.40810054540634155,7.352407465077704e-06,176,1.4488395208900329e-05,0.0,232,6.033932004356757e-05,0.0,161512,7.268519766512327e-06,0.0,0,0,0,0,0,0,0,0,0,0,0,0,0,0,0,225280,225280,0,0.0,0.25404730439186096,0.02145945280790329,37.74785614013672,0.012821076437830925,0.017983868718147278
seismic,shuffled_xy,96,0.2,0.0002558849228080362,0.00031544643570668995,0.00028198931249789894,0.0003108970704488456,0.00038738749572075903,nan,nan,4.666603043110469,20.606478410745343,20.09160553173751,baseline,0.0010191975950563,0.2322640720631678,1.89832924074621,10.34923412111967,10.173084561171867,baseline,-5.480393238567262e-05,0.18660310424639548,1.018803004626534e-06,1.018803004626534e-06,0.5479623079299927,0.07160130888223648,-5.01378599437885e-06,0.0002558849228080362,0.0002558849228080362,0.00031544643570668995,0.00031544643570668995,0.0,0.0,0,0.002822666406648238,0.0,0.0,0.9971773335933518,0.9971773335933518,0.008509089815757185,0.0,0.0,0.991490910184243,0.991490910184243,0,0.0,0,0,0,1.0562461614608765,0.4081200659275055,7.316360097320285e-06,176,1.5358113159891218e-05,0.0,232,0.00013458605099003762,0.0,161512,7.124783223844133e-06,0.0,0,0,0,0,0,0,0,0,0,0,0,0,0,0,0,225280,225280,0,0.0,0.2539997100830078,0.02153364010155201,37.75768280029297,0.01283226814121008,0.017999019473791122
seismic,shuffled_xy,97,0.2,0.00025579254725016654,0.00031544643570668995,0.00028198931249789894,0.0003108970704488456,0.00038738749572075903,nan,nan,4.728070626525362,20.619962802782855,20.09160553173751,baseline,0.0010458954575366629,0.2353233504168459,1.89832924074621,10.34923412111967,10.173084561171867,baseline,-5.480393238567262e-05,0.18660310424639548,9.454299743083538e-07,9.454299743083538e-07,0.5353268980979919,0.08953920006752014,-5.82247912461753e-06,0.00025579254725016654,0.00025579254725016654,0.00031544643570668995,0.00031544643570668995,0.0,0.0,0,0.0024309753726289756,0.0,0.0,0.9975690246273711,0.9975690246273711,0.008784534929761051,0.0,0.0,0.991215465070239,0.991215465070239,0,0.0,0,0,0,1.056233525276184,0.4081331491470337,6.953508091100957e-06,192,8.436256757704541e-05,0.0,176,0.0002003442496061325,0.0,161552,6.650823252130067e-06,0.0,0,0,0,0,0,0,0,0,0,0,0,0,0,0,0,225280,225280,0,0.0,0.2539829909801483,0.021597538143396378,37.766395568847656,0.012839914299547672,0.01801079697906971
seismic,shuffled_xy,98,0.2,0.0002557051775511354,0.00031544643570668995,0.00028198931249789894,0.0003108970704488456,0.00038738749572075903,nan,nan,4.779601102087683,20.63137774719668,20.09160553173751,baseline,0.0010694951342125766,0.23788804693965163,1.89832924074621,10.34923412111967,10.173084561171867,baseline,-5.480393238567262e-05,0.18660310424639548,1.067916969077487e-06,1.067916969077487e-06,0.5139690041542053,0.053725600242614746,-3.948584435420344e-06,0.0002557051775511354,0.0002557051775511354,0.00031544643570668995,0.00031544643570668995,0.0,0.0,0,0.0017592813287205477,0.0,0.0,0.9982407186712796,0.9982407186712796,0.00932542732212725,0.0,0.0,0.9906745726778727,0.9906745726778727,0,0.0,0,0,0,1.056225299835205,0.4081392288208008,6.1689611356996465e-06,192,8.674835407873616e-05,0.0,176,0.0003038636059500277,0.0,161552,5.748876901634503e-06,0.0,0,0,0,0,0,0,0,0,0,0,0,0,0,0,0,225280,225280,0,0.0,0.25392240285873413,0.021645426750183105,37.77476119995117,0.01284677255898714,0.018020767718553543
seismic,shuffled_xy,99,0.2,0.00025558724883012474,0.00031544643570668995,0.00028198931249789894,0.0003108970704488456,0.00038738749572075903,nan,nan,4.815351195556568,20.639277763801438,20.09160553173751,baseline,0.001090528983306929,0.2396673247402024,1.89832924074621,10.34923412111967,10.173084561171867,baseline,-5.480393238567262e-05,0.18660310424639548,1.2420617849784321e-06,1.2420617849784321e-06,0.4976455569267273,0.08066686987876892,-6.899256732140202e-06,0.00025558724883012474,0.00025558724883012474,0.00031544643570668995,0.00031544643570668995,0.0,0.0,0,0.0012210323983108302,0.0,0.0,0.9987789676016894,0.9987789676016894,0.009686180896747784,0.0,0.0,0.9903138191032521,0.9903138191032521,0,0.0,0,0,0,1.0562177896499634,0.4081428050994873,5.013307145418366e-06,192,8.830864680930972e-05,0.0,176,0.0003935367858503014,0.0,161552,4.491043000598438e-06,0.0,0,0,0,0,0,0,0,0,0,0,0,0,0,0,0,225280,225280,0,0.0,0.25385814905166626,0.02167278155684471,37.782283782958984,0.012851898558437824,0.018027666956186295
seismic,shuffled_xy,100,0.2,0.000255419930908829,0.00031544643570668995,0.00028198931249789894,0.0003108970704488456,0.00038738749572075903,nan,nan,4.831373476277444,20.642651957824064,20.09160553173751,baseline,0.001109441946106602,0.24046470789448954,1.89832924074621,10.34923412111967,10.173084561171867,baseline,-5.480393238567262e-05,0.18660310424639548,1.3452217899612151e-06,1.3452217899612151e-06,0.4885069727897644,0.09829781949520111,-9.109804523177445e-06,0.000255419930908829,0.000255419930908829,0.00031544643570668995,0.00031544643570668995,0.0,0.0,0,0.0009918094192542246,0.0,0.0,0.9990081905807457,0.9990081905807457,0.009762715396391662,0.0,0.0,0.9902372846036084,0.9902372846036084,0,0.0,0,0,0,1.0562119483947754,0.40814146399497986,3.620555162342498e-06,192,8.955809607869014e-05,0.0,176,0.0004509363789111376,0.0,161552,3.031100277439691e-06,0.0,0,0,0,0,0,0,0,0,0,0,0,0,0,0,0,225280,225280,0,0.0,0.253802627325058,0.02167734131217003,37.78846740722656,0.012854517437517643,0.018030615523457527
seismic,shuffled_xy,101,0.1,0.000329167814925313,0.00031544643570668995,0.0003100242174696177,0.0003108970704488456,0.00038738749572075903,nan,nan,2.8766253462092766,10.585758409808985,10.17487195227303,baseline,-0.0012329439174872884,0.2827158911597887,1.89832924074621,10.34923412111967,10.173084561171867,baseline,-5.480393238567262e-05,0.18660310424639548,5.637773483613273e-06,5.637773483613273e-06,0.48768526315689087,0.1611437201499939,-6.261155795073137e-05,0.000329167814925313,0.000329167814925313,0.00031544643570668995,0.00031544643570668995,0.0,0.0,0,0.0019142012293686303,0.0,0.0,0.9980857987706314,0.9980857987706314,0.005500872877319214,0.0,0.0,0.9944991271226807,0.9944991271226807,0,0.0,0,0,0,1.0562090873718262,0.008266015909612179,-3.1542679153062636e-06,248,9.773133569979109e-06,0.0,120,-0.003280171426013112,0.0,161552,-7.399614787573228e-07,0.0,0,0,0,0,0,0,0,0,0,0,0,0,0,0,0,225280,225280,0,0.0,0.026341745629906654,0.019716419279575348,31.007898330688477,0.007399688474833965,0.0092462794855237
seismic,shuffled_xy,102,0.1,0.00032732245745137334,0.00031544643570668995,0.0003100242174696177,0.0003108970704488456,0.00038738749572075903,nan,nan,2.7336087807115437,10.546272415911634,10.17487195227303,baseline,-0.001078092969954361,0.26866055752440904,1.89832924074621,10.34923412111967,10.173084561171867,baseline,-5.480393238567262e-05,0.18660310424639548,5.168983534531435e-06,5.168983534531435e-06,0.576114296913147,0.1596529185771942,-5.684954521711916e-05,0.00032732245745137334,0.00032732245745137334,0.00031544643570668995,0.00031544643570668995,0.0,0.0,0,0.002221137143542318,0.0,0.0,0.9977788628564577,0.9977788628564577,0.004586646158300519,0.0,0.0,0.9954133538416994,0.9954133538416994,0,0.0,0,0,0,1.0562269687652588,0.008225181140005589,-5.27406200490077e-06,248,3.808932888205163e-06,0.0,120,-0.005531512666493654,0.0,161552,-1.1831439223897178e-06,0.0,0,0,0,0,0,0,0,0,0,0,0,0,0,0,0,225280,225280,0,0.0,0.026244033128023148,0.0196224357932806,31.001802444458008,0.007370913866907358,0.009211789816617966
seismic,shuffled_xy,103,0.1,0.0003251108282711357,0.00031544643570668995,0.0003100242174696177,0.0003108970704488456,0.00038738749572075903,nan,nan,2.5500789562072272,10.498394803443704,10.17487195227303,baseline,-0.0008952722281468651,0.2506235654100545,1.89832924074621,10.34923412111967,10.173084561171867,baseline,-5.480393238567262e-05,0.18660310424639548,4.487310434342362e-06,4.487310434342362e-06,0.6721392273902893,0.1571279913187027,-4.8523415898671374e-05,0.0003251108282711357,0.0003251108282711357,0.00031544643570668995,0.00031544643570668995,0.0,0.0,0,0.00275198760113207,0.0,0.0,0.9972480123988677,0.9972480123988677,0.0049369965644018255,0.0,0.0,0.9950630034355981,0.9950630034355981,0,0.0,0,0,0,1.0562589168548584,0.00814852025359869,-4.815867669094587e-06,248,-2.921433178926236e-06,0.0,80,-1.7942074919119477e-06,0.0,161592,-4.82027098769322e-06,0.0,0,0,0,0,0,0,0,0,0,0,0,0,0,0,0,225280,225280,0,0.0,0.02671327069401741,0.019531235098838806,30.99553871154785,0.007332806475460529,0.009169970639050007
seismic,shuffled_xy,104,0.1,0.000322930485708639,0.00031544643570668995,0.0003100242174696177,0.0003108970704488456,0.00038738749572075903,nan,nan,2.3790506882564157,10.456371614107702,10.17487195227303,baseline,-0.00071384496172794,0.23381518823345074,1.89832924074621,10.34923412111967,10.173084561171867,baseline,-5.480393238567262e-05,0.18660310424639548,4.301736680645263e-06,4.301736680645263e-06,0.755268394947052,0.1849915087223053,-5.469042298500426e-05,0.000322930485708639,0.000322930485708639,0.00031544643570668995,0.00031544643570668995,0.0,0.0,0,0.002644624935554519,0.0,0.0,0.9973553750644455,0.9973553750644455,0.005414896905418412,0.0,0.0,0.9945851030945815,0.9945851030945815,0,0.0,0,0,0,1.0562993288040161,0.008045314811170101,-4.361597802926553e-06,136,6.099024290051602e-07,0.0,192,-1.4488722626992967e-05,0.0,161592,-4.353749318397604e-06,0.0,0,0,0,0,0,0,0,0,0,0,0,0,0,0,0,225280,225280,0,0.0,0.02844570390880108,0.019467372447252274,30.98863983154297,0.007297721691429615,0.009133264422416687
seismic,shuffled_xy,105,0.1,0.00032112860935740173,0.0003154478908982128,0.0003100242174696177,0.0003108970704488456,0.00038738749572075903,nan,nan,2.278412296721068,10.432333225292302,10.17487195227303,baseline,-0.0005524817598638404,0.22392472088464774,1.9053365958928257,10.350479088403574,10.173084561171867,baseline,-5.053705844620834e-05,0.187291918697178,3.3583480671950383e-06,3.3583480671950383e-06,0.7995539307594299,0.19263359904289246,-4.4381580664776266e-05,0.00032112860935740173,0.00032112860935740173,0.0003154478908982128,0.0003154478908982128,0.0,0.0,56,0.0035323284328827695,0.0,0.0,0.9964676715671172,0.9964676715671172,0.006092372871927005,0.0,0.0,0.9939076271280731,0.9939076271280731,56,0.00034584981040097773,0,0,56,1.0563504695892334,0.00791010819375515,-4.025132511742413e-06,136,2.4579767909926886e-07,0.4117647111415863,192,-2.272995152452495e-05,0.0,161592,-4.006502422271296e-06,0.0,0,0,0,0,0,0,0,0,0,0,0,0,0,0,56,225280,225280,0,0.0,0.02990627847611904,0.019436640664935112,30.981809616088867,0.007277701981365681,0.009112267754971981
seismic,shuffled_xy,106,0.1,0.0003196229808963835,0.0003154478908982128,0.0003100242174696177,0.0003108970704488456,0.00038738749572075903,nan,nan,2.2062135599975417,10.415485203341087,10.17487195227303,baseline,-0.0004198597837648396,0.21682920770525752,1.9053365958928257,10.350479088403574,10.173084561171867,baseline,-5.053705844620834e-05,0.187291918697178,2.8820261377404677e-06,2.8820261377404677e-06,0.8207464814186096,0.18816761672496796,-3.71283276763279e-05,0.0003196229808963835,0.0003196229808963835,0.0003154478908982128,0.0003154478908982128,0.0,0.0,0,0.0035192801791389654,0.0,0.0,0.996480719820861,0.996480719820861,0.006710545039977758,0.0,0.0,0.9932894549600224,0.9932894549600224,0,0.0,0,0,0,1.056410789489746,0.007748302072286606,-4.927503596263705e-06,136,-1.5651312423869967e-07,0.0,232,-2.2940152121009305e-05,0.0,161552,-4.905652531306259e-06,0.0,0,0,0,0,0,0,0,0,0,0,0,0,0,0,0,225280,225280,0,0.0,0.030745338648557663,0.01941533572971821,30.97483253479004,0.007264875341206789,0.009097551926970482
seismic,shuffled_xy,107,0.1,0.00031843376928009093,0.0003154478908982128,0.0003100242174696177,0.0003108970704488456,0.00038738749572075903,nan,nan,2.1604432309147694,10.404866595350473,10.17487195227303,baseline,-0.0003173762444287153,0.21233100795979656,1.9053365958928257,10.350479088403574,10.173084561171867,baseline,-5.053705844620834e-05,0.187291918697178,2.302118218722171e-06,2.302118218722171e-06,0.8263821601867676,0.17619432508945465,-2.770959326880984e-05,0.00031843376928009093,0.00031843376928009093,0.0003154478908982128,0.0003154478908982128,0.0,0.0,0,0.0036577791050157057,0.0,0.0,0.9963422208949843,0.9963422208949843,0.007171364838176835,0.0,0.0,0.9928286351618233,0.9928286351618233,0,0.0,0,0,0,1.056480050086975,0.007566878572106361,-5.498264727066271e-06,136,-5.449101649901422e-07,0.0,232,-2.411664536339231e-05,0.0,161552,-5.47569788977853e-06,0.0,0,0,0,0,0,0,0,0,0,0,0,0,0,0,0,225280,225280,0,0.0,0.028814563527703285,0.01938997395336628,30.96832847595215,0.007258176803588867,0.009088276885449886
seismic,shuffled_xy,108,0.1,0.000317499740049243,0.0003154478908982128,0.0003100242174696177,0.0003108970704488456,0.00038738749572075903,nan,nan,2.13021858101154,10.397880553874009,10.17487195227303,baseline,-0.00024181649063292955,0.2093605865571353,1.9053365958928257,10.350479088403574,10.173084561171867,baseline,-5.053705844620834e-05,0.187291918697178,1.7871552699944004e-06,1.7871552699944004e-06,0.8177728056907654,0.1586591750383377,-1.9327409972902387e-05,0.000317499740049243,0.000317499740049243,0.0003154478908982128,0.0003154478908982128,0.0,0.0,0,0.0037820646422794977,0.0,0.0,0.9962179353577205,0.9962179353577205,0.007503951272465581,0.0,0.0,0.9924960487275345,0.9924960487275345,0,0.0,0,0,0,1.0565500259399414,0.007381926290690899,-5.416082785814069e-06,136,-8.655346732666658e-07,0.0,176,-2.818627990563982e-06,0.0,161608,-5.422741196525749e-06,0.0,0,0,0,0,0,0,0,0,0,0,0,0,0,0,0,225280,225280,0,0.0,0.02709546871483326,0.019361039623618126,30.9627742767334,0.007255121599882841,0.00908217579126358
seismic,shuffled_xy,109,0.1,0.00031661614775657654,0.0003154478908982128,0.0003100242174696177,0.0003108970704488456,0.00038738749572075903,nan,nan,2.0686594132558205,10.384904761313747,10.17487195227303,baseline,-0.00018775539528390148,0.20331052231880198,1.9053365958928257,10.350479088403574,10.173084561171867,baseline,-5.053705844620834e-05,0.187291918697178,1.466431854169059e-06,1.4664319678558968e-06,0.8012354373931885,0.13385607302188873,-1.3351089364732616e-05,0.00031661614775657654,0.00031661614775657654,0.0003154478908982128,0.0003154478908982128,0.0,0.0,0,0.003506691568345401,0.0,0.0,0.9964933084316547,0.9964933084316547,0.007673390150105001,0.0,0.0,0.9923266098498948,0.9923266098498948,0,0.0,0,0,0,1.0566200017929077,0.0072084818966686726,-4.782862106367247e-06,136,-1.1100338497271878e-06,0.0,136,-3.2411028314527357e-06,0.0,161648,-4.787249054061249e-06,0.0,0,0,0,0,0,0,0,0,0,0,0,0,0,0,0,225280,225280,0,0.0,0.02638528123497963,0.019333001226186752,30.958263397216797,0.007246825844049454,0.00907084159553051
seismic,shuffled_xy,110,0.1,0.000315710756694898,0.0003154478908982128,0.0003100242174696177,0.0003108970704488456,0.00038738749572075903,nan,nan,1.974739839041185,10.366223122519822,10.17487195227303,baseline,-0.0001495496052258025,0.19408001024939125,1.9053365958928257,10.350479088403574,10.173084561171867,baseline,-5.053705844620834e-05,0.187291918697178,1.7162017229566118e-06,1.716201609269774e-06,0.7948200702667236,0.12432757765054703,-1.448395323677687e-05,0.000315710756694898,0.000315710756694898,0.0003154478908982128,0.0003154478908982128,0.0,0.0,0,0.0017038290542320026,0.0,0.0,0.9982961709457681,0.9982961709457681,0.007420400901337916,0.0,0.0,0.992579599098662,0.992579599098662,0,0.0,0,0,0,1.0566858053207397,0.007055738475173712,-4.089587037015008e-06,136,-1.395537651660561e-06,0.0,136,-4.0801596696837805e-06,0.0,161648,-4.091861683264142e-06,0.0,0,0,0,0,0,0,0,0,0,0,0,0,0,0,0,225280,225280,0,0.0,0.026944521814584732,0.019307179376482964,30.954370498657227,0.00723327836021781,0.009054523892700672
seismic,shuffled_xy,111,0.1,0.0003148685791529715,0.0003154478908982128,0.0003100242174696177,0.0003108970704488456,0.00038738749572075903,nan,nan,1.913288381957685,10.354421567821024,10.17487195227303,baseline,-0.00012245151918996143,0.18804049675116316,1.9053365958928257,10.350479088403574,10.173084561171867,baseline,-5.053705844620834e-05,0.187291918697178,1.51895096678345e-06,1.51895096678345e-06,0.7837411165237427,0.08118577301502228,-8.355140380444936e-06,0.0003148685791529715,0.0003148685791529715,0.0003154478908982128,0.0003154478908982128,0.0,0.0,0,0.0015980613834918676,0.0,0.0,0.998401938616508,0.998401938616508,0.0071113490717280336,0.0,0.0,0.9928886509282719,0.9928886509282719,0,0.0,0,0,0,1.0567443370819092,0.006922593340277672,-2.503500127204461e-06,136,-1.629683538340032e-06,0.0,136,-4.538615485216724e-06,0.0,161648,-2.5025231025210815e-06,0.0,0,0,0,0,0,0,0,0,0,0,0,0,0,0,0,225280,225280,0,0.0,0.027502618730068207,0.019287878647446632,30.951311111450195,0.007225419860333204,0.009044215083122253
seismic,shuffled_xy,112,0.1,0.0003139122563879937,0.0003154478908982128,0.0003100242174696177,0.0003108970704488456,0.00038738749572075903,nan,nan,1.8871620546532086,10.34943046444953,10.17487195227303,baseline,-0.00010292417915519877,0.1854727777345396,1.9053365958928257,10.350479088403574,10.173084561171867,baseline,-5.053705844620834e-05,0.187291918697178,1.8613487782204174e-06,1.8613487782204174e-06,0.7684014439582825,0.015702571719884872,-1.976876319531584e-06,0.0003139122563879937,0.0003139122563879937,0.0003154478908982128,0.0003154478908982128,0.0,0.0,0,0.0008653209386641242,0.0,0.0,0.9991346790613358,0.9991346790613358,0.006805168070595102,0.0,0.0,0.9931948319294048,0.9931948319294048,0,0.0,0,0,0,1.056797742843628,0.0068137142807245255,-1.9889877478362905e-07,136,-1.8036674873656011e-06,0.0,136,-4.675252057495527e-06,0.0,161648,-1.937824691822243e-07,0.0,0,0,0,0,0,0,0,0,0,0,0,0,0,0,0,225280,225280,0,0.0,0.028063161298632622,0.019277233630418777,30.949039459228516,0.007222968619316816,0.009039855562150478
seismic,shuffled_xy,113,0.1,0.0003125977818854153,0.0003154478908982128,0.0003100242174696177,0.0003108970704488456,0.00038738749572075903,nan,nan,1.9087333848832728,10.353241463648153,10.17487195227303,baseline,-8.850949248645689e-05,0.18759284454720973,1.9053365958928257,10.350479088403574,10.173084561171867,baseline,-5.053705844620834e-05,0.187291918697178,2.7799762847280363e-06,2.7799762847280363e-06,0.755074679851532,-0.022858213633298874,4.291507138987072e-06,0.0003125977818854153,0.0003125977818854153,0.0003154478908982128,0.0003154478908982128,0.0,0.0,0,0.00034310850279814335,0.0,0.0,0.9996568914972018,0.9996568914972018,0.006440470653439139,0.0,0.0,0.9935595293465608,0.9935595293465608,0,0.0,0,0,0,1.0568445920944214,0.006731014233082533,3.1751583264849614e-06,96,-2.106107785948552e-06,0.0,176,-3.878978532156907e-06,0.0,161648,3.185975629094173e-06,0.0,0,0,0,0,0,0,0,0,0,0,0,0,0,0,0,225280,225280,0,0.0,0.02810688316822052,0.01928413286805153,30.94746208190918,0.007227018009871244,0.009043184109032154
seismic,shuffled_xy,114,0.1,0.00031073574791662395,0.0003154478908982128,0.0003100242174696177,0.0003108970704488456,0.00038738749572075903,nan,nan,2.0386359614713454,10.37786630583389,10.17487195227303,baseline,-7.753086228659943e-05,0.2003598490875137,1.9053365958928257,10.350479088403574,10.173084561171867,baseline,-5.053705844620834e-05,0.187291918697178,4.212211479170946e-06,4.212211479170946e-06,0.7478625774383545,-0.04186684638261795,1.1894799172296189e-05,0.00031073574791662395,0.00031073574791662395,0.0003154478908982128,0.0003154478908982128,0.0,0.0,0,0.00014061744554932242,0.0,0.0,0.9998593825544507,0.9998593825544507,0.005991634062457339,0.0,0.0,0.9940083659375426,0.9940083659375426,0,0.0,0,0,0,1.0568840503692627,0.006674525327980518,8.544954653189052e-06,96,-2.1792675397591665e-06,0.0,176,-3.7186666759225773e-06,0.0,161648,8.564676136302296e-06,0.0,0,0,0,0,0,0,0,0,0,0,0,0,0,0,0,225280,225280,0,0.0,0.027538182213902473,0.01933876797556877,30.94663429260254,0.007246677298098803,0.009064693935215473
seismic,shuffled_xy,115,0.1,0.0003084646596107632,0.0003154478908982128,0.0003100242174696177,0.0003108970704488456,0.00038738749572075903,nan,nan,2.3947454463732143,10.453568142014278,10.17487195227303,baseline,-6.887942878760025e-05,0.23535876962907723,1.9053365958928257,10.350479088403574,10.173084561171867,baseline,-5.053705844620834e-05,0.187291918697178,5.782707830803702e-06,5.782707830803702e-06,0.7477165460586548,-0.05186694860458374,2.0209618014632724e-05,0.0003084646596107632,0.0003084646596107632,0.0003154478908982128,0.0003154478908982128,0.0,0.0,0,7.320420182689245e-05,0.0,0.0,0.9999267957981733,0.9999267957981733,0.00548603280034199,0.0,0.0,0.994513967199658,0.994513967199658,0,0.0,0,0,0,1.0569162368774414,0.006643872708082199,1.704231181065552e-05,96,-2.2130843717604876e-06,0.0,176,-3.5215077787142945e-06,0.0,161648,1.7076135918614455e-05,0.0,0,0,0,0,0,0,0,0,0,0,0,0,0,0,0,225280,225280,0,0.0,0.026203703135252,0.019508767873048782,30.9470272064209,0.0073042516596615314,0.009130815975368023
seismic,shuffled_xy,116,0.1,0.0003075020795222372,0.0003154478908982128,0.0003100242174696177,0.0003108970704488456,0.00038738749572075903,nan,nan,3.2461417106427954,10.68074207827916,10.17487195227303,baseline,-6.180013917508125e-05,0.31903513527897787,1.9053365958928257,10.350479088403574,10.173084561171867,baseline,-5.053705844620834e-05,0.187291918697178,5.560598765441682e-06,5.560598765441682e-06,0.7480236887931824,-0.056918222457170486,2.130980101355817e-05,0.0003075020795222372,0.0003075020795222372,0.0003154478908982128,0.0003154478908982128,0.0,0.0,0,7.972149274059212e-05,0.0,0.0,0.9999202785072594,0.9999202785072594,0.005048974875926747,0.0,0.0,0.9949510251240734,0.9949510251240734,0,0.0,0,0,0,1.056941032409668,0.006636586971580982,2.861120992747601e-05,96,-2.2215979242901085e-06,0.0,216,0.02194976806640625,0.0,161608,-6.695786396448966e-07,0.0,0,0,0,0,0,0,0,0,0,0,0,0,0,0,0,225280,225280,0,0.0,0.025203872472047806,0.0198723915964365,30.94978904724121,0.007483655121177435,0.009329244494438171
seismic,shuffled_xy,117,0.1,0.0003057991561945528,0.0003154478908982128,0.0003100242174696177,0.0003108970704488456,0.00038738749572075903,nan,nan,3.7532200614248694,10.845562782268901,10.17487195227303,baseline,-5.579160881340411e-05,0.36887147436350176,1.9053365958928257,10.350479088403574,10.173084561171867,baseline,-5.053705844620834e-05,0.187291918697178,4.414104751049308e-06,4.414105205796659e-06,0.6623018383979797,0.06882636249065399,-2.0444680558284745e-05,0.0003057991561945528,0.0003057991561945528,0.0003154478908982128,0.0003154478908982128,0.0,0.0,0,0.00012913594237874844,0.0,0.0,0.9998708640576212,0.9998708640576212,0.0059858811351302015,0.0,0.0,0.99401411886487,0.99401411886487,0,0.0,0,0,0,1.0569586753845215,0.006642746273428202,2.195735760324169e-05,96,-2.21844129555393e-06,0.0,216,0.01666899584233761,0.0,161608,-2.7817301884169865e-07,0.0,0,0,0,0,0,0,0,0,0,0,0,0,0,0,0,225280,225280,0,0.0,0.026102367788553238,0.020166486501693726,30.95279312133789,0.00756517518311739,0.009473209269344807
seismic,shuffled_xy,118,0.1,0.00030403604614548385,0.00031329182093031704,0.0003100242174696177,0.0003108970704488456,0.00038738749572075903,nan,nan,4.52800730059462,11.137384271827294,10.17487195227303,baseline,-5.0513180063391846e-05,0.4450186000044449,7.627604298292511,12.7154416811671,10.173084561171867,baseline,-5.053705844620834e-05,0.7497828446328687,1.017929935187567e-05,1.017929935187567e-05,0.6831523180007935,-0.06819790601730347,4.669393092626706e-05,0.00030403604614548385,0.00030403604614548385,0.00031329182093031704,0.00031329182093031704,0.0,0.0,80,2.4882880469120027e-05,0.0,0.0,0.9999751171195308,0.9999751171195308,0.005285044128082892,0.0,0.0,0.9947149558719172,0.9947149558719172,80,0.0004940711660310626,40,0,40,1.0569766759872437,0.006635226309299469,2.9864029784221202e-05,136,0.03531019017100334,0.5882353186607361,176,-3.3673341022222303e-06,0.0,161608,2.1032903418927162e-07,0.0,0,0,0,0,0,0,0,0,0,0,40,0,0,0,40,225280,225280,0,0.0,0.024816520512104034,0.020556103438138962,30.958534240722656,0.007669080048799515,0.009728104807436466
seismic,shuffled_xy,119,0.1,0.0003054458647966385,0.00031329182093031704,0.0003100242174696177,0.0003108970704488456,0.00038738749572075903,nan,nan,5.441237928304155,11.538828333655836,10.17487195227303,baseline,-4.5735811810783244e-05,0.5347721262663228,7.627604298292511,12.7154416811671,10.173084561171867,baseline,-5.053705844620834e-05,0.7497828446328687,2.111107733071549e-06,2.111107733071549e-06,0.6591991186141968,0.04137030988931656,-5.873209829587722e-06,0.0003054458647966385,0.0003054458647966385,0.00031329182093031704,0.00031329182093031704,0.0,nan,0,0.0005905784497432835,0.0,0.0,0.9994094215502568,0.9994094215502568,0.0053926200948378675,0.0,0.0,0.9946073799051622,0.9946073799051622,0,0.0,0,0,0,1.0569876432418823,0.006629351060837507,2.387805398029741e-05,80,0.04638238623738289,0.0,232,-2.719374606385827e-06,0.0,161608,9.67614028013486e-07,0.0,0,0,0,0,0,0,0,0,0,0,0,0,0,0,0,225280,225280,0,0.0,0.02396959811449051,0.020839525386691093,30.963977813720703,0.007876550778746605,0.010078751482069492
seismic,shuffled_xy,120,0.1,0.00030444064759649336,0.00031329182093031704,0.0003100242174696177,0.0003108970704488456,0.00038738749572075903,nan,nan,5.3775121967224075,11.508875388011361,10.17487195227303,baseline,-4.132227094392334e-05,0.5285090766262058,7.627604298292511,12.7154416811671,10.173084561171867,baseline,-5.053705844620834e-05,0.7497828446328687,1.69138493220089e-05,1.69138493220089e-05,0.636033296585083,0.06594044715166092,-7.499517232645303e-05,0.00030444064759649336,0.00030444064759649336,0.00031329182093031704,0.00031329182093031704,0.0,0.0,0,9.30015397272033e-06,0.0,0.0,0.9999906998460273,0.9999906998460273,0.005563022630248581,0.0,0.0,0.9944369773697512,0.9944369773697512,0,0.0,0,0,0,1.0570142269134521,0.006621109787374735,1.9922784133541427e-07,80,-0.004295479506254196,0.0,152,-3.907777681888547e-06,0.0,161688,2.3285051611310337e-06,0.0,0,0,0,0,0,0,0,0,0,0,0,0,0,0,0,225280,225280,0,0.0,0.023743964731693268,0.020812617614865303,30.963191986083984,0.007859324105083942,0.010052589699625969
seismic,shuffled_xy,121,0.1,0.0003018098359461874,0.00031329182093031704,0.0003100242174696177,0.0003108970704488456,0.00038738749572075903,nan,nan,4.88275273767896,11.28614157654372,10.17487195227303,baseline,-3.717903317946632e-05,0.47988345661038645,7.627604298292511,12.7154416811671,10.173084561171867,baseline,-5.053705844620834e-05,0.7497828446328687,1.578000774316024e-05,1.578000774316024e-05,0.6662949919700623,0.060583148151636124,-6.427562038879842e-05,0.0003018098359461874,0.0003018098359461874,0.00031329182093031704,0.00031329182093031704,0.0,0.0,0,1.0643334819412099e-05,0.0,0.0,0.9999893566651803,0.9999893566651803,0.004913904584526224,0.0,0.0,0.9950860954154738,0.9950860954154738,0,0.0,0,0,0,1.0570212602615356,0.006632515229284763,-7.890759661677293e-06,136,-0.015283321961760521,0.0,96,-8.307191592393792e-07,0.0,161688,4.953612915414851e-06,0.0,0,0,0,0,0,0,0,0,0,0,0,0,0,0,0,225280,225280,0,0.0,0.02390720508992672,0.02066217176616192,30.959863662719727,0.0077398670837283134,0.00985803920775652
seismic,shuffled_xy,122,0.1,0.00029921942041255534,0.0003148924733977765,0.0003100242174696177,0.0003108970704488456,0.00038738749572075903,nan,nan,4.392534910925008,11.08283672540366,10.17487195227303,baseline,-3.326487437417016e-05,0.43170419426295825,1.5686160138372314,10.293816882706716,10.173084561171867,baseline,-5.053705844620834e-05,0.1541927544348311,8.63517834659433e-06,8.63517834659433e-06,0.6972920894622803,0.03189573064446449,-1.8517377611715347e-05,0.00029921942041255534,0.00029921942041255534,0.0003148924733977765,0.0003148924733977765,0.0,0.0,40,3.4770114302259803e-05,0.0,0.0,0.9999652298856978,0.9999652298856978,0.004380540306200696,0.0,0.0,0.9956194596937994,0.9956194596937994,40,0.0002470355830155313,0,40,40,1.057015299797058,0.006664500571787357,-6.068678885640111e-06,136,-0.019134504720568657,0.29411765933036804,96,-8.325705493916757e-07,0.0,161688,1.0017639397119638e-05,0.0,0,40,0,0,0,0,0,0,0,0,0,0,0,0,0,225280,225280,0,0.0,0.025363216176629066,0.020497750490903854,30.956424713134766,0.007650885730981827,0.009680459275841713
seismic,shuffled_xy,123,0.1,0.0002965879102703184,0.0003134200524073094,0.0003100242174696177,0.0003108970704488456,0.00038738749572075903,nan,nan,4.2033894081627885,11.009206334532719,10.17487195227303,baseline,-2.9568587096011345e-05,0.4131147219456553,1.0991287855921508,10.23213770129874,10.173084561171867,baseline,1.4936653087008654e-05,0.10804282304737438,6.037736966391094e-06,6.037736966391094e-06,0.7271020412445068,-0.08018717914819717,3.2554715289734304e-05,0.0002965879102703184,0.0002965879102703184,0.0003134200524073094,0.0003134200524073094,0.0,0.0,96,6.818275360928433e-05,0.0,0.0,0.9999318172463906,0.9999318172463906,0.003951635045461926,0.0,0.0,0.996048364954538,0.996048364954538,96,0.0005928853643126786,0,0,96,1.057005763053894,0.006714560091495514,5.940089977229945e-06,136,-0.01580614410340786,0.7058823704719543,96,-8.269247473435826e-07,0.0,161688,1.924406569742132e-05,0.0,0,0,0,0,0,0,0,0,40,0,0,0,0,0,56,225280,225280,0,0.0,0.027019649744033813,0.020466292276978493,30.954742431640625,0.007646035868674517,0.009616145864129066
seismic,shuffled_xy,124,0.1,0.000293970137136057,0.0003134200524073094,0.0003100242174696177,0.0003108970704488456,0.00038738749572075903,nan,nan,4.503890826267392,11.127374179072007,10.17487195227303,baseline,-2.6100668349896566e-05,0.4426484028068355,1.0991287855921508,10.23213770129874,10.173084561171867,baseline,1.4936653087008654e-05,0.10804282304737438,9.431118996872101e-06,9.431118996872101e-06,0.7608119249343872,-0.10252624750137329,6.504281191155314e-05,0.000293970137136057,0.000293970137136057,0.0003134200524073094,0.0003134200524073094,0.0,0.0,0,2.623634934555949e-05,0.0,0.0,0.9999737636506544,0.9999737636506544,0.0035476046659286015,0.0,0.0,0.9964523953340714,0.9964523953340714,0,0.0,0,0,0,1.0570056438446045,0.006782946176826954,2.6390622224425897e-05,136,-0.009024073369801044,0.0,192,0.02875422313809395,0.0,161592,-1.260419821846881e-07,0.0,0,0,0,0,0,0,0,0,0,0,0,0,0,0,0,225280,225280,0,0.0,0.02611343190073967,0.0207353588193655,30.956275939941406,0.007761160843074322,0.009719361551105976
seismic,shuffled_xy,125,0.1,0.00029234454268589616,0.0003134200524073094,0.0003100242174696177,0.0003108970704488456,0.00038738749572075903,nan,nan,5.37645493113864,11.50821541469178,10.17487195227303,baseline,-2.2868974344609127e-05,0.5284051682736175,1.0991287855921508,10.23213770129874,10.173084561171867,baseline,1.4936653087008654e-05,0.10804282304737438,8.193135727196932e-06,8.193135727196932e-06,0.7726675271987915,-0.09949841350317001,5.487414091476239e-05,0.00029234454268589616,0.00029234454268589616,0.0003134200524073094,0.0003134200524073094,0.0,0.0,0,3.1987403416248104e-05,0.0,0.0,0.9999680125965835,0.9999680125965835,0.0033802675528104794,0.0,0.0,0.9966197324471894,0.9966197324471894,0,0.0,0,0,0,1.0570011138916016,0.006862788926810026,4.74577936984133e-05,136,-0.0025243216659873724,0.0,192,0.041881393641233444,0.0,161592,-8.387412009369655e-08,0.0,0,0,0,0,0,0,0,0,0,0,0,0,0,0,0,225280,225280,0,0.0,0.025599366053938866,0.021343261003494263,30.962404251098633,0.008021450601518154,0.010052013210952282
seismic,shuffled_xy,126,0.1,0.00028953197761438787,0.0003111791447736323,0.0003100242174696177,0.0003108970704488456,0.00038738749572075903,nan,nan,6.5197853424584205,12.084689721374863,10.17487195227303,baseline,-1.982798978095171e-05,0.6407732077532933,8.900325368927058,13.516817285285335,10.173084561171867,baseline,1.4936653087008654e-05,0.8748895493899932,1.4980966625444125e-05,1.4980966625444125e-05,0.7942377328872681,-0.10458940267562866,0.00010557136556599289,0.00028953197761438787,0.00028953197761438787,0.0003111791447736323,0.0003111791447736323,0.0,0.0,56,1.487108081163728e-05,0.0,0.0,0.9999851289191883,0.9999851289191883,0.0032631838152735737,0.0,0.0,0.9967368161847265,0.9967368161847265,56,0.00034584981040097773,56,0,0,1.0569902658462524,0.006926277652382851,5.960121416137554e-05,136,0.0024773976765573025,0.0,192,0.04854656010866165,0.2916666865348816,161592,-4.477805148894731e-08,0.0,0,0,0,0,0,0,0,0,0,0,56,0,0,0,0,225280,225280,0,0.0,0.02668633870780468,0.0221047792583704,30.97355842590332,0.008237763307988644,0.010555542074143887
seismic,shuffled_xy,127,0.1,0.0002930343907792121,0.0003096646105404943,0.0003100242174696177,0.0003108970704488456,0.00038738749572075903,nan,nan,7.695468714746677,12.757420699829982,10.17487195227303,baseline,-1.7024027306867577e-05,0.7563209393586583,8.904288759468248,13.519427360765484,10.173084561171867,baseline,1.4936653087008654e-05,0.8752791451431725,9.475511433265638e-06,9.475511433265638e-06,0.7208384275436401,0.01367219164967537,-8.739536497159861e-06,0.0002930343907792121,0.0002930343907792121,0.0003096646105404943,0.0003096646105404943,0.0,nan,40,2.9779494238160097e-05,0.0,0.0,0.9999702205057619,0.9999702205057619,0.003963668852313641,0.0,0.0,0.9960363311476864,0.9960363311476864,40,0.0002470355830155313,0,0,40,1.056986689567566,0.006943969987332821,3.8618192775174975e-05,232,0.026958802714943886,0.17241379618644714,96,-7.387155847027316e-07,0.0,161592,-8.126959549770163e-09,0.0,0,0,0,0,0,0,0,0,0,0,0,0,0,0,40,225280,225280,0,0.0,0.024993136525154114,0.02257966622710228,30.98295021057129,0.008600551635026932,0.011143148876726627
seismic,shuffled_xy,128,0.1,0.00029100250685587525,0.0003096646105404943,0.0003100242174696177,0.0003108970704488456,0.00038738749572075903,nan,nan,7.577765290955967,12.686746876640013,10.17487195227303,baseline,-1.4490096438023383e-05,0.7447528897726183,8.904288759468248,13.519427360765484,10.173084561171867,baseline,1.4936653087008654e-05,0.8752791451431725,2.7320902518113144e-05,2.732090069912374e-05,0.693835437297821,0.07026326656341553,-0.0001296540576731786,0.00029100250685587525,0.00029100250685587525,0.0003096646105404943,0.0003096646105404943,0.0,0.0,0,2.814390542352771e-06,0.0,0.0,0.9999971856094576,0.9999971856094576,0.004201950940447139,0.0,0.0,0.9957980490595529,0.9957980490595529,0,0.0,0,0,0,1.0570131540298462,0.006924890913069248,-1.8916322233053506e-06,176,0.005468802992254496,0.0,152,-0.008374539203941822,0.0,161592,2.554200229099024e-08,0.0,0,0,0,0,0,0,0,0,0,0,0,0,0,0,0,225280,225280,0,0.0,0.025103311985731125,0.02259979024529457,30.983840942382812,0.008540570735931396,0.01108141802251339
seismic,shuffled_xy,129,0.1,0.00028803874738514423,0.00030749538564123213,0.0003100242174696177,0.0003108970704488456,0.00038738749572075903,nan,nan,7.090826677456042,12.402031108616647,10.17487195227303,baseline,-1.2235355408683577e-05,0.69689591275683,8.933976575053277,13.538999050691395,10.173084561171867,baseline,1.4936653087008654e-05,0.8781974159400797,2.2128413547761738e-05,2.2128411728772335e-05,0.7073425054550171,0.07820543646812439,-0.00011699572496581823,0.00028803874738514423,0.00028803874738514423,0.00030749538564123213,0.00030749538564123213,0.0,0.0,40,3.316608645861371e-06,0.0,0.0,0.9999966833913541,0.9999966833913541,0.003902004561075321,0.0,0.0,0.9960979954389247,0.9960979954389247,40,0.0002470355830155313,0,0,40,1.0570236444473267,0.006916353479027748,-1.681015783105977e-05,232,-0.011770807206630707,0.17241379618644714,152,0.00016554686590097845,0.0,161536,-1.0051623888784889e-07,0.0,0,0,40,0,0,0,0,0,0,0,0,0,0,0,0,225280,225280,0,0.0,0.02601066790521145,0.022450458258390427,30.981809616088867,0.00837046280503273,0.010832728818058968
seismic,shuffled_xy,130,0.1,0.00028719939291477203,0.0003081356699112803,0.0003100242174696177,0.0003108970704488456,0.00038738749572075903,nan,nan,6.661624359891653,12.161717951684722,10.17487195227303,baseline,-1.0263786034397688e-05,0.6547133359830526,7.584722868412212,12.689230821513057,10.173084561171867,baseline,1.4936653087008654e-05,0.7455676615369063,9.974820386560168e-06,9.974820386560168e-06,0.6857390403747559,0.09365429729223251,-6.321253749774769e-05,0.00028719939291477203,0.00028719939291477203,0.0003081356699112803,0.0003081356699112803,0.0,0.0,96,1.2436411270377354e-05,0.0,0.0,0.9999875635887296,0.9999875635887296,0.003940822732574515,0.0,0.0,0.9960591772674255,0.9960591772674255,96,0.0005928853643126786,40,56,56,1.0570330619812012,0.006907482631504536,-2.2299180272966623e-05,232,-0.015619820915162563,0.41379308700561523,112,0.00024473710800521076,0.0,161576,-8.84725039895784e-08,0.0,0,56,0,0,0,0,0,0,0,0,40,0,0,0,0,225280,225280,0,0.0,0.027290495112538338,0.022223103791475296,30.979141235351562,0.008258434943854809,0.010622823610901833
seismic,shuffled_xy,131,0.1,0.0002877895603887737,0.0003081356699112803,0.0003100242174696177,0.0003108970704488456,0.00038738749572075903,nan,nan,6.397392744935846,12.019002572146134,10.17487195227303,baseline,-8.546725601801645e-06,0.6287443001103952,7.584722868412212,12.689230821513057,10.173084561171867,baseline,1.4936653087008654e-05,0.7455676615369063,5.293779850035207e-06,5.293779850035207e-06,0.6482354998588562,0.03419896587729454,-1.2260354196769185e-05,0.0002877895603887737,0.0002877895603887737,0.0003081356699112803,0.0003081356699112803,0.0,nan,0,3.3176020595844666e-05,0.0,0.0,0.9999668239794043,0.9999668239794043,0.0041194809837865965,0.0,0.0,0.9958805190162133,0.9958805190162133,0,0.0,0,0,0,1.0570507049560547,0.006888257339596748,-1.9741079086088575e-05,232,-0.013848982751369476,0.0,112,0.0002600245061330497,0.0,161576,-7.819254221885785e-08,0.0,0,0,0,0,0,0,0,0,0,0,0,0,0,0,0,225280,225280,0,0.0,0.02677256055176258,0.022011587396264076,30.977108001708984,0.008210149593651295,0.010498167015612125
seismic,shuffled_xy,132,0.1,0.00028818799182772636,0.0003081356699112803,0.0003100242174696177,0.0003108970704488456,0.00038738749572075903,nan,nan,6.219995090434681,11.92551139849863,10.17487195227303,baseline,-7.070286611943284e-06,0.6113094217985848,7.584722868412212,12.689230821513057,10.173084561171867,baseline,1.4936653087008654e-05,0.7455676615369063,9.762454283190891e-06,9.762454283190891e-06,0.6229048371315002,-0.021756799891591072,1.439507286704611e-05,0.00028818799182772636,0.00028818799182772636,0.0003081356699112803,0.0003081356699112803,0.0,nan,0,7.232836921668046e-06,0.0,0.0,0.9999927671630784,0.9999927671630784,0.00410247959475512,0.0,0.0,0.9958975204052447,0.9958975204052447,0,0.0,0,0,0,1.0570814609527588,0.00685880659148097,-1.3645534636452794e-05,192,-0.011604880914092064,0.0,152,0.00019671890186145902,0.0,161576,-6.962198995097424e-08,0.0,0,0,0,0,0,0,0,0,0,0,0,0,0,0,0,225280,225280,0,0.0,0.026529571041464806,0.021866383031010628,30.975868225097656,0.008177581243216991,0.010416504926979542
seismic,shuffled_xy,133,0.1,0.0002879091480281204,0.0003097363223787397,0.0003100242174696177,0.0003108970704488456,0.00038738749572075903,nan,nan,6.081260479800542,11.85373149154,10.17487195227303,baseline,-5.805216788601875e-06,0.5976743990527713,1.3447043757463448,10.261422304396849,10.173084561171867,baseline,1.4936653087008654e-05,0.1321825606653713,1.098022039514035e-05,1.0980221304635052e-05,0.6159464716911316,-0.035364311188459396,2.6337671442888677e-05,0.0002879091480281204,0.0002879091480281204,0.0003097363223787397,0.0003097363223787397,0.0,0.0,40,4.201767108266189e-06,0.0,0.0,0.9999957982328918,0.9999957982328918,0.003798607127974256,0.0,0.0,0.9962013928720257,0.9962013928720257,40,0.0002470355830155313,0,40,40,1.057105302810669,0.0068258787505328655,-7.735760846117046e-06,192,-0.00662764348089695,0.2083333432674408,152,0.00019745428289752454,0.0,161576,-6.238426664140206e-08,0.0,0,40,0,0,0,0,0,0,0,0,0,0,0,0,0,225280,225280,0,0.0,0.026841040700674057,0.021790914237499237,30.97520637512207,0.008145002648234367,0.010353808291256428
seismic,shuffled_xy,134,0.1,0.0002871425822377205,0.0003097363223787397,0.0003100242174696177,0.0003108970704488456,0.00038738749572075903,nan,nan,5.9925768340018015,11.808470441199692,10.17487195227303,baseline,-4.72241295899434e-06,0.5889584519508811,1.3447043757463448,10.261422304396849,10.173084561171867,baseline,1.4936653087008654e-05,0.1321825606653713,1.0370843483542558e-05,1.0370843483542558e-05,0.6179549098014832,-0.049284860491752625,3.469680086709559e-05,0.0002871425822377205,0.0002871425822377205,0.0003097363223787397,0.0003097363223787397,0.0,0.0,0,3.473459406307538e-06,0.0,0.0,0.9999965265405937,0.9999965265405937,0.003364553196558349,0.0,0.0,0.9966354468034418,0.9966354468034418,0,0.0,0,0,0,1.0571177005767822,0.0067950161173939705,-2.7430703539721435e-06,136,-0.005589423701167107,0.0,208,0.0015628794208168983,0.0,161576,-5.6166733486406883e-08,0.0,0,0,0,0,0,0,0,0,0,0,0,0,0,0,0,225280,225280,0,0.0,0.027333779260516167,0.021777991205453873,30.975107192993164,0.008118622936308384,0.010314274579286575
seismic,shuffled_xy,135,0.1,0.0002861958637367934,0.0003097363223787397,0.0003100242174696177,0.0003108970704488456,0.00038738749572075903,nan,nan,5.985228040002799,11.80473462576921,10.17487195227303,baseline,-3.794377851389297e-06,0.5882362026719367,1.3447043757463448,10.261422304396849,10.173084561171867,baseline,1.4936653087008654e-05,0.1321825606653713,9.07437970454339e-06,9.07437970454339e-06,0.6189433336257935,-0.06646914035081863,4.098135104868561e-05,0.0002861958637367934,0.0002861958637367934,0.0003097363223787397,0.0003097363223787397,0.0,0.0,0,3.437771913522281e-06,0.0,0.0,0.9999965622280862,0.9999965622280862,0.002945791093306423,0.0,0.0,0.9970542089066936,0.9970542089066936,0,0.0,0,0,0,1.0571280717849731,0.006769379135221243,1.4514517943098326e-06,192,0.001124743139371276,0.0,152,0.00017939310055226088,0.0,161576,-5.074606335142562e-08,0.0,0,0,0,0,0,0,0,0,0,0,0,0,0,0,0,225280,225280,0,0.0,0.028106311336159706,0.02182190679013729,30.97571563720703,0.008107990026473999,0.010311011224985123
seismic,shuffled_xy,136,0.1,0.0002853579062502831,0.0003097363223787397,0.0003100242174696177,0.0003108970704488456,0.00038738749572075903,nan,nan,6.081325064383924,11.853740153150547,10.17487195227303,baseline,-3.003218653182495e-06,0.5976807465325011,1.3447043757463448,10.261422304396849,10.173084561171867,baseline,1.4936653087008654e-05,0.1321825606653713,7.29298062651651e-06,7.29298062651651e-06,0.6129052042961121,-0.08405528217554092,4.169046587776393e-05,0.0002853579062502831,0.0002853579062502831,0.0003097363223787397,0.0003097363223787397,0.0,0.0,0,4.275610520538849e-06,0.0,0.0,0.9999957243894794,0.9999957243894794,0.002602522197065872,0.0,0.0,0.997397477802934,0.997397477802934,0,0.0,0,0,0,1.057134747505188,0.006750517524778843,4.6784743972239085e-06,192,0.003857105039060116,0.0,152,0.00016052534920163453,0.0,161576,-4.595515790128957e-08,0.0,0,0,0,0,0,0,0,0,0,0,0,0,0,0,0,225280,225280,0,0.0,0.028979739174246788,0.02191379852592945,30.977153778076172,0.008120615035295486,0.0103538166731596
seismic,shuffled_xy,137,0.1,0.0002848647709470242,0.0003097363223787397,0.0003100242174696177,0.0003108970704488456,0.00038738749572075903,nan,nan,6.274563321592718,11.954022150806042,10.17487195227303,baseline,-2.3252648703938706e-06,0.6166724604476617,1.3447043757463448,10.261422304396849,10.173084561171867,baseline,1.4936653087008654e-05,0.1321825606653713,4.910391908197198e-06,4.910392362944549e-06,0.5971817374229431,-0.10000722855329514,3.343175194459036e-05,0.0002848647709470242,0.0002848647709470242,0.0003097363223787397,0.0003097363223787397,0.0,0.0,0,8.22799663739516e-06,0.0,0.0,0.9999917720033626,0.9999917720033626,0.0023470766998285003,0.0,0.0,0.9976529233001717,0.9976529233001717,0,0.0,0,0,0,1.0571380853652954,0.006738241761922836,6.447476152970921e-06,192,0.005364771466702223,0.0,152,0.0001360127207590267,0.0,161576,-4.168161993334252e-08,0.0,0,0,0,0,0,0,0,0,0,0,0,0,0,0,0,225280,225280,0,0.0,0.028975442051887512,0.022036178037524223,30.979324340820312,0.008159657008945942,0.010441409423947334
seismic,shuffled_xy,138,0.1,0.00028476715669967234,0.0003097363223787397,0.0003100242174696177,0.0003108970704488456,0.00038738749572075903,nan,nan,6.519820745163898,12.084553932731058,10.17487195227303,baseline,-1.7481202985247341e-06,0.6407766874828464,1.3447043757463448,10.261422304396849,10.173084561171867,baseline,1.4936653087008654e-05,0.1321825606653713,3.02796024698182e-06,3.02796024698182e-06,0.5717883706092834,-0.07991878688335419,1.649194564379286e-05,0.00028476715669967234,0.00028476715669967234,0.0003097363223787397,0.0003097363223787397,0.0,0.0,0,2.049088921463067e-05,0.0,0.0,0.9999795091107853,0.9999795091107853,0.0021728853257267445,0.0,0.0,0.9978271146742734,0.9978271146742734,0,0.0,0,0,0,1.0571388006210327,0.006730667781084776,6.403271981980652e-06,232,0.004424720071256161,0.0,112,0.0001464050728827715,0.0,161576,-3.784355584457444e-08,0.0,0,0,0,0,0,0,0,0,0,0,0,0,0,0,0,225280,225280,0,0.0,0.028283001855015755,0.022164495661854744,30.98188591003418,0.008218320086598396,0.01055542379617691
seismic,shuffled_xy,139,0.1,0.000284840032691136,0.0003052291867788881,0.0003100242174696177,0.0003108970704488456,0.00038738749572075903,nan,nan,6.746166115400387,12.208154442236818,10.17487195227303,baseline,-1.247892984722763e-06,0.6630222126659164,9.00927447334363,13.588803640757451,10.173084561171867,baseline,1.4936653087008654e-05,0.8855990941477444,4.492887001106283e-06,4.492887001106283e-06,0.5405037999153137,0.014044289477169514,-4.304833055357449e-06,0.000284840032691136,0.000284840032691136,0.0003052291867788881,0.0003052291867788881,0.0,nan,96,9.339275416318412e-06,0.0,0.0,0.9999906607245835,0.9999906607245835,0.002054427402235385,0.0,0.0,0.9979455725977646,0.9979455725977646,96,0.0005928853643126786,56,0,40,1.0571378469467163,0.006724814884364605,4.776043169840705e-06,232,0.003307342529296875,0.41379308700561523,112,0.00010348872456233948,0.0,161576,-3.4394012971006305e-08,0.0,0,0,0,0,0,0,0,0,0,40,56,0,0,0,0,225280,225280,0,0.0,0.027648044750094414,0.022275147959589958,30.984352111816406,0.008277674205601215,0.010663383640348911
seismic,shuffled_xy,140,0.1,0.00028476270381361246,0.0003052291867788881,0.0003100242174696177,0.0003108970704488456,0.00038738749572075903,nan,nan,6.894769379444008,12.290892356629508,10.17487195227303,baseline,-8.252905051298451e-07,0.6776271398578758,9.00927447334363,13.588803640757451,10.173084561171867,baseline,1.4936653087008654e-05,0.8855990941477444,6.71487168801832e-06,6.71487168801832e-06,0.5116692781448364,0.048915568739175797,-2.2431009710999206e-05,0.00028476270381361246,0.00028476270381361246,0.0003052291867788881,0.0003052291867788881,0.0,0.0,0,4.312539541450798e-06,0.0,0.0,0.9999956874604584,0.9999956874604584,0.0019380203790336247,0.0,0.0,0.9980619796209667,0.9980619796209667,0,0.0,0,0,0,1.0571459531784058,0.006717574782669544,2.2816320779384114e-06,232,0.0016169982263818383,0.0,112,-5.743896053900244e-06,0.0,161576,-3.130671188955603e-08,0.0,0,0,0,0,0,0,0,0,0,0,0,0,0,0,0,225280,225280,0,0.0,0.027141617611050606,0.022352948784828186,30.986318588256836,0.008317213505506516,0.010735653340816498
seismic,shuffled_xy,141,0.1,0.00028440423193387687,0.0003052291867788881,0.0003100242174696177,0.0003108970704488456,0.00038738749572075903,nan,nan,6.945865102559585,12.319624839304813,10.17487195227303,baseline,-4.5839333839591675e-07,0.68264889574422,9.00927447334363,13.588803640757451,10.173084561171867,baseline,1.4936653087008654e-05,0.8855990941477444,7.685489435971249e-06,7.685488526476547e-06,0.4913705289363861,0.06405214965343475,-3.364797885296866e-05,0.00028440423193387687,0.00028440423193387687,0.0003052291867788881,0.0003052291867788881,0.0,0.0,0,3.410017132244831e-06,0.0,0.0,0.9999965899828679,0.9999965899828679,0.0017880601696089026,0.0,0.0,0.9982119398303911,0.9982119398303911,0,0.0,0,0,0,1.0571621656417847,0.006706634070724249,-4.152444716964965e-07,232,-0.0002673896378837526,0.0,112,-5.248938123258995e-06,0.0,161576,-2.8556895514952885e-08,0.0,0,0,0,0,0,0,0,0,0,0,0,0,0,0,0,225280,225280,0,0.0,0.026779038831591606,0.02239225059747696,30.98757553100586,0.008328226394951344,0.010760749690234661
seismic,shuffled_xy,142,0.1,0.00028388272039592266,0.0003052291867788881,0.0003100242174696177,0.0003108970704488456,0.00038738749572075903,nan,nan,6.914284874522031,12.301844713703277,10.17487195227303,baseline,-1.3903903984293494e-07,0.679545148769883,9.00927447334363,13.588803640757451,10.173084561171867,baseline,1.4936653087008654e-05,0.8855990941477444,7.181873570516473e-06,7.181873115769122e-06,0.47683843970298767,0.07557385414838791,-3.712788020493463e-05,0.00028388272039592266,0.00028388272039592266,0.0003052291867788881,0.0003052291867788881,0.0,0.0,0,4.008082832650856e-06,0.0,0.0,0.9999959919171671,0.9999959919171671,0.0016356938298159433,0.0,0.0,0.9983643061701841,0.9983643061701841,0,0.0,0,0,0,1.0571762323379517,0.0066911280155181885,-2.8947088139830157e-06,192,-0.002415300812572241,0.0,152,-4.948884907207685e-06,0.0,161576,-2.6125492880169077e-08,0.0,0,0,0,0,0,0,0,0,0,0,0,0,0,0,0,225280,225280,0,0.0,0.02658892050385475,0.022393882274627686,30.988107681274414,0.008315660990774632,0.010745219886302948
seismic,shuffled_xy,143,0.1,0.00028340891003608704,0.00030747009441256523,0.0003100242174696177,0.0003108970704488456,0.00038738749572075903,nan,nan,6.829801193200834,12.254557350915572,10.17487195227303,baseline,1.3386193025835267e-07,0.6712419797749833,1.777447313028393,10.327045889392263,10.173084561171867,baseline,1.4936653087008654e-05,0.1747205870397831,5.584282007475849e-06,5.584282007475849e-06,0.4617047607898712,0.08929438889026642,-3.4132124710595235e-05,0.00028340891003608704,0.00028340891003608704,0.00030747009441256523,0.00030747009441256523,0.0,0.0,56,6.700959992468561e-06,0.0,0.0,0.9999932990400071,0.9999932990400071,0.001529427107955967,0.0,0.0,0.998470572892044,0.998470572892044,56,0.00034584981040097773,0,56,56,1.057188630104065,0.00667151715606451,-4.857225121668307e-06,192,-0.004072337411344051,0.2916666865348816,152,-4.716151124739554e-06,0.0,161576,-2.399112730699926e-08,0.0,0,56,0,0,0,0,0,0,0,0,0,0,0,0,0,225280,225280,0,0.0,0.026580432429909706,0.022363031283020973,30.98800277709961,0.00829057302325964,0.010703915730118752
seismic,shuffled_xy,144,0.1,0.00028311656205914915,0.0003070034144911915,0.0003100242174696177,0.0003108970704488456,0.00038738749572075903,nan,nan,6.720473749666164,12.193962046175821,10.17487195227303,baseline,3.684100616951188e-07,0.660497132660602,1.7457006527595629,10.321629165013967,10.173084561171867,baseline,1.4936653087008654e-05,0.171599934675591,3.57171938958345e-06,3.57171938958345e-06,0.44240450859069824,0.10939320176839828,-2.6758712920127437e-05,0.00028311656205914915,0.00028311656205914915,0.0003070034144911915,0.0003070034144911915,0.0,0.0,40,1.6273677667131755e-05,0.0,0.0,0.9999837263223328,0.9999837263223328,0.0014907108828988522,0.0,0.0,0.9985092891171014,0.9985092891171014,40,0.0002470355830155313,0,0,40,1.0571954250335693,0.006649078335613012,-6.072596534067998e-06,192,-0.005099124740809202,0.2083333432674408,152,-4.38575261796359e-06,0.0,161576,-2.2133539445690076e-08,0.0,0,0,0,0,0,0,0,0,0,0,0,0,0,0,40,225280,225280,0,0.0,0.026714179664850235,0.022308623418211937,30.987424850463867,0.00826230738312006,0.01065098773688078
seismic,shuffled_xy,145,0.1,0.0002830010198522359,0.0003070034144911915,0.0003100242174696177,0.0003108970704488456,0.00038738749572075903,nan,nan,6.605929557921034,12.131207952220569,10.17487195227303,baseline,5.708085040920489e-07,0.6492395765671272,1.7457006527595629,10.321629165013967,10.173084561171867,baseline,1.4936653087008654e-05,0.171599934675591,2.2035094389138976e-06,2.2035094389138976e-06,0.4196167588233948,0.11443929374217987,-1.7276786820730194e-05,0.0002830010198522359,0.0002830010198522359,0.0003070034144911915,0.0003070034144911915,0.0,0.0,0,4.176662380516078e-05,0.0,0.0,0.9999582333761947,0.9999582333761947,0.001514812453457711,0.0,0.0,0.9984851875465421,0.9984851875465421,0,0.0,0,0,0,1.0572069883346558,0.006625432521104813,-6.43838529867935e-06,192,-0.005409270524978638,0.0,152,-3.991188350482844e-06,0.0,161576,-2.0526712773971667e-08,0.0,0,0,0,0,0,0,0,0,0,0,0,0,0,0,0,225280,225280,0,0.0,0.02693476341664791,0.02224225550889969,30.98655891418457,0.008235602639615536,0.01059617381542921
seismic,shuffled_xy,146,0.1,0.0002829695586115122,0.0003070034144911915,0.0003100242174696177,0.0003108970704488456,0.00038738749572075903,nan,nan,6.497672114798392,12.072597402669608,10.17487195227303,baseline,7.442895031376787e-07,0.6385998905217105,1.7457006527595629,10.321629165013967,10.173084561171867,baseline,1.4936653087008654e-05,0.171599934675591,2.4892603960324777e-06,2.4892603960324777e-06,0.39703369140625,0.04462249204516411,-7.6125743362354115e-06,0.0002829695586115122,0.0002829695586115122,0.0003070034144911915,0.0003070034144911915,0.0,0.0,0,3.1475392462817805e-05,0.0,0.0,0.9999685246075374,0.9999685246075374,0.001577267427690784,0.0,0.0,0.9984227325723092,0.9984227325723092,0,0.0,0,0,0,1.0572190284729004,0.006602213252335787,-6.032691089785658e-06,192,-0.005068638827651739,0.0,152,-3.5769251098827226e-06,0.0,161576,-1.913034530787172e-08,0.0,0,0,0,0,0,0,0,0,0,0,0,0,0,0,0,225280,225280,0,0.0,0.02711563929915428,0.022175906226038933,30.985580444335938,0.008211638778448105,0.010544980876147747
seismic,shuffled_xy,147,0.1,0.0002829256118275225,0.0003070034144911915,0.0003100242174696177,0.0003108970704488456,0.00038738749572075903,nan,nan,6.404006480423918,12.022442899449157,10.17487195227303,baseline,8.933617673205312e-07,0.6293943069216548,1.7457006527595629,10.321629165013967,10.173084561171867,baseline,1.4936653087008654e-05,0.171599934675591,3.275958533777157e-06,3.2759587611508323e-06,0.37898069620132446,-0.004574791993945837,1.027362259264919e-06,0.0002829256118275225,0.0002829256118275225,0.0003070034144911915,0.0003070034144911915,0.0,0.0,0,1.7241752513307225e-05,0.0,0.0,0.9999827582474871,0.9999827582474871,0.0016393093735087383,0.0,0.0,0.9983606906264914,0.9983606906264914,0,0.0,0,0,0,1.0572305917739868,0.006580841261893511,-5.06533660882269e-06,192,-0.004254164639860392,0.0,152,-3.1795532322576037e-06,0.0,161576,-1.7925968265330994e-08,0.0,0,0,0,0,0,0,0,0,0,0,0,0,0,0,0,225280,225280,0,0.0,0.026975637301802635,0.022119687870144844,30.984642028808594,0.008190896362066269,0.010501171462237835
seismic,shuffled_xy,148,0.1,0.00028281708364374936,0.0003070034144911915,0.0003100242174696177,0.0003108970704488456,0.00038738749572075903,nan,nan,6.333261664385413,11.984907661802017,10.17487195227303,baseline,1.0185300900418787e-06,0.6224414119493764,1.7457006527595629,10.321629165013967,10.173084561171867,baseline,1.4936653087008654e-05,0.171599934675591,3.720506583704264e-06,3.7205068110779393e-06,0.3679313063621521,-0.03157799318432808,8.055495527514722e-06,0.00028281708364374936,0.00028281708364374936,0.0003070034144911915,0.0003070034144911915,0.0,0.0,0,1.2539576175222528e-05,0.0,0.0,0.9999874604238247,0.9999874604238247,0.0016652646592682867,0.0,0.0,0.9983347353407317,0.9983347353407317,0,0.0,0,0,0,1.0572415590286255,0.006562314461916685,-3.780560746236006e-06,192,-0.0031718432437628508,0.0,152,-2.8222705168445827e-06,0.0,161576,-1.686828277058794e-08,0.0,0,0,0,0,0,0,0,0,0,0,0,0,0,0,0,225280,225280,0,0.0,0.026965821161866188,0.02208077535033226,30.983869552612305,0.008174639195203781,0.010468385182321072
seismic,shuffled_xy,149,0.1,0.0002826369018293917,0.0003070034144911915,0.0003100242174696177,0.0003108970704488456,0.00038738749572075903,nan,nan,6.293698735065601,11.964047384109659,10.17487195227303,baseline,1.1262830064641881e-06,0.6185531144349368,1.7457006527595629,10.321629165013967,10.173084561171867,baseline,1.4936653087008654e-05,0.171599934675591,3.7650995636795415e-06,3.765099791053217e-06,0.3635440468788147,-0.05082454904913902,1.3123335520504043e-05,0.0002826369018293917,0.0002826369018293917,0.0003070034144911915,0.0003070034144911915,0.0,0.0,0,1.1387607876877355e-05,0.0,0.0,0.9999886123921232,0.9999886123921232,0.0016433958765031675,0.0,0.0,0.998356604123497,0.998356604123497,0,0.0,0,0,0,1.0572514533996582,0.006547089200466871,-2.3922395939734997e-06,136,-0.0026912083849310875,0.0,208,-9.025279723573476e-05,0.0,161576,-1.5933894204067656e-08,0.0,0,0,0,0,0,0,0,0,0,0,0,0,0,0,0,225280,225280,0,0.0,0.027097269892692566,0.02206338569521904,30.983346939086914,0.008164683356881142,0.010450164787471294
seismic,shuffled_xy,150,0.1,0.00028240386745892465,0.0003070034144911915,0.0003100242174696177,0.0003108970704488456,0.00038738749572075903,nan,nan,6.2913116298274,11.962791068077236,10.17487195227303,baseline,1.2128614415018205e-06,0.6183185065449242,1.7457006527595629,10.321629165013967,10.173084561171867,baseline,1.4936653087008654e-05,0.171599934675591,3.501219225654495e-06,3.501219225654495e-06,0.36370712518692017,-0.06598571687936783,1.5847370377741754e-05,0.00028240386745892465,0.00028240386745892465,0.0003070034144911915,0.0003070034144911915,0.0,0.0,0,1.2178093873564437e-05,0.0,0.0,0.9999878219061265,0.9999878219061265,0.0015851922911006638,0.0,0.0,0.9984148077088996,0.9984148077088996,0,0.0,0,0,0,1.0572601556777954,0.0065351384691894054,-1.0755404673545854e-06,96,-0.001593075692653656,0.0,248,-7.571649621240795e-05,0.0,161576,-1.5092417982032202e-08,0.0,0,0,0,0,0,0,0,0,0,0,0,0,0,0,0,225280,225280,0,0.0,0.02732362225651741,0.02206888608634472,30.98313331604004,0.008162659592926502,0.010449067689478397
seismic,shuffled_xy,151,0.1,0.000282146327663213,0.0003070034144911915,0.0003100242174696177,0.0003108970704488456,0.00038738749572075903,nan,nan,6.327378452490527,11.981797460219534,10.17487195227303,baseline,1.2892571132911172e-06,0.6218632020291336,1.7457006527595629,10.321629165013967,10.173084561171867,baseline,1.4936653087008654e-05,0.171599934675591,3.00841270473029e-06,3.00841270473029e-06,0.3661256432533264,-0.07693623006343842,1.5880330465734005e-05,0.000282146327663213,0.000282146327663213,0.0003070034144911915,0.0003070034144911915,0.0,0.0,0,1.52195125740218e-05,0.0,0.0,0.9999847804874259,0.9999847804874259,0.0015083089005702992,0.0,0.0,0.9984916910994297,0.9984916910994297,0,0.0,0,0,0,1.057267665863037,0.006526009179651737,2.0243749787596244e-08,96,0.00025068968534469604,0.0,248,-7.448960968758911e-05,0.0,161576,-1.4326944963727328e-08,0.0,0,0,0,0,0,0,0,0,0,0,0,0,0,0,0,225280,225280,0,0.0,0.0274457149207592,0.022095752879977226,30.983230590820312,0.008169310167431831,0.010465669445693493
seismic,shuffled_xy,152,0.1,0.0002818908542394638,0.0003070034144911915,0.0003100242174696177,0.0003108970704488456,0.00038738749572075903,nan,nan,6.397200862277052,12.018815223638157,10.17487195227303,baseline,1.3461936020569805e-06,0.6287254416831531,1.7457006527595629,10.321629165013967,10.173084561171867,baseline,1.4936653087008654e-05,0.171599934675591,2.3637844606128056e-06,2.3637844606128056e-06,0.3691321015357971,-0.08090220391750336,1.3124168617650867e-05,0.0002818908542394638,0.0002818908542394638,0.0003070034144911915,0.0003070034144911915,0.0,0.0,0,2.2780034277773232e-05,0.0,0.0,0.9999772199657223,0.9999772199657223,0.00142544636910709,0.0,0.0,0.998574553630893,0.998574553630893,0,0.0,0,0,0,1.057273030281067,0.0065188161097466946,7.768142040731618e-07,136,0.0010723753366619349,0.0,208,-8.586960029788315e-05,0.0,161576,-1.3618374872237382e-08,0.0,0,0,0,0,0,0,0,0,0,0,0,0,0,0,0,225280,225280,0,0.0,0.02725357748568058,0.02213970571756363,30.983585357666016,0.008184158243238926,0.010498002171516418
seismic,shuffled_xy,153,0.1,0.00028165188268758357,0.0003056421992368996,0.0003100242174696177,0.0003108970704488456,0.00038738749572075903,nan,nan,6.490289588465579,12.068620091017618,10.17487195227303,baseline,1.387479375338004e-06,0.6378743259761926,2.1823729249314856,10.404388950558115,10.173084561171867,baseline,1.4936653087008654e-05,0.21452420910478748,1.7357004935547593e-06,1.7357004935547593e-06,0.37180790305137634,-0.06645891815423965,7.918601113487966e-06,0.00028165188268758357,0.00028165188268758357,0.0003056421992368996,0.0003056421992368996,0.0,0.0,40,3.924102372237885e-05,0.0,0.0,0.9999607589762777,0.9999607589762777,0.0013426526946234195,0.0,0.0,0.9986573473053768,0.9986573473053768,40,0.0002470355830155313,0,0,40,1.0572714805603027,0.006512202322483063,1.1250978104726528e-06,136,0.001480628503486514,0.29411765933036804,208,-8.218838047469035e-05,0.0,161576,-1.296248530735511e-08,0.0,0,0,0,40,0,0,0,0,0,0,0,0,0,0,0,225280,225280,0,0.0,0.027006927877664566,0.022194288671016693,30.984086990356445,0.00820535235106945,0.010541505180299282
seismic,shuffled_xy,154,0.1,0.00028142312658019364,0.0003056421992368996,0.0003100242174696177,0.0003108970704488456,0.00038738749572075903,nan,nan,6.59199213629235,12.123616844648959,10.17487195227303,baseline,1.420746956777919e-06,0.6478697881602208,2.1823729249314856,10.404388950558115,10.173084561171867,baseline,1.4936653087008654e-05,0.21452420910478748,1.4921691899871803e-06,1.4921691899871803e-06,0.37473031878471375,-0.007590729743242264,7.777399559927289e-07,0.00028142312658019364,0.00028142312658019364,0.0003056421992368996,0.0003056421992368996,0.0,0.0,0,0.00013170782433431322,0.0,0.0,0.9998682921756658,0.9998682921756658,0.001397233032367164,0.0,0.0,0.9986027669676326,0.9986027669676326,0,0.0,0,0,0,1.057268500328064,0.006504289340227842,1.0593325896479655e-06,176,0.0010831207036972046,0.0,168,-0.00010183178528677672,0.0,161576,-1.2343114974555647e-08,0.0,0,0,0,0,0,0,0,0,0,0,0,0,0,0,0,225280,225280,0,0.0,0.026776541024446487,0.022251969203352928,30.98459243774414,0.008229688741266727,0.010589543730020523
seismic,shuffled_xy,155,0.1,0.0002811873855534941,0.0003031239320989698,0.0003100242174696177,0.0003108970704488456,0.00038738749572075903,nan,nan,6.686995081571769,12.175533873901923,10.17487195227303,baseline,1.4360923078838177e-06,0.6572068044612546,2.44662247421235,10.463007186384932,10.173084561171867,baseline,1.4936653087008654e-05,0.24049957068398703,1.8038629150396446e-06,1.8038629150396446e-06,0.37746232748031616,0.05256875231862068,-6.512648724310566e-06,0.0002811873855534941,0.0002811873855534941,0.0003031239320989698,0.0003031239320989698,0.0,0.0,40,7.510618106606071e-05,0.0,0.0,0.999924893818934,0.999924893818934,0.0014139974944640818,0.0,0.0,0.998586002505536,0.998586002505536,40,0.0002470355830155313,0,0,40,1.0572741031646729,0.006491844076663256,6.550640705427213e-07,176,0.0007081299554556608,0.22727273404598236,168,-9.917311399476603e-05,0.0,161576,-1.1770429075852462e-08,0.0,0,40,0,0,0,0,0,0,0,0,0,0,0,0,0,225280,225280,0,0.0,0.026669153943657875,0.022305410355329514,30.98496437072754,0.008253426291048527,0.0106348916888237
seismic,shuffled_xy,156,0.1,0.0002809241705108434,0.0003031239320989698,0.0003100242174696177,0.0003108970704488456,0.00038738749572075903,nan,nan,6.762152490345816,12.216972970765362,10.17487195227303,baseline,1.4342949532535366e-06,0.6645933749386821,2.44662247421235,10.463007186384932,10.173084561171867,baseline,1.4936653087008654e-05,0.24049957068398703,2.2723340862285113e-06,2.2723340862285113e-06,0.3806251585483551,0.08382412791252136,-1.3083758858556394e-05,0.0002809241705108434,0.0002809241705108434,0.0003031239320989698,0.0003031239320989698,0.0,0.0,0,3.974902218360237e-05,0.0,0.0,0.9999602509778164,0.9999602509778164,0.0013862550690696114,0.0,0.0,0.9986137449309302,0.9986137449309302,0,0.0,0,0,0,1.0572863817214966,0.0064724101684987545,1.6802889746259098e-08,176,0.00011569516937015578,0.0,168,-9.419852722203359e-05,0.0,161576,-1.1240968156300823e-08,0.0,0,0,0,0,0,0,0,0,0,0,0,0,0,0,0,225280,225280,0,0.0,0.026713261380791664,0.022348491474986076,30.985084533691406,0.008273027837276459,0.010671086609363556
seismic,shuffled_xy,157,0.1,0.0002806281845550984,0.0003031239320989698,0.0003100242174696177,0.0003108970704488456,0.00038738749572075903,nan,nan,6.808947279950809,12.242936249020213,10.17487195227303,baseline,1.421396501624563e-06,0.6691924293370941,2.44662247421235,10.463007186384932,10.173084561171867,baseline,1.4936653087008654e-05,0.24049957068398703,2.578202838776633e-06,2.578202838776633e-06,0.38420048356056213,0.10104191303253174,-1.789527595974505e-05,0.0002806281845550984,0.0002806281845550984,0.0003031239320989698,0.0003031239320989698,0.0,0.0,0,2.6564727323056493e-05,0.0,0.0,0.999973435272677,0.999973435272677,0.0013199759920862258,0.0,0.0,0.9986800240079138,0.9986800240079138,0,0.0,0,0,0,1.0573058128356934,0.006443823222070932,-7.381790396721044e-07,136,-0.0007570962188765407,0.0,208,-7.126695709303021e-05,0.0,161576,-1.0752495782639926e-08,0.0,0,0,0,0,0,0,0,0,0,0,0,0,0,0,0,225280,225280,0,0.0,0.02685379981994629,0.022376973181962967,30.984899520874023,0.008286083117127419,0.010693765245378017
seismic,shuffled_xy,158,0.1,0.00028031543479301035,0.0003031239320989698,0.0003100242174696177,0.0003108970704488456,0.00038738749572075903,nan,nan,6.8243496704885,12.251509233070056,10.17487195227303,baseline,1.3966375968567627e-06,0.6707061968430148,2.44662247421235,10.463007186384932,10.173084561171867,baseline,1.4936653087008654e-05,0.24049957068398703,2.615060566313332e-06,2.6150607936870074e-06,0.3871152997016907,0.11282171308994293,-2.026665970333852e-05,0.00028031543479301035,0.00028031543479301035,0.0003031239320989698,0.0003031239320989698,0.0,0.0,0,2.3029994446735363e-05,0.0,0.0,0.9999769700055532,0.9999769700055532,0.0012323448846304815,0.0,0.0,0.9987676551153697,0.9987676551153697,0,0.0,0,0,0,1.0573265552520752,0.0064050378277897835,-1.4977001683291746e-06,96,-0.002361573278903961,0.0,248,-5.6976437917910516e-05,0.0,161576,-1.0313662812677649e-08,0.0,0,0,0,0,0,0,0,0,0,0,0,0,0,0,0,225280,225280,0,0.0,0.027080457657575607,0.022388799116015434,30.98442268371582,0.00829167291522026,0.010701253078877926
seismic,shuffled_xy,159,0.1,0.00028001517057418823,0.0003031239320989698,0.0003100242174696177,0.0003108970704488456,0.00038738749572075903,nan,nan,6.810329909986604,12.2437057723158,10.17487195227303,baseline,1.3604479894015716e-06,0.6693283160630962,2.44662247421235,10.463007186384932,10.173084561171867,baseline,1.4936653087008654e-05,0.24049957068398703,2.3872537440183805e-06,2.387253516644705e-06,0.3876695930957794,0.12193810939788818,-1.9993731257272884e-05,0.00028001517057418823,0.00028001517057418823,0.0003031239320989698,0.0003031239320989698,0.0,0.0,0,2.564370244482885e-05,0.0,0.0,0.9999743562975549,0.9999743562975549,0.0011430652277686468,0.0,0.0,0.9988569347722315,0.9988569347722315,0,0.0,0,0,0,1.0573482513427734,0.0063569201156497,-2.1597097656922415e-06,96,-0.0034921865444630384,0.0,248,-5.180273001315072e-05,0.0,161576,-9.922492161251739e-09,0.0,0,0,0,0,0,0,0,0,0,0,0,0,0,0,0,225280,225280,0,0.0,0.02737320400774479,0.022384202107787132,30.98370933532715,0.008290235884487629,0.010694436728954315
seismic,shuffled_xy,160,0.1,0.00027975643752142787,0.0003031239320989698,0.0003100242174696177,0.0003108970704488456,0.00038738749572075903,nan,nan,6.772683391953749,12.222806091464474,10.17487195227303,baseline,1.307970824765775e-06,0.6656283660088401,2.44662247421235,10.463007186384932,10.173084561171867,baseline,1.4936653087008654e-05,0.24049957068398703,1.9618180431280052e-06,1.9618180431280052e-06,0.384344220161438,0.1287379413843155,-1.734340730763506e-05,0.00027975643752142787,0.00027975643752142787,0.0003031239320989698,0.0003031239320989698,0.0,0.0,0,3.649213202596603e-05,0.0,0.0,0.999963507867974,0.999963507867974,0.0010669493270722339,0.0,0.0,0.9989330506729279,0.9989330506729279,0,0.0,0,0,0,1.057370662689209,0.006302397698163986,-2.6431546302774223e-06,96,-0.004322409629821777,0.0,248,-4.629225077223964e-05,0.0,161576,-9.579445681140442e-09,0.0,0,0,0,0,0,0,0,0,0,0,0,0,0,0,0,225280,225280,0,0.0,0.027673983946442604,0.022365644574165344,30.982851028442383,0.008283148519694805,0.010676181875169277
seismic,shuffled_xy,161,0.05,0.00028142621158622205,0.0003031239320989698,0.0003108970704488456,0.0003108970704488456,0.00038738749572075903,nan,nan,6.104924454006643,11.86421682477448,10.173084561171867,baseline,1.0199917724102024e-05,0.6001055448242103,2.44662247421235,10.463007186384932,10.173084561171867,baseline,1.4936653087008654e-05,0.24049957068398703,1.7798878616304137e-05,1.7798878616304137e-05,0.38542455434799194,-0.10651963949203491,0.00013016043521929532,0.00028142621158622205,0.00028142621158622205,0.0003031239320989698,0.0003031239320989698,0.0,0.0,0,6.525272877572671e-07,0.0,0.0,0.9999993474727121,0.9999993474727121,0.0008140393317078104,0.0,0.0,0.9991859606682924,0.9991859606682924,0,0.0,0,0,0,1.057393193244934,0.0010281582362949848,1.5018507838249207e-05,96,0.025332679972052574,0.0,248,-5.519883643501089e-07,0.0,161576,-2.3528699821806498e-11,0.0,0,0,0,0,0,0,0,0,0,0,0,0,0,0,0,225280,225280,0,0.0,0.01582009717822075,0.021947484463453293,30.990062713623047,0.008185218088328838,0.010362966917455196
seismic,shuffled_xy,162,0.05,0.00028001610189676285,0.0003031239320989698,0.0003108970704488456,0.0003108970704488456,0.00038738749572075903,nan,nan,6.6783106623712865,12.169199097341119,10.173084561171867,baseline,1.0030380121195609e-05,0.6564686080641842,2.44662247421235,10.463007186384932,10.173084561171867,baseline,1.4936653087008654e-05,0.24049957068398703,1.4211972484190483e-05,1.4211972484190483e-05,0.4012768268585205,-0.10753833502531052,0.00010493999434402213,0.00028001610189676285,0.00028001610189676285,0.0003031239320989698,0.0003031239320989698,0.0,0.0,0,9.880349453708835e-07,0.0,0.0,0.9999990119650547,0.9999990119650547,0.0006046208940799562,0.0,0.0,0.9993953791059201,0.9993953791059201,0,0.0,0,0,0,1.0574091672897339,0.0010092993034049869,2.8692797059193254e-05,96,0.04839625954627991,0.0,208,-4.758444163144304e-07,0.0,161616,-2.2062523682975232e-11,0.0,0,0,0,0,0,0,0,0,0,0,0,0,0,0,0,225280,225280,0,0.0,0.01740422286093235,0.022351277992129326,30.9960880279541,0.008295913226902485,0.01062935870140791
seismic,shuffled_xy,163,0.05,0.0002807428827509284,0.00029928237199783325,0.0003108970704488456,0.0003108970704488456,0.00038738749572075903,nan,nan,7.4085780563914145,12.584778175018835,10.173084561171867,baseline,9.839402393715078e-06,0.7282528726824812,11.820044849713307,15.594935655534325,10.173084561171867,baseline,1.4936653087008654e-05,1.1618938953727733,3.990403456555214e-06,3.990403001807863e-06,0.37504708766937256,-0.08695930987596512,2.383651735726744e-05,0.0002807428827509284,0.0002807428827509284,0.00029928237199783325,0.00029928237199783325,0.0,nan,96,1.2403640777983337e-05,0.0,0.0,0.9999875963592221,0.9999875963592221,0.000590163012157749,0.0,0.0,0.9994098369878421,0.9994098369878421,96,0.0005928853643126786,96,0,0,1.057419776916504,0.0010080032516270876,2.8588845452759415e-05,96,0.04822062700986862,1.0,208,-3.3934520615730435e-07,0.0,161616,-1.9450300745016413e-11,0.0,0,0,0,0,0,0,0,0,0,0,96,0,0,0,0,225280,225280,0,0.0,0.015646858140826225,0.022740965709090233,31.002866744995117,0.008486657403409481,0.010992351919412613
seismic,shuffled_xy,164,0.05,0.0002817016502376646,0.00029928237199783325,0.0003108970704488456,0.0003108970704488456,0.00038738749572075903,nan,nan,7.7610512980991055,12.79545132886949,10.173084561171867,baseline,9.62411470425174e-06,0.7629004999234501,11.820044849713307,15.594935655534325,10.173084561171867,baseline,1.4936653087008654e-05,1.1618938953727733,1.3287112778925803e-05,1.3287112778925803e-05,0.30041804909706116,0.0982060506939888,-8.967715257313102e-05,0.0002817016502376646,0.0002817016502376646,0.00029928237199783325,0.00029928237199783325,0.0,nan,0,1.1305211328512779e-06,0.0,0.0,0.9999988694788674,0.9999988694788674,0.0008341978159594945,0.0,0.0,0.9991658021840404,0.9991658021840404,0,0.0,0,0,0,1.0574334859848022,0.0010065233800560236,1.2096134014427662e-05,96,0.020402681082487106,0.0,168,-2.8834637078034575e-07,0.0,161656,-1.7359577317299646e-11,0.0,0,0,0,0,0,0,0,0,0,0,0,0,0,0,0,225280,225280,0,0.0,0.014813617803156376,0.022905269637703896,31.005922317504883,0.008593895472586155,0.011176367290318012
seismic,shuffled_xy,165,0.05,0.0002808920107781887,0.00029928237199783325,0.0003108970704488456,0.0003108970704488456,0.00038738749572075903,nan,nan,7.530156534806044,12.656735947524028,10.173084561171867,baseline,9.382796091084489e-06,0.7402038672657657,11.820044849713307,15.594935655534325,10.173084561171867,baseline,1.4936653087008654e-05,1.1618938953727733,1.96669134311378e-05,1.9666915250127204e-05,0.2660192549228668,0.10669026523828506,-0.00014424070832319558,0.0002808920107781887,0.0002808920107781887,0.00029928237199783325,0.00029928237199783325,0.0,0.0,0,5.3065522432452e-07,0.0,0.0,0.9999994693447758,0.9999994693447758,0.0010237423207014563,0.0,0.0,0.9989762576792987,0.9989762576792987,0,0.0,0,0,0,1.0574500560760498,0.001001936849206686,-8.414192052441649e-06,96,-0.01419159583747387,0.0,168,-1.8201208717982809e-07,0.0,161656,-1.5416671411694338e-11,0.0,0,0,0,0,0,0,0,0,0,0,0,0,0,0,0,225280,225280,0,0.0,0.01539245992898941,0.022805243730545044,31.003896713256836,0.00851989071816206,0.011055205017328262
seismic,shuffled_xy,166,0.05,0.0002799716603476554,0.00030088305356912315,0.0003108970704488456,0.0003108970704488456,0.00038738749572075903,nan,nan,6.990306644857759,12.343182346460686,10.173084561171867,baseline,9.11203911868988e-06,0.6871373772831295,9.16480600540842,13.69241494287228,10.173084561171867,baseline,1.4936653087008654e-05,0.9008876264656769,1.4542946701112669e-05,1.4542946701112669e-05,0.26718831062316895,0.10900772362947464,-0.0001089785509975627,0.0002799716603476554,0.0002799716603476554,0.00030088305356912315,0.00030088305356912315,0.0,0.0,40,1.0127060828636713e-06,0.0,0.0,0.9999989872939171,0.9999989872939171,0.0010274680690086008,0.0,0.0,0.9989725319309913,0.9989725319309913,40,0.0002470355830155313,0,40,40,1.0574603080749512,0.0009982027113437653,-2.1728905267082155e-05,96,-0.03664923831820488,0.4166666865348816,168,-9.291711933201441e-08,0.0,161656,-1.3750779161159077e-11,0.0,0,40,0,0,0,0,0,0,0,0,0,0,0,0,0,225280,225280,0,0.0,0.01686263270676136,0.022529641166329384,30.998966217041016,0.008369611576199532,0.010781326331198215
seismic,shuffled_xy,167,0.05,0.0002802358940243721,0.0003031239320989698,0.0003108970704488456,0.0003108970704488456,0.00038738749572075903,nan,nan,6.506083942426739,12.075551929456436,10.173084561171867,baseline,8.809182510794956e-06,0.6395389621198707,2.44662247421235,10.463007186384932,10.173084561171867,baseline,1.4936653087008654e-05,0.24049957068398703,4.567284122458659e-06,4.567284122458659e-06,0.24786941707134247,0.07757660746574402,-2.4353075787075795e-05,0.0002802358940243721,0.0002802358940243721,0.0003031239320989698,0.0003031239320989698,0.0,nan,56,1.0847985656339348e-05,0.0,0.0,0.9999891520143439,0.9999891520143439,0.0012577527411781772,0.0,0.0,0.9987422472588218,0.9987422472588218,56,0.00034584981040097773,0,56,56,1.057470679283142,0.000992626417428255,-2.30409514188068e-05,96,-0.038862358778715134,0.5833333730697632,168,-1.5306778067269988e-08,0.0,161656,-1.2272588327533196e-11,0.0,0,56,0,0,0,0,0,0,0,0,0,0,0,0,0,225280,225280,0,0.0,0.017308028414845467,0.02223213203251362,30.994266510009766,0.008258781395852566,0.010547560639679432
seismic,shuffled_xy,168,0.05,0.0002808273129630834,0.0003031239320989698,0.0003108970704488456,0.0003108970704488456,0.00038738749572075903,nan,nan,6.247706968442344,11.938330647539841,10.173084561171867,baseline,8.470259658898585e-06,0.6141408665464225,2.44662247421235,10.463007186384932,10.173084561171867,baseline,1.4936653087008654e-05,0.24049957068398703,7.238620128191542e-06,7.238620128191542e-06,0.21274201571941376,-0.09671411663293839,4.811103281099349e-05,0.0002808273129630834,0.0002808273129630834,0.0003031239320989698,0.0003031239320989698,0.0,nan,0,4.6107155439577435e-06,0.0,0.0,0.999995389284456,0.999995389284456,0.0018512886187889326,0.0,0.0,0.9981487113812111,0.9981487113812111,0,0.0,0,0,0,1.0574836730957031,0.0009855874814093113,-1.462353247916326e-05,96,-0.0246651079505682,0.0,168,5.514420209351556e-08,0.0,161656,-1.097296038754525e-11,0.0,0,0,0,0,0,0,0,0,0,0,0,0,0,0,0,225280,225280,0,0.0,0.016496241092681885,0.02204999513924122,30.991695404052734,0.008208389393985271,0.010427703149616718
seismic,shuffled_xy,169,0.05,0.0002808174176607281,0.0003031239320989698,0.0003108970704488456,0.0003108970704488456,0.00038738749572075903,nan,nan,6.225495048692326,11.926724752873733,10.173084561171867,baseline,8.091277138587997e-06,0.611957465871199,2.44662247421235,10.463007186384932,10.173084561171867,baseline,1.4936653087008654e-05,0.24049957068398703,1.1241364518355113e-05,1.1241364518355113e-05,0.20516158640384674,-0.10723594576120377,8.284425712190568e-05,0.0002808174176607281,0.0002808174176607281,0.0003031239320989698,0.0003031239320989698,0.0,0.0,0,2.0587882374726902e-06,0.0,0.0,0.9999979412117627,0.9999979412117627,0.002201681747333992,0.0,0.0,0.9977983182526661,0.9977983182526661,0,0.0,0,0,0,1.0574947595596313,0.000984697020612657,-2.864415819203714e-06,96,-0.004831510595977306,0.0,168,1.2133820348481095e-07,0.0,161656,-9.828935408628947e-12,0.0,0,0,0,0,0,0,0,0,0,0,0,0,0,0,0,225280,225280,0,0.0,0.016473865136504173,0.022035803645849228,30.991605758666992,0.008203142322599888,0.010417565703392029
seismic,shuffled_xy,170,0.05,0.00028024616767652333,0.0003031239320989698,0.0003108970704488456,0.0003108970704488456,0.00038738749572075903,nan,nan,6.4134443816728295,12.025902513010118,10.173084561171867,baseline,7.667638640281681e-06,0.6304326227344056,2.44662247421235,10.463007186384932,10.173084561171867,baseline,1.4936653087008654e-05,0.24049957068398703,1.1340140190441161e-05,1.1340140190441161e-05,0.2286272644996643,-0.10916904360055923,8.509924373356625e-05,0.00028024616767652333,0.00028024616767652333,0.0003031239320989698,0.0003031239320989698,0.0,0.0,0,2.1933333686278527e-06,0.0,0.0,0.9999978066666314,0.9999978066666314,0.001986921231545651,0.0,0.0,0.9980130787684546,0.9980130787684546,0,0.0,0,0,0,1.0575017929077148,0.0009956887224689126,7.405757514789002e-06,96,0.012490734457969666,0.0,168,1.8549503977283166e-07,0.0,161656,-8.810473184350798e-12,0.0,0,0,0,0,0,0,0,0,0,0,0,0,0,0,0,225280,225280,0,0.0,0.017199702560901642,0.02217136323451996,30.993711471557617,0.008237029425799847,0.010504193603992462
seismic,shuffled_xy,171,0.05,0.0002798405184876174,0.0003031239320989698,0.0003108970704488456,0.0003108970704488456,0.00038738749572075903,nan,nan,6.762815896268537,12.215802850357985,10.173084561171867,baseline,7.194091354025678e-06,0.6647753545354886,2.44662247421235,10.463007186384932,10.173084561171867,baseline,1.4936653087008654e-05,0.24049957068398703,7.808490408933721e-06,7.808490408933721e-06,0.24622967839241028,-0.1098899096250534,5.901047188672237e-05,0.0002798405184876174,0.0002798405184876174,0.0003031239320989698,0.0003031239320989698,0.0,0.0,0,5.03759727753132e-06,0.0,0.0,0.9999949624027226,0.9999949624027226,0.0019357972457179728,0.0,0.0,0.9980642027542819,0.9980642027542819,0,0.0,0,0,0,1.0575051307678223,0.0010177700314670801,1.3099874195177108e-05,96,0.02209470048546791,0.0,168,2.4895410888348124e-07,0.0,161656,-7.902585703878362e-12,0.0,0,0,0,0,0,0,0,0,0,0,0,0,0,0,0,225280,225280,0,0.0,0.017405958846211433,0.022390136495232582,30.997285842895508,0.008311746641993523,0.010670064948499203
seismic,shuffled_xy,172,0.05,0.00028008371009491384,0.0003031239320989698,0.0003108970704488456,0.0003108970704488456,0.00038738749572075903,nan,nan,7.140658822685124,12.42896932197665,10.173084561171867,baseline,6.664808776507967e-06,0.7019167863420057,2.44662247421235,10.463007186384932,10.173084561171867,baseline,1.4936653087008654e-05,0.24049957068398703,2.1789762740809238e-06,2.178976501454599e-06,0.22811436653137207,-0.05270134285092354,7.901794560893904e-06,0.00028008371009491384,0.00028008371009491384,0.0003031239320989698,0.0003031239320989698,0.0,nan,0,7.05374364986033e-05,0.0,0.0,0.9999294625635013,0.9999294625635013,0.0025604458075859536,0.0,0.0,0.9974395541924141,0.9974395541924141,0,0.0,0,0,0,1.0575062036514282,0.001045256620272994,1.2256869013071992e-05,96,0.020672719925642014,0.0,168,3.1206479889078764e-07,0.0,161656,-7.098965512652988e-12,0.0,0,0,0,0,0,0,0,0,0,0,0,0,0,0,0,225280,225280,0,0.0,0.016298001632094383,0.022593971341848373,31.000877380371094,0.008406968787312508,0.010856257751584053
seismic,shuffled_xy,173,0.05,0.00028043874772265553,0.00030088305356912315,0.0003108970704488456,0.0003108970704488456,0.00038738749572075903,nan,nan,7.3477444504898175,12.549093224063814,10.173084561171867,baseline,6.074172260395914e-06,0.7222730142512033,9.16480600540842,13.69241494287228,10.173084561171867,baseline,1.4936653087008654e-05,0.9008876264656769,6.906031558173709e-06,6.906031558173709e-06,0.1784643530845642,0.1022915467619896,-4.863584035774693e-05,0.00028043874772265553,0.00028043874772265553,0.00030088305356912315,0.00030088305356912315,0.0,nan,56,7.630552400129262e-06,0.0,0.0,0.9999923694476,0.9999923694476,0.004753805370757711,0.0,0.0,0.9952461946292424,0.9952461946292424,56,0.00034584981040097773,56,0,0,1.0575052499771118,0.0010718978010118008,5.613619123323588e-06,96,0.009467661380767822,0.5833333730697632,168,3.7362650573413703e-07,0.0,161656,-6.3708903604020595e-12,0.0,0,0,0,0,0,0,0,0,0,0,56,0,0,0,0,225280,225280,0,0.0,0.015721041709184647,0.022695310413837433,31.00275421142578,0.008464322425425053,0.010961181484162807
seismic,shuffled_xy,174,0.05,0.00028026787913404405,0.00030088305356912315,0.0003108970704488456,0.0003108970704488456,0.00038738749572075903,nan,nan,7.281025658968505,12.510150412371418,10.173084561171867,baseline,5.41490622631382e-06,0.7157146502595667,9.16480600540842,13.69241494287228,10.173084561171867,baseline,1.4936653087008654e-05,0.9008876264656769,1.0608675438561477e-05,1.0608675438561477e-05,0.14359740912914276,0.10907857120037079,-7.969987200340256e-05,0.00028026787913404405,0.00028026787913404405,0.00030088305356912315,0.00030088305356912315,0.0,0.0,0,3.477128944387424e-06,0.0,0.0,0.9999965228710557,0.9999965228710557,0.008318887273606962,0.0,0.0,0.9916811127263929,0.9916811127263929,0,0.0,0,0,0,1.0575072765350342,0.0010949175339192152,-3.25731798511697e-06,96,-0.005494753830134869,0.0,168,4.304658887122059e-07,0.0,161656,-5.720964934424755e-12,0.0,0,0,0,0,0,0,0,0,0,0,0,0,0,0,0,225280,225280,0,0.0,0.01585240289568901,0.02266237512230873,31.002134323120117,0.008444225415587425,0.010927166789770126
seismic,shuffled_xy,175,0.05,0.0002798651112243533,0.00030088305356912315,0.0003108970704488456,0.0003108970704488456,0.00038738749572075903,nan,nan,7.012473696655287,12.355786821614112,10.173084561171867,baseline,4.680831098337587e-06,0.6893163675507502,9.16480600540842,13.69241494287228,10.173084561171867,baseline,1.4936653087008654e-05,0.9008876264656769,9.22428625926841e-06,9.22428625926841e-06,0.14537285268306732,0.11062194406986237,-7.029299740679562e-05,0.0002798651112243533,0.0002798651112243533,0.00030088305356912315,0.00030088305356912315,0.0,0.0,0,4.8427944606272595e-06,0.0,0.0,0.9999951572055393,0.9999951572055393,0.009119177336333804,0.0,0.0,0.9908808226636661,0.9908808226636661,0,0.0,0,0,0,1.0575084686279297,0.0011146506294608116,-1.0304534043825697e-05,96,-0.01738113909959793,0.0,168,4.7634659949835623e-07,0.0,161656,-5.14415940400248e-12,0.0,0,0,0,0,0,0,0,0,0,0,0,0,0,0,0,225280,225280,0,0.0,0.01652601733803749,0.02252339757978916,30.999645233154297,0.008370663970708847,0.010792335495352745
seismic,shuffled_xy,176,0.05,0.00027979310834780335,0.0003031239320989698,0.0003108970704488456,0.0003108970704488456,0.00038738749572075903,nan,nan,6.704276888302059,12.183520758483793,10.173084561171867,baseline,3.865101063611105e-06,0.6590210518622159,2.44662247421235,10.463007186384932,10.173084561171867,baseline,1.4936653087008654e-05,0.24049957068398703,4.162880031799432e-06,4.162880031799432e-06,0.14673352241516113,0.10786941647529602,-3.093443956458941e-05,0.00027979310834780335,0.00027979310834780335,0.0003031239320989698,0.0003031239320989698,0.0,0.0,56,2.4156490631090186e-05,0.0,0.0,0.999975843509369,0.999975843509369,0.009897436096062374,0.0,0.0,0.9901025639039377,0.9901025639039377,56,0.00034584981040097773,0,56,56,1.0575084686279297,0.0011316722957417369,-1.2818403774872422e-05,96,-0.02162124775350094,0.5833333730697632,168,5.016489694753545e-07,0.0,161656,-4.634907475181693e-12,0.0,0,56,0,0,0,0,0,0,0,0,0,0,0,0,0,225280,225280,0,0.0,0.017362242564558983,0.022346435114741325,30.99668312072754,0.008295104838907719,0.01064186729490757
seismic,shuffled_xy,177,0.05,0.00028000911697745323,0.0003031239320989698,0.0003108970704488456,0.0003108970704488456,0.00038738749572075903,nan,nan,6.48639967229527,12.065007972385704,10.173084561171867,baseline,2.9607402047747455e-06,0.6376040259197601,2.44662247421235,10.463007186384932,10.173084561171867,baseline,1.4936653087008654e-05,0.24049957068398703,2.1700830075133126e-06,2.1700830075133126e-06,0.13208690285682678,-0.09154113382101059,1.368453558825422e-05,0.00028000911697745323,0.00028000911697745323,0.0003031239320989698,0.0003031239320989698,0.0,nan,0,8.560149130287864e-05,0.0,0.0,0.9999143985086971,0.9999143985086971,0.013156878405436443,0.0,0.0,0.9868431215945634,0.9868431215945634,0,0.0,0,0,0,1.0575106143951416,0.0011473296908661723,-1.045182034431491e-05,96,-0.01762959733605385,0.0,168,4.948077503286186e-07,0.0,161656,-4.160958470139642e-12,0.0,0,0,0,0,0,0,0,0,0,0,0,0,0,0,0,225280,225280,0,0.0,0.017230438068509102,0.022207463160157204,30.994508743286133,0.00824717152863741,0.01053835079073906
seismic,shuffled_xy,178,0.05,0.00028012003167532384,0.0003031239320989698,0.0003108970704488456,0.0003108970704488456,0.00038738749572075903,nan,nan,6.410370056993309,12.024312352423726,10.173084561171867,baseline,1.9625143769349443e-06,0.6301304209569836,2.44662247421235,10.463007186384932,10.173084561171867,baseline,1.4936653087008654e-05,0.24049957068398703,5.800974122394109e-06,5.800973667646758e-06,0.1256464421749115,-0.10960599035024643,4.380114478408359e-05,0.00028012003167532384,0.00028012003167532384,0.0003031239320989698,0.0003031239320989698,0.0,nan,0,1.079675518513218e-05,0.0,0.0,0.999989203244815,0.999989203244815,0.01506063307195228,0.0,0.0,0.9849393669280478,0.9849393669280478,0,0.0,0,0,0,1.0575114488601685,0.0011648231884464622,-5.115075509820599e-06,96,-0.008628202602267265,0.0,168,4.460476077383646e-07,0.0,161656,-3.7522289962621524e-12,0.0,0,0,0,0,0,0,0,0,0,0,0,0,0,0,0,225280,225280,0,0.0,0.016901694238185883,0.022154944017529488,30.993757247924805,0.008230906911194324,0.010502804070711136
seismic,shuffled_xy,179,0.05,0.0002799685171339661,0.0003031239320989698,0.0003108970704488456,0.0003108970704488456,0.00038738749572075903,nan,nan,6.475955922668302,12.059414391588758,10.173084561171867,baseline,8.654468205277343e-07,0.6365774199282122,2.44662247421235,10.463007186384932,10.173084561171867,baseline,1.4936653087008654e-05,0.24049957068398703,6.977738394198241e-06,6.977738848945592e-06,0.14456047117710114,-0.11095314472913742,5.3342773753684014e-05,0.0002799685171339661,0.0002799685171339661,0.0003031239320989698,0.0003031239320989698,0.0,0.0,0,6.407352535062574e-06,0.0,0.0,0.9999935926474648,0.9999935926474648,0.011170368691398425,0.0,0.0,0.9888296313086016,0.9888296313086016,0,0.0,0,0,0,1.0575103759765625,0.0011867713183164597,5.593710739049129e-07,152,0.0005958812544122338,0.0,112,-3.00531155517092e-10,0.0,161656,-3.3729822320610614e-12,0.0,0,0,0,0,0,0,0,0,0,0,0,0,0,0,0,225280,225280,0,0.0,0.01705518551170826,0.022196462377905846,30.994470596313477,0.008243161253631115,0.010533465072512627
seismic,shuffled_xy,180,0.05,0.0002797484921757132,0.0003031239320989698,0.0003108970704488456,0.0003108970704488456,0.00038738749572075903,nan,nan,6.653599593757304,12.155743743188397,10.173084561171867,baseline,-3.329121888118139e-07,0.6540395446187065,2.44662247421235,10.463007186384932,10.173084561171867,baseline,1.4936653087008654e-05,0.24049957068398703,5.665911430696724e-06,5.665910975949373e-06,0.1675896793603897,-0.11136677861213684,4.3489162635523826e-05,0.0002797484921757132,0.0002797484921757132,0.0003031239320989698,0.0003031239320989698,0.0,0.0,0,8.692684185944484e-06,0.0,0.0,0.9999913073158141,0.9999913073158141,0.007645702264257159,0.0,0.0,0.9923542977357428,0.9923542977357428,0,0.0,0,0,0,1.0575073957443237,0.0012126549845561385,4.440499651536811e-06,208,0.0034567606635391712,0.0,56,-1.019536455260095e-09,0.0,161656,-3.033015678888251e-12,0.0,0,0,0,0,0,0,0,0,0,0,0,0,0,0,0,225280,225280,0,0.0,0.01704377681016922,0.02230500988662243,30.996294021606445,0.008280590176582336,0.010617605410516262
seismic,shuffled_xy,181,0.05,0.00027972328825853765,0.0003031239320989698,0.0003108970704488456,0.0003108970704488456,0.00038738749572075903,nan,nan,6.878978301851599,12.28056716947789,10.173084561171867,baseline,-1.6331653874766773e-06,0.6761939567559365,2.44662247421235,10.463007186384932,10.173084561171867,baseline,1.4936653087008654e-05,0.24049957068398703,2.37257177104766e-06,2.37257177104766e-06,0.17015287280082703,-0.10932108759880066,1.7883648979477584e-05,0.00027972328825853765,0.00027972328825853765,0.0003031239320989698,0.0003031239320989698,0.0,0.0,0,5.2197149593600645e-05,0.0,0.0,0.9999478028504063,0.9999478028504063,0.006386637046973489,0.0,0.0,0.9936133629530264,0.9936133629530264,0,0.0,0,0,0,1.057503342628479,0.0012390873162075877,5.2958498599764425e-06,208,0.004122617654502392,0.0,56,-9.559641966916388e-10,0.0,161656,-2.7423902992235183e-12,0.0,0,0,0,0,0,0,0,0,0,0,0,0,0,0,0,225280,225280,0,0.0,0.016272781416773796,0.02243104577064514,30.998523712158203,0.00833339337259531,0.010726634413003922
seismic,shuffled_xy,182,0.05,0.00027986965142190456,0.0003031239320989698,0.0003108970704488456,0.0003108970704488456,0.00038738749572075903,nan,nan,7.055025437480544,12.380050940846079,10.173084561171867,baseline,-3.0335089644827556e-06,0.6934991442359898,2.44662247421235,10.463007186384932,10.173084561171867,baseline,1.4936653087008654e-05,0.24049957068398703,1.9810172489087563e-06,1.9810172489087563e-06,0.14372213184833527,0.1083926409482956,-1.4811638720857445e-05,0.00027986965142190456,0.00027986965142190456,0.0003031239320989698,0.0003031239320989698,0.0,nan,0,9.068043010451803e-05,0.0,0.0,0.9999093195698958,0.9999093195698958,0.007364482983468575,0.0,0.0,0.9926355170165312,0.9926355170165312,0,0.0,0,0,0,1.0574992895126343,0.001261876430362463,3.1599995509168366e-06,208,0.0024599405005574226,0.0,56,-8.976357990242434e-10,0.0,161656,-2.4598305163603396e-12,0.0,0,0,0,0,0,0,0,0,0,0,0,0,0,0,0,225280,225280,0,0.0,0.015726756304502487,0.02252110093832016,31.000226974487305,0.008378246799111366,0.01081352960318327
seismic,shuffled_xy,183,0.05,0.00027992267860099673,0.0003031239320989698,0.0003108970704488456,0.0003108970704488456,0.00038738749572075903,nan,nan,7.099235801598841,12.40531076693468,10.173084561171867,baseline,-4.52581814058654e-06,0.697844961256447,2.44662247421235,10.463007186384932,10.173084561171867,baseline,1.4936653087008654e-05,0.24049957068398703,5.1741162678808905e-06,5.1741162678808905e-06,0.10302216559648514,0.11318762600421906,-4.041051579406485e-05,0.00027992267860099673,0.00027992267860099673,0.0003031239320989698,0.0003031239320989698,0.0,nan,0,1.6064275979722477e-05,0.0,0.0,0.9999839357240202,0.9999839357240202,0.01184361156041781,0.0,0.0,0.9881563884395822,0.9881563884395822,0,0.0,0,0,0,1.057496190071106,0.0012781433761119843,-6.801532776989916e-07,208,-0.0005294712027534842,0.0,56,-8.44039560465859e-10,0.0,161656,-2.219917392271009e-12,0.0,0,0,0,0,0,0,0,0,0,0,0,0,0,0,0,225280,225280,0,0.0,0.015606538392603397,0.022540824487805367,31.000694274902344,0.008389608934521675,0.010835593566298485
seismic,shuffled_xy,184,0.05,0.0002797945053316653,0.0003031239320989698,0.0003108970704488456,0.0003108970704488456,0.00038738749572075903,nan,nan,7.000812710781394,12.349262739591596,10.173084561171867,baseline,-6.097647877234838e-06,0.6881701089192683,2.44662247421235,10.463007186384932,10.173084561171867,baseline,1.4936653087008654e-05,0.24049957068398703,5.986631549603771e-06,5.986631549603771e-06,0.08214922249317169,0.1140364482998848,-4.711536894319579e-05,0.0002797945053316653,0.0002797945053316653,0.0003031239320989698,0.0003031239320989698,0.0,0.0,0,1.3207859523802644e-05,0.0,0.0,0.9999867921404758,0.9999867921404758,0.01650154765990505,0.0,0.0,0.9834984523400947,0.9834984523400947,0,0.0,0,0,0,1.0574947595596313,0.001287174178287387,-4.499348960962379e-06,208,-0.0035025684628635645,0.0,56,-7.947953961640053e-10,0.0,161656,-2.0033143980496826e-12,0.0,0,0,0,0,0,0,0,0,0,0,0,0,0,0,0,225280,225280,0,0.0,0.01592724770307541,0.022488102316856384,30.999853134155273,0.008362849242985249,0.010786636732518673
seismic,shuffled_xy,185,0.05,0.0002796711341943592,0.0003031239320989698,0.0003108970704488456,0.0003108970704488456,0.00038738749572075903,nan,nan,6.821705561988949,12.248629154197468,10.173084561171867,baseline,-7.729579341489223e-06,0.6705641263980541,2.44662247421235,10.463007186384932,10.173084561171867,baseline,1.4936653087008654e-05,0.24049957068398703,4.243405328452354e-06,4.243405328452354e-06,0.08601433038711548,0.11476735770702362,-3.3610638638492674e-05,0.0002796711341943592,0.0002796711341943592,0.0003031239320989698,0.0003031239320989698,0.0,0.0,0,2.5640806956450593e-05,0.0,0.0,0.9999743591930434,0.9999743591930434,0.014759276127604021,0.0,0.0,0.9852407238723959,0.9852407238723959,0,0.0,0,0,0,1.0574952363967896,0.0012897964334115386,-6.865675914013991e-06,208,-0.005344663746654987,0.0,56,-7.496297471654145e-10,0.0,161656,-1.7998789307929752e-12,0.0,0,0,0,0,0,0,0,0,0,0,0,0,0,0,0,225280,225280,0,0.0,0.016534408554434776,0.0223897285759449,30.998247146606445,0.008316985331475735,0.01069873757660389
seismic,shuffled_xy,186,0.05,0.0002796896733343601,0.0003031239320989698,0.0003108970704488456,0.0003108970704488456,0.00038738749572075903,nan,nan,6.64800484686102,12.152759475930454,10.173084561171867,baseline,-9.396638211980783e-06,0.6534895887475002,2.44662247421235,10.463007186384932,10.173084561171867,baseline,1.4936653087008654e-05,0.24049957068398703,1.0872935263250838e-06,1.0872935263250838e-06,0.08522094041109085,0.11692652106285095,-8.773328772804234e-06,0.0002796896733343601,0.0002796896733343601,0.0003031239320989698,0.0003031239320989698,0.0,nan,0,0.00033524998462950236,0.0,0.0,0.9996647500153706,0.9996647500153706,0.015820254089388003,0.0,0.0,0.9841797459106121,0.9841797459106121,0,0.0,0,0,0,1.0574971437454224,0.001287664519622922,-7.051828106341418e-06,208,-0.005489576607942581,0.0,56,-7.080914188328791e-10,0.0,161656,-1.6176718168128823e-12,0.0,0,0,0,0,0,0,0,0,0,0,0,0,0,0,0,225280,225280,0,0.0,0.017188597470521927,0.022287938743829727,30.996671676635742,0.008275526575744152,0.010614999569952488
seismic,shuffled_xy,187,0.05,0.0002797671768348664,0.0003031239320989698,0.0003108970704488456,0.0003108970704488456,0.00038738749572075903,nan,nan,6.54229665008487,12.095271219245552,10.173084561171867,baseline,-1.106814248291006e-05,0.6430986206569297,2.44662247421235,10.463007186384932,10.173084561171867,baseline,1.4936653087008654e-05,0.24049957068398703,1.9725289348571096e-06,1.9725289348571096e-06,0.0780123844742775,-0.11031191051006317,1.501415408711182e-05,0.0002797671768348664,0.0002797671768348664,0.0003031239320989698,0.0003031239320989698,0.0,nan,0,7.626248252589288e-05,0.0,0.0,0.9999237375174739,0.9999237375174739,0.020100747109697985,0.0,0.0,0.9798992528903023,0.9798992528903023,0,0.0,0,0,0,1.0574995279312134,0.00128329882863909,-5.292486548569286e-06,208,-0.0041199964471161366,0.0,56,-6.695053955674268e-10,0.0,161656,-1.4697896762519425e-12,0.0,0,0,0,0,0,0,0,0,0,0,0,0,0,0,0,225280,225280,0,0.0,0.017651043832302094,0.022221729159355164,30.995769500732422,0.008251501247286797,0.01056478451937437
seismic,shuffled_xy,188,0.05,0.0002797675842884928,0.0003031221858691424,0.0003108970704488456,0.0003108970704488456,0.00038738749572075903,nan,nan,6.528908058800677,12.088048685633765,10.173084561171867,baseline,-1.2711640211471292e-05,0.6417825408076545,2.3715488999431678,10.446321717577415,10.173084561171867,baseline,-4.7075071286546455e-05,0.2331199389260541,3.732315690285759e-06,3.732315690285759e-06,0.08595376461744308,-0.1126658022403717,2.9013524908805266e-05,0.0002797675842884928,0.0002797675842884928,0.0003031221858691424,0.0003031221858691424,0.0,nan,56,1.3622826246397934e-05,0.0,0.0,0.9999863771737538,0.9999863771737538,0.01705957869494784,0.0,0.0,0.9829404213050522,0.9829404213050522,56,0.00034584981040097773,0,0,56,1.0575017929077148,0.0012795737711712718,-2.6073157641803846e-06,208,-0.0020296939183026552,0.26923078298568726,56,-6.340599711940342e-10,0.0,161656,-1.3225540454464557e-12,0.0,0,56,0,0,0,0,0,0,0,0,0,0,0,0,0,225280,225280,0,0.0,0.01782766543328762,0.022211264818906784,30.995817184448242,0.008247877471148968,0.0105584766715765
seismic,shuffled_xy,189,0.05,0.00027968292124569416,0.0003031221858691424,0.0003108970704488456,0.0003108970704488456,0.00038738749572075903,nan,nan,6.6013061309362895,12.127318376779836,10.173084561171867,baseline,-1.4295301631029098e-05,0.6488991701228892,2.3715488999431678,10.446321717577415,10.173084561171867,baseline,-4.7075071286546455e-05,0.2331199389260541,3.861616278300062e-06,3.861616278300062e-06,0.10879199951887131,-0.11359616369009018,3.0267852707765996e-05,0.00027968292124569416,0.00027968292124569416,0.0003031221858691424,0.0003031221858691424,0.0,0.0,0,6.670359453662985e-06,0.0,0.0,0.9999933296405463,0.9999933296405463,0.010378738427521681,0.0,0.0,0.9896212615724781,0.9896212615724781,0,0.0,0,0,0,1.0575073957443237,0.0012783161364495754,-2.4420870659014327e-07,208,-0.00019010601681657135,0.0,56,-6.013003428506636e-10,0.0,161656,-1.1929275926456095e-12,0.0,0,0,0,0,0,0,0,0,0,0,0,0,0,0,0,225280,225280,0,0.0,0.01779293827712536,0.022253023460507393,30.996749877929688,0.008262939751148224,0.010592777281999588
seismic,shuffled_xy,190,0.05,0.00027961796149611473,0.0003031221858691424,0.0003108970704488456,0.0003108970704488456,0.00038738749572075903,nan,nan,6.7281555267284086,12.196843627756973,10.173084561171867,baseline,-1.57896766191536e-05,0.6613682884825952,2.3715488999431678,10.446321717577415,10.173084561171867,baseline,-4.7075071286546455e-05,0.2331199389260541,2.506308192096185e-06,2.506308192096185e-06,0.12507116794586182,-0.11468648165464401,1.983618494705297e-05,0.00027961796149611473,0.00027961796149611473,0.0003031221858691424,0.0003031221858691424,0.0,0.0,0,6.234296663478436e-06,0.0,0.0,0.9999937657033363,0.9999937657033363,0.007180792640876729,0.0,0.0,0.992819207359123,0.992819207359123,0,0.0,0,0,0,1.0575122833251953,0.001279449206776917,8.608685675426386e-07,208,0.0006701541133224964,0.0,56,-5.710170114525681e-10,0.0,161656,-1.07585208103389e-12,0.0,0,0,0,0,0,0,0,0,0,0,0,0,0,0,0,225280,225280,0,0.0,0.01754368655383587,0.022324135527014732,30.998218536376953,0.008291392587125301,0.01065350417047739
seismic,shuffled_xy,191,0.05,0.0002796401095110923,0.0003031221858691424,0.0003108970704488456,0.0003108970704488456,0.00038738749572075903,nan,nan,6.857233609095664,12.268531146863674,10.173084561171867,baseline,-1.7171641949581145e-05,0.6740564836198174,2.3715488999431678,10.446321717577415,10.173084561171867,baseline,-4.7075071286546455e-05,0.2331199389260541,2.762017459190247e-07,2.762017459190247e-07,0.12103990465402603,-0.10006295889616013,1.907657406263752e-06,0.0002796401095110923,0.0002796401095110923,0.0003031221858691424,0.0003031221858691424,0.0,nan,0,0.0001296740801260653,0.0,0.0,0.999870325919874,0.999870325919874,0.00657120031220446,0.0,0.0,0.9934287996877956,0.9934287996877956,0,0.0,0,0,0,1.0575164556503296,0.0012813231442123652,4.3948122652182064e-07,208,0.0003421201545279473,0.0,56,-5.430038640952262e-10,0.0,161656,-9.661682261533078e-13,0.0,0,0,0,0,0,0,0,0,0,0,0,0,0,0,0,225280,225280,0,0.0,0.017290448769927025,0.022392133250832558,30.99968147277832,0.008322270587086678,0.010716120712459087
seismic,shuffled_xy,192,0.05,0.0002796896733343601,0.0003031221858691424,0.0003108970704488456,0.0003108970704488456,0.00038738749572075903,nan,nan,6.931144421935006,12.310005109649513,10.173084561171867,baseline,-1.842328894071922e-05,0.6813218132340579,2.3715488999431678,10.446321717577415,10.173084561171867,baseline,-4.7075071286546455e-05,0.2331199389260541,2.1119426492077764e-06,2.1119426492077764e-06,0.0960688441991806,0.11183663457632065,-1.630629412829876e-05,0.0002796896733343601,0.0002796896733343601,0.0003031221858691424,0.0003031221858691424,0.0,nan,0,1.0169116758167584e-06,0.0,0.0,0.9999989830883241,0.9999989830883241,0.008394978407747385,0.0,0.0,0.9916050215922527,0.9916050215922527,0,0.0,0,0,0,1.0575200319290161,0.0012817452661693096,-1.0532485248404555e-06,208,-0.0008199126459658146,0.0,56,-5.174847217404022e-10,0.0,161656,-8.777144592728159e-13,0.0,0,0,0,0,0,0,0,0,0,0,0,0,0,0,0,225280,225280,0,0.0,0.017191870138049126,0.022428063675761223,31.000574111938477,0.0083406250923872,0.01075234729796648
seismic,shuffled_xy,193,0.05,0.00027967666392214596,0.0003031221858691424,0.0003108970704488456,0.0003108970704488456,0.00038738749572075903,nan,nan,6.917874746179269,12.302547852211486,10.173084561171867,baseline,-1.953376622703987e-05,0.6800174226142719,2.3715488999431678,10.446321717577415,10.173084561171867,baseline,-4.7075071286546455e-05,0.2331199389260541,3.4350061923760222e-06,3.4350061923760222e-06,0.06506341695785522,0.11304357647895813,-2.6811652787728235e-05,0.00027967666392214596,0.00027967666392214596,0.0003031221858691424,0.0003031221858691424,0.0,0.0,0,1.1535898396261608e-06,0.0,0.0,0.9999988464101603,0.9999988464101603,0.013868823775777818,0.0,0.0,0.9861311762242219,0.9861311762242219,0,0.0,0,0,0,1.0575239658355713,0.001279102056287229,-2.8217980343470117e-06,208,-0.0021966604981571436,0.0,56,-4.937739106480876e-10,0.0,161656,-7.905954536868709e-13,0.0,0,0,0,0,0,0,0,0,0,0,0,0,0,0,0,225280,225280,0,0.0,0.017325161024928093,0.022418495267629623,31.000608444213867,0.008336793631315231,0.01074583362787962
seismic,shuffled_xy,194,0.05,0.00027961633168160915,0.0003031221858691424,0.0003108970704488456,0.0003108970704488456,0.00038738749572075903,nan,nan,6.830034954562676,12.253377886029241,10.173084561171867,baseline,-2.0497540381459598e-05,0.6713828937830791,2.3715488999431678,10.446321717577415,10.173084561171867,baseline,-4.7075071286546455e-05,0.2331199389260541,3.2578211630607257e-06,3.2578211630607257e-06,0.05090208351612091,0.11258354038000107,-2.5326349714305252e-05,0.00027961633168160915,0.00027961633168160915,0.0003031221858691424,0.0003031221858691424,0.0,0.0,0,2.7439133385659637e-06,0.0,0.0,0.9999972560866615,0.9999972560866615,0.016224734354396534,0.0,0.0,0.9837752656456036,0.9837752656456036,0,0.0,0,0,0,1.057528018951416,0.0012730775633826852,-4.188180355413351e-06,208,-0.0032603370491415262,0.0,56,-4.718891943866765e-10,0.0,161656,-7.101494414220311e-13,0.0,0,0,0,0,0,0,0,0,0,0,0,0,0,0,0,225280,225280,0,0.0,0.017654793336987495,0.02236994169652462,30.999897003173828,0.008314109407365322,0.010702884756028652
seismic,shuffled_xy,195,0.05,0.00027958807186223567,0.0003031221858691424,0.0003108970704488456,0.0003108970704488456,0.00038738749572075903,nan,nan,6.713516977031651,12.188821571894614,10.173084561171867,baseline,-2.1313902424429892e-05,0.6599293393425627,2.3715488999431678,10.446321717577415,10.173084561171867,baseline,-4.7075071286546455e-05,0.2331199389260541,1.8227110558655113e-06,1.8227110558655113e-06,0.05020086094737053,0.10897734016180038,-1.3715443856199272e-05,0.00027958807186223567,0.00027958807186223567,0.0003031221858691424,0.0003031221858691424,0.0,0.0,0,1.375342910293914e-05,0.0,0.0,0.9999862465708971,0.9999862465708971,0.0113742877867109,0.0,0.0,0.9886257122132893,0.9886257122132893,0,0.0,0,0,0,1.0575320720672607,0.001264713704586029,-4.7431758503080346e-06,208,-0.003692379454150796,0.0,56,-4.514895401985797e-10,0.0,161656,-6.392651707466668e-13,0.0,0,0,0,0,0,0,0,0,0,0,0,0,0,0,0,225280,225280,0,0.0,0.01805770955979824,0.022304264828562737,30.998865127563477,0.008285288698971272,0.010646497830748558
seismic,shuffled_xy,196,0.05,0.0002796095795929432,0.0003031221858691424,0.0003108970704488456,0.0003108970704488456,0.00038738749572075903,nan,nan,6.618875475653894,12.136956496491987,10.173084561171867,baseline,-2.1987024052268513e-05,0.6506262119492336,2.3715488999431678,10.446321717577415,10.173084561171867,baseline,-4.7075071286546455e-05,0.2331199389260541,2.5842086870397907e-07,2.5842086870397907e-07,0.045494839549064636,-0.09446883201599121,1.685558345343452e-06,0.0002796095795929432,0.0002796095795929432,0.0003031221858691424,0.0003031221858691424,0.0,nan,0,0.0009015239106266751,0.0,0.0,0.9990984760893734,0.9990984760893734,0.009182445307309522,0.0,0.0,0.9908175546926905,0.9908175546926905,0,0.0,0,0,0,1.0575357675552368,0.0012561207404360175,-4.402712875162251e-06,208,-0.003427342278882861,0.0,56,-4.3272765926083423e-10,0.0,161656,-5.816285495764684e-13,0.0,0,0,0,0,0,0,0,0,0,0,0,0,0,0,0,225280,225280,0,0.0,0.018383368849754333,0.022248411551117897,30.99801254272461,0.008262733928859234,0.010601195506751537
seismic,shuffled_xy,197,0.05,0.00027962654712609947,0.0003031221858691424,0.0003108970704488456,0.0003108970704488456,0.00038738749572075903,nan,nan,6.578603267845688,12.11504568926878,10.173084561171867,baseline,-2.2521665417797245e-05,0.646667510163521,2.3715488999431678,10.446321717577415,10.173084561171867,baseline,-4.7075071286546455e-05,0.2331199389260541,1.65445351285598e-06,1.6544536265428178e-06,0.04749653860926628,-0.12208839505910873,1.3945737009635195e-05,0.00027962654712609947,0.00027962654712609947,0.0003031221858691424,0.0003031221858691424,0.0,nan,0,2.5953200131140976e-05,0.0,0.0,0.9999740467998688,0.9999740467998688,0.005717453479822765,0.0,0.0,0.9942825465201773,0.9942825465201773,0,0.0,0,0,0,1.0575388669967651,0.0012499475851655006,-3.455538035268546e-06,208,-0.0026900030206888914,0.0,56,-4.153548893714998e-10,0.0,161656,-5.235263177832961e-13,0.0,0,0,0,0,0,0,0,0,0,0,0,0,0,0,0,225280,225280,0,0.0,0.0185201745480299,0.022222673520445824,30.997684478759766,0.008253013715147972,0.010582057759165764
seismic,shuffled_xy,198,0.05,0.00027960233273915946,0.0003031221858691424,0.0003108970704488456,0.0003108970704488456,0.00038738749572075903,nan,nan,6.600552143494388,12.12698163153881,10.173084561171867,baseline,-2.2926506444450437e-05,0.6488250539631171,2.3715488999431678,10.446321717577415,10.173084561171867,baseline,-4.7075071286546455e-05,0.2331199389260541,2.2487406567961443e-06,2.2487406567961443e-06,0.06754843890666962,-0.12068355828523636,1.873777000582777e-05,0.00027960233273915946,0.00027960233273915946,0.0003031221858691424,0.0003031221858691424,0.0,0.0,0,1.5326193097664146e-05,0.0,0.0,0.9999846738069021,0.9999846738069021,0.002148242386802371,0.0,0.0,0.9978517576131973,0.9978517576131973,0,0.0,0,0,0,1.0575408935546875,0.0012483577011153102,-2.44545230998483e-06,208,-0.0019036901649087667,0.0,56,-3.9892358860704746e-10,0.0,161656,-4.741038291122823e-13,0.0,0,0,0,0,0,0,0,0,0,0,0,0,0,0,0,225280,225280,0,0.0,0.01843651570379734,0.022232942283153534,30.99797821044922,0.008257247507572174,0.01059248298406601
seismic,shuffled_xy,199,0.05,0.00027956385747529566,0.0003031221858691424,0.0003108970704488456,0.0003108970704488456,0.00038738749572075903,nan,nan,6.670398898748148,12.165141795494026,10.173084561171867,baseline,-2.3209347446934848e-05,0.6556908924190626,2.3715488999431678,10.446321717577415,10.173084561171867,baseline,-4.7075071286546455e-05,0.2331199389260541,1.808944602998963e-06,1.808944602998963e-06,0.0882670134305954,-0.1210801750421524,1.5124665878829546e-05,0.00027956385747529566,0.00027956385747529566,0.0003031221858691424,0.0003031221858691424,0.0,0.0,0,2.429189594210692e-05,0.0,0.0,0.9999757081040579,0.9999757081040579,0.0011506610329837118,0.0,0.0,0.9988493389670161,0.9988493389670161,0,0.0,0,0,0,1.0575419664382935,0.0012519805459305644,-1.8906606555901817e-06,208,-0.0014718060847371817,0.0,56,-3.842118012631346e-10,0.0,161656,-4.314957679357745e-13,0.0,0,0,0,0,0,0,0,0,0,0,0,0,0,0,0,225280,225280,0,0.0,0.01818292774260044,0.022269854322075844,30.998748779296875,0.008272611536085606,0.010625814087688923
seismic,shuffled_xy,200,0.05,0.0002795551554299891,0.0003031221858691424,0.0003108970704488456,0.0003108970704488456,0.00038738749572075903,nan,nan,6.755969494723944,12.212273034082157,10.173084561171867,baseline,-2.3380420547147307e-05,0.6641023624558182,2.3715488999431678,10.446321717577415,10.173084561171867,baseline,-4.7075071286546455e-05,0.2331199389260541,6.281490527726419e-07,6.281490527726419e-07,0.09452327340841293,-0.11684824526309967,5.0694334277068265e-06,0.0002795551554299891,0.0002795551554299891,0.0003031221858691424,0.0003031221858691424,0.0,0.0,0,0.0001961559350298935,0.0,0.0,0.99980384406497,0.99980384406497,0.0010693735489782608,0.0,0.0,0.9989306264510216,0.9989306264510216,0,0.0,0,0,0,1.057542324066162,0.0012596383458003402,-1.9935503132728627e-06,208,-0.0015519018052145839,0.0,56,-3.6991212870596257e-10,0.0,161656,-3.8433207896586274e-13,0.0,0,0,0,0,0,0,0,0,0,0,0,0,0,0,0,225280,225280,0,0.0,0.01787070371210575,0.022313645109534264,30.999662399291992,0.008292397484183311,0.010666982270777225
