level,control,step,temperature,soft_loss,hard_loss,soft_baseline_loss,hard_baseline_loss,truth_loss,soft_attainment,hard_attainment,soft_distance_to_baseline,soft_distance_to_truth,soft_distance_baseline_to_truth,soft_closer_to,soft_truth_direction_fraction,soft_orthogonal_response_fraction,hard_distance_to_baseline,hard_distance_to_truth,hard_distance_baseline_to_truth,hard_closer_to,hard_truth_direction_fraction,hard_orthogonal_response_fraction,raw_gradient_norm,gradient_norm_before_clip,actual_update_norm,cosine_negative_gradient_oracle_state_direction,directional_derivative_along_oracle,pre_projection_soft_loss,post_projection_soft_loss,pre_projection_hard_loss,post_projection_hard_loss,condition_projection_change_norm,projection_erasure_fraction,hard_label_flip_count,gradient_hidden_energy_fraction,gradient_fixed_drilled_energy_fraction,gradient_condition_energy_fraction,gradient_unconstrained_background_energy_fraction,gradient_outside_all_target_rois_energy_fraction,applied_update_hidden_energy_fraction,applied_update_fixed_drilled_energy_fraction,applied_update_condition_energy_fraction,applied_update_unconstrained_background_energy_fraction,applied_update_outside_all_target_rois_energy_fraction,hard_crossing_count,hard_crossing_rate,crossing_into_target,crossing_out_of_target,crossing_into_wrong_class,similarity_margin_mean,entropy_mean,target_probability_change_mean,margin_near_voxel_count,margin_near_target_probability_change_mean,margin_near_crossing_rate,margin_medium_voxel_count,margin_medium_target_probability_change_mean,margin_medium_crossing_rate,margin_high_voxel_count,margin_high_target_probability_change_mean,margin_high_crossing_rate,hard_flip_into_raw_label_-1,hard_flip_into_raw_label_0,hard_flip_into_raw_label_1,hard_flip_into_raw_label_2,hard_flip_into_raw_label_3,hard_flip_into_raw_label_4,hard_flip_into_raw_label_5,hard_flip_into_raw_label_6,hard_flip_into_raw_label_7,hard_flip_into_raw_label_8,hard_flip_into_raw_label_9,hard_flip_into_raw_label_10,hard_flip_into_raw_label_11,hard_flip_into_raw_label_12,hard_flip_into_raw_label_13
expected_property,correct,1,0.5,5105638178816.0,478515625984.0,5271670751232.0,478515625984.0,0.0,0.03149524700062079,0.0,31574348.36656364,1636100436.094924,1662490169.2154112,baseline,0.015927983539058957,0.010344228344734849,0.0,500879226.9599529,500879226.9599529,baseline,0.0,0.0,7574262784.0,7574263296.0,30.111181259155273,0.11095814406871796,-44015046656.0,5105638178816.0,5105638178816.0,478515625984.0,478515625984.0,0.0,0.0,0,0.07213621238812971,0.0,0.0,0.9278637876118704,0.9278637876118704,0.007922675730582569,0.0,0.0,0.9920773242694174,0.9920773242694174,0,0.0,0,0,0,1.0714287757873535,2.303640365600586,-0.001944608404301107,0,nan,nan,0,nan,nan,161920,-0.001944608404301107,0.0,0,0,0,0,0,0,0,0,0,0,0,0,0,0,0
expected_property,correct,2,0.5,4971330273280.0,478515625984.0,5271670751232.0,478515625984.0,0.0,0.05697254098841621,0.0,57447479.668285534,1614437675.990088,1662490169.2154112,baseline,0.02908323451717436,0.018660626380892328,0.0,500879226.9599529,500879226.9599529,baseline,0.0,0.0,6487777792.0,6487777792.0,28.49628257751465,-0.2336656004190445,90797670400.0,4971330273280.0,4971330273280.0,478515625984.0,478515625984.0,0.0,0.0,0,0.13055577934788418,0.0,0.0,0.8694442206521157,0.8694442206521157,0.008837486558986888,0.0,0.0,0.9911625134410131,0.9911625134410131,0,0.0,0,0,0,1.050639033317566,2.306558609008789,-0.001860962132923305,0,nan,nan,0,nan,nan,161920,-0.001860962132923305,0.0,0,0,0,0,0,0,0,0,0,0,0,0,0,0,0
expected_property,correct,3,0.5,4866511994880.0,478515625984.0,5271670751232.0,478515625984.0,0.0,0.07685585376463687,0.0,77793162.9962716,1597327157.4884179,1662490169.2154112,baseline,0.039522663743055714,0.02505111902444643,0.0,500879226.9599529,500879226.9599529,baseline,0.0,0.0,5667674624.0,5667674624.0,27.80640983581543,-0.37957262992858887,164251287552.0,4866511994880.0,4866511994880.0,478515625984.0,478515625984.0,0.0,0.0,0,0.2227566676754073,0.0,0.0,0.7772433323245928,0.7772433323245928,0.009279655009381202,0.0,0.0,0.9907203449906188,0.9907203449906188,0,0.0,0,0,0,1.025599479675293,2.3140499591827393,-0.001631713006645441,0,nan,nan,0,nan,nan,161920,-0.001631713006645441,0.0,0,0,0,0,0,0,0,0,0,0,0,0,0,0,0
expected_property,correct,4,0.5,4786247172096.0,478515625984.0,5271670751232.0,478515625984.0,0.0,0.09208154341250457,0.0,93444265.24373467,1584099721.4850445,1662490169.2154112,baseline,0.04762038853453808,0.029859193652621793,0.0,500879226.9599529,500879226.9599529,baseline,0.0,0.0,5066679296.0,5066679296.0,26.049999237060547,-0.3734518587589264,183941152768.0,4786247172096.0,4786247172096.0,478515625984.0,478515625984.0,0.0,0.0,0,0.3474849170766671,0.0,0.0,0.6525150829233328,0.6525150829233328,0.010642657968981119,0.0,0.0,0.9893573420310189,0.9893573420310189,0,0.0,0,0,0,0.9947932362556458,2.3258275985717773,-0.0014001107774674892,0,nan,nan,0,nan,nan,161920,-0.0014001107774674892,0.0,0,0,0,0,0,0,0,0,0,0,0,0,0,0,0
expected_property,correct,5,0.5,4724797997056.0,478515625984.0,5271670751232.0,478515625984.0,0.0,0.10373803296577176,0.0,105506152.8986832,1573897984.3481727,1662490169.2154112,baseline,0.05388275533253344,0.03352858292628573,0.0,500879226.9599529,500879226.9599529,baseline,0.0,0.0,4667372032.0,4667371520.0,24.382366180419922,-0.2989608347415924,165858836480.0,4724797997056.0,4724797997056.0,478515625984.0,478515625984.0,0.0,0.0,0,0.48734468011617343,0.0,0.0,0.5126553198838264,0.5126553198838264,0.012334059332659469,0.0,0.0,0.9876659406673404,0.9876659406673404,0,0.0,0,0,0,0.9590771794319153,2.3405940532684326,-0.001244872692041099,0,nan,nan,0,nan,nan,161920,-0.001244872692041099,0.0,0,0,0,0,0,0,0,0,0,0,0,0,0,0,0
expected_property,correct,6,0.5,4677803966464.0,478515625984.0,5271670751232.0,478515625984.0,0.0,0.11265248017039231,0.0,114873647.19367519,1566051181.0542939,1662490169.2154112,baseline,0.05871347015498289,0.036430354258906644,0.0,500879226.9599529,500879226.9599529,baseline,0.0,0.0,4409385472.0,4409384960.0,22.59014129638672,-0.20637059211730957,126907359232.0,4677803966464.0,4677803966464.0,478515625984.0,478515625984.0,0.0,0.0,0,0.620122454698283,0.0,0.0,0.37987754530171725,0.37987754530171725,0.01467346430393177,0.0,0.0,0.9853265356960683,0.9853265356960683,0,0.0,0,0,0,0.920494794845581,2.3567440509796143,-0.0011516445083543658,0,nan,nan,0,nan,nan,161920,-0.0011516445083543658,0.0,0,0,0,0,0,0,0,0,0,0,0,0,0,0,0
expected_property,correct,7,0.5,4641896529920.0,478515625984.0,5271670751232.0,478515625984.0,0.0,0.11946387607094401,0.0,122263943.61444227,1560029094.3794982,1662490169.2154112,baseline,0.0624361519261463,0.03886192574163637,0.0,500879226.9599529,500879226.9599529,baseline,0.0,0.0,4231037440.0,4231037696.0,20.918678283691406,-0.11713120341300964,78477787136.0,4641896529920.0,4641896529920.0,478515625984.0,478515625984.0,0.0,0.0,0,0.7303746866945522,0.0,0.0,0.26962531330544776,0.26962531330544776,0.017504636347313206,0.0,0.0,0.9824953636526867,0.9824953636526867,0,0.0,0,0,0,0.8807649612426758,2.3730721473693848,-0.001091405632905662,0,nan,nan,0,nan,nan,161920,-0.001091405632905662,0.0,0,0,0,0,0,0,0,0,0,0,0,0,0,0,0
expected_property,correct,8,0.5,4614940262400.0,478515625984.0,5271670751232.0,478515625984.0,0.0,0.12457729623545263,0.0,128139024.09981808,1555492688.2044783,1662490169.2154112,baseline,0.06525907589278476,0.041012793020640884,0.0,500879226.9599529,500879226.9599529,baseline,0.0,0.0,4082957312.0,4082957312.0,19.471500396728516,-0.039096277207136154,27984375808.0,4614940262400.0,4614940262400.0,478515625984.0,478515625984.0,0.0,0.0,0,0.8136801306939868,0.0,0.0,0.18631986930601319,0.18631986930601319,0.020626698584185962,0.0,0.0,0.9793733014158141,0.9793733014158141,0,0.0,0,0,0,0.8411222100257874,2.3887455463409424,-0.0010338647989556193,0,nan,nan,0,nan,nan,161920,-0.0010338647989556193,0.0,0,0,0,0,0,0,0,0,0,0,0,0,0,0,0
expected_property,correct,9,0.5,4595372785664.0,478515625984.0,5271670751232.0,478515625984.0,0.0,0.12828911316397137,0.0,132823085.14235558,1552191495.1895645,1662490169.2154112,baseline,0.0673361296196718,0.042998907762414385,0.0,500879226.9599529,500879226.9599529,baseline,0.0,0.0,3937325312.0,3937325056.0,18.10944366455078,0.027807334437966347,-20849995776.0,4595372785664.0,4595372785664.0,478515625984.0,478515625984.0,0.0,0.0,0,0.8712097928234711,0.0,0.0,0.1287902071765289,0.1287902071765289,0.024232498080351515,0.0,0.0,0.9757675019196485,0.9757675019196485,0,0.0,0,0,0,0.8022589087486267,2.403343915939331,-0.0009506825008429587,0,nan,nan,0,nan,nan,161920,-0.0009506825008429587,0.0,0,0,0,0,0,0,0,0,0,0,0,0,0,0,0
expected_property,correct,10,0.5,4581525291008.0,478515625984.0,5271670751232.0,478515625984.0,0.0,0.1309158884899463,0.0,136633157.93909,1549851227.7996187,1662490169.2154112,baseline,0.06883515935826374,0.044902492290352314,0.0,500879226.9599529,500879226.9599529,baseline,0.0,0.0,3782554112.0,3782554112.0,16.656282424926758,0.08522717654705048,-65746182144.0,4581525291008.0,4581525291008.0,478515625984.0,478515625984.0,0.0,0.0,0,0.9061969038985533,0.0,0.0,0.09380309610144638,0.09380309610144638,0.028915051161569928,0.0,0.0,0.97108494883843,0.97108494883843,0,0.0,0,0,0,0.7645050287246704,2.416656494140625,-0.0008401540690101683,0,nan,nan,0,nan,nan,161920,-0.0008401540690101683,0.0,0,0,0,0,0,0,0,0,0,0,0,0,0,0,0
expected_property,correct,11,0.5,4571720056832.0,478515625984.0,5271670751232.0,478515625984.0,0.0,0.13277587456242787,0.0,139859340.13055947,1548191829.1861165,1662490169.2154112,baseline,0.06992654494261422,0.046771061972024956,0.0,500879226.9599529,500879226.9599529,baseline,0.0,0.0,3613799936.0,3613799680.0,15.185079574584961,0.13378353416919708,-104410726400.0,4571720056832.0,4571720056832.0,478515625984.0,478515625984.0,0.0,0.0,0,0.9241096325697365,0.0,0.0,0.07589036743026331,0.07589036743026331,0.03482936615601026,0.0,0.0,0.9651706338439896,0.9651706338439896,0,0.0,0,0,0,0.7283101677894592,2.428478956222534,-0.000714078894816339,0,nan,nan,0,nan,nan,161920,-0.000714078894816339,0.0,0,0,0,0,0,0,0,0,0,0,0,0,0,0,0
expected_property,correct,12,0.5,4564659470336.0,478515625984.0,5271670751232.0,478515625984.0,0.0,0.1341152196826348,0.0,142697094.88690007,1546995838.4107482,1662490169.2154112,baseline,0.07074127862410437,0.04861105722415885,0.0,500879226.9599529,500879226.9599529,baseline,0.0,0.0,3430668032.0,3430668032.0,13.830601692199707,0.17370006442070007,-134993616896.0,4564659470336.0,4564659470336.0,478515625984.0,478515625984.0,0.0,0.0,0,0.9311896407732029,0.0,0.0,0.06881035922679711,0.06881035922679711,0.04164205183278363,0.0,0.0,0.9583579481672162,0.9583579481672162,0,0.0,0,0,0,0.6944081783294678,2.4386115074157715,-0.0005865636630915105,0,nan,nan,0,nan,nan,161920,-0.0005865636630915105,0.0,0,0,0,0,0,0,0,0,0,0,0,0,0,0,0
expected_property,correct,13,0.5,4559487369216.0,478515625984.0,5271670751232.0,478515625984.0,0.0,0.13509633200244178,0.0,145251624.29907405,1546119134.8480506,1662490169.2154112,baseline,0.07136491756977181,0.050403874231916175,0.0,500879226.9599529,500879226.9599529,baseline,0.0,0.0,3238124288.0,3238124288.0,12.53503704071045,0.205644428730011,-156930981888.0,4559487369216.0,4559487369216.0,478515625984.0,478515625984.0,0.0,0.0,0,0.9318672320425956,0.0,0.0,0.06813276795740421,0.06813276795740421,0.04976727972510884,0.0,0.0,0.9502327202748911,0.9502327202748911,0,0.0,0,0,0,0.6637219190597534,2.446925401687622,-0.0004699222627095878,0,nan,nan,0,nan,nan,161920,-0.0004699222627095878,0.0,0,0,0,0,0,0,0,0,0,0,0,0,0,0,0
expected_property,correct,14,0.5,4555459264512.0,478515625984.0,5271670751232.0,478515625984.0,0.0,0.13586043600174005,0.0,147610130.83233333,1545436075.9331043,1662490169.2154112,baseline,0.07187189277087615,0.052132924725089846,0.0,500879226.9599529,500879226.9599529,baseline,0.0,0.0,3044786944.0,3044787200.0,11.147473335266113,0.23078475892543793,-171016290304.0,4555459264512.0,4555459264512.0,478515625984.0,478515625984.0,0.0,0.0,0,0.9279505751436199,0.0,0.0,0.07204942485638025,0.07204942485638025,0.061099172651650525,0.0,0.0,0.9389008273483495,0.9389008273483495,0,0.0,0,0,0,0.6371432542800903,2.45340895652771,-0.0003754928184207529,0,nan,nan,0,nan,nan,161920,-0.0003754928184207529,0.0,0,0,0,0,0,0,0,0,0,0,0,0,0,0,0
expected_property,correct,15,0.5,4551838531584.0,478515625984.0,5271670751232.0,478515625984.0,0.0,0.1365472643525345,0.0,149865144.71077895,1544821782.4538455,1662490169.2154112,baseline,0.07233666369258474,0.05379149267945538,0.0,500879226.9599529,500879226.9599529,baseline,0.0,0.0,2858126080.0,2858126080.0,9.754964828491211,0.2504955232143402,-178748096512.0,4551838531584.0,4551838531584.0,478515625984.0,478515625984.0,0.0,0.0,0,0.9204091995736221,0.0,0.0,0.07959080042637773,0.07959080042637773,0.07657917650284703,0.0,0.0,0.9234208234971529,0.9234208234971529,0,0.0,0,0,0,0.6153485178947449,2.4581527709960938,-0.00030744075775146484,0,nan,nan,0,nan,nan,161920,-0.00030744075775146484,0.0,0,0,0,0,0,0,0,0,0,0,0,0,0,0,0
expected_property,correct,16,0.5,4548146495488.0,478515625984.0,5271670751232.0,478515625984.0,0.0,0.13724761842816358,0.0,152072441.43425435,1544195152.5869753,1662490169.2154112,baseline,0.07280740449463113,0.055374490134416234,0.0,500879226.9599529,500879226.9599529,baseline,0.0,0.0,2681957376.0,2681957632.0,8.735750198364258,0.26605895161628723,-181630009344.0,4548146495488.0,4548146495488.0,478515625984.0,478515625984.0,0.0,0.0,0,0.9108551545847237,0.0,0.0,0.08914484541527667,0.08914484541527667,0.09060146265190466,0.0,0.0,0.9093985373480953,0.9093985373480953,0,0.0,0,0,0,0.5986818075180054,2.4613075256347656,-0.00025071456911973655,0,nan,nan,0,nan,nan,161920,-0.00025071456911973655,0.0,0,0,0,0,0,0,0,0,0,0,0,0,0,0,0
expected_property,correct,17,0.5,4544277250048.0,478515625984.0,5271670751232.0,478515625984.0,0.0,0.13798158790816112,0.0,154234150.16690537,1543538175.8042016,1662490169.2154112,baseline,0.07329416965971654,0.05687520205551873,0.0,500879226.9599529,500879226.9599529,baseline,0.0,0.0,2518053888.0,2518053888.0,8.199767112731934,0.2782420814037323,-180792033280.0,4544277250048.0,4544277250048.0,478515625984.0,478515625984.0,0.0,0.0,0,0.9008419191105536,0.0,0.0,0.09915808088944658,0.09915808088944658,0.09654583922572202,0.0,0.0,0.9034541607742781,0.9034541607742781,0,0.0,0,0,0,0.5870526432991028,2.4630558490753174,-0.00018343380361329764,0,nan,nan,0,nan,nan,161920,-0.00018343380361329764,0.0,0,0,0,0,0,0,0,0,0,0,0,0,0,0,0
expected_property,correct,18,0.5,4540233416704.0,478515625984.0,5271670751232.0,478515625984.0,0.0,0.13874867552323172,0.0,156344459.10823652,1542851237.579014,1662490169.2154112,baseline,0.07379628663775543,0.0582929587589476,0.0,500879226.9599529,500879226.9599529,baseline,0.0,0.0,2367887360.0,2367887104.0,7.898578643798828,0.2870337665081024,-176921788416.0,4540233416704.0,4540233416704.0,478515625984.0,478515625984.0,0.0,0.0,0,0.8909128952455097,0.0,0.0,0.10908710475449022,0.10908710475449022,0.0968735066278531,0.0,0.0,0.9031264933721469,0.9031264933721469,0,0.0,0,0,0,0.5800149440765381,2.463595390319824,-9.491167293163016e-05,0,nan,nan,0,nan,nan,161920,-9.491167293163016e-05,0.0,0,0,0,0,0,0,0,0,0,0,0,0,0,0,0
expected_property,correct,19,0.5,4535965712384.0,478515625984.0,5271670751232.0,478515625984.0,0.0,0.13955822993612874,0.0,158413615.87432715,1542125911.18209,1662490169.2154112,baseline,0.07431890445924026,0.05963474724588188,0.0,500879226.9599529,500879226.9599529,baseline,0.0,0.0,2231195136.0,2231194880.0,7.775607585906982,0.29174426198005676,-170231660544.0,4535965712384.0,4535965712384.0,478515625984.0,478515625984.0,0.0,0.0,0,0.8818618802434276,0.0,0.0,0.11813811975657222,0.11813811975657222,0.09259573480253223,0.0,0.0,0.9074042651974678,0.9074042651974678,0,0.0,0,0,0,0.5769864320755005,2.463097333908081,9.159980436379556e-06,0,nan,nan,0,nan,nan,161920,9.159980436379556e-06,0.0,0,0,0,0,0,0,0,0,0,0,0,0,0,0,0
expected_property,correct,20,0.5,4531486720000.0,478515625984.0,5271670751232.0,478515625984.0,0.0,0.1404078642542343,0.0,160445310.11850336,1541364472.247061,1662490169.2154112,baseline,0.07486084558107053,0.06090850732384382,0.0,500879226.9599529,500879226.9599529,baseline,0.0,0.0,2105376256.0,2105376256.0,7.890033721923828,0.29156693816185,-160730021888.0,4531486720000.0,4531486720000.0,478515625984.0,478515625984.0,0.0,0.0,0,0.8756895281255194,0.0,0.0,0.12431047187448066,0.12431047187448066,0.0832042249205216,0.0,0.0,0.9167957750794784,0.9167957750794784,0,0.0,0,0,0,0.5774328112602234,2.4616951942443848,0.0001109735167119652,0,nan,nan,1280,0.001733154058456421,0.0,160640,9.804777801036835e-05,0.0,0,0,0,0,0,0,0,0,0,0,0,0,0,0,0
expected_property,correct,21,0.5,4526870888448.0,478515625984.0,5271670751232.0,478515625984.0,0.0,0.14128345602955927,0.0,162435628.75583375,1540579112.487863,1662490169.2154112,baseline,0.07541497194617375,0.062121552305172974,0.0,500879226.9599529,500879226.9599529,baseline,0.0,0.0,1988209152.0,1988209152.0,8.014469146728516,0.28627413511276245,-148773453824.0,4526870888448.0,4526870888448.0,478515625984.0,478515625984.0,0.0,0.0,0,0.8738861099823115,0.0,0.0,0.1261138900176884,0.1261138900176884,0.07480016907546064,0.0,0.0,0.9251998309245394,0.9251998309245394,0,0.0,0,0,0,0.5809651017189026,2.4595117568969727,0.0001954900217242539,0,nan,nan,1280,0.001697152853012085,0.0,160640,0.00018352456390857697,0.0,0,0,0,0,0,0,0,0,0,0,0,0,0,0,0
expected_property,correct,22,0.5,4522150723584.0,478515625984.0,5271670751232.0,478515625984.0,0.0,0.14217883912284082,0.0,164387343.1942496,1539775750.1681283,1662490169.2154112,baseline,0.07597804150608278,0.06328213895457853,0.0,500879226.9599529,500879226.9599529,baseline,0.0,0.0,1878468864.0,1878468864.0,8.040595054626465,0.27623456716537476,-135044734976.0,4522150723584.0,4522150723584.0,478515625984.0,478515625984.0,0.0,0.0,0,0.8770107176786414,0.0,0.0,0.1229892823213586,0.1229892823213586,0.06931198752515853,0.0,0.0,0.9306880124748417,0.9306880124748417,0,0.0,0,0,0,0.587297797203064,2.4566681385040283,0.0002554668753873557,0,nan,nan,1280,0.0016778483986854553,0.0,160640,0.00024413317441940308,0.0,0,0,0,0,0,0,0,0,0,0,0,0,0,0,0
expected_property,correct,23,0.5,4517384945664.0,478515625984.0,5271670751232.0,478515625984.0,0.0,0.1430828747018622,0.0,166299265.36506984,1538964177.1763756,1662490169.2154112,baseline,0.07654443305061129,0.06439717108524326,0.0,500879226.9599529,500879226.9599529,baseline,0.0,0.0,1774255616.0,1774255616.0,8.228185653686523,0.26205340027809143,-120187895808.0,4517384945664.0,4517384945664.0,478515625984.0,478515625984.0,0.0,0.0,0,0.8862980343679256,0.0,0.0,0.11370196563207449,0.11370196563207449,0.06220047367922432,0.0,0.0,0.9377995263207756,0.9377995263207756,0,0.0,0,0,0,0.5961771607398987,2.4532740116119385,0.0002952122886199504,0,nan,nan,1280,0.0016722753643989563,0.0,160640,0.00028423964977264404,0.0,0,0,0,0,0,0,0,0,0,0,0,0,0,0,0
expected_property,correct,24,0.5,4512839368704.0,478515625984.0,5271670751232.0,478515625984.0,0.0,0.1439451396600707,0.0,168136666.58948797,1538189710.4925563,1662490169.2154112,baseline,0.07708672380483769,0.06546765035522067,0.0,500879226.9599529,500879226.9599529,baseline,0.0,0.0,1674713856.0,1674713856.0,8.55785083770752,0.24394617974758148,-104664088576.0,4512839368704.0,4512839368704.0,478515625984.0,478515625984.0,0.0,0.0,0,0.902245555590227,0.0,0.0,0.09775444440977309,0.09775444440977309,0.054522102577218436,0.0,0.0,0.9454778974227815,0.9454778974227815,0,0.0,0,0,0,0.607269287109375,2.4494311809539795,0.0003264820552431047,0,nan,nan,1280,0.0016784965991973877,0.0,160640,0.00031570903956890106,0.0,0,0,0,0,0,0,0,0,0,0,0,0,0,0,0
expected_property,correct,25,0.5,4508765650944.0,478515625984.0,5271670751232.0,478515625984.0,0.0,0.14471789614510874,0.0,169867306.67338103,1537495306.5071752,1662490169.2154112,baseline,0.07757891910546692,0.06649461406634795,0.0,500879226.9599529,500879226.9599529,baseline,0.0,0.0,1582652160.0,1582652160.0,8.694835662841797,0.2214466780424118,-88838184960.0,4508765650944.0,4508765650944.0,478515625984.0,478515625984.0,0.0,0.0,0,0.9213375180292714,0.0,0.0,0.07866248197072867,0.07866248197072867,0.050568216153260584,0.0,0.0,0.9494317838467394,0.9494317838467394,0,0.0,0,0,0,0.6200702786445618,2.4452567100524902,0.00035507683060131967,1280,0.0016953349113464355,0.0,0,nan,nan,160640,0.00034439750015735626,0.0,0,0,0,0,0,0,0,0,0,0,0,0,0,0,0
expected_property,correct,26,0.5,4505224085504.0,0.0,5271670751232.0,478515625984.0,0.0,0.14538970696318237,1.0,171488513.2507266,1536891290.0939622,1662490169.2154112,baseline,0.07801497166190102,0.06748270760063343,500879226.9599529,0.0,500879226.9599529,truth,1.0,0.0,1501350400.0,1501350400.0,8.643386840820312,0.19382800161838531,-72912257024.0,4505224085504.0,4505224085504.0,0.0,0.0,0.0,0.0,1280,0.9383972975415962,0.0,0.0,0.061602702458403866,0.061602702458403866,0.049475404893083934,0.0,0.0,0.9505245951069161,0.9505245951069161,1280,0.007905138656497002,1280,0,0,0.6339586973190308,2.4408762454986572,0.0003737175720743835,1280,0.0017213746905326843,1.0,0,nan,nan,160640,0.0003629792481660843,0.0,0,0,0,0,0,0,0,0,0,0,1280,0,0,0,0
expected_property,correct,27,0.5,4502218866688.0,0.0,5271670751232.0,478515625984.0,0.0,0.14595977648341896,1.0,173005530.73584947,1536378566.6449928,1662490169.2154112,baseline,0.07839457314532242,0.06843702395263232,500879226.9599529,0.0,500879226.9599529,truth,1.0,0.0,1430990464.0,1430990464.0,8.542940139770508,0.1609635055065155,-57025609728.0,4502218866688.0,4502218866688.0,0.0,0.0,0.0,0.0,0,0.9510636221400285,0.0,0.0,0.04893637785997155,0.04893637785997155,0.049438789227165,0.0,0.0,0.9505612107728348,0.9505612107728348,0,0.0,0,0,0,0.6484537720680237,2.436415910720825,0.00036458505201153457,1280,0.0017557293176651,0.0,0,nan,nan,160640,0.00035350024700164795,0.0,0,0,0,0,0,0,0,0,0,0,0,0,0,0,0
expected_property,correct,28,0.5,4499747897344.0,0.0,5271670751232.0,478515625984.0,0.0,0.14642850252125478,1.0,174423676.21471393,1535956938.4095006,1662490169.2154112,baseline,0.07871804824581301,0.06936188000760633,500879226.9599529,0.0,500879226.9599529,truth,1.0,0.0,1370641280.0,1370641152.0,8.230964660644531,0.12431365251541138,-41686171648.0,4499747897344.0,4499747897344.0,0.0,0.0,0.0,0.0,0,0.9583915829335965,0.0,0.0,0.04160841706640351,0.04160841706640351,0.05246493666508596,0.0,0.0,0.9475350633349142,0.9475350633349142,0,0.0,0,0,0,0.6630631685256958,2.4320201873779297,0.00031654781196266413,1280,0.001797504723072052,0.0,0,nan,nan,160640,0.00030474740196950734,0.0,0,0,0,0,0,0,0,0,0,0,0,0,0,0,0
expected_property,correct,29,0.5,4497717854208.0,0.0,5271670751232.0,478515625984.0,0.0,0.1468135878636058,1.0,175761529.3900469,1535610503.3777373,1662490169.2154112,baseline,0.07899530314165792,0.07026272675190622,500879226.9599529,0.0,500879226.9599529,truth,1.0,0.0,1319199232.0,1319199232.0,7.699863910675049,0.08678408712148666,-27690260480.0,4497717854208.0,4497717854208.0,0.0,0.0,0.0,0.0,0,0.9599966973743117,0.0,0.0,0.04000330262568814,0.04000330262568814,0.05955843495538211,0.0,0.0,0.9404415650446178,0.9404415650446178,0,0.0,0,0,0,0.6773489713668823,2.427851915359497,0.00023615577083546668,1280,0.0018458813428878784,0.0,0,nan,nan,160640,0.00022332930529955775,0.0,0,0,0,0,0,0,0,0,0,0,0,0,0,0,0
expected_property,correct,30,0.5,4496026501120.0,0.0,5271670751232.0,478515625984.0,0.0,0.14713442601299226,1.0,177038048.72250664,1535321730.9614823,1662490169.2154112,baseline,0.07923720205147733,0.07114434686318008,500879226.9599529,0.0,500879226.9599529,truth,1.0,0.0,1274464640.0,1274464640.0,7.0907464027404785,0.05142884701490402,-15684995072.0,4496026501120.0,4496026501120.0,0.0,0.0,0.0,0.0,0,0.9575363805865048,0.0,0.0,0.04246361941349529,0.04246361941349529,0.07030017471440589,0.0,0.0,0.9296998252855941,0.9296998252855941,0,0.0,0,0,0,0.6909435987472534,2.4240729808807373,0.00014783511869609356,1280,0.00190020352602005,0.0,0,nan,nan,160640,0.00013387203216552734,0.0,0,0,0,0,0,0,0,0,0,0,0,0,0,0,0
expected_property,correct,31,0.5,4494554300416.0,0.0,5271670751232.0,478515625984.0,0.0,0.147413692449284,1.0,178273809.69887954,1535070361.6737282,1662490169.2154112,baseline,0.07945625744150255,0.07201124648867475,500879226.9599529,0.0,500879226.9599529,truth,1.0,0.0,1234969984.0,1234970112.0,6.291348934173584,0.0203690268099308,-5964777984.0,4494554300416.0,4494554300416.0,0.0,0.0,0.0,0.0,0,0.9520886386477075,0.0,0.0,0.04791136135229221,0.04791136135229221,0.08998679130707513,0.0,0.0,0.9100132086929249,0.9100132086929249,0,0.0,0,0,0,0.7033085227012634,2.4208381175994873,7.223596185212955e-05,1280,0.001960188150405884,0.0,0,nan,nan,160640,5.719252294511534e-05,0.0,0,0,0,0,0,0,0,0,0,0,0,0,0,0,0
expected_property,correct,32,0.5,4493114605568.0,0.0,5271670751232.0,478515625984.0,0.0,0.14768679274631288,1.0,179498595.95138097,1534824410.7896512,1662490169.2154112,baseline,0.07967212079961015,0.07286846594105816,500879226.9599529,0.0,500879226.9599529,truth,1.0,0.0,1199263232.0,1199263104.0,5.472217559814453,-0.005362249445170164,1514462464.0,4493114605568.0,4493114605568.0,0.0,0.0,0.0,0.0,0,0.9450287364635879,0.0,0.0,0.054971263536412136,0.054971263536412136,0.12055007753901074,0.0,0.0,0.8794499224609892,0.8794499224609892,0,0.0,0,0,0,0.7138062119483948,2.4182748794555664,1.0355843187426217e-05,1280,0.0020255595445632935,0.0,0,nan,nan,160640,-5.7015568017959595e-06,0.0,0,0,0,0,0,0,0,0,0,0,0,0,0,0,0
expected_property,correct,33,0.5,4491625627648.0,0.0,5271670751232.0,478515625984.0,0.0,0.14796924170609516,1.0,180725640.4545259,1534569983.6430678,1662490169.2154112,baseline,0.07989335892771834,0.0737186264553424,500879226.9599529,0.0,500879226.9599529,truth,1.0,0.0,1164693760.0,1164693888.0,4.8734846115112305,-0.025317318737506866,6916712448.0,4491625627648.0,4491625627648.0,0.0,0.0,0.0,0.0,0,0.9399236475323821,0.0,0.0,0.06007635246761778,0.06007635246761778,0.1548335985757414,0.0,0.0,0.8451664014242585,0.8451664014242585,0,0.0,0,0,0,0.7219420075416565,2.416454792022705,-5.185953705222346e-05,1280,0.0020966753363609314,0.0,0,nan,nan,160640,-6.897933781147003e-05,0.0,0,0,0,0,0,0,0,0,0,0,0,0,0,0,0
expected_property,correct,34,0.5,4490052763648.0,0.0,5271670751232.0,478515625984.0,0.0,0.1482676032833299,1.0,181960543.26549456,1534301359.2448049,1662490169.2154112,baseline,0.08012351705122252,0.0745630969573667,500879226.9599529,0.0,500879226.9599529,truth,1.0,0.0,1130271232.0,1130271360.0,4.208662033081055,-0.038134798407554626,10099307520.0,4490052763648.0,4490052763648.0,0.0,0.0,0.0,0.0,0,0.9380113813015838,0.0,0.0,0.06198861869841609,0.06198861869841609,0.212471065040825,0.0,0.0,0.7875289349591748,0.7875289349591748,0,0.0,0,0,0,0.7275381088256836,2.4154043197631836,-0.00012193363363621756,1280,0.0021739304065704346,0.0,0,nan,nan,160640,-0.0001402273919666186,0.0,0,0,0,0,0,0,0,0,0,0,0,0,0,0,0
expected_property,correct,35,0.5,4488333623296.0,0.0,5271670751232.0,478515625984.0,0.0,0.14859371248724754,1.0,183213243.68418524,1534007677.8711827,1662490169.2154112,baseline,0.08036928780333663,0.07540373114243767,500879226.9599529,0.0,500879226.9599529,truth,1.0,0.0,1096001024.0,1096001024.0,3.621812105178833,-0.041891295462846756,10772111360.0,4488333623296.0,4488333623296.0,0.0,0.0,0.0,0.0,0,0.939044177222428,0.0,0.0,0.06095582277757194,0.06095582277757194,0.29480235104885705,0.0,0.0,0.7051976489511429,0.7051976489511429,0,0.0,0,0,0,0.7306826114654541,2.415104866027832,-0.00018728902796283364,1280,0.0022578537464141846,0.0,0,nan,nan,160640,-0.00020677223801612854,0.0,0,0,0,0,0,0,0,0,0,0,0,0,0,0,0
expected_property,correct,36,0.5,4486466109440.0,0.0,5271670751232.0,478515625984.0,0.0,0.1489479671332843,1.0,184484113.1583374,1533688553.1804295,1662490169.2154112,baseline,0.08063092657312237,0.07624087744036707,500879226.9599529,0.0,500879226.9599529,truth,1.0,0.0,1061224192.0,1061224256.0,3.527001142501831,-0.03590421378612518,8968967168.0,4486466109440.0,4486466109440.0,0.0,0.0,0.0,0.0,0,0.9439880449176913,0.0,0.0,0.05601195508230842,0.05601195508230842,0.320556832874858,0.0,0.0,0.6794431671251421,0.6794431671251421,0,0.0,0,0,0,0.7315253019332886,2.4154932498931885,-0.00022130949946586043,1280,0.002348989248275757,0.0,0,nan,nan,160640,-0.00024178996682167053,0.0,0,0,0,0,0,0,0,0,0,0,0,0,0,0,0
expected_property,correct,37,0.5,4484515233792.0,0.0,5271670751232.0,478515625984.0,0.0,0.14931803494291448,1.0,185764090.69160122,1533354896.4218922,1662490169.2154112,baseline,0.08090178721930603,0.0770738878590158,500879226.9599529,0.0,500879226.9599529,truth,1.0,0.0,1026549120.0,1026549184.0,3.8296597003936768,-0.02137245051562786,5190471680.0,4484515233792.0,4484515233792.0,0.0,0.0,0.0,0.0,0,0.9516921266800366,0.0,0.0,0.04830787331996355,0.04830787331996355,0.28117322667338446,0.0,0.0,0.7188267733266155,0.7188267733266155,0,0.0,0,0,0,0.7300987243652344,2.4164772033691406,-0.000208007957553491,1280,0.002447664737701416,0.0,0,nan,nan,160640,-0.00022916868329048157,0.0,0,0,0,0,0,0,0,0,0,0,0,0,0,0,0
expected_property,correct,38,0.5,4482573271040.0,0.0,5271670751232.0,478515625984.0,0.0,0.14968641203694036,1.0,187039139.23385683,1533023001.50573,1662490169.2154112,baseline,0.0811718895623272,0.07790116672075556,500879226.9599529,0.0,500879226.9599529,truth,1.0,0.0,993302656.0,993302656.0,4.356141567230225,-0.0009567299275659025,226358528.0,4482573271040.0,4482573271040.0,0.0,0.0,0.0,0.0,0,0.9594710651393534,0.0,0.0,0.04052893486064635,0.04052893486064635,0.22514826389701462,0.0,0.0,0.7748517361029854,0.7748517361029854,0,0.0,0,0,0,0.7263934016227722,2.417949676513672,-0.00015746835561003536,1280,0.002553895115852356,0.0,0,nan,nan,160640,-0.00017907284200191498,0.0,0,0,0,0,0,0,0,0,0,0,0,0,0,0,0
expected_property,correct,39,0.5,4480727777280.0,0.0,5271670751232.0,478515625984.0,0.0,0.1500364896208958,1.0,188296652.72531128,1532707356.4824538,1662490169.2154112,baseline,0.0814323342461632,0.07872111219156175,500879226.9599529,0.0,500879226.9599529,truth,1.0,0.0,962370816.0,962370880.0,4.706457138061523,0.022735806182026863,-5255907328.0,4480727777280.0,4480727777280.0,0.0,0.0,0.0,0.0,0,0.9651132132597438,0.0,0.0,0.03488678674025636,0.03488678674025636,0.19993612484869805,0.0,0.0,0.800063875151302,0.800063875151302,0,0.0,0,0,0,0.7205972671508789,2.4197890758514404,-9.330650937044993e-05,1280,0.0026672929525375366,0.0,0,nan,nan,160640,-0.00011530332267284393,0.0,0,0,0,0,0,0,0,0,0,0,0,0,0,0,0
expected_property,correct,40,0.5,4478981898240.0,0.0,5271670751232.0,478515625984.0,0.0,0.1503676709716264,1.0,189535014.52099198,1532408750.1086264,1662490169.2154112,baseline,0.08168255472052083,0.07953293296200255,500879226.9599529,0.0,500879226.9599529,truth,1.0,0.0,933365120.0,933365120.0,4.8638691902160645,0.04824291542172432,-10921337856.0,4478981898240.0,4478981898240.0,0.0,0.0,0.0,0.0,0,0.9687851935826881,0.0,0.0,0.031214806417312013,0.031214806417312013,0.19389729449323448,0.0,0.0,0.8061027055067655,0.8061027055067655,0,0.0,0,0,0,0.7131984233856201,2.4218733310699463,-3.010971522598993e-05,1280,0.002787649631500244,0.0,0,nan,nan,160640,-5.2561983466148376e-05,0.0,0,0,0,0,0,0,0,0,0,0,0,0,0,0,0
expected_property,correct,41,0.2,111926001664.0,0.0,502263611392.0,478515625984.0,0.0,0.7771568572252281,1.0,347691934.3105556,242242568.35338423,513157651.90263176,truth,0.6181180192389902,0.27750551666265727,500879226.9599529,0.0,500879226.9599529,truth,1.0,0.0,1799179392.0,1799179392.0,4.013969898223877,0.3317263126373291,-146258493440.0,111926001664.0,111926001664.0,0.0,0.0,0.0,0.0,0,0.9241057191058278,0.0,0.0,0.07589428089417213,0.07589428089417213,0.28418392399873404,0.0,0.0,0.7158160760012658,0.7158160760012658,0,0.0,0,0,0,0.7048444747924805,0.7804802060127258,9.261290688300505e-05,1280,0.01087486743927002,0.0,0,nan,nan,160640,6.69853807266918e-06,0.0,0,0,0,0,0,0,0,0,0,0,0,0,0,0,0
expected_property,correct,42,0.2,108804046848.0,0.0,502263611392.0,478515625984.0,0.0,0.7833726266841138,1.0,351990600.58167964,238840223.7540989,513157651.90263176,truth,0.6269367969536644,0.2783005805261007,500879226.9599529,0.0,500879226.9599529,truth,1.0,0.0,1734652672.0,1734652672.0,4.450894355773926,0.34166622161865234,-145741578240.0,108804046848.0,108804046848.0,0.0,0.0,0.0,0.0,0,0.9175068771219131,0.0,0.0,0.08249312287808679,0.08249312287808679,0.23130656917520478,0.0,0.0,0.7686934308247952,0.7686934308247952,0,0.0,0,0,0,0.7004680037498474,0.783399224281311,9.544260683469474e-05,1280,0.012052685022354126,0.0,0,nan,nan,160640,1.6577541828155518e-07,0.0,0,0,0,0,0,0,0,0,0,0,0,0,0,0,0
expected_property,correct,43,0.2,104894578688.0,0.0,502263611392.0,478515625984.0,0.0,0.791156324470153,1.0,356153395.1328318,234510074.4223907,513157651.90263176,truth,0.6364258804660293,0.27687102636010963,500879226.9599529,0.0,500879226.9599529,truth,1.0,0.0,1673604736.0,1673604736.0,5.620004653930664,0.3458689749240875,-141931610112.0,104894578688.0,104894578688.0,0.0,0.0,0.0,0.0,0,0.9151674533256905,0.0,0.0,0.08483254667430914,0.08483254667430914,0.14540769373241874,0.0,0.0,0.8545923062675812,0.8545923062675812,0,0.0,0,0,0,0.6998342275619507,0.7789785265922546,9.978561865864322e-05,1280,0.013294011354446411,0.0,0,nan,nan,160640,-5.347654223442078e-06,0.0,0,0,0,0,0,0,0,0,0,0,0,0,0,0,0
expected_property,correct,44,0.2,100422991872.0,0.0,502263611392.0,478515625984.0,0.0,0.8000591928336548,1.0,360254177.94063747,229457119.2954665,513157651.90263176,truth,0.6464555423145094,0.2737647352158345,500879226.9599529,0.0,500879226.9599529,truth,1.0,0.0,1615380992.0,1615380992.0,6.922148704528809,0.34481897950172424,-135405961216.0,100422991872.0,100422991872.0,0.0,0.0,0.0,0.0,0,0.9168883485557108,0.0,0.0,0.08311165144428906,0.08311165144428906,0.09615429440298902,0.0,0.0,0.903845705597011,0.903845705597011,0,0.0,0,0,0,0.702588677406311,0.7681448459625244,0.00010619192471494898,1280,0.014612257480621338,0.0,0,nan,nan,160640,-9.394250810146332e-06,0.0,0,0,0,0,0,0,0,0,0,0,0,0,0,0,0
expected_property,correct,45,0.2,95624323072.0,0.0,502263611392.0,478515625984.0,0.0,0.8096132769662893,1.0,364365976.39228237,223907762.85353866,513157651.90263176,truth,0.6568899006669964,0.26955925772099604,500879226.9599529,0.0,500879226.9599529,truth,1.0,0.0,1559783168.0,1559783168.0,8.101954460144043,0.33940231800079346,-126945771520.0,95624323072.0,95624323072.0,0.0,0.0,0.0,0.0,0,0.9218693897017063,0.0,0.0,0.07813061029829359,0.07813061029829359,0.07045824939924346,0.0,0.0,0.9295417506007564,0.9295417506007564,0,0.0,0,0,0,0.708302915096283,0.7521185278892517,0.00011486603762023151,1280,0.016013890504837036,0.0,0,nan,nan,160640,-1.1819414794445038e-05,0.0,0,0,0,0,0,0,0,0,0,0,0,0,0,0,0
expected_property,correct,46,0.2,90710941696.0,0.0,502263611392.0,478515625984.0,0.0,0.8193957522731959,1.0,368549628.17515886,218079478.9941224,513157651.90263176,truth,0.667603215068519,0.2647954580812851,500879226.9599529,0.0,500879226.9599529,truth,1.0,0.0,1506680448.0,1506680448.0,9.07669734954834,0.33070802688598633,-117353381888.0,90710941696.0,90710941696.0,0.0,0.0,0.0,0.0,0,0.9290157157024065,0.0,0.0,0.0709842842975935,0.0709842842975935,0.05637265844599415,0.0,0.0,0.9436273415540058,0.9436273415540058,0,0.0,0,0,0,0.7165151238441467,0.7322321534156799,0.00012577546294778585,0,nan,nan,1280,0.01749935746192932,0.0,160640,-1.2659468666242901e-05,0.0,0,0,0,0,0,0,0,0,0,0,0,0,0,0,0
expected_property,correct,47,0.2,85850243072.0,0.0,502263611392.0,478515625984.0,0.0,0.829073336939401,1.0,372847474.88987786,212156204.22683024,513157651.90263176,truth,0.6784922105813708,0.2599219506440499,500879226.9599529,0.0,500879226.9599529,truth,1.0,0.0,1455726848.0,1455726848.0,9.83264446258545,0.31986352801322937,-107324997632.0,85850243072.0,85850243072.0,0.0,0.0,0.0,0.0,0,0.9372190906327158,0.0,0.0,0.0627809093672839,0.0627809093672839,0.048243123278091826,0.0,0.0,0.9517568767219081,0.9517568767219081,0,0.0,0,0,0,0.7267616391181946,0.7097859978675842,0.00013868225505575538,0,nan,nan,1280,0.019061177968978882,0.0,160640,-1.2094621524738614e-05,0.0,0,0,0,0,0,0,0,0,0,0,0,0,0,0,0
expected_property,correct,48,0.2,81162895360.0,0.0,502263611392.0,478515625984.0,0.0,0.8384057823041154,1.0,377284099.81634223,206283137.3245424,513157651.90263176,truth,0.6894775856755537,0.25528426445617897,500879226.9599529,0.0,500879226.9599529,truth,1.0,0.0,1406225408.0,1406225408.0,10.383861541748047,0.3078947067260742,-97382547456.0,81162895360.0,81162895360.0,0.0,0.0,0.0,0.0,0,0.9455598376760993,0.0,0.0,0.05444016232390056,0.05444016232390056,0.04343718697670103,0.0,0.0,0.9565628130232989,0.9565628130232989,0,0.0,0,0,0,0.7386019229888916,0.6859439611434937,0.00015326692664530128,0,nan,nan,1280,0.02068433165550232,0.0,160640,-1.0327203199267387e-05,0.0,0,0,0,0,0,0,0,0,0,0,0,0,0,0,0
expected_property,correct,49,0.2,76726747136.0,0.0,502263611392.0,478515625984.0,0.0,0.8472380929142858,1.0,381869334.27315825,200566469.72557867,513157651.90263176,truth,0.7005031113375259,0.25112449196433706,500879226.9599529,0.0,500879226.9599529,truth,1.0,0.0,1357141632.0,1357141632.0,10.753803253173828,0.2956468462944031,-87866851328.0,76726747136.0,76726747136.0,0.0,0.0,0.0,0.0,0,0.9533890554753105,0.0,0.0,0.04661094452468966,0.04661094452468966,0.040659918349327466,0.0,0.0,0.9593400816506725,0.9593400816506725,0,0.0,0,0,0,0.7516312599182129,0.6616814136505127,0.00016912375576794147,0,nan,nan,1280,0.02234521508216858,0.0,160640,-7.578171789646149e-06,0.0,0,0,0,0,0,0,0,0,0,0,0,0,0,0,0
expected_property,correct,50,0.2,72584937472.0,0.0,502263611392.0,478515625984.0,0.0,0.8554843794659257,1.0,386601120.2878659,195077966.5080151,513157651.90263176,truth,0.7115305605509941,0.24759041330321702,500879226.9599529,0.0,500879226.9599529,truth,1.0,0.0,1307181568.0,1307181568.0,10.966935157775879,0.28374549746513367,-78960467968.0,72584937472.0,72584937472.0,0.0,0.0,0.0,0.0,0,0.9603276164593172,0.0,0.0,0.03967238354068265,0.03967238354068265,0.0392416703264507,0.0,0.0,0.9607583296735493,0.9607583296735493,0,0.0,0,0,0,0.7654911279678345,0.6377649903297424,0.00018576000002212822,0,nan,nan,1280,0.02400815486907959,0.0,160640,-4.059868388139876e-06,0.0,0,0,0,0,0,0,0,0,0,0,0,0,0,0,0
expected_property,correct,51,0.2,68756627456.0,0.0,502263611392.0,478515625984.0,0.0,0.8631064924941622,1.0,391468948.42978096,189863834.22653285,513157651.90263176,truth,0.7225331652238564,0.24475634986850028,500879226.9599529,0.0,500879226.9599529,truth,1.0,0.0,1254933760.0,1254933760.0,11.045816421508789,0.2725939154624939,-70726369280.0,68756627456.0,68756627456.0,0.0,0.0,0.0,0.0,0,0.9662149554650639,0.0,0.0,0.03378504453493627,0.03378504453493627,0.03882477711591346,0.0,0.0,0.9611752228840864,0.9611752228840864,0,0.0,0,0,0,0.7798723578453064,0.6147570013999939,0.00020261852478142828,0,nan,nan,1280,0.025626391172409058,0.0,160640,3.864988684654236e-08,0.0,0,0,0,0,0,0,0,0,0,0,0,0,0,0,0
expected_property,correct,52,0.2,65245708288.0,0.0,502263611392.0,478515625984.0,0.0,0.8700966846728662,1.0,396454256.88633704,184952808.75160784,513157651.90263176,truth,0.7334866405348972,0.24263954152251638,500879226.9599529,0.0,500879226.9599529,truth,1.0,0.0,1199020160.0,1199020160.0,11.01089096069336,0.2624035179615021,-63149563904.0,65245708288.0,65245708288.0,0.0,0.0,0.0,0.0,0,0.9710379560945657,0.0,0.0,0.028962043905434515,0.028962043905434515,0.03921570262915784,0.0,0.0,0.9607842973708421,0.9607842973708421,0,0.0,0,0,0,0.7945172190666199,0.5930375456809998,0.00021906610345467925,0,nan,nan,1280,0.027141541242599487,0.0,160640,4.544388502836227e-06,0.0,0,0,0,0,0,0,0,0,0,0,0,0,0,0,0
expected_property,correct,53,0.2,62045433856.0,0.0,502263611392.0,478515625984.0,0.0,0.8764683874190209,1.0,401531304.7033754,180359858.17257106,513157651.90263176,truth,0.7443651143160396,0.24121034281110168,500879226.9599529,0.0,500879226.9599529,truth,1.0,0.0,1138281856.0,1138281856.0,10.88107967376709,0.2532281279563904,-56172593152.0,62045433856.0,62045433856.0,0.0,0.0,0.0,0.0,0,0.9748694514765067,0.0,0.0,0.02513054852349339,0.02513054852349339,0.040310023381181545,0.0,0.0,0.9596899766188184,0.9596899766188184,0,0.0,0,0,0,0.8092178106307983,0.572832465171814,0.00023441098164767027,0,nan,nan,1280,0.028484761714935303,0.0,160640,9.308569133281708e-06,0.0,0,0,0,0,0,0,0,0,0,0,0,0,0,0,0
expected_property,correct,54,0.2,59145154560.0,0.0,502263611392.0,478515625984.0,0.0,0.8822428039409783,1.0,406667036.01075095,176093999.82989547,513157651.90263176,truth,0.7551334553306885,0.24041127828412837,500879226.9599529,0.0,500879226.9599529,truth,1.0,0.0,1071947520.0,1071947520.0,10.674521446228027,0.2450028657913208,-49723232256.0,59145154560.0,59145154560.0,0.0,0.0,0.0,0.0,0,0.9778212529096835,0.0,0.0,0.02217874709031658,0.02217874709031658,0.04205071828331889,0.0,0.0,0.957949281716681,0.957949281716681,0,0.0,0,0,0,0.8238130807876587,0.5542445778846741,0.00024798032245598733,0,nan,nan,1280,0.029583454132080078,0.0,160640,1.4231541172193829e-05,0.0,0,0,0,0,0,0,0,0,0,0,0,0,0,0,0
expected_property,correct,55,0.2,56532176896.0,0.0,502263611392.0,478515625984.0,0.0,0.8874452068320782,1.0,411821296.43194836,172160225.69078243,513157651.90263176,truth,0.7657449295655615,0.2401652846207149,500879226.9599529,0.0,500879226.9599529,truth,1.0,0.0,999797952.0,999797952.0,10.409611701965332,0.2375801056623459,-43735048192.0,56532176896.0,56532176896.0,0.0,0.0,0.0,0.0,0,0.9800124443004489,0.0,0.0,0.01998755569955091,0.01998755569955091,0.04439627386700535,0.0,0.0,0.9556037261329946,0.9556037261329946,0,0.0,0,0,0,0.8381832838058472,0.5372864007949829,0.0002591419906821102,0,nan,nan,1280,0.03036743402481079,0.0,160640,1.923530362546444e-05,0.0,0,0,0,0,0,0,0,0,0,0,0,0,0,0,0
expected_property,correct,56,0.2,54192365568.0,0.0,502263611392.0,478515625984.0,0.0,0.8921037392738678,1.0,416946987.0021475,168559808.87142423,513157651.90263176,truth,0.7761401139182555,0.24038099764919432,500879226.9599529,0.0,500879226.9599529,truth,1.0,0.0,922262848.0,922262848.0,10.105843544006348,0.23075416684150696,-38158680064.0,54192365568.0,54192365568.0,0.0,0.0,0.0,0.0,0,0.9815531221705072,0.0,0.0,0.01844687782949294,0.01844687782949294,0.04729177729484901,0.0,0.0,0.952708222705151,0.952708222705151,0,0.0,0,0,0,0.8522449135780334,0.5219063758850098,0.0002673738927114755,0,nan,nan,0,nan,nan,161920,0.0002673738927114755,0.0,0,0,0,0,0,0,0,0,0,0,0,0,0,0,0
expected_property,correct,57,0.2,52111859712.0,0.0,502263611392.0,478515625984.0,0.0,0.8962459980575251,1.0,421992443.56577647,165292535.80341062,513157651.90263176,truth,0.7862483498747596,0.24096521783625133,500879226.9599529,0.0,500879226.9599529,truth,1.0,0.0,840449856.0,840449856.0,9.784591674804688,0.22427605092525482,-32966594560.0,52111859712.0,52111859712.0,0.0,0.0,0.0,0.0,0,0.9825387357567396,0.0,0.0,0.017461264243260468,0.017461264243260468,0.050634156146098445,0.0,0.0,0.9493658438539014,0.9493658438539014,0,0.0,0,0,0,0.8659440875053406,0.508013904094696,0.0002723340003285557,0,nan,nan,0,nan,nan,161920,0.0002723340003285557,0.0,0,0,0,0,0,0,0,0,0,0,0,0,0,0,0
expected_property,correct,58,0.2,50275934208.0,0.0,502263611392.0,478515625984.0,0.0,0.8999013006961372,1.0,426903673.61840844,162354766.74299362,513157651.90263176,truth,0.7959921335564522,0.24182534584902185,500879226.9599529,0.0,500879226.9599529,truth,1.0,0.0,756050816.0,756050880.0,9.468700408935547,0.21786460280418396,-28152035328.0,50275934208.0,50275934208.0,0.0,0.0,0.0,0.0,0,0.9830493488494507,0.0,0.0,0.016950651150549233,0.016950651150549233,0.05424019130557295,0.0,0.0,0.945759808694427,0.945759808694427,0,0.0,0,0,0,0.879250168800354,0.4954979717731476,0.0002738900075200945,0,nan,nan,0,nan,nan,161920,0.0002738900075200945,0.0,0,0,0,0,0,0,0,0,0,0,0,0,0,0,0
expected_property,correct,59,0.2,48669687808.0,0.0,502263611392.0,478515625984.0,0.0,0.9030993153712366,1.0,431627508.1230294,159740200.9260317,513157651.90263176,truth,0.805291649913306,0.2428772128813781,500879226.9599529,0.0,500879226.9599529,truth,1.0,0.0,671158912.0,671158912.0,9.180309295654297,0.2112082540988922,-23723440128.0,48669687808.0,48669687808.0,0.0,0.0,0.0,0.0,0,0.9831557524728618,0.0,0.0,0.016844247527138118,0.016844247527138118,0.05783750712183856,0.0,0.0,0.9421624928781613,0.9421624928781613,0,0.0,0,0,0,0.8921499252319336,0.48424413800239563,0.000272133358521387,0,nan,nan,0,nan,nan,161920,0.000272133358521387,0.0,0,0,0,0,0,0,0,0,0,0,0,0,0,0,0
expected_property,correct,60,0.2,47278669824.0,0.0,502263611392.0,478515625984.0,0.0,0.9058688132055408,1.0,436114488.9175019,157440904.3403103,513157651.90263176,truth,0.8140692701805811,0.244051122123967,500879226.9599529,0.0,500879226.9599529,truth,1.0,0.0,588016384.0,588016448.0,8.936001777648926,0.20396873354911804,-19697143808.0,47278669824.0,47278669824.0,0.0,0.0,0.0,0.0,0,0.9829273372798438,0.0,0.0,0.01707266272015625,0.01707266272015625,0.06111724817088429,0.0,0.0,0.9388827518291157,0.9388827518291157,0,0.0,0,0,0,0.9046419262886047,0.4741457998752594,0.0002673627168405801,0,nan,nan,0,nan,nan,161920,0.0002673627168405801,0.0,0,0,0,0,0,0,0,0,0,0,0,0,0,0,0
expected_property,correct,61,0.2,46086492160.0,0.0,502263611392.0,478515625984.0,0.0,0.9082424226746718,1.0,440322656.60975236,155443220.53929487,513157651.90263176,truth,0.8222590421819646,0.24528704056317877,500879226.9599529,0.0,500879226.9599529,truth,1.0,0.0,508749248.0,508749280.0,8.74028491973877,0.19579072296619415,-16089912320.0,46086492160.0,46086492160.0,0.0,0.0,0.0,0.0,0,0.9824419007658706,0.0,0.0,0.017558099234129435,0.017558099234129435,0.06386430718158494,0.0,0.0,0.9361356928184148,0.9361356928184148,0,0.0,0,0,0,0.9167314171791077,0.4651126265525818,0.000260010885540396,0,nan,nan,0,nan,nan,161920,0.000260010885540396,0.0,0,0,0,0,0,0,0,0,0,0,0,0,0,0,0
expected_property,correct,62,0.2,45077585920.0,0.0,502263611392.0,478515625984.0,0.0,0.9102511412382243,1.0,444219310.96105593,153732352.32998428,513157651.90263176,truth,0.8298079375871835,0.2465431381502328,500879226.9599529,0.0,500879226.9599529,truth,1.0,0.0,435127648.0,435127648.0,8.58108139038086,0.1863183230161667,-12912043008.0,45077585920.0,45077585920.0,0.0,0.0,0.0,0.0,0,0.9817967807049356,0.0,0.0,0.01820321929506464,0.01820321929506464,0.06610143411245485,0.0,0.0,0.933898565887545,0.933898565887545,0,0.0,0,0,0,0.9284268021583557,0.45707428455352783,0.0002505835145711899,0,nan,nan,0,nan,nan,161920,0.0002505835145711899,0.0,0,0,0,0,0,0,0,0,0,0,0,0,0,0,0
expected_property,correct,63,0.2,44235636736.0,0.0,502263611392.0,478515625984.0,0.0,0.9119274505803775,1.0,447781850.5432505,152289905.59783542,513157651.90263176,truth,0.8366799225297505,0.24778844111440612,500879226.9599529,0.0,500879226.9599529,truth,1.0,0.0,368418784.0,368418752.0,8.432908058166504,0.17522770166397095,-10163476480.0,44235636736.0,44235636736.0,0.0,0.0,0.0,0.0,0,0.9811166421723714,0.0,0.0,0.0188833578276283,0.0188833578276283,0.06810790260732297,0.0,0.0,0.9318920973926771,0.9318920973926771,0,0.0,0,0,0,0.939736545085907,0.449978232383728,0.00023950371542014182,0,nan,nan,0,nan,nan,161920,0.00023950371542014182,0.0,0,0,0,0,0,0,0,0,0,0,0,0,0,0,0
expected_property,correct,64,0.2,43542757376.0,0.0,502263611392.0,478515625984.0,0.0,0.9133069639360827,1.0,450999360.55868155,151092507.4946615,513157651.90263176,truth,0.8428605656119069,0.24899847286157115,500879226.9599529,0.0,500879226.9599529,truth,1.0,0.0,309334432.0,309334432.0,8.272368431091309,0.1622621715068817,-7831764992.0,43542757376.0,43542757376.0,0.0,0.0,0.0,0.0,0,0.9805662271480109,0.0,0.0,0.019433772851989013,0.019433772851989013,0.07019489979061512,0.0,0.0,0.9298051002093848,0.9298051002093848,0,0.0,0,0,0,0.9506664872169495,0.44378384947776794,0.00022712419740855694,0,nan,nan,0,nan,nan,161920,0.00022712419740855694,0.0,0,0,0,0,0,0,0,0,0,0,0,0,0,0,0
expected_property,correct,65,0.2,42981441536.0,0.0,502263611392.0,478515625984.0,0.0,0.9144245361178387,1.0,453870884.6094383,150115467.9932304,513157651.90263176,truth,0.8483529900242347,0.2501572504219414,500879226.9599529,0.0,500879226.9599529,truth,1.0,0.0,258049856.0,258049872.0,8.10165786743164,0.14727246761322021,-5892375040.0,42981441536.0,42981441536.0,0.0,0.0,0.0,0.0,0,0.9803646531551387,0.0,0.0,0.019635346844861182,0.019635346844861182,0.07227588365649755,0.0,0.0,0.9277241163435025,0.9277241163435025,0,0.0,0,0,0,0.961212694644928,0.4384550452232361,0.0002137039409717545,0,nan,nan,0,nan,nan,161920,0.0002137039409717545,0.0,0,0,0,0,0,0,0,0,0,0,0,0,0,0,0
expected_property,correct,66,0.2,42534748160.0,0.0,502263611392.0,478515625984.0,0.0,0.9153138965370855,1.0,456405056.5748547,149333379.4793055,513157651.90263176,truth,0.8531777038622658,0.2512554880526286,500879226.9599529,0.0,500879226.9599529,truth,1.0,0.0,214309456.0,214309456.0,7.950850963592529,0.130263090133667,-4311912960.0,42534748160.0,42534748160.0,0.0,0.0,0.0,0.0,0,0.9807800743720548,0.0,0.0,0.01921992562794489,0.01921992562794489,0.07371756637120745,0.0,0.0,0.9262824336287925,0.9262824336287925,0,0.0,0,0,0,0.9713459610939026,0.4339595139026642,0.00019957995391450822,0,nan,nan,0,nan,nan,161920,0.00019957995391450822,0.0,0,0,0,0,0,0,0,0,0,0,0,0,0,0,0
expected_property,correct,67,0.2,42190688256.0,0.0,502263611392.0,478515625984.0,0.0,0.9159989151133794,1.0,458617444.9312971,148728179.34883875,513157651.90263176,truth,0.8573640205139978,0.25230153408155487,500879226.9599529,0.0,500879226.9599529,truth,1.0,0.0,177556064.0,177556064.0,7.821418762207031,0.11149902641773224,-3053517824.0,42190688256.0,42190688256.0,0.0,0.0,0.0,0.0,0,0.9819785713106896,0.0,0.0,0.01802142868931059,0.01802142868931059,0.07433349315636782,0.0,0.0,0.9256665068436323,0.9256665068436323,0,0.0,0,0,0,0.9799193739891052,0.43027207255363464,0.000185226381290704,0,nan,nan,0,nan,nan,161920,0.000185226381290704,0.0,0,0,0,0,0,0,0,0,0,0,0,0,0,0,0
expected_property,correct,68,0.2,41937555456.0,0.0,502263611392.0,478515625984.0,0.0,0.9165028990657474,1.0,460530217.7549894,148281354.3750281,513157651.90263176,truth,0.8609542426257188,0.2533049394110811,500879226.9599529,0.0,500879226.9599529,truth,1.0,0.0,147089856.0,147089856.0,7.616669178009033,0.09168455004692078,-2082123008.0,41937555456.0,41937555456.0,0.0,0.0,0.0,0.0,0,0.9834904917102918,0.0,0.0,0.01650950828970804,0.01650950828970804,0.07585760269848968,0.0,0.0,0.9241423973015103,0.9241423973015103,0,0.0,0,0,0,0.9818472862243652,0.4273872971534729,0.00017099639808293432,0,nan,nan,0,nan,nan,161920,0.00017099639808293432,0.0,0,0,0,0,0,0,0,0,0,0,0,0,0,0,0
expected_property,correct,69,0.2,41762488320.0,0.0,502263611392.0,478515625984.0,0.0,0.9168514553458149,1.0,462169090.2020162,147971525.7435371,513157651.90263176,truth,0.8639997926432247,0.25426854816954886,500879226.9599529,0.0,500879226.9599529,truth,1.0,0.0,122187120.0,122187128.0,7.2071380615234375,0.07208623737096786,-1364731264.0,41762488320.0,41762488320.0,0.0,0.0,0.0,0.0,0,0.9832799021518264,0.0,0.0,0.01672009784817352,0.01672009784817352,0.08117471463833568,0.0,0.0,0.9188252853616642,0.9188252853616642,0,0.0,0,0,0,0.9836114048957825,0.4253084063529968,0.00015654394519515336,0,nan,nan,0,nan,nan,161920,0.00015654394519515336,0.0,0,0,0,0,0,0,0,0,0,0,0,0,0,0,0
expected_property,correct,70,0.2,41646284800.0,0.0,502263611392.0,478515625984.0,0.0,0.9170828149692564,1.0,463564075.19591606,147765519.78104237,513157651.90263176,truth,0.8665674899911088,0.2551724095431475,500879226.9599529,0.0,500879226.9599529,truth,1.0,0.0,102152304.0,102152296.0,6.606074333190918,0.05432857573032379,-865254656.0,41646284800.0,41646284800.0,0.0,0.0,0.0,0.0,0,0.977223735487596,0.0,0.0,0.022776264512404082,0.022776264512404082,0.09148752612562078,0.0,0.0,0.9085124738743791,0.9085124738743791,0,0.0,0,0,0,0.9850578308105469,0.4240212142467499,0.00013984394900035113,0,nan,nan,0,nan,nan,161920,0.00013984394900035113,0.0,0,0,0,0,0,0,0,0,0,0,0,0,0,0,0
expected_property,correct,71,0.2,41564954624.0,0.0,502263611392.0,478515625984.0,0.0,0.917244742240425,1.0,464746582.2725586,147621159.4565116,513157651.90263176,truth,0.8687327819809981,0.2559769074168466,500879226.9599529,0.0,500879226.9599529,truth,1.0,0.0,86277952.0,86277952.0,5.830868244171143,0.03997621312737465,-542422784.0,41564954624.0,41564954624.0,0.0,0.0,0.0,0.0,0,0.9602140245277125,0.0,0.0,0.039785975472287315,0.039785975472287315,0.10977638320240857,0.0,0.0,0.8902236167975913,0.8902236167975913,0,0.0,0,0,0,0.9860378503799438,0.4234655201435089,0.00011693077249219641,0,nan,nan,0,nan,nan,161920,0.00011693077249219641,0.0,0,0,0,0,0,0,0,0,0,0,0,0,0,0,0
expected_property,correct,72,0.2,41492201472.0,0.0,502263611392.0,478515625984.0,0.0,0.9173895927737901,1.0,465748313.2925399,147491908.6500659,513157651.90263176,truth,0.8705750451958941,0.2566312338795547,500879226.9599529,0.0,500879226.9599529,truth,1.0,0.0,73786304.0,73786304.0,4.807147979736328,0.030095677822828293,-352872704.0,41492201472.0,41492201472.0,0.0,0.0,0.0,0.0,0,0.929592940266808,0.0,0.0,0.07040705973319192,0.07040705973319192,0.14917512368299843,0.0,0.0,0.8508248763170018,0.8508248763170018,0,0.0,0,0,0,0.9865149259567261,0.42352578043937683,8.394874748773873e-05,0,nan,nan,0,nan,nan,161920,8.394874748773873e-05,0.0,0,0,0,0,0,0,0,0,0,0,0,0,0,0,0
expected_property,correct,73,0.2,41404448768.0,0.0,502263611392.0,478515625984.0,0.0,0.917564307210611,1.0,466600639.5393467,147335856.43318146,513157651.90263176,truth,0.8721712771740346,0.2570904687644265,500879226.9599529,0.0,500879226.9599529,truth,1.0,0.0,63711616.0,63711612.0,4.270832538604736,0.024363353848457336,-249280256.0,41404448768.0,41404448768.0,0.0,0.0,0.0,0.0,0,0.8916131123580175,0.0,0.0,0.10838688764198262,0.10838688764198262,0.17319821697072663,0.0,0.0,0.8268017830292734,0.8268017830292734,0,0.0,0,0,0,0.9866197109222412,0.4240114688873291,4.244165029376745e-05,0,nan,nan,0,nan,nan,161920,4.244165029376745e-05,0.0,0,0,0,0,0,0,0,0,0,0,0,0,0,0,0
expected_property,correct,74,0.2,41299894272.0,0.0,502263611392.0,478515625984.0,0.0,0.9177724737861473,1.0,467331285.34428114,147149717.62497413,513157651.90263176,truth,0.8735710160287564,0.25737762633008027,500879226.9599529,0.0,500879226.9599529,truth,1.0,0.0,54991408.0,54991408.0,4.769598484039307,0.02108093909919262,-187928448.0,41299894272.0,41299894272.0,0.0,0.0,0.0,0.0,0,0.8625822240479187,0.0,0.0,0.13741777595208152,0.13741777595208152,0.12739132846081724,0.0,0.0,0.8726086715391829,0.8726086715391829,0,0.0,0,0,0,0.9865052700042725,0.42471474409103394,1.7917282093549147e-06,0,nan,nan,0,nan,nan,161920,1.7917282093549147e-06,0.0,0,0,0,0,0,0,0,0,0,0,0,0,0,0,0
expected_property,correct,75,0.2,41191227392.0,0.0,502263611392.0,478515625984.0,0.0,0.9179888280621397,1.0,467963556.9265984,146956011.549946,513157651.90263176,truth,0.8748020351045914,0.2575590339779387,500879226.9599529,0.0,500879226.9599529,truth,1.0,0.0,46908280.0,46908280.0,5.635693073272705,0.019460253417491913,-149192896.0,41191227392.0,41191227392.0,0.0,0.0,0.0,0.0,0,0.8576102704525591,0.0,0.0,0.1423897295474407,0.1423897295474407,0.08490627291390108,0.0,0.0,0.9150937270860989,0.9150937270860989,0,0.0,0,0,0,0.9860964417457581,0.42555350065231323,-2.9099024686729535e-05,0,nan,nan,0,nan,nan,161920,-2.9099024686729535e-05,0.0,0,0,0,0,0,0,0,0,0,0,0,0,0,0,0
expected_property,correct,76,0.2,41102700544.0,0.0,502263611392.0,478515625984.0,0.0,0.9181650838091061,1.0,468514725.2747545,146798003.31854498,513157651.90263176,truth,0.8758702215684268,0.2577338185045653,500879226.9599529,0.0,500879226.9599529,truth,1.0,0.0,39171984.0,39171984.0,6.599210739135742,0.020454250276088715,-131992720.0,41102700544.0,41102700544.0,0.0,0.0,0.0,0.0,0,0.8872791728814999,0.0,0.0,0.11272082711849966,0.11272082711849966,0.059355847445554756,0.0,0.0,0.9406441525544453,0.9406441525544453,0,0.0,0,0,0,0.9852110147476196,0.42655548453330994,-5.020871321903542e-05,0,nan,nan,0,nan,nan,161920,-5.020871321903542e-05,0.0,0,0,0,0,0,0,0,0,0,0,0,0,0,0,0
expected_property,correct,77,0.2,41053290496.0,0.0,502263611392.0,478515625984.0,0.0,0.9182634585407795,1.0,468995049.8853159,146709738.8152959,513157651.90263176,truth,0.8767744366785545,0.25797675141648035,500879226.9599529,0.0,500879226.9599529,truth,1.0,0.0,32109914.0,32109912.0,6.851747989654541,0.029298869892954826,-156249952.0,41053290496.0,41053290496.0,0.0,0.0,0.0,0.0,0,0.9418035843354348,0.0,0.0,0.05819641566456549,0.05819641566456549,0.05493553013976948,0.0,0.0,0.9450644698602306,0.9450644698602306,0,0.0,0,0,0,0.9840521216392517,0.42776983976364136,-6.250562000786886e-05,0,nan,nan,0,nan,nan,161920,-6.250562000786886e-05,0.0,0,0,0,0,0,0,0,0,0,0,0,0,0,0,0
expected_property,correct,78,0.2,41042423808.0,0.0,502263611392.0,478515625984.0,0.0,0.9182850939683788,1.0,469406741.99193805,146690325.482807,513157651.90263176,truth,0.877518801788377,0.2582891203755598,500879226.9599529,0.0,500879226.9599529,truth,1.0,0.0,26568560.0,26568558.0,6.148876667022705,0.054657917469739914,-243078144.0,41042423808.0,41042423808.0,0.0,0.0,0.0,0.0,0,0.9597201916340038,0.0,0.0,0.04027980836599627,0.04027980836599627,0.0702911600994961,0.0,0.0,0.929708839900504,0.929708839900504,0,0.0,0,0,0,0.9832799434661865,0.4291534721851349,-5.010968379792757e-05,0,nan,nan,0,nan,nan,161920,-5.010968379792757e-05,0.0,0,0,0,0,0,0,0,0,0,0,0,0,0,0,0
expected_property,correct,79,0.2,41036423168.0,0.0,502263611392.0,478515625984.0,0.0,0.9182970411607771,1.0,469746612.6975951,146679596.53273016,513157651.90263176,truth,0.8781308424124958,0.2585553503726031,500879226.9599529,0.0,500879226.9599529,truth,1.0,0.0,23148152.0,23148152.0,4.486772537231445,0.09590218961238861,-374792576.0,41036423168.0,41036423168.0,0.0,0.0,0.0,0.0,0,0.8540685244631964,0.0,0.0,0.1459314755368035,0.1459314755368035,0.13627004299361625,0.0,0.0,0.8637299570063838,0.8637299570063838,0,0.0,0,0,0,0.9829462170600891,0.4306129515171051,-1.96949222299736e-05,0,nan,nan,0,nan,nan,161920,-1.96949222299736e-05,0.0,0,0,0,0,0,0,0,0,0,0,0,0,0,0,0
expected_property,correct,80,0.2,41006080000.0,0.0,502263611392.0,478515625984.0,0.0,0.9183574539944203,1.0,470011923.72275764,146625354.9939132,513157651.90263176,truth,0.8786344630240727,0.2586753786439913,500879226.9599529,0.0,500879226.9599529,truth,1.0,0.0,20571354.0,20571354.0,4.165334224700928,0.13368068635463715,-468115456.0,41006080000.0,41006080000.0,0.0,0.0,0.0,0.0,0,0.7030625532195887,0.0,0.0,0.2969374467804113,0.2969374467804113,0.1595248176996157,0.0,0.0,0.8404751823003844,0.8404751823003844,0,0.0,0,0,0,0.9831039309501648,0.43163153529167175,4.594005076796748e-06,0,nan,nan,0,nan,nan,161920,4.594005076796748e-06,0.0,0,0,0,0,0,0,0,0,0,0,0,0,0,0,0
expected_property,correct,81,0.2,40967815168.0,0.0,502263611392.0,478515625984.0,0.0,0.9184336387530452,1.0,470203784.12127495,146556931.67916647,513157651.90263176,truth,0.8790150692478247,0.258706419990703,500879226.9599529,0.0,500879226.9599529,truth,1.0,0.0,17001884.0,17001884.0,5.836342811584473,0.15724638104438782,-456894784.0,40967815168.0,40967815168.0,0.0,0.0,0.0,0.0,0,0.643106986491318,0.0,0.0,0.3568930135086821,0.3568930135086821,0.07992092165805119,0.0,0.0,0.9200790783419489,0.9200790783419489,0,0.0,0,0,0,0.9842464327812195,0.43156448006629944,5.529871486942284e-05,0,nan,nan,0,nan,nan,161920,5.529871486942284e-05,0.0,0,0,0,0,0,0,0,0,0,0,0,0,0,0,0
expected_property,correct,82,0.2,40954400768.0,0.0,502263611392.0,478515625984.0,0.0,0.9184603466404886,1.0,470328056.03886294,146532937.36142963,513157651.90263176,truth,0.8792503516344735,0.25876472269230694,500879226.9599529,0.0,500879226.9599529,truth,1.0,0.0,12511934.0,12511934.0,8.049147605895996,0.14871060848236084,-319233600.0,40954400768.0,40954400768.0,0.0,0.0,0.0,0.0,0,0.716773118434654,0.0,0.0,0.28322688156534603,0.28322688156534603,0.0402413840864067,0.0,0.0,0.9597586159135933,0.9597586159135933,0,0.0,0,0,0,0.9844070076942444,0.4305979609489441,7.599376840516925e-05,0,nan,nan,0,nan,nan,161920,7.599376840516925e-05,0.0,0,0,0,0,0,0,0,0,0,0,0,0,0,0,0
expected_property,correct,83,0.2,40963268608.0,0.0,502263611392.0,478515625984.0,0.0,0.9184426908919955,1.0,470393776.39806557,146548809.10587415,513157651.90263176,truth,0.8793589087486257,0.2588494761782979,500879226.9599529,0.0,500879226.9599529,truth,1.0,0.0,10026815.0,10026815.0,8.846503257751465,0.0560365729033947,-96470912.0,40963268608.0,40963268608.0,0.0,0.0,0.0,nan,0,0.6685974009520984,0.0,0.0,0.33140259904790176,0.33140259904790176,0.029801950434983876,0.0,0.0,0.9701980495650162,0.9701980495650162,0,0.0,0,0,0,0.9846107959747314,0.4286288917064667,8.226749196182936e-05,0,nan,nan,0,nan,nan,161920,8.226749196182936e-05,0.0,0,0,0,0,0,0,0,0,0,0,0,0,0,0,0
expected_property,correct,84,0.2,40962994176.0,0.0,502263611392.0,478515625984.0,0.0,0.9184432372823645,1.0,470415096.88219285,146548308.05411035,513157651.90263176,truth,0.8793972737240502,0.25886627617621094,500879226.9599529,0.0,500879226.9599529,truth,1.0,0.0,10550493.0,10550493.0,5.794140815734863,-0.09097510576248169,165252672.0,40962994176.0,40962994176.0,0.0,0.0,0.0,0.0,0,0.395919408066486,0.0,0.0,0.604080591933514,0.604080591933514,0.05645711648150972,0.0,0.0,0.9435428835184902,0.9435428835184902,0,0.0,0,0,0,0.9846470952033997,0.4265575706958771,1.5420382624142803e-06,0,nan,nan,0,nan,nan,161920,1.5420382624142803e-06,0.0,0,0,0,0,0,0,0,0,0,0,0,0,0,0,0
expected_property,correct,85,0.2,40945983488.0,0.0,502263611392.0,478515625984.0,0.0,0.9184771053301669,1.0,470411590.1533398,146517878.82817423,513157651.90263176,truth,0.8794079419665121,0.2588058282962256,500879226.9599529,0.0,500879226.9599529,truth,1.0,0.0,10221117.0,10221116.0,5.887348651885986,-0.14416508376598358,254115216.0,40945983488.0,40945983488.0,0.0,0.0,0.0,0.0,0,0.35209154556421757,0.0,0.0,0.6479084544357824,0.6479084544357824,0.04150461514401607,0.0,0.0,0.958495384855984,0.958495384855984,0,0.0,0,0,0,0.9865366220474243,0.4255395531654358,-4.339314909884706e-05,0,nan,nan,0,nan,nan,161920,-4.339314909884706e-05,0.0,0,0,0,0,0,0,0,0,0,0,0,0,0,0,0
expected_property,correct,86,0.2,40947941376.0,0.0,502263611392.0,478515625984.0,0.0,0.9184732072018622,1.0,470403290.83252573,146521380.47469094,513157651.90263176,truth,0.8793911679217733,0.25880554001271794,500879226.9599529,0.0,500879226.9599529,truth,1.0,0.0,7930582.0,7930582.0,6.824037551879883,-0.14069096744060516,193353664.0,40947941376.0,40947941376.0,0.0,0.0,0.0,nan,0,0.6048065630996595,0.0,0.0,0.39519343690034064,0.39519343690034064,0.02327861172273835,0.0,0.0,0.9767213882772617,0.9767213882772617,0,0.0,0,0,0,0.9870930314064026,0.4260655343532562,-4.513822932494804e-05,0,nan,nan,0,nan,nan,161920,-4.513822932494804e-05,0.0,0,0,0,0,0,0,0,0,0,0,0,0,0,0,0
expected_property,correct,87,0.2,40948322304.0,0.0,502263611392.0,478515625984.0,0.0,0.9184724487794096,1.0,470395503.4632361,146522067.49209905,513157651.90263176,truth,0.879376874731833,0.2588003556864605,500879226.9599529,0.0,500879226.9599529,truth,1.0,0.0,8377167.5,8377167.5,5.245185375213623,0.03375720977783203,-49530200.0,40948322304.0,40948322304.0,0.0,0.0,0.0,nan,0,0.5730596052581644,0.0,0.0,0.4269403947418357,0.4269403947418357,0.03302203510857396,0.0,0.0,0.966977964891426,0.966977964891426,0,0.0,0,0,0,0.9847822189331055,0.42852604389190674,-3.770859620999545e-05,0,nan,nan,0,nan,nan,161920,-3.770859620999545e-05,0.0,0,0,0,0,0,0,0,0,0,0,0,0,0,0,0
expected_property,correct,88,0.2,40955387904.0,0.0,502263611392.0,478515625984.0,0.0,0.918458381266176,1.0,470387856.84147793,146534701.40351555,513157651.90263176,truth,0.8793561854148673,0.25881787523447275,500879226.9599529,0.0,500879226.9599529,truth,1.0,0.0,8324021.0,8324020.5,4.788345813751221,0.18399302661418915,-270466880.0,40955387904.0,40955387904.0,0.0,0.0,0.0,nan,0,0.6049792909454995,0.0,0.0,0.3950207090545007,0.3950207090545007,0.03557357109003619,0.0,0.0,0.9644264289099638,0.9644264289099638,0,0.0,0,0,0,0.9839227199554443,0.4306069612503052,-3.5887483136320952e-06,0,nan,nan,0,nan,nan,161920,-3.5887483136320952e-06,0.0,0,0,0,0,0,0,0,0,0,0,0,0,0,0,0
expected_property,correct,89,0.2,40945065984.0,0.0,502263611392.0,478515625984.0,0.0,0.9184789320681173,1.0,470378149.8236852,146516236.65262666,513157651.90263176,truth,0.8793491203086592,0.25877488100648793,500879226.9599529,0.0,500879226.9599529,truth,1.0,0.0,9396069.0,9396069.0,4.004199981689453,0.17875683307647705,-297620416.0,40945065984.0,40945065984.0,0.0,0.0,0.0,0.0,0,0.49087540431410154,0.0,0.0,0.5091245956858983,0.5091245956858983,0.044784635023388954,0.0,0.0,0.9552153649766111,0.9552153649766111,0,0.0,0,0,0,0.9844778776168823,0.43070685863494873,3.6266912502469495e-05,0,nan,nan,0,nan,nan,161920,3.6266912502469495e-05,0.0,0,0,0,0,0,0,0,0,0,0,0,0,0,0,0
expected_property,correct,90,0.2,40943972352.0,0.0,502263611392.0,478515625984.0,0.0,0.9184811094745133,1.0,470369586.91299534,146514277.43045175,513157651.90263176,truth,0.8793349149296066,0.25876404476336257,500879226.9599529,0.0,500879226.9599529,truth,1.0,0.0,7914375.0,7914375.0,6.078570365905762,0.09491165727376938,-133363760.0,40943972352.0,40943972352.0,0.0,0.0,0.0,0.0,0,0.7301244349052896,0.0,0.0,0.26987556509471045,0.26987556509471045,0.016458096367122834,0.0,0.0,0.9835419036328773,0.9835419036328773,0,0.0,0,0,0,0.9843365550041199,0.4293411672115326,4.133801849093288e-05,0,nan,nan,0,nan,nan,161920,4.133801849093288e-05,0.0,0,0,0,0,0,0,0,0,0,0,0,0,0,0,0
expected_property,correct,91,0.2,40950767616.0,0.0,502263611392.0,478515625984.0,0.0,0.9184675801965687,1.0,470364376.8450743,146526433.49788278,513157651.90263176,truth,0.8793188448169009,0.25878268867943005,500879226.9599529,0.0,500879226.9599529,truth,1.0,0.0,7891206.5,7891207.0,3.870560884475708,-0.07233414053916931,101331728.0,40950767616.0,40950767616.0,0.0,0.0,0.0,nan,0,0.7677713916816221,0.0,0.0,0.23222860831837808,0.23222860831837808,0.03317346145685725,0.0,0.0,0.9668265385431427,0.9668265385431427,0,0.0,0,0,0,0.984886884689331,0.42717525362968445,2.2715765226166695e-05,0,nan,nan,0,nan,nan,161920,2.2715765226166695e-05,0.0,0,0,0,0,0,0,0,0,0,0,0,0,0,0,0
expected_property,correct,92,0.2,40947290112.0,0.0,502263611392.0,478515625984.0,0.0,0.9184745038596037,1.0,470363708.3546202,146520215.02898452,513157651.90263176,truth,0.8793211108523113,0.2587703744465088,500879226.9599529,0.0,500879226.9599529,truth,1.0,0.0,8770697.0,8770696.0,3.5224976539611816,-0.13500113785266876,210582368.0,40947290112.0,40947290112.0,0.0,0.0,0.0,0.0,0,0.6362834489989002,0.0,0.0,0.36371655100109945,0.36371655100109945,0.03222212387097296,0.0,0.0,0.9677778761290271,0.9677778761290271,0,0.0,0,0,0,0.9865054488182068,0.4260266423225403,-3.0720575523446314e-06,0,nan,nan,0,nan,nan,161920,-3.0720575523446314e-06,0.0,0,0,0,0,0,0,0,0,0,0,0,0,0,0,0
expected_property,correct,93,0.2,40942223360.0,0.0,502263611392.0,478515625984.0,0.0,0.9184845916937312,1.0,470369965.66121215,146511156.46886972,513157651.90263176,truth,0.8793373279110486,0.2587584593456706,500879226.9599529,0.0,500879226.9599529,truth,1.0,0.0,8231573.0,8231573.0,4.039419651031494,-0.11538305133581161,169643184.0,40942223360.0,40942223360.0,0.0,0.0,0.0,0.0,0,0.7228026079811045,0.0,0.0,0.27719739201889537,0.27719739201889537,0.020164142194975605,0.0,0.0,0.9798358578050244,0.9798358578050244,0,0.0,0,0,0,0.9869726300239563,0.4263944923877716,-1.7924267012858763e-05,0,nan,nan,0,nan,nan,161920,-1.7924267012858763e-05,0.0,0,0,0,0,0,0,0,0,0,0,0,0,0,0,0
expected_property,correct,94,0.2,40942338048.0,0.0,502263611392.0,478515625984.0,0.0,0.9184843633514874,1.0,470384638.0884714,146511352.1066652,513157651.90263176,truth,0.8793634278364709,0.2587710491381599,500879226.9599529,0.0,500879226.9599529,truth,1.0,0.0,7560156.0,7560156.0,4.277638912200928,-0.0005784049862995744,786662.5,40942338048.0,40942338048.0,0.0,0.0,0.0,nan,0,0.8216290353656258,0.0,0.0,0.17837096463437413,0.17837096463437413,0.016419520679921376,0.0,0.0,0.9835804793200789,0.9835804793200789,0,0.0,0,0,0,0.9852918982505798,0.42813077569007874,-2.871377728297375e-05,0,nan,nan,0,nan,nan,161920,-2.871377728297375e-05,0.0,0,0,0,0,0,0,0,0,0,0,0,0,0,0,0
expected_property,correct,95,0.2,40943038464.0,0.0,502263611392.0,478515625984.0,0.0,0.9184829688327842,1.0,470406119.2373919,146512606.09423348,513157651.90263176,truth,0.8794011025402863,0.2587913053681642,500879226.9599529,0.0,500879226.9599529,truth,1.0,0.0,7333420.0,7333420.5,3.089722156524658,0.10245313495397568,-135920320.0,40943038464.0,40943038464.0,0.0,0.0,0.0,nan,0,0.7891252842930977,0.0,0.0,0.210874715706902,0.210874715706902,0.03240395531302693,0.0,0.0,0.967596044686973,0.967596044686973,0,0.0,0,0,0,0.9842362403869629,0.42952069640159607,-2.8333473892416805e-05,0,nan,nan,0,nan,nan,161920,-2.8333473892416805e-05,0.0,0,0,0,0,0,0,0,0,0,0,0,0,0,0,0
expected_property,correct,96,0.2,40938225664.0,0.0,502263611392.0,478515625984.0,0.0,0.9184925510519434,1.0,470431388.1357103,146503995.06124064,513157651.90263176,truth,0.8794510342333393,0.2587960565437826,500879226.9599529,0.0,500879226.9599529,truth,1.0,0.0,7283356.5,7283356.5,3.8121964931488037,0.10432027280330658,-137679872.0,40938225664.0,40938225664.0,0.0,0.0,0.0,0.0,0,0.678028103954842,0.0,0.0,0.3219718960451579,0.3219718960451579,0.02299031918976612,0.0,0.0,0.9770096808102338,0.9770096808102338,0,0.0,0,0,0,0.9846729636192322,0.4294391870498657,-2.531347718104371e-07,0,nan,nan,0,nan,nan,161920,-2.531347718104371e-07,0.0,0,0,0,0,0,0,0,0,0,0,0,0,0,0,0
expected_property,correct,97,0.2,40935727104.0,0.0,502263611392.0,478515625984.0,0.0,0.918497525650826,1.0,470458385.32515275,146499529.99435657,513157651.90263176,truth,0.8795017492698245,0.25881007592356453,500879226.9599529,0.0,500879226.9599529,truth,1.0,0.0,6281888.5,6281889.0,4.157931804656982,0.07353894412517548,-83870520.0,40935727104.0,40935727104.0,0.0,0.0,0.0,0.0,0,0.7237282777922971,0.0,0.0,0.2762717222077031,0.2762717222077031,0.021785346828384306,0.0,0.0,0.9782146531716156,0.9782146531716156,0,0.0,0,0,0,0.984727680683136,0.42881909012794495,2.5055709556909278e-05,0,nan,nan,0,nan,nan,161920,2.5055709556909278e-05,0.0,0,0,0,0,0,0,0,0,0,0,0,0,0,0,0
expected_property,correct,98,0.2,40934502400.0,0.0,502263611392.0,478515625984.0,0.0,0.9184999640197864,1.0,470484103.0895159,146497337.02516735,513157651.90263176,truth,0.8795489170766096,0.2588273177783908,500879226.9599529,0.0,500879226.9599529,truth,1.0,0.0,5465358.0,5465358.0,4.523781776428223,-0.02909303456544876,28879586.0,40934502400.0,40934502400.0,0.0,0.0,0.0,0.0,0,0.6949085052378443,0.0,0.0,0.30509149476215564,0.30509149476215564,0.0211011296867686,0.0,0.0,0.9788988703132314,0.9788988703132314,0,0.0,0,0,0,0.9857544302940369,0.4276427924633026,4.9716774810804054e-05,0,nan,nan,0,nan,nan,161920,4.9716774810804054e-05,0.0,0,0,0,0,0,0,0,0,0,0,0,0,0,0,0
expected_property,correct,99,0.2,40933335040.0,0.0,502263611392.0,478515625984.0,0.0,0.918502288217625,1.0,470504117.71316206,146495237.71017605,513157651.90263176,truth,0.8795858451735008,0.2588399879068225,500879226.9599529,0.0,500879226.9599529,truth,1.0,0.0,5145197.0,5145197.0,3.7842509746551514,-0.10761585086584091,100938824.0,40933335040.0,40933335040.0,0.0,0.0,0.0,0.0,0,0.5084021981085906,0.0,0.0,0.49159780189140945,0.49159780189140945,0.03272430160869401,0.0,0.0,0.967275698391306,0.967275698391306,0,0.0,0,0,0,0.9857308864593506,0.42725077271461487,-1.178171078208834e-05,0,nan,nan,0,nan,nan,161920,-1.178171078208834e-05,0.0,0,0,0,0,0,0,0,0,0,0,0,0,0,0,0
expected_property,correct,100,0.2,40933228544.0,0.0,502263611392.0,478515625984.0,0.0,0.9185025002497086,1.0,470516806.7360566,146495055.90792948,513157651.90263176,truth,0.8796086186269949,0.2588501903307293,500879226.9599529,0.0,500879226.9599529,truth,1.0,0.0,4520113.5,4520114.0,5.557340145111084,-0.04873288422822952,40306672.0,40933228544.0,40933228544.0,0.0,0.0,0.0,0.0,0,0.38367449994747316,0.0,0.0,0.616325500052527,0.616325500052527,0.015193386320488255,0.0,0.0,0.9848066136795117,0.9848066136795117,0,0.0,0,0,0,0.9846552014350891,0.4278325140476227,-5.615671398118138e-05,0,nan,nan,0,nan,nan,161920,-5.615671398118138e-05,0.0,0,0,0,0,0,0,0,0,0,0,0,0,0,0,0
expected_property,correct,101,0.1,961683.0625,0.0,478405754880.0,478515625984.0,0.0,0.999997989817111,1.0,500728469.5901113,710069.6307264521,500821723.44546413,truth,0.9998128105460148,0.0014053977883279945,500879226.9599529,0.0,500879226.9599529,truth,1.0,0.0,1600.6317138671875,1600.6317138671875,7.234745979309082,0.3050648868083954,-89458.4765625,961683.0625,961683.0625,0.0,0.0,0.0,0.0,0,0.028474056046504312,0.0,0.0,0.9715259439534956,0.9715259439534956,0.007316260293099635,0.0,0.0,0.9926837397069004,0.9926837397069004,0,0.0,0,0,0,0.9866359233856201,0.004603967070579529,1.867375232222912e-08,0,nan,nan,0,nan,nan,161920,1.867375232222912e-08,0.0,0,0,0,0,0,0,0,0,0,0,0,0,0,0,0
expected_property,correct,102,0.1,954810.75,0.0,478405754880.0,478515625984.0,0.0,0.9999980041821398,1.0,500728398.59286785,707527.9632071089,500821723.44546413,truth,0.9998126759934076,0.001400259818618082,500879226.9599529,0.0,500879226.9599529,truth,1.0,0.0,1357.0244140625,1357.0244140625,9.775093078613281,0.267067015171051,-66149.421875,954810.75,954810.75,0.0,0.0,0.0,0.0,0,0.040117550187894986,0.0,0.0,0.959882449812105,0.959882449812105,0.0032329797407434154,0.0,0.0,0.9967670202592567,0.9967670202592567,0,0.0,0,0,0,0.9887457489967346,0.004520210437476635,4.859608679907979e-07,0,nan,nan,0,nan,nan,161920,4.859608679907979e-07,0.0,0,0,0,0,0,0,0,0,0,0,0,0,0,0,0
expected_property,correct,103,0.1,952714.0,0.0,478405754880.0,478515625984.0,0.0,0.9999980085649257,1.0,500728255.66277105,706750.6601907068,500821723.44546413,truth,0.999812392846898,0.0013986559708903143,500879226.9599529,0.0,500879226.9599529,truth,1.0,0.0,946.393798828125,946.393798828125,11.422137260437012,0.17700763046741486,-30453.44921875,952714.0,952714.0,0.0,0.0,0.0,0.0,0,0.08806087813887303,0.0,0.0,0.911939121861127,0.911939121861127,0.0019653861432697515,0.0,0.0,0.9980346138567303,0.9980346138567303,0,0.0,0,0,0,0.98974609375,0.00439376151189208,9.953699873221922e-07,0,nan,nan,0,nan,nan,161920,9.953699873221922e-07,0.0,0,0,0,0,0,0,0,0,0,0,0,0,0,0,0
expected_property,correct,104,0.1,954431.5625,0.0,478405754880.0,478515625984.0,0.0,0.9999980049747463,1.0,500728255.5200094,707387.4776386701,500821723.44546413,truth,0.9998123907667061,0.001399938614671551,500879226.9599529,0.0,500879226.9599529,truth,1.0,0.0,701.8365478515625,701.8365478515625,9.782471656799316,-0.0004383906489238143,55.94488525390625,954431.5625,954431.5625,0.0,0.0,0.0,nan,0,0.16818644171156946,0.0,0.0,0.8318135582884305,0.8318135582884305,0.0025087392152765265,0.0,0.0,0.9974912607847235,0.9974912607847235,0,0.0,0,0,0,0.9892603158950806,0.004277500789612532,1.3184616136641125e-06,0,nan,nan,0,nan,nan,161920,1.3184616136641125e-06,0.0,0,0,0,0,0,0,0,0,0,0,0,0,0,0,0
expected_property,correct,105,0.1,954002.0,0.0,478405754880.0,478515625984.0,0.0,0.9999980058726504,1.0,500728255.55557954,707228.2418568986,500821723.44546413,truth,0.9998123912867541,0.0013996178923277927,500879226.9599529,0.0,500879226.9599529,truth,1.0,0.0,759.09033203125,759.09033203125,7.922800540924072,-0.10344044119119644,14365.75,954002.0,954002.0,0.0,0.0,0.0,0.0,0,0.14334035975878756,0.0,0.0,0.8566596402412122,0.8566596402412122,0.003725090905052875,0.0,0.0,0.9962749090949471,0.9962749090949471,0,0.0,0,0,0,0.9890110492706299,0.004211973864585161,1.0253953632854973e-06,0,nan,nan,0,nan,nan,161920,1.0253953632854973e-06,0.0,0,0,0,0,0,0,0,0,0,0,0,0,0,0,0
expected_property,correct,106,0.1,955240.6875,0.0,478405754880.0,478515625984.0,0.0,0.9999980032834519,1.0,500728398.5574581,707687.2450454367,500821723.44546413,truth,0.9998126754733597,0.0014005806227097542,500879226.9599529,0.0,500879226.9599529,truth,1.0,0.0,857.899658203125,857.8995971679688,7.655697345733643,-0.11249151825904846,17797.814453125,955240.6875,955240.6875,0.0,0.0,0.0,nan,0,0.11117620136444623,0.0,0.0,0.8888237986355537,0.8888237986355537,0.0036611031770111984,0.0,0.0,0.9963388968229888,0.9963388968229888,0,0.0,0,0,0,0.9904162287712097,0.0041850898414850235,3.2326212817679334e-07,0,nan,nan,0,nan,nan,161920,3.2326212817679334e-07,0.0,0,0,0,0,0,0,0,0,0,0,0,0,0,0,0
expected_property,correct,107,0.1,955746.8125,0.0,478405754880.0,478515625984.0,0.0,0.9999980022255109,1.0,500728183.85960615,707874.7024721254,500821723.44546413,truth,0.9998122463331874,0.0014009008065392192,500879226.9599529,0.0,500879226.9599529,truth,1.0,0.0,948.6091918945312,948.609130859375,5.861495018005371,-0.0763082429766655,13461.908203125,955746.8125,955746.8125,0.0,0.0,0.0,nan,0,0.0918962054132658,0.0,0.0,0.9081037945867342,0.9081037945867342,0.005307185240201283,0.0,0.0,0.9946928147597988,0.9946928147597988,0,0.0,0,0,0,0.9922745227813721,0.004191561136394739,-3.4982059560206835e-07,0,nan,nan,0,nan,nan,161920,-3.4982059560206835e-07,0.0,0,0,0,0,0,0,0,0,0,0,0,0,0,0,0
expected_property,correct,108,0.1,953623.1875,0.0,478405754880.0,478515625984.0,0.0,0.999998006664473,1.0,500728112.48288155,707087.8392957979,500821723.44546413,truth,0.9998121060600526,0.0013992967701957793,500879226.9599529,0.0,500879226.9599529,truth,1.0,0.0,929.9339599609375,929.9339599609375,5.3022332191467285,-0.033918872475624084,5911.5927734375,953623.1875,953623.1875,0.0,0.0,0.0,0.0,0,0.09972874382356207,0.0,0.0,0.9002712561764381,0.9002712561764381,0.005160294930958406,0.0,0.0,0.9948397050690415,0.9948397050690415,0,0.0,0,0,0,0.9931302666664124,0.004218978341668844,-7.958926175888337e-07,0,nan,nan,0,nan,nan,161920,-7.958926175888337e-07,0.0,0,0,0,0,0,0,0,0,0,0,0,0,0,0,0
expected_property,correct,109,0.1,950621.0625,0.0,478405754880.0,478515625984.0,0.0,0.9999980129397424,1.0,500728112.7346795,705973.9524939996,500821723.44546413,truth,0.9998121097003884,0.0013970531481663209,500879226.9599529,0.0,500879226.9599529,truth,1.0,0.0,702.9005737304688,702.9005737304688,7.947000026702881,-0.0026074331253767014,345.491943359375,950621.0625,950621.0625,0.0,0.0,0.0,0.0,0,0.18179654678530646,0.0,0.0,0.8182034532146936,0.8182034532146936,0.001754688595369846,0.0,0.0,0.9982453114046302,0.9982453114046302,0,0.0,0,0,0,0.992494523525238,0.004251972772181034,-9.521266406409268e-07,0,nan,nan,0,nan,nan,161920,-9.521266406409268e-07,0.0,0,0,0,0,0,0,0,0,0,0,0,0,0,0,0
expected_property,correct,110,0.1,951402.0,0.0,478405754880.0,478515625984.0,0.0,0.9999980113073677,1.0,500728327.3248586,706263.8612869838,500821723.44546413,truth,0.9998125372804167,0.001397694638772856,500879226.9599529,0.0,500879226.9599529,truth,1.0,0.0,451.2176818847656,451.2176818847656,8.632816314697266,0.041706886142492294,-3561.092529296875,951402.0,951402.0,0.0,0.0,0.0,nan,0,0.4410669378348409,0.0,0.0,0.5589330621651591,0.5589330621651591,0.001366457201537813,0.0,0.0,0.9986335427984622,0.9986335427984622,0,0.0,0,0,0,0.9907036423683167,0.004283543676137924,-6.502484666270902e-07,0,nan,nan,0,nan,nan,161920,-6.502484666270902e-07,0.0,0,0,0,0,0,0,0,0,0,0,0,0,0,0,0
expected_property,correct,111,0.1,953092.5,0.0,478405754880.0,478515625984.0,0.0,0.9999980077737564,1.0,500728398.73530865,706891.0450698892,500821723.44546413,truth,0.9998126780735995,0.001398977011105608,500879226.9599529,0.0,500879226.9599529,truth,1.0,0.0,564.2196655273438,564.2196655273438,5.916720390319824,0.06885101646184921,-7370.24609375,953092.5,953092.5,0.0,0.0,0.0,nan,0,0.2542923740537046,0.0,0.0,0.7457076259462955,0.7457076259462955,0.003168540219394666,0.0,0.0,0.9968314597806053,0.9968314597806053,0,0.0,0,0,0,0.9896767139434814,0.004307495895773172,-1.4223233790744416e-07,0,nan,nan,0,nan,nan,161920,-1.4223233790744416e-07,0.0,0,0,0,0,0,0,0,0,0,0,0,0,0,0,0
expected_property,correct,112,0.1,952587.5,0.0,478405754880.0,478515625984.0,0.0,0.9999980088293456,1.0,500728613.43364173,706703.7328895327,500821723.44546413,truth,0.9998131072137718,0.001398657072618691,500879226.9599529,0.0,500879226.9599529,truth,1.0,0.0,698.501708984375,698.5016479492188,4.5547051429748535,0.0860779881477356,-11457.4091796875,952587.5,952587.5,0.0,0.0,0.0,0.0,0,0.14063602942470343,0.0,0.0,0.8593639705752967,0.8593639705752967,0.005601316444179716,0.0,0.0,0.9943986835558202,0.9943986835558202,0,0.0,0,0,0,0.9889981150627136,0.0043295593932271,2.06674585001565e-07,0,nan,nan,0,nan,nan,161920,2.06674585001565e-07,0.0,0,0,0,0,0,0,0,0,0,0,0,0,0,0,0
expected_property,correct,113,0.1,951300.875,0.0,478405754880.0,478515625984.0,0.0,0.9999980115187468,1.0,500728613.54155505,706226.3083176666,500821723.44546413,truth,0.9998131087739157,0.0013976955201239936,500879226.9599529,0.0,500879226.9599529,truth,1.0,0.0,614.296875,614.296875,5.994711875915527,0.1148940846323967,-13534.98046875,951300.875,951300.875,0.0,0.0,0.0,0.0,0,0.14850208211610513,0.0,0.0,0.851497917883895,0.851497917883895,0.0034361373559980896,0.0,0.0,0.996563862644002,0.996563862644002,0,0.0,0,0,0,0.987982451915741,0.004343742970377207,4.1730015709617874e-07,0,nan,nan,0,nan,nan,161920,4.1730015709617874e-07,0.0,0,0,0,0,0,0,0,0,0,0,0,0,0,0,0
expected_property,correct,114,0.1,950393.375,0.0,478405754880.0,478515625984.0,0.0,0.9999980134156722,1.0,500728756.7222465,705889.3881621964,500821723.44546413,truth,0.9998133955607611,0.0013970551311586889,500879226.9599529,0.0,500879226.9599529,truth,1.0,0.0,424.0377502441406,424.0377197265625,7.590195655822754,0.15577584505081177,-12766.369140625,950393.375,950393.375,0.0,0.0,0.0,0.0,0,0.2468492054237988,0.0,0.0,0.7531507945762014,0.7531507945762014,0.0024912890306275923,0.0,0.0,0.9975087109693722,0.9975087109693722,0,0.0,0,0,0,0.9870274066925049,0.004341768566519022,4.45340731403121e-07,0,nan,nan,0,nan,nan,161920,4.45340731403121e-07,0.0,0,0,0,0,0,0,0,0,0,0,0,0,0,0,0
expected_property,correct,115,0.1,951174.8125,0.0,478405754880.0,478515625984.0,0.0,0.9999980117822522,1.0,500728971.3124257,706179.5274291092,500821723.44546413,truth,0.9998138231407894,0.0013976966218129199,500879226.9599529,0.0,500879226.9599529,truth,1.0,0.0,371.3638610839844,371.36383056640625,7.175934314727783,0.08594347536563873,-6214.27197265625,951174.8125,951174.8125,0.0,0.0,0.0,nan,0,0.23638185202286455,0.0,0.0,0.7636181479771356,0.7636181479771356,0.0031608966548765023,0.0,0.0,0.9968391033451235,0.9968391033451235,0,0.0,0,0,0,0.9883314371109009,0.004302447196096182,2.951610440504737e-07,0,nan,nan,0,nan,nan,161920,2.951610440504737e-07,0.0,0,0,0,0,0,0,0,0,0,0,0,0,0,0,0
expected_property,correct,116,0.1,952032.375,0.0,478405754880.0,478515625984.0,0.0,0.99999800998971,1.0,500728971.2404033,706497.8105557016,500821723.44546413,truth,0.9998138221006935,0.0013983376158001428,500879226.9599529,0.0,500879226.9599529,truth,1.0,0.0,395.3804016113281,395.3804016113281,4.9481048583984375,-0.0599631741642952,4646.095703125,952032.375,952032.375,0.0,0.0,0.0,nan,0,0.13863163889554958,0.0,0.0,0.8613683611044505,0.8613683611044505,0.006993961045631785,0.0,0.0,0.9930060389543683,0.9930060389543683,0,0.0,0,0,0,0.9918501377105713,0.00424240855500102,1.02076668895279e-07,0,nan,nan,0,nan,nan,161920,1.02076668895279e-07,0.0,0,0,0,0,0,0,0,0,0,0,0,0,0,0,0
expected_property,correct,117,0.1,951124.5625,0.0,478405754880.0,478515625984.0,0.0,0.9999980118872885,1.0,500729114.4207739,706160.8649592528,500821723.44546413,truth,0.9998141088875389,0.0013976970624884916,500879226.9599529,0.0,500879226.9599529,truth,1.0,0.0,395.74420166015625,395.74420166015625,5.095030307769775,-0.14444899559020996,11278.7880859375,951124.5625,951124.5625,0.0,0.0,0.0,0.0,0,0.08356533736291198,0.0,0.0,0.9164346626370881,0.9164346626370881,0.006714418418546816,0.0,0.0,0.9932855815814531,0.9932855815814531,0,0.0,0,0,0,0.99302077293396,0.004213331732898951,-1.1229583662952791e-07,0,nan,nan,0,nan,nan,161920,-1.1229583662952791e-07,0.0,0,0,0,0,0,0,0,0,0,0,0,0,0,0,0
expected_property,correct,118,0.1,949814.125,0.0,478405754880.0,478515625984.0,0.0,0.9999980146264644,1.0,500729186.083583,705674.2584507387,500821723.44546413,truth,0.9998142533210576,0.0013967361000118445,500879226.9599529,0.0,500879226.9599529,truth,1.0,0.0,380.4237060546875,380.4237060546875,4.889194488525391,-0.12050893157720566,9101.61328125,949814.125,949814.125,0.0,0.0,0.0,0.0,0,0.05132484173797182,0.0,0.0,0.9486751582620283,0.9486751582620283,0.006832314824410591,0.0,0.0,0.9931676851755896,0.9931676851755896,0,0.0,0,0,0,0.9915174245834351,0.004231705330312252,-2.7825461756947334e-07,0,nan,nan,0,nan,nan,161920,-2.7825461756947334e-07,0.0,0,0,0,0,0,0,0,0,0,0,0,0,0,0,0
expected_property,correct,119,0.1,950670.875,0.0,478405754880.0,478515625984.0,0.0,0.9999980128356206,1.0,500729186.01107943,705992.428061378,500821723.44546413,truth,0.9998142522809615,0.0013973768474345167,500879226.9599529,0.0,500879226.9599529,truth,1.0,0.0,264.1433410644531,264.1433410644531,6.649256706237793,-0.02429896593093872,1279.3939208984375,950670.875,950670.875,0.0,0.0,0.0,nan,0,0.07284247709007449,0.0,0.0,0.9271575229099254,0.9271575229099254,0.0031356293723292135,0.0,0.0,0.9968643706276709,0.9968643706276709,0,0.0,0,0,0,0.9904192686080933,0.004274248145520687,-3.2757913004388683e-07,0,nan,nan,0,nan,nan,161920,-3.2757913004388683e-07,0.0,0,0,0,0,0,0,0,0,0,0,0,0,0,0,0
expected_property,correct,120,0.1,951124.5625,0.0,478405754880.0,478515625984.0,0.0,0.9999980118872885,1.0,500729114.4207739,706160.8649592528,500821723.44546413,truth,0.9998141088875389,0.0013976970624884916,500879226.9599529,0.0,500879226.9599529,truth,1.0,0.0,285.01312255859375,285.0131530761719,3.8985118865966797,0.13499583303928375,-7684.109375,951124.5625,951124.5625,0.0,0.0,0.0,nan,0,0.0600331733013727,0.0,0.0,0.9399668266986273,0.9399668266986273,0.007208362417331214,0.0,0.0,0.9927916375826688,0.9927916375826688,0,0.0,0,0,0,0.9899485111236572,0.004314366728067398,-9.48627629782095e-08,0,nan,nan,0,nan,nan,161920,-9.48627629782095e-08,0.0,0,0,0,0,0,0,0,0,0,0,0,0,0,0,0
expected_property,correct,121,0.1,950267.5,0.0,478405754880.0,478515625984.0,0.0,0.9999980136787856,1.0,500729114.49311703,705842.6574811131,500821723.44546413,truth,0.9998141099276349,0.0013970562328211218,500879226.9599529,0.0,500879226.9599529,truth,1.0,0.0,352.09210205078125,352.09210205078125,4.003880977630615,0.17113837599754333,-12080.009765625,950267.5,950267.5,0.0,0.0,0.0,0.0,0,0.051300298068739904,0.0,0.0,0.9486997019312602,0.9486997019312602,0.004946722373192762,0.0,0.0,0.9950532776268072,0.9950532776268072,0,0.0,0,0,0,0.9875373244285583,0.004335672594606876,1.1660758758580414e-07,0,nan,nan,0,nan,nan,161920,1.1660758758580414e-07,0.0,0,0,0,0,0,0,0,0,0,0,0,0,0,0,0
expected_property,correct,122,0.1,950292.625,0.0,478405754880.0,478515625984.0,0.0,0.9999980136262674,1.0,500729042.9389429,705851.9893575422,500821723.44546413,truth,0.9998139670542601,0.0013970560124886347,500879226.9599529,0.0,500879226.9599529,truth,1.0,0.0,273.1344909667969,273.1344909667969,5.605503559112549,0.140870600938797,-7748.77783203125,950292.625,950292.625,0.0,0.0,0.0,nan,0,0.120010884950963,0.0,0.0,0.879989115049037,0.879989115049037,0.001607148683244976,0.0,0.0,0.9983928513167549,0.9983928513167549,0,0.0,0,0,0,0.9880105257034302,0.004313956014811993,2.2313913916605088e-07,0,nan,nan,0,nan,nan,161920,2.2313913916605088e-07,0.0,0,0,0,0,0,0,0,0,0,0,0,0,0,0,0
expected_property,correct,123,0.1,950695.875,0.0,478405754880.0,478515625984.0,0.0,0.9999980127833636,1.0,500729114.45690536,706001.7507060446,500821723.44546413,truth,0.9998141094075869,0.0013973766270993764,500879226.9599529,0.0,500879226.9599529,truth,1.0,0.0,195.75772094726562,195.75770568847656,6.077691555023193,-0.08091592788696289,3206.086181640625,950695.875,950695.875,0.0,0.0,0.0,nan,0,0.2767442359040829,0.0,0.0,0.7232557640959169,0.7232557640959169,0.0015487230283736985,0.0,0.0,0.9984512769716265,0.9984512769716265,0,0.0,0,0,0,0.990896999835968,0.0042584179900586605,1.484991969391558e-07,0,nan,nan,0,nan,nan,161920,1.484991969391558e-07,0.0,0,0,0,0,0,0,0,0,0,0,0,0,0,0,0
expected_property,correct,124,0.1,951149.6875,0.0,478405754880.0,478515625984.0,0.0,0.9999980118347704,1.0,500729042.8665998,706170.1926306434,500821723.44546413,truth,0.9998139660141642,0.0013976968421507059,500879226.9599529,0.0,500879226.9599529,truth,1.0,0.0,278.1914367675781,278.1914367675781,3.638446092605591,-0.12186621874570847,6909.48095703125,951149.6875,951149.6875,0.0,0.0,0.0,nan,0,0.12686327680427967,0.0,0.0,0.8731367231957204,0.8731367231957204,0.004554928293263437,0.0,0.0,0.9954450717067366,0.9954450717067366,0,0.0,0,0,0,0.9895085096359253,0.004244664683938026,1.4081047083891463e-07,0,nan,nan,0,nan,nan,161920,1.4081047083891463e-07,0.0,0,0,0,0,0,0,0,0,0,0,0,0,0,0,0
expected_property,correct,125,0.1,951603.5,0.0,478405754880.0,478515625984.0,0.0,0.9999980108861771,1.0,500728971.27637434,706338.6584918031,500821723.44546413,truth,0.9998138226207415,0.0013980170982793511,500879226.9599529,0.0,500879226.9599529,truth,1.0,0.0,236.13442993164062,236.13442993164062,4.978111267089844,-0.11108385026454926,5373.0048828125,951603.5,951603.5,0.0,0.0,0.0,nan,0,0.16830124911979394,0.0,0.0,0.8316987508802062,0.8316987508802062,0.001959069529725174,0.0,0.0,0.9980409304702748,0.9980409304702748,0,0.0,0,0,0,0.9927188754081726,0.004248510580509901,-4.096987993307266e-08,0,nan,nan,0,nan,nan,161920,-4.096987993307266e-08,0.0,0,0,0,0,0,0,0,0,0,0,0,0,0,0,0
expected_property,correct,126,0.1,950267.5,0.0,478405754880.0,478515625984.0,0.0,0.9999980136787856,1.0,500729114.49311703,705842.6574811131,500821723.44546413,truth,0.9998141099276349,0.0013970562328211218,500879226.9599529,0.0,500879226.9599529,truth,1.0,0.0,231.83026123046875,231.83029174804688,4.724996566772461,0.0702178105711937,-3349.04931640625,950267.5,950267.5,0.0,0.0,0.0,0.0,0,0.16573067793313379,0.0,0.0,0.8342693220668662,0.8342693220668662,0.0019334378894625913,0.0,0.0,0.9980665621105376,0.9980665621105376,0,0.0,0,0,0,0.9909849166870117,0.0042949640192091465,-3.276543623087491e-07,0,nan,nan,0,nan,nan,161920,-3.276543623087491e-07,0.0,0,0,0,0,0,0,0,0,0,0,0,0,0,0,0
expected_property,correct,127,0.1,950242.4375,0.0,478405754880.0,478515625984.0,0.0,0.9999980137311731,1.0,500729186.04729116,705833.3327351436,500821723.44546413,truth,0.9998142528010096,0.0013970564531536089,500879226.9599529,0.0,500879226.9599529,truth,1.0,0.0,191.55125427246094,191.55125427246094,4.808020114898682,0.1702248901128769,-6715.69091796875,950242.4375,950242.4375,0.0,0.0,0.0,0.0,0,0.20205699531944277,0.0,0.0,0.7979430046805571,0.7979430046805571,0.0024212211555087047,0.0,0.0,0.9975787788444913,0.9975787788444913,0,0.0,0,0,0,0.9873849749565125,0.004316328559070826,-2.5371878109581303e-07,0,nan,nan,0,nan,nan,161920,-2.5371878109581303e-07,0.0,0,0,0,0,0,0,0,0,0,0,0,0,0,0,0
expected_property,correct,128,0.1,949814.125,0.0,478405754880.0,478515625984.0,0.0,0.9999980146264644,1.0,500729186.083583,705674.2584507387,500821723.44546413,truth,0.9998142533210576,0.0013967361000118445,500879226.9599529,0.0,500879226.9599529,truth,1.0,0.0,236.5010528564453,236.50103759765625,3.4597644805908203,-0.007145600393414497,347.6236572265625,949814.125,949814.125,0.0,0.0,0.0,0.0,0,0.08161478238289198,0.0,0.0,0.9183852176171081,0.9183852176171081,0.0055443807980365785,0.0,0.0,0.9944556192019635,0.9944556192019635,0,0.0,0,0,0,0.99155592918396,0.004268650896847248,8.7636557566384e-08,0,nan,nan,0,nan,nan,161920,8.7636557566384e-08,0.0,0,0,0,0,0,0,0,0,0,0,0,0,0,0,0
expected_property,correct,129,0.1,950267.5,0.0,478405754880.0,478515625984.0,0.0,0.9999980136787856,1.0,500729114.49311703,705842.6574811131,500821723.44546413,truth,0.9998141099276349,0.0013970562328211218,500879226.9599529,0.0,500879226.9599529,truth,1.0,0.0,183.1581268310547,183.1581268310547,5.057530403137207,-0.04648697003722191,1759.728515625,950267.5,950267.5,0.0,0.0,0.0,nan,0,0.06937229727272354,0.0,0.0,0.9306277027272765,0.9306277027272765,0.0027550756364080136,0.0,0.0,0.9972449243635919,0.9972449243635919,0,0.0,0,0,0,0.989372730255127,0.004265822470188141,3.9275585095310817e-07,0,nan,nan,0,nan,nan,161920,3.9275585095310817e-07,0.0,0,0,0,0,0,0,0,0,0,0,0,0,0,0,0
expected_property,correct,130,0.1,951099.4375,0.0,478405754880.0,478515625984.0,0.0,0.9999980119398068,1.0,500729185.97494805,706151.5444152197,500821723.44546413,truth,0.9998142517609137,0.0013976972828262776,500879226.9599529,0.0,500879226.9599529,truth,1.0,0.0,175.39700317382812,175.39700317382812,4.73419189453125,0.018754636868834496,-685.0984497070312,951099.4375,951099.4375,0.0,0.0,0.0,nan,0,0.04813278929169092,0.0,0.0,0.9518672107083092,0.9518672107083092,0.00266850515545834,0.0,0.0,0.9973314948445418,0.9973314948445418,0,0.0,0,0,0,0.9885360598564148,0.004284168593585491,1.5277126408363984e-07,0,nan,nan,0,nan,nan,161920,1.5277126408363984e-07,0.0,0,0,0,0,0,0,0,0,0,0,0,0,0,0,0
expected_property,correct,131,0.1,949386.0625,0.0,478405754880.0,478515625984.0,0.0,0.9999980155212331,1.0,500729186.1199551,705515.2052223963,500821723.44546413,truth,0.9998142538411056,0.0013964157880375378,500879226.9599529,0.0,500879226.9599529,truth,1.0,0.0,217.80084228515625,217.8008270263672,3.4584121704101562,-0.015752440318465233,717.2839965820312,949386.0625,949386.0625,0.0,0.0,0.0,0.0,0,0.035007734941918486,0.0,0.0,0.9649922650580817,0.9649922650580817,0.0037759181684832756,0.0,0.0,0.9962240818315167,0.9962240818315167,0,0.0,0,0,0,0.9932716488838196,0.004271166864782572,-1.8521505751323275e-07,0,nan,nan,0,nan,nan,161920,-1.8521505751323275e-07,0.0,0,0,0,0,0,0,0,0,0,0,0,0,0,0,0
expected_property,correct,132,0.1,951099.4375,0.0,478405754880.0,478515625984.0,0.0,0.9999980119398068,1.0,500729185.97494805,706151.5444152197,500821723.44546413,truth,0.9998142517609137,0.0013976972828262776,500879226.9599529,0.0,500879226.9599529,truth,1.0,0.0,146.972900390625,146.972900390625,5.027203559875488,-0.004708561580628157,145.06333923339844,951099.4375,951099.4375,0.0,0.0,0.0,nan,0,0.09799417151127018,0.0,0.0,0.9020058284887296,0.9020058284887296,0.0015882567499040465,0.0,0.0,0.9984117432500957,0.9984117432500957,0,0.0,0,0,0,0.9907467365264893,0.004277852829545736,-2.512296646273171e-07,0,nan,nan,0,nan,nan,161920,-2.512296646273171e-07,0.0,0,0,0,0,0,0,0,0,0,0,0,0,0,0,0
expected_property,correct,133,0.1,949386.0625,0.0,478405754880.0,478515625984.0,0.0,0.9999980155212331,1.0,500729186.1199551,705515.2052223963,500821723.44546413,truth,0.9998142538411056,0.0013964157880375378,500879226.9599529,0.0,500879226.9599529,truth,1.0,0.0,200.41983032226562,200.41983032226562,3.9108660221099854,0.030451178550720215,-1279.961669921875,949386.0625,949386.0625,0.0,0.0,0.0,0.0,0,0.04637594787741045,0.0,0.0,0.9536240521225895,0.9536240521225895,0.0026901094325638784,0.0,0.0,0.9973098905674361,0.9973098905674361,0,0.0,0,0,0,0.9877332448959351,0.0042875343933701515,-8.163495124335896e-08,0,nan,nan,0,nan,nan,161920,-8.163495124335896e-08,0.0,0,0,0,0,0,0,0,0,0,0,0,0,0,0,0
expected_property,correct,134,0.1,950645.6875,0.0,478405754880.0,478515625984.0,0.0,0.9999980128882694,1.0,500729257.56525356,705983.1125459021,500821723.44546413,truth,0.9998143951543363,0.0013973770677696573,500879226.9599529,0.0,500879226.9599529,truth,1.0,0.0,185.4639892578125,185.46397399902344,3.7889535427093506,0.007755512371659279,-301.66607666015625,950645.6875,950645.6875,0.0,0.0,0.0,nan,0,0.05617531183190504,0.0,0.0,0.9438246881680946,0.9438246881680946,0.0022104367643174558,0.0,0.0,0.9977895632356825,0.9977895632356825,0,0.0,0,0,0,0.9904147982597351,0.004276064690202475,7.788805334030258e-08,0,nan,nan,0,nan,nan,161920,7.788805334030258e-08,0.0,0,0,0,0,0,0,0,0,0,0,0,0,0,0,0
expected_property,correct,135,0.1,949386.0625,0.0,478405754880.0,478515625984.0,0.0,0.9999980155212331,1.0,500729186.1199551,705515.2052223963,500821723.44546413,truth,0.9998142538411056,0.0013964157880375378,500879226.9599529,0.0,500879226.9599529,truth,1.0,0.0,164.37326049804688,164.3732452392578,4.676662921905518,0.0341743640601635,-1182.24169921875,949386.0625,949386.0625,0.0,0.0,0.0,0.0,0,0.0927640180936916,0.0,0.0,0.9072359819063084,0.9072359819063084,0.0006992421225886739,0.0,0.0,0.9993007578774113,0.9993007578774113,0,0.0,0,0,0,0.9903134107589722,0.004279285669326782,2.255677742368789e-07,0,nan,nan,0,nan,nan,161920,2.255677742368789e-07,0.0,0,0,0,0,0,0,0,0,0,0,0,0,0,0,0
expected_property,correct,136,0.1,949814.125,0.0,478405754880.0,478515625984.0,0.0,0.9999980146264644,1.0,500729186.083583,705674.2584507387,500821723.44546413,truth,0.9998142533210576,0.0013967361000118445,500879226.9599529,0.0,500879226.9599529,truth,1.0,0.0,177.7362518310547,177.7362518310547,3.591851234436035,0.05497180297970772,-2069.18359375,949814.125,949814.125,0.0,0.0,0.0,nan,0,0.09180976921144152,0.0,0.0,0.9081902307885584,0.9081902307885584,0.0007754935145008301,0.0,0.0,0.9992245064854993,0.9992245064854993,0,0.0,0,0,0,0.9883960485458374,0.004289537202566862,1.5565358069125068e-07,0,nan,nan,0,nan,nan,161920,1.5565358069125068e-07,0.0,0,0,0,0,0,0,0,0,0,0,0,0,0,0,0
expected_property,correct,137,0.1,950242.4375,0.0,478405754880.0,478515625984.0,0.0,0.9999980137311731,1.0,500729186.04729116,705833.3327351436,500821723.44546413,truth,0.9998142528010096,0.0013970564531536089,500879226.9599529,0.0,500879226.9599529,truth,1.0,0.0,158.70318603515625,158.7032012939453,3.28605055809021,-0.04890739545226097,1649.6097412109375,950242.4375,950242.4375,0.0,0.0,0.0,nan,0,0.10238192124261275,0.0,0.0,0.8976180787573874,0.8976180787573874,0.0018293116894273478,0.0,0.0,0.9981706883105727,0.9981706883105727,0,0.0,0,0,0,0.991401195526123,0.00427156500518322,-2.1412419926036819e-07,0,nan,nan,0,nan,nan,161920,-2.1412419926036819e-07,0.0,0,0,0,0,0,0,0,0,0,0,0,0,0,0,0
expected_property,correct,138,0.1,950267.5,0.0,478405754880.0,478515625984.0,0.0,0.9999980136787856,1.0,500729114.49311703,705842.6574811131,500821723.44546413,truth,0.9998141099276349,0.0013970562328211218,500879226.9599529,0.0,500879226.9599529,truth,1.0,0.0,158.38595581054688,158.38595581054688,4.026057720184326,-0.07634876668453217,2571.68115234375,950267.5,950267.5,0.0,0.0,0.0,nan,0,0.06492495307439111,0.0,0.0,0.9350750469256089,0.9350750469256089,0.0017896331400896752,0.0,0.0,0.9982103668599104,0.9982103668599104,0,0.0,0,0,0,0.9917226433753967,0.004264741204679012,-2.3915487190606655e-07,0,nan,nan,0,nan,nan,161920,-2.3915487190606655e-07,0.0,0,0,0,0,0,0,0,0,0,0,0,0,0,0,0
expected_property,correct,139,0.1,950217.3125,0.0,478405754880.0,478515625984.0,0.0,0.9999980137836914,1.0,500729257.6014653,705824.0151199164,500821723.44546413,truth,0.9998143956743843,0.0013970566734860961,500879226.9599529,0.0,500879226.9599529,truth,1.0,0.0,137.43386840820312,137.43386840820312,3.4862308502197266,0.08042602241039276,-2352.065185546875,950217.3125,950217.3125,0.0,0.0,0.0,0.0,0,0.04705740022687344,0.0,0.0,0.9529425997731265,0.9529425997731265,0.0021906274721747256,0.0,0.0,0.9978093725278252,0.9978093725278252,0,0.0,0,0,0,0.9883187413215637,0.004288025200366974,1.600703569692996e-07,0,nan,nan,0,nan,nan,161920,1.600703569692996e-07,0.0,0,0,0,0,0,0,0,0,0,0,0,0,0,0,0
expected_property,correct,140,0.1,950242.4375,0.0,478405754880.0,478515625984.0,0.0,0.9999980137311731,1.0,500729186.04729116,705833.3327351436,500821723.44546413,truth,0.9998142528010096,0.0013970564531536089,500879226.9599529,0.0,500879226.9599529,truth,1.0,0.0,134.7321319580078,134.7321319580078,4.057323455810547,0.07494620233774185,-2150.93505859375,950242.4375,950242.4375,0.0,0.0,0.0,nan,0,0.032383780951271125,0.0,0.0,0.967616219048729,0.967616219048729,0.0013671649874926223,0.0,0.0,0.9986328350125075,0.9986328350125075,0,0.0,0,0,0,0.9900973439216614,0.0042863087728619576,1.3491859363057301e-07,0,nan,nan,0,nan,nan,161920,1.3491859363057301e-07,0.0,0,0,0,0,0,0,0,0,0,0,0,0,0,0,0
expected_property,correct,141,0.1,948958.0625,0.0,478405754880.0,478515625984.0,0.0,0.9999980164158712,1.0,500729186.15640736,705356.1730643604,500821723.44546413,truth,0.9998142543611535,0.0013960955172590236,500879226.9599529,0.0,500879226.9599529,truth,1.0,0.0,143.8035430908203,143.80355834960938,3.8771111965179443,-0.04142991453409195,1273.6658935546875,948958.0625,948958.0625,0.0,0.0,0.0,0.0,0,0.018401224510498797,0.0,0.0,0.9815987754895011,0.9815987754895011,0.0017966419886104165,0.0,0.0,0.9982033580113895,0.9982033580113895,0,0.0,0,0,0,0.9902007579803467,0.004274176433682442,-3.8880862973655894e-08,0,nan,nan,0,nan,nan,161920,-3.8880862973655894e-08,0.0,0,0,0,0,0,0,0,0,0,0,0,0,0,0,0
expected_property,correct,142,0.1,950242.4375,0.0,478405754880.0,478515625984.0,0.0,0.9999980137311731,1.0,500729186.04729116,705833.3327351436,500821723.44546413,truth,0.9998142528010096,0.0013970564531536089,500879226.9599529,0.0,500879226.9599529,truth,1.0,0.0,105.09436798095703,105.09437561035156,3.835702657699585,-0.0037412322126328945,84.46253204345703,950242.4375,950242.4375,0.0,0.0,0.0,nan,0,0.028313880495481645,0.0,0.0,0.9716861195045183,0.9716861195045183,0.0015975250625047128,0.0,0.0,0.9984024749374953,0.9984024749374953,0,0.0,0,0,0,0.9895269274711609,0.004278684966266155,-6.48627391797163e-08,0,nan,nan,0,nan,nan,161920,-6.48627391797163e-08,0.0,0,0,0,0,0,0,0,0,0,0,0,0,0,0,0
expected_property,correct,143,0.1,950267.5,0.0,478405754880.0,478515625984.0,0.0,0.9999980136787856,1.0,500729114.49311703,705842.6574811131,500821723.44546413,truth,0.9998141099276349,0.0013970562328211218,500879226.9599529,0.0,500879226.9599529,truth,1.0,0.0,131.5453643798828,131.5453643798828,3.653709888458252,-0.04682886600494385,1323.113525390625,950267.5,950267.5,0.0,0.0,0.0,nan,0,0.04089404412528431,0.0,0.0,0.9591059558747157,0.9591059558747157,0.0004726153906586711,0.0,0.0,0.9995273846093414,0.9995273846093414,0,0.0,0,0,0,0.9924076199531555,0.004266629461199045,2.21245191056596e-08,0,nan,nan,0,nan,nan,161920,2.21245191056596e-08,0.0,0,0,0,0,0,0,0,0,0,0,0,0,0,0,0
expected_property,correct,144,0.1,949814.125,0.0,478405754880.0,478515625984.0,0.0,0.9999980146264644,1.0,500729186.083583,705674.2584507387,500821723.44546413,truth,0.9998142533210576,0.0013967361000118445,500879226.9599529,0.0,500879226.9599529,truth,1.0,0.0,102.97613525390625,102.97614288330078,3.234668016433716,0.0883275493979454,-1956.1549072265625,949814.125,949814.125,0.0,0.0,0.0,0.0,0,0.10709324576587895,0.0,0.0,0.8929067542341208,0.8929067542341208,0.0005838686782992001,0.0,0.0,0.9994161313217008,0.9994161313217008,0,0.0,0,0,0,0.9887689352035522,0.004290192387998104,-4.5305277751594986e-08,0,nan,nan,0,nan,nan,161920,-4.5305277751594986e-08,0.0,0,0,0,0,0,0,0,0,0,0,0,0,0,0,0
expected_property,correct,145,0.1,949814.125,0.0,478405754880.0,478515625984.0,0.0,0.9999980146264644,1.0,500729186.083583,705674.2584507387,500821723.44546413,truth,0.9998142533210576,0.0013967361000118445,500879226.9599529,0.0,500879226.9599529,truth,1.0,0.0,109.13668060302734,109.13668060302734,3.5634827613830566,-0.008930222131311893,209.88352966308594,949814.125,949814.125,0.0,0.0,0.0,nan,0,0.07354891472456472,0.0,0.0,0.9264510852754351,0.9264510852754351,0.001231012343649363,0.0,0.0,0.9987689876563507,0.9987689876563507,0,0.0,0,0,0,0.9892311692237854,0.004277892876416445,1.8222049646965388e-08,0,nan,nan,0,nan,nan,161920,1.8222049646965388e-08,0.0,0,0,0,0,0,0,0,0,0,0,0,0,0,0,0
expected_property,correct,146,0.1,949814.125,0.0,478405754880.0,478515625984.0,0.0,0.9999980146264644,1.0,500729186.083583,705674.2584507387,500821723.44546413,truth,0.9998142533210576,0.0013967361000118445,500879226.9599529,0.0,500879226.9599529,truth,1.0,0.0,125.93119049072266,125.93119812011719,3.843212604522705,-0.0355413556098938,966.7381591796875,949814.125,949814.125,0.0,0.0,0.0,nan,0,0.032778343945932036,0.0,0.0,0.967221656054068,0.967221656054068,0.0009907656838417133,0.0,0.0,0.9990092343161583,0.9990092343161583,0,0.0,0,0,0,0.9917467832565308,0.004269033670425415,1.0014502294097838e-07,0,nan,nan,0,nan,nan,161920,1.0014502294097838e-07,0.0,0,0,0,0,0,0,0,0,0,0,0,0,0,0,0
expected_property,correct,147,0.1,949814.125,0.0,478405754880.0,478515625984.0,0.0,0.9999980146264644,1.0,500729186.083583,705674.2584507387,500821723.44546413,truth,0.9998142533210576,0.0013967361000118445,500879226.9599529,0.0,500879226.9599529,truth,1.0,0.0,130.1688995361328,130.16888427734375,2.767871856689453,0.049583736807107925,-1399.1881103515625,949814.125,949814.125,0.0,0.0,0.0,nan,0,0.019975387737175502,0.0,0.0,0.9800246122628243,0.9800246122628243,0.001552640636451207,0.0,0.0,0.9984473593635488,0.9984473593635488,0,0.0,0,0,0,0.9896217584609985,0.004286803305149078,-2.802540954860433e-08,0,nan,nan,0,nan,nan,161920,-2.802540954860433e-08,0.0,0,0,0,0,0,0,0,0,0,0,0,0,0,0,0
expected_property,correct,148,0.1,950670.875,0.0,478405754880.0,478515625984.0,0.0,0.9999980128356206,1.0,500729186.01107943,705992.428061378,500821723.44546413,truth,0.9998142522809615,0.0013973768474345167,500879226.9599529,0.0,500879226.9599529,truth,1.0,0.0,76.58504486083984,76.58503723144531,3.9317047595977783,-0.03506780043244362,582.1417236328125,950670.875,950670.875,0.0,0.0,0.0,nan,0,0.038163621198459736,0.0,0.0,0.9618363788015404,0.9618363788015404,0.0012332167772446405,0.0,0.0,0.9987667832227554,0.9987667832227554,0,0.0,0,0,0,0.9896064400672913,0.00427706865593791,-1.4268057668687106e-07,0,nan,nan,0,nan,nan,161920,-1.4268057668687106e-07,0.0,0,0,0,0,0,0,0,0,0,0,0,0,0,0,0
expected_property,correct,149,0.1,950670.875,0.0,478405754880.0,478515625984.0,0.0,0.9999980128356206,1.0,500729186.01107943,705992.428061378,500821723.44546413,truth,0.9998142522809615,0.0013973768474345167,500879226.9599529,0.0,500879226.9599529,truth,1.0,0.0,162.39495849609375,162.3949737548828,2.733745813369751,0.006449610460549593,-226.91860961914062,950670.875,950670.875,0.0,0.0,0.0,nan,0,0.005607253416006062,0.0,0.0,0.9943927465839939,0.9943927465839939,0.0016518109704135176,0.0,0.0,0.9983481890295864,0.9983481890295864,0,0.0,0,0,0,0.9917886257171631,0.0042722271755337715,-3.3052153014523356e-08,0,nan,nan,0,nan,nan,161920,-3.3052153014523356e-08,0.0,0,0,0,0,0,0,0,0,0,0,0,0,0,0,0
expected_property,correct,150,0.1,950217.3125,0.0,478405754880.0,478515625984.0,0.0,0.9999980137836914,1.0,500729257.6014653,705824.0151199164,500821723.44546413,truth,0.9998143956743843,0.0013970566734860961,500879226.9599529,0.0,500879226.9599529,truth,1.0,0.0,98.65470123291016,98.6546859741211,3.951244831085205,0.05653270706534386,-1211.03515625,950217.3125,950217.3125,0.0,0.0,0.0,0.0,0,0.04299230095400599,0.0,0.0,0.9570076990459938,0.9570076990459938,0.0005528537412274831,0.0,0.0,0.9994471462587725,0.9994471462587725,0,0.0,0,0,0,0.9896941781044006,0.004282564856112003,2.0082602247839532e-07,0,nan,nan,0,nan,nan,161920,2.0082602247839532e-07,0.0,0,0,0,0,0,0,0,0,0,0,0,0,0,0,0
expected_property,correct,151,0.1,950192.25,0.0,478405754880.0,478515625984.0,0.0,0.9999980138360789,1.0,500729329.15563935,705814.7046357138,500821723.44546413,truth,0.999814538547759,0.0013970568938185834,500879226.9599529,0.0,500879226.9599529,truth,1.0,0.0,142.1659393310547,142.16595458984375,3.440762758255005,0.004896271508187056,-151.78944396972656,950192.25,950192.25,0.0,0.0,0.0,0.0,0,0.02361342154645747,0.0,0.0,0.9763865784535425,0.9763865784535425,0.0004812713473617751,0.0,0.0,0.9995187286526381,0.9995187286526381,0,0.0,0,0,0,0.988326370716095,0.004284619819372892,9.107721865575513e-08,0,nan,nan,0,nan,nan,161920,9.107721865575513e-08,0.0,0,0,0,0,0,0,0,0,0,0,0,0,0,0,0
expected_property,correct,152,0.1,949386.0625,0.0,478405754880.0,478515625984.0,0.0,0.9999980155212331,1.0,500729186.1199551,705515.2052223963,500821723.44546413,truth,0.9998142538411056,0.0013964157880375378,500879226.9599529,0.0,500879226.9599529,truth,1.0,0.0,130.3418731689453,130.34185791015625,2.4162847995758057,-0.02974073216319084,846.944091796875,949386.0625,949386.0625,0.0,0.0,0.0,0.0,0,0.025422171683318256,0.0,0.0,0.974577828316682,0.974577828316682,0.0014709187618519419,0.0,0.0,0.9985290812381481,0.9985290812381481,0,0.0,0,0,0,0.9913448691368103,0.004272479098290205,-1.7433309551506682e-07,0,nan,nan,0,nan,nan,161920,-1.7433309551506682e-07,0.0,0,0,0,0,0,0,0,0,0,0,0,0,0,0,0
expected_property,correct,153,0.1,951074.375,0.0,478405754880.0,478515625984.0,0.0,0.9999980119921943,1.0,500729257.5291221,706142.2309988264,500821723.44546413,truth,0.9998143946342883,0.0013976975031640638,500879226.9599529,0.0,500879226.9599529,truth,1.0,0.0,96.63018798828125,96.63018798828125,4.815409183502197,-0.03767142817378044,795.2357177734375,951074.375,951074.375,0.0,0.0,0.0,nan,0,0.037792795856434344,0.0,0.0,0.9622072041435656,0.9622072041435656,0.0005396141590713675,0.0,0.0,0.9994603858409287,0.9994603858409287,0,0.0,0,0,0,0.9916448593139648,0.0042701479978859425,-1.4061755848615576e-07,0,nan,nan,0,nan,nan,161920,-1.4061755848615576e-07,0.0,0,0,0,0,0,0,0,0,0,0,0,0,0,0,0
expected_property,correct,154,0.1,949386.0625,0.0,478405754880.0,478515625984.0,0.0,0.9999980155212331,1.0,500729186.1199551,705515.2052223963,500821723.44546413,truth,0.9998142538411056,0.0013964157880375378,500879226.9599529,0.0,500879226.9599529,truth,1.0,0.0,181.46400451660156,181.46400451660156,1.719923734664917,0.04633890464901924,-1837.945068359375,949386.0625,949386.0625,0.0,0.0,0.0,0.0,0,0.009173411508681515,0.0,0.0,0.9908265884913184,0.9908265884913184,0.002251687607983699,0.0,0.0,0.9977483123920162,0.9977483123920162,0,0.0,0,0,0,0.9872184991836548,0.004292027559131384,5.417313175826166e-08,0,nan,nan,0,nan,nan,161920,5.417313175826166e-08,0.0,0,0,0,0,0,0,0,0,0,0,0,0,0,0,0
expected_property,correct,155,0.1,950695.875,0.0,478405754880.0,478515625984.0,0.0,0.9999980127833636,1.0,500729114.45690536,706001.7507060446,500821723.44546413,truth,0.9998141094075869,0.0013973766270993764,500879226.9599529,0.0,500879226.9599529,truth,1.0,0.0,149.4553680419922,149.4553680419922,4.6990437507629395,0.08383709192276001,-2741.663330078125,950695.875,950695.875,0.0,0.0,0.0,nan,0,0.01296625010350593,0.0,0.0,0.9870337498964942,0.9870337498964942,0.0003487778636460991,0.0,0.0,0.9996512221363538,0.9996512221363538,0,0.0,0,0,0,0.9875973463058472,0.0042954543605446815,1.5746883264000644e-07,0,nan,nan,0,nan,nan,161920,1.5746883264000644e-07,0.0,0,0,0,0,0,0,0,0,0,0,0,0,0,0,0
expected_property,correct,156,0.1,950670.875,0.0,478405754880.0,478515625984.0,0.0,0.9999980128356206,1.0,500729186.01107943,705992.428061378,500821723.44546413,truth,0.9998142522809615,0.0013973768474345167,500879226.9599529,0.0,500879226.9599529,truth,1.0,0.0,141.80258178710938,141.80258178710938,3.6978485584259033,-0.005746353883296251,178.67669677734375,950670.875,950670.875,0.0,0.0,0.0,0.0,0,0.007846059148128514,0.0,0.0,0.9921539408518715,0.9921539408518715,0.0005473202858176118,0.0,0.0,0.9994526797141824,0.9994526797141824,0,0.0,0,0,0,0.9920749664306641,0.004271546378731728,-9.236008624569081e-10,0,nan,nan,0,nan,nan,161920,-9.236008624569081e-10,0.0,0,0,0,0,0,0,0,0,0,0,0,0,0,0,0
expected_property,correct,157,0.1,951074.375,0.0,478405754880.0,478515625984.0,0.0,0.9999980119921943,1.0,500729257.5291221,706142.2309988264,500821723.44546413,truth,0.9998143946342883,0.0013976975031640638,500879226.9599529,0.0,500879226.9599529,truth,1.0,0.0,137.13172912597656,137.13172912597656,3.2973852157592773,-0.08576808124780655,2588.0400390625,951074.375,951074.375,0.0,0.0,0.0,nan,0,0.005937914417964069,0.0,0.0,0.994062085582036,0.994062085582036,0.0007056433469909998,0.0,0.0,0.999294356653009,0.999294356653009,0,0.0,0,0,0,0.9919089078903198,0.004261488560587168,-5.933431168614334e-08,0,nan,nan,0,nan,nan,161920,-5.933431168614334e-08,0.0,0,0,0,0,0,0,0,0,0,0,0,0,0,0,0
expected_property,correct,158,0.1,950242.4375,0.0,478405754880.0,478515625984.0,0.0,0.9999980137311731,1.0,500729186.04729116,705833.3327351436,500821723.44546413,truth,0.9998142528010096,0.0013970564531536089,500879226.9599529,0.0,500879226.9599529,truth,1.0,0.0,125.00540161132812,125.00540924072266,3.8871004581451416,0.013906353153288364,-383.6060791015625,950242.4375,950242.4375,0.0,0.0,0.0,0.0,0,0.010590135134275846,0.0,0.0,0.9894098648657241,0.9894098648657241,0.00032145338468989385,0.0,0.0,0.99967854661531,0.99967854661531,0,0.0,0,0,0,0.9885246157646179,0.004283576738089323,1.055552356632461e-08,0,nan,nan,0,nan,nan,161920,1.055552356632461e-08,0.0,0,0,0,0,0,0,0,0,0,0,0,0,0,0,0
expected_property,correct,159,0.1,950242.4375,0.0,478405754880.0,478515625984.0,0.0,0.9999980137311731,1.0,500729186.04729116,705833.3327351436,500821723.44546413,truth,0.9998142528010096,0.0013970564531536089,500879226.9599529,0.0,500879226.9599529,truth,1.0,0.0,116.02906799316406,116.0290756225586,3.460397481918335,0.09007319808006287,-2304.699462890625,950242.4375,950242.4375,0.0,0.0,0.0,nan,0,0.012477399051986833,0.0,0.0,0.9875226009480131,0.9875226009480131,0.0004205029298479017,0.0,0.0,0.9995794970701521,0.9995794970701521,0,0.0,0,0,0,0.9893218874931335,0.0042921071872115135,-4.469080749913701e-08,0,nan,nan,0,nan,nan,161920,-4.469080749913701e-08,0.0,0,0,0,0,0,0,0,0,0,0,0,0,0,0,0
expected_property,correct,160,0.1,949814.125,0.0,478405754880.0,478515625984.0,0.0,0.9999980146264644,1.0,500729186.083583,705674.2584507387,500821723.44546413,truth,0.9998142533210576,0.0013967361000118445,500879226.9599529,0.0,500879226.9599529,truth,1.0,0.0,133.0428466796875,133.0428466796875,3.064180374145508,-0.018910370767116547,554.2318115234375,949814.125,949814.125,0.0,0.0,0.0,0.0,0,0.011555631404680475,0.0,0.0,0.9884443685953196,0.9884443685953196,0.0003816836458150679,0.0,0.0,0.9996183163541851,0.9996183163541851,0,0.0,0,0,0,0.9915745258331299,0.004271026235073805,-3.576376172986784e-08,0,nan,nan,0,nan,nan,161920,-3.576376172986784e-08,0.0,0,0,0,0,0,0,0,0,0,0,0,0,0,0,0
expected_property,correct,161,0.05,0.0,0.0,478515625984.0,478515625984.0,0.0,1.0,1.0,500879226.9599529,0.0,500879226.9599529,truth,1.0,0.0,500879226.9599529,0.0,500879226.9599529,truth,1.0,0.0,0.0,0.0,2.7670791149139404,0.0,0.0,0.0,0.0,0.0,0.0,0.0,nan,0,0.0,0.0,0.0,0.0,0.0,0.00038168416286675077,0.0,0.0,0.9996183158371332,0.9996183158371332,0,0.0,0,0,0,0.9901537895202637,2.3712894403615792e-07,-7.715633145409517e-13,0,nan,nan,0,nan,nan,161920,-7.715633145409517e-13,0.0,0,0,0,0,0,0,0,0,0,0,0,0,0,0,0
expected_property,correct,162,0.05,0.0,0.0,478515625984.0,478515625984.0,0.0,1.0,1.0,500879226.9599529,0.0,500879226.9599529,truth,1.0,0.0,500879226.9599529,0.0,500879226.9599529,truth,1.0,0.0,0.0,0.0,2.4987339973449707,0.0,0.0,0.0,0.0,0.0,0.0,0.0,nan,0,0.0,0.0,0.0,0.0,0.0,0.00038168554595367034,0.0,0.0,0.9996183144540465,0.9996183144540465,0,0.0,0,0,0,0.9888530969619751,2.3740790311421733e-07,-6.278383303699731e-13,0,nan,nan,0,nan,nan,161920,-6.278383303699731e-13,0.0,0,0,0,0,0,0,0,0,0,0,0,0,0,0,0
expected_property,correct,163,0.05,0.0,0.0,478515625984.0,478515625984.0,0.0,1.0,1.0,500879226.9599529,0.0,500879226.9599529,truth,1.0,0.0,500879226.9599529,0.0,500879226.9599529,truth,1.0,0.0,0.0,0.0,2.256375551223755,0.0,0.0,0.0,0.0,0.0,0.0,0.0,nan,0,0.0,0.0,0.0,0.0,0.0,0.00038168318117107067,0.0,0.0,0.999618316818829,0.999618316818829,0,0.0,0,0,0,0.987664520740509,2.3784981806329597e-07,-5.107545246116341e-13,0,nan,nan,0,nan,nan,161920,-5.107545246116341e-13,0.0,0,0,0,0,0,0,0,0,0,0,0,0,0,0,0
expected_property,correct,164,0.05,0.0,0.0,478515625984.0,478515625984.0,0.0,1.0,1.0,500879226.9599529,0.0,500879226.9599529,truth,1.0,0.0,500879226.9599529,0.0,500879226.9599529,truth,1.0,0.0,0.0,0.0,2.0374770164489746,0.0,0.0,0.0,0.0,0.0,0.0,0.0,nan,0,0.0,0.0,0.0,0.0,0.0,0.0003816815346531311,0.0,0.0,0.999618318465347,0.999618318465347,0,0.0,0,0,0,0.9865798950195312,2.3840271978770033e-07,-4.1640185765613735e-13,0,nan,nan,0,nan,nan,161920,-4.1640185765613735e-13,0.0,0,0,0,0,0,0,0,0,0,0,0,0,0,0,0
expected_property,correct,165,0.05,0.0,0.0,478515625984.0,478515625984.0,0.0,1.0,1.0,500879226.9599529,0.0,500879226.9599529,truth,1.0,0.0,500879226.9599529,0.0,500879226.9599529,truth,1.0,0.0,0.0,0.0,1.8397866487503052,0.0,0.0,0.0,0.0,0.0,0.0,0.0,nan,0,0.0,0.0,0.0,0.0,0.0,0.00038168493953671506,0.0,0.0,0.9996183150604633,0.9996183150604633,0,0.0,0,0,0,0.9855913519859314,2.390262920926034e-07,-3.391766847851002e-13,0,nan,nan,0,nan,nan,161920,-3.391766847851002e-13,0.0,0,0,0,0,0,0,0,0,0,0,0,0,0,0,0
expected_property,correct,166,0.05,0.0,0.0,478515625984.0,478515625984.0,0.0,1.0,1.0,500879226.9599529,0.0,500879226.9599529,truth,1.0,0.0,500879226.9599529,0.0,500879226.9599529,truth,1.0,0.0,0.0,0.0,1.661238431930542,0.0,0.0,0.0,0.0,0.0,0.0,0.0,nan,0,0.0,0.0,0.0,0.0,0.0,0.00038167950779612573,0.0,0.0,0.9996183204922039,0.9996183204922039,0,0.0,0,0,0,0.9846910834312439,2.3969124640643713e-07,-2.7781238681051645e-13,0,nan,nan,0,nan,nan,161920,-2.7781238681051645e-13,0.0,0,0,0,0,0,0,0,0,0,0,0,0,0,0,0
expected_property,correct,167,0.05,0.0,0.0,478515625984.0,478515625984.0,0.0,1.0,1.0,500879226.9599529,0.0,500879226.9599529,truth,1.0,0.0,500879226.9599529,0.0,500879226.9599529,truth,1.0,0.0,0.0,0.0,1.499991536140442,0.0,0.0,0.0,0.0,0.0,0.0,0.0,nan,0,0.0,0.0,0.0,0.0,0.0,0.0003816936117966449,0.0,0.0,0.9996183063882035,0.9996183063882035,0,0.0,0,0,0,0.9838724136352539,2.4037299795054423e-07,-2.2625090277846038e-13,0,nan,nan,0,nan,nan,161920,-2.2625090277846038e-13,0.0,0,0,0,0,0,0,0,0,0,0,0,0,0,0,0
expected_property,correct,168,0.05,0.0,0.0,478515625984.0,478515625984.0,0.0,1.0,1.0,500879226.9599529,0.0,500879226.9599529,truth,1.0,0.0,500879226.9599529,0.0,500879226.9599529,truth,1.0,0.0,0.0,0.0,1.3543853759765625,0.0,0.0,0.0,0.0,0.0,0.0,0.0,nan,0,0.0,0.0,0.0,0.0,0.0,0.00038167897678733395,0.0,0.0,0.9996183210232127,0.9996183210232127,0,0.0,0,0,0,0.9831281304359436,2.4105662532747374e-07,-1.8471258322796252e-13,0,nan,nan,0,nan,nan,161920,-1.8471258322796252e-13,0.0,0,0,0,0,0,0,0,0,0,0,0,0,0,0,0
expected_property,correct,169,0.05,0.0,0.0,478515625984.0,478515625984.0,0.0,1.0,1.0,500879226.9599529,0.0,500879226.9599529,truth,1.0,0.0,500879226.9599529,0.0,500879226.9599529,truth,1.0,0.0,0.0,0.0,1.2228869199752808,0.0,0.0,0.0,0.0,0.0,0.0,0.0,nan,0,0.0,0.0,0.0,0.0,0.0,0.0003816837290333646,0.0,0.0,0.9996183162709668,0.9996183162709668,0,0.0,0,0,0,0.9824519753456116,2.4172877033379336e-07,-1.5215106464235711e-13,0,nan,nan,0,nan,nan,161920,-1.5215106464235711e-13,0.0,0,0,0,0,0,0,0,0,0,0,0,0,0,0,0
expected_property,correct,170,0.05,0.0,0.0,478515625984.0,478515625984.0,0.0,1.0,1.0,500879226.9599529,0.0,500879226.9599529,truth,1.0,0.0,500879226.9599529,0.0,500879226.9599529,truth,1.0,0.0,0.0,0.0,1.1041314601898193,0.0,0.0,0.0,0.0,0.0,0.0,0.0,nan,0,0.0,0.0,0.0,0.0,0.0,0.0003816741787755127,0.0,0.0,0.9996183258212246,0.9996183258212246,0,0.0,0,0,0,0.9818386435508728,2.4237900220214215e-07,-1.248764953205514e-13,0,nan,nan,0,nan,nan,161920,-1.248764953205514e-13,0.0,0,0,0,0,0,0,0,0,0,0,0,0,0,0,0
expected_property,correct,171,0.05,0.0,0.0,478515625984.0,478515625984.0,0.0,1.0,1.0,500879226.9599529,0.0,500879226.9599529,truth,1.0,0.0,500879226.9599529,0.0,500879226.9599529,truth,1.0,0.0,0.0,0.0,0.9968942403793335,0.0,0.0,0.0,0.0,0.0,0.0,0.0,nan,0,0.0,0.0,0.0,0.0,0.0,0.0003816864794639061,0.0,0.0,0.9996183135205361,0.9996183135205361,0,0.0,0,0,0,0.9812822341918945,2.4300206291627546e-07,-1.0193887699022283e-13,0,nan,nan,0,nan,nan,161920,-1.0193887699022283e-13,0.0,0,0,0,0,0,0,0,0,0,0,0,0,0,0,0
expected_property,correct,172,0.05,0.0,0.0,478515625984.0,478515625984.0,0.0,1.0,1.0,500879226.9599529,0.0,500879226.9599529,truth,1.0,0.0,500879226.9599529,0.0,500879226.9599529,truth,1.0,0.0,0.0,0.0,0.9000591039657593,0.0,0.0,0.0,0.0,0.0,0.0,0.0,nan,0,0.0,0.0,0.0,0.0,0.0,0.00038168054386054646,0.0,0.0,0.9996183194561394,0.9996183194561394,0,0.0,0,0,0,0.9807775020599365,2.4359511030525027e-07,-8.426066241224925e-14,0,nan,nan,0,nan,nan,161920,-8.426066241224925e-14,0.0,0,0,0,0,0,0,0,0,0,0,0,0,0,0,0
expected_property,correct,173,0.05,0.0,0.0,478515625984.0,478515625984.0,0.0,1.0,1.0,500879226.9599529,0.0,500879226.9599529,truth,1.0,0.0,500879226.9599529,0.0,500879226.9599529,truth,1.0,0.0,0.0,0.0,0.812599778175354,0.0,0.0,0.0,0.0,0.0,0.0,0.0,nan,0,0.0,0.0,0.0,0.0,0.0,0.0003816877228103138,0.0,0.0,0.9996183122771898,0.9996183122771898,0,0.0,0,0,0,0.9803203344345093,2.441540516429086e-07,-6.885417664628454e-14,0,nan,nan,0,nan,nan,161920,-6.885417664628454e-14,0.0,0,0,0,0,0,0,0,0,0,0,0,0,0,0,0
expected_property,correct,174,0.05,0.0,0.0,478515625984.0,478515625984.0,0.0,1.0,1.0,500879226.9599529,0.0,500879226.9599529,truth,1.0,0.0,500879226.9599529,0.0,500879226.9599529,truth,1.0,0.0,0.0,0.0,0.7336459755897522,0.0,0.0,0.0,0.0,0.0,0.0,0.0,nan,0,0.0,0.0,0.0,0.0,0.0,0.000381683479512543,0.0,0.0,0.9996183165204874,0.9996183165204874,0,0.0,0,0,0,0.9799061417579651,2.446784037601901e-07,-5.742667219576017e-14,0,nan,nan,0,nan,nan,161920,-5.742667219576017e-14,0.0,0,0,0,0,0,0,0,0,0,0,0,0,0,0,0
expected_property,correct,175,0.05,0.0,0.0,478515625984.0,478515625984.0,0.0,1.0,1.0,500879226.9599529,0.0,500879226.9599529,truth,1.0,0.0,500879226.9599529,0.0,500879226.9599529,truth,1.0,0.0,0.0,0.0,0.6623525023460388,0.0,0.0,0.0,0.0,0.0,0.0,0.0,nan,0,0.0,0.0,0.0,0.0,0.0,0.00038167283558879293,0.0,0.0,0.9996183271644112,0.9996183271644112,0,0.0,0,0,0,0.9795310497283936,2.4516751295777794e-07,-4.6976694588344095e-14,0,nan,nan,0,nan,nan,161920,-4.6976694588344095e-14,0.0,0,0,0,0,0,0,0,0,0,0,0,0,0,0,0
expected_property,correct,176,0.05,0.0,0.0,478515625984.0,478515625984.0,0.0,1.0,1.0,500879226.9599529,0.0,500879226.9599529,truth,1.0,0.0,500879226.9599529,0.0,500879226.9599529,truth,1.0,0.0,0.0,0.0,0.5979650616645813,0.0,0.0,0.0,0.0,0.0,0.0,0.0,nan,0,0.0,0.0,0.0,0.0,0.0,0.0003816871618356932,0.0,0.0,0.9996183128381644,0.9996183128381644,0,0.0,0,0,0,0.9791916012763977,2.456223455737927e-07,-3.9128886898187956e-14,0,nan,nan,0,nan,nan,161920,-3.9128886898187956e-14,0.0,0,0,0,0,0,0,0,0,0,0,0,0,0,0,0
expected_property,correct,177,0.05,0.0,0.0,478515625984.0,478515625984.0,0.0,1.0,1.0,500879226.9599529,0.0,500879226.9599529,truth,1.0,0.0,500879226.9599529,0.0,500879226.9599529,truth,1.0,0.0,0.0,0.0,0.5398384928703308,0.0,0.0,0.0,0.0,0.0,0.0,0.0,nan,0,0.0,0.0,0.0,0.0,0.0,0.00038168373543930175,0.0,0.0,0.9996183162645607,0.9996183162645607,0,0.0,0,0,0,0.9788843989372253,2.460435837292607e-07,-3.1625282904609864e-14,0,nan,nan,0,nan,nan,161920,-3.1625282904609864e-14,0.0,0,0,0,0,0,0,0,0,0,0,0,0,0,0,0
expected_property,correct,178,0.05,0.0,0.0,478515625984.0,478515625984.0,0.0,1.0,1.0,500879226.9599529,0.0,500879226.9599529,truth,1.0,0.0,500879226.9599529,0.0,500879226.9599529,truth,1.0,0.0,0.0,0.0,0.48735472559928894,0.0,0.0,0.0,0.0,0.0,0.0,0.0,nan,0,0.0,0.0,0.0,0.0,0.0,0.0003816834518803657,0.0,0.0,0.9996183165481197,0.9996183165481197,0,0.0,0,0,0,0.9786063432693481,2.464333874740987e-07,-2.70542797691474e-14,0,nan,nan,0,nan,nan,161920,-2.70542797691474e-14,0.0,0,0,0,0,0,0,0,0,0,0,0,0,0,0,0
expected_property,correct,179,0.05,0.0,0.0,478515625984.0,478515625984.0,0.0,1.0,1.0,500879226.9599529,0.0,500879226.9599529,truth,1.0,0.0,500879226.9599529,0.0,500879226.9599529,truth,1.0,0.0,0.0,0.0,0.43996256589889526,0.0,0.0,0.0,0.0,0.0,0.0,0.0,nan,0,0.0,0.0,0.0,0.0,0.0,0.00038168111806057936,0.0,0.0,0.9996183188819393,0.9996183188819393,0,0.0,0,0,0,0.9783550500869751,2.467908473136049e-07,-2.216661167228802e-14,0,nan,nan,0,nan,nan,161920,-2.216661167228802e-14,0.0,0,0,0,0,0,0,0,0,0,0,0,0,0,0,0
expected_property,correct,180,0.05,0.0,0.0,478515625984.0,478515625984.0,0.0,1.0,1.0,500879226.9599529,0.0,500879226.9599529,truth,1.0,0.0,500879226.9599529,0.0,500879226.9599529,truth,1.0,0.0,0.0,0.0,0.39716047048568726,0.0,0.0,0.0,0.0,0.0,0.0,0.0,nan,0,0.0,0.0,0.0,0.0,0.0,0.0003817201683894609,0.0,0.0,0.9996182798316107,0.9996182798316107,0,0.0,0,0,0,0.9781275987625122,2.4712051072128816e-07,-1.824270782720995e-14,0,nan,nan,0,nan,nan,161920,-1.824270782720995e-14,0.0,0,0,0,0,0,0,0,0,0,0,0,0,0,0,0
expected_property,correct,181,0.05,0.0,0.0,478515625984.0,478515625984.0,0.0,1.0,1.0,500879226.9599529,0.0,500879226.9599529,truth,1.0,0.0,500879226.9599529,0.0,500879226.9599529,truth,1.0,0.0,0.0,0.0,0.35853269696235657,0.0,0.0,0.0,0.0,0.0,0.0,0.0,nan,0,0.0,0.0,0.0,0.0,0.0,0.00038168047777341986,0.0,0.0,0.9996183195222267,0.9996183195222267,0,0.0,0,0,0,0.9779219627380371,2.474223208537296e-07,-1.4663007678709927e-14,0,nan,nan,0,nan,nan,161920,-1.4663007678709927e-14,0.0,0,0,0,0,0,0,0,0,0,0,0,0,0,0,0
expected_property,correct,182,0.05,0.0,0.0,478515625984.0,478515625984.0,0.0,1.0,1.0,500879226.9599529,0.0,500879226.9599529,truth,1.0,0.0,500879226.9599529,0.0,500879226.9599529,truth,1.0,0.0,0.0,0.0,0.3236575722694397,0.0,0.0,0.0,0.0,0.0,0.0,0.0,nan,0,0.0,0.0,0.0,0.0,0.0,0.00038165519882698765,0.0,0.0,0.9996183448011731,0.9996183448011731,0,0.0,0,0,0,0.9777359962463379,2.476994893640949e-07,-1.3671705538780433e-14,0,nan,nan,0,nan,nan,161920,-1.3671705538780433e-14,0.0,0,0,0,0,0,0,0,0,0,0,0,0,0,0,0
expected_property,correct,183,0.05,0.0,0.0,478515625984.0,478515625984.0,0.0,1.0,1.0,500879226.9599529,0.0,500879226.9599529,truth,1.0,0.0,500879226.9599529,0.0,500879226.9599529,truth,1.0,0.0,0.0,0.0,0.2921655476093292,0.0,0.0,0.0,0.0,0.0,0.0,0.0,nan,0,0.0,0.0,0.0,0.0,0.0,0.0003816874311645748,0.0,0.0,0.9996183125688355,0.9996183125688355,0,0.0,0,0,0,0.9775682091712952,2.4795124886622943e-07,-9.789106408342272e-15,0,nan,nan,0,nan,nan,161920,-9.789106408342272e-15,0.0,0,0,0,0,0,0,0,0,0,0,0,0,0,0,0
expected_property,correct,184,0.05,0.0,0.0,478515625984.0,478515625984.0,0.0,1.0,1.0,500879226.9599529,0.0,500879226.9599529,truth,1.0,0.0,500879226.9599529,0.0,500879226.9599529,truth,1.0,0.0,0.0,0.0,0.26373133063316345,0.0,0.0,0.0,0.0,0.0,0.0,0.0,nan,0,0.0,0.0,0.0,0.0,0.0,0.0003816663506117681,0.0,0.0,0.9996183336493882,0.9996183336493882,0,0.0,0,0,0,0.9774162173271179,2.4818282895466837e-07,-9.44490440583012e-15,0,nan,nan,0,nan,nan,161920,-9.44490440583012e-15,0.0,0,0,0,0,0,0,0,0,0,0,0,0,0,0,0
expected_property,correct,185,0.05,0.0,0.0,478515625984.0,478515625984.0,0.0,1.0,1.0,500879226.9599529,0.0,500879226.9599529,truth,1.0,0.0,500879226.9599529,0.0,500879226.9599529,truth,1.0,0.0,0.0,0.0,0.23805712163448334,0.0,0.0,0.0,0.0,0.0,0.0,0.0,nan,0,0.0,0.0,0.0,0.0,0.0,0.00038172639293377675,0.0,0.0,0.9996182736070662,0.9996182736070662,0,0.0,0,0,0,0.977279007434845,2.483930074959062e-07,-7.489836320053421e-15,0,nan,nan,0,nan,nan,161920,-7.489836320053421e-15,0.0,0,0,0,0,0,0,0,0,0,0,0,0,0,0,0
expected_property,correct,186,0.05,0.0,0.0,478515625984.0,478515625984.0,0.0,1.0,1.0,500879226.9599529,0.0,500879226.9599529,truth,1.0,0.0,500879226.9599529,0.0,500879226.9599529,truth,1.0,0.0,0.0,0.0,0.21489109098911285,0.0,0.0,0.0,0.0,0.0,0.0,0.0,nan,0,0.0,0.0,0.0,0.0,0.0,0.0003817310644710352,0.0,0.0,0.9996182689355289,0.9996182689355289,0,0.0,0,0,0,0.9771551489830017,2.485841719135351e-07,-6.512302700681545e-15,0,nan,nan,0,nan,nan,161920,-6.512302700681545e-15,0.0,0,0,0,0,0,0,0,0,0,0,0,0,0,0,0
expected_property,correct,187,0.05,0.0,0.0,478515625984.0,478515625984.0,0.0,1.0,1.0,500879226.9599529,0.0,500879226.9599529,truth,1.0,0.0,500879226.9599529,0.0,500879226.9599529,truth,1.0,0.0,0.0,0.0,0.19396662712097168,0.0,0.0,0.0,0.0,0.0,0.0,0.0,nan,0,0.0,0.0,0.0,0.0,0.0,0.00038167648808158666,0.0,0.0,0.9996183235119185,0.9996183235119185,0,0.0,0,0,0,0.9770432114601135,2.4875853910089063e-07,-4.887668943892327e-15,0,nan,nan,0,nan,nan,161920,-4.887668943892327e-15,0.0,0,0,0,0,0,0,0,0,0,0,0,0,0,0,0
expected_property,correct,188,0.05,0.0,0.0,478515625984.0,478515625984.0,0.0,1.0,1.0,500879226.9599529,0.0,500879226.9599529,truth,1.0,0.0,500879226.9599529,0.0,500879226.9599529,truth,1.0,0.0,0.0,0.0,0.17509272694587708,0.0,0.0,0.0,0.0,0.0,0.0,0.0,nan,0,0.0,0.0,0.0,0.0,0.0,0.0003816915273612746,0.0,0.0,0.9996183084726388,0.9996183084726388,0,0.0,0,0,0,0.9769418835639954,2.4891738803489716e-07,-3.910135324520451e-15,0,nan,nan,0,nan,nan,161920,-3.910135324520451e-15,0.0,0,0,0,0,0,0,0,0,0,0,0,0,0,0,0
expected_property,correct,189,0.05,0.0,0.0,478515625984.0,478515625984.0,0.0,1.0,1.0,500879226.9599529,0.0,500879226.9599529,truth,1.0,0.0,500879226.9599529,0.0,500879226.9599529,truth,1.0,0.0,0.0,0.0,0.15804234147071838,0.0,0.0,0.0,0.0,0.0,0.0,0.0,nan,0,0.0,0.0,0.0,0.0,0.0,0.00038165023418701015,0.0,0.0,0.999618349765813,0.999618349765813,0,0.0,0,0,0,0.9768504500389099,2.4906188400564133e-07,-4.55723503842132e-15,0,nan,nan,0,nan,nan,161920,-4.55723503842132e-15,0.0,0,0,0,0,0,0,0,0,0,0,0,0,0,0,0
expected_property,correct,190,0.05,0.0,0.0,478515625984.0,478515625984.0,0.0,1.0,1.0,500879226.9599529,0.0,500879226.9599529,truth,1.0,0.0,500879226.9599529,0.0,500879226.9599529,truth,1.0,0.0,0.0,0.0,0.14264310896396637,0.0,0.0,0.0,0.0,0.0,0.0,0.0,nan,0,0.0,0.0,0.0,0.0,0.0,0.0003817209950022093,0.0,0.0,0.9996182790049978,0.9996182790049978,0,0.0,0,0,0,0.9767681360244751,2.4919182806115714e-07,-3.263035398861345e-15,0,nan,nan,0,nan,nan,161920,-3.263035398861345e-15,0.0,0,0,0,0,0,0,0,0,0,0,0,0,0,0,0
expected_property,correct,191,0.05,0.0,0.0,478515625984.0,478515625984.0,0.0,1.0,1.0,500879226.9599529,0.0,500879226.9599529,truth,1.0,0.0,500879226.9599529,0.0,500879226.9599529,truth,1.0,0.0,0.0,0.0,0.12875279784202576,0.0,0.0,0.0,0.0,0.0,0.0,0.0,nan,0,0.0,0.0,0.0,0.0,0.0,0.0003816614521688564,0.0,0.0,0.9996183385478312,0.9996183385478312,0,0.0,0,0,0,0.9766935110092163,2.4931037501119135e-07,-1.9550676622602254e-15,0,nan,nan,0,nan,nan,161920,-1.9550676622602254e-15,0.0,0,0,0,0,0,0,0,0,0,0,0,0,0,0,0
expected_property,correct,192,0.05,0.0,0.0,478515625984.0,478515625984.0,0.0,1.0,1.0,500879226.9599529,0.0,500879226.9599529,truth,1.0,0.0,500879226.9599529,0.0,500879226.9599529,truth,1.0,0.0,0.0,0.0,0.11620660871267319,0.0,0.0,0.0,0.0,0.0,0.0,0.0,nan,0,0.0,0.0,0.0,0.0,0.0,0.00038163163435525377,0.0,0.0,0.9996183683656448,0.9996183683656448,0,0.0,0,0,0,0.9766260981559753,2.494188606760872e-07,-2.918833396349193e-15,0,nan,nan,0,nan,nan,161920,-2.918833396349193e-15,0.0,0,0,0,0,0,0,0,0,0,0,0,0,0,0,0
expected_property,correct,193,0.05,0.0,0.0,478515625984.0,478515625984.0,0.0,1.0,1.0,500879226.9599529,0.0,500879226.9599529,truth,1.0,0.0,500879226.9599529,0.0,500879226.9599529,truth,1.0,0.0,0.0,0.0,0.10488990694284439,0.0,0.0,0.0,0.0,0.0,0.0,0.0,nan,0,0.0,0.0,0.0,0.0,0.0,0.00038160364127214915,0.0,0.0,0.9996183963587278,0.9996183963587278,0,0.0,0,0,0,0.9765654802322388,2.495156081749883e-07,-2.2855015677312324e-15,0,nan,nan,0,nan,nan,161920,-2.2855015677312324e-15,0.0,0,0,0,0,0,0,0,0,0,0,0,0,0,0,0
expected_property,correct,194,0.05,0.0,0.0,478515625984.0,478515625984.0,0.0,1.0,1.0,500879226.9599529,0.0,500879226.9599529,truth,1.0,0.0,500879226.9599529,0.0,500879226.9599529,truth,1.0,0.0,0.0,0.0,0.09466501325368881,0.0,0.0,0.0,0.0,0.0,0.0,0.0,nan,0,0.0,0.0,0.0,0.0,0.0,0.0003816844175983636,0.0,0.0,0.9996183155824017,0.9996183155824017,0,0.0,0,0,0,0.9765106439590454,2.4960331757029053e-07,-1.9550676622602254e-15,0,nan,nan,0,nan,nan,161920,-1.9550676622602254e-15,0.0,0,0,0,0,0,0,0,0,0,0,0,0,0,0,0
expected_property,correct,195,0.05,0.0,0.0,478515625984.0,478515625984.0,0.0,1.0,1.0,500879226.9599529,0.0,500879226.9599529,truth,1.0,0.0,500879226.9599529,0.0,500879226.9599529,truth,1.0,0.0,0.0,0.0,0.08543810248374939,0.0,0.0,0.0,0.0,0.0,0.0,0.0,nan,0,0.0,0.0,0.0,0.0,0.0,0.000381704612939151,0.0,0.0,0.9996182953870608,0.9996182953870608,0,0.0,0,0,0,0.9764611721038818,2.49683381525756e-07,-6.608679168211323e-16,0,nan,nan,0,nan,nan,161920,-6.608679168211323e-16,0.0,0,0,0,0,0,0,0,0,0,0,0,0,0,0,0
expected_property,correct,196,0.05,0.0,0.0,478515625984.0,478515625984.0,0.0,1.0,1.0,500879226.9599529,0.0,500879226.9599529,truth,1.0,0.0,500879226.9599529,0.0,500879226.9599529,truth,1.0,0.0,0.0,0.0,0.07711923867464066,0.0,0.0,0.0,0.0,0.0,0.0,0.0,nan,0,0.0,0.0,0.0,0.0,0.0,0.0003816294509620887,0.0,0.0,0.9996183705490379,0.9996183705490379,0,0.0,0,0,0,0.9764161705970764,2.497565958492487e-07,-1.2941996395599746e-15,0,nan,nan,0,nan,nan,161920,-1.2941996395599746e-15,0.0,0,0,0,0,0,0,0,0,0,0,0,0,0,0,0
expected_property,correct,197,0.05,0.0,0.0,478515625984.0,478515625984.0,0.0,1.0,1.0,500879226.9599529,0.0,500879226.9599529,truth,1.0,0.0,500879226.9599529,0.0,500879226.9599529,truth,1.0,0.0,0.0,0.0,0.06960370391607285,0.0,0.0,0.0,0.0,0.0,0.0,0.0,nan,0,0.0,0.0,0.0,0.0,0.0,0.00038174854287496325,0.0,0.0,0.999618251457125,0.999618251457125,0,0.0,0,0,0,0.976375937461853,2.4982216473290464e-07,-1.6246336509101e-15,0,nan,nan,0,nan,nan,161920,-1.6246336509101e-15,0.0,0,0,0,0,0,0,0,0,0,0,0,0,0,0,0
expected_property,correct,198,0.05,0.0,0.0,478515625984.0,478515625984.0,0.0,1.0,1.0,500879226.9599529,0.0,500879226.9599529,truth,1.0,0.0,500879226.9599529,0.0,500879226.9599529,truth,1.0,0.0,0.0,0.0,0.06281846016645432,0.0,0.0,0.0,0.0,0.0,0.0,0.0,nan,0,0.0,0.0,0.0,0.0,0.0,0.000381630830256644,0.0,0.0,0.9996183691697433,0.9996183691697433,0,0.0,0,0,0,0.9763394594192505,2.498809408280067e-07,-6.608679168211323e-16,0,nan,nan,0,nan,nan,161920,-6.608679168211323e-16,0.0,0,0,0,0,0,0,0,0,0,0,0,0,0,0,0
expected_property,correct,199,0.05,0.0,0.0,478515625984.0,478515625984.0,0.0,1.0,1.0,500879226.9599529,0.0,500879226.9599529,truth,1.0,0.0,500879226.9599529,0.0,500879226.9599529,truth,1.0,0.0,0.0,0.0,0.05668460950255394,0.0,0.0,0.0,0.0,0.0,0.0,0.0,nan,0,0.0,0.0,0.0,0.0,0.0,0.0003817594795162714,0.0,0.0,0.9996182405204838,0.9996182405204838,0,0.0,0,0,0,0.9763065576553345,2.4993479996737733e-07,-9.775338311301127e-16,0,nan,nan,0,nan,nan,161920,-9.775338311301127e-16,0.0,0,0,0,0,0,0,0,0,0,0,0,0,0,0,0
expected_property,correct,200,0.05,0.0,0.0,478515625984.0,478515625984.0,0.0,1.0,1.0,500879226.9599529,0.0,500879226.9599529,truth,1.0,0.0,500879226.9599529,0.0,500879226.9599529,truth,1.0,0.0,0.0,0.0,0.05116041377186775,0.0,0.0,0.0,0.0,0.0,0.0,0.0,nan,0,0.0,0.0,0.0,0.0,0.0,0.0003819318027478266,0.0,0.0,0.9996180681972522,0.9996180681972522,0,0.0,0,0,0,0.9762768745422363,2.4998331582537503e-07,-6.470998197799873e-16,0,nan,nan,0,nan,nan,161920,-6.470998197799873e-16,0.0,0,0,0,0,0,0,0,0,0,0,0,0,0,0,0
