branch_id,generation,evaluation_slot,probe_kind,transition,from_scale,scale,ranking_id,rank_index,canonical_center_score,lineage_parent_state_id,child_state_id,center_x,center_y,center_z,shape,material_label,orientation_deg,full_size_x,full_size_y,full_size_z,probe_size_x,probe_size_y,probe_size_z,hard_rmse,delta_rmse_vs_lineage_parent,delta_rmse_vs_empty,strictly_improves_lineage_parent,reallocated_existing_slot,displaced_scheduled_move,displaced_scheduled_parent_state_id,condition_violations,truth_used
v4_branch_ad479f96dd4e7edc1fd2,1,0,new_center,parent_to_0.25,0.0,0.25,g001_b7e43f1d75130653_0000,0,3.735420250450261e-05,empty,g001_p000000_empty,41.0,10.0,25.0,dike_hemisphere,9,154.5440484011571,14.884829032409776,15.294535624314307,9.010927041835465,3.721207258102444,3.8236339060785767,2.2527317604588664,0.014564701355993748,0.00021454878151416779,0.00021454878151416779,False,False,,,0,False
v4_branch_4f1efc5ce097158a964e,1,1,new_center,parent_to_0.25,0.0,0.25,g001_b7e43f1d75130653_0000,1,3.7354184314608574e-05,empty,g001_p000001_empty,42.0,9.0,25.0,ellipsoid,9,93.38568608685748,11.533596090150594,15.66178569020259,13.770504688507685,2.8833990225376485,3.9154464225506476,3.4426261721269213,0.014636989682912827,0.0002868371084332466,0.0002868371084332466,False,False,,,0,False
v4_branch_98ac20a20295309674fd,1,2,new_center,parent_to_0.25,0.0,0.25,g001_b7e43f1d75130653_0000,2,3.735418067662977e-05,empty,g001_p000002_empty,42.0,11.0,25.0,dike_hemisphere,9,2.4201627917131963,11.781044505878889,6.652386763820174,8.62716503414886,2.945261126469722,1.6630966909550435,2.156791258537215,0.014430880546569824,8.072797209024429e-05,8.072797209024429e-05,False,False,,,0,False
v4_branch_04603d550ce085fe14dd,1,3,new_center,parent_to_0.25,0.0,0.25,g001_b7e43f1d75130653_0000,3,3.735416612471454e-05,empty,g001_p000003_empty,43.0,10.0,25.0,dike_hemisphere,9,35.56202350310141,14.402963172839018,9.001800407957017,12.937302702814076,3.6007407932097544,2.250450101989254,3.234325675703519,0.014512864872813225,0.00016271229833364487,0.00016271229833364487,False,False,,,0,False
v4_branch_849d09867e12b41edd36,1,4,new_center,parent_to_0.25,0.0,0.25,g001_b7e43f1d75130653_0000,4,3.655440013972111e-05,empty,g001_p000004_empty,12.0,41.0,20.0,ellipsoid,9,43.10281010947506,7.92242395847873,12.291878531050266,12.149970730264696,1.9806059896196826,3.0729696327625664,3.037492682566174,0.014592348597943783,0.00024219602346420288,0.00024219602346420288,False,False,,,0,False
v4_branch_667cfee2b84fc6d7d0f0,1,5,new_center,parent_to_0.25,0.0,0.25,g001_b7e43f1d75130653_0000,5,3.655438922578469e-05,empty,g001_p000005_empty,12.0,43.0,20.0,dike_hemisphere,9,56.84491745392405,7.833591037947077,6.807437053155505,10.81969050953954,1.9583977594867692,1.7018592632888763,2.704922627384885,0.014379790984094143,2.9638409614562988e-05,2.9638409614562988e-05,False,False,,,0,False
v4_branch_b2766bc2ec6ded685bd4,1,6,new_center,parent_to_0.25,0.0,0.25,g001_b7e43f1d75130653_0000,6,3.465093323029578e-05,empty,g001_p000006_empty,41.0,11.0,24.0,dike_hemisphere,9,87.83983112760117,7.758925489796136,9.684460133413856,9.869370372282829,1.939731372449034,2.421115033353464,2.467342593070707,0.014425142668187618,7.499009370803833e-05,7.499009370803833e-05,False,False,,,0,False
v4_branch_dcfc6626293c4c70624c,1,7,new_center,parent_to_0.25,0.0,0.25,g001_b7e43f1d75130653_0000,7,3.465092959231697e-05,empty,g001_p000007_empty,41.0,9.0,24.0,dike_hemisphere,9,80.85068649403175,8.36758149974754,15.685863051742166,6.431951181444503,2.091895374936885,3.9214657629355414,1.6079877953611257,0.014463070780038834,0.00011291820555925369,0.00011291820555925369,False,False,,,0,False
v4_branch_00cec22f92bf4c6d1ec9,1,8,new_center,parent_to_0.25,0.0,0.25,g001_b7e43f1d75130653_0000,8,3.4650911402422935e-05,empty,g001_p000008_empty,43.0,9.0,24.0,dike_hemisphere,9,154.3713694700639,9.246038181478738,15.369598806861681,9.321866556009176,2.3115095453696846,3.8423997017154203,2.330466639002294,0.014516601338982582,0.00016644876450300217,0.00016644876450300217,False,False,,,0,False
v4_branch_5e03989c1d7973456d93,1,9,new_center,parent_to_0.25,0.0,0.25,g001_b7e43f1d75130653_0000,9,3.4650911402422935e-05,empty,g001_p000009_empty,43.0,11.0,24.0,dike_hemisphere,9,94.34486339694047,14.15220586540368,11.145771702562316,11.635781549326206,3.53805146635092,2.786442925640579,2.9089453873315514,0.014580153860151768,0.0002300012856721878,0.0002300012856721878,False,False,,,0,False
v4_branch_f9639aaa07bcc572bae3,1,10,new_center,parent_to_0.25,0.0,0.25,g001_b7e43f1d75130653_0000,10,3.398537592147477e-05,empty,g001_p000010_empty,41.0,40.0,39.0,dike_hemisphere,9,36.67920954154552,9.400145888282742,14.874568253654289,7.685941539417954,2.3500364720706854,3.718642063413572,1.9214853848544886,0.014501752331852913,0.00015159975737333298,0.00015159975737333298,False,False,,,0,False
v4_branch_4075d2751780d5ea009e,1,11,new_center,parent_to_0.25,0.0,0.25,g001_b7e43f1d75130653_0000,11,3.398536136955954e-05,empty,g001_p000011_empty,43.0,44.0,39.0,ellipsoid,9,170.146686242125,6.621951669464021,10.858231928955648,8.649234863356693,1.6554879173660053,2.714557982238912,2.162308715839173,0.014429200440645218,7.904786616563797e-05,7.904786616563797e-05,False,False,,,0,False
v4_branch_b091b340c12f8c84059e,1,12,new_center,parent_to_0.25,0.0,0.25,g001_b7e43f1d75130653_0000,12,3.3721327781677246e-05,empty,g001_p000012_empty,12.0,40.0,21.0,ellipsoid,9,156.53800815158374,9.157701322862945,8.790279062207492,6.533167388427262,2.289425330715736,2.197569765551873,1.6332918471068154,0.01451849564909935,0.00016834307461977005,0.00016834307461977005,False,False,,,0,False
v4_branch_41db0efec144282295e2,1,13,new_center,parent_to_0.25,0.0,0.25,g001_b7e43f1d75130653_0000,13,3.372132414369844e-05,empty,g001_p000013_empty,12.0,44.0,21.0,dike_hemisphere,9,152.34625249249413,15.03935973815226,8.382208503542902,11.668889172411257,3.759839934538065,2.0955521258857255,2.9172222931028142,0.014562769792973995,0.00021261721849441528,0.00021261721849441528,False,False,,,0,False
v4_branch_77ee814a245cf19b916c,1,14,new_center,parent_to_0.25,0.0,0.25,g001_b7e43f1d75130653_0000,14,3.290634776931256e-05,empty,g001_p000014_empty,10.0,9.0,16.0,dike_hemisphere,9,161.13969277006095,12.76963488689288,13.064941899110902,11.841092833259154,3.19240872172322,3.2662354747777256,2.9602732083147885,0.014575379900634289,0.00022522732615470886,0.00022522732615470886,False,False,,,0,False
v4_branch_6f0acd706ab7655a79f8,1,15,new_center,parent_to_0.25,0.0,0.25,g001_b7e43f1d75130653_0000,15,3.290634776931256e-05,empty,g001_p000015_empty,10.0,11.0,16.0,dike_hemisphere,9,8.355806157443379,13.51231806677529,14.991892940373162,7.180707363022235,3.3780795166938224,3.7479732350932906,1.7951768407555588,0.01464868988841772,0.00029853731393814087,0.00029853731393814087,False,False,,,0,False
v4_branch_7cfc8b67125176395de2,1,16,new_center,parent_to_0.25,0.0,0.25,g001_b7e43f1d75130653_0000,16,3.265560735599138e-05,empty,g001_p000016_empty,11.0,43.0,20.0,ellipsoid,9,41.13207739357359,14.900105168898001,14.921587022576796,9.293362061690065,3.7250262922245003,3.730396755644199,2.323340515422516,0.014641199260950089,0.0002910466864705086,0.0002910466864705086,False,False,,,0,False
v4_branch_e037323277bd95b463b3,1,17,new_center,parent_to_0.25,0.0,0.25,g001_b7e43f1d75130653_0000,17,3.265558916609734e-05,empty,g001_p000017_empty,13.0,41.0,20.0,ellipsoid,9,178.86346232509294,15.040188246110642,14.827756558975286,13.216821041683868,3.7600470615276604,3.7069391397438216,3.304205260420967,0.014549885876476765,0.00019973330199718475,0.00019973330199718475,False,False,,,0,False
v4_branch_52d54d80f978e94915e3,1,18,new_center,parent_to_0.25,0.0,0.25,g001_b7e43f1d75130653_0000,18,3.242237289668992e-05,empty,g001_p000018_empty,12.0,42.0,18.0,ellipsoid,9,72.04293465246747,14.555188486309731,7.871857856997386,7.395492073357216,3.638797121577433,1.9679644642493466,1.848873018339304,0.014607062563300133,0.0002569099888205528,0.0002569099888205528,False,False,,,0,False
v4_branch_29693e5a6ae8c7b4740f,1,19,new_center,parent_to_0.25,0.0,0.25,g001_b7e43f1d75130653_0000,19,3.218487472622655e-05,empty,g001_p000019_empty,11.0,41.0,20.0,ellipsoid,9,121.38482999502398,8.405445911461706,10.61498223271063,10.60558369473316,2.1013614778654266,2.6537455581776577,2.65139592368329,0.014518210664391518,0.00016805808991193771,0.00016805808991193771,False,False,,,0,False
v4_branch_5ecff8d2306fe0cbe353,1,20,new_center,parent_to_0.25,0.0,0.25,g001_b7e43f1d75130653_0000,20,3.218485653633252e-05,empty,g001_p000020_empty,13.0,43.0,20.0,ellipsoid,9,9.77334558962757,10.129626410141674,7.833675760034863,12.678921136237737,2.5324066025354184,1.9584189400087157,3.169730284059434,0.014455762691795826,0.00010561011731624603,0.00010561011731624603,False,False,,,0,False
v4_branch_b5ec92eee9c5732cda23,1,21,new_center,parent_to_0.25,0.0,0.25,g001_b7e43f1d75130653_0000,21,3.211331568309106e-05,empty,g001_p000021_empty,42.0,40.0,39.0,dike_hemisphere,9,149.770253550665,6.07617219988023,13.718121149500966,10.848121897390227,1.5190430499700576,3.4295302873752416,2.7120304743475567,0.01449262723326683,0.00014247465878725052,0.00014247465878725052,False,False,,,0,False
v4_branch_3b1e7da6e26e99bb5972,1,22,new_center,parent_to_0.25,0.0,0.25,g001_b7e43f1d75130653_0000,22,3.211331568309106e-05,empty,g001_p000022_empty,42.0,44.0,39.0,ellipsoid,9,31.18983675831363,7.173075191757161,13.045133734224756,10.622872775483781,1.7932687979392903,3.261283433556189,2.6557181938709453,0.014554533176124096,0.000204380601644516,0.000204380601644516,False,False,,,0,False
v4_branch_036c3c0ea5aaa2833b27,1,23,new_center,parent_to_0.25,0.0,0.25,g001_b7e43f1d75130653_0000,23,3.14137723762542e-05,empty,g001_p000023_empty,11.0,42.0,20.0,ellipsoid,9,44.16193320402727,12.029874446520537,8.15110061808303,6.737584143203133,3.0074686116301343,2.0377751545207574,1.6843960358007832,0.014613754115998745,0.00026360154151916504,0.00026360154151916504,False,False,,,0,False
v4_branch_b970babe45445f3b8f27,1,24,new_center,parent_to_0.25,0.0,0.25,g001_b7e43f1d75130653_0000,24,3.141374691040255e-05,empty,g001_p000024_empty,13.0,42.0,20.0,ellipsoid,9,54.30908382130581,8.847654077052322,8.418315356065944,12.805289385629877,2.2119135192630806,2.104578839016486,3.201322346407469,0.014530218206346035,0.00018006563186645508,0.00018006563186645508,False,False,,,0,False
v4_branch_34a5dbdfe9bf893a7b76,1,25,new_center,parent_to_0.25,0.0,0.25,g001_b7e43f1d75130653_0000,25,3.113657294306904e-05,empty,g001_p000025_empty,41.0,9.0,25.0,dike_hemisphere,9,59.91230920752851,12.47131210005705,12.612542535388183,11.145356360571151,3.1178280250142625,3.1531356338470458,2.786339090142788,0.014582399278879166,0.00023224670439958572,0.00023224670439958572,False,False,,,0,False
v4_branch_d333cd462d17a8efc28a,1,26,new_center,parent_to_0.25,0.0,0.25,g001_b7e43f1d75130653_0000,26,3.1136569305090234e-05,empty,g001_p000026_empty,41.0,11.0,25.0,dike_hemisphere,9,164.79634371238396,9.155478395070567,10.349099635259908,11.52591635257438,2.2888695987676417,2.587274908814977,2.881479088143595,0.014504915103316307,0.00015476252883672714,0.00015476252883672714,False,False,,,0,False
v4_branch_1235c46626451b483964,1,27,new_center,parent_to_0.25,0.0,0.25,g001_b7e43f1d75130653_0000,27,3.113654020125978e-05,empty,g001_p000027_empty,43.0,9.0,25.0,dike_hemisphere,9,106.94513798941415,7.048759815654622,9.37378996870015,13.457926773936395,1.7621899539136554,2.3434474921750374,3.3644816934840986,0.014452864415943623,0.00010271184146404266,0.00010271184146404266,False,False,,,0,False
v4_branch_e42471e85d9c9b7eba83,1,28,new_center,parent_to_0.25,0.0,0.25,g001_b7e43f1d75130653_0000,28,3.113653656328097e-05,empty,g001_p000028_empty,43.0,11.0,25.0,ellipsoid,9,175.5063386439586,13.22218140288887,10.738958508937952,6.940112484553853,3.3055453507222174,2.684739627234488,1.7350281211384633,0.014707652851939201,0.00035750027745962143,0.00035750027745962143,False,False,,,0,False
v4_branch_7dc6c9d506103ecb96dc,1,29,new_center,parent_to_0.25,0.0,0.25,g001_b7e43f1d75130653_0000,29,3.09154020214919e-05,empty,g001_p000029_empty,11.0,41.0,21.0,dike_hemisphere,9,178.13311570806408,7.142181187780775,8.023847475749804,11.491108540233451,1.7855452969451937,2.005961868937451,2.872777135058363,0.01437800657004118,2.785399556159973e-05,2.785399556159973e-05,False,False,,,0,False
v4_branch_306d672671b371544365,1,30,new_center,parent_to_0.25,0.0,0.25,g001_b7e43f1d75130653_0000,30,3.0915369279682636e-05,empty,g001_p000030_empty,13.0,43.0,21.0,dike_hemisphere,9,9.504359826837238,13.02666906176803,13.926044798918095,9.716716070802335,3.2566672654420077,3.481511199729524,2.4291790177005836,0.014579267241060734,0.00022911466658115387,0.00022911466658115387,False,False,,,0,False
v4_branch_2b7ca71327a063b26546,1,31,new_center,parent_to_0.25,0.0,0.25,g001_b7e43f1d75130653_0000,31,3.079304224229418e-05,empty,g001_p000031_empty,11.0,43.0,21.0,dike_hemisphere,9,134.69936475095506,13.582715504431196,9.749491813923433,13.258751005107614,3.395678876107799,2.437372953480858,3.3146877512769035,0.014504734426736832,0.00015458185225725174,0.00015458185225725174,False,False,,,0,False
v4_branch_b1e032245e65a55a330f,1,32,new_center,parent_to_0.25,0.0,0.25,g001_b7e43f1d75130653_0000,32,3.079301313846372e-05,empty,g001_p000032_empty,13.0,41.0,21.0,ellipsoid,9,20.815182711906278,8.205530883988326,7.251633415631616,10.11077137775779,2.0513827209970814,1.812908353907904,2.5276928444394473,0.014441095292568207,9.094271808862686e-05,9.094271808862686e-05,False,False,,,0,False
v4_branch_a9121692ab7ba845dd73,1,33,new_center,parent_to_0.25,0.0,0.25,g001_b7e43f1d75130653_0000,33,3.078478039242327e-05,empty,g001_p000033_empty,11.0,42.0,21.0,dike_hemisphere,9,160.32578312571653,8.378264712275199,10.600374585557546,9.5201813744198,2.0945661780687996,2.6500936463893865,2.38004534360495,0.014512632042169571,0.000162479467689991,0.000162479467689991,False,False,,,0,False
v4_branch_a6f3d8266059f169dc14,1,34,new_center,parent_to_0.25,0.0,0.25,g001_b7e43f1d75130653_0000,34,3.078474765061401e-05,empty,g001_p000034_empty,13.0,42.0,21.0,dike_hemisphere,9,9.129043452607746,15.967724853038847,13.506736694282441,7.800776066231431,3.991931213259712,3.3766841735706103,1.9501940165578577,0.01478264294564724,0.00043249037116765976,0.00043249037116765976,False,False,,,0,False
v4_branch_f39900a9fc493e97e032,1,35,new_center,parent_to_0.25,0.0,0.25,g001_b7e43f1d75130653_0000,35,3.053922046092339e-05,empty,g001_p000035_empty,11.0,44.0,21.0,ellipsoid,9,144.20026769124885,7.714466889441368,14.463600360360354,7.797019680948905,1.928616722360342,3.6159000900900886,1.9492549202372262,0.014567230828106403,0.00021707825362682343,0.00021707825362682343,False,False,,,0,False
v4_branch_04b2dfd31ba182e30e1d,1,36,new_center,parent_to_0.25,0.0,0.25,g001_b7e43f1d75130653_0000,36,3.053920227102935e-05,empty,g001_p000036_empty,13.0,40.0,21.0,dike_hemisphere,9,127.3633775777188,13.343397478055214,6.032260431849485,10.454557264706477,3.3358493695138036,1.5080651079623713,2.613639316176619,0.014547466300427914,0.00019731372594833374,0.00019731372594833374,False,False,,,0,False
v4_branch_02fe5d587e26f3f01648,1,37,new_center,parent_to_0.25,0.0,0.25,g001_b7e43f1d75130653_0000,37,3.02823209494818e-05,empty,g001_p000037_empty,9.0,10.0,16.0,ellipsoid,9,163.27529849949048,15.144177030812179,9.481474259024631,10.701913016902555,3.7860442577030446,2.370368564756158,2.675478254225639,0.014545030891895294,0.00019487831741571426,0.00019487831741571426,False,False,,,0,False
v4_branch_7555bb361716a4f10f17,1,38,new_center,parent_to_0.25,0.0,0.25,g001_b7e43f1d75130653_0000,38,3.028231549251359e-05,empty,g001_p000038_empty,11.0,10.0,16.0,dike_hemisphere,9,87.76142387213311,7.444030393609487,7.065214360019764,7.7898586137453805,1.8610075984023717,1.766303590004941,1.9474646534363451,0.01438718568533659,3.703311085700989e-05,3.703311085700989e-05,False,False,,,0,False
v4_branch_cf47f1f765f4596e1296,1,39,new_center,parent_to_0.25,0.0,0.25,g001_b7e43f1d75130653_0000,39,3.0169203455443494e-05,empty,g001_p000039_empty,41.0,10.0,24.0,ellipsoid,9,84.47118387317751,7.912963501956076,7.460193986644337,12.075855894242402,1.978240875489019,1.8650484966610843,3.0189639735606004,0.014370696619153023,2.054404467344284e-05,2.054404467344284e-05,False,False,,,0,False
v4_branch_2fdc178db230688fc30e,1,40,new_center,parent_to_0.25,0.0,0.25,g001_b7e43f1d75130653_0000,40,3.0169197998475283e-05,empty,g001_p000040_empty,43.0,10.0,24.0,dike_hemisphere,9,147.75405733840708,9.965832748192849,14.333460885840068,10.840780109907708,2.491458187048212,3.583365221460017,2.710195027476927,0.014485654421150684,0.00013550184667110443,0.00013550184667110443,False,False,,,0,False
v4_branch_2bf458d155d98dce9d02,1,41,new_center,parent_to_0.25,0.0,0.25,g001_b7e43f1d75130653_0000,41,3.016919617948588e-05,empty,g001_p000041_empty,42.0,9.0,24.0,dike_hemisphere,9,122.88532133670165,15.662379319661634,9.65326710930184,13.934919799502191,3.9155948299154084,2.41331677732546,3.483729949875548,0.014485654421150684,0.00013550184667110443,0.00013550184667110443,False,False,,,0,False
v4_branch_546331ff65db57bacab0,1,42,new_center,parent_to_0.25,0.0,0.25,g001_b7e43f1d75130653_0000,42,3.0169194360496476e-05,empty,g001_p000042_empty,42.0,11.0,24.0,ellipsoid,9,92.21314621639712,10.71870116796318,11.045155498580494,7.465164534543309,2.679675291990795,2.7612888746451234,1.8662911336358272,0.01450088806450367,0.0001507354900240898,0.0001507354900240898,False,False,,,0,False
v4_branch_f1d52edaa50891d6c13c,1,43,new_center,parent_to_0.25,0.0,0.25,g001_b7e43f1d75130653_0000,43,2.9754190109088086e-05,empty,g001_p000043_empty,9.0,11.0,16.0,ellipsoid,9,144.08844885856152,10.595734777677604,8.994890350728683,8.74024704082701,2.648933694419401,2.248722587682171,2.1850617602067524,0.014511017128825188,0.00016086455434560776,0.00016086455434560776,False,False,,,0,False
v4_branch_dc970080c818da5a4947,1,44,new_center,parent_to_0.25,0.0,0.25,g001_b7e43f1d75130653_0000,44,2.9754190109088086e-05,empty,g001_p000044_empty,11.0,9.0,16.0,ellipsoid,9,50.72738480244659,8.162461975587732,8.847216693120602,11.752321579076172,2.040615493896933,2.2118041732801506,2.938080394769043,0.014511016197502613,0.00016086362302303314,0.00016086362302303314,False,False,,,0,False
v4_branch_f0f47639cbb60baba853,1,45,new_center,parent_to_0.25,0.0,0.25,g001_b7e43f1d75130653_0000,45,2.9358157917158678e-05,empty,g001_p000045_empty,41.0,42.0,38.0,dike_hemisphere,9,119.33184788897272,11.623834611373164,13.250168316043638,8.843485601724423,2.905958652843291,3.3125420790109095,2.2108714004311056,0.01457912940531969,0.00022897683084011078,0.00022897683084011078,False,False,,,0,False
v4_branch_9298d5c956cbed5ea453,1,46,new_center,parent_to_0.25,0.0,0.25,g001_b7e43f1d75130653_0000,46,2.9358156098169275e-05,empty,g001_p000046_empty,43.0,42.0,38.0,dike_hemisphere,9,175.8564487171529,12.771715439882101,9.284760461078342,13.676086722067318,3.1929288599705252,2.3211901152695855,3.4190216805168294,0.014471535570919514,0.00012138299643993378,0.00012138299643993378,False,False,,,0,False
v4_branch_c0bbdc42002b05989f96,1,47,new_center,parent_to_0.25,0.0,0.25,g001_b7e43f1d75130653_0000,47,2.9262730095069855e-05,empty,g001_p000047_empty,12.0,42.0,21.0,ellipsoid,9,77.4447852336433,13.905397113860541,7.956243818954482,9.487172631207926,3.4763492784651353,1.9890609547386204,2.3717931578019815,0.01459505409002304,0.00024490151554346085,0.00024490151554346085,False,False,,,0,False
v4_branch_066af2f6f668231f6328,1,48,new_center,parent_to_0.25,0.0,0.25,g001_b7e43f1d75130653_0000,48,2.8983877200516872e-05,empty,g001_p000048_empty,10.0,41.0,21.0,ellipsoid,9,20.00534082220488,15.55697634066538,9.871421176127551,6.303254219744745,3.889244085166345,2.467855294031888,1.5758135549361862,0.014665073715150356,0.00031492114067077637,0.00031492114067077637,False,False,,,0,False
v4_branch_367845db5016725f614d,1,49,new_center,parent_to_0.25,0.0,0.25,g001_b7e43f1d75130653_0000,49,2.8983868105569854e-05,empty,g001_p000049_empty,14.0,43.0,21.0,ellipsoid,9,70.52299041568581,8.908772554588086,9.395393283194746,10.644185878312864,2.2271931386470216,2.3488483207986866,2.661046469578216,0.014539355412125587,0.00018920283764600754,0.00018920283764600754,False,False,,,0,False
v4_branch_1dcbcb540ce8c16be136,1,50,new_center,parent_to_0.25,0.0,0.25,g001_b7e43f1d75130653_0000,50,2.895199941121973e-05,empty,g001_p000050_empty,11.0,42.0,19.0,ellipsoid,9,15.616680839989412,10.939170246266748,8.293508529249474,13.598257400183408,2.734792561566687,2.0733771323123684,3.399564350045852,0.014486847445368767,0.00013669487088918686,0.00013669487088918686,False,False,,,0,False
v4_branch_80838d6e5d5d39af41b1,1,51,new_center,parent_to_0.25,0.0,0.25,g001_b7e43f1d75130653_0000,51,2.8951997592230327e-05,empty,g001_p000051_empty,13.0,42.0,19.0,dike_hemisphere,9,99.53672842374426,6.57233590189175,11.937521255840148,8.36805732541486,1.6430839754729376,2.984380313960037,2.092014331353715,0.01441581454128027,6.56619668006897e-05,6.56619668006897e-05,False,False,,,0,False
v4_branch_c87eaf28990d7a6f8e2c,1,52,new_center,parent_to_0.25,0.0,0.25,g001_b7e43f1d75130653_0000,52,2.8864973501185887e-05,empty,g001_p000052_empty,9.0,9.0,16.0,dike_hemisphere,9,20.317951440809544,11.306412989422693,12.848318760611289,10.389129114594915,2.8266032473556733,3.212079690152822,2.597282278648729,0.01456331368535757,0.00021316111087799072,0.00021316111087799072,False,False,,,0,False
v4_branch_9725b74237174a1028c0,1,53,new_center,parent_to_0.25,0.0,0.25,g001_b7e43f1d75130653_0000,53,2.8864968044217676e-05,empty,g001_p000053_empty,11.0,11.0,16.0,ellipsoid,9,63.930529229863666,10.67425071960557,11.456145457862478,8.401198920867113,2.6685626799013926,2.8640363644656195,2.1002997302167783,0.014587449841201305,0.00023729726672172546,0.00023729726672172546,False,False,,,0,False
v4_branch_3bff7855137996829171,1,54,new_center,parent_to_0.25,0.0,0.25,g001_b7e43f1d75130653_0000,54,2.876739381463267e-05,empty,g001_p000054_empty,41.0,41.0,39.0,dike_hemisphere,9,69.10749472688853,9.556034649718786,6.850434118677241,11.202649892556021,2.3890086624296965,1.7126085296693103,2.8006624731390053,0.014440790750086308,9.06381756067276e-05,9.06381756067276e-05,False,False,,,0,False
v4_branch_91100e132a5a67067c41,1,55,new_center,parent_to_0.25,0.0,0.25,g001_b7e43f1d75130653_0000,55,2.876739381463267e-05,empty,g001_p000055_empty,43.0,43.0,39.0,dike_hemisphere,9,102.57003168944983,6.808730719965942,15.045673099294921,12.377690005106764,1.7021826799914854,3.7614182748237304,3.094422501276691,0.014422960579395294,7.280800491571426e-05,7.280800491571426e-05,False,False,,,0,False
v4_branch_73a36281f061af8eb3da,1,56,new_center,parent_to_0.25,0.0,0.25,g001_b7e43f1d75130653_0000,56,2.7470547138364054e-05,empty,g001_p000056_empty,11.0,40.0,21.0,dike_hemisphere,9,43.05919627639129,9.130909507393525,10.508306450158734,11.731952588625484,2.2827273768483813,2.6270766125396836,2.932988147156371,0.014476924203336239,0.00012677162885665894,0.00012677162885665894,False,False,,,0,False
v4_branch_3cc5ea0e8afff876b02b,1,57,new_center,parent_to_0.25,0.0,0.25,g001_b7e43f1d75130653_0000,57,2.7470527129480615e-05,empty,g001_p000057_empty,13.0,44.0,21.0,ellipsoid,9,57.495316217736715,7.2535205593737855,7.279366422831915,9.362989743801243,1.8133801398434464,1.8198416057079787,2.340747435950311,0.01437420304864645,2.4050474166870117e-05,2.4050474166870117e-05,False,False,,,0,False
v4_branch_8ed0cf5e92ab85c8f905,1,58,new_center,parent_to_0.25,0.0,0.25,g001_b7e43f1d75130653_0000,58,2.7361824322724715e-05,empty,g001_p000058_empty,42.0,43.0,38.0,dike_hemisphere,9,72.7163258362878,10.906171369331549,10.36983990191259,12.704244784621508,2.7265428423328872,2.5924599754781474,3.176061196155377,0.014459768310189247,0.0001096157357096672,0.0001096157357096672,False,False,,,0,False
v4_branch_b72c49b34644bb8060cd,1,59,new_center,parent_to_0.25,0.0,0.25,g001_b7e43f1d75130653_0000,59,2.7361820684745908e-05,empty,g001_p000059_empty,42.0,41.0,38.0,ellipsoid,9,27.68537502458926,8.186342787724186,7.53309691306768,11.595932557412016,2.0465856969310465,1.88327422826692,2.898983139353004,0.014455761760473251,0.00010560918599367142,0.00010560918599367142,False,False,,,0,False
v4_branch_a01313be1528576f5a7b,1,60,new_center,parent_to_0.25,0.0,0.25,g001_b7e43f1d75130653_0000,60,2.7159087039763108e-05,empty,g001_p000060_empty,12.0,42.0,20.0,ellipsoid,9,121.82802650780854,6.619222687939142,12.702866502876134,7.886906741187657,1.6548056719847855,3.1757166257190335,1.9717266852969142,0.014538607560098171,0.0001884549856185913,0.0001884549856185913,False,False,,,0,False
v4_branch_8a2f43471916f02743a9,1,61,new_center,parent_to_0.25,0.0,0.25,g001_b7e43f1d75130653_0000,61,2.7056174076278694e-05,empty,g001_p000061_empty,12.0,42.0,19.0,ellipsoid,9,41.97761240149302,15.683122791823816,6.174052353470242,12.525234235939585,3.920780697955954,1.5435130883675605,3.1313085589848964,0.014486847445368767,0.00013669487088918686,0.00013669487088918686,False,False,,,0,False
v4_branch_58f25d7a0acf5698cabd,1,62,new_center,parent_to_0.25,0.0,0.25,g001_b7e43f1d75130653_0000,62,2.6949528546538204e-05,empty,g001_p000062_empty,11.0,41.0,19.0,ellipsoid,9,108.9792295047826,10.770979066862354,15.910240411734968,10.932579225940987,2.6927447667155886,3.977560102933742,2.733144806485247,0.014634102582931519,0.00028395000845193863,0.00028395000845193863,False,False,,,0,False
v4_branch_18d9cc850debbc4d0a5b,1,63,new_center,parent_to_0.25,0.0,0.25,g001_b7e43f1d75130653_0000,63,2.6949523089569993e-05,empty,g001_p000063_empty,13.0,43.0,19.0,ellipsoid,9,163.47925790934508,15.039237669071138,11.79518248654055,12.824238507788255,3.7598094172677845,2.9487956216351376,3.206059626947064,0.014592362567782402,0.0002422099933028221,0.0002422099933028221,False,False,,,0,False
v4_branch_332f215d70a9606cd507,1,64,new_center,parent_to_0.25,0.0,0.25,g001_b7e43f1d75130653_0000,64,2.6633388188201934e-05,empty,g001_p000064_empty,25.0,10.0,36.0,dike_hemisphere,9,155.84795580482404,8.70504889594566,7.3368188364837685,7.989391067194156,2.176262223986415,1.8342047091209421,1.997347766798539,0.01438718568533659,3.703311085700989e-05,3.703311085700989e-05,False,False,,,0,False
v4_branch_7cfced8a0a5d08da7176,1,65,new_center,parent_to_0.25,0.0,0.25,g001_b7e43f1d75130653_0000,65,2.663338636921253e-05,empty,g001_p000065_empty,27.0,10.0,36.0,dike_hemisphere,9,152.00134513550552,15.829381615015967,10.30181105130491,7.854981542782159,3.9573454037539917,2.5754527628262274,1.9637453856955398,0.014574219472706318,0.00022406689822673798,0.00022406689822673798,False,False,,,0,False
v4_branch_70bc4423c224dfda6c94,1,66,new_center,parent_to_0.25,0.0,0.25,g001_b7e43f1d75130653_0000,66,2.6524101485847495e-05,empty,g001_p000066_empty,26.0,9.0,36.0,dike_hemisphere,9,45.18811078225207,12.173005284033055,9.772553198795846,6.063639492874806,3.0432513210082637,2.4431382996989615,1.5159098732187015,0.014499365352094173,0.0001492127776145935,0.0001492127776145935,False,False,,,0,False
v4_branch_10a8839da7fb841eb5f6,1,67,new_center,parent_to_0.25,0.0,0.25,g001_b7e43f1d75130653_0000,67,2.6524101485847495e-05,empty,g001_p000067_empty,26.0,11.0,36.0,ellipsoid,9,35.51160278503833,9.514054289446314,6.384377159350998,13.743962505710133,2.3785135723615785,1.5960942898377495,3.4359906264275333,0.014434178359806538,8.40257853269577e-05,8.40257853269577e-05,False,False,,,0,False
v4_branch_6f60e0d617c9bd6c6bf6,1,68,new_center,parent_to_0.25,0.0,0.25,g001_b7e43f1d75130653_0000,68,2.6439482098794542e-05,empty,g001_p000068_empty,10.0,41.0,20.0,dike_hemisphere,9,164.45309111974314,12.631676262269078,7.238314243675336,11.405519189985512,3.1579190655672695,1.809578560918834,2.851379797496378,0.014445779845118523,9.562727063894272e-05,9.562727063894272e-05,False,False,,,0,False
v4_branch_76792ca54931c50340ff,1,69,new_center,parent_to_0.25,0.0,0.25,g001_b7e43f1d75130653_0000,69,2.643947664182633e-05,empty,g001_p000069_empty,14.0,43.0,20.0,ellipsoid,9,57.333013543833,6.197052691612538,15.204848623997016,6.266568361795912,1.5492631729031345,3.801212155999254,1.566642090448978,0.014535143040120602,0.00018499046564102173,0.00018499046564102173,False,False,,,0,False
v4_branch_4cec7068c3b6ba33ea0c,1,70,new_center,parent_to_0.25,0.0,0.25,g001_b7e43f1d75130653_0000,70,2.638116347952746e-05,empty,g001_p000070_empty,12.0,41.0,19.0,dike_hemisphere,9,77.88962741454694,6.137360022805886,6.744096237236435,6.664546141920375,1.5343400057014716,1.6860240593091087,1.6661365354800937,0.01438713539391756,3.698281943798065e-05,3.698281943798065e-05,False,False,,,0,False
v4_branch_211dc71e9653a8b8015c,1,71,new_center,parent_to_0.25,0.0,0.25,g001_b7e43f1d75130653_0000,71,2.638116347952746e-05,empty,g001_p000071_empty,12.0,43.0,19.0,ellipsoid,9,15.355834063672702,7.783991455915924,8.920691475290589,13.12652409583864,1.945997863978981,2.230172868822647,3.28163102395966,0.014445390552282333,9.523797780275345e-05,9.523797780275345e-05,False,False,,,0,False
v4_branch_cbdadb7119d636c89351,1,72,new_center,parent_to_0.25,0.0,0.25,g001_b7e43f1d75130653_0000,72,2.6337187591707334e-05,empty,g001_p000072_empty,9.0,9.0,15.0,dike_hemisphere,9,67.29417919310532,7.328963505305833,7.925033463207139,13.565128691180252,1.8322408763264582,1.9812583658017848,3.391282172795063,0.01437048614025116,2.0333565771579742e-05,2.0333565771579742e-05,False,False,,,0,False
v4_branch_4d07c293b5d88809d0f8,1,73,new_center,parent_to_0.25,0.0,0.25,g001_b7e43f1d75130653_0000,73,2.6337187591707334e-05,empty,g001_p000073_empty,11.0,11.0,15.0,ellipsoid,9,24.50674355631685,9.158639774523085,10.909087300855749,6.8665225410959705,2.289659943630771,2.727271825213937,1.7166306352739926,0.014534122310578823,0.00018396973609924316,0.00018396973609924316,False,False,,,0,False
v4_branch_96105adecc1b053952c2,1,74,new_center,parent_to_0.25,0.0,0.25,g001_b7e43f1d75130653_0000,74,2.6235009499941953e-05,empty,g001_p000074_empty,10.0,42.0,21.0,dike_hemisphere,9,56.38473554012545,10.594006602222205,13.031118052523428,10.79690261272715,2.648501650555551,3.257779513130857,2.6992256531817875,0.014564909040927887,0.00021475646644830704,0.00021475646644830704,False,False,,,0,False
v4_branch_90c4f6ad626705351b74,1,75,new_center,parent_to_0.25,0.0,0.25,g001_b7e43f1d75130653_0000,75,2.6235005861963145e-05,empty,g001_p000075_empty,14.0,42.0,21.0,ellipsoid,9,158.41876126792536,11.95943224886834,11.678295645198787,9.669653202801873,2.989858062217085,2.919573911299697,2.4174133007004683,0.014698933809995651,0.0003487812355160713,0.0003487812355160713,False,False,,,0,False
v4_branch_f8ae1295efde438e4580,1,76,new_center,parent_to_0.25,0.0,0.25,g001_b7e43f1d75130653_0000,76,2.575260259618517e-05,empty,g001_p000076_empty,9.0,11.0,15.0,dike_hemisphere,9,26.761411804814827,13.60471285979959,8.500629934055171,8.810531106714862,3.4011782149498977,2.1251574835137927,2.2026327766787155,0.014561384916305542,0.00021123234182596207,0.00021123234182596207,False,False,,,0,False
v4_branch_87796e7faf9d0d92a03e,1,77,new_center,parent_to_0.25,0.0,0.25,g001_b7e43f1d75130653_0000,77,2.575260259618517e-05,empty,g001_p000077_empty,11.0,9.0,15.0,dike_hemisphere,9,21.077111433676556,15.030756300176424,13.770362171781583,13.650607764300538,3.757689075044106,3.442590542945396,3.4126519410751346,0.014522082172334194,0.00017192959785461426,0.00017192959785461426,False,False,,,0,False
v4_branch_3c78a43330a448fd1c40,1,78,new_center,parent_to_0.25,0.0,0.25,g001_b7e43f1d75130653_0000,78,2.549002419982571e-05,empty,g001_p000078_empty,12.0,41.0,21.0,dike_hemisphere,9,67.44519116803498,13.888565154997547,7.643355626594268,8.602051739490378,3.4721412887493868,1.910838906648567,2.1505129348725944,0.014568268321454525,0.00021811574697494507,0.00021811574697494507,False,False,,,0,False
v4_branch_9fe885f27d4c4b62d493,1,79,new_center,parent_to_0.25,0.0,0.25,g001_b7e43f1d75130653_0000,79,2.5490022380836308e-05,empty,g001_p000079_empty,12.0,43.0,21.0,dike_hemisphere,9,4.7397274199388555,9.32904364153813,8.409507470098937,12.672630368653707,2.3322609103845324,2.1023768675247343,3.1681575921634266,0.014512632042169571,0.000162479467689991,0.000162479467689991,False,False,,,0,False
v4_branch_598145e4c7455f5b272e,1,80,new_center,parent_to_0.25,0.0,0.25,g001_b7e43f1d75130653_0000,80,2.5463124984526075e-05,empty,g001_p000080_empty,10.0,8.0,17.0,dike_hemisphere,9,71.5621775563096,15.153970138684727,15.885347823528942,12.176275490166978,3.7884925346711817,3.9713369558822356,3.0440688725417444,0.01444388460367918,9.373202919960022e-05,9.373202919960022e-05,False,False,,,0,False
v4_branch_d9494fb0c0422eb5d81f,1,81,new_center,parent_to_0.25,0.0,0.25,g001_b7e43f1d75130653_0000,81,2.5463123165536672e-05,empty,g001_p000081_empty,10.0,12.0,17.0,ellipsoid,9,135.47500841491413,13.626890010335213,13.568787216215597,7.377657296507843,3.4067225025838033,3.3921968040538992,1.8444143241269608,0.014714960008859634,0.0003648074343800545,0.0003648074343800545,False,False,,,0,False
v4_branch_f2bbb8a58899cc9a286f,1,82,new_center,parent_to_0.25,0.0,0.25,g001_b7e43f1d75130653_0000,82,2.540611421864014e-05,empty,g001_p000082_empty,41.0,43.0,39.0,dike_hemisphere,9,40.5531567076506,10.208090584068527,7.427673880089215,11.97457865732697,2.552022646017132,1.8569184700223038,2.9936446643317427,0.014516443945467472,0.00016629137098789215,0.00016629137098789215,False,False,,,0,False
v4_branch_335a0e10d4d18a689d9b,1,83,new_center,parent_to_0.25,0.0,0.25,g001_b7e43f1d75130653_0000,83,2.540611421864014e-05,empty,g001_p000083_empty,43.0,41.0,39.0,ellipsoid,9,20.24151388660484,10.131111799663163,13.192116076343227,10.741646153198397,2.5327779499157907,3.298029019085807,2.6854115382995993,0.014584141783416271,0.00023398920893669128,0.00023398920893669128,False,False,,,0,False
v4_branch_30ce1e7ed512010b6bb2,1,84,new_center,parent_to_0.25,0.0,0.25,g001_b7e43f1d75130653_0000,84,2.5087743779295124e-05,empty,g001_p000084_empty,26.0,8.0,37.0,dike_hemisphere,9,170.08465827251885,12.319223048260918,15.475767275296059,8.906483801747374,3.0798057620652295,3.8689418188240148,2.2266209504368435,0.014567285776138306,0.00021713320165872574,0.00021713320165872574,False,False,,,0,False
v4_branch_1cfce580c1b466cee43a,1,85,new_center,parent_to_0.25,0.0,0.25,g001_b7e43f1d75130653_0000,85,2.5087743779295124e-05,empty,g001_p000085_empty,26.0,12.0,37.0,dike_hemisphere,9,149.04910658397105,8.133555713362083,11.62156561734557,7.2217644689212985,2.033388928340521,2.9053914043363926,1.8054411172303246,0.014467751607298851,0.00011759903281927109,0.00011759903281927109,False,False,,,0,False
v4_branch_8e73c93d2711ea08371b,1,86,new_center,parent_to_0.25,0.0,0.25,g001_b7e43f1d75130653_0000,86,2.4885195671231486e-05,empty,g001_p000086_empty,42.0,41.0,39.0,ellipsoid,9,179.77921673455958,12.121918021974068,9.14845103932981,7.770370656511692,3.030479505493517,2.2871127598324525,1.942592664127923,0.014561250805854797,0.00021109823137521744,0.00021109823137521744,False,False,,,0,False
v4_branch_2ab2a3cb2e47448bbb4e,1,87,new_center,parent_to_0.25,0.0,0.25,g001_b7e43f1d75130653_0000,87,2.4885193852242082e-05,empty,g001_p000087_empty,42.0,43.0,39.0,ellipsoid,9,45.2851995678386,8.041282074237383,8.207272756346864,6.622982428876084,2.010320518559346,2.051818189086716,1.655745607219021,0.014561250805854797,0.00021109823137521744,0.00021109823137521744,False,False,,,0,False
v4_branch_6e10ae738a4360300960,1,88,new_center,parent_to_0.25,0.0,0.25,g001_b7e43f1d75130653_0000,88,2.4635173758724704e-05,empty,g001_p000088_empty,40.0,9.0,25.0,ellipsoid,9,84.48010697218353,6.189385249354956,15.3884580063633,9.526684852428644,1.547346312338739,3.847114501590825,2.381671213107161,0.014429764822125435,7.961224764585495e-05,7.961224764585495e-05,False,False,,,0,False
v4_branch_6cc7fea189a18e99f08c,1,89,new_center,parent_to_0.25,0.0,0.25,g001_b7e43f1d75130653_0000,89,2.46351719397353e-05,empty,g001_p000089_empty,40.0,11.0,25.0,dike_hemisphere,9,177.91022357582855,6.581694886466597,14.392362974105222,11.352843655277889,1.6454237216166492,3.5980907435263054,2.838210913819472,0.014422960579395294,7.280800491571426e-05,7.280800491571426e-05,False,False,,,0,False
v4_branch_a570cdab768e3484cae1,1,90,new_center,parent_to_0.25,0.0,0.25,g001_b7e43f1d75130653_0000,90,2.46351719397353e-05,empty,g001_p000090_empty,41.0,8.0,25.0,ellipsoid,9,154.82044117029503,10.193678558292241,6.672544461810068,7.522903226193633,2.5484196395730603,1.668136115452517,1.8807258065484083,0.014469594694674015,0.00011944212019443512,0.00011944212019443512,False,False,,,0,False
v4_branch_075db7d0ccc712c7d885,1,91,new_center,parent_to_0.25,0.0,0.25,g001_b7e43f1d75130653_0000,91,2.4635170120745897e-05,empty,g001_p000091_empty,41.0,12.0,25.0,dike_hemisphere,9,106.39740303120368,7.809201585569462,8.995913391070538,11.763482519054396,1.9523003963923655,2.2489783477676344,2.940870629763599,0.014440790750086308,9.06381756067276e-05,9.06381756067276e-05,False,False,,,0,False
v4_branch_ef35b33e3af16cdbb18a,1,92,new_center,parent_to_0.25,0.0,0.25,g001_b7e43f1d75130653_0000,92,2.4635168301756494e-05,empty,g001_p000092_empty,44.0,11.0,25.0,dike_hemisphere,9,130.4650308332708,6.022338758696453,12.409030148770539,9.88110242536108,1.5055846896741132,3.1022575371926346,2.47027560634027,0.01453698892146349,0.0001868363469839096,0.0001868363469839096,False,False,,,0,False
v4_branch_b86c3fac8ea1802a362c,1,93,new_center,parent_to_0.25,0.0,0.25,g001_b7e43f1d75130653_0000,93,2.463516648276709e-05,empty,g001_p000093_empty,43.0,12.0,25.0,dike_hemisphere,9,136.9104744861059,8.378535652465901,6.052572727647808,10.452732431438129,2.0946339131164753,1.513143181911952,2.6131831078595322,0.01437800657004118,2.785399556159973e-05,2.785399556159973e-05,False,False,,,0,False
v4_branch_22ad45b510eef7666726,1,94,new_center,parent_to_0.25,0.0,0.25,g001_b7e43f1d75130653_0000,94,2.463516648276709e-05,empty,g001_p000094_empty,44.0,9.0,25.0,dike_hemisphere,9,98.9545024916445,6.402413758193065,12.541290178445003,13.019243752080005,1.6006034395482662,3.1353225446112507,3.254810938020001,0.01442295964807272,7.280707359313965e-05,7.280707359313965e-05,False,False,,,0,False
v4_branch_a254e078558a6e6cf10f,1,95,new_center,parent_to_0.25,0.0,0.25,g001_b7e43f1d75130653_0000,95,2.4635164663777687e-05,empty,g001_p000095_empty,43.0,8.0,25.0,ellipsoid,9,17.20463595883593,13.905221091682478,11.755262114840594,12.299882135011773,3.4763052729206194,2.9388155287101485,3.074970533752943,0.014621476642787457,0.0002713240683078766,0.0002713240683078766,False,False,,,0,False
v4_branch_81e11e6121dfbaf39dbe,2,0,new_center,parent_to_0.25,0.0,0.25,g002_45b8ccde0dccf59f_0001,0,3.735420250450261e-05,g001_p000072_empty,g002_p000000_g001_p000072_empty,41.0,10.0,25.0,dike_hemisphere,9,127.66127528082966,10.12743162831319,12.727438134034111,7.005037458351158,2.5318579070782974,3.181859533508528,1.7512593645877894,0.014574635773897171,0.00020414963364601135,0.0002244831994175911,False,False,,,0,False
v4_branch_0b490f6c997a85a36e9b,2,6,new_center,parent_to_0.25,0.0,0.25,g002_45b8ccde0dccf59f_0001,1,3.7354184314608574e-05,g001_p000072_empty,g002_p000006_g001_p000072_empty,42.0,9.0,25.0,ellipsoid,9,104.3330893988061,15.906465561134322,9.328639959062674,6.7647359064169414,3.9766163902835805,2.3321599897656684,1.6911839766042354,0.014665637165307999,0.000295151025056839,0.00031548459082841873,False,False,,,0,False
v4_branch_4bc0cbc3586b150b9e46,2,12,new_center,parent_to_0.25,0.0,0.25,g002_217b5f9da9637480_0002,0,3.6913279473083094e-05,g001_p000039_empty,g002_p000012_g001_p000039_empty,42.0,9.0,25.0,ellipsoid,9,84.51820305063413,14.464912241112614,6.4924471098685945,8.152052316152652,3.6162280602781536,1.6231117774671486,2.038013079038163,0.01444760337471962,7.690675556659698e-05,9.745080024003983e-05,False,False,,,0,False
v4_branch_9e01ae871e63d13c744f,2,18,new_center,parent_to_0.25,0.0,0.25,g002_217b5f9da9637480_0002,1,3.691327583510429e-05,g001_p000039_empty,g002_p000018_g001_p000039_empty,42.0,11.0,25.0,ellipsoid,9,82.92207815548677,6.052112577228163,15.118415930721683,12.568051117371184,1.5130281443070408,3.779603982680421,3.142012779342796,0.014446782879531384,7.608626037836075e-05,9.663030505180359e-05,False,False,,,0,False
v4_branch_1088134864585a9bee0b,2,24,new_center,parent_to_0.25,0.0,0.25,g002_95e002beff502d6c_0003,0,3.735420250450261e-05,g001_p000057_empty,g002_p000024_g001_p000057_empty,41.0,10.0,25.0,ellipsoid,9,171.68764544332726,12.300740792044675,10.174620354164446,11.756258504164258,3.0751851980111686,2.5436550885411116,2.9390646260410644,0.014625978656113148,0.0002517756074666977,0.0002758260816335678,False,False,,,0,False
v4_branch_1ed8438a0ef36335485d,2,30,new_center,parent_to_0.25,0.0,0.25,g002_95e002beff502d6c_0003,1,3.7354184314608574e-05,g001_p000057_empty,g002_p000030_g001_p000057_empty,42.0,9.0,25.0,ellipsoid,9,130.23792271282053,13.28712942318715,9.268622701399504,7.008108428455114,3.3217823557967874,2.317155675349876,1.7520271071137785,0.01466927956789732,0.00029507651925086975,0.00031912699341773987,False,False,,,0,False
v4_branch_b9b428bea5d0d528c514,2,36,new_center,parent_to_0.25,0.0,0.25,g002_65a903a85c583500_0004,0,3.941344766644761e-05,g001_p000029_empty,g002_p000036_g001_p000029_empty,12.0,41.0,20.0,ellipsoid,9,148.97272396765032,14.083075938262978,7.309241457140789,6.795686073355372,3.5207689845657444,1.8273103642851973,1.698921518338843,0.014590591192245483,0.00021258462220430374,0.00024043861776590347,False,False,,,0,False
v4_branch_acf1e50a7178f77802e5,2,42,new_center,parent_to_0.25,0.0,0.25,g002_65a903a85c583500_0004,1,3.94134440284688e-05,g001_p000029_empty,g002_p000042_g001_p000029_empty,12.0,43.0,20.0,dike_hemisphere,9,96.0973407601,14.501778352737059,7.87127401975284,12.850952717357684,3.6254445881842647,1.96781850493821,3.212738179339421,0.014457528479397297,7.952190935611725e-05,0.00010737590491771698,False,False,,,0,False
v4_branch_5b5ae59c075b2d8ed698,2,48,new_center,parent_to_0.25,0.0,0.25,g002_3e41029c3d40c4a8_0005,0,4.056436227983795e-05,g001_p000093_empty,g002_p000048_g001_p000093_empty,41.0,10.0,25.0,dike_hemisphere,9,34.876381637523444,14.790646810469761,12.920613012944948,8.71235740968335,3.6976617026174403,3.230153253236237,2.1780893524208373,0.014614432118833065,0.00023642554879188538,0.0002642795443534851,False,False,,,0,False
v4_branch_2a02051111070c49f05e,2,54,new_center,parent_to_0.25,0.0,0.25,g002_3e41029c3d40c4a8_0005,1,4.0564344089943916e-05,g001_p000093_empty,g002_p000054_g001_p000093_empty,42.0,9.0,25.0,ellipsoid,9,144.85392671445263,11.76850604182759,8.101612648763878,12.34339424521341,2.9421265104568977,2.0254031621909694,3.0858485613033526,0.014657849445939064,0.00027984287589788437,0.0003076968714594841,False,False,,,0,False
v4_branch_5fb6fcc010d46639f334,2,60,new_center,parent_to_0.25,0.0,0.25,g002_fc4bb7d82d555473_0006,0,3.735420250450261e-05,g001_p000005_empty,g002_p000060_g001_p000005_empty,41.0,10.0,25.0,ellipsoid,9,43.878000165438245,14.394936571737798,6.939565044430224,11.848152330284321,3.5987341429344495,1.734891261107556,2.9620380825710804,0.014659599401056767,0.0002798084169626236,0.0003094468265771866,False,False,,,0,False
v4_branch_6e04577b9aea4b79e8d5,2,66,new_center,parent_to_0.25,0.0,0.25,g002_fc4bb7d82d555473_0006,1,3.7354184314608574e-05,g001_p000005_empty,g002_p000066_g001_p000005_empty,42.0,9.0,25.0,dike_hemisphere,9,20.085055778799127,11.633592279707624,11.582969634719658,12.86344507483087,2.908398069926906,2.8957424086799146,3.2158612687077177,0.014638436026871204,0.00025864504277706146,0.00028828345239162445,False,False,,,0,False
v4_branch_0a0f2994dabf3dc9e209,2,72,new_center,parent_to_0.25,0.0,0.25,g002_8463ffa245f16743_0007,0,3.8561625842703506e-05,g001_p000070_empty,g002_p000072_g001_p000070_empty,12.0,43.0,20.0,ellipsoid,9,144.30116236760006,8.67654684067626,8.465988074183896,12.588241878751855,2.169136710169065,2.116497018545974,3.147060469687964,0.01456674374639988,0.00017960835248231888,0.00021659117192029953,False,False,,,0,False
v4_branch_277db734074ff5a90a89,2,78,new_center,parent_to_0.25,0.0,0.25,g002_8463ffa245f16743_0007,1,3.829993147519417e-05,g001_p000070_empty,g002_p000078_g001_p000070_empty,12.0,41.0,20.0,ellipsoid,9,129.09773506128707,7.780128641412136,14.329935143292825,10.614145091970894,1.945032160353034,3.5824837858232064,2.6535362729927234,0.014592348597943783,0.00020521320402622223,0.00024219602346420288,False,False,,,0,False
v4_branch_021026846b294a4bf455,2,84,new_center,parent_to_0.25,0.0,0.25,g002_cb8bbf75ebaea5de_0008,0,3.735420250450261e-05,g001_p000038_empty,g002_p000084_g001_p000038_empty,41.0,10.0,25.0,dike_hemisphere,9,89.65394863503133,15.658380919320393,7.005104902805036,6.942926183197027,3.9145952298300983,1.751276225701259,1.7357315457992568,0.01453534048050642,0.00014815479516983032,0.0001851879060268402,False,False,,,0,False
v4_branch_eed4ed4daeb3103213f7,2,90,new_center,parent_to_0.25,0.0,0.25,g002_cb8bbf75ebaea5de_0008,1,3.7354184314608574e-05,g001_p000038_empty,g002_p000090_g001_p000038_empty,42.0,9.0,25.0,ellipsoid,9,44.65031044473083,15.156536876583107,10.719216928041075,6.645056348298195,3.789134219145777,2.6798042320102686,1.6612640870745488,0.014682000502943993,0.0002948148176074028,0.0003318479284644127,False,False,,,0,False
v4_branch_f70797028c6e8256053a,3,0,new_center,parent_to_0.25,0.0,0.25,g003_9f18c08d784c2478_0009,0,3.735420250450261e-05,g002_p000033_g001_p000057_empty,g003_p000000_g002_p000033_g001_p000057_empty,41.0,10.0,25.0,dike_hemisphere,9,153.31456289224099,8.686766157694255,11.055681834296347,9.64595715329095,2.1716915394235636,2.763920458574087,2.4114892883227377,0.01446517650038004,0.00011866074055433273,0.00011502392590045929,False,False,,,0,False
v4_branch_f5385a75a3e529dd6f9b,3,6,new_center,parent_to_0.25,0.0,0.25,g003_9f18c08d784c2478_0009,1,3.7354184314608574e-05,g002_p000033_g001_p000057_empty,g003_p000006_g002_p000033_g001_p000057_empty,42.0,9.0,25.0,dike_hemisphere,9,162.3202373696778,12.700487876163908,13.036268302017259,7.85953132995181,3.175121969040977,3.2590670755043147,1.9648828324879526,0.014551001600921154,0.00020448584109544754,0.0002008490264415741,False,False,,,0,False
v4_branch_67fe73b8d7b68d476ecc,3,12,new_center,parent_to_0.25,0.0,0.25,g003_f59c8b633f44e866_0010,0,3.7999387132003903e-05,g002_p000014_g001_p000039_empty,g003_p000012_g002_p000014_g001_p000039_empty,42.0,9.0,25.0,dike_hemisphere,9,171.3839007005091,9.205585379444821,10.45290251898586,12.293185266648793,2.3013963448612054,2.613225629746465,3.0732963166621983,0.014473263174295425,0.0001265956088900566,0.0001231105998158455,False,False,,,0,False
v4_branch_3b4a2379ca5235e4c8e2,3,18,new_center,parent_to_0.25,0.0,0.25,g003_f59c8b633f44e866_0010,1,3.7999383494025096e-05,g002_p000014_g001_p000039_empty,g003_p000018_g002_p000014_g001_p000039_empty,42.0,11.0,25.0,dike_hemisphere,9,74.2260811928723,7.758536447800686,15.11861217578122,10.269105007763047,1.9396341119501714,3.779653043945305,2.5672762519407617,0.014502015896141529,0.00015534833073616028,0.00015186332166194916,False,False,,,0,False
v4_branch_58a88d6b3430603dce01,3,24,new_center,parent_to_0.25,0.0,0.25,g003_e2ced822272303fe_0011,0,3.735420250450261e-05,g002_p000001_g001_p000072_empty,g003_p000024_g002_p000001_g001_p000072_empty,41.0,10.0,25.0,dike_hemisphere,9,60.52612360564875,6.160974712655846,15.482224199894212,13.581234389689723,1.5402436781639615,3.870556049973553,3.3953085974224306,0.014453097246587276,0.00010294467210769653,0.00010294467210769653,False,False,,,0,False
v4_branch_36079920622bf6c80afb,3,25,new_center,parent_to_0.25,0.0,0.25,g003_e2ced822272303fe_0011,1,3.7354184314608574e-05,g002_p000001_g001_p000072_empty,g003_p000025_g002_p000001_g001_p000072_empty,42.0,9.0,25.0,ellipsoid,9,49.9324847993018,9.097846832593866,8.166298407563918,12.238393311465519,2.2744617081484666,2.0415746018909795,3.0595983278663796,0.014539307914674282,0.00018915534019470215,0.00018915534019470215,False,False,,,0,False
v4_branch_da1f99926766fc5c6923,3,26,new_center,parent_to_0.25,0.0,0.25,g003_e2ced822272303fe_0011,2,3.735418067662977e-05,g002_p000001_g001_p000072_empty,g003_p000026_g002_p000001_g001_p000072_empty,42.0,11.0,25.0,ellipsoid,9,164.4934553508816,15.356227535306775,9.17219521913205,8.136594288027009,3.839056883826694,2.2930488047830124,2.0341485720067523,0.014630528166890144,0.0002803755924105644,0.0002803755924105644,False,False,,,0,False
v4_branch_5438529ee54f3d7c6d56,3,27,new_center,parent_to_0.25,0.0,0.25,g003_e2ced822272303fe_0011,3,3.735416612471454e-05,g002_p000001_g001_p000072_empty,g003_p000027_g002_p000001_g001_p000072_empty,43.0,10.0,25.0,dike_hemisphere,9,5.731241925543373,13.22570434663799,14.28124097709987,11.103118079274996,3.3064260866594974,3.5703102442749675,2.775779519818749,0.014564701355993748,0.00021454878151416779,0.00021454878151416779,False,False,,,0,False
v4_branch_80e21031aeb822dd5bf1,3,28,new_center,parent_to_0.25,0.0,0.25,g003_e2ced822272303fe_0011,4,3.655440013972111e-05,g002_p000001_g001_p000072_empty,g003_p000028_g002_p000001_g001_p000072_empty,12.0,41.0,20.0,dike_hemisphere,9,87.67949568203456,10.936257992440577,10.486127334027135,11.370793425451808,2.7340644981101443,2.6215318335067836,2.842698356362952,0.014471535570919514,0.00012138299643993378,0.00012138299643993378,False,False,,,0,False
v4_branch_0beb35907cd3be2d3f25,3,29,new_center,parent_to_0.25,0.0,0.25,g003_e2ced822272303fe_0011,5,3.655438922578469e-05,g002_p000001_g001_p000072_empty,g003_p000029_g002_p000001_g001_p000072_empty,12.0,43.0,20.0,dike_hemisphere,9,111.35307046839547,12.766200491231732,8.12055297530323,10.358568671494515,3.191550122807933,2.0301382438258075,2.5896421678736288,0.014571797102689743,0.00022164452821016312,0.00022164452821016312,False,False,,,0,False
v4_branch_6127cb8177410bf512ff,3,30,new_center,parent_to_0.25,0.0,0.25,g003_e2ced822272303fe_0011,6,3.465093323029578e-05,g002_p000001_g001_p000072_empty,g003_p000030_g002_p000001_g001_p000072_empty,41.0,11.0,24.0,dike_hemisphere,9,123.32832637398897,15.825218687059277,13.257548194530932,11.483101193356584,3.956304671764819,3.314387048632733,2.870775298339146,0.014527957886457443,0.0001778053119778633,0.0001778053119778633,False,False,,,0,False
v4_branch_f0bc472d12b1734323d8,3,31,new_center,parent_to_0.25,0.0,0.25,g003_e2ced822272303fe_0011,7,3.465092959231697e-05,g002_p000001_g001_p000072_empty,g003_p000031_g002_p000001_g001_p000072_empty,41.0,9.0,24.0,dike_hemisphere,9,51.626723133738814,9.77489595782403,8.283074659996258,6.721256184914352,2.4437239894560077,2.0707686649990644,1.680314046228588,0.014388266019523144,3.811344504356384e-05,3.811344504356384e-05,False,False,,,0,False
v4_branch_1bacca5a3026d857bf1d,3,32,new_center,parent_to_0.25,0.0,0.25,g003_e2ced822272303fe_0011,8,3.4650911402422935e-05,g002_p000001_g001_p000072_empty,g003_p000032_g002_p000001_g001_p000072_empty,43.0,9.0,24.0,ellipsoid,9,114.337796149825,10.599880227181202,14.21718284085031,9.335666431477751,2.6499700567953006,3.5542957102125774,2.3339166078694378,0.014604296535253525,0.00025414396077394485,0.00025414396077394485,False,False,,,0,False
v4_branch_afa262e0a09302575a94,3,33,new_center,parent_to_0.25,0.0,0.25,g003_e2ced822272303fe_0011,9,3.4650911402422935e-05,g002_p000001_g001_p000072_empty,g003_p000033_g002_p000001_g001_p000072_empty,43.0,11.0,24.0,ellipsoid,9,82.22828464157547,10.379675956376897,9.13340053661986,9.16300609731599,2.594918989094224,2.283350134154965,2.2907515243289973,0.014529100619256496,0.0001789480447769165,0.0001789480447769165,False,False,,,0,False
v4_branch_7343c71e5e74be5c3d08,3,34,new_center,parent_to_0.25,0.0,0.25,g003_e2ced822272303fe_0011,10,3.398537592147477e-05,g002_p000001_g001_p000072_empty,g003_p000034_g002_p000001_g001_p000072_empty,41.0,40.0,39.0,ellipsoid,9,26.225456982862255,6.364000373905293,8.90192480065593,9.56824558737012,1.5910000934763233,2.2254812001639825,2.39206139684253,0.014429199509322643,7.904693484306335e-05,7.904693484306335e-05,False,False,,,0,False
v4_branch_8b753bbdd04b79ead1fe,3,35,new_center,parent_to_0.25,0.0,0.25,g003_e2ced822272303fe_0011,11,3.398536136955954e-05,g002_p000001_g001_p000072_empty,g003_p000035_g002_p000001_g001_p000072_empty,43.0,44.0,39.0,dike_hemisphere,9,112.59749767246605,6.558731259374987,13.67872135469829,6.021350249772685,1.6396828148437468,3.4196803386745724,1.5053375624431713,0.014406194910407066,5.604233592748642e-05,5.604233592748642e-05,False,False,,,0,False
v4_branch_a320137dccb33a9fb4e6,3,36,new_center,parent_to_0.25,0.0,0.25,g003_e2ced822272303fe_0011,12,3.3721327781677246e-05,g002_p000007_g001_p000072_empty,g003_p000036_g002_p000007_g001_p000072_empty,12.0,40.0,21.0,ellipsoid,9,160.29273144423172,9.348386925786203,8.781782671836014,7.512020637751313,2.3370967314465507,2.1954456679590035,1.8780051594378282,0.01451849564909935,0.00016834307461977005,0.00016834307461977005,False,False,,,0,False
v4_branch_ca7161ffeacb46345bf5,3,37,new_center,parent_to_0.25,0.0,0.25,g003_e2ced822272303fe_0011,13,3.372132414369844e-05,g002_p000007_g001_p000072_empty,g003_p000037_g002_p000007_g001_p000072_empty,12.0,44.0,21.0,ellipsoid,9,125.31149115522283,14.615831103138941,9.314285071444367,10.276698098986511,3.6539577757847352,2.3285712678610917,2.5691745247466278,0.014588022604584694,0.00023787003010511398,0.00023787003010511398,False,False,,,0,False
v4_branch_ca9473ad02b446c28234,3,38,new_center,parent_to_0.25,0.0,0.25,g003_e2ced822272303fe_0011,14,3.290634776931256e-05,g002_p000007_g001_p000072_empty,g003_p000038_g002_p000007_g001_p000072_empty,10.0,9.0,16.0,ellipsoid,9,19.02467565749738,10.082530825802406,10.180761013196541,8.50953384016923,2.5206327064506016,2.5451902532991353,2.1273834600423074,0.014472649432718754,0.0001224968582391739,0.0001224968582391739,False,False,,,0,False
v4_branch_8c8baf212de573f4023a,3,39,new_center,parent_to_0.25,0.0,0.25,g003_e2ced822272303fe_0011,15,3.290634776931256e-05,g002_p000007_g001_p000072_empty,g003_p000039_g002_p000007_g001_p000072_empty,10.0,11.0,16.0,dike_hemisphere,9,72.93769920117765,13.677528752183251,7.920164492446499,7.41373854529544,3.419382188045813,1.9800411231116248,1.85343463632386,0.01442578062415123,7.562804967164993e-05,7.562804967164993e-05,False,False,,,0,False
v4_branch_3aae9056954488baca57,3,40,new_center,parent_to_0.25,0.0,0.25,g003_e2ced822272303fe_0011,16,3.265560735599138e-05,g002_p000007_g001_p000072_empty,g003_p000040_g002_p000007_g001_p000072_empty,11.0,43.0,20.0,dike_hemisphere,9,144.3976005136622,11.062364404222787,6.766488774692591,6.428999217851297,2.765591101055697,1.6916221936731477,1.6072498044628243,0.014388266019523144,3.811344504356384e-05,3.811344504356384e-05,False,False,,,0,False
v4_branch_873d4f153f23fc251b6c,3,41,new_center,parent_to_0.25,0.0,0.25,g003_e2ced822272303fe_0011,17,3.265558916609734e-05,g002_p000007_g001_p000072_empty,g003_p000041_g002_p000007_g001_p000072_empty,13.0,41.0,20.0,ellipsoid,9,130.2742927435418,9.914752099177282,7.018757417500112,9.391786453895259,2.4786880247943204,1.754689354375028,2.3479466134738147,0.0144425667822361,9.241420775651932e-05,9.241420775651932e-05,False,False,,,0,False
v4_branch_b0f4fd7ceba6ea4bc05a,3,42,new_center,parent_to_0.25,0.0,0.25,g003_e2ced822272303fe_0011,18,3.242237289668992e-05,g002_p000007_g001_p000072_empty,g003_p000042_g002_p000007_g001_p000072_empty,12.0,42.0,18.0,ellipsoid,9,28.30176700529623,12.76186007546747,6.661683839727325,12.762810028647365,3.1904650188668673,1.6654209599318313,3.1907025071618413,0.014517592266201973,0.00016743969172239304,0.00016743969172239304,False,False,,,0,False
v4_branch_23d7136bb78f1399dbf7,3,43,new_center,parent_to_0.25,0.0,0.25,g003_e2ced822272303fe_0011,19,3.218487472622655e-05,g002_p000007_g001_p000072_empty,g003_p000043_g002_p000007_g001_p000072_empty,11.0,41.0,20.0,dike_hemisphere,9,139.56934289477968,7.724847087997383,8.969055300266566,10.956332677213833,1.9312117719993458,2.2422638250666416,2.7390831693034583,0.014526903629302979,0.0001767510548233986,0.0001767510548233986,False,False,,,0,False
v4_branch_5169c18275bf34c11dc6,3,44,new_center,parent_to_0.25,0.0,0.25,g003_e2ced822272303fe_0011,20,3.218485653633252e-05,g002_p000007_g001_p000072_empty,g003_p000044_g002_p000007_g001_p000072_empty,13.0,43.0,20.0,ellipsoid,9,97.77492668907031,6.747733097329234,9.590570205181773,13.3101387845067,1.6869332743323084,2.3976425512954433,3.327534696126675,0.014455762691795826,0.00010561011731624603,0.00010561011731624603,False,False,,,0,False
v4_branch_a56c28ca8f3b563f5030,3,45,new_center,parent_to_0.25,0.0,0.25,g003_e2ced822272303fe_0011,21,3.211331568309106e-05,g002_p000007_g001_p000072_empty,g003_p000045_g002_p000007_g001_p000072_empty,42.0,40.0,39.0,ellipsoid,9,45.556246514168066,12.671302520873251,10.231162940695802,11.651739146922608,3.1678256302183128,2.5577907351739504,2.912934786730652,0.014501098543405533,0.0001509459689259529,0.0001509459689259529,False,False,,,0,False
v4_branch_19326227197b558d8411,3,46,new_center,parent_to_0.25,0.0,0.25,g003_e2ced822272303fe_0011,22,3.211331568309106e-05,g002_p000007_g001_p000072_empty,g003_p000046_g002_p000007_g001_p000072_empty,42.0,44.0,39.0,ellipsoid,9,46.293714382771114,14.074714844408115,15.093284035521117,9.065156563713995,3.518678711102029,3.7733210088802793,2.2662891409284986,0.014622127637267113,0.0002719750627875328,0.0002719750627875328,False,False,,,0,False
v4_branch_5fcf8f141317cf90b1fa,3,47,new_center,parent_to_0.25,0.0,0.25,g003_e2ced822272303fe_0011,23,3.14137723762542e-05,g002_p000007_g001_p000072_empty,g003_p000047_g002_p000007_g001_p000072_empty,11.0,42.0,20.0,ellipsoid,9,125.19709167416146,15.274290700780556,15.112482736446786,7.128341913570529,3.818572675195139,3.7781206841116965,1.7820854783926323,0.014675529673695564,0.00032537709921598434,0.00032537709921598434,False,False,,,0,False
v4_branch_6d69fcfd57ac6f488f79,3,48,new_center,parent_to_0.25,0.0,0.25,g003_e2ced822272303fe_0011,24,3.141374691040255e-05,g002_p000013_g001_p000039_empty,g003_p000048_g002_p000013_g001_p000039_empty,13.0,42.0,20.0,ellipsoid,9,68.85227830617856,9.21205896042586,9.337784831877809,12.835119393649297,2.303014740106465,2.334446207969452,3.208779848412324,0.014530218206346035,0.00018006563186645508,0.00018006563186645508,False,False,,,0,False
v4_branch_580c625ada84a6182f0b,3,49,new_center,parent_to_0.25,0.0,0.25,g003_e2ced822272303fe_0011,25,3.113657294306904e-05,g002_p000013_g001_p000039_empty,g003_p000049_g002_p000013_g001_p000039_empty,41.0,9.0,25.0,dike_hemisphere,9,135.68478538282295,9.845404506777493,9.015243295943701,8.163820046789468,2.4613511266943733,2.2538108239859254,2.040955011697367,0.014482460916042328,0.00013230834156274796,0.00013230834156274796,False,False,,,0,False
v4_branch_72bdf4b28e7699acec17,3,50,new_center,parent_to_0.25,0.0,0.25,g003_e2ced822272303fe_0011,26,3.1136569305090234e-05,g002_p000013_g001_p000039_empty,g003_p000050_g002_p000013_g001_p000039_empty,41.0,11.0,25.0,dike_hemisphere,9,46.78112585154816,7.8619037548310535,12.267044966513756,12.552068476524889,1.9654759387077634,3.066761241628439,3.1380171191312223,0.014507090672850609,0.0001569380983710289,0.0001569380983710289,False,False,,,0,False
v4_branch_4d0020ae68cfce016fcc,3,51,new_center,parent_to_0.25,0.0,0.25,g003_e2ced822272303fe_0011,27,3.113654020125978e-05,g002_p000013_g001_p000039_empty,g003_p000051_g002_p000013_g001_p000039_empty,43.0,9.0,25.0,ellipsoid,9,95.22507906669887,13.954068062277566,7.533797650224784,13.911469881963573,3.4885170155693914,1.883449412556196,3.477867470490893,0.014426345936954021,7.619336247444153e-05,7.619336247444153e-05,False,False,,,0,False
v4_branch_f8d8d53bb2b8ae7cfc08,3,52,new_center,parent_to_0.25,0.0,0.25,g003_e2ced822272303fe_0011,28,3.113653656328097e-05,g002_p000013_g001_p000039_empty,g003_p000052_g002_p000013_g001_p000039_empty,43.0,11.0,25.0,ellipsoid,9,105.59476256406576,11.777281490863704,9.678534731064078,13.326123603969489,2.944320372715926,2.4196336827660194,3.331530900992372,0.014518276788294315,0.0001681242138147354,0.0001681242138147354,False,False,,,0,False
v4_branch_1604563925f4f9393473,3,53,new_center,parent_to_0.25,0.0,0.25,g003_e2ced822272303fe_0011,29,3.09154020214919e-05,g002_p000013_g001_p000039_empty,g003_p000053_g002_p000013_g001_p000039_empty,11.0,41.0,21.0,dike_hemisphere,9,139.53279525084602,9.749091210203822,9.011265570925598,10.126615186946688,2.4372728025509556,2.2528163927313996,2.531653796736672,0.014482852071523666,0.00013269949704408646,0.00013269949704408646,False,False,,,0,False
v4_branch_a60937d463be4b8017fb,3,54,new_center,parent_to_0.25,0.0,0.25,g003_e2ced822272303fe_0011,30,3.0915369279682636e-05,g002_p000013_g001_p000039_empty,g003_p000054_g002_p000013_g001_p000039_empty,13.0,43.0,21.0,dike_hemisphere,9,67.19358897726507,13.316662503169443,14.308039912140611,9.522269173483444,3.3291656257923607,3.5770099780351527,2.380567293370861,0.014579267241060734,0.00022911466658115387,0.00022911466658115387,False,False,,,0,False
v4_branch_eb4d919b3c75cae81489,3,55,new_center,parent_to_0.25,0.0,0.25,g003_e2ced822272303fe_0011,31,3.079304224229418e-05,g002_p000013_g001_p000039_empty,g003_p000055_g002_p000013_g001_p000039_empty,11.0,43.0,21.0,ellipsoid,9,79.2568772122689,12.900519930765036,9.310970088708482,11.691935810094904,3.225129982691259,2.3277425221771204,2.922983952523726,0.014604263007640839,0.0002541104331612587,0.0002541104331612587,False,False,,,0,False
v4_branch_9900bf1c7614efb9b539,3,56,new_center,parent_to_0.25,0.0,0.25,g003_e2ced822272303fe_0011,32,3.079301313846372e-05,g002_p000013_g001_p000039_empty,g003_p000056_g002_p000013_g001_p000039_empty,13.0,41.0,21.0,ellipsoid,9,81.12193396433057,13.308620693271287,14.31255886482531,11.838229762593468,3.3271551733178217,3.5781397162063273,2.959557440648367,0.014635170809924603,0.0002850182354450226,0.0002850182354450226,False,False,,,0,False
v4_branch_594e3204319445879694,3,57,new_center,parent_to_0.25,0.0,0.25,g003_e2ced822272303fe_0011,33,3.078478039242327e-05,g002_p000013_g001_p000039_empty,g003_p000057_g002_p000013_g001_p000039_empty,11.0,42.0,21.0,ellipsoid,9,169.53364839371912,7.4928837106782655,9.611623278178293,7.418837905815187,1.8732209276695664,2.402905819544573,1.8547094764537968,0.014518926851451397,0.00016877427697181702,0.00016877427697181702,False,False,,,0,False
v4_branch_ab70d444d05d7de7043c,3,58,new_center,parent_to_0.25,0.0,0.25,g003_e2ced822272303fe_0011,34,3.078474765061401e-05,g002_p000013_g001_p000039_empty,g003_p000058_g002_p000013_g001_p000039_empty,13.0,42.0,21.0,ellipsoid,9,35.764009189221646,13.548750145031637,15.26363057551246,7.28586048086647,3.387187536257909,3.815907643878115,1.8214651202166174,0.01478264294564724,0.00043249037116765976,0.00043249037116765976,False,False,,,0,False
v4_branch_b185f6c935763397324d,3,59,new_center,parent_to_0.25,0.0,0.25,g003_e2ced822272303fe_0011,35,3.053922046092339e-05,g002_p000013_g001_p000039_empty,g003_p000059_g002_p000013_g001_p000039_empty,11.0,44.0,21.0,dike_hemisphere,9,7.543825492486242,11.804228164724389,15.760148482452255,11.757613283095973,2.9510570411810972,3.9400371206130638,2.939403320773993,0.014593805186450481,0.0002436526119709015,0.0002436526119709015,False,False,,,0,False
v4_branch_f131948685bf4091b25e,3,60,new_center,parent_to_0.25,0.0,0.25,g003_e2ced822272303fe_0011,36,3.053920227102935e-05,g002_p000019_g001_p000039_empty,g003_p000060_g002_p000019_g001_p000039_empty,13.0,40.0,21.0,ellipsoid,9,29.732718744789,14.932094535174809,6.80366846564175,10.350060622263635,3.733023633793702,1.7009171164104375,2.587515155565909,0.014486318454146385,0.00013616587966680527,0.00013616587966680527,False,False,,,0,False
v4_branch_01373bd416087f67eb43,3,61,new_center,parent_to_0.25,0.0,0.25,g003_e2ced822272303fe_0011,37,3.02823209494818e-05,g002_p000019_g001_p000039_empty,g003_p000061_g002_p000019_g001_p000039_empty,9.0,10.0,16.0,ellipsoid,9,117.73090860700563,9.145692750906605,8.296422579876818,9.92914500203754,2.286423187726651,2.0741056449692046,2.482286250509385,0.014472649432718754,0.0001224968582391739,0.0001224968582391739,False,False,,,0,False
v4_branch_bf273f71aa574ea2e6c9,3,62,new_center,parent_to_0.25,0.0,0.25,g003_e2ced822272303fe_0011,38,3.028231549251359e-05,g002_p000019_g001_p000039_empty,g003_p000062_g002_p000019_g001_p000039_empty,11.0,10.0,16.0,ellipsoid,9,114.10647814453627,13.766039914698428,9.376658408076473,6.959087099996237,3.441509978674607,2.3441646020191182,1.7397717749990593,0.014574219472706318,0.00022406689822673798,0.00022406689822673798,False,False,,,0,False
v4_branch_7f442b7f33c7a9efd40f,3,63,new_center,parent_to_0.25,0.0,0.25,g003_e2ced822272303fe_0011,39,3.0169203455443494e-05,g002_p000019_g001_p000039_empty,g003_p000063_g002_p000019_g001_p000039_empty,41.0,10.0,24.0,ellipsoid,9,129.7902461901903,13.775120910247441,7.807774466853246,8.466918283578892,3.4437802275618603,1.9519436167133115,2.116729570894723,0.014558886177837849,0.00020873360335826874,0.00020873360335826874,False,False,,,0,False
v4_branch_c851cee1dbb6e678f39b,3,64,new_center,parent_to_0.25,0.0,0.25,g003_e2ced822272303fe_0011,40,3.0169197998475283e-05,g002_p000019_g001_p000039_empty,g003_p000064_g002_p000019_g001_p000039_empty,43.0,10.0,24.0,dike_hemisphere,9,68.006633378478,13.622063494851872,13.992639506320153,6.027054119609463,3.405515873712968,3.498159876580038,1.5067635299023658,0.014648964628577232,0.00029881205409765244,0.00029881205409765244,False,False,,,0,False
v4_branch_54905551f91c6eaf00d1,3,65,new_center,parent_to_0.25,0.0,0.25,g003_e2ced822272303fe_0011,41,3.016919617948588e-05,g002_p000019_g001_p000039_empty,g003_p000065_g002_p000019_g001_p000039_empty,42.0,9.0,24.0,ellipsoid,9,69.22204749651596,11.933938524255627,14.383413632784787,8.955658343215745,2.9834846310639067,3.595853408196197,2.2389145858039363,0.01463281735777855,0.00028266478329896927,0.00028266478329896927,False,False,,,0,False
v4_branch_2c6efad4456449a97211,3,66,new_center,parent_to_0.25,0.0,0.25,g003_e2ced822272303fe_0011,42,3.0169194360496476e-05,g002_p000019_g001_p000039_empty,g003_p000066_g002_p000019_g001_p000039_empty,42.0,11.0,24.0,ellipsoid,9,55.7023565998712,9.554432357361913,13.852407214229903,9.98777770628426,2.388608089340478,3.4631018035574757,2.496944426571065,0.014558886177837849,0.00020873360335826874,0.00020873360335826874,False,False,,,0,False
v4_branch_db636bb779e906b24154,3,67,new_center,parent_to_0.25,0.0,0.25,g003_e2ced822272303fe_0011,43,2.9754190109088086e-05,g002_p000019_g001_p000039_empty,g003_p000067_g002_p000019_g001_p000039_empty,9.0,11.0,16.0,dike_hemisphere,9,32.72146790567332,15.735145506532488,9.124921681863686,7.10505025285717,3.933786376633122,2.2812304204659215,1.7762625632142925,0.014613957144320011,0.0002638045698404312,0.0002638045698404312,False,False,,,0,False
v4_branch_aa30d8823a1fcbfcc079,3,68,new_center,parent_to_0.25,0.0,0.25,g003_e2ced822272303fe_0011,44,2.9754190109088086e-05,g002_p000019_g001_p000039_empty,g003_p000068_g002_p000019_g001_p000039_empty,11.0,9.0,16.0,dike_hemisphere,9,67.44389458543156,15.778276855252436,14.270443835125983,11.716572568829243,3.944569213813109,3.5676109587814957,2.9291431422073106,0.014515635557472706,0.00016548298299312592,0.00016548298299312592,False,False,,,0,False
v4_branch_13c8f7abe456084842a9,3,69,new_center,parent_to_0.25,0.0,0.25,g003_e2ced822272303fe_0011,45,2.9358157917158678e-05,g002_p000019_g001_p000039_empty,g003_p000069_g002_p000019_g001_p000039_empty,41.0,42.0,38.0,dike_hemisphere,9,1.1788655441762153,11.830057234388942,8.491031952552571,11.02500424041996,2.9575143085972355,2.122757988138143,2.75625106010499,0.014498629607260227,0.00014847703278064728,0.00014847703278064728,False,False,,,0,False
v4_branch_6787400626c0777f0acf,3,70,new_center,parent_to_0.25,0.0,0.25,g003_e2ced822272303fe_0011,46,2.9358156098169275e-05,g002_p000019_g001_p000039_empty,g003_p000070_g002_p000019_g001_p000039_empty,43.0,42.0,38.0,ellipsoid,9,77.00690126048103,10.979232117055364,13.175799798928324,6.254156685071739,2.744808029263841,3.293949949732081,1.5635391712679347,0.014675529673695564,0.00032537709921598434,0.00032537709921598434,False,False,,,0,False
v4_branch_124b3654c47e276fd1e6,3,71,new_center,parent_to_0.25,0.0,0.25,g003_e2ced822272303fe_0011,47,2.9262730095069855e-05,g002_p000019_g001_p000039_empty,g003_p000071_g002_p000019_g001_p000039_empty,12.0,42.0,21.0,ellipsoid,9,103.17418864040391,14.505240155859003,7.753530326677318,11.487457540814368,3.6263100389647507,1.9383825816693294,2.871864385203592,0.01442634779959917,7.619522511959076e-05,7.619522511959076e-05,False,False,,,0,False
v4_branch_71864e40b7464d7f545c,3,72,new_center,parent_to_0.25,0.0,0.25,g003_e2ced822272303fe_0011,48,2.8983877200516872e-05,g002_p000025_g001_p000057_empty,g003_p000072_g002_p000025_g001_p000057_empty,10.0,41.0,21.0,dike_hemisphere,9,13.687962969993084,7.3630726632162595,8.172147129401099,10.696543786677163,1.8407681658040649,2.0430367823502746,2.6741359466692907,0.014440790750086308,9.06381756067276e-05,9.06381756067276e-05,False,False,,,0,False
v4_branch_e7c7606e5e39c9f469f7,3,73,new_center,parent_to_0.25,0.0,0.25,g003_e2ced822272303fe_0011,49,2.8983868105569854e-05,g002_p000025_g001_p000057_empty,g003_p000073_g002_p000025_g001_p000057_empty,14.0,43.0,21.0,dike_hemisphere,9,60.24267075113267,14.085126641220858,7.13158898893242,11.427622925888869,3.5212816603052146,1.782897247233105,2.8569057314722173,0.014520394615828991,0.000170242041349411,0.000170242041349411,False,False,,,0,False
v4_branch_3ec378a884530bf77bf9,3,74,new_center,parent_to_0.25,0.0,0.25,g003_e2ced822272303fe_0011,50,2.895199941121973e-05,g002_p000025_g001_p000057_empty,g003_p000074_g002_p000025_g001_p000057_empty,11.0,42.0,19.0,dike_hemisphere,9,56.10376511351978,10.799101474329763,14.162980975433216,7.302138046346731,2.699775368582441,3.540745243858304,1.8255345115866828,0.014607112854719162,0.00025696028023958206,0.00025696028023958206,False,False,,,0,False
v4_branch_fa3b409d389426885de6,3,75,new_center,parent_to_0.25,0.0,0.25,g003_e2ced822272303fe_0011,51,2.8951997592230327e-05,g002_p000025_g001_p000057_empty,g003_p000075_g002_p000025_g001_p000057_empty,13.0,42.0,19.0,dike_hemisphere,9,98.12747586502722,12.486045070299411,8.574627588232243,10.341427332845615,3.121511267574853,2.1436568970580607,2.585356833211404,0.014489349909126759,0.00013919733464717865,0.00013919733464717865,False,False,,,0,False
v4_branch_56beca5f84e57c85d245,3,76,new_center,parent_to_0.25,0.0,0.25,g003_e2ced822272303fe_0011,52,2.8864973501185887e-05,g002_p000025_g001_p000057_empty,g003_p000076_g002_p000025_g001_p000057_empty,9.0,9.0,16.0,ellipsoid,9,61.59274687710491,12.326447981376525,6.186212518191503,12.671442814579269,3.081611995344131,1.5465531295478758,3.167860703644817,0.014435835182666779,8.568260818719864e-05,8.568260818719864e-05,False,False,,,0,False
v4_branch_d8e17a7fe357608f5621,3,77,new_center,parent_to_0.25,0.0,0.25,g003_e2ced822272303fe_0011,53,2.8864968044217676e-05,g002_p000025_g001_p000057_empty,g003_p000077_g002_p000025_g001_p000057_empty,11.0,11.0,16.0,dike_hemisphere,9,81.41810723369969,9.188290267441634,6.944235686367349,12.317982511808541,2.2970725668604084,1.7360589215918372,3.0794956279521353,0.01443407777696848,8.392520248889923e-05,8.392520248889923e-05,False,False,,,0,False
v4_branch_ade38b3543663ca28d9d,3,78,new_center,parent_to_0.25,0.0,0.25,g003_e2ced822272303fe_0011,54,2.876739381463267e-05,g002_p000025_g001_p000057_empty,g003_p000078_g002_p000025_g001_p000057_empty,41.0,41.0,39.0,ellipsoid,9,161.13558104592934,15.042067041296146,14.420905284161872,7.1140041702291175,3.7605167603240366,3.605226321040468,1.7785010425572794,0.014671935699880123,0.0003217831254005432,0.0003217831254005432,False,False,,,0,False
v4_branch_b9b978e46fe827f1474c,3,79,new_center,parent_to_0.25,0.0,0.25,g003_e2ced822272303fe_0011,55,2.876739381463267e-05,g002_p000025_g001_p000057_empty,g003_p000079_g002_p000025_g001_p000057_empty,43.0,43.0,39.0,dike_hemisphere,9,89.430661045378,15.383787923934175,9.40706818001711,6.075071118445596,3.845946980983544,2.3517670450042774,1.518767779611399,0.014532284811139107,0.00018213223665952682,0.00018213223665952682,False,False,,,0,False
v4_branch_d20b32e6bfb69e6ee12d,3,80,new_center,parent_to_0.25,0.0,0.25,g003_e2ced822272303fe_0011,56,2.7470547138364054e-05,g002_p000025_g001_p000057_empty,g003_p000080_g002_p000025_g001_p000057_empty,11.0,40.0,21.0,dike_hemisphere,9,5.856092668533302,12.532141990774873,14.166467740463244,7.14628164382415,3.1330354976937183,3.541616935115811,1.7865704109560374,0.014705192297697067,0.00035503972321748734,0.00035503972321748734,False,False,,,0,False
v4_branch_59937dbadd4be3231a05,3,81,new_center,parent_to_0.25,0.0,0.25,g003_e2ced822272303fe_0011,57,2.7470527129480615e-05,g002_p000025_g001_p000057_empty,g003_p000081_g002_p000025_g001_p000057_empty,13.0,44.0,21.0,ellipsoid,9,94.128948826737,8.087017257451084,13.532116892166716,6.558136943295506,2.021754314362771,3.383029223041679,1.6395342358238765,0.01451849564909935,0.00016834307461977005,0.00016834307461977005,False,False,,,0,False
v4_branch_01d5d539d6b9af2a1257,3,82,new_center,parent_to_0.25,0.0,0.25,g003_e2ced822272303fe_0011,58,2.7361824322724715e-05,g002_p000025_g001_p000057_empty,g003_p000082_g002_p000025_g001_p000057_empty,42.0,43.0,38.0,dike_hemisphere,9,89.33610292817161,12.250363430096137,9.78052539894307,12.855030802818636,3.062590857524034,2.4451313497357674,3.213757700704659,0.014459768310189247,0.0001096157357096672,0.0001096157357096672,False,False,,,0,False
v4_branch_83a3e60706dd78488440,3,83,new_center,parent_to_0.25,0.0,0.25,g003_e2ced822272303fe_0011,59,2.7361820684745908e-05,g002_p000025_g001_p000057_empty,g003_p000083_g002_p000025_g001_p000057_empty,42.0,41.0,38.0,ellipsoid,9,22.271861416186,10.427347690227968,12.362073141939529,9.780744273883368,2.606836922556992,3.0905182854848823,2.445186068470842,0.014579277485609055,0.00022912491112947464,0.00022912491112947464,False,False,,,0,False
v4_branch_1b616f474155b09eb9a3,3,84,new_center,parent_to_0.25,0.0,0.25,g003_e2ced822272303fe_0011,60,2.7159087039763108e-05,g002_p000031_g001_p000057_empty,g003_p000084_g002_p000031_g001_p000057_empty,12.0,42.0,20.0,dike_hemisphere,9,11.171013689857809,7.334868904867223,15.978378692796465,7.609040060534662,1.8337172262168058,3.994594673199116,1.9022600151336655,0.014463070780038834,0.00011291820555925369,0.00011291820555925369,False,False,,,0,False
v4_branch_626ae650d4fba11cf56f,3,85,new_center,parent_to_0.25,0.0,0.25,g003_e2ced822272303fe_0011,61,2.7056174076278694e-05,g002_p000031_g001_p000057_empty,g003_p000085_g002_p000031_g001_p000057_empty,12.0,42.0,19.0,dike_hemisphere,9,46.62865074555985,7.49451856697174,7.777692044669852,6.710987987152683,1.873629641742935,1.944423011167463,1.6777469967881709,0.01438713539391756,3.698281943798065e-05,3.698281943798065e-05,False,False,,,0,False
v4_branch_36e37fa4556edce53a00,3,86,new_center,parent_to_0.25,0.0,0.25,g003_e2ced822272303fe_0011,62,2.6949528546538204e-05,g002_p000031_g001_p000057_empty,g003_p000086_g002_p000031_g001_p000057_empty,11.0,41.0,19.0,dike_hemisphere,9,139.80589564476227,9.78163812726987,7.896710379627242,6.232954150264866,2.4454095318174676,1.9741775949068106,1.5582385375662164,0.01438713539391756,3.698281943798065e-05,3.698281943798065e-05,False,False,,,0,False
v4_branch_3635eca9275a9e72f0f5,3,87,new_center,parent_to_0.25,0.0,0.25,g003_e2ced822272303fe_0011,63,2.6949523089569993e-05,g002_p000031_g001_p000057_empty,g003_p000087_g002_p000031_g001_p000057_empty,13.0,43.0,19.0,dike_hemisphere,9,145.40212541216246,12.881153657180722,11.126547239035753,8.569680321092463,3.2202884142951804,2.7816368097589383,2.1424200802731157,0.014533227309584618,0.0001830747351050377,0.0001830747351050377,False,False,,,0,False
v4_branch_2273e74f8094c6ce90ce,3,88,new_center,parent_to_0.25,0.0,0.25,g003_e2ced822272303fe_0011,64,2.6633388188201934e-05,g002_p000031_g001_p000057_empty,g003_p000088_g002_p000031_g001_p000057_empty,25.0,10.0,36.0,ellipsoid,9,16.100623497156402,12.460484974887041,8.773836506207413,12.56806523403538,3.1151212437217604,2.1934591265518533,3.142016308508845,0.014470024965703487,0.00011987239122390747,0.00011987239122390747,False,False,,,0,False
v4_branch_763010baced402f2ab7b,3,89,new_center,parent_to_0.25,0.0,0.25,g003_e2ced822272303fe_0011,65,2.663338636921253e-05,g002_p000031_g001_p000057_empty,g003_p000089_g002_p000031_g001_p000057_empty,27.0,10.0,36.0,dike_hemisphere,9,155.5927665677152,6.113467925411234,11.308811378551757,11.21095749090345,1.5283669813528085,2.8272028446379394,2.8027393727258625,0.014404580928385258,5.4428353905677795e-05,5.4428353905677795e-05,False,False,,,0,False
v4_branch_d75dd2a7eea2c2fe27fe,3,90,new_center,parent_to_0.25,0.0,0.25,g003_e2ced822272303fe_0011,66,2.6524101485847495e-05,g002_p000031_g001_p000057_empty,g003_p000090_g002_p000031_g001_p000057_empty,26.0,9.0,36.0,ellipsoid,9,112.01901227614589,8.50124108304811,9.792248565782016,12.324562639788867,2.1253102707620277,2.448062141445504,3.081140659947217,0.01447264850139618,0.00012249592691659927,0.00012249592691659927,False,False,,,0,False
v4_branch_28a5b3fed1871d0984a1,3,91,new_center,parent_to_0.25,0.0,0.25,g003_e2ced822272303fe_0011,67,2.6524101485847495e-05,g002_p000031_g001_p000057_empty,g003_p000091_g002_p000031_g001_p000057_empty,26.0,11.0,36.0,ellipsoid,9,135.18656216250318,10.295726991415103,10.777225218557712,13.723376712355021,2.5739317478537758,2.694306304639428,3.4308441780887553,0.014416433870792389,6.628129631280899e-05,6.628129631280899e-05,False,False,,,0,False
v4_branch_ec0599b1488f51370519,3,92,new_center,parent_to_0.25,0.0,0.25,g003_e2ced822272303fe_0011,68,2.6439482098794542e-05,g002_p000031_g001_p000057_empty,g003_p000092_g002_p000031_g001_p000057_empty,10.0,41.0,20.0,ellipsoid,9,146.74810090605794,7.175412783024986,11.604931487947452,8.870891323564107,1.7938531957562465,2.901232871986863,2.217722830891027,0.0144425667822361,9.241420775651932e-05,9.241420775651932e-05,False,False,,,0,False
v4_branch_95ffe99b95da545df9d1,3,93,new_center,parent_to_0.25,0.0,0.25,g003_e2ced822272303fe_0011,69,2.643947664182633e-05,g002_p000031_g001_p000057_empty,g003_p000093_g002_p000031_g001_p000057_empty,14.0,43.0,20.0,ellipsoid,9,118.3567506724281,13.815373372980101,13.112757407962409,6.140815351185375,3.4538433432450253,3.2781893519906022,1.5352038377963437,0.014693530276417732,0.0003433777019381523,0.0003433777019381523,False,False,,,0,False
v4_branch_c4bb9aa7e18ca9bbf319,3,94,new_center,parent_to_0.25,0.0,0.25,g003_e2ced822272303fe_0011,70,2.638116347952746e-05,g002_p000031_g001_p000057_empty,g003_p000094_g002_p000031_g001_p000057_empty,12.0,41.0,19.0,ellipsoid,9,153.44625571780165,14.282159043505668,7.5020760795597266,12.578597435995135,3.570539760876417,1.8755190198899316,3.144649358998784,0.014561248943209648,0.0002110963687300682,0.0002110963687300682,False,False,,,0,False
v4_branch_7deb3d3f92e2ce829308,3,95,new_center,parent_to_0.25,0.0,0.25,g003_e2ced822272303fe_0011,71,2.638116347952746e-05,g002_p000031_g001_p000057_empty,g003_p000095_g002_p000031_g001_p000057_empty,12.0,43.0,19.0,dike_hemisphere,9,168.1939996228832,6.619565788493194,6.454239994703787,10.730523553433368,1.6548914471232985,1.6135599986759468,2.682630888358342,0.014371629804372787,2.147722989320755e-05,2.147722989320755e-05,False,False,,,0,False
v4_branch_bb0607e5f9fec8edf2f2,4,0,new_center,parent_to_0.25,0.0,0.25,g004_a336e1342dc20177_0012,0,3.735420250450261e-05,g003_p000002_g002_p000033_g001_p000057_empty,g004_p000000_g003_p000002_g002_p000033_g001_p000057_empty,41.0,10.0,25.0,ellipsoid,9,90.51477652826983,14.604526021847196,12.401096655483258,8.045746758355047,3.651131505461799,3.1002741638708144,2.011436689588762,0.014715125784277916,0.00037118885666131973,0.00036497320979833603,False,False,,,0,False
v4_branch_dde34d642576abca2ff2,4,6,new_center,parent_to_0.25,0.0,0.25,g004_a336e1342dc20177_0012,1,3.7354184314608574e-05,g003_p000002_g002_p000033_g001_p000057_empty,g004_p000006_g003_p000002_g002_p000033_g001_p000057_empty,42.0,9.0,25.0,ellipsoid,9,29.456326469455437,7.826811127401175,15.542313471218227,7.500973587988578,1.9567027818502938,3.885578367804557,1.8752433969971445,0.014639622531831264,0.0002956856042146683,0.00028946995735168457,False,False,,,0,False
v4_branch_148fb8b2b08277b4f1a7,4,12,new_center,parent_to_0.25,0.0,0.25,g004_74aec394d9dc4dc2_0013,0,3.735420250450261e-05,g003_p000004_g002_p000033_g001_p000057_empty,g004_p000012_g003_p000004_g002_p000033_g001_p000057_empty,41.0,10.0,25.0,ellipsoid,9,117.1327058660239,7.1908113835709955,8.089735157120671,9.849321632161207,1.7977028458927489,2.022433789280168,2.4623304080403017,0.014367140829563141,2.0625069737434387e-05,1.6988255083560944e-05,False,False,,,0,False
v4_branch_87c1ca69e32d20323bb2,4,18,new_center,parent_to_0.25,0.0,0.25,g004_74aec394d9dc4dc2_0013,1,3.7354184314608574e-05,g003_p000004_g002_p000033_g001_p000057_empty,g004_p000018_g003_p000004_g002_p000033_g001_p000057_empty,42.0,9.0,25.0,dike_hemisphere,9,76.87749603925253,9.219300760389519,11.078549553031786,6.588660505441553,2.3048251900973797,2.7696373882579466,1.6471651263603881,0.014551001600921154,0.00020448584109544754,0.0002008490264415741,False,False,,,0,False
v4_branch_de6355c7ab6618226f40,4,24,new_center,parent_to_0.25,0.0,0.25,g004_74aec394d9dc4dc2_0013,2,3.735418067662977e-05,g003_p000010_g002_p000033_g001_p000057_empty,g004_p000024_g003_p000010_g002_p000033_g001_p000057_empty,42.0,11.0,25.0,dike_hemisphere,9,32.3302166698127,13.457756111620931,9.39007869296474,6.0475901853662615,3.3644390279052327,2.347519673241185,1.5118975463415654,0.014642150141298771,0.0002956343814730644,0.000291997566819191,False,False,,,0,False
v4_branch_f905bbdb29894a757527,4,30,new_center,parent_to_0.25,0.0,0.25,g004_74aec394d9dc4dc2_0013,3,3.735416612471454e-05,g003_p000010_g002_p000033_g001_p000057_empty,g004_p000030_g003_p000010_g002_p000033_g001_p000057_empty,43.0,10.0,25.0,ellipsoid,9,147.61010984894563,15.45463871848819,9.307250068962235,12.238621755083463,3.8636596796220477,2.3268125172405587,3.0596554387708657,0.014598769135773182,0.00025225337594747543,0.000248616561293602,False,False,,,0,False
v4_branch_64ec809d6e88af835ba9,4,36,new_center,parent_to_0.25,0.0,0.25,g004_5d1253389da9dbac_0014,0,3.7999387132003903e-05,g003_p000016_g002_p000014_g001_p000039_empty,g004_p000036_g003_p000016_g002_p000014_g001_p000039_empty,42.0,9.0,25.0,dike_hemisphere,9,128.93453647105488,6.476084836268384,14.74044557284278,10.380473724747196,1.619021209067096,3.685111393210695,2.595118431186799,0.014495414681732655,0.00014874711632728577,0.00014526210725307465,False,False,,,0,False
v4_branch_10dc82bd799de9a7e2a1,4,42,new_center,parent_to_0.25,0.0,0.25,g004_5d1253389da9dbac_0014,1,3.7999383494025096e-05,g003_p000016_g002_p000014_g001_p000039_empty,g004_p000042_g003_p000016_g002_p000014_g001_p000039_empty,42.0,11.0,25.0,dike_hemisphere,9,88.39781671249726,12.38555437913731,8.54355381645883,13.06372372105723,3.0963885947843277,2.1358884541147076,3.2659309302643074,0.014473263174295425,0.0001265956088900566,0.0001231105998158455,False,False,,,0,False
v4_branch_703caa3d99e1bf49881c,4,48,new_center,parent_to_0.25,0.0,0.25,g004_5d1253389da9dbac_0014,2,3.799936894210987e-05,g003_p000017_g002_p000014_g001_p000039_empty,g004_p000048_g003_p000017_g002_p000014_g001_p000039_empty,43.0,10.0,25.0,dike_hemisphere,9,10.59609988398979,15.371177924625517,11.318068570939495,10.28681646361172,3.8427944811563792,2.8295171427348738,2.57170411590293,0.014583599753677845,0.0002369321882724762,0.00023344717919826508,False,False,,,0,False
v4_branch_ff8460cdb1ee4df51e1e,4,54,new_center,parent_to_0.25,0.0,0.25,g004_5d1253389da9dbac_0014,3,3.655440013972111e-05,g003_p000017_g002_p000014_g001_p000039_empty,g004_p000054_g003_p000017_g002_p000014_g001_p000039_empty,12.0,41.0,20.0,dike_hemisphere,9,53.72897079036508,14.983409424846924,14.160106654577227,8.990183457905129,3.745852356211731,3.5400266636443067,2.2475458644762822,0.014537042006850243,0.0001903744414448738,0.0001868894323706627,False,False,,,0,False
v4_branch_d15b47ad43993c024062,4,60,new_center,parent_to_0.25,0.0,0.25,g004_5d1253389da9dbac_0014,4,3.655438922578469e-05,g003_p000022_g002_p000014_g001_p000039_empty,g004_p000060_g003_p000022_g002_p000014_g001_p000039_empty,12.0,43.0,20.0,ellipsoid,9,139.64163349214556,12.128990907112048,7.9653344963071255,7.862297961299617,3.032247726778012,1.9913336240767814,1.9655744903249042,0.014597276225686073,0.0002506086602807045,0.0002471236512064934,False,False,,,0,False
v4_branch_984c6cf80216bb91a2fb,4,66,new_center,parent_to_0.25,0.0,0.25,g004_5d1253389da9dbac_0014,5,3.653070962172933e-05,g003_p000022_g002_p000014_g001_p000039_empty,g004_p000066_g003_p000022_g002_p000014_g001_p000039_empty,41.0,10.0,25.0,dike_hemisphere,9,30.22796861149873,6.2052199424246925,11.66937285583475,11.724303389017166,1.5513049856061731,2.9173432139586875,2.9310758472542915,0.014433972537517548,8.73049721121788e-05,8.381996303796768e-05,False,False,,,0,False
v4_branch_6691023095a25f405ace,4,72,new_center,parent_to_0.25,0.0,0.25,g004_5d1253389da9dbac_0014,6,3.545678191585466e-05,g003_p000023_g002_p000014_g001_p000039_empty,g004_p000072_g003_p000023_g002_p000014_g001_p000039_empty,41.0,9.0,24.0,dike_hemisphere,9,80.57292751795467,14.241768601355165,15.300861177189505,9.763472142108888,3.5604421503387913,3.8252152942973763,2.440868035527222,0.014540757052600384,0.00019408948719501495,0.00019060447812080383,False,False,,,0,False
v4_branch_f1593149a9e52f473427,4,78,new_center,parent_to_0.25,0.0,0.25,g004_5d1253389da9dbac_0014,7,3.545678191585466e-05,g003_p000023_g002_p000014_g001_p000039_empty,g004_p000078_g003_p000023_g002_p000014_g001_p000039_empty,41.0,11.0,24.0,dike_hemisphere,9,82.73030332408338,14.60224053012477,15.518774270756538,10.898132343751668,3.6505601325311927,3.8796935676891344,2.724533085937917,0.014540757052600384,0.00019408948719501495,0.00019060447812080383,False,False,,,0,False
v4_branch_be2961e12e2c4fd02dc3,4,84,new_center,parent_to_0.25,0.0,0.25,g004_ae356d6267a4bfd5_0015,0,3.735420250450261e-05,g003_p000001_g002_p000033_g001_p000057_empty,g004_p000084_g003_p000001_g002_p000033_g001_p000057_empty,41.0,10.0,25.0,ellipsoid,9,169.5564769781764,9.847042013968316,11.945656166475064,11.339824675826463,2.461760503492079,2.986414041618766,2.834956168956616,0.014482527039945126,0.00013237446546554565,0.00013237446546554565,False,False,,,0,False
v4_branch_b28d77a3068ebbc7e313,4,85,new_center,parent_to_0.25,0.0,0.25,g004_ae356d6267a4bfd5_0015,1,3.7354184314608574e-05,g003_p000001_g002_p000033_g001_p000057_empty,g004_p000085_g003_p000001_g002_p000033_g001_p000057_empty,42.0,9.0,25.0,dike_hemisphere,9,39.3052545418495,11.818957911776165,8.823007625949396,7.0083281808615725,2.9547394779440412,2.205751906487349,1.7520820452153931,0.014554588124155998,0.0002044355496764183,0.0002044355496764183,False,False,,,0,False
v4_branch_2a2f1147dbf275cee1c1,4,86,new_center,parent_to_0.25,0.0,0.25,g004_ae356d6267a4bfd5_0015,2,3.735418067662977e-05,g003_p000001_g002_p000033_g001_p000057_empty,g004_p000086_g003_p000001_g002_p000033_g001_p000057_empty,42.0,11.0,25.0,dike_hemisphere,9,13.744475734561236,7.382658870450819,7.278806512041092,12.142829023169973,1.8456647176127048,1.819701628010273,3.0357072557924933,0.014370772056281567,2.0619481801986694e-05,2.0619481801986694e-05,False,False,,,0,False
v4_branch_02a537defaedd6252af9,4,87,new_center,parent_to_0.25,0.0,0.25,g004_ae356d6267a4bfd5_0015,3,3.735416612471454e-05,g003_p000001_g002_p000033_g001_p000057_empty,g004_p000087_g003_p000001_g002_p000033_g001_p000057_empty,43.0,10.0,25.0,dike_hemisphere,9,100.71402034349363,12.812829548038147,12.052052418168962,9.334123662585363,3.2032073870095368,3.0130131045422406,2.3335309156463406,0.0146093238145113,0.0002591712400317192,0.0002591712400317192,False,False,,,0,False
v4_branch_c1d72bfa9a11ac75247e,4,88,new_center,parent_to_0.25,0.0,0.25,g004_ae356d6267a4bfd5_0015,4,3.655440013972111e-05,g003_p000001_g002_p000033_g001_p000057_empty,g004_p000088_g003_p000001_g002_p000033_g001_p000057_empty,12.0,41.0,20.0,ellipsoid,9,157.2845948622974,8.372782854607726,10.639146803272027,6.647389518516707,2.0931957136519315,2.6597867008180067,1.6618473796291768,0.014538607560098171,0.0001884549856185913,0.0001884549856185913,False,False,,,0,False
v4_branch_e202e74bbb3aecc8ed1e,4,89,new_center,parent_to_0.25,0.0,0.25,g004_ae356d6267a4bfd5_0015,5,3.655438922578469e-05,g003_p000001_g002_p000033_g001_p000057_empty,g004_p000089_g003_p000001_g002_p000033_g001_p000057_empty,12.0,43.0,20.0,dike_hemisphere,9,10.53088609826714,8.110429569117127,6.1428634864736775,8.742599103199726,2.0276073922792817,1.5357158716184194,2.1856497757999316,0.014453508891165257,0.00010335631668567657,0.00010335631668567657,False,False,,,0,False
v4_branch_f83cdd89bcf12053d7eb,4,90,new_center,parent_to_0.25,0.0,0.25,g004_ae356d6267a4bfd5_0015,6,3.465093323029578e-05,g003_p000001_g002_p000033_g001_p000057_empty,g004_p000090_g003_p000001_g002_p000033_g001_p000057_empty,41.0,11.0,24.0,ellipsoid,9,129.85553816797815,11.351772775857064,8.202176035143525,13.228800744609693,2.837943193964266,2.0505440087858813,3.307200186152423,0.014529101550579071,0.00017894897609949112,0.00017894897609949112,False,False,,,0,False
v4_branch_6331efc3835e847044f7,4,91,new_center,parent_to_0.25,0.0,0.25,g004_ae356d6267a4bfd5_0015,7,3.465092959231697e-05,g003_p000001_g002_p000033_g001_p000057_empty,g004_p000091_g003_p000001_g002_p000033_g001_p000057_empty,41.0,9.0,24.0,dike_hemisphere,9,147.25398084735792,9.933255800811772,9.559495005783791,13.753695376833864,2.483313950202943,2.389873751445948,3.438423844208466,0.014470352791249752,0.00012020021677017212,0.00012020021677017212,False,False,,,0,False
v4_branch_7c2f025db9ae4849b12d,4,92,new_center,parent_to_0.25,0.0,0.25,g004_ae356d6267a4bfd5_0015,8,3.4650911402422935e-05,g003_p000001_g002_p000033_g001_p000057_empty,g004_p000092_g003_p000001_g002_p000033_g001_p000057_empty,43.0,9.0,24.0,dike_hemisphere,9,15.421015217715574,10.97375702849375,13.023147563617751,6.106507397695629,2.7434392571234376,3.255786890904438,1.5266268494239073,0.014537489973008633,0.00018733739852905273,0.00018733739852905273,False,False,,,0,False
v4_branch_28f30f0a1fe5975972cb,4,93,new_center,parent_to_0.25,0.0,0.25,g004_ae356d6267a4bfd5_0015,9,3.4650911402422935e-05,g003_p000001_g002_p000033_g001_p000057_empty,g004_p000093_g003_p000001_g002_p000033_g001_p000057_empty,43.0,11.0,24.0,ellipsoid,9,145.24590075819273,10.593050264676151,9.466695831246717,7.964139711462673,2.6482625661690378,2.3666739578116793,1.9910349278656683,0.014537489973008633,0.00018733739852905273,0.00018733739852905273,False,False,,,0,False
v4_branch_40eee93572920d4efadd,4,94,new_center,parent_to_0.25,0.0,0.25,g004_ae356d6267a4bfd5_0015,10,3.398537592147477e-05,g003_p000001_g002_p000033_g001_p000057_empty,g004_p000094_g003_p000001_g002_p000033_g001_p000057_empty,41.0,40.0,39.0,dike_hemisphere,9,152.5795696005266,14.242094458428948,11.07452418185735,8.610121663596903,3.560523614607237,2.7686310454643377,2.152530415899226,0.01447677705436945,0.0001266244798898697,0.0001266244798898697,False,False,,,0,False
v4_branch_da73d016685b4578af1f,4,95,new_center,parent_to_0.25,0.0,0.25,g004_ae356d6267a4bfd5_0015,11,3.398536136955954e-05,g003_p000001_g002_p000033_g001_p000057_empty,g004_p000095_g003_p000001_g002_p000033_g001_p000057_empty,43.0,44.0,39.0,ellipsoid,9,55.59290843889771,14.127509148126089,13.248420814718015,11.537946613145639,3.5318772870315223,3.312105203679504,2.8844866532864097,0.014602201990783215,0.00025204941630363464,0.00025204941630363464,False,False,,,0,False
v4_branch_264f1f218577594eb46c,5,0,new_center,parent_to_0.25,0.0,0.25,g005_b860ce7be8f51b2e_0016,0,3.735420250450261e-05,g004_p000004_g003_p000002_g002_p000033_g001_p000057_empty,g005_p000000_g004_p000004_g003_p000002_g002_p000033_g001_p000057_empty,41.0,10.0,25.0,dike_hemisphere,9,101.92343983780475,7.181325689004168,7.939244495941855,9.44478285005936,1.795331422251042,1.9848111239854638,2.36119571251484,0.014364565722644329,2.062879502773285e-05,1.4413148164749146e-05,False,False,,,0,False
v4_branch_2195b1d17220c276fa03,5,6,new_center,parent_to_0.25,0.0,0.25,g005_b860ce7be8f51b2e_0016,1,3.7354184314608574e-05,g004_p000004_g003_p000002_g002_p000033_g001_p000057_empty,g005_p000006_g004_p000004_g003_p000002_g002_p000033_g001_p000057_empty,42.0,9.0,25.0,dike_hemisphere,9,57.67699037503735,14.83881721200719,8.989994009752765,6.998533594909193,3.7097043030017973,2.2474985024381913,1.7496333987272983,0.014639622531831264,0.0002956856042146683,0.00028946995735168457,False,False,,,0,False
v4_branch_4baa549a7b6ac92c3fa2,5,12,new_center,parent_to_0.25,0.0,0.25,g005_b860ce7be8f51b2e_0016,2,3.735418067662977e-05,g004_p000005_g003_p000002_g002_p000033_g001_p000057_empty,g005_p000012_g004_p000005_g003_p000002_g002_p000033_g001_p000057_empty,42.0,11.0,25.0,ellipsoid,9,116.18155598454918,12.715892318914133,13.247659514717316,9.332864816793442,3.178973079728533,3.311914878679329,2.3332162041983606,0.014715125784277916,0.00037118885666131973,0.00036497320979833603,False,False,,,0,False
v4_branch_b2b6a59823eaafded3e3,5,18,new_center,parent_to_0.25,0.0,0.25,g005_b860ce7be8f51b2e_0016,3,3.735416612471454e-05,g004_p000005_g003_p000002_g002_p000033_g001_p000057_empty,g005_p000018_g004_p000005_g003_p000002_g002_p000033_g001_p000057_empty,43.0,10.0,25.0,ellipsoid,9,74.3258257423226,7.739779697873764,13.49124309535423,12.161785874985146,1.934944924468441,3.3728107738385575,3.0404464687462864,0.01439239177852869,4.8454850912094116e-05,4.223920404911041e-05,False,False,,,0,False
v4_branch_426b49084e0926028732,5,24,new_center,parent_to_0.25,0.0,0.25,g005_b860ce7be8f51b2e_0016,4,3.554658906068653e-05,g004_p000010_g003_p000002_g002_p000033_g001_p000057_empty,g005_p000024_g004_p000010_g003_p000002_g002_p000033_g001_p000057_empty,12.0,41.0,20.0,ellipsoid,9,121.53325321412034,6.9580776458414615,13.6771482786068,6.9629805487620695,1.7395194114603654,3.4192870696517,1.7407451371905174,0.014520467258989811,0.00017653033137321472,0.00017031468451023102,False,False,,,0,False
v4_branch_51af9ff9e1bf27d6906d,5,30,new_center,parent_to_0.25,0.0,0.25,g005_b860ce7be8f51b2e_0016,5,3.5546581784728914e-05,g004_p000010_g003_p000002_g002_p000033_g001_p000057_empty,g005_p000030_g004_p000010_g003_p000002_g002_p000033_g001_p000057_empty,12.0,43.0,20.0,ellipsoid,9,62.82829712335547,7.251476132132457,14.194313172874391,6.17030963455782,1.8128690330331143,3.548578293218598,1.542577408639455,0.014520467258989811,0.00017653033137321472,0.00017031468451023102,False,False,,,0,False
v4_branch_554cfd1a20fcdd483f2b,5,36,new_center,parent_to_0.25,0.0,0.25,g005_b860ce7be8f51b2e_0016,6,3.465093323029578e-05,g004_p000011_g003_p000002_g002_p000033_g001_p000057_empty,g005_p000036_g004_p000011_g003_p000002_g002_p000033_g001_p000057_empty,41.0,11.0,24.0,dike_hemisphere,9,2.2210361410628843,12.778011815320323,9.374948209881563,8.281966190257114,3.1945029538300806,2.3437370524703907,2.0704915475642784,0.014464189298450947,0.00012025237083435059,0.00011403672397136688,False,False,,,0,False
v4_branch_dec66d2f73b2833a34e4,5,42,new_center,parent_to_0.25,0.0,0.25,g005_b860ce7be8f51b2e_0016,7,3.465092959231697e-05,g004_p000011_g003_p000002_g002_p000033_g001_p000057_empty,g005_p000042_g004_p000011_g003_p000002_g002_p000033_g001_p000057_empty,41.0,9.0,24.0,ellipsoid,9,51.21694225845208,15.565606533448918,10.286414938590816,12.343632791159703,3.8914016333622294,2.571603734647704,3.0859081977899256,0.014484178274869919,0.0001402413472533226,0.0001340257003903389,False,False,,,0,False
v4_branch_38ca3a656f1605d08b58,5,48,new_center,parent_to_0.25,0.0,0.25,g005_82183f001c5ee498_0017,0,3.735420250450261e-05,g004_p000016_g003_p000004_g002_p000033_g001_p000057_empty,g005_p000048_g004_p000016_g003_p000004_g002_p000033_g001_p000057_empty,41.0,10.0,25.0,dike_hemisphere,9,169.19383588699577,13.358231849997566,14.317441884207978,11.20279580639033,3.3395579624993914,3.5793604710519946,2.8006989515975826,0.014561118558049202,0.00021460279822349548,0.00021096598356962204,False,False,,,0,False
v4_branch_710d99dfa67ce9718699,5,54,new_center,parent_to_0.25,0.0,0.25,g005_82183f001c5ee498_0017,1,3.7354184314608574e-05,g004_p000016_g003_p000004_g002_p000033_g001_p000057_empty,g005_p000054_g004_p000016_g003_p000004_g002_p000033_g001_p000057_empty,42.0,9.0,25.0,ellipsoid,9,126.21329740419608,14.211816145444843,13.771016254151569,6.321397052507022,3.5529540363612107,3.442754063537892,1.5803492631267555,0.014732733368873596,0.0003862176090478897,0.00038258079439401627,False,False,,,0,False
v4_branch_1a3cbaba57f7adcea245,5,60,new_center,parent_to_0.25,0.0,0.25,g005_82183f001c5ee498_0017,2,3.735418067662977e-05,g004_p000022_g003_p000004_g002_p000033_g001_p000057_empty,g005_p000060_g004_p000022_g003_p000004_g002_p000033_g001_p000057_empty,42.0,11.0,25.0,dike_hemisphere,9,6.987179400813135,14.749857894788303,14.671272633191938,10.269880413923513,3.6874644736970756,3.6678181582979845,2.5674701034808782,0.014561118558049202,0.00021460279822349548,0.00021096598356962204,False,False,,,0,False
v4_branch_d8582dfd181349b6d2a8,5,66,new_center,parent_to_0.25,0.0,0.25,g005_82183f001c5ee498_0017,3,3.735416612471454e-05,g004_p000022_g003_p000004_g002_p000033_g001_p000057_empty,g005_p000066_g004_p000022_g003_p000004_g002_p000033_g001_p000057_empty,43.0,10.0,25.0,ellipsoid,9,166.66317631719613,11.423676905830478,6.207528860510528,9.196790460841312,2.8559192264576194,1.551882215127632,2.299197615210328,0.0144235510379076,7.703527808189392e-05,7.339846342802048e-05,False,False,,,0,False
v4_branch_233ead10270360a21d1b,5,72,new_center,parent_to_0.25,0.0,0.25,g005_82183f001c5ee498_0017,4,3.571865090634674e-05,g004_p000028_g003_p000010_g002_p000033_g001_p000057_empty,g005_p000072_g004_p000028_g003_p000010_g002_p000033_g001_p000057_empty,12.0,41.0,20.0,ellipsoid,9,22.46587532967887,6.7130687250277,15.35227698831122,10.762058653945862,1.678267181256925,3.838069247077805,2.6905146634864656,0.014488786458969116,0.00014227069914340973,0.00013863388448953629,False,False,,,0,False
v4_branch_b442c5137d003a137d6d,5,78,new_center,parent_to_0.25,0.0,0.25,g005_82183f001c5ee498_0017,5,3.5718643630389124e-05,g004_p000028_g003_p000010_g002_p000033_g001_p000057_empty,g005_p000078_g004_p000028_g003_p000010_g002_p000033_g001_p000057_empty,12.0,43.0,20.0,dike_hemisphere,9,13.410748414703473,10.308518795323943,14.56297096598745,12.83264441990611,2.5771296988309857,3.6407427414968625,3.2081611049765275,0.014545898884534836,0.00019938312470912933,0.0001957463100552559,False,False,,,0,False
v4_branch_86dbec584c09b479b5a8,5,84,new_center,parent_to_0.25,0.0,0.25,g005_82183f001c5ee498_0017,6,3.4794989915098995e-05,g004_p000034_g003_p000010_g002_p000033_g001_p000057_empty,g005_p000084_g004_p000034_g003_p000010_g002_p000033_g001_p000057_empty,12.0,44.0,21.0,dike_hemisphere,9,144.5430890915211,15.07425215316035,7.729878367075579,9.853012632088205,3.7685630382900874,1.9324695917688948,2.4632531580220514,0.014544442296028137,0.00019792653620243073,0.00019428972154855728,False,False,,,0,False
v4_branch_429ed827fcd1eddb273a,5,90,new_center,parent_to_0.25,0.0,0.25,g005_82183f001c5ee498_0017,7,3.465093323029578e-05,g004_p000034_g003_p000010_g002_p000033_g001_p000057_empty,g005_p000090_g004_p000034_g003_p000010_g002_p000033_g001_p000057_empty,41.0,11.0,24.0,ellipsoid,9,64.91078522256532,13.350352962476043,10.380844428951395,11.812027166940949,3.3375882406190107,2.5952111072378488,2.953006791735237,0.014576161280274391,0.0002296455204486847,0.00022600870579481125,False,False,,,0,False
v4_branch_b106483b1347321ea5a5,6,0,new_center,parent_to_0.25,0.0,0.25,g006_a44d62cd899c6dce_0018,0,3.735420250450261e-05,g005_p000003_g004_p000004_g003_p000002_g002_p000033_g001_p000057_empty,g006_p000000_g005_p000003_g004_p000004_g003_p000002_g002_p000033_g001_p000057_empty,41.0,10.0,25.0,ellipsoid,9,28.31891841536992,8.41179268950173,6.951459191984859,6.593771402486968,2.1029481723754326,1.7378647979962147,1.648442850621742,0.014436392113566399,9.24551859498024e-05,8.62395390868187e-05,False,False,,,0,False
v4_branch_24b1381422b67c2f536d,6,6,new_center,parent_to_0.25,0.0,0.25,g006_a44d62cd899c6dce_0018,1,3.7354184314608574e-05,g005_p000003_g004_p000004_g003_p000002_g002_p000033_g001_p000057_empty,g006_p000006_g005_p000003_g004_p000004_g003_p000002_g002_p000033_g001_p000057_empty,42.0,9.0,25.0,ellipsoid,9,35.87034271172348,6.37896854060255,9.242102392670928,6.1080330829759255,1.5947421351506375,2.310525598167732,1.5270082707439814,0.014380031265318394,3.6094337701797485e-05,2.9878690838813782e-05,False,False,,,0,False
v4_branch_32a428c821116cc50c7c,6,12,new_center,parent_to_0.25,0.0,0.25,g006_a44d62cd899c6dce_0018,2,3.735418067662977e-05,g005_p000004_g004_p000004_g003_p000002_g002_p000033_g001_p000057_empty,g006_p000012_g005_p000004_g004_p000004_g003_p000002_g002_p000033_g001_p000057_empty,42.0,11.0,25.0,dike_hemisphere,9,178.4830182825098,13.8470705716896,7.3574509451691155,12.697535136043559,3.4617676429224,1.8393627362922789,3.1743837840108897,0.014420164749026299,7.62278214097023e-05,7.00121745467186e-05,False,False,,,0,False
v4_branch_a57723540876b0991468,6,18,new_center,parent_to_0.25,0.0,0.25,g006_a44d62cd899c6dce_0018,3,3.735416612471454e-05,g005_p000004_g004_p000004_g003_p000002_g002_p000033_g001_p000057_empty,g006_p000018_g005_p000004_g004_p000004_g003_p000002_g002_p000033_g001_p000057_empty,43.0,10.0,25.0,ellipsoid,9,94.71619036163844,6.475204358692434,8.74968650863585,9.872428544025286,1.6188010896731084,2.1874216271589626,2.4681071360063216,0.014420988038182259,7.705111056566238e-05,7.083546370267868e-05,False,False,,,0,False
v4_branch_d3c86f0b359e95458942,6,24,new_center,parent_to_0.25,0.0,0.25,g006_a44d62cd899c6dce_0018,4,3.554658906068653e-05,g005_p000005_g004_p000004_g003_p000002_g002_p000033_g001_p000057_empty,g006_p000024_g005_p000005_g004_p000004_g003_p000002_g002_p000033_g001_p000057_empty,12.0,41.0,20.0,dike_hemisphere,9,164.02300458623913,11.618665313634441,13.767766253738115,9.040544881859997,2.9046663284086103,3.4419415634345287,2.2601362204649993,0.01457306183874607,0.00022912491112947464,0.00022290926426649094,False,False,,,0,False
v4_branch_0db7589e2e9534700c67,6,30,new_center,parent_to_0.25,0.0,0.25,g006_a44d62cd899c6dce_0018,5,3.5546581784728914e-05,g005_p000005_g004_p000004_g003_p000002_g002_p000033_g001_p000057_empty,g006_p000030_g005_p000005_g004_p000004_g003_p000002_g002_p000033_g001_p000057_empty,12.0,43.0,20.0,ellipsoid,9,129.62108388059204,12.564275735379397,7.972125707436209,11.666337336840535,3.141068933844849,1.9930314268590523,2.9165843342101336,0.014586237259209156,0.00024230033159255981,0.0002360846847295761,False,False,,,0,False
v4_branch_e2510d7851547fae8796,6,36,new_center,parent_to_0.25,0.0,0.25,g006_a44d62cd899c6dce_0018,6,3.465093323029578e-05,g005_p000010_g004_p000004_g003_p000002_g002_p000033_g001_p000057_empty,g006_p000036_g005_p000010_g004_p000004_g003_p000002_g002_p000033_g001_p000057_empty,41.0,11.0,24.0,ellipsoid,9,101.3156503043188,14.440410974999791,15.834931809488763,6.526684068759175,3.6101027437499478,3.958732952372191,1.6316710171897937,0.014630960300564766,0.0002870233729481697,0.000280807726085186,False,False,,,0,False
v4_branch_b49f7b93986fe5f88259,6,42,new_center,parent_to_0.25,0.0,0.25,g006_a44d62cd899c6dce_0018,7,3.465092959231697e-05,g005_p000010_g004_p000004_g003_p000002_g002_p000033_g001_p000057_empty,g006_p000042_g005_p000010_g004_p000004_g003_p000002_g002_p000033_g001_p000057_empty,41.0,9.0,24.0,dike_hemisphere,9,119.3157073232906,6.799641465172366,9.838878867037861,10.259330091344484,1.6999103662930914,2.4597197167594653,2.564832522836121,0.014447338879108429,0.00010340195149183273,9.718630462884903e-05,False,False,,,0,False
v4_branch_1ead746207e32db09eb0,6,48,new_center,parent_to_0.25,0.0,0.25,g006_a44d62cd899c6dce_0018,8,3.4650911402422935e-05,g005_p000011_g004_p000004_g003_p000002_g002_p000033_g001_p000057_empty,g006_p000048_g005_p000011_g004_p000004_g003_p000002_g002_p000033_g001_p000057_empty,43.0,9.0,24.0,ellipsoid,9,110.93017828518094,14.14926267394288,13.224531404104551,8.475270649639926,3.53731566848572,3.306132851026138,2.1188176624099815,0.014622624032199383,0.00027868710458278656,0.00027247145771980286,False,False,,,0,False
v4_branch_a99bd7a970e7103d8094,6,54,new_center,parent_to_0.25,0.0,0.25,g006_a44d62cd899c6dce_0018,9,3.4650911402422935e-05,g005_p000011_g004_p000004_g003_p000002_g002_p000033_g001_p000057_empty,g006_p000054_g005_p000011_g004_p000004_g003_p000002_g002_p000033_g001_p000057_empty,43.0,11.0,24.0,ellipsoid,9,128.98512635097376,12.783180043201126,14.167966266966367,7.945529388981542,3.1957950108002815,3.5419915667415918,1.9863823472453854,0.014630960300564766,0.0002870233729481697,0.000280807726085186,False,False,,,0,False
v4_branch_633eb33f597fdca201b9,6,60,new_center,parent_to_0.25,0.0,0.25,g006_a44d62cd899c6dce_0018,10,3.4237928048241884e-05,g005_p000015_g004_p000005_g003_p000002_g002_p000033_g001_p000057_empty,g006_p000060_g005_p000015_g004_p000005_g003_p000002_g002_p000033_g001_p000057_empty,12.0,44.0,21.0,ellipsoid,9,87.61755942934457,8.615148908000087,6.972859621207705,9.660494128899186,2.153787227000022,1.7432149053019264,2.4151235322247966,0.014470534399151802,0.00012659747153520584,0.00012038182467222214,False,False,,,0,False
v4_branch_844655d4b1be377c0ac2,6,66,new_center,parent_to_0.25,0.0,0.25,g006_a44d62cd899c6dce_0018,11,3.398537592147477e-05,g005_p000015_g004_p000005_g003_p000002_g002_p000033_g001_p000057_empty,g006_p000066_g005_p000015_g004_p000005_g003_p000002_g002_p000033_g001_p000057_empty,41.0,40.0,39.0,ellipsoid,9,151.85720083066767,8.538366967157664,9.875796651767448,13.797699049621915,2.134591741789416,2.468949162941862,3.449424762405479,0.014472076669335365,0.00012813974171876907,0.00012192409485578537,False,False,,,0,False
v4_branch_7aad0b1d09b8875a8061,6,72,new_center,parent_to_0.25,0.0,0.25,g006_a44d62cd899c6dce_0018,12,3.398536136955954e-05,g005_p000016_g004_p000005_g003_p000002_g002_p000033_g001_p000057_empty,g006_p000072_g005_p000016_g004_p000005_g003_p000002_g002_p000033_g001_p000057_empty,43.0,44.0,39.0,dike_hemisphere,9,164.15962880662917,14.659431905452093,11.785353452318528,12.555082120046997,3.6648579763630234,2.946338363079632,3.138770530011749,0.014532407745718956,0.00018847081810235977,0.00018225517123937607,False,False,,,0,False
v4_branch_861a0dfe50672040f112,6,78,new_center,parent_to_0.25,0.0,0.25,g006_a44d62cd899c6dce_0018,13,3.3228046959266067e-05,g005_p000016_g004_p000005_g003_p000002_g002_p000033_g001_p000057_empty,g006_p000078_g005_p000016_g004_p000005_g003_p000002_g002_p000033_g001_p000057_empty,12.0,40.0,21.0,ellipsoid,9,22.14581834602066,9.180378102213192,6.368952504526115,9.60037508908572,2.295094525553298,1.5922381261315288,2.40009377227143,0.014385297894477844,4.1360966861248016e-05,3.514531999826431e-05,False,False,,,0,False
v4_branch_bbe8b6cd2c6b557182df,6,84,new_center,parent_to_0.25,0.0,0.25,g006_a44d62cd899c6dce_0018,14,3.305016434751451e-05,g005_p000017_g004_p000005_g003_p000002_g002_p000033_g001_p000057_empty,g006_p000084_g005_p000017_g004_p000005_g003_p000002_g002_p000033_g001_p000057_empty,12.0,42.0,18.0,dike_hemisphere,9,126.51102814584338,12.835009845341684,9.776339713044205,7.385397231424906,3.208752461335421,2.4440849282610513,1.8463493078562265,0.014527985826134682,0.00018404889851808548,0.00017783325165510178,False,False,,,0,False
v4_branch_fbe507e3f3b43fe78b5e,6,90,new_center,parent_to_0.25,0.0,0.25,g006_a44d62cd899c6dce_0018,15,3.290634776931256e-05,g005_p000017_g004_p000005_g003_p000002_g002_p000033_g001_p000057_empty,g006_p000090_g005_p000017_g004_p000005_g003_p000002_g002_p000033_g001_p000057_empty,10.0,9.0,16.0,ellipsoid,9,51.586685238844865,10.895970602017155,8.299943678943658,6.2393286253197004,2.7239926505042886,2.0749859197359144,1.5598321563299251,0.014493213966488838,0.00014927703887224197,0.00014306139200925827,False,False,,,0,False
v4_branch_f9926f1a370607498d07,7,0,new_center,parent_to_0.25,0.0,0.25,g007_0cf2302eeee270a4_0019,0,3.735420250450261e-05,g006_p000003_g005_p000003_g004_p000004_g003_p000002_g002_p000033_g001_p000057_empty,g007_p000000_g006_p000003_g005_p000003_g004_p000004_g003_p000002_g002_p000033_g001_p000057_empty,41.0,10.0,25.0,ellipsoid,9,25.30633463283548,13.031802707248875,6.215188126771669,9.96013967863983,3.257950676812219,1.5537970316929173,2.4900349196599576,0.014420987106859684,7.705017924308777e-05,7.083453238010406e-05,False,False,,,0,False
v4_branch_269aa143c3e0ea54a4ee,7,6,new_center,parent_to_0.25,0.0,0.25,g007_0cf2302eeee270a4_0019,1,3.7354184314608574e-05,g006_p000003_g005_p000003_g004_p000004_g003_p000002_g002_p000033_g001_p000057_empty,g007_p000006_g006_p000003_g005_p000003_g004_p000004_g003_p000002_g002_p000033_g001_p000057_empty,42.0,9.0,25.0,ellipsoid,9,135.41615784013706,15.09265824689235,14.581880033022944,10.941247255765317,3.7731645617230876,3.645470008255736,2.7353118139413293,0.014630896039307117,0.00028695911169052124,0.00028074346482753754,False,False,,,0,False
v4_branch_5fee637f8303287e13f7,7,12,new_center,parent_to_0.25,0.0,0.25,g007_0cf2302eeee270a4_0019,2,3.735418067662977e-05,g006_p000004_g005_p000003_g004_p000004_g003_p000002_g002_p000033_g001_p000057_empty,g007_p000012_g006_p000004_g005_p000003_g004_p000004_g003_p000002_g002_p000033_g001_p000057_empty,42.0,11.0,25.0,ellipsoid,9,13.973106950667095,8.013542708175384,10.540245369567465,7.66285941333598,2.003385677043846,2.6350613423918663,1.915714853333995,0.014548460021615028,0.00020452309399843216,0.00019830744713544846,False,False,,,0,False
v4_branch_8660b7d2d96bdbff1d0c,7,18,new_center,parent_to_0.25,0.0,0.25,g007_0cf2302eeee270a4_0019,3,3.735416612471454e-05,g006_p000004_g005_p000003_g004_p000004_g003_p000002_g002_p000033_g001_p000057_empty,g007_p000018_g006_p000004_g005_p000003_g004_p000004_g003_p000002_g002_p000033_g001_p000057_empty,43.0,10.0,25.0,ellipsoid,9,68.67917508143763,15.289054411867482,6.056676224606428,10.519124202900596,3.8222636029668706,1.514169056151607,2.629781050725149,0.01447718869894743,0.00013325177133083344,0.00012703612446784973,False,False,,,0,False
v4_branch_3d8f01b22917cd799d2e,7,24,new_center,parent_to_0.25,0.0,0.25,g007_0cf2302eeee270a4_0019,4,3.554658906068653e-05,g006_p000005_g005_p000003_g004_p000004_g003_p000002_g002_p000033_g001_p000057_empty,g007_p000024_g006_p000005_g005_p000003_g004_p000004_g003_p000002_g002_p000033_g001_p000057_empty,12.0,41.0,20.0,ellipsoid,9,16.483870281291424,11.958162314013723,6.3410458407661885,8.898253233426924,2.989540578503431,1.5852614601915471,2.224563308356731,0.014449593611061573,0.0001056566834449768,9.94410365819931e-05,False,False,,,0,False
v4_branch_3806721eca7d80b69856,7,30,new_center,parent_to_0.25,0.0,0.25,g007_0cf2302eeee270a4_0019,5,3.5546581784728914e-05,g006_p000005_g005_p000003_g004_p000004_g003_p000002_g002_p000033_g001_p000057_empty,g007_p000030_g006_p000005_g005_p000003_g004_p000004_g003_p000002_g002_p000033_g001_p000057_empty,12.0,43.0,20.0,dike_hemisphere,9,24.0884008608297,12.736180446010072,14.229496335192453,10.856755842840741,3.184045111502518,3.557374083798113,2.7141889607101852,0.01453650277107954,0.00019256584346294403,0.00018635019659996033,False,False,,,0,False
v4_branch_b501c12e986952793ab6,7,36,new_center,parent_to_0.25,0.0,0.25,g007_0cf2302eeee270a4_0019,6,3.465093323029578e-05,g006_p000009_g005_p000003_g004_p000004_g003_p000002_g002_p000033_g001_p000057_empty,g007_p000036_g006_p000009_g005_p000003_g004_p000004_g003_p000002_g002_p000033_g001_p000057_empty,41.0,11.0,24.0,dike_hemisphere,9,154.6504668386024,9.67927263776974,15.46654347140667,6.036376261465505,2.419818159442435,3.8666358678516675,1.5090940653663762,0.014606539160013199,0.00026260223239660263,0.0002563865855336189,False,False,,,0,False
v4_branch_9196ada0cbbb6c1972a7,7,42,new_center,parent_to_0.25,0.0,0.25,g007_0cf2302eeee270a4_0019,7,3.465092959231697e-05,g006_p000009_g005_p000003_g004_p000004_g003_p000002_g002_p000033_g001_p000057_empty,g007_p000042_g006_p000009_g005_p000003_g004_p000004_g003_p000002_g002_p000033_g001_p000057_empty,41.0,9.0,24.0,dike_hemisphere,9,173.541039651538,9.86415799888504,12.252509498869312,12.726327532690835,2.46603949972126,3.063127374717328,3.1815818831727087,0.014464189298450947,0.00012025237083435059,0.00011403672397136688,False,False,,,0,False
v4_branch_db1501a67004bdd64ef4,7,48,new_center,parent_to_0.25,0.0,0.25,g007_0cf2302eeee270a4_0019,8,3.4650911402422935e-05,g006_p000010_g005_p000003_g004_p000004_g003_p000002_g002_p000033_g001_p000057_empty,g007_p000048_g006_p000010_g005_p000003_g004_p000004_g003_p000002_g002_p000033_g001_p000057_empty,43.0,9.0,24.0,ellipsoid,9,82.61179333065964,10.886019511177661,13.13114265839451,6.0083883833592315,2.7215048777944153,3.2827856645986273,1.5020970958398079,0.014630960300564766,0.0002870233729481697,0.000280807726085186,False,False,,,0,False
v4_branch_545fccb00a302c7672c2,7,54,new_center,parent_to_0.25,0.0,0.25,g007_0cf2302eeee270a4_0019,9,3.4650911402422935e-05,g006_p000010_g005_p000003_g004_p000004_g003_p000002_g002_p000033_g001_p000057_empty,g007_p000054_g006_p000010_g005_p000003_g004_p000004_g003_p000002_g002_p000033_g001_p000057_empty,43.0,11.0,24.0,ellipsoid,9,129.324422410452,8.749344438169238,10.95260392745292,11.879036844858021,2.1873361095423096,2.73815098186323,2.9697592112145053,0.014522962272167206,0.0001790253445506096,0.00017280969768762589,False,False,,,0,False
v4_branch_09019942290e07131550,7,60,new_center,parent_to_0.25,0.0,0.25,g007_0cf2302eeee270a4_0019,10,3.4237928048241884e-05,g006_p000011_g005_p000003_g004_p000004_g003_p000002_g002_p000033_g001_p000057_empty,g007_p000060_g006_p000011_g005_p000003_g004_p000004_g003_p000002_g002_p000033_g001_p000057_empty,12.0,44.0,21.0,dike_hemisphere,9,178.5403299933227,7.3712866828532535,14.19945078535561,13.320299671227916,1.8428216707133134,3.5498626963389026,3.330074917806979,0.014415399171411991,7.14622437953949e-05,6.52465969324112e-05,False,False,,,0,False
v4_branch_855b4f862c0a7c6a84ff,7,66,new_center,parent_to_0.25,0.0,0.25,g007_0cf2302eeee270a4_0019,11,3.398537592147477e-05,g006_p000011_g005_p000003_g004_p000004_g003_p000002_g002_p000033_g001_p000057_empty,g007_p000066_g006_p000011_g005_p000003_g004_p000004_g003_p000002_g002_p000033_g001_p000057_empty,41.0,40.0,39.0,ellipsoid,9,81.50572100072294,6.722711623836224,7.60023797590719,12.9334372677008,1.680677905959056,1.9000594939767974,3.2333593169252,0.014367998577654362,2.4061650037765503e-05,1.78460031747818e-05,False,False,,,0,False
v4_branch_2f4caa833c2ff4ed9a9c,7,72,new_center,parent_to_0.25,0.0,0.25,g007_0cf2302eeee270a4_0019,12,3.398536136955954e-05,g006_p000016_g005_p000004_g004_p000004_g003_p000002_g002_p000033_g001_p000057_empty,g007_p000072_g006_p000016_g005_p000004_g004_p000004_g003_p000002_g002_p000033_g001_p000057_empty,43.0,44.0,39.0,ellipsoid,9,143.0028440085836,8.720932918280049,14.047406404905916,10.786580882981248,2.180233229570012,3.511851601226479,2.696645220745312,0.01456462312489748,0.0002206861972808838,0.00021447055041790009,False,False,,,0,False
v4_branch_77eb5ed0ec9e22abbcfa,7,78,new_center,parent_to_0.25,0.0,0.25,g007_0cf2302eeee270a4_0019,13,3.3228046959266067e-05,g006_p000016_g005_p000004_g004_p000004_g003_p000002_g002_p000033_g001_p000057_empty,g007_p000078_g006_p000016_g005_p000004_g004_p000004_g003_p000002_g002_p000033_g001_p000057_empty,12.0,40.0,21.0,dike_hemisphere,9,161.02573777534454,7.675704516237484,15.97534501989776,13.937815853706617,1.918926129059371,3.99383625497444,3.4844539634266543,0.014512883499264717,0.00016894657164812088,0.00016273092478513718,False,False,,,0,False
v4_branch_5e5e802a5facad8e9f4e,7,84,new_center,parent_to_0.25,0.0,0.25,g007_0cf2302eeee270a4_0019,14,3.305016434751451e-05,g006_p000017_g005_p000004_g004_p000004_g003_p000002_g002_p000033_g001_p000057_empty,g007_p000084_g006_p000017_g005_p000004_g004_p000004_g003_p000002_g002_p000033_g001_p000057_empty,12.0,42.0,18.0,dike_hemisphere,9,172.61747223987135,6.266212617268193,12.758870628711342,8.751118502509197,1.5665531543170483,3.1897176571778356,2.187779625627299,0.014408436603844166,6.449967622756958e-05,5.8284029364585876e-05,False,False,,,0,False
v4_branch_25c3bd44c30a59acaded,7,90,new_center,parent_to_0.25,0.0,0.25,g007_0cf2302eeee270a4_0019,15,3.290634776931256e-05,g006_p000017_g005_p000004_g004_p000004_g003_p000002_g002_p000033_g001_p000057_empty,g007_p000090_g006_p000017_g005_p000004_g004_p000004_g003_p000002_g002_p000033_g001_p000057_empty,10.0,9.0,16.0,ellipsoid,9,117.1060258618986,14.048171958278234,15.005459456738306,8.621348189358017,3.5120429895695584,3.7513648641845765,2.155337047339504,0.014616147615015507,0.0002722106873989105,0.0002659950405359268,False,False,,,0,False
v4_branch_03f2eb0e64a1055bec1d,8,0,new_center,parent_to_0.25,0.0,0.25,g008_f1dac11b68cd8bd2_0020,0,3.735420250450261e-05,g007_p000004_g006_p000003_g005_p000003_g004_p000004_g003_p000002_g002_p000033_g001_p000057_empty,g008_p000000_g007_p000004_g006_p000003_g005_p000003_g004_p000004_g003_p000002_g002_p000033_g001_p000057_empty,41.0,10.0,25.0,dike_hemisphere,9,5.8535190451313905,14.290313453876042,11.5166914573826,11.42736050977226,3.5725783634690105,2.87917286434565,2.856840127443065,0.014603218995034695,0.00025928206741809845,0.00025306642055511475,False,False,,,0,False
v4_branch_2e39aa84ad3d3a3e546f,8,6,new_center,parent_to_0.25,0.0,0.25,g008_f1dac11b68cd8bd2_0020,1,3.7354184314608574e-05,g007_p000004_g006_p000003_g005_p000003_g004_p000004_g003_p000002_g002_p000033_g001_p000057_empty,g008_p000006_g007_p000004_g006_p000003_g005_p000003_g004_p000004_g003_p000002_g002_p000033_g001_p000057_empty,42.0,9.0,25.0,dike_hemisphere,9,4.155259240386499,6.448792912468326,12.774363459029445,11.345672755493087,1.6121982281170815,3.193590864757361,2.836418188873272,0.014394664205610752,5.0727277994155884e-05,4.451163113117218e-05,False,False,,,0,False
v4_branch_4c1824cb4ac4936af57d,8,12,new_center,parent_to_0.25,0.0,0.25,g008_f1dac11b68cd8bd2_0020,2,3.735418067662977e-05,g007_p000005_g006_p000003_g005_p000003_g004_p000004_g003_p000002_g002_p000033_g001_p000057_empty,g008_p000012_g007_p000005_g006_p000003_g005_p000003_g004_p000004_g003_p000002_g002_p000033_g001_p000057_empty,42.0,11.0,25.0,dike_hemisphere,9,142.12648023859657,11.337375178434149,10.626818104160021,7.090718072346194,2.8343437946085372,2.6567045260400053,1.7726795180865484,0.014548460021615028,0.00020452309399843216,0.00019830744713544846,False,False,,,0,False
v4_branch_5e12cbf56dccd88fdf1a,8,18,new_center,parent_to_0.25,0.0,0.25,g008_f1dac11b68cd8bd2_0020,3,3.735416612471454e-05,g007_p000005_g006_p000003_g005_p000003_g004_p000004_g003_p000002_g002_p000033_g001_p000057_empty,g008_p000018_g007_p000005_g006_p000003_g005_p000003_g004_p000004_g003_p000002_g002_p000033_g001_p000057_empty,43.0,10.0,25.0,ellipsoid,9,72.27593614722083,12.165013809788247,11.638501485790526,6.658800595994276,3.041253452447062,2.9096253714476314,1.664700148998569,0.014730223454535007,0.00038628652691841125,0.00038007088005542755,False,False,,,0,False
v4_branch_718ec08360620504b57c,8,24,new_center,parent_to_0.25,0.0,0.25,g008_f1dac11b68cd8bd2_0020,4,3.554658906068653e-05,g007_p000010_g006_p000003_g005_p000003_g004_p000004_g003_p000002_g002_p000033_g001_p000057_empty,g008_p000024_g007_p000010_g006_p000003_g005_p000003_g004_p000004_g003_p000002_g002_p000033_g001_p000057_empty,12.0,41.0,20.0,ellipsoid,9,5.65303874916578,10.975965538714068,9.027082269724202,8.808669983025421,2.743991384678517,2.2567705674310505,2.2021674957563553,0.014524081721901894,0.0001801447942852974,0.0001739291474223137,False,False,,,0,False
v4_branch_bfc3a27e68071ba27618,8,30,new_center,parent_to_0.25,0.0,0.25,g008_f1dac11b68cd8bd2_0020,5,3.5546581784728914e-05,g007_p000010_g006_p000003_g005_p000003_g004_p000004_g003_p000002_g002_p000033_g001_p000057_empty,g008_p000030_g007_p000010_g006_p000003_g005_p000003_g004_p000004_g003_p000002_g002_p000033_g001_p000057_empty,12.0,43.0,20.0,dike_hemisphere,9,104.77367167575407,15.726900227508118,11.39910310560959,9.658839070424841,3.9317250568770294,2.8497757764023977,2.4147097676062104,0.01453650277107954,0.00019256584346294403,0.00018635019659996033,False,False,,,0,False
v4_branch_c37ddf2dbf0bdf2f61c1,8,36,new_center,parent_to_0.25,0.0,0.25,g008_f1dac11b68cd8bd2_0020,6,3.465093323029578e-05,g007_p000011_g006_p000003_g005_p000003_g004_p000004_g003_p000002_g002_p000033_g001_p000057_empty,g008_p000036_g007_p000011_g006_p000003_g005_p000003_g004_p000004_g003_p000002_g002_p000033_g001_p000057_empty,41.0,11.0,24.0,ellipsoid,9,147.0139229274748,7.264816829672956,7.650040264525128,12.013184713789137,1.816204207418239,1.912510066131282,3.0032961784472842,0.014373588375747204,2.9651448130607605e-05,2.34358012676239e-05,False,False,,,0,False
v4_branch_9f3a0edd3b26a3dc3cb2,8,42,new_center,parent_to_0.25,0.0,0.25,g008_f1dac11b68cd8bd2_0020,7,3.465092959231697e-05,g007_p000011_g006_p000003_g005_p000003_g004_p000004_g003_p000002_g002_p000033_g001_p000057_empty,g008_p000042_g007_p000011_g006_p000003_g005_p000003_g004_p000004_g003_p000002_g002_p000033_g001_p000057_empty,41.0,9.0,24.0,ellipsoid,9,161.67991369874096,11.253406750453621,13.002462696831484,6.77318886554965,2.8133516876134053,3.250615674207871,1.6932972163874125,0.014630960300564766,0.0002870233729481697,0.000280807726085186,False,False,,,0,False
v4_branch_ccbbdb54b84b8feb1233,8,48,new_center,parent_to_0.25,0.0,0.25,g008_f1dac11b68cd8bd2_0020,8,3.4650911402422935e-05,g007_p000015_g006_p000004_g005_p000003_g004_p000004_g003_p000002_g002_p000033_g001_p000057_empty,g008_p000048_g007_p000015_g006_p000004_g005_p000003_g004_p000004_g003_p000002_g002_p000033_g001_p000057_empty,43.0,9.0,24.0,dike_hemisphere,9,131.35838742241324,11.66650037026566,10.464315850229891,8.983534513882784,2.916625092566415,2.6160789625574727,2.245883628470696,0.014500930905342102,0.00015699397772550583,0.00015077833086252213,False,False,,,0,False
v4_branch_cf1818ddd3d8c9a72c0c,8,54,new_center,parent_to_0.25,0.0,0.25,g008_f1dac11b68cd8bd2_0020,9,3.4650911402422935e-05,g007_p000015_g006_p000004_g005_p000003_g004_p000004_g003_p000002_g002_p000033_g001_p000057_empty,g008_p000054_g007_p000015_g006_p000004_g005_p000003_g004_p000004_g003_p000002_g002_p000033_g001_p000057_empty,43.0,11.0,24.0,ellipsoid,9,70.2199424926698,11.808200616325502,6.907545548451766,8.267828387549908,2.9520501540813755,1.7268863871129414,2.066957096887477,0.014448468573391438,0.00010453164577484131,9.83159989118576e-05,False,False,,,0,False
v4_branch_14fe9c9b345a519e84f7,8,60,new_center,parent_to_0.25,0.0,0.25,g008_f1dac11b68cd8bd2_0020,10,3.4237928048241884e-05,g007_p000016_g006_p000004_g005_p000003_g004_p000004_g003_p000002_g002_p000033_g001_p000057_empty,g008_p000060_g007_p000016_g006_p000004_g005_p000003_g004_p000004_g003_p000002_g002_p000033_g001_p000057_empty,12.0,44.0,21.0,dike_hemisphere,9,67.68649274745444,9.751812015742049,6.645753030722007,7.7486593484416435,2.437953003935512,1.6614382576805018,1.9371648371104109,0.014400439336895943,5.6502409279346466e-05,5.028676241636276e-05,False,False,,,0,False
v4_branch_1a94d469395bb8a6e7e7,8,66,new_center,parent_to_0.25,0.0,0.25,g008_f1dac11b68cd8bd2_0020,11,3.398537592147477e-05,g007_p000016_g006_p000004_g005_p000003_g004_p000004_g003_p000002_g002_p000033_g001_p000057_empty,g008_p000066_g007_p000016_g006_p000004_g005_p000003_g004_p000004_g003_p000002_g002_p000033_g001_p000057_empty,41.0,40.0,39.0,ellipsoid,9,141.99070150325815,9.027527044854503,15.162361847286764,8.680227403417241,2.256881761213626,3.790590461821691,2.1700568508543103,0.01456462312489748,0.0002206861972808838,0.00021447055041790009,False,False,,,0,False
v4_branch_16d2c83bbd84c6beb52a,8,72,new_center,parent_to_0.25,0.0,0.25,g008_f1dac11b68cd8bd2_0020,12,3.398536136955954e-05,g007_p000017_g006_p000004_g005_p000003_g004_p000004_g003_p000002_g002_p000033_g001_p000057_empty,g008_p000072_g007_p000017_g006_p000004_g005_p000003_g004_p000004_g003_p000002_g002_p000033_g001_p000057_empty,43.0,44.0,39.0,dike_hemisphere,9,39.66056246465028,15.365009702925276,14.55309362009541,6.100908331915265,3.841252425731319,3.6382734050238525,1.5252270829788162,0.014587999321520329,0.0002440623939037323,0.0002378467470407486,False,False,,,0,False
v4_branch_6e896ab090b8d216fe6b,8,78,new_center,parent_to_0.25,0.0,0.25,g008_f1dac11b68cd8bd2_0020,13,3.3228046959266067e-05,g007_p000017_g006_p000004_g005_p000003_g004_p000004_g003_p000002_g002_p000033_g001_p000057_empty,g008_p000078_g007_p000017_g006_p000004_g005_p000003_g004_p000004_g003_p000002_g002_p000033_g001_p000057_empty,12.0,40.0,21.0,ellipsoid,9,27.205528724721812,10.166438889063622,10.050418688898906,7.77912306339734,2.5416097222659055,2.5126046722247266,1.944780765849335,0.014512351714074612,0.00016841478645801544,0.00016219913959503174,False,False,,,0,False
v4_branch_bbc75d7119a6bfd31bf3,8,84,new_center,parent_to_0.25,0.0,0.25,g008_f1dac11b68cd8bd2_0020,14,3.305016434751451e-05,g007_p000022_g006_p000004_g005_p000003_g004_p000004_g003_p000002_g002_p000033_g001_p000057_empty,g008_p000084_g007_p000022_g006_p000004_g005_p000003_g004_p000004_g003_p000002_g002_p000033_g001_p000057_empty,12.0,42.0,18.0,dike_hemisphere,9,5.658626005896217,6.697225486036731,8.642398113729298,12.604252696034543,1.6743063715091828,2.1605995284323245,3.1510631740086357,0.014438026584684849,9.408965706825256e-05,8.787401020526886e-05,False,False,,,0,False
v4_branch_32f94982313497be3df5,8,90,new_center,parent_to_0.25,0.0,0.25,g008_f1dac11b68cd8bd2_0020,15,3.290634776931256e-05,g007_p000022_g006_p000004_g005_p000003_g004_p000004_g003_p000002_g002_p000033_g001_p000057_empty,g008_p000090_g007_p000022_g006_p000004_g005_p000003_g004_p000004_g003_p000002_g002_p000033_g001_p000057_empty,10.0,9.0,16.0,ellipsoid,9,176.5974578868557,13.614119788512909,13.541881955631974,7.533175445289743,3.403529947128227,3.3854704889079934,1.8832938613224357,0.01464260183274746,0.0002986649051308632,0.0002924492582678795,False,False,,,0,False
v4_branch_9aea7892f1df472f2202,9,0,new_center,parent_to_0.25,0.0,0.25,g009_5e6338b90f7728dd_0021,0,3.735420250450261e-05,g008_p000003_g007_p000004_g006_p000003_g005_p000003_g004_p000004_g003_p000002_g002_p000033_g001_p000057_empty,g009_p000000_g008_p000003_g007_p000004_g006_p000003_g005_p000003_g004_p000004_g003_p000002_g002_p000033_g001_p000057_empty,41.0,10.0,25.0,dike_hemisphere,9,166.62295698052517,14.348373158403591,11.395757113526969,6.352006473787802,3.587093289600898,2.848939278381742,1.5880016184469505,0.014639622531831264,0.0002956856042146683,0.00028946995735168457,False,False,,,0,False
v4_branch_e81286b57bc47be079d5,9,6,new_center,parent_to_0.25,0.0,0.25,g009_5e6338b90f7728dd_0021,1,3.7354184314608574e-05,g008_p000003_g007_p000004_g006_p000003_g005_p000003_g004_p000004_g003_p000002_g002_p000033_g001_p000057_empty,g009_p000006_g008_p000003_g007_p000004_g006_p000003_g005_p000003_g004_p000004_g003_p000002_g002_p000033_g001_p000057_empty,42.0,9.0,25.0,dike_hemisphere,9,119.93037589932918,10.942969174018483,14.307009666426554,7.719351497314866,2.7357422935046207,3.5767524166066385,1.9298378743287166,0.014639622531831264,0.0002956856042146683,0.00028946995735168457,False,False,,,0,False
v4_branch_de12246e38cff3e67b61,9,12,new_center,parent_to_0.25,0.0,0.25,g009_5e6338b90f7728dd_0021,2,3.735418067662977e-05,g008_p000004_g007_p000004_g006_p000003_g005_p000003_g004_p000004_g003_p000002_g002_p000033_g001_p000057_empty,g009_p000012_g008_p000004_g007_p000004_g006_p000003_g005_p000003_g004_p000004_g003_p000002_g002_p000033_g001_p000057_empty,42.0,11.0,25.0,ellipsoid,9,47.479388007846005,11.23379001058506,8.654000597974282,6.173532292161852,2.808447502646265,2.1635001494935704,1.543383073040463,0.014548460021615028,0.00020452309399843216,0.00019830744713544846,False,False,,,0,False
v4_branch_96b333b69a9424a4ee9f,9,18,new_center,parent_to_0.25,0.0,0.25,g009_5e6338b90f7728dd_0021,3,3.735416612471454e-05,g008_p000004_g007_p000004_g006_p000003_g005_p000003_g004_p000004_g003_p000002_g002_p000033_g001_p000057_empty,g009_p000018_g008_p000004_g007_p000004_g006_p000003_g005_p000003_g004_p000004_g003_p000002_g002_p000033_g001_p000057_empty,43.0,10.0,25.0,dike_hemisphere,9,123.35915719118137,10.211648165470635,7.7559766835648905,10.411152551960868,2.5529120413676587,1.9389941708912226,2.602788137990217,0.01446261815726757,0.00011868122965097427,0.00011246558278799057,False,False,,,0,False
v4_branch_812b3e23789e7b4d13b5,9,24,new_center,parent_to_0.25,0.0,0.25,g009_5e6338b90f7728dd_0021,4,3.554658906068653e-05,g008_p000005_g007_p000004_g006_p000003_g005_p000003_g004_p000004_g003_p000002_g002_p000033_g001_p000057_empty,g009_p000024_g008_p000005_g007_p000004_g006_p000003_g005_p000003_g004_p000004_g003_p000002_g002_p000033_g001_p000057_empty,12.0,41.0,20.0,dike_hemisphere,9,105.32066530232841,9.510461898223348,12.013470901270363,11.591821728891029,2.377615474555837,3.0033677253175908,2.897955432222757,0.014465372078120708,0.00012143515050411224,0.00011521950364112854,False,False,,,0,False
v4_branch_b10db422dc6ba23943dc,9,30,new_center,parent_to_0.25,0.0,0.25,g009_5e6338b90f7728dd_0021,5,3.5546581784728914e-05,g008_p000005_g007_p000004_g006_p000003_g005_p000003_g004_p000004_g003_p000002_g002_p000033_g001_p000057_empty,g009_p000030_g008_p000005_g007_p000004_g006_p000003_g005_p000003_g004_p000004_g003_p000002_g002_p000033_g001_p000057_empty,12.0,43.0,20.0,dike_hemisphere,9,16.845982591740277,6.84749181194213,14.144097571622348,10.074978769224451,1.7118729529855325,3.536024392905587,2.5187446923061128,0.014418959617614746,7.502268999814987e-05,6.880704313516617e-05,False,False,,,0,False
v4_branch_2d943951c11e1214719b,9,36,new_center,parent_to_0.25,0.0,0.25,g009_5e6338b90f7728dd_0021,6,3.465093323029578e-05,g008_p000009_g007_p000004_g006_p000003_g005_p000003_g004_p000004_g003_p000002_g002_p000033_g001_p000057_empty,g009_p000036_g008_p000009_g007_p000004_g006_p000003_g005_p000003_g004_p000004_g003_p000002_g002_p000033_g001_p000057_empty,41.0,11.0,24.0,ellipsoid,9,27.616430302237806,8.228174582621342,13.3883955859949,13.276085332643206,2.0570436456553356,3.347098896498725,3.3190213331608014,0.014522872865200043,0.0001789359375834465,0.0001727202907204628,False,False,,,0,False
v4_branch_ac85223ec29dfe62a873,9,42,new_center,parent_to_0.25,0.0,0.25,g009_5e6338b90f7728dd_0021,7,3.465092959231697e-05,g008_p000009_g007_p000004_g006_p000003_g005_p000003_g004_p000004_g003_p000002_g002_p000033_g001_p000057_empty,g009_p000042_g008_p000009_g007_p000004_g006_p000003_g005_p000003_g004_p000004_g003_p000002_g002_p000033_g001_p000057_empty,41.0,9.0,24.0,dike_hemisphere,9,114.6928694412263,11.41755308663121,12.68490592864191,10.678582238067516,2.8543882716578026,3.1712264821604776,2.669645559516879,0.014574036933481693,0.00023010000586509705,0.00022388435900211334,False,False,,,0,False
v4_branch_66583d12a89910ff42d6,9,48,new_center,parent_to_0.25,0.0,0.25,g009_5e6338b90f7728dd_0021,8,3.4650911402422935e-05,g008_p000010_g007_p000004_g006_p000003_g005_p000003_g004_p000004_g003_p000002_g002_p000033_g001_p000057_empty,g009_p000048_g008_p000010_g007_p000004_g006_p000003_g005_p000003_g004_p000004_g003_p000002_g002_p000033_g001_p000057_empty,43.0,9.0,24.0,dike_hemisphere,9,13.098445731400606,15.903387338030532,14.795163306591444,13.35787997249853,3.975846834507633,3.698790826647861,3.3394699931246326,0.01453112531453371,0.00018718838691711426,0.00018097274005413055,False,False,,,0,False
v4_branch_99e0ddb824a0fce7d0b3,9,54,new_center,parent_to_0.25,0.0,0.25,g009_5e6338b90f7728dd_0021,9,3.4650911402422935e-05,g008_p000010_g007_p000004_g006_p000003_g005_p000003_g004_p000004_g003_p000002_g002_p000033_g001_p000057_empty,g009_p000054_g008_p000010_g007_p000004_g006_p000003_g005_p000003_g004_p000004_g003_p000002_g002_p000033_g001_p000057_empty,43.0,11.0,24.0,ellipsoid,9,8.095263430128146,10.25501539423465,6.838670299445764,6.1781643469606315,2.5637538485586626,1.709667574861441,1.5445410867401579,0.014456904493272305,0.00011296756565570831,0.00010675191879272461,False,False,,,0,False
v4_branch_eab3df0110098cba103f,9,60,new_center,parent_to_0.25,0.0,0.25,g009_5e6338b90f7728dd_0021,10,3.4237928048241884e-05,g008_p000011_g007_p000004_g006_p000003_g005_p000003_g004_p000004_g003_p000002_g002_p000033_g001_p000057_empty,g009_p000060_g008_p000011_g007_p000004_g006_p000003_g005_p000003_g004_p000004_g003_p000002_g002_p000033_g001_p000057_empty,12.0,44.0,21.0,dike_hemisphere,9,89.68688234615362,6.695541702606311,9.276333416985867,12.7307906575581,1.6738854256515778,2.319083354246467,3.182697664389525,0.01438672374933958,4.2786821722984314e-05,3.657117486000061e-05,False,False,,,0,False
v4_branch_51125ec44128114940b9,9,66,new_center,parent_to_0.25,0.0,0.25,g009_5e6338b90f7728dd_0021,11,3.398537592147477e-05,g008_p000011_g007_p000004_g006_p000003_g005_p000003_g004_p000004_g003_p000002_g002_p000033_g001_p000057_empty,g009_p000066_g008_p000011_g007_p000004_g006_p000003_g005_p000003_g004_p000004_g003_p000002_g002_p000033_g001_p000057_empty,41.0,40.0,39.0,dike_hemisphere,9,32.62714008693805,8.365393199670304,12.111921067021404,8.981267192867087,2.091348299917576,3.027980266755351,2.2453167982167717,0.0145422937348485,0.00019835680723190308,0.00019214116036891937,False,False,,,0,False
v4_branch_0e8147beb7aa443238d4,9,72,new_center,parent_to_0.25,0.0,0.25,g009_5e6338b90f7728dd_0021,12,3.398536136955954e-05,g008_p000015_g007_p000005_g006_p000003_g005_p000003_g004_p000004_g003_p000002_g002_p000033_g001_p000057_empty,g009_p000072_g008_p000015_g007_p000005_g006_p000003_g005_p000003_g004_p000004_g003_p000002_g002_p000033_g001_p000057_empty,43.0,44.0,39.0,dike_hemisphere,9,100.83787122461297,11.415658869397813,15.507172989786701,9.766735561436022,2.8539147173494532,3.8767932474466753,2.4416838903590055,0.014553142711520195,0.00020920578390359879,0.00020299013704061508,False,False,,,0,False
v4_branch_4f99e6d8971e2be77ab9,9,78,new_center,parent_to_0.25,0.0,0.25,g009_5e6338b90f7728dd_0021,13,3.3228046959266067e-05,g008_p000015_g007_p000005_g006_p000003_g005_p000003_g004_p000004_g003_p000002_g002_p000033_g001_p000057_empty,g009_p000078_g008_p000015_g007_p000005_g006_p000003_g005_p000003_g004_p000004_g003_p000002_g002_p000033_g001_p000057_empty,12.0,40.0,21.0,dike_hemisphere,9,163.796984430636,14.46314275246252,8.471398385425822,10.960758667673918,3.61578568811563,2.1178495963564554,2.7401896669184795,0.01459613349288702,0.0002521965652704239,0.0002459809184074402,False,False,,,0,False
v4_branch_02821497451bdbdb3b7d,9,84,new_center,parent_to_0.25,0.0,0.25,g009_5e6338b90f7728dd_0021,14,3.305016434751451e-05,g008_p000016_g007_p000005_g006_p000003_g005_p000003_g004_p000004_g003_p000002_g002_p000033_g001_p000057_empty,g009_p000084_g008_p000016_g007_p000005_g006_p000003_g005_p000003_g004_p000004_g003_p000002_g002_p000033_g001_p000057_empty,12.0,42.0,18.0,dike_hemisphere,9,178.91353380253832,12.137595719599128,14.65294087325671,8.50971949533814,3.034398929899782,3.6632352183141776,2.127429873834535,0.014540254138410091,0.00019631721079349518,0.00019010156393051147,False,False,,,0,False
v4_branch_9257269d6ac3aef03fe7,9,90,new_center,parent_to_0.25,0.0,0.25,g009_5e6338b90f7728dd_0021,15,3.290634776931256e-05,g008_p000016_g007_p000005_g006_p000003_g005_p000003_g004_p000004_g003_p000002_g002_p000033_g001_p000057_empty,g009_p000090_g008_p000016_g007_p000005_g006_p000003_g005_p000003_g004_p000004_g003_p000002_g002_p000033_g001_p000057_empty,10.0,9.0,16.0,dike_hemisphere,9,77.73631977350612,14.998773881544027,10.777021828495933,12.993032635768202,3.7496934703860068,2.694255457123983,3.2482581589420505,0.014553741551935673,0.00020980462431907654,0.00020358897745609283,False,False,,,0,False
v4_branch_d63b7da30c169bac9d57,10,0,new_center,parent_to_0.25,0.0,0.25,g010_5227b088713b4151_0022,0,3.735420250450261e-05,g009_p000004_g008_p000003_g007_p000004_g006_p000003_g005_p000003_g004_p000004_g003_p000002_g002_p000033_g001_p000057_empty,g010_p000000_g009_p000004_g008_p000003_g007_p000004_g006_p000003_g005_p000003_g004_p000004_g003_p000002_g002_p000033_g001_p000057_empty,41.0,10.0,25.0,ellipsoid,9,147.851204831995,7.419481794343759,15.580490460262043,11.866151151260176,1.8548704485859397,3.8951226150655107,2.966537787815044,0.014567984268069267,0.00022404734045267105,0.00021783169358968735,False,False,,,0,False
v4_branch_ed6b1c0f20d316b54fcb,10,6,new_center,parent_to_0.25,0.0,0.25,g010_5227b088713b4151_0022,1,3.7354184314608574e-05,g009_p000004_g008_p000003_g007_p000004_g006_p000003_g005_p000003_g004_p000004_g003_p000002_g002_p000033_g001_p000057_empty,g010_p000006_g009_p000004_g008_p000003_g007_p000004_g006_p000003_g005_p000003_g004_p000004_g003_p000002_g002_p000033_g001_p000057_empty,42.0,9.0,25.0,ellipsoid,9,121.16384197131522,13.513181051778865,11.104496165678334,11.571895737777702,3.3782952629447163,2.7761240414195836,2.8929739344444254,0.014539677649736404,0.0001957407221198082,0.0001895250752568245,False,False,,,0,False
v4_branch_651315320bdf4a2197d8,10,12,new_center,parent_to_0.25,0.0,0.25,g010_5227b088713b4151_0022,2,3.735418067662977e-05,g009_p000005_g008_p000003_g007_p000004_g006_p000003_g005_p000003_g004_p000004_g003_p000002_g002_p000033_g001_p000057_empty,g010_p000012_g009_p000005_g008_p000003_g007_p000004_g006_p000003_g005_p000003_g004_p000004_g003_p000002_g002_p000033_g001_p000057_empty,42.0,11.0,25.0,dike_hemisphere,9,96.2317358432227,12.357945098903112,10.512349906201115,8.628517989117796,3.089486274725778,2.6280874765502786,2.157129497279449,0.014529136009514332,0.0001851990818977356,0.0001789834350347519,False,False,,,0,False
v4_branch_9d9d28b18459fd21343e,10,18,new_center,parent_to_0.25,0.0,0.25,g010_5227b088713b4151_0022,3,3.735416612471454e-05,g009_p000005_g008_p000003_g007_p000004_g006_p000003_g005_p000003_g004_p000004_g003_p000002_g002_p000033_g001_p000057_empty,g010_p000018_g009_p000005_g008_p000003_g007_p000004_g006_p000003_g005_p000003_g004_p000004_g003_p000002_g002_p000033_g001_p000057_empty,43.0,10.0,25.0,dike_hemisphere,9,66.07960704362074,8.739106327667644,10.034828567688235,7.741231124152796,2.184776581916911,2.508707141922059,1.935307781038199,0.014436393976211548,9.245704859495163e-05,8.624140173196793e-05,False,False,,,0,False
v4_branch_ef1535c9ba1d58997f79,10,24,new_center,parent_to_0.25,0.0,0.25,g010_5227b088713b4151_0022,4,3.554658906068653e-05,g009_p000009_g008_p000003_g007_p000004_g006_p000003_g005_p000003_g004_p000004_g003_p000002_g002_p000033_g001_p000057_empty,g010_p000024_g009_p000009_g008_p000003_g007_p000004_g006_p000003_g005_p000003_g004_p000004_g003_p000002_g002_p000033_g001_p000057_empty,12.0,41.0,20.0,ellipsoid,9,151.98470704175244,15.833823031128924,14.195636201166632,13.918397334673712,3.958455757782231,3.548909050291658,3.479599333668428,0.014562421478331089,0.0002184845507144928,0.0002122689038515091,False,False,,,0,False
v4_branch_4065128fc3a50522f6a0,10,30,new_center,parent_to_0.25,0.0,0.25,g010_5227b088713b4151_0022,5,3.5546581784728914e-05,g009_p000009_g008_p000003_g007_p000004_g006_p000003_g005_p000003_g004_p000004_g003_p000002_g002_p000033_g001_p000057_empty,g010_p000030_g009_p000009_g008_p000003_g007_p000004_g006_p000003_g005_p000003_g004_p000004_g003_p000002_g002_p000033_g001_p000057_empty,12.0,43.0,20.0,ellipsoid,9,113.23569560056353,13.694192393881238,6.186381987149739,9.117137519614769,3.4235480984703095,1.5465954967874347,2.279284379903692,0.014448468573391438,0.00010453164577484131,9.83159989118576e-05,False,False,,,0,False
v4_branch_0b11a77a0ee67623eb96,10,36,new_center,parent_to_0.25,0.0,0.25,g010_5227b088713b4151_0022,6,3.465093323029578e-05,g009_p000010_g008_p000003_g007_p000004_g006_p000003_g005_p000003_g004_p000004_g003_p000002_g002_p000033_g001_p000057_empty,g010_p000036_g009_p000010_g008_p000003_g007_p000004_g006_p000003_g005_p000003_g004_p000004_g003_p000002_g002_p000033_g001_p000057_empty,41.0,11.0,24.0,ellipsoid,9,162.65446566888963,13.608202618880172,6.360776510202868,9.13026161241459,3.402050654720043,1.590194127550717,2.2825654031036473,0.014448468573391438,0.00010453164577484131,9.83159989118576e-05,False,False,,,0,False
v4_branch_ac924e4437ed3490a309,10,42,new_center,parent_to_0.25,0.0,0.25,g010_5227b088713b4151_0022,7,3.465092959231697e-05,g009_p000010_g008_p000003_g007_p000004_g006_p000003_g005_p000003_g004_p000004_g003_p000002_g002_p000033_g001_p000057_empty,g010_p000042_g009_p000010_g008_p000003_g007_p000004_g006_p000003_g005_p000003_g004_p000004_g003_p000002_g002_p000033_g001_p000057_empty,41.0,9.0,24.0,dike_hemisphere,9,145.69559325729014,11.997061773225902,14.354627833069046,10.220983989448495,2.9992654433064754,3.5886569582672614,2.5552459973621238,0.01454881951212883,0.00020488258451223373,0.00019866693764925003,False,False,,,0,False
v4_branch_840b2bcafcce16b242e5,10,48,new_center,parent_to_0.25,0.0,0.25,g010_5227b088713b4151_0022,8,3.4650911402422935e-05,g009_p000011_g008_p000003_g007_p000004_g006_p000003_g005_p000003_g004_p000004_g003_p000002_g002_p000033_g001_p000057_empty,g010_p000048_g009_p000011_g008_p000003_g007_p000004_g006_p000003_g005_p000003_g004_p000004_g003_p000002_g002_p000033_g001_p000057_empty,43.0,9.0,24.0,dike_hemisphere,9,105.14917343190476,7.567313170221047,13.21808004549274,13.179602440967827,1.8918282925552619,3.304520011373185,3.2949006102419567,0.014418959617614746,7.502268999814987e-05,6.880704313516617e-05,False,False,,,0,False
v4_branch_d89de0c52adb72f95eab,10,54,new_center,parent_to_0.25,0.0,0.25,g010_5227b088713b4151_0022,9,3.4650911402422935e-05,g009_p000011_g008_p000003_g007_p000004_g006_p000003_g005_p000003_g004_p000004_g003_p000002_g002_p000033_g001_p000057_empty,g010_p000054_g009_p000011_g008_p000003_g007_p000004_g006_p000003_g005_p000003_g004_p000004_g003_p000002_g002_p000033_g001_p000057_empty,43.0,11.0,24.0,ellipsoid,9,174.72009499609496,7.840443047499425,12.229048942924296,6.988336007510019,1.9601107618748563,3.057262235731074,1.7470840018775047,0.01445690356194973,0.0001129666343331337,0.00010675098747015,False,False,,,0,False
v4_branch_6f3cf176cb82b9c97011,10,60,new_center,parent_to_0.25,0.0,0.25,g010_5227b088713b4151_0022,10,3.4237928048241884e-05,g009_p000016_g008_p000004_g007_p000004_g006_p000003_g005_p000003_g004_p000004_g003_p000002_g002_p000033_g001_p000057_empty,g010_p000060_g009_p000016_g008_p000004_g007_p000004_g006_p000003_g005_p000003_g004_p000004_g003_p000002_g002_p000033_g001_p000057_empty,12.0,44.0,21.0,dike_hemisphere,9,108.24444662937826,8.089850439823984,10.276732786991833,7.197830006173926,2.022462609955996,2.569183196747958,1.7994575015434815,0.014407175593078136,6.323866546154022e-05,5.702301859855652e-05,False,False,,,0,False
v4_branch_d6e7f1e96e1b6696e2fb,10,66,new_center,parent_to_0.25,0.0,0.25,g010_5227b088713b4151_0022,11,3.398537592147477e-05,g009_p000016_g008_p000004_g007_p000004_g006_p000003_g005_p000003_g004_p000004_g003_p000002_g002_p000033_g001_p000057_empty,g010_p000066_g009_p000016_g008_p000004_g007_p000004_g006_p000003_g005_p000003_g004_p000004_g003_p000002_g002_p000033_g001_p000057_empty,41.0,40.0,39.0,dike_hemisphere,9,145.34512686784961,15.174219858499313,13.195558566849957,8.410974611185178,3.7935549646248283,3.2988896417124893,2.1027436527962946,0.01452311035245657,0.00017917342483997345,0.00017295777797698975,False,False,,,0,False
v4_branch_93e452b782e4fc68c54a,10,72,new_center,parent_to_0.25,0.0,0.25,g010_5227b088713b4151_0022,12,3.398536136955954e-05,g009_p000017_g008_p000004_g007_p000004_g006_p000003_g005_p000003_g004_p000004_g003_p000002_g002_p000033_g001_p000057_empty,g010_p000072_g009_p000017_g008_p000004_g007_p000004_g006_p000003_g005_p000003_g004_p000004_g003_p000002_g002_p000033_g001_p000057_empty,43.0,44.0,39.0,ellipsoid,9,11.768863254400358,15.08763944188491,15.724732192458635,6.73399222071549,3.7719098604712276,3.931183048114659,1.6834980551788725,0.014587999321520329,0.0002440623939037323,0.0002378467470407486,False,False,,,0,False
v4_branch_a24c088d0756c4cb75f2,10,78,new_center,parent_to_0.25,0.0,0.25,g010_5227b088713b4151_0022,13,3.3228046959266067e-05,g009_p000017_g008_p000004_g007_p000004_g006_p000003_g005_p000003_g004_p000004_g003_p000002_g002_p000033_g001_p000057_empty,g010_p000078_g009_p000017_g008_p000004_g007_p000004_g006_p000003_g005_p000003_g004_p000004_g003_p000002_g002_p000033_g001_p000057_empty,12.0,40.0,21.0,dike_hemisphere,9,43.48461860234369,10.749014507537899,6.918207788204818,11.199459725995446,2.6872536268844747,1.7295519470512044,2.7998649314988615,0.01451884489506483,0.00017490796744823456,0.00016869232058525085,False,False,,,0,False
v4_branch_a82e4dd56c2232b2f223,10,84,new_center,parent_to_0.25,0.0,0.25,g010_5227b088713b4151_0022,14,3.305016434751451e-05,g009_p000022_g008_p000004_g007_p000004_g006_p000003_g005_p000003_g004_p000004_g003_p000002_g002_p000033_g001_p000057_empty,g010_p000084_g009_p000022_g008_p000004_g007_p000004_g006_p000003_g005_p000003_g004_p000004_g003_p000002_g002_p000033_g001_p000057_empty,12.0,42.0,18.0,ellipsoid,9,103.20416586898057,11.653996365963497,13.961721297498794,10.755539387415727,2.9134990914908743,3.4904303243746986,2.6888848468539317,0.014624388888478279,0.0002804519608616829,0.0002742363139986992,False,False,,,0,False
v4_branch_7240cb275cb5f5f20b0a,10,90,new_center,parent_to_0.25,0.0,0.25,g010_5227b088713b4151_0022,15,3.290634776931256e-05,g009_p000022_g008_p000004_g007_p000004_g006_p000003_g005_p000003_g004_p000004_g003_p000002_g002_p000033_g001_p000057_empty,g010_p000090_g009_p000022_g008_p000004_g007_p000004_g006_p000003_g005_p000003_g004_p000004_g003_p000002_g002_p000033_g001_p000057_empty,10.0,9.0,16.0,ellipsoid,9,159.15074218570692,13.692856096437612,8.1761455002761,8.542614793469472,3.423214024109403,2.044036375069025,2.135653698367368,0.014541509561240673,0.00019757263362407684,0.00019135698676109314,False,False,,,0,False
