case_id,source_seed,arm,sample_id,step,t,w_t,tau,scale_0_sigma,scale_0_loss,scale_0_target_std_mean,scale_1_sigma,scale_1_loss,scale_1_target_std_mean,scale_2_sigma,scale_2_loss,scale_2_target_std_mean,property_loss,property_mae_mean,confidence_fraction,soft_class_entropy_confident_mean,predicted_property_min,predicted_property_max,raw_grad_norm,used_grad_norm,prior_velocity_norm,guidance_velocity_norm,guided_velocity_norm,requested_guidance_ratio,used_guidance_ratio,uncapped_guidance_ratio,guidance_cap_fraction,guidance_gradient_reference_norm,guidance_gradient_reference_ratio,effective_guidance_ratio,continuous_step_norm,condition_projection_norm,initial_condition_projection_norm,pre_projection_condition_violations,post_projection_condition_violations,hard_change_count,hard_change_fraction,hard_change_inside_confidence,hard_change_outside_confidence,alpha,property_loss_mode,guidance_scaling_mode,guidance_reference_policy
fullgeo_case01,42,CONTINUOUS_PROPERTY_TARGET,0,0,0.015625,0.0,0.49975909124103446,0.0,4.02880859375,0.25916391611099243,1.5,1.1350598335266113,0.026949668303132057,3.0,17.8524169921875,0.008511013351380825,5.925405502319336,0.4583589434623718,0.00246429443359375,2.5794851779937744,0.011244440451264381,0.3786771595478058,0.0,0.0,1565.585205078125,0.0,1565.585205078125,0.0,0.0,0.0,0.0,0.0,0.0,0.0,48.83499526977539,2.958681583404541,1335.914306640625,0,0,778,0.00296783447265625,4,774,0.25,matched_multiscale_normalized_mse_v1,reference_norm_relative_v2,first_nonzero_active_used_gradient_norm_per_sample_v1
fullgeo_case01,42,CONTINUOUS_PROPERTY_TARGET,0,1,0.046875,0.0,0.4978353019929562,0.0,4.028443336486816,0.25916391611099243,1.5,1.1373143196105957,0.026949668303132057,3.0,17.966951370239258,0.008511013351380825,5.948806285858154,0.45832666754722595,0.00246429443359375,2.578472852706909,0.011165020056068897,0.3806283175945282,0.0,0.0,1564.4261474609375,0.0,1564.4261474609375,0.0,0.0,0.0,0.0,0.0,0.0,0.0,48.79338455200195,3.0452206134796143,0.0,0,0,819,0.003124237060546875,6,813,0.25,matched_multiscale_normalized_mse_v1,reference_norm_relative_v2,first_nonzero_active_used_gradient_norm_per_sample_v1
fullgeo_case01,42,CONTINUOUS_PROPERTY_TARGET,0,2,0.078125,0.0,0.4940062506389088,0.0,4.028133869171143,0.25916391611099243,1.5,1.1403982639312744,0.026949668303132057,3.0,18.103557586669922,0.008511013351380825,5.976898193359375,0.458301305770874,0.00246429443359375,2.576472043991089,0.011005803942680359,0.3845687210559845,0.0,0.0,1565.1094970703125,0.0,1565.1094970703125,0.0,0.0,0.0,0.0,0.0,0.0,0.0,48.813446044921875,3.066528081893921,0.0,0,0,917,0.003498077392578125,1,916,0.25,matched_multiscale_normalized_mse_v1,reference_norm_relative_v2,first_nonzero_active_used_gradient_norm_per_sample_v1
fullgeo_case01,42,CONTINUOUS_PROPERTY_TARGET,0,3,0.109375,0.0,0.4883088130366042,0.0,4.027927875518799,0.25916391611099243,1.5,1.1447471380233765,0.026949668303132057,3.0,18.267818450927734,0.008511013351380825,6.010951995849609,0.4582841694355011,0.00246429443359375,2.5734305381774902,0.010767358355224133,0.3905751705169678,0.0,0.0,1564.4820556640625,0.0,1564.4820556640625,0.0,0.0,0.0,0.0,0.0,0.0,0.0,48.79266357421875,3.0844976902008057,0.0,0,0,981,0.003742218017578125,4,977,0.25,matched_multiscale_normalized_mse_v1,reference_norm_relative_v2,first_nonzero_active_used_gradient_norm_per_sample_v1
fullgeo_case01,42,CONTINUOUS_PROPERTY_TARGET,0,4,0.140625,0.0,0.48079785862468866,0.0,4.027900218963623,0.25916391611099243,1.5,1.1504261493682861,0.026949668303132057,3.0,18.457962036132812,0.008511013351380825,6.050670623779297,0.4582800567150116,0.00246429443359375,2.5692734718322754,0.01045197807252407,0.3987639844417572,0.0,0.0,1565.5692138671875,0.0,1565.5692138671875,0.0,0.0,0.0,0.0,0.0,0.0,0.0,48.82622146606445,3.092207908630371,0.0,0,0,1128,0.004302978515625,4,1124,0.25,matched_multiscale_normalized_mse_v1,reference_norm_relative_v2,first_nonzero_active_used_gradient_norm_per_sample_v1
fullgeo_case01,42,CONTINUOUS_PROPERTY_TARGET,0,5,0.171875,0.0,0.4715457220000544,0.0,4.028084754943848,0.25916391611099243,1.5,1.157715082168579,0.026949668303132057,3.0,18.678133010864258,0.008511013351380825,6.096983909606934,0.4582901895046234,0.00246429443359375,2.5638949871063232,0.010045615024864674,0.40929174423217773,0.0,0.0,1566.5089111328125,0.0,1566.5089111328125,0.0,0.0,0.0,0.0,0.0,0.0,0.0,48.857276916503906,3.066222667694092,0.0,0,0,1240,0.004730224609375,3,1237,0.25,matched_multiscale_normalized_mse_v1,reference_norm_relative_v2,first_nonzero_active_used_gradient_norm_per_sample_v1
fullgeo_case01,42,CONTINUOUS_PROPERTY_TARGET,0,6,0.203125,0.0,0.460641506296129,0.0,4.028432369232178,0.25916391611099243,1.5,1.1672282218933105,0.026949668303132057,3.0,18.949403762817383,0.008511013351380825,6.154265403747559,0.4583096206188202,0.00246429443359375,2.5571513175964355,0.009517045691609383,0.4223563075065613,0.0,0.0,1566.9017333984375,0.0,1566.9017333984375,0.0,0.0,0.0,0.0,0.0,0.0,0.0,48.871070861816406,3.042407751083374,0.0,0,0,1399,0.005336761474609375,5,1394,0.25,matched_multiscale_normalized_mse_v1,reference_norm_relative_v2,first_nonzero_active_used_gradient_norm_per_sample_v1
fullgeo_case01,42,CONTINUOUS_PROPERTY_TARGET,0,7,0.234375,0.0,0.4481902250709918,0.0,4.029097557067871,0.25916391611099243,1.5,1.1795474290847778,0.026949668303132057,3.0,19.264301300048828,0.008511013351380825,6.221273422241211,0.4583503007888794,0.00246429443359375,2.5488576889038086,0.008924329653382301,0.43819504976272583,0.0,0.0,1569.0194091796875,0.0,1569.0194091796875,0.0,0.0,0.0,0.0,0.0,0.0,0.0,48.94221496582031,2.963527202606201,0.0,0,0,1649,0.006290435791015625,3,1646,0.25,matched_multiscale_normalized_mse_v1,reference_norm_relative_v2,first_nonzero_active_used_gradient_norm_per_sample_v1
fullgeo_case01,42,CONTINUOUS_PROPERTY_TARGET,0,8,0.265625,0.06540312923014306,0.43431179096940364,0.0,4.029999256134033,0.25916391611099243,1.5,1.1959221363067627,0.026949668303132057,3.0,19.65152931213379,0.008511013351380825,6.304081916809082,0.4584074914455414,0.00246429443359375,2.5387837886810303,0.008275601081550121,0.4570808708667755,0.26837676763534546,0.26837676763534546,1572.919189453125,25.718460083007812,1572.9969482421875,0.016350782307535765,0.01635078154504299,0.01635078154504299,0.0,0.26837676763534546,1.0,0.01635078340768814,49.070556640625,2.8996105194091797,0.0,0,0,1845,0.007038116455078125,8,1837,0.25,matched_multiscale_normalized_mse_v1,reference_norm_relative_v2,first_nonzero_active_used_gradient_norm_per_sample_v1
fullgeo_case01,42,CONTINUOUS_PROPERTY_TARGET,0,9,0.296875,0.19509032201612825,0.4191398608984867,0.0,4.029263019561768,0.25916391611099243,1.5,1.2185673713684082,0.026949668303132057,3.0,18.964839935302734,0.008511013351380825,6.17317008972168,0.45835554599761963,0.00246429443359375,2.5266945362091064,0.007581757381558418,0.47931140661239624,0.28124934434890747,0.28124934434890747,1573.4677734375,80.42298126220703,1575.14013671875,0.04877258050403206,0.05111193656921387,0.05111193656921387,0.0,0.26837676763534546,1.0479645729064941,0.05111193284392357,49.137054443359375,2.9096901416778564,0.0,0,0,2121,0.008090972900390625,18,2103,0.25,matched_multiscale_normalized_mse_v1,reference_norm_relative_v2,first_nonzero_active_used_gradient_norm_per_sample_v1
fullgeo_case01,42,CONTINUOUS_PROPERTY_TARGET,0,10,0.328125,0.3214394653031616,0.4028205488386443,0.0,4.021420001983643,0.25916391611099243,1.5,1.268765926361084,0.026949668303132057,3.0,15.848166465759277,0.008511013351380825,5.560973167419434,0.4578305780887604,0.00246429443359375,2.512171506881714,0.006853691302239895,0.5051895380020142,0.2514728605747223,0.2514728605747223,1573.375,118.4725341796875,1577.3984375,0.0803598663257904,0.07529834657907486,0.07529834657907486,0.0,0.26837676763534546,0.9370142817497253,0.07529834657907486,49.20155334472656,3.0127241611480713,0.0,0,0,2577,0.009830474853515625,16,2561,0.25,matched_multiscale_normalized_mse_v1,reference_norm_relative_v2,first_nonzero_active_used_gradient_norm_per_sample_v1
fullgeo_case01,42,CONTINUOUS_PROPERTY_TARGET,0,11,0.359375,0.4422886902190013,0.3855110186860564,0.0,3.9819743633270264,0.25916391611099243,1.5,1.3879332542419434,0.026949668303132057,3.0,11.626256942749023,0.008511013351380825,4.73261833190918,0.45537692308425903,0.00246429443359375,2.4941210746765137,0.006103415973484516,0.534989058971405,0.19665086269378662,0.19665086269378662,1571.9957275390625,127.36442565917969,1576.99853515625,0.11057217255475033,0.08102085441350937,0.08102085441350937,0.0,0.26837676763534546,0.7327417731285095,0.08102084696292877,49.18293762207031,3.110579490661621,0.0,0,0,2867,0.010936737060546875,17,2850,0.25,matched_multiscale_normalized_mse_v1,reference_norm_relative_v2,first_nonzero_active_used_gradient_norm_per_sample_v1
fullgeo_case01,42,CONTINUOUS_PROPERTY_TARGET,0,12,0.390625,0.5555702330196022,0.367377970678444,0.0,3.8524763584136963,0.25916391611099243,1.5,1.5114412307739258,0.026949668303132057,3.0,8.031116485595703,0.008511013351380825,3.985893964767456,0.44765910506248474,0.00246429443359375,2.4693942070007324,0.005344950128346682,0.5688996315002441,0.15163958072662354,0.15163958072662354,1570.257568359375,123.23028564453125,1575.3121337890625,0.13889255825490054,0.07847776263952255,0.07847776263952255,0.0,0.26837676763534546,0.5650249719619751,0.07847775518894196,49.12354278564453,3.212981939315796,0.0,0,0,3401,0.012973785400390625,25,3376,0.25,matched_multiscale_normalized_mse_v1,reference_norm_relative_v2,first_nonzero_active_used_gradient_norm_per_sample_v1
fullgeo_case01,42,CONTINUOUS_PROPERTY_TARGET,0,13,0.421875,0.6593458151000688,0.3485960359806528,0.0,3.5703210830688477,0.25916391611099243,1.5,1.503814935684204,0.026949668303132057,3.0,5.621585845947266,0.008511013351380825,3.3606221675872803,0.4283774197101593,0.00246429443359375,2.430483341217041,0.004594163037836552,0.6069469451904297,0.1298203319311142,0.1298203319311142,1569.2686767578125,125.12621307373047,1574.546630859375,0.1648364537750172,0.07973537594079971,0.07973537594079971,0.0,0.26837676763534546,0.4837241768836975,0.07973536849021912,49.090240478515625,3.352447748184204,0.0,0,0,4126,0.01573944091796875,31,4095,0.25,matched_multiscale_normalized_mse_v1,reference_norm_relative_v2,first_nonzero_active_used_gradient_norm_per_sample_v1
fullgeo_case01,42,CONTINUOUS_PROPERTY_TARGET,0,14,0.453125,0.7518398074789773,0.32934609489107236,0.0,3.0310723781585693,0.25916391611099243,1.5,1.2511106729507446,0.026949668303132057,3.0,4.216545104980469,0.008511013351380825,2.7341785430908203,0.38872411847114563,0.00246429443359375,2.3721890449523926,0.0038665621541440487,0.6488853693008423,0.1341140866279602,0.1341140866279602,1568.7890625,147.35311889648438,1575.9381103515625,0.18795995186974432,0.09392794221639633,0.09392794221639633,0.0,0.26837676763534546,0.4997231662273407,0.09392793476581573,49.12226104736328,3.5179176330566406,0.0,0,0,4899,0.018688201904296875,24,4875,0.25,matched_multiscale_normalized_mse_v1,reference_norm_relative_v2,first_nonzero_active_used_gradient_norm_per_sample_v1
fullgeo_case01,42,CONTINUOUS_PROPERTY_TARGET,0,15,0.484375,0.8314696123025452,0.3098135348654836,0.0,2.2313942909240723,0.25916391611099243,1.5,0.6886429190635681,0.026949668303132057,3.0,3.773171901702881,0.008511013351380825,2.0769243240356445,0.3100774586200714,0.00246429443359375,2.230307102203369,0.0031781867146492004,0.6940759420394897,0.10315251350402832,0.10315251350402832,1569.0296630859375,125.35809326171875,1574.39453125,0.2078674030756363,0.07989531010389328,0.07989531010389328,0.0,0.26837676763534546,0.3843570947647095,0.07989529520273209,49.05595016479492,3.759880304336548,0.0,0,0,5775,0.022029876708984375,26,5749,0.25,matched_multiscale_normalized_mse_v1,reference_norm_relative_v2,first_nonzero_active_used_gradient_norm_per_sample_v1
fullgeo_case01,42,CONTINUOUS_PROPERTY_TARGET,0,16,0.515625,0.8968727415326884,0.2901864651345164,0.0,1.727674126625061,0.25916391611099243,1.5,0.5040784478187561,0.026949668303132057,3.0,2.7968525886535645,0.008511013351380825,1.5744311809539795,0.2515173554420471,0.00246429443359375,2.1057350635528564,0.002544520888477564,0.7413794994354248,0.09255995601415634,0.09255995601415634,1569.188232421875,121.34561157226562,1574.2254638671875,0.2242181853831721,0.07733018696308136,0.07733018696308136,0.0,0.26837676763534546,0.3448881208896637,0.07733017951250076,49.03374099731445,3.97434401512146,0.0,0,0,6815,0.025997161865234375,32,6783,0.25,matched_multiscale_normalized_mse_v1,reference_norm_relative_v2,first_nonzero_active_used_gradient_norm_per_sample_v1
fullgeo_case01,42,CONTINUOUS_PROPERTY_TARGET,0,17,0.546875,0.9469301294951056,0.2706539051089276,0.0,1.2443548440933228,0.25916391611099243,1.5,0.32106736302375793,0.026949668303132057,3.0,2.2183444499969482,0.008511013351380825,1.1621665954589844,0.1885940134525299,0.00246429443359375,1.9692530632019043,0.0019796702545136213,0.7891169190406799,0.0913068875670433,0.0913068875670433,1568.5452880859375,126.33206176757812,1573.9989013671875,0.2367325323737764,0.08054091781377792,0.08054091781377792,0.0,0.26837676763534546,0.34021905064582825,0.08054091036319733,49.00395965576172,4.244805335998535,0.0,0,0,8247,0.031459808349609375,43,8204,0.25,matched_multiscale_normalized_mse_v1,reference_norm_relative_v2,first_nonzero_active_used_gradient_norm_per_sample_v1
fullgeo_case01,42,CONTINUOUS_PROPERTY_TARGET,0,18,0.578125,0.9807852804032304,0.2514039640193472,0.0,0.8438045382499695,0.25916391611099243,1.5,0.24450933933258057,0.026949668303132057,3.0,1.4659311771392822,0.008511013351380825,0.7884413003921509,0.15044951438903809,0.00246429443359375,1.8762823343276978,0.0014941699337214231,0.835170328617096,0.10734570771455765,0.10734570771455765,1569.308837890625,153.90830993652344,1577.0543212890625,0.2451963201008076,0.09807395935058594,0.09807395935058594,0.0,0.26837676763534546,0.39998137950897217,0.09807394444942474,49.07170104980469,4.558196544647217,0.0,0,0,9748,0.0371856689453125,54,9694,0.25,matched_multiscale_normalized_mse_v1,reference_norm_relative_v2,first_nonzero_active_used_gradient_norm_per_sample_v1
fullgeo_case01,42,CONTINUOUS_PROPERTY_TARGET,0,19,0.609375,0.9978589232386035,0.232622029321556,0.0,0.2622838020324707,0.25916391611099243,1.5,0.11686772108078003,0.026949668303132057,3.0,1.5619237422943115,0.008511013351380825,0.47858697175979614,0.08297740668058395,0.00246429443359375,1.655678153038025,0.001093247439712286,0.8772691488265991,0.14698447287082672,0.14698447287082672,1569.068603515625,214.376708984375,1584.6680908203125,0.24946473080965087,0.136626735329628,0.136626735329628,0.0,0.26837676763534546,0.5476795434951782,0.1366267204284668,49.28121566772461,4.866125583648682,0.0,0,0,11376,0.04339599609375,56,11320,0.25,matched_multiscale_normalized_mse_v1,reference_norm_relative_v2,first_nonzero_active_used_gradient_norm_per_sample_v1
fullgeo_case01,42,CONTINUOUS_PROPERTY_TARGET,0,20,0.640625,0.9978589232386035,0.21448898131394362,0.0,1.147445797920227,0.25916391611099243,1.5,1.4062625169754028,0.026949668303132057,3.0,0.9937219619750977,0.008511013351380825,1.1943460702896118,0.21668697893619537,0.00246429443359375,1.771821141242981,0.0007758967694826424,0.9134263396263123,0.41368985176086426,0.41368985176086426,1569.8917236328125,392.4729309082031,1616.501220703125,0.24946473080965087,0.25,0.38453787565231323,1.0,0.26837676763534546,1.5414518117904663,0.25,50.243534088134766,5.236361026763916,0.0,0,0,12990,0.04955291748046875,65,12925,0.25,matched_multiscale_normalized_mse_v1,reference_norm_relative_v2,first_nonzero_active_used_gradient_norm_per_sample_v1
fullgeo_case01,42,CONTINUOUS_PROPERTY_TARGET,0,21,0.671875,0.9807852804032304,0.19717945116135566,0.0,0.8554664850234985,0.25916391611099243,1.5,0.6937426328659058,0.026949668303132057,3.0,2.3745219707489014,0.008511013351380825,1.1107604503631592,0.1957469880580902,0.00246429443359375,1.0331881046295166,0.0005335797322914004,0.9423894286155701,0.22361020743846893,0.22361020743846893,1572.419677734375,321.2395935058594,1605.822509765625,0.2451963201008076,0.20429636538028717,0.20429636538028717,0.0,0.26837676763534546,0.8331950902938843,0.20429635047912598,49.86320114135742,5.647098541259766,0.0,0,0,14215,0.054225921630859375,75,14140,0.25,matched_multiscale_normalized_mse_v1,reference_norm_relative_v2,first_nonzero_active_used_gradient_norm_per_sample_v1
fullgeo_case01,42,CONTINUOUS_PROPERTY_TARGET,0,22,0.703125,0.9469301294951057,0.18086013910151333,0.0,1.1936603784561157,0.25916391611099243,1.5,0.3378390669822693,0.026949668303132057,3.0,0.38417550921440125,0.008511013351380825,0.7750170230865479,0.229574516415596,0.00246429443359375,1.0598008632659912,0.0003519439196679741,0.9639109969139099,0.11128456145524979,0.11128456145524979,1573.9989013671875,154.50848388671875,1581.53173828125,0.23673253237377642,0.09816302359104156,0.09816302359104156,0.0,0.26837676763534546,0.41465795040130615,0.09816301614046097,49.043067932128906,6.115326881408691,0.0,0,0,14838,0.05660247802734375,68,14770,0.25,matched_multiscale_normalized_mse_v1,reference_norm_relative_v2,first_nonzero_active_used_gradient_norm_per_sample_v1
fullgeo_case01,42,CONTINUOUS_PROPERTY_TARGET,0,23,0.734375,0.8968727415326884,0.16568820903059628,0.0,1.1104849576950073,0.25916391611099243,1.5,0.14795729517936707,0.026949668303132057,3.0,0.1741558462381363,0.008511013351380825,0.6344608068466187,0.22551287710666656,0.00246429443359375,0.9421822428703308,0.00021449188352562487,0.9786992073059082,0.1350010484457016,0.1350010484457016,1576.1474609375,177.77056884765625,1585.6851806640625,0.2242181853831721,0.11278805136680603,0.11278805136680603,0.0,0.26837676763534546,0.5030280947685242,0.11278802901506424,49.111961364746094,6.594064235687256,0.0,0,0,13337,0.050876617431640625,58,13279,0.25,matched_multiscale_normalized_mse_v1,reference_norm_relative_v2,first_nonzero_active_used_gradient_norm_per_sample_v1
fullgeo_case01,42,CONTINUOUS_PROPERTY_TARGET,0,24,0.765625,0.8314696123025455,0.1518097749290082,0.0,1.074989914894104,0.25916391611099243,1.5,0.18297649919986725,0.026949668303132057,3.0,0.2581526041030884,0.008511013351380825,0.6440184116363525,0.22972863912582397,0.00246429443359375,0.8012360334396362,0.00010720976570155472,0.9880927205085754,0.16553834080696106,0.16553834080696106,1579.4931640625,202.51524353027344,1591.8580322265625,0.20786740307563636,0.12821535766124725,0.12821535766124725,0.0,0.26837676763534546,0.6168132424354553,0.12821532785892487,49.22527313232422,7.175899505615234,0.0,0,0,10390,0.03963470458984375,49,10341,0.25,matched_multiscale_normalized_mse_v1,reference_norm_relative_v2,first_nonzero_active_used_gradient_norm_per_sample_v1
fullgeo_case01,42,CONTINUOUS_PROPERTY_TARGET,0,25,0.796875,0.7518398074789774,0.139358493703871,0.0,1.2230758666992188,0.25916391611099243,1.5,0.11925195902585983,0.026949668303132057,3.0,0.20459692180156708,0.008511013351380825,0.6882328987121582,0.24882759153842926,0.00246429443359375,0.5379807949066162,4.9798909458331764e-05,0.9936268329620361,0.11595781147480011,0.11595781147480011,1584.1719970703125,128.65383911132812,1589.2874755859375,0.18795995186974435,0.08121203631162643,0.08121203631162643,0.0,0.26837676763534546,0.4320709705352783,0.08121203631162643,49.05497741699219,7.761754989624023,0.0,0,0,6593,0.025150299072265625,39,6554,0.25,matched_multiscale_normalized_mse_v1,reference_norm_relative_v2,first_nonzero_active_used_gradient_norm_per_sample_v1
fullgeo_case01,42,CONTINUOUS_PROPERTY_TARGET,0,26,0.828125,0.659345815100069,0.12845427799994558,0.0,1.5626295804977417,0.25916391611099243,1.5,0.18494188785552979,0.026949668303132057,3.0,0.36895063519477844,0.008511013351380825,0.91058748960495,0.2791639566421509,0.00246429443359375,0.39383286237716675,2.0912457330268808e-05,0.9966714382171631,0.26905056834220886,0.26905056834220886,1588.762451171875,262.5434875488281,1609.82958984375,0.16483645377501724,0.16525030136108398,0.16525030136108398,0.0,0.26837676763534546,1.002510666847229,0.16525031626224518,49.59434127807617,8.438777923583984,0.0,0,0,3558,0.01357269287109375,25,3533,0.25,matched_multiscale_normalized_mse_v1,reference_norm_relative_v2,first_nonzero_active_used_gradient_norm_per_sample_v1
fullgeo_case01,42,CONTINUOUS_PROPERTY_TARGET,0,27,0.859375,0.5555702330196022,0.11920214137531127,0.0,1.6714853048324585,0.25916391611099243,1.5,0.19497303664684296,0.026949668303132057,3.0,0.13825014233589172,0.008511013351380825,0.9218845367431641,0.29001665115356445,0.00246429443359375,0.23930205404758453,8.963850632426329e-06,0.99825519323349,0.221970334649086,0.221970334649086,1592.34912109375,182.9225616455078,1602.4072265625,0.13889255825490054,0.1148759201169014,0.1148759201169014,0.0,0.26837676763534546,0.8270847797393799,0.1148759126663208,49.22843551635742,9.170034408569336,0.0,0,0,1768,0.006744384765625,20,1748,0.25,matched_multiscale_normalized_mse_v1,reference_norm_relative_v2,first_nonzero_active_used_gradient_norm_per_sample_v1
fullgeo_case01,42,CONTINUOUS_PROPERTY_TARGET,0,28,0.890625,0.4422886902190013,0.11169118696339586,0.0,1.7832564115524292,0.25916391611099243,1.5,0.21936193108558655,0.026949668303132057,3.0,0.18683169782161713,0.008511013351380825,0.9948031306266785,0.2991832196712494,0.00246429443359375,0.13207858800888062,4.28603243562975e-06,0.9990459084510803,0.1004534587264061,0.1004534587264061,1596.6845703125,66.08226013183594,1597.925537109375,0.11057217255475033,0.041387178003787994,0.041387178003787994,0.0,0.26837676763534546,0.37430012226104736,0.041387174278497696,48.9471435546875,9.884261131286621,0.0,0,0,1007,0.003841400146484375,8,999,0.25,matched_multiscale_normalized_mse_v1,reference_norm_relative_v2,first_nonzero_active_used_gradient_norm_per_sample_v1
fullgeo_case01,42,CONTINUOUS_PROPERTY_TARGET,0,29,0.921875,0.32143946530316175,0.10599374936109118,0.0,1.916966199874878,0.25916391611099243,1.5,0.16964183747768402,0.026949668303132057,3.0,0.18801821768283844,0.008511013351380825,1.046979308128357,0.30845555663108826,0.00246429443359375,0.12261036038398743,2.9239313334983308e-06,0.9994298815727234,0.3528873026371002,0.3528873026371002,1605.366943359375,169.6307830810547,1613.6005859375,0.08035986632579044,0.10566480457782745,0.10566480457782745,0.0,0.26837676763534546,1.3148951530456543,0.10566480457782745,49.31476593017578,10.523124694824219,0.0,0,0,648,0.002471923828125,8,640,0.25,matched_multiscale_normalized_mse_v1,reference_norm_relative_v2,first_nonzero_active_used_gradient_norm_per_sample_v1
fullgeo_case01,42,CONTINUOUS_PROPERTY_TARGET,0,30,0.953125,0.1950903220161286,0.10216469800704375,0.0,1.719199538230896,0.25916391611099243,1.5,0.1926555186510086,0.026949668303132057,3.0,0.1554126888513565,0.008511013351380825,0.9484789371490479,0.2918980121612549,0.00246429443359375,0.08360476791858673,2.2941310362512013e-06,0.999609649181366,0.25785452127456665,0.25785452127456665,1637.085205078125,76.71439361572266,1638.65966796875,0.04877258050403215,0.046860355883836746,0.046860355883836746,0.0,0.26837676763534546,0.9607930183410645,0.046860355883836746,49.95083999633789,11.277628898620605,0.0,0,0,503,0.001918792724609375,6,497,0.25,matched_multiscale_normalized_mse_v1,reference_norm_relative_v2,first_nonzero_active_used_gradient_norm_per_sample_v1
fullgeo_case01,42,CONTINUOUS_PROPERTY_TARGET,0,31,0.984375,0.06540312923014312,0.10024090875896552,0.0,1.7848670482635498,0.25916391611099243,1.5,0.17618343234062195,0.026949668303132057,3.0,0.17129214107990265,0.008511013351380825,0.9795469641685486,0.29940125346183777,0.00246429443359375,0.04132810980081558,3.945611297240248e-06,0.9996809959411621,0.25827354192733765,0.25827354192733765,1796.9517822265625,28.275474548339844,1797.0374755859375,0.01635078230753578,0.015735244378447533,0.015735244378447533,0.0,0.26837676763534546,0.962354302406311,0.015735244378447533,54.70733642578125,12.67926025390625,0.0,0,0,554,0.00211334228515625,3,551,0.25,matched_multiscale_normalized_mse_v1,reference_norm_relative_v2,first_nonzero_active_used_gradient_norm_per_sample_v1
fullgeo_case01,142,CONTINUOUS_PROPERTY_TARGET,1,0,0.015625,0.0,0.49975909124103446,0.0,3.9887568950653076,0.25916391611099243,1.5,1.2204453945159912,0.026949668303132057,3.0,16.42937660217285,0.008511013351380825,5.646387100219727,0.456817626953125,0.00246429443359375,2.580686092376709,0.010431102477014065,0.3786771595478058,0.0,0.0,1566.611328125,0.0,1566.611328125,0.0,0.0,0.0,0.0,0.0,0.0,0.0,48.867942810058594,2.9450643062591553,1335.31640625,0,0,756,0.0028839111328125,3,753,0.25,matched_multiscale_normalized_mse_v1,reference_norm_relative_v2,first_nonzero_active_used_gradient_norm_per_sample_v1
fullgeo_case01,142,CONTINUOUS_PROPERTY_TARGET,1,1,0.046875,0.0,0.4978353019929562,0.0,3.988499641418457,0.25916391611099243,1.5,1.2221298217773438,0.026949668303132057,3.0,16.524316787719727,0.008511013351380825,5.665752410888672,0.45677945017814636,0.00246429443359375,2.579723596572876,0.010352465324103832,0.3806283175945282,0.0,0.0,1565.164306640625,0.0,1565.164306640625,0.0,0.0,0.0,0.0,0.0,0.0,0.0,48.817344665527344,3.031522750854492,0.0,0,0,799,0.003047943115234375,3,796,0.25,matched_multiscale_normalized_mse_v1,reference_norm_relative_v2,first_nonzero_active_used_gradient_norm_per_sample_v1
fullgeo_case01,142,CONTINUOUS_PROPERTY_TARGET,1,2,0.078125,0.0,0.4940062506389088,0.0,3.988130807876587,0.25916391611099243,1.5,1.224677324295044,0.026949668303132057,3.0,16.642799377441406,0.008511013351380825,5.690028190612793,0.4567320644855499,0.00246429443359375,2.5777833461761475,0.01020009908825159,0.3845687210559845,0.0,0.0,1565.427734375,0.0,1565.427734375,0.0,0.0,0.0,0.0,0.0,0.0,0.0,48.82433319091797,3.0517756938934326,0.0,0,0,899,0.003429412841796875,5,894,0.25,matched_multiscale_normalized_mse_v1,reference_norm_relative_v2,first_nonzero_active_used_gradient_norm_per_sample_v1
fullgeo_case01,142,CONTINUOUS_PROPERTY_TARGET,1,3,0.109375,0.0,0.4883088130366042,0.0,3.9876370429992676,0.25916391611099243,1.5,1.2283923625946045,0.026949668303132057,3.0,16.792972564697266,0.008511013351380825,5.720931053161621,0.45667171478271484,0.00246429443359375,2.574815511703491,0.009982069954276085,0.3905751705169678,0.0,0.0,1565.293701171875,0.0,1565.293701171875,0.0,0.0,0.0,0.0,0.0,0.0,0.0,48.818973541259766,3.0703070163726807,0.0,0,0,1002,0.00382232666015625,3,999,0.25,matched_multiscale_normalized_mse_v1,reference_norm_relative_v2,first_nonzero_active_used_gradient_norm_per_sample_v1
fullgeo_case01,142,CONTINUOUS_PROPERTY_TARGET,1,4,0.140625,0.0,0.48079785862468866,0.0,3.987032175064087,0.25916391611099243,1.5,1.2334706783294678,0.026949668303132057,3.0,16.98084259033203,0.008511013351380825,5.759725570678711,0.4565970301628113,0.00246429443359375,2.5707476139068604,0.009705672040581703,0.3987639844417572,0.0,0.0,1567.03076171875,0.0,1567.03076171875,0.0,0.0,0.0,0.0,0.0,0.0,0.0,48.872833251953125,3.0787510871887207,0.0,0,0,1096,0.004180908203125,4,1092,0.25,matched_multiscale_normalized_mse_v1,reference_norm_relative_v2,first_nonzero_active_used_gradient_norm_per_sample_v1
fullgeo_case01,142,CONTINUOUS_PROPERTY_TARGET,1,5,0.171875,0.0,0.4715457220000544,0.0,3.986433267593384,0.25916391611099243,1.5,1.2403544187545776,0.026949668303132057,3.0,17.205764770507812,0.008511013351380825,5.80647611618042,0.45651373267173767,0.00246429443359375,2.5654759407043457,0.009373286738991737,0.40929174423217773,0.0,0.0,1568.5672607421875,0.0,1568.5672607421875,0.0,0.0,0.0,0.0,0.0,0.0,0.0,48.92258071899414,3.0526938438415527,0.0,0,0,1166,0.00444793701171875,7,1159,0.25,matched_multiscale_normalized_mse_v1,reference_norm_relative_v2,first_nonzero_active_used_gradient_norm_per_sample_v1
fullgeo_case01,142,CONTINUOUS_PROPERTY_TARGET,1,6,0.203125,0.0,0.460641506296129,0.0,3.985776901245117,0.25916391611099243,1.5,1.2495850324630737,0.026949668303132057,3.0,17.487680435180664,0.008511013351380825,5.865300178527832,0.4564133584499359,0.00246429443359375,2.5588629245758057,0.008987394161522388,0.4223563075065613,0.0,0.0,1569.333984375,0.0,1569.333984375,0.0,0.0,0.0,0.0,0.0,0.0,0.0,48.94798278808594,3.030172109603882,0.0,0,0,1468,0.0055999755859375,5,1463,0.25,matched_multiscale_normalized_mse_v1,reference_norm_relative_v2,first_nonzero_active_used_gradient_norm_per_sample_v1
fullgeo_case01,142,CONTINUOUS_PROPERTY_TARGET,1,7,0.234375,0.0,0.4481902250709918,0.0,3.9853134155273438,0.25916391611099243,1.5,1.2617441415786743,0.026949668303132057,3.0,17.81905746459961,0.008511013351380825,5.934991836547852,0.45630910992622375,0.00246429443359375,2.550727605819702,0.008550832979381084,0.43819504976272583,0.0,0.0,1571.580078125,0.0,1571.580078125,0.0,0.0,0.0,0.0,0.0,0.0,0.0,49.0230598449707,2.952320098876953,0.0,0,0,1570,0.00598907470703125,10,1560,0.25,matched_multiscale_normalized_mse_v1,reference_norm_relative_v2,first_nonzero_active_used_gradient_norm_per_sample_v1
fullgeo_case01,142,CONTINUOUS_PROPERTY_TARGET,1,8,0.265625,0.06540312923014306,0.43431179096940364,0.0,3.985191822052002,0.25916391611099243,1.5,1.277366042137146,0.026949668303132057,3.0,18.207435607910156,0.008511013351380825,6.0172929763793945,0.4562070965766907,0.00246429443359375,2.540839433670044,0.008048927411437035,0.4570808708667755,0.2480323165655136,0.2480323165655136,1575.641357421875,25.76296615600586,1575.69140625,0.016350782307535765,0.01635078154504299,0.01635078154504299,0.0,0.2480323165655136,1.0,0.016350779682397842,49.15555191040039,2.888683795928955,0.0,0,0,1849,0.007053375244140625,8,1841,0.25,matched_multiscale_normalized_mse_v1,reference_norm_relative_v2,first_nonzero_active_used_gradient_norm_per_sample_v1
fullgeo_case01,142,CONTINUOUS_PROPERTY_TARGET,1,9,0.296875,0.19509032201612825,0.4191398608984867,0.0,3.978692054748535,0.25916391611099243,1.5,1.3048501014709473,0.026949668303132057,3.0,17.6031551361084,0.008511013351380825,5.901432037353516,0.45589324831962585,0.00246429443359375,2.5290467739105225,0.007427630480378866,0.47931140661239624,0.2603147625923157,0.2603147625923157,1576.26904296875,80.68570709228516,1577.8443603515625,0.04877258050403206,0.051187776029109955,0.051187776029109955,0.0,0.2480323165655136,1.0495195388793945,0.051187776029109955,49.222347259521484,2.8988523483276367,0.0,0,0,2215,0.008449554443359375,12,2203,0.25,matched_multiscale_normalized_mse_v1,reference_norm_relative_v2,first_nonzero_active_used_gradient_norm_per_sample_v1
fullgeo_case01,142,CONTINUOUS_PROPERTY_TARGET,1,10,0.328125,0.3214394653031616,0.4028205488386443,0.0,3.950651168823242,0.25916391611099243,1.5,1.369789719581604,0.026949668303132057,3.0,14.773394584655762,0.008511013351380825,5.340941429138184,0.45475155115127563,0.00246429443359375,2.514991283416748,0.00675911596044898,0.5051895380020142,0.23363663256168365,0.23363663256168365,1576.1063232421875,119.30464172363281,1580.0159912109375,0.0803598663257904,0.07569582015275955,0.07569582015275955,0.0,0.2480323165655136,0.9419604539871216,0.07569580525159836,49.284210205078125,3.001105308532715,0.0,0,0,2556,0.0097503662109375,15,2541,0.25,matched_multiscale_normalized_mse_v1,reference_norm_relative_v2,first_nonzero_active_used_gradient_norm_per_sample_v1
fullgeo_case01,142,CONTINUOUS_PROPERTY_TARGET,1,11,0.359375,0.4422886902190013,0.3855110186860564,0.0,3.84721040725708,0.25916391611099243,1.5,1.4795026779174805,0.026949668303132057,3.0,10.973401069641113,0.008511013351380825,4.562136173248291,0.449611097574234,0.00246429443359375,2.4969053268432617,0.006044988054782152,0.534989058971405,0.19189810752868652,0.19189810752868652,1574.703369140625,134.71221923828125,1580.0477294921875,0.11057217255475033,0.08554768562316895,0.08554768562316895,0.0,0.2480323165655136,0.7736818790435791,0.08554767817258835,49.279075622558594,3.100153923034668,0.0,0,0,2933,0.011188507080078125,25,2908,0.25,matched_multiscale_normalized_mse_v1,reference_norm_relative_v2,first_nonzero_active_used_gradient_norm_per_sample_v1
fullgeo_case01,142,CONTINUOUS_PROPERTY_TARGET,1,12,0.390625,0.5555702330196022,0.367377970678444,0.0,3.551886796951294,0.25916391611099243,1.5,1.5097525119781494,0.026949668303132057,3.0,7.802037715911865,0.008511013351380825,3.789276599884033,0.43176305294036865,0.00246429443359375,2.4629275798797607,0.005318895447999239,0.5688996315002441,0.15582133829593658,0.15582133829593658,1573.098876953125,137.26303100585938,1578.9481201171875,0.13889255825490054,0.08725646883249283,0.08725646883249283,0.0,0.2480323165655136,0.6282299757003784,0.08725645393133163,49.23795700073242,3.2045915126800537,0.0,0,0,3520,0.013427734375,14,3506,0.25,matched_multiscale_normalized_mse_v1,reference_norm_relative_v2,first_nonzero_active_used_gradient_norm_per_sample_v1
fullgeo_case01,142,CONTINUOUS_PROPERTY_TARGET,1,13,0.421875,0.6593458151000688,0.3485960359806528,0.0,3.082221746444702,0.25916391611099243,1.5,1.3930649757385254,0.026949668303132057,3.0,5.660054683685303,0.008511013351380825,3.091041326522827,0.39813220500946045,0.00246429443359375,2.404632568359375,0.004594953265041113,0.6069469451904297,0.1331292986869812,0.1331292986869812,1572.2236328125,139.10183715820312,1578.4324951171875,0.1648364537750172,0.08847460150718689,0.08847460150718689,0.0,0.2480323165655136,0.5367417335510254,0.0884745866060257,49.212337493896484,3.346909761428833,0.0,0,0,4128,0.0157470703125,34,4094,0.25,matched_multiscale_normalized_mse_v1,reference_norm_relative_v2,first_nonzero_active_used_gradient_norm_per_sample_v1
fullgeo_case01,142,CONTINUOUS_PROPERTY_TARGET,1,14,0.453125,0.7518398074789773,0.32934609489107236,0.0,2.4553797245025635,0.25916391611099243,1.5,1.1007102727890015,0.026949668303132057,3.0,4.326958656311035,0.008511013351380825,2.4232945442199707,0.3476536273956299,0.00246429443359375,2.3211443424224854,0.0038885213434696198,0.6488853693008423,0.12262582033872604,0.12262582033872604,1572.0062255859375,146.08082580566406,1578.9658203125,0.18795995186974432,0.09292637556791306,0.09292637556791306,0.0,0.2480323165655136,0.49439454078674316,0.09292636811733246,49.21742630004883,3.5136141777038574,0.0,0,0,5004,0.0190887451171875,30,4974,0.25,matched_multiscale_normalized_mse_v1,reference_norm_relative_v2,first_nonzero_active_used_gradient_norm_per_sample_v1
fullgeo_case01,142,CONTINUOUS_PROPERTY_TARGET,1,15,0.484375,0.8314696123025452,0.3098135348654836,0.0,1.7014892101287842,0.25916391611099243,1.5,0.7087399959564209,0.026949668303132057,3.0,3.6142513751983643,0.008511013351380825,1.7862169742584229,0.27397778630256653,0.00246429443359375,2.187868595123291,0.0032154941000044346,0.6940759420394897,0.10527550429105759,0.10527550429105759,1572.542236328125,138.74191284179688,1578.9814453125,0.2078674030756363,0.08822779357433319,0.08822779357433319,0.0,0.2480323165655136,0.42444267868995667,0.088227778673172,49.20005416870117,3.7553436756134033,0.0,0,0,5631,0.021480560302734375,26,5605,0.25,matched_multiscale_normalized_mse_v1,reference_norm_relative_v2,first_nonzero_active_used_gradient_norm_per_sample_v1
fullgeo_case01,142,CONTINUOUS_PROPERTY_TARGET,1,16,0.515625,0.8968727415326884,0.2901864651345164,0.0,1.1100082397460938,0.25916391611099243,1.5,0.4235949218273163,0.026949668303132057,3.0,2.941406488418579,0.008511013351380825,1.2703639268875122,0.20223623514175415,0.00246429443359375,2.0414211750030518,0.002590901218354702,0.7413794994354248,0.08758023381233215,0.08758023381233215,1572.833740234375,124.5235366821289,1578.188720703125,0.2242181853831721,0.07917146384716034,0.07917146384716034,0.0,0.2480323165655136,0.35310009121894836,0.07917145639657974,49.15822982788086,3.9715025424957275,0.0,0,0,6871,0.026210784912109375,44,6827,0.25,matched_multiscale_normalized_mse_v1,reference_norm_relative_v2,first_nonzero_active_used_gradient_norm_per_sample_v1
fullgeo_case01,142,CONTINUOUS_PROPERTY_TARGET,1,17,0.546875,0.9469301294951056,0.2706539051089276,0.0,0.6963402032852173,0.25916391611099243,1.5,0.2841072380542755,0.026949668303132057,3.0,2.0494229793548584,0.008511013351380825,0.8432868719100952,0.1527809053659439,0.00246429443359375,1.9383262395858765,0.0020286496728658676,0.7891169190406799,0.07677147537469864,0.07677147537469864,1572.2379150390625,115.20405578613281,1576.8284912109375,0.2367325323737764,0.07327394187450409,0.07327394187450409,0.0,0.2480323165655136,0.3095220625400543,0.07327393442392349,49.09340286254883,4.236845970153809,0.0,0,0,8157,0.031116485595703125,44,8113,0.25,matched_multiscale_normalized_mse_v1,reference_norm_relative_v2,first_nonzero_active_used_gradient_norm_per_sample_v1
fullgeo_case01,142,CONTINUOUS_PROPERTY_TARGET,1,18,0.578125,0.9807852804032304,0.2514039640193472,0.0,0.3773391544818878,0.25916391611099243,1.5,0.12884019315242767,0.026949668303132057,3.0,1.597004771232605,0.008511013351380825,0.5467225909233093,0.10274873673915863,0.00246429443359375,1.7837387323379517,0.0015393391950055957,0.835170328617096,0.07343481481075287,0.07343481481075287,1572.8541259765625,114.18158721923828,1577.65185546875,0.2451963201008076,0.07259515672922134,0.07259515672922134,0.0,0.2480323165655136,0.29606953263282776,0.07259515672922134,49.091033935546875,4.551906108856201,0.0,0,0,9624,0.036712646484375,45,9579,0.25,matched_multiscale_normalized_mse_v1,reference_norm_relative_v2,first_nonzero_active_used_gradient_norm_per_sample_v1
fullgeo_case01,142,CONTINUOUS_PROPERTY_TARGET,1,19,0.609375,0.9978589232386035,0.232622029321556,0.0,0.32642295956611633,0.25916391611099243,1.5,0.3220474123954773,0.026949668303132057,3.0,0.7652498483657837,0.008511013351380825,0.4128756821155548,0.1147923395037651,0.00246429443359375,1.7620127201080322,0.0011293233837932348,0.8772691488265991,0.16214753687381744,0.16214753687381744,1572.4227294921875,256.4368896484375,1592.9058837890625,0.24946473080965087,0.16308395564556122,0.16308395564556122,0.0,0.2480323165655136,0.6537355184555054,0.16308394074440002,49.541019439697266,4.8546142578125,0.0,0,0,11501,0.043872833251953125,44,11457,0.25,matched_multiscale_normalized_mse_v1,reference_norm_relative_v2,first_nonzero_active_used_gradient_norm_per_sample_v1
fullgeo_case01,142,CONTINUOUS_PROPERTY_TARGET,1,20,0.640625,0.9978589232386035,0.21448898131394362,0.0,0.8105278015136719,0.25916391611099243,1.5,0.830919623374939,0.026949668303132057,3.0,2.8054685592651367,0.008511013351380825,1.2156336307525635,0.18230921030044556,0.00246429443359375,1.2273006439208984,0.0007993504987098277,0.9134263396263123,0.40300536155700684,0.40300536155700684,1573.16015625,393.2900390625,1622.2608642578125,0.24946473080965087,0.25,0.4053327739238739,1.0,0.2480323165655136,1.6248098611831665,0.25,50.425846099853516,5.223318099975586,0.0,0,0,13262,0.05059051513671875,58,13204,0.25,matched_multiscale_normalized_mse_v1,reference_norm_relative_v2,first_nonzero_active_used_gradient_norm_per_sample_v1
fullgeo_case01,142,CONTINUOUS_PROPERTY_TARGET,1,21,0.671875,0.9807852804032304,0.19717945116135566,0.0,1.0578399896621704,0.25916391611099243,1.5,0.338100403547287,0.026949668303132057,3.0,0.3399186134338379,0.008511013351380825,0.6983338594436646,0.2194264680147171,0.00246429443359375,1.3763738870620728,0.0005445570568554103,0.9423894286155701,0.3008638620376587,0.3008638620376587,1575.4344482421875,393.8586120605469,1622.5919189453125,0.2451963201008076,0.25,0.297423779964447,1.0,0.2480323165655136,1.2130026817321777,0.25,50.39237594604492,5.630844593048096,0.0,0,0,14544,0.05548095703125,64,14480,0.25,matched_multiscale_normalized_mse_v1,reference_norm_relative_v2,first_nonzero_active_used_gradient_norm_per_sample_v1
fullgeo_case01,142,CONTINUOUS_PROPERTY_TARGET,1,22,0.703125,0.9469301294951057,0.18086013910151333,0.0,0.7904489040374756,0.25916391611099243,1.5,0.15242309868335724,0.026949668303132057,3.0,0.498370885848999,0.008511013351380825,0.5406255722045898,0.19328248500823975,0.00246429443359375,1.005736231803894,0.00035467659472487867,0.9639109969139099,0.12822173535823822,0.12822173535823822,1576.7191162109375,192.959228515625,1589.4366455078125,0.23673253237377642,0.12238023430109024,0.12238023430109024,0.0,0.2480323165655136,0.5169557332992554,0.12238021939992905,49.294212341308594,6.097480297088623,0.0,0,0,14634,0.05582427978515625,73,14561,0.25,matched_multiscale_normalized_mse_v1,reference_norm_relative_v2,first_nonzero_active_used_gradient_norm_per_sample_v1
fullgeo_case01,142,CONTINUOUS_PROPERTY_TARGET,1,23,0.734375,0.8968727415326884,0.16568820903059628,0.0,1.1644582748413086,0.25916391611099243,1.5,0.5583525896072388,0.026949668303132057,3.0,0.4296756982803345,0.008511013351380825,0.8356700539588928,0.23218640685081482,0.00246429443359375,1.0023645162582397,0.00021613876742776483,0.9786992073059082,0.26422446966171265,0.26422446966171265,1578.9654541015625,377.1448974609375,1621.8775634765625,0.2242181853831721,0.23885570466518402,0.23885570466518402,0.0,0.2480323165655136,1.0652824640274048,0.23885570466518402,50.255332946777344,6.575428009033203,0.0,0,0,13332,0.0508575439453125,73,13259,0.25,matched_multiscale_normalized_mse_v1,reference_norm_relative_v2,first_nonzero_active_used_gradient_norm_per_sample_v1
fullgeo_case01,142,CONTINUOUS_PROPERTY_TARGET,1,24,0.765625,0.8314696123025455,0.1518097749290082,0.0,1.0979527235031128,0.25916391611099243,1.5,0.15722069144248962,0.026949668303132057,3.0,0.156978040933609,0.008511013351380825,0.6275382041931152,0.23097778856754303,0.00246429443359375,0.7004037499427795,0.00010831141844391823,0.9880927205085754,0.16838902235031128,0.16838902235031128,1582.2901611328125,223.2944793701172,1597.399658203125,0.20786740307563636,0.14112107455730438,0.14112107455730438,0.0,0.2480323165655136,0.6788995265960693,0.14112107455730438,49.403175354003906,7.155898571014404,0.0,0,0,10486,0.04000091552734375,53,10433,0.25,matched_multiscale_normalized_mse_v1,reference_norm_relative_v2,first_nonzero_active_used_gradient_norm_per_sample_v1
fullgeo_case01,142,CONTINUOUS_PROPERTY_TARGET,1,25,0.796875,0.7518398074789774,0.139358493703871,0.0,1.2214453220367432,0.25916391611099243,1.5,0.13333667814731598,0.026949668303132057,3.0,0.14522196352481842,0.008511013351380825,0.6797680854797363,0.2449338138103485,0.00246429443359375,0.5456804633140564,4.9735510401660576e-05,0.9936268329620361,0.15652883052825928,0.15652883052825928,1586.921142578125,188.23773193359375,1598.1134033203125,0.18795995186974435,0.11861822009086609,0.11861822009086609,0.0,0.2480323165655136,0.6310824155807495,0.1186182051897049,49.337276458740234,7.742141246795654,0.0,0,0,6360,0.024261474609375,41,6319,0.25,matched_multiscale_normalized_mse_v1,reference_norm_relative_v2,first_nonzero_active_used_gradient_norm_per_sample_v1
fullgeo_case01,142,CONTINUOUS_PROPERTY_TARGET,1,26,0.828125,0.659345815100069,0.12845427799994558,0.0,1.4797543287277222,0.25916391611099243,1.5,0.2521047294139862,0.026949668303132057,3.0,0.20022892951965332,0.008511013351380825,0.8555544018745422,0.2600845396518707,0.00246429443359375,0.4248533248901367,2.2415402781916782e-05,0.9966714382171631,0.2635841965675354,0.2635841965675354,1591.0771484375,278.7119445800781,1614.5491943359375,0.16483645377501724,0.1751718670129776,0.1751718670129776,0.0,0.2480323165655136,1.0627009868621826,0.1751718670129776,49.74630355834961,8.424840927124023,0.0,0,0,3171,0.012096405029296875,24,3147,0.25,matched_multiscale_normalized_mse_v1,reference_norm_relative_v2,first_nonzero_active_used_gradient_norm_per_sample_v1
fullgeo_case01,142,CONTINUOUS_PROPERTY_TARGET,1,27,0.859375,0.5555702330196022,0.11920214137531127,0.0,1.619708776473999,0.25916391611099243,1.5,0.12543874979019165,0.026949668303132057,3.0,0.07935541868209839,0.008511013351380825,0.8633571267127991,0.28109851479530334,0.00246429443359375,0.24252566695213318,9.611174391466193e-06,0.99825519323349,0.19652217626571655,0.19652217626571655,1593.874267578125,175.4027099609375,1602.7255859375,0.13889255825490054,0.11004803329706192,0.11004803329706192,0.0,0.2480323165655136,0.7923249006271362,0.11004801839590073,49.23979187011719,9.163382530212402,0.0,0,0,1462,0.00557708740234375,18,1444,0.25,matched_multiscale_normalized_mse_v1,reference_norm_relative_v2,first_nonzero_active_used_gradient_norm_per_sample_v1
fullgeo_case01,142,CONTINUOUS_PROPERTY_TARGET,1,28,0.890625,0.4422886902190013,0.11169118696339586,0.0,1.750033974647522,0.25916391611099243,1.5,0.21517197787761688,0.026949668303132057,3.0,0.13517461717128754,0.008511013351380825,0.9666035175323486,0.29346585273742676,0.00246429443359375,0.15373314917087555,5.130126282892888e-06,0.9990459084510803,0.13024424016475677,0.13024424016475677,1597.1650390625,92.73546600341797,1599.8280029296875,0.11057217255475033,0.05806254968047142,0.05806254968047142,0.0,0.2480323165655136,0.5251099467277527,0.05806254595518112,49.00788497924805,9.883780479431152,0.0,0,0,781,0.002979278564453125,8,773,0.25,matched_multiscale_normalized_mse_v1,reference_norm_relative_v2,first_nonzero_active_used_gradient_norm_per_sample_v1
fullgeo_case01,142,CONTINUOUS_PROPERTY_TARGET,1,29,0.921875,0.32143946530316175,0.10599374936109118,0.0,1.8310606479644775,0.25916391611099243,1.5,0.2962460517883301,0.026949668303132057,3.0,0.18260212242603302,0.008511013351380825,1.0409246683120728,0.30287712812423706,0.00246429443359375,0.09679044038057327,3.709723159772693e-06,0.9994298815727234,0.20687077939510345,0.20687077939510345,1604.085205078125,107.51213836669922,1607.395263671875,0.08035986632579044,0.06702396273612976,0.06702396273612976,0.0,0.2480323165655136,0.8340476751327515,0.06702395528554916,49.1159553527832,10.525517463684082,0.0,0,0,516,0.0019683837890625,9,507,0.25,matched_multiscale_normalized_mse_v1,reference_norm_relative_v2,first_nonzero_active_used_gradient_norm_per_sample_v1
fullgeo_case01,142,CONTINUOUS_PROPERTY_TARGET,1,30,0.953125,0.1950903220161286,0.10216469800704375,0.0,1.7867140769958496,0.25916391611099243,1.5,0.17217358946800232,0.026949668303132057,3.0,0.14498396217823029,0.008511013351380825,0.9740058779716492,0.29759058356285095,0.00246429443359375,0.07643567770719528,3.901464879163541e-06,0.999609649181366,0.16903847455978394,0.16903847455978394,1632.576904296875,54.26585388183594,1633.3538818359375,0.04877258050403215,0.03323939070105553,0.03323939070105553,0.0,0.2480323165655136,0.6815179586410522,0.03323938697576523,49.77878952026367,11.286699295043945,0.0,0,0,350,0.00133514404296875,4,346,0.25,matched_multiscale_normalized_mse_v1,reference_norm_relative_v2,first_nonzero_active_used_gradient_norm_per_sample_v1
fullgeo_case01,142,CONTINUOUS_PROPERTY_TARGET,1,31,0.984375,0.06540312923014312,0.10024090875896552,0.0,1.8955434560775757,0.25916391611099243,1.5,0.19350199401378632,0.026949668303132057,3.0,0.09637957811355591,0.008511013351380825,1.025098204612732,0.30819427967071533,0.00246429443359375,0.052643097937107086,4.959400484949583e-06,0.9996809959411621,0.24835838377475739,0.24835838377475739,1789.1761474609375,29.29288673400879,1789.3450927734375,0.01635078230753578,0.016372276470065117,0.016372276470065117,0.0,0.2480323165655136,1.001314640045166,0.016372276470065117,54.4564094543457,12.696996688842773,0.0,0,0,356,0.0013580322265625,4,352,0.25,matched_multiscale_normalized_mse_v1,reference_norm_relative_v2,first_nonzero_active_used_gradient_norm_per_sample_v1
fullgeo_case01,242,CONTINUOUS_PROPERTY_TARGET,2,0,0.015625,0.0,0.49975909124103446,0.0,4.032942295074463,0.25916391611099243,1.5,1.1013553142547607,0.026949668303132057,3.0,17.643383026123047,0.008511013351380825,5.87555456161499,0.45896750688552856,0.00246429443359375,2.575648307800293,0.010672674514353275,0.3786771595478058,0.0,0.0,1567.3448486328125,0.0,1567.3448486328125,0.0,0.0,0.0,0.0,0.0,0.0,0.0,48.8912353515625,2.939570426940918,1335.7947998046875,0,0,737,0.002811431884765625,5,732,0.25,matched_multiscale_normalized_mse_v1,reference_norm_relative_v2,first_nonzero_active_used_gradient_norm_per_sample_v1
fullgeo_case01,242,CONTINUOUS_PROPERTY_TARGET,2,1,0.046875,0.0,0.4978353019929562,0.0,4.032234191894531,0.25916391611099243,1.5,1.1020268201828003,0.026949668303132057,3.0,17.779830932617188,0.008511013351380825,5.90269136428833,0.45889028906822205,0.00246429443359375,2.57466721534729,0.010602819733321667,0.3806283175945282,0.0,0.0,1566.2117919921875,0.0,1566.2117919921875,0.0,0.0,0.0,0.0,0.0,0.0,0.0,48.85032653808594,3.028524160385132,0.0,0,0,816,0.00311279296875,4,812,0.25,matched_multiscale_normalized_mse_v1,reference_norm_relative_v2,first_nonzero_active_used_gradient_norm_per_sample_v1
fullgeo_case01,242,CONTINUOUS_PROPERTY_TARGET,2,2,0.078125,0.0,0.4940062506389088,0.0,4.031403541564941,0.25916391611099243,1.5,1.1033294200897217,0.026949668303132057,3.0,17.96222686767578,0.008511013351380825,5.939146041870117,0.45879921317100525,0.00246429443359375,2.5726711750030518,0.010453786700963974,0.3845687210559845,0.0,0.0,1566.7044677734375,0.0,1566.7044677734375,0.0,0.0,0.0,0.0,0.0,0.0,0.0,48.864402770996094,3.0502636432647705,0.0,0,0,900,0.0034332275390625,4,896,0.25,matched_multiscale_normalized_mse_v1,reference_norm_relative_v2,first_nonzero_active_used_gradient_norm_per_sample_v1
fullgeo_case01,242,CONTINUOUS_PROPERTY_TARGET,2,3,0.109375,0.0,0.4883088130366042,0.0,4.030381679534912,0.25916391611099243,1.5,1.105829119682312,0.026949668303132057,3.0,18.206132888793945,0.008511013351380825,5.988165855407715,0.4586857855319977,0.00246429443359375,2.569610595703125,0.010226738639175892,0.3905751705169678,0.0,0.0,1565.8779296875,0.0,1565.8779296875,0.0,0.0,0.0,0.0,0.0,0.0,0.0,48.837371826171875,3.068591356277466,0.0,0,0,990,0.00377655029296875,1,989,0.25,matched_multiscale_normalized_mse_v1,reference_norm_relative_v2,first_nonzero_active_used_gradient_norm_per_sample_v1
fullgeo_case01,242,CONTINUOUS_PROPERTY_TARGET,2,4,0.140625,0.0,0.48079785862468866,0.0,4.029082298278809,0.25916391611099243,1.5,1.1098837852478027,0.026949668303132057,3.0,18.528608322143555,0.008511013351380825,6.05322790145874,0.4585443139076233,0.00246429443359375,2.565410614013672,0.009924373589456081,0.3987639844417572,0.0,0.0,1566.84375,0.0,1566.84375,0.0,0.0,0.0,0.0,0.0,0.0,0.0,48.86703109741211,3.077860116958618,0.0,0,0,1149,0.004383087158203125,8,1141,0.25,matched_multiscale_normalized_mse_v1,reference_norm_relative_v2,first_nonzero_active_used_gradient_norm_per_sample_v1
fullgeo_case01,242,CONTINUOUS_PROPERTY_TARGET,2,5,0.171875,0.0,0.4715457220000544,0.0,4.027380466461182,0.25916391611099243,1.5,1.1163440942764282,0.026949668303132057,3.0,18.95052719116211,0.008511013351380825,6.138699054718018,0.45836490392684937,0.00246429443359375,2.559964656829834,0.0095506077632308,0.40929174423217773,0.0,0.0,1567.6990966796875,0.0,1567.6990966796875,0.0,0.0,0.0,0.0,0.0,0.0,0.0,48.895450592041016,3.051767349243164,0.0,0,0,1308,0.0049896240234375,4,1304,0.25,matched_multiscale_normalized_mse_v1,reference_norm_relative_v2,first_nonzero_active_used_gradient_norm_per_sample_v1
fullgeo_case01,242,CONTINUOUS_PROPERTY_TARGET,2,6,0.203125,0.0,0.460641506296129,0.0,4.025208950042725,0.25916391611099243,1.5,1.1265724897384644,0.026949668303132057,3.0,19.507144927978516,0.008511013351380825,6.252005100250244,0.4581405222415924,0.00246429443359375,2.5531370639801025,0.009109578095376492,0.4223563075065613,0.0,0.0,1567.9808349609375,0.0,1567.9808349609375,0.0,0.0,0.0,0.0,0.0,0.0,0.0,48.90577697753906,3.027566432952881,0.0,0,0,1437,0.005481719970703125,8,1429,0.25,matched_multiscale_normalized_mse_v1,reference_norm_relative_v2,first_nonzero_active_used_gradient_norm_per_sample_v1
fullgeo_case01,242,CONTINUOUS_PROPERTY_TARGET,2,7,0.234375,0.0,0.4481902250709918,0.0,4.022841930389404,0.25916391611099243,1.5,1.1421736478805542,0.026949668303132057,3.0,20.19776725769043,0.008511013351380825,6.393626689910889,0.4578847885131836,0.00246429443359375,2.544755220413208,0.008606577292084694,0.43819504976272583,0.0,0.0,1569.915283203125,0.0,1569.915283203125,0.0,0.0,0.0,0.0,0.0,0.0,0.0,48.97103500366211,2.9507548809051514,0.0,0,0,1652,0.0063018798828125,6,1646,0.25,matched_multiscale_normalized_mse_v1,reference_norm_relative_v2,first_nonzero_active_used_gradient_norm_per_sample_v1
fullgeo_case01,242,CONTINUOUS_PROPERTY_TARGET,2,8,0.265625,0.06540312923014306,0.43431179096940364,0.0,4.0200958251953125,0.25916391611099243,1.5,1.1651045083999634,0.026949668303132057,3.0,21.073638916015625,0.008511013351380825,6.574307441711426,0.45757877826690674,0.00246429443359375,2.534595489501953,0.00803884956985712,0.4570808708667755,0.2859713137149811,0.2859713137149811,1573.6182861328125,25.729887008666992,1573.5186767578125,0.016350782307535765,0.01635078154504299,0.01635078154504299,0.0,0.2859713137149811,1.0,0.016350779682397842,49.08749771118164,2.889328718185425,0.0,0,0,1812,0.0069122314453125,6,1806,0.25,matched_multiscale_normalized_mse_v1,reference_norm_relative_v2,first_nonzero_active_used_gradient_norm_per_sample_v1
fullgeo_case01,242,CONTINUOUS_PROPERTY_TARGET,2,9,0.296875,0.19509032201612825,0.4191398608984867,0.0,4.0137763023376465,0.25916391611099243,1.5,1.1960126161575317,0.026949668303132057,3.0,20.917421340942383,0.008511013351380825,6.549176216125488,0.4571366310119629,0.00246429443359375,2.522402286529541,0.007397106382995844,0.47931140661239624,0.3043011426925659,0.3043011426925659,1574.1434326171875,81.69606018066406,1575.247314453125,0.04877258050403206,0.051898740231990814,0.051898740231990814,0.0,0.2859713137149811,1.0640966892242432,0.051898740231990814,49.1409912109375,2.899890422821045,0.0,0,0,2095,0.007991790771484375,11,2084,0.25,matched_multiscale_normalized_mse_v1,reference_norm_relative_v2,first_nonzero_active_used_gradient_norm_per_sample_v1
fullgeo_case01,242,CONTINUOUS_PROPERTY_TARGET,2,10,0.328125,0.3214394653031616,0.4028205488386443,0.0,3.997009038925171,0.25916391611099243,1.5,1.2471493482589722,0.026949668303132057,3.0,18.171018600463867,0.008511013351380825,6.006853103637695,0.4563277065753937,0.00246429443359375,2.507805347442627,0.006717792246490717,0.5051895380020142,0.27665001153945923,0.27665001153945923,1573.8709716796875,122.35354614257812,1577.091796875,0.0803598663257904,0.07774052023887634,0.07774052023887634,0.0,0.2859713137149811,0.9674047827720642,0.07774052023887634,49.19237518310547,3.005796194076538,0.0,0,0,2465,0.009403228759765625,15,2450,0.25,matched_multiscale_normalized_mse_v1,reference_norm_relative_v2,first_nonzero_active_used_gradient_norm_per_sample_v1
fullgeo_case01,242,CONTINUOUS_PROPERTY_TARGET,2,11,0.359375,0.4422886902190013,0.3855110186860564,0.0,3.9420368671417236,0.25916391611099243,1.5,1.3487955331802368,0.026949668303132057,3.0,14.037881851196289,0.008511013351380825,5.183233261108398,0.453551322221756,0.00246429443359375,2.4899957180023193,0.006011888384819031,0.534989058971405,0.22734467685222626,0.22734467685222626,1572.50927734375,138.2296905517578,1577.0662841796875,0.11057217255475033,0.08790390193462372,0.08790390193462372,0.0,0.2859713137149811,0.7949911952018738,0.08790389448404312,49.185386657714844,3.1053977012634277,0.0,0,0,2836,0.0108184814453125,19,2817,0.25,matched_multiscale_normalized_mse_v1,reference_norm_relative_v2,first_nonzero_active_used_gradient_norm_per_sample_v1
fullgeo_case01,242,CONTINUOUS_PROPERTY_TARGET,2,12,0.390625,0.5555702330196022,0.367377970678444,0.0,3.7765398025512695,0.25916391611099243,1.5,1.435524582862854,0.026949668303132057,3.0,10.171575546264648,0.008511013351380825,4.35324239730835,0.4439820349216461,0.00246429443359375,2.465233325958252,0.005292592570185661,0.5688996315002441,0.1834331452846527,0.1834331452846527,1570.7449951171875,139.9393768310547,1575.9537353515625,0.13889255825490054,0.08909109979867935,0.08909109979867935,0.0,0.2859713137149811,0.6414389610290527,0.08909108489751816,49.14379119873047,3.210538625717163,0.0,0,0,3462,0.01320648193359375,19,3443,0.25,matched_multiscale_normalized_mse_v1,reference_norm_relative_v2,first_nonzero_active_used_gradient_norm_per_sample_v1
fullgeo_case01,242,CONTINUOUS_PROPERTY_TARGET,2,13,0.421875,0.6593458151000688,0.3485960359806528,0.0,3.430913209915161,0.25916391611099243,1.5,1.3755888938903809,0.026949668303132057,3.0,7.3441667556762695,0.008511013351380825,3.5969667434692383,0.4205603003501892,0.00246429443359375,2.422266960144043,0.004574754741042852,0.6069469451904297,0.1546485722064972,0.1546485722064972,1569.7952880859375,139.932861328125,1575.5389404296875,0.1648364537750172,0.08914083987474442,0.08914083987474442,0.0,0.2859713137149811,0.5407835245132446,0.08914083242416382,49.121490478515625,3.350022077560425,0.0,0,0,4119,0.015712738037109375,23,4096,0.25,matched_multiscale_normalized_mse_v1,reference_norm_relative_v2,first_nonzero_active_used_gradient_norm_per_sample_v1
fullgeo_case01,242,CONTINUOUS_PROPERTY_TARGET,2,14,0.453125,0.7518398074789773,0.32934609489107236,0.0,2.9026381969451904,0.25916391611099243,1.5,1.1579967737197876,0.026949668303132057,3.0,5.436060905456543,0.008511013351380825,2.8859305381774902,0.37913426756858826,0.00246429443359375,2.350973129272461,0.0038734639529138803,0.6488853693008423,0.1348171979188919,0.1348171979188919,1569.419921875,139.06800842285156,1575.4678955078125,0.18795995186974432,0.08861110359430313,0.08861110359430313,0.0,0.2859713137149811,0.471436083316803,0.08861108869314194,49.10786437988281,3.513200044631958,0.0,0,0,4713,0.017978668212890625,32,4681,0.25,matched_multiscale_normalized_mse_v1,reference_norm_relative_v2,first_nonzero_active_used_gradient_norm_per_sample_v1
fullgeo_case01,242,CONTINUOUS_PROPERTY_TARGET,2,15,0.484375,0.8314696123025452,0.3098135348654836,0.0,2.261151075363159,0.25916391611099243,1.5,0.812896192073822,0.026949668303132057,3.0,4.251424312591553,0.008511013351380825,2.224729299545288,0.3184138238430023,0.00246429443359375,2.24141001701355,0.003182291751727462,0.6940759420394897,0.11817795783281326,0.11817795783281326,1569.739501953125,134.8428497314453,1575.6041259765625,0.2078674030756363,0.08590143173933029,0.08590143173933029,0.0,0.2859713137149811,0.4132511019706726,0.0859014168381691,49.094303131103516,3.75416898727417,0.0,0,0,5814,0.02217864990234375,39,5775,0.25,matched_multiscale_normalized_mse_v1,reference_norm_relative_v2,first_nonzero_active_used_gradient_norm_per_sample_v1
fullgeo_case01,242,CONTINUOUS_PROPERTY_TARGET,2,16,0.515625,0.8968727415326884,0.2901864651345164,0.0,1.63248872756958,0.25916391611099243,1.5,0.5226852893829346,0.026949668303132057,3.0,3.3590378761291504,0.008511013351380825,1.6448575258255005,0.248798206448555,0.00246429443359375,2.1069698333740234,0.0025348507333546877,0.7413794994354248,0.1029043048620224,0.1029043048620224,1570.0694580078125,126.6778793334961,1575.38720703125,0.2242181853831721,0.08068297803401947,0.08068297803401947,0.0,0.2859713137149811,0.35984134674072266,0.08068297803401947,49.07070541381836,3.967681407928467,0.0,0,0,6841,0.026096343994140625,32,6809,0.25,matched_multiscale_normalized_mse_v1,reference_norm_relative_v2,first_nonzero_active_used_gradient_norm_per_sample_v1
fullgeo_case01,242,CONTINUOUS_PROPERTY_TARGET,2,17,0.546875,0.9469301294951056,0.2706539051089276,0.0,1.16914963722229,0.25916391611099243,1.5,0.395639032125473,0.026949668303132057,3.0,2.42627215385437,0.008511013351380825,1.188520908355713,0.19238683581352234,0.00246429443359375,1.978082299232483,0.0019592884927988052,0.7891169190406799,0.0879710242152214,0.0879710242152214,1569.4825439453125,114.29615020751953,1573.9310302734375,0.2367325323737764,0.07282409816980362,0.07282409816980362,0.0,0.2859713137149811,0.3076218366622925,0.07282409816980362,49.00263977050781,4.235487937927246,0.0,0,0,8197,0.031269073486328125,46,8151,0.25,matched_multiscale_normalized_mse_v1,reference_norm_relative_v2,first_nonzero_active_used_gradient_norm_per_sample_v1
fullgeo_case01,242,CONTINUOUS_PROPERTY_TARGET,2,18,0.578125,0.9807852804032304,0.2514039640193472,0.0,0.7664204835891724,0.25916391611099243,1.5,0.2605992257595062,0.026949668303132057,3.0,1.7982620000839233,0.008511013351380825,0.8210424184799194,0.14215561747550964,0.00246429443359375,1.851069688796997,0.0014664113987237215,0.835170328617096,0.08413742482662201,0.08413742482662201,1570.2977294921875,113.28245544433594,1574.753173828125,0.2451963201008076,0.07214075326919556,0.07214075326919556,0.0,0.2859713137149811,0.2942163050174713,0.07214075326919556,49.000244140625,4.549947261810303,0.0,0,0,9773,0.037281036376953125,51,9722,0.25,matched_multiscale_normalized_mse_v1,reference_norm_relative_v2,first_nonzero_active_used_gradient_norm_per_sample_v1
fullgeo_case01,242,CONTINUOUS_PROPERTY_TARGET,2,19,0.609375,0.9978589232386035,0.232622029321556,0.0,0.7306861877441406,0.25916391611099243,1.5,0.3560677468776703,0.026949668303132057,3.0,0.8774134516716003,0.008511013351380825,0.6476461291313171,0.14455202221870422,0.00246429443359375,1.7706753015518188,0.0010615203063935041,0.8772691488265991,0.12421917915344238,0.12421917915344238,1570.10791015625,170.13937377929688,1579.1881103515625,0.24946473080965087,0.10836158692836761,0.10836158692836761,0.0,0.2859713137149811,0.4343763589859009,0.10836157947778702,49.11042022705078,4.853080749511719,0.0,0,0,11093,0.042316436767578125,47,11046,0.25,matched_multiscale_normalized_mse_v1,reference_norm_relative_v2,first_nonzero_active_used_gradient_norm_per_sample_v1
fullgeo_case01,242,CONTINUOUS_PROPERTY_TARGET,2,20,0.640625,0.9978589232386035,0.21448898131394362,0.0,0.6790794134140015,0.25916391611099243,1.5,0.2673148512840271,0.026949668303132057,3.0,1.7244495153427124,0.008511013351380825,0.7646241188049316,0.1463136374950409,0.00246429443359375,1.4237672090530396,0.0007432513521052897,0.9134263396263123,0.23465496301651,0.23465496301651,1571.0880126953125,321.60064697265625,1604.5201416015625,0.24946473080965087,0.2046993374824524,0.2046993374824524,0.0,0.2859713137149811,0.8205541968345642,0.2046993225812912,49.86836242675781,5.224178314208984,0.0,0,0,12918,0.04927825927734375,76,12842,0.25,matched_multiscale_normalized_mse_v1,reference_norm_relative_v2,first_nonzero_active_used_gradient_norm_per_sample_v1
fullgeo_case01,242,CONTINUOUS_PROPERTY_TARGET,2,21,0.671875,0.9807852804032304,0.19717945116135566,0.0,1.5946532487869263,0.25916391611099243,1.5,1.54445481300354,0.026949668303132057,3.0,0.979310154914856,0.008511013351380825,1.4565250873565674,0.26681867241859436,0.00246429443359375,1.7133592367172241,0.0005033407942391932,0.9423894286155701,0.5723249316215515,0.5723249316215515,1573.640869140625,393.41021728515625,1620.2523193359375,0.2451963201008076,0.25,0.4907204210758209,1.0,0.2859713137149811,2.0013368129730225,0.25,50.318641662597656,5.632319927215576,0.0,0,0,14304,0.0545654296875,84,14220,0.25,matched_multiscale_normalized_mse_v1,reference_norm_relative_v2,first_nonzero_active_used_gradient_norm_per_sample_v1
fullgeo_case01,242,CONTINUOUS_PROPERTY_TARGET,2,22,0.703125,0.9469301294951057,0.18086013910151333,0.0,0.9618831276893616,0.25916391611099243,1.5,0.2089097499847412,0.026949668303132057,3.0,1.0705279111862183,0.008511013351380825,0.7577201128005981,0.2056334912776947,0.00246429443359375,1.0014996528625488,0.00032780985930003226,0.9639109969139099,0.1457834541797638,0.1457834541797638,1575.3818359375,190.12074279785156,1587.691162109375,0.23673253237377642,0.12068233639001846,0.12068233639001846,0.0,0.2859713137149811,0.5097835063934326,0.12068232148885727,49.23923110961914,6.097615718841553,0.0,0,0,14686,0.05602264404296875,75,14611,0.25,matched_multiscale_normalized_mse_v1,reference_norm_relative_v2,first_nonzero_active_used_gradient_norm_per_sample_v1
fullgeo_case01,242,CONTINUOUS_PROPERTY_TARGET,2,23,0.734375,0.8968727415326884,0.16568820903059628,0.0,1.5611820220947266,0.25916391611099243,1.5,0.5078383088111877,0.026949668303132057,3.0,0.4409235715866089,0.008511013351380825,1.0211272239685059,0.26918086409568787,0.00246429443359375,1.0745161771774292,0.00019952758157160133,0.9786992073059082,0.21469055116176605,0.21469055116176605,1577.745849609375,265.5818176269531,1599.1153564453125,0.2242181853831721,0.16832990944385529,0.16832990944385529,0.0,0.2859713137149811,0.7507415413856506,0.16832990944385529,49.53779602050781,6.575917720794678,0.0,0,0,13554,0.05170440673828125,67,13487,0.25,matched_multiscale_normalized_mse_v1,reference_norm_relative_v2,first_nonzero_active_used_gradient_norm_per_sample_v1
fullgeo_case01,242,CONTINUOUS_PROPERTY_TARGET,2,24,0.765625,0.8314696123025455,0.1518097749290082,0.0,1.230493187904358,0.25916391611099243,1.5,0.14549298584461212,0.026949668303132057,3.0,0.3115503787994385,0.008511013351380825,0.7212045788764954,0.2425256073474884,0.00246429443359375,0.7544658780097961,0.00010285602911608294,0.9880927205085754,0.15799668431282043,0.15799668431282043,1581.3389892578125,181.6087646484375,1591.6925048828125,0.20786740307563636,0.11484494060277939,0.11484494060277939,0.0,0.2859713137149811,0.5524913668632507,0.11484493315219879,49.222900390625,7.156282424926758,0.0,0,0,10587,0.040386199951171875,48,10539,0.25,matched_multiscale_normalized_mse_v1,reference_norm_relative_v2,first_nonzero_active_used_gradient_norm_per_sample_v1
fullgeo_case01,242,CONTINUOUS_PROPERTY_TARGET,2,25,0.796875,0.7518398074789774,0.139358493703871,0.0,1.3588687181472778,0.25916391611099243,1.5,0.20894712209701538,0.026949668303132057,3.0,0.12132120877504349,0.008511013351380825,0.7663826942443848,0.2615198791027069,0.00246429443359375,0.6402738094329834,4.577591607812792e-05,0.9936268329620361,0.1843639761209488,0.1843639761209488,1586.2694091796875,192.21878051757812,1597.2489013671875,0.18795995186974435,0.12117665261030197,0.12117665261030197,0.0,0.2859713137149811,0.6446939706802368,0.12117663025856018,49.31013488769531,7.740878582000732,0.0,0,0,6558,0.02501678466796875,33,6525,0.25,matched_multiscale_normalized_mse_v1,reference_norm_relative_v2,first_nonzero_active_used_gradient_norm_per_sample_v1
fullgeo_case01,242,CONTINUOUS_PROPERTY_TARGET,2,26,0.828125,0.659345815100069,0.12845427799994558,0.0,1.3127700090408325,0.25916391611099243,1.5,0.2287142425775528,0.026949668303132057,3.0,0.40644678473472595,0.008511013351380825,0.8062886595726013,0.2567768394947052,0.00246429443359375,0.3926844000816345,1.8458920749253593e-05,0.9966714382171631,0.16407454013824463,0.16407454013824463,1591.1981201171875,150.48605346679688,1597.92041015625,0.16483645377501724,0.09457404911518097,0.09457404911518097,0.0,0.2859713137149811,0.5737447738647461,0.09457404911518097,49.22039031982422,8.417747497558594,0.0,0,0,3665,0.013980865478515625,25,3640,0.25,matched_multiscale_normalized_mse_v1,reference_norm_relative_v2,first_nonzero_active_used_gradient_norm_per_sample_v1
fullgeo_case01,242,CONTINUOUS_PROPERTY_TARGET,2,27,0.859375,0.5555702330196022,0.11920214137531127,0.0,1.7388429641723633,0.25916391611099243,1.5,0.1936306655406952,0.026949668303132057,3.0,0.08793310075998306,0.008511013351380825,0.9450973272323608,0.29251667857170105,0.00246429443359375,0.3330664038658142,8.46229522721842e-06,0.99825519323349,0.15241901576519012,0.15241901576519012,1595.1209716796875,118.08351135253906,1599.3565673828125,0.13889255825490054,0.07402794063091278,0.07402794063091278,0.0,0.2859713137149811,0.5329870581626892,0.07402793318033218,49.13532638549805,9.14930248260498,0.0,0,0,1737,0.006626129150390625,15,1722,0.25,matched_multiscale_normalized_mse_v1,reference_norm_relative_v2,first_nonzero_active_used_gradient_norm_per_sample_v1
fullgeo_case01,242,CONTINUOUS_PROPERTY_TARGET,2,28,0.890625,0.4422886902190013,0.11169118696339586,0.0,1.5764673948287964,0.25916391611099243,1.5,0.22467337548732758,0.026949668303132057,3.0,0.12465531378984451,0.008511013351380825,0.8805667757987976,0.281263530254364,0.00246429443359375,0.2729998528957367,4.955275471729692e-06,0.9990459084510803,0.2739129364490509,0.2739129364490509,1599.5106201171875,169.4037628173828,1607.833984375,0.11057217255475033,0.10590974241495132,0.10590974241495132,0.0,0.2859713137149811,0.9578335881233215,0.10590974241495132,49.26647186279297,9.866891860961914,0.0,0,0,957,0.003650665283203125,17,940,0.25,matched_multiscale_normalized_mse_v1,reference_norm_relative_v2,first_nonzero_active_used_gradient_norm_per_sample_v1
fullgeo_case01,242,CONTINUOUS_PROPERTY_TARGET,2,29,0.921875,0.32143946530316175,0.10599374936109118,0.0,1.6330970525741577,0.25916391611099243,1.5,0.2912595868110657,0.026949668303132057,3.0,0.4389042854309082,0.008511013351380825,0.9917072057723999,0.29159849882125854,0.00246429443359375,0.16081976890563965,3.48717367160134e-06,0.9994298815727234,0.22238174080848694,0.22238174080848694,1608.206787109375,100.4980697631836,1611.1212158203125,0.08035986632579044,0.06249076873064041,0.06249076873064041,0.0,0.2859713137149811,0.7776365280151367,0.06249076500535011,49.24018096923828,10.501394271850586,0.0,0,0,628,0.0023956298828125,9,619,0.25,matched_multiscale_normalized_mse_v1,reference_norm_relative_v2,first_nonzero_active_used_gradient_norm_per_sample_v1
fullgeo_case01,242,CONTINUOUS_PROPERTY_TARGET,2,30,0.953125,0.1950903220161286,0.10216469800704375,0.0,1.480981469154358,0.25916391611099243,1.5,0.20509162545204163,0.026949668303132057,3.0,0.13784295320510864,0.008511013351380825,0.8295868039131165,0.275282084941864,0.00246429443359375,0.1260882019996643,2.664678959263256e-06,0.999609649181366,0.14997340738773346,0.14997340738773346,1639.715576171875,41.940731048583984,1640.1141357421875,0.04877258050403215,0.025578055530786514,0.025578055530786514,0.0,0.2859713137149811,0.5244351625442505,0.025578051805496216,50.00339889526367,11.251141548156738,0.0,0,0,564,0.0021514892578125,7,557,0.25,matched_multiscale_normalized_mse_v1,reference_norm_relative_v2,first_nonzero_active_used_gradient_norm_per_sample_v1
fullgeo_case01,242,CONTINUOUS_PROPERTY_TARGET,2,31,0.984375,0.06540312923014312,0.10024090875896552,0.0,1.48861825466156,0.25916391611099243,1.5,0.13893817365169525,0.026949668303132057,3.0,0.15600451827049255,0.008511013351380825,0.817191481590271,0.2762315571308136,0.00246429443359375,0.10572256147861481,2.046949248324381e-06,0.9996809959411621,0.2815581262111664,0.2815581262111664,1798.3946533203125,28.95136833190918,1798.549560546875,0.01635078230753578,0.016098450869321823,0.016098450869321823,0.0,0.2859713137149811,0.9845677018165588,0.016098450869321823,54.763038635253906,12.648128509521484,0.0,0,0,511,0.001949310302734375,10,501,0.25,matched_multiscale_normalized_mse_v1,reference_norm_relative_v2,first_nonzero_active_used_gradient_norm_per_sample_v1
fullgeo_case02,42,CONTINUOUS_PROPERTY_TARGET,0,0,0.015625,0.0,0.49975909124103446,0.0,3.9780750274658203,0.2788102626800537,1.5,2.7638580799102783,0.059300050139427185,3.0,1.7600412368774414,0.02611655928194523,3.17020320892334,0.4912733733654022,0.37378692626953125,2.578279733657837,0.010934829711914062,0.3786771595478058,0.0,0.0,1823.087890625,0.0,1823.087890625,0.0,0.0,0.0,0.0,0.0,0.0,0.0,56.959754943847656,1.156498908996582,938.0286254882812,0,0,820,0.0031280517578125,386,434,0.25,matched_multiscale_normalized_mse_v1,reference_norm_relative_v2,first_nonzero_active_used_gradient_norm_per_sample_v1
fullgeo_case02,42,CONTINUOUS_PROPERTY_TARGET,0,1,0.046875,0.0,0.4978353019929562,0.0,3.9771647453308105,0.2788102626800537,1.5,2.759967803955078,0.059300050139427185,3.0,1.7542104721069336,0.02611655928194523,3.167414665222168,0.4912189245223999,0.37378692626953125,2.5772955417633057,0.010877172462642193,0.3806283175945282,0.0,0.0,1822.13623046875,0.0,1822.13623046875,0.0,0.0,0.0,0.0,0.0,0.0,0.0,56.92893981933594,1.2080397605895996,0.0,0,0,893,0.003406524658203125,420,473,0.25,matched_multiscale_normalized_mse_v1,reference_norm_relative_v2,first_nonzero_active_used_gradient_norm_per_sample_v1
fullgeo_case02,42,CONTINUOUS_PROPERTY_TARGET,0,2,0.078125,0.0,0.4940062506389088,0.0,3.976097345352173,0.2788102626800537,1.5,2.755002737045288,0.059300050139427185,3.0,1.7467671632766724,0.02611655928194523,3.163902759552002,0.49115613102912903,0.37378692626953125,2.5753138065338135,0.010740375146269798,0.3845687210559845,0.0,0.0,1821.4217529296875,0.0,1821.4217529296875,0.0,0.0,0.0,0.0,0.0,0.0,0.0,56.90666961669922,1.2050772905349731,0.0,0,0,1049,0.004001617431640625,495,554,0.25,matched_multiscale_normalized_mse_v1,reference_norm_relative_v2,first_nonzero_active_used_gradient_norm_per_sample_v1
fullgeo_case02,42,CONTINUOUS_PROPERTY_TARGET,0,3,0.109375,0.0,0.4883088130366042,0.0,3.9747040271759033,0.2788102626800537,1.5,2.7483088970184326,0.059300050139427185,3.0,1.736730694770813,0.02611655928194523,3.1591908931732178,0.49107450246810913,0.37378692626953125,2.572284460067749,0.010527757927775383,0.3905751705169678,0.0,0.0,1819.464599609375,0.0,1819.464599609375,0.0,0.0,0.0,0.0,0.0,0.0,0.0,56.8453483581543,1.2119452953338623,0.0,0,0,1149,0.004383087158203125,529,620,0.25,matched_multiscale_normalized_mse_v1,reference_norm_relative_v2,first_nonzero_active_used_gradient_norm_per_sample_v1
fullgeo_case02,42,CONTINUOUS_PROPERTY_TARGET,0,4,0.140625,0.0,0.48079785862468866,0.0,3.972728729248047,0.2788102626800537,1.5,2.739009141921997,0.059300050139427185,3.0,1.7228590250015259,0.02611655928194523,3.1526389122009277,0.4909583330154419,0.37378692626953125,2.5681328773498535,0.010240460745990276,0.3987639844417572,0.0,0.0,1819.69287109375,0.0,1819.69287109375,0.0,0.0,0.0,0.0,0.0,0.0,0.0,56.852508544921875,1.2108699083328247,0.0,0,0,1292,0.0049285888671875,587,705,0.25,matched_multiscale_normalized_mse_v1,reference_norm_relative_v2,first_nonzero_active_used_gradient_norm_per_sample_v1
fullgeo_case02,42,CONTINUOUS_PROPERTY_TARGET,0,5,0.171875,0.0,0.4715457220000544,0.0,3.970184803009033,0.2788102626800537,1.5,2.7271838188171387,0.059300050139427185,3.0,1.7056900262832642,0.02611655928194523,3.14438533782959,0.4908066689968109,0.37378692626953125,2.5627546310424805,0.00985649973154068,0.40929174423217773,0.0,0.0,1820.0224609375,0.0,1820.0224609375,0.0,0.0,0.0,0.0,0.0,0.0,0.0,56.86286926269531,1.2081550359725952,0.0,0,0,1452,0.0055389404296875,708,744,0.25,matched_multiscale_normalized_mse_v1,reference_norm_relative_v2,first_nonzero_active_used_gradient_norm_per_sample_v1
fullgeo_case02,42,CONTINUOUS_PROPERTY_TARGET,0,6,0.203125,0.0,0.460641506296129,0.0,3.9668538570404053,0.2788102626800537,1.5,2.7120158672332764,0.059300050139427185,3.0,1.6841890811920166,0.02611655928194523,3.1338694095611572,0.49060529470443726,0.37378692626953125,2.5560121536254883,0.009394039399921894,0.4223563075065613,0.0,0.0,1819.8648681640625,0.0,1819.8648681640625,0.0,0.0,0.0,0.0,0.0,0.0,0.0,56.85800552368164,1.2049686908721924,0.0,0,0,1665,0.006351470947265625,802,863,0.25,matched_multiscale_normalized_mse_v1,reference_norm_relative_v2,first_nonzero_active_used_gradient_norm_per_sample_v1
fullgeo_case02,42,CONTINUOUS_PROPERTY_TARGET,0,7,0.234375,0.0,0.4481902250709918,0.0,3.9629454612731934,0.2788102626800537,1.5,2.6942625045776367,0.059300050139427185,3.0,1.6597766876220703,0.02611655928194523,3.121706962585449,0.4903653860092163,0.37378692626953125,2.547727346420288,0.00881737656891346,0.43819504976272583,0.0,0.0,1821.2857666015625,0.0,1821.2857666015625,0.0,0.0,0.0,0.0,0.0,0.0,0.0,56.902835845947266,1.1853208541870117,0.0,0,0,1946,0.00742340087890625,924,1022,0.25,matched_multiscale_normalized_mse_v1,reference_norm_relative_v2,first_nonzero_active_used_gradient_norm_per_sample_v1
fullgeo_case02,42,CONTINUOUS_PROPERTY_TARGET,0,8,0.265625,0.06540312923014306,0.43431179096940364,0.0,3.9584763050079346,0.2788102626800537,1.5,2.6737427711486816,0.059300050139427185,3.0,1.632134199142456,0.02611655928194523,3.107787847518921,0.4900866448879242,0.37378692626953125,2.537673234939575,0.00818592868745327,0.4570808708667755,0.011370643973350525,0.011370643973350525,1823.9482421875,29.822954177856445,1824.83203125,0.016350782307535765,0.01635078154504299,0.01635078154504299,0.0,0.011370643973350525,1.0,0.016350768506526947,57.01395797729492,1.1719011068344116,0.0,0,0,2240,0.008544921875,1072,1168,0.25,matched_multiscale_normalized_mse_v1,reference_norm_relative_v2,first_nonzero_active_used_gradient_norm_per_sample_v1
fullgeo_case02,42,CONTINUOUS_PROPERTY_TARGET,0,9,0.296875,0.19509032201612825,0.4191398608984867,0.0,3.9461312294006348,0.2788102626800537,1.5,2.6338987350463867,0.059300050139427185,3.0,1.5815386772155762,0.02611655928194523,3.079543113708496,0.4892995059490204,0.37378692626953125,2.5255603790283203,0.007508517242968082,0.47931140661239624,0.012393426150083542,0.012393426150083542,1823.7686767578125,96.95081329345703,1828.473876953125,0.04877258050403206,0.05315964296460152,0.05315964296460152,0.0,0.011370643973350525,1.089949369430542,0.053159598261117935,57.12831115722656,1.146044373512268,0.0,0,0,2773,0.010578155517578125,1349,1424,0.25,matched_multiscale_normalized_mse_v1,reference_norm_relative_v2,first_nonzero_active_used_gradient_norm_per_sample_v1
fullgeo_case02,42,CONTINUOUS_PROPERTY_TARGET,0,10,0.328125,0.3214394653031616,0.4028205488386443,0.0,3.9143011569976807,0.2788102626800537,1.5,2.5501902103424072,0.059300050139427185,3.0,1.4815692901611328,0.02611655928194523,3.018521308898926,0.4872339069843292,0.37378692626953125,2.5109524726867676,0.006795377936214209,0.5051895380020142,0.013691015541553497,0.013691015541553497,1822.500244140625,176.34254455566406,1835.3375244140625,0.0803598663257904,0.0967586562037468,0.0967586562037468,0.0,0.011370643973350525,1.2040668725967407,0.09675858169794083,57.34223556518555,1.1762359142303467,0.0,0,0,3432,0.013092041015625,1670,1762,0.25,matched_multiscale_normalized_mse_v1,reference_norm_relative_v2,first_nonzero_active_used_gradient_norm_per_sample_v1
fullgeo_case02,42,CONTINUOUS_PROPERTY_TARGET,0,11,0.359375,0.4422886902190013,0.3855110186860564,0.0,3.85156512260437,0.2788102626800537,1.5,2.3996095657348633,0.059300050139427185,3.0,1.3124651908874512,0.02611655928194523,2.908158540725708,0.4830552041530609,0.37378692626953125,2.4930419921875,0.006059972569346428,0.534989058971405,0.015273055993020535,0.015273055993020535,1819.8592529296875,270.2864074707031,1847.27099609375,0.11057217255475033,0.1485206037759781,0.1485206037759781,0.0,0.011370643973350525,1.3432005643844604,0.14852049946784973,57.71470642089844,1.2018331289291382,0.0,0,0,4177,0.015933990478515625,2134,2043,0.25,matched_multiscale_normalized_mse_v1,reference_norm_relative_v2,first_nonzero_active_used_gradient_norm_per_sample_v1
fullgeo_case02,42,CONTINUOUS_PROPERTY_TARGET,0,12,0.390625,0.5555702330196022,0.367377970678444,0.0,3.739576578140259,0.2788102626800537,1.5,2.151588201522827,0.059300050139427185,3.0,1.0598722696304321,0.02611655928194523,2.7272391319274902,0.4752673804759979,0.37378692626953125,2.470059633255005,0.005316328722983599,0.5688996315002441,0.016933970153331757,0.016933970153331757,1815.9349365234375,375.6235046386719,1866.34130859375,0.13889255825490054,0.20684866607189178,0.20684866607189178,0.0,0.011370643973350525,1.4892710447311401,0.20684854686260223,58.31000900268555,1.2386308908462524,0.0,0,0,5110,0.01949310302734375,2611,2499,0.25,matched_multiscale_normalized_mse_v1,reference_norm_relative_v2,first_nonzero_active_used_gradient_norm_per_sample_v1
fullgeo_case02,42,CONTINUOUS_PROPERTY_TARGET,0,13,0.421875,0.6593458151000688,0.3485960359806528,0.0,3.5521931648254395,0.2788102626800537,1.5,1.7753946781158447,0.059300050139427185,3.0,0.7405627965927124,0.02611655928194523,2.456827402114868,0.46138089895248413,0.37378692626953125,2.438068389892578,0.004580190405249596,0.6069469451904297,0.017974242568016052,0.017974242568016052,1813.791015625,453.447509765625,1886.1070556640625,0.1648364537750172,0.25,0.2605666220188141,1.0,0.011370643973350525,1.5807585716247559,0.24999986588954926,58.92695236206055,1.2797561883926392,0.0,0,0,5999,0.022884368896484375,3117,2882,0.25,matched_multiscale_normalized_mse_v1,reference_norm_relative_v2,first_nonzero_active_used_gradient_norm_per_sample_v1
fullgeo_case02,42,CONTINUOUS_PROPERTY_TARGET,0,14,0.453125,0.7518398074789773,0.32934609489107236,0.0,3.277026414871216,0.2788102626800537,1.5,1.2966183423995972,0.059300050139427185,3.0,0.4765892028808594,0.02611655928194523,2.122816562652588,0.4390655755996704,0.37378692626953125,2.390695333480835,0.0038676869589835405,0.6488853693008423,0.017356840893626213,0.017356840893626213,1810.8546142578125,452.71337890625,1883.2166748046875,0.18795995186974432,0.25,0.2869134843349457,1.0,0.011370643973350525,1.5264606475830078,0.24999985098838806,58.83513259887695,1.3457567691802979,0.0,0,0,6709,0.025592803955078125,3298,3411,0.25,matched_multiscale_normalized_mse_v1,reference_norm_relative_v2,first_nonzero_active_used_gradient_norm_per_sample_v1
fullgeo_case02,42,CONTINUOUS_PROPERTY_TARGET,0,15,0.484375,0.8314696123025452,0.3098135348654836,0.0,2.9405674934387207,0.2788102626800537,1.5,0.8365179896354675,0.059300050139427185,3.0,0.47319361567497253,0.02611655928194523,1.8158777952194214,0.40884846448898315,0.37378692626953125,2.323434591293335,0.0031948743853718042,0.6940759420394897,0.015382926911115646,0.015382926911115646,1809.3778076171875,452.3441467285156,1875.616943359375,0.2078674030756363,0.25,0.28121617436408997,1.0,0.011370643973350525,1.3528633117675781,0.24999983608722687,58.59453582763672,1.4722647666931152,0.0,0,0,7813,0.029804229736328125,3867,3946,0.25,matched_multiscale_normalized_mse_v1,reference_norm_relative_v2,first_nonzero_active_used_gradient_norm_per_sample_v1
fullgeo_case02,42,CONTINUOUS_PROPERTY_TARGET,0,16,0.515625,0.8968727415326884,0.2901864651345164,0.0,2.5493669509887695,0.2788102626800537,1.5,0.4867608845233917,0.059300050139427185,3.0,0.8165515065193176,0.02611655928194523,1.584022045135498,0.3701380789279938,0.37378692626953125,2.2318925857543945,0.0025771635118871927,0.7413794994354248,0.014500206336379051,0.014500206336379051,1808.155029296875,452.0384521484375,1855.8748779296875,0.2242181853831721,0.25,0.28593015670776367,1.0,0.011370643973350525,1.2752317190170288,0.24999983608722687,57.974365234375,1.5873922109603882,0.0,0,0,8960,0.0341796875,4403,4557,0.25,matched_multiscale_normalized_mse_v1,reference_norm_relative_v2,first_nonzero_active_used_gradient_norm_per_sample_v1
fullgeo_case02,42,CONTINUOUS_PROPERTY_TARGET,0,17,0.546875,0.9469301294951056,0.2706539051089276,0.0,2.159776210784912,0.2788102626800537,1.5,0.3083299696445465,0.059300050139427185,3.0,1.2380262613296509,0.02611655928194523,1.4199923276901245,0.328075647354126,0.37378692626953125,2.1223859786987305,0.0020264307968318462,0.7891169190406799,0.01647353172302246,0.01647353172302246,1806.56787109375,451.6417541503906,1835.7828369140625,0.2367325323737764,0.25,0.3429727256298065,1.0,0.011370643973350525,1.4487773180007935,0.24999988079071045,57.342071533203125,1.7317177057266235,0.0,0,0,10664,0.040679931640625,5258,5406,0.25,matched_multiscale_normalized_mse_v1,reference_norm_relative_v2,first_nonzero_active_used_gradient_norm_per_sample_v1
fullgeo_case02,42,CONTINUOUS_PROPERTY_TARGET,0,18,0.578125,0.9807852804032304,0.2514039640193472,0.0,1.8317124843597412,0.2788102626800537,1.5,0.24814271926879883,0.059300050139427185,3.0,1.4691975116729736,0.02611655928194523,1.284138560295105,0.28952717781066895,0.37378692626953125,2.006178855895996,0.0015035870019346476,0.835170328617096,0.01931856945157051,0.01931856945157051,1808.0745849609375,452.0184326171875,1827.777587890625,0.2451963201008076,0.25,0.41658520698547363,1.0,0.011370643973350525,1.6989864110946655,0.24999988079071045,57.086082458496094,1.9106639623641968,0.0,0,0,12486,0.04763031005859375,5969,6517,0.25,matched_multiscale_normalized_mse_v1,reference_norm_relative_v2,first_nonzero_active_used_gradient_norm_per_sample_v1
fullgeo_case02,42,CONTINUOUS_PROPERTY_TARGET,0,19,0.609375,0.9978589232386035,0.232622029321556,0.0,1.5555107593536377,0.2788102626800537,1.5,0.23664505779743195,0.059300050139427185,3.0,1.5245801210403442,0.02611655928194523,1.1536649465560913,0.25512516498565674,0.37378692626953125,1.882260799407959,0.001069389982149005,0.8772691488265991,0.022064555436372757,0.022064555436372757,1808.704833984375,452.1759948730469,1822.4200439453125,0.24946473080965087,0.25,0.4840824007987976,1.0,0.011370643973350525,1.9404842853546143,0.24999988079071045,56.912593841552734,2.081058979034424,0.0,0,0,14459,0.055156707763671875,6805,7654,0.25,matched_multiscale_normalized_mse_v1,reference_norm_relative_v2,first_nonzero_active_used_gradient_norm_per_sample_v1
fullgeo_case02,42,CONTINUOUS_PROPERTY_TARGET,0,20,0.640625,0.9978589232386035,0.21448898131394362,0.0,1.323867678642273,0.2788102626800537,1.5,0.23961177468299866,0.059300050139427185,3.0,1.4322839975357056,0.02611655928194523,1.0202741622924805,0.22551687061786652,0.37378692626953125,1.7494832277297974,0.0007274278323166072,0.9134263396263123,0.024118570610880852,0.024118570610880852,1810.34521484375,452.5861511230469,1819.51611328125,0.24946473080965087,0.25,0.5291461944580078,1.0,0.011370643973350525,2.121126174926758,0.24999991059303284,56.81351089477539,2.2957704067230225,0.0,0,0,16462,0.06279754638671875,7600,8862,0.25,matched_multiscale_normalized_mse_v1,reference_norm_relative_v2,first_nonzero_active_used_gradient_norm_per_sample_v1
fullgeo_case02,42,CONTINUOUS_PROPERTY_TARGET,0,21,0.671875,0.9807852804032304,0.19717945116135566,0.0,1.1272964477539062,0.2788102626800537,1.5,0.23925967514514923,0.059300050139427185,3.0,1.2250139713287354,0.02611655928194523,0.8804289102554321,0.20119436085224152,0.37378692626953125,1.6077910661697388,0.0004731883527711034,0.9423894286155701,0.025083545595407486,0.025083545595407486,1813.4710693359375,453.36761474609375,1819.6328125,0.2451963201008076,0.25,0.5409010648727417,1.0,0.011370643973350525,2.205991744995117,0.24999991059303284,56.80660629272461,2.5435738563537598,0.0,0,0,17727,0.06762313842773438,8348,9379,0.25,matched_multiscale_normalized_mse_v1,reference_norm_relative_v2,first_nonzero_active_used_gradient_norm_per_sample_v1
fullgeo_case02,42,CONTINUOUS_PROPERTY_TARGET,0,22,0.703125,0.9469301294951057,0.18086013910151333,0.0,0.9563783407211304,0.2788102626800537,1.5,0.22735576331615448,0.059300050139427185,3.0,0.9511645436286926,0.02611655928194523,0.7366288304328918,0.18043166399002075,0.37378692626953125,1.4546881914138794,0.0002952002687379718,0.9639109969139099,0.024585749953985214,0.024585749953985214,1815.3475341796875,453.83673095703125,1818.59326171875,0.23673253237377642,0.25,0.51186603307724,1.0,0.011370643973350525,2.162212610244751,0.24999991059303284,56.759578704833984,2.8490264415740967,0.0,0,0,18353,0.07001113891601562,8518,9835,0.25,matched_multiscale_normalized_mse_v1,reference_norm_relative_v2,first_nonzero_active_used_gradient_norm_per_sample_v1
fullgeo_case02,42,CONTINUOUS_PROPERTY_TARGET,0,23,0.734375,0.8968727415326884,0.16568820903059628,0.0,0.8093876838684082,0.2788102626800537,1.5,0.19978879392147064,0.059300050139427185,3.0,0.6657688617706299,0.02611655928194523,0.5977842807769775,0.16208942234516144,0.37378692626953125,1.2912310361862183,0.00017758732428774238,0.9786992073059082,0.02268936112523079,0.02268936112523079,1818.237060546875,454.55908203125,1819.7535400390625,0.2242181853831721,0.25,0.4474124312400818,1.0,0.011370643973350525,1.9954332113265991,0.24999989569187164,56.77922058105469,3.1638307571411133,0.0,0,0,17746,0.06769561767578125,8286,9460,0.25,matched_multiscale_normalized_mse_v1,reference_norm_relative_v2,first_nonzero_active_used_gradient_norm_per_sample_v1
fullgeo_case02,42,CONTINUOUS_PROPERTY_TARGET,0,24,0.765625,0.8314696123025455,0.1518097749290082,0.0,0.6804234981536865,0.2788102626800537,1.5,0.16375811398029327,0.059300050139427185,3.0,0.43215271830558777,0.02611655928194523,0.4757697284221649,0.14491625130176544,0.37378692626953125,1.119436264038086,0.00010256141831632704,0.9880927205085754,0.020607979968190193,0.020607979968190193,1822.8392333984375,455.7096252441406,1826.1724853515625,0.20786740307563636,0.25,0.3767356872558594,1.0,0.011370643973350525,1.8123846054077148,0.24999989569187164,56.95557403564453,3.578672170639038,0.0,0,0,14911,0.056880950927734375,7031,7880,0.25,matched_multiscale_normalized_mse_v1,reference_norm_relative_v2,first_nonzero_active_used_gradient_norm_per_sample_v1
fullgeo_case02,42,CONTINUOUS_PROPERTY_TARGET,0,25,0.796875,0.7518398074789774,0.139358493703871,0.0,0.6027029156684875,0.2788102626800537,1.5,0.15000584721565247,0.059300050139427185,3.0,0.28112924098968506,0.02611655928194523,0.40257903933525085,0.13423961400985718,0.37378692626953125,0.9413359761238098,4.8512119974475354e-05,0.9936268329620361,0.022862816229462624,0.022862816229462624,1830.1641845703125,457.54083251953125,1845.3360595703125,0.18795995186974435,0.25,0.37792879343032837,1.0,0.011370643973350525,2.010687828063965,0.24999988079071045,57.526634216308594,4.01754903793335,0.0,0,0,11850,0.04520416259765625,6188,5662,0.25,matched_multiscale_normalized_mse_v1,reference_norm_relative_v2,first_nonzero_active_used_gradient_norm_per_sample_v1
fullgeo_case02,42,CONTINUOUS_PROPERTY_TARGET,0,26,0.828125,0.659345815100069,0.12845427799994558,0.0,0.6862756013870239,0.2788102626800537,1.5,0.4049297571182251,0.059300050139427185,3.0,0.6555402874946594,0.02611655928194523,0.5957247614860535,0.15479759871959686,0.37378692626953125,0.7362077832221985,2.1447678591357544e-05,0.9966714382171631,0.06804057955741882,0.06804057955741882,1841.2159423828125,460.3039245605469,1871.12060546875,0.16483645377501724,0.25,0.9863616824150085,1.0,0.011370643973350525,5.983880996704102,0.2499999701976776,58.294761657714844,4.555925369262695,0.0,0,0,9251,0.035289764404296875,5228,4023,0.25,matched_multiscale_normalized_mse_v1,reference_norm_relative_v2,first_nonzero_active_used_gradient_norm_per_sample_v1
fullgeo_case02,42,CONTINUOUS_PROPERTY_TARGET,0,27,0.859375,0.5555702330196022,0.11920214137531127,0.0,0.7887979745864868,0.2788102626800537,1.5,0.701352596282959,0.059300050139427185,3.0,0.9988324046134949,0.02611655928194523,0.804571270942688,0.18009088933467865,0.37378692626953125,0.5318775177001953,8.349979907507077e-06,0.99825519323349,0.10231207311153412,0.10231207311153412,1859.1982421875,464.7995300292969,1882.0897216796875,0.13889255825490054,0.25,1.2497432231903076,1.0,0.011370643973350525,8.997913360595703,0.2499999850988388,58.58409881591797,5.209949970245361,0.0,0,0,6686,0.02550506591796875,3895,2791,0.25,matched_multiscale_normalized_mse_v1,reference_norm_relative_v2,first_nonzero_active_used_gradient_norm_per_sample_v1
fullgeo_case02,42,CONTINUOUS_PROPERTY_TARGET,0,28,0.890625,0.4422886902190013,0.11169118696339586,0.0,0.91495680809021,0.2788102626800537,1.5,0.46912825107574463,0.059300050139427185,3.0,0.8566036224365234,0.02611655928194523,0.769537627696991,0.2035236656665802,0.37378692626953125,0.40937283635139465,4.295746748539386e-06,0.9990459084510803,0.09277796745300293,0.09277796745300293,1884.346923828125,471.086669921875,1896.25,0.11057217255475033,0.25,0.9022058844566345,1.0,0.011370643973350525,8.159429550170898,0.2499999701976776,58.9588737487793,5.944725513458252,0.0,0,0,5039,0.019222259521484375,3199,1840,0.25,matched_multiscale_normalized_mse_v1,reference_norm_relative_v2,first_nonzero_active_used_gradient_norm_per_sample_v1
fullgeo_case02,42,CONTINUOUS_PROPERTY_TARGET,0,29,0.921875,0.32143946530316175,0.10599374936109118,0.0,1.058153510093689,0.2788102626800537,1.5,0.4692961573600769,0.059300050139427185,3.0,0.5610753893852234,0.02611655928194523,0.7820807099342346,0.22359687089920044,0.37378692626953125,0.30832475423812866,1.6367280295526143e-06,0.9994298815727234,0.08688902854919434,0.08688902854919434,1924.58447265625,481.1460876464844,1951.4674072265625,0.08035986632579044,0.25,0.6140717267990112,1.0,0.011370643973350525,7.641522407531738,0.2499999850988388,60.61499786376953,6.692677021026611,0.0,0,0,4743,0.018093109130859375,3245,1498,0.25,matched_multiscale_normalized_mse_v1,reference_norm_relative_v2,first_nonzero_active_used_gradient_norm_per_sample_v1
fullgeo_case02,42,CONTINUOUS_PROPERTY_TARGET,0,30,0.953125,0.1950903220161286,0.10216469800704375,0.0,1.2621656656265259,0.2788102626800537,1.5,0.6189663410186768,0.059300050139427185,3.0,0.8438917398452759,0.02611655928194523,0.985551118850708,0.250297874212265,0.37378692626953125,0.23018182814121246,1.3269269629745395e-06,0.999609649181366,0.12101424485445023,0.12101424485445023,2005.6451416015625,501.4112854003906,2021.3873291015625,0.04877258050403215,0.25,0.5190715193748474,1.0,0.011370643973350525,10.642690658569336,0.25,62.725162506103516,7.4696245193481445,0.0,0,0,3933,0.015003204345703125,2660,1273,0.25,matched_multiscale_normalized_mse_v1,reference_norm_relative_v2,first_nonzero_active_used_gradient_norm_per_sample_v1
fullgeo_case02,42,CONTINUOUS_PROPERTY_TARGET,0,31,0.984375,0.06540312923014312,0.10024090875896552,0.0,1.3700240850448608,0.2788102626800537,1.5,0.5235273838043213,0.059300050139427185,3.0,0.5687364935874939,0.02611655928194523,0.9558175802230835,0.2625267207622528,0.37378692626953125,0.1730739176273346,4.960692763233965e-07,0.9996809959411621,0.10080073028802872,0.10080073028802872,2190.13525390625,317.45928955078125,2182.503173828125,0.01635078230753578,0.14494964480400085,0.14494964480400085,0.0,0.011370643973350525,8.864997863769531,0.14494962990283966,67.6227035522461,8.879714012145996,0.0,0,0,3630,0.01384735107421875,2428,1202,0.25,matched_multiscale_normalized_mse_v1,reference_norm_relative_v2,first_nonzero_active_used_gradient_norm_per_sample_v1
fullgeo_case02,142,CONTINUOUS_PROPERTY_TARGET,1,0,0.015625,0.0,0.49975909124103446,0.0,3.989304542541504,0.2788102626800537,1.5,2.7775070667266846,0.059300050139427185,3.0,1.7838834524154663,0.02611655928194523,3.1846811771392822,0.49196678400039673,0.37378692626953125,2.577880620956421,0.010431102477014065,0.3786771595478058,0.0,0.0,1825.04541015625,0.0,1825.04541015625,0.0,0.0,0.0,0.0,0.0,0.0,0.0,57.02098846435547,1.1542056798934937,937.5982666015625,0,0,821,0.003131866455078125,400,421,0.25,matched_multiscale_normalized_mse_v1,reference_norm_relative_v2,first_nonzero_active_used_gradient_norm_per_sample_v1
fullgeo_case02,142,CONTINUOUS_PROPERTY_TARGET,1,1,0.046875,0.0,0.4978353019929562,0.0,3.98860239982605,0.2788102626800537,1.5,2.774444818496704,0.059300050139427185,3.0,1.779380440711975,0.02611655928194523,3.1825108528137207,0.49192437529563904,0.37378692626953125,2.5768930912017822,0.010329081676900387,0.3806283175945282,0.0,0.0,1824.2999267578125,0.0,1824.2999267578125,0.0,0.0,0.0,0.0,0.0,0.0,0.0,56.99658203125,1.2076420783996582,0.0,0,0,911,0.003475189208984375,414,497,0.25,matched_multiscale_normalized_mse_v1,reference_norm_relative_v2,first_nonzero_active_used_gradient_norm_per_sample_v1
fullgeo_case02,142,CONTINUOUS_PROPERTY_TARGET,1,2,0.078125,0.0,0.4940062506389088,0.0,3.9878501892089844,0.2788102626800537,1.5,2.7705841064453125,0.059300050139427185,3.0,1.7736974954605103,0.02611655928194523,3.179839849472046,0.49188002943992615,0.37378692626953125,2.574903726577759,0.010149023495614529,0.3845687210559845,0.0,0.0,1824.1068115234375,0.0,1824.1068115234375,0.0,0.0,0.0,0.0,0.0,0.0,0.0,56.990577697753906,1.206074595451355,0.0,0,0,1050,0.00400543212890625,485,565,0.25,matched_multiscale_normalized_mse_v1,reference_norm_relative_v2,first_nonzero_active_used_gradient_norm_per_sample_v1
fullgeo_case02,142,CONTINUOUS_PROPERTY_TARGET,1,3,0.109375,0.0,0.4883088130366042,0.0,3.9869771003723145,0.2788102626800537,1.5,2.765652656555176,0.059300050139427185,3.0,1.7663949728012085,0.02611655928194523,3.1764636039733887,0.4918290078639984,0.37378692626953125,2.5718610286712646,0.009893497452139854,0.3905751705169678,0.0,0.0,1823.105712890625,0.0,1823.105712890625,0.0,0.0,0.0,0.0,0.0,0.0,0.0,56.9591064453125,1.2144100666046143,0.0,0,0,1140,0.0043487548828125,505,635,0.25,matched_multiscale_normalized_mse_v1,reference_norm_relative_v2,first_nonzero_active_used_gradient_norm_per_sample_v1
fullgeo_case02,142,CONTINUOUS_PROPERTY_TARGET,1,4,0.140625,0.0,0.48079785862468866,0.0,3.9858200550079346,0.2788102626800537,1.5,2.7590787410736084,0.059300050139427185,3.0,1.756668210029602,0.02611655928194523,3.1719672679901123,0.4917617440223694,0.37378692626953125,2.5676913261413574,0.009568899869918823,0.3987639844417572,0.0,0.0,1823.8416748046875,0.0,1823.8416748046875,0.0,0.0,0.0,0.0,0.0,0.0,0.0,56.98206329345703,1.2165775299072266,0.0,0,0,1331,0.005077362060546875,630,701,0.25,matched_multiscale_normalized_mse_v1,reference_norm_relative_v2,first_nonzero_active_used_gradient_norm_per_sample_v1
fullgeo_case02,142,CONTINUOUS_PROPERTY_TARGET,1,5,0.171875,0.0,0.4715457220000544,0.0,3.9844472408294678,0.2788102626800537,1.5,2.7511632442474365,0.059300050139427185,3.0,1.7452967166900635,0.02611655928194523,3.1666319370269775,0.49168136715888977,0.37378692626953125,2.562288761138916,0.009178061038255692,0.40929174423217773,0.0,0.0,1824.215087890625,0.0,1824.215087890625,0.0,0.0,0.0,0.0,0.0,0.0,0.0,56.99375915527344,1.2154799699783325,0.0,0,0,1537,0.005863189697265625,700,837,0.25,matched_multiscale_normalized_mse_v1,reference_norm_relative_v2,first_nonzero_active_used_gradient_norm_per_sample_v1
fullgeo_case02,142,CONTINUOUS_PROPERTY_TARGET,1,6,0.203125,0.0,0.460641506296129,0.0,3.982717514038086,0.2788102626800537,1.5,2.741384267807007,0.059300050139427185,3.0,1.7317249774932861,0.02611655928194523,3.16011905670166,0.4915802776813507,0.37378692626953125,2.5555145740509033,0.008726263418793678,0.4223563075065613,0.0,0.0,1823.89208984375,0.0,1823.89208984375,0.0,0.0,0.0,0.0,0.0,0.0,0.0,56.98373031616211,1.2126045227050781,0.0,0,0,1723,0.006572723388671875,789,934,0.25,matched_multiscale_normalized_mse_v1,reference_norm_relative_v2,first_nonzero_active_used_gradient_norm_per_sample_v1
fullgeo_case02,142,CONTINUOUS_PROPERTY_TARGET,1,7,0.234375,0.0,0.4481902250709918,0.0,3.980820655822754,0.2788102626800537,1.5,2.73041033744812,0.059300050139427185,3.0,1.7170312404632568,0.02611655928194523,3.152939796447754,0.49146920442581177,0.37378692626953125,2.5471913814544678,0.008217018097639084,0.43819504976272583,0.0,0.0,1825.005126953125,0.0,1825.005126953125,0.0,0.0,0.0,0.0,0.0,0.0,0.0,57.0189323425293,1.1930639743804932,0.0,0,0,1948,0.0074310302734375,897,1051,0.25,matched_multiscale_normalized_mse_v1,reference_norm_relative_v2,first_nonzero_active_used_gradient_norm_per_sample_v1
fullgeo_case02,142,CONTINUOUS_PROPERTY_TARGET,1,8,0.265625,0.06540312923014306,0.43431179096940364,0.0,3.9787113666534424,0.2788102626800537,1.5,2.7180233001708984,0.059300050139427185,3.0,1.7009425163269043,0.02611655928194523,3.144951343536377,0.4913438856601715,0.37378692626953125,2.53709077835083,0.007656330708414316,0.4570808708667755,0.011220162734389305,0.011220162734389305,1827.2396240234375,29.87677001953125,1827.8768310546875,0.016350782307535765,0.01635078154504299,0.01635078154504299,0.0,0.011220162734389305,1.0,0.016350766643881798,57.10898208618164,1.1787618398666382,0.0,0,0,2306,0.00879669189453125,1114,1192,0.25,matched_multiscale_normalized_mse_v1,reference_norm_relative_v2,first_nonzero_active_used_gradient_norm_per_sample_v1
fullgeo_case02,142,CONTINUOUS_PROPERTY_TARGET,1,9,0.296875,0.19509032201612825,0.4191398608984867,0.0,3.9693779945373535,0.2788102626800537,1.5,2.6881134510040283,0.059300050139427185,3.0,1.663610816001892,0.02611655928194523,3.123845338821411,0.4907573163509369,0.37378692626953125,2.5249288082122803,0.007056097034364939,0.47931140661239624,0.012232477776706219,0.012232477776706219,1826.746337890625,97.13346862792969,1830.60791015625,0.04877258050403206,0.05317298322916031,0.05317298322916031,0.0,0.011220162734389305,1.0902228355407715,0.05317293852567673,57.19490432739258,1.1517959833145142,0.0,0,0,2783,0.010616302490234375,1306,1477,0.25,matched_multiscale_normalized_mse_v1,reference_norm_relative_v2,first_nonzero_active_used_gradient_norm_per_sample_v1
fullgeo_case02,142,CONTINUOUS_PROPERTY_TARGET,1,10,0.328125,0.3214394653031616,0.4028205488386443,0.0,3.9418153762817383,0.2788102626800537,1.5,2.6169400215148926,0.059300050139427185,3.0,1.5778679847717285,0.02611655928194523,3.071563482284546,0.4889833629131317,0.37378692626953125,2.51029896736145,0.006424053572118282,0.5051895380020142,0.013530520722270012,0.013530520722270012,1825.3009033203125,176.88406372070312,1836.5723876953125,0.0803598663257904,0.0969068706035614,0.0969068706035614,0.0,0.011220162734389305,1.2059112787246704,0.09690679609775543,57.38074493408203,1.1804921627044678,0.0,0,0,3457,0.013187408447265625,1712,1745,0.25,matched_multiscale_normalized_mse_v1,reference_norm_relative_v2,first_nonzero_active_used_gradient_norm_per_sample_v1
fullgeo_case02,142,CONTINUOUS_PROPERTY_TARGET,1,11,0.359375,0.4422886902190013,0.3855110186860564,0.0,3.885143756866455,0.2788102626800537,1.5,2.4819533824920654,0.059300050139427185,3.0,1.4218981266021729,0.02611655928194523,2.9715375900268555,0.48524200916290283,0.37378692626953125,2.492464780807495,0.005772458389401436,0.534989058971405,0.0151648735627532,0.0151648735627532,1822.520751953125,272.3690185546875,1847.73486328125,0.11057217255475033,0.14944639801979065,0.14944639801979065,0.0,0.011220162734389305,1.3515733480453491,0.14944632351398468,57.72909927368164,1.2069183588027954,0.0,0,0,4192,0.0159912109375,2116,2076,0.25,matched_multiscale_normalized_mse_v1,reference_norm_relative_v2,first_nonzero_active_used_gradient_norm_per_sample_v1
fullgeo_case02,142,CONTINUOUS_PROPERTY_TARGET,1,12,0.390625,0.5555702330196022,0.367377970678444,0.0,3.7812249660491943,0.2788102626800537,1.5,2.2510480880737305,0.059300050139427185,3.0,1.1741652488708496,0.02611655928194523,2.80076003074646,0.47809427976608276,0.37378692626953125,2.46980619430542,0.005113327410072088,0.5688996315002441,0.017018383368849754,0.017018383368849754,1818.4044189453125,383.07904052734375,1867.0477294921875,0.13889255825490054,0.21066778898239136,0.21066778898239136,0.0,0.011220162734389305,1.516767978668213,0.210667684674263,58.3320198059082,1.2418904304504395,0.0,0,0,5070,0.01934051513671875,2566,2504,0.25,matched_multiscale_normalized_mse_v1,reference_norm_relative_v2,first_nonzero_active_used_gradient_norm_per_sample_v1
fullgeo_case02,142,CONTINUOUS_PROPERTY_TARGET,1,13,0.421875,0.6593458151000688,0.3485960359806528,0.0,3.6033713817596436,0.2788102626800537,1.5,1.8860447406768799,0.059300050139427185,3.0,0.8333532214164734,0.02611655928194523,2.5341696739196777,0.4650230407714844,0.37378692626953125,2.4384703636169434,0.004461449105292559,0.6069469451904297,0.018329381942749023,0.018329381942749023,1816.1151123046875,454.0285339355469,1885.3135986328125,0.1648364537750172,0.25,0.2692786455154419,1.0,0.011220162734389305,1.6336110830307007,0.24999986588954926,58.90211868286133,1.2811726331710815,0.0,0,0,6055,0.023097991943359375,3099,2956,0.25,matched_multiscale_normalized_mse_v1,reference_norm_relative_v2,first_nonzero_active_used_gradient_norm_per_sample_v1
fullgeo_case02,142,CONTINUOUS_PROPERTY_TARGET,1,14,0.453125,0.7518398074789773,0.32934609489107236,0.0,3.343604326248169,0.2788102626800537,1.5,1.410850167274475,0.059300050139427185,3.0,0.5040594935417175,0.02611655928194523,2.195869207382202,0.44415298104286194,0.37378692626953125,2.392834186553955,0.0038293381221592426,0.6488853693008423,0.018211888149380684,0.018211888149380684,1813.1854248046875,453.2961120605469,1884.7333984375,0.18795995186974432,0.25,0.3050852119922638,1.0,0.011220162734389305,1.6231393814086914,0.24999986588954926,58.88254928588867,1.3455216884613037,0.0,0,0,7078,0.02700042724609375,3555,3523,0.25,matched_multiscale_normalized_mse_v1,reference_norm_relative_v2,first_nonzero_active_used_gradient_norm_per_sample_v1
fullgeo_case02,142,CONTINUOUS_PROPERTY_TARGET,1,15,0.484375,0.8314696123025452,0.3098135348654836,0.0,3.021986722946167,0.2788102626800537,1.5,0.9270356893539429,0.059300050139427185,3.0,0.3787837028503418,0.02611655928194523,1.8648608922958374,0.41557130217552185,0.37378692626953125,2.327906608581543,0.0032286683563143015,0.6940759420394897,0.016274917870759964,0.016274917870759964,1811.7393798828125,452.9346008300781,1882.1219482421875,0.2078674030756363,0.25,0.30151301622390747,1.0,0.011220162734389305,1.4505064487457275,0.24999986588954926,58.797916412353516,1.4707963466644287,0.0,0,0,8012,0.0305633544921875,3937,4075,0.25,matched_multiscale_normalized_mse_v1,reference_norm_relative_v2,first_nonzero_active_used_gradient_norm_per_sample_v1
fullgeo_case02,142,CONTINUOUS_PROPERTY_TARGET,1,16,0.515625,0.8968727415326884,0.2901864651345164,0.0,2.639571189880371,0.2788102626800537,1.5,0.5297237634658813,0.059300050139427185,3.0,0.6074097752571106,0.02611655928194523,1.600184679031372,0.37799257040023804,0.37378692626953125,2.237539529800415,0.0026289699599146843,0.7413794994354248,0.014098558574914932,0.014098558574914932,1810.600341796875,452.6497497558594,1868.8636474609375,0.2242181853831721,0.25,0.28173863887786865,1.0,0.011220162734389305,1.2565377950668335,0.24999982118606567,58.380462646484375,1.5855423212051392,0.0,0,0,9128,0.034820556640625,4486,4642,0.25,matched_multiscale_normalized_mse_v1,reference_norm_relative_v2,first_nonzero_active_used_gradient_norm_per_sample_v1
fullgeo_case02,142,CONTINUOUS_PROPERTY_TARGET,1,17,0.546875,0.9469301294951056,0.2706539051089276,0.0,2.2326266765594482,0.2788102626800537,1.5,0.3133741021156311,0.059300050139427185,3.0,1.0425678491592407,0.02611655928194523,1.4188392162322998,0.33423006534576416,0.37378692626953125,2.1235806941986084,0.0020611784420907497,0.7891169190406799,0.01520790159702301,0.01520790159702301,1808.804443359375,452.2008361816406,1847.6561279296875,0.2367325323737764,0.25,0.32086923718452454,1.0,0.011220162734389305,1.3554083108901978,0.24999985098838806,57.71330642700195,1.7307071685791016,0.0,0,0,10783,0.041133880615234375,5375,5408,0.25,matched_multiscale_normalized_mse_v1,reference_norm_relative_v2,first_nonzero_active_used_gradient_norm_per_sample_v1
fullgeo_case02,142,CONTINUOUS_PROPERTY_TARGET,1,18,0.578125,0.9807852804032304,0.2514039640193472,0.0,1.892429232597351,0.2788102626800537,1.5,0.24224361777305603,0.059300050139427185,3.0,1.25367271900177,0.02611655928194523,1.2696223258972168,0.29412367939949036,0.37378692626953125,2.003385066986084,0.0015667573316022754,0.835170328617096,0.017676841467618942,0.017676841467618942,1810.2137451171875,452.55322265625,1839.4893798828125,0.2451963201008076,0.25,0.3862953186035156,1.0,0.011220162734389305,1.5754531621932983,0.24999988079071045,57.45234298706055,1.9087611436843872,0.0,0,0,12730,0.04856109619140625,6140,6590,0.25,matched_multiscale_normalized_mse_v1,reference_norm_relative_v2,first_nonzero_active_used_gradient_norm_per_sample_v1
fullgeo_case02,142,CONTINUOUS_PROPERTY_TARGET,1,19,0.609375,0.9978589232386035,0.232622029321556,0.0,1.6123402118682861,0.2788102626800537,1.5,0.2223844975233078,0.059300050139427185,3.0,1.2525619268417358,0.02611655928194523,1.1233978271484375,0.25873106718063354,0.37378692626953125,1.8771522045135498,0.0011519677937030792,0.8772691488265991,0.019757499918341637,0.019757499918341637,1810.6348876953125,452.65850830078125,1835.0745849609375,0.24946473080965087,0.25,0.43928056955337524,1.0,0.011220162734389305,1.7608925104141235,0.24999988079071045,57.30839157104492,2.078679084777832,0.0,0,0,14541,0.055469512939453125,7100,7441,0.25,matched_multiscale_normalized_mse_v1,reference_norm_relative_v2,first_nonzero_active_used_gradient_norm_per_sample_v1
fullgeo_case02,142,CONTINUOUS_PROPERTY_TARGET,1,20,0.640625,0.9978589232386035,0.21448898131394362,0.0,1.365293025970459,0.2788102626800537,1.5,0.2157745659351349,0.059300050139427185,3.0,1.117290735244751,0.02611655928194523,0.9708370566368103,0.22732827067375183,0.37378692626953125,1.7416352033615112,0.0008122586878016591,0.9134263396263123,0.021037878468632698,0.021037878468632698,1812.0252685546875,453.0061340332031,1833.1739501953125,0.24946473080965087,0.25,0.4677480161190033,1.0,0.011220162734389305,1.8750065565109253,0.24999989569187164,57.24075698852539,2.293445348739624,0.0,0,0,17011,0.06489181518554688,7923,9088,0.25,matched_multiscale_normalized_mse_v1,reference_norm_relative_v2,first_nonzero_active_used_gradient_norm_per_sample_v1
fullgeo_case02,142,CONTINUOUS_PROPERTY_TARGET,1,21,0.671875,0.9807852804032304,0.19717945116135566,0.0,1.1418503522872925,0.2788102626800537,1.5,0.20998822152614594,0.059300050139427185,3.0,0.9018204212188721,0.02611655928194523,0.8142856955528259,0.1993677020072937,0.37378692626953125,1.5941460132598877,0.0005465256399475038,0.9423894286155701,0.021135402843356133,0.021135402843356133,1814.9036865234375,453.7257080078125,1833.2813720703125,0.2451963201008076,0.25,0.46187591552734375,1.0,0.011220162734389305,1.8836984634399414,0.24999988079071045,57.233604431152344,2.5423543453216553,0.0,0,0,18179,0.06934738159179688,8604,9575,0.25,matched_multiscale_normalized_mse_v1,reference_norm_relative_v2,first_nonzero_active_used_gradient_norm_per_sample_v1
fullgeo_case02,142,CONTINUOUS_PROPERTY_TARGET,1,22,0.703125,0.9469301294951057,0.18086013910151333,0.0,0.947039783000946,0.2788102626800537,1.5,0.19510777294635773,0.059300050139427185,3.0,0.6482412219047546,0.02611655928194523,0.6617004871368408,0.17464682459831238,0.37378692626953125,1.4350944757461548,0.0003497786819934845,0.9639109969139099,0.01995387300848961,0.01995387300848961,1816.3831787109375,454.0955810546875,1832.0350341796875,0.23673253237377642,0.25,0.4210037589073181,1.0,0.011220162734389305,1.7783942222595215,0.24999988079071045,57.18023681640625,2.8475584983825684,0.0,0,0,18435,0.07032394409179688,8472,9963,0.25,matched_multiscale_normalized_mse_v1,reference_norm_relative_v2,first_nonzero_active_used_gradient_norm_per_sample_v1
fullgeo_case02,142,CONTINUOUS_PROPERTY_TARGET,1,23,0.734375,0.8968727415326884,0.16568820903059628,0.0,0.792966902256012,0.2788102626800537,1.5,0.16735871136188507,0.059300050139427185,3.0,0.4120291471481323,0.02611655928194523,0.5290969014167786,0.15414930880069733,0.37378692626953125,1.2672961950302124,0.0002114163216901943,0.9786992073059082,0.017899861559271812,0.017899861559271812,1819.1451416015625,454.78607177734375,1832.016845703125,0.2242181853831721,0.25,0.35770201683044434,1.0,0.011220162734389305,1.595329999923706,0.24999988079071045,57.163002014160156,3.1644392013549805,0.0,0,0,17913,0.06833267211914062,8391,9522,0.25,matched_multiscale_normalized_mse_v1,reference_norm_relative_v2,first_nonzero_active_used_gradient_norm_per_sample_v1
fullgeo_case02,142,CONTINUOUS_PROPERTY_TARGET,1,24,0.765625,0.8314696123025455,0.1518097749290082,0.0,0.6713926196098328,0.2788102626800537,1.5,0.1413281410932541,0.059300050139427185,3.0,0.24104633927345276,0.02611655928194523,0.42630404233932495,0.1381574273109436,0.37378692626953125,1.0971037149429321,0.00011068963794969022,0.9880927205085754,0.017551349475979805,0.017551349475979805,1823.701904296875,455.9252624511719,1844.522216796875,0.20786740307563636,0.25,0.3251604735851288,1.0,0.011220162734389305,1.564268708229065,0.24999988079071045,57.530033111572266,3.5800671577453613,0.0,0,0,15284,0.0583038330078125,7371,7913,0.25,matched_multiscale_normalized_mse_v1,reference_norm_relative_v2,first_nonzero_active_used_gradient_norm_per_sample_v1
fullgeo_case02,142,CONTINUOUS_PROPERTY_TARGET,1,25,0.796875,0.7518398074789774,0.139358493703871,0.0,0.6329160928726196,0.2788102626800537,1.5,0.27229297161102295,0.059300050139427185,3.0,0.4097244143486023,0.02611655928194523,0.48009082674980164,0.14039543271064758,0.37378692626953125,0.892679750919342,5.1450795581331477e-05,0.9936268329620361,0.04559378698468208,0.04559378698468208,1831.4820556640625,457.8703918457031,1859.2015380859375,0.18795995186974435,0.25,0.763786256313324,1.0,0.011220162734389305,4.063558578491211,0.24999994039535522,57.96064376831055,4.022334575653076,0.0,0,0,12169,0.046421051025390625,6314,5855,0.25,matched_multiscale_normalized_mse_v1,reference_norm_relative_v2,first_nonzero_active_used_gradient_norm_per_sample_v1
fullgeo_case02,142,CONTINUOUS_PROPERTY_TARGET,1,26,0.828125,0.659345815100069,0.12845427799994558,0.0,0.7052298784255981,0.2788102626800537,1.5,0.4739227294921875,0.059300050139427185,3.0,0.5989028811454773,0.02611655928194523,0.6145723462104797,0.16129069030284882,0.37378692626953125,0.6906710267066956,2.13060702662915e-05,0.9966714382171631,0.06699692457914352,0.06699692457914352,1843.8643798828125,460.966064453125,1873.9456787109375,0.16483645377501724,0.25,0.9842580556869507,1.0,0.011220162734389305,5.971118927001953,0.2499999850988388,58.382789611816406,4.56263542175293,0.0,0,0,8727,0.033290863037109375,4905,3822,0.25,matched_multiscale_normalized_mse_v1,reference_norm_relative_v2,first_nonzero_active_used_gradient_norm_per_sample_v1
fullgeo_case02,142,CONTINUOUS_PROPERTY_TARGET,1,27,0.859375,0.5555702330196022,0.11920214137531127,0.0,0.828614354133606,0.2788102626800537,1.5,0.5582132935523987,0.059300050139427185,3.0,0.8414514660835266,0.02611655928194523,0.7500614523887634,0.18767178058624268,0.37378692626953125,0.5067394971847534,9.193440746457782e-06,0.99825519323349,0.09359930455684662,0.09359930455684662,1862.3712158203125,465.5927734375,1884.1756591796875,0.13889255825490054,0.25,1.158650517463684,1.0,0.011220162734389305,8.342062950134277,0.2499999850988388,58.6491813659668,5.2140092849731445,0.0,0,0,6187,0.023601531982421875,3659,2528,0.25,matched_multiscale_normalized_mse_v1,reference_norm_relative_v2,first_nonzero_active_used_gradient_norm_per_sample_v1
fullgeo_case02,142,CONTINUOUS_PROPERTY_TARGET,1,28,0.890625,0.4422886902190013,0.11169118696339586,0.0,0.9616784453392029,0.2788102626800537,1.5,0.5540048480033875,0.059300050139427185,3.0,0.6279166340827942,0.02611655928194523,0.7726240158081055,0.21063679456710815,0.37378692626953125,0.3748083710670471,5.143716862221481e-06,0.9990459084510803,0.0862109586596489,0.0862109586596489,1885.9569091796875,471.48919677734375,1911.0506591796875,0.11057217255475033,0.25,0.8495895862579346,1.0,0.011220162734389305,7.683574676513672,0.2499999850988388,59.42353439331055,5.946587085723877,0.0,0,0,4936,0.018829345703125,3129,1807,0.25,matched_multiscale_normalized_mse_v1,reference_norm_relative_v2,first_nonzero_active_used_gradient_norm_per_sample_v1
fullgeo_case02,142,CONTINUOUS_PROPERTY_TARGET,1,29,0.921875,0.32143946530316175,0.10599374936109118,0.0,1.1206104755401611,0.2788102626800537,1.5,0.5001344680786133,0.059300050139427185,3.0,0.6358178853988647,0.02611655928194523,0.8375091552734375,0.23191100358963013,0.37378692626953125,0.28447720408439636,2.9449990961438743e-06,0.9994298815727234,0.09448844939470291,0.09448844939470291,1923.747314453125,480.936767578125,1948.8333740234375,0.08035986632579044,0.25,0.6767352223396301,1.0,0.011220162734389305,8.421308517456055,0.2499999701976776,60.53206253051758,6.693792819976807,0.0,0,0,4290,0.01636505126953125,2941,1349,0.25,matched_multiscale_normalized_mse_v1,reference_norm_relative_v2,first_nonzero_active_used_gradient_norm_per_sample_v1
fullgeo_case02,142,CONTINUOUS_PROPERTY_TARGET,1,30,0.953125,0.1950903220161286,0.10216469800704375,0.0,1.2712676525115967,0.2788102626800537,1.5,0.5102357268333435,0.059300050139427185,3.0,0.575844407081604,0.02611655928194523,0.9038733839988708,0.2526736557483673,0.37378692626953125,0.21306997537612915,1.7677708683550009e-06,0.999609649181366,0.10278846323490143,0.10278846323490143,1997.5030517578125,499.375732421875,2019.646728515625,0.04877258050403215,0.25,0.44680801033973694,1.0,0.011220162734389305,9.161048889160156,0.2499999850988388,62.669578552246094,7.476363658905029,0.0,0,0,3779,0.014415740966796875,2639,1140,0.25,matched_multiscale_normalized_mse_v1,reference_norm_relative_v2,first_nonzero_active_used_gradient_norm_per_sample_v1
fullgeo_case02,142,CONTINUOUS_PROPERTY_TARGET,1,31,0.984375,0.06540312923014312,0.10024090875896552,0.0,1.364417552947998,0.2788102626800537,1.5,0.6239458918571472,0.059300050139427185,3.0,0.6826795339584351,0.02611655928194523,1.00592839717865,0.26244404911994934,0.37378692626953125,0.1674405038356781,6.603373776670196e-07,0.9996809959411621,0.11625054478645325,0.11625054478645325,2182.0224609375,369.65240478515625,2178.24658203125,0.01635078230753578,0.1694081723690033,0.1694081723690033,0.0,0.011220162734389305,10.360860824584961,0.1694081574678421,67.48944854736328,8.87287425994873,0.0,0,0,3135,0.011959075927734375,2206,929,0.25,matched_multiscale_normalized_mse_v1,reference_norm_relative_v2,first_nonzero_active_used_gradient_norm_per_sample_v1
fullgeo_case02,242,CONTINUOUS_PROPERTY_TARGET,2,0,0.015625,0.0,0.49975909124103446,0.0,3.9734675884246826,0.2788102626800537,1.5,2.757843017578125,0.059300050139427185,3.0,1.7485357522964478,0.02611655928194523,3.1637938022613525,0.4909941256046295,0.37378692626953125,2.578256368637085,0.010672674514353275,0.3786771595478058,0.0,0.0,1824.64404296875,0.0,1824.64404296875,0.0,0.0,0.0,0.0,0.0,0.0,0.0,57.008548736572266,1.1490453481674194,938.52001953125,0,0,829,0.003162384033203125,388,441,0.25,matched_multiscale_normalized_mse_v1,reference_norm_relative_v2,first_nonzero_active_used_gradient_norm_per_sample_v1
fullgeo_case02,242,CONTINUOUS_PROPERTY_TARGET,2,1,0.046875,0.0,0.4978353019929562,0.0,3.972505569458008,0.2788102626800537,1.5,2.7535698413848877,0.059300050139427185,3.0,1.7417981624603271,0.02611655928194523,3.1606833934783936,0.4909346401691437,0.37378692626953125,2.5772671699523926,0.01060380507260561,0.3806283175945282,0.0,0.0,1824.093994140625,0.0,1824.093994140625,0.0,0.0,0.0,0.0,0.0,0.0,0.0,56.99025344848633,1.2024593353271484,0.0,0,0,901,0.003437042236328125,422,479,0.25,matched_multiscale_normalized_mse_v1,reference_norm_relative_v2,first_nonzero_active_used_gradient_norm_per_sample_v1
fullgeo_case02,242,CONTINUOUS_PROPERTY_TARGET,2,2,0.078125,0.0,0.4940062506389088,0.0,3.971320390701294,0.2788102626800537,1.5,2.7479541301727295,0.059300050139427185,3.0,1.7329182624816895,0.02611655928194523,3.156630039215088,0.4908618628978729,0.37378692626953125,2.5752789974212646,0.010455423966050148,0.3845687210559845,0.0,0.0,1823.8380126953125,0.0,1823.8380126953125,0.0,0.0,0.0,0.0,0.0,0.0,0.0,56.982269287109375,1.2016688585281372,0.0,0,0,1057,0.004032135009765625,510,547,0.25,matched_multiscale_normalized_mse_v1,reference_norm_relative_v2,first_nonzero_active_used_gradient_norm_per_sample_v1
fullgeo_case02,242,CONTINUOUS_PROPERTY_TARGET,2,3,0.109375,0.0,0.4883088130366042,0.0,3.969738483428955,0.2788102626800537,1.5,2.7403478622436523,0.059300050139427185,3.0,1.7208970785140991,0.02611655928194523,3.151153087615967,0.4907641112804413,0.37378692626953125,2.5722410678863525,0.010229738429188728,0.3905751705169678,0.0,0.0,1822.3585205078125,0.0,1822.3585205078125,0.0,0.0,0.0,0.0,0.0,0.0,0.0,56.93586730957031,1.209183692932129,0.0,0,0,1217,0.004642486572265625,559,658,0.25,matched_multiscale_normalized_mse_v1,reference_norm_relative_v2,first_nonzero_active_used_gradient_norm_per_sample_v1
fullgeo_case02,242,CONTINUOUS_PROPERTY_TARGET,2,4,0.140625,0.0,0.48079785862468866,0.0,3.9675161838531494,0.2788102626800537,1.5,2.7298672199249268,0.059300050139427185,3.0,1.70443594455719,0.02611655928194523,3.1436052322387695,0.49062663316726685,0.37378692626953125,2.568079710006714,0.009928904473781586,0.3987639844417572,0.0,0.0,1822.5989990234375,0.0,1822.5989990234375,0.0,0.0,0.0,0.0,0.0,0.0,0.0,56.94342041015625,1.2073606252670288,0.0,0,0,1328,0.00506591796875,607,721,0.25,matched_multiscale_normalized_mse_v1,reference_norm_relative_v2,first_nonzero_active_used_gradient_norm_per_sample_v1
fullgeo_case02,242,CONTINUOUS_PROPERTY_TARGET,2,5,0.171875,0.0,0.4715457220000544,0.0,3.964689016342163,0.2788102626800537,1.5,2.716586112976074,0.059300050139427185,3.0,1.6837671995162964,0.02611655928194523,3.1340737342834473,0.4904508590698242,0.37378692626953125,2.5626888275146484,0.009557214565575123,0.40929174423217773,0.0,0.0,1822.845947265625,0.0,1822.845947265625,0.0,0.0,0.0,0.0,0.0,0.0,0.0,56.951202392578125,1.204362392425537,0.0,0,0,1562,0.00595855712890625,728,834,0.25,matched_multiscale_normalized_mse_v1,reference_norm_relative_v2,first_nonzero_active_used_gradient_norm_per_sample_v1
fullgeo_case02,242,CONTINUOUS_PROPERTY_TARGET,2,6,0.203125,0.0,0.460641506296129,0.0,3.9610276222229004,0.2788102626800537,1.5,2.6996610164642334,0.059300050139427185,3.0,1.6577630043029785,0.02611655928194523,3.121964693069458,0.49022307991981506,0.37378692626953125,2.555929660797119,0.009118491783738136,0.4223563075065613,0.0,0.0,1822.70068359375,0.0,1822.70068359375,0.0,0.0,0.0,0.0,0.0,0.0,0.0,56.94675827026367,1.199946641921997,0.0,0,0,1733,0.006610870361328125,803,930,0.25,matched_multiscale_normalized_mse_v1,reference_norm_relative_v2,first_nonzero_active_used_gradient_norm_per_sample_v1
fullgeo_case02,242,CONTINUOUS_PROPERTY_TARGET,2,7,0.234375,0.0,0.4481902250709918,0.0,3.9567513465881348,0.2788102626800537,1.5,2.679879903793335,0.059300050139427185,3.0,1.6278713941574097,0.02611655928194523,3.1079139709472656,0.4899543523788452,0.37378692626953125,2.547623872756958,0.008616711013019085,0.43819504976272583,0.0,0.0,1824.182861328125,0.0,1824.182861328125,0.0,0.0,0.0,0.0,0.0,0.0,0.0,56.99353790283203,1.178175687789917,0.0,0,0,1970,0.00751495361328125,907,1063,0.25,matched_multiscale_normalized_mse_v1,reference_norm_relative_v2,first_nonzero_active_used_gradient_norm_per_sample_v1
fullgeo_case02,242,CONTINUOUS_PROPERTY_TARGET,2,8,0.265625,0.06540312923014306,0.43431179096940364,0.0,3.9518513679504395,0.2788102626800537,1.5,2.657087802886963,0.059300050139427185,3.0,1.5940403938293457,0.02611655928194523,3.091860055923462,0.48964083194732666,0.37378692626953125,2.5375425815582275,0.008056950755417347,0.4570808708667755,0.011320612393319607,0.011320612393319607,1826.86181640625,29.870588302612305,1827.83154296875,0.016350782307535765,0.01635078154504299,0.01635078154504299,0.0,0.011320612393319607,1.0,0.01635076478123665,57.10788345336914,1.1636183261871338,0.0,0,0,2238,0.00853729248046875,1069,1169,0.25,matched_multiscale_normalized_mse_v1,reference_norm_relative_v2,first_nonzero_active_used_gradient_norm_per_sample_v1
fullgeo_case02,242,CONTINUOUS_PROPERTY_TARGET,2,9,0.296875,0.19509032201612825,0.4191398608984867,0.0,3.938946485519409,0.2788102626800537,1.5,2.614607572555542,0.059300050139427185,3.0,1.5368232727050781,0.02611655928194523,3.061220169067383,0.48880380392074585,0.37378692626953125,2.5253889560699463,0.007449308875948191,0.47931140661239624,0.012332011014223099,0.012332011014223099,1826.562744140625,97.045166015625,1831.56103515625,0.04877258050403206,0.05312998592853546,0.05312998592853546,0.0,0.011320612393319607,1.0893412828445435,0.05312993749976158,57.22499465942383,1.1367733478546143,0.0,0,0,2807,0.010707855224609375,1380,1427,0.25,matched_multiscale_normalized_mse_v1,reference_norm_relative_v2,first_nonzero_active_used_gradient_norm_per_sample_v1
fullgeo_case02,242,CONTINUOUS_PROPERTY_TARGET,2,10,0.328125,0.3214394653031616,0.4028205488386443,0.0,3.906352996826172,0.2788102626800537,1.5,2.527838945388794,0.059300050139427185,3.0,1.4300892353057861,0.02611655928194523,2.9975461959838867,0.4866611063480377,0.37378692626953125,2.510715961456299,0.006800948176532984,0.5051895380020142,0.013609379529953003,0.013609379529953003,1825.2525634765625,176.33163452148438,1838.6346435546875,0.0803598663257904,0.0966067835688591,0.0966067835688591,0.0,0.011320612393319607,1.2021769285202026,0.09660670161247253,57.44547653198242,1.1671704053878784,0.0,0,0,3374,0.01287078857421875,1654,1720,0.25,matched_multiscale_normalized_mse_v1,reference_norm_relative_v2,first_nonzero_active_used_gradient_norm_per_sample_v1
fullgeo_case02,242,CONTINUOUS_PROPERTY_TARGET,2,11,0.359375,0.4422886902190013,0.3855110186860564,0.0,3.842545986175537,0.2788102626800537,1.5,2.373849630355835,0.059300050139427185,3.0,1.2550767660140991,0.02611655928194523,2.8844432830810547,0.48236438632011414,0.37378692626953125,2.492694139480591,0.006121423561125994,0.534989058971405,0.015161555260419846,0.015161555260419846,1822.6402587890625,269.9108581542969,1850.8489990234375,0.11057217255475033,0.14808793365955353,0.14808793365955353,0.0,0.011320612393319607,1.339287519454956,0.14808784425258636,57.82671356201172,1.1935495138168335,0.0,0,0,4148,0.0158233642578125,2040,2108,0.25,matched_multiscale_normalized_mse_v1,reference_norm_relative_v2,first_nonzero_active_used_gradient_norm_per_sample_v1
fullgeo_case02,242,CONTINUOUS_PROPERTY_TARGET,2,12,0.390625,0.5555702330196022,0.367377970678444,0.0,3.7291159629821777,0.2788102626800537,1.5,2.1223552227020264,0.059300050139427185,3.0,0.9999009370803833,0.02611655928194523,2.701244831085205,0.47440046072006226,0.37378692626953125,2.469496488571167,0.005411147605627775,0.5688996315002441,0.01676686480641365,0.01676686480641365,1818.8304443359375,374.1561584472656,1869.9622802734375,0.13889255825490054,0.20571260154247284,0.20571260154247284,0.0,0.011320612393319607,1.4810916185379028,0.20571249723434448,58.42336654663086,1.2305681705474854,0.0,0,0,5096,0.019439697265625,2648,2448,0.25,matched_multiscale_normalized_mse_v1,reference_norm_relative_v2,first_nonzero_active_used_gradient_norm_per_sample_v1
fullgeo_case02,242,CONTINUOUS_PROPERTY_TARGET,2,13,0.421875,0.6593458151000688,0.3485960359806528,0.0,3.540938138961792,0.2788102626800537,1.5,1.7443312406539917,0.059300050139427185,3.0,0.6871688961982727,0.02611655928194523,2.4312021732330322,0.4602906107902527,0.37378692626953125,2.4371414184570312,0.004701758734881878,0.6069469451904297,0.017692221328616142,0.017692221328616142,1816.7247314453125,454.1808776855469,1890.1461181640625,0.1648364537750172,0.25,0.2576117515563965,1.0,0.011320612393319607,1.5628324747085571,0.24999983608722687,59.053367614746094,1.2720905542373657,0.0,0,0,6159,0.023494720458984375,3144,3015,0.25,matched_multiscale_normalized_mse_v1,reference_norm_relative_v2,first_nonzero_active_used_gradient_norm_per_sample_v1
fullgeo_case02,242,CONTINUOUS_PROPERTY_TARGET,2,14,0.453125,0.7518398074789773,0.32934609489107236,0.0,3.2637979984283447,0.2788102626800537,1.5,1.265505075454712,0.059300050139427185,3.0,0.44383519887924194,0.02611655928194523,2.1003174781799316,0.43772077560424805,0.37378692626953125,2.389474391937256,0.004007741808891296,0.6488853693008423,0.01704808697104454,0.01704808697104454,1813.8253173828125,453.4560546875,1886.75146484375,0.18795995186974432,0.25,0.2830551564693451,1.0,0.011320612393319607,1.5059332847595215,0.24999985098838806,58.945796966552734,1.3380413055419922,0.0,0,0,6903,0.026332855224609375,3438,3465,0.25,matched_multiscale_normalized_mse_v1,reference_norm_relative_v2,first_nonzero_active_used_gradient_norm_per_sample_v1
fullgeo_case02,242,CONTINUOUS_PROPERTY_TARGET,2,15,0.484375,0.8314696123025452,0.3098135348654836,0.0,2.92112135887146,0.2788102626800537,1.5,0.8082427978515625,0.059300050139427185,3.0,0.4769180119037628,0.02611655928194523,1.7984172105789185,0.4072655439376831,0.37378692626953125,2.3220319747924805,0.0033448084723204374,0.6940759420394897,0.0152561254799366,0.0152561254799366,1812.3079833984375,453.0766906738281,1877.860595703125,0.2078674030756363,0.25,0.2801307141780853,1.0,0.011320612393319607,1.3476413488388062,0.24999983608722687,58.664825439453125,1.466073989868164,0.0,0,0,7931,0.030254364013671875,3909,4022,0.25,matched_multiscale_normalized_mse_v1,reference_norm_relative_v2,first_nonzero_active_used_gradient_norm_per_sample_v1
fullgeo_case02,242,CONTINUOUS_PROPERTY_TARGET,2,16,0.515625,0.8968727415326884,0.2901864651345164,0.0,2.519639253616333,0.2788102626800537,1.5,0.46819189190864563,0.059300050139427185,3.0,0.8608644604682922,0.02611655928194523,1.572450041770935,0.36822813749313354,0.37378692626953125,2.2300727367401123,0.0027268147096037865,0.7413794994354248,0.014597306959331036,0.014597306959331036,1811.2093505859375,452.802001953125,1856.3079833984375,0.2242181853831721,0.25,0.2891170382499695,1.0,0.011320612393319607,1.2894450426101685,0.24999982118606567,57.9880485534668,1.5820519924163818,0.0,0,0,9093,0.034687042236328125,4467,4626,0.25,matched_multiscale_normalized_mse_v1,reference_norm_relative_v2,first_nonzero_active_used_gradient_norm_per_sample_v1
fullgeo_case02,242,CONTINUOUS_PROPERTY_TARGET,2,17,0.546875,0.9469301294951056,0.2706539051089276,0.0,2.1263861656188965,0.2788102626800537,1.5,0.3068879246711731,0.059300050139427185,3.0,1.3006700277328491,0.02611655928194523,1.4153934717178345,0.325898677110672,0.37378692626953125,2.1202142238616943,0.0021657466422766447,0.7891169190406799,0.016783131286501884,0.016783131286501884,1809.7232666015625,452.4305419921875,1835.701416015625,0.2367325323737764,0.25,0.35096272826194763,1.0,0.011320612393319607,1.482528567314148,0.24999985098838806,57.339691162109375,1.726188063621521,0.0,0,0,10691,0.040782928466796875,5232,5459,0.25,matched_multiscale_normalized_mse_v1,reference_norm_relative_v2,first_nonzero_active_used_gradient_norm_per_sample_v1
fullgeo_case02,242,CONTINUOUS_PROPERTY_TARGET,2,18,0.578125,0.9807852804032304,0.2514039640193472,0.0,1.8011234998703003,0.2788102626800537,1.5,0.25804442167282104,0.059300050139427185,3.0,1.5354174375534058,0.02611655928194523,1.2850584983825684,0.28736165165901184,0.37378692626953125,2.0044822692871094,0.0016716420650482178,0.835170328617096,0.019922394305467606,0.019922394305467606,1811.3873291015625,452.84661865234375,1827.8812255859375,0.2451963201008076,0.25,0.4315046966075897,1.0,0.011320612393319607,1.759833574295044,0.24999988079071045,57.089500427246094,1.90537428855896,0.0,0,0,12491,0.047649383544921875,6007,6484,0.25,matched_multiscale_normalized_mse_v1,reference_norm_relative_v2,first_nonzero_active_used_gradient_norm_per_sample_v1
fullgeo_case02,242,CONTINUOUS_PROPERTY_TARGET,2,19,0.609375,0.9978589232386035,0.232622029321556,0.0,1.5299955606460571,0.2788102626800537,1.5,0.2504411041736603,0.059300050139427185,3.0,1.6019458770751953,0.02611655928194523,1.1605192422866821,0.2529408037662506,0.37378692626953125,1.8804938793182373,0.0012493045069277287,0.8772691488265991,0.022905737161636353,0.022905737161636353,1812.10205078125,453.02532958984375,1822.3487548828125,0.24946473080965087,0.25,0.504758358001709,1.0,0.011320612393319607,2.0233654975891113,0.24999989569187164,56.910579681396484,2.0750744342803955,0.0,0,0,14507,0.055339813232421875,6868,7639,0.25,matched_multiscale_normalized_mse_v1,reference_norm_relative_v2,first_nonzero_active_used_gradient_norm_per_sample_v1
fullgeo_case02,242,CONTINUOUS_PROPERTY_TARGET,2,20,0.640625,0.9978589232386035,0.21448898131394362,0.0,1.302777647972107,0.2788102626800537,1.5,0.25507739186286926,0.059300050139427185,3.0,1.5265308618545532,0.02611655928194523,1.033218264579773,0.223736971616745,0.37378692626953125,1.7477120161056519,0.0008684563799761236,0.9134263396263123,0.02529124543070793,0.02529124543070793,1813.8431396484375,453.46063232421875,1819.250244140625,0.24946473080965087,0.25,0.5573261976242065,1.0,0.011320612393319607,2.234088182449341,0.24999991059303284,56.8054313659668,2.2899014949798584,0.0,0,0,16351,0.062374114990234375,7607,8744,0.25,matched_multiscale_normalized_mse_v1,reference_norm_relative_v2,first_nonzero_active_used_gradient_norm_per_sample_v1
fullgeo_case02,242,CONTINUOUS_PROPERTY_TARGET,2,21,0.671875,0.9807852804032304,0.19717945116135566,0.0,1.111525535583496,0.2788102626800537,1.5,0.2576262950897217,0.059300050139427185,3.0,1.3426061868667603,0.02611655928194523,0.9015719294548035,0.199875608086586,0.37378692626953125,1.6046541929244995,0.0005792125011794269,0.9423894286155701,0.026547741144895554,0.026547741144895554,1816.9267578125,454.2315368652344,1818.4039306640625,0.2451963201008076,0.25,0.5750049352645874,1.0,0.011320612393319607,2.3450798988342285,0.24999991059303284,56.76842498779297,2.537821054458618,0.0,0,0,18149,0.06923294067382812,8445,9704,0.25,matched_multiscale_normalized_mse_v1,reference_norm_relative_v2,first_nonzero_active_used_gradient_norm_per_sample_v1
fullgeo_case02,242,CONTINUOUS_PROPERTY_TARGET,2,22,0.703125,0.9469301294951057,0.18086013910151333,0.0,0.9539747834205627,0.2788102626800537,1.5,0.24626615643501282,0.059300050139427185,3.0,1.0672894716262817,0.02611655928194523,0.7643251419067383,0.1809554249048233,0.37378692626953125,1.4533149003982544,0.0003429511853028089,0.9639109969139099,0.026220843195915222,0.026220843195915222,1818.697509765625,454.6742248535156,1817.4454345703125,0.23673253237377642,0.25,0.5483207106590271,1.0,0.011320612393319607,2.3162035942077637,0.24999991059303284,56.724021911621094,2.8420047760009766,0.0,0,0,18599,0.07094955444335938,8585,10014,0.25,matched_multiscale_normalized_mse_v1,reference_norm_relative_v2,first_nonzero_active_used_gradient_norm_per_sample_v1
fullgeo_case02,242,CONTINUOUS_PROPERTY_TARGET,2,23,0.734375,0.8968727415326884,0.16568820903059628,0.0,0.8068479895591736,0.2788102626800537,1.5,0.22451424598693848,0.059300050139427185,3.0,0.7945176362991333,0.02611655928194523,0.6296818256378174,0.16318279504776,0.37378692626953125,1.2886052131652832,0.00019762682495638728,0.9786992073059082,0.024768486618995667,0.024768486618995667,1821.4154052734375,455.3536682128906,1817.5167236328125,0.2242181853831721,0.25,0.4905693531036377,1.0,0.011320612393319607,2.187910556793213,0.24999989569187164,56.70966339111328,3.1557016372680664,0.0,0,0,17402,0.06638336181640625,8176,9226,0.25,matched_multiscale_normalized_mse_v1,reference_norm_relative_v2,first_nonzero_active_used_gradient_norm_per_sample_v1
fullgeo_case02,242,CONTINUOUS_PROPERTY_TARGET,2,24,0.765625,0.8314696123025455,0.1518097749290082,0.0,0.6913377046585083,0.2788102626800537,1.5,0.18930605053901672,0.059300050139427185,3.0,0.5434660911560059,0.02611655928194523,0.5111538767814636,0.14854837954044342,0.37378692626953125,1.1169898509979248,0.00010795368143590167,0.9880927205085754,0.022121785208582878,0.022121785208582878,1825.770751953125,456.4424743652344,1822.9288330078125,0.20786740307563636,0.25,0.4061969220638275,1.0,0.011320612393319607,1.954115629196167,0.24999988079071045,56.854583740234375,3.569561243057251,0.0,0,0,14806,0.05648040771484375,7003,7803,0.25,matched_multiscale_normalized_mse_v1,reference_norm_relative_v2,first_nonzero_active_used_gradient_norm_per_sample_v1
fullgeo_case02,242,CONTINUOUS_PROPERTY_TARGET,2,25,0.796875,0.7518398074789774,0.139358493703871,0.0,0.5950289964675903,0.2788102626800537,1.5,0.16454501450061798,0.059300050139427185,3.0,0.3985211253166199,0.02611655928194523,0.4265822172164917,0.1348251849412918,0.37378692626953125,0.9366989135742188,4.835287472815253e-05,0.9936268329620361,0.024259233847260475,0.024259233847260475,1832.786376953125,458.1964416503906,1836.2095947265625,0.18795995186974435,0.25,0.4027842581272125,1.0,0.011320612393319607,2.142925977706909,0.24999991059303284,57.24144744873047,4.007330417633057,0.0,0,0,11271,0.042995452880859375,5736,5535,0.25,matched_multiscale_normalized_mse_v1,reference_norm_relative_v2,first_nonzero_active_used_gradient_norm_per_sample_v1
fullgeo_case02,242,CONTINUOUS_PROPERTY_TARGET,2,26,0.828125,0.659345815100069,0.12845427799994558,0.0,0.6596666574478149,0.2788102626800537,1.5,0.31689128279685974,0.059300050139427185,3.0,0.4725506901741028,0.02611655928194523,0.5194108486175537,0.15042617917060852,0.37378692626953125,0.7559212446212769,2.1404572180472314e-05,0.9966714382171631,0.05328315496444702,0.05328315496444702,1843.8282470703125,460.9569396972656,1879.9658203125,0.16483645377501724,0.25,0.775842010974884,1.0,0.011320612393319607,4.706737995147705,0.24999994039535522,58.57297897338867,4.543470859527588,0.0,0,0,8993,0.034305572509765625,5110,3883,0.25,matched_multiscale_normalized_mse_v1,reference_norm_relative_v2,first_nonzero_active_used_gradient_norm_per_sample_v1
fullgeo_case02,242,CONTINUOUS_PROPERTY_TARGET,2,27,0.859375,0.5555702330196022,0.11920214137531127,0.0,0.7874724268913269,0.2788102626800537,1.5,0.9215552806854248,0.059300050139427185,3.0,1.7789078950881958,0.02611655928194523,1.0259844064712524,0.18089500069618225,0.37378692626953125,0.5330711007118225,9.700914233690128e-06,0.99825519323349,0.14166641235351562,0.14166641235351562,1862.607177734375,465.6517333984375,1880.525634765625,0.13889255825490054,0.25,1.7381048202514648,1.0,0.011320612393319607,12.514023780822754,0.2499999701976776,58.53620529174805,5.196678161621094,0.0,0,0,6547,0.024974822998046875,3690,2857,0.25,matched_multiscale_normalized_mse_v1,reference_norm_relative_v2,first_nonzero_active_used_gradient_norm_per_sample_v1
fullgeo_case02,242,CONTINUOUS_PROPERTY_TARGET,2,28,0.890625,0.4422886902190013,0.11169118696339586,0.0,0.878943920135498,0.2788102626800537,1.5,0.6132371425628662,0.059300050139427185,3.0,1.1012927293777466,0.02611655928194523,0.8437016606330872,0.19992634654045105,0.37378692626953125,0.4080069363117218,5.312839221005561e-06,0.9990459084510803,0.10501253604888916,0.10501253604888916,1886.9521484375,471.7380065917969,1895.3226318359375,0.11057217255475033,0.25,1.0256922245025635,1.0,0.011320612393319607,9.276224136352539,0.2499999850988388,58.93103790283203,5.931855201721191,0.0,0,0,4934,0.01882171630859375,3111,1823,0.25,matched_multiscale_normalized_mse_v1,reference_norm_relative_v2,first_nonzero_active_used_gradient_norm_per_sample_v1
fullgeo_case02,242,CONTINUOUS_PROPERTY_TARGET,2,29,0.921875,0.32143946530316175,0.10599374936109118,0.0,1.0894662141799927,0.2788102626800537,1.5,0.5204837322235107,0.059300050139427185,3.0,0.8138224482536316,0.02611655928194523,0.8636427521705627,0.22658932209014893,0.37378692626953125,0.3170606195926666,3.456316107985913e-06,0.9994298815727234,0.09882812947034836,0.09882812947034836,1924.794677734375,481.1986389160156,1945.988525390625,0.08035986632579044,0.25,0.7015358805656433,1.0,0.011320612393319607,8.729928016662598,0.2499999850988388,60.443782806396484,6.683236122131348,0.0,0,0,4624,0.01763916015625,3169,1455,0.25,matched_multiscale_normalized_mse_v1,reference_norm_relative_v2,first_nonzero_active_used_gradient_norm_per_sample_v1
fullgeo_case02,242,CONTINUOUS_PROPERTY_TARGET,2,30,0.953125,0.1950903220161286,0.10216469800704375,0.0,1.2286685705184937,0.2788102626800537,1.5,0.64679354429245,0.059300050139427185,3.0,1.0075052976608276,0.02611655928194523,1.009873390197754,0.24568051099777222,0.37378692626953125,0.23091816902160645,2.3671020699111978e-06,0.999609649181366,0.11535368114709854,0.11535368114709854,2002.3778076171875,500.5944519042969,2019.7318115234375,0.04877258050403215,0.25,0.49697810411453247,1.0,0.011320612393319607,10.189702987670898,0.25,62.67327117919922,7.46784782409668,0.0,0,0,4269,0.016284942626953125,3016,1253,0.25,matched_multiscale_normalized_mse_v1,reference_norm_relative_v2,first_nonzero_active_used_gradient_norm_per_sample_v1
fullgeo_case02,242,CONTINUOUS_PROPERTY_TARGET,2,31,0.984375,0.06540312923014312,0.10024090875896552,0.0,1.4325170516967773,0.2788102626800537,1.5,0.6036589741706848,0.059300050139427185,3.0,0.8529757857322693,0.02611655928194523,1.0679513216018677,0.2699877619743347,0.37378692626953125,0.18345268070697784,7.129318646548199e-07,0.9996809959411621,0.12160054594278336,0.12160054594278336,2185.3994140625,383.8265075683594,2174.634521484375,0.01635078230753578,0.17563219368457794,0.17563219368457794,0.0,0.011320612393319607,10.741517066955566,0.17563219368457794,67.37582397460938,8.871045112609863,0.0,0,0,3750,0.01430511474609375,2474,1276,0.25,matched_multiscale_normalized_mse_v1,reference_norm_relative_v2,first_nonzero_active_used_gradient_norm_per_sample_v1
fullgeo_case03,42,CONTINUOUS_PROPERTY_TARGET,0,0,0.015625,0.0,0.49975909124103446,0.0,3.9233052730560303,0.26627838611602783,1.5,1.2098411321640015,0.025028714910149574,3.0,6.754291534423828,0.011778018437325954,3.6754631996154785,0.4645327031612396,0.038059234619140625,2.5785763263702393,0.010934829711914062,0.3786771595478058,0.0,0.0,1555.5113525390625,0.0,1555.5113525390625,0.0,0.0,0.0,0.0,0.0,0.0,0.0,48.518287658691406,2.9801323413848877,1338.1661376953125,0,0,683,0.002605438232421875,49,634,0.25,matched_multiscale_normalized_mse_v1,reference_norm_relative_v2,first_nonzero_active_used_gradient_norm_per_sample_v1
fullgeo_case03,42,CONTINUOUS_PROPERTY_TARGET,0,1,0.046875,0.0,0.4978353019929562,0.0,3.923894166946411,0.26627838611602783,1.5,1.2103359699249268,0.025028714910149574,3.0,6.731889247894287,0.011778018437325954,3.6714258193969727,0.4645708501338959,0.038059234619140625,2.5776052474975586,0.010877415537834167,0.3806283175945282,0.0,0.0,1555.7529296875,0.0,1555.7529296875,0.0,0.0,0.0,0.0,0.0,0.0,0.0,48.521785736083984,3.045666217803955,0.0,0,0,775,0.002956390380859375,57,718,0.25,matched_multiscale_normalized_mse_v1,reference_norm_relative_v2,first_nonzero_active_used_gradient_norm_per_sample_v1
fullgeo_case03,42,CONTINUOUS_PROPERTY_TARGET,0,2,0.078125,0.0,0.4940062506389088,0.0,3.924628734588623,0.26627838611602783,1.5,1.2107371091842651,0.025028714910149574,3.0,6.708144187927246,0.011778018437325954,3.6671643257141113,0.46462103724479675,0.038059234619140625,2.575641632080078,0.010745381936430931,0.3845687210559845,0.0,0.0,1556.737548828125,0.0,1556.737548828125,0.0,0.0,0.0,0.0,0.0,0.0,0.0,48.55189514160156,3.0571234226226807,0.0,0,0,856,0.003265380859375,52,804,0.25,matched_multiscale_normalized_mse_v1,reference_norm_relative_v2,first_nonzero_active_used_gradient_norm_per_sample_v1
fullgeo_case03,42,CONTINUOUS_PROPERTY_TARGET,0,3,0.109375,0.0,0.4883088130366042,0.0,3.9255125522613525,0.26627838611602783,1.5,1.2110340595245361,0.025028714910149574,3.0,6.682830810546875,0.011778018437325954,3.662632703781128,0.4646834433078766,0.038059234619140625,2.5726351737976074,0.010540587827563286,0.3905751705169678,0.0,0.0,1557.8963623046875,0.0,1557.8963623046875,0.0,0.0,0.0,0.0,0.0,0.0,0.0,48.58772659301758,3.064316749572754,0.0,0,0,974,0.00371551513671875,66,908,0.25,matched_multiscale_normalized_mse_v1,reference_norm_relative_v2,first_nonzero_active_used_gradient_norm_per_sample_v1
fullgeo_case03,42,CONTINUOUS_PROPERTY_TARGET,0,4,0.140625,0.0,0.48079785862468866,0.0,3.926532030105591,0.26627838611602783,1.5,1.2112400531768799,0.025028714910149574,3.0,6.657166004180908,0.011778018437325954,3.6580710411071777,0.4647568464279175,0.038059234619140625,2.568512201309204,0.010263986885547638,0.3987639844417572,0.0,0.0,1560.6036376953125,0.0,1560.6036376953125,0.0,0.0,0.0,0.0,0.0,0.0,0.0,48.672122955322266,3.0702297687530518,0.0,0,0,1104,0.00421142578125,76,1028,0.25,matched_multiscale_normalized_mse_v1,reference_norm_relative_v2,first_nonzero_active_used_gradient_norm_per_sample_v1
fullgeo_case03,42,CONTINUOUS_PROPERTY_TARGET,0,5,0.171875,0.0,0.4715457220000544,0.0,3.9277749061584473,0.26627838611602783,1.5,1.2115429639816284,0.025028714910149574,3.0,6.628073692321777,0.011778018437325954,3.6529650688171387,0.4648457169532776,0.038059234619140625,2.563169479370117,0.009917452931404114,0.40929174423217773,0.0,0.0,1562.3590087890625,0.0,1562.3590087890625,0.0,0.0,0.0,0.0,0.0,0.0,0.0,48.728702545166016,3.044511556625366,0.0,0,0,1223,0.004665374755859375,81,1142,0.25,matched_multiscale_normalized_mse_v1,reference_norm_relative_v2,first_nonzero_active_used_gradient_norm_per_sample_v1
fullgeo_case03,42,CONTINUOUS_PROPERTY_TARGET,0,6,0.203125,0.0,0.460641506296129,0.0,3.929277181625366,0.26627838611602783,1.5,1.2120041847229004,0.025028714910149574,3.0,6.594804763793945,0.011778018437325954,3.6472010612487793,0.4649524390697479,0.038059234619140625,2.556469202041626,0.009504075162112713,0.4223563075065613,0.0,0.0,1563.735595703125,0.0,1563.735595703125,0.0,0.0,0.0,0.0,0.0,0.0,0.0,48.773193359375,3.022247076034546,0.0,0,0,1374,0.00524139404296875,85,1289,0.25,matched_multiscale_normalized_mse_v1,reference_norm_relative_v2,first_nonzero_active_used_gradient_norm_per_sample_v1
fullgeo_case03,42,CONTINUOUS_PROPERTY_TARGET,0,7,0.234375,0.0,0.4481902250709918,0.0,3.9311511516571045,0.26627838611602783,1.5,1.2130579948425293,0.025028714910149574,3.0,6.554834365844727,0.011778018437325954,3.6404600143432617,0.4650835394859314,0.038059234619140625,2.548234701156616,0.008930669166147709,0.43819504976272583,0.0,0.0,1565.76611328125,0.0,1565.76611328125,0.0,0.0,0.0,0.0,0.0,0.0,0.0,48.841251373291016,2.9488160610198975,0.0,0,0,1549,0.005908966064453125,102,1447,0.25,matched_multiscale_normalized_mse_v1,reference_norm_relative_v2,first_nonzero_active_used_gradient_norm_per_sample_v1
fullgeo_case03,42,CONTINUOUS_PROPERTY_TARGET,0,8,0.265625,0.06540312923014306,0.43431179096940364,0.0,3.933459520339966,0.26627838611602783,1.5,1.2149832248687744,0.025028714910149574,3.0,6.507069110870361,0.011778018437325954,3.632638454437256,0.4652408957481384,0.038059234619140625,2.5382399559020996,0.008278992027044296,0.4570808708667755,0.030371885746717453,0.030371885746717453,1568.409423828125,25.644712448120117,1568.7454833984375,0.016350782307535765,0.01635078154504299,0.01635078154504299,0.0,0.030371885746717453,1.0,0.016350775957107544,48.93826675415039,2.8860793113708496,0.0,0,0,1858,0.00708770751953125,121,1737,0.25,matched_multiscale_normalized_mse_v1,reference_norm_relative_v2,first_nonzero_active_used_gradient_norm_per_sample_v1
fullgeo_case03,42,CONTINUOUS_PROPERTY_TARGET,0,9,0.296875,0.19509032201612825,0.4191398608984867,0.0,3.92653751373291,0.26627838611602783,1.5,1.209963083267212,0.025028714910149574,3.0,6.358054161071777,0.011778018437325954,3.5978684425354004,0.4648548364639282,0.038059234619140625,2.5262200832366943,0.00758220674470067,0.47931140661239624,0.03244776651263237,0.03244776651263237,1567.65234375,81.68426513671875,1570.206787109375,0.04877258050403206,0.05210612714290619,0.05210612714290619,0.0,0.030371885746717453,1.06834876537323,0.0521061085164547,48.98442077636719,2.879197359085083,0.0,0,0,2146,0.00818634033203125,155,1991,0.25,matched_multiscale_normalized_mse_v1,reference_norm_relative_v2,first_nonzero_active_used_gradient_norm_per_sample_v1
fullgeo_case03,42,CONTINUOUS_PROPERTY_TARGET,0,10,0.328125,0.3214394653031616,0.4028205488386443,0.0,3.8937323093414307,0.26627838611602783,1.5,1.1867936849594116,0.025028714910149574,3.0,5.978147029876709,0.011778018437325954,3.4985337257385254,0.46291980147361755,0.038059234619140625,2.511765956878662,0.00685223238542676,0.5051895380020142,0.03391445428133011,0.03391445428133011,1566.629150390625,140.5783233642578,1573.77587890625,0.0803598663257904,0.08973301947116852,0.08973301947116852,0.0,0.030371885746717453,1.1166397333145142,0.08973299711942673,49.0911750793457,2.962738275527954,0.0,0,0,2512,0.00958251953125,231,2281,0.25,matched_multiscale_normalized_mse_v1,reference_norm_relative_v2,first_nonzero_active_used_gradient_norm_per_sample_v1
fullgeo_case03,42,CONTINUOUS_PROPERTY_TARGET,0,11,0.359375,0.4422886902190013,0.3855110186860564,0.0,3.8160455226898193,0.26627838611602783,1.5,1.138015866279602,0.025028714910149574,3.0,5.369932174682617,0.011778018437325954,3.323413848876953,0.4582073390483856,0.038059234619140625,2.4938764572143555,0.006100817583501339,0.534989058971405,0.03487779572606087,0.03487779572606087,1564.6834716796875,198.6778564453125,1578.5941162109375,0.11057217255475033,0.12697643041610718,0.12697643041610718,0.0,0.030371885746717453,1.14835786819458,0.1269763857126236,49.236572265625,3.051936626434326,0.0,0,0,3154,0.01203155517578125,317,2837,0.25,matched_multiscale_normalized_mse_v1,reference_norm_relative_v2,first_nonzero_active_used_gradient_norm_per_sample_v1
fullgeo_case03,42,CONTINUOUS_PROPERTY_TARGET,0,12,0.390625,0.5555702330196022,0.367377970678444,0.0,3.6564674377441406,0.26627838611602783,1.5,1.045571208000183,0.025028714910149574,3.0,4.628922939300537,0.011778018437325954,3.0676896572113037,0.44796526432037354,0.038059234619140625,2.4693191051483154,0.0053418646566569805,0.5688996315002441,0.035475388169288635,0.035475388169288635,1561.8023681640625,253.37298583984375,1584.0064697265625,0.13889255825490054,0.1622311919927597,0.1622311919927597,0.0,0.030371885746717453,1.1680337190628052,0.16223114728927612,49.399375915527344,3.157792806625366,0.0,0,0,3556,0.0135650634765625,309,3247,0.25,matched_multiscale_normalized_mse_v1,reference_norm_relative_v2,first_nonzero_active_used_gradient_norm_per_sample_v1
fullgeo_case03,42,CONTINUOUS_PROPERTY_TARGET,0,13,0.421875,0.6593458151000688,0.3485960359806528,0.0,3.3742716312408447,0.26627838611602783,1.5,0.8915806412696838,0.025028714910149574,3.0,3.898258924484253,0.011778018437325954,2.7342617511749268,0.42800775170326233,0.038059234619140625,2.430744171142578,0.004589843098074198,0.6069469451904297,0.03532041236758232,0.03532041236758232,1560.676025390625,299.1712646484375,1591.164794921875,0.1648364537750172,0.19169345498085022,0.19169345498085022,0.0,0.030371885746717453,1.162931203842163,0.19169338047504425,49.61429214477539,3.299715042114258,0.0,0,0,4287,0.016353607177734375,391,3896,0.25,matched_multiscale_normalized_mse_v1,reference_norm_relative_v2,first_nonzero_active_used_gradient_norm_per_sample_v1
fullgeo_case03,42,CONTINUOUS_PROPERTY_TARGET,0,14,0.453125,0.7518398074789773,0.32934609489107236,0.0,2.953652858734131,0.26627838611602783,1.5,0.7002657055854797,0.025028714910149574,3.0,3.2555253505706787,0.011778018437325954,2.3380112648010254,0.39473554491996765,0.038059234619140625,2.3689160346984863,0.003861238481476903,0.6488853693008423,0.034853097051382065,0.034853097051382065,1560.0509033203125,336.4910888671875,1598.2813720703125,0.18795995186974432,0.2156924605369568,0.2156924605369568,0.0,0.030371885746717453,1.1475447416305542,0.21569237112998962,49.825931549072266,3.4653611183166504,0.0,0,0,5025,0.019168853759765625,436,4589,0.25,matched_multiscale_normalized_mse_v1,reference_norm_relative_v2,first_nonzero_active_used_gradient_norm_per_sample_v1
fullgeo_case03,42,CONTINUOUS_PROPERTY_TARGET,0,15,0.484375,0.8314696123025452,0.3098135348654836,0.0,2.4170126914978027,0.26627838611602783,1.5,0.5169963240623474,0.025028714910149574,3.0,2.6807610988616943,0.011778018437325954,1.8997575044631958,0.3459605872631073,0.038059234619140625,2.2740237712860107,0.003172654425725341,0.6940759420394897,0.03299614414572716,0.03299614414572716,1560.2296142578125,352.34344482421875,1602.2763671875,0.2078674030756363,0.22582802176475525,0.22582802176475525,0.0,0.030371885746717453,1.0864042043685913,0.22582794725894928,49.93370056152344,3.707324504852295,0.0,0,0,5904,0.02252197265625,466,5438,0.25,matched_multiscale_normalized_mse_v1,reference_norm_relative_v2,first_nonzero_active_used_gradient_norm_per_sample_v1
fullgeo_case03,42,CONTINUOUS_PROPERTY_TARGET,0,16,0.515625,0.8968727415326884,0.2901864651345164,0.0,1.8566644191741943,0.26627838611602783,1.5,0.3678284287452698,0.025028714910149574,3.0,2.118701219558716,0.011778018437325954,1.4624210596084595,0.28623831272125244,0.038059234619140625,2.1493184566497803,0.0025401567108929157,0.7413794994354248,0.030664488673210144,0.030664488673210144,1560.549560546875,353.2744445800781,1603.0765380859375,0.2242181853831721,0.22637830674648285,0.22637830674648285,0.0,0.030371885746717453,1.009634017944336,0.22637823224067688,49.94232177734375,3.922778606414795,0.0,0,0,6804,0.0259552001953125,489,6315,0.25,matched_multiscale_normalized_mse_v1,reference_norm_relative_v2,first_nonzero_active_used_gradient_norm_per_sample_v1
fullgeo_case03,42,CONTINUOUS_PROPERTY_TARGET,0,17,0.546875,0.9469301294951056,0.2706539051089276,0.0,1.336486577987671,0.26627838611602783,1.5,0.2455516755580902,0.025028714910149574,3.0,1.6235718727111816,0.011778018437325954,1.0666232109069824,0.22131213545799255,0.038059234619140625,2.001359462738037,0.001977850217372179,0.7891169190406799,0.027827881276607513,0.027827881276607513,1560.0357666015625,338.376953125,1599.836181640625,0.2367325323737764,0.21690338850021362,0.21690338850021362,0.0,0.030371885746717453,0.9162381887435913,0.21690332889556885,49.81884002685547,4.191829204559326,0.0,0,0,8254,0.03148651123046875,570,7684,0.25,matched_multiscale_normalized_mse_v1,reference_norm_relative_v2,first_nonzero_active_used_gradient_norm_per_sample_v1
fullgeo_case03,42,CONTINUOUS_PROPERTY_TARGET,0,18,0.578125,0.9807852804032304,0.2514039640193472,0.0,0.915529727935791,0.26627838611602783,1.5,0.16765597462654114,0.025028714910149574,3.0,1.160384178161621,0.011778018437325954,0.7401384711265564,0.16309107840061188,0.038059234619140625,1.85182785987854,0.0014955815859138966,0.835170328617096,0.022861063480377197,0.022861063480377197,1560.837158203125,288.0686950683594,1591.0653076171875,0.2451963201008076,0.18456044793128967,0.18456044793128967,0.0,0.030371885746717453,0.7527047991752625,0.1845603734254837,49.51626205444336,4.505168437957764,0.0,0,0,9439,0.036006927490234375,652,8787,0.25,matched_multiscale_normalized_mse_v1,reference_norm_relative_v2,first_nonzero_active_used_gradient_norm_per_sample_v1
fullgeo_case03,42,CONTINUOUS_PROPERTY_TARGET,0,19,0.609375,0.9978589232386035,0.232622029321556,0.0,0.6439926028251648,0.26627838611602783,1.5,0.1305556446313858,0.025028714910149574,3.0,0.7463880777359009,0.011778018437325954,0.5104405879974365,0.12441946566104889,0.038059234619140625,1.7243510484695435,0.0010975246550515294,0.8772691488265991,0.023691708222031593,0.023691708222031593,1560.6864013671875,303.703125,1593.1441650390625,0.24946473080965087,0.19459594786167145,0.19459594786167145,0.0,0.030371885746717453,0.7800539135932922,0.19459587335586548,49.5526008605957,4.81260871887207,0.0,0,0,10988,0.0419158935546875,707,10281,0.25,matched_multiscale_normalized_mse_v1,reference_norm_relative_v2,first_nonzero_active_used_gradient_norm_per_sample_v1
fullgeo_case03,42,CONTINUOUS_PROPERTY_TARGET,0,20,0.640625,0.9978589232386035,0.21448898131394362,0.0,0.5141981244087219,0.26627838611602783,1.5,0.197701096534729,0.025028714910149574,3.0,0.4942430257797241,0.011778018437325954,0.4152580201625824,0.1137414500117302,0.038059234619140625,1.5869485139846802,0.0007794717676006258,0.9134263396263123,0.044336963444948196,0.044336963444948196,1561.204345703125,390.30096435546875,1609.9527587890625,0.24946473080965087,0.25,0.36416929960250854,1.0,0.030371885746717453,1.4598027467727661,0.24999992549419403,50.043643951416016,5.180026531219482,0.0,0,0,12639,0.048213958740234375,847,11792,0.25,matched_multiscale_normalized_mse_v1,reference_norm_relative_v2,first_nonzero_active_used_gradient_norm_per_sample_v1
fullgeo_case03,42,CONTINUOUS_PROPERTY_TARGET,0,21,0.671875,0.9807852804032304,0.19717945116135566,0.0,0.5212715864181519,0.26627838611602783,1.5,0.3507574498653412,0.025028714910149574,3.0,0.5239232778549194,0.011778018437325954,0.4706476926803589,0.1285656839609146,0.038059234619140625,1.4197531938552856,0.0005274448776617646,0.9423894286155701,0.06645812094211578,0.06645812094211578,1563.810302734375,390.9525146484375,1611.591552734375,0.2451963201008076,0.25,0.5365253686904907,1.0,0.030371885746717453,2.1881461143493652,0.24999995529651642,50.05074691772461,5.592604637145996,0.0,0,0,13765,0.052509307861328125,910,12855,0.25,matched_multiscale_normalized_mse_v1,reference_norm_relative_v2,first_nonzero_active_used_gradient_norm_per_sample_v1
fullgeo_case03,42,CONTINUOUS_PROPERTY_TARGET,0,22,0.703125,0.9469301294951057,0.18086013910151333,0.0,0.5466285943984985,0.26627838611602783,1.5,0.21187666058540344,0.025028714910149574,3.0,0.24830593168735504,0.011778018437325954,0.38653847575187683,0.14005479216575623,0.038059234619140625,1.2191275358200073,0.00034515088191255927,0.9639109969139099,0.058829165995121,0.058829165995121,1564.947021484375,391.2366943359375,1614.6190185546875,0.23673253237377642,0.25,0.45854175090789795,1.0,0.030371885746717453,1.93696129322052,0.24999995529651642,50.09147262573242,6.061139106750488,0.0,0,0,14372,0.0548248291015625,1064,13308,0.25,matched_multiscale_normalized_mse_v1,reference_norm_relative_v2,first_nonzero_active_used_gradient_norm_per_sample_v1
fullgeo_case03,42,CONTINUOUS_PROPERTY_TARGET,0,23,0.734375,0.8968727415326884,0.16568820903059628,0.0,0.7868437170982361,0.26627838611602783,1.5,0.5682058334350586,0.025028714910149574,3.0,0.26037752628326416,0.011778018437325954,0.615959107875824,0.1826860010623932,0.038059234619140625,1.1249319314956665,0.00021277691121213138,0.9786992073059082,0.1311340183019638,0.1311340183019638,1568.6759033203125,392.1689147949219,1609.6768798828125,0.2242181853831721,0.25,0.9680871963500977,1.0,0.030371885746717453,4.317612171173096,0.24999995529651642,49.87474822998047,6.545322418212891,0.0,0,0,13800,0.052642822265625,1065,12735,0.25,matched_multiscale_normalized_mse_v1,reference_norm_relative_v2,first_nonzero_active_used_gradient_norm_per_sample_v1
fullgeo_case03,42,CONTINUOUS_PROPERTY_TARGET,0,24,0.765625,0.8314696123025455,0.1518097749290082,0.0,0.7926331758499146,0.26627838611602783,1.5,0.17351141571998596,0.025028714910149574,3.0,0.1080232784152031,0.011778018437325954,0.46997466683387756,0.19150176644325256,0.038059234619140625,0.7763240933418274,0.00010904076771112159,0.9880927205085754,0.06960921734571457,0.06960921734571457,1574.1785888671875,393.54461669921875,1622.8985595703125,0.20786740307563636,0.25,0.47641053795814514,1.0,0.030371885746717453,2.291896343231201,0.2499999850988388,50.21067810058594,7.138485431671143,0.0,0,0,10998,0.04195404052734375,877,10121,0.25,matched_multiscale_normalized_mse_v1,reference_norm_relative_v2,first_nonzero_active_used_gradient_norm_per_sample_v1
fullgeo_case03,42,CONTINUOUS_PROPERTY_TARGET,0,25,0.796875,0.7518398074789774,0.139358493703871,0.0,1.0638465881347656,0.26627838611602783,1.5,0.5929917693138123,0.025028714910149574,3.0,0.35660412907600403,0.011778018437325954,0.7811416983604431,0.22119180858135223,0.038059234619140625,0.6706592440605164,4.841387635678984e-05,0.9936268329620361,0.1427130103111267,0.1427130103111267,1582.2174072265625,395.5543212890625,1622.5792236328125,0.18795995186974435,0.25,0.8831961154937744,1.0,0.030371885746717453,4.6988525390625,0.2499999850988388,50.113040924072266,7.729237079620361,0.0,0,0,7243,0.027629852294921875,612,6631,0.25,matched_multiscale_normalized_mse_v1,reference_norm_relative_v2,first_nonzero_active_used_gradient_norm_per_sample_v1
fullgeo_case03,42,CONTINUOUS_PROPERTY_TARGET,0,26,0.828125,0.659345815100069,0.12845427799994558,0.0,1.0759422779083252,0.26627838611602783,1.5,0.3458017408847809,0.025028714910149574,3.0,0.23018604516983032,0.011778018437325954,0.6877488493919373,0.22649917006492615,0.038059234619140625,0.4562017023563385,2.0607154510798864e-05,0.9966714382171631,0.14381136000156403,0.14381136000156403,1590.89404296875,397.7234802246094,1633.324462890625,0.16483645377501724,0.25,0.7805032134056091,1.0,0.030371885746717453,4.735015869140625,0.2499999850988388,50.34199523925781,8.420646667480469,0.0,0,0,4074,0.01554107666015625,435,3639,0.25,matched_multiscale_normalized_mse_v1,reference_norm_relative_v2,first_nonzero_active_used_gradient_norm_per_sample_v1
fullgeo_case03,42,CONTINUOUS_PROPERTY_TARGET,0,27,0.859375,0.5555702330196022,0.11920214137531127,0.0,1.2054353952407837,0.26627838611602783,1.5,0.31620702147483826,0.025028714910149574,3.0,0.2068445384502411,0.011778018437325954,0.7389487028121948,0.24419336020946503,0.038059234619140625,0.307259202003479,9.325422979600262e-06,0.99825519323349,0.14025534689426422,0.14025534689426422,1596.9300537109375,399.2324523925781,1639.942626953125,0.13889255825490054,0.25,0.6413965821266174,1.0,0.030371885746717453,4.61793327331543,0.24999995529651642,50.422325134277344,9.163402557373047,0.0,0,0,2191,0.008358001708984375,351,1840,0.25,matched_multiscale_normalized_mse_v1,reference_norm_relative_v2,first_nonzero_active_used_gradient_norm_per_sample_v1
fullgeo_case03,42,CONTINUOUS_PROPERTY_TARGET,0,28,0.890625,0.4422886902190013,0.11169118696339586,0.0,1.497291088104248,0.26627838611602783,1.5,0.3838813602924347,0.025028714910149574,3.0,0.29885873198509216,0.011778018437325954,0.9235817193984985,0.2715868055820465,0.038059234619140625,0.20689979195594788,5.013632744521601e-06,0.9990459084510803,0.21495850384235382,0.21495850384235382,1603.0386962890625,400.7596435546875,1643.847412109375,0.11057217255475033,0.25,0.7825799584388733,1.0,0.030371885746717453,7.077548980712891,0.2499999850988388,50.407196044921875,9.900259971618652,0.0,0,0,1262,0.00481414794921875,229,1033,0.25,matched_multiscale_normalized_mse_v1,reference_norm_relative_v2,first_nonzero_active_used_gradient_norm_per_sample_v1
fullgeo_case03,42,CONTINUOUS_PROPERTY_TARGET,0,29,0.921875,0.32143946530316175,0.10599374936109118,0.0,1.4127769470214844,0.26627838611602783,1.5,0.21340791881084442,0.025028714910149574,3.0,0.11500304937362671,0.011778018437325954,0.7934114336967468,0.2672746181488037,0.038059234619140625,0.1367429792881012,3.6419346542970743e-06,0.9994298815727234,0.11771877855062485,0.11771877855062485,1614.6885986328125,403.672119140625,1659.0030517578125,0.08035986632579044,0.25,0.31146782636642456,1.0,0.030371885746717453,3.875912666320801,0.2499999850988388,50.752437591552734,10.58181095123291,0.0,0,0,878,0.00334930419921875,220,658,0.25,matched_multiscale_normalized_mse_v1,reference_norm_relative_v2,first_nonzero_active_used_gradient_norm_per_sample_v1
fullgeo_case03,42,CONTINUOUS_PROPERTY_TARGET,0,30,0.953125,0.1950903220161286,0.10216469800704375,0.0,1.6618674993515015,0.26627838611602783,1.5,0.4012734889984131,0.025028714910149574,3.0,0.3071105182170868,0.011778018437325954,1.0127378702163696,0.289675235748291,0.038059234619140625,0.1014474555850029,2.5841563910944387e-06,0.999609649181366,0.18469221889972687,0.18469221889972687,1652.2001953125,413.0500183105469,1692.32763671875,0.04877258050403215,0.25,0.2965873181819916,1.0,0.030371885746717453,6.08102560043335,0.2499999850988388,51.64432144165039,11.389169692993164,0.0,0,0,613,0.002338409423828125,156,457,0.25,matched_multiscale_normalized_mse_v1,reference_norm_relative_v2,first_nonzero_active_used_gradient_norm_per_sample_v1
fullgeo_case03,42,CONTINUOUS_PROPERTY_TARGET,0,31,0.984375,0.06540312923014312,0.10024090875896552,0.0,1.5852032899856567,0.26627838611602783,1.5,0.35140034556388855,0.025028714910149574,3.0,0.25731152296066284,0.011778018437325954,0.9494840502738953,0.2846725881099701,0.038059234619140625,0.08283763378858566,2.9716172775806626e-06,0.9996809959411621,0.1771116405725479,0.1771116405725479,1825.534912109375,174.06199645996094,1828.41650390625,0.01635078230753578,0.09534849971532822,0.09534849971532822,0.0,0.030371885746717453,5.8314337730407715,0.09534849226474762,55.66438293457031,12.892997741699219,0.0,0,0,547,0.002086639404296875,135,412,0.25,matched_multiscale_normalized_mse_v1,reference_norm_relative_v2,first_nonzero_active_used_gradient_norm_per_sample_v1
fullgeo_case03,142,CONTINUOUS_PROPERTY_TARGET,1,0,0.015625,0.0,0.49975909124103446,0.0,3.936295509338379,0.26627838611602783,1.5,1.2118257284164429,0.025028714910149574,3.0,6.702495098114014,0.011778018437325954,3.672194480895996,0.4648677706718445,0.038059234619140625,2.5784947872161865,0.010431102477014065,0.3786771595478058,0.0,0.0,1557.1260986328125,0.0,1557.1260986328125,0.0,0.0,0.0,0.0,0.0,0.0,0.0,48.56806945800781,2.9927480220794678,1337.9078369140625,0,0,695,0.002651214599609375,51,644,0.25,matched_multiscale_normalized_mse_v1,reference_norm_relative_v2,first_nonzero_active_used_gradient_norm_per_sample_v1
fullgeo_case03,142,CONTINUOUS_PROPERTY_TARGET,1,1,0.046875,0.0,0.4978353019929562,0.0,3.9370996952056885,0.26627838611602783,1.5,1.2126802206039429,0.025028714910149574,3.0,6.679165363311768,0.011778018437325954,3.668186902999878,0.4649166166782379,0.038059234619140625,2.5775160789489746,0.010324154049158096,0.3806283175945282,0.0,0.0,1557.231201171875,0.0,1557.231201171875,0.0,0.0,0.0,0.0,0.0,0.0,0.0,48.567291259765625,3.0580875873565674,0.0,0,0,756,0.0028839111328125,54,702,0.25,matched_multiscale_normalized_mse_v1,reference_norm_relative_v2,first_nonzero_active_used_gradient_norm_per_sample_v1
fullgeo_case03,142,CONTINUOUS_PROPERTY_TARGET,1,2,0.078125,0.0,0.4940062506389088,0.0,3.938110828399658,0.26627838611602783,1.5,1.2136106491088867,0.025028714910149574,3.0,6.654026508331299,0.011778018437325954,3.6639440059661865,0.4649777412414551,0.038059234619140625,2.575544834136963,0.01013750210404396,0.3845687210559845,0.0,0.0,1558.2091064453125,0.0,1558.2091064453125,0.0,0.0,0.0,0.0,0.0,0.0,0.0,48.5972900390625,3.067997932434082,0.0,0,0,868,0.0033111572265625,59,809,0.25,matched_multiscale_normalized_mse_v1,reference_norm_relative_v2,first_nonzero_active_used_gradient_norm_per_sample_v1
fullgeo_case03,142,CONTINUOUS_PROPERTY_TARGET,1,3,0.109375,0.0,0.4883088130366042,0.0,3.939350128173828,0.26627838611602783,1.5,1.214664101600647,0.025028714910149574,3.0,6.626476287841797,0.011778018437325954,3.659369468688965,0.4650522768497467,0.038059234619140625,2.572531223297119,0.009875479154288769,0.3905751705169678,0.0,0.0,1559.2835693359375,0.0,1559.2835693359375,0.0,0.0,0.0,0.0,0.0,0.0,0.0,48.63045120239258,3.075652599334717,0.0,0,0,930,0.00354766845703125,50,880,0.25,matched_multiscale_normalized_mse_v1,reference_norm_relative_v2,first_nonzero_active_used_gradient_norm_per_sample_v1
fullgeo_case03,142,CONTINUOUS_PROPERTY_TARGET,1,4,0.140625,0.0,0.48079785862468866,0.0,3.9408109188079834,0.26627838611602783,1.5,1.2158695459365845,0.025028714910149574,3.0,6.597349643707275,0.011778018437325954,3.6546363830566406,0.4651418924331665,0.038059234619140625,2.568403720855713,0.009540507569909096,0.3987639844417572,0.0,0.0,1561.8211669921875,0.0,1561.8211669921875,0.0,0.0,0.0,0.0,0.0,0.0,0.0,48.709693908691406,3.079054594039917,0.0,0,0,1063,0.004055023193359375,76,987,0.25,matched_multiscale_normalized_mse_v1,reference_norm_relative_v2,first_nonzero_active_used_gradient_norm_per_sample_v1
fullgeo_case03,142,CONTINUOUS_PROPERTY_TARGET,1,5,0.171875,0.0,0.4715457220000544,0.0,3.942626953125,0.26627838611602783,1.5,1.2176809310913086,0.025028714910149574,3.0,6.563399314880371,0.011778018437325954,3.6492977142333984,0.46525198221206665,0.038059234619140625,2.563058614730835,0.009136682376265526,0.40929174423217773,0.0,0.0,1563.6898193359375,0.0,1563.6898193359375,0.0,0.0,0.0,0.0,0.0,0.0,0.0,48.76985168457031,3.052847385406494,0.0,0,0,1203,0.004589080810546875,86,1117,0.25,matched_multiscale_normalized_mse_v1,reference_norm_relative_v2,first_nonzero_active_used_gradient_norm_per_sample_v1
fullgeo_case03,142,CONTINUOUS_PROPERTY_TARGET,1,6,0.203125,0.0,0.460641506296129,0.0,3.9448049068450928,0.26627838611602783,1.5,1.220223307609558,0.025028714910149574,3.0,6.52479362487793,0.011778018437325954,3.643428325653076,0.46538180112838745,0.038059234619140625,2.5563600063323975,0.00867047905921936,0.4223563075065613,0.0,0.0,1565.24951171875,0.0,1565.24951171875,0.0,0.0,0.0,0.0,0.0,0.0,0.0,48.820072174072266,3.0306131839752197,0.0,0,0,1354,0.00516510009765625,108,1246,0.25,matched_multiscale_normalized_mse_v1,reference_norm_relative_v2,first_nonzero_active_used_gradient_norm_per_sample_v1
fullgeo_case03,142,CONTINUOUS_PROPERTY_TARGET,1,7,0.234375,0.0,0.4481902250709918,0.0,3.947489023208618,0.26627838611602783,1.5,1.223855972290039,0.025028714910149574,3.0,6.477913856506348,0.011778018437325954,3.636484146118164,0.4655388593673706,0.038059234619140625,2.5481321811676025,0.008148262277245522,0.43819504976272583,0.0,0.0,1567.490478515625,0.0,1567.490478515625,0.0,0.0,0.0,0.0,0.0,0.0,0.0,48.89474105834961,2.9570908546447754,0.0,0,0,1607,0.006130218505859375,102,1505,0.25,matched_multiscale_normalized_mse_v1,reference_norm_relative_v2,first_nonzero_active_used_gradient_norm_per_sample_v1
fullgeo_case03,142,CONTINUOUS_PROPERTY_TARGET,1,8,0.265625,0.06540312923014306,0.43431179096940364,0.0,3.950836658477783,0.26627838611602783,1.5,1.2288486957550049,0.025028714910149574,3.0,6.4192376136779785,0.011778018437325954,3.627920389175415,0.4657323658466339,0.038059234619140625,2.538149356842041,0.007578631397336721,0.4570808708667755,0.030240749940276146,0.030240749940276146,1570.4564208984375,25.67818260192871,1570.8250732421875,0.016350782307535765,0.01635078154504299,0.01635078154504299,0.0,0.030240749940276146,1.0,0.016350777819752693,49.00285339355469,2.894801139831543,0.0,0,0,1797,0.006855010986328125,119,1678,0.25,matched_multiscale_normalized_mse_v1,reference_norm_relative_v2,first_nonzero_active_used_gradient_norm_per_sample_v1
fullgeo_case03,142,CONTINUOUS_PROPERTY_TARGET,1,9,0.296875,0.19509032201612825,0.4191398608984867,0.0,3.9449052810668945,0.26627838611602783,1.5,1.2259756326675415,0.025028714910149574,3.0,6.256721496582031,0.011778018437325954,3.5915894508361816,0.4653628170490265,0.038059234619140625,2.5261332988739014,0.006969856563955545,0.47931140661239624,0.032317403703927994,0.032317403703927994,1569.9925537109375,81.83084869384766,1572.679931640625,0.04877258050403206,0.052121829241514206,0.052121829241514206,0.0,0.030240749940276146,1.0686707496643066,0.052121806889772415,49.06134033203125,2.887657642364502,0.0,0,0,2146,0.00818634033203125,181,1965,0.25,matched_multiscale_normalized_mse_v1,reference_norm_relative_v2,first_nonzero_active_used_gradient_norm_per_sample_v1
fullgeo_case03,142,CONTINUOUS_PROPERTY_TARGET,1,10,0.328125,0.3214394653031616,0.4028205488386443,0.0,3.9124906063079834,0.26627838611602783,1.5,1.2007948160171509,0.025028714910149574,3.0,5.867907524108887,0.011778018437325954,3.490065097808838,0.4633660614490509,0.038059234619140625,2.511638879776001,0.006331938784569502,0.5051895380020142,0.03384049981832504,0.03384049981832504,1569.1258544921875,141.10458374023438,1576.508056640625,0.0803598663257904,0.0899256244301796,0.0899256244301796,0.0,0.030240749940276146,1.1190364360809326,0.0899256020784378,49.17616653442383,2.971680164337158,0.0,0,0,2660,0.0101470947265625,240,2420,0.25,matched_multiscale_normalized_mse_v1,reference_norm_relative_v2,first_nonzero_active_used_gradient_norm_per_sample_v1
fullgeo_case03,142,CONTINUOUS_PROPERTY_TARGET,1,11,0.359375,0.4422886902190013,0.3855110186860564,0.0,3.8345067501068115,0.26627838611602783,1.5,1.1433384418487549,0.025028714910149574,3.0,5.260343551635742,0.011778018437325954,3.312323570251465,0.45845189690589905,0.038059234619140625,2.493569850921631,0.005676541477441788,0.534989058971405,0.03485037758946419,0.03485037758946419,1567.3009033203125,199.71607971191406,1581.5186767578125,0.11057217255475033,0.12742680311203003,0.12742680311203003,0.0,0.030240749940276146,1.1524310111999512,0.12742675840854645,49.327537536621094,3.0615766048431396,0.0,0,0,3153,0.012027740478515625,264,2889,0.25,matched_multiscale_normalized_mse_v1,reference_norm_relative_v2,first_nonzero_active_used_gradient_norm_per_sample_v1
fullgeo_case03,142,CONTINUOUS_PROPERTY_TARGET,1,12,0.390625,0.5555702330196022,0.367377970678444,0.0,3.6738154888153076,0.26627838611602783,1.5,1.0336982011795044,0.025028714910149574,3.0,4.531767845153809,0.011778018437325954,3.053370952606201,0.4477911591529846,0.038059234619140625,2.4686169624328613,0.005016121082007885,0.5688996315002441,0.035563673824071884,0.035563673824071884,1564.7021484375,255.57864379882812,1587.43359375,0.13889255825490054,0.16334018111228943,0.16334018111228943,0.0,0.030240749940276146,1.176018238067627,0.16334012150764465,49.5059928894043,3.1687099933624268,0.0,0,0,3711,0.014156341552734375,335,3376,0.25,matched_multiscale_normalized_mse_v1,reference_norm_relative_v2,first_nonzero_active_used_gradient_norm_per_sample_v1
fullgeo_case03,142,CONTINUOUS_PROPERTY_TARGET,1,13,0.421875,0.6593458151000688,0.3485960359806528,0.0,3.3858113288879395,0.26627838611602783,1.5,0.856624186038971,0.025028714910149574,3.0,3.8291385173797607,0.011778018437325954,2.7157206535339355,0.42679348587989807,0.038059234619140625,2.4285616874694824,0.004363473504781723,0.6069469451904297,0.03524056077003479,0.03524056077003479,1563.7208251953125,300.37420654296875,1594.66162109375,0.1648364537750172,0.19208943843841553,0.19208943843841553,0.0,0.030240749940276146,1.1653335094451904,0.19208940863609314,49.723060607910156,3.3109664916992188,0.0,0,0,4437,0.016925811767578125,370,4067,0.25,matched_multiscale_normalized_mse_v1,reference_norm_relative_v2,first_nonzero_active_used_gradient_norm_per_sample_v1
fullgeo_case03,142,CONTINUOUS_PROPERTY_TARGET,1,14,0.453125,0.7518398074789773,0.32934609489107236,0.0,2.966096878051758,0.26627838611602783,1.5,0.6553395390510559,0.025028714910149574,3.0,3.2141072750091553,0.011778018437325954,2.322471857070923,0.39245882630348206,0.038059234619140625,2.3644015789031982,0.0037322374992072582,0.6488853693008423,0.033950164914131165,0.033950164914131165,1563.2373046875,329.8674011230469,1600.3917236328125,0.18795995186974432,0.21101564168930054,0.21101564168930054,0.0,0.030240749940276146,1.1226627826690674,0.21101556718349457,49.89110565185547,3.4787204265594482,0.0,0,0,5145,0.019626617431640625,459,4686,0.25,matched_multiscale_normalized_mse_v1,reference_norm_relative_v2,first_nonzero_active_used_gradient_norm_per_sample_v1
fullgeo_case03,142,CONTINUOUS_PROPERTY_TARGET,1,15,0.484375,0.8314696123025452,0.3098135348654836,0.0,2.4510388374328613,0.26627838611602783,1.5,0.4838913083076477,0.025028714910149574,3.0,2.6290793418884277,0.011778018437325954,1.8965027332305908,0.34557947516441345,0.038059234619140625,2.2743988037109375,0.003134350525215268,0.6940759420394897,0.03296725079417229,0.03296725079417229,1563.529052734375,354.30914306640625,1606.2476806640625,0.2078674030756363,0.22660867869853973,0.22660867869853973,0.0,0.030240749940276146,1.0901597738265991,0.22660860419273376,50.05717086791992,3.720485210418701,0.0,0,0,5985,0.022830963134765625,453,5532,0.25,matched_multiscale_normalized_mse_v1,reference_norm_relative_v2,first_nonzero_active_used_gradient_norm_per_sample_v1
fullgeo_case03,142,CONTINUOUS_PROPERTY_TARGET,1,16,0.515625,0.8968727415326884,0.2901864651345164,0.0,1.8833420276641846,0.26627838611602783,1.5,0.34136372804641724,0.025028714910149574,3.0,2.094393253326416,0.011778018437325954,1.462958812713623,0.28612518310546875,0.038059234619140625,2.150224447250366,0.00257971347309649,0.7413794994354248,0.030299769714474678,0.030299769714474678,1563.8453369140625,351.3268127441406,1606.27685546875,0.2242181853831721,0.22465579211711884,0.22465579211711884,0.0,0.030240749940276146,1.0019516944885254,0.22465573251247406,50.041587829589844,3.9361438751220703,0.0,0,0,6957,0.026538848876953125,524,6433,0.25,matched_multiscale_normalized_mse_v1,reference_norm_relative_v2,first_nonzero_active_used_gradient_norm_per_sample_v1
fullgeo_case03,142,CONTINUOUS_PROPERTY_TARGET,1,17,0.546875,0.9469301294951056,0.2706539051089276,0.0,1.3872311115264893,0.26627838611602783,1.5,0.2486913502216339,0.025028714910149574,3.0,1.5460755825042725,0.011778018437325954,1.0774381160736084,0.22513051331043243,0.038059234619140625,2.0076892375946045,0.0020317703019827604,0.7891169190406799,0.026013191789388657,0.026013191789388657,1563.2205810546875,318.3311462402344,1598.794677734375,0.2367325323737764,0.20363809168338776,0.20363809168338776,0.0,0.030240749940276146,0.8602032661437988,0.2036380171775818,49.78507995605469,4.204803466796875,0.0,0,0,8167,0.031154632568359375,605,7562,0.25,matched_multiscale_normalized_mse_v1,reference_norm_relative_v2,first_nonzero_active_used_gradient_norm_per_sample_v1
fullgeo_case03,142,CONTINUOUS_PROPERTY_TARGET,1,18,0.578125,0.9807852804032304,0.2514039640193472,0.0,1.002564787864685,0.26627838611602783,1.5,0.1757080852985382,0.025028714910149574,3.0,1.1011204719543457,0.011778018437325954,0.7742189168930054,0.17077963054180145,0.038059234619140625,1.8638066053390503,0.0015433242078870535,0.835170328617096,0.023773694410920143,0.023773694410920143,1563.8614501953125,301.4506530761719,1596.4796142578125,0.2451963201008076,0.19276051223278046,0.19276051223278046,0.0,0.030240749940276146,0.7861476540565491,0.19276046752929688,49.68502426147461,4.517647743225098,0.0,0,0,9455,0.036067962646484375,669,8786,0.25,matched_multiscale_normalized_mse_v1,reference_norm_relative_v2,first_nonzero_active_used_gradient_norm_per_sample_v1
fullgeo_case03,142,CONTINUOUS_PROPERTY_TARGET,1,19,0.609375,0.9978589232386035,0.232622029321556,0.0,0.7185744643211365,0.26627838611602783,1.5,0.17634181678295135,0.025028714910149574,3.0,0.6592828035354614,0.011778018437325954,0.5440463423728943,0.133571594953537,0.038059234619140625,1.742010235786438,0.0011338150361552835,0.8772691488265991,0.02822946012020111,0.02822946012020111,1563.55517578125,364.1097106933594,1606.7451171875,0.24946473080965087,0.23287302255630493,0.23287302255630493,0.0,0.030240749940276146,0.9334907531738281,0.23287294805049896,49.978519439697266,4.823923110961914,0.0,0,0,11182,0.04265594482421875,772,10410,0.25,matched_multiscale_normalized_mse_v1,reference_norm_relative_v2,first_nonzero_active_used_gradient_norm_per_sample_v1
fullgeo_case03,142,CONTINUOUS_PROPERTY_TARGET,1,20,0.640625,0.9978589232386035,0.21448898131394362,0.0,0.5734269618988037,0.26627838611602783,1.5,0.19143909215927124,0.025028714910149574,3.0,0.7635923027992249,0.011778018437325954,0.4968636631965637,0.12296165525913239,0.038059234619140625,1.539850115776062,0.0008031821344047785,0.9134263396263123,0.049863748252391815,0.049863748252391815,1563.876708984375,390.9691162109375,1616.635986328125,0.24946473080965087,0.25,0.4113405644893646,1.0,0.030240749940276146,1.6488926410675049,0.24999995529651642,50.25254821777344,5.190260410308838,0.0,0,0,12881,0.049137115478515625,847,12034,0.25,matched_multiscale_normalized_mse_v1,reference_norm_relative_v2,first_nonzero_active_used_gradient_norm_per_sample_v1
fullgeo_case03,142,CONTINUOUS_PROPERTY_TARGET,1,21,0.671875,0.9807852804032304,0.19717945116135566,0.0,0.6475210785865784,0.26627838611602783,1.5,0.5861008763313293,0.025028714910149574,3.0,0.38148224353790283,0.011778018437325954,0.5758872628211975,0.14368724822998047,0.038059234619140625,1.5143364667892456,0.0005456062499433756,0.9423894286155701,0.10266304016113281,0.10266304016113281,1566.44287109375,391.6106872558594,1609.9093017578125,0.2451963201008076,0.25,0.8324065804481506,1.0,0.030240749940276146,3.39485764503479,0.2499999850988388,49.9964714050293,5.604934215545654,0.0,0,0,13977,0.053318023681640625,933,13044,0.25,matched_multiscale_normalized_mse_v1,reference_norm_relative_v2,first_nonzero_active_used_gradient_norm_per_sample_v1
fullgeo_case03,142,CONTINUOUS_PROPERTY_TARGET,1,22,0.703125,0.9469301294951057,0.18086013910151333,0.0,0.6205302476882935,0.26627838611602783,1.5,0.17353995144367218,0.025028714910149574,3.0,0.2727665901184082,0.011778018437325954,0.41688042879104614,0.14769341051578522,0.038059234619140625,1.198007345199585,0.00035165820736438036,0.9639109969139099,0.048684824258089066,0.048684824258089066,1567.301513671875,391.8252868652344,1617.9949951171875,0.23673253237377642,0.25,0.381117582321167,1.0,0.030240749940276146,1.6099079847335815,0.24999994039535522,50.19662857055664,6.0703444480896,0.0,0,0,14478,0.05522918701171875,1106,13372,0.25,matched_multiscale_normalized_mse_v1,reference_norm_relative_v2,first_nonzero_active_used_gradient_norm_per_sample_v1
fullgeo_case03,142,CONTINUOUS_PROPERTY_TARGET,1,23,0.734375,0.8968727415326884,0.16568820903059628,0.0,0.8817247748374939,0.26627838611602783,1.5,0.6196594834327698,0.025028714910149574,3.0,0.35607555508613586,0.011778018437325954,0.6979753375053406,0.19181472063064575,0.038059234619140625,1.1030577421188354,0.00019498138863127679,0.9786992073059082,0.12366598099470139,0.12366598099470139,1571.018798828125,392.7546691894531,1613.4649658203125,0.2242181853831721,0.25,0.9169138669967651,1.0,0.030240749940276146,4.089382171630859,0.2499999850988388,49.99307632446289,6.553403377532959,0.0,0,0,13423,0.051204681396484375,996,12427,0.25,matched_multiscale_normalized_mse_v1,reference_norm_relative_v2,first_nonzero_active_used_gradient_norm_per_sample_v1
fullgeo_case03,142,CONTINUOUS_PROPERTY_TARGET,1,24,0.765625,0.8314696123025455,0.1518097749290082,0.0,0.8181741237640381,0.26627838611602783,1.5,0.1635901927947998,0.025028714910149574,3.0,0.07155817747116089,0.011778018437325954,0.4724757671356201,0.19058580696582794,0.038059234619140625,0.818321704864502,9.839972335612401e-05,0.9880927205085754,0.06866561621427536,0.06866561621427536,1576.082763671875,394.0206604003906,1623.82861328125,0.20786740307563636,0.25,0.4719903767108917,1.0,0.030240749940276146,2.270632028579712,0.2499999850988388,50.23933029174805,7.143470287322998,0.0,0,0,10681,0.040744781494140625,939,9742,0.25,matched_multiscale_normalized_mse_v1,reference_norm_relative_v2,first_nonzero_active_used_gradient_norm_per_sample_v1
fullgeo_case03,142,CONTINUOUS_PROPERTY_TARGET,1,25,0.796875,0.7518398074789774,0.139358493703871,0.0,1.1856493949890137,0.26627838611602783,1.5,0.7135679721832275,0.025028714910149574,3.0,0.4923993647098541,0.011778018437325954,0.9053749442100525,0.23117902874946594,0.038059234619140625,0.7011842727661133,4.878769686911255e-05,0.9936268329620361,0.20143137872219086,0.20143137872219086,1583.869384765625,395.9673156738281,1622.8775634765625,0.18795995186974435,0.25,1.2519872188568115,1.0,0.030240749940276146,6.660925388336182,0.2499999850988388,50.12152099609375,7.735403537750244,0.0,0,0,6999,0.026699066162109375,629,6370,0.25,matched_multiscale_normalized_mse_v1,reference_norm_relative_v2,first_nonzero_active_used_gradient_norm_per_sample_v1
fullgeo_case03,142,CONTINUOUS_PROPERTY_TARGET,1,26,0.828125,0.659345815100069,0.12845427799994558,0.0,1.0898874998092651,0.26627838611602783,1.5,0.18756428360939026,0.025028714910149574,3.0,0.07007604092359543,0.011778018437325954,0.6152282357215881,0.22660617530345917,0.038059234619140625,0.43188074231147766,2.0349936676211655e-05,0.9966714382171631,0.07431686669588089,0.07431686669588089,1591.5709228515625,397.8927001953125,1641.0809326171875,0.16483645377501724,0.25,0.40508678555488586,1.0,0.030240749940276146,2.457507371902466,0.2499999850988388,50.586219787597656,8.429722785949707,0.0,0,0,4013,0.015308380126953125,504,3509,0.25,matched_multiscale_normalized_mse_v1,reference_norm_relative_v2,first_nonzero_active_used_gradient_norm_per_sample_v1
fullgeo_case03,142,CONTINUOUS_PROPERTY_TARGET,1,27,0.859375,0.5555702330196022,0.11920214137531127,0.0,1.6972289085388184,0.26627838611602783,1.5,0.7738232016563416,0.025028714910149574,3.0,0.7534326314926147,0.011778018437325954,1.2314479351043701,0.28439778089523315,0.038059234619140625,0.3264240324497223,8.834438631311059e-06,0.99825519323349,0.23933379352092743,0.23933379352092743,1596.9970703125,399.249267578125,1636.0504150390625,0.13889255825490054,0.25,1.099234700202942,1.0,0.030240749940276146,7.914280891418457,0.25,50.296897888183594,9.173267364501953,0.0,0,0,1950,0.00743865966796875,261,1689,0.25,matched_multiscale_normalized_mse_v1,reference_norm_relative_v2,first_nonzero_active_used_gradient_norm_per_sample_v1
fullgeo_case03,142,CONTINUOUS_PROPERTY_TARGET,1,28,0.890625,0.4422886902190013,0.11169118696339586,0.0,1.4488332271575928,0.26627838611602783,1.5,0.3517668545246124,0.025028714910149574,3.0,0.2226978987455368,0.011778018437325954,0.8744862675666809,0.2675366699695587,0.038059234619140625,0.18405327200889587,4.80732296637143e-06,0.9990459084510803,0.09924377501010895,0.09924377501010895,1602.27294921875,400.5682067871094,1648.1575927734375,0.11057217255475033,0.25,0.3628745973110199,1.0,0.030240749940276146,3.281789541244507,0.2499999850988388,50.542259216308594,9.911480903625488,0.0,0,0,1218,0.00464630126953125,255,963,0.25,matched_multiscale_normalized_mse_v1,reference_norm_relative_v2,first_nonzero_active_used_gradient_norm_per_sample_v1
fullgeo_case03,142,CONTINUOUS_PROPERTY_TARGET,1,29,0.921875,0.32143946530316175,0.10599374936109118,0.0,1.7932573556900024,0.26627838611602783,1.5,0.6213146448135376,0.025028714910149574,3.0,0.57876056432724,0.011778018437325954,1.1987751722335815,0.2980656623840332,0.038059234619140625,0.15497440099716187,2.1437620034703286e-06,0.9994298815727234,0.26706913113594055,0.26706913113594055,1613.0482177734375,403.2620544433594,1651.70556640625,0.08035986632579044,0.25,0.7096927165985107,1.0,0.030240749940276146,8.831432342529297,0.25,50.516685485839844,10.59505558013916,0.0,0,0,705,0.002689361572265625,147,558,0.25,matched_multiscale_normalized_mse_v1,reference_norm_relative_v2,first_nonzero_active_used_gradient_norm_per_sample_v1
fullgeo_case03,142,CONTINUOUS_PROPERTY_TARGET,1,30,0.953125,0.1950903220161286,0.10216469800704375,0.0,1.6083590984344482,0.26627838611602783,1.5,0.3637141287326813,0.025028714910149574,3.0,0.3030714690685272,0.011778018437325954,0.9739080667495728,0.28400421142578125,0.038059234619140625,0.10533836483955383,1.6348419649148127e-06,0.999609649181366,0.18421339988708496,0.18421339988708496,1647.8895263671875,411.97235107421875,1688.8792724609375,0.04877258050403215,0.25,0.2971011996269226,1.0,0.030240749940276146,6.091561794281006,0.2499999850988388,51.52989959716797,11.407511711120605,0.0,0,0,521,0.001987457275390625,149,372,0.25,matched_multiscale_normalized_mse_v1,reference_norm_relative_v2,first_nonzero_active_used_gradient_norm_per_sample_v1
fullgeo_case03,142,CONTINUOUS_PROPERTY_TARGET,1,31,0.984375,0.06540312923014312,0.10024090875896552,0.0,1.788856029510498,0.26627838611602783,1.5,0.5091980695724487,0.025028714910149574,3.0,0.48269638419151306,0.011778018437325954,1.1437267065048218,0.30037721991539,0.038059234619140625,0.0855928510427475,2.1316923266567755e-06,0.9996809959411621,0.22585493326187134,0.22585493326187134,1817.252685546875,221.91712951660156,1822.29736328125,0.01635078230753578,0.12211683392524719,0.12211683392524719,0.0,0.030240749940276146,7.468562602996826,0.1221168264746666,55.46137237548828,12.921812057495117,0.0,0,0,427,0.001628875732421875,115,312,0.25,matched_multiscale_normalized_mse_v1,reference_norm_relative_v2,first_nonzero_active_used_gradient_norm_per_sample_v1
fullgeo_case03,242,CONTINUOUS_PROPERTY_TARGET,2,0,0.015625,0.0,0.49975909124103446,0.0,3.9249520301818848,0.26627838611602783,1.5,1.1934179067611694,0.025028714910149574,3.0,6.84223747253418,0.011778018437325954,3.6889488697052,0.464407354593277,0.038059234619140625,2.5784547328948975,0.0108878118917346,0.3786771595478058,0.0,0.0,1557.6282958984375,0.0,1557.6282958984375,0.0,0.0,0.0,0.0,0.0,0.0,0.0,48.58483123779297,2.9758434295654297,1338.0748291015625,0,0,683,0.002605438232421875,49,634,0.25,matched_multiscale_normalized_mse_v1,reference_norm_relative_v2,first_nonzero_active_used_gradient_norm_per_sample_v1
fullgeo_case03,242,CONTINUOUS_PROPERTY_TARGET,2,1,0.046875,0.0,0.4978353019929562,0.0,3.9255988597869873,0.26627838611602783,1.5,1.1938880681991577,0.025028714910149574,3.0,6.820700645446777,0.011778018437325954,3.685105800628662,0.46444588899612427,0.038059234619140625,2.5774729251861572,0.010815577581524849,0.3806283175945282,0.0,0.0,1558.1654052734375,0.0,1558.1654052734375,0.0,0.0,0.0,0.0,0.0,0.0,0.0,48.59747314453125,3.0432393550872803,0.0,0,0,721,0.002750396728515625,50,671,0.25,matched_multiscale_normalized_mse_v1,reference_norm_relative_v2,first_nonzero_active_used_gradient_norm_per_sample_v1
fullgeo_case03,242,CONTINUOUS_PROPERTY_TARGET,2,2,0.078125,0.0,0.4940062506389088,0.0,3.9264042377471924,0.26627838611602783,1.5,1.1942424774169922,0.025028714910149574,3.0,6.7991228103637695,0.011778018437325954,3.6812992095947266,0.4644954204559326,0.038059234619140625,2.5754919052124023,0.010655694641172886,0.3845687210559845,0.0,0.0,1559.3817138671875,0.0,1559.3817138671875,0.0,0.0,0.0,0.0,0.0,0.0,0.0,48.63483810424805,3.0547726154327393,0.0,0,0,864,0.0032958984375,72,792,0.25,matched_multiscale_normalized_mse_v1,reference_norm_relative_v2,first_nonzero_active_used_gradient_norm_per_sample_v1
fullgeo_case03,242,CONTINUOUS_PROPERTY_TARGET,2,3,0.109375,0.0,0.4883088130366042,0.0,3.9273786544799805,0.26627838611602783,1.5,1.194480061531067,0.025028714910149574,3.0,6.776836395263672,0.011778018437325954,3.677400588989258,0.46455657482147217,0.038059234619140625,2.5724613666534424,0.010407405905425549,0.3905751705169678,0.0,0.0,1560.343017578125,0.0,1560.343017578125,0.0,0.0,0.0,0.0,0.0,0.0,0.0,48.66444778442383,3.062567949295044,0.0,0,0,930,0.00354766845703125,61,869,0.25,matched_multiscale_normalized_mse_v1,reference_norm_relative_v2,first_nonzero_active_used_gradient_norm_per_sample_v1
fullgeo_case03,242,CONTINUOUS_PROPERTY_TARGET,2,4,0.140625,0.0,0.48079785862468866,0.0,3.928453207015991,0.26627838611602783,1.5,1.1943929195404053,0.025028714910149574,3.0,6.756269931793213,0.011778018437325954,3.6737985610961914,0.464625746011734,0.038059234619140625,2.5683062076568604,0.010083924978971481,0.3987639844417572,0.0,0.0,1562.552734375,0.0,1562.552734375,0.0,0.0,0.0,0.0,0.0,0.0,0.0,48.733455657958984,3.065493106842041,0.0,0,0,1008,0.00384521484375,72,936,0.25,matched_multiscale_normalized_mse_v1,reference_norm_relative_v2,first_nonzero_active_used_gradient_norm_per_sample_v1
fullgeo_case03,242,CONTINUOUS_PROPERTY_TARGET,2,5,0.171875,0.0,0.4715457220000544,0.0,3.929793119430542,0.26627838611602783,1.5,1.1944432258605957,0.025028714910149574,3.0,6.73317813873291,0.011778018437325954,3.669865131378174,0.46471327543258667,0.038059234619140625,2.562922477722168,0.0096896318718791,0.40929174423217773,0.0,0.0,1563.9598388671875,0.0,1563.9598388671875,0.0,0.0,0.0,0.0,0.0,0.0,0.0,48.7791862487793,3.0387308597564697,0.0,0,0,1255,0.004787445068359375,85,1170,0.25,matched_multiscale_normalized_mse_v1,reference_norm_relative_v2,first_nonzero_active_used_gradient_norm_per_sample_v1
fullgeo_case03,242,CONTINUOUS_PROPERTY_TARGET,2,6,0.203125,0.0,0.460641506296129,0.0,3.931407928466797,0.26627838611602783,1.5,1.1946295499801636,0.025028714910149574,3.0,6.708636283874512,0.011778018437325954,3.6658201217651367,0.46481871604919434,0.038059234619140625,2.55617094039917,0.009230502881109715,0.4223563075065613,0.0,0.0,1565.0635986328125,0.0,1565.0635986328125,0.0,0.0,0.0,0.0,0.0,0.0,0.0,48.81516647338867,3.015855550765991,0.0,0,0,1368,0.005218505859375,86,1282,0.25,matched_multiscale_normalized_mse_v1,reference_norm_relative_v2,first_nonzero_active_used_gradient_norm_per_sample_v1
fullgeo_case03,242,CONTINUOUS_PROPERTY_TARGET,2,7,0.234375,0.0,0.4481902250709918,0.0,3.933408737182617,0.26627838611602783,1.5,1.1951884031295776,0.025028714910149574,3.0,6.680150032043457,0.011778018437325954,3.6612908840179443,0.46494749188423157,0.038059234619140625,2.5478732585906982,0.008711526170372963,0.43819504976272583,0.0,0.0,1567.0726318359375,0.0,1567.0726318359375,0.0,0.0,0.0,0.0,0.0,0.0,0.0,48.88254165649414,2.942347526550293,0.0,0,0,1551,0.005916595458984375,94,1457,0.25,matched_multiscale_normalized_mse_v1,reference_norm_relative_v2,first_nonzero_active_used_gradient_norm_per_sample_v1
fullgeo_case03,242,CONTINUOUS_PROPERTY_TARGET,2,8,0.265625,0.06540312923014306,0.43431179096940364,0.0,3.935894012451172,0.26627838611602783,1.5,1.196411371231079,0.025028714910149574,3.0,6.646409034729004,0.011778018437325954,3.6561522483825684,0.4651050865650177,0.038059234619140625,2.5378003120422363,0.00813535787165165,0.4570808708667755,0.0308227576315403,0.0308227576315403,1569.7138671875,25.666040420532227,1570.0084228515625,0.016350782307535765,0.01635078154504299,0.01635078154504299,0.0,0.0308227576315403,1.0,0.016350775957107544,48.97810363769531,2.8809642791748047,0.0,0,0,1838,0.00701141357421875,128,1710,0.25,matched_multiscale_normalized_mse_v1,reference_norm_relative_v2,first_nonzero_active_used_gradient_norm_per_sample_v1
fullgeo_case03,242,CONTINUOUS_PROPERTY_TARGET,2,9,0.296875,0.19509032201612825,0.4191398608984867,0.0,3.929194688796997,0.26627838611602783,1.5,1.1896077394485474,0.025028714910149574,3.0,6.5154805183410645,0.011778018437325954,3.6245760917663574,0.4647204577922821,0.038059234619140625,2.525712013244629,0.007510506082326174,0.47931140661239624,0.03297973796725273,0.03297973796725273,1569.0458984375,81.8817138671875,1571.4642333984375,0.04877258050403206,0.05218569189310074,0.05218569189310074,0.0,0.0308227576315403,1.0699801445007324,0.052185673266649246,49.02402114868164,2.875221014022827,0.0,0,0,2174,0.00829315185546875,158,2016,0.25,matched_multiscale_normalized_mse_v1,reference_norm_relative_v2,first_nonzero_active_used_gradient_norm_per_sample_v1
fullgeo_case03,242,CONTINUOUS_PROPERTY_TARGET,2,10,0.328125,0.3214394653031616,0.4028205488386443,0.0,3.8970749378204346,0.26627838611602783,1.5,1.163079857826233,0.025028714910149574,3.0,6.151549816131592,0.011778018437325954,3.527771472930908,0.4628118872642517,0.038059234619140625,2.511260747909546,0.006842947099357843,0.5051895380020142,0.034475475549697876,0.034475475549697876,1568.08056640625,140.9438934326172,1575.014404296875,0.0803598663257904,0.08988308906555176,0.08988308906555176,0.0,0.0308227576315403,1.1185071468353271,0.08988306671380997,49.130226135253906,2.958155393600464,0.0,0,0,2599,0.009914398193359375,225,2374,0.25,matched_multiscale_normalized_mse_v1,reference_norm_relative_v2,first_nonzero_active_used_gradient_norm_per_sample_v1
fullgeo_case03,242,CONTINUOUS_PROPERTY_TARGET,2,11,0.359375,0.4422886902190013,0.3855110186860564,0.0,3.82144832611084,0.26627838611602783,1.5,1.1108624935150146,0.025028714910149574,3.0,5.550965309143066,0.011778018437325954,3.3541760444641113,0.458198606967926,0.038059234619140625,2.4935576915740967,0.006144675426185131,0.534989058971405,0.035331450402736664,0.035331450402736664,1566.185546875,198.50840759277344,1579.7774658203125,0.11057217255475033,0.12674644589424133,0.12674644589424133,0.0,0.0308227576315403,1.1462780237197876,0.12674641609191895,49.273841857910156,3.0483531951904297,0.0,0,0,3189,0.012165069580078125,285,2904,0.25,matched_multiscale_normalized_mse_v1,reference_norm_relative_v2,first_nonzero_active_used_gradient_norm_per_sample_v1
fullgeo_case03,242,CONTINUOUS_PROPERTY_TARGET,2,12,0.390625,0.5555702330196022,0.367377970678444,0.0,3.6668853759765625,0.26627838611602783,1.5,1.0181127786636353,0.025028714910149574,3.0,4.804961204528809,0.011778018437325954,3.0998687744140625,0.4482795298099518,0.038059234619140625,2.4698565006256104,0.005429798271507025,0.5688996315002441,0.03589151054620743,0.03589151054620743,1563.4088134765625,252.85507202148438,1585.2515869140625,0.13889255825490054,0.1617332249879837,0.1617332249879837,0.0,0.0308227576315403,1.1644483804702759,0.16173318028450012,49.438743591308594,3.151873826980591,0.0,0,0,3715,0.014171600341796875,322,3393,0.25,matched_multiscale_normalized_mse_v1,reference_norm_relative_v2,first_nonzero_active_used_gradient_norm_per_sample_v1
fullgeo_case03,242,CONTINUOUS_PROPERTY_TARGET,2,13,0.421875,0.6593458151000688,0.3485960359806528,0.0,3.3855338096618652,0.26627838611602783,1.5,0.861977756023407,0.025028714910149574,3.0,4.064257621765137,0.011778018437325954,2.764211654663086,0.42865025997161865,0.038059234619140625,2.433786630630493,0.0047123124822974205,0.6069469451904297,0.03652491047978401,0.03652491047978401,1562.328369140625,305.1708984375,1593.745849609375,0.1648364537750172,0.1953308880329132,0.1953308880329132,0.0,0.0308227576315403,1.1849981546401978,0.19533082842826843,49.695552825927734,3.2933247089385986,0.0,0,0,4341,0.016559600830078125,405,3936,0.25,matched_multiscale_normalized_mse_v1,reference_norm_relative_v2,first_nonzero_active_used_gradient_norm_per_sample_v1
fullgeo_case03,242,CONTINUOUS_PROPERTY_TARGET,2,14,0.453125,0.7518398074789773,0.32934609489107236,0.0,2.93416166305542,0.26627838611602783,1.5,0.6456270217895508,0.025028714910149574,3.0,3.446463108062744,0.011778018437325954,2.3500616550445557,0.3934589922428131,0.038059234619140625,2.3733410835266113,0.004008127376437187,0.6488853693008423,0.03636933118104935,0.03636933118104935,1561.6673583984375,346.3518981933594,1601.9149169921875,0.18795995186974432,0.22178345918655396,0.22178345918655396,0.0,0.0308227576315403,1.1799505949020386,0.22178339958190918,49.9403190612793,3.4571359157562256,0.0,0,0,5053,0.019275665283203125,470,4583,0.25,matched_multiscale_normalized_mse_v1,reference_norm_relative_v2,first_nonzero_active_used_gradient_norm_per_sample_v1
fullgeo_case03,242,CONTINUOUS_PROPERTY_TARGET,2,15,0.484375,0.8314696123025452,0.3098135348654836,0.0,2.3379690647125244,0.26627838611602783,1.5,0.4539983570575714,0.025028714910149574,3.0,2.877777576446533,0.011778018437325954,1.880739450454712,0.34088706970214844,0.038059234619140625,2.277130603790283,0.003333265660330653,0.6940759420394897,0.03508772328495979,0.03508772328495979,1561.9844970703125,369.6125183105469,1607.98193359375,0.2078674030756363,0.2366301417350769,0.2366301417350769,0.0,0.0308227576315403,1.1383706331253052,0.23663008213043213,50.11315155029297,3.698322057723999,0.0,0,0,5866,0.02237701416015625,465,5401,0.25,matched_multiscale_normalized_mse_v1,reference_norm_relative_v2,first_nonzero_active_used_gradient_norm_per_sample_v1
fullgeo_case03,242,CONTINUOUS_PROPERTY_TARGET,2,16,0.515625,0.8968727415326884,0.2901864651345164,0.0,1.7131280899047852,0.26627838611602783,1.5,0.3283071517944336,0.025028714910149574,3.0,2.2831873893737793,0.011778018437325954,1.4116936922073364,0.2758939564228058,0.038059234619140625,2.1429331302642822,0.0027023504953831434,0.7413794994354248,0.030406378209590912,0.030406378209590912,1562.3304443359375,345.5705871582031,1603.3477783203125,0.2242181853831721,0.22118926048278809,0.22118926048278809,0.0,0.0308227576315403,0.9864911437034607,0.22118917107582092,49.95164108276367,3.912334442138672,0.0,0,0,6949,0.026508331298828125,486,6463,0.25,matched_multiscale_normalized_mse_v1,reference_norm_relative_v2,first_nonzero_active_used_gradient_norm_per_sample_v1
fullgeo_case03,242,CONTINUOUS_PROPERTY_TARGET,2,17,0.546875,0.9469301294951056,0.2706539051089276,0.0,1.239745020866394,0.26627838611602783,1.5,0.23560118675231934,0.025028714910149574,3.0,1.7037535905838013,0.011778018437325954,1.0313036441802979,0.21303912997245789,0.038059234619140625,1.9929473400115967,0.002105609979480505,0.7891169190406799,0.025672663003206253,0.025672663003206253,1561.860107421875,307.96356201171875,1595.6549072265625,0.2367325323737764,0.19717749953269958,0.19717749953269958,0.0,0.0308227576315403,0.8329125642776489,0.19717742502689362,49.68873977661133,4.179605960845947,0.0,0,0,8205,0.031299591064453125,540,7665,0.25,matched_multiscale_normalized_mse_v1,reference_norm_relative_v2,first_nonzero_active_used_gradient_norm_per_sample_v1
fullgeo_case03,242,CONTINUOUS_PROPERTY_TARGET,2,18,0.578125,0.9807852804032304,0.2514039640193472,0.0,0.904926598072052,0.26627838611602783,1.5,0.18738910555839539,0.025028714910149574,3.0,1.139035940170288,0.011778018437325954,0.7364872694015503,0.16494424641132355,0.038059234619140625,1.8628795146942139,0.0015811886405572295,0.835170328617096,0.0238836370408535,0.0238836370408535,1562.676513671875,296.9010925292969,1593.782470703125,0.2451963201008076,0.18999531865119934,0.18999531865119934,0.0,0.0308227576315403,0.7748702168464661,0.18999522924423218,49.60268783569336,4.492380619049072,0.0,0,0,9625,0.036716461181640625,619,9006,0.25,matched_multiscale_normalized_mse_v1,reference_norm_relative_v2,first_nonzero_active_used_gradient_norm_per_sample_v1
fullgeo_case03,242,CONTINUOUS_PROPERTY_TARGET,2,19,0.609375,0.9978589232386035,0.232622029321556,0.0,0.6477891802787781,0.26627838611602783,1.5,0.12803785502910614,0.025028714910149574,3.0,0.8665079474449158,0.011778018437325954,0.5356075167655945,0.12304447591304779,0.038059234619140625,1.7067054510116577,0.0011432139435783029,0.8772691488265991,0.028780901804566383,0.028780901804566383,1562.545654296875,363.97760009765625,1609.3380126953125,0.24946473080965087,0.23293893039226532,0.23293893039226532,0.0,0.0308227576315403,0.9337549209594727,0.23293885588645935,50.06255340576172,4.796547889709473,0.0,0,0,11105,0.042362213134765625,793,10312,0.25,matched_multiscale_normalized_mse_v1,reference_norm_relative_v2,first_nonzero_active_used_gradient_norm_per_sample_v1
fullgeo_case03,242,CONTINUOUS_PROPERTY_TARGET,2,20,0.640625,0.9978589232386035,0.21448898131394362,0.0,0.6798273921012878,0.26627838611602783,1.5,0.6200772523880005,0.025028714910149574,3.0,0.5939429402351379,0.011778018437325954,0.6447254419326782,0.1428217589855194,0.038059234619140625,1.6592334508895874,0.0007725876057520509,0.9134263396263123,0.09206049889326096,0.09206049889326096,1563.0782470703125,390.7695617675781,1608.0279541015625,0.24946473080965087,0.25,0.7450938820838928,1.0,0.0308227576315403,2.9867703914642334,0.25,49.98472213745117,5.165076732635498,0.0,0,0,12893,0.049182891845703125,816,12077,0.25,matched_multiscale_normalized_mse_v1,reference_norm_relative_v2,first_nonzero_active_used_gradient_norm_per_sample_v1
fullgeo_case03,242,CONTINUOUS_PROPERTY_TARGET,2,21,0.671875,0.9807852804032304,0.19717945116135566,0.0,0.5600990653038025,0.26627838611602783,1.5,0.17899860441684723,0.025028714910149574,3.0,0.5299801826477051,0.011778018437325954,0.439745157957077,0.13037294149398804,0.038059234619140625,1.3633979558944702,0.0004991673631593585,0.9423894286155701,0.043645478785037994,0.043645478785037994,1565.802001953125,391.4504089355469,1619.56103515625,0.2451963201008076,0.25,0.3472015857696533,1.0,0.0308227576315403,1.4160146713256836,0.24999994039535522,50.30338668823242,5.5741496086120605,0.0,0,0,13914,0.05307769775390625,937,12977,0.25,matched_multiscale_normalized_mse_v1,reference_norm_relative_v2,first_nonzero_active_used_gradient_norm_per_sample_v1
fullgeo_case03,242,CONTINUOUS_PROPERTY_TARGET,2,22,0.703125,0.9469301294951057,0.18086013910151333,0.0,0.7090269923210144,0.26627838611602783,1.5,0.6254482865333557,0.025028714910149574,3.0,0.2674122452735901,0.011778018437325954,0.5956304669380188,0.16021552681922913,0.038059234619140625,1.3574632406234741,0.000309974915580824,0.9639109969139099,0.1116461306810379,0.1116461306810379,1566.66943359375,391.6673583984375,1608.4013671875,0.23673253237377642,0.25,0.8574920892715454,1.0,0.0308227576315403,3.6221981048583984,0.25,49.89760971069336,6.045827865600586,0.0,0,0,14457,0.055149078369140625,1055,13402,0.25,matched_multiscale_normalized_mse_v1,reference_norm_relative_v2,first_nonzero_active_used_gradient_norm_per_sample_v1
fullgeo_case03,242,CONTINUOUS_PROPERTY_TARGET,2,23,0.734375,0.8968727415326884,0.16568820903059628,0.0,0.695345938205719,0.26627838611602783,1.5,0.14953944087028503,0.025028714910149574,3.0,0.15904448926448822,0.011778018437325954,0.42434370517730713,0.17183305323123932,0.038059234619140625,0.9842281341552734,0.0001871126441983506,0.9786992073059082,0.05344714969396591,0.05344714969396591,1570.5140380859375,392.6283874511719,1622.3421630859375,0.2242181853831721,0.25,0.3887978792190552,1.0,0.0308227576315403,1.7340158224105835,0.24999992549419403,50.27647018432617,6.5255608558654785,0.0,0,0,13476,0.0514068603515625,1033,12443,0.25,matched_multiscale_normalized_mse_v1,reference_norm_relative_v2,first_nonzero_active_used_gradient_norm_per_sample_v1
fullgeo_case03,242,CONTINUOUS_PROPERTY_TARGET,2,24,0.765625,0.8314696123025455,0.1518097749290082,0.0,1.0391241312026978,0.26627838611602783,1.5,0.6716784238815308,0.025028714910149574,3.0,0.3293030560016632,0.011778018437325954,0.7869262099266052,0.2155991792678833,0.038059234619140625,0.9360764026641846,0.00010113714961335063,0.9880927205085754,0.16094186902046204,0.16094186902046204,1575.4796142578125,393.869873046875,1615.0162353515625,0.20786740307563636,0.25,1.0853852033615112,1.0,0.0308227576315403,5.221527099609375,0.2499999850988388,49.964847564697266,7.117566108703613,0.0,0,0,10925,0.041675567626953125,862,10063,0.25,matched_multiscale_normalized_mse_v1,reference_norm_relative_v2,first_nonzero_active_used_gradient_norm_per_sample_v1
fullgeo_case03,242,CONTINUOUS_PROPERTY_TARGET,2,25,0.796875,0.7518398074789774,0.139358493703871,0.0,0.9150820374488831,0.26627838611602783,1.5,0.23480577766895294,0.025028714910149574,3.0,0.0954015925526619,0.011778018437325954,0.5470631122589111,0.20659536123275757,0.038059234619140625,0.6195546388626099,4.662337596528232e-05,0.9936268329620361,0.07270960509777069,0.07270960509777069,1583.5235595703125,395.880859375,1632.464111328125,0.18795995186974435,0.25,0.4433897137641907,1.0,0.0308227576315403,2.3589584827423096,0.2499999850988388,50.428955078125,7.707162857055664,0.0,0,0,7191,0.027431488037109375,780,6411,0.25,matched_multiscale_normalized_mse_v1,reference_norm_relative_v2,first_nonzero_active_used_gradient_norm_per_sample_v1
fullgeo_case03,242,CONTINUOUS_PROPERTY_TARGET,2,26,0.828125,0.659345815100069,0.12845427799994558,0.0,1.500972867012024,0.26627838611602783,1.5,1.0669201612472534,0.025028714910149574,3.0,1.0189677476882935,0.011778018437325954,1.2743560075759888,0.26675936579704285,0.038059234619140625,0.5186960101127625,2.1182191630941816e-05,0.9966714382171631,0.28932294249534607,0.28932294249534607,1592.02978515625,398.0074768066406,1629.714599609375,0.16483645377501724,0.25,1.547264814376831,1.0,0.0308227576315403,9.386666297912598,0.2500000298023224,50.23086929321289,8.401199340820312,0.0,0,0,3942,0.01503753662109375,417,3525,0.25,matched_multiscale_normalized_mse_v1,reference_norm_relative_v2,first_nonzero_active_used_gradient_norm_per_sample_v1
fullgeo_case03,242,CONTINUOUS_PROPERTY_TARGET,2,27,0.859375,0.5555702330196022,0.11920214137531127,0.0,1.2522780895233154,0.26627838611602783,1.5,0.29168733954429626,0.025028714910149574,3.0,0.1430419534444809,0.011778018437325954,0.7422536015510559,0.2510075271129608,0.038059234619140625,0.26370203495025635,1.0073030352941714e-05,0.99825519323349,0.08754878491163254,0.08754878491163254,1598.0040283203125,399.5010070800781,1645.16552734375,0.13889255825490054,0.25,0.3945096433162689,1.0,0.0308227576315403,2.8403942584991455,0.25,50.591033935546875,9.147761344909668,0.0,0,0,2051,0.007823944091796875,360,1691,0.25,matched_multiscale_normalized_mse_v1,reference_norm_relative_v2,first_nonzero_active_used_gradient_norm_per_sample_v1
fullgeo_case03,242,CONTINUOUS_PROPERTY_TARGET,2,28,0.890625,0.4422886902190013,0.11169118696339586,0.0,1.640265703201294,0.26627838611602783,1.5,0.6896615624427795,0.025028714910149574,3.0,0.6173462271690369,0.011778018437325954,1.1505005359649658,0.2850665748119354,0.038059234619140625,0.20907355844974518,4.2498691072978545e-06,0.9990459084510803,0.24047420918941498,0.24047420918941498,1604.8602294921875,401.21502685546875,1644.477783203125,0.11057217255475033,0.25,0.8626663684844971,1.0,0.0308227576315403,7.801839351654053,0.2499999850988388,50.42953109741211,9.888731956481934,0.0,0,0,1191,0.004543304443359375,189,1002,0.25,matched_multiscale_normalized_mse_v1,reference_norm_relative_v2,first_nonzero_active_used_gradient_norm_per_sample_v1
fullgeo_case03,242,CONTINUOUS_PROPERTY_TARGET,2,29,0.921875,0.32143946530316175,0.10599374936109118,0.0,1.4030113220214844,0.26627838611602783,1.5,0.320389062166214,0.025028714910149574,3.0,0.18315938115119934,0.011778018437325954,0.834254264831543,0.2639910876750946,0.038059234619140625,0.1408064067363739,3.0643664103990886e-06,0.9994298815727234,0.12881053984165192,0.12881053984165192,1616.0970458984375,404.02423095703125,1660.4931640625,0.08035986632579044,0.25,0.3358297049999237,1.0,0.0308227576315403,4.179072380065918,0.2499999850988388,50.80232620239258,10.57064151763916,0.0,0,0,747,0.002849578857421875,197,550,0.25,matched_multiscale_normalized_mse_v1,reference_norm_relative_v2,first_nonzero_active_used_gradient_norm_per_sample_v1
fullgeo_case03,242,CONTINUOUS_PROPERTY_TARGET,2,30,0.953125,0.1950903220161286,0.10216469800704375,0.0,1.7040871381759644,0.26627838611602783,1.5,0.5935394763946533,0.025028714910149574,3.0,0.5350238084793091,0.011778018437325954,1.1371101140975952,0.2917044460773468,0.038059234619140625,0.12033674120903015,2.9885034109611297e-06,0.999609649181366,0.2805536091327667,0.2805536091327667,1652.064697265625,413.0162048339844,1690.39599609375,0.04877258050403215,0.25,0.44393572211265564,1.0,0.0308227576315403,9.102157592773438,0.2500000298023224,51.58671951293945,11.370050430297852,0.0,0,0,575,0.002193450927734375,135,440,0.25,matched_multiscale_normalized_mse_v1,reference_norm_relative_v2,first_nonzero_active_used_gradient_norm_per_sample_v1
fullgeo_case03,242,CONTINUOUS_PROPERTY_TARGET,2,31,0.984375,0.06540312923014312,0.10024090875896552,0.0,1.6025563478469849,0.26627838611602783,1.5,0.3761596381664276,0.025028714910149574,3.0,0.2959684431552887,0.011778018437325954,0.9733197093009949,0.28430163860321045,0.038059234619140625,0.07923281937837601,3.5424352518020896e-06,0.9996809959411621,0.14664588868618011,0.14664588868618011,1821.9404296875,141.73301696777344,1823.5164794921875,0.01635078230753578,0.07779235392808914,0.07779235392808914,0.0,0.0308227576315403,4.757714748382568,0.07779234647750854,55.513282775878906,12.86674976348877,0.0,0,0,494,0.00188446044921875,137,357,0.25,matched_multiscale_normalized_mse_v1,reference_norm_relative_v2,first_nonzero_active_used_gradient_norm_per_sample_v1
fullgeo_case04,42,CONTINUOUS_PROPERTY_TARGET,0,0,0.015625,0.0,0.49975909124103446,0.0,2.9939446449279785,0.20918744802474976,1.5,0.8282578587532043,0.06562808901071548,3.0,1.8744841814041138,0.023970667272806168,2.1203465461730957,0.30207571387290955,0.0725860595703125,2.578078269958496,0.011244440451264381,0.3786771595478058,0.0,0.0,1650.6654052734375,0.0,1650.6654052734375,0.0,0.0,0.0,0.0,0.0,0.0,0.0,51.528953552246094,2.367105722427368,1230.666748046875,0,0,826,0.00315093994140625,89,737,0.25,matched_multiscale_normalized_mse_v1,reference_norm_relative_v2,first_nonzero_active_used_gradient_norm_per_sample_v1
fullgeo_case04,42,CONTINUOUS_PROPERTY_TARGET,0,1,0.046875,0.0,0.4978353019929562,0.0,2.9892971515655518,0.20918744802474976,1.5,0.822131335735321,0.06562808901071548,3.0,1.876952886581421,0.023970667272806168,2.116678476333618,0.301839679479599,0.0725860595703125,2.5770914554595947,0.01118199247866869,0.3806283175945282,0.0,0.0,1648.47265625,0.0,1648.47265625,0.0,0.0,0.0,0.0,0.0,0.0,0.0,51.45718765258789,2.4350504875183105,0.0,0,0,899,0.003429412841796875,96,803,0.25,matched_multiscale_normalized_mse_v1,reference_norm_relative_v2,first_nonzero_active_used_gradient_norm_per_sample_v1
fullgeo_case04,42,CONTINUOUS_PROPERTY_TARGET,0,2,0.078125,0.0,0.4940062506389088,0.0,2.9839634895324707,0.20918744802474976,1.5,0.8135116100311279,0.06562808901071548,3.0,1.8815360069274902,0.023970667272806168,2.112342357635498,0.30157002806663513,0.0725860595703125,2.575104236602783,0.01104051899164915,0.3845687210559845,0.0,0.0,1646.7677001953125,0.0,1646.7677001953125,0.0,0.0,0.0,0.0,0.0,0.0,0.0,51.40338897705078,2.444667100906372,0.0,0,0,902,0.00344085693359375,103,799,0.25,matched_multiscale_normalized_mse_v1,reference_norm_relative_v2,first_nonzero_active_used_gradient_norm_per_sample_v1
fullgeo_case04,42,CONTINUOUS_PROPERTY_TARGET,0,3,0.109375,0.0,0.4883088130366042,0.0,2.9775493144989014,0.20918744802474976,1.5,0.8022071123123169,0.06562808901071548,3.0,1.890649676322937,0.023970667272806168,2.1075665950775146,0.30124202370643616,0.0725860595703125,2.572066307067871,0.010821502655744553,0.3905751705169678,0.0,0.0,1644.72705078125,0.0,1644.72705078125,0.0,0.0,0.0,0.0,0.0,0.0,0.0,51.33916473388672,2.4526140689849854,0.0,0,0,1020,0.0038909912109375,119,901,0.25,matched_multiscale_normalized_mse_v1,reference_norm_relative_v2,first_nonzero_active_used_gradient_norm_per_sample_v1
fullgeo_case04,42,CONTINUOUS_PROPERTY_TARGET,0,4,0.140625,0.0,0.48079785862468866,0.0,2.9695205688476562,0.20918744802474976,1.5,0.7881566286087036,0.06562808901071548,3.0,1.9082316160202026,0.023970667272806168,2.102853536605835,0.30082273483276367,0.0725860595703125,2.5679032802581787,0.010507316328585148,0.3987639844417572,0.0,0.0,1645.1307373046875,0.0,1645.1307373046875,0.0,0.0,0.0,0.0,0.0,0.0,0.0,51.351898193359375,2.4505934715270996,0.0,0,0,1207,0.004604339599609375,134,1073,0.25,matched_multiscale_normalized_mse_v1,reference_norm_relative_v2,first_nonzero_active_used_gradient_norm_per_sample_v1
fullgeo_case04,42,CONTINUOUS_PROPERTY_TARGET,0,5,0.171875,0.0,0.4715457220000544,0.0,2.9597506523132324,0.20918744802474976,1.5,0.7711671590805054,0.06562808901071548,3.0,1.9348318576812744,0.023970667272806168,2.098191976547241,0.3003045618534088,0.0725860595703125,2.5625102519989014,0.010098142549395561,0.40929174423217773,0.0,0.0,1646.739013671875,0.0,1646.739013671875,0.0,0.0,0.0,0.0,0.0,0.0,0.0,51.40304946899414,2.432950019836426,0.0,0,0,1349,0.005146026611328125,146,1203,0.25,matched_multiscale_normalized_mse_v1,reference_norm_relative_v2,first_nonzero_active_used_gradient_norm_per_sample_v1
fullgeo_case04,42,CONTINUOUS_PROPERTY_TARGET,0,6,0.203125,0.0,0.460641506296129,0.0,2.948108673095703,0.20918744802474976,1.5,0.7509603500366211,0.06562808901071548,3.0,1.9708929061889648,0.023970667272806168,2.0935211181640625,0.29968151450157166,0.0725860595703125,2.5557475090026855,0.009619278833270073,0.4223563075065613,0.0,0.0,1649.0294189453125,0.0,1649.0294189453125,0.0,0.0,0.0,0.0,0.0,0.0,0.0,51.47534942626953,2.4193105697631836,0.0,0,0,1524,0.0058135986328125,179,1345,0.25,matched_multiscale_normalized_mse_v1,reference_norm_relative_v2,first_nonzero_active_used_gradient_norm_per_sample_v1
fullgeo_case04,42,CONTINUOUS_PROPERTY_TARGET,0,7,0.234375,0.0,0.4481902250709918,0.0,2.934680700302124,0.20918744802474976,1.5,0.7273152470588684,0.06562808901071548,3.0,2.0147078037261963,0.023970667272806168,2.0884764194488525,0.29896360635757446,0.0725860595703125,2.547435760498047,0.00907561369240284,0.43819504976272583,0.0,0.0,1652.5899658203125,0.0,1652.5899658203125,0.0,0.0,0.0,0.0,0.0,0.0,0.0,51.58892822265625,2.37209153175354,0.0,0,0,1734,0.00661468505859375,204,1530,0.25,matched_multiscale_normalized_mse_v1,reference_norm_relative_v2,first_nonzero_active_used_gradient_norm_per_sample_v1
fullgeo_case04,42,CONTINUOUS_PROPERTY_TARGET,0,8,0.265625,0.06540312923014306,0.43431179096940364,0.0,2.9193272590637207,0.20918744802474976,1.5,0.700035572052002,0.06562808901071548,3.0,2.0666868686676025,0.023970667272806168,2.0830116271972656,0.29814276099205017,0.0725860595703125,2.537346363067627,0.008473258465528488,0.4570808708667755,0.012610992416739464,0.012610992416739464,1656.87841796875,27.091236114501953,1657.13916015625,0.016350782307535765,0.01635078154504299,0.01635078154504299,0.0,0.012610992416739464,1.0,0.016350768506526947,51.73261260986328,2.3419411182403564,0.0,0,0,2025,0.007724761962890625,250,1775,0.25,matched_multiscale_normalized_mse_v1,reference_norm_relative_v2,first_nonzero_active_used_gradient_norm_per_sample_v1
fullgeo_case04,42,CONTINUOUS_PROPERTY_TARGET,0,9,0.296875,0.19509032201612825,0.4191398608984867,0.0,2.886232376098633,0.20918744802474976,1.5,0.6633217930793762,0.06562808901071548,3.0,2.120758533477783,0.023970667272806168,2.0662643909454346,0.2964257597923279,0.0725860595703125,2.5251593589782715,0.007821760140359402,0.47931140661239624,0.0139014208689332,0.0139014208689332,1657.8121337890625,89.12932586669922,1660.2781982421875,0.04877258050403206,0.053763266652822495,0.053763266652822495,0.0,0.012610992416739464,1.102325677871704,0.05376322567462921,51.82952117919922,2.3702468872070312,0.0,0,0,2307,0.008800506591796875,272,2035,0.25,matched_multiscale_normalized_mse_v1,reference_norm_relative_v2,first_nonzero_active_used_gradient_norm_per_sample_v1
fullgeo_case04,42,CONTINUOUS_PROPERTY_TARGET,0,10,0.328125,0.3214394653031616,0.4028205488386443,0.0,2.8073325157165527,0.20918744802474976,1.5,0.6072762608528137,0.06562808901071548,3.0,2.163280963897705,0.023970667272806168,2.018505334854126,0.29234057664871216,0.0725860595703125,2.5102057456970215,0.007131415419280529,0.5051895380020142,0.015689216554164886,0.015689216554164886,1657.35888671875,165.69427490234375,1665.722412109375,0.0803598663257904,0.09997495263814926,0.09997495263814926,0.0,0.012610992416739464,1.2440905570983887,0.09997489303350449,51.99417495727539,2.4912540912628174,0.0,0,0,2783,0.010616302490234375,372,2411,0.25,matched_multiscale_normalized_mse_v1,reference_norm_relative_v2,first_nonzero_active_used_gradient_norm_per_sample_v1
fullgeo_case04,42,CONTINUOUS_PROPERTY_TARGET,0,11,0.359375,0.4422886902190013,0.3855110186860564,0.0,2.6545419692993164,0.20918744802474976,1.5,0.5232616662979126,0.06562808901071548,3.0,2.1902899742126465,0.023970667272806168,1.9223074913024902,0.2840936481952667,0.0725860595703125,2.490614414215088,0.006415077485144138,0.534989058971405,0.017599686980247498,0.017599686980247498,1655.8515625,255.51869201660156,1675.5257568359375,0.11057217255475033,0.15431265532970428,0.15431265532970428,0.0,0.012610992416739464,1.3955830335617065,0.15431256592273712,52.29645538330078,2.582399368286133,0.0,0,0,3297,0.012577056884765625,481,2816,0.25,matched_multiscale_normalized_mse_v1,reference_norm_relative_v2,first_nonzero_active_used_gradient_norm_per_sample_v1
fullgeo_case04,42,CONTINUOUS_PROPERTY_TARGET,0,12,0.390625,0.5555702330196022,0.367377970678444,0.0,2.3955307006835938,0.20918744802474976,1.5,0.4067831337451935,0.06562808901071548,3.0,2.203688621520996,0.023970667272806168,1.7605379819869995,0.2688251733779907,0.0725860595703125,2.462101936340332,0.005663753487169743,0.5688996315002441,0.019079048186540604,0.019079048186540604,1653.6182861328125,347.4733581542969,1689.3013916015625,0.13889255825490054,0.21012921631336212,0.21012921631336212,0.0,0.012610992416739464,1.512890338897705,0.21012912690639496,52.72407913208008,2.6506948471069336,0.0,0,0,3945,0.015048980712890625,621,3324,0.25,matched_multiscale_normalized_mse_v1,reference_norm_relative_v2,first_nonzero_active_used_gradient_norm_per_sample_v1
fullgeo_case04,42,CONTINUOUS_PROPERTY_TARGET,0,13,0.421875,0.6593458151000688,0.3485960359806528,0.0,2.023836612701416,0.20918744802474976,1.5,0.2710649073123932,0.06562808901071548,3.0,2.2161331176757812,0.023970667272806168,1.5364644527435303,0.24349017441272736,0.0725860595703125,2.4169363975524902,0.0048656705766916275,0.6069469451904297,0.01904343254864216,0.01904343254864216,1652.1583251953125,411.2450256347656,1699.6123046875,0.1648364537750172,0.2489139437675476,0.2489139437675476,0.0,0.012610992416739464,1.5100661516189575,0.24891380965709686,53.042999267578125,2.723755359649658,0.0,0,0,4723,0.018016815185546875,781,3942,0.25,matched_multiscale_normalized_mse_v1,reference_norm_relative_v2,first_nonzero_active_used_gradient_norm_per_sample_v1
fullgeo_case04,42,CONTINUOUS_PROPERTY_TARGET,0,14,0.453125,0.7518398074789773,0.32934609489107236,0.0,1.5862635374069214,0.20918744802474976,1.5,0.160236656665802,0.06562808901071548,3.0,2.2321932315826416,0.023970667272806168,1.2876414060592651,0.20820626616477966,0.0725860595703125,2.3500850200653076,0.004095915239304304,0.6488853693008423,0.01829521171748638,0.01829521171748638,1651.1973876953125,412.7991638183594,1694.478515625,0.18795995186974432,0.25,0.2726801335811615,1.0,0.012610992416739464,1.450735330581665,0.24999989569187164,52.875083923339844,2.8614587783813477,0.0,0,0,5418,0.02066802978515625,772,4646,0.25,matched_multiscale_normalized_mse_v1,reference_norm_relative_v2,first_nonzero_active_used_gradient_norm_per_sample_v1
fullgeo_case04,42,CONTINUOUS_PROPERTY_TARGET,0,15,0.484375,0.8314696123025452,0.3098135348654836,0.0,1.1949565410614014,0.20918744802474976,1.5,0.10546638816595078,0.06562808901071548,3.0,2.2052574157714844,0.023970667272806168,1.0701696872711182,0.171116441488266,0.0725860595703125,2.267876148223877,0.00337197189219296,0.6940759420394897,0.017518220469355583,0.017518220469355583,1651.2242431640625,412.8058776855469,1688.756591796875,0.2078674030756363,0.25,0.2887533903121948,1.0,0.012610992416739464,1.3891230821609497,0.24999989569187164,52.68227005004883,3.104185104370117,0.0,0,0,6563,0.025035858154296875,914,5649,0.25,matched_multiscale_normalized_mse_v1,reference_norm_relative_v2,first_nonzero_active_used_gradient_norm_per_sample_v1
fullgeo_case04,42,CONTINUOUS_PROPERTY_TARGET,0,16,0.515625,0.8968727415326884,0.2901864651345164,0.0,0.8797966837882996,0.20918744802474976,1.5,0.08255574852228165,0.06562808901071548,3.0,2.050140857696533,0.023970667272806168,0.8746932744979858,0.13814625144004822,0.0725860595703125,2.1826417446136475,0.0027092532254755497,0.7413794994354248,0.017617352306842804,0.017617352306842804,1651.021728515625,412.7552185058594,1685.697509765625,0.2242181853831721,0.25,0.31322920322418213,1.0,0.012610992416739464,1.3969838619232178,0.24999986588954926,52.575199127197266,3.2901666164398193,0.0,0,0,7660,0.0292205810546875,910,6750,0.25,matched_multiscale_normalized_mse_v1,reference_norm_relative_v2,first_nonzero_active_used_gradient_norm_per_sample_v1
fullgeo_case04,42,CONTINUOUS_PROPERTY_TARGET,0,17,0.546875,0.9469301294951056,0.2706539051089276,0.0,0.6371936798095703,0.20918744802474976,1.5,0.06653308123350143,0.06562808901071548,3.0,1.7804853916168213,0.023970667272806168,0.6946538686752319,0.11150716245174408,0.0725860595703125,2.0987958908081055,0.002089201472699642,0.7891169190406799,0.017149489372968674,0.017149489372968674,1650.265869140625,412.56622314453125,1683.301513671875,0.2367325323737764,0.25,0.32192882895469666,1.0,0.012610992416739464,1.359884262084961,0.24999985098838806,52.48675537109375,3.4977595806121826,0.0,0,0,8979,0.034252166748046875,1001,7978,0.25,matched_multiscale_normalized_mse_v1,reference_norm_relative_v2,first_nonzero_active_used_gradient_norm_per_sample_v1
fullgeo_case04,42,CONTINUOUS_PROPERTY_TARGET,0,18,0.578125,0.9807852804032304,0.2514039640193472,0.0,0.47155749797821045,0.20918744802474976,1.5,0.047526560723781586,0.06562808901071548,3.0,1.411573886871338,0.023970667272806168,0.5323514938354492,0.09322354942560196,0.0725860595703125,2.0238113403320312,0.0015573544660583138,0.835170328617096,0.015685848891735077,0.015685848891735077,1650.982177734375,412.74530029296875,1684.423095703125,0.2451963201008076,0.25,0.30498093366622925,1.0,0.012610992416739464,1.243823528289795,0.24999985098838806,52.50468063354492,3.7471368312835693,0.0,0,0,10387,0.039623260498046875,1039,9348,0.25,matched_multiscale_normalized_mse_v1,reference_norm_relative_v2,first_nonzero_active_used_gradient_norm_per_sample_v1
fullgeo_case04,42,CONTINUOUS_PROPERTY_TARGET,0,19,0.609375,0.9978589232386035,0.232622029321556,0.0,0.3697543442249298,0.20918744802474976,1.5,0.0289293359965086,0.06562808901071548,3.0,1.0194085836410522,0.023970667272806168,0.3974376916885376,0.08305549621582031,0.0725860595703125,1.949566125869751,0.0011203027097508311,0.8772691488265991,0.013970796018838882,0.013970796018838882,1651.150390625,412.78729248046875,1687.4228515625,0.24946473080965087,0.25,0.276363730430603,1.0,0.012610992416739464,1.107826828956604,0.24999982118606567,52.579830169677734,4.002696514129639,0.0,0,0,11853,0.045215606689453125,1204,10649,0.25,matched_multiscale_normalized_mse_v1,reference_norm_relative_v2,first_nonzero_active_used_gradient_norm_per_sample_v1
fullgeo_case04,42,CONTINUOUS_PROPERTY_TARGET,0,20,0.640625,0.9978589232386035,0.21448898131394362,0.0,0.3530832529067993,0.20918744802474976,1.5,0.01880093663930893,0.06562808901071548,3.0,0.6616275310516357,0.023970667272806168,0.3145074248313904,0.08094004541635513,0.0725860595703125,1.8674321174621582,0.00077761837746948,0.9134263396263123,0.017038850113749504,0.017038850113749504,1651.147216796875,412.78656005859375,1691.6947021484375,0.24946473080965087,0.25,0.3370545208454132,1.0,0.012610992416739464,1.3511109352111816,0.24999985098838806,52.68830490112305,4.324283123016357,0.0,0,0,13718,0.05233001708984375,1404,12314,0.25,matched_multiscale_normalized_mse_v1,reference_norm_relative_v2,first_nonzero_active_used_gradient_norm_per_sample_v1
fullgeo_case04,42,CONTINUOUS_PROPERTY_TARGET,0,21,0.671875,0.9807852804032304,0.19717945116135566,0.0,0.4248683750629425,0.20918744802474976,1.5,0.021816344931721687,0.06562808901071548,3.0,0.4875309467315674,0.023970667272806168,0.31648528575897217,0.09179434180259705,0.0725860595703125,1.7422410249710083,0.0005218944279477,0.9423894286155701,0.02556736208498478,0.02556736208498478,1652.5360107421875,413.1338195800781,1695.711669921875,0.2451963201008076,0.25,0.4971078038215637,1.0,0.012610992416739464,2.0273869037628174,0.24999989569187164,52.78193283081055,4.702417373657227,0.0,0,0,15664,0.05975341796875,1722,13942,0.25,matched_multiscale_normalized_mse_v1,reference_norm_relative_v2,first_nonzero_active_used_gradient_norm_per_sample_v1
fullgeo_case04,42,CONTINUOUS_PROPERTY_TARGET,0,22,0.703125,0.9469301294951057,0.18086013910151333,0.0,0.5458493828773499,0.20918744802474976,1.5,0.04174428805708885,0.06562808901071548,3.0,0.35576289892196655,0.023970667272806168,0.3566005825996399,0.10932771861553192,0.0725860595703125,1.6258903741836548,0.00032738185836933553,0.9639109969139099,0.03694251924753189,0.03694251924753189,1653.8104248046875,413.45245361328125,1695.906494140625,0.23673253237377642,0.25,0.693481981754303,1.0,0.012610992416739464,2.9293904304504395,0.24999991059303284,52.745262145996094,5.1601996421813965,0.0,0,0,16492,0.0629119873046875,2031,14461,0.25,matched_multiscale_normalized_mse_v1,reference_norm_relative_v2,first_nonzero_active_used_gradient_norm_per_sample_v1
fullgeo_case04,42,CONTINUOUS_PROPERTY_TARGET,0,23,0.734375,0.8968727415326884,0.16568820903059628,0.0,0.6307673454284668,0.20918744802474976,1.5,0.06150896102190018,0.06562808901071548,3.0,0.34877216815948486,0.023970667272806168,0.4035907983779907,0.12496639043092728,0.0725860595703125,1.4612648487091064,0.00019752504886128008,0.9786992073059082,0.0519852377474308,0.0519852377474308,1654.9658203125,413.7413635253906,1696.0889892578125,0.2242181853831721,0.25,0.9242758750915527,1.0,0.012610992416739464,4.12221622467041,0.24999994039535522,52.703651428222656,5.6231584548950195,0.0,0,0,15769,0.060153961181640625,2326,13443,0.25,matched_multiscale_normalized_mse_v1,reference_norm_relative_v2,first_nonzero_active_used_gradient_norm_per_sample_v1
fullgeo_case04,42,CONTINUOUS_PROPERTY_TARGET,0,24,0.765625,0.8314696123025455,0.1518097749290082,0.0,0.8007554411888123,0.20918744802474976,1.5,0.10540185868740082,0.06562808901071548,3.0,0.3679127097129822,0.023970667272806168,0.5055808424949646,0.14789018034934998,0.0725860595703125,1.276061773300171,0.00010760939767351374,0.9880927205085754,0.0692075565457344,0.0692075565457344,1657.7498779296875,414.4374084472656,1697.0838623046875,0.20786740307563636,0.25,1.1407504081726074,1.0,0.012610992416739464,5.487875461578369,0.2499999701976776,52.66934585571289,6.20733118057251,0.0,0,0,12984,0.049530029296875,2217,10767,0.25,matched_multiscale_normalized_mse_v1,reference_norm_relative_v2,first_nonzero_active_used_gradient_norm_per_sample_v1
fullgeo_case04,42,CONTINUOUS_PROPERTY_TARGET,0,25,0.796875,0.7518398074789774,0.139358493703871,0.0,0.9253966808319092,0.20918744802474976,1.5,0.12367403507232666,0.06562808901071548,3.0,0.45361417531967163,0.023970667272806168,0.5905234217643738,0.162265345454216,0.0725860595703125,1.0657298564910889,4.836438165511936e-05,0.9936268329620361,0.0844767689704895,0.0844767689704895,1662.9376220703125,415.734375,1700.94873046875,0.18795995186974435,0.25,1.2590800523757935,1.0,0.012610992416739464,6.6986613273620605,0.2499999850988388,52.7183837890625,6.796210289001465,0.0,0,0,9132,0.0348358154296875,2028,7104,0.25,matched_multiscale_normalized_mse_v1,reference_norm_relative_v2,first_nonzero_active_used_gradient_norm_per_sample_v1
fullgeo_case04,42,CONTINUOUS_PROPERTY_TARGET,0,26,0.828125,0.659345815100069,0.12845427799994558,0.0,1.2012611627578735,0.20918744802474976,1.5,0.17293965816497803,0.06562808901071548,3.0,0.5055814385414124,0.023970667272806168,0.7536287903785706,0.18917842209339142,0.0725860595703125,0.854531466960907,2.091105852741748e-05,0.9966714382171631,0.10437866300344467,0.10437866300344467,1669.655517578125,417.41387939453125,1707.8602294921875,0.16483645377501724,0.25,1.3643183708190918,1.0,0.012610992416739464,8.276800155639648,0.25,52.84306716918945,7.485611915588379,0.0,0,0,5711,0.021785736083984375,1831,3880,0.25,matched_multiscale_normalized_mse_v1,reference_norm_relative_v2,first_nonzero_active_used_gradient_norm_per_sample_v1
fullgeo_case04,42,CONTINUOUS_PROPERTY_TARGET,0,27,0.859375,0.5555702330196022,0.11920214137531127,0.0,1.4702684879302979,0.20918744802474976,1.5,0.16560964286327362,0.06562808901071548,3.0,0.6143454909324646,0.023970667272806168,0.9076862335205078,0.2103337198495865,0.0725860595703125,0.6324028372764587,9.261177183361724e-06,0.99825519323349,0.11638567596673965,0.11638567596673965,1676.7061767578125,419.176513671875,1714.1951904296875,0.13889255825490054,0.25,1.2818264961242676,1.0,0.012610992416739464,9.228906631469727,0.2499999850988388,52.927364349365234,8.26370620727539,0.0,0,0,3643,0.013896942138671875,1533,2110,0.25,matched_multiscale_normalized_mse_v1,reference_norm_relative_v2,first_nonzero_active_used_gradient_norm_per_sample_v1
fullgeo_case04,42,CONTINUOUS_PROPERTY_TARGET,0,28,0.890625,0.4422886902190013,0.11169118696339586,0.0,1.8250833749771118,0.20918744802474976,1.5,0.22050908207893372,0.06562808901071548,3.0,0.6245470643043518,0.023970667272806168,1.1036038398742676,0.23605895042419434,0.0725860595703125,0.4510738253593445,3.819274752459023e-06,0.9990459084510803,0.12797267735004425,0.12797267735004425,1684.8304443359375,421.2075500488281,1721.7371826171875,0.11057217255475033,0.25,1.1220542192459106,1.0,0.012610992416739464,10.147708892822266,0.2499999701976776,53.034080505371094,9.071244239807129,0.0,0,0,2631,0.010036468505859375,1260,1371,0.25,matched_multiscale_normalized_mse_v1,reference_norm_relative_v2,first_nonzero_active_used_gradient_norm_per_sample_v1
fullgeo_case04,42,CONTINUOUS_PROPERTY_TARGET,0,29,0.921875,0.32143946530316175,0.10599374936109118,0.0,2.1330854892730713,0.20918744802474976,1.5,0.22625750303268433,0.06562808901071548,3.0,0.6020838022232056,0.023970667272806168,1.2548367977142334,0.2584255039691925,0.0725860595703125,0.3141597509384155,2.525977834011428e-06,0.9994298815727234,0.1357460916042328,0.1357460916042328,1698.1317138671875,424.53289794921875,1739.302001953125,0.08035986632579044,0.25,0.8650023341178894,1.0,0.012610992416739464,10.764108657836914,0.2499999850988388,53.46490478515625,9.786367416381836,0.0,0,0,1946,0.00742340087890625,1016,930,0.25,matched_multiscale_normalized_mse_v1,reference_norm_relative_v2,first_nonzero_active_used_gradient_norm_per_sample_v1
fullgeo_case04,42,CONTINUOUS_PROPERTY_TARGET,0,30,0.953125,0.1950903220161286,0.10216469800704375,0.0,2.5045669078826904,0.20918744802474976,1.5,0.21909528970718384,0.06562808901071548,3.0,0.5259630084037781,0.023970667272806168,1.4232046604156494,0.2844567894935608,0.0725860595703125,0.18199659883975983,7.4695981311379e-07,0.999609649181366,0.1184932142496109,0.1184932142496109,1745.301025390625,436.32525634765625,1788.7257080078125,0.04877258050403215,0.25,0.4582684338092804,1.0,0.012610992416739464,9.396025657653809,0.25,54.886871337890625,10.582141876220703,0.0,0,0,1481,0.005649566650390625,812,669,0.25,matched_multiscale_normalized_mse_v1,reference_norm_relative_v2,first_nonzero_active_used_gradient_norm_per_sample_v1
fullgeo_case04,42,CONTINUOUS_PROPERTY_TARGET,0,31,0.984375,0.06540312923014312,0.10024090875896552,0.0,2.8072078227996826,0.20918744802474976,1.5,0.2557793855667114,0.06562808901071548,3.0,0.48953670263290405,0.023970667272806168,1.5782450437545776,0.3020023703575134,0.0725860595703125,0.10566312074661255,5.891923251510889e-07,0.9996809959411621,0.1021977961063385,0.1021977961063385,1905.89013671875,252.5391082763672,1917.479736328125,0.01635078230753578,0.13250455260276794,0.13250455260276794,0.0,0.012610992416739464,8.103866577148438,0.13250455260276794,58.659637451171875,12.231194496154785,0.0,0,0,1250,0.00476837158203125,568,682,0.25,matched_multiscale_normalized_mse_v1,reference_norm_relative_v2,first_nonzero_active_used_gradient_norm_per_sample_v1
fullgeo_case04,142,CONTINUOUS_PROPERTY_TARGET,1,0,0.015625,0.0,0.49975909124103446,0.0,3.01809024810791,0.20918744802474976,1.5,0.8158606886863708,0.06562808901071548,3.0,1.8565715551376343,0.023970667272806168,2.125117778778076,0.30291810631752014,0.0725860595703125,2.5786845684051514,0.010431102477014065,0.3786771595478058,0.0,0.0,1651.061279296875,0.0,1651.061279296875,0.0,0.0,0.0,0.0,0.0,0.0,0.0,51.542144775390625,2.349421739578247,1230.5416259765625,0,0,780,0.0029754638671875,82,698,0.25,matched_multiscale_normalized_mse_v1,reference_norm_relative_v2,first_nonzero_active_used_gradient_norm_per_sample_v1
fullgeo_case04,142,CONTINUOUS_PROPERTY_TARGET,1,1,0.046875,0.0,0.4978353019929562,0.0,3.013432502746582,0.20918744802474976,1.5,0.8096007704734802,0.06562808901071548,3.0,1.8594235181808472,0.023970667272806168,2.12148118019104,0.3026794195175171,0.0725860595703125,2.577707290649414,0.010334021411836147,0.3806283175945282,0.0,0.0,1648.589111328125,0.0,1648.589111328125,0.0,0.0,0.0,0.0,0.0,0.0,0.0,51.461605072021484,2.418565034866333,0.0,0,0,959,0.003658294677734375,99,860,0.25,matched_multiscale_normalized_mse_v1,reference_norm_relative_v2,first_nonzero_active_used_gradient_norm_per_sample_v1
fullgeo_case04,142,CONTINUOUS_PROPERTY_TARGET,1,2,0.078125,0.0,0.4940062506389088,0.0,3.008201837539673,0.20918744802474976,1.5,0.8007608652114868,0.06562808901071548,3.0,1.8642359972000122,0.023970667272806168,2.1171765327453613,0.30241167545318604,0.0725860595703125,2.575735569000244,0.010163169354200363,0.3845687210559845,0.0,0.0,1646.666748046875,0.0,1646.666748046875,0.0,0.0,0.0,0.0,0.0,0.0,0.0,51.40104293823242,2.4276466369628906,0.0,0,0,914,0.00348663330078125,100,814,0.25,matched_multiscale_normalized_mse_v1,reference_norm_relative_v2,first_nonzero_active_used_gradient_norm_per_sample_v1
fullgeo_case04,142,CONTINUOUS_PROPERTY_TARGET,1,3,0.109375,0.0,0.4883088130366042,0.0,3.0020534992218018,0.20918744802474976,1.5,0.7891379594802856,0.06562808901071548,3.0,1.8732118606567383,0.023970667272806168,2.112410545349121,0.302094042301178,0.0725860595703125,2.572720527648926,0.00992139894515276,0.3905751705169678,0.0,0.0,1644.9051513671875,0.0,1644.9051513671875,0.0,0.0,0.0,0.0,0.0,0.0,0.0,51.34558868408203,2.4347782135009766,0.0,0,0,1085,0.004138946533203125,127,958,0.25,matched_multiscale_normalized_mse_v1,reference_norm_relative_v2,first_nonzero_active_used_gradient_norm_per_sample_v1
fullgeo_case04,142,CONTINUOUS_PROPERTY_TARGET,1,4,0.140625,0.0,0.48079785862468866,0.0,2.994602680206299,0.20918744802474976,1.5,0.7746511101722717,0.06562808901071548,3.0,1.8895955085754395,0.023970667272806168,2.1076157093048096,0.30170485377311707,0.0725860595703125,2.5685875415802,0.009614438749849796,0.3987639844417572,0.0,0.0,1645.5469970703125,0.0,1645.5469970703125,0.0,0.0,0.0,0.0,0.0,0.0,0.0,51.365726470947266,2.433675527572632,0.0,0,0,1183,0.004512786865234375,142,1041,0.25,matched_multiscale_normalized_mse_v1,reference_norm_relative_v2,first_nonzero_active_used_gradient_norm_per_sample_v1
fullgeo_case04,142,CONTINUOUS_PROPERTY_TARGET,1,5,0.171875,0.0,0.4715457220000544,0.0,2.9857048988342285,0.20918744802474976,1.5,0.7570977807044983,0.06562808901071548,3.0,1.9140026569366455,0.023970667272806168,2.1027822494506836,0.30123665928840637,0.0725860595703125,2.563232660293579,0.009249749593436718,0.40929174423217773,0.0,0.0,1647.215576171875,0.0,1647.215576171875,0.0,0.0,0.0,0.0,0.0,0.0,0.0,51.4186897277832,2.4174342155456543,0.0,0,0,1320,0.005035400390625,150,1170,0.25,matched_multiscale_normalized_mse_v1,reference_norm_relative_v2,first_nonzero_active_used_gradient_norm_per_sample_v1
fullgeo_case04,142,CONTINUOUS_PROPERTY_TARGET,1,6,0.203125,0.0,0.460641506296129,0.0,2.975076198577881,0.20918744802474976,1.5,0.7362440228462219,0.06562808901071548,3.0,1.9478237628936768,0.023970667272806168,2.0979762077331543,0.30067408084869385,0.0725860595703125,2.556518316268921,0.008830777369439602,0.4223563075065613,0.0,0.0,1649.5029296875,0.0,1649.5029296875,0.0,0.0,0.0,0.0,0.0,0.0,0.0,51.490806579589844,2.405515432357788,0.0,0,0,1520,0.00579833984375,164,1356,0.25,matched_multiscale_normalized_mse_v1,reference_norm_relative_v2,first_nonzero_active_used_gradient_norm_per_sample_v1
fullgeo_case04,142,CONTINUOUS_PROPERTY_TARGET,1,7,0.234375,0.0,0.4481902250709918,0.0,2.962761402130127,0.20918744802474976,1.5,0.7119079828262329,0.06562808901071548,3.0,1.9895440340042114,0.023970667272806168,2.0928618907928467,0.30001962184906006,0.0725860595703125,2.548265218734741,0.008357992395758629,0.43819504976272583,0.0,0.0,1652.880126953125,0.0,1652.880126953125,0.0,0.0,0.0,0.0,0.0,0.0,0.0,51.598575592041016,2.3596816062927246,0.0,0,0,1666,0.00635528564453125,187,1479,0.25,matched_multiscale_normalized_mse_v1,reference_norm_relative_v2,first_nonzero_active_used_gradient_norm_per_sample_v1
fullgeo_case04,142,CONTINUOUS_PROPERTY_TARGET,1,8,0.265625,0.06540312923014306,0.43431179096940364,0.0,2.948622226715088,0.20918744802474976,1.5,0.6839038729667664,0.06562808901071548,3.0,2.039512872695923,0.023970667272806168,2.0873847007751465,0.2992640435695648,0.0725860595703125,2.5382449626922607,0.007836605422198772,0.4570808708667755,0.012413419783115387,0.012413419783115387,1656.9852294921875,27.09298324584961,1657.259521484375,0.016350782307535765,0.01635078154504299,0.01635078154504299,0.0,0.012413419783115387,1.0,0.016350768506526947,51.73694610595703,2.3294484615325928,0.0,0,0,1929,0.007358551025390625,227,1702,0.25,matched_multiscale_normalized_mse_v1,reference_norm_relative_v2,first_nonzero_active_used_gradient_norm_per_sample_v1
fullgeo_case04,142,CONTINUOUS_PROPERTY_TARGET,1,9,0.296875,0.19509032201612825,0.4191398608984867,0.0,2.9170405864715576,0.20918744802474976,1.5,0.6464700698852539,0.06562808901071548,3.0,2.0914154052734375,0.023970667272806168,2.070744276046753,0.29762306809425354,0.0725860595703125,2.5261449813842773,0.007279563695192337,0.47931140661239624,0.013701454736292362,0.013701454736292362,1657.738037109375,89.2414321899414,1660.267822265625,0.04877258050403206,0.05383329465985298,0.05383329465985298,0.0,0.012413419783115387,1.1037614345550537,0.0538332536816597,51.82984924316406,2.3559911251068115,0.0,0,0,2325,0.008869171142578125,273,2052,0.25,matched_multiscale_normalized_mse_v1,reference_norm_relative_v2,first_nonzero_active_used_gradient_norm_per_sample_v1
fullgeo_case04,142,CONTINUOUS_PROPERTY_TARGET,1,10,0.328125,0.3214394653031616,0.4028205488386443,0.0,2.8399507999420166,0.20918744802474976,1.5,0.5899630784988403,0.06562808901071548,3.0,2.1317930221557617,0.023970667272806168,2.0233230590820312,0.293622761964798,0.0725860595703125,2.511293649673462,0.0066842008382081985,0.5051895380020142,0.015499148517847061,0.015499148517847061,1657.1561279296875,166.2718505859375,1665.6893310546875,0.0803598663257904,0.1003357321023941,0.1003357321023941,0.0,0.012413419783115387,1.2485800981521606,0.10033565759658813,51.99409484863281,2.471386194229126,0.0,0,0,2827,0.010784149169921875,404,2423,0.25,matched_multiscale_normalized_mse_v1,reference_norm_relative_v2,first_nonzero_active_used_gradient_norm_per_sample_v1
fullgeo_case04,142,CONTINUOUS_PROPERTY_TARGET,1,11,0.359375,0.4422886902190013,0.3855110186860564,0.0,2.6885554790496826,0.20918744802474976,1.5,0.5062800049781799,0.06562808901071548,3.0,2.1575355529785156,0.023970667272806168,1.927668809890747,0.28548914194107056,0.0725860595703125,2.4917244911193848,0.006008062977343798,0.534989058971405,0.017433926463127136,0.017433926463127136,1655.5975341796875,257.1011962890625,1675.672607421875,0.11057217255475033,0.15529218316078186,0.15529218316078186,0.0,0.012413419783115387,1.4044418334960938,0.1552920937538147,52.30220413208008,2.5589663982391357,0.0,0,0,3241,0.012363433837890625,506,2735,0.25,matched_multiscale_normalized_mse_v1,reference_norm_relative_v2,first_nonzero_active_used_gradient_norm_per_sample_v1
fullgeo_case04,142,CONTINUOUS_PROPERTY_TARGET,1,12,0.390625,0.5555702330196022,0.367377970678444,0.0,2.4315030574798584,0.20918744802474976,1.5,0.390657901763916,0.06562808901071548,3.0,2.1705050468444824,0.023970667272806168,1.7670499086380005,0.2703394293785095,0.0725860595703125,2.4628500938415527,0.005277641583234072,0.5688996315002441,0.018857842311263084,0.018857842311263084,1653.228515625,348.82867431640625,1689.24951171875,0.13889255825490054,0.21099857985973358,0.21099857985973358,0.0,0.012413419783115387,1.519149661064148,0.21099846065044403,52.723670959472656,2.626406669616699,0.0,0,0,3819,0.014568328857421875,606,3213,0.25,matched_multiscale_normalized_mse_v1,reference_norm_relative_v2,first_nonzero_active_used_gradient_norm_per_sample_v1
fullgeo_case04,142,CONTINUOUS_PROPERTY_TARGET,1,13,0.421875,0.6593458151000688,0.3485960359806528,0.0,2.0635111331939697,0.20918744802474976,1.5,0.257793128490448,0.06562808901071548,3.0,2.1823513507843018,0.023970667272806168,1.545563817024231,0.2453199326992035,0.0725860595703125,2.417189359664917,0.004550219047814608,0.6069469451904297,0.0187461469322443,0.0187461469322443,1651.80615234375,411.1806945800781,1698.9864501953125,0.1648364537750172,0.24892805516719818,0.24892805516719818,0.0,0.012413419783115387,1.510151743888855,0.24892793595790863,53.02433395385742,2.7057974338531494,0.0,0,0,4774,0.01821136474609375,771,4003,0.25,matched_multiscale_normalized_mse_v1,reference_norm_relative_v2,first_nonzero_active_used_gradient_norm_per_sample_v1
fullgeo_case04,142,CONTINUOUS_PROPERTY_TARGET,1,14,0.453125,0.7518398074789773,0.32934609489107236,0.0,1.6405917406082153,0.20918744802474976,1.5,0.15274444222450256,0.06562808901071548,3.0,2.19040584564209,0.023970667272806168,1.3042004108428955,0.2111533284187317,0.0725860595703125,2.3512754440307617,0.003841564990580082,0.6488853693008423,0.01812887191772461,0.01812887191772461,1650.8900146484375,412.7223205566406,1693.9161376953125,0.18795995186974432,0.25,0.2745014727115631,1.0,0.012413419783115387,1.4604252576828003,0.24999989569187164,52.85785675048828,2.8545336723327637,0.0,0,0,5625,0.021457672119140625,768,4857,0.25,matched_multiscale_normalized_mse_v1,reference_norm_relative_v2,first_nonzero_active_used_gradient_norm_per_sample_v1
fullgeo_case04,142,CONTINUOUS_PROPERTY_TARGET,1,15,0.484375,0.8314696123025452,0.3098135348654836,0.0,1.2595975399017334,0.20918744802474976,1.5,0.10166983306407928,0.06562808901071548,3.0,2.1537373065948486,0.023970667272806168,1.0910471677780151,0.17517971992492676,0.0725860595703125,2.2709951400756836,0.003168489085510373,0.6940759420394897,0.01750151440501213,0.01750151440501213,1650.955322265625,412.7386474609375,1688.62353515625,0.2078674030756363,0.25,0.293069452047348,1.0,0.012413419783115387,1.4098865985870361,0.24999989569187164,52.67839431762695,3.0992915630340576,0.0,0,0,6531,0.024913787841796875,882,5649,0.25,matched_multiscale_normalized_mse_v1,reference_norm_relative_v2,first_nonzero_active_used_gradient_norm_per_sample_v1
fullgeo_case04,142,CONTINUOUS_PROPERTY_TARGET,1,16,0.515625,0.8968727415326884,0.2901864651345164,0.0,0.95245760679245,0.20918744802474976,1.5,0.08015222102403641,0.06562808901071548,3.0,1.990187168121338,0.023970667272806168,0.8983119130134583,0.1430559754371643,0.0725860595703125,2.187005043029785,0.002546340925619006,0.7413794994354248,0.01747545786201954,0.01747545786201954,1650.906982421875,412.7265319824219,1685.8599853515625,0.2242181853831721,0.25,0.3156515657901764,1.0,0.012413419783115387,1.407787561416626,0.24999986588954926,52.58058547973633,3.2854061126708984,0.0,0,0,7443,0.028392791748046875,943,6500,0.25,matched_multiscale_normalized_mse_v1,reference_norm_relative_v2,first_nonzero_active_used_gradient_norm_per_sample_v1
fullgeo_case04,142,CONTINUOUS_PROPERTY_TARGET,1,17,0.546875,0.9469301294951056,0.2706539051089276,0.0,0.7226492762565613,0.20918744802474976,1.5,0.06430164724588394,0.06562808901071548,3.0,1.708768606185913,0.023970667272806168,0.7223688364028931,0.11778963357210159,0.0725860595703125,2.104832649230957,0.0019885601941496134,0.7891169190406799,0.016871238127350807,0.016871238127350807,1650.308349609375,412.5768737792969,1684.092529296875,0.2367325323737764,0.25,0.32174623012542725,1.0,0.012413419783115387,1.3591128587722778,0.24999986588954926,52.512168884277344,3.4881534576416016,0.0,0,0,8764,0.0334320068359375,998,7766,0.25,matched_multiscale_normalized_mse_v1,reference_norm_relative_v2,first_nonzero_active_used_gradient_norm_per_sample_v1
fullgeo_case04,142,CONTINUOUS_PROPERTY_TARGET,1,18,0.578125,0.9807852804032304,0.2514039640193472,0.0,0.5544044971466064,0.20918744802474976,1.5,0.04535268247127533,0.06562808901071548,3.0,1.3384393453598022,0.023970667272806168,0.5584959387779236,0.10018711537122726,0.0725860595703125,2.030810594558716,0.001505390740931034,0.835170328617096,0.015610871836543083,0.015610871836543083,1651.1492919921875,412.78704833984375,1686.180908203125,0.2451963201008076,0.25,0.30835404992103577,1.0,0.012413419783115387,1.257580280303955,0.24999983608722687,52.560726165771484,3.733450412750244,0.0,0,0,10416,0.03973388671875,1081,9335,0.25,matched_multiscale_normalized_mse_v1,reference_norm_relative_v2,first_nonzero_active_used_gradient_norm_per_sample_v1
fullgeo_case04,142,CONTINUOUS_PROPERTY_TARGET,1,19,0.609375,0.9978589232386035,0.232622029321556,0.0,0.4362156391143799,0.20918744802474976,1.5,0.0294681116938591,0.06562808901071548,3.0,0.963545560836792,0.023970667272806168,0.4196573793888092,0.08928371965885162,0.0725860595703125,1.9548527002334595,0.0011022011749446392,0.8772691488265991,0.015055475756525993,0.015055475756525993,1651.4205322265625,412.8548583984375,1689.52490234375,0.24946473080965087,0.25,0.3025604784488678,1.0,0.012413419783115387,1.2128386497497559,0.24999983608722687,52.64701843261719,3.9853975772857666,0.0,0,0,12102,0.04616546630859375,1232,10870,0.25,matched_multiscale_normalized_mse_v1,reference_norm_relative_v2,first_nonzero_active_used_gradient_norm_per_sample_v1
fullgeo_case04,142,CONTINUOUS_PROPERTY_TARGET,1,20,0.640625,0.9978589232386035,0.21448898131394362,0.0,0.37610527873039246,0.20918744802474976,1.5,0.02134481631219387,0.06562808901071548,3.0,0.6621561050415039,0.023970667272806168,0.326887309551239,0.08342001587152481,0.0725860595703125,1.8673710823059082,0.0007787549402564764,0.9134263396263123,0.01704685389995575,0.01704685389995575,1651.5709228515625,412.89251708984375,1692.1473388671875,0.24946473080965087,0.25,0.34257999062538147,1.0,0.012413419783115387,1.3732601404190063,0.24999986588954926,52.70388412475586,4.3073344230651855,0.0,0,0,13959,0.053249359130859375,1452,12507,0.25,matched_multiscale_normalized_mse_v1,reference_norm_relative_v2,first_nonzero_active_used_gradient_norm_per_sample_v1
fullgeo_case04,142,CONTINUOUS_PROPERTY_TARGET,1,21,0.671875,0.9807852804032304,0.19717945116135566,0.0,0.4584366977214813,0.20918744802474976,1.5,0.024032210931181908,0.06562808901071548,3.0,0.44908788800239563,0.023970667272806168,0.32624557614326477,0.0969286635518074,0.0725860595703125,1.7534223794937134,0.0005291653797030449,0.9423894286155701,0.02635425142943859,0.02635425142943859,1653.04638671875,413.2614440917969,1698.361083984375,0.2451963201008076,0.25,0.5205628275871277,1.0,0.012413419783115387,2.1230452060699463,0.24999991059303284,52.86669921875,4.6838459968566895,0.0,0,0,15657,0.059726715087890625,1818,13839,0.25,matched_multiscale_normalized_mse_v1,reference_norm_relative_v2,first_nonzero_active_used_gradient_norm_per_sample_v1
fullgeo_case04,142,CONTINUOUS_PROPERTY_TARGET,1,22,0.703125,0.9469301294951057,0.18086013910151333,0.0,0.5858911871910095,0.20918744802474976,1.5,0.055144574493169785,0.06562808901071548,3.0,0.3907979130744934,0.023970667272806168,0.3876485228538513,0.11493285745382309,0.0725860595703125,1.6090795993804932,0.000342467799782753,0.9639109969139099,0.040260981768369675,0.040260981768369675,1654.2640380859375,413.5659484863281,1693.8765869140625,0.23673253237377642,0.25,0.7678048610687256,1.0,0.012413419783115387,3.2433433532714844,0.2499999701976776,52.6834602355957,5.14043664932251,0.0,0,0,16379,0.062480926513671875,2107,14272,0.25,matched_multiscale_normalized_mse_v1,reference_norm_relative_v2,first_nonzero_active_used_gradient_norm_per_sample_v1
fullgeo_case04,142,CONTINUOUS_PROPERTY_TARGET,1,23,0.734375,0.8968727415326884,0.16568820903059628,0.0,0.6153576374053955,0.20918744802474976,1.5,0.056309107691049576,0.06562808901071548,3.0,0.28605717420578003,0.023970667272806168,0.38178297877311707,0.12498389929533005,0.0725860595703125,1.4789183139801025,0.00020579680858645588,0.9786992073059082,0.05016283690929413,0.05016283690929413,1655.595458984375,413.8987731933594,1699.7667236328125,0.2242181853831721,0.25,0.9060693979263306,1.0,0.012413419783115387,4.041016578674316,0.24999994039535522,52.82151412963867,5.601663589477539,0.0,0,0,15765,0.060138702392578125,2254,13511,0.25,matched_multiscale_normalized_mse_v1,reference_norm_relative_v2,first_nonzero_active_used_gradient_norm_per_sample_v1
fullgeo_case04,142,CONTINUOUS_PROPERTY_TARGET,1,24,0.765625,0.8314696123025455,0.1518097749290082,0.0,0.8218510746955872,0.20918744802474976,1.5,0.11931785941123962,0.06562808901071548,3.0,0.4253705143928528,0.023970667272806168,0.5317950248718262,0.15085172653198242,0.0725860595703125,1.2522876262664795,0.00010592643229756504,0.9880927205085754,0.07133352011442184,0.07133352011442184,1658.244384765625,414.5610656738281,1695.6705322265625,0.20786740307563636,0.25,1.1945067644119263,1.0,0.012413419783115387,5.746484279632568,0.2499999850988388,52.62749481201172,6.18512487411499,0.0,0,0,13071,0.049861907958984375,2172,10899,0.25,matched_multiscale_normalized_mse_v1,reference_norm_relative_v2,first_nonzero_active_used_gradient_norm_per_sample_v1
fullgeo_case04,142,CONTINUOUS_PROPERTY_TARGET,1,25,0.796875,0.7518398074789774,0.139358493703871,0.0,0.9061592221260071,0.20918744802474976,1.5,0.12312111258506775,0.06562808901071548,3.0,0.34484925866127014,0.023970667272806168,0.5589858293533325,0.16286426782608032,0.0725860595703125,1.0771567821502686,4.8129917558981106e-05,0.9936268329620361,0.0827244222164154,0.0827244222164154,1663.7142333984375,415.92852783203125,1705.323486328125,0.18795995186974435,0.25,1.2525862455368042,1.0,0.012413419783115387,6.664112091064453,0.2499999850988388,52.85914993286133,6.773409366607666,0.0,0,0,9123,0.034801483154296875,2001,7122,0.25,matched_multiscale_normalized_mse_v1,reference_norm_relative_v2,first_nonzero_active_used_gradient_norm_per_sample_v1
fullgeo_case04,142,CONTINUOUS_PROPERTY_TARGET,1,26,0.828125,0.659345815100069,0.12845427799994558,0.0,1.2692229747772217,0.20918744802474976,1.5,0.18625043332576752,0.06562808901071548,3.0,0.5553233623504639,0.023970667272806168,0.8015512824058533,0.19384942948818207,0.0725860595703125,0.8345504999160767,2.000394306378439e-05,0.9966714382171631,0.10719354450702667,0.10719354450702667,1670.51416015625,417.6285095214844,1703.7548828125,0.16483645377501724,0.25,1.4234113693237305,1.0,0.012413419783115387,8.635294914245605,0.2499999850988388,52.71699523925781,7.460921287536621,0.0,0,0,5455,0.020809173583984375,1671,3784,0.25,matched_multiscale_normalized_mse_v1,reference_norm_relative_v2,first_nonzero_active_used_gradient_norm_per_sample_v1
fullgeo_case04,142,CONTINUOUS_PROPERTY_TARGET,1,27,0.859375,0.5555702330196022,0.11920214137531127,0.0,1.3380295038223267,0.20918744802474976,1.5,0.1333571970462799,0.06562808901071548,3.0,0.4464411437511444,0.023970667272806168,0.7983101606369019,0.19974929094314575,0.0725860595703125,0.6583643555641174,8.698756573721766e-06,0.99825519323349,0.10815859586000443,0.10815859586000443,1677.6063232421875,419.40155029296875,1720.377685546875,0.13889255825490054,0.25,1.2101761102676392,1.0,0.012413419783115387,8.713037490844727,0.2499999850988388,53.12629699707031,8.241825103759766,0.0,0,0,3654,0.01393890380859375,1532,2122,0.25,matched_multiscale_normalized_mse_v1,reference_norm_relative_v2,first_nonzero_active_used_gradient_norm_per_sample_v1
fullgeo_case04,142,CONTINUOUS_PROPERTY_TARGET,1,28,0.890625,0.4422886902190013,0.11169118696339586,0.0,1.8733590841293335,0.20918744802474976,1.5,0.25294846296310425,0.06562808901071548,3.0,0.6121149063110352,0.023970667272806168,1.1349869966506958,0.23716489970684052,0.0725860595703125,0.4605688154697418,4.82218956676661e-06,0.9990459084510803,0.1393383890390396,0.1393383890390396,1685.9962158203125,421.4990234375,1723.5909423828125,0.11057217255475033,0.25,1.2411526441574097,1.0,0.012413419783115387,11.22481918334961,0.2499999850988388,53.095882415771484,9.053494453430176,0.0,0,0,2495,0.009517669677734375,1212,1283,0.25,matched_multiscale_normalized_mse_v1,reference_norm_relative_v2,first_nonzero_active_used_gradient_norm_per_sample_v1
fullgeo_case04,142,CONTINUOUS_PROPERTY_TARGET,1,29,0.921875,0.32143946530316175,0.10599374936109118,0.0,2.1618289947509766,0.20918744802474976,1.5,0.2409629076719284,0.06562808901071548,3.0,0.5038753747940063,0.023970667272806168,1.2539784908294678,0.25977346301078796,0.0725860595703125,0.3049688935279846,3.0282701573014492e-06,0.9994298815727234,0.13626262545585632,0.13626262545585632,1699.748779296875,424.9371643066406,1741.134521484375,0.08035986632579044,0.25,0.8821135759353638,1.0,0.012413419783115387,10.977041244506836,0.2499999850988388,53.52469253540039,9.777779579162598,0.0,0,0,1874,0.00714874267578125,1002,872,0.25,matched_multiscale_normalized_mse_v1,reference_norm_relative_v2,first_nonzero_active_used_gradient_norm_per_sample_v1
fullgeo_case04,142,CONTINUOUS_PROPERTY_TARGET,1,30,0.953125,0.1950903220161286,0.10216469800704375,0.0,2.486506700515747,0.20918744802474976,1.5,0.26086583733558655,0.06562808901071548,3.0,0.43873515725135803,0.023970667272806168,1.4092600345611572,0.28118187189102173,0.0725860595703125,0.1944616138935089,9.198323596137925e-07,0.999609649181366,0.11859914660453796,0.11859914660453796,1747.5540771484375,436.88848876953125,1789.89306640625,0.04877258050403215,0.25,0.4659785032272339,1.0,0.012413419783115387,9.554107666015625,0.2499999850988388,54.92654037475586,10.56905746459961,0.0,0,0,1543,0.005886077880859375,804,739,0.25,matched_multiscale_normalized_mse_v1,reference_norm_relative_v2,first_nonzero_active_used_gradient_norm_per_sample_v1
fullgeo_case04,142,CONTINUOUS_PROPERTY_TARGET,1,31,0.984375,0.06540312923014312,0.10024090875896552,0.0,2.8401551246643066,0.20918744802474976,1.5,0.2758226990699768,0.06562808901071548,3.0,0.4448832869529724,0.023970667272806168,1.5918010473251343,0.30413100123405457,0.0725860595703125,0.10810267180204391,9.312224165114458e-07,0.9996809959411621,0.10883644223213196,0.10883644223213196,1906.04248046875,273.2461242675781,1918.9912109375,0.01635078230753578,0.14335782825946808,0.14335782825946808,0.0,0.012413419783115387,8.767643928527832,0.14335782825946808,58.714256286621094,12.200577735900879,0.0,0,0,1216,0.004638671875,574,642,0.25,matched_multiscale_normalized_mse_v1,reference_norm_relative_v2,first_nonzero_active_used_gradient_norm_per_sample_v1
fullgeo_case04,242,CONTINUOUS_PROPERTY_TARGET,2,0,0.015625,0.0,0.49975909124103446,0.0,2.9992570877075195,0.20918744802474976,1.5,0.8218175172805786,0.06562808901071548,3.0,1.887073278427124,0.023970667272806168,2.1235885620117188,0.3020859360694885,0.0725860595703125,2.578185796737671,0.010672674514353275,0.3786771595478058,0.0,0.0,1651.3311767578125,0.0,1651.3311767578125,0.0,0.0,0.0,0.0,0.0,0.0,0.0,51.55073547363281,2.3461060523986816,1231.0294189453125,0,0,770,0.00293731689453125,89,681,0.25,matched_multiscale_normalized_mse_v1,reference_norm_relative_v2,first_nonzero_active_used_gradient_norm_per_sample_v1
fullgeo_case04,242,CONTINUOUS_PROPERTY_TARGET,2,1,0.046875,0.0,0.4978353019929562,0.0,2.9943106174468994,0.20918744802474976,1.5,0.8155088424682617,0.06562808901071548,3.0,1.8904911279678345,0.023970667272806168,2.119906187057495,0.3018351197242737,0.0725860595703125,2.577212333679199,0.01061012502759695,0.3806283175945282,0.0,0.0,1649.10205078125,0.0,1649.10205078125,0.0,0.0,0.0,0.0,0.0,0.0,0.0,51.47776794433594,2.416203022003174,0.0,0,0,900,0.0034332275390625,100,800,0.25,matched_multiscale_normalized_mse_v1,reference_norm_relative_v2,first_nonzero_active_used_gradient_norm_per_sample_v1
fullgeo_case04,242,CONTINUOUS_PROPERTY_TARGET,2,2,0.078125,0.0,0.4940062506389088,0.0,2.9886796474456787,0.20918744802474976,1.5,0.8066945672035217,0.06562808901071548,3.0,1.8964811563491821,0.023970667272806168,2.1156444549560547,0.3015521466732025,0.0725860595703125,2.5752408504486084,0.010467678308486938,0.3845687210559845,0.0,0.0,1647.2052001953125,0.0,1647.2052001953125,0.0,0.0,0.0,0.0,0.0,0.0,0.0,51.417938232421875,2.4265336990356445,0.0,0,0,970,0.00370025634765625,101,869,0.25,matched_multiscale_normalized_mse_v1,reference_norm_relative_v2,first_nonzero_active_used_gradient_norm_per_sample_v1
fullgeo_case04,242,CONTINUOUS_PROPERTY_TARGET,2,3,0.109375,0.0,0.4883088130366042,0.0,2.9819326400756836,0.20918744802474976,1.5,0.7951907515525818,0.06562808901071548,3.0,1.9079104661941528,0.023970667272806168,2.1111056804656982,0.30121058225631714,0.0725860595703125,2.572223424911499,0.01024513691663742,0.3905751705169678,0.0,0.0,1645.618408203125,0.0,1645.618408203125,0.0,0.0,0.0,0.0,0.0,0.0,0.0,51.3679313659668,2.4341886043548584,0.0,0,0,1131,0.004314422607421875,141,990,0.25,matched_multiscale_normalized_mse_v1,reference_norm_relative_v2,first_nonzero_active_used_gradient_norm_per_sample_v1
fullgeo_case04,242,CONTINUOUS_PROPERTY_TARGET,2,4,0.140625,0.0,0.48079785862468866,0.0,2.97367787361145,0.20918744802474976,1.5,0.7808722257614136,0.06562808901071548,3.0,1.927675485610962,0.023970667272806168,2.106635570526123,0.3007877767086029,0.0725860595703125,2.568086624145508,0.009949777275323868,0.3987639844417572,0.0,0.0,1646.565185546875,0.0,1646.565185546875,0.0,0.0,0.0,0.0,0.0,0.0,0.0,51.39762496948242,2.432708501815796,0.0,0,0,1229,0.004688262939453125,131,1098,0.25,matched_multiscale_normalized_mse_v1,reference_norm_relative_v2,first_nonzero_active_used_gradient_norm_per_sample_v1
fullgeo_case04,242,CONTINUOUS_PROPERTY_TARGET,2,5,0.171875,0.0,0.4715457220000544,0.0,2.9637744426727295,0.20918744802474976,1.5,0.7635409235954285,0.06562808901071548,3.0,1.9562584161758423,0.023970667272806168,2.102201223373413,0.3002755641937256,0.0725860595703125,2.562725782394409,0.009585626423358917,0.40929174423217773,0.0,0.0,1648.597900390625,0.0,1648.597900390625,0.0,0.0,0.0,0.0,0.0,0.0,0.0,51.46189880371094,2.4181859493255615,0.0,0,0,1280,0.0048828125,163,1117,0.25,matched_multiscale_normalized_mse_v1,reference_norm_relative_v2,first_nonzero_active_used_gradient_norm_per_sample_v1
fullgeo_case04,242,CONTINUOUS_PROPERTY_TARGET,2,6,0.203125,0.0,0.460641506296129,0.0,2.9519577026367188,0.20918744802474976,1.5,0.7429750561714172,0.06562808901071548,3.0,1.9949640035629272,0.023970667272806168,2.0978641510009766,0.29965877532958984,0.0725860595703125,2.5560028553009033,0.009154888801276684,0.4223563075065613,0.0,0.0,1650.879638671875,0.0,1650.879638671875,0.0,0.0,0.0,0.0,0.0,0.0,0.0,51.53377914428711,2.4076499938964844,0.0,0,0,1567,0.005977630615234375,170,1397,0.25,matched_multiscale_normalized_mse_v1,reference_norm_relative_v2,first_nonzero_active_used_gradient_norm_per_sample_v1
fullgeo_case04,242,CONTINUOUS_PROPERTY_TARGET,2,7,0.234375,0.0,0.4481902250709918,0.0,2.9382317066192627,0.20918744802474976,1.5,0.7190408706665039,0.06562808901071548,3.0,2.0428659915924072,0.023970667272806168,2.0934014320373535,0.298939049243927,0.0725860595703125,2.547738790512085,0.008664323948323727,0.43819504976272583,0.0,0.0,1654.138916015625,0.0,1654.138916015625,0.0,0.0,0.0,0.0,0.0,0.0,0.0,51.63777542114258,2.3635780811309814,0.0,0,0,1768,0.006744384765625,216,1552,0.25,matched_multiscale_normalized_mse_v1,reference_norm_relative_v2,first_nonzero_active_used_gradient_norm_per_sample_v1
fullgeo_case04,242,CONTINUOUS_PROPERTY_TARGET,2,8,0.265625,0.06540312923014306,0.43431179096940364,0.0,2.922380208969116,0.20918744802474976,1.5,0.6916109323501587,0.06562808901071548,3.0,2.101299524307251,0.023970667272806168,2.088933229446411,0.2981019616127014,0.0725860595703125,2.537705898284912,0.008119354024529457,0.4570808708667755,0.012835540808737278,0.012835540808737278,1658.2979736328125,27.11444664001465,1658.5247802734375,0.016350782307535765,0.01635078154504299,0.01635078154504299,0.0,0.012835540808737278,1.0,0.016350768506526947,51.7763786315918,2.332728385925293,0.0,0,0,1963,0.007488250732421875,259,1704,0.25,matched_multiscale_normalized_mse_v1,reference_norm_relative_v2,first_nonzero_active_used_gradient_norm_per_sample_v1
fullgeo_case04,242,CONTINUOUS_PROPERTY_TARGET,2,9,0.296875,0.19509032201612825,0.4191398608984867,0.0,2.88816499710083,0.20918744802474976,1.5,0.6546440720558167,0.06562808901071548,3.0,2.164698362350464,0.023970667272806168,2.073415517807007,0.29633036255836487,0.0725860595703125,2.5255885124206543,0.007530694827437401,0.47931140661239624,0.014170966111123562,0.014170966111123562,1659.1473388671875,89.33995056152344,1661.4715576171875,0.04877258050403206,0.05384694039821625,0.05384694039821625,0.0,0.012835540808737278,1.1040412187576294,0.05384690687060356,51.86738967895508,2.358541965484619,0.0,0,0,2424,0.009246826171875,322,2102,0.25,matched_multiscale_normalized_mse_v1,reference_norm_relative_v2,first_nonzero_active_used_gradient_norm_per_sample_v1
fullgeo_case04,242,CONTINUOUS_PROPERTY_TARGET,2,10,0.328125,0.3214394653031616,0.4028205488386443,0.0,2.806565999984741,0.20918744802474976,1.5,0.5979436039924622,0.06562808901071548,3.0,2.2203736305236816,0.023970667272806168,2.026740789413452,0.2920933663845062,0.0725860595703125,2.5106868743896484,0.006904223933815956,0.5051895380020142,0.016038082540035248,0.016038082540035248,1658.4912109375,166.52919006347656,1666.56201171875,0.0803598663257904,0.10041011869907379,0.10041011869907379,0.0,0.012835540808737278,1.2495057582855225,0.10041005164384842,52.021297454833984,2.473339319229126,0.0,0,0,2709,0.010334014892578125,395,2314,0.25,matched_multiscale_normalized_mse_v1,reference_norm_relative_v2,first_nonzero_active_used_gradient_norm_per_sample_v1
fullgeo_case04,242,CONTINUOUS_PROPERTY_TARGET,2,11,0.359375,0.4422886902190013,0.3855110186860564,0.0,2.6481857299804688,0.20918744802474976,1.5,0.5125701427459717,0.06562808901071548,3.0,2.2651174068450928,0.023970667272806168,1.9308874607086182,0.28348585963249207,0.0725860595703125,2.4908881187438965,0.006249520927667618,0.534989058971405,0.018025849014520645,0.018025849014520645,1656.8204345703125,257.2779846191406,1675.9591064453125,0.11057217255475033,0.15528425574302673,0.15528425574302673,0.0,0.012835540808737278,1.4043700695037842,0.15528416633605957,52.31107711791992,2.5609138011932373,0.0,0,0,3202,0.01221466064453125,485,2717,0.25,matched_multiscale_normalized_mse_v1,reference_norm_relative_v2,first_nonzero_active_used_gradient_norm_per_sample_v1
fullgeo_case04,242,CONTINUOUS_PROPERTY_TARGET,2,12,0.390625,0.5555702330196022,0.367377970678444,0.0,2.3854196071624756,0.20918744802474976,1.5,0.3939961791038513,0.06562808901071548,3.0,2.301356315612793,0.023970667272806168,1.7711799144744873,0.26765716075897217,0.0725860595703125,2.4611775875091553,0.005578169599175453,0.5688996315002441,0.019117433577775955,0.019117433577775955,1654.6141357421875,342.2874450683594,1687.59326171875,0.13889255825490054,0.20686852931976318,0.20686852931976318,0.0,0.012835540808737278,1.4894139766693115,0.20686843991279602,52.67174530029297,2.6285243034362793,0.0,0,0,3818,0.01456451416015625,598,3220,0.25,matched_multiscale_normalized_mse_v1,reference_norm_relative_v2,first_nonzero_active_used_gradient_norm_per_sample_v1
fullgeo_case04,242,CONTINUOUS_PROPERTY_TARGET,2,13,0.421875,0.6593458151000688,0.3485960359806528,0.0,2.024456739425659,0.20918744802474976,1.5,0.26181653141975403,0.06562808901071548,3.0,2.337887763977051,0.023970667272806168,1.558350920677185,0.24254822731018066,0.0725860595703125,2.4151084423065186,0.004839786794036627,0.6069469451904297,0.018905742093920708,0.018905742093920708,1653.28857421875,401.4035949707031,1695.6146240234375,0.1648364537750172,0.24279113113880157,0.24279113113880157,0.0,0.012835540808737278,1.472921371459961,0.24279101192951202,52.918479919433594,2.7125251293182373,0.0,0,0,4766,0.01818084716796875,724,4042,0.25,matched_multiscale_normalized_mse_v1,reference_norm_relative_v2,first_nonzero_active_used_gradient_norm_per_sample_v1
fullgeo_case04,242,CONTINUOUS_PROPERTY_TARGET,2,14,0.453125,0.7518398074789773,0.32934609489107236,0.0,1.6131155490875244,0.20918744802474976,1.5,0.15924414992332458,0.06562808901071548,3.0,2.3659327030181885,0.023970667272806168,1.3275175094604492,0.2092919796705246,0.0725860595703125,2.350161552429199,0.0040959930047392845,0.6488853693008423,0.018461409956216812,0.018461409956216812,1652.375,413.0935363769531,1692.3895263671875,0.18795995186974432,0.25,0.2703435719013214,1.0,0.012835540808737278,1.43830406665802,0.24999986588954926,52.809547424316406,2.864393472671509,0.0,0,0,5699,0.021739959716796875,838,4861,0.25,matched_multiscale_normalized_mse_v1,reference_norm_relative_v2,first_nonzero_active_used_gradient_norm_per_sample_v1
fullgeo_case04,242,CONTINUOUS_PROPERTY_TARGET,2,15,0.484375,0.8314696123025452,0.3098135348654836,0.0,1.220933198928833,0.20918744802474976,1.5,0.10964232683181763,0.06562808901071548,3.0,2.3404102325439453,0.023970667272806168,1.1114413738250732,0.17365413904190063,0.0725860595703125,2.2720351219177246,0.0033826767466962337,0.6940759420394897,0.018394147977232933,0.018394147977232933,1652.35986328125,413.0897521972656,1687.197509765625,0.2078674030756363,0.25,0.29788723587989807,1.0,0.012835540808737278,1.4330637454986572,0.24999986588954926,52.63373947143555,3.0995185375213623,0.0,0,0,6277,0.023944854736328125,847,5430,0.25,matched_multiscale_normalized_mse_v1,reference_norm_relative_v2,first_nonzero_active_used_gradient_norm_per_sample_v1
fullgeo_case04,242,CONTINUOUS_PROPERTY_TARGET,2,16,0.515625,0.8968727415326884,0.2901864651345164,0.0,0.8939216136932373,0.20918744802474976,1.5,0.0915667712688446,0.06562808901071548,3.0,2.212689161300659,0.023970667272806168,0.9169687032699585,0.13997310400009155,0.0725860595703125,2.1861891746520996,0.0027161946054548025,0.7413794994354248,0.018445216119289398,0.018445216119289398,1652.1126708984375,413.0279846191406,1683.26220703125,0.2242181853831721,0.25,0.32221102714538574,1.0,0.012835540808737278,1.4370423555374146,0.24999989569187164,52.499176025390625,3.286463737487793,0.0,0,0,7605,0.029010772705078125,947,6658,0.25,matched_multiscale_normalized_mse_v1,reference_norm_relative_v2,first_nonzero_active_used_gradient_norm_per_sample_v1
fullgeo_case04,242,CONTINUOUS_PROPERTY_TARGET,2,17,0.546875,0.9469301294951056,0.2706539051089276,0.0,0.6516371369361877,0.20918744802474976,1.5,0.07820456475019455,0.06562808901071548,3.0,1.9482218027114868,0.023970667272806168,0.7389242649078369,0.11350224167108536,0.0725860595703125,2.102442741394043,0.0021150303073227406,0.7891169190406799,0.0181453637778759,0.0181453637778759,1651.347900390625,412.8367614746094,1680.990234375,0.2367325323737764,0.25,0.33466434478759766,1.0,0.012835540808737278,1.4136812686920166,0.24999986588954926,52.415096282958984,3.4868130683898926,0.0,0,0,8958,0.03417205810546875,975,7983,0.25,matched_multiscale_normalized_mse_v1,reference_norm_relative_v2,first_nonzero_active_used_gradient_norm_per_sample_v1
fullgeo_case04,242,CONTINUOUS_PROPERTY_TARGET,2,18,0.578125,0.9807852804032304,0.2514039640193472,0.0,0.4774845540523529,0.20918744802474976,1.5,0.058207739144563675,0.06562808901071548,3.0,1.5753767490386963,0.023970667272806168,0.5712800025939941,0.09445783495903015,0.0725860595703125,2.027499198913574,0.0015931522939354181,0.835170328617096,0.016632648184895515,0.016632648184895515,1651.9600830078125,412.9897766113281,1681.781982421875,0.2451963201008076,0.25,0.31773215532302856,1.0,0.012835540808737278,1.2958276271820068,0.24999985098838806,52.4228515625,3.7343029975891113,0.0,0,0,10452,0.0398712158203125,983,9469,0.25,matched_multiscale_normalized_mse_v1,reference_norm_relative_v2,first_nonzero_active_used_gradient_norm_per_sample_v1
fullgeo_case04,242,CONTINUOUS_PROPERTY_TARGET,2,19,0.609375,0.9978589232386035,0.232622029321556,0.0,0.3735882341861725,0.20918744802474976,1.5,0.03728659823536873,0.06562808901071548,3.0,1.1540125608444214,0.023970667272806168,0.4287826120853424,0.08408206701278687,0.0725860595703125,1.9519591331481934,0.0011586957843974233,0.8772691488265991,0.015025245025753975,0.015025245025753975,1652.069580078125,413.01708984375,1684.63232421875,0.24946473080965087,0.25,0.2920226454734802,1.0,0.012835540808737278,1.170596957206726,0.24999982118606567,52.49365997314453,3.9858179092407227,0.0,0,0,12162,0.04639434814453125,1137,11025,0.25,matched_multiscale_normalized_mse_v1,reference_norm_relative_v2,first_nonzero_active_used_gradient_norm_per_sample_v1
fullgeo_case04,242,CONTINUOUS_PROPERTY_TARGET,2,20,0.640625,0.9978589232386035,0.21448898131394362,0.0,0.34178850054740906,0.20918744802474976,1.5,0.023138457909226418,0.06562808901071548,3.0,0.7719336152076721,0.023970667272806168,0.33222252130508423,0.08065943419933319,0.0725860595703125,1.8698371648788452,0.0008133515366353095,0.9134263396263123,0.017637789249420166,0.017637789249420166,1651.9793701171875,412.99462890625,1690.164306640625,0.24946473080965087,0.25,0.3427986800670624,1.0,0.012835540808737278,1.3741368055343628,0.24999986588954926,52.64192581176758,4.3047099113464355,0.0,0,0,13648,0.05206298828125,1366,12282,0.25,matched_multiscale_normalized_mse_v1,reference_norm_relative_v2,first_nonzero_active_used_gradient_norm_per_sample_v1
fullgeo_case04,242,CONTINUOUS_PROPERTY_TARGET,2,21,0.671875,0.9807852804032304,0.19717945116135566,0.0,0.41889652609825134,0.20918744802474976,1.5,0.02559645287692547,0.06562808901071548,3.0,0.5511543154716492,0.023970667272806168,0.32735806703567505,0.09180332720279694,0.0725860595703125,1.7508894205093384,0.0005513114156201482,0.9423894286155701,0.02539237216114998,0.02539237216114998,1653.1492919921875,413.28717041015625,1694.04052734375,0.2451963201008076,0.25,0.4850684702396393,1.0,0.012835540808737278,1.9782861471176147,0.24999991059303284,52.7314453125,4.68055534362793,0.0,0,0,15342,0.05852508544921875,1643,13699,0.25,matched_multiscale_normalized_mse_v1,reference_norm_relative_v2,first_nonzero_active_used_gradient_norm_per_sample_v1
fullgeo_case04,242,CONTINUOUS_PROPERTY_TARGET,2,22,0.703125,0.9469301294951057,0.18086013910151333,0.0,0.5344535112380981,0.20918744802474976,1.5,0.0331236869096756,0.06562808901071548,3.0,0.4445915222167969,0.023970667272806168,0.36608216166496277,0.10838863998651505,0.0725860595703125,1.615620732307434,0.0003584713558666408,0.9639109969139099,0.037606846541166306,0.037606846541166306,1654.2880859375,413.5719299316406,1696.3565673828125,0.23673253237377642,0.25,0.6936025619506836,1.0,0.012835540808737278,2.9298996925354004,0.24999994039535522,52.76176452636719,5.1359076499938965,0.0,0,0,16271,0.062068939208984375,2051,14220,0.25,matched_multiscale_normalized_mse_v1,reference_norm_relative_v2,first_nonzero_active_used_gradient_norm_per_sample_v1
fullgeo_case04,242,CONTINUOUS_PROPERTY_TARGET,2,23,0.734375,0.8968727415326884,0.16568820903059628,0.0,0.6502329111099243,0.20918744802474976,1.5,0.06351227313280106,0.06562808901071548,3.0,0.38996145129203796,0.023970667272806168,0.4221624433994293,0.12726108729839325,0.0725860595703125,1.4627550840377808,0.0002099044795613736,0.9786992073059082,0.05116375535726547,0.05116375535726547,1655.1591796875,413.7897033691406,1694.9462890625,0.2242181853831721,0.25,0.8937562108039856,1.0,0.012835540808737278,3.986100435256958,0.24999994039535522,52.67040252685547,5.598161697387695,0.0,0,0,15574,0.05941009521484375,2115,13459,0.25,matched_multiscale_normalized_mse_v1,reference_norm_relative_v2,first_nonzero_active_used_gradient_norm_per_sample_v1
fullgeo_case04,242,CONTINUOUS_PROPERTY_TARGET,2,24,0.765625,0.8314696123025455,0.1518097749290082,0.0,0.7931375503540039,0.20918744802474976,1.5,0.09588958323001862,0.06562808901071548,3.0,0.4742504358291626,0.023970667272806168,0.5201857089996338,0.1471525877714157,0.0725860595703125,1.267695426940918,0.0001020546187646687,0.9880927205085754,0.06931307166814804,0.06931307166814804,1657.673095703125,414.4182434082031,1697.0994873046875,0.20786740307563636,0.25,1.1225025653839111,1.0,0.012835540808737278,5.400089740753174,0.2499999850988388,52.67274856567383,6.182600975036621,0.0,0,0,12721,0.048526763916015625,2136,10585,0.25,matched_multiscale_normalized_mse_v1,reference_norm_relative_v2,first_nonzero_active_used_gradient_norm_per_sample_v1
fullgeo_case04,242,CONTINUOUS_PROPERTY_TARGET,2,25,0.796875,0.7518398074789774,0.139358493703871,0.0,0.9504448175430298,0.20918744802474976,1.5,0.14342699944972992,0.06562808901071548,3.0,0.5067863464355469,0.023970667272806168,0.6196078062057495,0.165818989276886,0.0725860595703125,1.0749086141586304,4.6647499402752146e-05,0.9936268329620361,0.08673463016748428,0.08673463016748428,1662.638671875,415.6596374511719,1700.069580078125,0.18795995186974435,0.25,1.270116925239563,1.0,0.012835540808737278,6.757380485534668,0.2499999850988388,52.69406509399414,6.769948959350586,0.0,0,0,8796,0.0335540771484375,2068,6728,0.25,matched_multiscale_normalized_mse_v1,reference_norm_relative_v2,first_nonzero_active_used_gradient_norm_per_sample_v1
fullgeo_case04,242,CONTINUOUS_PROPERTY_TARGET,2,26,0.828125,0.659345815100069,0.12845427799994558,0.0,1.1903139352798462,0.20918744802474976,1.5,0.15034623444080353,0.06562808901071548,3.0,0.6582555174827576,0.023970667272806168,0.7719119191169739,0.1888495683670044,0.0725860595703125,0.8497841358184814,2.1502804884221405e-05,0.9966714382171631,0.10616124421358109,0.10616124421358109,1669.052734375,417.2631530761719,1704.105224609375,0.16483645377501724,0.25,1.3633427619934082,1.0,0.012835540808737278,8.270881652832031,0.2499999850988388,52.728240966796875,7.459558963775635,0.0,0,0,5475,0.020885467529296875,1729,3746,0.25,matched_multiscale_normalized_mse_v1,reference_norm_relative_v2,first_nonzero_active_used_gradient_norm_per_sample_v1
fullgeo_case04,242,CONTINUOUS_PROPERTY_TARGET,2,27,0.859375,0.5555702330196022,0.11920214137531127,0.0,1.429960012435913,0.20918744802474976,1.5,0.15562954545021057,0.06562808901071548,3.0,0.6371986865997314,0.023970667272806168,0.8891085982322693,0.20727257430553436,0.0725860595703125,0.6514383554458618,9.410257007402834e-06,0.99825519323349,0.11266221106052399,0.11266221106052399,1675.544677734375,418.8861389160156,1712.01611328125,0.13889255825490054,0.25,1.2191104888916016,1.0,0.012835540808737278,8.777363777160645,0.2499999850988388,52.861446380615234,8.244467735290527,0.0,0,0,3594,0.01371002197265625,1527,2067,0.25,matched_multiscale_normalized_mse_v1,reference_norm_relative_v2,first_nonzero_active_used_gradient_norm_per_sample_v1
fullgeo_case04,242,CONTINUOUS_PROPERTY_TARGET,2,28,0.890625,0.4422886902190013,0.11169118696339586,0.0,1.805045247077942,0.20918744802474976,1.5,0.201354518532753,0.06562808901071548,3.0,0.7225847244262695,0.023970667272806168,1.1074459552764893,0.23450428247451782,0.0725860595703125,0.4715428054332733,5.250344202067936e-06,0.9990459084510803,0.1341673731803894,0.1341673731803894,1683.202880859375,420.8006896972656,1720.204833984375,0.11057217255475033,0.25,1.1557891368865967,1.0,0.012835540808737278,10.452802658081055,0.2499999850988388,52.98712921142578,9.061727523803711,0.0,0,0,2594,0.00989532470703125,1298,1296,0.25,matched_multiscale_normalized_mse_v1,reference_norm_relative_v2,first_nonzero_active_used_gradient_norm_per_sample_v1
fullgeo_case04,242,CONTINUOUS_PROPERTY_TARGET,2,29,0.921875,0.32143946530316175,0.10599374936109118,0.0,2.100011110305786,0.20918744802474976,1.5,0.20718875527381897,0.06562808901071548,3.0,0.6541436314582825,0.023970667272806168,1.2429909706115723,0.2554068863391876,0.0725860595703125,0.3208632171154022,3.650140342870145e-06,0.9994298815727234,0.12859255075454712,0.12859255075454712,1695.95947265625,423.9898376464844,1738.2091064453125,0.08035986632579044,0.25,0.8050833940505981,1.0,0.012835540808737278,10.018475532531738,0.2499999850988388,53.429569244384766,9.789714813232422,0.0,0,0,1954,0.00745391845703125,1072,882,0.25,matched_multiscale_normalized_mse_v1,reference_norm_relative_v2,first_nonzero_active_used_gradient_norm_per_sample_v1
fullgeo_case04,242,CONTINUOUS_PROPERTY_TARGET,2,30,0.953125,0.1950903220161286,0.10216469800704375,0.0,2.5486972332000732,0.20918744802474976,1.5,0.24987798929214478,0.06562808901071548,3.0,0.5707244277000427,0.023970667272806168,1.4634569883346558,0.28516197204589844,0.0725860595703125,0.19462083280086517,1.603324562893249e-06,0.999609649181366,0.12680447101593018,0.12680447101593018,1743.512939453125,435.8782043457031,1784.811279296875,0.04877258050403215,0.25,0.4818325340747833,1.0,0.012835540808737278,9.879168510437012,0.2499999850988388,54.76283264160156,10.579328536987305,0.0,0,0,1604,0.0061187744140625,887,717,0.25,matched_multiscale_normalized_mse_v1,reference_norm_relative_v2,first_nonzero_active_used_gradient_norm_per_sample_v1
fullgeo_case04,242,CONTINUOUS_PROPERTY_TARGET,2,31,0.984375,0.06540312923014312,0.10024090875896552,0.0,2.824885129928589,0.20918744802474976,1.5,0.2625746428966522,0.06562808901071548,3.0,0.5666120052337646,0.023970667272806168,1.6045373678207397,0.3030949831008911,0.0725860595703125,0.11185798048973083,9.206251547766442e-07,0.9996809959411621,0.11569765210151672,0.11569765210151672,1900.70068359375,280.13189697265625,1914.184326171875,0.01635078230753578,0.14738351106643677,0.14738351106643677,0.0,0.012835540808737278,9.013851165771484,0.14738348126411438,58.558799743652344,12.210298538208008,0.0,0,0,1356,0.0051727294921875,610,746,0.25,matched_multiscale_normalized_mse_v1,reference_norm_relative_v2,first_nonzero_active_used_gradient_norm_per_sample_v1
fullgeo_case05,42,CONTINUOUS_PROPERTY_TARGET,0,0,0.015625,0.0,0.49975909124103446,0.0,3.4084508419036865,0.2539733946323395,1.5,2.0321505069732666,0.04230060428380966,3.0,1.2039451599121094,0.018170347437262535,2.554659605026245,0.40130868554115295,0.05350494384765625,2.5782904624938965,0.010934829711914062,0.3786771595478058,0.0,0.0,1895.447509765625,0.0,1895.447509765625,0.0,0.0,0.0,0.0,0.0,0.0,0.0,59.22783660888672,0.7616655230522156,814.3602294921875,0,0,1031,0.003932952880859375,52,979,0.25,matched_multiscale_normalized_mse_v1,reference_norm_relative_v2,first_nonzero_active_used_gradient_norm_per_sample_v1
fullgeo_case05,42,CONTINUOUS_PROPERTY_TARGET,0,1,0.046875,0.0,0.4978353019929562,0.0,3.408177137374878,0.2539733946323395,1.5,2.0306267738342285,0.04230060428380966,3.0,1.2064977884292603,0.018170347437262535,2.5545763969421387,0.40129706263542175,0.05350494384765625,2.5772993564605713,0.010851050727069378,0.3806283175945282,0.0,0.0,1891.799560546875,0.0,1891.799560546875,0.0,0.0,0.0,0.0,0.0,0.0,0.0,59.11316680908203,0.8111962080001831,0.0,0,0,1062,0.00405120849609375,70,992,0.25,matched_multiscale_normalized_mse_v1,reference_norm_relative_v2,first_nonzero_active_used_gradient_norm_per_sample_v1
fullgeo_case05,42,CONTINUOUS_PROPERTY_TARGET,0,2,0.078125,0.0,0.4940062506389088,0.0,3.4081666469573975,0.2539733946323395,1.5,2.029207706451416,0.04230060428380966,3.0,1.208933711051941,0.018170347437262535,2.5546324253082275,0.4013058841228485,0.05350494384765625,2.575312376022339,0.010686811991035938,0.3845687210559845,0.0,0.0,1892.1668701171875,0.0,1892.1668701171875,0.0,0.0,0.0,0.0,0.0,0.0,0.0,59.124568939208984,0.8168969750404358,0.0,0,0,1144,0.004364013671875,74,1070,0.25,matched_multiscale_normalized_mse_v1,reference_norm_relative_v2,first_nonzero_active_used_gradient_norm_per_sample_v1
fullgeo_case05,42,CONTINUOUS_PROPERTY_TARGET,0,3,0.109375,0.0,0.4883088130366042,0.0,3.4083733558654785,0.2539733946323395,1.5,2.0276668071746826,0.04230060428380966,3.0,1.2114075422286987,0.018170347437262535,2.5547680854797363,0.40133142471313477,0.05350494384765625,2.572277307510376,0.01044418103992939,0.3905751705169678,0.0,0.0,1892.3702392578125,0.0,1892.3702392578125,0.0,0.0,0.0,0.0,0.0,0.0,0.0,59.13077163696289,0.8280976414680481,0.0,0,0,1359,0.005184173583984375,73,1286,0.25,matched_multiscale_normalized_mse_v1,reference_norm_relative_v2,first_nonzero_active_used_gradient_norm_per_sample_v1
fullgeo_case05,42,CONTINUOUS_PROPERTY_TARGET,0,4,0.140625,0.0,0.48079785862468866,0.0,3.4087369441986084,0.2539733946323395,1.5,2.025829553604126,0.04230060428380966,3.0,1.214538812637329,0.018170347437262535,2.555025100708008,0.40137025713920593,0.05350494384765625,2.568120241165161,0.010126300156116486,0.3987639844417572,0.0,0.0,1893.1666259765625,0.0,1893.1666259765625,0.0,0.0,0.0,0.0,0.0,0.0,0.0,59.15559387207031,0.8330845236778259,0.0,0,0,1515,0.005779266357421875,96,1419,0.25,matched_multiscale_normalized_mse_v1,reference_norm_relative_v2,first_nonzero_active_used_gradient_norm_per_sample_v1
fullgeo_case05,42,CONTINUOUS_PROPERTY_TARGET,0,5,0.171875,0.0,0.4715457220000544,0.0,3.4093587398529053,0.2539733946323395,1.5,2.0239930152893066,0.04230060428380966,3.0,1.2178856134414673,0.018170347437262535,2.5554542541503906,0.4014286398887634,0.05350494384765625,2.5627365112304688,0.009736508131027222,0.40929174423217773,0.0,0.0,1893.8780517578125,0.0,1893.8780517578125,0.0,0.0,0.0,0.0,0.0,0.0,0.0,59.17771911621094,0.8407612442970276,0.0,0,0,1683,0.006420135498046875,91,1592,0.25,matched_multiscale_normalized_mse_v1,reference_norm_relative_v2,first_nonzero_active_used_gradient_norm_per_sample_v1
fullgeo_case05,42,CONTINUOUS_PROPERTY_TARGET,0,6,0.203125,0.0,0.460641506296129,0.0,3.4101505279541016,0.2539733946323395,1.5,2.0217840671539307,0.04230060428380966,3.0,1.2223347425460815,0.018170347437262535,2.556077480316162,0.4015011191368103,0.05350494384765625,2.5559887886047363,0.009277144446969032,0.4223563075065613,0.0,0.0,1894.050048828125,0.0,1894.050048828125,0.0,0.0,0.0,0.0,0.0,0.0,0.0,59.1829719543457,0.849357008934021,0.0,0,0,1842,0.00702667236328125,115,1727,0.25,matched_multiscale_normalized_mse_v1,reference_norm_relative_v2,first_nonzero_active_used_gradient_norm_per_sample_v1
fullgeo_case05,42,CONTINUOUS_PROPERTY_TARGET,0,7,0.234375,0.0,0.4481902250709918,0.0,3.4111886024475098,0.2539733946323395,1.5,2.019475221633911,0.04230060428380966,3.0,1.228000521659851,0.018170347437262535,2.557036876678467,0.4015912413597107,0.05350494384765625,2.547700881958008,0.008752738125622272,0.43819504976272583,0.0,0.0,1896.018798828125,0.0,1896.018798828125,0.0,0.0,0.0,0.0,0.0,0.0,0.0,59.24457550048828,0.8440138697624207,0.0,0,0,2193,0.008365631103515625,130,2063,0.25,matched_multiscale_normalized_mse_v1,reference_norm_relative_v2,first_nonzero_active_used_gradient_norm_per_sample_v1
fullgeo_case05,42,CONTINUOUS_PROPERTY_TARGET,0,8,0.265625,0.06540312923014306,0.43431179096940364,0.0,3.412480592727661,0.2539733946323395,1.5,2.0171847343444824,0.04230060428380966,3.0,1.2358335256576538,0.018170347437262535,2.5585622787475586,0.401699036359787,0.05350494384765625,2.5376458168029785,0.008172090165317059,0.4570808708667755,0.019201412796974182,0.019201412796974182,1899.355712890625,31.05593490600586,1899.59814453125,0.016350782307535765,0.01635078154504299,0.01635078154504299,0.0,0.019201412796974182,1.0,0.016350774094462395,59.356502532958984,0.839840829372406,0.0,0,0,2581,0.009845733642578125,165,2416,0.25,matched_multiscale_normalized_mse_v1,reference_norm_relative_v2,first_nonzero_active_used_gradient_norm_per_sample_v1
fullgeo_case05,42,CONTINUOUS_PROPERTY_TARGET,0,9,0.296875,0.19509032201612825,0.4191398608984867,0.0,3.3983898162841797,0.2539733946323395,1.5,1.9813144207000732,0.04230060428380966,3.0,1.2355952262878418,0.018170347437262535,2.540708065032959,0.400831937789917,0.05350494384765625,2.525562047958374,0.0075436863116919994,0.47931140661239624,0.020969342440366745,0.020969342440366745,1899.3109130859375,101.1633529663086,1901.9268798828125,0.04877258050403206,0.053263209760189056,0.053263209760189056,0.0,0.019201412796974182,1.09207284450531,0.053263187408447266,59.42948913574219,0.824833333492279,0.0,0,0,3076,0.0117340087890625,217,2859,0.25,matched_multiscale_normalized_mse_v1,reference_norm_relative_v2,first_nonzero_active_used_gradient_norm_per_sample_v1
fullgeo_case05,42,CONTINUOUS_PROPERTY_TARGET,0,10,0.328125,0.3214394653031616,0.4028205488386443,0.0,3.3415653705596924,0.2539733946323395,1.5,1.8560863733291626,0.04230060428380966,3.0,1.2143796682357788,0.018170347437262535,2.470484733581543,0.39717549085617065,0.05350494384765625,2.5108795166015625,0.006866883486509323,0.5051895380020142,0.023290565237402916,0.023290565237402916,1898.3531494140625,185.0388641357422,1907.17529296875,0.0803598663257904,0.0974733904004097,0.0974733904004097,0.0,0.019201412796974182,1.2129610776901245,0.09747336059808731,59.59309005737305,0.8551248908042908,0.0,0,0,3658,0.01395416259765625,317,3341,0.25,matched_multiscale_normalized_mse_v1,reference_norm_relative_v2,first_nonzero_active_used_gradient_norm_per_sample_v1
fullgeo_case05,42,CONTINUOUS_PROPERTY_TARGET,0,11,0.359375,0.4422886902190013,0.3855110186860564,0.0,3.2123677730560303,0.2539733946323395,1.5,1.597655177116394,0.04230060428380966,3.0,1.1868946552276611,0.018170347437262535,2.322859287261963,0.3884516954421997,0.05350494384765625,2.4914371967315674,0.006114268209785223,0.534989058971405,0.02554410882294178,0.02554410882294178,1896.2283935546875,278.9291076660156,1916.49365234375,0.11057217255475033,0.14709685742855072,0.14709685742855072,0.0,0.019201412796974182,1.330324411392212,0.14709678292274475,59.884056091308594,0.8733962178230286,0.0,0,0,4293,0.016376495361328125,420,3873,0.25,matched_multiscale_normalized_mse_v1,reference_norm_relative_v2,first_nonzero_active_used_gradient_norm_per_sample_v1
fullgeo_case05,42,CONTINUOUS_PROPERTY_TARGET,0,12,0.390625,0.5555702330196022,0.367377970678444,0.0,2.9705090522766113,0.2539733946323395,1.5,1.1791608333587646,0.04230060428380966,3.0,1.2211633920669556,0.018170347437262535,2.083235502243042,0.37076953053474426,0.05350494384765625,2.460692882537842,0.005350281018763781,0.5688996315002441,0.025595849379897118,0.025595849379897118,1894.052978515625,350.677001953125,1926.871337890625,0.13889255825490054,0.18514642119407654,0.18514642119407654,0.0,0.019201412796974182,1.3330190181732178,0.18514634668827057,60.208152770996094,0.8899680376052856,0.0,0,0,5225,0.019931793212890625,496,4729,0.25,matched_multiscale_normalized_mse_v1,reference_norm_relative_v2,first_nonzero_active_used_gradient_norm_per_sample_v1
fullgeo_case05,42,CONTINUOUS_PROPERTY_TARGET,0,13,0.421875,0.6593458151000688,0.3485960359806528,0.0,2.602508068084717,0.2539733946323395,1.5,0.6949502825737,0.04230060428380966,3.0,1.4245104789733887,0.018170347437262535,1.7946412563323975,0.34107884764671326,0.05350494384765625,2.408759593963623,0.004590143915265799,0.6069469451904297,0.023045163601636887,0.023045163601636887,1892.7132568359375,374.4420166015625,1929.8360595703125,0.1648364537750172,0.19783352315425873,0.19783352315425873,0.0,0.019201412796974182,1.2001806497573853,0.19783346354961395,60.300376892089844,0.9188032150268555,0.0,0,0,6136,0.023406982421875,505,5631,0.25,matched_multiscale_normalized_mse_v1,reference_norm_relative_v2,first_nonzero_active_used_gradient_norm_per_sample_v1
fullgeo_case05,42,CONTINUOUS_PROPERTY_TARGET,0,14,0.453125,0.7518398074789773,0.32934609489107236,0.0,2.164022445678711,0.2539733946323395,1.5,0.3667948842048645,0.04230060428380966,3.0,1.6370081901550293,0.018170347437262535,1.519451379776001,0.3016730844974518,0.05350494384765625,2.3336424827575684,0.0038511697202920914,0.6488853693008423,0.022355975583195686,0.022355975583195686,1891.631103515625,413.9634704589844,1935.61376953125,0.18795995186974432,0.21883952617645264,0.21883952617645264,0.0,0.019201412796974182,1.16428804397583,0.21883942186832428,60.47977828979492,0.9928776025772095,0.0,0,0,7412,0.0282745361328125,632,6780,0.25,matched_multiscale_normalized_mse_v1,reference_norm_relative_v2,first_nonzero_active_used_gradient_norm_per_sample_v1
fullgeo_case05,42,CONTINUOUS_PROPERTY_TARGET,0,15,0.484375,0.8314696123025452,0.3098135348654836,0.0,1.7014122009277344,0.2539733946323395,1.5,0.23729002475738525,0.04230060428380966,3.0,1.4890626668930054,0.018170347437262535,1.2197057008743286,0.25667569041252136,0.05350494384765625,2.2429065704345703,0.0031503813806921244,0.6940759420394897,0.021639656275510788,0.021639656275510788,1891.8408203125,443.1879577636719,1942.3946533203125,0.2078674030756363,0.23426291346549988,0.23426291346549988,0.0,0.019201412796974182,1.1269824504852295,0.23426280915737152,60.69013595581055,1.0850471258163452,0.0,0,0,8651,0.033000946044921875,762,7889,0.25,matched_multiscale_normalized_mse_v1,reference_norm_relative_v2,first_nonzero_active_used_gradient_norm_per_sample_v1
fullgeo_case05,42,CONTINUOUS_PROPERTY_TARGET,0,16,0.515625,0.8968727415326884,0.2901864651345164,0.0,1.2488796710968018,0.2539733946323395,1.5,0.16247440874576569,0.04230060428380966,3.0,1.2331644296646118,0.018170347437262535,0.9198150038719177,0.20514579117298126,0.05350494384765625,2.130880832672119,0.002504859585314989,0.7413794994354248,0.019292347133159637,0.019292347133159637,1891.6424560546875,426.1490783691406,1938.35009765625,0.2242181853831721,0.2252800464630127,0.2252800464630127,0.0,0.019201412796974182,1.0047358274459839,0.22527992725372314,60.5624885559082,1.1516774892807007,0.0,0,0,10056,0.038360595703125,701,9355,0.25,matched_multiscale_normalized_mse_v1,reference_norm_relative_v2,first_nonzero_active_used_gradient_norm_per_sample_v1
fullgeo_case05,42,CONTINUOUS_PROPERTY_TARGET,0,17,0.546875,0.9469301294951056,0.2706539051089276,0.0,0.8971760869026184,0.2539733946323395,1.5,0.11647003889083862,0.04230060428380966,3.0,0.943452000617981,0.018170347437262535,0.672219455242157,0.1566334366798401,0.05350494384765625,2.0100955963134766,0.0019294579979032278,0.7891169190406799,0.0166951771825552,0.0166951771825552,1890.355712890625,389.09808349609375,1929.274658203125,0.2367325323737764,0.20583337545394897,0.20583337545394897,0.0,0.019201412796974182,0.8694764971733093,0.20583325624465942,60.27711868286133,1.238206386566162,0.0,0,0,11801,0.045017242431640625,802,10999,0.25,matched_multiscale_normalized_mse_v1,reference_norm_relative_v2,first_nonzero_active_used_gradient_norm_per_sample_v1
fullgeo_case05,42,CONTINUOUS_PROPERTY_TARGET,0,18,0.578125,0.9807852804032304,0.2514039640193472,0.0,0.6471502184867859,0.2539733946323395,1.5,0.08887822926044464,0.04230060428380966,3.0,0.6772945523262024,0.018170347437262535,0.48569750785827637,0.1186104342341423,0.05350494384765625,1.8977391719818115,0.0014354400336742401,0.835170328617096,0.014830992557108402,0.014830992557108402,1890.6884765625,358.0722351074219,1924.226318359375,0.2451963201008076,0.18938735127449036,0.18938735127449036,0.0,0.019201412796974182,0.7723907232284546,0.1893872171640396,60.116607666015625,1.3636444807052612,0.0,0,0,14153,0.053989410400390625,895,13258,0.25,matched_multiscale_normalized_mse_v1,reference_norm_relative_v2,first_nonzero_active_used_gradient_norm_per_sample_v1
fullgeo_case05,42,CONTINUOUS_PROPERTY_TARGET,0,19,0.609375,0.9978589232386035,0.232622029321556,0.0,0.49804186820983887,0.2539733946323395,1.5,0.0932353064417839,0.04230060428380966,3.0,0.5106951594352722,0.018170347437262535,0.3791305422782898,0.10300572961568832,0.05350494384765625,1.7882028818130493,0.00102896464522928,0.8772691488265991,0.026476334780454636,0.026476334780454636,1889.5345458984375,472.38348388671875,1946.69091796875,0.24946473080965087,0.25,0.3439805209636688,1.0,0.019201412796974182,1.3788743019104004,0.24999992549419403,60.81608581542969,1.480086088180542,0.0,0,0,16571,0.06321334838867188,1069,15502,0.25,matched_multiscale_normalized_mse_v1,reference_norm_relative_v2,first_nonzero_active_used_gradient_norm_per_sample_v1
fullgeo_case05,42,CONTINUOUS_PROPERTY_TARGET,0,20,0.640625,0.9978589232386035,0.21448898131394362,0.0,0.4872243106365204,0.2539733946323395,1.5,0.5049189925193787,0.04230060428380966,3.0,0.8380706310272217,0.018170347437262535,0.562701940536499,0.11151637881994247,0.05350494384765625,1.6824731826782227,0.000710107444319874,0.9134263396263123,0.06203731894493103,0.06203731894493103,1889.6290283203125,472.40716552734375,1943.106201171875,0.24946473080965087,0.25,0.8059887886047363,1.0,0.019201412796974182,3.230872631072998,0.24999995529651642,60.69981002807617,1.6439416408538818,0.0,0,0,19121,0.07294082641601562,1226,17895,0.25,matched_multiscale_normalized_mse_v1,reference_norm_relative_v2,first_nonzero_active_used_gradient_norm_per_sample_v1
fullgeo_case05,42,CONTINUOUS_PROPERTY_TARGET,0,21,0.671875,0.9807852804032304,0.19717945116135566,0.0,0.47035056352615356,0.2539733946323395,1.5,0.20290948450565338,0.04230060428380966,3.0,0.3874504566192627,0.018170347437262535,0.37353822588920593,0.11723015457391739,0.05350494384765625,1.534856915473938,0.0004724019090645015,0.9423894286155701,0.05179278180003166,0.05179278180003166,1890.842529296875,472.71051025390625,1947.6412353515625,0.2451963201008076,0.25,0.6613783240318298,1.0,0.019201412796974182,2.6973421573638916,0.24999994039535522,60.83613586425781,1.834391474723816,0.0,0,0,20996,0.0800933837890625,1442,19554,0.25,matched_multiscale_normalized_mse_v1,reference_norm_relative_v2,first_nonzero_active_used_gradient_norm_per_sample_v1
fullgeo_case05,42,CONTINUOUS_PROPERTY_TARGET,0,22,0.703125,0.9469301294951057,0.18086013910151333,0.0,0.5698179006576538,0.2539733946323395,1.5,0.7054112553596497,0.04230060428380966,3.0,0.9598628878593445,0.018170347437262535,0.6885049343109131,0.14123627543449402,0.05350494384765625,1.3794443607330322,0.0003038199502043426,0.9639109969139099,0.09088019281625748,0.09088019281625748,1890.97119140625,472.7427673339844,1944.673095703125,0.23673253237377642,0.25,1.1204538345336914,1.0,0.019201412796974182,4.73299503326416,0.2499999850988388,60.73566818237305,2.0729033946990967,0.0,0,0,21653,0.08259963989257812,1473,20180,0.25,matched_multiscale_normalized_mse_v1,reference_norm_relative_v2,first_nonzero_active_used_gradient_norm_per_sample_v1
fullgeo_case05,42,CONTINUOUS_PROPERTY_TARGET,0,23,0.734375,0.8968727415326884,0.16568820903059628,0.0,0.6600916981697083,0.2539733946323395,1.5,0.4068792164325714,0.04230060428380966,3.0,0.412141889333725,0.018170347437262535,0.5345380306243896,0.15504097938537598,0.05350494384765625,1.179280400276184,0.00018838785763364285,0.9786992073059082,0.08453287184238434,0.08453287184238434,1891.570068359375,472.8924865722656,1945.0218505859375,0.2242181853831721,0.25,0.9871047735214233,1.0,0.019201412796974182,4.402429580688477,0.2499999850988388,60.73771667480469,2.3180196285247803,0.0,0,0,19488,0.0743408203125,1448,18040,0.25,matched_multiscale_normalized_mse_v1,reference_norm_relative_v2,first_nonzero_active_used_gradient_norm_per_sample_v1
fullgeo_case05,42,CONTINUOUS_PROPERTY_TARGET,0,24,0.765625,0.8314696123025455,0.1518097749290082,0.0,0.7266421318054199,0.2539733946323395,1.5,0.4109201729297638,0.04230060428380966,3.0,0.5215742588043213,0.018170347437262535,0.5909119844436646,0.17008887231349945,0.05350494384765625,1.0281766653060913,0.00010939290223177522,0.9880927205085754,0.09325594455003738,0.09325594455003738,1893.584228515625,473.3960266113281,1943.7027587890625,0.20786740307563636,0.25,1.009554386138916,1.0,0.019201412796974182,4.856723308563232,0.2499999850988388,60.68324279785156,2.641587734222412,0.0,0,0,14944,0.0570068359375,1313,13631,0.25,matched_multiscale_normalized_mse_v1,reference_norm_relative_v2,first_nonzero_active_used_gradient_norm_per_sample_v1
fullgeo_case05,42,CONTINUOUS_PROPERTY_TARGET,0,25,0.796875,0.7518398074789774,0.139358493703871,0.0,1.0896594524383545,0.2539733946323395,1.5,0.5397687554359436,0.04230060428380966,3.0,0.42169323563575745,0.018170347437262535,0.7910990118980408,0.21490676701068878,0.05350494384765625,0.7645967602729797,5.305223021423444e-05,0.9936268329620361,0.11568284779787064,0.11568284779787064,1897.2021484375,474.3005065917969,1951.43408203125,0.18795995186974435,0.25,1.1324032545089722,1.0,0.019201412796974182,6.024704933166504,0.2499999850988388,60.908958435058594,2.9902639389038086,0.0,0,0,9086,0.03466033935546875,947,8139,0.25,matched_multiscale_normalized_mse_v1,reference_norm_relative_v2,first_nonzero_active_used_gradient_norm_per_sample_v1
fullgeo_case05,42,CONTINUOUS_PROPERTY_TARGET,0,26,0.828125,0.659345815100069,0.12845427799994558,0.0,1.2663207054138184,0.2539733946323395,1.5,0.575156033039093,0.04230060428380966,3.0,0.8346987962722778,0.018170347437262535,0.972646951675415,0.2408841848373413,0.05350494384765625,0.5236130356788635,2.224194395239465e-05,0.9966714382171631,0.14570485055446625,0.14570485055446625,1902.6160888671875,475.6539306640625,1950.8072509765625,0.16483645377501724,0.25,1.250817894935608,1.0,0.019201412796974182,7.588235855102539,0.24999995529651642,60.86664962768555,3.421189785003662,0.0,0,0,4315,0.016460418701171875,633,3682,0.25,matched_multiscale_normalized_mse_v1,reference_norm_relative_v2,first_nonzero_active_used_gradient_norm_per_sample_v1
fullgeo_case05,42,CONTINUOUS_PROPERTY_TARGET,0,27,0.859375,0.5555702330196022,0.11920214137531127,0.0,1.2966868877410889,0.2539733946323395,1.5,0.3078230321407318,0.04230060428380966,3.0,0.2749415934085846,0.018170347437262535,0.7956786751747131,0.24351541697978973,0.05350494384765625,0.3878825008869171,8.63497825775994e-06,0.99825519323349,0.10559634119272232,0.10559634119272232,1909.28662109375,477.3216247558594,1960.94580078125,0.13889255825490054,0.25,0.7638264298439026,1.0,0.019201412796974182,5.4994049072265625,0.2499999850988388,61.15154266357422,3.958904266357422,0.0,0,0,2278,0.00868988037109375,620,1658,0.25,matched_multiscale_normalized_mse_v1,reference_norm_relative_v2,first_nonzero_active_used_gradient_norm_per_sample_v1
fullgeo_case05,42,CONTINUOUS_PROPERTY_TARGET,0,28,0.890625,0.4422886902190013,0.11169118696339586,0.0,1.4770137071609497,0.2539733946323395,1.5,0.3772558569908142,0.04230060428380966,3.0,0.577764630317688,0.018170347437262535,0.9672365188598633,0.26019105315208435,0.05350494384765625,0.28029459714889526,4.308476491132751e-06,0.9990459084510803,0.13736969232559204,0.13736969232559204,1920.0037841796875,480.00091552734375,1970.1683349609375,0.11057217255475033,0.25,0.7910494208335876,1.0,0.019201412796974182,7.154145240783691,0.2499999850988388,61.39655685424805,4.5882792472839355,0.0,0,0,1266,0.00482940673828125,435,831,0.25,matched_multiscale_normalized_mse_v1,reference_norm_relative_v2,first_nonzero_active_used_gradient_norm_per_sample_v1
fullgeo_case05,42,CONTINUOUS_PROPERTY_TARGET,0,29,0.921875,0.32143946530316175,0.10599374936109118,0.0,1.6808682680130005,0.2539733946323395,1.5,0.28600865602493286,0.04230060428380966,3.0,0.26569387316703796,0.018170347437262535,0.9793755412101746,0.2806873619556427,0.05350494384765625,0.1706671416759491,2.5542401544953464e-06,0.9994298815727234,0.11523709446191788,0.11523709446191788,1938.87890625,484.7196960449219,1990.6549072265625,0.08035986632579044,0.25,0.4822790026664734,1.0,0.019201412796974182,6.001490592956543,0.2499999850988388,61.98408508300781,5.272998332977295,0.0,0,0,929,0.003543853759765625,373,556,0.25,matched_multiscale_normalized_mse_v1,reference_norm_relative_v2,first_nonzero_active_used_gradient_norm_per_sample_v1
fullgeo_case05,42,CONTINUOUS_PROPERTY_TARGET,0,30,0.953125,0.1950903220161286,0.10216469800704375,0.0,1.812506914138794,0.2539733946323395,1.5,0.2784123122692108,0.04230060428380966,3.0,0.2895035445690155,0.018170347437262535,1.0476778745651245,0.29232820868492126,0.05350494384765625,0.11526073515415192,1.4188169643603032e-06,0.999609649181366,0.10503735393285751,0.10503735393285751,1980.2630615234375,495.0657043457031,2033.0447998046875,0.04877258050403215,0.25,0.26680031418800354,1.0,0.019201412796974182,5.470293045043945,0.2499999701976776,63.2386360168457,6.105134963989258,0.0,0,0,752,0.00286865234375,314,438,0.25,matched_multiscale_normalized_mse_v1,reference_norm_relative_v2,first_nonzero_active_used_gradient_norm_per_sample_v1
fullgeo_case05,42,CONTINUOUS_PROPERTY_TARGET,0,31,0.984375,0.06540312923014312,0.10024090875896552,0.0,1.925034761428833,0.2539733946323395,1.5,0.300981730222702,0.04230060428380966,3.0,0.300884485244751,0.018170347437262535,1.1129887104034424,0.30220693349838257,0.05350494384765625,0.08315566182136536,1.4522092897095717e-06,0.9996809959411621,0.11442458629608154,0.11442458629608154,2122.06298828125,206.767822265625,2127.015869140625,0.01635078230753578,0.09743718057870865,0.09743718057870865,0.0,0.019201412796974182,5.9591755867004395,0.09743717312812805,66.0910873413086,7.0801682472229,0.0,0,0,574,0.00218963623046875,209,365,0.25,matched_multiscale_normalized_mse_v1,reference_norm_relative_v2,first_nonzero_active_used_gradient_norm_per_sample_v1
fullgeo_case05,142,CONTINUOUS_PROPERTY_TARGET,1,0,0.015625,0.0,0.49975909124103446,0.0,3.37221360206604,0.2539733946323395,1.5,1.9976236820220947,0.04230060428380966,3.0,1.2455841302871704,0.018170347437262535,2.534510850906372,0.3991846442222595,0.05350494384765625,2.5778322219848633,0.010431102477014065,0.3786771595478058,0.0,0.0,1894.74365234375,0.0,1894.74365234375,0.0,0.0,0.0,0.0,0.0,0.0,0.0,59.20591735839844,0.7556014060974121,814.432373046875,0,0,945,0.003604888916015625,50,895,0.25,matched_multiscale_normalized_mse_v1,reference_norm_relative_v2,first_nonzero_active_used_gradient_norm_per_sample_v1
fullgeo_case05,142,CONTINUOUS_PROPERTY_TARGET,1,1,0.046875,0.0,0.4978353019929562,0.0,3.3718621730804443,0.2539733946323395,1.5,1.996375560760498,0.04230060428380966,3.0,1.2489029169082642,0.018170347437262535,2.5346245765686035,0.3991676867008209,0.05350494384765625,2.576855182647705,0.010379031300544739,0.3806283175945282,0.0,0.0,1891.5517578125,0.0,1891.5517578125,0.0,0.0,0.0,0.0,0.0,0.0,0.0,59.10552215576172,0.803879976272583,0.0,0,0,1063,0.004055023193359375,64,999,0.25,matched_multiscale_normalized_mse_v1,reference_norm_relative_v2,first_nonzero_active_used_gradient_norm_per_sample_v1
fullgeo_case05,142,CONTINUOUS_PROPERTY_TARGET,1,2,0.078125,0.0,0.4940062506389088,0.0,3.3717005252838135,0.2539733946323395,1.5,1.9953324794769287,0.04230060428380966,3.0,1.252427101135254,0.018170347437262535,2.534935474395752,0.39916539192199707,0.05350494384765625,2.574876308441162,0.010254289954900742,0.3845687210559845,0.0,0.0,1891.83837890625,0.0,1891.83837890625,0.0,0.0,0.0,0.0,0.0,0.0,0.0,59.11444091796875,0.807096540927887,0.0,0,0,1093,0.004169464111328125,52,1041,0.25,matched_multiscale_normalized_mse_v1,reference_norm_relative_v2,first_nonzero_active_used_gradient_norm_per_sample_v1
fullgeo_case05,142,CONTINUOUS_PROPERTY_TARGET,1,3,0.109375,0.0,0.4883088130366042,0.0,3.3716936111450195,0.2539733946323395,1.5,1.9943984746932983,0.04230060428380966,3.0,1.2565523386001587,0.018170347437262535,2.5354766845703125,0.39917510747909546,0.05350494384765625,2.5718462467193604,0.010060950182378292,0.3905751705169678,0.0,0.0,1891.7095947265625,0.0,1891.7095947265625,0.0,0.0,0.0,0.0,0.0,0.0,0.0,59.11027908325195,0.8171953558921814,0.0,0,0,1326,0.00505828857421875,76,1250,0.25,matched_multiscale_normalized_mse_v1,reference_norm_relative_v2,first_nonzero_active_used_gradient_norm_per_sample_v1
fullgeo_case05,142,CONTINUOUS_PROPERTY_TARGET,1,4,0.140625,0.0,0.48079785862468866,0.0,3.3717470169067383,0.2539733946323395,1.5,1.9932622909545898,0.04230060428380966,3.0,1.2621177434921265,0.018170347437262535,2.536275625228882,0.39919206500053406,0.05350494384765625,2.5676910877227783,0.009801757521927357,0.3987639844417572,0.0,0.0,1892.06591796875,0.0,1892.06591796875,0.0,0.0,0.0,0.0,0.0,0.0,0.0,59.12135696411133,0.8211541175842285,0.0,0,0,1537,0.005863189697265625,94,1443,0.25,matched_multiscale_normalized_mse_v1,reference_norm_relative_v2,first_nonzero_active_used_gradient_norm_per_sample_v1
fullgeo_case05,142,CONTINUOUS_PROPERTY_TARGET,1,5,0.171875,0.0,0.4715457220000544,0.0,3.3719170093536377,0.2539733946323395,1.5,1.9920920133590698,0.04230060428380966,3.0,1.2688642740249634,0.018170347437262535,2.5373587608337402,0.39921918511390686,0.05350494384765625,2.562304973602295,0.009477442130446434,0.40929174423217773,0.0,0.0,1892.4156494140625,0.0,1892.4156494140625,0.0,0.0,0.0,0.0,0.0,0.0,0.0,59.132171630859375,0.8295803666114807,0.0,0,0,1606,0.00612640380859375,123,1483,0.25,matched_multiscale_normalized_mse_v1,reference_norm_relative_v2,first_nonzero_active_used_gradient_norm_per_sample_v1
fullgeo_case05,142,CONTINUOUS_PROPERTY_TARGET,1,6,0.203125,0.0,0.460641506296129,0.0,3.3721065521240234,0.2539733946323395,1.5,1.9905412197113037,0.04230060428380966,3.0,1.2778178453445435,0.018170347437262535,2.5387790203094482,0.3992486894130707,0.05350494384765625,2.555549144744873,0.009094340726733208,0.4223563075065613,0.0,0.0,1892.40283203125,0.0,1892.40283203125,0.0,0.0,0.0,0.0,0.0,0.0,0.0,59.131629943847656,0.839358389377594,0.0,0,0,1811,0.006908416748046875,97,1714,0.25,matched_multiscale_normalized_mse_v1,reference_norm_relative_v2,first_nonzero_active_used_gradient_norm_per_sample_v1
fullgeo_case05,142,CONTINUOUS_PROPERTY_TARGET,1,7,0.234375,0.0,0.4481902250709918,0.0,3.3723833560943604,0.2539733946323395,1.5,1.988903522491455,0.04230060428380966,3.0,1.2892284393310547,0.018170347437262535,2.540708303451538,0.39928415417671204,0.05350494384765625,2.5472450256347656,0.008624443784356117,0.43819504976272583,0.0,0.0,1894.1416015625,0.0,1894.1416015625,0.0,0.0,0.0,0.0,0.0,0.0,0.0,59.1860237121582,0.8357536196708679,0.0,0,0,2201,0.008396148681640625,133,2068,0.25,matched_multiscale_normalized_mse_v1,reference_norm_relative_v2,first_nonzero_active_used_gradient_norm_per_sample_v1
fullgeo_case05,142,CONTINUOUS_PROPERTY_TARGET,1,8,0.265625,0.06540312923014306,0.43431179096940364,0.0,3.372746706008911,0.2539733946323395,1.5,1.9873018264770508,0.04230060428380966,3.0,1.3042532205581665,0.018170347437262535,2.54341459274292,0.39932578802108765,0.05350494384765625,2.537163257598877,0.008046122267842293,0.4570808708667755,0.019871750846505165,0.019871750846505165,1897.3104248046875,31.02249526977539,1897.5133056640625,0.016350782307535765,0.01635078154504299,0.01635078154504299,0.0,0.019871750846505165,1.0,0.016350774094462395,59.29145050048828,0.8320749402046204,0.0,0,0,2504,0.009552001953125,158,2346,0.25,matched_multiscale_normalized_mse_v1,reference_norm_relative_v2,first_nonzero_active_used_gradient_norm_per_sample_v1
fullgeo_case05,142,CONTINUOUS_PROPERTY_TARGET,1,9,0.296875,0.19509032201612825,0.4191398608984867,0.0,3.356566905975342,0.2539733946323395,1.5,1.9526807069778442,0.04230060428380966,3.0,1.311241865158081,0.018170347437262535,2.5263359546661377,0.39832597970962524,0.05350494384765625,2.52500057220459,0.0074201710522174835,0.47931140661239624,0.021719522774219513,0.021719522774219513,1897.1829833984375,101.13440704345703,1899.665771484375,0.04877258050403206,0.05330769345164299,0.05330769345164299,0.0,0.019871750846505165,1.092984914779663,0.0533076710999012,59.35892105102539,0.8181459903717041,0.0,0,0,3012,0.0114898681640625,233,2779,0.25,matched_multiscale_normalized_mse_v1,reference_norm_relative_v2,first_nonzero_active_used_gradient_norm_per_sample_v1
fullgeo_case05,142,CONTINUOUS_PROPERTY_TARGET,1,10,0.328125,0.3214394653031616,0.4028205488386443,0.0,3.295114755630493,0.2539733946323395,1.5,1.830208420753479,0.04230060428380966,3.0,1.2931866645812988,0.018170347437262535,2.4552574157714844,0.3944035470485687,0.05350494384765625,2.5100817680358887,0.006755451206117868,0.5051895380020142,0.024137044325470924,0.024137044325470924,1896.2012939453125,185.08509826660156,1904.74755859375,0.0803598663257904,0.09760840237140656,0.09760840237140656,0.0,0.019871750846505165,1.2146410942077637,0.09760835766792297,59.51731491088867,0.8483565449714661,0.0,0,0,3579,0.013652801513671875,318,3261,0.25,matched_multiscale_normalized_mse_v1,reference_norm_relative_v2,first_nonzero_active_used_gradient_norm_per_sample_v1
fullgeo_case05,142,CONTINUOUS_PROPERTY_TARGET,1,11,0.359375,0.4422886902190013,0.3855110186860564,0.0,3.1589484214782715,0.2539733946323395,1.5,1.5766264200210571,0.04230060428380966,3.0,1.2595187425613403,0.018170347437262535,2.304365873336792,0.3852928578853607,0.05350494384765625,2.490114212036133,0.006062901113182306,0.534989058971405,0.026472464203834534,0.026472464203834534,1893.947021484375,278.97918701171875,1913.6553955078125,0.11057217255475033,0.14730046689510345,0.14730046689510345,0.0,0.019871750846505165,1.3321657180786133,0.14730042219161987,59.79543685913086,0.8677749037742615,0.0,0,0,4265,0.016269683837890625,377,3888,0.25,matched_multiscale_normalized_mse_v1,reference_norm_relative_v2,first_nonzero_active_used_gradient_norm_per_sample_v1
fullgeo_case05,142,CONTINUOUS_PROPERTY_TARGET,1,12,0.390625,0.5555702330196022,0.367377970678444,0.0,2.9115705490112305,0.2539733946323395,1.5,1.1657394170761108,0.04230060428380966,3.0,1.2719744443893433,0.018170347437262535,2.0599021911621094,0.3672034442424774,0.05350494384765625,2.458744764328003,0.005354893859475851,0.5688996315002441,0.026193993166089058,0.026193993166089058,1891.48583984375,346.2960510253906,1922.6944580078125,0.13889255825490054,0.18308155238628387,0.18308155238628387,0.0,0.019871750846505165,1.3181523084640503,0.1830814927816391,60.07768249511719,0.8851342797279358,0.0,0,0,5148,0.0196380615234375,481,4667,0.25,matched_multiscale_normalized_mse_v1,reference_norm_relative_v2,first_nonzero_active_used_gradient_norm_per_sample_v1
fullgeo_case05,142,CONTINUOUS_PROPERTY_TARGET,1,13,0.421875,0.6593458151000688,0.3485960359806528,0.0,2.5438849925994873,0.2539733946323395,1.5,0.6988102197647095,0.04230060428380966,3.0,1.44175124168396,0.018170347437262535,1.7699358463287354,0.3377218246459961,0.05350494384765625,2.4081554412841797,0.0046446602791547775,0.6069469451904297,0.02370094507932663,0.02370094507932663,1889.833984375,371.54058837890625,1926.2098388671875,0.1648364537750172,0.19659967720508575,0.19659967720508575,0.0,0.019871750846505165,1.1926953792572021,0.1965995877981186,60.18717575073242,0.910256564617157,0.0,0,0,6067,0.023143768310546875,556,5511,0.25,matched_multiscale_normalized_mse_v1,reference_norm_relative_v2,first_nonzero_active_used_gradient_norm_per_sample_v1
fullgeo_case05,142,CONTINUOUS_PROPERTY_TARGET,1,14,0.453125,0.7518398074789773,0.32934609489107236,0.0,2.082585096359253,0.2539733946323395,1.5,0.36701837182044983,0.04230060428380966,3.0,1.680009365081787,0.018170347437262535,1.487399935722351,0.29722610116004944,0.05350494384765625,2.333759307861328,0.003947284538298845,0.6488853693008423,0.022766686975955963,0.022766686975955963,1888.3818359375,406.6480407714844,1930.8785400390625,0.18795995186974432,0.21534214913845062,0.21534214913845062,0.0,0.019871750846505165,1.1456810235977173,0.21534205973148346,60.332008361816406,0.9792331457138062,0.0,0,0,7160,0.027313232421875,643,6517,0.25,matched_multiscale_normalized_mse_v1,reference_norm_relative_v2,first_nonzero_active_used_gradient_norm_per_sample_v1
fullgeo_case05,142,CONTINUOUS_PROPERTY_TARGET,1,15,0.484375,0.8314696123025452,0.3098135348654836,0.0,1.6015682220458984,0.2539733946323395,1.5,0.2248651534318924,0.04230060428380966,3.0,1.6054823398590088,0.018170347437262535,1.1893401145935059,0.25003185868263245,0.05350494384765625,2.240784168243408,0.003278421936556697,0.6940759420394897,0.02208031341433525,0.02208031341433525,1888.26171875,436.13153076171875,1936.6192626953125,0.2078674030756363,0.23096995055675507,0.23096995055675507,0.0,0.019871750846505165,1.1111408472061157,0.2309698462486267,60.50974655151367,1.0783268213272095,0.0,0,0,8661,0.033039093017578125,720,7941,0.25,matched_multiscale_normalized_mse_v1,reference_norm_relative_v2,first_nonzero_active_used_gradient_norm_per_sample_v1
fullgeo_case05,142,CONTINUOUS_PROPERTY_TARGET,1,16,0.515625,0.8968727415326884,0.2901864651345164,0.0,1.156010389328003,0.2539733946323395,1.5,0.15766893327236176,0.04230060428380966,3.0,1.3255797624588013,0.018170347437262535,0.8904218673706055,0.19983211159706116,0.05350494384765625,2.131005048751831,0.002653139643371105,0.7413794994354248,0.01958337239921093,0.01958337239921093,1887.876220703125,417.1531066894531,1932.47021484375,0.2242181853831721,0.22096432745456696,0.22096432745456696,0.0,0.019871750846505165,0.9854879975318909,0.2209642231464386,60.37890625,1.1414400339126587,0.0,0,0,10055,0.038356781005859375,776,9279,0.25,matched_multiscale_normalized_mse_v1,reference_norm_relative_v2,first_nonzero_active_used_gradient_norm_per_sample_v1
fullgeo_case05,142,CONTINUOUS_PROPERTY_TARGET,1,17,0.546875,0.9469301294951056,0.2706539051089276,0.0,0.8031764030456543,0.2539733946323395,1.5,0.11057701706886292,0.04230060428380966,3.0,1.0342768430709839,0.018170347437262535,0.641616702079773,0.15164388716220856,0.05350494384765625,2.011141300201416,0.002085524145513773,0.7891169190406799,0.01754654012620449,0.01754654012620449,1886.338134765625,394.3052673339844,1926.1591796875,0.2367325323737764,0.20903223752975464,0.20903223752975464,0.0,0.019871750846505165,0.8829891085624695,0.2090321183204651,60.1799430847168,1.2282731533050537,0.0,0,0,11861,0.045246124267578125,773,11088,0.25,matched_multiscale_normalized_mse_v1,reference_norm_relative_v2,first_nonzero_active_used_gradient_norm_per_sample_v1
fullgeo_case05,142,CONTINUOUS_PROPERTY_TARGET,1,18,0.578125,0.9807852804032304,0.2514039640193472,0.0,0.5552061796188354,0.2539733946323395,1.5,0.09426871687173843,0.04230060428380966,3.0,0.7131369113922119,0.018170347437262535,0.4485110938549042,0.11431746184825897,0.05350494384765625,1.9027503728866577,0.001586955157108605,0.835170328617096,0.015501854009926319,0.015501854009926319,1886.67236328125,360.875732421875,1921.219482421875,0.2451963201008076,0.1912764310836792,0.1912764310836792,0.0,0.019871750846505165,0.7800950407981873,0.19127631187438965,60.022891998291016,1.3518407344818115,0.0,0,0,14050,0.05359649658203125,841,13209,0.25,matched_multiscale_normalized_mse_v1,reference_norm_relative_v2,first_nonzero_active_used_gradient_norm_per_sample_v1
fullgeo_case05,142,CONTINUOUS_PROPERTY_TARGET,1,19,0.609375,0.9978589232386035,0.232622029321556,0.0,0.4335654675960541,0.2539733946323395,1.5,0.12405097484588623,0.04230060428380966,3.0,0.7087259292602539,0.018170347437262535,0.3957432508468628,0.1000407487154007,0.05350494384765625,1.767476201057434,0.0011651115491986275,0.8772691488265991,0.038504429161548615,0.038504429161548615,1885.4766845703125,471.3690185546875,1940.264404296875,0.24946473080965087,0.25,0.4833744764328003,1.0,0.019871750846505165,1.937646508216858,0.24999992549419403,60.61540985107422,1.4712424278259277,0.0,0,0,16479,0.06286239624023438,1167,15312,0.25,matched_multiscale_normalized_mse_v1,reference_norm_relative_v2,first_nonzero_active_used_gradient_norm_per_sample_v1
fullgeo_case05,142,CONTINUOUS_PROPERTY_TARGET,1,20,0.640625,0.9978589232386035,0.21448898131394362,0.0,0.47559836506843567,0.2539733946323395,1.5,0.5991587042808533,0.04230060428380966,3.0,0.8600745797157288,0.018170347437262535,0.5895617008209229,0.11626708507537842,0.05350494384765625,1.706839919090271,0.0008179018623195589,0.9134263396263123,0.07120256125926971,0.07120256125926971,1885.7952880859375,471.4487609863281,1942.874755859375,0.24946473080965087,0.25,0.8938582539558411,1.0,0.019871750846505165,3.5831046104431152,0.2499999701976776,60.69288635253906,1.6325502395629883,0.0,0,0,19016,0.072540283203125,1298,17718,0.25,matched_multiscale_normalized_mse_v1,reference_norm_relative_v2,first_nonzero_active_used_gradient_norm_per_sample_v1
fullgeo_case05,142,CONTINUOUS_PROPERTY_TARGET,1,21,0.671875,0.9807852804032304,0.19717945116135566,0.0,0.4827822744846344,0.2539733946323395,1.5,0.2618800699710846,0.04230060428380966,3.0,0.6771693229675293,0.018170347437262535,0.45538902282714844,0.12118368595838547,0.05350494384765625,1.4712474346160889,0.0005377992638386786,0.9423894286155701,0.057463061064481735,0.057463061064481735,1886.87158203125,471.7178039550781,1939.3994140625,0.2451963201008076,0.25,0.709033191204071,1.0,0.019871750846505165,2.891695976257324,0.24999995529651642,60.578819274902344,1.8227375745773315,0.0,0,0,20542,0.07836151123046875,1369,19173,0.25,matched_multiscale_normalized_mse_v1,reference_norm_relative_v2,first_nonzero_active_used_gradient_norm_per_sample_v1
fullgeo_case05,142,CONTINUOUS_PROPERTY_TARGET,1,22,0.703125,0.9469301294951057,0.18086013910151333,0.0,0.5125938057899475,0.2539733946323395,1.5,0.41378435492515564,0.04230060428380966,3.0,0.4838329553604126,0.018170347437262535,0.4771988093852997,0.13151857256889343,0.05350494384765625,1.4296050071716309,0.0003385059826541692,0.9639109969139099,0.0655767172574997,0.0655767172574997,1887.44873046875,471.8620910644531,1944.00732421875,0.23673253237377642,0.25,0.7812166213989258,1.0,0.019871750846505165,3.299996852874756,0.24999995529651642,60.71527099609375,2.0606088638305664,0.0,0,0,20944,0.07989501953125,1470,19474,0.25,matched_multiscale_normalized_mse_v1,reference_norm_relative_v2,first_nonzero_active_used_gradient_norm_per_sample_v1
fullgeo_case05,142,CONTINUOUS_PROPERTY_TARGET,1,23,0.734375,0.8968727415326884,0.16568820903059628,0.0,0.7720231413841248,0.2539733946323395,1.5,0.47155094146728516,0.04230060428380966,3.0,0.7234102487564087,0.018170347437262535,0.6721588969230652,0.17201535403728485,0.05350494384765625,1.1441528797149658,0.0002051551127806306,0.9786992073059082,0.09505736827850342,0.09505736827850342,1888.3350830078125,472.0837707519531,1939.0526123046875,0.2242181853831721,0.25,1.0725572109222412,1.0,0.019871750846505165,4.783542633056641,0.25,60.55148696899414,2.3063132762908936,0.0,0,0,19481,0.07431411743164062,1500,17981,0.25,matched_multiscale_normalized_mse_v1,reference_norm_relative_v2,first_nonzero_active_used_gradient_norm_per_sample_v1
fullgeo_case05,142,CONTINUOUS_PROPERTY_TARGET,1,24,0.765625,0.8314696123025455,0.1518097749290082,0.0,0.8578905463218689,0.2539733946323395,1.5,0.34167200326919556,0.04230060428380966,3.0,0.3140612244606018,0.018170347437262535,0.5942591428756714,0.18885664641857147,0.05350494384765625,1.0090678930282593,0.00010732388909673318,0.9880927205085754,0.08774834871292114,0.08774834871292114,1890.8250732421875,472.7062072753906,1941.885986328125,0.20786740307563636,0.25,0.9178870320320129,1.0,0.019871750846505165,4.415733337402344,0.2499999701976776,60.626895904541016,2.6305363178253174,0.0,0,0,15026,0.05731964111328125,1240,13786,0.25,matched_multiscale_normalized_mse_v1,reference_norm_relative_v2,first_nonzero_active_used_gradient_norm_per_sample_v1
fullgeo_case05,142,CONTINUOUS_PROPERTY_TARGET,1,25,0.796875,0.7518398074789774,0.139358493703871,0.0,1.0210684537887573,0.2539733946323395,1.5,0.2836174964904785,0.04230060428380966,3.0,0.3784824013710022,0.018170347437262535,0.6713159680366516,0.21107879281044006,0.05350494384765625,0.7201730608940125,4.928771886625327e-05,0.9936268329620361,0.08274780958890915,0.08274780958890915,1895.19677734375,473.7991638183594,1947.996826171875,0.18795995186974435,0.25,0.7826826572418213,1.0,0.019871750846505165,4.164092540740967,0.2499999850988388,60.801910400390625,2.980093002319336,0.0,0,0,9460,0.0360870361328125,1070,8390,0.25,matched_multiscale_normalized_mse_v1,reference_norm_relative_v2,first_nonzero_active_used_gradient_norm_per_sample_v1
fullgeo_case05,142,CONTINUOUS_PROPERTY_TARGET,1,26,0.828125,0.659345815100069,0.12845427799994558,0.0,1.333023190498352,0.2539733946323395,1.5,0.7655016779899597,0.04230060428380966,3.0,1.016469120979309,0.018170347437262535,1.0994559526443481,0.24711580574512482,0.05350494384765625,0.6123802065849304,2.2670257749268785e-05,0.9966714382171631,0.17251639068126678,0.17251639068126678,1902.1932373046875,475.5482482910156,1953.6907958984375,0.16483645377501724,0.25,1.4310258626937866,1.0,0.019871750846505165,8.681488990783691,0.2499999701976776,60.95738220214844,3.412713050842285,0.0,0,0,5040,0.01922607421875,701,4339,0.25,matched_multiscale_normalized_mse_v1,reference_norm_relative_v2,first_nonzero_active_used_gradient_norm_per_sample_v1
fullgeo_case05,142,CONTINUOUS_PROPERTY_TARGET,1,27,0.859375,0.5555702330196022,0.11920214137531127,0.0,1.2985526323318481,0.2539733946323395,1.5,0.3024232089519501,0.04230060428380966,3.0,0.27307337522506714,0.018170347437262535,0.7946179509162903,0.24419915676116943,0.05350494384765625,0.35701683163642883,1.0024346011050511e-05,0.99825519323349,0.09040254354476929,0.09040254354476929,1909.94384765625,477.4858703613281,1960.723876953125,0.13889255825490054,0.25,0.6318638324737549,1.0,0.019871750846505165,4.549299240112305,0.24999995529651642,61.14502716064453,3.952176809310913,0.0,0,0,2691,0.010265350341796875,597,2094,0.25,matched_multiscale_normalized_mse_v1,reference_norm_relative_v2,first_nonzero_active_used_gradient_norm_per_sample_v1
fullgeo_case05,142,CONTINUOUS_PROPERTY_TARGET,1,28,0.890625,0.4422886902190013,0.11169118696339586,0.0,1.661009669303894,0.2539733946323395,1.5,0.40707921981811523,0.04230060428380966,3.0,0.46183663606643677,0.018170347437262535,1.044995903968811,0.2767804265022278,0.05350494384765625,0.25085368752479553,5.0598569032445084e-06,0.9990459084510803,0.1198779046535492,0.1198779046535492,1922.49267578125,480.6231384277344,1973.771484375,0.11057217255475033,0.25,0.6670353412628174,1.0,0.019871750846505165,6.032578945159912,0.2499999850988388,61.509803771972656,4.583742618560791,0.0,0,0,1533,0.005847930908203125,392,1141,0.25,matched_multiscale_normalized_mse_v1,reference_norm_relative_v2,first_nonzero_active_used_gradient_norm_per_sample_v1
fullgeo_case05,142,CONTINUOUS_PROPERTY_TARGET,1,29,0.921875,0.32143946530316175,0.10599374936109118,0.0,1.7175856828689575,0.2539733946323395,1.5,0.2947440445423126,0.04230060428380966,3.0,0.20676201581954956,0.018170347437262535,0.9885684251785278,0.28444918990135193,0.05350494384765625,0.14797572791576385,3.007038458235911e-06,0.9994298815727234,0.08872932940721512,0.08872932940721512,1944.3812255859375,486.0952453613281,1998.8746337890625,0.08035986632579044,0.25,0.3588147461414337,1.0,0.019871750846505165,4.465098857879639,0.2499999701976776,62.2421760559082,5.269450664520264,0.0,0,0,1097,0.004184722900390625,357,740,0.25,matched_multiscale_normalized_mse_v1,reference_norm_relative_v2,first_nonzero_active_used_gradient_norm_per_sample_v1
fullgeo_case05,142,CONTINUOUS_PROPERTY_TARGET,1,30,0.953125,0.1950903220161286,0.10216469800704375,0.0,1.9501150846481323,0.2539733946323395,1.5,0.28184017539024353,0.04230060428380966,3.0,0.355152428150177,0.018170347437262535,1.1306401491165161,0.3021930158138275,0.05350494384765625,0.10885470360517502,6.00080113599688e-07,0.999609649181366,0.10872437804937363,0.10872437804937363,1991.6527099609375,497.9131164550781,2043.1595458984375,0.04877258050403215,0.25,0.2668495774269104,1.0,0.019871750846505165,5.471303462982178,0.2499999701976776,63.556758880615234,6.099130630493164,0.0,0,0,797,0.003040313720703125,272,525,0.25,matched_multiscale_normalized_mse_v1,reference_norm_relative_v2,first_nonzero_active_used_gradient_norm_per_sample_v1
fullgeo_case05,142,CONTINUOUS_PROPERTY_TARGET,1,31,0.984375,0.06540312923014312,0.10024090875896552,0.0,1.9832745790481567,0.2539733946323395,1.5,0.2957938015460968,0.04230060428380966,3.0,0.275729238986969,0.018170347437262535,1.1355212926864624,0.306304395198822,0.05350494384765625,0.07736816257238388,4.6760175109739066e-07,0.9996809959411621,0.11089174449443817,0.11089174449443817,2140.766357421875,195.33084106445312,2145.203369140625,0.01635078230753578,0.09124342352151871,0.09124342352151871,0.0,0.019871750846505165,5.580370903015137,0.09124341607093811,66.66384887695312,7.069103717803955,0.0,0,0,681,0.002597808837890625,214,467,0.25,matched_multiscale_normalized_mse_v1,reference_norm_relative_v2,first_nonzero_active_used_gradient_norm_per_sample_v1
fullgeo_case05,242,CONTINUOUS_PROPERTY_TARGET,2,0,0.015625,0.0,0.49975909124103446,0.0,3.370220899581909,0.2539733946323395,1.5,1.997640609741211,0.04230060428380966,3.0,1.198340892791748,0.018170347437262535,2.5240707397460938,0.39937829971313477,0.05350494384765625,2.577924966812134,0.010672674514353275,0.3786771595478058,0.0,0.0,1895.440673828125,0.0,1895.440673828125,0.0,0.0,0.0,0.0,0.0,0.0,0.0,59.22771072387695,0.7547028064727783,815.5308837890625,0,0,958,0.00365447998046875,68,890,0.25,matched_multiscale_normalized_mse_v1,reference_norm_relative_v2,first_nonzero_active_used_gradient_norm_per_sample_v1
fullgeo_case05,242,CONTINUOUS_PROPERTY_TARGET,2,1,0.046875,0.0,0.4978353019929562,0.0,3.369753122329712,0.2539733946323395,1.5,1.9962239265441895,0.04230060428380966,3.0,1.2014466524124146,0.018170347437262535,2.5240330696105957,0.3993571102619171,0.05350494384765625,2.5769362449645996,0.010599208064377308,0.3806283175945282,0.0,0.0,1892.5540771484375,0.0,1892.5540771484375,0.0,0.0,0.0,0.0,0.0,0.0,0.0,59.1368522644043,0.8037889003753662,0.0,0,0,994,0.00379180908203125,62,932,0.25,matched_multiscale_normalized_mse_v1,reference_norm_relative_v2,first_nonzero_active_used_gradient_norm_per_sample_v1
fullgeo_case05,242,CONTINUOUS_PROPERTY_TARGET,2,2,0.078125,0.0,0.4940062506389088,0.0,3.369384288787842,0.2539733946323395,1.5,1.9947526454925537,0.04230060428380966,3.0,1.2048536539077759,0.018170347437262535,2.5240888595581055,0.3993474841117859,0.05350494384765625,2.574946165084839,0.010444937273859978,0.3845687210559845,0.0,0.0,1893.36376953125,0.0,1893.36376953125,0.0,0.0,0.0,0.0,0.0,0.0,0.0,59.162105560302734,0.8077141046524048,0.0,0,0,1175,0.004482269287109375,62,1113,0.25,matched_multiscale_normalized_mse_v1,reference_norm_relative_v2,first_nonzero_active_used_gradient_norm_per_sample_v1
fullgeo_case05,242,CONTINUOUS_PROPERTY_TARGET,2,3,0.109375,0.0,0.4883088130366042,0.0,3.369086265563965,0.2539733946323395,1.5,1.993180751800537,0.04230060428380966,3.0,1.2088981866836548,0.018170347437262535,2.5242769718170166,0.3993474245071411,0.05350494384765625,2.571903944015503,0.01021504309028387,0.3905751705169678,0.0,0.0,1893.561279296875,0.0,1893.561279296875,0.0,0.0,0.0,0.0,0.0,0.0,0.0,59.16814041137695,0.8178415298461914,0.0,0,0,1316,0.0050201416015625,78,1238,0.25,matched_multiscale_normalized_mse_v1,reference_norm_relative_v2,first_nonzero_active_used_gradient_norm_per_sample_v1
fullgeo_case05,242,CONTINUOUS_PROPERTY_TARGET,2,4,0.140625,0.0,0.48079785862468866,0.0,3.368809461593628,0.2539733946323395,1.5,1.9913909435272217,0.04230060428380966,3.0,1.2143508195877075,0.018170347437262535,2.5246920585632324,0.39935389161109924,0.05350494384765625,2.567734956741333,0.00991702638566494,0.3987639844417572,0.0,0.0,1894.2515869140625,0.0,1894.2515869140625,0.0,0.0,0.0,0.0,0.0,0.0,0.0,59.18965148925781,0.8219518065452576,0.0,0,0,1507,0.005748748779296875,88,1419,0.25,matched_multiscale_normalized_mse_v1,reference_norm_relative_v2,first_nonzero_active_used_gradient_norm_per_sample_v1
fullgeo_case05,242,CONTINUOUS_PROPERTY_TARGET,2,5,0.171875,0.0,0.4715457220000544,0.0,3.3686487674713135,0.2539733946323395,1.5,1.9897408485412598,0.04230060428380966,3.0,1.220999002456665,0.018170347437262535,2.5254464149475098,0.39937281608581543,0.05350494384765625,2.5623342990875244,0.009549545124173164,0.40929174423217773,0.0,0.0,1895.0020751953125,0.0,1895.0020751953125,0.0,0.0,0.0,0.0,0.0,0.0,0.0,59.2130126953125,0.8292868137359619,0.0,0,0,1647,0.006282806396484375,98,1549,0.25,matched_multiscale_normalized_mse_v1,reference_norm_relative_v2,first_nonzero_active_used_gradient_norm_per_sample_v1
fullgeo_case05,242,CONTINUOUS_PROPERTY_TARGET,2,6,0.203125,0.0,0.460641506296129,0.0,3.368474006652832,0.2539733946323395,1.5,1.9878650903701782,0.04230060428380966,3.0,1.2299177646636963,0.018170347437262535,2.5265800952911377,0.3993974030017853,0.05350494384765625,2.5555646419525146,0.009114071726799011,0.4223563075065613,0.0,0.0,1895.191650390625,0.0,1895.191650390625,0.0,0.0,0.0,0.0,0.0,0.0,0.0,59.218814849853516,0.8379356265068054,0.0,0,0,1937,0.007389068603515625,132,1805,0.25,matched_multiscale_normalized_mse_v1,reference_norm_relative_v2,first_nonzero_active_used_gradient_norm_per_sample_v1
fullgeo_case05,242,CONTINUOUS_PROPERTY_TARGET,2,7,0.234375,0.0,0.4481902250709918,0.0,3.368344306945801,0.2539733946323395,1.5,1.9861406087875366,0.04230060428380966,3.0,1.2415305376052856,0.018170347437262535,2.5283203125,0.39943066239356995,0.05350494384765625,2.5472474098205566,0.008581812493503094,0.43819504976272583,0.0,0.0,1896.932373046875,0.0,1896.932373046875,0.0,0.0,0.0,0.0,0.0,0.0,0.0,59.27328109741211,0.8330157995223999,0.0,0,0,2221,0.008472442626953125,155,2066,0.25,matched_multiscale_normalized_mse_v1,reference_norm_relative_v2,first_nonzero_active_used_gradient_norm_per_sample_v1
fullgeo_case05,242,CONTINUOUS_PROPERTY_TARGET,2,8,0.265625,0.06540312923014306,0.43431179096940364,0.0,3.368224620819092,0.2539733946323395,1.5,1.9846705198287964,0.04230060428380966,3.0,1.2571886777877808,0.018170347437262535,2.5309510231018066,0.3994681239128113,0.05350494384765625,2.53715443611145,0.007983613759279251,0.4570808708667755,0.0200335830450058,0.0200335830450058,1900.1627197265625,31.069129943847656,1900.356689453125,0.016350782307535765,0.01635078154504299,0.01635078154504299,0.0,0.0200335830450058,1.0,0.016350774094462395,59.38035583496094,0.8293644189834595,0.0,0,0,2511,0.009578704833984375,148,2363,0.25,matched_multiscale_normalized_mse_v1,reference_norm_relative_v2,first_nonzero_active_used_gradient_norm_per_sample_v1
fullgeo_case05,242,CONTINUOUS_PROPERTY_TARGET,2,9,0.296875,0.19509032201612825,0.4191398608984867,0.0,3.350642442703247,0.2539733946323395,1.5,1.9494699239730835,0.04230060428380966,3.0,1.2670924663543701,0.018170347437262535,2.513580799102783,0.39842498302459717,0.05350494384765625,2.524996280670166,0.007338076829910278,0.47931140661239624,0.021954838186502457,0.021954838186502457,1899.8338623046875,101.54598999023438,1902.2996826171875,0.04877258050403206,0.053449954837560654,0.053449954837560654,0.0,0.0200335830450058,1.0959017276763916,0.05344993248581886,59.4412727355957,0.8154387474060059,0.0,0,0,3071,0.011714935302734375,236,2835,0.25,matched_multiscale_normalized_mse_v1,reference_norm_relative_v2,first_nonzero_active_used_gradient_norm_per_sample_v1
fullgeo_case05,242,CONTINUOUS_PROPERTY_TARGET,2,10,0.328125,0.3214394653031616,0.4028205488386443,0.0,3.2848060131073,0.2539733946323395,1.5,1.8244456052780151,0.04230060428380966,3.0,1.257087230682373,0.018170347437262535,2.4411542415618896,0.39430996775627136,0.05350494384765625,2.5100996494293213,0.006655139848589897,0.5051895380020142,0.024494484066963196,0.024494484066963196,1898.7620849609375,186.56031799316406,1907.410400390625,0.0803598663257904,0.09825368970632553,0.09825368970632553,0.0,0.0200335830450058,1.2226711511611938,0.09825365990400314,59.60056686401367,0.8463716506958008,0.0,0,0,3665,0.013980865478515625,333,3332,0.25,matched_multiscale_normalized_mse_v1,reference_norm_relative_v2,first_nonzero_active_used_gradient_norm_per_sample_v1
fullgeo_case05,242,CONTINUOUS_PROPERTY_TARGET,2,11,0.359375,0.4422886902190013,0.3855110186860564,0.0,3.136725425720215,0.2539733946323395,1.5,1.5656369924545288,0.04230060428380966,3.0,1.2398709058761597,0.018170347437262535,2.2860279083251953,0.38454538583755493,0.05350494384765625,2.4899425506591797,0.005946252960711718,0.534989058971405,0.026960643008351326,0.026960643008351326,1896.5296630859375,282.21295166015625,1916.768798828125,0.11057217255475033,0.14880497753620148,0.14880497753620148,0.0,0.0200335830450058,1.345772385597229,0.1488049179315567,59.89275360107422,0.8665773272514343,0.0,0,0,4437,0.016925811767578125,425,4012,0.25,matched_multiscale_normalized_mse_v1,reference_norm_relative_v2,first_nonzero_active_used_gradient_norm_per_sample_v1
fullgeo_case05,242,CONTINUOUS_PROPERTY_TARGET,2,12,0.390625,0.5555702330196022,0.367377970678444,0.0,2.863128185272217,0.2539733946323395,1.5,1.1463972330093384,0.04230060428380966,3.0,1.2821874618530273,0.018170347437262535,2.0319206714630127,0.3648500442504883,0.05350494384765625,2.457359790802002,0.005224991124123335,0.5688996315002441,0.02704765275120735,0.02704765275120735,1894.2325439453125,355.2082824707031,1927.3536376953125,0.13889255825490054,0.18752101063728333,0.18752101063728333,0.0,0.0200335830450058,1.3501155376434326,0.18752095103263855,60.223297119140625,0.8850594162940979,0.0,0,0,5195,0.019817352294921875,455,4740,0.25,matched_multiscale_normalized_mse_v1,reference_norm_relative_v2,first_nonzero_active_used_gradient_norm_per_sample_v1
fullgeo_case05,242,CONTINUOUS_PROPERTY_TARGET,2,13,0.421875,0.6593458151000688,0.3485960359806528,0.0,2.4549920558929443,0.2539733946323395,1.5,0.6665222644805908,0.04230060428380966,3.0,1.497765064239502,0.018170347437262535,1.7270057201385498,0.3321010172367096,0.05350494384765625,2.401653289794922,0.004506486002355814,0.6069469451904297,0.02391878329217434,0.02391878329217434,1892.81298828125,372.5128479003906,1929.3314208984375,0.1648364537750172,0.19680389761924744,0.19680389761924744,0.0,0.0200335830450058,1.1939343214035034,0.19680383801460266,60.284690856933594,0.9130925536155701,0.0,0,0,6175,0.023555755615234375,533,5642,0.25,matched_multiscale_normalized_mse_v1,reference_norm_relative_v2,first_nonzero_active_used_gradient_norm_per_sample_v1
fullgeo_case05,242,CONTINUOUS_PROPERTY_TARGET,2,14,0.453125,0.7518398074789773,0.32934609489107236,0.0,1.9931925535202026,0.2539733946323395,1.5,0.35290372371673584,0.04230060428380966,3.0,1.7365723848342896,0.018170347437262535,1.449781894683838,0.29055893421173096,0.05350494384765625,2.3209755420684814,0.0038066518027335405,0.6488853693008423,0.02218255028128624,0.02218255028128624,1891.808837890625,393.72705078125,1930.9410400390625,0.18795995186974432,0.20812208950519562,0.20812208950519562,0.0,0.0200335830450058,1.107268214225769,0.20812200009822845,60.333892822265625,0.9834995269775391,0.0,0,0,7452,0.0284271240234375,621,6831,0.25,matched_multiscale_normalized_mse_v1,reference_norm_relative_v2,first_nonzero_active_used_gradient_norm_per_sample_v1
fullgeo_case05,242,CONTINUOUS_PROPERTY_TARGET,2,15,0.484375,0.8314696123025452,0.3098135348654836,0.0,1.5624953508377075,0.2539733946323395,1.5,0.23242342472076416,0.04230060428380966,3.0,1.599490761756897,0.018170347437262535,1.1708728075027466,0.24662981927394867,0.05350494384765625,2.2287847995758057,0.003141422988846898,0.6940759420394897,0.021226048469543457,0.021226048469543457,1892.0419921875,416.70379638671875,1935.648193359375,0.2078674030756363,0.22024035453796387,0.22024035453796387,0.0,0.0200335830450058,1.059523344039917,0.2202402502298355,60.4793815612793,1.0790387392044067,0.0,0,0,8565,0.032672882080078125,699,7866,0.25,matched_multiscale_normalized_mse_v1,reference_norm_relative_v2,first_nonzero_active_used_gradient_norm_per_sample_v1
fullgeo_case05,242,CONTINUOUS_PROPERTY_TARGET,2,16,0.515625,0.8968727415326884,0.2901864651345164,0.0,1.1591598987579346,0.2539733946323395,1.5,0.16063623130321503,0.04230060428380966,3.0,1.3276088237762451,0.018170347437262535,0.8932926058769226,0.1995738297700882,0.05350494384765625,2.1216907501220703,0.002525926101952791,0.7413794994354248,0.019497280940413475,0.019497280940413475,1891.7799072265625,412.81610107421875,1934.632080078125,0.2242181853831721,0.21821582317352295,0.21821582317352295,0.0,0.0200335830450058,0.9732298254966736,0.2182157188653946,60.44646072387695,1.1423139572143555,0.0,0,0,10265,0.039157867431640625,777,9488,0.25,matched_multiscale_normalized_mse_v1,reference_norm_relative_v2,first_nonzero_active_used_gradient_norm_per_sample_v1
fullgeo_case05,242,CONTINUOUS_PROPERTY_TARGET,2,17,0.546875,0.9469301294951056,0.2706539051089276,0.0,0.8144540190696716,0.2539733946323395,1.5,0.11000056564807892,0.04230060428380966,3.0,1.0361733436584473,0.018170347437262535,0.6474618315696716,0.15320196747779846,0.05350494384765625,2.0058226585388184,0.0019735400564968586,0.7891169190406799,0.017671877518296242,0.017671877518296242,1890.388671875,394.759765625,1929.688720703125,0.2367325323737764,0.2088247686624527,0.2088247686624527,0.0,0.0200335830450058,0.8821126818656921,0.20882464945316315,60.290218353271484,1.2303385734558105,0.0,0,0,12157,0.046375274658203125,822,11335,0.25,matched_multiscale_normalized_mse_v1,reference_norm_relative_v2,first_nonzero_active_used_gradient_norm_per_sample_v1
fullgeo_case05,242,CONTINUOUS_PROPERTY_TARGET,2,18,0.578125,0.9807852804032304,0.2514039640193472,0.0,0.5554431080818176,0.2539733946323395,1.5,0.07892719656229019,0.04230060428380966,3.0,0.7533648014068604,0.018170347437262535,0.4520726799964905,0.11416126042604446,0.05350494384765625,1.892066478729248,0.0014942493289709091,0.835170328617096,0.015275625512003899,0.015275625512003899,1890.6326904296875,353.4770202636719,1922.4375,0.2451963201008076,0.18696242570877075,0.18696242570877075,0.0,0.0200335830450058,0.7625009417533875,0.18696229159832,60.06093978881836,1.3528416156768799,0.0,0,0,14068,0.0536651611328125,877,13191,0.25,matched_multiscale_normalized_mse_v1,reference_norm_relative_v2,first_nonzero_active_used_gradient_norm_per_sample_v1
fullgeo_case05,242,CONTINUOUS_PROPERTY_TARGET,2,19,0.609375,0.9978589232386035,0.232622029321556,0.0,0.4020536541938782,0.2539733946323395,1.5,0.07875419408082962,0.04230060428380966,3.0,0.5378504395484924,0.018170347437262535,0.33222317695617676,0.09063813090324402,0.05350494384765625,1.790612816810608,0.0010778745636343956,0.8772691488265991,0.021508673205971718,0.021508673205971718,1889.4774169921875,472.3691711425781,1945.3914794921875,0.24946473080965087,0.25,0.26783305406570435,1.0,0.0200335830450058,1.073630928993225,0.24999989569187164,60.77561569213867,1.4737904071807861,0.0,0,0,16539,0.06309127807617188,1101,15438,0.25,matched_multiscale_normalized_mse_v1,reference_norm_relative_v2,first_nonzero_active_used_gradient_norm_per_sample_v1
fullgeo_case05,242,CONTINUOUS_PROPERTY_TARGET,2,20,0.640625,0.9978589232386035,0.21448898131394362,0.0,0.45827725529670715,0.2539733946323395,1.5,0.4724212884902954,0.04230060428380966,3.0,0.7418233752250671,0.018170347437262535,0.5192297101020813,0.11440833657979965,0.05350494384765625,1.6793889999389648,0.0007430692203342915,0.9134263396263123,0.0660632997751236,0.0660632997751236,1889.2764892578125,472.319091796875,1946.4580078125,0.24946473080965087,0.25,0.8226417899131775,1.0,0.0200335830450058,3.2976276874542236,0.2499999850988388,60.80490493774414,1.6322789192199707,0.0,0,0,18866,0.07196807861328125,1212,17654,0.25,matched_multiscale_normalized_mse_v1,reference_norm_relative_v2,first_nonzero_active_used_gradient_norm_per_sample_v1
fullgeo_case05,242,CONTINUOUS_PROPERTY_TARGET,2,21,0.671875,0.9807852804032304,0.19717945116135566,0.0,0.4575985372066498,0.2539733946323395,1.5,0.3814738392829895,0.04230060428380966,3.0,0.8334379196166992,0.018170347437262535,0.5099290013313293,0.11927725374698639,0.05350494384765625,1.469774842262268,0.0005005118437111378,0.9423894286155701,0.07739686965942383,0.07739686965942383,1890.6331787109375,472.6582336425781,1943.5460205078125,0.2451963201008076,0.25,0.9472807049751282,1.0,0.0200335830450058,3.863356351852417,0.2499999701976776,60.70844268798828,1.823159098625183,0.0,0,0,20647,0.07876205444335938,1408,19239,0.25,matched_multiscale_normalized_mse_v1,reference_norm_relative_v2,first_nonzero_active_used_gradient_norm_per_sample_v1
fullgeo_case05,242,CONTINUOUS_PROPERTY_TARGET,2,22,0.703125,0.9469301294951057,0.18086013910151333,0.0,0.4531990885734558,0.2539733946323395,1.5,0.30338019132614136,0.04230060428380966,3.0,0.3710588216781616,0.018170347437262535,0.3918253779411316,0.11952777951955795,0.05350494384765625,1.4202417135238647,0.0003289306187070906,0.9639109969139099,0.05465267226099968,0.05465267226099968,1891.0694580078125,472.76727294921875,1944.7825927734375,0.23673253237377642,0.25,0.645818829536438,1.0,0.0200335830450058,2.728052854537964,0.24999995529651642,60.73955535888672,2.059326648712158,0.0,0,0,21387,0.08158493041992188,1419,19968,0.25,matched_multiscale_normalized_mse_v1,reference_norm_relative_v2,first_nonzero_active_used_gradient_norm_per_sample_v1
fullgeo_case05,242,CONTINUOUS_PROPERTY_TARGET,2,23,0.734375,0.8968727415326884,0.16568820903059628,0.0,0.7342889308929443,0.2539733946323395,1.5,0.3650141656398773,0.04230060428380966,3.0,0.5832277536392212,0.018170347437262535,0.5932942628860474,0.16464130580425262,0.05350494384765625,1.1524847745895386,0.00020245405903551728,0.9786992073059082,0.07951589673757553,0.07951589673757553,1891.720947265625,472.93023681640625,1944.09912109375,0.2242181853831721,0.25,0.8899511694908142,1.0,0.0200335830450058,3.969130039215088,0.25,60.70941925048828,2.3032853603363037,0.0,0,0,19677,0.07506179809570312,1530,18147,0.25,matched_multiscale_normalized_mse_v1,reference_norm_relative_v2,first_nonzero_active_used_gradient_norm_per_sample_v1
fullgeo_case05,242,CONTINUOUS_PROPERTY_TARGET,2,24,0.765625,0.8314696123025455,0.1518097749290082,0.0,0.9523773193359375,0.2539733946323395,1.5,0.5675405859947205,0.04230060428380966,3.0,0.5291918516159058,0.018170347437262535,0.7522892355918884,0.20058317482471466,0.05350494384765625,0.9914124011993408,0.00010533429303904995,0.9880927205085754,0.10561904311180115,0.10561904311180115,1893.5787353515625,473.3946533203125,1946.2366943359375,0.20786740307563636,0.25,1.0958975553512573,1.0,0.0200335830450058,5.272099494934082,0.2499999850988388,60.7631950378418,2.625682830810547,0.0,0,0,14736,0.05621337890625,1196,13540,0.25,matched_multiscale_normalized_mse_v1,reference_norm_relative_v2,first_nonzero_active_used_gradient_norm_per_sample_v1
fullgeo_case05,242,CONTINUOUS_PROPERTY_TARGET,2,25,0.796875,0.7518398074789774,0.139358493703871,0.0,1.0286661386489868,0.2539733946323395,1.5,0.27617165446281433,0.04230060428380966,3.0,0.33243146538734436,0.018170347437262535,0.6636708378791809,0.2136765867471695,0.05350494384765625,0.7586038708686829,4.486005855142139e-05,0.9936268329620361,0.08305596560239792,0.08305596560239792,1897.625244140625,474.4062805175781,1948.109619140625,0.18795995186974435,0.25,0.7792512774467468,1.0,0.0200335830450058,4.14583683013916,0.2499999850988388,60.805782318115234,2.9731056690216064,0.0,0,0,8917,0.034015655517578125,937,7980,0.25,matched_multiscale_normalized_mse_v1,reference_norm_relative_v2,first_nonzero_active_used_gradient_norm_per_sample_v1
fullgeo_case05,242,CONTINUOUS_PROPERTY_TARGET,2,26,0.828125,0.659345815100069,0.12845427799994558,0.0,1.2078983783721924,0.2539733946323395,1.5,0.29146701097488403,0.04230060428380966,3.0,0.41775622963905334,0.018170347437262535,0.774940550327301,0.2331429421901703,0.05350494384765625,0.5627362728118896,1.884081939351745e-05,0.9966714382171631,0.10994197428226471,0.10994197428226471,1902.84375,475.7109375,1953.575439453125,0.16483645377501724,0.25,0.9046032428741455,1.0,0.0200335830450058,5.487883567810059,0.25,60.95427703857422,3.403679609298706,0.0,0,0,4424,0.016876220703125,672,3752,0.25,matched_multiscale_normalized_mse_v1,reference_norm_relative_v2,first_nonzero_active_used_gradient_norm_per_sample_v1
fullgeo_case05,242,CONTINUOUS_PROPERTY_TARGET,2,27,0.859375,0.5555702330196022,0.11920214137531127,0.0,1.3726599216461182,0.2539733946323395,1.5,0.42028942704200745,0.04230060428380966,3.0,0.4577559530735016,0.018170347437262535,0.9039679765701294,0.25153887271881104,0.05350494384765625,0.37742242217063904,9.270143891626503e-06,0.99825519323349,0.1287940889596939,0.1287940889596939,1909.235107421875,477.3087463378906,1961.294189453125,0.13889255825490054,0.25,0.8929277062416077,1.0,0.0200335830450058,6.4289093017578125,0.2499999850988388,61.16352081298828,3.942389965057373,0.0,0,0,2211,0.008434295654296875,583,1628,0.25,matched_multiscale_normalized_mse_v1,reference_norm_relative_v2,first_nonzero_active_used_gradient_norm_per_sample_v1
fullgeo_case05,242,CONTINUOUS_PROPERTY_TARGET,2,28,0.890625,0.4422886902190013,0.11169118696339586,0.0,1.548681616783142,0.2539733946323395,1.5,0.448291540145874,0.04230060428380966,3.0,0.6347177624702454,0.018170347437262535,1.0357718467712402,0.26995205879211426,0.05350494384765625,0.2533401846885681,4.477560196392005e-06,0.9990459084510803,0.12089163064956665,0.12089163064956665,1919.6182861328125,479.904541015625,1971.2332763671875,0.11057217255475033,0.25,0.6672421097755432,1.0,0.0200335830450058,6.034448623657227,0.2499999850988388,61.43110275268555,4.5725321769714355,0.0,0,0,1305,0.004978179931640625,419,886,0.25,matched_multiscale_normalized_mse_v1,reference_norm_relative_v2,first_nonzero_active_used_gradient_norm_per_sample_v1
fullgeo_case05,242,CONTINUOUS_PROPERTY_TARGET,2,29,0.921875,0.32143946530316175,0.10599374936109118,0.0,1.6830013990402222,0.2539733946323395,1.5,0.32823053002357483,0.04230060428380966,3.0,0.46824881434440613,0.018170347437262535,1.0336196422576904,0.2810603678226471,0.05350494384765625,0.1626037061214447,2.5045706024684478e-06,0.9994298815727234,0.12380862236022949,0.12380862236022949,1938.006591796875,484.5016174316406,1989.037841796875,0.08035986632579044,0.25,0.4966283142566681,1.0,0.0200335830450058,6.1800537109375,0.2499999850988388,61.934722900390625,5.257033824920654,0.0,0,0,974,0.00371551513671875,357,617,0.25,matched_multiscale_normalized_mse_v1,reference_norm_relative_v2,first_nonzero_active_used_gradient_norm_per_sample_v1
fullgeo_case05,242,CONTINUOUS_PROPERTY_TARGET,2,30,0.953125,0.1950903220161286,0.10216469800704375,0.0,1.797826886177063,0.2539733946323395,1.5,0.2981967628002167,0.04230060428380966,3.0,0.3782981038093567,0.018170347437262535,1.0640320777893066,0.29297372698783875,0.05350494384765625,0.11105957627296448,1.132735292230791e-06,0.999609649181366,0.10513916611671448,0.10513916611671448,1978.101318359375,494.5252990722656,2029.8011474609375,0.04877258050403215,0.25,0.25596562027931213,1.0,0.0200335830450058,5.248146057128906,0.2499999850988388,63.13836669921875,6.08892297744751,0.0,0,0,772,0.0029449462890625,315,457,0.25,matched_multiscale_normalized_mse_v1,reference_norm_relative_v2,first_nonzero_active_used_gradient_norm_per_sample_v1
fullgeo_case05,242,CONTINUOUS_PROPERTY_TARGET,2,31,0.984375,0.06540312923014312,0.10024090875896552,0.0,1.9399044513702393,0.2539733946323395,1.5,0.29392096400260925,0.04230060428380966,3.0,0.3776005804538727,0.018170347437262535,1.1336486339569092,0.3039349913597107,0.05350494384765625,0.07598397880792618,1.179899641101656e-06,0.9996809959411621,0.10754968225955963,0.10754968225955963,2114.97998046875,185.65011596679688,2118.932373046875,0.01635078230753578,0.08777867257595062,0.08777867257595062,0.0,0.0200335830450058,5.368469715118408,0.08777866512537003,65.83941650390625,7.057865619659424,0.0,0,0,629,0.002399444580078125,223,406,0.25,matched_multiscale_normalized_mse_v1,reference_norm_relative_v2,first_nonzero_active_used_gradient_norm_per_sample_v1
