branch_id,probe_kind,generation,proposal_index,child_state_id,parent_state_id,ranking_id,rank_index,canonical_center_score,center_x,center_y,center_z,shape,material_label,orientation_deg,full_size_x,full_size_y,full_size_z,scale_index,scale,probe_size_x,probe_size_y,probe_size_z,hard_rmse,delta_rmse_vs_parent,delta_rmse_vs_empty,hard_loss_improving_vs_parent,condition_violations,continuation_authorized,next_scale,termination,truth_used
branch_d3305e523d17d43b9a24,new_center,1,0,g001_p000000_empty,empty,g001_b7e43f1d75130653_0000,0,7.10140448063612e-05,42.0,11.0,24.0,ellipsoid,9,47.07794206407231,14.4425596270046,14.345571233540058,7.910565364157268,0,0.25,3.61063990675115,3.5863928083850145,1.977641341039317,0.016291746869683266,0.00026620179414749146,0.00026620179414749146,False,0,False,,terminated_non_improving_hard_step,False
branch_06c5285465bc63f182d2,new_center,1,1,g001_p000001_empty,empty,g001_b7e43f1d75130653_0000,1,7.101403025444597e-05,42.0,9.0,24.0,ellipsoid,9,81.5363537528872,10.36041110779938,9.933621427014039,7.784748983917653,0,0.25,2.590102776949845,2.4834053567535097,1.9461872459794132,0.016159193590283394,0.00013364851474761963,0.00013364851474761963,False,0,False,,terminated_non_improving_hard_step,False
branch_a6d95a0ef4e3fb052509,new_center,1,2,g001_p000002_empty,empty,g001_b7e43f1d75130653_0000,2,6.556713924510404e-05,27.0,10.0,36.0,dike_hemisphere,9,162.88789201475225,11.132032681810502,6.427371643341984,7.3630002595705974,0,0.25,2.7830081704526255,1.606842910835496,1.8407500648926494,0.0160933006554842,6.775557994842529e-05,6.775557994842529e-05,False,0,False,,terminated_non_improving_hard_step,False
branch_05086cefb6726a0f8ebd,new_center,1,3,g001_p000003_empty,empty,g001_b7e43f1d75130653_0000,3,6.556713196914643e-05,25.0,10.0,36.0,dike_hemisphere,9,73.14827975367315,12.733733649368876,13.611879445783536,8.195861683841935,0,0.25,3.183433412342219,3.402969861445884,2.0489654209604837,0.01620319113135338,0.00017764605581760406,0.00017764605581760406,False,0,False,,terminated_non_improving_hard_step,False
branch_ab86cbafb260f244b131,new_center,1,4,g001_p000004_empty,empty,g001_b7e43f1d75130653_0000,4,6.420160207198933e-05,10.0,9.0,16.0,dike_hemisphere,9,160.67975847467753,7.798237526812782,14.96514496205553,13.21075767939735,0,0.25,1.9495593817031955,3.7412862405138827,3.3026894198493375,0.016124803572893143,9.925849735736847e-05,9.925849735736847e-05,False,0,False,,terminated_non_improving_hard_step,False
branch_cc3be34d194b40646e61,new_center,1,5,g001_p000005_empty,empty,g001_b7e43f1d75130653_0000,5,6.420160207198933e-05,10.0,11.0,16.0,ellipsoid,9,161.20868414978204,8.888576107776366,7.130622542854599,9.194664432290725,0,0.25,2.2221440269440915,1.7826556357136498,2.2986661080726813,0.016105452552437782,7.990747690200806e-05,7.990747690200806e-05,False,0,False,,terminated_non_improving_hard_step,False
branch_61358047968aac02e1b4,new_center,1,6,g001_p000006_empty,empty,g001_b7e43f1d75130653_0000,6,5.73338293179404e-05,9.0,11.0,16.0,ellipsoid,9,139.36014975422052,9.731235455571657,14.20861048249833,8.07666059319666,0,0.25,2.432808863892914,3.5521526206245824,2.019165148299165,0.016238443553447723,0.00021289847791194916,0.00021289847791194916,False,0,False,,terminated_non_improving_hard_step,False
branch_0f1017e3d2b2407736e5,new_center,1,7,g001_p000007_empty,empty,g001_b7e43f1d75130653_0000,7,5.733381840400398e-05,11.0,9.0,16.0,dike_hemisphere,9,136.0867742781983,11.409809591836495,7.209548638978673,6.941494099354311,0,0.25,2.852452397959124,1.8023871597446683,1.7353735248385778,0.016059061512351036,3.351643681526184e-05,3.351643681526184e-05,False,0,False,,terminated_non_improving_hard_step,False
branch_b39aca35600116cc9531,new_center,1,8,g001_p000008_empty,empty,g001_b7e43f1d75130653_0000,8,5.574035458266735e-05,41.0,10.0,24.0,dike_hemisphere,9,61.97497809785554,8.544655546425227,12.42767553800017,10.812632791044674,0,0.25,2.136163886606307,3.1069188845000424,2.7031581977611685,0.016190579161047935,0.00016503408551216125,0.00016503408551216125,False,0,False,,terminated_non_improving_hard_step,False
branch_7876e2c3b5d4c88f76e2,new_center,1,9,g001_p000009_empty,empty,g001_b7e43f1d75130653_0000,9,5.5740350944688544e-05,43.0,10.0,24.0,dike_hemisphere,9,127.41785212030616,15.157723709741802,12.684973529145836,13.345135119501782,0,0.25,3.7894309274354505,3.171243382286459,3.3362837798754454,0.01618359051644802,0.0001580454409122467,0.0001580454409122467,False,0,False,,terminated_non_improving_hard_step,False
branch_72af7dfd82222760f9e5,new_center,1,10,g001_p000010_empty,empty,g001_b7e43f1d75130653_0000,10,5.55754013475962e-05,9.0,10.0,16.0,dike_hemisphere,9,78.93870591406925,14.653842097397476,15.535830123122878,6.025632442219404,0,0.25,3.663460524349369,3.8839575307807195,1.506408110554851,0.016291748732328415,0.0002662036567926407,0.0002662036567926407,False,0,False,,terminated_non_improving_hard_step,False
branch_83ff268e9fc68f89bbaa,new_center,1,11,g001_p000011_empty,empty,g001_b7e43f1d75130653_0000,11,5.557539043365978e-05,11.0,10.0,16.0,dike_hemisphere,9,102.5380141501751,14.350386721509423,15.154404643538395,11.244704620840427,0,0.25,3.587596680377356,3.788601160884599,2.8111761552101067,0.016179533675312996,0.00015398859977722168,0.00015398859977722168,False,0,False,,terminated_non_improving_hard_step,False
branch_f160aed07d6b3760bdca,new_center,1,12,g001_p000012_empty,empty,g001_b7e43f1d75130653_0000,12,5.24175375176128e-05,9.0,9.0,16.0,ellipsoid,9,171.04958293440473,11.638510731565749,15.87588963992376,6.779185253867019,0,0.25,2.909627682891437,3.96897240998094,1.6947963134667547,0.01628674939274788,0.0002612043172121048,0.0002612043172121048,False,0,False,,terminated_non_improving_hard_step,False
branch_87f0a607e43fb8dcb89d,new_center,1,13,g001_p000013_empty,empty,g001_b7e43f1d75130653_0000,13,5.2417530241655186e-05,11.0,11.0,16.0,ellipsoid,9,100.20326378237056,13.910705027757762,9.332880763709992,8.936701900768945,0,0.25,3.4776762569394406,2.333220190927498,2.2341754751922362,0.016238443553447723,0.00021289847791194916,0.00021289847791194916,False,0,False,,terminated_non_improving_hard_step,False
branch_96ac24c17312c234e902,new_center,1,14,g001_p000014_empty,empty,g001_b7e43f1d75130653_0000,14,5.201577732805163e-05,42.0,11.0,23.0,dike_hemisphere,9,164.28789219609968,11.504973032149465,6.826407230927014,13.921577384446248,0,0.25,2.8762432580373662,1.7066018077317535,3.480394346111562,0.01608370430767536,5.81592321395874e-05,5.81592321395874e-05,False,0,False,,terminated_non_improving_hard_step,False
branch_3db8017fa2133502a70a,new_center,1,15,g001_p000015_empty,empty,g001_b7e43f1d75130653_0000,15,5.201577369007282e-05,42.0,9.0,23.0,ellipsoid,9,141.22019332048097,14.676258253376632,12.999040990815786,11.868614090992363,0,0.25,3.669064563344158,3.2497602477039464,2.9671535227480907,0.016231173649430275,0.00020562857389450073,0.00020562857389450073,False,0,False,,terminated_non_improving_hard_step,False
branch_522ea2c4621a813f60cc,new_center,1,16,g001_p000016_empty,empty,g001_b7e43f1d75130653_0000,16,5.165622496861033e-05,41.0,10.0,23.0,ellipsoid,9,152.63508887835997,8.11769257512655,7.3650625740858615,6.907187922956679,0,0.25,2.0294231437816377,1.8412656435214654,1.7267969807391697,0.01605866849422455,3.312341868877411e-05,3.312341868877411e-05,False,0,False,,terminated_non_improving_hard_step,False
branch_44d10800a514aaa37328,new_center,1,17,g001_p000017_empty,empty,g001_b7e43f1d75130653_0000,17,5.165622496861033e-05,43.0,10.0,23.0,dike_hemisphere,9,88.43301020487067,13.931619276595157,9.413097978217827,9.059862053367251,0,0.25,3.4829048191487892,2.353274494554457,2.2649655133418127,0.016103463247418404,7.79181718826294e-05,7.79181718826294e-05,False,0,False,,terminated_non_improving_hard_step,False
branch_e40e6b4d0755f1795b13,new_center,1,18,g001_p000018_empty,empty,g001_b7e43f1d75130653_0000,18,5.131310172146186e-05,41.0,9.0,24.0,dike_hemisphere,9,101.77403872606114,13.550863131997843,15.224186924167336,9.135320434596759,0,0.25,3.387715782999461,3.806046731041834,2.2838301086491897,0.016175897791981697,0.00015035271644592285,0.00015035271644592285,False,0,False,,terminated_non_improving_hard_step,False
branch_03b87d892da80536f8e8,new_center,1,19,g001_p000019_empty,empty,g001_b7e43f1d75130653_0000,19,5.131309080752544e-05,43.0,11.0,24.0,dike_hemisphere,9,41.40666991190215,11.85779000735415,8.421037579105906,9.68099462003489,0,0.25,2.9644475018385377,2.1052593947764766,2.4202486550087223,0.01615219935774803,0.00012665428221225739,0.00012665428221225739,False,0,False,,terminated_non_improving_hard_step,False
branch_d0e5827de1dfe4b96d62,new_center,1,20,g001_p000020_empty,empty,g001_b7e43f1d75130653_0000,20,5.092183710075915e-05,41.0,11.0,24.0,dike_hemisphere,9,26.8135527137307,8.83083333877326,14.593664865254173,9.547355267092462,0,0.25,2.207708334693315,3.648416216313543,2.3868388167731154,0.01613573171198368,0.0001101866364479065,0.0001101866364479065,False,0,False,,terminated_non_improving_hard_step,False
branch_9da2a67f9e80d2734478,new_center,1,21,g001_p000021_empty,empty,g001_b7e43f1d75130653_0000,21,5.092183346278034e-05,43.0,9.0,24.0,ellipsoid,9,9.754716005644607,11.38322522884514,12.452859355759104,8.62003188311849,0,0.25,2.845806307211285,3.113214838939776,2.1550079707796224,0.01626651920378208,0.00024097412824630737,0.00024097412824630737,False,0,False,,terminated_non_improving_hard_step,False
branch_166d278769e29d2ab0e2,new_center,1,22,g001_p000022_empty,empty,g001_b7e43f1d75130653_0000,22,4.951177106704563e-05,24.0,10.0,37.0,dike_hemisphere,9,42.29182387871673,14.791958801713417,7.977049048275362,6.746485503804241,0,0.25,3.697989700428354,1.9942622620688406,1.6866213759510602,0.01629759557545185,0.00027205049991607666,0.00027205049991607666,False,0,False,,terminated_non_improving_hard_step,False
branch_35f9ce31375d2738da46,new_center,1,23,g001_p000023_empty,empty,g001_b7e43f1d75130653_0000,23,4.9511738325236365e-05,28.0,10.0,37.0,dike_hemisphere,9,23.292381158314683,10.856752556744603,6.598097727359938,12.708207846444289,0,0.25,2.7141881391861507,1.6495244318399844,3.177051961611072,0.01604675129055977,2.1206215023994446e-05,2.1206215023994446e-05,False,0,False,,terminated_non_improving_hard_step,False
branch_84a3b9675ebdc5b87c6f,new_center,1,24,g001_p000024_empty,empty,g001_b7e43f1d75130653_0000,24,4.95001622766722e-05,10.0,9.0,15.0,ellipsoid,9,40.26032660370668,11.741582747159569,10.078518903673327,6.28822502196141,0,0.25,2.9353956867898923,2.519629725918332,1.5720562554903525,0.016223276033997536,0.00019773095846176147,0.00019773095846176147,False,0,False,,terminated_non_improving_hard_step,False
branch_4c801a3aa2722dda81ac,new_center,1,25,g001_p000025_empty,empty,g001_b7e43f1d75130653_0000,25,4.950015863869339e-05,10.0,11.0,15.0,ellipsoid,9,178.12495936364968,14.91532222051059,14.519626252738883,8.875139759747581,0,0.25,3.7288305551276477,3.6299065631847207,2.2187849399368953,0.016274303197860718,0.00024875812232494354,0.00024875812232494354,False,0,False,,terminated_non_improving_hard_step,False
branch_1ede10812512212d1bba,new_center,1,26,g001_p000026_empty,empty,g001_b7e43f1d75130653_0000,26,4.8025380237959325e-05,42.0,8.0,24.0,dike_hemisphere,9,22.11910805932401,8.716482190765117,11.993909961376513,12.58190248816064,0,0.25,2.179120547691279,2.9984774903441282,3.14547562204016,0.016141271218657494,0.00011572614312171936,0.00011572614312171936,False,0,False,,terminated_non_improving_hard_step,False
branch_15abd7fa356ccac524cf,new_center,1,27,g001_p000027_empty,empty,g001_b7e43f1d75130653_0000,27,4.802537296200171e-05,42.0,12.0,24.0,ellipsoid,9,130.36836575728518,10.204317459215726,14.505704507089348,8.823888116518209,0,0.25,2.5510793648039316,3.626426126772337,2.205972029129552,0.016228415071964264,0.00020286999642848969,0.00020286999642848969,False,0,False,,terminated_non_improving_hard_step,False
branch_79367612b1e9265768df,new_center,1,28,g001_p000028_empty,empty,g001_b7e43f1d75130653_0000,28,4.6159948396962136e-05,11.0,10.0,15.0,ellipsoid,9,162.25150488929336,15.321439871732885,12.392131201329008,9.043678409357925,0,0.25,3.830359967933221,3.098032800332252,2.2609196023394813,0.016274303197860718,0.00024875812232494354,0.00024875812232494354,False,0,False,,terminated_non_improving_hard_step,False
branch_edbf81e6b9004e8ee30e,new_center,1,29,g001_p000029_empty,empty,g001_b7e43f1d75130653_0000,29,4.615994475898333e-05,9.0,10.0,15.0,ellipsoid,9,112.6471611168817,15.774529394800464,14.205130202535774,9.375726078672946,0,0.25,3.943632348700116,3.5512825506339434,2.3439315196682364,0.016245562583208084,0.00022001750767230988,0.00022001750767230988,False,0,False,,terminated_non_improving_hard_step,False
branch_7342ec8d629e1b3b431b,new_center,1,30,g001_p000030_empty,empty,g001_b7e43f1d75130653_0000,30,4.534384424914606e-05,25.0,9.0,36.0,ellipsoid,9,60.29661528070507,15.369413514446062,13.232877484243003,12.725541914245994,0,0.25,3.8423533786115156,3.308219371060751,3.1813854785614986,0.016193434596061707,0.0001678895205259323,0.0001678895205259323,False,0,False,,terminated_non_improving_hard_step,False
branch_15d6147f4cd3c59f277b,new_center,1,31,g001_p000031_empty,empty,g001_b7e43f1d75130653_0000,31,4.534383333520964e-05,27.0,11.0,36.0,dike_hemisphere,9,19.05142807666708,7.559992979229948,13.96171035067897,8.650278262737526,0,0.25,1.889998244807487,3.4904275876697426,2.1625695656843815,0.016140282154083252,0.00011473707854747772,0.00011473707854747772,False,0,False,,terminated_non_improving_hard_step,False
branch_e8493e658353f23a1a4b,new_center,1,32,g001_p000032_empty,empty,g001_b7e43f1d75130653_0000,32,4.392292248667218e-05,25.0,11.0,36.0,ellipsoid,9,167.9372577395637,10.227742069296868,9.993655384448719,7.151321311924624,0,0.25,2.556935517324217,2.4984138461121796,1.787830327981156,0.01619366556406021,0.00016812048852443695,0.00016812048852443695,False,0,False,,terminated_non_improving_hard_step,False
branch_90b4fee7420a7325263f,new_center,1,33,g001_p000033_empty,empty,g001_b7e43f1d75130653_0000,33,4.392290793475695e-05,27.0,9.0,36.0,dike_hemisphere,9,71.24522923532962,13.119534388391088,10.830691986867327,11.374165044036628,0,0.25,3.279883597097772,2.707672996716832,2.843541261009157,0.016183508560061455,0.00015796348452568054,0.00015796348452568054,False,0,False,,terminated_non_improving_hard_step,False
branch_9766a4b6b0e79fea04a4,new_center,1,34,g001_p000034_empty,empty,g001_b7e43f1d75130653_0000,34,4.19855241489131e-05,8.0,10.0,16.0,dike_hemisphere,9,79.85731693864749,9.55285276716396,6.923659864112159,9.788235636590006,0,0.25,2.38821319179099,1.7309149660280398,2.4470589091475015,0.016078950837254524,5.340576171875e-05,5.340576171875e-05,False,0,False,,terminated_non_improving_hard_step,False
branch_5555d78a2d74bc982025,new_center,1,35,g001_p000035_empty,empty,g001_b7e43f1d75130653_0000,35,4.198550959699787e-05,12.0,10.0,16.0,dike_hemisphere,9,32.913715166025675,6.107457521138152,11.238662928329038,13.149945827097037,0,0.25,1.526864380284538,2.8096657320822596,3.287486456774259,0.016104670241475105,7.912516593933105e-05,7.912516593933105e-05,False,0,False,,terminated_non_improving_hard_step,False
branch_17bf9ed1cbf2bd69d1be,new_center,1,36,g001_p000036_empty,empty,g001_b7e43f1d75130653_0000,36,4.1237428376916796e-05,10.0,8.0,16.0,ellipsoid,9,135.3728971396081,13.037745559033457,14.698640222655072,10.154167705389744,0,0.25,3.2594363897583642,3.674660055663768,2.538541926347436,0.016212940216064453,0.0001873951405286789,0.0001873951405286789,False,0,False,,terminated_non_improving_hard_step,False
branch_0670185e3c9df9659212,new_center,1,37,g001_p000037_empty,empty,g001_b7e43f1d75130653_0000,37,4.1237428376916796e-05,10.0,12.0,16.0,dike_hemisphere,9,139.7101414087957,9.800916556854347,12.84327697045149,9.711610305698724,0,0.25,2.4502291392135866,3.2108192426128723,2.427902576424681,0.016181429848074913,0.0001558847725391388,0.0001558847725391388,False,0,False,,terminated_non_improving_hard_step,False
branch_6e3cce89c23cb57bfc80,new_center,1,38,g001_p000038_empty,empty,g001_b7e43f1d75130653_0000,38,3.993224891019054e-05,25.0,10.0,37.0,dike_hemisphere,9,127.54702549362366,7.860473766796693,6.854983048818635,7.079900720409435,0,0.25,1.9651184416991732,1.7137457622046588,1.7699751801023587,0.016047807410359383,2.22623348236084e-05,2.22623348236084e-05,False,0,False,,terminated_non_improving_hard_step,False
branch_b77beb804ad6fc939a31,new_center,1,39,g001_p000039_empty,empty,g001_b7e43f1d75130653_0000,39,3.993220525444485e-05,27.0,10.0,37.0,dike_hemisphere,9,29.875675800973696,6.022520779614311,9.770245964813759,8.387251866497863,0,0.25,1.5056301949035777,2.4425614912034397,2.0968129666244657,0.01610139198601246,7.584691047668457e-05,7.584691047668457e-05,False,0,False,,terminated_non_improving_hard_step,False
branch_dbe948dd6cdd084ee4a1,new_center,1,40,g001_p000040_empty,empty,g001_b7e43f1d75130653_0000,40,3.987839590990916e-05,40.0,10.0,24.0,ellipsoid,9,2.8654050746229087,14.656848161596121,13.093475983055601,9.733615517072142,0,0.25,3.6642120403990304,3.2733689957639003,2.4334038792680355,0.016253510490059853,0.00022796541452407837,0.00022796541452407837,False,0,False,,terminated_non_improving_hard_step,False
branch_9180344feb2d33142422,new_center,1,41,g001_p000041_empty,empty,g001_b7e43f1d75130653_0000,41,3.987838499597274e-05,44.0,10.0,24.0,dike_hemisphere,9,64.66800451430069,15.554287198555098,15.177064442209756,7.237087912147291,0,0.25,3.8885717996387745,3.794266110552439,1.8092719780368227,0.016309749335050583,0.00028420425951480865,0.00028420425951480865,False,0,False,,terminated_non_improving_hard_step,False
branch_614d7236479ce045b5cb,new_center,1,42,g001_p000042_empty,empty,g001_b7e43f1d75130653_0000,42,3.9533300878247246e-05,42.0,8.0,23.0,dike_hemisphere,9,156.04961547413066,12.725931021804332,11.950746654798344,11.862057645482842,0,0.25,3.181482755451083,2.987686663699586,2.9655144113707106,0.016254501417279243,0.00022895634174346924,0.00022895634174346924,False,0,False,,terminated_non_improving_hard_step,False
branch_641eba25dbb11f32efb7,new_center,1,43,g001_p000043_empty,empty,g001_b7e43f1d75130653_0000,43,3.9533300878247246e-05,42.0,12.0,23.0,ellipsoid,9,116.33467107340924,6.461420169022388,13.97095908019072,13.661071503788254,0,0.25,1.615355042255597,3.49273977004768,3.4152678759470634,0.01614714227616787,0.00012159720063209534,0.00012159720063209534,False,0,False,,terminated_non_improving_hard_step,False
branch_3b228fb61005bd2c0e0a,new_center,1,44,g001_p000044_empty,empty,g001_b7e43f1d75130653_0000,44,3.938852023566142e-05,42.0,7.0,24.0,dike_hemisphere,9,170.29219482788622,10.241724725329659,15.616697153167854,10.163760328208955,0,0.25,2.5604311813324148,3.9041742882919634,2.5409400820522388,0.01625984162092209,0.0002342965453863144,0.0002342965453863144,False,0,False,,terminated_non_improving_hard_step,False
branch_f5ff1d8b961a16182521,new_center,1,45,g001_p000045_empty,empty,g001_b7e43f1d75130653_0000,45,3.938852023566142e-05,42.0,13.0,24.0,ellipsoid,9,14.59243359457166,12.367111367176847,14.819313210139889,9.077806534672014,0,0.25,3.0917778417942117,3.704828302534972,2.2694516336680035,0.016369245946407318,0.0003437008708715439,0.0003437008708715439,False,0,False,,terminated_non_improving_hard_step,False
branch_2fb376acc464b28b6628,new_center,1,46,g001_p000046_empty,empty,g001_b7e43f1d75130653_0000,46,3.8828267861390486e-05,44.0,10.0,23.0,dike_hemisphere,9,167.84773150891834,9.71464792751535,13.88654020124672,8.762424870242072,0,0.25,2.4286619818788373,3.47163505031168,2.190606217560518,0.016188984736800194,0.00016343966126441956,0.00016343966126441956,False,0,False,,terminated_non_improving_hard_step,False
branch_39d130424f5ff5cb6304,new_center,1,47,g001_p000047_empty,empty,g001_b7e43f1d75130653_0000,47,3.882826058543287e-05,40.0,10.0,23.0,ellipsoid,9,142.94113060083208,13.207607704890735,8.983645969494155,7.711741334051461,0,0.25,3.301901926222684,2.245911492373539,1.9279353335128653,0.01625601015985012,0.0002304650843143463,0.0002304650843143463,False,0,False,,terminated_non_improving_hard_step,False
branch_65a1950652d2af7b0d97,new_center,1,48,g001_p000048_empty,empty,g001_b7e43f1d75130653_0000,48,3.830970308627002e-05,26.0,9.0,37.0,dike_hemisphere,9,109.4373027380852,10.910344582200215,8.019149855732998,13.251659553215342,0,0.25,2.727586145550054,2.0047874639332495,3.3129148883038355,0.01611163094639778,8.608587086200714e-05,8.608587086200714e-05,False,0,False,,terminated_non_improving_hard_step,False
branch_5c6906c465c604a6dc7d,new_center,1,49,g001_p000049_empty,empty,g001_b7e43f1d75130653_0000,49,3.830969944829121e-05,26.0,11.0,37.0,ellipsoid,9,158.37698652675473,14.837099858579414,7.87063550247967,8.172735469212343,0,0.25,3.7092749646448535,1.9676588756199176,2.0431838673030858,0.01617736741900444,0.00015182234346866608,0.00015182234346866608,False,0,False,,terminated_non_improving_hard_step,False
branch_12119131b6569704cba4,new_center,1,50,g001_p000050_empty,empty,g001_b7e43f1d75130653_0000,50,3.770899274968542e-05,40.0,9.0,24.0,ellipsoid,9,160.45319485361247,12.742842103096963,7.386565550929138,12.322721425881152,0,0.25,3.185710525774241,1.8466413877322845,3.080680356470288,0.016063936054706573,3.8390979170799255e-05,3.8390979170799255e-05,False,0,False,,terminated_non_improving_hard_step,False
branch_f18e3ab88c89b626ec38,new_center,1,51,g001_p000051_empty,empty,g001_b7e43f1d75130653_0000,51,3.770897819777019e-05,44.0,11.0,24.0,dike_hemisphere,9,6.849672046044,11.633855464101003,11.22296874701238,9.050360386963888,0,0.25,2.908463866025251,2.805742186753095,2.262590096740972,0.016243362799286842,0.00021781772375106812,0.00021781772375106812,False,0,False,,terminated_non_improving_hard_step,False
branch_7c43cac7d62025dd2a73,new_center,1,52,g001_p000052_empty,empty,g001_b7e43f1d75130653_0000,52,3.7314264773158357e-05,26.0,9.0,36.0,ellipsoid,9,8.85700064029207,8.033695468812969,7.785465128958963,6.42819076801599,0,0.25,2.008423867203242,1.9463662822397407,1.6070476920039976,0.016124850139021873,9.930506348609924e-05,9.930506348609924e-05,False,0,False,,terminated_non_improving_hard_step,False
branch_00394462e0288a591359,new_center,1,53,g001_p000053_empty,empty,g001_b7e43f1d75130653_0000,53,3.7314264773158357e-05,26.0,11.0,36.0,ellipsoid,9,140.7528358802147,10.200234862963269,12.513277503955093,10.617810713860845,0,0.25,2.550058715740817,3.1283193759887733,2.654452678465211,0.01619967259466648,0.0001741275191307068,0.0001741275191307068,False,0,False,,terminated_non_improving_hard_step,False
branch_fca96f9bc729777a4dff,new_center,1,54,g001_p000054_empty,empty,g001_b7e43f1d75130653_0000,54,3.6481917049968615e-05,25.0,11.0,37.0,dike_hemisphere,9,58.56313833604211,14.542629420073334,13.31291765998797,10.427217020030968,0,0.25,3.6356573550183335,3.3282294149969927,2.606804255007742,0.01621861383318901,0.0001930687576532364,0.0001930687576532364,False,0,False,,terminated_non_improving_hard_step,False
branch_1f30035d07e79e7098ea,new_center,1,55,g001_p000055_empty,empty,g001_b7e43f1d75130653_0000,55,3.648189886007458e-05,27.0,9.0,37.0,ellipsoid,9,114.21420125858478,7.778402449945703,12.404560916798857,11.588378372284375,0,0.25,1.9446006124864257,3.1011402291997143,2.8970945930710936,0.016261691227555275,0.00023614615201950073,0.00023614615201950073,False,0,False,,terminated_non_improving_hard_step,False
branch_d08c0274c453092fe64e,new_center,1,56,g001_p000056_empty,empty,g001_b7e43f1d75130653_0000,56,3.582453791750595e-05,10.0,8.0,15.0,dike_hemisphere,9,43.669150757204456,10.1565049190921,11.25924870879524,6.000857113296349,0,0.25,2.539126229773025,2.81481217719881,1.5002142783240873,0.01619049534201622,0.00016495026648044586,0.00016495026648044586,False,0,False,,terminated_non_improving_hard_step,False
branch_6056890aa64919a2e80f,new_center,1,57,g001_p000057_empty,empty,g001_b7e43f1d75130653_0000,57,3.582453427952714e-05,10.0,12.0,15.0,ellipsoid,9,176.08581113254243,13.168543295470489,11.395549001759075,10.538070553195727,0,0.25,3.292135823867622,2.848887250439769,2.6345176382989317,0.016278259456157684,0.0002527143806219101,0.0002527143806219101,False,0,False,,terminated_non_improving_hard_step,False
branch_5f2d0cdb9d8bb5b64a7c,new_center,1,58,g001_p000058_empty,empty,g001_b7e43f1d75130653_0000,58,3.5476066841511056e-05,41.0,8.0,24.0,dike_hemisphere,9,122.12545207968653,10.025218743323808,9.631195748458378,12.000122062858068,0,0.25,2.506304685830952,2.4077989371145945,3.000030515714517,0.016111962497234344,8.641742169857025e-05,8.641742169857025e-05,False,0,False,,terminated_non_improving_hard_step,False
branch_312510606cb5785a8869,new_center,1,59,g001_p000059_empty,empty,g001_b7e43f1d75130653_0000,59,3.547605956555344e-05,43.0,12.0,24.0,dike_hemisphere,9,151.2484647738671,11.744823253368683,9.333300537225801,12.441279480056975,0,0.25,2.9362058133421707,2.3333251343064503,3.110319870014244,0.016111962497234344,8.641742169857025e-05,8.641742169857025e-05,False,0,False,,terminated_non_improving_hard_step,False
branch_2adfaa86ae752e2708d0,new_center,1,60,g001_p000060_empty,empty,g001_b7e43f1d75130653_0000,60,3.5446169931674376e-05,41.0,8.0,23.0,dike_hemisphere,9,40.781233073552556,14.259062984166292,11.980234650210352,12.27296759067961,0,0.25,3.564765746041573,2.995058662552588,3.0682418976699024,0.016228236258029938,0.0002026911824941635,0.0002026911824941635,False,0,False,,terminated_non_improving_hard_step,False
branch_7dfcd2328600bc804dcf,new_center,1,61,g001_p000061_empty,empty,g001_b7e43f1d75130653_0000,61,3.5446169931674376e-05,43.0,12.0,23.0,ellipsoid,9,41.42431962365524,13.424212430993784,13.788338930760936,10.761309625994013,0,0.25,3.356053107748446,3.447084732690234,2.690327406498503,0.016242533922195435,0.00021698884665966034,0.00021698884665966034,False,0,False,,terminated_non_improving_hard_step,False
branch_6977ff6b776b8809ef3a,new_center,1,62,g001_p000062_empty,empty,g001_b7e43f1d75130653_0000,62,3.501915489323437e-05,9.0,12.0,16.0,dike_hemisphere,9,32.941253355313286,11.622035506408242,8.101758395728995,12.078941451184846,0,0.25,2.9055088766020605,2.0254395989322487,3.0197353627962116,0.01614127866923809,0.00011573359370231628,0.00011573359370231628,False,0,False,,terminated_non_improving_hard_step,False
branch_a660a809c2d933466a3a,new_center,1,63,g001_p000063_empty,empty,g001_b7e43f1d75130653_0000,63,3.501915489323437e-05,11.0,8.0,16.0,dike_hemisphere,9,63.63976364128443,6.447986048409152,8.977542872547705,11.472949864945807,0,0.25,1.611996512102288,2.2443857181369262,2.868237466236452,0.016104677692055702,7.913261651992798e-05,7.913261651992798e-05,False,0,False,,terminated_non_improving_hard_step,False
branch_2c068293c4d41e72a59c,new_center,1,64,g001_p000064_empty,empty,g001_b7e43f1d75130653_0000,64,3.494934571790509e-05,40.0,8.0,24.0,ellipsoid,9,97.91501298192439,7.642476929406077,11.443140148068286,11.465328686820328,0,0.25,1.9106192323515192,2.8607850370170715,2.866332171705082,0.01606336236000061,3.781728446483612e-05,3.781728446483612e-05,False,0,False,,terminated_non_improving_hard_step,False
branch_4e8942b8395f4a825fe3,new_center,1,65,g001_p000065_empty,empty,g001_b7e43f1d75130653_0000,65,3.4949338441947475e-05,44.0,12.0,24.0,ellipsoid,9,135.13020793857888,7.506908859646421,10.757532293933505,10.423765637656224,0,0.25,1.8767272149116052,2.689383073483376,2.605941409414056,0.016161445528268814,0.00013590045273303986,0.00013590045273303986,False,0,False,,terminated_non_improving_hard_step,False
branch_3ac3c7ce477bd4eb1731,new_center,1,66,g001_p000066_empty,empty,g001_b7e43f1d75130653_0000,66,3.4747332392726094e-05,25.0,9.0,37.0,ellipsoid,9,33.42682349636773,11.518548168840141,12.135478187810497,12.51166267109171,0,0.25,2.8796370422100352,3.0338695469526242,3.1279156677729274,0.016200294718146324,0.00017474964261054993,0.00017474964261054993,False,0,False,,terminated_non_improving_hard_step,False
branch_af7f7d619340c973cacd,new_center,1,67,g001_p000067_empty,empty,g001_b7e43f1d75130653_0000,67,3.474730328889564e-05,27.0,11.0,37.0,dike_hemisphere,9,112.56241977779857,13.5356243728332,11.199763843191299,11.965515141410314,0,0.25,3.3839060932083,2.7999409607978247,2.9913787853525786,0.016152692958712578,0.0001271478831768036,0.0001271478831768036,False,0,False,,terminated_non_improving_hard_step,False
branch_a70157a94a925f8453ab,new_center,1,68,g001_p000068_empty,empty,g001_b7e43f1d75130653_0000,68,3.4679746022447944e-05,10.0,7.0,16.0,ellipsoid,9,29.303493380114706,8.010180738749847,8.708721253456876,6.42205334615765,0,0.25,2.002545184687462,2.177180313364219,1.6055133365394125,0.0162026509642601,0.0001771058887243271,0.0001771058887243271,False,0,False,,terminated_non_improving_hard_step,False
branch_75d5ad7efafb1643f9bd,new_center,1,69,g001_p000069_empty,empty,g001_b7e43f1d75130653_0000,69,3.4679746022447944e-05,10.0,13.0,16.0,ellipsoid,9,145.1171409555906,13.602800766182114,8.649078520705974,9.957481915643529,0,0.25,3.4007001915455284,2.1622696301764934,2.489370478910882,0.01627826690673828,0.000252721831202507,0.000252721831202507,False,0,False,,terminated_non_improving_hard_step,False
branch_7315e7514635c0b483b3,new_center,1,70,g001_p000070_empty,empty,g001_b7e43f1d75130653_0000,70,3.451309385127388e-05,43.0,9.0,22.0,ellipsoid,9,15.572103332936225,14.906747465175354,12.59052777623787,10.279177454122786,0,0.25,3.7266868662938384,3.1476319440594676,2.5697943635306966,0.016244368627667427,0.00021882355213165283,0.00021882355213165283,False,0,False,,terminated_non_improving_hard_step,False
branch_2c7a1a909092a4a6df19,new_center,1,71,g001_p000071_empty,empty,g001_b7e43f1d75130653_0000,71,3.451308293733746e-05,41.0,11.0,22.0,ellipsoid,9,105.34497423195681,10.969823678555368,13.236111984090842,6.835831393074198,0,0.25,2.742455919638842,3.3090279960227105,1.7089578482685495,0.016288654878735542,0.00026310980319976807,0.00026310980319976807,False,0,False,,terminated_non_improving_hard_step,False
branch_fa297c02cd986506a30d,new_center,1,72,g001_p000072_empty,empty,g001_b7e43f1d75130653_0000,72,3.44901236530859e-05,26.0,11.0,35.0,dike_hemisphere,9,172.77839034181383,9.976129898588308,15.04703605373183,12.121161671365478,0,0.25,2.494032474647077,3.7617590134329575,3.0302904178413694,0.01616736128926277,0.00014181621372699738,0.00014181621372699738,False,0,False,,terminated_non_improving_hard_step,False
branch_6a949c74b7bb552a0d96,new_center,1,73,g001_p000073_empty,empty,g001_b7e43f1d75130653_0000,73,3.4490120015107095e-05,26.0,9.0,35.0,dike_hemisphere,9,18.018681254563656,6.069931283727035,14.891730325441268,7.9796078677997215,0,0.25,1.5174828209317588,3.722932581360317,1.9949019669499304,0.01609172485768795,6.61797821521759e-05,6.61797821521759e-05,False,0,False,,terminated_non_improving_hard_step,False
branch_464a415e6350882e153f,new_center,1,74,g001_p000074_empty,empty,g001_b7e43f1d75130653_0000,74,3.423937960178591e-05,44.0,9.0,23.0,ellipsoid,9,79.92296543279919,14.096108859453482,13.614261795241784,10.290027420312375,0,0.25,3.5240272148633704,3.403565448810446,2.572506855078094,0.016242533922195435,0.00021698884665966034,0.00021698884665966034,False,0,False,,terminated_non_improving_hard_step,False
branch_ebd44154dda416f69b01,new_center,1,75,g001_p000075_empty,empty,g001_b7e43f1d75130653_0000,75,3.4239365049870685e-05,40.0,11.0,23.0,dike_hemisphere,9,153.03330950074695,7.5919205135960315,11.574415010799969,13.086277300689563,0,0.25,1.8979801283990079,2.8936037526999923,3.2715693251723907,0.01608371175825596,5.8166682720184326e-05,5.8166682720184326e-05,False,0,False,,terminated_non_improving_hard_step,False
branch_4f6f79338881302bad87,new_center,1,76,g001_p000076_empty,empty,g001_b7e43f1d75130653_0000,76,3.4207441785838455e-05,39.0,10.0,24.0,dike_hemisphere,9,81.33314202950979,14.252050447992017,15.523889259229545,12.732011458411657,0,0.25,3.5630126119980043,3.8809723148073862,3.1830028646029143,0.01620040461421013,0.00017485953867435455,0.00017485953867435455,False,0,False,,terminated_non_improving_hard_step,False
branch_7b0f28999d80b5a18a12,new_center,1,77,g001_p000077_empty,empty,g001_b7e43f1d75130653_0000,77,3.4207427233923227e-05,45.0,10.0,24.0,ellipsoid,9,91.17760657357465,11.01874753800809,11.139791135600369,7.752108398765701,0,0.25,2.7546868845020227,2.7849477839000922,1.9380270996914253,0.0162026509642601,0.0001771058887243271,0.0001771058887243271,False,0,False,,terminated_non_improving_hard_step,False
branch_4c30b07e00f42590bb84,new_center,1,78,g001_p000078_empty,empty,g001_b7e43f1d75130653_0000,78,3.402828224352561e-05,8.0,10.0,15.0,dike_hemisphere,9,166.83000217766798,7.150036471493033,6.283576580819953,9.30306390984691,0,0.25,1.7875091178732583,1.5708941452049883,2.3257659774617276,0.01604411192238331,1.856684684753418e-05,1.856684684753418e-05,False,0,False,,terminated_non_improving_hard_step,False
branch_0ecca5bbe0c3c11a693a,new_center,1,79,g001_p000079_empty,empty,g001_b7e43f1d75130653_0000,79,3.402828224352561e-05,12.0,10.0,15.0,dike_hemisphere,9,113.73557189352425,12.941978545944599,7.594566485632988,10.200490690981113,0,0.25,3.2354946364861497,1.898641621408247,2.550122672745278,0.016149645671248436,0.00012410059571266174,0.00012410059571266174,False,0,False,,terminated_non_improving_hard_step,False
branch_447ec11540f0c1b9e2bd,new_center,1,80,g001_p000080_empty,empty,g001_b7e43f1d75130653_0000,80,3.39574835379608e-05,24.0,11.0,37.0,dike_hemisphere,9,165.16885672532308,10.341818489715262,15.498486520564429,8.792667103596619,0,0.25,2.5854546224288155,3.874621630141107,2.1981667758991548,0.01616506278514862,0.00013951770961284637,0.00013951770961284637,False,0,False,,terminated_non_improving_hard_step,False
branch_e0cb83bea2e5260027cf,new_center,1,81,g001_p000081_empty,empty,g001_b7e43f1d75130653_0000,81,3.395745807210915e-05,28.0,9.0,37.0,dike_hemisphere,9,9.288700507272605,11.637517226018169,12.147257272531295,12.426917044836724,0,0.25,2.909379306504542,3.0368143181328238,3.106729261209181,0.01625228300690651,0.00022673793137073517,0.00022673793137073517,False,0,False,,terminated_non_improving_hard_step,False
branch_885268806f0703d75d4d,new_center,1,82,g001_p000082_empty,empty,g001_b7e43f1d75130653_0000,82,3.3839176467154175e-05,11.0,11.0,15.0,ellipsoid,9,46.16731147535638,13.834946373285447,7.045667612244231,6.371375074349499,0,0.25,3.458736593321362,1.7614169030610578,1.5928437685873746,0.016223283484578133,0.0001977384090423584,0.0001977384090423584,False,0,False,,terminated_non_improving_hard_step,False
branch_a435884cf81e00aad574,new_center,1,83,g001_p000083_empty,empty,g001_b7e43f1d75130653_0000,83,3.3839165553217754e-05,9.0,9.0,15.0,ellipsoid,9,90.35090430642488,9.536623330461463,13.948887790466376,9.352950089614762,0,0.25,2.384155832615366,3.487221947616594,2.3382375224036904,0.016176050528883934,0.0001505054533481598,0.0001505054533481598,False,0,False,,terminated_non_improving_hard_step,False
branch_02d057076875c4c5ba32,new_center,1,84,g001_p000084_empty,empty,g001_b7e43f1d75130653_0000,84,3.364099393365905e-05,43.0,11.0,23.0,dike_hemisphere,9,160.9620723399196,15.438135510921695,12.743347765334759,7.748209979904325,0,0.25,3.859533877730424,3.1858369413336898,1.9370524949760812,0.01628866046667099,0.00026311539113521576,0.00026311539113521576,False,0,False,,terminated_non_improving_hard_step,False
branch_6cb85afe99a3d09a032b,new_center,1,85,g001_p000085_empty,empty,g001_b7e43f1d75130653_0000,85,3.364097938174382e-05,41.0,9.0,23.0,dike_hemisphere,9,76.83885651084957,10.366228674542745,11.276883415988047,12.59050479480333,0,0.25,2.591557168635686,2.819220853997012,3.1476261987008325,0.016123196110129356,9.765103459358215e-05,9.765103459358215e-05,False,0,False,,terminated_non_improving_hard_step,False
branch_9aafb8f171ba8e60d5e6,new_center,1,86,g001_p000086_empty,empty,g001_b7e43f1d75130653_0000,86,3.356917659402825e-05,40.0,11.0,24.0,dike_hemisphere,9,154.57413537066918,8.29253275597296,6.723502273316424,8.226192486573694,0,0.25,2.07313318899324,1.680875568329106,2.0565481216434236,0.016038542613387108,1.2997537851333618e-05,1.2997537851333618e-05,False,0,False,,terminated_non_improving_hard_step,False
branch_c9e582cb3875f638ad8e,new_center,1,87,g001_p000087_empty,empty,g001_b7e43f1d75130653_0000,87,3.356916568009183e-05,44.0,9.0,24.0,ellipsoid,9,146.2870379270922,15.114758020603386,15.205491906250609,10.653078980043194,0,0.25,3.7786895051508465,3.8013729765626523,2.6632697450107985,0.016212372109293938,0.00018682703375816345,0.00018682703375816345,False,0,False,,terminated_non_improving_hard_step,False
branch_58dadb6fd92e2cb23e4a,new_center,1,88,g001_p000088_empty,empty,g001_b7e43f1d75130653_0000,88,3.3479544072179124e-05,8.0,9.0,16.0,dike_hemisphere,9,72.66918346470787,9.575631842242512,13.154708617112135,13.368078882239656,0,0.25,2.393907960560628,3.2886771542780338,3.342019720559914,0.016177795827388763,0.0001522507518529892,0.0001522507518529892,False,0,False,,terminated_non_improving_hard_step,False
branch_39ba507e18baba79759c,new_center,1,89,g001_p000089_empty,empty,g001_b7e43f1d75130653_0000,89,3.34795331582427e-05,12.0,11.0,16.0,ellipsoid,9,154.9529246121837,14.217928376995424,11.39720377110174,6.353495711477516,0,0.25,3.554482094248856,2.849300942775435,1.588373927869379,0.016304757446050644,0.0002792123705148697,0.0002792123705148697,False,0,False,,terminated_non_improving_hard_step,False
branch_e2881dfbc3b3b0d55e8d,new_center,1,90,g001_p000090_empty,empty,g001_b7e43f1d75130653_0000,90,3.343486605444923e-05,12.0,11.0,15.0,dike_hemisphere,9,107.74739498867449,6.998807454171605,7.092619550537036,6.983146613209324,0,0.25,1.7497018635429014,1.773154887634259,1.745786653302331,0.01605866849422455,3.312341868877411e-05,3.312341868877411e-05,False,0,False,,terminated_non_improving_hard_step,False
branch_a0136480c8fa57ff14ce,new_center,1,91,g001_p000091_empty,empty,g001_b7e43f1d75130653_0000,91,3.343486241647042e-05,8.0,9.0,15.0,ellipsoid,9,34.5398059574121,9.83470082007149,12.499148694007038,12.538801487677592,0,0.25,2.4586752050178724,3.1247871735017596,3.134700371919398,0.016176963225007057,0.00015141814947128296,0.00015141814947128296,False,0,False,,terminated_non_improving_hard_step,False
branch_95d7caa2f1ec2d8e0b78,new_center,1,92,g001_p000092_empty,empty,g001_b7e43f1d75130653_0000,92,3.3311858715023845e-05,44.0,11.0,23.0,dike_hemisphere,9,173.87379697252098,10.846629874276452,10.321802208478179,13.713462055279106,0,0.25,2.711657468569113,2.5804505521195447,3.4283655138197764,0.01612321101129055,9.7665935754776e-05,9.7665935754776e-05,False,0,False,,terminated_non_improving_hard_step,False
branch_f21d359b2395134190a0,new_center,1,93,g001_p000093_empty,empty,g001_b7e43f1d75130653_0000,93,3.3311847801087424e-05,40.0,9.0,23.0,ellipsoid,9,58.242306793637674,11.081264186678798,9.091980236288592,12.880551811270172,0,0.25,2.7703160466696994,2.272995059072148,3.220137952817543,0.01614362932741642,0.00011808425188064575,0.00011808425188064575,False,0,False,,terminated_non_improving_hard_step,False
branch_96a8326be2a9a11f020d,new_center,1,94,g001_p000094_empty,empty,g001_b7e43f1d75130653_0000,94,3.312603439553641e-05,8.0,12.0,16.0,dike_hemisphere,9,154.8773387153055,13.361850008226334,9.414606947267202,7.77700751465738,0,0.25,3.3404625020565835,2.3536517368168006,1.944251878664345,0.016207676380872726,0.0001821313053369522,0.0001821313053369522,False,0,False,,terminated_non_improving_hard_step,False
branch_b7d193566f694eeb34a5,new_center,1,95,g001_p000095_empty,empty,g001_b7e43f1d75130653_0000,95,3.3126023481599987e-05,12.0,8.0,16.0,dike_hemisphere,9,130.6619442892023,15.491907644704709,6.918679315912847,7.537031515861016,0,0.25,3.872976911176177,1.7296698289782118,1.884257878965254,0.016237949952483177,0.00021240487694740295,0.00021240487694740295,False,0,False,,terminated_non_improving_hard_step,False
branch_165baea85b5cee3d8194,new_center,2,0,g002_p000000_g001_p000086_empty,g001_p000086_empty,g002_e5ec0ee80edba7a3_0001,0,6.89235603203997e-05,42.0,9.0,24.0,ellipsoid,9,68.42864880095568,9.069423995371677,10.038064227721492,12.579252933104241,0,0.25,2.2673559988429193,2.509516056930373,3.1448132332760603,0.016151709482073784,0.00011316686868667603,0.00012616440653800964,False,0,False,,terminated_non_improving_hard_step,False
branch_d0a4fd9c03c41a3b530f,new_center,2,6,g002_p000006_g001_p000086_empty,g001_p000086_empty,g002_e5ec0ee80edba7a3_0001,1,6.892355304444209e-05,42.0,11.0,24.0,dike_hemisphere,9,29.675791907268984,11.379074880451853,14.083035543228014,13.186976640376086,0,0.25,2.8447687201129632,3.5207588858070036,3.2967441600940215,0.016152283176779747,0.00011374056339263916,0.00012673810124397278,False,0,False,,terminated_non_improving_hard_step,False
branch_83177a7adb3ebf821abf,new_center,2,12,g002_p000012_g001_p000078_empty,g001_p000078_empty,g002_037613a4dc895532_0002,0,7.10140448063612e-05,42.0,11.0,24.0,ellipsoid,9,103.89630068680763,6.392560736521846,6.232909368855307,12.766383650796385,0,0.25,1.5981401841304614,1.5582273422138269,3.1915959126990963,0.016057096421718597,1.2984499335289001e-05,3.155134618282318e-05,False,0,False,,terminated_non_improving_hard_step,False
branch_f5dbddcb55a660d34803,new_center,2,18,g002_p000018_g001_p000078_empty,g001_p000078_empty,g002_037613a4dc895532_0002,1,7.101403025444597e-05,42.0,9.0,24.0,dike_hemisphere,9,59.29425891897418,9.829820885615732,13.987915169746346,12.210646311815598,0,0.25,2.457455221403933,3.4969787924365865,3.0526615779538995,0.016157811507582664,0.00011369958519935608,0.00013226643204689026,False,0,False,,terminated_non_improving_hard_step,False
branch_5a264230aef971b6dcab,new_center,2,24,g002_p000024_g001_p000023_empty,g001_p000023_empty,g002_e671cbd150c86f7e_0003,0,7.10140448063612e-05,42.0,11.0,24.0,dike_hemisphere,9,152.37538341760677,9.665975573871762,9.741780233445805,11.26441322924939,0,0.25,2.4164938934679405,2.4354450583614513,2.8161033073123476,0.01612022891640663,7.347762584686279e-05,9.468384087085724e-05,False,0,False,,terminated_non_improving_hard_step,False
branch_e68874ea1ba138555d1a,new_center,2,30,g002_p000030_g001_p000023_empty,g001_p000023_empty,g002_e671cbd150c86f7e_0003,1,7.101403025444597e-05,42.0,9.0,24.0,ellipsoid,9,176.1510999022304,13.845272900577502,14.58530490427358,12.531808205554224,0,0.25,3.4613182251443755,3.646326226068395,3.132952051388556,0.016231663525104523,0.00018491223454475403,0.00020611844956874847,False,0,False,,terminated_non_improving_hard_step,False
branch_7ffc8d7d1c5a7eab217e,new_center,2,36,g002_p000036_g001_p000038_empty,g001_p000038_empty,g002_b88df2054e8a8e70_0004,0,7.10140448063612e-05,42.0,11.0,24.0,dike_hemisphere,9,52.225348114549355,6.062607469406014,10.85098452533765,13.804880666365053,0,0.25,1.5156518673515036,2.7127461313344123,3.451220166591263,0.016060786321759224,1.2978911399841309e-05,3.524124622344971e-05,False,0,False,,terminated_non_improving_hard_step,False
branch_fbfa75e666cad264912c,new_center,2,42,g002_p000042_g001_p000038_empty,g001_p000038_empty,g002_b88df2054e8a8e70_0004,1,7.101403025444597e-05,42.0,9.0,24.0,dike_hemisphere,9,63.44600382200285,7.274226220210721,8.855446002529524,13.056465027510182,0,0.25,1.8185565550526803,2.213861500632381,3.2641162568775455,0.01612682454288006,7.901713252067566e-05,0.00010127946734428406,False,0,False,,terminated_non_improving_hard_step,False
branch_7646c11e4297f29a0063,new_center,2,48,g002_p000048_g001_p000016_empty,g001_p000016_empty,g002_41eada5a0670de29_0005,0,7.301975711015984e-05,42.0,11.0,24.0,dike_hemisphere,9,138.25424773975575,7.12423247222082,8.854468044324399,12.928538179956144,0,0.25,1.781058118055205,2.2136170110810998,3.232134544989036,0.016071639955043793,1.2971460819244385e-05,4.6094879508018494e-05,False,0,False,,terminated_non_improving_hard_step,False
branch_73cea59bdf6d095d03df,new_center,2,54,g002_p000054_g001_p000016_empty,g001_p000016_empty,g002_41eada5a0670de29_0005,1,7.301974255824462e-05,42.0,9.0,24.0,ellipsoid,9,63.8727073014556,6.443729548251188,14.176434607242841,11.81977333233294,0,0.25,1.610932387062797,3.5441086518107103,2.954943333083235,0.016158893704414368,0.00010022521018981934,0.00013334862887859344,False,0,False,,terminated_non_improving_hard_step,False
branch_7124963c1ba8f37b09af,new_center,2,60,g002_p000060_g001_p000090_empty,g001_p000090_empty,g002_8f473fad3d0ec8f4_0006,0,7.10140448063612e-05,42.0,11.0,24.0,ellipsoid,9,46.46744508246416,7.16020974736291,14.200295978262172,12.791564695275211,0,0.25,1.7900524368407276,3.550073994565543,3.1978911738188027,0.016238056123256683,0.000179387629032135,0.00021251104772090912,False,0,False,,terminated_non_improving_hard_step,False
branch_730b06913942a2864e8c,new_center,2,66,g002_p000066_g001_p000090_empty,g001_p000090_empty,g002_8f473fad3d0ec8f4_0006,1,7.101403025444597e-05,42.0,9.0,24.0,ellipsoid,9,6.897212600390872,14.429382380899607,7.920656447534559,8.374800931174796,0,0.25,3.607345595224902,1.9801641118836397,2.093700232793699,0.016138413920998573,7.974542677402496e-05,0.00011286884546279907,False,0,False,,terminated_non_improving_hard_step,False
branch_3c6bfb22bd114e8c7605,new_center,2,72,g002_p000072_g001_p000007_empty,g001_p000007_empty,g002_d35b69129b43c945_0007,0,7.10140448063612e-05,42.0,11.0,24.0,ellipsoid,9,49.191356648334384,10.16639156956838,11.676659686157864,8.594573270125352,0,0.25,2.541597892392095,2.919164921539466,2.148643317531338,0.016238443553447723,0.00017938204109668732,0.00021289847791194916,False,0,False,,terminated_non_improving_hard_step,False
branch_e0d85741292a21837d37,new_center,2,78,g002_p000078_g001_p000007_empty,g001_p000007_empty,g002_d35b69129b43c945_0007,1,7.101403025444597e-05,42.0,9.0,24.0,ellipsoid,9,137.4659453754242,6.37243822776028,6.175439073133657,9.591251830681845,0,0.25,1.59310955694007,1.5438597682834143,2.397812957670461,0.01607203297317028,1.2971460819244385e-05,4.6487897634506226e-05,False,0,False,,terminated_non_improving_hard_step,False
branch_f9ac27ffa837b21e9d59,new_center,2,84,g002_p000084_g001_p000064_empty,g001_p000064_empty,g002_4c90cb266dc1a3df_0008,0,7.51157640479505e-05,42.0,9.0,24.0,dike_hemisphere,9,98.24968810459667,15.993849611506059,7.118428935671911,8.313081671742852,0,0.25,3.9984624028765148,1.7796072339179778,2.078270417935713,0.01609650067985058,3.3138319849967957e-05,7.095560431480408e-05,False,0,False,,terminated_non_improving_hard_step,False
branch_f99fc9d70d1abd0194f2,new_center,2,90,g002_p000090_g001_p000064_empty,g001_p000064_empty,g002_4c90cb266dc1a3df_0008,1,7.407173688989133e-05,42.0,11.0,24.0,ellipsoid,9,77.18544870537892,15.17084455679205,15.629299192836323,7.3699894127054355,0,0.25,3.7927111391980124,3.9073247982090806,1.8424973531763589,0.016328949481248856,0.00026558712124824524,0.00030340440571308136,False,0,False,,terminated_non_improving_hard_step,False
branch_e5c6e6c8856dd93a1f12,new_center,3,0,g003_p000000_g002_p000001_g001_p000086_empty,g002_p000001_g001_p000086_empty,g003_cd4c560d0724467d_0009,0,7.10140448063612e-05,42.0,11.0,24.0,ellipsoid,9,91.3415296785149,13.569285104166227,12.898586885477181,10.612058657505397,0,0.25,3.3923212760415566,3.2246467213692953,2.6530146643763493,0.01621069759130478,0.00018515251576900482,0.00018515251576900482,False,0,False,,terminated_non_improving_hard_step,False
branch_0b90a50f442cde985ecc,new_center,3,1,g003_p000001_g002_p000001_g001_p000086_empty,g002_p000001_g001_p000086_empty,g003_cd4c560d0724467d_0009,1,7.101403025444597e-05,42.0,9.0,24.0,dike_hemisphere,9,133.34142699293017,12.799049839126788,9.447853838441226,10.231379774059999,0,0.25,3.199762459781697,2.3619634596103065,2.5578449435149997,0.016164997592568398,0.0001394525170326233,0.0001394525170326233,False,0,False,,terminated_non_improving_hard_step,False
branch_c8690d7d22d2d71692fc,new_center,3,2,g003_p000002_g002_p000001_g001_p000086_empty,g002_p000001_g001_p000086_empty,g003_cd4c560d0724467d_0009,2,6.556713924510404e-05,27.0,10.0,36.0,dike_hemisphere,9,113.31830394436159,12.960006707303126,6.089719371189867,11.450605736138503,0,0.25,3.2400016768257816,1.5224298427974667,2.8626514340346256,0.016074301674962044,4.875659942626953e-05,4.875659942626953e-05,False,0,False,,terminated_non_improving_hard_step,False
branch_801bb423c8796a339f95,new_center,3,3,g003_p000003_g002_p000001_g001_p000086_empty,g002_p000001_g001_p000086_empty,g003_cd4c560d0724467d_0009,3,6.556713196914643e-05,25.0,10.0,36.0,dike_hemisphere,9,133.85421703644863,14.752281350766648,6.750134988197766,12.239746696837596,0,0.25,3.688070337691662,1.6875337470494416,3.059936674209399,0.01617506332695484,0.00014951825141906738,0.00014951825141906738,False,0,False,,terminated_non_improving_hard_step,False
branch_ce735ed4e5d2821acb78,new_center,3,4,g003_p000004_g002_p000001_g001_p000086_empty,g002_p000001_g001_p000086_empty,g003_cd4c560d0724467d_0009,4,6.420160207198933e-05,10.0,9.0,16.0,dike_hemisphere,9,112.58061350036843,12.020298326989863,10.81902095086329,6.878134958377302,0,0.25,3.005074581747466,2.7047552377158226,1.7195337395943255,0.016159193590283394,0.00013364851474761963,0.00013364851474761963,False,0,False,,terminated_non_improving_hard_step,False
branch_b1a5db57e4eb1e0cc226,new_center,3,5,g003_p000005_g002_p000001_g001_p000086_empty,g002_p000001_g001_p000086_empty,g003_cd4c560d0724467d_0009,5,6.420160207198933e-05,10.0,11.0,16.0,ellipsoid,9,168.53879105667596,11.898973253206455,12.397409784072021,8.611022909626788,0,0.25,2.9747433133016137,3.0993524460180053,2.152755727406697,0.016271522268652916,0.0002459771931171417,0.0002459771931171417,False,0,False,,terminated_non_improving_hard_step,False
branch_9cc76a96c042a804bff2,new_center,3,6,g003_p000006_g002_p000001_g001_p000086_empty,g002_p000001_g001_p000086_empty,g003_cd4c560d0724467d_0009,6,5.73338293179404e-05,9.0,11.0,16.0,ellipsoid,9,38.09844400551672,11.583425564342964,8.357256002392571,13.045072465075851,0,0.25,2.895856391085741,2.0893140005981428,3.2612681162689627,0.016238443553447723,0.00021289847791194916,0.00021289847791194916,False,0,False,,terminated_non_improving_hard_step,False
branch_cbc436dc815d4cb70ebd,new_center,3,7,g003_p000007_g002_p000001_g001_p000086_empty,g002_p000001_g001_p000086_empty,g003_cd4c560d0724467d_0009,7,5.733381840400398e-05,11.0,9.0,16.0,dike_hemisphere,9,137.04553678758143,9.164582485370156,13.39713763458557,12.753003402267595,0,0.25,2.291145621342539,3.3492844086463927,3.1882508505668987,0.01615946553647518,0.00013392046093940735,0.00013392046093940735,False,0,False,,terminated_non_improving_hard_step,False
branch_82f9817e71624da81ebb,new_center,3,8,g003_p000008_g002_p000001_g001_p000086_empty,g002_p000001_g001_p000086_empty,g003_cd4c560d0724467d_0009,8,5.574035458266735e-05,41.0,10.0,24.0,ellipsoid,9,128.46184205388218,10.49412223855622,13.107113175654401,12.750101358563601,0,0.25,2.623530559639055,3.2767782939136003,3.1875253396409002,0.016144223511219025,0.00011867843568325043,0.00011867843568325043,False,0,False,,terminated_non_improving_hard_step,False
branch_e40f74d2ba3e42099499,new_center,3,9,g003_p000009_g002_p000001_g001_p000086_empty,g002_p000001_g001_p000086_empty,g003_cd4c560d0724467d_0009,9,5.5740350944688544e-05,43.0,10.0,24.0,ellipsoid,9,138.72125240193415,9.86070894951116,7.465692139697876,8.968076499749436,0,0.25,2.46517723737779,1.866423034924469,2.242019124937359,0.016138803213834763,0.00011325813829898834,0.00011325813829898834,False,0,False,,terminated_non_improving_hard_step,False
branch_afdcd6b5af7e13ff1a10,new_center,3,10,g003_p000010_g002_p000001_g001_p000086_empty,g002_p000001_g001_p000086_empty,g003_cd4c560d0724467d_0009,10,5.55754013475962e-05,9.0,10.0,16.0,dike_hemisphere,9,59.47112645987161,13.909666586696616,15.37879257862979,10.571450919637815,0,0.25,3.477416646674154,3.8446981446574475,2.642862729909454,0.016179531812667847,0.00015398673713207245,0.00015398673713207245,False,0,False,,terminated_non_improving_hard_step,False
branch_afa570e54befa7b941c0,new_center,3,11,g003_p000011_g002_p000001_g001_p000086_empty,g002_p000001_g001_p000086_empty,g003_cd4c560d0724467d_0009,11,5.557539043365978e-05,11.0,10.0,16.0,dike_hemisphere,9,63.78742175839398,14.473224972817468,13.579542323880254,13.615477554196818,0,0.25,3.618306243204367,3.3948855809700635,3.4038693885492046,0.016157997772097588,0.00013245269656181335,0.00013245269656181335,False,0,False,,terminated_non_improving_hard_step,False
branch_4628fa43c35fabf578b7,new_center,3,12,g003_p000012_g002_p000007_g001_p000086_empty,g002_p000007_g001_p000086_empty,g003_cd4c560d0724467d_0009,12,5.24175375176128e-05,9.0,9.0,16.0,dike_hemisphere,9,31.968497726883065,15.464350589773575,10.236318058550872,8.567543800418061,0,0.25,3.866087647443394,2.559079514637718,2.1418859501045153,0.01613573171198368,0.0001101866364479065,0.0001101866364479065,False,0,False,,terminated_non_improving_hard_step,False
branch_56bd82e1353a764e7dc9,new_center,3,13,g003_p000013_g002_p000007_g001_p000086_empty,g002_p000007_g001_p000086_empty,g003_cd4c560d0724467d_0009,13,5.2417530241655186e-05,11.0,11.0,16.0,dike_hemisphere,9,117.0092742507102,6.169658040974376,9.66839974065972,6.744859796997153,0,0.25,1.542414510243594,2.41709993516493,1.6862149492492882,0.016059061512351036,3.351643681526184e-05,3.351643681526184e-05,False,0,False,,terminated_non_improving_hard_step,False
branch_539a73b5e60ee9e222f1,new_center,3,14,g003_p000014_g002_p000007_g001_p000086_empty,g002_p000007_g001_p000086_empty,g003_cd4c560d0724467d_0009,14,5.201577732805163e-05,42.0,11.0,23.0,ellipsoid,9,123.8967337112798,13.28588232177034,15.332623934546309,7.550654366680285,0,0.25,3.321470580442585,3.833155983636577,1.8876635916700713,0.016288654878735542,0.00026310980319976807,0.00026310980319976807,False,0,False,,terminated_non_improving_hard_step,False
branch_e211231010450e8ff654,new_center,3,15,g003_p000015_g002_p000007_g001_p000086_empty,g002_p000007_g001_p000086_empty,g003_cd4c560d0724467d_0009,15,5.201577369007282e-05,42.0,9.0,23.0,ellipsoid,9,160.88321514623792,10.704561901354195,7.280951477699542,13.972640248378418,0,0.25,2.6761404753385487,1.8202378694248855,3.4931600620946046,0.016081182286143303,5.5637210607528687e-05,5.5637210607528687e-05,False,0,False,,terminated_non_improving_hard_step,False
branch_40e5a38e214d06129427,new_center,3,16,g003_p000016_g002_p000007_g001_p000086_empty,g002_p000007_g001_p000086_empty,g003_cd4c560d0724467d_0009,16,5.165622496861033e-05,41.0,10.0,23.0,ellipsoid,9,26.854185231749167,7.551487883579589,8.579748152562718,6.17846428066919,0,0.25,1.8878719708948972,2.1449370381406796,1.5446160701672975,0.01612471416592598,9.916909039020538e-05,9.916909039020538e-05,False,0,False,,terminated_non_improving_hard_step,False
branch_956e49768cc866791b55,new_center,3,17,g003_p000017_g002_p000007_g001_p000086_empty,g002_p000007_g001_p000086_empty,g003_cd4c560d0724467d_0009,17,5.165622496861033e-05,43.0,10.0,23.0,dike_hemisphere,9,174.23839449223715,12.80836235744674,11.040926859598489,7.106730723169588,0,0.25,3.202090589361685,2.7602317148996223,1.776682680792397,0.016157634556293488,0.00013208948075771332,0.00013208948075771332,False,0,False,,terminated_non_improving_hard_step,False
branch_356461500504d5c7a674,new_center,3,18,g003_p000018_g002_p000007_g001_p000086_empty,g002_p000007_g001_p000086_empty,g003_cd4c560d0724467d_0009,18,5.131310172146186e-05,41.0,9.0,24.0,ellipsoid,9,62.722436067413774,10.64646507206044,11.545964460932924,6.272207371127149,0,0.25,2.66161626801511,2.886491115233231,1.5680518427817873,0.016258710995316505,0.0002331659197807312,0.0002331659197807312,False,0,False,,terminated_non_improving_hard_step,False
branch_87fddc29e0e497990ab1,new_center,3,19,g003_p000019_g002_p000007_g001_p000086_empty,g002_p000007_g001_p000086_empty,g003_cd4c560d0724467d_0009,19,5.131309080752544e-05,43.0,11.0,24.0,ellipsoid,9,41.070358420307386,7.557461092694084,10.866775954078065,13.201268257493336,0,0.25,1.889365273173521,2.7166939885195163,3.300317064373334,0.01617208495736122,0.00014653988182544708,0.00014653988182544708,False,0,False,,terminated_non_improving_hard_step,False
branch_f72f35d9b692d0492e61,new_center,3,20,g003_p000020_g002_p000007_g001_p000086_empty,g002_p000007_g001_p000086_empty,g003_cd4c560d0724467d_0009,20,5.092183710075915e-05,41.0,11.0,24.0,ellipsoid,9,61.63810627432797,11.889858242566618,8.691879819211785,12.239530932095034,0,0.25,2.9724645606416544,2.172969954802946,3.0598827330237586,0.01619783788919449,0.0001722928136587143,0.0001722928136587143,False,0,False,,terminated_non_improving_hard_step,False
branch_f1d0d16155c4b292cdd6,new_center,3,21,g003_p000021_g002_p000007_g001_p000086_empty,g002_p000007_g001_p000086_empty,g003_cd4c560d0724467d_0009,21,5.092183346278034e-05,43.0,9.0,24.0,ellipsoid,9,113.03503535651029,9.133365727974455,7.911362634903416,12.265145777918573,0,0.25,2.283341431993614,1.977840658725854,3.066286444479643,0.01617208495736122,0.00014653988182544708,0.00014653988182544708,False,0,False,,terminated_non_improving_hard_step,False
branch_95c814135d80e91e652a,new_center,3,22,g003_p000022_g002_p000007_g001_p000086_empty,g002_p000007_g001_p000086_empty,g003_cd4c560d0724467d_0009,22,4.951177106704563e-05,24.0,10.0,37.0,ellipsoid,9,96.58913582821606,13.937053886557514,7.4780418263206485,7.461824117295569,0,0.25,3.4842634716393786,1.8695104565801621,1.8654560293238922,0.016186175867915154,0.00016063079237937927,0.00016063079237937927,False,0,False,,terminated_non_improving_hard_step,False
branch_2acc589c972bd200bbb7,new_center,3,23,g003_p000023_g002_p000007_g001_p000086_empty,g002_p000007_g001_p000086_empty,g003_cd4c560d0724467d_0009,23,4.9511738325236365e-05,28.0,10.0,37.0,dike_hemisphere,9,172.09804475150113,10.011541942726804,7.559183667915962,13.28080474044633,0,0.25,2.502885485681701,1.8897959169789904,3.3202011851115825,0.01604675129055977,2.1206215023994446e-05,2.1206215023994446e-05,False,0,False,,terminated_non_improving_hard_step,False
branch_ab0123d191249b146074,new_center,3,24,g003_p000024_g002_p000013_g001_p000078_empty,g002_p000013_g001_p000078_empty,g003_cd4c560d0724467d_0009,24,4.95001622766722e-05,10.0,9.0,15.0,dike_hemisphere,9,29.83656787436511,9.451333605390232,9.986495817123227,6.226546352150954,0,0.25,2.362833401347558,2.496623954280807,1.5566365880377384,0.016157634556293488,0.00013208948075771332,0.00013208948075771332,False,0,False,,terminated_non_improving_hard_step,False
branch_1db3437f6260aa139d4c,new_center,3,25,g003_p000025_g002_p000013_g001_p000078_empty,g002_p000013_g001_p000078_empty,g003_cd4c560d0724467d_0009,25,4.950015863869339e-05,10.0,11.0,15.0,dike_hemisphere,9,16.03346265880219,12.771538138171048,6.126666094107599,12.847254189102877,0,0.25,3.192884534542762,1.5316665235268998,3.211813547275719,0.01608370430767536,5.81592321395874e-05,5.81592321395874e-05,False,0,False,,terminated_non_improving_hard_step,False
branch_efc82fb05e76ac290663,new_center,3,26,g003_p000026_g002_p000013_g001_p000078_empty,g002_p000013_g001_p000078_empty,g003_cd4c560d0724467d_0009,26,4.8025380237959325e-05,42.0,8.0,24.0,ellipsoid,9,122.96898663417727,12.91137319023172,11.95310502558065,6.239951924852596,0,0.25,3.22784329755793,2.9882762563951624,1.559987981213149,0.016309749335050583,0.00028420425951480865,0.00028420425951480865,False,0,False,,terminated_non_improving_hard_step,False
branch_875ccb85300df5dc5724,new_center,3,27,g003_p000027_g002_p000013_g001_p000078_empty,g002_p000013_g001_p000078_empty,g003_cd4c560d0724467d_0009,27,4.802537296200171e-05,42.0,12.0,24.0,dike_hemisphere,9,89.81762803861079,14.544131729662276,15.001152630089171,9.579434473317052,0,0.25,3.636032932415569,3.750288157522293,2.394858618329263,0.01618868112564087,0.0001631360501050949,0.0001631360501050949,False,0,False,,terminated_non_improving_hard_step,False
branch_e570e38a689184922bc1,new_center,3,28,g003_p000028_g002_p000013_g001_p000078_empty,g002_p000013_g001_p000078_empty,g003_cd4c560d0724467d_0009,28,4.6159948396962136e-05,11.0,10.0,15.0,ellipsoid,9,29.362433659186213,14.71821722153619,6.369317786840174,13.503831392773643,0,0.25,3.6795543053840474,1.5923294467100435,3.3759578481934107,0.01612868718802929,0.00010314211249351501,0.00010314211249351501,False,0,False,,terminated_non_improving_hard_step,False
branch_dee48d12895f0a4d45a3,new_center,3,29,g003_p000029_g002_p000013_g001_p000078_empty,g002_p000013_g001_p000078_empty,g003_cd4c560d0724467d_0009,29,4.615994475898333e-05,9.0,10.0,15.0,dike_hemisphere,9,128.80050710565217,12.559941894235962,8.902089181129535,6.041626089446398,0,0.25,3.1399854735589905,2.2255222952823837,1.5104065223615994,0.016157634556293488,0.00013208948075771332,0.00013208948075771332,False,0,False,,terminated_non_improving_hard_step,False
branch_7b5f8e93338d1c94026c,new_center,3,30,g003_p000030_g002_p000013_g001_p000078_empty,g002_p000013_g001_p000078_empty,g003_cd4c560d0724467d_0009,30,4.534384424914606e-05,25.0,9.0,36.0,ellipsoid,9,99.55810267218845,14.738473344733123,10.873437536399372,7.466513289309529,0,0.25,3.6846183361832807,2.718359384099843,1.8666283223273823,0.016293413937091827,0.00026786886155605316,0.00026786886155605316,False,0,False,,terminated_non_improving_hard_step,False
branch_a8c2078a7f79defb2135,new_center,3,31,g003_p000031_g002_p000013_g001_p000078_empty,g002_p000013_g001_p000078_empty,g003_cd4c560d0724467d_0009,31,4.534383333520964e-05,27.0,11.0,36.0,ellipsoid,9,55.7519269943063,9.436171565283647,11.7926377026597,11.729856149785022,0,0.25,2.359042891320912,2.948159425664925,2.9324640374462554,0.016235431656241417,0.0002098865807056427,0.0002098865807056427,False,0,False,,terminated_non_improving_hard_step,False
branch_1745630fa8f172a6e5ea,new_center,3,32,g003_p000032_g002_p000013_g001_p000078_empty,g002_p000013_g001_p000078_empty,g003_cd4c560d0724467d_0009,32,4.392292248667218e-05,25.0,11.0,36.0,ellipsoid,9,141.3450308755323,9.7976078518621,9.592458042479619,11.831635882322967,0,0.25,2.449401962965525,2.3981145106199047,2.9579089705807418,0.016169749200344086,0.00014420412480831146,0.00014420412480831146,False,0,False,,terminated_non_improving_hard_step,False
branch_72766a5de65d519b9a71,new_center,3,33,g003_p000033_g002_p000013_g001_p000078_empty,g002_p000013_g001_p000078_empty,g003_cd4c560d0724467d_0009,33,4.392290793475695e-05,27.0,9.0,36.0,ellipsoid,9,16.47370472560304,11.587042504703177,6.344239890115183,8.965617088441109,0,0.25,2.8967606261757943,1.5860599725287958,2.241404272110277,0.016102313995361328,7.67689198255539e-05,7.67689198255539e-05,False,0,False,,terminated_non_improving_hard_step,False
branch_4b44d39a68a0b4347c2e,new_center,3,34,g003_p000034_g002_p000013_g001_p000078_empty,g002_p000013_g001_p000078_empty,g003_cd4c560d0724467d_0009,34,4.19855241489131e-05,8.0,10.0,16.0,dike_hemisphere,9,168.790358370621,13.424324189554046,12.907072922792544,13.32503882032476,0,0.25,3.3560810473885114,3.226768230698136,3.33125970508119,0.01620659977197647,0.00018105469644069672,0.00018105469644069672,False,0,False,,terminated_non_improving_hard_step,False
branch_441c577484f470f552e5,new_center,3,35,g003_p000035_g002_p000013_g001_p000078_empty,g002_p000013_g001_p000078_empty,g003_cd4c560d0724467d_0009,35,4.198550959699787e-05,12.0,10.0,16.0,ellipsoid,9,76.26937501926841,11.734638034811557,8.619327757500507,13.889051833126489,0,0.25,2.933659508702889,2.1548319393751267,3.4722629582816222,0.01612626202404499,0.00010071694850921631,0.00010071694850921631,False,0,False,,terminated_non_improving_hard_step,False
branch_87136db7c2ce397409a9,new_center,3,36,g003_p000036_g002_p000019_g001_p000078_empty,g002_p000019_g001_p000078_empty,g003_cd4c560d0724467d_0009,36,4.1237428376916796e-05,10.0,8.0,16.0,dike_hemisphere,9,101.19603953979339,13.574375481528673,6.182562798921308,11.832394458010128,0,0.25,3.393593870382168,1.545640699730327,2.958098614502532,0.016075294464826584,4.974938929080963e-05,4.974938929080963e-05,False,0,False,,terminated_non_improving_hard_step,False
branch_1d2cfe0b75ec4c56bd61,new_center,3,37,g003_p000037_g002_p000019_g001_p000078_empty,g002_p000019_g001_p000078_empty,g003_cd4c560d0724467d_0009,37,4.1237428376916796e-05,10.0,12.0,16.0,ellipsoid,9,63.18967194899376,14.858834312618711,15.240608114577277,11.922348890388442,0,0.25,3.714708578154678,3.8101520286443193,2.9805872225971104,0.016212940216064453,0.0001873951405286789,0.0001873951405286789,False,0,False,,terminated_non_improving_hard_step,False
branch_ccebec7a93ccedfda6e3,new_center,3,38,g003_p000038_g002_p000019_g001_p000078_empty,g002_p000019_g001_p000078_empty,g003_cd4c560d0724467d_0009,38,3.993224891019054e-05,25.0,10.0,37.0,ellipsoid,9,13.18155083763007,12.482753204491788,8.952711061560334,13.31955395839317,0,0.25,3.120688301122947,2.2381777653900836,3.3298884895982925,0.01608693040907383,6.138533353805542e-05,6.138533353805542e-05,False,0,False,,terminated_non_improving_hard_step,False
branch_de73e0c716ecec72da60,new_center,3,39,g003_p000039_g002_p000019_g001_p000078_empty,g002_p000019_g001_p000078_empty,g003_cd4c560d0724467d_0009,39,3.993220525444485e-05,27.0,10.0,37.0,dike_hemisphere,9,98.8258975940528,13.783766542023912,8.070720427852653,12.064175529550328,0,0.25,3.445941635505978,2.017680106963163,3.016043882387582,0.016090311110019684,6.476603448390961e-05,6.476603448390961e-05,False,0,False,,terminated_non_improving_hard_step,False
branch_dfc58802d792b5d8ce45,new_center,3,40,g003_p000040_g002_p000019_g001_p000078_empty,g002_p000019_g001_p000078_empty,g003_cd4c560d0724467d_0009,40,3.987839590990916e-05,40.0,10.0,24.0,ellipsoid,9,41.53597307261633,12.133619375631326,7.2758605690271585,9.059880417979109,0,0.25,3.0334048439078316,1.8189651422567896,2.264970104494777,0.016228415071964264,0.00020286999642848969,0.00020286999642848969,False,0,False,,terminated_non_improving_hard_step,False
branch_45ec360cb8e1c5110fd5,new_center,3,41,g003_p000041_g002_p000019_g001_p000078_empty,g002_p000019_g001_p000078_empty,g003_cd4c560d0724467d_0009,41,3.987838499597274e-05,44.0,10.0,24.0,dike_hemisphere,9,74.95987439456326,15.914502749220022,10.418844728392612,8.718946811658158,0,0.25,3.9786256873050054,2.604711182098153,2.1797367029145396,0.016152188181877136,0.000126643106341362,0.000126643106341362,False,0,False,,terminated_non_improving_hard_step,False
branch_ed60f8e7e31a404b2d0c,new_center,3,42,g003_p000042_g002_p000019_g001_p000078_empty,g002_p000019_g001_p000078_empty,g003_cd4c560d0724467d_0009,42,3.9533300878247246e-05,42.0,8.0,23.0,ellipsoid,9,179.86237612979053,14.435908803211323,8.967410097025665,10.70420485443762,0,0.25,3.6089772008028307,2.2418525242564162,2.676051213609405,0.01614714227616787,0.00012159720063209534,0.00012159720063209534,False,0,False,,terminated_non_improving_hard_step,False
branch_8d1010acd44d15c556b4,new_center,3,43,g003_p000043_g002_p000019_g001_p000078_empty,g002_p000019_g001_p000078_empty,g003_cd4c560d0724467d_0009,43,3.9533300878247246e-05,42.0,12.0,23.0,dike_hemisphere,9,168.22373766352547,11.906656943977477,15.878335213010793,10.014316531179855,0,0.25,2.9766642359943694,3.969583803252698,2.5035791327949637,0.01622822880744934,0.0002026837319135666,0.0002026837319135666,False,0,False,,terminated_non_improving_hard_step,False
branch_85873eadfa2e085be3ba,new_center,3,44,g003_p000044_g002_p000019_g001_p000078_empty,g002_p000019_g001_p000078_empty,g003_cd4c560d0724467d_0009,44,3.938852023566142e-05,42.0,7.0,24.0,ellipsoid,9,61.3127494526337,12.222017268981507,13.260899497521532,6.7967544810348235,0,0.25,3.0555043172453766,3.315224874380383,1.6991886202587059,0.016384942457079887,0.00035939738154411316,0.00035939738154411316,False,0,False,,terminated_non_improving_hard_step,False
branch_25ccd15094b12b11cf65,new_center,3,45,g003_p000045_g002_p000019_g001_p000078_empty,g002_p000019_g001_p000078_empty,g003_cd4c560d0724467d_0009,45,3.938852023566142e-05,42.0,13.0,24.0,dike_hemisphere,9,116.33908069840108,6.652397853534737,12.301556700098637,6.60166402189803,0,0.25,1.6630994633836842,3.075389175024659,1.6504160054745074,0.016110733151435852,8.518807590007782e-05,8.518807590007782e-05,False,0,False,,terminated_non_improving_hard_step,False
branch_01997766a4dbd6880c43,new_center,3,46,g003_p000046_g002_p000019_g001_p000078_empty,g002_p000019_g001_p000078_empty,g003_cd4c560d0724467d_0009,46,3.8828267861390486e-05,44.0,10.0,23.0,ellipsoid,9,62.75362424837259,14.547197111157834,10.72041307762867,13.568875386936007,0,0.25,3.6367992777894584,2.6801032694071676,3.3922188467340018,0.016148043796420097,0.00012249872088432312,0.00012249872088432312,False,0,False,,terminated_non_improving_hard_step,False
branch_bd1472f56a8e45fbd6bb,new_center,3,47,g003_p000047_g002_p000019_g001_p000078_empty,g002_p000019_g001_p000078_empty,g003_cd4c560d0724467d_0009,47,3.882826058543287e-05,40.0,10.0,23.0,ellipsoid,9,104.89345207612824,13.809634211951707,15.285983057228416,9.690009590161736,0,0.25,3.4524085529879267,3.821495764307104,2.422502397540434,0.016274765133857727,0.0002492200583219528,0.0002492200583219528,False,0,False,,terminated_non_improving_hard_step,False
branch_d844f4645545ac24dc53,new_center,3,48,g003_p000048_g002_p000025_g001_p000023_empty,g002_p000025_g001_p000023_empty,g003_cd4c560d0724467d_0009,48,3.830970308627002e-05,26.0,9.0,37.0,dike_hemisphere,9,95.61238670609222,10.826719386330414,15.674549225598161,7.949894740883671,0,0.25,2.7066798465826034,3.9186373063995403,1.9874736852209178,0.016114410012960434,8.886493742465973e-05,8.886493742465973e-05,False,0,False,,terminated_non_improving_hard_step,False
branch_d6766f0b526422e5c421,new_center,3,49,g003_p000049_g002_p000025_g001_p000023_empty,g002_p000025_g001_p000023_empty,g003_cd4c560d0724467d_0009,49,3.830969944829121e-05,26.0,11.0,37.0,dike_hemisphere,9,177.67785014405285,13.15454908733528,14.826829238599347,11.766654525079765,0,0.25,3.28863727183382,3.7067073096498366,2.9416636312699413,0.01613430120050907,0.00010875612497329712,0.00010875612497329712,False,0,False,,terminated_non_improving_hard_step,False
branch_a4ee27abd30183924a2d,new_center,3,50,g003_p000050_g002_p000025_g001_p000023_empty,g002_p000025_g001_p000023_empty,g003_cd4c560d0724467d_0009,50,3.770899274968542e-05,40.0,9.0,24.0,dike_hemisphere,9,114.0242692181697,14.84706708642635,6.656046707369965,6.831036854352489,0,0.25,3.7117667716065874,1.6640116768424913,1.7077592135881223,0.01612083613872528,9.529106318950653e-05,9.529106318950653e-05,False,0,False,,terminated_non_improving_hard_step,False
branch_b7dd35e4a3c3e9a96243,new_center,3,51,g003_p000051_g002_p000025_g001_p000023_empty,g002_p000025_g001_p000023_empty,g003_cd4c560d0724467d_0009,51,3.770897819777019e-05,44.0,11.0,24.0,dike_hemisphere,9,164.9669925300734,13.280693815422392,6.749402804222211,11.447350415192094,0,0.25,3.320173453855598,1.6873507010555528,2.8618376037980235,0.016075294464826584,4.974938929080963e-05,4.974938929080963e-05,False,0,False,,terminated_non_improving_hard_step,False
branch_0bb2d8d15fb9aec07f0b,new_center,3,52,g003_p000052_g002_p000025_g001_p000023_empty,g002_p000025_g001_p000023_empty,g003_cd4c560d0724467d_0009,52,3.7314264773158357e-05,26.0,9.0,36.0,ellipsoid,9,164.86821699755163,13.105559836969325,13.888214818799414,12.616104220710913,0,0.25,3.2763899592423313,3.4720537046998534,3.154026055177728,0.01619517058134079,0.00016962550580501556,0.00016962550580501556,False,0,False,,terminated_non_improving_hard_step,False
branch_ff0fff0bbf14b801f5e6,new_center,3,53,g003_p000053_g002_p000025_g001_p000023_empty,g002_p000025_g001_p000023_empty,g003_cd4c560d0724467d_0009,53,3.7314264773158357e-05,26.0,11.0,36.0,ellipsoid,9,8.344677127367463,12.31993169433909,13.872824208440344,7.920078058799966,0,0.25,3.0799829235847724,3.468206052110086,1.9800195146999915,0.01629048027098179,0.0002649351954460144,0.0002649351954460144,False,0,False,,terminated_non_improving_hard_step,False
branch_18f2b3b9ab469afbc5d7,new_center,3,54,g003_p000054_g002_p000025_g001_p000023_empty,g002_p000025_g001_p000023_empty,g003_cd4c560d0724467d_0009,54,3.6481917049968615e-05,25.0,11.0,37.0,dike_hemisphere,9,136.6906081104095,7.030474109919366,6.899462806951204,8.354955118651022,0,0.25,1.7576185274798415,1.724865701737801,2.0887387796627555,0.016035160049796104,9.6149742603302e-06,9.6149742603302e-06,False,0,False,,terminated_non_improving_hard_step,False
branch_27ae07909d9b5adbbd01,new_center,3,55,g003_p000055_g002_p000025_g001_p000023_empty,g002_p000025_g001_p000023_empty,g003_cd4c560d0724467d_0009,55,3.648189886007458e-05,27.0,9.0,37.0,dike_hemisphere,9,61.95508568941449,7.530925319933355,6.816526476197192,9.196312328040786,0,0.25,1.8827313299833388,1.704131619049298,2.2990780820101966,0.016035160049796104,9.6149742603302e-06,9.6149742603302e-06,False,0,False,,terminated_non_improving_hard_step,False
branch_e09cfaf1abbfd10559b9,new_center,3,56,g003_p000056_g002_p000025_g001_p000023_empty,g002_p000025_g001_p000023_empty,g003_cd4c560d0724467d_0009,56,3.582453791750595e-05,10.0,8.0,15.0,ellipsoid,9,167.98436196403046,9.23272956979897,15.437999262462538,12.736263343766968,0,0.25,2.3081823924497424,3.8594998156156346,3.184065835941742,0.016209326684474945,0.00018378160893917084,0.00018378160893917084,False,0,False,,terminated_non_improving_hard_step,False
branch_a8281d862303f0958960,new_center,3,57,g003_p000057_g002_p000025_g001_p000023_empty,g002_p000025_g001_p000023_empty,g003_cd4c560d0724467d_0009,57,3.582453427952714e-05,10.0,12.0,15.0,ellipsoid,9,1.3259230679550993,12.43158281851829,14.434023654200937,9.620890849719059,0,0.25,3.1078957046295725,3.608505913550234,2.4052227124297647,0.016274765133857727,0.0002492200583219528,0.0002492200583219528,False,0,False,,terminated_non_improving_hard_step,False
branch_f5ba79f92df25ffbaf9d,new_center,3,58,g003_p000058_g002_p000025_g001_p000023_empty,g002_p000025_g001_p000023_empty,g003_cd4c560d0724467d_0009,58,3.5476066841511056e-05,41.0,8.0,24.0,ellipsoid,9,27.407410959475204,8.204221061186091,10.62617123762048,9.431080252993377,0,0.25,2.051055265296523,2.65654280940512,2.3577700632483443,0.01616201363503933,0.0001364685595035553,0.0001364685595035553,False,0,False,,terminated_non_improving_hard_step,False
branch_a7742e60c918deadc4ae,new_center,3,59,g003_p000059_g002_p000025_g001_p000023_empty,g002_p000025_g001_p000023_empty,g003_cd4c560d0724467d_0009,59,3.547605956555344e-05,43.0,12.0,24.0,dike_hemisphere,9,117.67155349069827,15.426956071087112,11.874562565871477,10.072868091916568,0,0.25,3.856739017771778,2.968640641467869,2.518217022979142,0.01621423289179802,0.00018868781626224518,0.00018868781626224518,False,0,False,,terminated_non_improving_hard_step,False
branch_8b12a31b32beec2096b5,new_center,3,60,g003_p000060_g002_p000031_g001_p000023_empty,g002_p000031_g001_p000023_empty,g003_cd4c560d0724467d_0009,60,3.5446169931674376e-05,41.0,8.0,23.0,dike_hemisphere,9,75.64081890794549,8.077502349601977,9.108944787835465,9.783423606450992,0,0.25,2.019375587400494,2.2772361969588664,2.445855901612748,0.016176050528883934,0.0001505054533481598,0.0001505054533481598,False,0,False,,terminated_non_improving_hard_step,False
branch_c85777ba546d63d06087,new_center,3,61,g003_p000061_g002_p000031_g001_p000023_empty,g002_p000031_g001_p000023_empty,g003_cd4c560d0724467d_0009,61,3.5446169931674376e-05,43.0,12.0,23.0,dike_hemisphere,9,15.35840392927768,10.140299031748746,8.819619279562247,6.319452223860272,0,0.25,2.5350747579371866,2.2049048198905616,1.579863055965068,0.016124719753861427,9.917467832565308e-05,9.917467832565308e-05,False,0,False,,terminated_non_improving_hard_step,False
branch_f646156925e2e8f85129,new_center,3,62,g003_p000062_g002_p000031_g001_p000023_empty,g002_p000031_g001_p000023_empty,g003_cd4c560d0724467d_0009,62,3.501915489323437e-05,9.0,12.0,16.0,ellipsoid,9,104.77858603359249,7.526001088778464,10.38905332608194,13.223029689256597,0,0.25,1.881500272194616,2.597263331520485,3.3057574223141493,0.016063936054706573,3.8390979170799255e-05,3.8390979170799255e-05,False,0,False,,terminated_non_improving_hard_step,False
branch_1ef3314ff08b533041e5,new_center,3,63,g003_p000063_g002_p000031_g001_p000023_empty,g002_p000031_g001_p000023_empty,g003_cd4c560d0724467d_0009,63,3.501915489323437e-05,11.0,8.0,16.0,dike_hemisphere,9,75.55865276686009,12.412486751782806,12.806647980974478,8.190251227871062,0,0.25,3.1031216879457015,3.2016619952436196,2.0475628069677656,0.016244862228631973,0.00021931715309619904,0.00021931715309619904,False,0,False,,terminated_non_improving_hard_step,False
branch_737edb1f619faa2a0dfd,new_center,3,64,g003_p000064_g002_p000031_g001_p000023_empty,g002_p000031_g001_p000023_empty,g003_cd4c560d0724467d_0009,64,3.494934571790509e-05,40.0,8.0,24.0,ellipsoid,9,28.223529844539947,15.592250850876635,9.437294706615273,13.022950869639466,0,0.25,3.8980627127191587,2.359323676653818,3.2557377174098665,0.016117626801133156,9.208172559738159e-05,9.208172559738159e-05,False,0,False,,terminated_non_improving_hard_step,False
branch_6c73e834dae6d2e00105,new_center,3,65,g003_p000065_g002_p000031_g001_p000023_empty,g002_p000031_g001_p000023_empty,g003_cd4c560d0724467d_0009,65,3.4949338441947475e-05,44.0,12.0,24.0,ellipsoid,9,6.568084262784533,14.819526737339261,15.38730458355506,9.036582098367873,0,0.25,3.7048816843348154,3.846826145888765,2.2591455245919683,0.01630912534892559,0.0002835802733898163,0.0002835802733898163,False,0,False,,terminated_non_improving_hard_step,False
branch_b1d637f2aecbff3d157d,new_center,3,66,g003_p000066_g002_p000031_g001_p000023_empty,g002_p000031_g001_p000023_empty,g003_cd4c560d0724467d_0009,66,3.4747332392726094e-05,25.0,9.0,37.0,ellipsoid,9,172.33670544833979,11.664381229226997,12.8199311426602,7.16558159195892,0,0.25,2.9160953073067493,3.20498278566505,1.79139539798973,0.016296086832880974,0.0002705417573451996,0.0002705417573451996,False,0,False,,terminated_non_improving_hard_step,False
branch_eddef91af0e0f8c440ca,new_center,3,67,g003_p000067_g002_p000031_g001_p000023_empty,g002_p000031_g001_p000023_empty,g003_cd4c560d0724467d_0009,67,3.474730328889564e-05,27.0,11.0,37.0,ellipsoid,9,117.32256068369861,6.621544767758987,6.080498319161597,11.102330329419978,0,0.25,1.6553861919397468,1.5201245797903993,2.7755825823549944,0.016035160049796104,9.6149742603302e-06,9.6149742603302e-06,False,0,False,,terminated_non_improving_hard_step,False
branch_9ef475e158d3c6b2bb7a,new_center,3,68,g003_p000068_g002_p000031_g001_p000023_empty,g002_p000031_g001_p000023_empty,g003_cd4c560d0724467d_0009,68,3.4679746022447944e-05,10.0,7.0,16.0,dike_hemisphere,9,147.64687223218152,12.266406841750289,11.996885933938696,10.724024741177207,0,0.25,3.0666017104375722,2.999221483484674,2.6810061852943017,0.01625984162092209,0.0002342965453863144,0.0002342965453863144,False,0,False,,terminated_non_improving_hard_step,False
branch_03015b5e0c89820d1ad7,new_center,3,69,g003_p000069_g002_p000031_g001_p000023_empty,g002_p000031_g001_p000023_empty,g003_cd4c560d0724467d_0009,69,3.4679746022447944e-05,10.0,13.0,16.0,dike_hemisphere,9,166.12768147629103,9.531497282357794,7.136192683260294,9.260714590550833,0,0.25,2.3828743205894485,1.7840481708150735,2.3151786476377083,0.01607106439769268,4.551932215690613e-05,4.551932215690613e-05,False,0,False,,terminated_non_improving_hard_step,False
branch_9082b47ad55369dceb9a,new_center,3,70,g003_p000070_g002_p000031_g001_p000023_empty,g002_p000031_g001_p000023_empty,g003_cd4c560d0724467d_0009,70,3.451309385127388e-05,43.0,9.0,22.0,ellipsoid,9,85.35036553044705,9.335205728714342,8.027467637802278,6.574736865156673,0,0.25,2.3338014321785856,2.0068669094505696,1.6436842162891683,0.016190489754080772,0.00016494467854499817,0.00016494467854499817,False,0,False,,terminated_non_improving_hard_step,False
branch_9a6f50c3ab450787aef8,new_center,3,71,g003_p000071_g002_p000031_g001_p000023_empty,g002_p000031_g001_p000023_empty,g003_cd4c560d0724467d_0009,71,3.451308293733746e-05,41.0,11.0,22.0,dike_hemisphere,9,135.48115993188748,14.123302447507989,9.425519604736126,8.60077640797329,0,0.25,3.530825611876997,2.3563799011840314,2.1501941019933226,0.016142506152391434,0.00011696107685565948,0.00011696107685565948,False,0,False,,terminated_non_improving_hard_step,False
branch_cb6e2a2f84b372eee73f,new_center,3,72,g003_p000072_g002_p000037_g001_p000038_empty,g002_p000037_g001_p000038_empty,g003_cd4c560d0724467d_0009,72,3.44901236530859e-05,26.0,11.0,35.0,ellipsoid,9,84.76409980215801,8.160652159674544,10.011861284147313,8.860882487254509,0,0.25,2.040163039918636,2.5029653210368283,2.215220621813627,0.016142813488841057,0.00011726841330528259,0.00011726841330528259,False,0,False,,terminated_non_improving_hard_step,False
branch_788b073ab423e452832b,new_center,3,73,g003_p000073_g002_p000037_g001_p000038_empty,g002_p000037_g001_p000038_empty,g003_cd4c560d0724467d_0009,73,3.4490120015107095e-05,26.0,9.0,35.0,dike_hemisphere,9,102.46449108406016,12.165660242436585,12.346709051156996,8.84133905044682,0,0.25,3.0414150606091463,3.086677262789249,2.210334762611705,0.016234565526247025,0.0002090204507112503,0.0002090204507112503,False,0,False,,terminated_non_improving_hard_step,False
branch_106a54bb137f730539ee,new_center,3,74,g003_p000074_g002_p000037_g001_p000038_empty,g002_p000037_g001_p000038_empty,g003_cd4c560d0724467d_0009,74,3.423937960178591e-05,44.0,9.0,23.0,ellipsoid,9,21.558323536824116,7.694242611665481,14.15616337570577,12.341987934054037,0,0.25,1.9235606529163702,3.5390408439264425,3.0854969835135093,0.016209334135055542,0.00018378905951976776,0.00018378905951976776,False,0,False,,terminated_non_improving_hard_step,False
branch_c772bd6a9989e0327600,new_center,3,75,g003_p000075_g002_p000037_g001_p000038_empty,g002_p000037_g001_p000038_empty,g003_cd4c560d0724467d_0009,75,3.4239365049870685e-05,40.0,11.0,23.0,dike_hemisphere,9,67.10059968555333,7.183114799929324,13.922582976190998,13.635259124288263,0,0.25,1.795778699982331,3.4806457440477496,3.4088147810720657,0.016149653121829033,0.00012410804629325867,0.00012410804629325867,False,0,False,,terminated_non_improving_hard_step,False
branch_7fae14d1674dfc4c450b,new_center,3,76,g003_p000076_g002_p000037_g001_p000038_empty,g002_p000037_g001_p000038_empty,g003_cd4c560d0724467d_0009,76,3.4207441785838455e-05,39.0,10.0,24.0,dike_hemisphere,9,48.12102355796424,10.913641676193379,13.457377048269969,12.380603700113793,0,0.25,2.7284104190483447,3.364344262067492,3.0951509250284484,0.01617985963821411,0.0001543145626783371,0.0001543145626783371,False,0,False,,terminated_non_improving_hard_step,False
branch_3eb9cd0230a3050e8a09,new_center,3,77,g003_p000077_g002_p000037_g001_p000038_empty,g002_p000037_g001_p000038_empty,g003_cd4c560d0724467d_0009,77,3.4207427233923227e-05,45.0,10.0,24.0,dike_hemisphere,9,26.479611011926362,11.907503333767481,6.099333603820587,9.074719500161233,0,0.25,2.9768758334418703,1.5248334009551467,2.2686798750403083,0.01609257236123085,6.702728569507599e-05,6.702728569507599e-05,False,0,False,,terminated_non_improving_hard_step,False
branch_6edde28fe55fb1f0f8f4,new_center,3,78,g003_p000078_g002_p000037_g001_p000038_empty,g002_p000037_g001_p000038_empty,g003_cd4c560d0724467d_0009,78,3.402828224352561e-05,8.0,10.0,15.0,dike_hemisphere,9,8.061593280552957,6.090582227968891,13.07236509072359,13.736965090311966,0,0.25,1.5226455569922228,3.2680912726808975,3.4342412725779914,0.01608370430767536,5.81592321395874e-05,5.81592321395874e-05,False,0,False,,terminated_non_improving_hard_step,False
branch_831da3341c271fb0e12c,new_center,3,79,g003_p000079_g002_p000037_g001_p000038_empty,g002_p000037_g001_p000038_empty,g003_cd4c560d0724467d_0009,79,3.402828224352561e-05,12.0,10.0,15.0,dike_hemisphere,9,26.401757006686633,13.089614580864719,9.883511013975177,12.858694460004962,0,0.25,3.2724036452161798,2.4708777534937942,3.2146736150012405,0.016188984736800194,0.00016343966126441956,0.00016343966126441956,False,0,False,,terminated_non_improving_hard_step,False
branch_0afa1eb05609d1749656,new_center,3,80,g003_p000080_g002_p000037_g001_p000038_empty,g002_p000037_g001_p000038_empty,g003_cd4c560d0724467d_0009,80,3.39574835379608e-05,24.0,11.0,37.0,ellipsoid,9,109.78997996132983,10.836684043335772,15.851926015144167,9.449432341281005,0,0.25,2.709171010833943,3.962981503786042,2.3623580853202513,0.016338365152478218,0.00031282007694244385,0.00031282007694244385,False,0,False,,terminated_non_improving_hard_step,False
branch_5ab83faeee5f8fdad6d9,new_center,3,81,g003_p000081_g002_p000037_g001_p000038_empty,g002_p000037_g001_p000038_empty,g003_cd4c560d0724467d_0009,81,3.395745807210915e-05,28.0,9.0,37.0,dike_hemisphere,9,156.79082324976483,8.767423476956003,12.055883125086538,8.842491684966504,0,0.25,2.1918558692390007,3.0139707812716345,2.210622921241626,0.016238579526543617,0.00021303445100784302,0.00021303445100784302,False,0,False,,terminated_non_improving_hard_step,False
branch_9cccb7350bffcb1c3cb4,new_center,3,82,g003_p000082_g002_p000037_g001_p000038_empty,g002_p000037_g001_p000038_empty,g003_cd4c560d0724467d_0009,82,3.3839176467154175e-05,11.0,11.0,15.0,dike_hemisphere,9,121.56322157509663,14.275932861110798,9.518342735103154,10.979550038481229,0,0.25,3.5689832152776995,2.3795856837757885,2.744887509620307,0.01616259478032589,0.00013704970479011536,0.00013704970479011536,False,0,False,,terminated_non_improving_hard_step,False
branch_b43867946d67ec570402,new_center,3,83,g003_p000083_g002_p000037_g001_p000038_empty,g002_p000037_g001_p000038_empty,g003_cd4c560d0724467d_0009,83,3.3839165553217754e-05,9.0,9.0,15.0,ellipsoid,9,168.72487069821315,6.582452064859913,15.380287159930106,12.074407098527743,0,0.25,1.6456130162149782,3.8450717899825264,3.018601774631936,0.016081182286143303,5.5637210607528687e-05,5.5637210607528687e-05,False,0,False,,terminated_non_improving_hard_step,False
branch_92982815ed37e771fddf,new_center,3,84,g003_p000084_g002_p000043_g001_p000038_empty,g002_p000043_g001_p000038_empty,g003_cd4c560d0724467d_0009,84,3.364099393365905e-05,43.0,11.0,23.0,dike_hemisphere,9,78.25084862252093,12.73789881004404,15.584440255163525,6.527726809819823,0,0.25,3.18447470251101,3.896110063790881,1.6319317024549558,0.01628866046667099,0.00026311539113521576,0.00026311539113521576,False,0,False,,terminated_non_improving_hard_step,False
branch_c5958ff679c71e31121c,new_center,3,85,g003_p000085_g002_p000043_g001_p000038_empty,g002_p000043_g001_p000038_empty,g003_cd4c560d0724467d_0009,85,3.364097938174382e-05,41.0,9.0,23.0,ellipsoid,9,10.49758876055925,6.4580721459630315,6.45477224319464,9.041515726017344,0,0.25,1.6145180364907579,1.61369306079866,2.260378931504336,0.01604411192238331,1.856684684753418e-05,1.856684684753418e-05,False,0,False,,terminated_non_improving_hard_step,False
branch_8ed6e62d3ad939f194d5,new_center,3,86,g003_p000086_g002_p000043_g001_p000038_empty,g002_p000043_g001_p000038_empty,g003_cd4c560d0724467d_0009,86,3.356917659402825e-05,40.0,11.0,24.0,ellipsoid,9,105.37765942587914,6.4509483654421045,9.572158480562795,11.202553308001356,0,0.25,1.6127370913605261,2.3930396201406987,2.800638327000339,0.01610039733350277,7.485225796699524e-05,7.485225796699524e-05,False,0,False,,terminated_non_improving_hard_step,False
branch_09f540b83afc91aeb333,new_center,3,87,g003_p000087_g002_p000043_g001_p000038_empty,g002_p000043_g001_p000038_empty,g003_cd4c560d0724467d_0009,87,3.356916568009183e-05,44.0,9.0,24.0,ellipsoid,9,46.47141427506148,9.252708313400404,12.26392571288078,12.566485144061485,0,0.25,2.313177078350101,3.065981428220195,3.141621286015371,0.016187211498618126,0.00016166642308235168,0.00016166642308235168,False,0,False,,terminated_non_improving_hard_step,False
branch_629076d743ad55aa03d6,new_center,3,88,g003_p000088_g002_p000043_g001_p000038_empty,g002_p000043_g001_p000038_empty,g003_cd4c560d0724467d_0009,88,3.3479544072179124e-05,8.0,9.0,16.0,dike_hemisphere,9,94.08654702027033,10.500671835500626,12.602986383321081,10.646190320486358,0,0.25,2.6251679588751564,3.1507465958302703,2.6615475801215895,0.016177795827388763,0.0001522507518529892,0.0001522507518529892,False,0,False,,terminated_non_improving_hard_step,False
branch_e06283a5c6a34a23bcbd,new_center,3,89,g003_p000089_g002_p000043_g001_p000038_empty,g002_p000043_g001_p000038_empty,g003_cd4c560d0724467d_0009,89,3.34795331582427e-05,12.0,11.0,16.0,dike_hemisphere,9,36.45420627766926,13.142369904311252,10.244210035982142,10.542937234621755,0,0.25,3.285592476077813,2.5610525089955356,2.635734308655439,0.016177797690033913,0.00015225261449813843,0.00015225261449813843,False,0,False,,terminated_non_improving_hard_step,False
branch_cb4bb8c142a69420e098,new_center,3,90,g003_p000090_g002_p000043_g001_p000038_empty,g002_p000043_g001_p000038_empty,g003_cd4c560d0724467d_0009,90,3.343486605444923e-05,12.0,11.0,15.0,dike_hemisphere,9,8.736132560607249,14.976517297319107,12.487739544678593,10.776130987862036,0,0.25,3.744129324329777,3.1219348861696483,2.694032746965509,0.016201922670006752,0.00017637759447097778,0.00017637759447097778,False,0,False,,terminated_non_improving_hard_step,False
branch_e9b00eba58c113a4aa7a,new_center,3,91,g003_p000091_g002_p000043_g001_p000038_empty,g002_p000043_g001_p000038_empty,g003_cd4c560d0724467d_0009,91,3.343486241647042e-05,8.0,9.0,15.0,dike_hemisphere,9,80.50203085669534,15.911128939308586,12.543448092710747,8.528381168149224,0,0.25,3.9777822348271465,3.135862023177687,2.132095292037306,0.016201922670006752,0.00017637759447097778,0.00017637759447097778,False,0,False,,terminated_non_improving_hard_step,False
branch_ff23aee9e005a025c4f1,new_center,3,92,g003_p000092_g002_p000043_g001_p000038_empty,g002_p000043_g001_p000038_empty,g003_cd4c560d0724467d_0009,92,3.3311858715023845e-05,44.0,11.0,23.0,ellipsoid,9,160.33716484396192,14.04475379140261,8.917530545308663,8.212743225750087,0,0.25,3.5111884478506523,2.229382636327166,2.0531858064375217,0.016241637989878654,0.00021609291434288025,0.00021609291434288025,False,0,False,,terminated_non_improving_hard_step,False
branch_6f4dc6ddf99d49c08ff2,new_center,3,93,g003_p000093_g002_p000043_g001_p000038_empty,g002_p000043_g001_p000038_empty,g003_cd4c560d0724467d_0009,93,3.3311847801087424e-05,40.0,9.0,23.0,ellipsoid,9,95.9255300696239,9.342666241478762,9.437555382813153,11.145115441559488,0,0.25,2.3356665603696904,2.3593888457032883,2.786278860389872,0.01617606356739998,0.0001505184918642044,0.0001505184918642044,False,0,False,,terminated_non_improving_hard_step,False
branch_2819762712ac45ea47c4,new_center,3,94,g003_p000094_g002_p000043_g001_p000038_empty,g002_p000043_g001_p000038_empty,g003_cd4c560d0724467d_0009,94,3.312603439553641e-05,8.0,12.0,16.0,dike_hemisphere,9,71.15971359342647,14.903510317640098,10.399800679336874,13.707287434864703,0,0.25,3.7258775794100245,2.5999501698342184,3.426821858716176,0.016136620193719864,0.00011107511818408966,0.00011107511818408966,False,0,False,,terminated_non_improving_hard_step,False
branch_79453678880a3330a035,new_center,3,95,g003_p000095_g002_p000043_g001_p000038_empty,g002_p000043_g001_p000038_empty,g003_cd4c560d0724467d_0009,95,3.3126023481599987e-05,12.0,8.0,16.0,dike_hemisphere,9,159.51322905019592,11.243864246382891,14.685617268768185,8.33980419781264,0,0.25,2.810966061595723,3.6714043171920463,2.08495104945316,0.016229240223765373,0.000203695148229599,0.000203695148229599,False,0,False,,terminated_non_improving_hard_step,False
branch_8a917600d7af10048da1,new_center,4,0,g004_p000000_g003_p000054_g002_p000025_g001_p000023_empty,g003_p000054_g002_p000025_g001_p000023_empty,g004_682d04e24a1503e2_0010,0,7.10140448063612e-05,42.0,11.0,24.0,dike_hemisphere,9,25.592876367241708,7.75844292625198,15.605733256956837,11.368432213364258,0,0.25,1.939610731562995,3.9014333142392092,2.8421080533410645,0.016174528747797012,0.0001393686980009079,0.0001489836722612381,False,0,False,,terminated_non_improving_hard_step,False
branch_94a111a0ec41503c7993,new_center,4,6,g004_p000006_g003_p000054_g002_p000025_g001_p000023_empty,g003_p000054_g002_p000025_g001_p000023_empty,g004_682d04e24a1503e2_0010,1,7.101403025444597e-05,42.0,9.0,24.0,ellipsoid,9,61.14074280740701,14.863622211650817,12.458695758249913,9.78075237474836,0,0.25,3.7159055529127043,3.1146739395624783,2.44518809368709,0.016260754317045212,0.00022559426724910736,0.00023520924150943756,False,0,False,,terminated_non_improving_hard_step,False
branch_8ba3b83deb44a9e82b8d,new_center,4,12,g004_p000012_g003_p000055_g002_p000025_g001_p000023_empty,g003_p000055_g002_p000025_g001_p000023_empty,g004_4c5ba1126df90c46_0011,0,7.10140448063612e-05,42.0,11.0,24.0,ellipsoid,9,150.28214787686386,9.861714781973577,7.007298179193738,10.267665523656708,0,0.25,2.465428695493394,1.7518245447984344,2.566916380914177,0.016115019097924232,7.985904812812805e-05,8.947402238845825e-05,False,0,False,,terminated_non_improving_hard_step,False
branch_1113052c31b6f3ddebda,new_center,4,18,g004_p000018_g003_p000055_g002_p000025_g001_p000023_empty,g003_p000055_g002_p000025_g001_p000023_empty,g004_4c5ba1126df90c46_0011,1,7.101403025444597e-05,42.0,9.0,24.0,ellipsoid,9,40.75660937273039,7.281225963242692,14.808373162290579,9.761588761758032,0,0.25,1.820306490810673,3.7020932905726447,2.440397190439508,0.016214806586503983,0.0001796465367078781,0.0001892615109682083,False,0,False,,terminated_non_improving_hard_step,False
branch_975cfc502ec06734062c,new_center,4,24,g004_p000024_g003_p000067_g002_p000031_g001_p000023_empty,g003_p000067_g002_p000031_g001_p000023_empty,g004_9ab5d3771a667b10_0012,0,7.10140448063612e-05,42.0,11.0,24.0,dike_hemisphere,9,111.049473660888,12.314966635743465,10.851159127660607,7.698246722074645,0,0.25,3.0787416589358663,2.7127897819151516,1.9245616805186612,0.016168728470802307,0.0001335684210062027,0.0001431833952665329,False,0,False,,terminated_non_improving_hard_step,False
branch_bd5e67c632471181d6a7,new_center,4,30,g004_p000030_g003_p000067_g002_p000031_g001_p000023_empty,g003_p000067_g002_p000031_g001_p000023_empty,g004_9ab5d3771a667b10_0012,1,7.101403025444597e-05,42.0,9.0,24.0,ellipsoid,9,129.08134950569098,11.165443607206686,9.010556727999504,7.245413264033206,0,0.25,2.7913609018016716,2.252639181999876,1.8113533160083015,0.016168728470802307,0.0001335684210062027,0.0001431833952665329,False,0,False,,terminated_non_improving_hard_step,False
branch_075dd8bdf018a1559afd,new_center,4,36,g004_p000036_g003_p000085_g002_p000043_g001_p000038_empty,g003_p000085_g002_p000043_g001_p000038_empty,g004_019a3f44c6ddb6af_0013,0,6.970633694436401e-05,42.0,11.0,24.0,ellipsoid,9,29.94862828012214,14.935048860287898,8.758689085920428,10.094745419623353,0,0.25,3.7337622150719745,2.189672271480107,2.523686354905838,0.016223661601543427,0.0001795496791601181,0.00019811652600765228,False,0,False,,terminated_non_improving_hard_step,False
branch_609e6c4ababd7eb9c4fd,new_center,4,42,g004_p000042_g003_p000085_g002_p000043_g001_p000038_empty,g003_p000085_g002_p000043_g001_p000038_empty,g004_019a3f44c6ddb6af_0013,1,6.97063296684064e-05,42.0,9.0,24.0,ellipsoid,9,4.119992980657486,8.46874989992282,14.069754277793537,13.895125826198917,0,0.25,2.117187474980705,3.5174385694483843,3.4737814565497294,0.01610349304974079,5.938112735748291e-05,7.794797420501709e-05,False,0,False,,terminated_non_improving_hard_step,False
branch_16928c5cc2f47c3ef53e,new_center,4,48,g004_p000048_g003_p000023_g002_p000007_g001_p000086_empty,g003_p000023_g002_p000007_g001_p000086_empty,g004_4b53cc0df865dd1c_0014,0,7.10140448063612e-05,42.0,11.0,24.0,ellipsoid,9,147.63445501110837,13.230426180581263,6.04577781627675,8.304280423187933,0,0.25,3.307606545145316,1.5114444540691876,2.0760701057969833,0.016193101182579994,0.00014634989202022552,0.00016755610704421997,False,0,False,,terminated_non_improving_hard_step,False
branch_10536c34d3fb0ea35aef,new_center,4,54,g004_p000054_g003_p000023_g002_p000007_g001_p000086_empty,g003_p000023_g002_p000007_g001_p000086_empty,g004_4b53cc0df865dd1c_0014,1,7.101403025444597e-05,42.0,9.0,24.0,dike_hemisphere,9,89.0827917933873,15.034587866578605,6.755006741461849,10.725890311077613,0,0.25,3.758646966644651,1.6887516853654623,2.6814725777694033,0.016079923138022423,3.3171847462654114e-05,5.437806248664856e-05,False,0,False,,terminated_non_improving_hard_step,False
branch_d3d4460c2d8d96efabbd,new_center,4,60,g004_p000060_g003_p000013_g002_p000007_g001_p000086_empty,g003_p000013_g002_p000007_g001_p000086_empty,g004_4f0f4792c0d139b0_0015,0,7.10140448063612e-05,42.0,11.0,24.0,dike_hemisphere,9,63.236512788290575,13.443171837767553,11.436973814087457,7.407856899146578,0,0.25,3.360792959441888,2.8592434535218643,1.8519642247866446,0.016258710995316505,0.00019964948296546936,0.0002331659197807312,False,0,False,,terminated_non_improving_hard_step,False
branch_39a81cea6d3139b399ca,new_center,4,66,g004_p000066_g003_p000013_g002_p000007_g001_p000086_empty,g003_p000013_g002_p000007_g001_p000086_empty,g004_4f0f4792c0d139b0_0015,1,7.101403025444597e-05,42.0,9.0,24.0,dike_hemisphere,9,166.91740268927413,14.363700616919365,7.091093078676394,9.123202076353047,0,0.25,3.5909251542298413,1.7727732696690985,2.280800519088262,0.01611235737800598,5.3295865654945374e-05,8.681230247020721e-05,False,0,False,,terminated_non_improving_hard_step,False
branch_213a33d5cfafb4cb4912,new_center,4,72,g004_p000072_g003_p000062_g002_p000031_g001_p000023_empty,g003_p000062_g002_p000031_g001_p000023_empty,g004_5170eb41f38ef6eb_0016,0,7.10140448063612e-05,42.0,11.0,24.0,dike_hemisphere,9,112.47800422445493,15.029434810686727,7.899237333983773,10.923486484951702,0,0.25,3.7573587026716817,1.9748093334959433,2.7308716212379256,0.016228580847382545,0.00016464479267597198,0.00020303577184677124,False,0,False,,terminated_non_improving_hard_step,False
branch_325bc11882ec9cbbe379,new_center,4,78,g004_p000078_g003_p000062_g002_p000031_g001_p000023_empty,g003_p000062_g002_p000031_g001_p000023_empty,g004_5170eb41f38ef6eb_0016,1,7.101403025444597e-05,42.0,9.0,24.0,ellipsoid,9,151.4245451561395,6.9068613437165265,9.886674326128254,11.181469422128208,0,0.25,1.7267153359291316,2.4716685815320636,2.795367355532052,0.016110312193632126,4.637613892555237e-05,8.476711809635162e-05,False,0,False,,terminated_non_improving_hard_step,False
branch_a0f4430c6de62bf922e5,new_center,4,84,g004_p000084_g003_p000069_g002_p000031_g001_p000023_empty,g003_p000069_g002_p000031_g001_p000023_empty,g004_dbd83066e2a16075_0017,0,7.10140448063612e-05,42.0,11.0,24.0,dike_hemisphere,9,6.566195992142285,10.463377700807762,7.886085191682827,11.617008422387926,0,0.25,2.6158444252019404,1.9715212979207068,2.9042521055969814,0.016124321147799492,5.3256750106811523e-05,9.877607226371765e-05,False,0,False,,terminated_non_improving_hard_step,False
branch_1246e051b36777bd6fc6,new_center,4,90,g004_p000090_g003_p000069_g002_p000031_g001_p000023_empty,g003_p000069_g002_p000031_g001_p000023_empty,g004_dbd83066e2a16075_0017,1,7.101403025444597e-05,42.0,9.0,24.0,ellipsoid,9,19.768704519667832,12.731360540186259,9.08588108954323,13.210114979816852,0,0.25,3.1828401350465647,2.2714702723858076,3.302528744954213,0.016209736466407776,0.00013867206871509552,0.00018419139087200165,False,0,False,,terminated_non_improving_hard_step,False
branch_db15ffb8b6d3ed7c10eb,new_center,5,0,g005_p000000_g004_p000001_g003_p000054_g002_p000025_g001_p000023_empty,g004_p000001_g003_p000054_g002_p000025_g001_p000023_empty,g005_a59f0f8248ca7e16_0018,0,7.10140448063612e-05,42.0,11.0,24.0,dike_hemisphere,9,13.083784433384068,13.06994018036572,7.929544641858306,13.83324553574062,0,0.25,3.26748504509143,1.9823861604645765,3.458311383935155,0.016078950837254524,5.340576171875e-05,5.340576171875e-05,False,0,False,,terminated_non_improving_hard_step,False
branch_dd00f615b97fd59a2e72,new_center,5,1,g005_p000001_g004_p000001_g003_p000054_g002_p000025_g001_p000023_empty,g004_p000001_g003_p000054_g002_p000025_g001_p000023_empty,g005_a59f0f8248ca7e16_0018,1,7.101403025444597e-05,42.0,9.0,24.0,ellipsoid,9,134.18769384290943,9.157129001755525,14.760432452117996,11.34614057392833,0,0.25,2.2892822504388812,3.690108113029499,2.8365351434820827,0.016205299645662308,0.0001797545701265335,0.0001797545701265335,False,0,False,,terminated_non_improving_hard_step,False
branch_28b064c5d923c19f7c88,new_center,5,2,g005_p000002_g004_p000001_g003_p000054_g002_p000025_g001_p000023_empty,g004_p000001_g003_p000054_g002_p000025_g001_p000023_empty,g005_a59f0f8248ca7e16_0018,2,6.556713924510404e-05,27.0,10.0,36.0,dike_hemisphere,9,78.03559870531194,12.018338751386244,7.2028354108882775,8.575643377212245,0,0.25,3.004584687846561,1.8007088527220694,2.1439108443030612,0.016074301674962044,4.875659942626953e-05,4.875659942626953e-05,False,0,False,,terminated_non_improving_hard_step,False
branch_0c2e19359ef38ca58678,new_center,5,3,g005_p000003_g004_p000001_g003_p000054_g002_p000025_g001_p000023_empty,g004_p000001_g003_p000054_g002_p000025_g001_p000023_empty,g005_a59f0f8248ca7e16_0018,3,6.556713196914643e-05,25.0,10.0,36.0,ellipsoid,9,63.94825518468643,7.293088565519229,13.576344028547375,8.180069271154188,0,0.25,1.8232721413798072,3.3940860071368437,2.045017317788547,0.016136808320879936,0.00011126324534416199,0.00011126324534416199,False,0,False,,terminated_non_improving_hard_step,False
branch_ab914c8a3907dee8b6b9,new_center,5,4,g005_p000004_g004_p000001_g003_p000054_g002_p000025_g001_p000023_empty,g004_p000001_g003_p000054_g002_p000025_g001_p000023_empty,g005_a59f0f8248ca7e16_0018,4,6.420160207198933e-05,10.0,9.0,16.0,dike_hemisphere,9,3.6658033041812033,14.595018197702931,13.662567281174141,13.544127758827507,0,0.25,3.6487545494257327,3.4156418202935352,3.3860319397068768,0.016157997772097588,0.00013245269656181335,0.00013245269656181335,False,0,False,,terminated_non_improving_hard_step,False
branch_8208afeaf535b2d48e56,new_center,5,5,g005_p000005_g004_p000001_g003_p000054_g002_p000025_g001_p000023_empty,g004_p000001_g003_p000054_g002_p000025_g001_p000023_empty,g005_a59f0f8248ca7e16_0018,5,6.420160207198933e-05,10.0,11.0,16.0,ellipsoid,9,97.90782156066774,6.0443824993391,8.241553562145992,6.169274100494319,0,0.25,1.511095624834775,2.060388390536498,1.5423185251235798,0.016125885769724846,0.00010034069418907166,0.00010034069418907166,False,0,False,,terminated_non_improving_hard_step,False
branch_47f1231d186623d81cf8,new_center,5,6,g005_p000006_g004_p000001_g003_p000054_g002_p000025_g001_p000023_empty,g004_p000001_g003_p000054_g002_p000025_g001_p000023_empty,g005_a59f0f8248ca7e16_0018,6,5.73338293179404e-05,9.0,11.0,16.0,dike_hemisphere,9,110.2338265805195,6.646724910480624,8.77933655370865,12.668830910670192,0,0.25,1.661681227620156,2.1948341384271624,3.167207727667548,0.016104670241475105,7.912516593933105e-05,7.912516593933105e-05,False,0,False,,terminated_non_improving_hard_step,False
branch_715da085d511abaa97de,new_center,5,7,g005_p000007_g004_p000001_g003_p000054_g002_p000025_g001_p000023_empty,g004_p000001_g003_p000054_g002_p000025_g001_p000023_empty,g005_a59f0f8248ca7e16_0018,7,5.733381840400398e-05,11.0,9.0,16.0,ellipsoid,9,157.77991785623624,12.338522411301636,7.819201717414744,9.051461867497704,0,0.25,3.084630602825409,1.954800429353686,2.262865466874426,0.01617208495736122,0.00014653988182544708,0.00014653988182544708,False,0,False,,terminated_non_improving_hard_step,False
branch_a9a1b5eff853d1eadf7b,new_center,5,8,g005_p000008_g004_p000001_g003_p000054_g002_p000025_g001_p000023_empty,g004_p000001_g003_p000054_g002_p000025_g001_p000023_empty,g005_a59f0f8248ca7e16_0018,8,5.574035458266735e-05,41.0,10.0,24.0,dike_hemisphere,9,165.63146421898279,15.108695109369215,8.848582405691651,9.218339239552307,0,0.25,3.7771737773423038,2.212145601422913,2.304584809888077,0.016190579161047935,0.00016503408551216125,0.00016503408551216125,False,0,False,,terminated_non_improving_hard_step,False
branch_326d800e497bfb90db7d,new_center,5,9,g005_p000009_g004_p000001_g003_p000054_g002_p000025_g001_p000023_empty,g004_p000001_g003_p000054_g002_p000025_g001_p000023_empty,g005_a59f0f8248ca7e16_0018,9,5.5740350944688544e-05,43.0,10.0,24.0,ellipsoid,9,118.38004536118702,15.985511909228954,13.71537437710307,10.714511634697452,0,0.25,3.9963779773072385,3.4288435942757673,2.678627908674363,0.01621069759130478,0.00018515251576900482,0.00018515251576900482,False,0,False,,terminated_non_improving_hard_step,False
branch_b9992fdc791b0d14b258,new_center,5,10,g005_p000010_g004_p000001_g003_p000054_g002_p000025_g001_p000023_empty,g004_p000001_g003_p000054_g002_p000025_g001_p000023_empty,g005_a59f0f8248ca7e16_0018,10,5.55754013475962e-05,9.0,10.0,16.0,dike_hemisphere,9,65.27504868900311,10.553829570979627,11.631365812810362,11.002817872622565,0,0.25,2.6384573927449066,2.9078414532025905,2.750704468155641,0.016164997592568398,0.0001394525170326233,0.0001394525170326233,False,0,False,,terminated_non_improving_hard_step,False
branch_6f530936859172a1e0c6,new_center,5,11,g005_p000011_g004_p000001_g003_p000054_g002_p000025_g001_p000023_empty,g004_p000001_g003_p000054_g002_p000025_g001_p000023_empty,g005_a59f0f8248ca7e16_0018,11,5.557539043365978e-05,11.0,10.0,16.0,dike_hemisphere,9,51.66336494069982,8.696070207290493,12.706883160654213,8.592788081899794,0,0.25,2.1740175518226232,3.1767207901635532,2.1481970204749485,0.016164997592568398,0.0001394525170326233,0.0001394525170326233,False,0,False,,terminated_non_improving_hard_step,False
branch_10d0fa787e6f2bbe04cb,new_center,5,12,g005_p000012_g004_p000007_g003_p000054_g002_p000025_g001_p000023_empty,g004_p000007_g003_p000054_g002_p000025_g001_p000023_empty,g005_a59f0f8248ca7e16_0018,12,5.24175375176128e-05,9.0,9.0,16.0,ellipsoid,9,112.35384740493538,13.454396859398909,10.42354097906468,13.209836691884423,0,0.25,3.363599214849727,2.60588524476617,3.3024591729711057,0.016157126054167747,0.00013158097863197327,0.00013158097863197327,False,0,False,,terminated_non_improving_hard_step,False
branch_b29d568d878aef768127,new_center,5,13,g005_p000013_g004_p000007_g003_p000054_g002_p000025_g001_p000023_empty,g004_p000007_g003_p000054_g002_p000025_g001_p000023_empty,g005_a59f0f8248ca7e16_0018,13,5.2417530241655186e-05,11.0,11.0,16.0,dike_hemisphere,9,92.63462971860329,15.818821730391392,8.472861744923584,9.701276315430365,0,0.25,3.954705432597848,2.118215436230896,2.425319078857591,0.01614491455256939,0.00011936947703361511,0.00011936947703361511,False,0,False,,terminated_non_improving_hard_step,False
branch_e97d1614e6b5cdfff9b9,new_center,5,14,g005_p000014_g004_p000007_g003_p000054_g002_p000025_g001_p000023_empty,g004_p000007_g003_p000054_g002_p000025_g001_p000023_empty,g005_a59f0f8248ca7e16_0018,14,5.201577732805163e-05,42.0,11.0,23.0,dike_hemisphere,9,163.692948035562,11.16777234360995,13.377698653684664,6.826214679241629,0,0.25,2.7919430859024876,3.344424663421166,1.7065536698104073,0.016157634556293488,0.00013208948075771332,0.00013208948075771332,False,0,False,,terminated_non_improving_hard_step,False
branch_fc1fe9b927280c6b0e63,new_center,5,15,g005_p000015_g004_p000007_g003_p000054_g002_p000025_g001_p000023_empty,g004_p000007_g003_p000054_g002_p000025_g001_p000023_empty,g005_a59f0f8248ca7e16_0018,15,5.201577369007282e-05,42.0,9.0,23.0,dike_hemisphere,9,115.26036774926611,11.527079314888717,13.971274410834642,13.260465370390595,0,0.25,2.881769828722179,3.4928186027086605,3.3151163425976486,0.016206108033657074,0.00018056295812129974,0.00018056295812129974,False,0,False,,terminated_non_improving_hard_step,False
branch_0051795b86193bcb10e1,new_center,5,16,g005_p000016_g004_p000007_g003_p000054_g002_p000025_g001_p000023_empty,g004_p000007_g003_p000054_g002_p000025_g001_p000023_empty,g005_a59f0f8248ca7e16_0018,16,5.165622496861033e-05,41.0,10.0,23.0,dike_hemisphere,9,77.35620009893606,9.588321298291284,15.162632097218266,11.834811436198457,0,0.25,2.397080324572821,3.7906580243045664,2.9587028590496143,0.01616932451725006,0.0001437794417142868,0.0001437794417142868,False,0,False,,terminated_non_improving_hard_step,False
branch_af3b256c5c16b447d0a5,new_center,5,17,g005_p000017_g004_p000007_g003_p000054_g002_p000025_g001_p000023_empty,g004_p000007_g003_p000054_g002_p000025_g001_p000023_empty,g005_a59f0f8248ca7e16_0018,17,5.165622496861033e-05,43.0,10.0,23.0,dike_hemisphere,9,99.88149146182467,7.969996064687713,8.550537714160033,12.820269819012276,0,0.25,1.9924990161719283,2.137634428540008,3.205067454753069,0.016077198088169098,5.165301263332367e-05,5.165301263332367e-05,False,0,False,,terminated_non_improving_hard_step,False
branch_83c8256e275696e3ccee,new_center,5,18,g005_p000018_g004_p000007_g003_p000054_g002_p000025_g001_p000023_empty,g004_p000007_g003_p000054_g002_p000025_g001_p000023_empty,g005_a59f0f8248ca7e16_0018,18,5.131310172146186e-05,41.0,9.0,24.0,ellipsoid,9,129.24921565178533,13.053463408999828,9.972817487420363,10.621403898035041,0,0.25,3.263365852249957,2.4932043718550907,2.6553509745087602,0.016238443553447723,0.00021289847791194916,0.00021289847791194916,False,0,False,,terminated_non_improving_hard_step,False
branch_a02f7243f14a996e31c1,new_center,5,19,g005_p000019_g004_p000007_g003_p000054_g002_p000025_g001_p000023_empty,g004_p000007_g003_p000054_g002_p000025_g001_p000023_empty,g005_a59f0f8248ca7e16_0018,19,5.131309080752544e-05,43.0,11.0,24.0,dike_hemisphere,9,126.3465922723248,6.861025174114775,12.17152049490497,12.67492023750166,0,0.25,1.7152562935286937,3.0428801237262424,3.168730059375415,0.016137639060616493,0.000112093985080719,0.000112093985080719,False,0,False,,terminated_non_improving_hard_step,False
branch_4d1f9322359b41a0dcc1,new_center,5,20,g005_p000020_g004_p000007_g003_p000054_g002_p000025_g001_p000023_empty,g004_p000007_g003_p000054_g002_p000025_g001_p000023_empty,g005_a59f0f8248ca7e16_0018,20,5.092183710075915e-05,41.0,11.0,24.0,ellipsoid,9,163.11085022550535,9.958795391929367,15.495255731525194,6.012954477338156,0,0.25,2.489698847982342,3.8738139328812986,1.503238619334539,0.016258710995316505,0.0002331659197807312,0.0002331659197807312,False,0,False,,terminated_non_improving_hard_step,False
branch_a41071bcb32d66b359b3,new_center,5,21,g005_p000021_g004_p000007_g003_p000054_g002_p000025_g001_p000023_empty,g004_p000007_g003_p000054_g002_p000025_g001_p000023_empty,g005_a59f0f8248ca7e16_0018,21,5.092183346278034e-05,43.0,9.0,24.0,ellipsoid,9,78.13337559994132,8.172746744667222,12.092196530231696,12.087166211564618,0,0.25,2.0431866861668055,3.023049132557924,3.0217915528911545,0.016131309792399406,0.0001057647168636322,0.0001057647168636322,False,0,False,,terminated_non_improving_hard_step,False
branch_8ed54c1af9e99a4d4a1d,new_center,5,22,g005_p000022_g004_p000007_g003_p000054_g002_p000025_g001_p000023_empty,g004_p000007_g003_p000054_g002_p000025_g001_p000023_empty,g005_a59f0f8248ca7e16_0018,22,4.951177106704563e-05,24.0,10.0,37.0,dike_hemisphere,9,87.1371005197583,10.200396824890394,11.694105330934214,8.686667828220358,0,0.25,2.5500992062225984,2.9235263327335534,2.1716669570550895,0.016123337671160698,9.77925956249237e-05,9.77925956249237e-05,False,0,False,,terminated_non_improving_hard_step,False
branch_f4f26ef42cdc233a8a04,new_center,5,23,g005_p000023_g004_p000007_g003_p000054_g002_p000025_g001_p000023_empty,g004_p000007_g003_p000054_g002_p000025_g001_p000023_empty,g005_a59f0f8248ca7e16_0018,23,4.9511738325236365e-05,28.0,10.0,37.0,dike_hemisphere,9,99.26521780947584,10.09809236657011,10.709702594675827,12.693985790792592,0,0.25,2.5245230916425276,2.6774256486689567,3.173496447698148,0.016123337671160698,9.77925956249237e-05,9.77925956249237e-05,False,0,False,,terminated_non_improving_hard_step,False
branch_647a22b43d3b45811ca1,new_center,5,24,g005_p000024_g004_p000013_g003_p000055_g002_p000025_g001_p000023_empty,g004_p000013_g003_p000055_g002_p000025_g001_p000023_empty,g005_a59f0f8248ca7e16_0018,24,4.95001622766722e-05,10.0,9.0,15.0,dike_hemisphere,9,27.199081601434717,6.933557365784422,15.21943454799328,7.563155368989947,0,0.25,1.7333893414461055,3.80485863699832,1.8907888422474868,0.016157634556293488,0.00013208948075771332,0.00013208948075771332,False,0,False,,terminated_non_improving_hard_step,False
branch_32c5afbbea2aca9adff1,new_center,5,25,g005_p000025_g004_p000013_g003_p000055_g002_p000025_g001_p000023_empty,g004_p000013_g003_p000055_g002_p000025_g001_p000023_empty,g005_a59f0f8248ca7e16_0018,25,4.950015863869339e-05,10.0,11.0,15.0,dike_hemisphere,9,65.27622533890671,13.939430944757028,15.814726757117263,13.608546107570145,0,0.25,3.484857736189257,3.953681689279316,3.4021365268925363,0.016178499907255173,0.0001529548317193985,0.0001529548317193985,False,0,False,,terminated_non_improving_hard_step,False
branch_bd9fd29b93b7283f52b3,new_center,5,26,g005_p000026_g004_p000013_g003_p000055_g002_p000025_g001_p000023_empty,g004_p000013_g003_p000055_g002_p000025_g001_p000023_empty,g005_a59f0f8248ca7e16_0018,26,4.8025380237959325e-05,42.0,8.0,24.0,dike_hemisphere,9,51.15731928542829,8.330527583654298,7.147602417172211,7.750881170053745,0,0.25,2.0826318959135746,1.7869006042930526,1.9377202925134362,0.016059061512351036,3.351643681526184e-05,3.351643681526184e-05,False,0,False,,terminated_non_improving_hard_step,False
branch_14eeb4f3320ddf736caf,new_center,5,27,g005_p000027_g004_p000013_g003_p000055_g002_p000025_g001_p000023_empty,g004_p000013_g003_p000055_g002_p000025_g001_p000023_empty,g005_a59f0f8248ca7e16_0018,27,4.802537296200171e-05,42.0,12.0,24.0,ellipsoid,9,61.27909956874122,14.70537669883052,6.418379927364059,11.533534534141221,0,0.25,3.67634417470763,1.6045949818410148,2.8833836335353054,0.01616201363503933,0.0001364685595035553,0.0001364685595035553,False,0,False,,terminated_non_improving_hard_step,False
branch_0269770de725bc17a5d5,new_center,5,28,g005_p000028_g004_p000013_g003_p000055_g002_p000025_g001_p000023_empty,g004_p000013_g003_p000055_g002_p000025_g001_p000023_empty,g005_a59f0f8248ca7e16_0018,28,4.6159948396962136e-05,11.0,10.0,15.0,dike_hemisphere,9,65.10425046296164,9.939071785308146,7.1870080344973735,10.454713853097836,0,0.25,2.4847679463270365,1.7967520086243434,2.613678463274459,0.016110217198729515,8.467212319374084e-05,8.467212319374084e-05,False,0,False,,terminated_non_improving_hard_step,False
branch_592f4f6df04e0fbd57ae,new_center,5,29,g005_p000029_g004_p000013_g003_p000055_g002_p000025_g001_p000023_empty,g004_p000013_g003_p000055_g002_p000025_g001_p000023_empty,g005_a59f0f8248ca7e16_0018,29,4.615994475898333e-05,9.0,10.0,15.0,dike_hemisphere,9,147.28334545189887,10.226818226628675,10.011399638314979,6.925148172756476,0,0.25,2.5567045566571687,2.5028499095787446,1.731287043189119,0.016157634556293488,0.00013208948075771332,0.00013208948075771332,False,0,False,,terminated_non_improving_hard_step,False
branch_ed271a31a09e838c482f,new_center,5,30,g005_p000030_g004_p000013_g003_p000055_g002_p000025_g001_p000023_empty,g004_p000013_g003_p000055_g002_p000025_g001_p000023_empty,g005_a59f0f8248ca7e16_0018,30,4.534384424914606e-05,25.0,9.0,36.0,ellipsoid,9,90.08362235403266,13.858376926010006,8.20097439910346,9.722917557416062,0,0.25,3.4645942315025016,2.050243599775865,2.4307293893540156,0.016168270260095596,0.00014272518455982208,0.00014272518455982208,False,0,False,,terminated_non_improving_hard_step,False
branch_67deeb2a79098fb22119,new_center,5,31,g005_p000031_g004_p000013_g003_p000055_g002_p000025_g001_p000023_empty,g004_p000013_g003_p000055_g002_p000025_g001_p000023_empty,g005_a59f0f8248ca7e16_0018,31,4.534383333520964e-05,27.0,11.0,36.0,ellipsoid,9,116.8034848911341,9.903358567910425,10.967157495379189,8.729552273908066,0,0.25,2.4758396419776063,2.741789373844797,2.1823880684770165,0.016168270260095596,0.00014272518455982208,0.00014272518455982208,False,0,False,,terminated_non_improving_hard_step,False
branch_2a2f13f28617bc585e1e,new_center,5,32,g005_p000032_g004_p000013_g003_p000055_g002_p000025_g001_p000023_empty,g004_p000013_g003_p000055_g002_p000025_g001_p000023_empty,g005_a59f0f8248ca7e16_0018,32,4.392292248667218e-05,25.0,11.0,36.0,dike_hemisphere,9,139.1827017148868,9.161156540577913,9.413220740986976,9.65655125394116,0,0.25,2.2902891351444783,2.353305185246744,2.41413781348529,0.016117705032229424,9.215995669364929e-05,9.215995669364929e-05,False,0,False,,terminated_non_improving_hard_step,False
branch_a32dd533f726da1a6a1e,new_center,5,33,g005_p000033_g004_p000013_g003_p000055_g002_p000025_g001_p000023_empty,g004_p000013_g003_p000055_g002_p000025_g001_p000023_empty,g005_a59f0f8248ca7e16_0018,33,4.392290793475695e-05,27.0,9.0,36.0,dike_hemisphere,9,169.96413024964903,8.91996385677057,10.437410848132226,7.945615333992101,0,0.25,2.2299909641926425,2.6093527120330564,1.9864038334980252,0.016126330941915512,0.00010078586637973785,0.00010078586637973785,False,0,False,,terminated_non_improving_hard_step,False
branch_c88062d5bfaff7643c01,new_center,5,34,g005_p000034_g004_p000013_g003_p000055_g002_p000025_g001_p000023_empty,g004_p000013_g003_p000055_g002_p000025_g001_p000023_empty,g005_a59f0f8248ca7e16_0018,34,4.19855241489131e-05,8.0,10.0,16.0,dike_hemisphere,9,78.3955397156195,9.26143483745069,15.98360877695633,10.195300134931866,0,0.25,2.3153587093626724,3.9959021942390827,2.5488250337329665,0.016181429848074913,0.0001558847725391388,0.0001558847725391388,False,0,False,,terminated_non_improving_hard_step,False
branch_dd59ef91fcf7a51895a1,new_center,5,35,g005_p000035_g004_p000013_g003_p000055_g002_p000025_g001_p000023_empty,g004_p000013_g003_p000055_g002_p000025_g001_p000023_empty,g005_a59f0f8248ca7e16_0018,35,4.198550959699787e-05,12.0,10.0,16.0,dike_hemisphere,9,11.853053165080972,12.170406169917868,11.210667711337136,7.517675394773442,0,0.25,3.042601542479467,2.802666927834284,1.8794188486933605,0.016187405213713646,0.0001618601381778717,0.0001618601381778717,False,0,False,,terminated_non_improving_hard_step,False
branch_7b286248edc6a74b6676,new_center,5,36,g005_p000036_g004_p000019_g003_p000055_g002_p000025_g001_p000023_empty,g004_p000019_g003_p000055_g002_p000025_g001_p000023_empty,g005_a59f0f8248ca7e16_0018,36,4.1237428376916796e-05,10.0,8.0,16.0,ellipsoid,9,73.49863789097304,10.301194599995432,8.084272498987401,11.071602703227377,0,0.25,2.575298649998858,2.0210681247468503,2.7679006758068443,0.01616705022752285,0.0001415051519870758,0.0001415051519870758,False,0,False,,terminated_non_improving_hard_step,False
branch_19a55d020c244e1f453c,new_center,5,37,g005_p000037_g004_p000019_g003_p000055_g002_p000025_g001_p000023_empty,g004_p000019_g003_p000055_g002_p000025_g001_p000023_empty,g005_a59f0f8248ca7e16_0018,37,4.1237428376916796e-05,10.0,12.0,16.0,ellipsoid,9,110.98267598213046,13.061344425208816,11.109239896700712,13.723860619538543,0,0.25,3.265336106302204,2.777309974175178,3.430965154884636,0.016212940216064453,0.0001873951405286789,0.0001873951405286789,False,0,False,,terminated_non_improving_hard_step,False
branch_94d43761321876bc6343,new_center,5,38,g005_p000038_g004_p000019_g003_p000055_g002_p000025_g001_p000023_empty,g004_p000019_g003_p000055_g002_p000025_g001_p000023_empty,g005_a59f0f8248ca7e16_0018,38,3.993224891019054e-05,25.0,10.0,37.0,dike_hemisphere,9,86.2047015981137,14.527159374322103,15.741125430993346,12.609277164404752,0,0.25,3.631789843580526,3.9352813577483365,3.152319291101188,0.016158627346158028,0.00013308227062225342,0.00013308227062225342,False,0,False,,terminated_non_improving_hard_step,False
branch_5158022a97180cb277e1,new_center,5,39,g005_p000039_g004_p000019_g003_p000055_g002_p000025_g001_p000023_empty,g004_p000019_g003_p000055_g002_p000025_g001_p000023_empty,g005_a59f0f8248ca7e16_0018,39,3.993220525444485e-05,27.0,10.0,37.0,ellipsoid,9,154.15088202755672,14.316354561833643,14.870749192123776,12.149674807614474,0,0.25,3.579088640458411,3.717687298030944,3.0374187019036185,0.016212811693549156,0.00018726661801338196,0.00018726661801338196,False,0,False,,terminated_non_improving_hard_step,False
branch_aae2fa271023a464e28a,new_center,5,40,g005_p000040_g004_p000019_g003_p000055_g002_p000025_g001_p000023_empty,g004_p000019_g003_p000055_g002_p000025_g001_p000023_empty,g005_a59f0f8248ca7e16_0018,40,3.987839590990916e-05,40.0,10.0,24.0,dike_hemisphere,9,41.29390220161325,11.200614452321574,12.815620857319434,13.602422727899999,0,0.25,2.8001536130803935,3.2039052143298585,3.4006056819749997,0.016181429848074913,0.0001558847725391388,0.0001558847725391388,False,0,False,,terminated_non_improving_hard_step,False
branch_fd309d95994996159ccf,new_center,5,41,g005_p000041_g004_p000019_g003_p000055_g002_p000025_g001_p000023_empty,g004_p000019_g003_p000055_g002_p000025_g001_p000023_empty,g005_a59f0f8248ca7e16_0018,41,3.987838499597274e-05,44.0,10.0,24.0,dike_hemisphere,9,3.763336594366211,12.483214768223688,11.434704353188234,12.355770947732015,0,0.25,3.120803692055922,2.8586760882970585,3.088942736933004,0.016246981918811798,0.00022143684327602386,0.00022143684327602386,False,0,False,,terminated_non_improving_hard_step,False
branch_de48d3a6ff01f0660d48,new_center,5,42,g005_p000042_g004_p000019_g003_p000055_g002_p000025_g001_p000023_empty,g004_p000019_g003_p000055_g002_p000025_g001_p000023_empty,g005_a59f0f8248ca7e16_0018,42,3.9533300878247246e-05,42.0,8.0,23.0,ellipsoid,9,110.21534658699278,9.560569846591132,13.049210912117271,6.097413131304455,0,0.25,2.390142461647783,3.2623027280293178,1.5243532828261137,0.01625601015985012,0.0002304650843143463,0.0002304650843143463,False,0,False,,terminated_non_improving_hard_step,False
branch_f38e9d6c11c8f6fb5354,new_center,5,43,g005_p000043_g004_p000019_g003_p000055_g002_p000025_g001_p000023_empty,g004_p000019_g003_p000055_g002_p000025_g001_p000023_empty,g005_a59f0f8248ca7e16_0018,43,3.9533300878247246e-05,42.0,12.0,23.0,ellipsoid,9,60.72197884303434,10.218598042451546,6.835264108768382,12.769355209745036,0,0.25,2.5546495106128866,1.7088160271920956,3.192338802436259,0.016110224649310112,8.467957377433777e-05,8.467957377433777e-05,False,0,False,,terminated_non_improving_hard_step,False
branch_bf138ecf29919b121f4b,new_center,5,44,g005_p000044_g004_p000019_g003_p000055_g002_p000025_g001_p000023_empty,g004_p000019_g003_p000055_g002_p000025_g001_p000023_empty,g005_a59f0f8248ca7e16_0018,44,3.938852023566142e-05,42.0,7.0,24.0,dike_hemisphere,9,50.868661324198314,7.281595717601647,7.253641716505082,6.1689696701281544,0,0.25,1.8203989294004117,1.8134104291262705,1.5422424175320386,0.01605399139225483,2.8446316719055176e-05,2.8446316719055176e-05,False,0,False,,terminated_non_improving_hard_step,False
branch_6ada2e87e1602f17648e,new_center,5,45,g005_p000045_g004_p000019_g003_p000055_g002_p000025_g001_p000023_empty,g004_p000019_g003_p000055_g002_p000025_g001_p000023_empty,g005_a59f0f8248ca7e16_0018,45,3.938852023566142e-05,42.0,13.0,24.0,ellipsoid,9,108.26176269737067,10.338860901082189,7.724242193731161,9.082606684211715,0,0.25,2.584715225270547,1.9310605484327903,2.2706516710529288,0.016130302101373672,0.00010475702583789825,0.00010475702583789825,False,0,False,,terminated_non_improving_hard_step,False
branch_6b02aa27c1b40be591ba,new_center,5,46,g005_p000046_g004_p000019_g003_p000055_g002_p000025_g001_p000023_empty,g004_p000019_g003_p000055_g002_p000025_g001_p000023_empty,g005_a59f0f8248ca7e16_0018,46,3.8828267861390486e-05,44.0,10.0,23.0,dike_hemisphere,9,161.0406794335926,8.392078559615602,12.691465351843313,6.772098660955304,0,0.25,2.0980196399039004,3.172866337960828,1.693024665238826,0.01612471416592598,9.916909039020538e-05,9.916909039020538e-05,False,0,False,,terminated_non_improving_hard_step,False
branch_8e57fec381f041480f1c,new_center,5,47,g005_p000047_g004_p000019_g003_p000055_g002_p000025_g001_p000023_empty,g004_p000019_g003_p000055_g002_p000025_g001_p000023_empty,g005_a59f0f8248ca7e16_0018,47,3.882826058543287e-05,40.0,10.0,23.0,dike_hemisphere,9,61.1865460996543,14.598288693953835,11.456863474900969,9.834780874611646,0,0.25,3.6495721734884587,2.864215868725242,2.4586952186529114,0.01622822880744934,0.0002026837319135666,0.0002026837319135666,False,0,False,,terminated_non_improving_hard_step,False
branch_3fcb101fc73c2a0a27c9,new_center,5,48,g005_p000048_g004_p000025_g003_p000067_g002_p000031_g001_p000023_empty,g004_p000025_g003_p000067_g002_p000031_g001_p000023_empty,g005_a59f0f8248ca7e16_0018,48,3.830970308627002e-05,26.0,9.0,37.0,dike_hemisphere,9,179.24910583548385,6.006738306594829,14.91771312051122,13.908883497029414,0,0.25,1.5016845766487072,3.729428280127805,3.4772208742573536,0.016044769436120987,1.9224360585212708e-05,1.9224360585212708e-05,False,0,False,,terminated_non_improving_hard_step,False
branch_a667851c20a2a7d78b99,new_center,5,49,g005_p000049_g004_p000025_g003_p000067_g002_p000031_g001_p000023_empty,g004_p000025_g003_p000067_g002_p000031_g001_p000023_empty,g005_a59f0f8248ca7e16_0018,49,3.830969944829121e-05,26.0,11.0,37.0,ellipsoid,9,72.5103151382092,11.355003697114027,10.992991738650971,9.312897133049418,0,0.25,2.8387509242785067,2.748247934662743,2.3282242832623545,0.016101814806461334,7.626973092556e-05,7.626973092556e-05,False,0,False,,terminated_non_improving_hard_step,False
branch_9435802ebcdb09adaf25,new_center,5,50,g005_p000050_g004_p000025_g003_p000067_g002_p000031_g001_p000023_empty,g004_p000025_g003_p000067_g002_p000031_g001_p000023_empty,g005_a59f0f8248ca7e16_0018,50,3.770899274968542e-05,40.0,9.0,24.0,ellipsoid,9,130.15082067439448,6.933741054767022,7.155251404089709,8.362462841060044,0,0.25,1.7334352636917556,1.7888128510224273,2.090615710265011,0.016038542613387108,1.2997537851333618e-05,1.2997537851333618e-05,False,0,False,,terminated_non_improving_hard_step,False
branch_1701f467215b8f5271c3,new_center,5,51,g005_p000051_g004_p000025_g003_p000067_g002_p000031_g001_p000023_empty,g004_p000025_g003_p000067_g002_p000031_g001_p000023_empty,g005_a59f0f8248ca7e16_0018,51,3.770897819777019e-05,44.0,11.0,24.0,ellipsoid,9,38.813061689982874,13.609803416072136,6.4448504467065995,9.000477474548887,0,0.25,3.402450854018034,1.6112126116766499,2.250119368637222,0.01616201363503933,0.0001364685595035553,0.0001364685595035553,False,0,False,,terminated_non_improving_hard_step,False
branch_33cba699176ac4ca9114,new_center,5,52,g005_p000052_g004_p000025_g003_p000067_g002_p000031_g001_p000023_empty,g004_p000025_g003_p000067_g002_p000031_g001_p000023_empty,g005_a59f0f8248ca7e16_0018,52,3.7314264773158357e-05,26.0,9.0,36.0,dike_hemisphere,9,117.20523749743701,13.811072153393987,14.868360145328387,8.695135297952092,0,0.25,3.4527680383484967,3.7170900363320967,2.173783824488023,0.016175031661987305,0.00014948658645153046,0.00014948658645153046,False,0,False,,terminated_non_improving_hard_step,False
branch_0c9f4e23f33f4bde7fa9,new_center,5,53,g005_p000053_g004_p000025_g003_p000067_g002_p000031_g001_p000023_empty,g004_p000025_g003_p000067_g002_p000031_g001_p000023_empty,g005_a59f0f8248ca7e16_0018,53,3.7314264773158357e-05,26.0,11.0,36.0,ellipsoid,9,40.334170718165254,6.764666352068821,6.270559504953938,12.285880326124023,0,0.25,1.6911665880172053,1.5676398762384844,3.0714700815310056,0.016034595668315887,9.05059278011322e-06,9.05059278011322e-06,False,0,False,,terminated_non_improving_hard_step,False
branch_27180992896d489313e2,new_center,5,54,g005_p000054_g004_p000025_g003_p000067_g002_p000031_g001_p000023_empty,g004_p000025_g003_p000067_g002_p000031_g001_p000023_empty,g005_a59f0f8248ca7e16_0018,54,3.6481917049968615e-05,25.0,11.0,37.0,dike_hemisphere,9,140.9177393910712,9.537662279890295,8.517216999136059,12.37341525066807,0,0.25,2.3844155699725738,2.1293042497840147,3.0933538126670177,0.016170307993888855,0.00014476291835308075,0.00014476291835308075,False,0,False,,terminated_non_improving_hard_step,False
branch_80df43e3241ca939a95c,new_center,5,55,g005_p000055_g004_p000025_g003_p000067_g002_p000031_g001_p000023_empty,g004_p000025_g003_p000067_g002_p000031_g001_p000023_empty,g005_a59f0f8248ca7e16_0018,55,3.648189886007458e-05,27.0,9.0,37.0,dike_hemisphere,9,132.3205054331021,13.58955696960805,10.902433430875256,6.583870517888696,0,0.25,3.3973892424020127,2.725608357718814,1.645967629472174,0.01625221222639084,0.0002266671508550644,0.0002266671508550644,False,0,False,,terminated_non_improving_hard_step,False
branch_0fd20483334c18c6dd2d,new_center,5,56,g005_p000056_g004_p000025_g003_p000067_g002_p000031_g001_p000023_empty,g004_p000025_g003_p000067_g002_p000031_g001_p000023_empty,g005_a59f0f8248ca7e16_0018,56,3.582453791750595e-05,10.0,8.0,15.0,ellipsoid,9,87.95022134896877,6.633474937800706,11.88936272141002,7.793602161266826,0,0.25,1.6583687344501765,2.972340680352505,1.9484005403167064,0.01612471416592598,9.916909039020538e-05,9.916909039020538e-05,False,0,False,,terminated_non_improving_hard_step,False
branch_17f8e92b5e879f8e6524,new_center,5,57,g005_p000057_g004_p000025_g003_p000067_g002_p000031_g001_p000023_empty,g004_p000025_g003_p000067_g002_p000031_g001_p000023_empty,g005_a59f0f8248ca7e16_0018,57,3.582453427952714e-05,10.0,12.0,15.0,ellipsoid,9,102.27092801302734,11.334601949098591,7.5594309120076275,6.727173902982211,0,0.25,2.8336504872746477,1.8898577280019069,1.6817934757455528,0.016124719753861427,9.917467832565308e-05,9.917467832565308e-05,False,0,False,,terminated_non_improving_hard_step,False
branch_6eb1b528f79d3d4bc0c0,new_center,5,58,g005_p000058_g004_p000025_g003_p000067_g002_p000031_g001_p000023_empty,g004_p000025_g003_p000067_g002_p000031_g001_p000023_empty,g005_a59f0f8248ca7e16_0018,58,3.5476066841511056e-05,41.0,8.0,24.0,dike_hemisphere,9,130.99402887668018,6.380390873326273,15.748429306364761,8.502961462052626,0,0.25,1.5950977183315682,3.9371073265911902,2.1257403655131566,0.01614127680659294,0.00011573173105716705,0.00011573173105716705,False,0,False,,terminated_non_improving_hard_step,False
branch_4c0e88ec85984731fa55,new_center,5,59,g005_p000059_g004_p000025_g003_p000067_g002_p000031_g001_p000023_empty,g004_p000025_g003_p000067_g002_p000031_g001_p000023_empty,g005_a59f0f8248ca7e16_0018,59,3.547605956555344e-05,43.0,12.0,24.0,ellipsoid,9,132.3360141018213,14.053487012813488,7.297071568885697,8.945874259503146,0,0.25,3.513371753203372,1.8242678922214242,2.2364685648757865,0.016223397105932236,0.0001978520303964615,0.0001978520303964615,False,0,False,,terminated_non_improving_hard_step,False
branch_3df549035c822cd6863d,new_center,5,60,g005_p000060_g004_p000031_g003_p000067_g002_p000031_g001_p000023_empty,g004_p000031_g003_p000067_g002_p000031_g001_p000023_empty,g005_a59f0f8248ca7e16_0018,60,3.5446169931674376e-05,41.0,8.0,23.0,ellipsoid,9,126.0535943969902,10.836408623145655,9.211622101622023,13.975241916921966,0,0.25,2.7091021557864137,2.3029055254055057,3.4938104792304916,0.01614362932741642,0.00011808425188064575,0.00011808425188064575,False,0,False,,terminated_non_improving_hard_step,False
branch_296f64c0406af9315adf,new_center,5,61,g005_p000061_g004_p000031_g003_p000067_g002_p000031_g001_p000023_empty,g004_p000031_g003_p000067_g002_p000031_g001_p000023_empty,g005_a59f0f8248ca7e16_0018,61,3.5446169931674376e-05,43.0,12.0,23.0,ellipsoid,9,40.52394799393858,11.703160114803735,14.903434824964924,10.768108319624798,0,0.25,2.9257900287009337,3.725858706241231,2.6920270799061994,0.016242533922195435,0.00021698884665966034,0.00021698884665966034,False,0,False,,terminated_non_improving_hard_step,False
branch_c744a0c7a145d2d24818,new_center,5,62,g005_p000062_g004_p000031_g003_p000067_g002_p000031_g001_p000023_empty,g004_p000031_g003_p000067_g002_p000031_g001_p000023_empty,g005_a59f0f8248ca7e16_0018,62,3.501915489323437e-05,9.0,12.0,16.0,dike_hemisphere,9,103.62980875516241,7.345988817095039,10.15308549575881,10.146213854954842,0,0.25,1.8364972042737597,2.5382713739397027,2.5365534637387106,0.016075294464826584,4.974938929080963e-05,4.974938929080963e-05,False,0,False,,terminated_non_improving_hard_step,False
branch_85a510e832f932e53537,new_center,5,63,g005_p000063_g004_p000031_g003_p000067_g002_p000031_g001_p000023_empty,g004_p000031_g003_p000067_g002_p000031_g001_p000023_empty,g005_a59f0f8248ca7e16_0018,63,3.501915489323437e-05,11.0,8.0,16.0,ellipsoid,9,84.64149238688353,8.797659653511005,15.16739050507492,10.621727973653535,0,0.25,2.199414913377751,3.79184762626873,2.6554319934133837,0.016125692054629326,0.00010014697909355164,0.00010014697909355164,False,0,False,,terminated_non_improving_hard_step,False
branch_3bae0fa759d403772124,new_center,5,64,g005_p000064_g004_p000031_g003_p000067_g002_p000031_g001_p000023_empty,g004_p000031_g003_p000067_g002_p000031_g001_p000023_empty,g005_a59f0f8248ca7e16_0018,64,3.494934571790509e-05,40.0,8.0,24.0,dike_hemisphere,9,104.42857827969361,12.84211273464013,15.393100086664075,9.267924116210509,0,0.25,3.2105281836600326,3.848275021666019,2.316981029052627,0.016198579221963882,0.00017303414642810822,0.00017303414642810822,False,0,False,,terminated_non_improving_hard_step,False
branch_4ac7dec56f9bb45197d3,new_center,5,65,g005_p000065_g004_p000031_g003_p000067_g002_p000031_g001_p000023_empty,g004_p000031_g003_p000067_g002_p000031_g001_p000023_empty,g005_a59f0f8248ca7e16_0018,65,3.4949338441947475e-05,44.0,12.0,24.0,ellipsoid,9,166.90015771301404,14.53541398238833,11.088710578699503,8.70081141902611,0,0.25,3.6338534955970827,2.772177644674876,2.1752028547565274,0.01630912534892559,0.0002835802733898163,0.0002835802733898163,False,0,False,,terminated_non_improving_hard_step,False
branch_794dba32856d0636bbca,new_center,5,66,g005_p000066_g004_p000031_g003_p000067_g002_p000031_g001_p000023_empty,g004_p000031_g003_p000067_g002_p000031_g001_p000023_empty,g005_a59f0f8248ca7e16_0018,66,3.4747332392726094e-05,25.0,9.0,37.0,dike_hemisphere,9,42.18184452087357,11.323034897103469,10.588102907581117,10.72889647500536,0,0.25,2.830758724275867,2.6470257268952793,2.68222411875134,0.016104277223348618,7.873214781284332e-05,7.873214781284332e-05,False,0,False,,terminated_non_improving_hard_step,False
branch_7272a5ee7baf3f388598,new_center,5,67,g005_p000067_g004_p000031_g003_p000067_g002_p000031_g001_p000023_empty,g004_p000031_g003_p000067_g002_p000031_g001_p000023_empty,g005_a59f0f8248ca7e16_0018,67,3.474730328889564e-05,27.0,11.0,37.0,dike_hemisphere,9,168.0030428867638,9.432828591462684,13.296568370102051,11.625627095809316,0,0.25,2.358207147865671,3.3241420925255127,2.906406773952329,0.016138765960931778,0.00011322088539600372,0.00011322088539600372,False,0,False,,terminated_non_improving_hard_step,False
branch_fbe5067b44d39ef13611,new_center,5,68,g005_p000068_g004_p000031_g003_p000067_g002_p000031_g001_p000023_empty,g004_p000031_g003_p000067_g002_p000031_g001_p000023_empty,g005_a59f0f8248ca7e16_0018,68,3.4679746022447944e-05,10.0,7.0,16.0,ellipsoid,9,133.3402766682851,15.685066416177717,6.425007699729941,8.735201710153497,0,0.25,3.9212666040444293,1.6062519249324851,2.1838004275383742,0.01627826690673828,0.000252721831202507,0.000252721831202507,False,0,False,,terminated_non_improving_hard_step,False
branch_e00f8fbf11797849506e,new_center,5,69,g005_p000069_g004_p000031_g003_p000067_g002_p000031_g001_p000023_empty,g004_p000031_g003_p000067_g002_p000031_g001_p000023_empty,g005_a59f0f8248ca7e16_0018,69,3.4679746022447944e-05,10.0,13.0,16.0,ellipsoid,9,59.52069542912816,15.458130161427604,12.472648162775066,10.13204099326649,0,0.25,3.864532540356901,3.1181620406937665,2.5330102483166224,0.016275281086564064,0.0002497360110282898,0.0002497360110282898,False,0,False,,terminated_non_improving_hard_step,False
branch_c2de41220f3c4956f6d3,new_center,5,70,g005_p000070_g004_p000031_g003_p000067_g002_p000031_g001_p000023_empty,g004_p000031_g003_p000067_g002_p000031_g001_p000023_empty,g005_a59f0f8248ca7e16_0018,70,3.451309385127388e-05,43.0,9.0,22.0,ellipsoid,9,148.47081395239917,11.47611936816063,9.04781769673121,8.36280317911072,0,0.25,2.8690298420401574,2.2619544241828025,2.09070079477768,0.01617565006017685,0.00015010498464107513,0.00015010498464107513,False,0,False,,terminated_non_improving_hard_step,False
branch_c52f1d8fb4a53eb36ecb,new_center,5,71,g005_p000071_g004_p000031_g003_p000067_g002_p000031_g001_p000023_empty,g004_p000031_g003_p000067_g002_p000031_g001_p000023_empty,g005_a59f0f8248ca7e16_0018,71,3.451308293733746e-05,41.0,11.0,22.0,ellipsoid,9,22.817467713241975,7.737705264463382,12.81589531635057,12.185490726323275,0,0.25,1.9344263161158455,3.2039738290876425,3.0463726815808188,0.016178812831640244,0.0001532677561044693,0.0001532677561044693,False,0,False,,terminated_non_improving_hard_step,False
branch_784b5a361ced72204136,new_center,5,72,g005_p000072_g004_p000037_g003_p000085_g002_p000043_g001_p000038_empty,g004_p000037_g003_p000085_g002_p000043_g001_p000038_empty,g005_a59f0f8248ca7e16_0018,72,3.44901236530859e-05,26.0,11.0,35.0,ellipsoid,9,176.15164099707982,12.439756954910163,11.34778773716492,8.0613574412946,0,0.25,3.1099392387275406,2.83694693429123,2.01533936032365,0.016273949295282364,0.00024840421974658966,0.00024840421974658966,False,0,False,,terminated_non_improving_hard_step,False
branch_94fe2fe6e0f1b79e6972,new_center,5,73,g005_p000073_g004_p000037_g003_p000085_g002_p000043_g001_p000038_empty,g004_p000037_g003_p000085_g002_p000043_g001_p000038_empty,g005_a59f0f8248ca7e16_0018,73,3.4490120015107095e-05,26.0,9.0,35.0,ellipsoid,9,154.89793529553023,15.199487155076413,13.6850011008512,7.954987965881111,0,0.25,3.7998717887691034,3.4212502752128,1.9887469914702778,0.016288654878735542,0.00026310980319976807,0.00026310980319976807,False,0,False,,terminated_non_improving_hard_step,False
branch_60cec368dd4e7556cfea,new_center,5,74,g005_p000074_g004_p000037_g003_p000085_g002_p000043_g001_p000038_empty,g004_p000037_g003_p000085_g002_p000043_g001_p000038_empty,g005_a59f0f8248ca7e16_0018,74,3.423937960178591e-05,44.0,9.0,23.0,dike_hemisphere,9,17.334512001579842,9.12463060776766,15.444729958393607,9.64177948709007,0,0.25,2.281157651941915,3.8611824895984017,2.4104448717725173,0.01618899218738079,0.00016344711184501648,0.00016344711184501648,False,0,False,,terminated_non_improving_hard_step,False
branch_a5c0f717cf1be227ee8b,new_center,5,75,g005_p000075_g004_p000037_g003_p000085_g002_p000043_g001_p000038_empty,g004_p000037_g003_p000085_g002_p000043_g001_p000038_empty,g005_a59f0f8248ca7e16_0018,75,3.4239365049870685e-05,40.0,11.0,23.0,dike_hemisphere,9,173.21054774399866,6.436233615590753,15.232912613851704,12.83328963863639,0,0.25,1.6090584038976883,3.808228153462926,3.2083224096590977,0.01607765443623066,5.2109360694885254e-05,5.2109360694885254e-05,False,0,False,,terminated_non_improving_hard_step,False
branch_c9fb4abdf50a6a899b24,new_center,5,76,g005_p000076_g004_p000037_g003_p000085_g002_p000043_g001_p000038_empty,g004_p000037_g003_p000085_g002_p000043_g001_p000038_empty,g005_a59f0f8248ca7e16_0018,76,3.4207441785838455e-05,39.0,10.0,24.0,ellipsoid,9,174.27527454963678,15.341133403392584,10.162894067277316,13.240487652239757,0,0.25,3.835283350848146,2.540723516819329,3.3101219130599393,0.016275281086564064,0.0002497360110282898,0.0002497360110282898,False,0,False,,terminated_non_improving_hard_step,False
branch_d454732ff13d4ae5f025,new_center,5,77,g005_p000077_g004_p000037_g003_p000085_g002_p000043_g001_p000038_empty,g004_p000037_g003_p000085_g002_p000043_g001_p000038_empty,g005_a59f0f8248ca7e16_0018,77,3.4207427233923227e-05,45.0,10.0,24.0,ellipsoid,9,14.67404165846071,6.513907468242387,6.375732048150458,8.483733729191279,0,0.25,1.6284768670605967,1.5939330120376145,2.1209334322978197,0.016037968918681145,1.2423843145370483e-05,1.2423843145370483e-05,False,0,False,,terminated_non_improving_hard_step,False
branch_455b944dba169c85db7f,new_center,5,78,g005_p000078_g004_p000037_g003_p000085_g002_p000043_g001_p000038_empty,g004_p000037_g003_p000085_g002_p000043_g001_p000038_empty,g005_a59f0f8248ca7e16_0018,78,3.402828224352561e-05,8.0,10.0,15.0,ellipsoid,9,100.3668891807855,15.890465700732612,9.96728734117863,7.967064004351072,0,0.25,3.972616425183153,2.4918218352946573,1.991766001087768,0.01625601015985012,0.0002304650843143463,0.0002304650843143463,False,0,False,,terminated_non_improving_hard_step,False
branch_1a67208eaeaedd0455da,new_center,5,79,g005_p000079_g004_p000037_g003_p000085_g002_p000043_g001_p000038_empty,g004_p000037_g003_p000085_g002_p000043_g001_p000038_empty,g005_a59f0f8248ca7e16_0018,79,3.402828224352561e-05,12.0,10.0,15.0,ellipsoid,9,66.29721772378797,13.72768664224774,7.4086515288997825,8.266388696787173,0,0.25,3.431921660561935,1.8521628822249456,2.0665971741967932,0.01617605797946453,0.00015051290392875671,0.00015051290392875671,False,0,False,,terminated_non_improving_hard_step,False
branch_8bdd169a1cef5120ba18,new_center,5,80,g005_p000080_g004_p000037_g003_p000085_g002_p000043_g001_p000038_empty,g004_p000037_g003_p000085_g002_p000043_g001_p000038_empty,g005_a59f0f8248ca7e16_0018,80,3.39574835379608e-05,24.0,11.0,37.0,ellipsoid,9,145.92761554731473,13.07901765543102,11.63829654348907,7.682543999343115,0,0.25,3.269754413857755,2.9095741358722673,1.9206359998357787,0.01638389192521572,0.0003583468496799469,0.0003583468496799469,False,0,False,,terminated_non_improving_hard_step,False
branch_f222ef8c524dfddcd63f,new_center,5,81,g005_p000081_g004_p000037_g003_p000085_g002_p000043_g001_p000038_empty,g004_p000037_g003_p000085_g002_p000043_g001_p000038_empty,g005_a59f0f8248ca7e16_0018,81,3.395745807210915e-05,28.0,9.0,37.0,ellipsoid,9,171.7436893967461,8.130540323472465,15.81154917856951,7.3167839073799215,0,0.25,2.032635080868116,3.9528872946423776,1.8291959768449804,0.016241980716586113,0.00021643564105033875,0.00021643564105033875,False,0,False,,terminated_non_improving_hard_step,False
branch_96a59c4e61750964ab83,new_center,5,82,g005_p000082_g004_p000037_g003_p000085_g002_p000043_g001_p000038_empty,g004_p000037_g003_p000085_g002_p000043_g001_p000038_empty,g005_a59f0f8248ca7e16_0018,82,3.3839176467154175e-05,11.0,11.0,15.0,dike_hemisphere,9,132.05433389831725,14.932368627637779,15.15334744551496,10.96398239705566,0,0.25,3.7330921569094446,3.78833686137874,2.740995599263915,0.01618226431310177,0.00015671923756599426,0.00015671923756599426,False,0,False,,terminated_non_improving_hard_step,False
branch_d8e54607d858562f84ef,new_center,5,83,g005_p000083_g004_p000037_g003_p000085_g002_p000043_g001_p000038_empty,g004_p000037_g003_p000085_g002_p000043_g001_p000038_empty,g005_a59f0f8248ca7e16_0018,83,3.3839165553217754e-05,9.0,9.0,15.0,ellipsoid,9,12.035435464897668,10.500036765439141,10.902621474600771,13.8908611924522,0,0.25,2.6250091913597853,2.7256553686501928,3.47271529811305,0.016118168830871582,9.26237553358078e-05,9.26237553358078e-05,False,0,False,,terminated_non_improving_hard_step,False
branch_bcc3e1e9d4d14e27795c,new_center,5,84,g005_p000084_g004_p000043_g003_p000085_g002_p000043_g001_p000038_empty,g004_p000043_g003_p000085_g002_p000043_g001_p000038_empty,g005_a59f0f8248ca7e16_0018,84,3.364099393365905e-05,43.0,11.0,23.0,ellipsoid,9,123.36940135133774,8.054149597017627,8.836983958661177,7.63434883453827,0,0.25,2.013537399254407,2.2092459896652943,1.9085872086345674,0.016190489754080772,0.00016494467854499817,0.00016494467854499817,False,0,False,,terminated_non_improving_hard_step,False
branch_0e2df16949204cd6f6ab,new_center,5,85,g005_p000085_g004_p000043_g003_p000085_g002_p000043_g001_p000038_empty,g004_p000043_g003_p000085_g002_p000043_g001_p000038_empty,g005_a59f0f8248ca7e16_0018,85,3.364097938174382e-05,41.0,9.0,23.0,ellipsoid,9,154.24030985354034,12.408699550326784,11.564956594746391,7.887750930314265,0,0.25,3.102174887581696,2.891239148686598,1.9719377325785663,0.01628866046667099,0.00026311539113521576,0.00026311539113521576,False,0,False,,terminated_non_improving_hard_step,False
branch_474af53fec245912a126,new_center,5,86,g005_p000086_g004_p000043_g003_p000085_g002_p000043_g001_p000038_empty,g004_p000043_g003_p000085_g002_p000043_g001_p000038_empty,g005_a59f0f8248ca7e16_0018,86,3.356917659402825e-05,40.0,11.0,24.0,dike_hemisphere,9,135.8752321006748,11.789216354400637,14.522604090386295,8.099419404650924,0,0.25,2.947304088600159,3.630651022596574,2.024854851162731,0.01621423289179802,0.00018868781626224518,0.00018868781626224518,False,0,False,,terminated_non_improving_hard_step,False
branch_8a110a87c1549babb358,new_center,5,87,g005_p000087_g004_p000043_g003_p000085_g002_p000043_g001_p000038_empty,g004_p000043_g003_p000085_g002_p000043_g001_p000038_empty,g005_a59f0f8248ca7e16_0018,87,3.356916568009183e-05,44.0,9.0,24.0,dike_hemisphere,9,101.61184074406943,9.665353386332711,10.926909282042358,10.317696575307234,0,0.25,2.416338346583178,2.7317273205105894,2.5794241438268086,0.016111962497234344,8.641742169857025e-05,8.641742169857025e-05,False,0,False,,terminated_non_improving_hard_step,False
branch_4c781815b7f2f2f5341b,new_center,5,88,g005_p000088_g004_p000043_g003_p000085_g002_p000043_g001_p000038_empty,g004_p000043_g003_p000085_g002_p000043_g001_p000038_empty,g005_a59f0f8248ca7e16_0018,88,3.3479544072179124e-05,8.0,9.0,16.0,ellipsoid,9,25.054012636984744,12.725973592562818,13.165023471744616,9.366453082256724,0,0.25,3.1814933981407045,3.291255867936154,2.341613270564181,0.016284547746181488,0.0002590026706457138,0.0002590026706457138,False,0,False,,terminated_non_improving_hard_step,False
branch_83730da3654add9f4372,new_center,5,89,g005_p000089_g004_p000043_g003_p000085_g002_p000043_g001_p000038_empty,g004_p000043_g003_p000085_g002_p000043_g001_p000038_empty,g005_a59f0f8248ca7e16_0018,89,3.34795331582427e-05,12.0,11.0,16.0,ellipsoid,9,117.27401870248237,13.436307337065443,7.5214940178171785,6.842321475097956,0,0.25,3.359076834266361,1.8803735044542946,1.710580368774489,0.01624368131160736,0.0002181362360715866,0.0002181362360715866,False,0,False,,terminated_non_improving_hard_step,False
branch_46d6187f985777d796ba,new_center,5,90,g005_p000090_g004_p000043_g003_p000085_g002_p000043_g001_p000038_empty,g004_p000043_g003_p000085_g002_p000043_g001_p000038_empty,g005_a59f0f8248ca7e16_0018,90,3.343486605444923e-05,12.0,11.0,15.0,ellipsoid,9,97.2394274513409,13.647720432150855,11.372861820464902,11.592248752915454,0,0.25,3.411930108037714,2.8432154551162254,2.8980621882288635,0.016242533922195435,0.00021698884665966034,0.00021698884665966034,False,0,False,,terminated_non_improving_hard_step,False
branch_5dbda5082262a4d91d8d,new_center,5,91,g005_p000091_g004_p000043_g003_p000085_g002_p000043_g001_p000038_empty,g004_p000043_g003_p000085_g002_p000043_g001_p000038_empty,g005_a59f0f8248ca7e16_0018,91,3.343486241647042e-05,8.0,9.0,15.0,dike_hemisphere,9,137.6621638122452,8.718639572356494,12.68003308656732,12.55721047009905,0,0.25,2.1796598930891236,3.17000827164183,3.1393026175247627,0.01618899218738079,0.00016344711184501648,0.00016344711184501648,False,0,False,,terminated_non_improving_hard_step,False
branch_895a4529003e573557f3,new_center,5,92,g005_p000092_g004_p000043_g003_p000085_g002_p000043_g001_p000038_empty,g004_p000043_g003_p000085_g002_p000043_g001_p000038_empty,g005_a59f0f8248ca7e16_0018,92,3.3311858715023845e-05,44.0,11.0,23.0,dike_hemisphere,9,9.025857748297682,11.009187354240865,9.843204768362185,9.457171707177508,0,0.25,2.7522968385602162,2.460801192090546,2.364292926794377,0.01612321101129055,9.7665935754776e-05,9.7665935754776e-05,False,0,False,,terminated_non_improving_hard_step,False
branch_ca798720d12b144a670b,new_center,5,93,g005_p000093_g004_p000043_g003_p000085_g002_p000043_g001_p000038_empty,g004_p000043_g003_p000085_g002_p000043_g001_p000038_empty,g005_a59f0f8248ca7e16_0018,93,3.3311847801087424e-05,40.0,9.0,23.0,ellipsoid,9,110.43935810146357,10.679999172511202,8.643270527148132,6.151975067186594,0,0.25,2.6699997931278006,2.160817631787033,1.5379937667966486,0.016190502792596817,0.00016495771706104279,0.00016495771706104279,False,0,False,,terminated_non_improving_hard_step,False
branch_4c2d278aebdda3991b15,new_center,5,94,g005_p000094_g004_p000043_g003_p000085_g002_p000043_g001_p000038_empty,g004_p000043_g003_p000085_g002_p000043_g001_p000038_empty,g005_a59f0f8248ca7e16_0018,94,3.312603439553641e-05,8.0,12.0,16.0,ellipsoid,9,3.7400795746609217,8.410644052816927,11.387009828881734,7.818742557703854,0,0.25,2.102661013204232,2.8467524572204335,1.9546856394259635,0.016207676380872726,0.0001821313053369522,0.0001821313053369522,False,0,False,,terminated_non_improving_hard_step,False
branch_51be2858e804ab1a21ae,new_center,5,95,g005_p000095_g004_p000043_g003_p000085_g002_p000043_g001_p000038_empty,g004_p000043_g003_p000085_g002_p000043_g001_p000038_empty,g005_a59f0f8248ca7e16_0018,95,3.3126023481599987e-05,12.0,8.0,16.0,dike_hemisphere,9,145.115237470073,9.013357016522013,14.037662497674493,8.545610536149866,0,0.25,2.2533392541305033,3.509415624418623,2.1364026340374664,0.01616210862994194,0.00013656355440616608,0.00013656355440616608,False,0,False,,terminated_non_improving_hard_step,False
branch_a08f00a3e887483e2205,new_center,6,0,g006_p000000_g005_p000053_g004_p000025_g003_p000067_g002_p000031_g001_p000023_empty,g005_p000053_g004_p000025_g003_p000067_g002_p000031_g001_p000023_empty,g006_5cdec37b5ab8679b_0019,0,7.10140448063612e-05,42.0,11.0,24.0,ellipsoid,9,47.14876471618036,8.067300326076147,15.671889029401154,11.002932047992815,0,0.25,2.0168250815190367,3.9179722573502884,2.7507330119982036,0.016214249655604362,0.00017965398728847504,0.00018870458006858826,False,0,False,,terminated_non_improving_hard_step,False
branch_6a414a5bd7f1de14aef0,new_center,6,6,g006_p000006_g005_p000053_g004_p000025_g003_p000067_g002_p000031_g001_p000023_empty,g005_p000053_g004_p000025_g003_p000067_g002_p000031_g001_p000023_empty,g006_5cdec37b5ab8679b_0019,1,7.101403025444597e-05,42.0,9.0,24.0,ellipsoid,9,98.17424424191671,9.363047609788774,10.96268646216097,11.292874616158674,0,0.25,2.3407619024471935,2.7406716155402426,2.8232186540396684,0.016147790476679802,0.00011319480836391449,0.0001222454011440277,False,0,False,,terminated_non_improving_hard_step,False
branch_f37f78d9c8d4bbba30ef,new_center,6,12,g006_p000012_g005_p000077_g004_p000037_g003_p000085_g002_p000043_g001_p000038_empty,g005_p000077_g004_p000037_g003_p000085_g002_p000043_g001_p000038_empty,g006_774e088d0ddc244d_0020,0,7.411013939417899e-05,42.0,11.0,24.0,ellipsoid,9,24.44269799585249,15.30379708638265,7.227707711185198,7.108646932710898,0,0.25,3.8259492715956624,1.8069269277962996,1.7771617331777245,0.016204731538891792,0.00016676262021064758,0.00017918646335601807,False,0,False,,terminated_non_improving_hard_step,False
branch_545226af73e42cc8999c,new_center,6,18,g006_p000018_g005_p000077_g004_p000037_g003_p000085_g002_p000043_g001_p000038_empty,g005_p000077_g004_p000037_g003_p000085_g002_p000043_g001_p000038_empty,g006_774e088d0ddc244d_0020,1,7.411013211822137e-05,42.0,9.0,24.0,dike_hemisphere,9,130.89157810242466,14.50789078091453,14.122153101023759,8.859467896506068,0,0.25,3.6269726952286323,3.5305382752559398,2.214866974126517,0.016191838309168816,0.0001538693904876709,0.00016629323363304138,False,0,False,,terminated_non_improving_hard_step,False
branch_795c1248424a0f38adff,new_center,6,24,g006_p000024_g005_p000050_g004_p000025_g003_p000067_g002_p000031_g001_p000023_empty,g005_p000050_g004_p000025_g003_p000067_g002_p000031_g001_p000023_empty,g006_efb3c86bec6720dd_0021,0,6.89235603203997e-05,42.0,9.0,24.0,dike_hemisphere,9,159.90599392148036,13.631613928155383,10.645713300958505,10.729919091863351,0,0.25,3.407903482038846,2.6614283252396262,2.682479772965838,0.016177883371710777,0.00013934075832366943,0.00015233829617500305,False,0,False,,terminated_non_improving_hard_step,False
branch_371d01c94335bee77f5c,new_center,6,30,g006_p000030_g005_p000050_g004_p000025_g003_p000067_g002_p000031_g001_p000023_empty,g005_p000050_g004_p000025_g003_p000067_g002_p000031_g001_p000023_empty,g006_efb3c86bec6720dd_0021,1,6.892355304444209e-05,42.0,11.0,24.0,dike_hemisphere,9,79.60469434234098,10.238178708975067,7.320836921763375,9.341557462428618,0,0.25,2.5595446772437667,1.8302092304408437,2.3353893656071545,0.016071731224656105,3.318861126899719e-05,4.618614912033081e-05,False,0,False,,terminated_non_improving_hard_step,False
branch_6675d5d3d9c1f753a4d3,new_center,6,36,g006_p000036_g005_p000048_g004_p000025_g003_p000067_g002_p000031_g001_p000023_empty,g005_p000048_g004_p000025_g003_p000067_g002_p000031_g001_p000023_empty,g006_41d94caaabe9f0e8_0022,0,7.10140448063612e-05,42.0,11.0,24.0,dike_hemisphere,9,90.30781249157677,15.423221221863608,9.237468457963791,7.0579185676705505,0,0.25,3.855805305465902,2.309367114490948,1.7644796419176376,0.016111651435494423,6.688199937343597e-05,8.610635995864868e-05,False,0,False,,terminated_non_improving_hard_step,False
branch_0099f767a1476b21b286,new_center,6,42,g006_p000042_g005_p000048_g004_p000025_g003_p000067_g002_p000031_g001_p000023_empty,g005_p000048_g004_p000025_g003_p000067_g002_p000031_g001_p000023_empty,g006_41d94caaabe9f0e8_0022,1,7.101403025444597e-05,42.0,9.0,24.0,dike_hemisphere,9,29.957669612628536,9.186377839328733,10.115073688480553,13.09566660451874,0,0.25,2.2965944598321832,2.5287684221201383,3.273916651129685,0.016118254512548447,7.348507642745972e-05,9.270943701267242e-05,False,0,False,,terminated_non_improving_hard_step,False
branch_f0e3fc9fe87628b0f1f4,new_center,6,48,g006_p000048_g005_p000044_g004_p000019_g003_p000055_g002_p000025_g001_p000023_empty,g005_p000044_g004_p000019_g003_p000055_g002_p000025_g001_p000023_empty,g006_757991e0396d5f22_0023,0,7.515845936723053e-05,42.0,9.0,24.0,dike_hemisphere,9,132.42153698370862,7.319557212654436,13.886281113600404,6.640838748002746,0,0.25,1.829889303163609,3.471570278400101,1.6602096870006866,0.016220588237047195,0.00016659684479236603,0.0001950431615114212,False,0,False,,terminated_non_improving_hard_step,False
branch_3b3e4d1c53c7ba113c20,new_center,6,54,g006_p000054_g005_p000044_g004_p000019_g003_p000055_g002_p000025_g001_p000023_empty,g005_p000044_g004_p000019_g003_p000055_g002_p000025_g001_p000023_empty,g006_757991e0396d5f22_0023,1,7.489211566280574e-05,42.0,11.0,24.0,ellipsoid,9,18.785504988663888,13.068075361614914,6.53591935059702,8.656744634989728,0,0.25,3.2670188404037286,1.633979837649255,2.164186158747432,0.016133757308125496,7.97659158706665e-05,0.00010821223258972168,False,0,False,,terminated_non_improving_hard_step,False
branch_2ccfd26ed79b3f0bf810,new_center,6,60,g006_p000060_g005_p000026_g004_p000013_g003_p000055_g002_p000025_g001_p000023_empty,g005_p000026_g004_p000013_g003_p000055_g002_p000025_g001_p000023_empty,g006_4dbe3ff15aeb47a5_0024,0,7.318949064938352e-05,42.0,11.0,24.0,ellipsoid,9,162.5412599406626,12.77385737706412,14.612228417326719,9.59108107108464,0,0.25,3.19346434426603,3.6530571043316797,2.39777026777116,0.016304533928632736,0.00024547241628170013,0.000278988853096962,False,0,False,,terminated_non_improving_hard_step,False
branch_6b1d05ab1f68ca541156,new_center,6,66,g006_p000066_g005_p000026_g004_p000013_g003_p000055_g002_p000025_g001_p000023_empty,g005_p000026_g004_p000013_g003_p000055_g002_p000025_g001_p000023_empty,g006_4dbe3ff15aeb47a5_0024,1,7.318947609746829e-05,42.0,9.0,24.0,ellipsoid,9,147.1985855846885,15.902183559022362,6.13159364250409,11.47489435861835,0,0.25,3.9755458897555904,1.5328984106260224,2.8687235896545875,0.016205299645662308,0.00014623813331127167,0.0001797545701265335,False,0,False,,terminated_non_improving_hard_step,False
branch_683614208b39965abca0,new_center,6,72,g006_p000072_g005_p000002_g004_p000001_g003_p000054_g002_p000025_g001_p000023_empty,g005_p000002_g004_p000001_g003_p000054_g002_p000025_g001_p000023_empty,g006_adee79ec1d7becf1_0025,0,7.10140448063612e-05,42.0,11.0,24.0,dike_hemisphere,9,79.49979608228027,7.365310523653224,8.448072488563511,11.629350835232739,0,0.25,1.841327630913306,2.112018122140878,2.9073377088081847,0.016153188422322273,7.888674736022949e-05,0.00012764334678649902,False,0,False,,terminated_non_improving_hard_step,False
branch_a8fc5f7084597368a823,new_center,6,78,g006_p000078_g005_p000002_g004_p000001_g003_p000054_g002_p000025_g001_p000023_empty,g005_p000002_g004_p000001_g003_p000054_g002_p000025_g001_p000023_empty,g006_adee79ec1d7becf1_0025,1,7.101403025444597e-05,42.0,9.0,24.0,dike_hemisphere,9,55.6245672650121,12.713182642857419,11.939306001774431,7.51529305336761,0,0.25,3.1782956607143547,2.984826500443608,1.8788232633419024,0.01620754972100258,0.00013324804604053497,0.0001820046454668045,False,0,False,,terminated_non_improving_hard_step,False
branch_93d364b6f5320f396f72,new_center,6,84,g006_p000084_g005_p000062_g004_p000031_g003_p000067_g002_p000031_g001_p000023_empty,g005_p000062_g004_p000031_g003_p000067_g002_p000031_g001_p000023_empty,g006_b6a5b27c10260455_0026,0,7.10140448063612e-05,42.0,11.0,24.0,dike_hemisphere,9,25.88394388332498,12.707332590650044,11.464651171201565,12.345087572387396,0,0.25,3.176833147662511,2.866162792800391,3.086271893096849,0.016279732808470726,0.00020443834364414215,0.0002541877329349518,False,0,False,,terminated_non_improving_hard_step,False
branch_a33c9a6140f0a59eb02f,new_center,6,90,g006_p000090_g005_p000062_g004_p000031_g003_p000067_g002_p000031_g001_p000023_empty,g005_p000062_g004_p000031_g003_p000067_g002_p000031_g001_p000023_empty,g006_b6a5b27c10260455_0026,1,7.101403025444597e-05,42.0,9.0,24.0,ellipsoid,9,94.56296857995106,6.095604354795916,11.711878691497102,6.467328755567994,0,0.25,1.523901088698979,2.9279696728742755,1.6168321888919985,0.016175325959920883,0.00010003149509429932,0.00014978088438510895,False,0,False,,terminated_non_improving_hard_step,False
branch_53ee31abc44718d6a8ce,new_center,7,0,g007_p000000_g006_p000001_g005_p000053_g004_p000025_g003_p000067_g002_p000031_g001_p000023_empty,g006_p000001_g005_p000053_g004_p000025_g003_p000067_g002_p000031_g001_p000023_empty,g007_bdf036486714f96e_0027,0,7.10140448063612e-05,42.0,11.0,24.0,ellipsoid,9,62.0475925823227,9.094767652542465,10.044345498383132,10.915190327284355,0,0.25,2.2736919131356164,2.511086374595783,2.728797581821089,0.016138803213834763,0.00011325813829898834,0.00011325813829898834,False,0,False,,terminated_non_improving_hard_step,False
branch_bd03fb92cc769c7aad90,new_center,7,1,g007_p000001_g006_p000001_g005_p000053_g004_p000025_g003_p000067_g002_p000031_g001_p000023_empty,g006_p000001_g005_p000053_g004_p000025_g003_p000067_g002_p000031_g001_p000023_empty,g007_bdf036486714f96e_0027,1,7.101403025444597e-05,42.0,9.0,24.0,ellipsoid,9,4.659161436363883,11.677376141306048,12.313963384123063,10.216496487271257,0,0.25,2.919344035326512,3.078490846030766,2.5541241218178143,0.016271522268652916,0.0002459771931171417,0.0002459771931171417,False,0,False,,terminated_non_improving_hard_step,False
branch_d317c28965cd2936a61a,new_center,7,2,g007_p000002_g006_p000001_g005_p000053_g004_p000025_g003_p000067_g002_p000031_g001_p000023_empty,g006_p000001_g005_p000053_g004_p000025_g003_p000067_g002_p000031_g001_p000023_empty,g007_bdf036486714f96e_0027,2,6.556713924510404e-05,27.0,10.0,36.0,dike_hemisphere,9,84.12069842912898,15.964052191103379,7.608992619890809,9.596927168065239,0,0.25,3.9910130477758448,1.9022481549727022,2.3992317920163098,0.016074301674962044,4.875659942626953e-05,4.875659942626953e-05,False,0,False,,terminated_non_improving_hard_step,False
branch_d68ff18ba5178f128216,new_center,7,3,g007_p000003_g006_p000001_g005_p000053_g004_p000025_g003_p000067_g002_p000031_g001_p000023_empty,g006_p000001_g005_p000053_g004_p000025_g003_p000067_g002_p000031_g001_p000023_empty,g007_bdf036486714f96e_0027,3,6.556713196914643e-05,25.0,10.0,36.0,dike_hemisphere,9,39.560366844885145,6.110136628247367,11.708991376249104,8.37384107684995,0,0.25,1.5275341570618417,2.927247844062276,2.0934602692124873,0.01616661250591278,0.00014106743037700653,0.00014106743037700653,False,0,False,,terminated_non_improving_hard_step,False
branch_47d1ce2304dddd69cc8e,new_center,7,4,g007_p000004_g006_p000001_g005_p000053_g004_p000025_g003_p000067_g002_p000031_g001_p000023_empty,g006_p000001_g005_p000053_g004_p000025_g003_p000067_g002_p000031_g001_p000023_empty,g007_bdf036486714f96e_0027,4,6.420160207198933e-05,10.0,9.0,16.0,ellipsoid,9,21.682020120395485,9.582448051168242,9.397086035049426,8.689427132576412,0,0.25,2.3956120127920606,2.3492715087623566,2.172356783144103,0.016138803213834763,0.00011325813829898834,0.00011325813829898834,False,0,False,,terminated_non_improving_hard_step,False
branch_faf4120bb3405c254577,new_center,7,5,g007_p000005_g006_p000001_g005_p000053_g004_p000025_g003_p000067_g002_p000031_g001_p000023_empty,g006_p000001_g005_p000053_g004_p000025_g003_p000067_g002_p000031_g001_p000023_empty,g007_bdf036486714f96e_0027,5,6.420160207198933e-05,10.0,11.0,16.0,ellipsoid,9,97.34725478834025,7.966272002714198,6.630746892824425,13.195282230549724,0,0.25,1.9915680006785494,1.6576867232061063,3.298820557637431,0.016038542613387108,1.2997537851333618e-05,1.2997537851333618e-05,False,0,False,,terminated_non_improving_hard_step,False
branch_4f4843e2fe14f8e99259,new_center,7,6,g007_p000006_g006_p000001_g005_p000053_g004_p000025_g003_p000067_g002_p000031_g001_p000023_empty,g006_p000001_g005_p000053_g004_p000025_g003_p000067_g002_p000031_g001_p000023_empty,g007_bdf036486714f96e_0027,6,5.73338293179404e-05,9.0,11.0,16.0,dike_hemisphere,9,135.07884639444265,11.048412860611844,7.907957624270877,7.6732976133714,0,0.25,2.762103215152961,1.9769894060677193,1.91832440334285,0.016059061512351036,3.351643681526184e-05,3.351643681526184e-05,False,0,False,,terminated_non_improving_hard_step,False
branch_04693a15aa2bbc71c30f,new_center,7,7,g007_p000007_g006_p000001_g005_p000053_g004_p000025_g003_p000067_g002_p000031_g001_p000023_empty,g006_p000001_g005_p000053_g004_p000025_g003_p000067_g002_p000031_g001_p000023_empty,g007_bdf036486714f96e_0027,7,5.733381840400398e-05,11.0,9.0,16.0,dike_hemisphere,9,42.991853069441056,14.81028276796902,7.810181616197863,13.010677105810135,0,0.25,3.702570691992255,1.9525454040494659,3.252669276452534,0.01615946553647518,0.00013392046093940735,0.00013392046093940735,False,0,False,,terminated_non_improving_hard_step,False
branch_113910449fc16f8e44b9,new_center,7,8,g007_p000008_g006_p000001_g005_p000053_g004_p000025_g003_p000067_g002_p000031_g001_p000023_empty,g006_p000001_g005_p000053_g004_p000025_g003_p000067_g002_p000031_g001_p000023_empty,g007_bdf036486714f96e_0027,8,5.574035458266735e-05,41.0,10.0,24.0,ellipsoid,9,59.44112801557904,15.995818708759813,11.024557906865661,13.523436234037801,0,0.25,3.9989546771899533,2.7561394767164153,3.3808590585094502,0.01610337756574154,7.783249020576477e-05,7.783249020576477e-05,False,0,False,,terminated_non_improving_hard_step,False
branch_67c2ecbda3f164efaabb,new_center,7,9,g007_p000009_g006_p000001_g005_p000053_g004_p000025_g003_p000067_g002_p000031_g001_p000023_empty,g006_p000001_g005_p000053_g004_p000025_g003_p000067_g002_p000031_g001_p000023_empty,g007_bdf036486714f96e_0027,9,5.5740350944688544e-05,43.0,10.0,24.0,ellipsoid,9,31.434521251605734,13.162024586222046,14.688808041486967,6.844731505578708,0,0.25,3.2905061465555114,3.6722020103717417,1.711182876394677,0.016291746869683266,0.00026620179414749146,0.00026620179414749146,False,0,False,,terminated_non_improving_hard_step,False
branch_d88912043aa9f17b3eeb,new_center,7,10,g007_p000010_g006_p000001_g005_p000053_g004_p000025_g003_p000067_g002_p000031_g001_p000023_empty,g006_p000001_g005_p000053_g004_p000025_g003_p000067_g002_p000031_g001_p000023_empty,g007_bdf036486714f96e_0027,10,5.55754013475962e-05,9.0,10.0,16.0,ellipsoid,9,75.1863638452101,13.27097086704758,7.678465596342365,12.340612556500972,0,0.25,3.317742716761895,1.9196163990855912,3.085153139125243,0.016064507886767387,3.896281123161316e-05,3.896281123161316e-05,False,0,False,,terminated_non_improving_hard_step,False
branch_7c9ac79a4eb4100b67df,new_center,7,11,g007_p000011_g006_p000001_g005_p000053_g004_p000025_g003_p000067_g002_p000031_g001_p000023_empty,g006_p000001_g005_p000053_g004_p000025_g003_p000067_g002_p000031_g001_p000023_empty,g007_bdf036486714f96e_0027,11,5.557539043365978e-05,11.0,10.0,16.0,ellipsoid,9,8.30424488229269,15.741523043731389,9.985630111093613,10.165851260404043,0,0.25,3.9353807609328473,2.4964075277734032,2.541462815101011,0.016184967011213303,0.00015942193567752838,0.00015942193567752838,False,0,False,,terminated_non_improving_hard_step,False
branch_8dbc6f9678d9b3bd5f17,new_center,7,12,g007_p000012_g006_p000007_g005_p000053_g004_p000025_g003_p000067_g002_p000031_g001_p000023_empty,g006_p000007_g005_p000053_g004_p000025_g003_p000067_g002_p000031_g001_p000023_empty,g007_bdf036486714f96e_0027,12,5.24175375176128e-05,9.0,9.0,16.0,ellipsoid,9,3.603767864793672,13.855930987837986,8.364448650370658,8.492527249183047,0,0.25,3.4639827469594966,2.0911121625926645,2.1231318122957616,0.01617208495736122,0.00014653988182544708,0.00014653988182544708,False,0,False,,terminated_non_improving_hard_step,False
branch_4fc35dec715bc1852e10,new_center,7,13,g007_p000013_g006_p000007_g005_p000053_g004_p000025_g003_p000067_g002_p000031_g001_p000023_empty,g006_p000007_g005_p000053_g004_p000025_g003_p000067_g002_p000031_g001_p000023_empty,g007_bdf036486714f96e_0027,13,5.2417530241655186e-05,11.0,11.0,16.0,dike_hemisphere,9,11.352906520109467,10.129645550568572,6.876912704717143,8.57586696291047,0,0.25,2.532411387642143,1.7192281761792858,2.1439667407276173,0.016078950837254524,5.340576171875e-05,5.340576171875e-05,False,0,False,,terminated_non_improving_hard_step,False
branch_e8b8d9906495a0bdee54,new_center,7,14,g007_p000014_g006_p000007_g005_p000053_g004_p000025_g003_p000067_g002_p000031_g001_p000023_empty,g006_p000007_g005_p000053_g004_p000025_g003_p000067_g002_p000031_g001_p000023_empty,g007_bdf036486714f96e_0027,14,5.201577732805163e-05,42.0,11.0,23.0,ellipsoid,9,10.114749461293197,7.23502023854272,11.013735146890777,12.19308813881591,0,0.25,1.80875505963568,2.7534337867226943,3.0482720347039773,0.0160626582801342,3.711320459842682e-05,3.711320459842682e-05,False,0,False,,terminated_non_improving_hard_step,False
branch_df48d2bf5fee04844d9d,new_center,7,15,g007_p000015_g006_p000007_g005_p000053_g004_p000025_g003_p000067_g002_p000031_g001_p000023_empty,g006_p000007_g005_p000053_g004_p000025_g003_p000067_g002_p000031_g001_p000023_empty,g007_bdf036486714f96e_0027,15,5.201577369007282e-05,42.0,9.0,23.0,dike_hemisphere,9,89.88806835893988,9.120438278852939,9.12853688974295,13.338851550700278,0,0.25,2.2801095697132348,2.2821342224357375,3.3347128876750696,0.01614316739141941,0.00011762231588363647,0.00011762231588363647,False,0,False,,terminated_non_improving_hard_step,False
branch_be42d4ee30dd0a0e9926,new_center,7,16,g007_p000016_g006_p000007_g005_p000053_g004_p000025_g003_p000067_g002_p000031_g001_p000023_empty,g006_p000007_g005_p000053_g004_p000025_g003_p000067_g002_p000031_g001_p000023_empty,g007_bdf036486714f96e_0027,16,5.165622496861033e-05,41.0,10.0,23.0,dike_hemisphere,9,160.0927001973609,7.483579939555471,7.857961337718451,9.799660328806407,0,0.25,1.8708949848888679,1.9644903344296127,2.449915082201602,0.01604411192238331,1.856684684753418e-05,1.856684684753418e-05,False,0,False,,terminated_non_improving_hard_step,False
branch_d0171523c2771c70644f,new_center,7,17,g007_p000017_g006_p000007_g005_p000053_g004_p000025_g003_p000067_g002_p000031_g001_p000023_empty,g006_p000007_g005_p000053_g004_p000025_g003_p000067_g002_p000031_g001_p000023_empty,g007_bdf036486714f96e_0027,17,5.165622496861033e-05,43.0,10.0,23.0,dike_hemisphere,9,108.62028025915565,8.666794160620341,14.52958811215608,8.659287781923426,0,0.25,2.1666985401550853,3.63239702803902,2.1648219454808566,0.016195697709918022,0.00017015263438224792,0.00017015263438224792,False,0,False,,terminated_non_improving_hard_step,False
branch_be84c4273a8b2086e883,new_center,7,18,g007_p000018_g006_p000007_g005_p000053_g004_p000025_g003_p000067_g002_p000031_g001_p000023_empty,g006_p000007_g005_p000053_g004_p000025_g003_p000067_g002_p000031_g001_p000023_empty,g007_bdf036486714f96e_0027,18,5.131310172146186e-05,41.0,9.0,24.0,dike_hemisphere,9,163.6141258409517,12.656251394016266,13.008881814085854,11.678985988084216,0,0.25,3.1640628485040665,3.2522204535214634,2.919746497021054,0.01621786318719387,0.0001923181116580963,0.0001923181116580963,False,0,False,,terminated_non_improving_hard_step,False
branch_ae1ee2dceda5e35ddb24,new_center,7,19,g007_p000019_g006_p000007_g005_p000053_g004_p000025_g003_p000067_g002_p000031_g001_p000023_empty,g006_p000007_g005_p000053_g004_p000025_g003_p000067_g002_p000031_g001_p000023_empty,g007_bdf036486714f96e_0027,19,5.131309080752544e-05,43.0,11.0,24.0,ellipsoid,9,10.270293970892304,9.96913470020662,6.354464196072898,7.167285307895564,0,0.25,2.492283675051655,1.5886160490182244,1.791821326973891,0.016125885769724846,0.00010034069418907166,0.00010034069418907166,False,0,False,,terminated_non_improving_hard_step,False
branch_4787f2b8a73771281955,new_center,7,20,g007_p000020_g006_p000007_g005_p000053_g004_p000025_g003_p000067_g002_p000031_g001_p000023_empty,g006_p000007_g005_p000053_g004_p000025_g003_p000067_g002_p000031_g001_p000023_empty,g007_bdf036486714f96e_0027,20,5.092183710075915e-05,41.0,11.0,24.0,dike_hemisphere,9,127.93507792550074,6.851559912173197,15.309430716604062,10.377619694996895,0,0.25,1.7128899780432993,3.8273576791510155,2.5944049237492237,0.016185056418180466,0.00015951134264469147,0.00015951134264469147,False,0,False,,terminated_non_improving_hard_step,False
branch_fb499e76809cc6e3af86,new_center,7,21,g007_p000021_g006_p000007_g005_p000053_g004_p000025_g003_p000067_g002_p000031_g001_p000023_empty,g006_p000007_g005_p000053_g004_p000025_g003_p000067_g002_p000031_g001_p000023_empty,g007_bdf036486714f96e_0027,21,5.092183346278034e-05,43.0,9.0,24.0,ellipsoid,9,146.95735154415578,12.05245416548264,10.877416457991545,9.21842645438258,0,0.25,3.01311354137066,2.7193541144978863,2.304606613595645,0.016200274229049683,0.00017472915351390839,0.00017472915351390839,False,0,False,,terminated_non_improving_hard_step,False
branch_8aa095745e939b2b0eba,new_center,7,22,g007_p000022_g006_p000007_g005_p000053_g004_p000025_g003_p000067_g002_p000031_g001_p000023_empty,g006_p000007_g005_p000053_g004_p000025_g003_p000067_g002_p000031_g001_p000023_empty,g007_bdf036486714f96e_0027,22,4.951177106704563e-05,24.0,10.0,37.0,ellipsoid,9,158.5180144645354,6.5805297815544055,15.641605127179512,8.014892087511411,0,0.25,1.6451324453886014,3.910401281794878,2.003723021877853,0.016196053475141525,0.00017050839960575104,0.00017050839960575104,False,0,False,,terminated_non_improving_hard_step,False
branch_85d2b6e3f04420f3e5e9,new_center,7,23,g007_p000023_g006_p000007_g005_p000053_g004_p000025_g003_p000067_g002_p000031_g001_p000023_empty,g006_p000007_g005_p000053_g004_p000025_g003_p000067_g002_p000031_g001_p000023_empty,g007_bdf036486714f96e_0027,23,4.9511738325236365e-05,28.0,10.0,37.0,ellipsoid,9,41.7998253483687,6.524299950287742,6.074864791262134,7.69027696033946,0,0.25,1.6310749875719355,1.5187161978155335,1.922569240084865,0.016079267486929893,5.372241139411926e-05,5.372241139411926e-05,False,0,False,,terminated_non_improving_hard_step,False
branch_04555329459a7b79e785,new_center,7,24,g007_p000024_g006_p000013_g005_p000077_g004_p000037_g003_p000085_g002_p000043_g001_p000038_empty,g006_p000013_g005_p000077_g004_p000037_g003_p000085_g002_p000043_g001_p000038_empty,g007_bdf036486714f96e_0027,24,4.95001622766722e-05,10.0,9.0,15.0,ellipsoid,9,19.979577814954016,13.803445384804778,15.244654447930786,7.867327451587417,0,0.25,3.4508613462011946,3.8111636119826966,1.9668318628968542,0.016288654878735542,0.00026310980319976807,0.00026310980319976807,False,0,False,,terminated_non_improving_hard_step,False
branch_f6c4a8c95a4dfbc02105,new_center,7,25,g007_p000025_g006_p000013_g005_p000077_g004_p000037_g003_p000085_g002_p000043_g001_p000038_empty,g006_p000013_g005_p000077_g004_p000037_g003_p000085_g002_p000043_g001_p000038_empty,g007_bdf036486714f96e_0027,25,4.950015863869339e-05,10.0,11.0,15.0,dike_hemisphere,9,172.78696669000112,8.946231707623774,8.248263427745904,8.488916603145304,0,0.25,2.2365579269059435,2.062065856936476,2.122229150786326,0.01614316739141941,0.00011762231588363647,0.00011762231588363647,False,0,False,,terminated_non_improving_hard_step,False
branch_620c414bea5992442906,new_center,7,26,g007_p000026_g006_p000013_g005_p000077_g004_p000037_g003_p000085_g002_p000043_g001_p000038_empty,g006_p000013_g005_p000077_g004_p000037_g003_p000085_g002_p000043_g001_p000038_empty,g007_bdf036486714f96e_0027,26,4.8025380237959325e-05,42.0,8.0,24.0,ellipsoid,9,175.15394228301358,13.513390519758222,11.250307844510036,10.337602829294138,0,0.25,3.3783476299395554,2.812576961127509,2.5844007073235344,0.016249068081378937,0.00022352300584316254,0.00022352300584316254,False,0,False,,terminated_non_improving_hard_step,False
branch_96e2d095d6115b9d02fa,new_center,7,27,g007_p000027_g006_p000013_g005_p000077_g004_p000037_g003_p000085_g002_p000043_g001_p000038_empty,g006_p000013_g005_p000077_g004_p000037_g003_p000085_g002_p000043_g001_p000038_empty,g007_bdf036486714f96e_0027,27,4.802537296200171e-05,42.0,12.0,24.0,dike_hemisphere,9,65.65436703253388,14.218749230176073,10.499404926546585,11.422788720763847,0,0.25,3.554687307544018,2.6248512316366464,2.855697180190962,0.016152188181877136,0.000126643106341362,0.000126643106341362,False,0,False,,terminated_non_improving_hard_step,False
branch_79e338db4a983cd341c3,new_center,7,28,g007_p000028_g006_p000013_g005_p000077_g004_p000037_g003_p000085_g002_p000043_g001_p000038_empty,g006_p000013_g005_p000077_g004_p000037_g003_p000085_g002_p000043_g001_p000038_empty,g007_bdf036486714f96e_0027,28,4.6159948396962136e-05,11.0,10.0,15.0,dike_hemisphere,9,86.34616769320762,6.099029310596126,12.570333271446552,11.918343791450575,0,0.25,1.5247573276490316,3.142583317861638,2.9795859478626436,0.01606392115354538,3.837607800960541e-05,3.837607800960541e-05,False,0,False,,terminated_non_improving_hard_step,False
branch_3b129e3c433149d96790,new_center,7,29,g007_p000029_g006_p000013_g005_p000077_g004_p000037_g003_p000085_g002_p000043_g001_p000038_empty,g006_p000013_g005_p000077_g004_p000037_g003_p000085_g002_p000043_g001_p000038_empty,g007_bdf036486714f96e_0027,29,4.615994475898333e-05,9.0,10.0,15.0,dike_hemisphere,9,147.66293199226456,6.797311946788187,11.344550382214925,9.334174481124604,0,0.25,1.6993279866970468,2.836137595553731,2.333543620281151,0.016110217198729515,8.467212319374084e-05,8.467212319374084e-05,False,0,False,,terminated_non_improving_hard_step,False
branch_64645a4a0c2e0a348e0f,new_center,7,30,g007_p000030_g006_p000013_g005_p000077_g004_p000037_g003_p000085_g002_p000043_g001_p000038_empty,g006_p000013_g005_p000077_g004_p000037_g003_p000085_g002_p000043_g001_p000038_empty,g007_bdf036486714f96e_0027,30,4.534384424914606e-05,25.0,9.0,36.0,ellipsoid,9,64.41874483616746,14.296151968544452,8.415555013701596,9.051104177670204,0,0.25,3.574037992136113,2.103888753425399,2.262776044417551,0.016202623024582863,0.00017707794904708862,0.00017707794904708862,False,0,False,,terminated_non_improving_hard_step,False
branch_38a5325e8872e9f0203a,new_center,7,31,g007_p000031_g006_p000013_g005_p000077_g004_p000037_g003_p000085_g002_p000043_g001_p000038_empty,g006_p000013_g005_p000077_g004_p000037_g003_p000085_g002_p000043_g001_p000038_empty,g007_bdf036486714f96e_0027,31,4.534383333520964e-05,27.0,11.0,36.0,dike_hemisphere,9,8.302477019801572,12.010571464676438,8.567813231167134,9.257683543088506,0,0.25,3.0026428661691096,2.1419533077917836,2.3144208857721265,0.01614217646420002,0.0001166313886642456,0.0001166313886642456,False,0,False,,terminated_non_improving_hard_step,False
branch_3a168860774447b6fa34,new_center,7,32,g007_p000032_g006_p000013_g005_p000077_g004_p000037_g003_p000085_g002_p000043_g001_p000038_empty,g006_p000013_g005_p000077_g004_p000037_g003_p000085_g002_p000043_g001_p000038_empty,g007_bdf036486714f96e_0027,32,4.392292248667218e-05,25.0,11.0,36.0,ellipsoid,9,120.76309127078316,11.01461404303826,9.167181497391026,8.674261117305957,0,0.25,2.753653510759565,2.2917953743477564,2.168565279326489,0.016169749200344086,0.00014420412480831146,0.00014420412480831146,False,0,False,,terminated_non_improving_hard_step,False
branch_8375ed7c0cfef26e58e8,new_center,7,33,g007_p000033_g006_p000013_g005_p000077_g004_p000037_g003_p000085_g002_p000043_g001_p000038_empty,g006_p000013_g005_p000077_g004_p000037_g003_p000085_g002_p000043_g001_p000038_empty,g007_bdf036486714f96e_0027,33,4.392290793475695e-05,27.0,9.0,36.0,dike_hemisphere,9,118.04329392668883,9.365330508786066,12.752226059942423,7.576542564624822,0,0.25,2.3413326271965165,3.1880565149856057,1.8941356411562056,0.01619366556406021,0.00016812048852443695,0.00016812048852443695,False,0,False,,terminated_non_improving_hard_step,False
branch_63135ea6deb5bea6163d,new_center,7,34,g007_p000034_g006_p000013_g005_p000077_g004_p000037_g003_p000085_g002_p000043_g001_p000038_empty,g006_p000013_g005_p000077_g004_p000037_g003_p000085_g002_p000043_g001_p000038_empty,g007_bdf036486714f96e_0027,34,4.19855241489131e-05,8.0,10.0,16.0,dike_hemisphere,9,122.03359126204968,14.831649361157183,8.288793122216067,9.25392656892489,0,0.25,3.7079123402892957,2.0721982805540167,2.3134816422312223,0.016181429848074913,0.0001558847725391388,0.0001558847725391388,False,0,False,,terminated_non_improving_hard_step,False
branch_b80b18c70e5a775d4012,new_center,7,35,g007_p000035_g006_p000013_g005_p000077_g004_p000037_g003_p000085_g002_p000043_g001_p000038_empty,g006_p000013_g005_p000077_g004_p000037_g003_p000085_g002_p000043_g001_p000038_empty,g007_bdf036486714f96e_0027,35,4.198550959699787e-05,12.0,10.0,16.0,dike_hemisphere,9,37.76456765153793,13.759237207872655,13.876348854012825,7.437346500385839,0,0.25,3.4398093019681637,3.4690872135032063,1.8593366250964598,0.016309749335050583,0.00028420425951480865,0.00028420425951480865,False,0,False,,terminated_non_improving_hard_step,False
branch_3003b009fb84dbea3670,new_center,7,36,g007_p000036_g006_p000019_g005_p000077_g004_p000037_g003_p000085_g002_p000043_g001_p000038_empty,g006_p000019_g005_p000077_g004_p000037_g003_p000085_g002_p000043_g001_p000038_empty,g007_bdf036486714f96e_0027,36,4.1237428376916796e-05,10.0,8.0,16.0,dike_hemisphere,9,109.4493323138517,9.017490509824054,12.522360759623691,10.083912960775823,0,0.25,2.2543726274560134,3.1305901899059227,2.5209782401939558,0.016181429848074913,0.0001558847725391388,0.0001558847725391388,False,0,False,,terminated_non_improving_hard_step,False
branch_96f0943597360aa31b2a,new_center,7,37,g007_p000037_g006_p000019_g005_p000077_g004_p000037_g003_p000085_g002_p000043_g001_p000038_empty,g006_p000019_g005_p000077_g004_p000037_g003_p000085_g002_p000043_g001_p000038_empty,g007_bdf036486714f96e_0027,37,4.1237428376916796e-05,10.0,12.0,16.0,ellipsoid,9,25.710786167423688,7.702080649801932,8.942729502134268,9.417808728183111,0,0.25,1.925520162450483,2.235682375533567,2.3544521820457778,0.01610039733350277,7.485225796699524e-05,7.485225796699524e-05,False,0,False,,terminated_non_improving_hard_step,False
branch_16ed187cfe97f0b95de9,new_center,7,38,g007_p000038_g006_p000019_g005_p000077_g004_p000037_g003_p000085_g002_p000043_g001_p000038_empty,g006_p000019_g005_p000077_g004_p000037_g003_p000085_g002_p000043_g001_p000038_empty,g007_bdf036486714f96e_0027,38,3.993224891019054e-05,25.0,10.0,37.0,dike_hemisphere,9,125.10388646370652,6.988082602052333,15.595072771755186,10.158509498932684,0,0.25,1.7470206505130832,3.8987681929387965,2.539627374733171,0.01618790812790394,0.00016236305236816406,0.00016236305236816406,False,0,False,,terminated_non_improving_hard_step,False
branch_29ba6fcce11681520f57,new_center,7,39,g007_p000039_g006_p000019_g005_p000077_g004_p000037_g003_p000085_g002_p000043_g001_p000038_empty,g006_p000019_g005_p000077_g004_p000037_g003_p000085_g002_p000043_g001_p000038_empty,g007_bdf036486714f96e_0027,39,3.993220525444485e-05,27.0,10.0,37.0,dike_hemisphere,9,76.93573574424849,12.438821162317083,12.706381078667444,8.17382940269204,0,0.25,3.109705290579271,3.176595269666861,2.04345735067301,0.01622869074344635,0.00020314566791057587,0.00020314566791057587,False,0,False,,terminated_non_improving_hard_step,False
branch_80aafa1d4775bfcf5e7c,new_center,7,40,g007_p000040_g006_p000019_g005_p000077_g004_p000037_g003_p000085_g002_p000043_g001_p000038_empty,g006_p000019_g005_p000077_g004_p000037_g003_p000085_g002_p000043_g001_p000038_empty,g007_bdf036486714f96e_0027,40,3.987839590990916e-05,40.0,10.0,24.0,ellipsoid,9,35.86126298656109,13.60637642087909,12.717427347333514,10.309827048117773,0,0.25,3.4015941052197727,3.1793568368333784,2.5774567620294433,0.016212940216064453,0.0001873951405286789,0.0001873951405286789,False,0,False,,terminated_non_improving_hard_step,False
branch_9b819b50cc1ed6792b39,new_center,7,41,g007_p000041_g006_p000019_g005_p000077_g004_p000037_g003_p000085_g002_p000043_g001_p000038_empty,g006_p000019_g005_p000077_g004_p000037_g003_p000085_g002_p000043_g001_p000038_empty,g007_bdf036486714f96e_0027,41,3.987838499597274e-05,44.0,10.0,24.0,ellipsoid,9,162.0584141907555,10.212111428730072,13.002934840790939,7.132805641132437,0,0.25,2.553027857182518,3.2507337101977347,1.7832014102831093,0.01624869368970394,0.00022314861416816711,0.00022314861416816711,False,0,False,,terminated_non_improving_hard_step,False
branch_5ddf8f5ce2589b00f961,new_center,7,42,g007_p000042_g006_p000019_g005_p000077_g004_p000037_g003_p000085_g002_p000043_g001_p000038_empty,g006_p000019_g005_p000077_g004_p000037_g003_p000085_g002_p000043_g001_p000038_empty,g007_bdf036486714f96e_0027,42,3.9533300878247246e-05,42.0,8.0,23.0,ellipsoid,9,17.156180974438918,7.716644452165978,12.694404540210012,7.286428248039916,0,0.25,1.9291611130414945,3.173601135052503,1.821607062009979,0.016124719753861427,9.917467832565308e-05,9.917467832565308e-05,False,0,False,,terminated_non_improving_hard_step,False
branch_7d5e61275192ad4a3861,new_center,7,43,g007_p000043_g006_p000019_g005_p000077_g004_p000037_g003_p000085_g002_p000043_g001_p000038_empty,g006_p000019_g005_p000077_g004_p000037_g003_p000085_g002_p000043_g001_p000038_empty,g007_bdf036486714f96e_0027,43,3.9533300878247246e-05,42.0,12.0,23.0,dike_hemisphere,9,120.14432687630915,7.576928337711364,6.088600816940322,9.234116167537977,0,0.25,1.894232084427841,1.5221502042350805,2.308529041884494,0.016044113785028458,1.856870949268341e-05,1.856870949268341e-05,False,0,False,,terminated_non_improving_hard_step,False
branch_4af32dd30d10eb307f72,new_center,7,44,g007_p000044_g006_p000019_g005_p000077_g004_p000037_g003_p000085_g002_p000043_g001_p000038_empty,g006_p000019_g005_p000077_g004_p000037_g003_p000085_g002_p000043_g001_p000038_empty,g007_bdf036486714f96e_0027,44,3.938852023566142e-05,42.0,7.0,24.0,ellipsoid,9,79.19993853463698,15.304927808931703,13.215512052353343,7.086955256195454,0,0.25,3.826231952232926,3.303878013088336,1.7717388140488635,0.016384942457079887,0.00035939738154411316,0.00035939738154411316,False,0,False,,terminated_non_improving_hard_step,False
branch_ee76c45571a07866867d,new_center,7,45,g007_p000045_g006_p000019_g005_p000077_g004_p000037_g003_p000085_g002_p000043_g001_p000038_empty,g006_p000019_g005_p000077_g004_p000037_g003_p000085_g002_p000043_g001_p000038_empty,g007_bdf036486714f96e_0027,45,3.938852023566142e-05,42.0,13.0,24.0,ellipsoid,9,17.44667602668156,12.604953757873387,10.61143815118782,12.860141610822762,0,0.25,3.151238439468347,2.652859537796955,3.2150354027056904,0.016183773055672646,0.00015822798013687134,0.00015822798013687134,False,0,False,,terminated_non_improving_hard_step,False
branch_6084e4366b0d78ee5f35,new_center,7,46,g007_p000046_g006_p000019_g005_p000077_g004_p000037_g003_p000085_g002_p000043_g001_p000038_empty,g006_p000019_g005_p000077_g004_p000037_g003_p000085_g002_p000043_g001_p000038_empty,g007_bdf036486714f96e_0027,46,3.8828267861390486e-05,44.0,10.0,23.0,ellipsoid,9,119.24635156969217,8.012022020790143,9.709315050947293,7.884139850345963,0,0.25,2.0030055051975357,2.427328762736823,1.9710349625864907,0.01619049534201622,0.00016495026648044586,0.00016495026648044586,False,0,False,,terminated_non_improving_hard_step,False
branch_cd4555e5ba80a6e49d18,new_center,7,47,g007_p000047_g006_p000019_g005_p000077_g004_p000037_g003_p000085_g002_p000043_g001_p000038_empty,g006_p000019_g005_p000077_g004_p000037_g003_p000085_g002_p000043_g001_p000038_empty,g007_bdf036486714f96e_0027,47,3.882826058543287e-05,40.0,10.0,23.0,dike_hemisphere,9,55.73522721764203,13.82983578911733,11.563782524968842,11.30815290326948,0,0.25,3.4574589472793327,2.8909456312422104,2.82703822581737,0.01622822880744934,0.0002026837319135666,0.0002026837319135666,False,0,False,,terminated_non_improving_hard_step,False
branch_8b631ff147d64b1de1dc,new_center,7,48,g007_p000048_g006_p000025_g005_p000050_g004_p000025_g003_p000067_g002_p000031_g001_p000023_empty,g006_p000025_g005_p000050_g004_p000025_g003_p000067_g002_p000031_g001_p000023_empty,g007_bdf036486714f96e_0027,48,3.830970308627002e-05,26.0,9.0,37.0,ellipsoid,9,156.84137878329463,10.229682794147447,7.905108355991869,11.77675453436784,0,0.25,2.5574206985368617,1.9762770889979673,2.94418863359196,0.016101814806461334,7.626973092556e-05,7.626973092556e-05,False,0,False,,terminated_non_improving_hard_step,False
branch_eeca1ad0f9147f55bd26,new_center,7,49,g007_p000049_g006_p000025_g005_p000050_g004_p000025_g003_p000067_g002_p000031_g001_p000023_empty,g006_p000025_g005_p000050_g004_p000025_g003_p000067_g002_p000031_g001_p000023_empty,g007_bdf036486714f96e_0027,49,3.830969944829121e-05,26.0,11.0,37.0,dike_hemisphere,9,133.47216340005988,14.291485883381721,10.885276575733428,7.636467643851215,0,0.25,3.5728714708454303,2.721319143933357,1.9091169109628037,0.016189903020858765,0.00016435794532299042,0.00016435794532299042,False,0,False,,terminated_non_improving_hard_step,False
branch_4cfc66bc6d8078c6dace,new_center,7,50,g007_p000050_g006_p000025_g005_p000050_g004_p000025_g003_p000067_g002_p000031_g001_p000023_empty,g006_p000025_g005_p000050_g004_p000025_g003_p000067_g002_p000031_g001_p000023_empty,g007_bdf036486714f96e_0027,50,3.770899274968542e-05,40.0,9.0,24.0,ellipsoid,9,167.30768307957084,10.063903798680393,10.320884333169488,11.454473970175796,0,0.25,2.515975949670098,2.580221083292372,2.863618492543949,0.01616201363503933,0.0001364685595035553,0.0001364685595035553,False,0,False,,terminated_non_improving_hard_step,False
branch_ef93017bed5116c16d1f,new_center,7,51,g007_p000051_g006_p000025_g005_p000050_g004_p000025_g003_p000067_g002_p000031_g001_p000023_empty,g006_p000025_g005_p000050_g004_p000025_g003_p000067_g002_p000031_g001_p000023_empty,g007_bdf036486714f96e_0027,51,3.770897819777019e-05,44.0,11.0,24.0,ellipsoid,9,20.160825988652974,10.813305281314882,7.43157770624439,10.525054437293834,0,0.25,2.7033263203287206,1.8578944265610975,2.6312636093234585,0.01610039733350277,7.485225796699524e-05,7.485225796699524e-05,False,0,False,,terminated_non_improving_hard_step,False
branch_6b4811014e004c2e8ab4,new_center,7,52,g007_p000052_g006_p000025_g005_p000050_g004_p000025_g003_p000067_g002_p000031_g001_p000023_empty,g006_p000025_g005_p000050_g004_p000025_g003_p000067_g002_p000031_g001_p000023_empty,g007_bdf036486714f96e_0027,52,3.7314264773158357e-05,26.0,9.0,36.0,dike_hemisphere,9,73.76371660456948,6.44288329359465,10.662058013115374,7.655690177305628,0,0.25,1.6107208233986625,2.6655145032788434,1.913922544326407,0.016124850139021873,9.930506348609924e-05,9.930506348609924e-05,False,0,False,,terminated_non_improving_hard_step,False
branch_d66ed4c1be3984b4981f,new_center,7,53,g007_p000053_g006_p000025_g005_p000050_g004_p000025_g003_p000067_g002_p000031_g001_p000023_empty,g006_p000025_g005_p000050_g004_p000025_g003_p000067_g002_p000031_g001_p000023_empty,g007_bdf036486714f96e_0027,53,3.7314264773158357e-05,26.0,11.0,36.0,ellipsoid,9,58.5805662378006,11.683064131924903,8.790604279579322,6.275324727239643,0,0.25,2.9207660329812257,2.1976510698948304,1.5688311818099108,0.016223546117544174,0.00019800104200839996,0.00019800104200839996,False,0,False,,terminated_non_improving_hard_step,False
branch_e6a08ecfcfa89ddaf7cd,new_center,7,54,g007_p000054_g006_p000025_g005_p000050_g004_p000025_g003_p000067_g002_p000031_g001_p000023_empty,g006_p000025_g005_p000050_g004_p000025_g003_p000067_g002_p000031_g001_p000023_empty,g007_bdf036486714f96e_0027,54,3.6481917049968615e-05,25.0,11.0,37.0,ellipsoid,9,108.907671261516,13.441590525175648,10.46513232405747,7.714146656785218,0,0.25,3.360397631293912,2.6162830810143674,1.9285366641963044,0.01625221036374569,0.00022666528820991516,0.00022666528820991516,False,0,False,,terminated_non_improving_hard_step,False
branch_c587d4db76e349215344,new_center,7,55,g007_p000055_g006_p000025_g005_p000050_g004_p000025_g003_p000067_g002_p000031_g001_p000023_empty,g006_p000025_g005_p000050_g004_p000025_g003_p000067_g002_p000031_g001_p000023_empty,g007_bdf036486714f96e_0027,55,3.648189886007458e-05,27.0,9.0,37.0,dike_hemisphere,9,121.54044323025899,10.627041046199338,6.901750397305868,12.649788893635051,0,0.25,2.6567602615498345,1.725437599326467,3.162447223408763,0.016102876514196396,7.733143866062164e-05,7.733143866062164e-05,False,0,False,,terminated_non_improving_hard_step,False
branch_b4a83bfba04d90d49ad1,new_center,7,56,g007_p000056_g006_p000025_g005_p000050_g004_p000025_g003_p000067_g002_p000031_g001_p000023_empty,g006_p000025_g005_p000050_g004_p000025_g003_p000067_g002_p000031_g001_p000023_empty,g007_bdf036486714f96e_0027,56,3.582453791750595e-05,10.0,8.0,15.0,dike_hemisphere,9,86.37138572675535,6.58696430881652,9.893471553902291,12.014491260658112,0,0.25,1.64674107720413,2.4733678884755728,3.003622815164528,0.01608370430767536,5.81592321395874e-05,5.81592321395874e-05,False,0,False,,terminated_non_improving_hard_step,False
branch_d77576e00674f0192e20,new_center,7,57,g007_p000057_g006_p000025_g005_p000050_g004_p000025_g003_p000067_g002_p000031_g001_p000023_empty,g006_p000025_g005_p000050_g004_p000025_g003_p000067_g002_p000031_g001_p000023_empty,g007_bdf036486714f96e_0027,57,3.582453427952714e-05,10.0,12.0,15.0,dike_hemisphere,9,7.071042306540692,6.81705143765952,15.075643417712126,11.420592673549434,0,0.25,1.70426285941488,3.7689108544280314,2.8551481683873585,0.01608371175825596,5.8166682720184326e-05,5.8166682720184326e-05,False,0,False,,terminated_non_improving_hard_step,False
branch_d315778f6425a8f8bb48,new_center,7,58,g007_p000058_g006_p000025_g005_p000050_g004_p000025_g003_p000067_g002_p000031_g001_p000023_empty,g006_p000025_g005_p000050_g004_p000025_g003_p000067_g002_p000031_g001_p000023_empty,g007_bdf036486714f96e_0027,58,3.5476066841511056e-05,41.0,8.0,24.0,ellipsoid,9,36.72844617087695,6.155153591620375,12.535623822881211,8.428923636209644,0,0.25,1.5387883979050938,3.133905955720303,2.107230909052411,0.01616201363503933,0.0001364685595035553,0.0001364685595035553,False,0,False,,terminated_non_improving_hard_step,False
branch_f95bc2c6a3e04c321b66,new_center,7,59,g007_p000059_g006_p000025_g005_p000050_g004_p000025_g003_p000067_g002_p000031_g001_p000023_empty,g006_p000025_g005_p000050_g004_p000025_g003_p000067_g002_p000031_g001_p000023_empty,g007_bdf036486714f96e_0027,59,3.547605956555344e-05,43.0,12.0,24.0,ellipsoid,9,88.17317708356323,9.18194945070835,11.408334405451178,9.295227016126262,0,0.25,2.2954873626770875,2.8520836013627946,2.3238067540315654,0.01616201363503933,0.0001364685595035553,0.0001364685595035553,False,0,False,,terminated_non_improving_hard_step,False
branch_d2d42f2a9b7351f432f1,new_center,7,60,g007_p000060_g006_p000031_g005_p000050_g004_p000025_g003_p000067_g002_p000031_g001_p000023_empty,g006_p000031_g005_p000050_g004_p000025_g003_p000067_g002_p000031_g001_p000023_empty,g007_bdf036486714f96e_0027,60,3.5446169931674376e-05,41.0,8.0,23.0,ellipsoid,9,45.17782238415637,9.682249621291039,15.809113606992074,6.241766398120946,0,0.25,2.4205624053227597,3.9522784017480186,1.5604415995302365,0.016256017610430717,0.00023047253489494324,0.00023047253489494324,False,0,False,,terminated_non_improving_hard_step,False
branch_4cc828e68490fc8620a8,new_center,7,61,g007_p000061_g006_p000031_g005_p000050_g004_p000025_g003_p000067_g002_p000031_g001_p000023_empty,g006_p000031_g005_p000050_g004_p000025_g003_p000067_g002_p000031_g001_p000023_empty,g007_bdf036486714f96e_0027,61,3.5446169931674376e-05,43.0,12.0,23.0,dike_hemisphere,9,29.97001491283688,6.683958763871334,12.71821000155105,8.972591762028177,0,0.25,1.6709896909678335,3.1795525003877625,2.2431479405070442,0.016149653121829033,0.00012410804629325867,0.00012410804629325867,False,0,False,,terminated_non_improving_hard_step,False
branch_e571893a1eefd0bc6edc,new_center,7,62,g007_p000062_g006_p000031_g005_p000050_g004_p000025_g003_p000067_g002_p000031_g001_p000023_empty,g006_p000031_g005_p000050_g004_p000025_g003_p000067_g002_p000031_g001_p000023_empty,g007_bdf036486714f96e_0027,62,3.501915489323437e-05,9.0,12.0,16.0,ellipsoid,9,22.414734134266133,15.268889315792439,8.546627465188998,7.723006430874517,0,0.25,3.8172223289481098,2.1366568662972494,1.9307516077186293,0.01624368131160736,0.0002181362360715866,0.0002181362360715866,False,0,False,,terminated_non_improving_hard_step,False
branch_843b521ebb9318da5da8,new_center,7,63,g007_p000063_g006_p000031_g005_p000050_g004_p000025_g003_p000067_g002_p000031_g001_p000023_empty,g006_p000031_g005_p000050_g004_p000025_g003_p000067_g002_p000031_g001_p000023_empty,g007_bdf036486714f96e_0027,63,3.501915489323437e-05,11.0,8.0,16.0,ellipsoid,9,149.88055898196964,9.502011690925162,12.623659942453202,9.011730195956291,0,0.25,2.3755029227312905,3.1559149856133004,2.252932548989073,0.016223397105932236,0.0001978520303964615,0.0001978520303964615,False,0,False,,terminated_non_improving_hard_step,False
branch_e766cbac793bd6d4cccd,new_center,7,64,g007_p000064_g006_p000031_g005_p000050_g004_p000025_g003_p000067_g002_p000031_g001_p000023_empty,g006_p000031_g005_p000050_g004_p000025_g003_p000067_g002_p000031_g001_p000023_empty,g007_bdf036486714f96e_0027,64,3.494934571790509e-05,40.0,8.0,24.0,dike_hemisphere,9,75.39473314515564,15.291954668086898,9.489980922588673,9.52764970308446,0,0.25,3.8229886670217246,2.3724952306471683,2.381912425771115,0.016178732737898827,0.00015318766236305237,0.00015318766236305237,False,0,False,,terminated_non_improving_hard_step,False
branch_1264f1762c5fcb3d4f71,new_center,7,65,g007_p000065_g006_p000031_g005_p000050_g004_p000025_g003_p000067_g002_p000031_g001_p000023_empty,g006_p000031_g005_p000050_g004_p000025_g003_p000067_g002_p000031_g001_p000023_empty,g007_bdf036486714f96e_0027,65,3.4949338441947475e-05,44.0,12.0,24.0,ellipsoid,9,167.5176440357398,13.471582644428935,14.847281053144485,13.373414204006863,0,0.25,3.3678956611072337,3.7118202632861212,3.343353551001716,0.01617414690554142,0.00014860183000564575,0.00014860183000564575,False,0,False,,terminated_non_improving_hard_step,False
branch_ea52e469832c74c64b41,new_center,7,66,g007_p000066_g006_p000031_g005_p000050_g004_p000025_g003_p000067_g002_p000031_g001_p000023_empty,g006_p000031_g005_p000050_g004_p000025_g003_p000067_g002_p000031_g001_p000023_empty,g007_bdf036486714f96e_0027,66,3.4747332392726094e-05,25.0,9.0,37.0,ellipsoid,9,37.69862025974054,15.945228913231759,12.16617124190974,7.562431319480364,0,0.25,3.9863072283079397,3.041542810477435,1.890607829870091,0.016296086832880974,0.0002705417573451996,0.0002705417573451996,False,0,False,,terminated_non_improving_hard_step,False
branch_21be2f8dbb5f1099e9ba,new_center,7,67,g007_p000067_g006_p000031_g005_p000050_g004_p000025_g003_p000067_g002_p000031_g001_p000023_empty,g006_p000031_g005_p000050_g004_p000025_g003_p000067_g002_p000031_g001_p000023_empty,g007_bdf036486714f96e_0027,67,3.474730328889564e-05,27.0,11.0,37.0,ellipsoid,9,98.50812905128824,15.17935785976459,14.38604461611257,8.6241619706778,0,0.25,3.7948394649411474,3.5965111540281427,2.15604049266945,0.016283631324768066,0.0002580862492322922,0.0002580862492322922,False,0,False,,terminated_non_improving_hard_step,False
branch_672351587bc4970c7a5b,new_center,7,68,g007_p000068_g006_p000031_g005_p000050_g004_p000025_g003_p000067_g002_p000031_g001_p000023_empty,g006_p000031_g005_p000050_g004_p000025_g003_p000067_g002_p000031_g001_p000023_empty,g007_bdf036486714f96e_0027,68,3.4679746022447944e-05,10.0,7.0,16.0,dike_hemisphere,9,84.2723939102898,6.934497931982453,14.712379032660403,11.280115347037988,0,0.25,1.7336244829956133,3.6780947581651007,2.820028836759497,0.01607106439769268,4.551932215690613e-05,4.551932215690613e-05,False,0,False,,terminated_non_improving_hard_step,False
branch_f5519325536c3cafa006,new_center,7,69,g007_p000069_g006_p000031_g005_p000050_g004_p000025_g003_p000067_g002_p000031_g001_p000023_empty,g006_p000031_g005_p000050_g004_p000025_g003_p000067_g002_p000031_g001_p000023_empty,g007_bdf036486714f96e_0027,69,3.4679746022447944e-05,10.0,13.0,16.0,ellipsoid,9,107.954432059774,7.367473398067087,9.416781732315089,6.869278135921158,0,0.25,1.8418683495167718,2.354195433078772,1.7173195339802896,0.016110733151435852,8.518807590007782e-05,8.518807590007782e-05,False,0,False,,terminated_non_improving_hard_step,False
branch_4d756e7d0cf7f72b1dc6,new_center,7,70,g007_p000070_g006_p000031_g005_p000050_g004_p000025_g003_p000067_g002_p000031_g001_p000023_empty,g006_p000031_g005_p000050_g004_p000025_g003_p000067_g002_p000031_g001_p000023_empty,g007_bdf036486714f96e_0027,70,3.451309385127388e-05,43.0,9.0,22.0,ellipsoid,9,59.87494828260948,11.495814501672394,6.0751882238057675,11.343597960909417,0,0.25,2.8739536254180984,1.5187970559514419,2.835899490227354,0.01610981486737728,8.426979184150696e-05,8.426979184150696e-05,False,0,False,,terminated_non_improving_hard_step,False
branch_d98e7eb7ff153b576534,new_center,7,71,g007_p000071_g006_p000031_g005_p000050_g004_p000025_g003_p000067_g002_p000031_g001_p000023_empty,g006_p000031_g005_p000050_g004_p000025_g003_p000067_g002_p000031_g001_p000023_empty,g007_bdf036486714f96e_0027,71,3.451308293733746e-05,41.0,11.0,22.0,ellipsoid,9,129.08126431561607,7.725586948749347,7.751009325807454,7.489316086374217,0,0.25,1.9313967371873368,1.9377523314518634,1.8723290215935542,0.01605866849422455,3.312341868877411e-05,3.312341868877411e-05,False,0,False,,terminated_non_improving_hard_step,False
branch_3620de61f30ad85e24b4,new_center,7,72,g007_p000072_g006_p000037_g005_p000048_g004_p000025_g003_p000067_g002_p000031_g001_p000023_empty,g006_p000037_g005_p000048_g004_p000025_g003_p000067_g002_p000031_g001_p000023_empty,g007_bdf036486714f96e_0027,72,3.44901236530859e-05,26.0,11.0,35.0,dike_hemisphere,9,146.41338806601584,12.391914139687835,12.367146973271957,10.904658008822212,0,0.25,3.0979785349219586,3.0917867433179893,2.726164502205553,0.016234565526247025,0.0002090204507112503,0.0002090204507112503,False,0,False,,terminated_non_improving_hard_step,False
branch_e2f98ee40dbc29b33801,new_center,7,73,g007_p000073_g006_p000037_g005_p000048_g004_p000025_g003_p000067_g002_p000031_g001_p000023_empty,g006_p000037_g005_p000048_g004_p000025_g003_p000067_g002_p000031_g001_p000023_empty,g007_bdf036486714f96e_0027,73,3.4490120015107095e-05,26.0,9.0,35.0,ellipsoid,9,112.48132715362254,7.509344928563779,15.337659346288742,12.801653900433951,0,0.25,1.8773362321409448,3.8344148365721855,3.200413475108488,0.016146071255207062,0.00012052617967128754,0.00012052617967128754,False,0,False,,terminated_non_improving_hard_step,False
branch_6256cea3f58de899b37a,new_center,7,74,g007_p000074_g006_p000037_g005_p000048_g004_p000025_g003_p000067_g002_p000031_g001_p000023_empty,g006_p000037_g005_p000048_g004_p000025_g003_p000067_g002_p000031_g001_p000023_empty,g007_bdf036486714f96e_0027,74,3.423937960178591e-05,44.0,9.0,23.0,ellipsoid,9,84.95305473036373,6.628049658744155,8.939284741481073,12.132450741761325,0,0.25,1.6570124146860388,2.234821185370268,3.033112685440331,0.016110224649310112,8.467957377433777e-05,8.467957377433777e-05,False,0,False,,terminated_non_improving_hard_step,False
branch_015cf66990c73b7d3d3d,new_center,7,75,g007_p000075_g006_p000037_g005_p000048_g004_p000025_g003_p000067_g002_p000031_g001_p000023_empty,g006_p000037_g005_p000048_g004_p000025_g003_p000067_g002_p000031_g001_p000023_empty,g007_bdf036486714f96e_0027,75,3.4239365049870685e-05,40.0,11.0,23.0,ellipsoid,9,16.182589194249186,11.085405903263343,15.677474438451668,6.059166525924636,0,0.25,2.7713514758158357,3.919368609612917,1.514791631481159,0.016321269795298576,0.0002957247197628021,0.0002957247197628021,False,0,False,,terminated_non_improving_hard_step,False
branch_f07f01968581a7900c13,new_center,7,76,g007_p000076_g006_p000037_g005_p000048_g004_p000025_g003_p000067_g002_p000031_g001_p000023_empty,g006_p000037_g005_p000048_g004_p000025_g003_p000067_g002_p000031_g001_p000023_empty,g007_bdf036486714f96e_0027,76,3.4207441785838455e-05,39.0,10.0,24.0,dike_hemisphere,9,66.9938922462754,7.20483886312465,10.369770023994707,9.951358478386013,0,0.25,1.8012097157811624,2.592442505998677,2.487839619596503,0.01609257236123085,6.702728569507599e-05,6.702728569507599e-05,False,0,False,,terminated_non_improving_hard_step,False
branch_30a014d77c43219b165c,new_center,7,77,g007_p000077_g006_p000037_g005_p000048_g004_p000025_g003_p000067_g002_p000031_g001_p000023_empty,g006_p000037_g005_p000048_g004_p000025_g003_p000067_g002_p000031_g001_p000023_empty,g007_bdf036486714f96e_0027,77,3.4207427233923227e-05,45.0,10.0,24.0,ellipsoid,9,21.10698523694537,13.430485470857127,10.228232642272847,7.6051331197316525,0,0.25,3.3576213677142817,2.5570581605682117,1.9012832799329131,0.016294052824378014,0.0002685077488422394,0.0002685077488422394,False,0,False,,terminated_non_improving_hard_step,False
branch_8efc5e804c6c9124210b,new_center,7,78,g007_p000078_g006_p000037_g005_p000048_g004_p000025_g003_p000067_g002_p000031_g001_p000023_empty,g006_p000037_g005_p000048_g004_p000025_g003_p000067_g002_p000031_g001_p000023_empty,g007_bdf036486714f96e_0027,78,3.402828224352561e-05,8.0,10.0,15.0,dike_hemisphere,9,132.568039603769,14.586546198260802,8.859021175415394,9.508990186732042,0,0.25,3.6466365495652004,2.2147552938538486,2.3772475466830105,0.016162607818841934,0.00013706274330615997,0.00013706274330615997,False,0,False,,terminated_non_improving_hard_step,False
branch_458dbc011d7f0c7cac57,new_center,7,79,g007_p000079_g006_p000037_g005_p000048_g004_p000025_g003_p000067_g002_p000031_g001_p000023_empty,g006_p000037_g005_p000048_g004_p000025_g003_p000067_g002_p000031_g001_p000023_empty,g007_bdf036486714f96e_0027,79,3.402828224352561e-05,12.0,10.0,15.0,ellipsoid,9,38.26894210273399,11.266329177026893,12.077480775881657,9.293157935457272,0,0.25,2.8165822942567234,3.0193701939704143,2.323289483864318,0.016241632401943207,0.00021608732640743256,0.00021608732640743256,False,0,False,,terminated_non_improving_hard_step,False
branch_2c867c88b19b5c70335c,new_center,7,80,g007_p000080_g006_p000037_g005_p000048_g004_p000025_g003_p000067_g002_p000031_g001_p000023_empty,g006_p000037_g005_p000048_g004_p000025_g003_p000067_g002_p000031_g001_p000023_empty,g007_bdf036486714f96e_0027,80,3.39574835379608e-05,24.0,11.0,37.0,dike_hemisphere,9,142.88661650344963,12.861997140970976,7.746893696884316,10.705963165660847,0,0.25,3.215499285242744,1.936723424221079,2.676490791415212,0.016179794445633888,0.00015424937009811401,0.00015424937009811401,False,0,False,,terminated_non_improving_hard_step,False
branch_be47e52d2170a7701de9,new_center,7,81,g007_p000081_g006_p000037_g005_p000048_g004_p000025_g003_p000067_g002_p000031_g001_p000023_empty,g006_p000037_g005_p000048_g004_p000025_g003_p000067_g002_p000031_g001_p000023_empty,g007_bdf036486714f96e_0027,81,3.395745807210915e-05,28.0,9.0,37.0,ellipsoid,9,74.06109592243172,9.314726473330126,10.725822720529326,10.65233299683193,0,0.25,2.3286816183325314,2.6814556801323315,2.6630832492079826,0.016196053475141525,0.00017050839960575104,0.00017050839960575104,False,0,False,,terminated_non_improving_hard_step,False
branch_baebbc1e449506a133c3,new_center,7,82,g007_p000082_g006_p000037_g005_p000048_g004_p000025_g003_p000067_g002_p000031_g001_p000023_empty,g006_p000037_g005_p000048_g004_p000025_g003_p000067_g002_p000031_g001_p000023_empty,g007_bdf036486714f96e_0027,82,3.3839176467154175e-05,11.0,11.0,15.0,ellipsoid,9,135.9805136011291,13.141614228884247,8.758448229114684,9.288381161603215,0,0.25,3.285403557221062,2.189612057278671,2.322095290400804,0.016241617500782013,0.0002160724252462387,0.0002160724252462387,False,0,False,,terminated_non_improving_hard_step,False
branch_dd8c303a28308f88a271,new_center,7,83,g007_p000083_g006_p000037_g005_p000048_g004_p000025_g003_p000067_g002_p000031_g001_p000023_empty,g006_p000037_g005_p000048_g004_p000025_g003_p000067_g002_p000031_g001_p000023_empty,g007_bdf036486714f96e_0027,83,3.3839165553217754e-05,9.0,9.0,15.0,dike_hemisphere,9,58.838632597735106,14.080249066549374,10.384557568780973,8.974914518565276,0,0.25,3.5200622666373436,2.5961393921952434,2.243728629641319,0.016142914071679115,0.00011736899614334106,0.00011736899614334106,False,0,False,,terminated_non_improving_hard_step,False
branch_0b7658fc53740c4b9924,new_center,7,84,g007_p000084_g006_p000043_g005_p000048_g004_p000025_g003_p000067_g002_p000031_g001_p000023_empty,g006_p000043_g005_p000048_g004_p000025_g003_p000067_g002_p000031_g001_p000023_empty,g007_bdf036486714f96e_0027,84,3.364099393365905e-05,43.0,11.0,23.0,ellipsoid,9,81.17754776905078,8.599909223575875,9.706632662127287,12.226126992945332,0,0.25,2.1499773058939686,2.426658165531822,3.056531748236333,0.016176050528883934,0.0001505054533481598,0.0001505054533481598,False,0,False,,terminated_non_improving_hard_step,False
branch_c9c52a30dc39c367d950,new_center,7,85,g007_p000085_g006_p000043_g005_p000048_g004_p000025_g003_p000067_g002_p000031_g001_p000023_empty,g006_p000043_g005_p000048_g004_p000025_g003_p000067_g002_p000031_g001_p000023_empty,g007_bdf036486714f96e_0027,85,3.364097938174382e-05,41.0,9.0,23.0,dike_hemisphere,9,63.21254431501011,9.266620094959363,7.384012295241185,6.31816954345379,0,0.25,2.3166550237398407,1.8460030738102962,1.5795423858634474,0.01605866849422455,3.312341868877411e-05,3.312341868877411e-05,False,0,False,,terminated_non_improving_hard_step,False
branch_e79f641accdd6e642819,new_center,7,86,g007_p000086_g006_p000043_g005_p000048_g004_p000025_g003_p000067_g002_p000031_g001_p000023_empty,g006_p000043_g005_p000048_g004_p000025_g003_p000067_g002_p000031_g001_p000023_empty,g007_bdf036486714f96e_0027,86,3.356917659402825e-05,40.0,11.0,24.0,dike_hemisphere,9,81.9371666113585,7.49163598923857,10.09082202691787,8.008438418675444,0,0.25,1.8729089973096424,2.5227055067294675,2.002109604668861,0.016075294464826584,4.974938929080963e-05,4.974938929080963e-05,False,0,False,,terminated_non_improving_hard_step,False
branch_ccedb6bd1518d9d22638,new_center,7,87,g007_p000087_g006_p000043_g005_p000048_g004_p000025_g003_p000067_g002_p000031_g001_p000023_empty,g006_p000043_g005_p000048_g004_p000025_g003_p000067_g002_p000031_g001_p000023_empty,g007_bdf036486714f96e_0027,87,3.356916568009183e-05,44.0,9.0,24.0,ellipsoid,9,177.02969831070976,11.72719194309102,11.64489299567037,12.390843287780015,0,0.25,2.931797985772755,2.9112232489175924,3.097710821945004,0.016212372109293938,0.00018682703375816345,0.00018682703375816345,False,0,False,,terminated_non_improving_hard_step,False
branch_e4890fa579bc9541002e,new_center,7,88,g007_p000088_g006_p000043_g005_p000048_g004_p000025_g003_p000067_g002_p000031_g001_p000023_empty,g006_p000043_g005_p000048_g004_p000025_g003_p000067_g002_p000031_g001_p000023_empty,g007_bdf036486714f96e_0027,88,3.3479544072179124e-05,8.0,9.0,16.0,dike_hemisphere,9,97.44244333401254,15.351388659432569,9.554468744133946,6.901748739925232,0,0.25,3.8378471648581423,2.3886171860334864,1.725437184981308,0.016182376071810722,0.00015683099627494812,0.00015683099627494812,False,0,False,,terminated_non_improving_hard_step,False
branch_c8f821830dcf6624b5a5,new_center,7,89,g007_p000089_g006_p000043_g005_p000048_g004_p000025_g003_p000067_g002_p000031_g001_p000023_empty,g006_p000043_g005_p000048_g004_p000025_g003_p000067_g002_p000031_g001_p000023_empty,g007_bdf036486714f96e_0027,89,3.34795331582427e-05,12.0,11.0,16.0,ellipsoid,9,50.541139455892164,9.145854809086682,6.580509474212353,12.299420566038476,0,0.25,2.2864637022716705,1.6451273685530883,3.074855141509619,0.016038542613387108,1.2997537851333618e-05,1.2997537851333618e-05,False,0,False,,terminated_non_improving_hard_step,False
branch_841368e7667b509c6796,new_center,7,90,g007_p000090_g006_p000043_g005_p000048_g004_p000025_g003_p000067_g002_p000031_g001_p000023_empty,g006_p000043_g005_p000048_g004_p000025_g003_p000067_g002_p000031_g001_p000023_empty,g007_bdf036486714f96e_0027,90,3.343486605444923e-05,12.0,11.0,15.0,dike_hemisphere,9,152.35259629907767,9.543307656927231,14.88569569961682,12.012130354797264,0,0.25,2.385826914231808,3.721423924904205,3.003032588699316,0.01616261526942253,0.0001370701938867569,0.0001370701938867569,False,0,False,,terminated_non_improving_hard_step,False
branch_3e834de27517a87a4a7c,new_center,7,91,g007_p000091_g006_p000043_g005_p000048_g004_p000025_g003_p000067_g002_p000031_g001_p000023_empty,g006_p000043_g005_p000048_g004_p000025_g003_p000067_g002_p000031_g001_p000023_empty,g007_bdf036486714f96e_0027,91,3.343486241647042e-05,8.0,9.0,15.0,dike_hemisphere,9,28.728197819927853,6.298881640683904,9.483322183769458,12.001748305616594,0,0.25,1.574720410170976,2.3708305459423644,3.0004370764041486,0.016110217198729515,8.467212319374084e-05,8.467212319374084e-05,False,0,False,,terminated_non_improving_hard_step,False
branch_ea787d8e2ba7998147a6,new_center,7,92,g007_p000092_g006_p000043_g005_p000048_g004_p000025_g003_p000067_g002_p000031_g001_p000023_empty,g006_p000043_g005_p000048_g004_p000025_g003_p000067_g002_p000031_g001_p000023_empty,g007_bdf036486714f96e_0027,92,3.3311858715023845e-05,44.0,11.0,23.0,ellipsoid,9,42.7376513476447,13.076838655475427,8.391576844015187,7.602731169029081,0,0.25,3.269209663868857,2.097894211003797,1.9006827922572702,0.016256017610430717,0.00023047253489494324,0.00023047253489494324,False,0,False,,terminated_non_improving_hard_step,False
branch_848e8dc5eb0549411a78,new_center,7,93,g007_p000093_g006_p000043_g005_p000048_g004_p000025_g003_p000067_g002_p000031_g001_p000023_empty,g006_p000043_g005_p000048_g004_p000025_g003_p000067_g002_p000031_g001_p000023_empty,g007_bdf036486714f96e_0027,93,3.3311847801087424e-05,40.0,9.0,23.0,dike_hemisphere,9,112.04344953257478,15.783599689442937,14.680639556396438,12.52898574451472,0,0.25,3.9458999223607343,3.6701598890991094,3.13224643612868,0.016189897432923317,0.00016435235738754272,0.00016435235738754272,False,0,False,,terminated_non_improving_hard_step,False
branch_0069538f1bc222843fc6,new_center,7,94,g007_p000094_g006_p000043_g005_p000048_g004_p000025_g003_p000067_g002_p000031_g001_p000023_empty,g006_p000043_g005_p000048_g004_p000025_g003_p000067_g002_p000031_g001_p000023_empty,g007_bdf036486714f96e_0027,94,3.312603439553641e-05,8.0,12.0,16.0,ellipsoid,9,8.255282020909348,15.662831801794855,6.913264719013384,8.678515161531461,0,0.25,3.915707950448714,1.728316179753346,2.1696287903828653,0.016099825501441956,7.428042590618134e-05,7.428042590618134e-05,False,0,False,,terminated_non_improving_hard_step,False
branch_f377a6c5a0c0c8811d0d,new_center,7,95,g007_p000095_g006_p000043_g005_p000048_g004_p000025_g003_p000067_g002_p000031_g001_p000023_empty,g006_p000043_g005_p000048_g004_p000025_g003_p000067_g002_p000031_g001_p000023_empty,g007_bdf036486714f96e_0027,95,3.3126023481599987e-05,12.0,8.0,16.0,dike_hemisphere,9,133.82322833391672,10.17546291332279,9.193363753930445,7.004076223653853,0,0.25,2.5438657283306974,2.2983409384826112,1.7510190559134633,0.016207676380872726,0.0001821313053369522,0.0001821313053369522,False,0,False,,terminated_non_improving_hard_step,False
branch_711ffec4e82c935ae735,new_center,8,0,g008_p000000_g007_p000005_g006_p000001_g005_p000053_g004_p000025_g003_p000067_g002_p000031_g001_p000023_empty,g007_p000005_g006_p000001_g005_p000053_g004_p000025_g003_p000067_g002_p000031_g001_p000023_empty,g008_38efe8999d032b60_0028,0,7.10140448063612e-05,42.0,11.0,24.0,ellipsoid,9,63.39176133705614,14.231826836427938,7.296630162070485,10.875557741903478,0,0.25,3.5579567091069846,1.8241575405176214,2.7188894354758695,0.016151709482073784,0.00011316686868667603,0.00012616440653800964,False,0,False,,terminated_non_improving_hard_step,False
branch_4245eb756866d2462346,new_center,8,6,g008_p000006_g007_p000005_g006_p000001_g005_p000053_g004_p000025_g003_p000067_g002_p000031_g001_p000023_empty,g007_p000005_g006_p000001_g005_p000053_g004_p000025_g003_p000067_g002_p000031_g001_p000023_empty,g008_38efe8999d032b60_0028,1,7.101403025444597e-05,42.0,9.0,24.0,dike_hemisphere,9,47.367161550490366,6.897039189243136,6.167283722813776,13.247474056508263,0,0.25,1.724259797310784,1.541820930703444,3.311868514127066,0.016051530838012695,1.2988224625587463e-05,2.598576247692108e-05,False,0,False,,terminated_non_improving_hard_step,False
branch_c548b6fa889f5c306905,new_center,8,12,g008_p000012_g007_p000089_g006_p000043_g005_p000048_g004_p000025_g003_p000067_g002_p000031_g001_p000023_empty,g007_p000089_g006_p000043_g005_p000048_g004_p000025_g003_p000067_g002_p000031_g001_p000023_empty,g008_406ffdf5a13ff8c0_0029,0,7.10140448063612e-05,42.0,11.0,24.0,ellipsoid,9,73.27668264897767,15.330557278352899,11.147651734656685,8.785098541154419,0,0.25,3.8326393195882247,2.7869129336641714,2.1962746352886047,0.01628432609140873,0.0002457834780216217,0.0002587810158729553,False,0,False,,terminated_non_improving_hard_step,False
branch_f62090330166ef843295,new_center,8,18,g008_p000018_g007_p000089_g006_p000043_g005_p000048_g004_p000025_g003_p000067_g002_p000031_g001_p000023_empty,g007_p000089_g006_p000043_g005_p000048_g004_p000025_g003_p000067_g002_p000031_g001_p000023_empty,g008_406ffdf5a13ff8c0_0029,1,7.101403025444597e-05,42.0,9.0,24.0,ellipsoid,9,107.71112400376056,10.419990104819036,12.297668280634173,13.230786873843588,0,0.25,2.604997526204759,3.0744170701585434,3.307696718460897,0.016157126054167747,0.00011858344078063965,0.00013158097863197327,False,0,False,,terminated_non_improving_hard_step,False
branch_6ecc899b21dfb58e65ec,new_center,8,24,g008_p000024_g007_p000016_g006_p000007_g005_p000053_g004_p000025_g003_p000067_g002_p000031_g001_p000023_empty,g007_p000016_g006_p000007_g005_p000053_g004_p000025_g003_p000067_g002_p000031_g001_p000023_empty,g008_24c3e7f20347b57d_0030,0,6.970633694436401e-05,42.0,11.0,24.0,ellipsoid,9,110.65333586851423,13.86028358532523,13.049261873586076,9.283055580484671,0,0.25,3.4650708963313077,3.262315468396519,2.3207638951211678,0.016256768256425858,0.00021265633404254913,0.0002312231808900833,False,0,False,,terminated_non_improving_hard_step,False
branch_1593d5ebea5559f185aa,new_center,8,30,g008_p000030_g007_p000016_g006_p000007_g005_p000053_g004_p000025_g003_p000067_g002_p000031_g001_p000023_empty,g007_p000016_g006_p000007_g005_p000053_g004_p000025_g003_p000067_g002_p000031_g001_p000023_empty,g008_24c3e7f20347b57d_0030,1,6.97063296684064e-05,42.0,9.0,24.0,dike_hemisphere,9,0.5451739198557304,9.71667652259994,15.192917400281038,8.622844045529824,0,0.25,2.429169130649985,3.7982293500702595,2.155711011382456,0.016216207295656204,0.0001720953732728958,0.00019066222012043,False,0,False,,terminated_non_improving_hard_step,False
branch_bbd54c632e737c932da0,new_center,8,36,g008_p000036_g007_p000043_g006_p000019_g005_p000077_g004_p000037_g003_p000085_g002_p000043_g001_p000038_empty,g007_p000043_g006_p000019_g005_p000077_g004_p000037_g003_p000085_g002_p000043_g001_p000038_empty,g008_a269bc89b3767e6a_0031,0,6.970633694436401e-05,42.0,11.0,24.0,ellipsoid,9,173.55800593691356,15.096268320179398,6.059247817634206,10.069222224032993,0,0.25,3.7740670800448495,1.5148119544085514,2.5173055560082482,0.01608303003013134,3.8916245102882385e-05,5.7484954595565796e-05,False,0,False,,terminated_non_improving_hard_step,False
branch_f759af63431528299771,new_center,8,42,g008_p000042_g007_p000043_g006_p000019_g005_p000077_g004_p000037_g003_p000085_g002_p000043_g001_p000038_empty,g007_p000043_g006_p000019_g005_p000077_g004_p000037_g003_p000085_g002_p000043_g001_p000038_empty,g008_a269bc89b3767e6a_0031,1,6.97063296684064e-05,42.0,9.0,24.0,dike_hemisphere,9,13.886038934381382,14.721663626052308,12.786665935910479,13.265795390728396,0,0.25,3.680415906513077,3.1966664839776198,3.316448847682099,0.016183586791157722,0.00013947300612926483,0.00015804171562194824,False,0,False,,terminated_non_improving_hard_step,False
branch_9196607592504dd4d93f,new_center,8,48,g008_p000048_g007_p000071_g006_p000031_g005_p000050_g004_p000025_g003_p000067_g002_p000031_g001_p000023_empty,g007_p000071_g006_p000031_g005_p000050_g004_p000025_g003_p000067_g002_p000031_g001_p000023_empty,g008_cc8ae3462fcccceb_0032,0,7.275828829733655e-05,42.0,11.0,24.0,dike_hemisphere,9,142.22856404843486,6.526867516639104,15.500927048702453,11.916734999647769,0,0.25,1.631716879159776,3.875231762175613,2.9791837499119422,0.016132090240716934,7.342174649238586e-05,0.00010654516518115997,False,0,False,,terminated_non_improving_hard_step,False
branch_5f3d832c3f61feae0380,new_center,8,54,g008_p000054_g007_p000071_g006_p000031_g005_p000050_g004_p000025_g003_p000067_g002_p000031_g001_p000023_empty,g007_p000071_g006_p000031_g005_p000050_g004_p000025_g003_p000067_g002_p000031_g001_p000023_empty,g008_cc8ae3462fcccceb_0032,1,7.27582664694637e-05,42.0,9.0,24.0,ellipsoid,9,95.51236547422198,13.706695864275247,11.316200654282497,8.088471177664818,0,0.25,3.4266739660688117,2.829050163570624,2.0221177944162045,0.016304146498441696,0.00024547800421714783,0.00027860142290592194,False,0,False,,terminated_non_improving_hard_step,False
branch_394bb5e5431c3996001f,new_center,8,60,g008_p000060_g007_p000085_g006_p000043_g005_p000048_g004_p000025_g003_p000067_g002_p000031_g001_p000023_empty,g007_p000085_g006_p000043_g005_p000048_g004_p000025_g003_p000067_g002_p000031_g001_p000023_empty,g008_822906d8088fd698_0033,0,7.301975711015984e-05,42.0,11.0,24.0,dike_hemisphere,9,11.691559544928563,6.408133034568258,8.001322300727061,9.277048172451096,0,0.25,1.6020332586420645,2.0003305751817653,2.319262043112774,0.016071639955043793,1.2971460819244385e-05,4.6094879508018494e-05,False,0,False,,terminated_non_improving_hard_step,False
branch_3e42d5bb70e811498206,new_center,8,66,g008_p000066_g007_p000085_g006_p000043_g005_p000048_g004_p000025_g003_p000067_g002_p000031_g001_p000023_empty,g007_p000085_g006_p000043_g005_p000048_g004_p000025_g003_p000067_g002_p000031_g001_p000023_empty,g008_822906d8088fd698_0033,1,7.301974255824462e-05,42.0,9.0,24.0,ellipsoid,9,119.43187511524367,7.146498231880287,6.806394035197579,12.619619586636645,0,0.25,1.7866245579700717,1.7015985087993948,3.1549048966591613,0.016071639955043793,1.2971460819244385e-05,4.6094879508018494e-05,False,0,False,,terminated_non_improving_hard_step,False
branch_80e7fa025bc5a824c4be,new_center,8,72,g008_p000072_g007_p000006_g006_p000001_g005_p000053_g004_p000025_g003_p000067_g002_p000031_g001_p000023_empty,g007_p000006_g006_p000001_g005_p000053_g004_p000025_g003_p000067_g002_p000031_g001_p000023_empty,g008_41366baf92bc1211_0034,0,7.10140448063612e-05,42.0,11.0,24.0,dike_hemisphere,9,38.90152663785162,15.379545476540557,14.285491065767948,7.479650254412145,0,0.25,3.844886369135139,3.571372766441987,1.8699125636030363,0.016324717551469803,0.0002656560391187668,0.0002991724759340286,False,0,False,,terminated_non_improving_hard_step,False
branch_d06e4d2388c5e3de6474,new_center,8,78,g008_p000078_g007_p000006_g006_p000001_g005_p000053_g004_p000025_g003_p000067_g002_p000031_g001_p000023_empty,g007_p000006_g006_p000001_g005_p000053_g004_p000025_g003_p000067_g002_p000031_g001_p000023_empty,g008_41366baf92bc1211_0034,1,7.101403025444597e-05,42.0,9.0,24.0,ellipsoid,9,88.0197453408628,10.907980131876593,11.466153792089266,11.748481544024816,0,0.25,2.7269950329691484,2.8665384480223164,2.937120386006204,0.016131309792399406,7.224828004837036e-05,0.0001057647168636322,False,0,False,,terminated_non_improving_hard_step,False
branch_2c23af25634ec8eab22a,new_center,8,84,g008_p000084_g007_p000014_g006_p000007_g005_p000053_g004_p000025_g003_p000067_g002_p000031_g001_p000023_empty,g007_p000014_g006_p000007_g005_p000053_g004_p000025_g003_p000067_g002_p000031_g001_p000023_empty,g008_cdbe2fcab61fd50c_0035,0,6.839862180640921e-05,42.0,9.0,24.0,dike_hemisphere,9,44.07387129116396,6.215681006226324,15.51216851967963,8.819651472458963,0,0.25,1.553920251556581,3.8780421299199075,2.2049128681147407,0.016214558854699135,0.00015190057456493378,0.0001890137791633606,False,0,False,,terminated_non_improving_hard_step,False
branch_774b145f57903dd59583,new_center,8,90,g008_p000090_g007_p000014_g006_p000007_g005_p000053_g004_p000025_g003_p000067_g002_p000031_g001_p000023_empty,g007_p000014_g006_p000007_g005_p000053_g004_p000025_g003_p000067_g002_p000031_g001_p000023_empty,g008_cdbe2fcab61fd50c_0035,1,6.761166150681674e-05,42.0,11.0,24.0,ellipsoid,9,72.75986495355512,12.28719904779918,13.595335989051087,11.600329084087353,0,0.25,3.071799761949795,3.3988339972627717,2.900082271021838,0.01621176488697529,0.00014910660684108734,0.00018621981143951416,False,0,False,,terminated_non_improving_hard_step,False
branch_acef5e08a5a844937297,new_center,9,0,g009_p000000_g008_p000001_g007_p000005_g006_p000001_g005_p000053_g004_p000025_g003_p000067_g002_p000031_g001_p000023_empty,g008_p000001_g007_p000005_g006_p000001_g005_p000053_g004_p000025_g003_p000067_g002_p000031_g001_p000023_empty,g009_13fc68507cb5b50a_0036,0,7.10140448063612e-05,42.0,11.0,24.0,dike_hemisphere,9,0.3193911804900518,7.837632160341113,6.645856461849296,6.908354831895207,0,0.25,1.9594080400852782,1.661464115462324,1.7270887079738018,0.016059061512351036,3.351643681526184e-05,3.351643681526184e-05,False,0,False,,terminated_non_improving_hard_step,False
branch_f120118ba124e31b8a77,new_center,9,1,g009_p000001_g008_p000001_g007_p000005_g006_p000001_g005_p000053_g004_p000025_g003_p000067_g002_p000031_g001_p000023_empty,g008_p000001_g007_p000005_g006_p000001_g005_p000053_g004_p000025_g003_p000067_g002_p000031_g001_p000023_empty,g009_13fc68507cb5b50a_0036,1,7.101403025444597e-05,42.0,9.0,24.0,ellipsoid,9,107.62283465120487,13.215743847163454,11.981095350720087,13.674538776009767,0,0.25,3.3039359617908635,2.995273837680022,3.4186346940024417,0.01621069759130478,0.00018515251576900482,0.00018515251576900482,False,0,False,,terminated_non_improving_hard_step,False
branch_d8d897482a294e8edbca,new_center,9,2,g009_p000002_g008_p000001_g007_p000005_g006_p000001_g005_p000053_g004_p000025_g003_p000067_g002_p000031_g001_p000023_empty,g008_p000001_g007_p000005_g006_p000001_g005_p000053_g004_p000025_g003_p000067_g002_p000031_g001_p000023_empty,g009_13fc68507cb5b50a_0036,2,6.556713924510404e-05,27.0,10.0,36.0,dike_hemisphere,9,8.617937470696269,8.143216050610514,13.758165563661397,7.99971663958065,0,0.25,2.0358040126526284,3.439541390915349,1.9999291598951625,0.016124848276376724,9.930320084095001e-05,9.930320084095001e-05,False,0,False,,terminated_non_improving_hard_step,False
branch_55d7520601fb9fa4f0d5,new_center,9,3,g009_p000003_g008_p000001_g007_p000005_g006_p000001_g005_p000053_g004_p000025_g003_p000067_g002_p000031_g001_p000023_empty,g008_p000001_g007_p000005_g006_p000001_g005_p000053_g004_p000025_g003_p000067_g002_p000031_g001_p000023_empty,g009_13fc68507cb5b50a_0036,3,6.556713196914643e-05,25.0,10.0,36.0,ellipsoid,9,147.00634413537367,9.041778968831219,10.381130922435593,8.524721639742774,0,0.25,2.2604447422078047,2.5952827306088984,2.1311804099356935,0.01613532565534115,0.00010978057980537415,0.00010978057980537415,False,0,False,,terminated_non_improving_hard_step,False
branch_8416e37af5e9610ad4aa,new_center,9,4,g009_p000004_g008_p000001_g007_p000005_g006_p000001_g005_p000053_g004_p000025_g003_p000067_g002_p000031_g001_p000023_empty,g008_p000001_g007_p000005_g006_p000001_g005_p000053_g004_p000025_g003_p000067_g002_p000031_g001_p000023_empty,g009_13fc68507cb5b50a_0036,4,6.420160207198933e-05,10.0,9.0,16.0,ellipsoid,9,39.83358586585683,8.279532954296185,6.168243628059112,8.094981571702757,0,0.25,2.069883238574046,1.542060907014778,2.0237453929256892,0.016038542613387108,1.2997537851333618e-05,1.2997537851333618e-05,False,0,False,,terminated_non_improving_hard_step,False
branch_3d80c4cf46acfd785f72,new_center,9,5,g009_p000005_g008_p000001_g007_p000005_g006_p000001_g005_p000053_g004_p000025_g003_p000067_g002_p000031_g001_p000023_empty,g008_p000001_g007_p000005_g006_p000001_g005_p000053_g004_p000025_g003_p000067_g002_p000031_g001_p000023_empty,g009_13fc68507cb5b50a_0036,5,6.420160207198933e-05,10.0,11.0,16.0,ellipsoid,9,0.7947499089690679,8.24180683014491,7.751565439780046,6.03001507054236,0,0.25,2.0604517075362274,1.9378913599450116,1.50750376763559,0.016125885769724846,0.00010034069418907166,0.00010034069418907166,False,0,False,,terminated_non_improving_hard_step,False
branch_a0f6dac9e9cb738823a9,new_center,9,6,g009_p000006_g008_p000001_g007_p000005_g006_p000001_g005_p000053_g004_p000025_g003_p000067_g002_p000031_g001_p000023_empty,g008_p000001_g007_p000005_g006_p000001_g005_p000053_g004_p000025_g003_p000067_g002_p000031_g001_p000023_empty,g009_13fc68507cb5b50a_0036,6,5.73338293179404e-05,9.0,11.0,16.0,dike_hemisphere,9,54.31231410242329,6.38095052379307,6.051783322821749,12.375122108070663,0,0.25,1.5952376309482674,1.5129458307054373,3.0937805270176657,0.016038542613387108,1.2997537851333618e-05,1.2997537851333618e-05,False,0,False,,terminated_non_improving_hard_step,False
branch_bc8293067620d3bfd708,new_center,9,7,g009_p000007_g008_p000001_g007_p000005_g006_p000001_g005_p000053_g004_p000025_g003_p000067_g002_p000031_g001_p000023_empty,g008_p000001_g007_p000005_g006_p000001_g005_p000053_g004_p000025_g003_p000067_g002_p000031_g001_p000023_empty,g009_13fc68507cb5b50a_0036,7,5.733381840400398e-05,11.0,9.0,16.0,dike_hemisphere,9,141.5067613587668,12.743848654376782,12.216296017179072,7.337886398959376,0,0.25,3.1859621635941955,3.054074004294768,1.834471599739844,0.01619243435561657,0.0001668892800807953,0.0001668892800807953,False,0,False,,terminated_non_improving_hard_step,False
branch_453f8cb30205a9a0b52e,new_center,9,8,g009_p000008_g008_p000001_g007_p000005_g006_p000001_g005_p000053_g004_p000025_g003_p000067_g002_p000031_g001_p000023_empty,g008_p000001_g007_p000005_g006_p000001_g005_p000053_g004_p000025_g003_p000067_g002_p000031_g001_p000023_empty,g009_13fc68507cb5b50a_0036,8,5.574035458266735e-05,41.0,10.0,24.0,dike_hemisphere,9,105.19917326259615,10.550583984394244,12.646663547324357,10.381218149198336,0,0.25,2.637645996098561,3.161665886831089,2.595304537299584,0.016164997592568398,0.0001394525170326233,0.0001394525170326233,False,0,False,,terminated_non_improving_hard_step,False
branch_68e018ed1677f8d7ed23,new_center,9,9,g009_p000009_g008_p000001_g007_p000005_g006_p000001_g005_p000053_g004_p000025_g003_p000067_g002_p000031_g001_p000023_empty,g008_p000001_g007_p000005_g006_p000001_g005_p000053_g004_p000025_g003_p000067_g002_p000031_g001_p000023_empty,g009_13fc68507cb5b50a_0036,9,5.5740350944688544e-05,43.0,10.0,24.0,ellipsoid,9,166.7797661666834,8.28535620182711,14.000893973972435,8.823417118320203,0,0.25,2.0713390504567775,3.5002234934931087,2.2058542795800506,0.016205299645662308,0.0001797545701265335,0.0001797545701265335,False,0,False,,terminated_non_improving_hard_step,False
branch_679b2963e85ef7980d84,new_center,9,10,g009_p000010_g008_p000001_g007_p000005_g006_p000001_g005_p000053_g004_p000025_g003_p000067_g002_p000031_g001_p000023_empty,g008_p000001_g007_p000005_g006_p000001_g005_p000053_g004_p000025_g003_p000067_g002_p000031_g001_p000023_empty,g009_13fc68507cb5b50a_0036,10,5.55754013475962e-05,9.0,10.0,16.0,dike_hemisphere,9,102.68415114995503,7.150862123598727,6.614924886436312,10.5832841800069,0,0.25,1.7877155308996817,1.653731221609078,2.645821045001725,0.016038542613387108,1.2997537851333618e-05,1.2997537851333618e-05,False,0,False,,terminated_non_improving_hard_step,False
branch_64e3568fb149ace26db4,new_center,9,11,g009_p000011_g008_p000001_g007_p000005_g006_p000001_g005_p000053_g004_p000025_g003_p000067_g002_p000031_g001_p000023_empty,g008_p000001_g007_p000005_g006_p000001_g005_p000053_g004_p000025_g003_p000067_g002_p000031_g001_p000023_empty,g009_13fc68507cb5b50a_0036,11,5.557539043365978e-05,11.0,10.0,16.0,dike_hemisphere,9,129.71501866530133,7.172552437271995,6.546630321574481,8.78867606391338,0,0.25,1.7931381093179988,1.6366575803936203,2.197169015978345,0.016038542613387108,1.2997537851333618e-05,1.2997537851333618e-05,False,0,False,,terminated_non_improving_hard_step,False
branch_d0a83ff4b71c506eb252,new_center,9,12,g009_p000012_g008_p000007_g007_p000005_g006_p000001_g005_p000053_g004_p000025_g003_p000067_g002_p000031_g001_p000023_empty,g008_p000007_g007_p000005_g006_p000001_g005_p000053_g004_p000025_g003_p000067_g002_p000031_g001_p000023_empty,g009_13fc68507cb5b50a_0036,12,5.24175375176128e-05,9.0,9.0,16.0,dike_hemisphere,9,76.35250738281965,13.52380154556695,9.961590800066864,11.115196040287728,0,0.25,3.3809503863917376,2.490397700016716,2.778799010071932,0.01615219935774803,0.00012665428221225739,0.00012665428221225739,False,0,False,,terminated_non_improving_hard_step,False
branch_b274ae7ce5b8f66f8af1,new_center,9,13,g009_p000013_g008_p000007_g007_p000005_g006_p000001_g005_p000053_g004_p000025_g003_p000067_g002_p000031_g001_p000023_empty,g008_p000007_g007_p000005_g006_p000001_g005_p000053_g004_p000025_g003_p000067_g002_p000031_g001_p000023_empty,g009_13fc68507cb5b50a_0036,13,5.2417530241655186e-05,11.0,11.0,16.0,dike_hemisphere,9,75.36048636565162,7.762644890746045,9.099206631791429,12.628972037395929,0,0.25,1.9406612226865112,2.274801657947857,3.1572430093489823,0.016104670241475105,7.912516593933105e-05,7.912516593933105e-05,False,0,False,,terminated_non_improving_hard_step,False
branch_9b9c1cb39beb9ce99aa5,new_center,9,14,g009_p000014_g008_p000007_g007_p000005_g006_p000001_g005_p000053_g004_p000025_g003_p000067_g002_p000031_g001_p000023_empty,g008_p000007_g007_p000005_g006_p000001_g005_p000053_g004_p000025_g003_p000067_g002_p000031_g001_p000023_empty,g009_13fc68507cb5b50a_0036,14,5.201577732805163e-05,42.0,11.0,23.0,dike_hemisphere,9,20.162521674878924,13.077204932254766,12.839889901889244,8.702883650806207,0,0.25,3.2693012330636915,3.209972475472311,2.1757209127015518,0.01623491942882538,0.0002093743532896042,0.0002093743532896042,False,0,False,,terminated_non_improving_hard_step,False
branch_e59e3b6357d02559c95b,new_center,9,15,g009_p000015_g008_p000007_g007_p000005_g006_p000001_g005_p000053_g004_p000025_g003_p000067_g002_p000031_g001_p000023_empty,g008_p000007_g007_p000005_g006_p000001_g005_p000053_g004_p000025_g003_p000067_g002_p000031_g001_p000023_empty,g009_13fc68507cb5b50a_0036,15,5.201577369007282e-05,42.0,9.0,23.0,dike_hemisphere,9,55.31275135472031,13.538579821903587,6.830834688370004,6.217192231425928,0,0.25,3.384644955475897,1.707708672092501,1.554298057856482,0.01609172485768795,6.61797821521759e-05,6.61797821521759e-05,False,0,False,,terminated_non_improving_hard_step,False
branch_8687c0efa473fbadb0fe,new_center,9,16,g009_p000016_g008_p000007_g007_p000005_g006_p000001_g005_p000053_g004_p000025_g003_p000067_g002_p000031_g001_p000023_empty,g008_p000007_g007_p000005_g006_p000001_g005_p000053_g004_p000025_g003_p000067_g002_p000031_g001_p000023_empty,g009_13fc68507cb5b50a_0036,16,5.165622496861033e-05,41.0,10.0,23.0,ellipsoid,9,20.464081061934436,8.46990232278687,9.57595726166329,13.217995721900511,0,0.25,2.1174755806967176,2.3939893154158227,3.3044989304751278,0.01614316739141941,0.00011762231588363647,0.00011762231588363647,False,0,False,,terminated_non_improving_hard_step,False
branch_557eeb7a93c92900ff00,new_center,9,17,g009_p000017_g008_p000007_g007_p000005_g006_p000001_g005_p000053_g004_p000025_g003_p000067_g002_p000031_g001_p000023_empty,g008_p000007_g007_p000005_g006_p000001_g005_p000053_g004_p000025_g003_p000067_g002_p000031_g001_p000023_empty,g009_13fc68507cb5b50a_0036,17,5.165622496861033e-05,43.0,10.0,23.0,ellipsoid,9,71.44553935202202,14.334629838099131,14.912178225306718,12.179607489084326,0,0.25,3.5836574595247828,3.7280445563266795,3.0449018722710814,0.016231173649430275,0.00020562857389450073,0.00020562857389450073,False,0,False,,terminated_non_improving_hard_step,False
branch_8c024a72acee911c76f3,new_center,9,18,g009_p000018_g008_p000007_g007_p000005_g006_p000001_g005_p000053_g004_p000025_g003_p000067_g002_p000031_g001_p000023_empty,g008_p000007_g007_p000005_g006_p000001_g005_p000053_g004_p000025_g003_p000067_g002_p000031_g001_p000023_empty,g009_13fc68507cb5b50a_0036,18,5.131310172146186e-05,41.0,9.0,24.0,dike_hemisphere,9,82.88944764258238,13.832527593183514,15.492527988331611,9.886877127985993,0,0.25,3.4581318982958784,3.873131997082903,2.4717192819964984,0.016175897791981697,0.00015035271644592285,0.00015035271644592285,False,0,False,,terminated_non_improving_hard_step,False
branch_1a8a67f2ae0ed5186513,new_center,9,19,g009_p000019_g008_p000007_g007_p000005_g006_p000001_g005_p000053_g004_p000025_g003_p000067_g002_p000031_g001_p000023_empty,g008_p000007_g007_p000005_g006_p000001_g005_p000053_g004_p000025_g003_p000067_g002_p000031_g001_p000023_empty,g009_13fc68507cb5b50a_0036,19,5.131309080752544e-05,43.0,11.0,24.0,ellipsoid,9,168.03040820178015,6.842419409688338,12.246700283521786,11.25418079562455,0,0.25,1.7106048524220845,3.0616750708804465,2.8135451989061373,0.016064507886767387,3.896281123161316e-05,3.896281123161316e-05,False,0,False,,terminated_non_improving_hard_step,False
branch_2c544be0e38a5f41d4d1,new_center,9,20,g009_p000020_g008_p000007_g007_p000005_g006_p000001_g005_p000053_g004_p000025_g003_p000067_g002_p000031_g001_p000023_empty,g008_p000007_g007_p000005_g006_p000001_g005_p000053_g004_p000025_g003_p000067_g002_p000031_g001_p000023_empty,g009_13fc68507cb5b50a_0036,20,5.092183710075915e-05,41.0,11.0,24.0,dike_hemisphere,9,163.0445640410535,9.02188144111777,9.104926511545493,12.946662736507907,0,0.25,2.2554703602794426,2.2762316278863732,3.2366656841269767,0.016170527786016464,0.00014498271048069,0.00014498271048069,False,0,False,,terminated_non_improving_hard_step,False
branch_1e25f35c35d7101d92a3,new_center,9,21,g009_p000021_g008_p000007_g007_p000005_g006_p000001_g005_p000053_g004_p000025_g003_p000067_g002_p000031_g001_p000023_empty,g008_p000007_g007_p000005_g006_p000001_g005_p000053_g004_p000025_g003_p000067_g002_p000031_g001_p000023_empty,g009_13fc68507cb5b50a_0036,21,5.092183346278034e-05,43.0,9.0,24.0,dike_hemisphere,9,128.9169379889424,13.634811882575779,6.169709650204641,11.007789572092651,0,0.25,3.4087029706439447,1.5424274125511603,2.751947393023163,0.016121158376336098,9.561330080032349e-05,9.561330080032349e-05,False,0,False,,terminated_non_improving_hard_step,False
branch_5fb22246c561997849d0,new_center,9,22,g009_p000022_g008_p000007_g007_p000005_g006_p000001_g005_p000053_g004_p000025_g003_p000067_g002_p000031_g001_p000023_empty,g008_p000007_g007_p000005_g006_p000001_g005_p000053_g004_p000025_g003_p000067_g002_p000031_g001_p000023_empty,g009_13fc68507cb5b50a_0036,22,4.951177106704563e-05,24.0,10.0,37.0,dike_hemisphere,9,84.85190354396033,7.962476383984263,10.529679770824018,8.785884420822105,0,0.25,1.9906190959960657,2.6324199427060044,2.1964711052055264,0.01604675129055977,2.1206215023994446e-05,2.1206215023994446e-05,False,0,False,,terminated_non_improving_hard_step,False
branch_b80ff0afefdbfcf0675e,new_center,9,23,g009_p000023_g008_p000007_g007_p000005_g006_p000001_g005_p000053_g004_p000025_g003_p000067_g002_p000031_g001_p000023_empty,g008_p000007_g007_p000005_g006_p000001_g005_p000053_g004_p000025_g003_p000067_g002_p000031_g001_p000023_empty,g009_13fc68507cb5b50a_0036,23,4.9511738325236365e-05,28.0,10.0,37.0,dike_hemisphere,9,2.6287311694046323,15.107436580725443,14.942291386518514,12.874007287888855,0,0.25,3.7768591451813607,3.7355728466296285,3.2185018219722137,0.016109531745314598,8.398666977882385e-05,8.398666977882385e-05,False,0,False,,terminated_non_improving_hard_step,False
branch_7b4e889292e91635ea41,new_center,9,24,g009_p000024_g008_p000013_g007_p000089_g006_p000043_g005_p000048_g004_p000025_g003_p000067_g002_p000031_g001_p000023_empty,g008_p000013_g007_p000089_g006_p000043_g005_p000048_g004_p000025_g003_p000067_g002_p000031_g001_p000023_empty,g009_13fc68507cb5b50a_0036,24,4.95001622766722e-05,10.0,9.0,15.0,ellipsoid,9,54.61921459213934,6.982113456198701,13.750751184740789,8.885710119466289,0,0.25,1.7455283640496753,3.4376877961851973,2.221427529866572,0.016208866611123085,0.0001833215355873108,0.0001833215355873108,False,0,False,,terminated_non_improving_hard_step,False
branch_1d9f47cf221c305369f0,new_center,9,25,g009_p000025_g008_p000013_g007_p000089_g006_p000043_g005_p000048_g004_p000025_g003_p000067_g002_p000031_g001_p000023_empty,g008_p000013_g007_p000089_g006_p000043_g005_p000048_g004_p000025_g003_p000067_g002_p000031_g001_p000023_empty,g009_13fc68507cb5b50a_0036,25,4.950015863869339e-05,10.0,11.0,15.0,dike_hemisphere,9,35.49717020948586,7.630086961441166,11.157234001475205,12.182962111625667,0,0.25,1.9075217403602915,2.789308500368801,3.0457405279064167,0.01612994261085987,0.00010439753532409668,0.00010439753532409668,False,0,False,,terminated_non_improving_hard_step,False
branch_6061fc1926a7ce17d3f4,new_center,9,26,g009_p000026_g008_p000013_g007_p000089_g006_p000043_g005_p000048_g004_p000025_g003_p000067_g002_p000031_g001_p000023_empty,g008_p000013_g007_p000089_g006_p000043_g005_p000048_g004_p000025_g003_p000067_g002_p000031_g001_p000023_empty,g009_13fc68507cb5b50a_0036,26,4.8025380237959325e-05,42.0,8.0,24.0,dike_hemisphere,9,20.92505929083941,15.34315278160189,13.796775997504266,13.647814835091735,0,0.25,3.8357881954004727,3.4491939993760665,3.4119537087729337,0.016163047403097153,0.00013750232756137848,0.00013750232756137848,False,0,False,,terminated_non_improving_hard_step,False
branch_31a9ea953db7603e24b6,new_center,9,27,g009_p000027_g008_p000013_g007_p000089_g006_p000043_g005_p000048_g004_p000025_g003_p000067_g002_p000031_g001_p000023_empty,g008_p000013_g007_p000089_g006_p000043_g005_p000048_g004_p000025_g003_p000067_g002_p000031_g001_p000023_empty,g009_13fc68507cb5b50a_0036,27,4.802537296200171e-05,42.0,12.0,24.0,dike_hemisphere,9,81.82468080462598,9.030964154557276,8.494195974045358,7.091848126776977,0,0.25,2.257741038639319,2.1235489935113394,1.7729620316942443,0.016059061512351036,3.351643681526184e-05,3.351643681526184e-05,False,0,False,,terminated_non_improving_hard_step,False
branch_e3fbf44a6edc25fd3156,new_center,9,28,g009_p000028_g008_p000013_g007_p000089_g006_p000043_g005_p000048_g004_p000025_g003_p000067_g002_p000031_g001_p000023_empty,g008_p000013_g007_p000089_g006_p000043_g005_p000048_g004_p000025_g003_p000067_g002_p000031_g001_p000023_empty,g009_13fc68507cb5b50a_0036,28,4.6159948396962136e-05,11.0,10.0,15.0,dike_hemisphere,9,141.5959847402754,8.304561215695617,13.369318677277015,9.804943916888945,0,0.25,2.0761403039239044,3.3423296693192537,2.4512359792222362,0.01614290662109852,0.00011736154556274414,0.00011736154556274414,False,0,False,,terminated_non_improving_hard_step,False
branch_f74a9a1e8a446aa74f89,new_center,9,29,g009_p000029_g008_p000013_g007_p000089_g006_p000043_g005_p000048_g004_p000025_g003_p000067_g002_p000031_g001_p000023_empty,g008_p000013_g007_p000089_g006_p000043_g005_p000048_g004_p000025_g003_p000067_g002_p000031_g001_p000023_empty,g009_13fc68507cb5b50a_0036,29,4.615994475898333e-05,9.0,10.0,15.0,ellipsoid,9,50.28746145851333,9.894302650126171,8.270120357557438,10.217328461207895,0,0.25,2.473575662531543,2.0675300893893596,2.554332115301974,0.01614316739141941,0.00011762231588363647,0.00011762231588363647,False,0,False,,terminated_non_improving_hard_step,False
branch_e72f6cdc4ca7c7229a76,new_center,9,30,g009_p000030_g008_p000013_g007_p000089_g006_p000043_g005_p000048_g004_p000025_g003_p000067_g002_p000031_g001_p000023_empty,g008_p000013_g007_p000089_g006_p000043_g005_p000048_g004_p000025_g003_p000067_g002_p000031_g001_p000023_empty,g009_13fc68507cb5b50a_0036,30,4.534384424914606e-05,25.0,9.0,36.0,ellipsoid,9,139.57304325602473,6.398999982980933,6.52652310276172,8.09217961872081,0,0.25,1.5997499957452332,1.63163077569043,2.0230449046802024,0.016034595668315887,9.05059278011322e-06,9.05059278011322e-06,False,0,False,,terminated_non_improving_hard_step,False
branch_258ca061e8990eb83074,new_center,9,31,g009_p000031_g008_p000013_g007_p000089_g006_p000043_g005_p000048_g004_p000025_g003_p000067_g002_p000031_g001_p000023_empty,g008_p000013_g007_p000089_g006_p000043_g005_p000048_g004_p000025_g003_p000067_g002_p000031_g001_p000023_empty,g009_13fc68507cb5b50a_0036,31,4.534383333520964e-05,27.0,11.0,36.0,dike_hemisphere,9,45.19334321928876,14.735330045032448,12.296295939949147,8.991957547277103,0,0.25,3.683832511258112,3.0740739849872867,2.2479893868192757,0.01620319113135338,0.00017764605581760406,0.00017764605581760406,False,0,False,,terminated_non_improving_hard_step,False
branch_c324b377c15ab84dafc7,new_center,9,32,g009_p000032_g008_p000013_g007_p000089_g006_p000043_g005_p000048_g004_p000025_g003_p000067_g002_p000031_g001_p000023_empty,g008_p000013_g007_p000089_g006_p000043_g005_p000048_g004_p000025_g003_p000067_g002_p000031_g001_p000023_empty,g009_13fc68507cb5b50a_0036,32,4.392292248667218e-05,25.0,11.0,36.0,dike_hemisphere,9,93.56953754589799,8.77363787377751,13.056575504945894,13.709494536901552,0,0.25,2.1934094684443775,3.2641438762364734,3.427373634225388,0.01614217646420002,0.0001166313886642456,0.0001166313886642456,False,0,False,,terminated_non_improving_hard_step,False
branch_0835798a031d789d4e10,new_center,9,33,g009_p000033_g008_p000013_g007_p000089_g006_p000043_g005_p000048_g004_p000025_g003_p000067_g002_p000031_g001_p000023_empty,g008_p000013_g007_p000089_g006_p000043_g005_p000048_g004_p000025_g003_p000067_g002_p000031_g001_p000023_empty,g009_13fc68507cb5b50a_0036,33,4.392290793475695e-05,27.0,9.0,36.0,ellipsoid,9,11.75949263736334,13.458943550838564,12.546835328312827,10.73373027074511,0,0.25,3.364735887709641,3.136708832078207,2.6834325676862774,0.016218790784478188,0.00019324570894241333,0.00019324570894241333,False,0,False,,terminated_non_improving_hard_step,False
branch_64f4a918a5a342ce16a3,new_center,9,34,g009_p000034_g008_p000013_g007_p000089_g006_p000043_g005_p000048_g004_p000025_g003_p000067_g002_p000031_g001_p000023_empty,g008_p000013_g007_p000089_g006_p000043_g005_p000048_g004_p000025_g003_p000067_g002_p000031_g001_p000023_empty,g009_13fc68507cb5b50a_0036,34,4.19855241489131e-05,8.0,10.0,16.0,ellipsoid,9,14.102525583561212,7.196254777626967,11.556290047853297,9.220917172837332,0,0.25,1.7990636944067417,2.8890725119633243,2.305229293209333,0.016105452552437782,7.990747690200806e-05,7.990747690200806e-05,False,0,False,,terminated_non_improving_hard_step,False
branch_542df95265fc5eb47e8a,new_center,9,35,g009_p000035_g008_p000013_g007_p000089_g006_p000043_g005_p000048_g004_p000025_g003_p000067_g002_p000031_g001_p000023_empty,g008_p000013_g007_p000089_g006_p000043_g005_p000048_g004_p000025_g003_p000067_g002_p000031_g001_p000023_empty,g009_13fc68507cb5b50a_0036,35,4.198550959699787e-05,12.0,10.0,16.0,ellipsoid,9,162.31036160326346,14.834178798803915,13.333957295880822,6.595644785011723,0,0.25,3.7085446997009788,3.3334893239702055,1.6489111962529308,0.016309749335050583,0.00028420425951480865,0.00028420425951480865,False,0,False,,terminated_non_improving_hard_step,False
branch_01ec6e133b60a357afee,new_center,9,36,g009_p000036_g008_p000019_g007_p000089_g006_p000043_g005_p000048_g004_p000025_g003_p000067_g002_p000031_g001_p000023_empty,g008_p000019_g007_p000089_g006_p000043_g005_p000048_g004_p000025_g003_p000067_g002_p000031_g001_p000023_empty,g009_13fc68507cb5b50a_0036,36,4.1237428376916796e-05,10.0,8.0,16.0,dike_hemisphere,9,94.99830003179542,8.940019210324856,7.9881399795477925,11.400858887640414,0,0.25,2.235004802581214,1.9970349948869481,2.8502147219101035,0.016104677692055702,7.913261651992798e-05,7.913261651992798e-05,False,0,False,,terminated_non_improving_hard_step,False
branch_5de2a59d3a2002107589,new_center,9,37,g009_p000037_g008_p000019_g007_p000089_g006_p000043_g005_p000048_g004_p000025_g003_p000067_g002_p000031_g001_p000023_empty,g008_p000019_g007_p000089_g006_p000043_g005_p000048_g004_p000025_g003_p000067_g002_p000031_g001_p000023_empty,g009_13fc68507cb5b50a_0036,37,4.1237428376916796e-05,10.0,12.0,16.0,dike_hemisphere,9,52.48820070942787,13.880668856455188,15.767167973402545,10.46191140418892,0,0.25,3.470167214113797,3.9417919933506362,2.61547785104723,0.01618868112564087,0.0001631360501050949,0.0001631360501050949,False,0,False,,terminated_non_improving_hard_step,False
branch_4efb17723b5cf63c873e,new_center,9,38,g009_p000038_g008_p000019_g007_p000089_g006_p000043_g005_p000048_g004_p000025_g003_p000067_g002_p000031_g001_p000023_empty,g008_p000019_g007_p000089_g006_p000043_g005_p000048_g004_p000025_g003_p000067_g002_p000031_g001_p000023_empty,g009_13fc68507cb5b50a_0036,38,3.993224891019054e-05,25.0,10.0,37.0,ellipsoid,9,168.58910290929853,9.419789443902737,13.919142480932205,12.012838303750907,0,0.25,2.354947360975684,3.4797856202330513,3.003209575937727,0.01618351973593235,0.00015797466039657593,0.00015797466039657593,False,0,False,,terminated_non_improving_hard_step,False
branch_ea3fcc2b589aa3f56483,new_center,9,39,g009_p000039_g008_p000019_g007_p000089_g006_p000043_g005_p000048_g004_p000025_g003_p000067_g002_p000031_g001_p000023_empty,g008_p000019_g007_p000089_g006_p000043_g005_p000048_g004_p000025_g003_p000067_g002_p000031_g001_p000023_empty,g009_13fc68507cb5b50a_0036,39,3.993220525444485e-05,27.0,10.0,37.0,dike_hemisphere,9,161.67459675525123,9.191808611069689,6.535468223834309,13.679636767099542,0,0.25,2.2979521527674223,1.6338670559585773,3.4199091917748854,0.016069797798991203,4.425272345542908e-05,4.425272345542908e-05,False,0,False,,terminated_non_improving_hard_step,False
branch_54c197124e7c5cc71b24,new_center,9,40,g009_p000040_g008_p000019_g007_p000089_g006_p000043_g005_p000048_g004_p000025_g003_p000067_g002_p000031_g001_p000023_empty,g008_p000019_g007_p000089_g006_p000043_g005_p000048_g004_p000025_g003_p000067_g002_p000031_g001_p000023_empty,g009_13fc68507cb5b50a_0036,40,3.987839590990916e-05,40.0,10.0,24.0,ellipsoid,9,109.12310792863914,13.603155779172148,12.97109212472127,11.092673460060565,0,0.25,3.400788944793037,3.2427730311803176,2.7731683650151413,0.016212940216064453,0.0001873951405286789,0.0001873951405286789,False,0,False,,terminated_non_improving_hard_step,False
branch_8ebb9fb921872b08077e,new_center,9,41,g009_p000041_g008_p000019_g007_p000089_g006_p000043_g005_p000048_g004_p000025_g003_p000067_g002_p000031_g001_p000023_empty,g008_p000019_g007_p000089_g006_p000043_g005_p000048_g004_p000025_g003_p000067_g002_p000031_g001_p000023_empty,g009_13fc68507cb5b50a_0036,41,3.987838499597274e-05,44.0,10.0,24.0,ellipsoid,9,30.270319178843998,15.11443053076679,13.509002165157195,8.046527778272893,0,0.25,3.7786076326916973,3.377250541289299,2.011631944568223,0.016289547085762024,0.0002640020102262497,0.0002640020102262497,False,0,False,,terminated_non_improving_hard_step,False
branch_fa57e6a286ceacc4e998,new_center,9,42,g009_p000042_g008_p000019_g007_p000089_g006_p000043_g005_p000048_g004_p000025_g003_p000067_g002_p000031_g001_p000023_empty,g008_p000019_g007_p000089_g006_p000043_g005_p000048_g004_p000025_g003_p000067_g002_p000031_g001_p000023_empty,g009_13fc68507cb5b50a_0036,42,3.9533300878247246e-05,42.0,8.0,23.0,dike_hemisphere,9,15.492902747417272,9.075803347357624,14.865290368678565,13.81924892292955,0,0.25,2.268950836839406,3.7163225921696412,3.4548122307323874,0.016182968392968178,0.00015742331743240356,0.00015742331743240356,False,0,False,,terminated_non_improving_hard_step,False
branch_185902c9ed8232116bbe,new_center,9,43,g009_p000043_g008_p000019_g007_p000089_g006_p000043_g005_p000048_g004_p000025_g003_p000067_g002_p000031_g001_p000023_empty,g008_p000019_g007_p000089_g006_p000043_g005_p000048_g004_p000025_g003_p000067_g002_p000031_g001_p000023_empty,g009_13fc68507cb5b50a_0036,43,3.9533300878247246e-05,42.0,12.0,23.0,dike_hemisphere,9,123.3333657332158,6.061764475122933,8.520583768353386,9.11293875958416,0,0.25,1.5154411187807333,2.1301459420883466,2.27823468989604,0.016044113785028458,1.856870949268341e-05,1.856870949268341e-05,False,0,False,,terminated_non_improving_hard_step,False
branch_3624794a5e88bd724961,new_center,9,44,g009_p000044_g008_p000019_g007_p000089_g006_p000043_g005_p000048_g004_p000025_g003_p000067_g002_p000031_g001_p000023_empty,g008_p000019_g007_p000089_g006_p000043_g005_p000048_g004_p000025_g003_p000067_g002_p000031_g001_p000023_empty,g009_13fc68507cb5b50a_0036,44,3.938852023566142e-05,42.0,7.0,24.0,dike_hemisphere,9,27.582405355515714,9.993757770616778,15.861528571918488,9.870960941760648,0,0.25,2.4984394426541945,3.965382142979622,2.467740235440162,0.01617985963821411,0.0001543145626783371,0.0001543145626783371,False,0,False,,terminated_non_improving_hard_step,False
branch_c4e30a467a6e427a588d,new_center,9,45,g009_p000045_g008_p000019_g007_p000089_g006_p000043_g005_p000048_g004_p000025_g003_p000067_g002_p000031_g001_p000023_empty,g008_p000019_g007_p000089_g006_p000043_g005_p000048_g004_p000025_g003_p000067_g002_p000031_g001_p000023_empty,g009_13fc68507cb5b50a_0036,45,3.938852023566142e-05,42.0,13.0,24.0,dike_hemisphere,9,139.71088752007708,7.7161764913147195,6.269449340242945,11.911737818436912,0,0.25,1.9290441228286799,1.5673623350607362,2.977934454609228,0.016037968918681145,1.2423843145370483e-05,1.2423843145370483e-05,False,0,False,,terminated_non_improving_hard_step,False
branch_e9ce8821d64ba4282d19,new_center,9,46,g009_p000046_g008_p000019_g007_p000089_g006_p000043_g005_p000048_g004_p000025_g003_p000067_g002_p000031_g001_p000023_empty,g008_p000019_g007_p000089_g006_p000043_g005_p000048_g004_p000025_g003_p000067_g002_p000031_g001_p000023_empty,g009_13fc68507cb5b50a_0036,46,3.8828267861390486e-05,44.0,10.0,23.0,dike_hemisphere,9,41.793944601581885,14.633320118232966,11.797391931254733,9.477430019424817,0,0.25,3.6583300295582415,2.9493479828136833,2.3693575048562043,0.01622822880744934,0.0002026837319135666,0.0002026837319135666,False,0,False,,terminated_non_improving_hard_step,False
branch_615713302893d5760b06,new_center,9,47,g009_p000047_g008_p000019_g007_p000089_g006_p000043_g005_p000048_g004_p000025_g003_p000067_g002_p000031_g001_p000023_empty,g008_p000019_g007_p000089_g006_p000043_g005_p000048_g004_p000025_g003_p000067_g002_p000031_g001_p000023_empty,g009_13fc68507cb5b50a_0036,47,3.882826058543287e-05,40.0,10.0,23.0,dike_hemisphere,9,74.2420783437838,10.017908608385929,7.628112369261203,8.657103895283424,0,0.25,2.504477152096482,1.9070280923153007,2.164275973820856,0.01608370430767536,5.81592321395874e-05,5.81592321395874e-05,False,0,False,,terminated_non_improving_hard_step,False
branch_431a2f990ea67302273e,new_center,9,48,g009_p000048_g008_p000025_g007_p000016_g006_p000007_g005_p000053_g004_p000025_g003_p000067_g002_p000031_g001_p000023_empty,g008_p000025_g007_p000016_g006_p000007_g005_p000053_g004_p000025_g003_p000067_g002_p000031_g001_p000023_empty,g009_13fc68507cb5b50a_0036,48,3.830970308627002e-05,26.0,9.0,37.0,dike_hemisphere,9,138.16402573047125,9.465594608718325,12.372008770817612,12.37568243475512,0,0.25,2.3663986521795812,3.093002192704403,3.09392060868878,0.016132090240716934,0.00010654516518115997,0.00010654516518115997,False,0,False,,terminated_non_improving_hard_step,False
branch_b6ed2491b8d0964fd7d5,new_center,9,49,g009_p000049_g008_p000025_g007_p000016_g006_p000007_g005_p000053_g004_p000025_g003_p000067_g002_p000031_g001_p000023_empty,g008_p000025_g007_p000016_g006_p000007_g005_p000053_g004_p000025_g003_p000067_g002_p000031_g001_p000023_empty,g009_13fc68507cb5b50a_0036,49,3.830969944829121e-05,26.0,11.0,37.0,dike_hemisphere,9,27.589860587906262,10.814633286215063,7.866819483463653,6.7246219798220235,0,0.25,2.7036583215537657,1.9667048708659132,1.6811554949555059,0.016092238947749138,6.669387221336365e-05,6.669387221336365e-05,False,0,False,,terminated_non_improving_hard_step,False
branch_c2e5f22317dd6e7b229d,new_center,9,50,g009_p000050_g008_p000025_g007_p000016_g006_p000007_g005_p000053_g004_p000025_g003_p000067_g002_p000031_g001_p000023_empty,g008_p000025_g007_p000016_g006_p000007_g005_p000053_g004_p000025_g003_p000067_g002_p000031_g001_p000023_empty,g009_13fc68507cb5b50a_0036,50,3.770899274968542e-05,40.0,9.0,24.0,dike_hemisphere,9,158.38460375903117,15.720365962612535,6.377567664664707,8.738124546467695,0,0.25,3.9300914906531337,1.5943919161661768,2.1845311366169238,0.01614127680659294,0.00011573173105716705,0.00011573173105716705,False,0,False,,terminated_non_improving_hard_step,False
branch_17ca41da307f06ccd6c2,new_center,9,51,g009_p000051_g008_p000025_g007_p000016_g006_p000007_g005_p000053_g004_p000025_g003_p000067_g002_p000031_g001_p000023_empty,g008_p000025_g007_p000016_g006_p000007_g005_p000053_g004_p000025_g003_p000067_g002_p000031_g001_p000023_empty,g009_13fc68507cb5b50a_0036,51,3.770897819777019e-05,44.0,11.0,24.0,ellipsoid,9,49.241080089241,7.362307444728512,6.376119489495625,13.442662280339368,0,0.25,1.840576861182128,1.5940298723739061,3.360665570084842,0.016038542613387108,1.2997537851333618e-05,1.2997537851333618e-05,False,0,False,,terminated_non_improving_hard_step,False
branch_512d99513bb38b3818e0,new_center,9,52,g009_p000052_g008_p000025_g007_p000016_g006_p000007_g005_p000053_g004_p000025_g003_p000067_g002_p000031_g001_p000023_empty,g008_p000025_g007_p000016_g006_p000007_g005_p000053_g004_p000025_g003_p000067_g002_p000031_g001_p000023_empty,g009_13fc68507cb5b50a_0036,52,3.7314264773158357e-05,26.0,9.0,36.0,dike_hemisphere,9,111.16254111123635,10.141124376745,14.65002688672266,11.893184115581597,0,0.25,2.53528109418625,3.662506721680665,2.9732960288953993,0.01613367721438408,0.00010813213884830475,0.00010813213884830475,False,0,False,,terminated_non_improving_hard_step,False
branch_70b87aed812a4cbd76c6,new_center,9,53,g009_p000053_g008_p000025_g007_p000016_g006_p000007_g005_p000053_g004_p000025_g003_p000067_g002_p000031_g001_p000023_empty,g008_p000025_g007_p000016_g006_p000007_g005_p000053_g004_p000025_g003_p000067_g002_p000031_g001_p000023_empty,g009_13fc68507cb5b50a_0036,53,3.7314264773158357e-05,26.0,11.0,36.0,ellipsoid,9,147.93365971722395,13.257947092354623,10.765552442549911,6.947249601372128,0,0.25,3.314486773088656,2.6913881106374777,1.736812400343032,0.016225019469857216,0.00019947439432144165,0.00019947439432144165,False,0,False,,terminated_non_improving_hard_step,False
branch_2fd61cafd4f807ea8324,new_center,9,54,g009_p000054_g008_p000025_g007_p000016_g006_p000007_g005_p000053_g004_p000025_g003_p000067_g002_p000031_g001_p000023_empty,g008_p000025_g007_p000016_g006_p000007_g005_p000053_g004_p000025_g003_p000067_g002_p000031_g001_p000023_empty,g009_13fc68507cb5b50a_0036,54,3.6481917049968615e-05,25.0,11.0,37.0,ellipsoid,9,177.56188355564035,15.954593363098788,15.059596435769917,9.685622513909301,0,0.25,3.988648340774697,3.7648991089424793,2.4214056284773253,0.01619803160429001,0.00017248652875423431,0.00017248652875423431,False,0,False,,terminated_non_improving_hard_step,False
branch_8c11fb51fdf517c22f14,new_center,9,55,g009_p000055_g008_p000025_g007_p000016_g006_p000007_g005_p000053_g004_p000025_g003_p000067_g002_p000031_g001_p000023_empty,g008_p000025_g007_p000016_g006_p000007_g005_p000053_g004_p000025_g003_p000067_g002_p000031_g001_p000023_empty,g009_13fc68507cb5b50a_0036,55,3.648189886007458e-05,27.0,9.0,37.0,ellipsoid,9,148.20925324954342,6.074073394848272,9.799300558773833,13.047099736742705,0,0.25,1.518518348712068,2.4498251396934583,3.2617749341856763,0.016111023724079132,8.547864854335785e-05,8.547864854335785e-05,False,0,False,,terminated_non_improving_hard_step,False
branch_5f635617f259a889e3dd,new_center,9,56,g009_p000056_g008_p000025_g007_p000016_g006_p000007_g005_p000053_g004_p000025_g003_p000067_g002_p000031_g001_p000023_empty,g008_p000025_g007_p000016_g006_p000007_g005_p000053_g004_p000025_g003_p000067_g002_p000031_g001_p000023_empty,g009_13fc68507cb5b50a_0036,56,3.582453791750595e-05,10.0,8.0,15.0,dike_hemisphere,9,104.22485648362948,7.277434684750295,8.143515525293619,13.45014288964901,0,0.25,1.8193586711875738,2.0358788813234048,3.3625357224122525,0.016044113785028458,1.856870949268341e-05,1.856870949268341e-05,False,0,False,,terminated_non_improving_hard_step,False
branch_fad6aedb2f3eb97fe9e3,new_center,9,57,g009_p000057_g008_p000025_g007_p000016_g006_p000007_g005_p000053_g004_p000025_g003_p000067_g002_p000031_g001_p000023_empty,g008_p000025_g007_p000016_g006_p000007_g005_p000053_g004_p000025_g003_p000067_g002_p000031_g001_p000023_empty,g009_13fc68507cb5b50a_0036,57,3.582453427952714e-05,10.0,12.0,15.0,ellipsoid,9,93.1752900928127,6.399742446961673,7.233446622945901,13.60316814268572,0,0.25,1.5999356117404182,1.8083616557364752,3.40079203567143,0.016044113785028458,1.856870949268341e-05,1.856870949268341e-05,False,0,False,,terminated_non_improving_hard_step,False
branch_1626fee257c221af7ecc,new_center,9,58,g009_p000058_g008_p000025_g007_p000016_g006_p000007_g005_p000053_g004_p000025_g003_p000067_g002_p000031_g001_p000023_empty,g008_p000025_g007_p000016_g006_p000007_g005_p000053_g004_p000025_g003_p000067_g002_p000031_g001_p000023_empty,g009_13fc68507cb5b50a_0036,58,3.5476066841511056e-05,41.0,8.0,24.0,ellipsoid,9,5.9708209994776045,7.037817685288917,14.749109832088964,6.414041245862441,0,0.25,1.7594544213222292,3.687277458022241,1.6035103114656102,0.01612083613872528,9.529106318950653e-05,9.529106318950653e-05,False,0,False,,terminated_non_improving_hard_step,False
branch_f583ebd86e94fbc64c7e,new_center,9,59,g009_p000059_g008_p000025_g007_p000016_g006_p000007_g005_p000053_g004_p000025_g003_p000067_g002_p000031_g001_p000023_empty,g008_p000025_g007_p000016_g006_p000007_g005_p000053_g004_p000025_g003_p000067_g002_p000031_g001_p000023_empty,g009_13fc68507cb5b50a_0036,59,3.547605956555344e-05,43.0,12.0,24.0,dike_hemisphere,9,107.78220381946855,9.624461473445242,9.938390123986498,10.179966510439144,0,0.25,2.4061153683613106,2.4845975309966244,2.544991627609786,0.016111962497234344,8.641742169857025e-05,8.641742169857025e-05,False,0,False,,terminated_non_improving_hard_step,False
branch_7949d99d00a8fb01376b,new_center,9,60,g009_p000060_g008_p000031_g007_p000016_g006_p000007_g005_p000053_g004_p000025_g003_p000067_g002_p000031_g001_p000023_empty,g008_p000031_g007_p000016_g006_p000007_g005_p000053_g004_p000025_g003_p000067_g002_p000031_g001_p000023_empty,g009_13fc68507cb5b50a_0036,60,3.5446169931674376e-05,41.0,8.0,23.0,dike_hemisphere,9,89.6453483282415,11.752626249961807,11.651317260586648,13.003427465772852,0,0.25,2.9381565624904518,2.912829315146662,3.250856866443213,0.01625450700521469,0.00022896192967891693,0.00022896192967891693,False,0,False,,terminated_non_improving_hard_step,False
branch_0b1d5f4897dca580c393,new_center,9,61,g009_p000061_g008_p000031_g007_p000016_g006_p000007_g005_p000053_g004_p000025_g003_p000067_g002_p000031_g001_p000023_empty,g008_p000031_g007_p000016_g006_p000007_g005_p000053_g004_p000025_g003_p000067_g002_p000031_g001_p000023_empty,g009_13fc68507cb5b50a_0036,61,3.5446169931674376e-05,43.0,12.0,23.0,dike_hemisphere,9,164.3289552688614,11.710042074645816,6.100554704814972,13.127316357033667,0,0.25,2.927510518661454,1.525138676203743,3.2818290892584168,0.01608370989561081,5.8164820075035095e-05,5.8164820075035095e-05,False,0,False,,terminated_non_improving_hard_step,False
branch_439f2eec2ff7a85d3481,new_center,9,62,g009_p000062_g008_p000031_g007_p000016_g006_p000007_g005_p000053_g004_p000025_g003_p000067_g002_p000031_g001_p000023_empty,g008_p000031_g007_p000016_g006_p000007_g005_p000053_g004_p000025_g003_p000067_g002_p000031_g001_p000023_empty,g009_13fc68507cb5b50a_0036,62,3.501915489323437e-05,9.0,12.0,16.0,ellipsoid,9,4.517201985886572,14.939290250155604,8.816143520350263,11.93510811472106,0,0.25,3.734822562538901,2.2040358800875657,2.983777028680265,0.016125692054629326,0.00010014697909355164,0.00010014697909355164,False,0,False,,terminated_non_improving_hard_step,False
branch_615e03ee5827463960b8,new_center,9,63,g009_p000063_g008_p000031_g007_p000016_g006_p000007_g005_p000053_g004_p000025_g003_p000067_g002_p000031_g001_p000023_empty,g008_p000031_g007_p000016_g006_p000007_g005_p000053_g004_p000025_g003_p000067_g002_p000031_g001_p000023_empty,g009_13fc68507cb5b50a_0036,63,3.501915489323437e-05,11.0,8.0,16.0,dike_hemisphere,9,74.88318662314276,13.723654819775586,8.64483526783669,6.2667633241977105,0,0.25,3.4309137049438965,2.1612088169591726,1.5666908310494276,0.01612083613872528,9.529106318950653e-05,9.529106318950653e-05,False,0,False,,terminated_non_improving_hard_step,False
branch_d2621a01f54528a36ba3,new_center,9,64,g009_p000064_g008_p000031_g007_p000016_g006_p000007_g005_p000053_g004_p000025_g003_p000067_g002_p000031_g001_p000023_empty,g008_p000031_g007_p000016_g006_p000007_g005_p000053_g004_p000025_g003_p000067_g002_p000031_g001_p000023_empty,g009_13fc68507cb5b50a_0036,64,3.494934571790509e-05,40.0,8.0,24.0,dike_hemisphere,9,9.260779357521011,10.808003995868775,13.39005778503837,6.744860702374955,0,0.25,2.702000998967194,3.3475144462595927,1.6862151755937387,0.0161773432046175,0.00015179812908172607,0.00015179812908172607,False,0,False,,terminated_non_improving_hard_step,False
branch_b40d88251a81e2e331cf,new_center,9,65,g009_p000065_g008_p000031_g007_p000016_g006_p000007_g005_p000053_g004_p000025_g003_p000067_g002_p000031_g001_p000023_empty,g008_p000031_g007_p000016_g006_p000007_g005_p000053_g004_p000025_g003_p000067_g002_p000031_g001_p000023_empty,g009_13fc68507cb5b50a_0036,65,3.4949338441947475e-05,44.0,12.0,24.0,ellipsoid,9,143.09206671199868,14.589750902711447,12.987220708142928,13.374610888552358,0,0.25,3.647437725677862,3.246805177035732,3.3436527221380894,0.016205361112952232,0.00017981603741645813,0.00017981603741645813,False,0,False,,terminated_non_improving_hard_step,False
branch_74bdbd4192fe6161928d,new_center,9,66,g009_p000066_g008_p000031_g007_p000016_g006_p000007_g005_p000053_g004_p000025_g003_p000067_g002_p000031_g001_p000023_empty,g008_p000031_g007_p000016_g006_p000007_g005_p000053_g004_p000025_g003_p000067_g002_p000031_g001_p000023_empty,g009_13fc68507cb5b50a_0036,66,3.4747332392726094e-05,25.0,9.0,37.0,ellipsoid,9,80.58148973928803,15.103531126944683,15.818412821178484,13.65070655232821,0,0.25,3.7758827817361706,3.954603205294621,3.4126766380820523,0.016095468774437904,6.992369890213013e-05,6.992369890213013e-05,False,0,False,,terminated_non_improving_hard_step,False
branch_cc8b5e8f6b8ebc16122f,new_center,9,67,g009_p000067_g008_p000031_g007_p000016_g006_p000007_g005_p000053_g004_p000025_g003_p000067_g002_p000031_g001_p000023_empty,g008_p000031_g007_p000016_g006_p000007_g005_p000053_g004_p000025_g003_p000067_g002_p000031_g001_p000023_empty,g009_13fc68507cb5b50a_0036,67,3.474730328889564e-05,27.0,11.0,37.0,ellipsoid,9,2.869843623207662,6.133630105832031,8.010744312842284,12.078240449718944,0,0.25,1.5334075264580078,2.002686078210571,3.019560112429736,0.016079626977443695,5.408190190792084e-05,5.408190190792084e-05,False,0,False,,terminated_non_improving_hard_step,False
branch_f0b0bbe9e2ddfc0d6aa2,new_center,9,68,g009_p000068_g008_p000031_g007_p000016_g006_p000007_g005_p000053_g004_p000025_g003_p000067_g002_p000031_g001_p000023_empty,g008_p000031_g007_p000016_g006_p000007_g005_p000053_g004_p000025_g003_p000067_g002_p000031_g001_p000023_empty,g009_13fc68507cb5b50a_0036,68,3.4679746022447944e-05,10.0,7.0,16.0,dike_hemisphere,9,19.466363023963638,15.127860867236375,7.7309585885366205,10.078371944998004,0,0.25,3.781965216809094,1.9327396471341551,2.519592986249501,0.0162058025598526,0.00018025748431682587,0.00018025748431682587,False,0,False,,terminated_non_improving_hard_step,False
branch_fd66df9dfe5f08e3a7c6,new_center,9,69,g009_p000069_g008_p000031_g007_p000016_g006_p000007_g005_p000053_g004_p000025_g003_p000067_g002_p000031_g001_p000023_empty,g008_p000031_g007_p000016_g006_p000007_g005_p000053_g004_p000025_g003_p000067_g002_p000031_g001_p000023_empty,g009_13fc68507cb5b50a_0036,69,3.4679746022447944e-05,10.0,13.0,16.0,ellipsoid,9,85.1769800228777,7.431154949445959,13.469000727152238,8.068521249694093,0,0.25,1.8577887373614896,3.3672501817880596,2.0171303124235234,0.016094768419861794,6.922334432601929e-05,6.922334432601929e-05,False,0,False,,terminated_non_improving_hard_step,False
branch_c8b651c07b3c08e4d2b6,new_center,9,70,g009_p000070_g008_p000031_g007_p000016_g006_p000007_g005_p000053_g004_p000025_g003_p000067_g002_p000031_g001_p000023_empty,g008_p000031_g007_p000016_g006_p000007_g005_p000053_g004_p000025_g003_p000067_g002_p000031_g001_p000023_empty,g009_13fc68507cb5b50a_0036,70,3.451309385127388e-05,43.0,9.0,22.0,ellipsoid,9,152.56610262733844,13.722095157069708,7.763016550738329,8.903844157618224,0,0.25,3.430523789267427,1.9407541376845823,2.225961039404556,0.01620846800506115,0.00018292292952537537,0.00018292292952537537,False,0,False,,terminated_non_improving_hard_step,False
branch_57741a2599546b3ae391,new_center,9,71,g009_p000071_g008_p000031_g007_p000016_g006_p000007_g005_p000053_g004_p000025_g003_p000067_g002_p000031_g001_p000023_empty,g008_p000031_g007_p000016_g006_p000007_g005_p000053_g004_p000025_g003_p000067_g002_p000031_g001_p000023_empty,g009_13fc68507cb5b50a_0036,71,3.451308293733746e-05,41.0,11.0,22.0,dike_hemisphere,9,40.54198299588238,10.5547448920418,15.59471973639029,7.5369204564782155,0,0.25,2.63868622301045,3.8986799340975726,1.8842301141195539,0.016223277896642685,0.0001977328211069107,0.0001977328211069107,False,0,False,,terminated_non_improving_hard_step,False
branch_b848fa0f1262cde5829f,new_center,9,72,g009_p000072_g008_p000037_g007_p000043_g006_p000019_g005_p000077_g004_p000037_g003_p000085_g002_p000043_g001_p000038_empty,g008_p000037_g007_p000043_g006_p000019_g005_p000077_g004_p000037_g003_p000085_g002_p000043_g001_p000038_empty,g009_13fc68507cb5b50a_0036,72,3.44901236530859e-05,26.0,11.0,35.0,ellipsoid,9,66.48138472306276,9.368857352346897,6.943093488159876,6.332987373646148,0,0.25,2.342214338086724,1.735773372039969,1.583246843411537,0.01609172485768795,6.61797821521759e-05,6.61797821521759e-05,False,0,False,,terminated_non_improving_hard_step,False
branch_d5edb96ff9859ba54ab6,new_center,9,73,g009_p000073_g008_p000037_g007_p000043_g006_p000019_g005_p000077_g004_p000037_g003_p000085_g002_p000043_g001_p000038_empty,g008_p000037_g007_p000043_g006_p000019_g005_p000077_g004_p000037_g003_p000085_g002_p000043_g001_p000038_empty,g009_13fc68507cb5b50a_0036,73,3.4490120015107095e-05,26.0,9.0,35.0,dike_hemisphere,9,35.58717392922149,15.566360496400952,15.722705703989211,10.549610933533533,0,0.25,3.891590124100238,3.930676425997303,2.637402733383383,0.016181902959942818,0.00015635788440704346,0.00015635788440704346,False,0,False,,terminated_non_improving_hard_step,False
branch_af0a808eb8fa5ce0dc7f,new_center,9,74,g009_p000074_g008_p000037_g007_p000043_g006_p000019_g005_p000077_g004_p000037_g003_p000085_g002_p000043_g001_p000038_empty,g008_p000037_g007_p000043_g006_p000019_g005_p000077_g004_p000037_g003_p000085_g002_p000043_g001_p000038_empty,g009_13fc68507cb5b50a_0036,74,3.423937960178591e-05,44.0,9.0,23.0,dike_hemisphere,9,126.6413633254134,12.414514863164252,13.064800385557314,8.821977234685852,0,0.25,3.103628715791063,3.2662000963893285,2.205494308671463,0.01625450700521469,0.00022896192967891693,0.00022896192967891693,False,0,False,,terminated_non_improving_hard_step,False
branch_9d15ece9154df2f0724d,new_center,9,75,g009_p000075_g008_p000037_g007_p000043_g006_p000019_g005_p000077_g004_p000037_g003_p000085_g002_p000043_g001_p000038_empty,g008_p000037_g007_p000043_g006_p000019_g005_p000077_g004_p000037_g003_p000085_g002_p000043_g001_p000038_empty,g009_13fc68507cb5b50a_0036,75,3.4239365049870685e-05,40.0,11.0,23.0,dike_hemisphere,9,5.8987756649856715,13.325091116987721,12.162299816495386,12.474904477344054,0,0.25,3.3312727792469303,3.0405749541238465,3.1187261193360136,0.01625450700521469,0.00022896192967891693,0.00022896192967891693,False,0,False,,terminated_non_improving_hard_step,False
branch_9fa60ca91e0c5e8cd17c,new_center,9,76,g009_p000076_g008_p000037_g007_p000043_g006_p000019_g005_p000077_g004_p000037_g003_p000085_g002_p000043_g001_p000038_empty,g008_p000037_g007_p000043_g006_p000019_g005_p000077_g004_p000037_g003_p000085_g002_p000043_g001_p000038_empty,g009_13fc68507cb5b50a_0036,76,3.4207441785838455e-05,39.0,10.0,24.0,dike_hemisphere,9,91.93311872462698,15.08136972126006,6.583119895640958,6.20374475255322,0,0.25,3.770342430315015,1.6457799739102394,1.550936188138305,0.016110733151435852,8.518807590007782e-05,8.518807590007782e-05,False,0,False,,terminated_non_improving_hard_step,False
branch_cfb20c6ad1d6b83332f3,new_center,9,77,g009_p000077_g008_p000037_g007_p000043_g006_p000019_g005_p000077_g004_p000037_g003_p000085_g002_p000043_g001_p000038_empty,g008_p000037_g007_p000043_g006_p000019_g005_p000077_g004_p000037_g003_p000085_g002_p000043_g001_p000038_empty,g009_13fc68507cb5b50a_0036,77,3.4207427233923227e-05,45.0,10.0,24.0,ellipsoid,9,169.34854656945896,12.770388476339058,11.56557505378561,11.117477677766509,0,0.25,3.1925971190847644,2.8913937634464024,2.779369419441627,0.016275281086564064,0.0002497360110282898,0.0002497360110282898,False,0,False,,terminated_non_improving_hard_step,False
branch_0fdf8e29cda42696eac7,new_center,9,78,g009_p000078_g008_p000037_g007_p000043_g006_p000019_g005_p000077_g004_p000037_g003_p000085_g002_p000043_g001_p000038_empty,g008_p000037_g007_p000043_g006_p000019_g005_p000077_g004_p000037_g003_p000085_g002_p000043_g001_p000038_empty,g009_13fc68507cb5b50a_0036,78,3.402828224352561e-05,8.0,10.0,15.0,dike_hemisphere,9,116.48505125304797,12.767135436579046,8.831622753333754,12.220668079030723,0,0.25,3.1917838591447616,2.2079056883334385,3.055167019757681,0.016188984736800194,0.00016343966126441956,0.00016343966126441956,False,0,False,,terminated_non_improving_hard_step,False
branch_e4c32a142837ce5c8638,new_center,9,79,g009_p000079_g008_p000037_g007_p000043_g006_p000019_g005_p000077_g004_p000037_g003_p000085_g002_p000043_g001_p000038_empty,g008_p000037_g007_p000043_g006_p000019_g005_p000077_g004_p000037_g003_p000085_g002_p000043_g001_p000038_empty,g009_13fc68507cb5b50a_0036,79,3.402828224352561e-05,12.0,10.0,15.0,ellipsoid,9,86.23066722114869,12.842168542096106,14.744183475103746,13.029895261264258,0,0.25,3.2105421355240265,3.6860458687759365,3.2574738153160645,0.016246026381850243,0.00022048130631446838,0.00022048130631446838,False,0,False,,terminated_non_improving_hard_step,False
branch_b550265187f16b0ebfdc,new_center,9,80,g009_p000080_g008_p000037_g007_p000043_g006_p000019_g005_p000077_g004_p000037_g003_p000085_g002_p000043_g001_p000038_empty,g008_p000037_g007_p000043_g006_p000019_g005_p000077_g004_p000037_g003_p000085_g002_p000043_g001_p000038_empty,g009_13fc68507cb5b50a_0036,80,3.39574835379608e-05,24.0,11.0,37.0,ellipsoid,9,69.8415948738203,11.212498602244336,10.942303626729057,7.623931824769139,0,0.25,2.803124650561084,2.7355759066822642,1.9059829561922847,0.016241980716586113,0.00021643564105033875,0.00021643564105033875,False,0,False,,terminated_non_improving_hard_step,False
branch_3e31f81d46c9a107c5cd,new_center,9,81,g009_p000081_g008_p000037_g007_p000043_g006_p000019_g005_p000077_g004_p000037_g003_p000085_g002_p000043_g001_p000038_empty,g008_p000037_g007_p000043_g006_p000019_g005_p000077_g004_p000037_g003_p000085_g002_p000043_g001_p000038_empty,g009_13fc68507cb5b50a_0036,81,3.395745807210915e-05,28.0,9.0,37.0,ellipsoid,9,168.71430187202077,10.833127476949564,10.335686943946671,12.732378819676697,0,0.25,2.708281869237391,2.5839217359866677,3.1830947049191742,0.01608187146484852,5.632638931274414e-05,5.632638931274414e-05,False,0,False,,terminated_non_improving_hard_step,False
branch_3ca9c1b342ad79150d2d,new_center,9,82,g009_p000082_g008_p000037_g007_p000043_g006_p000019_g005_p000077_g004_p000037_g003_p000085_g002_p000043_g001_p000038_empty,g008_p000037_g007_p000043_g006_p000019_g005_p000077_g004_p000037_g003_p000085_g002_p000043_g001_p000038_empty,g009_13fc68507cb5b50a_0036,82,3.3839176467154175e-05,11.0,11.0,15.0,ellipsoid,9,170.53270648316874,6.528334170493413,7.575865007503696,12.199684572769742,0,0.25,1.6320835426233533,1.893966251875924,3.0499211431924356,0.016044113785028458,1.856870949268341e-05,1.856870949268341e-05,False,0,False,,terminated_non_improving_hard_step,False
branch_25d85413075d145f1094,new_center,9,83,g009_p000083_g008_p000037_g007_p000043_g006_p000019_g005_p000077_g004_p000037_g003_p000085_g002_p000043_g001_p000038_empty,g008_p000037_g007_p000043_g006_p000019_g005_p000077_g004_p000037_g003_p000085_g002_p000043_g001_p000038_empty,g009_13fc68507cb5b50a_0036,83,3.3839165553217754e-05,9.0,9.0,15.0,ellipsoid,9,130.8282747940062,13.824989204736358,15.91508596868265,11.42753757314454,0,0.25,3.4562473011840895,3.9787714921706625,2.856884393286135,0.01619885489344597,0.0001733098179101944,0.0001733098179101944,False,0,False,,terminated_non_improving_hard_step,False
branch_efae23ecf2992defa2b7,new_center,9,84,g009_p000084_g008_p000043_g007_p000043_g006_p000019_g005_p000077_g004_p000037_g003_p000085_g002_p000043_g001_p000038_empty,g008_p000043_g007_p000043_g006_p000019_g005_p000077_g004_p000037_g003_p000085_g002_p000043_g001_p000038_empty,g009_13fc68507cb5b50a_0036,84,3.364099393365905e-05,43.0,11.0,23.0,dike_hemisphere,9,54.37754285940908,13.643957868457715,8.784305919134397,6.689069277639829,0,0.25,3.4109894671144287,2.196076479783599,1.6722673194099573,0.016223283484578133,0.0001977384090423584,0.0001977384090423584,False,0,False,,terminated_non_improving_hard_step,False
branch_80bd855a7617479af021,new_center,9,85,g009_p000085_g008_p000043_g007_p000043_g006_p000019_g005_p000077_g004_p000037_g003_p000085_g002_p000043_g001_p000038_empty,g008_p000043_g007_p000043_g006_p000019_g005_p000077_g004_p000037_g003_p000085_g002_p000043_g001_p000038_empty,g009_13fc68507cb5b50a_0036,85,3.364097938174382e-05,41.0,9.0,23.0,dike_hemisphere,9,2.9629773900700784,12.281317953896737,6.2640130152434,6.2662057511307845,0,0.25,3.0703294884741843,1.56600325381085,1.5665514377826961,0.01612471416592598,9.916909039020538e-05,9.916909039020538e-05,False,0,False,,terminated_non_improving_hard_step,False
branch_93f2292bd90824ad3dc4,new_center,9,86,g009_p000086_g008_p000043_g007_p000043_g006_p000019_g005_p000077_g004_p000037_g003_p000085_g002_p000043_g001_p000038_empty,g008_p000043_g007_p000043_g006_p000019_g005_p000077_g004_p000037_g003_p000085_g002_p000043_g001_p000038_empty,g009_13fc68507cb5b50a_0036,86,3.356917659402825e-05,40.0,11.0,24.0,dike_hemisphere,9,54.74471138548101,6.253086334397741,15.003570192216092,12.039144000116075,0,0.25,1.5632715835994353,3.750892548054023,3.0097860000290186,0.016111962497234344,8.641742169857025e-05,8.641742169857025e-05,False,0,False,,terminated_non_improving_hard_step,False
branch_958ab8d46ff071a779e8,new_center,9,87,g009_p000087_g008_p000043_g007_p000043_g006_p000019_g005_p000077_g004_p000037_g003_p000085_g002_p000043_g001_p000038_empty,g008_p000043_g007_p000043_g006_p000019_g005_p000077_g004_p000037_g003_p000085_g002_p000043_g001_p000038_empty,g009_13fc68507cb5b50a_0036,87,3.356916568009183e-05,44.0,9.0,24.0,ellipsoid,9,9.768546522171821,13.630350056996049,10.457354749809275,7.05208505284862,0,0.25,3.407587514249012,2.6143386874523187,1.763021263212155,0.01624368131160736,0.0002181362360715866,0.0002181362360715866,False,0,False,,terminated_non_improving_hard_step,False
branch_ccd538c23a5bf588266b,new_center,9,88,g009_p000088_g008_p000043_g007_p000043_g006_p000019_g005_p000077_g004_p000037_g003_p000085_g002_p000043_g001_p000038_empty,g008_p000043_g007_p000043_g006_p000019_g005_p000077_g004_p000037_g003_p000085_g002_p000043_g001_p000038_empty,g009_13fc68507cb5b50a_0036,88,3.3479544072179124e-05,8.0,9.0,16.0,dike_hemisphere,9,53.18611157310491,14.231226347817692,10.529754524668736,9.113183559367574,0,0.25,3.557806586954423,2.632438631167184,2.2782958898418935,0.01614854671061039,0.00012300163507461548,0.00012300163507461548,False,0,False,,terminated_non_improving_hard_step,False
branch_539c2deaa128b59b39a3,new_center,9,89,g009_p000089_g008_p000043_g007_p000043_g006_p000019_g005_p000077_g004_p000037_g003_p000085_g002_p000043_g001_p000038_empty,g008_p000043_g007_p000043_g006_p000019_g005_p000077_g004_p000037_g003_p000085_g002_p000043_g001_p000038_empty,g009_13fc68507cb5b50a_0036,89,3.34795331582427e-05,12.0,11.0,16.0,dike_hemisphere,9,66.17824277803646,12.443209306034046,13.955758132400383,12.275193280532157,0,0.25,3.1108023265085114,3.488939533100096,3.0687983201330393,0.01621423289179802,0.00018868781626224518,0.00018868781626224518,False,0,False,,terminated_non_improving_hard_step,False
branch_21d769be874356cc7085,new_center,9,90,g009_p000090_g008_p000043_g007_p000043_g006_p000019_g005_p000077_g004_p000037_g003_p000085_g002_p000043_g001_p000038_empty,g008_p000043_g007_p000043_g006_p000019_g005_p000077_g004_p000037_g003_p000085_g002_p000043_g001_p000038_empty,g009_13fc68507cb5b50a_0036,90,3.343486605444923e-05,12.0,11.0,15.0,ellipsoid,9,140.23347206851142,8.965774110815804,9.654195457224144,8.34991195945733,0,0.25,2.241443527703951,2.413548864306036,2.0874779898643325,0.01617606356739998,0.0001505184918642044,0.0001505184918642044,False,0,False,,terminated_non_improving_hard_step,False
branch_c489be62e29a23e5a533,new_center,9,91,g009_p000091_g008_p000043_g007_p000043_g006_p000019_g005_p000077_g004_p000037_g003_p000085_g002_p000043_g001_p000038_empty,g008_p000043_g007_p000043_g006_p000019_g005_p000077_g004_p000037_g003_p000085_g002_p000043_g001_p000038_empty,g009_13fc68507cb5b50a_0036,91,3.343486241647042e-05,8.0,9.0,15.0,ellipsoid,9,145.9052283243688,15.334382645682064,10.943782199272514,11.73513920384135,0,0.25,3.833595661420516,2.7359455498181284,2.9337848009603373,0.016176963225007057,0.00015141814947128296,0.00015141814947128296,False,0,False,,terminated_non_improving_hard_step,False
branch_c9824c40bcd9917be01b,new_center,9,92,g009_p000092_g008_p000043_g007_p000043_g006_p000019_g005_p000077_g004_p000037_g003_p000085_g002_p000043_g001_p000038_empty,g008_p000043_g007_p000043_g006_p000019_g005_p000077_g004_p000037_g003_p000085_g002_p000043_g001_p000038_empty,g009_13fc68507cb5b50a_0036,92,3.3311858715023845e-05,44.0,11.0,23.0,dike_hemisphere,9,16.10669521642243,10.643391653714385,6.196815887931075,9.904645958026052,0,0.25,2.6608479134285963,1.5492039719827688,2.476161489506513,0.01608370989561081,5.8164820075035095e-05,5.8164820075035095e-05,False,0,False,,terminated_non_improving_hard_step,False
branch_e255733485a313eda42b,new_center,9,93,g009_p000093_g008_p000043_g007_p000043_g006_p000019_g005_p000077_g004_p000037_g003_p000085_g002_p000043_g001_p000038_empty,g008_p000043_g007_p000043_g006_p000019_g005_p000077_g004_p000037_g003_p000085_g002_p000043_g001_p000038_empty,g009_13fc68507cb5b50a_0036,93,3.3311847801087424e-05,40.0,9.0,23.0,ellipsoid,9,134.07282385552162,11.870940202553989,15.612588866255244,9.893380483100984,0,0.25,2.967735050638497,3.903147216563811,2.473345120775246,0.01630694791674614,0.0002814028412103653,0.0002814028412103653,False,0,False,,terminated_non_improving_hard_step,False
branch_88fa52c8c6f5af14b278,new_center,9,94,g009_p000094_g008_p000043_g007_p000043_g006_p000019_g005_p000077_g004_p000037_g003_p000085_g002_p000043_g001_p000038_empty,g008_p000043_g007_p000043_g006_p000019_g005_p000077_g004_p000037_g003_p000085_g002_p000043_g001_p000038_empty,g009_13fc68507cb5b50a_0036,94,3.312603439553641e-05,8.0,12.0,16.0,dike_hemisphere,9,142.32985837494488,8.208159084315273,6.89831606114225,7.142484667816654,0,0.25,2.0520397710788183,1.7245790152855625,1.7856211669541635,0.01605399139225483,2.8446316719055176e-05,2.8446316719055176e-05,False,0,False,,terminated_non_improving_hard_step,False
branch_6301091c997a312e81b9,new_center,9,95,g009_p000095_g008_p000043_g007_p000043_g006_p000019_g005_p000077_g004_p000037_g003_p000085_g002_p000043_g001_p000038_empty,g008_p000043_g007_p000043_g006_p000019_g005_p000077_g004_p000037_g003_p000085_g002_p000043_g001_p000038_empty,g009_13fc68507cb5b50a_0036,95,3.3126023481599987e-05,12.0,8.0,16.0,ellipsoid,9,45.81138434569629,8.015212974207124,9.483700019837919,11.142469163807636,0,0.25,2.003803243551781,2.3709250049594797,2.785617290951909,0.01619180664420128,0.00016626156866550446,0.00016626156866550446,False,0,False,,terminated_non_improving_hard_step,False
branch_d8633700832131243ee2,new_center,10,0,g010_p000000_g009_p000030_g008_p000013_g007_p000089_g006_p000043_g005_p000048_g004_p000025_g003_p000067_g002_p000031_g001_p000023_empty,g009_p000030_g008_p000013_g007_p000089_g006_p000043_g005_p000048_g004_p000025_g003_p000067_g002_p000031_g001_p000023_empty,g010_a7f081990695e3d3_0037,0,7.10140448063612e-05,42.0,11.0,24.0,ellipsoid,9,144.3121671333373,10.657834527835604,14.857985000477084,9.75273068747597,0,0.25,2.664458631958901,3.714496250119271,2.4381826718689923,0.016214249655604362,0.00017965398728847504,0.00018870458006858826,False,0,False,,terminated_non_improving_hard_step,False
branch_551e001fd4d13ea0194d,new_center,10,6,g010_p000006_g009_p000030_g008_p000013_g007_p000089_g006_p000043_g005_p000048_g004_p000025_g003_p000067_g002_p000031_g001_p000023_empty,g009_p000030_g008_p000013_g007_p000089_g006_p000043_g005_p000048_g004_p000025_g003_p000067_g002_p000031_g001_p000023_empty,g010_a7f081990695e3d3_0037,1,7.101403025444597e-05,42.0,9.0,24.0,ellipsoid,9,152.1628557533309,10.371424526823501,15.464474517354828,9.64257128225756,0,0.25,2.5928561317058754,3.866118629338707,2.41064282056439,0.016214249655604362,0.00017965398728847504,0.00018870458006858826,False,0,False,,terminated_non_improving_hard_step,False
branch_c90c916c29f02a41ebae,new_center,10,12,g010_p000012_g009_p000045_g008_p000019_g007_p000089_g006_p000043_g005_p000048_g004_p000025_g003_p000067_g002_p000031_g001_p000023_empty,g009_p000045_g008_p000019_g007_p000089_g006_p000043_g005_p000048_g004_p000025_g003_p000067_g002_p000031_g001_p000023_empty,g010_0834e5a8b32721e7_0038,0,7.41101466701366e-05,42.0,11.0,24.0,ellipsoid,9,42.04978689405377,11.848151104769126,10.295153305948263,10.341307642434248,0,0.25,2.9620377761922816,2.573788326487066,2.585326910608562,0.016217587515711784,0.00017961859703063965,0.00019204244017601013,False,0,False,,terminated_non_improving_hard_step,False
branch_c0a4f0eed3b0ed228db6,new_center,10,18,g010_p000018_g009_p000045_g008_p000019_g007_p000089_g006_p000043_g005_p000048_g004_p000025_g003_p000067_g002_p000031_g001_p000023_empty,g009_p000045_g008_p000019_g007_p000089_g006_p000043_g005_p000048_g004_p000025_g003_p000067_g002_p000031_g001_p000023_empty,g010_0834e5a8b32721e7_0038,1,7.358811853919178e-05,42.0,9.0,24.0,ellipsoid,9,144.89699298113956,11.546855245867828,6.2127758627799645,8.974192357048194,0,0.25,2.886713811466957,1.5531939656949911,2.2435480892620485,0.016117816790938377,7.984787225723267e-05,9.227171540260315e-05,False,0,False,,terminated_non_improving_hard_step,False
branch_0c2cef16b1c0be2e90cc,new_center,10,24,g010_p000024_g009_p000004_g008_p000001_g007_p000005_g006_p000001_g005_p000053_g004_p000025_g003_p000067_g002_p000031_g001_p000023_empty,g009_p000004_g008_p000001_g007_p000005_g006_p000001_g005_p000053_g004_p000025_g003_p000067_g002_p000031_g001_p000023_empty,g010_105b9b8d7548c784_0039,0,7.10140448063612e-05,42.0,11.0,24.0,ellipsoid,9,103.1785097770952,11.375675426687746,10.954828752718512,7.4623025690647315,0,0.25,2.8439188566719364,2.738707188179628,1.8655756422661829,0.01617208495736122,0.00013354234397411346,0.00014653988182544708,False,0,False,,terminated_non_improving_hard_step,False
branch_9353cd2710e916dcd3fe,new_center,10,30,g010_p000030_g009_p000004_g008_p000001_g007_p000005_g006_p000001_g005_p000053_g004_p000025_g003_p000067_g002_p000031_g001_p000023_empty,g009_p000004_g008_p000001_g007_p000005_g006_p000001_g005_p000053_g004_p000025_g003_p000067_g002_p000031_g001_p000023_empty,g010_105b9b8d7548c784_0039,1,7.101403025444597e-05,42.0,9.0,24.0,dike_hemisphere,9,161.8026061381342,6.950143629788216,7.741066211870689,10.567421604717396,0,0.25,1.737535907447054,1.9352665529676722,2.641855401179349,0.016051530838012695,1.2988224625587463e-05,2.598576247692108e-05,False,0,False,,terminated_non_improving_hard_step,False
branch_8f8597a0fea007b41f99,new_center,10,36,g010_p000036_g009_p000006_g008_p000001_g007_p000005_g006_p000001_g005_p000053_g004_p000025_g003_p000067_g002_p000031_g001_p000023_empty,g009_p000006_g008_p000001_g007_p000005_g006_p000001_g005_p000053_g004_p000025_g003_p000067_g002_p000031_g001_p000023_empty,g010_8aa80f9e21cfdf1a_0040,0,7.10140448063612e-05,42.0,11.0,24.0,ellipsoid,9,41.84491532077962,7.524188113092606,8.574974575991435,6.189568614682178,0,0.25,1.8810470282731515,2.1437436439978588,1.5473921536705444,0.016105452552437782,6.690993905067444e-05,7.990747690200806e-05,False,0,False,,terminated_non_improving_hard_step,False
branch_b97dad287e516c9af772,new_center,10,42,g010_p000042_g009_p000006_g008_p000001_g007_p000005_g006_p000001_g005_p000053_g004_p000025_g003_p000067_g002_p000031_g001_p000023_empty,g009_p000006_g008_p000001_g007_p000005_g006_p000001_g005_p000053_g004_p000025_g003_p000067_g002_p000031_g001_p000023_empty,g010_8aa80f9e21cfdf1a_0040,1,7.101403025444597e-05,42.0,9.0,24.0,dike_hemisphere,9,8.371193560136163,15.456608795935932,7.43589490281768,7.706339796119849,0,0.25,3.864152198983983,1.85897372570442,1.9265849490299622,0.016138803213834763,0.00010026060044765472,0.00011325813829898834,False,0,False,,terminated_non_improving_hard_step,False
branch_d43d2a30f2a8c948367a,new_center,10,48,g010_p000048_g009_p000010_g008_p000001_g007_p000005_g006_p000001_g005_p000053_g004_p000025_g003_p000067_g002_p000031_g001_p000023_empty,g009_p000010_g008_p000001_g007_p000005_g006_p000001_g005_p000053_g004_p000025_g003_p000067_g002_p000031_g001_p000023_empty,g010_c4a2020c1b5544da_0041,0,7.10140448063612e-05,42.0,11.0,24.0,ellipsoid,9,126.38733347490528,15.781555197214137,14.02351751638702,10.25597695905034,0,0.25,3.9453887993035344,3.505879379096755,2.563994239762585,0.016223547980189323,0.00018500536680221558,0.0001980029046535492,False,0,False,,terminated_non_improving_hard_step,False
branch_1778bc46fbf16c946f10,new_center,10,54,g010_p000054_g009_p000010_g008_p000001_g007_p000005_g006_p000001_g005_p000053_g004_p000025_g003_p000067_g002_p000031_g001_p000023_empty,g009_p000010_g008_p000001_g007_p000005_g006_p000001_g005_p000053_g004_p000025_g003_p000067_g002_p000031_g001_p000023_empty,g010_c4a2020c1b5544da_0041,1,7.101403025444597e-05,42.0,9.0,24.0,ellipsoid,9,63.835502222591,12.80609566373677,12.170059556208118,10.102989383941921,0,0.25,3.2015239159341924,3.0425148890520295,2.5257473459854802,0.01628432609140873,0.0002457834780216217,0.0002587810158729553,False,0,False,,terminated_non_improving_hard_step,False
branch_1a5f49b8b0ff090ddf3d,new_center,10,60,g010_p000060_g009_p000011_g008_p000001_g007_p000005_g006_p000001_g005_p000053_g004_p000025_g003_p000067_g002_p000031_g001_p000023_empty,g009_p000011_g008_p000001_g007_p000005_g006_p000001_g005_p000053_g004_p000025_g003_p000067_g002_p000031_g001_p000023_empty,g010_44e876d58bc672ed_0042,0,7.10140448063612e-05,42.0,11.0,24.0,dike_hemisphere,9,15.289160723924311,8.211961557659837,14.318599972301332,13.37930738495477,0,0.25,2.0529903894149593,3.579649993075333,3.3448268462386923,0.01619628258049488,0.00015773996710777283,0.00017073750495910645,False,0,False,,terminated_non_improving_hard_step,False
branch_3185e7f5ab7f3e43770c,new_center,10,66,g010_p000066_g009_p000011_g008_p000001_g007_p000005_g006_p000001_g005_p000053_g004_p000025_g003_p000067_g002_p000031_g001_p000023_empty,g009_p000011_g008_p000001_g007_p000005_g006_p000001_g005_p000053_g004_p000025_g003_p000067_g002_p000031_g001_p000023_empty,g010_44e876d58bc672ed_0042,1,7.101403025444597e-05,42.0,9.0,24.0,dike_hemisphere,9,164.85306419827356,15.014296879152267,8.060226476790815,13.11070570390183,0,0.25,3.753574219788067,2.0150566191977037,3.2776764259754576,0.01617632620036602,0.00013778358697891235,0.00015078112483024597,False,0,False,,terminated_non_improving_hard_step,False
branch_dab221228465fb00a426,new_center,10,72,g010_p000072_g009_p000051_g008_p000025_g007_p000016_g006_p000007_g005_p000053_g004_p000025_g003_p000067_g002_p000031_g001_p000023_empty,g009_p000051_g008_p000025_g007_p000016_g006_p000007_g005_p000053_g004_p000025_g003_p000067_g002_p000031_g001_p000023_empty,g010_229c9c4bc7057c0f_0043,0,6.89235603203997e-05,42.0,9.0,24.0,ellipsoid,9,124.97297221338228,6.532278019901189,10.147840130616386,10.060949266693978,0,0.25,1.6330695049752972,2.5369600326540964,2.5152373166734945,0.016118386760354042,7.98441469669342e-05,9.284168481826782e-05,False,0,False,,terminated_non_improving_hard_step,False
branch_27d34a0c660ec60386f0,new_center,10,78,g010_p000078_g009_p000051_g008_p000025_g007_p000016_g006_p000007_g005_p000053_g004_p000025_g003_p000067_g002_p000031_g001_p000023_empty,g009_p000051_g008_p000025_g007_p000016_g006_p000007_g005_p000053_g004_p000025_g003_p000067_g002_p000031_g001_p000023_empty,g010_229c9c4bc7057c0f_0043,1,6.892355304444209e-05,42.0,11.0,24.0,ellipsoid,9,91.94910159167202,15.434055673797662,13.652721785913936,13.685605001390169,0,0.25,3.8585139184494155,3.413180446478484,3.421401250347542,0.01614215411245823,0.00010361149907112122,0.00011660903692245483,False,0,False,,terminated_non_improving_hard_step,False
branch_7970b29cf1d26cd0af1c,new_center,10,84,g010_p000084_g009_p000043_g008_p000019_g007_p000089_g006_p000043_g005_p000048_g004_p000025_g003_p000067_g002_p000031_g001_p000023_empty,g009_p000043_g008_p000019_g007_p000089_g006_p000043_g005_p000048_g004_p000025_g003_p000067_g002_p000031_g001_p000023_empty,g010_d54a7e4280da2742_0044,0,6.970633694436401e-05,42.0,11.0,24.0,dike_hemisphere,9,152.42721537366444,7.275028540132807,10.719810177569554,12.201142254966713,0,0.25,1.8187571350332017,2.6799525443923886,3.0502855637416784,0.016057096421718597,1.298263669013977e-05,3.155134618282318e-05,False,0,False,,terminated_non_improving_hard_step,False
branch_3e5c55255cee72b11953,new_center,10,90,g010_p000090_g009_p000043_g008_p000019_g007_p000089_g006_p000043_g005_p000048_g004_p000025_g003_p000067_g002_p000031_g001_p000023_empty,g009_p000043_g008_p000019_g007_p000089_g006_p000043_g005_p000048_g004_p000025_g003_p000067_g002_p000031_g001_p000023_empty,g010_d54a7e4280da2742_0044,1,6.97063296684064e-05,42.0,9.0,24.0,dike_hemisphere,9,49.95323338159385,6.233667927516622,15.454653172253792,10.92410415336909,0,0.25,1.5584169818791556,3.863663293063448,2.7310260383422724,0.01616334356367588,0.00011922977864742279,0.0001377984881401062,False,0,False,,terminated_non_improving_hard_step,False
