sample_id,truth_component_rank,truth_component_voxels,recovered_voxels,recall,candidate_id,retrospective_only,used_for_ranking
0,1,571,218,0.38178633975481613,candidate_000000,True,False
0,2,517,492,0.9516441005802708,candidate_000000,True,False
0,3,487,0,0.0,candidate_000000,True,False
0,4,415,70,0.1686746987951807,candidate_000000,True,False
0,5,301,271,0.9003322259136213,candidate_000000,True,False
1,1,571,496,0.8686514886164624,candidate_000001,True,False
1,2,517,507,0.9806576402321083,candidate_000001,True,False
1,3,487,11,0.022587268993839837,candidate_000001,True,False
1,4,415,79,0.19036144578313252,candidate_000001,True,False
1,5,301,299,0.9933554817275747,candidate_000001,True,False
2,1,571,404,0.7075306479859895,candidate_000002,True,False
2,2,517,407,0.7872340425531915,candidate_000002,True,False
2,3,487,59,0.12114989733059549,candidate_000002,True,False
2,4,415,33,0.07951807228915662,candidate_000002,True,False
2,5,301,257,0.8538205980066446,candidate_000002,True,False
3,1,571,267,0.46760070052539404,candidate_000003,True,False
3,2,517,249,0.4816247582205029,candidate_000003,True,False
3,3,487,0,0.0,candidate_000003,True,False
3,4,415,0,0.0,candidate_000003,True,False
3,5,301,266,0.8837209302325582,candidate_000003,True,False
4,1,571,308,0.5394045534150613,candidate_000004,True,False
4,2,517,447,0.8646034816247582,candidate_000004,True,False
4,3,487,15,0.030800821355236138,candidate_000004,True,False
4,4,415,82,0.19759036144578312,candidate_000004,True,False
4,5,301,244,0.8106312292358804,candidate_000004,True,False
5,1,571,518,0.9071803852889667,candidate_000005,True,False
5,2,517,355,0.6866537717601547,candidate_000005,True,False
5,3,487,0,0.0,candidate_000005,True,False
5,4,415,0,0.0,candidate_000005,True,False
5,5,301,300,0.9966777408637874,candidate_000005,True,False
6,1,571,333,0.5831873905429071,candidate_000006,True,False
6,2,517,382,0.7388781431334622,candidate_000006,True,False
6,3,487,0,0.0,candidate_000006,True,False
6,4,415,2,0.004819277108433735,candidate_000006,True,False
6,5,301,294,0.9767441860465116,candidate_000006,True,False
7,1,571,386,0.6760070052539404,candidate_000007,True,False
7,2,517,481,0.9303675048355899,candidate_000007,True,False
7,3,487,0,0.0,candidate_000007,True,False
7,4,415,87,0.20963855421686747,candidate_000007,True,False
7,5,301,176,0.584717607973422,candidate_000007,True,False
8,1,571,290,0.5078809106830122,candidate_000008,True,False
8,2,517,388,0.7504835589941973,candidate_000008,True,False
8,3,487,42,0.08624229979466119,candidate_000008,True,False
8,4,415,114,0.2746987951807229,candidate_000008,True,False
8,5,301,288,0.9568106312292359,candidate_000008,True,False
9,1,571,22,0.03852889667250438,candidate_000009,True,False
9,2,517,395,0.7640232108317214,candidate_000009,True,False
9,3,487,75,0.1540041067761807,candidate_000009,True,False
9,4,415,0,0.0,candidate_000009,True,False
9,5,301,296,0.9833887043189369,candidate_000009,True,False
10,1,571,292,0.51138353765324,candidate_000010,True,False
10,2,517,494,0.9555125725338491,candidate_000010,True,False
10,3,487,119,0.24435318275154005,candidate_000010,True,False
10,4,415,1,0.0024096385542168677,candidate_000010,True,False
10,5,301,283,0.9401993355481728,candidate_000010,True,False
11,1,571,532,0.9316987740805605,candidate_000011,True,False
11,2,517,369,0.7137330754352031,candidate_000011,True,False
11,3,487,0,0.0,candidate_000011,True,False
11,4,415,0,0.0,candidate_000011,True,False
11,5,301,225,0.7475083056478405,candidate_000011,True,False
12,1,571,536,0.9387040280210157,candidate_000012,True,False
12,2,517,435,0.8413926499032882,candidate_000012,True,False
12,3,487,182,0.3737166324435318,candidate_000012,True,False
12,4,415,0,0.0,candidate_000012,True,False
12,5,301,277,0.920265780730897,candidate_000012,True,False
13,1,571,377,0.660245183887916,candidate_000013,True,False
13,2,517,506,0.9787234042553191,candidate_000013,True,False
13,3,487,0,0.0,candidate_000013,True,False
13,4,415,237,0.5710843373493976,candidate_000013,True,False
13,5,301,294,0.9767441860465116,candidate_000013,True,False
14,1,571,171,0.29947460595446584,candidate_000014,True,False
14,2,517,300,0.5802707930367504,candidate_000014,True,False
14,3,487,0,0.0,candidate_000014,True,False
14,4,415,0,0.0,candidate_000014,True,False
14,5,301,287,0.9534883720930233,candidate_000014,True,False
15,1,571,330,0.5779334500875657,candidate_000015,True,False
15,2,517,399,0.7717601547388782,candidate_000015,True,False
15,3,487,0,0.0,candidate_000015,True,False
15,4,415,357,0.8602409638554217,candidate_000015,True,False
15,5,301,293,0.973421926910299,candidate_000015,True,False
16,1,571,474,0.830122591943958,candidate_000016,True,False
16,2,517,402,0.7775628626692457,candidate_000016,True,False
16,3,487,3,0.006160164271047228,candidate_000016,True,False
16,4,415,0,0.0,candidate_000016,True,False
16,5,301,283,0.9401993355481728,candidate_000016,True,False
17,1,571,301,0.5271453590192644,candidate_000017,True,False
17,2,517,355,0.6866537717601547,candidate_000017,True,False
17,3,487,149,0.3059548254620123,candidate_000017,True,False
17,4,415,11,0.02650602409638554,candidate_000017,True,False
17,5,301,272,0.9036544850498339,candidate_000017,True,False
18,1,571,260,0.4553415061295972,candidate_000018,True,False
18,2,517,445,0.8607350096711799,candidate_000018,True,False
18,3,487,0,0.0,candidate_000018,True,False
18,4,415,48,0.11566265060240964,candidate_000018,True,False
18,5,301,292,0.9700996677740864,candidate_000018,True,False
19,1,571,425,0.7443082311733801,candidate_000019,True,False
19,2,517,459,0.8878143133462283,candidate_000019,True,False
19,3,487,0,0.0,candidate_000019,True,False
19,4,415,180,0.43373493975903615,candidate_000019,True,False
19,5,301,301,1.0,candidate_000019,True,False
20,1,571,375,0.6567425569176882,candidate_000020,True,False
20,2,517,409,0.7911025145067698,candidate_000020,True,False
20,3,487,63,0.1293634496919918,candidate_000020,True,False
20,4,415,108,0.26024096385542167,candidate_000020,True,False
20,5,301,278,0.9235880398671097,candidate_000020,True,False
21,1,571,225,0.39404553415061294,candidate_000021,True,False
21,2,517,486,0.9400386847195358,candidate_000021,True,False
21,3,487,45,0.09240246406570841,candidate_000021,True,False
21,4,415,0,0.0,candidate_000021,True,False
21,5,301,279,0.9269102990033222,candidate_000021,True,False
22,1,571,382,0.6690017513134852,candidate_000022,True,False
22,2,517,383,0.7408123791102514,candidate_000022,True,False
22,3,487,0,0.0,candidate_000022,True,False
22,4,415,15,0.03614457831325301,candidate_000022,True,False
22,5,301,266,0.8837209302325582,candidate_000022,True,False
23,1,571,429,0.7513134851138353,candidate_000023,True,False
23,2,517,442,0.8549323017408124,candidate_000023,True,False
23,3,487,0,0.0,candidate_000023,True,False
23,4,415,25,0.060240963855421686,candidate_000023,True,False
23,5,301,294,0.9767441860465116,candidate_000023,True,False
24,1,571,490,0.8581436077057794,candidate_000024,True,False
24,2,517,323,0.6247582205029013,candidate_000024,True,False
24,3,487,9,0.018480492813141684,candidate_000024,True,False
24,4,415,5,0.012048192771084338,candidate_000024,True,False
24,5,301,283,0.9401993355481728,candidate_000024,True,False
25,1,571,63,0.11033274956217162,candidate_000025,True,False
25,2,517,365,0.7059961315280464,candidate_000025,True,False
25,3,487,104,0.2135523613963039,candidate_000025,True,False
25,4,415,53,0.12771084337349398,candidate_000025,True,False
25,5,301,283,0.9401993355481728,candidate_000025,True,False
26,1,571,145,0.2539404553415061,candidate_000026,True,False
26,2,517,418,0.8085106382978723,candidate_000026,True,False
26,3,487,47,0.09650924024640657,candidate_000026,True,False
26,4,415,179,0.43132530120481927,candidate_000026,True,False
26,5,301,291,0.9667774086378738,candidate_000026,True,False
27,1,571,348,0.6094570928196147,candidate_000027,True,False
27,2,517,462,0.8936170212765957,candidate_000027,True,False
27,3,487,0,0.0,candidate_000027,True,False
27,4,415,222,0.5349397590361445,candidate_000027,True,False
27,5,301,298,0.9900332225913622,candidate_000027,True,False
28,1,571,472,0.8266199649737302,candidate_000028,True,False
28,2,517,511,0.988394584139265,candidate_000028,True,False
28,3,487,0,0.0,candidate_000028,True,False
28,4,415,1,0.0024096385542168677,candidate_000028,True,False
28,5,301,301,1.0,candidate_000028,True,False
29,1,571,342,0.5989492119089317,candidate_000029,True,False
29,2,517,469,0.90715667311412,candidate_000029,True,False
29,3,487,268,0.5503080082135524,candidate_000029,True,False
29,4,415,119,0.28674698795180725,candidate_000029,True,False
29,5,301,301,1.0,candidate_000029,True,False
30,1,571,295,0.5166374781085814,candidate_000030,True,False
30,2,517,509,0.9845261121856866,candidate_000030,True,False
30,3,487,0,0.0,candidate_000030,True,False
30,4,415,37,0.0891566265060241,candidate_000030,True,False
30,5,301,290,0.9634551495016611,candidate_000030,True,False
31,1,571,438,0.7670753064798599,candidate_000031,True,False
31,2,517,441,0.8529980657640233,candidate_000031,True,False
31,3,487,0,0.0,candidate_000031,True,False
31,4,415,0,0.0,candidate_000031,True,False
31,5,301,271,0.9003322259136213,candidate_000031,True,False
32,1,571,92,0.16112084063047286,candidate_000032,True,False
32,2,517,349,0.6750483558994197,candidate_000032,True,False
32,3,487,0,0.0,candidate_000032,True,False
32,4,415,0,0.0,candidate_000032,True,False
32,5,301,270,0.8970099667774086,candidate_000032,True,False
33,1,571,209,0.3660245183887916,candidate_000033,True,False
33,2,517,390,0.7543520309477756,candidate_000033,True,False
33,3,487,0,0.0,candidate_000033,True,False
33,4,415,85,0.20481927710843373,candidate_000033,True,False
33,5,301,231,0.7674418604651163,candidate_000033,True,False
34,1,571,396,0.6935201401050788,candidate_000034,True,False
34,2,517,411,0.7949709864603481,candidate_000034,True,False
34,3,487,4,0.008213552361396304,candidate_000034,True,False
34,4,415,18,0.043373493975903614,candidate_000034,True,False
34,5,301,256,0.8504983388704319,candidate_000034,True,False
35,1,571,336,0.5884413309982487,candidate_000035,True,False
35,2,517,422,0.816247582205029,candidate_000035,True,False
35,3,487,17,0.03490759753593429,candidate_000035,True,False
35,4,415,205,0.4939759036144578,candidate_000035,True,False
35,5,301,267,0.8870431893687708,candidate_000035,True,False
36,1,571,177,0.30998248686514884,candidate_000036,True,False
36,2,517,416,0.804642166344294,candidate_000036,True,False
36,3,487,51,0.10472279260780287,candidate_000036,True,False
36,4,415,3,0.007228915662650603,candidate_000036,True,False
36,5,301,298,0.9900332225913622,candidate_000036,True,False
37,1,571,261,0.45709281961471104,candidate_000037,True,False
37,2,517,517,1.0,candidate_000037,True,False
37,3,487,2,0.004106776180698152,candidate_000037,True,False
37,4,415,0,0.0,candidate_000037,True,False
37,5,301,279,0.9269102990033222,candidate_000037,True,False
38,1,571,307,0.5376532399299475,candidate_000038,True,False
38,2,517,359,0.6943907156673114,candidate_000038,True,False
38,3,487,0,0.0,candidate_000038,True,False
38,4,415,0,0.0,candidate_000038,True,False
38,5,301,300,0.9966777408637874,candidate_000038,True,False
39,1,571,110,0.19264448336252188,candidate_000039,True,False
39,2,517,408,0.7891682785299806,candidate_000039,True,False
39,3,487,0,0.0,candidate_000039,True,False
39,4,415,4,0.00963855421686747,candidate_000039,True,False
39,5,301,301,1.0,candidate_000039,True,False
40,1,571,128,0.22416812609457093,candidate_000040,True,False
40,2,517,482,0.9323017408123792,candidate_000040,True,False
40,3,487,10,0.02053388090349076,candidate_000040,True,False
40,4,415,68,0.163855421686747,candidate_000040,True,False
40,5,301,301,1.0,candidate_000040,True,False
41,1,571,351,0.6147110332749562,candidate_000041,True,False
41,2,517,517,1.0,candidate_000041,True,False
41,3,487,58,0.11909650924024641,candidate_000041,True,False
41,4,415,189,0.45542168674698796,candidate_000041,True,False
41,5,301,149,0.4950166112956811,candidate_000041,True,False
42,1,571,478,0.8371278458844134,candidate_000042,True,False
42,2,517,474,0.9168278529980658,candidate_000042,True,False
42,3,487,154,0.3162217659137577,candidate_000042,True,False
42,4,415,36,0.08674698795180723,candidate_000042,True,False
42,5,301,301,1.0,candidate_000042,True,False
43,1,571,482,0.8441330998248686,candidate_000043,True,False
43,2,517,458,0.8858800773694391,candidate_000043,True,False
43,3,487,292,0.5995893223819302,candidate_000043,True,False
43,4,415,73,0.17590361445783131,candidate_000043,True,False
43,5,301,301,1.0,candidate_000043,True,False
44,1,571,451,0.7898423817863398,candidate_000044,True,False
44,2,517,427,0.8259187620889749,candidate_000044,True,False
44,3,487,426,0.8747433264887063,candidate_000044,True,False
44,4,415,194,0.4674698795180723,candidate_000044,True,False
44,5,301,289,0.9601328903654485,candidate_000044,True,False
45,1,571,245,0.4290718038528897,candidate_000045,True,False
45,2,517,497,0.9613152804642167,candidate_000045,True,False
45,3,487,7,0.014373716632443531,candidate_000045,True,False
45,4,415,22,0.05301204819277108,candidate_000045,True,False
45,5,301,295,0.9800664451827242,candidate_000045,True,False
46,1,571,387,0.6777583187390543,candidate_000046,True,False
46,2,517,347,0.6711798839458414,candidate_000046,True,False
46,3,487,11,0.022587268993839837,candidate_000046,True,False
46,4,415,367,0.8843373493975903,candidate_000046,True,False
46,5,301,295,0.9800664451827242,candidate_000046,True,False
47,1,571,407,0.712784588441331,candidate_000047,True,False
47,2,517,457,0.8839458413926499,candidate_000047,True,False
47,3,487,0,0.0,candidate_000047,True,False
47,4,415,46,0.1108433734939759,candidate_000047,True,False
47,5,301,300,0.9966777408637874,candidate_000047,True,False
48,1,571,467,0.8178633975481612,candidate_000048,True,False
48,2,517,477,0.9226305609284333,candidate_000048,True,False
48,3,487,0,0.0,candidate_000048,True,False
48,4,415,0,0.0,candidate_000048,True,False
48,5,301,256,0.8504983388704319,candidate_000048,True,False
49,1,571,558,0.9772329246935202,candidate_000049,True,False
49,2,517,381,0.7369439071566731,candidate_000049,True,False
49,3,487,0,0.0,candidate_000049,True,False
49,4,415,3,0.007228915662650603,candidate_000049,True,False
49,5,301,242,0.8039867109634552,candidate_000049,True,False
50,1,571,136,0.2381786339754816,candidate_000050,True,False
50,2,517,348,0.6731141199226306,candidate_000050,True,False
50,3,487,68,0.13963039014373715,candidate_000050,True,False
50,4,415,55,0.13253012048192772,candidate_000050,True,False
50,5,301,301,1.0,candidate_000050,True,False
51,1,571,171,0.29947460595446584,candidate_000051,True,False
51,2,517,483,0.9342359767891683,candidate_000051,True,False
51,3,487,371,0.7618069815195072,candidate_000051,True,False
51,4,415,0,0.0,candidate_000051,True,False
51,5,301,233,0.7740863787375415,candidate_000051,True,False
52,1,571,295,0.5166374781085814,candidate_000052,True,False
52,2,517,504,0.9748549323017408,candidate_000052,True,False
52,3,487,3,0.006160164271047228,candidate_000052,True,False
52,4,415,0,0.0,candidate_000052,True,False
52,5,301,254,0.8438538205980066,candidate_000052,True,False
53,1,571,251,0.4395796847635727,candidate_000053,True,False
53,2,517,404,0.781431334622824,candidate_000053,True,False
53,3,487,99,0.2032854209445585,candidate_000053,True,False
53,4,415,0,0.0,candidate_000053,True,False
53,5,301,294,0.9767441860465116,candidate_000053,True,False
54,1,571,180,0.31523642732049034,candidate_000054,True,False
54,2,517,509,0.9845261121856866,candidate_000054,True,False
54,3,487,22,0.045174537987679675,candidate_000054,True,False
54,4,415,125,0.30120481927710846,candidate_000054,True,False
54,5,301,280,0.9302325581395349,candidate_000054,True,False
55,1,571,85,0.14886164623467601,candidate_000055,True,False
55,2,517,368,0.7117988394584139,candidate_000055,True,False
55,3,487,225,0.4620123203285421,candidate_000055,True,False
55,4,415,0,0.0,candidate_000055,True,False
55,5,301,301,1.0,candidate_000055,True,False
56,1,571,414,0.7250437828371279,candidate_000056,True,False
56,2,517,338,0.6537717601547389,candidate_000056,True,False
56,3,487,0,0.0,candidate_000056,True,False
56,4,415,0,0.0,candidate_000056,True,False
56,5,301,267,0.8870431893687708,candidate_000056,True,False
57,1,571,201,0.3520140105078809,candidate_000057,True,False
57,2,517,494,0.9555125725338491,candidate_000057,True,False
57,3,487,95,0.19507186858316222,candidate_000057,True,False
57,4,415,28,0.06746987951807229,candidate_000057,True,False
57,5,301,280,0.9302325581395349,candidate_000057,True,False
58,1,571,268,0.46935201401050786,candidate_000058,True,False
58,2,517,408,0.7891682785299806,candidate_000058,True,False
58,3,487,0,0.0,candidate_000058,True,False
58,4,415,0,0.0,candidate_000058,True,False
58,5,301,289,0.9601328903654485,candidate_000058,True,False
59,1,571,356,0.6234676007005254,candidate_000059,True,False
59,2,517,494,0.9555125725338491,candidate_000059,True,False
59,3,487,0,0.0,candidate_000059,True,False
59,4,415,175,0.42168674698795183,candidate_000059,True,False
59,5,301,301,1.0,candidate_000059,True,False
60,1,571,236,0.4133099824868651,candidate_000060,True,False
60,2,517,416,0.804642166344294,candidate_000060,True,False
60,3,487,336,0.6899383983572895,candidate_000060,True,False
60,4,415,104,0.25060240963855424,candidate_000060,True,False
60,5,301,297,0.9867109634551495,candidate_000060,True,False
61,1,571,443,0.7758318739054291,candidate_000061,True,False
61,2,517,480,0.9284332688588007,candidate_000061,True,False
61,3,487,0,0.0,candidate_000061,True,False
61,4,415,0,0.0,candidate_000061,True,False
61,5,301,301,1.0,candidate_000061,True,False
62,1,571,397,0.6952714535901926,candidate_000062,True,False
62,2,517,434,0.839458413926499,candidate_000062,True,False
62,3,487,0,0.0,candidate_000062,True,False
62,4,415,45,0.10843373493975904,candidate_000062,True,False
62,5,301,301,1.0,candidate_000062,True,False
63,1,571,355,0.6217162872154116,candidate_000063,True,False
63,2,517,229,0.44294003868471954,candidate_000063,True,False
63,3,487,13,0.026694045174537988,candidate_000063,True,False
63,4,415,0,0.0,candidate_000063,True,False
63,5,301,297,0.9867109634551495,candidate_000063,True,False
64,1,571,238,0.4168126094570928,candidate_000064,True,False
64,2,517,495,0.9574468085106383,candidate_000064,True,False
64,3,487,2,0.004106776180698152,candidate_000064,True,False
64,4,415,33,0.07951807228915662,candidate_000064,True,False
64,5,301,240,0.7973421926910299,candidate_000064,True,False
65,1,571,136,0.2381786339754816,candidate_000065,True,False
65,2,517,484,0.9361702127659575,candidate_000065,True,False
65,3,487,7,0.014373716632443531,candidate_000065,True,False
65,4,415,10,0.024096385542168676,candidate_000065,True,False
65,5,301,281,0.9335548172757475,candidate_000065,True,False
66,1,571,400,0.7005253940455342,candidate_000066,True,False
66,2,517,378,0.7311411992263056,candidate_000066,True,False
66,3,487,0,0.0,candidate_000066,True,False
66,4,415,159,0.38313253012048193,candidate_000066,True,False
66,5,301,218,0.7242524916943521,candidate_000066,True,False
67,1,571,446,0.7810858143607706,candidate_000067,True,False
67,2,517,461,0.8916827852998066,candidate_000067,True,False
67,3,487,149,0.3059548254620123,candidate_000067,True,False
67,4,415,0,0.0,candidate_000067,True,False
67,5,301,282,0.9368770764119602,candidate_000067,True,False
68,1,571,128,0.22416812609457093,candidate_000068,True,False
68,2,517,339,0.655705996131528,candidate_000068,True,False
68,3,487,19,0.039014373716632446,candidate_000068,True,False
68,4,415,88,0.21204819277108433,candidate_000068,True,False
68,5,301,287,0.9534883720930233,candidate_000068,True,False
69,1,571,404,0.7075306479859895,candidate_000069,True,False
69,2,517,468,0.9052224371373307,candidate_000069,True,False
69,3,487,0,0.0,candidate_000069,True,False
69,4,415,0,0.0,candidate_000069,True,False
69,5,301,290,0.9634551495016611,candidate_000069,True,False
70,1,571,200,0.3502626970227671,candidate_000070,True,False
70,2,517,329,0.6363636363636364,candidate_000070,True,False
70,3,487,48,0.09856262833675565,candidate_000070,True,False
70,4,415,224,0.5397590361445783,candidate_000070,True,False
70,5,301,256,0.8504983388704319,candidate_000070,True,False
71,1,571,312,0.5464098073555166,candidate_000071,True,False
71,2,517,422,0.816247582205029,candidate_000071,True,False
71,3,487,155,0.3182751540041068,candidate_000071,True,False
71,4,415,0,0.0,candidate_000071,True,False
71,5,301,290,0.9634551495016611,candidate_000071,True,False
72,1,571,254,0.4448336252189142,candidate_000072,True,False
72,2,517,280,0.5415860735009671,candidate_000072,True,False
72,3,487,0,0.0,candidate_000072,True,False
72,4,415,42,0.10120481927710843,candidate_000072,True,False
72,5,301,171,0.5681063122923588,candidate_000072,True,False
73,1,571,450,0.7880910683012259,candidate_000073,True,False
73,2,517,497,0.9613152804642167,candidate_000073,True,False
73,3,487,21,0.043121149897330596,candidate_000073,True,False
73,4,415,92,0.2216867469879518,candidate_000073,True,False
73,5,301,222,0.7375415282392026,candidate_000073,True,False
74,1,571,264,0.46234676007005254,candidate_000074,True,False
74,2,517,226,0.437137330754352,candidate_000074,True,False
74,3,487,7,0.014373716632443531,candidate_000074,True,False
74,4,415,61,0.14698795180722893,candidate_000074,True,False
74,5,301,301,1.0,candidate_000074,True,False
75,1,571,322,0.563922942206655,candidate_000075,True,False
75,2,517,473,0.9148936170212766,candidate_000075,True,False
75,3,487,126,0.2587268993839836,candidate_000075,True,False
75,4,415,1,0.0024096385542168677,candidate_000075,True,False
75,5,301,301,1.0,candidate_000075,True,False
76,1,571,528,0.9246935201401051,candidate_000076,True,False
76,2,517,438,0.8471953578336557,candidate_000076,True,False
76,3,487,236,0.48459958932238195,candidate_000076,True,False
76,4,415,0,0.0,candidate_000076,True,False
76,5,301,292,0.9700996677740864,candidate_000076,True,False
77,1,571,410,0.7180385288966725,candidate_000077,True,False
77,2,517,462,0.8936170212765957,candidate_000077,True,False
77,3,487,16,0.03285420944558522,candidate_000077,True,False
77,4,415,0,0.0,candidate_000077,True,False
77,5,301,285,0.946843853820598,candidate_000077,True,False
78,1,571,62,0.1085814360770578,candidate_000078,True,False
78,2,517,356,0.688588007736944,candidate_000078,True,False
78,3,487,0,0.0,candidate_000078,True,False
78,4,415,0,0.0,candidate_000078,True,False
78,5,301,275,0.9136212624584718,candidate_000078,True,False
79,1,571,497,0.8704028021015762,candidate_000079,True,False
79,2,517,262,0.5067698259187621,candidate_000079,True,False
79,3,487,0,0.0,candidate_000079,True,False
79,4,415,288,0.6939759036144578,candidate_000079,True,False
79,5,301,301,1.0,candidate_000079,True,False
80,1,571,502,0.8791593695271454,candidate_000080,True,False
80,2,517,479,0.9264990328820116,candidate_000080,True,False
80,3,487,61,0.12525667351129363,candidate_000080,True,False
80,4,415,20,0.04819277108433735,candidate_000080,True,False
80,5,301,289,0.9601328903654485,candidate_000080,True,False
81,1,571,249,0.436077057793345,candidate_000081,True,False
81,2,517,313,0.6054158607350096,candidate_000081,True,False
81,3,487,0,0.0,candidate_000081,True,False
81,4,415,0,0.0,candidate_000081,True,False
81,5,301,293,0.973421926910299,candidate_000081,True,False
82,1,571,322,0.563922942206655,candidate_000082,True,False
82,2,517,517,1.0,candidate_000082,True,False
82,3,487,0,0.0,candidate_000082,True,False
82,4,415,0,0.0,candidate_000082,True,False
82,5,301,284,0.9435215946843853,candidate_000082,True,False
83,1,571,464,0.8126094570928196,candidate_000083,True,False
83,2,517,472,0.9129593810444874,candidate_000083,True,False
83,3,487,0,0.0,candidate_000083,True,False
83,4,415,10,0.024096385542168676,candidate_000083,True,False
83,5,301,279,0.9269102990033222,candidate_000083,True,False
84,1,571,455,0.7968476357267951,candidate_000084,True,False
84,2,517,369,0.7137330754352031,candidate_000084,True,False
84,3,487,0,0.0,candidate_000084,True,False
84,4,415,92,0.2216867469879518,candidate_000084,True,False
84,5,301,192,0.6378737541528239,candidate_000084,True,False
85,1,571,223,0.3905429071803853,candidate_000085,True,False
85,2,517,439,0.8491295938104448,candidate_000085,True,False
85,3,487,0,0.0,candidate_000085,True,False
85,4,415,0,0.0,candidate_000085,True,False
85,5,301,298,0.9900332225913622,candidate_000085,True,False
86,1,571,210,0.36777583187390545,candidate_000086,True,False
86,2,517,418,0.8085106382978723,candidate_000086,True,False
86,3,487,0,0.0,candidate_000086,True,False
86,4,415,69,0.16626506024096385,candidate_000086,True,False
86,5,301,224,0.7441860465116279,candidate_000086,True,False
87,1,571,569,0.9964973730297724,candidate_000087,True,False
87,2,517,371,0.7176015473887815,candidate_000087,True,False
87,3,487,189,0.38809034907597534,candidate_000087,True,False
87,4,415,0,0.0,candidate_000087,True,False
87,5,301,287,0.9534883720930233,candidate_000087,True,False
88,1,571,421,0.7373029772329247,candidate_000088,True,False
88,2,517,511,0.988394584139265,candidate_000088,True,False
88,3,487,39,0.08008213552361396,candidate_000088,True,False
88,4,415,0,0.0,candidate_000088,True,False
88,5,301,262,0.8704318936877077,candidate_000088,True,False
89,1,571,481,0.8423817863397548,candidate_000089,True,False
89,2,517,314,0.6073500967117988,candidate_000089,True,False
89,3,487,0,0.0,candidate_000089,True,False
89,4,415,109,0.26265060240963856,candidate_000089,True,False
89,5,301,290,0.9634551495016611,candidate_000089,True,False
90,1,571,369,0.6462346760070052,candidate_000090,True,False
90,2,517,477,0.9226305609284333,candidate_000090,True,False
90,3,487,1,0.002053388090349076,candidate_000090,True,False
90,4,415,0,0.0,candidate_000090,True,False
90,5,301,298,0.9900332225913622,candidate_000090,True,False
91,1,571,432,0.7565674255691769,candidate_000091,True,False
91,2,517,398,0.769825918762089,candidate_000091,True,False
91,3,487,0,0.0,candidate_000091,True,False
91,4,415,92,0.2216867469879518,candidate_000091,True,False
91,5,301,288,0.9568106312292359,candidate_000091,True,False
92,1,571,396,0.6935201401050788,candidate_000092,True,False
92,2,517,429,0.8297872340425532,candidate_000092,True,False
92,3,487,89,0.18275154004106775,candidate_000092,True,False
92,4,415,90,0.21686746987951808,candidate_000092,True,False
92,5,301,295,0.9800664451827242,candidate_000092,True,False
93,1,571,445,0.7793345008756567,candidate_000093,True,False
93,2,517,304,0.5880077369439072,candidate_000093,True,False
93,3,487,95,0.19507186858316222,candidate_000093,True,False
93,4,415,15,0.03614457831325301,candidate_000093,True,False
93,5,301,261,0.867109634551495,candidate_000093,True,False
94,1,571,444,0.7775831873905429,candidate_000094,True,False
94,2,517,422,0.816247582205029,candidate_000094,True,False
94,3,487,6,0.012320328542094456,candidate_000094,True,False
94,4,415,216,0.5204819277108433,candidate_000094,True,False
94,5,301,287,0.9534883720930233,candidate_000094,True,False
95,1,571,120,0.21015761821366025,candidate_000095,True,False
95,2,517,493,0.9535783365570599,candidate_000095,True,False
95,3,487,0,0.0,candidate_000095,True,False
95,4,415,61,0.14698795180722893,candidate_000095,True,False
95,5,301,289,0.9601328903654485,candidate_000095,True,False
96,1,571,206,0.3607705779334501,candidate_000096,True,False
96,2,517,225,0.43520309477756286,candidate_000096,True,False
96,3,487,0,0.0,candidate_000096,True,False
96,4,415,40,0.0963855421686747,candidate_000096,True,False
96,5,301,247,0.8205980066445183,candidate_000096,True,False
97,1,571,297,0.5201401050788091,candidate_000097,True,False
97,2,517,438,0.8471953578336557,candidate_000097,True,False
97,3,487,133,0.2731006160164271,candidate_000097,True,False
97,4,415,0,0.0,candidate_000097,True,False
97,5,301,288,0.9568106312292359,candidate_000097,True,False
98,1,571,282,0.4938704028021016,candidate_000098,True,False
98,2,517,440,0.851063829787234,candidate_000098,True,False
98,3,487,57,0.11704312114989733,candidate_000098,True,False
98,4,415,0,0.0,candidate_000098,True,False
98,5,301,301,1.0,candidate_000098,True,False
99,1,571,212,0.3712784588441331,candidate_000099,True,False
99,2,517,403,0.7794970986460348,candidate_000099,True,False
99,3,487,6,0.012320328542094456,candidate_000099,True,False
99,4,415,5,0.012048192771084338,candidate_000099,True,False
99,5,301,294,0.9767441860465116,candidate_000099,True,False
100,1,571,537,0.9404553415061296,candidate_000100,True,False
100,2,517,425,0.8220502901353965,candidate_000100,True,False
100,3,487,0,0.0,candidate_000100,True,False
100,4,415,62,0.1493975903614458,candidate_000100,True,False
100,5,301,299,0.9933554817275747,candidate_000100,True,False
101,1,571,417,0.7302977232924693,candidate_000101,True,False
101,2,517,461,0.8916827852998066,candidate_000101,True,False
101,3,487,8,0.01642710472279261,candidate_000101,True,False
101,4,415,19,0.04578313253012048,candidate_000101,True,False
101,5,301,293,0.973421926910299,candidate_000101,True,False
102,1,571,135,0.23642732049036777,candidate_000102,True,False
102,2,517,380,0.7350096711798839,candidate_000102,True,False
102,3,487,254,0.5215605749486653,candidate_000102,True,False
102,4,415,193,0.4650602409638554,candidate_000102,True,False
102,5,301,283,0.9401993355481728,candidate_000102,True,False
103,1,571,296,0.5183887915936952,candidate_000103,True,False
103,2,517,316,0.6112185686653772,candidate_000103,True,False
103,3,487,0,0.0,candidate_000103,True,False
103,4,415,0,0.0,candidate_000103,True,False
103,5,301,262,0.8704318936877077,candidate_000103,True,False
104,1,571,246,0.4308231173380035,candidate_000104,True,False
104,2,517,278,0.5377176015473888,candidate_000104,True,False
104,3,487,33,0.06776180698151951,candidate_000104,True,False
104,4,415,0,0.0,candidate_000104,True,False
104,5,301,297,0.9867109634551495,candidate_000104,True,False
105,1,571,206,0.3607705779334501,candidate_000105,True,False
105,2,517,277,0.5357833655705996,candidate_000105,True,False
105,3,487,3,0.006160164271047228,candidate_000105,True,False
105,4,415,0,0.0,candidate_000105,True,False
105,5,301,288,0.9568106312292359,candidate_000105,True,False
106,1,571,207,0.36252189141856395,candidate_000106,True,False
106,2,517,497,0.9613152804642167,candidate_000106,True,False
106,3,487,11,0.022587268993839837,candidate_000106,True,False
106,4,415,8,0.01927710843373494,candidate_000106,True,False
106,5,301,289,0.9601328903654485,candidate_000106,True,False
107,1,571,239,0.4185639229422067,candidate_000107,True,False
107,2,517,493,0.9535783365570599,candidate_000107,True,False
107,3,487,0,0.0,candidate_000107,True,False
107,4,415,26,0.06265060240963856,candidate_000107,True,False
107,5,301,278,0.9235880398671097,candidate_000107,True,False
108,1,571,245,0.4290718038528897,candidate_000108,True,False
108,2,517,393,0.7601547388781431,candidate_000108,True,False
108,3,487,76,0.15605749486652978,candidate_000108,True,False
108,4,415,124,0.2987951807228916,candidate_000108,True,False
108,5,301,283,0.9401993355481728,candidate_000108,True,False
109,1,571,87,0.15236427320490367,candidate_000109,True,False
109,2,517,452,0.874274661508704,candidate_000109,True,False
109,3,487,0,0.0,candidate_000109,True,False
109,4,415,0,0.0,candidate_000109,True,False
109,5,301,265,0.8803986710963455,candidate_000109,True,False
110,1,571,256,0.44833625218914186,candidate_000110,True,False
110,2,517,379,0.7330754352030948,candidate_000110,True,False
110,3,487,121,0.24845995893223818,candidate_000110,True,False
110,4,415,49,0.1180722891566265,candidate_000110,True,False
110,5,301,299,0.9933554817275747,candidate_000110,True,False
111,1,571,504,0.882661996497373,candidate_000111,True,False
111,2,517,515,0.9961315280464217,candidate_000111,True,False
111,3,487,0,0.0,candidate_000111,True,False
111,4,415,11,0.02650602409638554,candidate_000111,True,False
111,5,301,278,0.9235880398671097,candidate_000111,True,False
112,1,571,346,0.6059544658493871,candidate_000112,True,False
112,2,517,335,0.6479690522243714,candidate_000112,True,False
112,3,487,0,0.0,candidate_000112,True,False
112,4,415,0,0.0,candidate_000112,True,False
112,5,301,258,0.8571428571428571,candidate_000112,True,False
113,1,571,386,0.6760070052539404,candidate_000113,True,False
113,2,517,416,0.804642166344294,candidate_000113,True,False
113,3,487,0,0.0,candidate_000113,True,False
113,4,415,0,0.0,candidate_000113,True,False
113,5,301,211,0.7009966777408638,candidate_000113,True,False
114,1,571,282,0.4938704028021016,candidate_000114,True,False
114,2,517,493,0.9535783365570599,candidate_000114,True,False
114,3,487,5,0.01026694045174538,candidate_000114,True,False
114,4,415,7,0.016867469879518072,candidate_000114,True,False
114,5,301,301,1.0,candidate_000114,True,False
115,1,571,453,0.7933450087565674,candidate_000115,True,False
115,2,517,189,0.3655705996131528,candidate_000115,True,False
115,3,487,32,0.06570841889117043,candidate_000115,True,False
115,4,415,157,0.3783132530120482,candidate_000115,True,False
115,5,301,297,0.9867109634551495,candidate_000115,True,False
116,1,571,519,0.9089316987740805,candidate_000116,True,False
116,2,517,517,1.0,candidate_000116,True,False
116,3,487,12,0.024640657084188913,candidate_000116,True,False
116,4,415,18,0.043373493975903614,candidate_000116,True,False
116,5,301,293,0.973421926910299,candidate_000116,True,False
117,1,571,456,0.7985989492119089,candidate_000117,True,False
117,2,517,492,0.9516441005802708,candidate_000117,True,False
117,3,487,0,0.0,candidate_000117,True,False
117,4,415,102,0.2457831325301205,candidate_000117,True,False
117,5,301,260,0.8637873754152824,candidate_000117,True,False
118,1,571,479,0.8388791593695272,candidate_000118,True,False
118,2,517,368,0.7117988394584139,candidate_000118,True,False
118,3,487,0,0.0,candidate_000118,True,False
118,4,415,13,0.03132530120481928,candidate_000118,True,False
118,5,301,291,0.9667774086378738,candidate_000118,True,False
119,1,571,179,0.3134851138353765,candidate_000119,True,False
119,2,517,338,0.6537717601547389,candidate_000119,True,False
119,3,487,139,0.28542094455852157,candidate_000119,True,False
119,4,415,0,0.0,candidate_000119,True,False
119,5,301,294,0.9767441860465116,candidate_000119,True,False
120,1,571,135,0.23642732049036777,candidate_000120,True,False
120,2,517,318,0.6150870406189555,candidate_000120,True,False
120,3,487,0,0.0,candidate_000120,True,False
120,4,415,45,0.10843373493975904,candidate_000120,True,False
120,5,301,301,1.0,candidate_000120,True,False
121,1,571,149,0.2609457092819615,candidate_000121,True,False
121,2,517,361,0.6982591876208898,candidate_000121,True,False
121,3,487,73,0.14989733059548255,candidate_000121,True,False
121,4,415,39,0.09397590361445783,candidate_000121,True,False
121,5,301,301,1.0,candidate_000121,True,False
122,1,571,212,0.3712784588441331,candidate_000122,True,False
122,2,517,372,0.7195357833655706,candidate_000122,True,False
122,3,487,0,0.0,candidate_000122,True,False
122,4,415,0,0.0,candidate_000122,True,False
122,5,301,301,1.0,candidate_000122,True,False
123,1,571,330,0.5779334500875657,candidate_000123,True,False
123,2,517,295,0.5705996131528046,candidate_000123,True,False
123,3,487,123,0.25256673511293637,candidate_000123,True,False
123,4,415,0,0.0,candidate_000123,True,False
123,5,301,301,1.0,candidate_000123,True,False
124,1,571,387,0.6777583187390543,candidate_000124,True,False
124,2,517,367,0.7098646034816247,candidate_000124,True,False
124,3,487,23,0.04722792607802875,candidate_000124,True,False
124,4,415,0,0.0,candidate_000124,True,False
124,5,301,299,0.9933554817275747,candidate_000124,True,False
125,1,571,319,0.5586690017513135,candidate_000125,True,False
125,2,517,215,0.4158607350096712,candidate_000125,True,False
125,3,487,0,0.0,candidate_000125,True,False
125,4,415,133,0.3204819277108434,candidate_000125,True,False
125,5,301,272,0.9036544850498339,candidate_000125,True,False
126,1,571,61,0.10683012259194395,candidate_000126,True,False
126,2,517,515,0.9961315280464217,candidate_000126,True,False
126,3,487,0,0.0,candidate_000126,True,False
126,4,415,0,0.0,candidate_000126,True,False
126,5,301,284,0.9435215946843853,candidate_000126,True,False
127,1,571,429,0.7513134851138353,candidate_000127,True,False
127,2,517,472,0.9129593810444874,candidate_000127,True,False
127,3,487,16,0.03285420944558522,candidate_000127,True,False
127,4,415,228,0.5493975903614458,candidate_000127,True,False
127,5,301,266,0.8837209302325582,candidate_000127,True,False
128,1,571,59,0.10332749562171628,candidate_000128,True,False
128,2,517,494,0.9555125725338491,candidate_000128,True,False
128,3,487,0,0.0,candidate_000128,True,False
128,4,415,165,0.39759036144578314,candidate_000128,True,False
128,5,301,270,0.8970099667774086,candidate_000128,True,False
129,1,571,352,0.6164623467600701,candidate_000129,True,False
129,2,517,504,0.9748549323017408,candidate_000129,True,False
129,3,487,7,0.014373716632443531,candidate_000129,True,False
129,4,415,88,0.21204819277108433,candidate_000129,True,False
129,5,301,263,0.8737541528239202,candidate_000129,True,False
130,1,571,203,0.3555166374781086,candidate_000130,True,False
130,2,517,438,0.8471953578336557,candidate_000130,True,False
130,3,487,0,0.0,candidate_000130,True,False
130,4,415,1,0.0024096385542168677,candidate_000130,True,False
130,5,301,292,0.9700996677740864,candidate_000130,True,False
131,1,571,366,0.6409807355516638,candidate_000131,True,False
131,2,517,494,0.9555125725338491,candidate_000131,True,False
131,3,487,93,0.19096509240246407,candidate_000131,True,False
131,4,415,69,0.16626506024096385,candidate_000131,True,False
131,5,301,244,0.8106312292358804,candidate_000131,True,False
132,1,571,443,0.7758318739054291,candidate_000132,True,False
132,2,517,429,0.8297872340425532,candidate_000132,True,False
132,3,487,0,0.0,candidate_000132,True,False
132,4,415,18,0.043373493975903614,candidate_000132,True,False
132,5,301,279,0.9269102990033222,candidate_000132,True,False
133,1,571,225,0.39404553415061294,candidate_000133,True,False
133,2,517,437,0.8452611218568665,candidate_000133,True,False
133,3,487,292,0.5995893223819302,candidate_000133,True,False
133,4,415,14,0.033734939759036145,candidate_000133,True,False
133,5,301,275,0.9136212624584718,candidate_000133,True,False
134,1,571,542,0.9492119089316988,candidate_000134,True,False
134,2,517,358,0.6924564796905223,candidate_000134,True,False
134,3,487,137,0.2813141683778234,candidate_000134,True,False
134,4,415,0,0.0,candidate_000134,True,False
134,5,301,242,0.8039867109634552,candidate_000134,True,False
135,1,571,263,0.46059544658493873,candidate_000135,True,False
135,2,517,491,0.9497098646034816,candidate_000135,True,False
135,3,487,17,0.03490759753593429,candidate_000135,True,False
135,4,415,0,0.0,candidate_000135,True,False
135,5,301,271,0.9003322259136213,candidate_000135,True,False
136,1,571,323,0.5656742556917689,candidate_000136,True,False
136,2,517,511,0.988394584139265,candidate_000136,True,False
136,3,487,0,0.0,candidate_000136,True,False
136,4,415,0,0.0,candidate_000136,True,False
136,5,301,280,0.9302325581395349,candidate_000136,True,False
137,1,571,250,0.43782837127845886,candidate_000137,True,False
137,2,517,485,0.9381044487427466,candidate_000137,True,False
137,3,487,34,0.06981519507186858,candidate_000137,True,False
137,4,415,68,0.163855421686747,candidate_000137,True,False
137,5,301,295,0.9800664451827242,candidate_000137,True,False
138,1,571,336,0.5884413309982487,candidate_000138,True,False
138,2,517,406,0.7852998065764023,candidate_000138,True,False
138,3,487,0,0.0,candidate_000138,True,False
138,4,415,397,0.9566265060240964,candidate_000138,True,False
138,5,301,248,0.8239202657807309,candidate_000138,True,False
139,1,571,301,0.5271453590192644,candidate_000139,True,False
139,2,517,374,0.723404255319149,candidate_000139,True,False
139,3,487,244,0.5010266940451745,candidate_000139,True,False
139,4,415,122,0.29397590361445786,candidate_000139,True,False
139,5,301,292,0.9700996677740864,candidate_000139,True,False
140,1,571,523,0.9159369527145359,candidate_000140,True,False
140,2,517,313,0.6054158607350096,candidate_000140,True,False
140,3,487,0,0.0,candidate_000140,True,False
140,4,415,97,0.23373493975903614,candidate_000140,True,False
140,5,301,226,0.7508305647840532,candidate_000140,True,False
141,1,571,289,0.5061295971978984,candidate_000141,True,False
141,2,517,454,0.8781431334622823,candidate_000141,True,False
141,3,487,2,0.004106776180698152,candidate_000141,True,False
141,4,415,0,0.0,candidate_000141,True,False
141,5,301,284,0.9435215946843853,candidate_000141,True,False
142,1,571,486,0.851138353765324,candidate_000142,True,False
142,2,517,499,0.965183752417795,candidate_000142,True,False
142,3,487,23,0.04722792607802875,candidate_000142,True,False
142,4,415,3,0.007228915662650603,candidate_000142,True,False
142,5,301,262,0.8704318936877077,candidate_000142,True,False
143,1,571,347,0.6077057793345009,candidate_000143,True,False
143,2,517,473,0.9148936170212766,candidate_000143,True,False
143,3,487,0,0.0,candidate_000143,True,False
143,4,415,72,0.17349397590361446,candidate_000143,True,False
143,5,301,301,1.0,candidate_000143,True,False
144,1,571,333,0.5831873905429071,candidate_000144,True,False
144,2,517,294,0.5686653771760155,candidate_000144,True,False
144,3,487,38,0.07802874743326489,candidate_000144,True,False
144,4,415,3,0.007228915662650603,candidate_000144,True,False
144,5,301,300,0.9966777408637874,candidate_000144,True,False
145,1,571,408,0.7145359019264448,candidate_000145,True,False
145,2,517,501,0.9690522243713733,candidate_000145,True,False
145,3,487,0,0.0,candidate_000145,True,False
145,4,415,2,0.004819277108433735,candidate_000145,True,False
145,5,301,237,0.7873754152823921,candidate_000145,True,False
146,1,571,160,0.28021015761821366,candidate_000146,True,False
146,2,517,509,0.9845261121856866,candidate_000146,True,False
146,3,487,0,0.0,candidate_000146,True,False
146,4,415,42,0.10120481927710843,candidate_000146,True,False
146,5,301,297,0.9867109634551495,candidate_000146,True,False
147,1,571,389,0.681260945709282,candidate_000147,True,False
147,2,517,421,0.8143133462282398,candidate_000147,True,False
147,3,487,0,0.0,candidate_000147,True,False
147,4,415,57,0.13734939759036144,candidate_000147,True,False
147,5,301,285,0.946843853820598,candidate_000147,True,False
148,1,571,361,0.6322241681260946,candidate_000148,True,False
148,2,517,430,0.8317214700193424,candidate_000148,True,False
148,3,487,3,0.006160164271047228,candidate_000148,True,False
148,4,415,46,0.1108433734939759,candidate_000148,True,False
148,5,301,270,0.8970099667774086,candidate_000148,True,False
149,1,571,419,0.7338003502626971,candidate_000149,True,False
149,2,517,321,0.620889748549323,candidate_000149,True,False
149,3,487,227,0.46611909650924027,candidate_000149,True,False
149,4,415,52,0.12530120481927712,candidate_000149,True,False
149,5,301,301,1.0,candidate_000149,True,False
150,1,571,428,0.7495621716287215,candidate_000150,True,False
150,2,517,443,0.8568665377176016,candidate_000150,True,False
150,3,487,4,0.008213552361396304,candidate_000150,True,False
150,4,415,45,0.10843373493975904,candidate_000150,True,False
150,5,301,286,0.9501661129568106,candidate_000150,True,False
151,1,571,265,0.46409807355516636,candidate_000151,True,False
151,2,517,488,0.9439071566731141,candidate_000151,True,False
151,3,487,0,0.0,candidate_000151,True,False
151,4,415,26,0.06265060240963856,candidate_000151,True,False
151,5,301,283,0.9401993355481728,candidate_000151,True,False
152,1,571,565,0.989492119089317,candidate_000152,True,False
152,2,517,460,0.8897485493230174,candidate_000152,True,False
152,3,487,0,0.0,candidate_000152,True,False
152,4,415,89,0.21445783132530122,candidate_000152,True,False
152,5,301,295,0.9800664451827242,candidate_000152,True,False
153,1,571,322,0.563922942206655,candidate_000153,True,False
153,2,517,488,0.9439071566731141,candidate_000153,True,False
153,3,487,22,0.045174537987679675,candidate_000153,True,False
153,4,415,0,0.0,candidate_000153,True,False
153,5,301,278,0.9235880398671097,candidate_000153,True,False
154,1,571,507,0.8879159369527145,candidate_000154,True,False
154,2,517,238,0.46034816247582205,candidate_000154,True,False
154,3,487,0,0.0,candidate_000154,True,False
154,4,415,61,0.14698795180722893,candidate_000154,True,False
154,5,301,287,0.9534883720930233,candidate_000154,True,False
155,1,571,436,0.7635726795096323,candidate_000155,True,False
155,2,517,371,0.7176015473887815,candidate_000155,True,False
155,3,487,4,0.008213552361396304,candidate_000155,True,False
155,4,415,0,0.0,candidate_000155,True,False
155,5,301,287,0.9534883720930233,candidate_000155,True,False
156,1,571,82,0.1436077057793345,candidate_000156,True,False
156,2,517,374,0.723404255319149,candidate_000156,True,False
156,3,487,4,0.008213552361396304,candidate_000156,True,False
156,4,415,3,0.007228915662650603,candidate_000156,True,False
156,5,301,300,0.9966777408637874,candidate_000156,True,False
157,1,571,437,0.7653239929947461,candidate_000157,True,False
157,2,517,504,0.9748549323017408,candidate_000157,True,False
157,3,487,27,0.055441478439425054,candidate_000157,True,False
157,4,415,208,0.5012048192771085,candidate_000157,True,False
157,5,301,295,0.9800664451827242,candidate_000157,True,False
158,1,571,492,0.861646234676007,candidate_000158,True,False
158,2,517,503,0.9729206963249516,candidate_000158,True,False
158,3,487,16,0.03285420944558522,candidate_000158,True,False
158,4,415,114,0.2746987951807229,candidate_000158,True,False
158,5,301,176,0.584717607973422,candidate_000158,True,False
159,1,571,323,0.5656742556917689,candidate_000159,True,False
159,2,517,427,0.8259187620889749,candidate_000159,True,False
159,3,487,0,0.0,candidate_000159,True,False
159,4,415,13,0.03132530120481928,candidate_000159,True,False
159,5,301,301,1.0,candidate_000159,True,False
160,1,571,132,0.23117338003502627,candidate_000160,True,False
160,2,517,360,0.6963249516441006,candidate_000160,True,False
160,3,487,29,0.059548254620123205,candidate_000160,True,False
160,4,415,192,0.46265060240963857,candidate_000160,True,False
160,5,301,292,0.9700996677740864,candidate_000160,True,False
161,1,571,399,0.6987740805604203,candidate_000161,True,False
161,2,517,280,0.5415860735009671,candidate_000161,True,False
161,3,487,54,0.11088295687885011,candidate_000161,True,False
161,4,415,13,0.03132530120481928,candidate_000161,True,False
161,5,301,297,0.9867109634551495,candidate_000161,True,False
162,1,571,279,0.4886164623467601,candidate_000162,True,False
162,2,517,211,0.4081237911025145,candidate_000162,True,False
162,3,487,0,0.0,candidate_000162,True,False
162,4,415,48,0.11566265060240964,candidate_000162,True,False
162,5,301,299,0.9933554817275747,candidate_000162,True,False
163,1,571,470,0.8231173380035026,candidate_000163,True,False
163,2,517,466,0.9013539651837524,candidate_000163,True,False
163,3,487,0,0.0,candidate_000163,True,False
163,4,415,119,0.28674698795180725,candidate_000163,True,False
163,5,301,301,1.0,candidate_000163,True,False
164,1,571,232,0.4063047285464098,candidate_000164,True,False
164,2,517,393,0.7601547388781431,candidate_000164,True,False
164,3,487,103,0.21149897330595482,candidate_000164,True,False
164,4,415,102,0.2457831325301205,candidate_000164,True,False
164,5,301,301,1.0,candidate_000164,True,False
165,1,571,238,0.4168126094570928,candidate_000165,True,False
165,2,517,381,0.7369439071566731,candidate_000165,True,False
165,3,487,0,0.0,candidate_000165,True,False
165,4,415,0,0.0,candidate_000165,True,False
165,5,301,206,0.6843853820598007,candidate_000165,True,False
166,1,571,356,0.6234676007005254,candidate_000166,True,False
166,2,517,469,0.90715667311412,candidate_000166,True,False
166,3,487,2,0.004106776180698152,candidate_000166,True,False
166,4,415,8,0.01927710843373494,candidate_000166,True,False
166,5,301,301,1.0,candidate_000166,True,False
167,1,571,226,0.3957968476357268,candidate_000167,True,False
167,2,517,496,0.9593810444874274,candidate_000167,True,False
167,3,487,0,0.0,candidate_000167,True,False
167,4,415,32,0.07710843373493977,candidate_000167,True,False
167,5,301,286,0.9501661129568106,candidate_000167,True,False
168,1,571,445,0.7793345008756567,candidate_000168,True,False
168,2,517,481,0.9303675048355899,candidate_000168,True,False
168,3,487,123,0.25256673511293637,candidate_000168,True,False
168,4,415,46,0.1108433734939759,candidate_000168,True,False
168,5,301,256,0.8504983388704319,candidate_000168,True,False
169,1,571,373,0.6532399299474606,candidate_000169,True,False
169,2,517,495,0.9574468085106383,candidate_000169,True,False
169,3,487,17,0.03490759753593429,candidate_000169,True,False
169,4,415,1,0.0024096385542168677,candidate_000169,True,False
169,5,301,295,0.9800664451827242,candidate_000169,True,False
170,1,571,264,0.46234676007005254,candidate_000170,True,False
170,2,517,516,0.9980657640232108,candidate_000170,True,False
170,3,487,2,0.004106776180698152,candidate_000170,True,False
170,4,415,5,0.012048192771084338,candidate_000170,True,False
170,5,301,301,1.0,candidate_000170,True,False
171,1,571,494,0.8651488616462347,candidate_000171,True,False
171,2,517,466,0.9013539651837524,candidate_000171,True,False
171,3,487,181,0.37166324435318276,candidate_000171,True,False
171,4,415,58,0.13975903614457832,candidate_000171,True,False
171,5,301,180,0.5980066445182725,candidate_000171,True,False
172,1,571,499,0.8739054290718039,candidate_000172,True,False
172,2,517,495,0.9574468085106383,candidate_000172,True,False
172,3,487,10,0.02053388090349076,candidate_000172,True,False
172,4,415,7,0.016867469879518072,candidate_000172,True,False
172,5,301,301,1.0,candidate_000172,True,False
173,1,571,141,0.2469352014010508,candidate_000173,True,False
173,2,517,338,0.6537717601547389,candidate_000173,True,False
173,3,487,5,0.01026694045174538,candidate_000173,True,False
173,4,415,0,0.0,candidate_000173,True,False
173,5,301,276,0.9169435215946844,candidate_000173,True,False
174,1,571,302,0.5288966725043783,candidate_000174,True,False
174,2,517,355,0.6866537717601547,candidate_000174,True,False
174,3,487,90,0.18480492813141683,candidate_000174,True,False
174,4,415,15,0.03614457831325301,candidate_000174,True,False
174,5,301,261,0.867109634551495,candidate_000174,True,False
175,1,571,320,0.5604203152364273,candidate_000175,True,False
175,2,517,332,0.6421663442940039,candidate_000175,True,False
175,3,487,0,0.0,candidate_000175,True,False
175,4,415,31,0.0746987951807229,candidate_000175,True,False
175,5,301,283,0.9401993355481728,candidate_000175,True,False
176,1,571,433,0.7583187390542907,candidate_000176,True,False
176,2,517,361,0.6982591876208898,candidate_000176,True,False
176,3,487,68,0.13963039014373715,candidate_000176,True,False
176,4,415,5,0.012048192771084338,candidate_000176,True,False
176,5,301,243,0.8073089700996677,candidate_000176,True,False
177,1,571,167,0.29246935201401053,candidate_000177,True,False
177,2,517,487,0.941972920696325,candidate_000177,True,False
177,3,487,97,0.19917864476386038,candidate_000177,True,False
177,4,415,14,0.033734939759036145,candidate_000177,True,False
177,5,301,294,0.9767441860465116,candidate_000177,True,False
178,1,571,240,0.4203152364273205,candidate_000178,True,False
178,2,517,505,0.97678916827853,candidate_000178,True,False
178,3,487,0,0.0,candidate_000178,True,False
178,4,415,0,0.0,candidate_000178,True,False
178,5,301,282,0.9368770764119602,candidate_000178,True,False
179,1,571,304,0.532399299474606,candidate_000179,True,False
179,2,517,352,0.6808510638297872,candidate_000179,True,False
179,3,487,0,0.0,candidate_000179,True,False
179,4,415,64,0.15421686746987953,candidate_000179,True,False
179,5,301,259,0.8604651162790697,candidate_000179,True,False
180,1,571,457,0.8003502626970228,candidate_000180,True,False
180,2,517,459,0.8878143133462283,candidate_000180,True,False
180,3,487,100,0.2053388090349076,candidate_000180,True,False
180,4,415,0,0.0,candidate_000180,True,False
180,5,301,269,0.893687707641196,candidate_000180,True,False
181,1,571,432,0.7565674255691769,candidate_000181,True,False
181,2,517,490,0.9477756286266924,candidate_000181,True,False
181,3,487,248,0.5092402464065708,candidate_000181,True,False
181,4,415,13,0.03132530120481928,candidate_000181,True,False
181,5,301,239,0.7940199335548173,candidate_000181,True,False
182,1,571,408,0.7145359019264448,candidate_000182,True,False
182,2,517,442,0.8549323017408124,candidate_000182,True,False
182,3,487,5,0.01026694045174538,candidate_000182,True,False
182,4,415,2,0.004819277108433735,candidate_000182,True,False
182,5,301,246,0.8172757475083057,candidate_000182,True,False
183,1,571,261,0.45709281961471104,candidate_000183,True,False
183,2,517,440,0.851063829787234,candidate_000183,True,False
183,3,487,0,0.0,candidate_000183,True,False
183,4,415,204,0.491566265060241,candidate_000183,True,False
183,5,301,286,0.9501661129568106,candidate_000183,True,False
184,1,571,210,0.36777583187390545,candidate_000184,True,False
184,2,517,488,0.9439071566731141,candidate_000184,True,False
184,3,487,0,0.0,candidate_000184,True,False
184,4,415,84,0.20240963855421687,candidate_000184,True,False
184,5,301,228,0.7574750830564784,candidate_000184,True,False
185,1,571,171,0.29947460595446584,candidate_000185,True,False
185,2,517,345,0.6673114119922631,candidate_000185,True,False
185,3,487,0,0.0,candidate_000185,True,False
185,4,415,0,0.0,candidate_000185,True,False
185,5,301,280,0.9302325581395349,candidate_000185,True,False
186,1,571,162,0.28371278458844135,candidate_000186,True,False
186,2,517,508,0.9825918762088974,candidate_000186,True,False
186,3,487,0,0.0,candidate_000186,True,False
186,4,415,0,0.0,candidate_000186,True,False
186,5,301,258,0.8571428571428571,candidate_000186,True,False
187,1,571,197,0.3450087565674256,candidate_000187,True,False
187,2,517,475,0.9187620889748549,candidate_000187,True,False
187,3,487,0,0.0,candidate_000187,True,False
187,4,415,28,0.06746987951807229,candidate_000187,True,False
187,5,301,161,0.5348837209302325,candidate_000187,True,False
188,1,571,403,0.7057793345008757,candidate_000188,True,False
188,2,517,378,0.7311411992263056,candidate_000188,True,False
188,3,487,25,0.0513347022587269,candidate_000188,True,False
188,4,415,0,0.0,candidate_000188,True,False
188,5,301,246,0.8172757475083057,candidate_000188,True,False
189,1,571,62,0.1085814360770578,candidate_000189,True,False
189,2,517,298,0.5764023210831721,candidate_000189,True,False
189,3,487,0,0.0,candidate_000189,True,False
189,4,415,0,0.0,candidate_000189,True,False
189,5,301,301,1.0,candidate_000189,True,False
190,1,571,275,0.4816112084063047,candidate_000190,True,False
190,2,517,479,0.9264990328820116,candidate_000190,True,False
190,3,487,63,0.1293634496919918,candidate_000190,True,False
190,4,415,117,0.2819277108433735,candidate_000190,True,False
190,5,301,283,0.9401993355481728,candidate_000190,True,False
191,1,571,94,0.1646234676007005,candidate_000191,True,False
191,2,517,497,0.9613152804642167,candidate_000191,True,False
191,3,487,0,0.0,candidate_000191,True,False
191,4,415,5,0.012048192771084338,candidate_000191,True,False
191,5,301,288,0.9568106312292359,candidate_000191,True,False
192,1,571,281,0.4921190893169877,candidate_000192,True,False
192,2,517,500,0.9671179883945842,candidate_000192,True,False
192,3,487,10,0.02053388090349076,candidate_000192,True,False
192,4,415,1,0.0024096385542168677,candidate_000192,True,False
192,5,301,273,0.9069767441860465,candidate_000192,True,False
193,1,571,227,0.3975481611208406,candidate_000193,True,False
193,2,517,483,0.9342359767891683,candidate_000193,True,False
193,3,487,0,0.0,candidate_000193,True,False
193,4,415,101,0.2433734939759036,candidate_000193,True,False
193,5,301,297,0.9867109634551495,candidate_000193,True,False
194,1,571,134,0.23467600700525393,candidate_000194,True,False
194,2,517,489,0.9458413926499033,candidate_000194,True,False
194,3,487,20,0.04106776180698152,candidate_000194,True,False
194,4,415,28,0.06746987951807229,candidate_000194,True,False
194,5,301,282,0.9368770764119602,candidate_000194,True,False
195,1,571,177,0.30998248686514884,candidate_000195,True,False
195,2,517,438,0.8471953578336557,candidate_000195,True,False
195,3,487,0,0.0,candidate_000195,True,False
195,4,415,20,0.04819277108433735,candidate_000195,True,False
195,5,301,220,0.7308970099667774,candidate_000195,True,False
196,1,571,137,0.23992994746059546,candidate_000196,True,False
196,2,517,395,0.7640232108317214,candidate_000196,True,False
196,3,487,35,0.07186858316221766,candidate_000196,True,False
196,4,415,197,0.4746987951807229,candidate_000196,True,False
196,5,301,297,0.9867109634551495,candidate_000196,True,False
197,1,571,297,0.5201401050788091,candidate_000197,True,False
197,2,517,484,0.9361702127659575,candidate_000197,True,False
197,3,487,0,0.0,candidate_000197,True,False
197,4,415,42,0.10120481927710843,candidate_000197,True,False
197,5,301,270,0.8970099667774086,candidate_000197,True,False
198,1,571,368,0.6444833625218914,candidate_000198,True,False
198,2,517,107,0.20696324951644102,candidate_000198,True,False
198,3,487,0,0.0,candidate_000198,True,False
198,4,415,173,0.41686746987951806,candidate_000198,True,False
198,5,301,175,0.5813953488372093,candidate_000198,True,False
199,1,571,448,0.7845884413309983,candidate_000199,True,False
199,2,517,394,0.7620889748549323,candidate_000199,True,False
199,3,487,151,0.31006160164271046,candidate_000199,True,False
199,4,415,27,0.06506024096385542,candidate_000199,True,False
199,5,301,263,0.8737541528239202,candidate_000199,True,False
200,1,571,277,0.4851138353765324,candidate_000200,True,False
200,2,517,438,0.8471953578336557,candidate_000200,True,False
200,3,487,163,0.3347022587268994,candidate_000200,True,False
200,4,415,140,0.3373493975903614,candidate_000200,True,False
200,5,301,301,1.0,candidate_000200,True,False
201,1,571,434,0.7600700525394045,candidate_000201,True,False
201,2,517,358,0.6924564796905223,candidate_000201,True,False
201,3,487,13,0.026694045174537988,candidate_000201,True,False
201,4,415,0,0.0,candidate_000201,True,False
201,5,301,272,0.9036544850498339,candidate_000201,True,False
202,1,571,480,0.840630472854641,candidate_000202,True,False
202,2,517,386,0.746615087040619,candidate_000202,True,False
202,3,487,7,0.014373716632443531,candidate_000202,True,False
202,4,415,28,0.06746987951807229,candidate_000202,True,False
202,5,301,296,0.9833887043189369,candidate_000202,True,False
203,1,571,354,0.6199649737302977,candidate_000203,True,False
203,2,517,499,0.965183752417795,candidate_000203,True,False
203,3,487,2,0.004106776180698152,candidate_000203,True,False
203,4,415,53,0.12771084337349398,candidate_000203,True,False
203,5,301,250,0.8305647840531561,candidate_000203,True,False
204,1,571,273,0.47810858143607704,candidate_000204,True,False
204,2,517,465,0.8994197292069632,candidate_000204,True,False
204,3,487,93,0.19096509240246407,candidate_000204,True,False
204,4,415,102,0.2457831325301205,candidate_000204,True,False
204,5,301,280,0.9302325581395349,candidate_000204,True,False
205,1,571,220,0.38528896672504376,candidate_000205,True,False
205,2,517,445,0.8607350096711799,candidate_000205,True,False
205,3,487,33,0.06776180698151951,candidate_000205,True,False
205,4,415,233,0.5614457831325301,candidate_000205,True,False
205,5,301,301,1.0,candidate_000205,True,False
206,1,571,375,0.6567425569176882,candidate_000206,True,False
206,2,517,448,0.8665377176015474,candidate_000206,True,False
206,3,487,275,0.5646817248459959,candidate_000206,True,False
206,4,415,86,0.20722891566265061,candidate_000206,True,False
206,5,301,292,0.9700996677740864,candidate_000206,True,False
207,1,571,204,0.3572679509632224,candidate_000207,True,False
207,2,517,373,0.7214700193423598,candidate_000207,True,False
207,3,487,5,0.01026694045174538,candidate_000207,True,False
207,4,415,8,0.01927710843373494,candidate_000207,True,False
207,5,301,262,0.8704318936877077,candidate_000207,True,False
208,1,571,350,0.6129597197898424,candidate_000208,True,False
208,2,517,426,0.8239845261121856,candidate_000208,True,False
208,3,487,0,0.0,candidate_000208,True,False
208,4,415,0,0.0,candidate_000208,True,False
208,5,301,295,0.9800664451827242,candidate_000208,True,False
209,1,571,415,0.7267950963222417,candidate_000209,True,False
209,2,517,509,0.9845261121856866,candidate_000209,True,False
209,3,487,17,0.03490759753593429,candidate_000209,True,False
209,4,415,8,0.01927710843373494,candidate_000209,True,False
209,5,301,301,1.0,candidate_000209,True,False
210,1,571,428,0.7495621716287215,candidate_000210,True,False
210,2,517,353,0.6827852998065764,candidate_000210,True,False
210,3,487,0,0.0,candidate_000210,True,False
210,4,415,12,0.02891566265060241,candidate_000210,True,False
210,5,301,282,0.9368770764119602,candidate_000210,True,False
211,1,571,150,0.2626970227670753,candidate_000211,True,False
211,2,517,328,0.6344294003868471,candidate_000211,True,False
211,3,487,0,0.0,candidate_000211,True,False
211,4,415,67,0.1614457831325301,candidate_000211,True,False
211,5,301,301,1.0,candidate_000211,True,False
212,1,571,151,0.26444833625218916,candidate_000212,True,False
212,2,517,513,0.9922630560928434,candidate_000212,True,False
212,3,487,45,0.09240246406570841,candidate_000212,True,False
212,4,415,310,0.7469879518072289,candidate_000212,True,False
212,5,301,247,0.8205980066445183,candidate_000212,True,False
213,1,571,375,0.6567425569176882,candidate_000213,True,False
213,2,517,281,0.5435203094777563,candidate_000213,True,False
213,3,487,0,0.0,candidate_000213,True,False
213,4,415,36,0.08674698795180723,candidate_000213,True,False
213,5,301,254,0.8438538205980066,candidate_000213,True,False
214,1,571,96,0.1681260945709282,candidate_000214,True,False
214,2,517,407,0.7872340425531915,candidate_000214,True,False
214,3,487,1,0.002053388090349076,candidate_000214,True,False
214,4,415,0,0.0,candidate_000214,True,False
214,5,301,298,0.9900332225913622,candidate_000214,True,False
215,1,571,470,0.8231173380035026,candidate_000215,True,False
215,2,517,512,0.9903288201160542,candidate_000215,True,False
215,3,487,141,0.28952772073921973,candidate_000215,True,False
215,4,415,331,0.7975903614457831,candidate_000215,True,False
215,5,301,301,1.0,candidate_000215,True,False
216,1,571,490,0.8581436077057794,candidate_000216,True,False
216,2,517,379,0.7330754352030948,candidate_000216,True,False
216,3,487,0,0.0,candidate_000216,True,False
216,4,415,47,0.11325301204819277,candidate_000216,True,False
216,5,301,296,0.9833887043189369,candidate_000216,True,False
217,1,571,162,0.28371278458844135,candidate_000217,True,False
217,2,517,485,0.9381044487427466,candidate_000217,True,False
217,3,487,81,0.16632443531827515,candidate_000217,True,False
217,4,415,0,0.0,candidate_000217,True,False
217,5,301,235,0.7807308970099668,candidate_000217,True,False
218,1,571,293,0.5131348511383538,candidate_000218,True,False
218,2,517,414,0.8007736943907157,candidate_000218,True,False
218,3,487,55,0.11293634496919917,candidate_000218,True,False
218,4,415,100,0.24096385542168675,candidate_000218,True,False
218,5,301,274,0.9102990033222591,candidate_000218,True,False
219,1,571,144,0.2521891418563923,candidate_000219,True,False
219,2,517,482,0.9323017408123792,candidate_000219,True,False
219,3,487,339,0.6960985626283368,candidate_000219,True,False
219,4,415,50,0.12048192771084337,candidate_000219,True,False
219,5,301,301,1.0,candidate_000219,True,False
220,1,571,408,0.7145359019264448,candidate_000220,True,False
220,2,517,433,0.8375241779497099,candidate_000220,True,False
220,3,487,282,0.5790554414784395,candidate_000220,True,False
220,4,415,58,0.13975903614457832,candidate_000220,True,False
220,5,301,290,0.9634551495016611,candidate_000220,True,False
221,1,571,311,0.5446584938704028,candidate_000221,True,False
221,2,517,444,0.8588007736943907,candidate_000221,True,False
221,3,487,29,0.059548254620123205,candidate_000221,True,False
221,4,415,23,0.05542168674698795,candidate_000221,True,False
221,5,301,288,0.9568106312292359,candidate_000221,True,False
222,1,571,230,0.4028021015761821,candidate_000222,True,False
222,2,517,488,0.9439071566731141,candidate_000222,True,False
222,3,487,240,0.4928131416837782,candidate_000222,True,False
222,4,415,36,0.08674698795180723,candidate_000222,True,False
222,5,301,276,0.9169435215946844,candidate_000222,True,False
223,1,571,509,0.8914185639229422,candidate_000223,True,False
223,2,517,477,0.9226305609284333,candidate_000223,True,False
223,3,487,187,0.3839835728952772,candidate_000223,True,False
223,4,415,27,0.06506024096385542,candidate_000223,True,False
223,5,301,301,1.0,candidate_000223,True,False
224,1,571,278,0.4868651488616462,candidate_000224,True,False
224,2,517,460,0.8897485493230174,candidate_000224,True,False
224,3,487,32,0.06570841889117043,candidate_000224,True,False
224,4,415,0,0.0,candidate_000224,True,False
224,5,301,285,0.946843853820598,candidate_000224,True,False
225,1,571,385,0.6742556917688266,candidate_000225,True,False
225,2,517,492,0.9516441005802708,candidate_000225,True,False
225,3,487,141,0.28952772073921973,candidate_000225,True,False
225,4,415,94,0.22650602409638554,candidate_000225,True,False
225,5,301,248,0.8239202657807309,candidate_000225,True,False
226,1,571,167,0.29246935201401053,candidate_000226,True,False
226,2,517,493,0.9535783365570599,candidate_000226,True,False
226,3,487,0,0.0,candidate_000226,True,False
226,4,415,169,0.4072289156626506,candidate_000226,True,False
226,5,301,298,0.9900332225913622,candidate_000226,True,False
227,1,571,419,0.7338003502626971,candidate_000227,True,False
227,2,517,513,0.9922630560928434,candidate_000227,True,False
227,3,487,93,0.19096509240246407,candidate_000227,True,False
227,4,415,51,0.12289156626506025,candidate_000227,True,False
227,5,301,206,0.6843853820598007,candidate_000227,True,False
228,1,571,461,0.8073555166374781,candidate_000228,True,False
228,2,517,493,0.9535783365570599,candidate_000228,True,False
228,3,487,19,0.039014373716632446,candidate_000228,True,False
228,4,415,97,0.23373493975903614,candidate_000228,True,False
228,5,301,299,0.9933554817275747,candidate_000228,True,False
229,1,571,144,0.2521891418563923,candidate_000229,True,False
229,2,517,471,0.9110251450676983,candidate_000229,True,False
229,3,487,0,0.0,candidate_000229,True,False
229,4,415,64,0.15421686746987953,candidate_000229,True,False
229,5,301,269,0.893687707641196,candidate_000229,True,False
230,1,571,249,0.436077057793345,candidate_000230,True,False
230,2,517,406,0.7852998065764023,candidate_000230,True,False
230,3,487,0,0.0,candidate_000230,True,False
230,4,415,91,0.21927710843373494,candidate_000230,True,False
230,5,301,301,1.0,candidate_000230,True,False
231,1,571,86,0.15061295971978983,candidate_000231,True,False
231,2,517,396,0.7659574468085106,candidate_000231,True,False
231,3,487,19,0.039014373716632446,candidate_000231,True,False
231,4,415,0,0.0,candidate_000231,True,False
231,5,301,298,0.9900332225913622,candidate_000231,True,False
232,1,571,247,0.43257443082311736,candidate_000232,True,False
232,2,517,383,0.7408123791102514,candidate_000232,True,False
232,3,487,0,0.0,candidate_000232,True,False
232,4,415,0,0.0,candidate_000232,True,False
232,5,301,268,0.8903654485049833,candidate_000232,True,False
233,1,571,365,0.6392294220665499,candidate_000233,True,False
233,2,517,378,0.7311411992263056,candidate_000233,True,False
233,3,487,0,0.0,candidate_000233,True,False
233,4,415,24,0.05783132530120482,candidate_000233,True,False
233,5,301,301,1.0,candidate_000233,True,False
234,1,571,300,0.5253940455341506,candidate_000234,True,False
234,2,517,310,0.5996131528046421,candidate_000234,True,False
234,3,487,191,0.3921971252566735,candidate_000234,True,False
234,4,415,0,0.0,candidate_000234,True,False
234,5,301,300,0.9966777408637874,candidate_000234,True,False
235,1,571,548,0.9597197898423818,candidate_000235,True,False
235,2,517,381,0.7369439071566731,candidate_000235,True,False
235,3,487,40,0.08213552361396304,candidate_000235,True,False
235,4,415,0,0.0,candidate_000235,True,False
235,5,301,251,0.8338870431893688,candidate_000235,True,False
236,1,571,246,0.4308231173380035,candidate_000236,True,False
236,2,517,415,0.8027079303675049,candidate_000236,True,False
236,3,487,0,0.0,candidate_000236,True,False
236,4,415,0,0.0,candidate_000236,True,False
236,5,301,233,0.7740863787375415,candidate_000236,True,False
237,1,571,365,0.6392294220665499,candidate_000237,True,False
237,2,517,414,0.8007736943907157,candidate_000237,True,False
237,3,487,144,0.29568788501026694,candidate_000237,True,False
237,4,415,0,0.0,candidate_000237,True,False
237,5,301,280,0.9302325581395349,candidate_000237,True,False
238,1,571,243,0.425569176882662,candidate_000238,True,False
238,2,517,398,0.769825918762089,candidate_000238,True,False
238,3,487,0,0.0,candidate_000238,True,False
238,4,415,69,0.16626506024096385,candidate_000238,True,False
238,5,301,203,0.6744186046511628,candidate_000238,True,False
239,1,571,468,0.819614711033275,candidate_000239,True,False
239,2,517,431,0.8336557059961315,candidate_000239,True,False
239,3,487,62,0.1273100616016427,candidate_000239,True,False
239,4,415,0,0.0,candidate_000239,True,False
239,5,301,279,0.9269102990033222,candidate_000239,True,False
240,1,571,528,0.9246935201401051,candidate_000240,True,False
240,2,517,356,0.688588007736944,candidate_000240,True,False
240,3,487,62,0.1273100616016427,candidate_000240,True,False
240,4,415,164,0.39518072289156625,candidate_000240,True,False
240,5,301,301,1.0,candidate_000240,True,False
241,1,571,237,0.415061295971979,candidate_000241,True,False
241,2,517,429,0.8297872340425532,candidate_000241,True,False
241,3,487,122,0.25051334702258726,candidate_000241,True,False
241,4,415,186,0.44819277108433736,candidate_000241,True,False
241,5,301,195,0.6478405315614618,candidate_000241,True,False
242,1,571,491,0.8598949211908932,candidate_000242,True,False
242,2,517,268,0.5183752417794971,candidate_000242,True,False
242,3,487,0,0.0,candidate_000242,True,False
242,4,415,215,0.5180722891566265,candidate_000242,True,False
242,5,301,269,0.893687707641196,candidate_000242,True,False
243,1,571,443,0.7758318739054291,candidate_000243,True,False
243,2,517,254,0.4912959381044487,candidate_000243,True,False
243,3,487,47,0.09650924024640657,candidate_000243,True,False
243,4,415,108,0.26024096385542167,candidate_000243,True,False
243,5,301,288,0.9568106312292359,candidate_000243,True,False
244,1,571,554,0.9702276707530648,candidate_000244,True,False
244,2,517,436,0.8433268858800773,candidate_000244,True,False
244,3,487,8,0.01642710472279261,candidate_000244,True,False
244,4,415,19,0.04578313253012048,candidate_000244,True,False
244,5,301,301,1.0,candidate_000244,True,False
245,1,571,338,0.5919439579684763,candidate_000245,True,False
245,2,517,422,0.816247582205029,candidate_000245,True,False
245,3,487,0,0.0,candidate_000245,True,False
245,4,415,0,0.0,candidate_000245,True,False
245,5,301,214,0.7109634551495017,candidate_000245,True,False
246,1,571,320,0.5604203152364273,candidate_000246,True,False
246,2,517,450,0.8704061895551257,candidate_000246,True,False
246,3,487,0,0.0,candidate_000246,True,False
246,4,415,22,0.05301204819277108,candidate_000246,True,False
246,5,301,271,0.9003322259136213,candidate_000246,True,False
247,1,571,265,0.46409807355516636,candidate_000247,True,False
247,2,517,398,0.769825918762089,candidate_000247,True,False
247,3,487,0,0.0,candidate_000247,True,False
247,4,415,0,0.0,candidate_000247,True,False
247,5,301,289,0.9601328903654485,candidate_000247,True,False
248,1,571,450,0.7880910683012259,candidate_000248,True,False
248,2,517,338,0.6537717601547389,candidate_000248,True,False
248,3,487,323,0.6632443531827515,candidate_000248,True,False
248,4,415,114,0.2746987951807229,candidate_000248,True,False
248,5,301,300,0.9966777408637874,candidate_000248,True,False
249,1,571,282,0.4938704028021016,candidate_000249,True,False
249,2,517,357,0.690522243713733,candidate_000249,True,False
249,3,487,6,0.012320328542094456,candidate_000249,True,False
249,4,415,0,0.0,candidate_000249,True,False
249,5,301,295,0.9800664451827242,candidate_000249,True,False
250,1,571,461,0.8073555166374781,candidate_000250,True,False
250,2,517,319,0.6170212765957447,candidate_000250,True,False
250,3,487,0,0.0,candidate_000250,True,False
250,4,415,213,0.5132530120481927,candidate_000250,True,False
250,5,301,269,0.893687707641196,candidate_000250,True,False
251,1,571,335,0.5866900175131349,candidate_000251,True,False
251,2,517,301,0.5822050290135397,candidate_000251,True,False
251,3,487,2,0.004106776180698152,candidate_000251,True,False
251,4,415,0,0.0,candidate_000251,True,False
251,5,301,284,0.9435215946843853,candidate_000251,True,False
252,1,571,452,0.7915936952714536,candidate_000252,True,False
252,2,517,202,0.390715667311412,candidate_000252,True,False
252,3,487,9,0.018480492813141684,candidate_000252,True,False
252,4,415,9,0.021686746987951807,candidate_000252,True,False
252,5,301,253,0.840531561461794,candidate_000252,True,False
253,1,571,222,0.38879159369527144,candidate_000253,True,False
253,2,517,310,0.5996131528046421,candidate_000253,True,False
253,3,487,0,0.0,candidate_000253,True,False
253,4,415,164,0.39518072289156625,candidate_000253,True,False
253,5,301,234,0.7774086378737541,candidate_000253,True,False
254,1,571,372,0.6514886164623468,candidate_000254,True,False
254,2,517,445,0.8607350096711799,candidate_000254,True,False
254,3,487,1,0.002053388090349076,candidate_000254,True,False
254,4,415,0,0.0,candidate_000254,True,False
254,5,301,266,0.8837209302325582,candidate_000254,True,False
255,1,571,251,0.4395796847635727,candidate_000255,True,False
255,2,517,430,0.8317214700193424,candidate_000255,True,False
255,3,487,5,0.01026694045174538,candidate_000255,True,False
255,4,415,0,0.0,candidate_000255,True,False
255,5,301,293,0.973421926910299,candidate_000255,True,False
256,1,571,200,0.3502626970227671,candidate_000256,True,False
256,2,517,258,0.4990328820116054,candidate_000256,True,False
256,3,487,14,0.028747433264887063,candidate_000256,True,False
256,4,415,25,0.060240963855421686,candidate_000256,True,False
256,5,301,268,0.8903654485049833,candidate_000256,True,False
257,1,571,329,0.5761821366024519,candidate_000257,True,False
257,2,517,479,0.9264990328820116,candidate_000257,True,False
257,3,487,242,0.49691991786447637,candidate_000257,True,False
257,4,415,102,0.2457831325301205,candidate_000257,True,False
257,5,301,301,1.0,candidate_000257,True,False
258,1,571,265,0.46409807355516636,candidate_000258,True,False
258,2,517,363,0.7021276595744681,candidate_000258,True,False
258,3,487,0,0.0,candidate_000258,True,False
258,4,415,83,0.2,candidate_000258,True,False
258,5,301,280,0.9302325581395349,candidate_000258,True,False
259,1,571,475,0.8318739054290718,candidate_000259,True,False
259,2,517,407,0.7872340425531915,candidate_000259,True,False
259,3,487,191,0.3921971252566735,candidate_000259,True,False
259,4,415,0,0.0,candidate_000259,True,False
259,5,301,301,1.0,candidate_000259,True,False
260,1,571,262,0.45884413309982486,candidate_000260,True,False
260,2,517,423,0.8181818181818182,candidate_000260,True,False
260,3,487,0,0.0,candidate_000260,True,False
260,4,415,145,0.3493975903614458,candidate_000260,True,False
260,5,301,301,1.0,candidate_000260,True,False
261,1,571,263,0.46059544658493873,candidate_000261,True,False
261,2,517,469,0.90715667311412,candidate_000261,True,False
261,3,487,0,0.0,candidate_000261,True,False
261,4,415,40,0.0963855421686747,candidate_000261,True,False
261,5,301,275,0.9136212624584718,candidate_000261,True,False
262,1,571,421,0.7373029772329247,candidate_000262,True,False
262,2,517,284,0.5493230174081238,candidate_000262,True,False
262,3,487,0,0.0,candidate_000262,True,False
262,4,415,125,0.30120481927710846,candidate_000262,True,False
262,5,301,290,0.9634551495016611,candidate_000262,True,False
263,1,571,395,0.691768826619965,candidate_000263,True,False
263,2,517,352,0.6808510638297872,candidate_000263,True,False
263,3,487,0,0.0,candidate_000263,True,False
263,4,415,103,0.24819277108433735,candidate_000263,True,False
263,5,301,272,0.9036544850498339,candidate_000263,True,False
264,1,571,478,0.8371278458844134,candidate_000264,True,False
264,2,517,423,0.8181818181818182,candidate_000264,True,False
264,3,487,0,0.0,candidate_000264,True,False
264,4,415,6,0.014457831325301205,candidate_000264,True,False
264,5,301,301,1.0,candidate_000264,True,False
265,1,571,390,0.6830122591943958,candidate_000265,True,False
265,2,517,303,0.586073500967118,candidate_000265,True,False
265,3,487,0,0.0,candidate_000265,True,False
265,4,415,0,0.0,candidate_000265,True,False
265,5,301,301,1.0,candidate_000265,True,False
266,1,571,353,0.6182136602451839,candidate_000266,True,False
266,2,517,462,0.8936170212765957,candidate_000266,True,False
266,3,487,0,0.0,candidate_000266,True,False
266,4,415,147,0.3542168674698795,candidate_000266,True,False
266,5,301,293,0.973421926910299,candidate_000266,True,False
267,1,571,170,0.29772329246935203,candidate_000267,True,False
267,2,517,344,0.6653771760154739,candidate_000267,True,False
267,3,487,0,0.0,candidate_000267,True,False
267,4,415,116,0.27951807228915665,candidate_000267,True,False
267,5,301,221,0.7342192691029901,candidate_000267,True,False
268,1,571,455,0.7968476357267951,candidate_000268,True,False
268,2,517,396,0.7659574468085106,candidate_000268,True,False
268,3,487,405,0.8316221765913757,candidate_000268,True,False
268,4,415,87,0.20963855421686747,candidate_000268,True,False
268,5,301,211,0.7009966777408638,candidate_000268,True,False
269,1,571,384,0.6725043782837128,candidate_000269,True,False
269,2,517,350,0.6769825918762089,candidate_000269,True,False
269,3,487,0,0.0,candidate_000269,True,False
269,4,415,7,0.016867469879518072,candidate_000269,True,False
269,5,301,273,0.9069767441860465,candidate_000269,True,False
270,1,571,395,0.691768826619965,candidate_000270,True,False
270,2,517,498,0.9632495164410058,candidate_000270,True,False
270,3,487,36,0.07392197125256673,candidate_000270,True,False
270,4,415,87,0.20963855421686747,candidate_000270,True,False
270,5,301,290,0.9634551495016611,candidate_000270,True,False
271,1,571,271,0.4746059544658494,candidate_000271,True,False
271,2,517,382,0.7388781431334622,candidate_000271,True,False
271,3,487,0,0.0,candidate_000271,True,False
271,4,415,0,0.0,candidate_000271,True,False
271,5,301,286,0.9501661129568106,candidate_000271,True,False
272,1,571,486,0.851138353765324,candidate_000272,True,False
272,2,517,480,0.9284332688588007,candidate_000272,True,False
272,3,487,200,0.4106776180698152,candidate_000272,True,False
272,4,415,0,0.0,candidate_000272,True,False
272,5,301,277,0.920265780730897,candidate_000272,True,False
273,1,571,394,0.6900175131348512,candidate_000273,True,False
273,2,517,413,0.7988394584139265,candidate_000273,True,False
273,3,487,1,0.002053388090349076,candidate_000273,True,False
273,4,415,86,0.20722891566265061,candidate_000273,True,False
273,5,301,270,0.8970099667774086,candidate_000273,True,False
274,1,571,455,0.7968476357267951,candidate_000274,True,False
274,2,517,510,0.9864603481624759,candidate_000274,True,False
274,3,487,96,0.1971252566735113,candidate_000274,True,False
274,4,415,133,0.3204819277108434,candidate_000274,True,False
274,5,301,301,1.0,candidate_000274,True,False
275,1,571,470,0.8231173380035026,candidate_000275,True,False
275,2,517,386,0.746615087040619,candidate_000275,True,False
275,3,487,0,0.0,candidate_000275,True,False
275,4,415,162,0.39036144578313253,candidate_000275,True,False
275,5,301,268,0.8903654485049833,candidate_000275,True,False
276,1,571,232,0.4063047285464098,candidate_000276,True,False
276,2,517,507,0.9806576402321083,candidate_000276,True,False
276,3,487,0,0.0,candidate_000276,True,False
276,4,415,0,0.0,candidate_000276,True,False
276,5,301,300,0.9966777408637874,candidate_000276,True,False
277,1,571,246,0.4308231173380035,candidate_000277,True,False
277,2,517,500,0.9671179883945842,candidate_000277,True,False
277,3,487,35,0.07186858316221766,candidate_000277,True,False
277,4,415,0,0.0,candidate_000277,True,False
277,5,301,300,0.9966777408637874,candidate_000277,True,False
278,1,571,96,0.1681260945709282,candidate_000278,True,False
278,2,517,239,0.4622823984526112,candidate_000278,True,False
278,3,487,5,0.01026694045174538,candidate_000278,True,False
278,4,415,0,0.0,candidate_000278,True,False
278,5,301,301,1.0,candidate_000278,True,False
279,1,571,206,0.3607705779334501,candidate_000279,True,False
279,2,517,434,0.839458413926499,candidate_000279,True,False
279,3,487,0,0.0,candidate_000279,True,False
279,4,415,0,0.0,candidate_000279,True,False
279,5,301,292,0.9700996677740864,candidate_000279,True,False
280,1,571,346,0.6059544658493871,candidate_000280,True,False
280,2,517,382,0.7388781431334622,candidate_000280,True,False
280,3,487,0,0.0,candidate_000280,True,False
280,4,415,35,0.08433734939759036,candidate_000280,True,False
280,5,301,296,0.9833887043189369,candidate_000280,True,False
281,1,571,107,0.18739054290718038,candidate_000281,True,False
281,2,517,497,0.9613152804642167,candidate_000281,True,False
281,3,487,0,0.0,candidate_000281,True,False
281,4,415,8,0.01927710843373494,candidate_000281,True,False
281,5,301,301,1.0,candidate_000281,True,False
282,1,571,326,0.5709281961471103,candidate_000282,True,False
282,2,517,475,0.9187620889748549,candidate_000282,True,False
282,3,487,1,0.002053388090349076,candidate_000282,True,False
282,4,415,0,0.0,candidate_000282,True,False
282,5,301,301,1.0,candidate_000282,True,False
283,1,571,342,0.5989492119089317,candidate_000283,True,False
283,2,517,414,0.8007736943907157,candidate_000283,True,False
283,3,487,0,0.0,candidate_000283,True,False
283,4,415,0,0.0,candidate_000283,True,False
283,5,301,284,0.9435215946843853,candidate_000283,True,False
284,1,571,368,0.6444833625218914,candidate_000284,True,False
284,2,517,321,0.620889748549323,candidate_000284,True,False
284,3,487,3,0.006160164271047228,candidate_000284,True,False
284,4,415,118,0.28433734939759037,candidate_000284,True,False
284,5,301,300,0.9966777408637874,candidate_000284,True,False
285,1,571,240,0.4203152364273205,candidate_000285,True,False
285,2,517,372,0.7195357833655706,candidate_000285,True,False
285,3,487,177,0.36344969199178645,candidate_000285,True,False
285,4,415,0,0.0,candidate_000285,True,False
285,5,301,258,0.8571428571428571,candidate_000285,True,False
286,1,571,431,0.7548161120840631,candidate_000286,True,False
286,2,517,424,0.8201160541586073,candidate_000286,True,False
286,3,487,0,0.0,candidate_000286,True,False
286,4,415,250,0.6024096385542169,candidate_000286,True,False
286,5,301,301,1.0,candidate_000286,True,False
287,1,571,102,0.1786339754816112,candidate_000287,True,False
287,2,517,468,0.9052224371373307,candidate_000287,True,False
287,3,487,0,0.0,candidate_000287,True,False
287,4,415,0,0.0,candidate_000287,True,False
287,5,301,290,0.9634551495016611,candidate_000287,True,False
288,1,571,335,0.5866900175131349,candidate_000288,True,False
288,2,517,506,0.9787234042553191,candidate_000288,True,False
288,3,487,161,0.33059548254620125,candidate_000288,True,False
288,4,415,0,0.0,candidate_000288,True,False
288,5,301,290,0.9634551495016611,candidate_000288,True,False
289,1,571,263,0.46059544658493873,candidate_000289,True,False
289,2,517,426,0.8239845261121856,candidate_000289,True,False
289,3,487,0,0.0,candidate_000289,True,False
289,4,415,146,0.35180722891566263,candidate_000289,True,False
289,5,301,273,0.9069767441860465,candidate_000289,True,False
290,1,571,429,0.7513134851138353,candidate_000290,True,False
290,2,517,446,0.8626692456479691,candidate_000290,True,False
290,3,487,0,0.0,candidate_000290,True,False
290,4,415,0,0.0,candidate_000290,True,False
290,5,301,272,0.9036544850498339,candidate_000290,True,False
291,1,571,227,0.3975481611208406,candidate_000291,True,False
291,2,517,334,0.6460348162475822,candidate_000291,True,False
291,3,487,132,0.27104722792607805,candidate_000291,True,False
291,4,415,4,0.00963855421686747,candidate_000291,True,False
291,5,301,288,0.9568106312292359,candidate_000291,True,False
292,1,571,417,0.7302977232924693,candidate_000292,True,False
292,2,517,503,0.9729206963249516,candidate_000292,True,False
292,3,487,0,0.0,candidate_000292,True,False
292,4,415,0,0.0,candidate_000292,True,False
292,5,301,296,0.9833887043189369,candidate_000292,True,False
293,1,571,236,0.4133099824868651,candidate_000293,True,False
293,2,517,391,0.7562862669245648,candidate_000293,True,False
293,3,487,28,0.057494866529774126,candidate_000293,True,False
293,4,415,16,0.03855421686746988,candidate_000293,True,False
293,5,301,295,0.9800664451827242,candidate_000293,True,False
294,1,571,188,0.329246935201401,candidate_000294,True,False
294,2,517,406,0.7852998065764023,candidate_000294,True,False
294,3,487,58,0.11909650924024641,candidate_000294,True,False
294,4,415,35,0.08433734939759036,candidate_000294,True,False
294,5,301,301,1.0,candidate_000294,True,False
295,1,571,268,0.46935201401050786,candidate_000295,True,False
295,2,517,430,0.8317214700193424,candidate_000295,True,False
295,3,487,0,0.0,candidate_000295,True,False
295,4,415,0,0.0,candidate_000295,True,False
295,5,301,214,0.7109634551495017,candidate_000295,True,False
296,1,571,223,0.3905429071803853,candidate_000296,True,False
296,2,517,458,0.8858800773694391,candidate_000296,True,False
296,3,487,1,0.002053388090349076,candidate_000296,True,False
296,4,415,1,0.0024096385542168677,candidate_000296,True,False
296,5,301,301,1.0,candidate_000296,True,False
297,1,571,288,0.5043782837127846,candidate_000297,True,False
297,2,517,445,0.8607350096711799,candidate_000297,True,False
297,3,487,5,0.01026694045174538,candidate_000297,True,False
297,4,415,0,0.0,candidate_000297,True,False
297,5,301,290,0.9634551495016611,candidate_000297,True,False
298,1,571,283,0.4956217162872154,candidate_000298,True,False
298,2,517,400,0.7736943907156673,candidate_000298,True,False
298,3,487,2,0.004106776180698152,candidate_000298,True,False
298,4,415,28,0.06746987951807229,candidate_000298,True,False
298,5,301,301,1.0,candidate_000298,True,False
299,1,571,143,0.2504378283712785,candidate_000299,True,False
299,2,517,396,0.7659574468085106,candidate_000299,True,False
299,3,487,0,0.0,candidate_000299,True,False
299,4,415,6,0.014457831325301205,candidate_000299,True,False
299,5,301,292,0.9700996677740864,candidate_000299,True,False
300,1,571,174,0.30472854640980734,candidate_000300,True,False
300,2,517,365,0.7059961315280464,candidate_000300,True,False
300,3,487,198,0.406570841889117,candidate_000300,True,False
300,4,415,0,0.0,candidate_000300,True,False
300,5,301,281,0.9335548172757475,candidate_000300,True,False
301,1,571,517,0.9054290718038529,candidate_000301,True,False
301,2,517,412,0.7969052224371374,candidate_000301,True,False
301,3,487,4,0.008213552361396304,candidate_000301,True,False
301,4,415,0,0.0,candidate_000301,True,False
301,5,301,301,1.0,candidate_000301,True,False
302,1,571,436,0.7635726795096323,candidate_000302,True,False
302,2,517,510,0.9864603481624759,candidate_000302,True,False
302,3,487,0,0.0,candidate_000302,True,False
302,4,415,2,0.004819277108433735,candidate_000302,True,False
302,5,301,301,1.0,candidate_000302,True,False
303,1,571,302,0.5288966725043783,candidate_000303,True,False
303,2,517,319,0.6170212765957447,candidate_000303,True,False
303,3,487,0,0.0,candidate_000303,True,False
303,4,415,0,0.0,candidate_000303,True,False
303,5,301,264,0.8770764119601329,candidate_000303,True,False
304,1,571,356,0.6234676007005254,candidate_000304,True,False
304,2,517,516,0.9980657640232108,candidate_000304,True,False
304,3,487,0,0.0,candidate_000304,True,False
304,4,415,0,0.0,candidate_000304,True,False
304,5,301,298,0.9900332225913622,candidate_000304,True,False
305,1,571,176,0.30823117338003503,candidate_000305,True,False
305,2,517,360,0.6963249516441006,candidate_000305,True,False
305,3,487,0,0.0,candidate_000305,True,False
305,4,415,15,0.03614457831325301,candidate_000305,True,False
305,5,301,294,0.9767441860465116,candidate_000305,True,False
306,1,571,51,0.0893169877408056,candidate_000306,True,False
306,2,517,364,0.7040618955512572,candidate_000306,True,False
306,3,487,202,0.41478439425051333,candidate_000306,True,False
306,4,415,20,0.04819277108433735,candidate_000306,True,False
306,5,301,270,0.8970099667774086,candidate_000306,True,False
307,1,571,337,0.5901926444833625,candidate_000307,True,False
307,2,517,276,0.5338491295938105,candidate_000307,True,False
307,3,487,19,0.039014373716632446,candidate_000307,True,False
307,4,415,75,0.18072289156626506,candidate_000307,True,False
307,5,301,301,1.0,candidate_000307,True,False
308,1,571,181,0.3169877408056042,candidate_000308,True,False
308,2,517,352,0.6808510638297872,candidate_000308,True,False
308,3,487,0,0.0,candidate_000308,True,False
308,4,415,0,0.0,candidate_000308,True,False
308,5,301,301,1.0,candidate_000308,True,False
309,1,571,170,0.29772329246935203,candidate_000309,True,False
309,2,517,401,0.7756286266924565,candidate_000309,True,False
309,3,487,269,0.5523613963039015,candidate_000309,True,False
309,4,415,1,0.0024096385542168677,candidate_000309,True,False
309,5,301,238,0.7906976744186046,candidate_000309,True,False
310,1,571,227,0.3975481611208406,candidate_000310,True,False
310,2,517,442,0.8549323017408124,candidate_000310,True,False
310,3,487,0,0.0,candidate_000310,True,False
310,4,415,4,0.00963855421686747,candidate_000310,True,False
310,5,301,241,0.8006644518272426,candidate_000310,True,False
311,1,571,269,0.4711033274956217,candidate_000311,True,False
311,2,517,512,0.9903288201160542,candidate_000311,True,False
311,3,487,0,0.0,candidate_000311,True,False
311,4,415,2,0.004819277108433735,candidate_000311,True,False
311,5,301,215,0.7142857142857143,candidate_000311,True,False
312,1,571,359,0.6287215411558669,candidate_000312,True,False
312,2,517,350,0.6769825918762089,candidate_000312,True,False
312,3,487,14,0.028747433264887063,candidate_000312,True,False
312,4,415,0,0.0,candidate_000312,True,False
312,5,301,289,0.9601328903654485,candidate_000312,True,False
313,1,571,424,0.7425569176882661,candidate_000313,True,False
313,2,517,405,0.7833655705996132,candidate_000313,True,False
313,3,487,0,0.0,candidate_000313,True,False
313,4,415,1,0.0024096385542168677,candidate_000313,True,False
313,5,301,271,0.9003322259136213,candidate_000313,True,False
314,1,571,413,0.723292469352014,candidate_000314,True,False
314,2,517,388,0.7504835589941973,candidate_000314,True,False
314,3,487,220,0.4517453798767967,candidate_000314,True,False
314,4,415,55,0.13253012048192772,candidate_000314,True,False
314,5,301,284,0.9435215946843853,candidate_000314,True,False
315,1,571,304,0.532399299474606,candidate_000315,True,False
315,2,517,364,0.7040618955512572,candidate_000315,True,False
315,3,487,0,0.0,candidate_000315,True,False
315,4,415,30,0.07228915662650602,candidate_000315,True,False
315,5,301,301,1.0,candidate_000315,True,False
316,1,571,436,0.7635726795096323,candidate_000316,True,False
316,2,517,470,0.9090909090909091,candidate_000316,True,False
316,3,487,6,0.012320328542094456,candidate_000316,True,False
316,4,415,15,0.03614457831325301,candidate_000316,True,False
316,5,301,222,0.7375415282392026,candidate_000316,True,False
317,1,571,286,0.500875656742557,candidate_000317,True,False
317,2,517,431,0.8336557059961315,candidate_000317,True,False
317,3,487,7,0.014373716632443531,candidate_000317,True,False
317,4,415,0,0.0,candidate_000317,True,False
317,5,301,301,1.0,candidate_000317,True,False
318,1,571,389,0.681260945709282,candidate_000318,True,False
318,2,517,365,0.7059961315280464,candidate_000318,True,False
318,3,487,80,0.16427104722792607,candidate_000318,True,False
318,4,415,165,0.39759036144578314,candidate_000318,True,False
318,5,301,295,0.9800664451827242,candidate_000318,True,False
319,1,571,385,0.6742556917688266,candidate_000319,True,False
319,2,517,388,0.7504835589941973,candidate_000319,True,False
319,3,487,130,0.2669404517453799,candidate_000319,True,False
319,4,415,0,0.0,candidate_000319,True,False
319,5,301,266,0.8837209302325582,candidate_000319,True,False
320,1,571,267,0.46760070052539404,candidate_000320,True,False
320,2,517,347,0.6711798839458414,candidate_000320,True,False
320,3,487,2,0.004106776180698152,candidate_000320,True,False
320,4,415,41,0.09879518072289156,candidate_000320,True,False
320,5,301,293,0.973421926910299,candidate_000320,True,False
321,1,571,293,0.5131348511383538,candidate_000321,True,False
321,2,517,269,0.5203094777562862,candidate_000321,True,False
321,3,487,326,0.6694045174537988,candidate_000321,True,False
321,4,415,0,0.0,candidate_000321,True,False
321,5,301,301,1.0,candidate_000321,True,False
322,1,571,179,0.3134851138353765,candidate_000322,True,False
322,2,517,513,0.9922630560928434,candidate_000322,True,False
322,3,487,52,0.10677618069815195,candidate_000322,True,False
322,4,415,42,0.10120481927710843,candidate_000322,True,False
322,5,301,298,0.9900332225913622,candidate_000322,True,False
323,1,571,260,0.4553415061295972,candidate_000323,True,False
323,2,517,459,0.8878143133462283,candidate_000323,True,False
323,3,487,63,0.1293634496919918,candidate_000323,True,False
323,4,415,63,0.15180722891566265,candidate_000323,True,False
323,5,301,301,1.0,candidate_000323,True,False
324,1,571,457,0.8003502626970228,candidate_000324,True,False
324,2,517,476,0.9206963249516441,candidate_000324,True,False
324,3,487,10,0.02053388090349076,candidate_000324,True,False
324,4,415,16,0.03855421686746988,candidate_000324,True,False
324,5,301,281,0.9335548172757475,candidate_000324,True,False
325,1,571,234,0.4098073555166375,candidate_000325,True,False
325,2,517,486,0.9400386847195358,candidate_000325,True,False
325,3,487,347,0.7125256673511293,candidate_000325,True,False
325,4,415,0,0.0,candidate_000325,True,False
325,5,301,282,0.9368770764119602,candidate_000325,True,False
326,1,571,315,0.5516637478108581,candidate_000326,True,False
326,2,517,423,0.8181818181818182,candidate_000326,True,False
326,3,487,1,0.002053388090349076,candidate_000326,True,False
326,4,415,0,0.0,candidate_000326,True,False
326,5,301,247,0.8205980066445183,candidate_000326,True,False
327,1,571,309,0.5411558669001751,candidate_000327,True,False
327,2,517,441,0.8529980657640233,candidate_000327,True,False
327,3,487,219,0.44969199178644764,candidate_000327,True,False
327,4,415,3,0.007228915662650603,candidate_000327,True,False
327,5,301,161,0.5348837209302325,candidate_000327,True,False
328,1,571,551,0.9649737302977233,candidate_000328,True,False
328,2,517,477,0.9226305609284333,candidate_000328,True,False
328,3,487,6,0.012320328542094456,candidate_000328,True,False
328,4,415,5,0.012048192771084338,candidate_000328,True,False
328,5,301,281,0.9335548172757475,candidate_000328,True,False
329,1,571,284,0.4973730297723292,candidate_000329,True,False
329,2,517,493,0.9535783365570599,candidate_000329,True,False
329,3,487,197,0.40451745379876797,candidate_000329,True,False
329,4,415,9,0.021686746987951807,candidate_000329,True,False
329,5,301,253,0.840531561461794,candidate_000329,True,False
330,1,571,184,0.3222416812609457,candidate_000330,True,False
330,2,517,357,0.690522243713733,candidate_000330,True,False
330,3,487,0,0.0,candidate_000330,True,False
330,4,415,0,0.0,candidate_000330,True,False
330,5,301,276,0.9169435215946844,candidate_000330,True,False
331,1,571,322,0.563922942206655,candidate_000331,True,False
331,2,517,318,0.6150870406189555,candidate_000331,True,False
331,3,487,0,0.0,candidate_000331,True,False
331,4,415,0,0.0,candidate_000331,True,False
331,5,301,270,0.8970099667774086,candidate_000331,True,False
332,1,571,450,0.7880910683012259,candidate_000332,True,False
332,2,517,508,0.9825918762088974,candidate_000332,True,False
332,3,487,182,0.3737166324435318,candidate_000332,True,False
332,4,415,0,0.0,candidate_000332,True,False
332,5,301,283,0.9401993355481728,candidate_000332,True,False
333,1,571,99,0.1733800350262697,candidate_000333,True,False
333,2,517,508,0.9825918762088974,candidate_000333,True,False
333,3,487,0,0.0,candidate_000333,True,False
333,4,415,0,0.0,candidate_000333,True,False
333,5,301,271,0.9003322259136213,candidate_000333,True,False
334,1,571,227,0.3975481611208406,candidate_000334,True,False
334,2,517,329,0.6363636363636364,candidate_000334,True,False
334,3,487,47,0.09650924024640657,candidate_000334,True,False
334,4,415,205,0.4939759036144578,candidate_000334,True,False
334,5,301,301,1.0,candidate_000334,True,False
335,1,571,470,0.8231173380035026,candidate_000335,True,False
335,2,517,439,0.8491295938104448,candidate_000335,True,False
335,3,487,8,0.01642710472279261,candidate_000335,True,False
335,4,415,0,0.0,candidate_000335,True,False
335,5,301,301,1.0,candidate_000335,True,False
336,1,571,95,0.16637478108581435,candidate_000336,True,False
336,2,517,367,0.7098646034816247,candidate_000336,True,False
336,3,487,104,0.2135523613963039,candidate_000336,True,False
336,4,415,241,0.5807228915662651,candidate_000336,True,False
336,5,301,187,0.6212624584717608,candidate_000336,True,False
337,1,571,515,0.9019264448336253,candidate_000337,True,False
337,2,517,517,1.0,candidate_000337,True,False
337,3,487,0,0.0,candidate_000337,True,False
337,4,415,11,0.02650602409638554,candidate_000337,True,False
337,5,301,293,0.973421926910299,candidate_000337,True,False
338,1,571,195,0.3415061295971979,candidate_000338,True,False
338,2,517,488,0.9439071566731141,candidate_000338,True,False
338,3,487,0,0.0,candidate_000338,True,False
338,4,415,0,0.0,candidate_000338,True,False
338,5,301,272,0.9036544850498339,candidate_000338,True,False
339,1,571,219,0.38353765323992994,candidate_000339,True,False
339,2,517,444,0.8588007736943907,candidate_000339,True,False
339,3,487,42,0.08624229979466119,candidate_000339,True,False
339,4,415,28,0.06746987951807229,candidate_000339,True,False
339,5,301,286,0.9501661129568106,candidate_000339,True,False
340,1,571,421,0.7373029772329247,candidate_000340,True,False
340,2,517,383,0.7408123791102514,candidate_000340,True,False
340,3,487,0,0.0,candidate_000340,True,False
340,4,415,3,0.007228915662650603,candidate_000340,True,False
340,5,301,288,0.9568106312292359,candidate_000340,True,False
341,1,571,379,0.6637478108581436,candidate_000341,True,False
341,2,517,464,0.8974854932301741,candidate_000341,True,False
341,3,487,92,0.188911704312115,candidate_000341,True,False
341,4,415,24,0.05783132530120482,candidate_000341,True,False
341,5,301,178,0.5913621262458472,candidate_000341,True,False
342,1,571,250,0.43782837127845886,candidate_000342,True,False
342,2,517,488,0.9439071566731141,candidate_000342,True,False
342,3,487,0,0.0,candidate_000342,True,False
342,4,415,10,0.024096385542168676,candidate_000342,True,False
342,5,301,259,0.8604651162790697,candidate_000342,True,False
343,1,571,385,0.6742556917688266,candidate_000343,True,False
343,2,517,371,0.7176015473887815,candidate_000343,True,False
343,3,487,20,0.04106776180698152,candidate_000343,True,False
343,4,415,17,0.04096385542168675,candidate_000343,True,False
343,5,301,288,0.9568106312292359,candidate_000343,True,False
344,1,571,387,0.6777583187390543,candidate_000344,True,False
344,2,517,516,0.9980657640232108,candidate_000344,True,False
344,3,487,86,0.17659137577002054,candidate_000344,True,False
344,4,415,14,0.033734939759036145,candidate_000344,True,False
344,5,301,301,1.0,candidate_000344,True,False
345,1,571,232,0.4063047285464098,candidate_000345,True,False
345,2,517,465,0.8994197292069632,candidate_000345,True,False
345,3,487,107,0.21971252566735114,candidate_000345,True,False
345,4,415,22,0.05301204819277108,candidate_000345,True,False
345,5,301,299,0.9933554817275747,candidate_000345,True,False
346,1,571,358,0.626970227670753,candidate_000346,True,False
346,2,517,340,0.6576402321083172,candidate_000346,True,False
346,3,487,3,0.006160164271047228,candidate_000346,True,False
346,4,415,83,0.2,candidate_000346,True,False
346,5,301,273,0.9069767441860465,candidate_000346,True,False
347,1,571,371,0.649737302977233,candidate_000347,True,False
347,2,517,508,0.9825918762088974,candidate_000347,True,False
347,3,487,162,0.3326488706365503,candidate_000347,True,False
347,4,415,83,0.2,candidate_000347,True,False
347,5,301,284,0.9435215946843853,candidate_000347,True,False
348,1,571,513,0.8984238178633975,candidate_000348,True,False
348,2,517,441,0.8529980657640233,candidate_000348,True,False
348,3,487,0,0.0,candidate_000348,True,False
348,4,415,93,0.22409638554216868,candidate_000348,True,False
348,5,301,276,0.9169435215946844,candidate_000348,True,False
349,1,571,443,0.7758318739054291,candidate_000349,True,False
349,2,517,335,0.6479690522243714,candidate_000349,True,False
349,3,487,0,0.0,candidate_000349,True,False
349,4,415,286,0.689156626506024,candidate_000349,True,False
349,5,301,301,1.0,candidate_000349,True,False
350,1,571,162,0.28371278458844135,candidate_000350,True,False
350,2,517,405,0.7833655705996132,candidate_000350,True,False
350,3,487,53,0.10882956878850103,candidate_000350,True,False
350,4,415,0,0.0,candidate_000350,True,False
350,5,301,295,0.9800664451827242,candidate_000350,True,False
351,1,571,66,0.11558669001751314,candidate_000351,True,False
351,2,517,319,0.6170212765957447,candidate_000351,True,False
351,3,487,265,0.5441478439425051,candidate_000351,True,False
351,4,415,16,0.03855421686746988,candidate_000351,True,False
351,5,301,281,0.9335548172757475,candidate_000351,True,False
352,1,571,65,0.1138353765323993,candidate_000352,True,False
352,2,517,412,0.7969052224371374,candidate_000352,True,False
352,3,487,8,0.01642710472279261,candidate_000352,True,False
352,4,415,68,0.163855421686747,candidate_000352,True,False
352,5,301,301,1.0,candidate_000352,True,False
353,1,571,457,0.8003502626970228,candidate_000353,True,False
353,2,517,517,1.0,candidate_000353,True,False
353,3,487,10,0.02053388090349076,candidate_000353,True,False
353,4,415,13,0.03132530120481928,candidate_000353,True,False
353,5,301,208,0.6910299003322259,candidate_000353,True,False
354,1,571,416,0.7285464098073555,candidate_000354,True,False
354,2,517,493,0.9535783365570599,candidate_000354,True,False
354,3,487,162,0.3326488706365503,candidate_000354,True,False
354,4,415,0,0.0,candidate_000354,True,False
354,5,301,290,0.9634551495016611,candidate_000354,True,False
355,1,571,258,0.45183887915936954,candidate_000355,True,False
355,2,517,319,0.6170212765957447,candidate_000355,True,False
355,3,487,1,0.002053388090349076,candidate_000355,True,False
355,4,415,0,0.0,candidate_000355,True,False
355,5,301,301,1.0,candidate_000355,True,False
356,1,571,124,0.2171628721541156,candidate_000356,True,False
356,2,517,512,0.9903288201160542,candidate_000356,True,False
356,3,487,9,0.018480492813141684,candidate_000356,True,False
356,4,415,75,0.18072289156626506,candidate_000356,True,False
356,5,301,233,0.7740863787375415,candidate_000356,True,False
357,1,571,233,0.4080560420315236,candidate_000357,True,False
357,2,517,395,0.7640232108317214,candidate_000357,True,False
357,3,487,1,0.002053388090349076,candidate_000357,True,False
357,4,415,20,0.04819277108433735,candidate_000357,True,False
357,5,301,276,0.9169435215946844,candidate_000357,True,False
358,1,571,377,0.660245183887916,candidate_000358,True,False
358,2,517,396,0.7659574468085106,candidate_000358,True,False
358,3,487,2,0.004106776180698152,candidate_000358,True,False
358,4,415,0,0.0,candidate_000358,True,False
358,5,301,299,0.9933554817275747,candidate_000358,True,False
359,1,571,536,0.9387040280210157,candidate_000359,True,False
359,2,517,488,0.9439071566731141,candidate_000359,True,False
359,3,487,0,0.0,candidate_000359,True,False
359,4,415,0,0.0,candidate_000359,True,False
359,5,301,293,0.973421926910299,candidate_000359,True,False
360,1,571,409,0.7162872154115587,candidate_000360,True,False
360,2,517,338,0.6537717601547389,candidate_000360,True,False
360,3,487,80,0.16427104722792607,candidate_000360,True,False
360,4,415,188,0.4530120481927711,candidate_000360,True,False
360,5,301,301,1.0,candidate_000360,True,False
361,1,571,284,0.4973730297723292,candidate_000361,True,False
361,2,517,453,0.8762088974854932,candidate_000361,True,False
361,3,487,0,0.0,candidate_000361,True,False
361,4,415,111,0.2674698795180723,candidate_000361,True,False
361,5,301,293,0.973421926910299,candidate_000361,True,False
362,1,571,451,0.7898423817863398,candidate_000362,True,False
362,2,517,488,0.9439071566731141,candidate_000362,True,False
362,3,487,13,0.026694045174537988,candidate_000362,True,False
362,4,415,19,0.04578313253012048,candidate_000362,True,False
362,5,301,289,0.9601328903654485,candidate_000362,True,False
363,1,571,54,0.09457092819614711,candidate_000363,True,False
363,2,517,458,0.8858800773694391,candidate_000363,True,False
363,3,487,0,0.0,candidate_000363,True,False
363,4,415,0,0.0,candidate_000363,True,False
363,5,301,277,0.920265780730897,candidate_000363,True,False
364,1,571,512,0.8966725043782837,candidate_000364,True,False
364,2,517,324,0.6266924564796905,candidate_000364,True,False
364,3,487,0,0.0,candidate_000364,True,False
364,4,415,0,0.0,candidate_000364,True,False
364,5,301,179,0.5946843853820598,candidate_000364,True,False
365,1,571,270,0.47285464098073554,candidate_000365,True,False
365,2,517,410,0.793036750483559,candidate_000365,True,False
365,3,487,80,0.16427104722792607,candidate_000365,True,False
365,4,415,229,0.5518072289156627,candidate_000365,True,False
365,5,301,295,0.9800664451827242,candidate_000365,True,False
366,1,571,518,0.9071803852889667,candidate_000366,True,False
366,2,517,476,0.9206963249516441,candidate_000366,True,False
366,3,487,351,0.7207392197125256,candidate_000366,True,False
366,4,415,12,0.02891566265060241,candidate_000366,True,False
366,5,301,301,1.0,candidate_000366,True,False
367,1,571,11,0.01926444833625219,candidate_000367,True,False
367,2,517,401,0.7756286266924565,candidate_000367,True,False
367,3,487,7,0.014373716632443531,candidate_000367,True,False
367,4,415,0,0.0,candidate_000367,True,False
367,5,301,222,0.7375415282392026,candidate_000367,True,False
368,1,571,413,0.723292469352014,candidate_000368,True,False
368,2,517,494,0.9555125725338491,candidate_000368,True,False
368,3,487,0,0.0,candidate_000368,True,False
368,4,415,55,0.13253012048192772,candidate_000368,True,False
368,5,301,301,1.0,candidate_000368,True,False
369,1,571,399,0.6987740805604203,candidate_000369,True,False
369,2,517,453,0.8762088974854932,candidate_000369,True,False
369,3,487,42,0.08624229979466119,candidate_000369,True,False
369,4,415,0,0.0,candidate_000369,True,False
369,5,301,282,0.9368770764119602,candidate_000369,True,False
370,1,571,432,0.7565674255691769,candidate_000370,True,False
370,2,517,514,0.9941972920696325,candidate_000370,True,False
370,3,487,15,0.030800821355236138,candidate_000370,True,False
370,4,415,7,0.016867469879518072,candidate_000370,True,False
370,5,301,300,0.9966777408637874,candidate_000370,True,False
371,1,571,186,0.3257443082311734,candidate_000371,True,False
371,2,517,509,0.9845261121856866,candidate_000371,True,False
371,3,487,245,0.5030800821355236,candidate_000371,True,False
371,4,415,64,0.15421686746987953,candidate_000371,True,False
371,5,301,283,0.9401993355481728,candidate_000371,True,False
372,1,571,363,0.6357267950963222,candidate_000372,True,False
372,2,517,502,0.9709864603481625,candidate_000372,True,False
372,3,487,0,0.0,candidate_000372,True,False
372,4,415,98,0.236144578313253,candidate_000372,True,False
372,5,301,298,0.9900332225913622,candidate_000372,True,False
373,1,571,407,0.712784588441331,candidate_000373,True,False
373,2,517,379,0.7330754352030948,candidate_000373,True,False
373,3,487,130,0.2669404517453799,candidate_000373,True,False
373,4,415,13,0.03132530120481928,candidate_000373,True,False
373,5,301,294,0.9767441860465116,candidate_000373,True,False
374,1,571,374,0.6549912434325744,candidate_000374,True,False
374,2,517,443,0.8568665377176016,candidate_000374,True,False
374,3,487,236,0.48459958932238195,candidate_000374,True,False
374,4,415,8,0.01927710843373494,candidate_000374,True,False
374,5,301,290,0.9634551495016611,candidate_000374,True,False
375,1,571,139,0.2434325744308231,candidate_000375,True,False
375,2,517,479,0.9264990328820116,candidate_000375,True,False
375,3,487,15,0.030800821355236138,candidate_000375,True,False
375,4,415,23,0.05542168674698795,candidate_000375,True,False
375,5,301,283,0.9401993355481728,candidate_000375,True,False
376,1,571,522,0.9141856392294221,candidate_000376,True,False
376,2,517,416,0.804642166344294,candidate_000376,True,False
376,3,487,7,0.014373716632443531,candidate_000376,True,False
376,4,415,310,0.7469879518072289,candidate_000376,True,False
376,5,301,301,1.0,candidate_000376,True,False
377,1,571,312,0.5464098073555166,candidate_000377,True,False
377,2,517,352,0.6808510638297872,candidate_000377,True,False
377,3,487,238,0.4887063655030801,candidate_000377,True,False
377,4,415,0,0.0,candidate_000377,True,False
377,5,301,272,0.9036544850498339,candidate_000377,True,False
378,1,571,125,0.21891418563922943,candidate_000378,True,False
378,2,517,517,1.0,candidate_000378,True,False
378,3,487,63,0.1293634496919918,candidate_000378,True,False
378,4,415,1,0.0024096385542168677,candidate_000378,True,False
378,5,301,285,0.946843853820598,candidate_000378,True,False
379,1,571,307,0.5376532399299475,candidate_000379,True,False
379,2,517,500,0.9671179883945842,candidate_000379,True,False
379,3,487,0,0.0,candidate_000379,True,False
379,4,415,80,0.1927710843373494,candidate_000379,True,False
379,5,301,299,0.9933554817275747,candidate_000379,True,False
380,1,571,254,0.4448336252189142,candidate_000380,True,False
380,2,517,231,0.44680851063829785,candidate_000380,True,False
380,3,487,1,0.002053388090349076,candidate_000380,True,False
380,4,415,0,0.0,candidate_000380,True,False
380,5,301,295,0.9800664451827242,candidate_000380,True,False
381,1,571,149,0.2609457092819615,candidate_000381,True,False
381,2,517,486,0.9400386847195358,candidate_000381,True,False
381,3,487,41,0.08418891170431211,candidate_000381,True,False
381,4,415,14,0.033734939759036145,candidate_000381,True,False
381,5,301,243,0.8073089700996677,candidate_000381,True,False
382,1,571,245,0.4290718038528897,candidate_000382,True,False
382,2,517,413,0.7988394584139265,candidate_000382,True,False
382,3,487,54,0.11088295687885011,candidate_000382,True,False
382,4,415,18,0.043373493975903614,candidate_000382,True,False
382,5,301,252,0.8372093023255814,candidate_000382,True,False
383,1,571,278,0.4868651488616462,candidate_000383,True,False
383,2,517,459,0.8878143133462283,candidate_000383,True,False
383,3,487,0,0.0,candidate_000383,True,False
383,4,415,25,0.060240963855421686,candidate_000383,True,False
383,5,301,292,0.9700996677740864,candidate_000383,True,False
384,1,571,117,0.20490367775831875,candidate_000384,True,False
384,2,517,354,0.6847195357833655,candidate_000384,True,False
384,3,487,0,0.0,candidate_000384,True,False
384,4,415,0,0.0,candidate_000384,True,False
384,5,301,283,0.9401993355481728,candidate_000384,True,False
385,1,571,243,0.425569176882662,candidate_000385,True,False
385,2,517,319,0.6170212765957447,candidate_000385,True,False
385,3,487,0,0.0,candidate_000385,True,False
385,4,415,144,0.3469879518072289,candidate_000385,True,False
385,5,301,277,0.920265780730897,candidate_000385,True,False
386,1,571,337,0.5901926444833625,candidate_000386,True,False
386,2,517,352,0.6808510638297872,candidate_000386,True,False
386,3,487,40,0.08213552361396304,candidate_000386,True,False
386,4,415,62,0.1493975903614458,candidate_000386,True,False
386,5,301,286,0.9501661129568106,candidate_000386,True,False
387,1,571,271,0.4746059544658494,candidate_000387,True,False
387,2,517,344,0.6653771760154739,candidate_000387,True,False
387,3,487,0,0.0,candidate_000387,True,False
387,4,415,154,0.3710843373493976,candidate_000387,True,False
387,5,301,287,0.9534883720930233,candidate_000387,True,False
388,1,571,383,0.670753064798599,candidate_000388,True,False
388,2,517,310,0.5996131528046421,candidate_000388,True,False
388,3,487,0,0.0,candidate_000388,True,False
388,4,415,45,0.10843373493975904,candidate_000388,True,False
388,5,301,260,0.8637873754152824,candidate_000388,True,False
389,1,571,502,0.8791593695271454,candidate_000389,True,False
389,2,517,407,0.7872340425531915,candidate_000389,True,False
389,3,487,0,0.0,candidate_000389,True,False
389,4,415,0,0.0,candidate_000389,True,False
389,5,301,298,0.9900332225913622,candidate_000389,True,False
390,1,571,86,0.15061295971978983,candidate_000390,True,False
390,2,517,392,0.758220502901354,candidate_000390,True,False
390,3,487,2,0.004106776180698152,candidate_000390,True,False
390,4,415,0,0.0,candidate_000390,True,False
390,5,301,293,0.973421926910299,candidate_000390,True,False
391,1,571,473,0.8283712784588442,candidate_000391,True,False
391,2,517,443,0.8568665377176016,candidate_000391,True,False
391,3,487,0,0.0,candidate_000391,True,False
391,4,415,96,0.23132530120481928,candidate_000391,True,False
391,5,301,280,0.9302325581395349,candidate_000391,True,False
392,1,571,416,0.7285464098073555,candidate_000392,True,False
392,2,517,344,0.6653771760154739,candidate_000392,True,False
392,3,487,360,0.7392197125256673,candidate_000392,True,False
392,4,415,21,0.05060240963855422,candidate_000392,True,False
392,5,301,301,1.0,candidate_000392,True,False
393,1,571,370,0.647985989492119,candidate_000393,True,False
393,2,517,353,0.6827852998065764,candidate_000393,True,False
393,3,487,32,0.06570841889117043,candidate_000393,True,False
393,4,415,43,0.10361445783132531,candidate_000393,True,False
393,5,301,274,0.9102990033222591,candidate_000393,True,False
394,1,571,283,0.4956217162872154,candidate_000394,True,False
394,2,517,273,0.528046421663443,candidate_000394,True,False
394,3,487,259,0.5318275154004107,candidate_000394,True,False
394,4,415,0,0.0,candidate_000394,True,False
394,5,301,258,0.8571428571428571,candidate_000394,True,False
395,1,571,84,0.14711033274956217,candidate_000395,True,False
395,2,517,491,0.9497098646034816,candidate_000395,True,False
395,3,487,39,0.08008213552361396,candidate_000395,True,False
395,4,415,0,0.0,candidate_000395,True,False
395,5,301,299,0.9933554817275747,candidate_000395,True,False
396,1,571,232,0.4063047285464098,candidate_000396,True,False
396,2,517,425,0.8220502901353965,candidate_000396,True,False
396,3,487,50,0.1026694045174538,candidate_000396,True,False
396,4,415,0,0.0,candidate_000396,True,False
396,5,301,300,0.9966777408637874,candidate_000396,True,False
397,1,571,287,0.5026269702276708,candidate_000397,True,False
397,2,517,432,0.8355899419729207,candidate_000397,True,False
397,3,487,0,0.0,candidate_000397,True,False
397,4,415,0,0.0,candidate_000397,True,False
397,5,301,291,0.9667774086378738,candidate_000397,True,False
398,1,571,182,0.318739054290718,candidate_000398,True,False
398,2,517,298,0.5764023210831721,candidate_000398,True,False
398,3,487,0,0.0,candidate_000398,True,False
398,4,415,0,0.0,candidate_000398,True,False
398,5,301,247,0.8205980066445183,candidate_000398,True,False
399,1,571,251,0.4395796847635727,candidate_000399,True,False
399,2,517,380,0.7350096711798839,candidate_000399,True,False
399,3,487,0,0.0,candidate_000399,True,False
399,4,415,100,0.24096385542168675,candidate_000399,True,False
399,5,301,279,0.9269102990033222,candidate_000399,True,False
400,1,571,210,0.36777583187390545,candidate_000400,True,False
400,2,517,381,0.7369439071566731,candidate_000400,True,False
400,3,487,98,0.20123203285420946,candidate_000400,True,False
400,4,415,29,0.06987951807228916,candidate_000400,True,False
400,5,301,301,1.0,candidate_000400,True,False
401,1,571,222,0.38879159369527144,candidate_000401,True,False
401,2,517,489,0.9458413926499033,candidate_000401,True,False
401,3,487,84,0.17248459958932238,candidate_000401,True,False
401,4,415,126,0.3036144578313253,candidate_000401,True,False
401,5,301,301,1.0,candidate_000401,True,False
402,1,571,357,0.6252189141856392,candidate_000402,True,False
402,2,517,468,0.9052224371373307,candidate_000402,True,False
402,3,487,0,0.0,candidate_000402,True,False
402,4,415,220,0.5301204819277109,candidate_000402,True,False
402,5,301,242,0.8039867109634552,candidate_000402,True,False
403,1,571,463,0.8108581436077058,candidate_000403,True,False
403,2,517,373,0.7214700193423598,candidate_000403,True,False
403,3,487,403,0.8275154004106776,candidate_000403,True,False
403,4,415,83,0.2,candidate_000403,True,False
403,5,301,293,0.973421926910299,candidate_000403,True,False
404,1,571,380,0.6654991243432574,candidate_000404,True,False
404,2,517,421,0.8143133462282398,candidate_000404,True,False
404,3,487,0,0.0,candidate_000404,True,False
404,4,415,14,0.033734939759036145,candidate_000404,True,False
404,5,301,290,0.9634551495016611,candidate_000404,True,False
405,1,571,487,0.8528896672504378,candidate_000405,True,False
405,2,517,384,0.7427466150870407,candidate_000405,True,False
405,3,487,21,0.043121149897330596,candidate_000405,True,False
405,4,415,149,0.35903614457831323,candidate_000405,True,False
405,5,301,284,0.9435215946843853,candidate_000405,True,False
406,1,571,361,0.6322241681260946,candidate_000406,True,False
406,2,517,424,0.8201160541586073,candidate_000406,True,False
406,3,487,0,0.0,candidate_000406,True,False
406,4,415,0,0.0,candidate_000406,True,False
406,5,301,283,0.9401993355481728,candidate_000406,True,False
407,1,571,459,0.8038528896672504,candidate_000407,True,False
407,2,517,474,0.9168278529980658,candidate_000407,True,False
407,3,487,0,0.0,candidate_000407,True,False
407,4,415,4,0.00963855421686747,candidate_000407,True,False
407,5,301,296,0.9833887043189369,candidate_000407,True,False
408,1,571,87,0.15236427320490367,candidate_000408,True,False
408,2,517,428,0.8278529980657641,candidate_000408,True,False
408,3,487,1,0.002053388090349076,candidate_000408,True,False
408,4,415,3,0.007228915662650603,candidate_000408,True,False
408,5,301,219,0.7275747508305648,candidate_000408,True,False
409,1,571,126,0.22066549912434325,candidate_000409,True,False
409,2,517,451,0.8723404255319149,candidate_000409,True,False
409,3,487,2,0.004106776180698152,candidate_000409,True,False
409,4,415,39,0.09397590361445783,candidate_000409,True,False
409,5,301,291,0.9667774086378738,candidate_000409,True,False
410,1,571,63,0.11033274956217162,candidate_000410,True,False
410,2,517,449,0.8684719535783365,candidate_000410,True,False
410,3,487,110,0.22587268993839835,candidate_000410,True,False
410,4,415,10,0.024096385542168676,candidate_000410,True,False
410,5,301,285,0.946843853820598,candidate_000410,True,False
411,1,571,373,0.6532399299474606,candidate_000411,True,False
411,2,517,500,0.9671179883945842,candidate_000411,True,False
411,3,487,18,0.03696098562628337,candidate_000411,True,False
411,4,415,177,0.42650602409638555,candidate_000411,True,False
411,5,301,288,0.9568106312292359,candidate_000411,True,False
412,1,571,213,0.37302977232924694,candidate_000412,True,False
412,2,517,474,0.9168278529980658,candidate_000412,True,False
412,3,487,6,0.012320328542094456,candidate_000412,True,False
412,4,415,52,0.12530120481927712,candidate_000412,True,False
412,5,301,293,0.973421926910299,candidate_000412,True,False
413,1,571,268,0.46935201401050786,candidate_000413,True,False
413,2,517,312,0.6034816247582205,candidate_000413,True,False
413,3,487,0,0.0,candidate_000413,True,False
413,4,415,0,0.0,candidate_000413,True,False
413,5,301,278,0.9235880398671097,candidate_000413,True,False
414,1,571,90,0.15761821366024517,candidate_000414,True,False
414,2,517,382,0.7388781431334622,candidate_000414,True,False
414,3,487,10,0.02053388090349076,candidate_000414,True,False
414,4,415,0,0.0,candidate_000414,True,False
414,5,301,299,0.9933554817275747,candidate_000414,True,False
415,1,571,177,0.30998248686514884,candidate_000415,True,False
415,2,517,435,0.8413926499032882,candidate_000415,True,False
415,3,487,82,0.16837782340862423,candidate_000415,True,False
415,4,415,0,0.0,candidate_000415,True,False
415,5,301,285,0.946843853820598,candidate_000415,True,False
416,1,571,457,0.8003502626970228,candidate_000416,True,False
416,2,517,418,0.8085106382978723,candidate_000416,True,False
416,3,487,0,0.0,candidate_000416,True,False
416,4,415,115,0.27710843373493976,candidate_000416,True,False
416,5,301,293,0.973421926910299,candidate_000416,True,False
417,1,571,300,0.5253940455341506,candidate_000417,True,False
417,2,517,289,0.5589941972920697,candidate_000417,True,False
417,3,487,1,0.002053388090349076,candidate_000417,True,False
417,4,415,0,0.0,candidate_000417,True,False
417,5,301,301,1.0,candidate_000417,True,False
418,1,571,329,0.5761821366024519,candidate_000418,True,False
418,2,517,470,0.9090909090909091,candidate_000418,True,False
418,3,487,19,0.039014373716632446,candidate_000418,True,False
418,4,415,59,0.14216867469879518,candidate_000418,True,False
418,5,301,294,0.9767441860465116,candidate_000418,True,False
419,1,571,299,0.5236427320490368,candidate_000419,True,False
419,2,517,415,0.8027079303675049,candidate_000419,True,False
419,3,487,0,0.0,candidate_000419,True,False
419,4,415,12,0.02891566265060241,candidate_000419,True,False
419,5,301,230,0.7641196013289037,candidate_000419,True,False
420,1,571,281,0.4921190893169877,candidate_000420,True,False
420,2,517,395,0.7640232108317214,candidate_000420,True,False
420,3,487,2,0.004106776180698152,candidate_000420,True,False
420,4,415,0,0.0,candidate_000420,True,False
420,5,301,299,0.9933554817275747,candidate_000420,True,False
421,1,571,404,0.7075306479859895,candidate_000421,True,False
421,2,517,490,0.9477756286266924,candidate_000421,True,False
421,3,487,0,0.0,candidate_000421,True,False
421,4,415,106,0.25542168674698795,candidate_000421,True,False
421,5,301,223,0.7408637873754153,candidate_000421,True,False
422,1,571,404,0.7075306479859895,candidate_000422,True,False
422,2,517,257,0.49709864603481624,candidate_000422,True,False
422,3,487,181,0.37166324435318276,candidate_000422,True,False
422,4,415,0,0.0,candidate_000422,True,False
422,5,301,298,0.9900332225913622,candidate_000422,True,False
423,1,571,379,0.6637478108581436,candidate_000423,True,False
423,2,517,243,0.4700193423597679,candidate_000423,True,False
423,3,487,4,0.008213552361396304,candidate_000423,True,False
423,4,415,125,0.30120481927710846,candidate_000423,True,False
423,5,301,295,0.9800664451827242,candidate_000423,True,False
424,1,571,510,0.8931698774080561,candidate_000424,True,False
424,2,517,446,0.8626692456479691,candidate_000424,True,False
424,3,487,0,0.0,candidate_000424,True,False
424,4,415,0,0.0,candidate_000424,True,False
424,5,301,300,0.9966777408637874,candidate_000424,True,False
425,1,571,355,0.6217162872154116,candidate_000425,True,False
425,2,517,511,0.988394584139265,candidate_000425,True,False
425,3,487,144,0.29568788501026694,candidate_000425,True,False
425,4,415,0,0.0,candidate_000425,True,False
425,5,301,301,1.0,candidate_000425,True,False
426,1,571,147,0.2574430823117338,candidate_000426,True,False
426,2,517,441,0.8529980657640233,candidate_000426,True,False
426,3,487,0,0.0,candidate_000426,True,False
426,4,415,129,0.3108433734939759,candidate_000426,True,False
426,5,301,300,0.9966777408637874,candidate_000426,True,False
427,1,571,156,0.2732049036777583,candidate_000427,True,False
427,2,517,498,0.9632495164410058,candidate_000427,True,False
427,3,487,25,0.0513347022587269,candidate_000427,True,False
427,4,415,214,0.5156626506024097,candidate_000427,True,False
427,5,301,296,0.9833887043189369,candidate_000427,True,False
428,1,571,77,0.13485113835376533,candidate_000428,True,False
428,2,517,445,0.8607350096711799,candidate_000428,True,False
428,3,487,0,0.0,candidate_000428,True,False
428,4,415,1,0.0024096385542168677,candidate_000428,True,False
428,5,301,274,0.9102990033222591,candidate_000428,True,False
429,1,571,61,0.10683012259194395,candidate_000429,True,False
429,2,517,378,0.7311411992263056,candidate_000429,True,False
429,3,487,12,0.024640657084188913,candidate_000429,True,False
429,4,415,49,0.1180722891566265,candidate_000429,True,False
429,5,301,301,1.0,candidate_000429,True,False
430,1,571,341,0.5971978984238179,candidate_000430,True,False
430,2,517,315,0.6092843326885881,candidate_000430,True,False
430,3,487,0,0.0,candidate_000430,True,False
430,4,415,0,0.0,candidate_000430,True,False
430,5,301,299,0.9933554817275747,candidate_000430,True,False
431,1,571,465,0.8143607705779334,candidate_000431,True,False
431,2,517,454,0.8781431334622823,candidate_000431,True,False
431,3,487,0,0.0,candidate_000431,True,False
431,4,415,0,0.0,candidate_000431,True,False
431,5,301,257,0.8538205980066446,candidate_000431,True,False
432,1,571,170,0.29772329246935203,candidate_000432,True,False
432,2,517,486,0.9400386847195358,candidate_000432,True,False
432,3,487,73,0.14989733059548255,candidate_000432,True,False
432,4,415,22,0.05301204819277108,candidate_000432,True,False
432,5,301,301,1.0,candidate_000432,True,False
433,1,571,356,0.6234676007005254,candidate_000433,True,False
433,2,517,492,0.9516441005802708,candidate_000433,True,False
433,3,487,45,0.09240246406570841,candidate_000433,True,False
433,4,415,0,0.0,candidate_000433,True,False
433,5,301,164,0.5448504983388704,candidate_000433,True,False
434,1,571,373,0.6532399299474606,candidate_000434,True,False
434,2,517,501,0.9690522243713733,candidate_000434,True,False
434,3,487,158,0.324435318275154,candidate_000434,True,False
434,4,415,0,0.0,candidate_000434,True,False
434,5,301,232,0.770764119601329,candidate_000434,True,False
435,1,571,175,0.3064798598949212,candidate_000435,True,False
435,2,517,333,0.6441005802707931,candidate_000435,True,False
435,3,487,0,0.0,candidate_000435,True,False
435,4,415,13,0.03132530120481928,candidate_000435,True,False
435,5,301,300,0.9966777408637874,candidate_000435,True,False
436,1,571,425,0.7443082311733801,candidate_000436,True,False
436,2,517,441,0.8529980657640233,candidate_000436,True,False
436,3,487,97,0.19917864476386038,candidate_000436,True,False
436,4,415,262,0.6313253012048192,candidate_000436,True,False
436,5,301,255,0.8471760797342193,candidate_000436,True,False
437,1,571,367,0.6427320490367776,candidate_000437,True,False
437,2,517,479,0.9264990328820116,candidate_000437,True,False
437,3,487,36,0.07392197125256673,candidate_000437,True,False
437,4,415,8,0.01927710843373494,candidate_000437,True,False
437,5,301,294,0.9767441860465116,candidate_000437,True,False
438,1,571,555,0.9719789842381786,candidate_000438,True,False
438,2,517,486,0.9400386847195358,candidate_000438,True,False
438,3,487,96,0.1971252566735113,candidate_000438,True,False
438,4,415,0,0.0,candidate_000438,True,False
438,5,301,219,0.7275747508305648,candidate_000438,True,False
439,1,571,164,0.287215411558669,candidate_000439,True,False
439,2,517,515,0.9961315280464217,candidate_000439,True,False
439,3,487,0,0.0,candidate_000439,True,False
439,4,415,219,0.5277108433734939,candidate_000439,True,False
439,5,301,294,0.9767441860465116,candidate_000439,True,False
440,1,571,254,0.4448336252189142,candidate_000440,True,False
440,2,517,346,0.6692456479690522,candidate_000440,True,False
440,3,487,0,0.0,candidate_000440,True,False
440,4,415,0,0.0,candidate_000440,True,False
440,5,301,296,0.9833887043189369,candidate_000440,True,False
441,1,571,67,0.11733800350262696,candidate_000441,True,False
441,2,517,473,0.9148936170212766,candidate_000441,True,False
441,3,487,8,0.01642710472279261,candidate_000441,True,False
441,4,415,58,0.13975903614457832,candidate_000441,True,False
441,5,301,298,0.9900332225913622,candidate_000441,True,False
442,1,571,435,0.7618213660245184,candidate_000442,True,False
442,2,517,484,0.9361702127659575,candidate_000442,True,False
442,3,487,245,0.5030800821355236,candidate_000442,True,False
442,4,415,0,0.0,candidate_000442,True,False
442,5,301,276,0.9169435215946844,candidate_000442,True,False
443,1,571,151,0.26444833625218916,candidate_000443,True,False
443,2,517,402,0.7775628626692457,candidate_000443,True,False
443,3,487,29,0.059548254620123205,candidate_000443,True,False
443,4,415,0,0.0,candidate_000443,True,False
443,5,301,298,0.9900332225913622,candidate_000443,True,False
444,1,571,444,0.7775831873905429,candidate_000444,True,False
444,2,517,487,0.941972920696325,candidate_000444,True,False
444,3,487,1,0.002053388090349076,candidate_000444,True,False
444,4,415,17,0.04096385542168675,candidate_000444,True,False
444,5,301,258,0.8571428571428571,candidate_000444,True,False
445,1,571,426,0.7460595446584939,candidate_000445,True,False
445,2,517,412,0.7969052224371374,candidate_000445,True,False
445,3,487,57,0.11704312114989733,candidate_000445,True,False
445,4,415,0,0.0,candidate_000445,True,False
445,5,301,299,0.9933554817275747,candidate_000445,True,False
446,1,571,330,0.5779334500875657,candidate_000446,True,False
446,2,517,497,0.9613152804642167,candidate_000446,True,False
446,3,487,0,0.0,candidate_000446,True,False
446,4,415,0,0.0,candidate_000446,True,False
446,5,301,280,0.9302325581395349,candidate_000446,True,False
447,1,571,470,0.8231173380035026,candidate_000447,True,False
447,2,517,290,0.5609284332688588,candidate_000447,True,False
447,3,487,78,0.1601642710472279,candidate_000447,True,False
447,4,415,0,0.0,candidate_000447,True,False
447,5,301,132,0.43853820598006643,candidate_000447,True,False
448,1,571,255,0.44658493870402804,candidate_000448,True,False
448,2,517,502,0.9709864603481625,candidate_000448,True,False
448,3,487,0,0.0,candidate_000448,True,False
448,4,415,0,0.0,candidate_000448,True,False
448,5,301,283,0.9401993355481728,candidate_000448,True,False
449,1,571,419,0.7338003502626971,candidate_000449,True,False
449,2,517,500,0.9671179883945842,candidate_000449,True,False
449,3,487,0,0.0,candidate_000449,True,False
449,4,415,0,0.0,candidate_000449,True,False
449,5,301,301,1.0,candidate_000449,True,False
450,1,571,186,0.3257443082311734,candidate_000450,True,False
450,2,517,398,0.769825918762089,candidate_000450,True,False
450,3,487,0,0.0,candidate_000450,True,False
450,4,415,3,0.007228915662650603,candidate_000450,True,False
450,5,301,257,0.8538205980066446,candidate_000450,True,False
451,1,571,335,0.5866900175131349,candidate_000451,True,False
451,2,517,450,0.8704061895551257,candidate_000451,True,False
451,3,487,0,0.0,candidate_000451,True,False
451,4,415,23,0.05542168674698795,candidate_000451,True,False
451,5,301,284,0.9435215946843853,candidate_000451,True,False
452,1,571,422,0.7390542907180385,candidate_000452,True,False
452,2,517,463,0.8955512572533849,candidate_000452,True,False
452,3,487,0,0.0,candidate_000452,True,False
452,4,415,0,0.0,candidate_000452,True,False
452,5,301,277,0.920265780730897,candidate_000452,True,False
453,1,571,477,0.8353765323992994,candidate_000453,True,False
453,2,517,507,0.9806576402321083,candidate_000453,True,False
453,3,487,143,0.2936344969199179,candidate_000453,True,False
453,4,415,0,0.0,candidate_000453,True,False
453,5,301,301,1.0,candidate_000453,True,False
454,1,571,339,0.5936952714535902,candidate_000454,True,False
454,2,517,383,0.7408123791102514,candidate_000454,True,False
454,3,487,0,0.0,candidate_000454,True,False
454,4,415,2,0.004819277108433735,candidate_000454,True,False
454,5,301,301,1.0,candidate_000454,True,False
455,1,571,388,0.6795096322241682,candidate_000455,True,False
455,2,517,480,0.9284332688588007,candidate_000455,True,False
455,3,487,42,0.08624229979466119,candidate_000455,True,False
455,4,415,115,0.27710843373493976,candidate_000455,True,False
455,5,301,277,0.920265780730897,candidate_000455,True,False
456,1,571,190,0.3327495621716287,candidate_000456,True,False
456,2,517,450,0.8704061895551257,candidate_000456,True,False
456,3,487,0,0.0,candidate_000456,True,False
456,4,415,0,0.0,candidate_000456,True,False
456,5,301,299,0.9933554817275747,candidate_000456,True,False
457,1,571,215,0.37653239929947463,candidate_000457,True,False
457,2,517,496,0.9593810444874274,candidate_000457,True,False
457,3,487,0,0.0,candidate_000457,True,False
457,4,415,3,0.007228915662650603,candidate_000457,True,False
457,5,301,294,0.9767441860465116,candidate_000457,True,False
458,1,571,310,0.542907180385289,candidate_000458,True,False
458,2,517,507,0.9806576402321083,candidate_000458,True,False
458,3,487,0,0.0,candidate_000458,True,False
458,4,415,28,0.06746987951807229,candidate_000458,True,False
458,5,301,301,1.0,candidate_000458,True,False
459,1,571,425,0.7443082311733801,candidate_000459,True,False
459,2,517,383,0.7408123791102514,candidate_000459,True,False
459,3,487,0,0.0,candidate_000459,True,False
459,4,415,16,0.03855421686746988,candidate_000459,True,False
459,5,301,287,0.9534883720930233,candidate_000459,True,False
460,1,571,428,0.7495621716287215,candidate_000460,True,False
460,2,517,108,0.20889748549323017,candidate_000460,True,False
460,3,487,33,0.06776180698151951,candidate_000460,True,False
460,4,415,19,0.04578313253012048,candidate_000460,True,False
460,5,301,296,0.9833887043189369,candidate_000460,True,False
461,1,571,287,0.5026269702276708,candidate_000461,True,False
461,2,517,406,0.7852998065764023,candidate_000461,True,False
461,3,487,40,0.08213552361396304,candidate_000461,True,False
461,4,415,27,0.06506024096385542,candidate_000461,True,False
461,5,301,298,0.9900332225913622,candidate_000461,True,False
462,1,571,451,0.7898423817863398,candidate_000462,True,False
462,2,517,354,0.6847195357833655,candidate_000462,True,False
462,3,487,8,0.01642710472279261,candidate_000462,True,False
462,4,415,0,0.0,candidate_000462,True,False
462,5,301,280,0.9302325581395349,candidate_000462,True,False
463,1,571,303,0.5306479859894921,candidate_000463,True,False
463,2,517,380,0.7350096711798839,candidate_000463,True,False
463,3,487,137,0.2813141683778234,candidate_000463,True,False
463,4,415,0,0.0,candidate_000463,True,False
463,5,301,275,0.9136212624584718,candidate_000463,True,False
464,1,571,42,0.07355516637478109,candidate_000464,True,False
464,2,517,501,0.9690522243713733,candidate_000464,True,False
464,3,487,123,0.25256673511293637,candidate_000464,True,False
464,4,415,288,0.6939759036144578,candidate_000464,True,False
464,5,301,301,1.0,candidate_000464,True,False
465,1,571,314,0.5499124343257443,candidate_000465,True,False
465,2,517,269,0.5203094777562862,candidate_000465,True,False
465,3,487,296,0.6078028747433265,candidate_000465,True,False
465,4,415,12,0.02891566265060241,candidate_000465,True,False
465,5,301,288,0.9568106312292359,candidate_000465,True,False
466,1,571,282,0.4938704028021016,candidate_000466,True,False
466,2,517,321,0.620889748549323,candidate_000466,True,False
466,3,487,331,0.6796714579055442,candidate_000466,True,False
466,4,415,61,0.14698795180722893,candidate_000466,True,False
466,5,301,283,0.9401993355481728,candidate_000466,True,False
467,1,571,192,0.3362521891418564,candidate_000467,True,False
467,2,517,337,0.6518375241779497,candidate_000467,True,False
467,3,487,122,0.25051334702258726,candidate_000467,True,False
467,4,415,12,0.02891566265060241,candidate_000467,True,False
467,5,301,301,1.0,candidate_000467,True,False
468,1,571,158,0.276707530647986,candidate_000468,True,False
468,2,517,428,0.8278529980657641,candidate_000468,True,False
468,3,487,0,0.0,candidate_000468,True,False
468,4,415,0,0.0,candidate_000468,True,False
468,5,301,301,1.0,candidate_000468,True,False
469,1,571,413,0.723292469352014,candidate_000469,True,False
469,2,517,341,0.6595744680851063,candidate_000469,True,False
469,3,487,314,0.6447638603696099,candidate_000469,True,False
469,4,415,173,0.41686746987951806,candidate_000469,True,False
469,5,301,266,0.8837209302325582,candidate_000469,True,False
470,1,571,308,0.5394045534150613,candidate_000470,True,False
470,2,517,344,0.6653771760154739,candidate_000470,True,False
470,3,487,330,0.6776180698151951,candidate_000470,True,False
470,4,415,0,0.0,candidate_000470,True,False
470,5,301,290,0.9634551495016611,candidate_000470,True,False
471,1,571,290,0.5078809106830122,candidate_000471,True,False
471,2,517,505,0.97678916827853,candidate_000471,True,False
471,3,487,0,0.0,candidate_000471,True,False
471,4,415,0,0.0,candidate_000471,True,False
471,5,301,301,1.0,candidate_000471,True,False
472,1,571,42,0.07355516637478109,candidate_000472,True,False
472,2,517,330,0.6382978723404256,candidate_000472,True,False
472,3,487,195,0.4004106776180698,candidate_000472,True,False
472,4,415,119,0.28674698795180725,candidate_000472,True,False
472,5,301,268,0.8903654485049833,candidate_000472,True,False
473,1,571,180,0.31523642732049034,candidate_000473,True,False
473,2,517,369,0.7137330754352031,candidate_000473,True,False
473,3,487,0,0.0,candidate_000473,True,False
473,4,415,0,0.0,candidate_000473,True,False
473,5,301,272,0.9036544850498339,candidate_000473,True,False
474,1,571,329,0.5761821366024519,candidate_000474,True,False
474,2,517,444,0.8588007736943907,candidate_000474,True,False
474,3,487,0,0.0,candidate_000474,True,False
474,4,415,0,0.0,candidate_000474,True,False
474,5,301,301,1.0,candidate_000474,True,False
475,1,571,253,0.44308231173380036,candidate_000475,True,False
475,2,517,473,0.9148936170212766,candidate_000475,True,False
475,3,487,34,0.06981519507186858,candidate_000475,True,False
475,4,415,0,0.0,candidate_000475,True,False
475,5,301,281,0.9335548172757475,candidate_000475,True,False
476,1,571,166,0.29071803852889666,candidate_000476,True,False
476,2,517,281,0.5435203094777563,candidate_000476,True,False
476,3,487,0,0.0,candidate_000476,True,False
476,4,415,31,0.0746987951807229,candidate_000476,True,False
476,5,301,278,0.9235880398671097,candidate_000476,True,False
477,1,571,271,0.4746059544658494,candidate_000477,True,False
477,2,517,422,0.816247582205029,candidate_000477,True,False
477,3,487,0,0.0,candidate_000477,True,False
477,4,415,0,0.0,candidate_000477,True,False
477,5,301,284,0.9435215946843853,candidate_000477,True,False
478,1,571,263,0.46059544658493873,candidate_000478,True,False
478,2,517,500,0.9671179883945842,candidate_000478,True,False
478,3,487,0,0.0,candidate_000478,True,False
478,4,415,33,0.07951807228915662,candidate_000478,True,False
478,5,301,285,0.946843853820598,candidate_000478,True,False
479,1,571,283,0.4956217162872154,candidate_000479,True,False
479,2,517,456,0.8820116054158608,candidate_000479,True,False
479,3,487,5,0.01026694045174538,candidate_000479,True,False
479,4,415,115,0.27710843373493976,candidate_000479,True,False
479,5,301,300,0.9966777408637874,candidate_000479,True,False
480,1,571,382,0.6690017513134852,candidate_000480,True,False
480,2,517,418,0.8085106382978723,candidate_000480,True,False
480,3,487,184,0.37782340862423,candidate_000480,True,False
480,4,415,5,0.012048192771084338,candidate_000480,True,False
480,5,301,224,0.7441860465116279,candidate_000480,True,False
481,1,571,341,0.5971978984238179,candidate_000481,True,False
481,2,517,336,0.6499032882011605,candidate_000481,True,False
481,3,487,0,0.0,candidate_000481,True,False
481,4,415,0,0.0,candidate_000481,True,False
481,5,301,301,1.0,candidate_000481,True,False
482,1,571,192,0.3362521891418564,candidate_000482,True,False
482,2,517,463,0.8955512572533849,candidate_000482,True,False
482,3,487,0,0.0,candidate_000482,True,False
482,4,415,0,0.0,candidate_000482,True,False
482,5,301,300,0.9966777408637874,candidate_000482,True,False
483,1,571,213,0.37302977232924694,candidate_000483,True,False
483,2,517,483,0.9342359767891683,candidate_000483,True,False
483,3,487,54,0.11088295687885011,candidate_000483,True,False
483,4,415,208,0.5012048192771085,candidate_000483,True,False
483,5,301,297,0.9867109634551495,candidate_000483,True,False
484,1,571,360,0.6304728546409807,candidate_000484,True,False
484,2,517,498,0.9632495164410058,candidate_000484,True,False
484,3,487,0,0.0,candidate_000484,True,False
484,4,415,0,0.0,candidate_000484,True,False
484,5,301,301,1.0,candidate_000484,True,False
485,1,571,229,0.4010507880910683,candidate_000485,True,False
485,2,517,257,0.49709864603481624,candidate_000485,True,False
485,3,487,18,0.03696098562628337,candidate_000485,True,False
485,4,415,0,0.0,candidate_000485,True,False
485,5,301,271,0.9003322259136213,candidate_000485,True,False
486,1,571,378,0.6619964973730298,candidate_000486,True,False
486,2,517,496,0.9593810444874274,candidate_000486,True,False
486,3,487,0,0.0,candidate_000486,True,False
486,4,415,139,0.3349397590361446,candidate_000486,True,False
486,5,301,294,0.9767441860465116,candidate_000486,True,False
487,1,571,493,0.8633975481611208,candidate_000487,True,False
487,2,517,387,0.7485493230174082,candidate_000487,True,False
487,3,487,28,0.057494866529774126,candidate_000487,True,False
487,4,415,0,0.0,candidate_000487,True,False
487,5,301,294,0.9767441860465116,candidate_000487,True,False
488,1,571,183,0.3204903677758319,candidate_000488,True,False
488,2,517,498,0.9632495164410058,candidate_000488,True,False
488,3,487,1,0.002053388090349076,candidate_000488,True,False
488,4,415,94,0.22650602409638554,candidate_000488,True,False
488,5,301,293,0.973421926910299,candidate_000488,True,False
489,1,571,328,0.574430823117338,candidate_000489,True,False
489,2,517,500,0.9671179883945842,candidate_000489,True,False
489,3,487,24,0.049281314168377825,candidate_000489,True,False
489,4,415,5,0.012048192771084338,candidate_000489,True,False
489,5,301,253,0.840531561461794,candidate_000489,True,False
490,1,571,308,0.5394045534150613,candidate_000490,True,False
490,2,517,443,0.8568665377176016,candidate_000490,True,False
490,3,487,0,0.0,candidate_000490,True,False
490,4,415,1,0.0024096385542168677,candidate_000490,True,False
490,5,301,298,0.9900332225913622,candidate_000490,True,False
491,1,571,300,0.5253940455341506,candidate_000491,True,False
491,2,517,456,0.8820116054158608,candidate_000491,True,False
491,3,487,8,0.01642710472279261,candidate_000491,True,False
491,4,415,83,0.2,candidate_000491,True,False
491,5,301,262,0.8704318936877077,candidate_000491,True,False
492,1,571,184,0.3222416812609457,candidate_000492,True,False
492,2,517,421,0.8143133462282398,candidate_000492,True,False
492,3,487,0,0.0,candidate_000492,True,False
492,4,415,0,0.0,candidate_000492,True,False
492,5,301,257,0.8538205980066446,candidate_000492,True,False
493,1,571,542,0.9492119089316988,candidate_000493,True,False
493,2,517,465,0.8994197292069632,candidate_000493,True,False
493,3,487,152,0.31211498973305957,candidate_000493,True,False
493,4,415,75,0.18072289156626506,candidate_000493,True,False
493,5,301,274,0.9102990033222591,candidate_000493,True,False
494,1,571,201,0.3520140105078809,candidate_000494,True,False
494,2,517,401,0.7756286266924565,candidate_000494,True,False
494,3,487,95,0.19507186858316222,candidate_000494,True,False
494,4,415,5,0.012048192771084338,candidate_000494,True,False
494,5,301,282,0.9368770764119602,candidate_000494,True,False
495,1,571,507,0.8879159369527145,candidate_000495,True,False
495,2,517,421,0.8143133462282398,candidate_000495,True,False
495,3,487,116,0.23819301848049282,candidate_000495,True,False
495,4,415,29,0.06987951807228916,candidate_000495,True,False
495,5,301,261,0.867109634551495,candidate_000495,True,False
496,1,571,95,0.16637478108581435,candidate_000496,True,False
496,2,517,468,0.9052224371373307,candidate_000496,True,False
496,3,487,0,0.0,candidate_000496,True,False
496,4,415,0,0.0,candidate_000496,True,False
496,5,301,296,0.9833887043189369,candidate_000496,True,False
497,1,571,286,0.500875656742557,candidate_000497,True,False
497,2,517,418,0.8085106382978723,candidate_000497,True,False
497,3,487,62,0.1273100616016427,candidate_000497,True,False
497,4,415,0,0.0,candidate_000497,True,False
497,5,301,147,0.4883720930232558,candidate_000497,True,False
498,1,571,350,0.6129597197898424,candidate_000498,True,False
498,2,517,502,0.9709864603481625,candidate_000498,True,False
498,3,487,249,0.5112936344969199,candidate_000498,True,False
498,4,415,0,0.0,candidate_000498,True,False
498,5,301,297,0.9867109634551495,candidate_000498,True,False
499,1,571,428,0.7495621716287215,candidate_000499,True,False
499,2,517,485,0.9381044487427466,candidate_000499,True,False
499,3,487,1,0.002053388090349076,candidate_000499,True,False
499,4,415,44,0.10602409638554217,candidate_000499,True,False
499,5,301,238,0.7906976744186046,candidate_000499,True,False
500,1,571,150,0.2626970227670753,candidate_000500,True,False
500,2,517,301,0.5822050290135397,candidate_000500,True,False
500,3,487,299,0.6139630390143738,candidate_000500,True,False
500,4,415,134,0.3228915662650602,candidate_000500,True,False
500,5,301,281,0.9335548172757475,candidate_000500,True,False
501,1,571,185,0.3239929947460595,candidate_000501,True,False
501,2,517,489,0.9458413926499033,candidate_000501,True,False
501,3,487,0,0.0,candidate_000501,True,False
501,4,415,17,0.04096385542168675,candidate_000501,True,False
501,5,301,223,0.7408637873754153,candidate_000501,True,False
502,1,571,245,0.4290718038528897,candidate_000502,True,False
502,2,517,488,0.9439071566731141,candidate_000502,True,False
502,3,487,36,0.07392197125256673,candidate_000502,True,False
502,4,415,0,0.0,candidate_000502,True,False
502,5,301,283,0.9401993355481728,candidate_000502,True,False
503,1,571,308,0.5394045534150613,candidate_000503,True,False
503,2,517,502,0.9709864603481625,candidate_000503,True,False
503,3,487,52,0.10677618069815195,candidate_000503,True,False
503,4,415,38,0.09156626506024096,candidate_000503,True,False
503,5,301,293,0.973421926910299,candidate_000503,True,False
504,1,571,219,0.38353765323992994,candidate_000504,True,False
504,2,517,217,0.4197292069632495,candidate_000504,True,False
504,3,487,0,0.0,candidate_000504,True,False
504,4,415,104,0.25060240963855424,candidate_000504,True,False
504,5,301,298,0.9900332225913622,candidate_000504,True,False
505,1,571,535,0.9369527145359019,candidate_000505,True,False
505,2,517,263,0.5087040618955513,candidate_000505,True,False
505,3,487,58,0.11909650924024641,candidate_000505,True,False
505,4,415,13,0.03132530120481928,candidate_000505,True,False
505,5,301,280,0.9302325581395349,candidate_000505,True,False
506,1,571,438,0.7670753064798599,candidate_000506,True,False
506,2,517,363,0.7021276595744681,candidate_000506,True,False
506,3,487,0,0.0,candidate_000506,True,False
506,4,415,95,0.2289156626506024,candidate_000506,True,False
506,5,301,172,0.5714285714285714,candidate_000506,True,False
507,1,571,194,0.3397548161120841,candidate_000507,True,False
507,2,517,475,0.9187620889748549,candidate_000507,True,False
507,3,487,0,0.0,candidate_000507,True,False
507,4,415,0,0.0,candidate_000507,True,False
507,5,301,296,0.9833887043189369,candidate_000507,True,False
508,1,571,344,0.6024518388791593,candidate_000508,True,False
508,2,517,473,0.9148936170212766,candidate_000508,True,False
508,3,487,254,0.5215605749486653,candidate_000508,True,False
508,4,415,0,0.0,candidate_000508,True,False
508,5,301,285,0.946843853820598,candidate_000508,True,False
509,1,571,390,0.6830122591943958,candidate_000509,True,False
509,2,517,391,0.7562862669245648,candidate_000509,True,False
509,3,487,0,0.0,candidate_000509,True,False
509,4,415,0,0.0,candidate_000509,True,False
509,5,301,301,1.0,candidate_000509,True,False
510,1,571,175,0.3064798598949212,candidate_000510,True,False
510,2,517,433,0.8375241779497099,candidate_000510,True,False
510,3,487,0,0.0,candidate_000510,True,False
510,4,415,4,0.00963855421686747,candidate_000510,True,False
510,5,301,262,0.8704318936877077,candidate_000510,True,False
511,1,571,287,0.5026269702276708,candidate_000511,True,False
511,2,517,487,0.941972920696325,candidate_000511,True,False
511,3,487,14,0.028747433264887063,candidate_000511,True,False
511,4,415,3,0.007228915662650603,candidate_000511,True,False
511,5,301,296,0.9833887043189369,candidate_000511,True,False
512,1,571,454,0.7950963222416813,candidate_000512,True,False
512,2,517,428,0.8278529980657641,candidate_000512,True,False
512,3,487,0,0.0,candidate_000512,True,False
512,4,415,0,0.0,candidate_000512,True,False
512,5,301,300,0.9966777408637874,candidate_000512,True,False
513,1,571,233,0.4080560420315236,candidate_000513,True,False
513,2,517,491,0.9497098646034816,candidate_000513,True,False
513,3,487,0,0.0,candidate_000513,True,False
513,4,415,362,0.8722891566265061,candidate_000513,True,False
513,5,301,262,0.8704318936877077,candidate_000513,True,False
514,1,571,451,0.7898423817863398,candidate_000514,True,False
514,2,517,460,0.8897485493230174,candidate_000514,True,False
514,3,487,0,0.0,candidate_000514,True,False
514,4,415,116,0.27951807228915665,candidate_000514,True,False
514,5,301,183,0.6079734219269103,candidate_000514,True,False
515,1,571,200,0.3502626970227671,candidate_000515,True,False
515,2,517,373,0.7214700193423598,candidate_000515,True,False
515,3,487,75,0.1540041067761807,candidate_000515,True,False
515,4,415,0,0.0,candidate_000515,True,False
515,5,301,273,0.9069767441860465,candidate_000515,True,False
516,1,571,263,0.46059544658493873,candidate_000516,True,False
516,2,517,376,0.7272727272727273,candidate_000516,True,False
516,3,487,42,0.08624229979466119,candidate_000516,True,False
516,4,415,119,0.28674698795180725,candidate_000516,True,False
516,5,301,296,0.9833887043189369,candidate_000516,True,False
517,1,571,293,0.5131348511383538,candidate_000517,True,False
517,2,517,440,0.851063829787234,candidate_000517,True,False
517,3,487,13,0.026694045174537988,candidate_000517,True,False
517,4,415,201,0.4843373493975904,candidate_000517,True,False
517,5,301,297,0.9867109634551495,candidate_000517,True,False
518,1,571,436,0.7635726795096323,candidate_000518,True,False
518,2,517,441,0.8529980657640233,candidate_000518,True,False
518,3,487,25,0.0513347022587269,candidate_000518,True,False
518,4,415,93,0.22409638554216868,candidate_000518,True,False
518,5,301,289,0.9601328903654485,candidate_000518,True,False
519,1,571,300,0.5253940455341506,candidate_000519,True,False
519,2,517,491,0.9497098646034816,candidate_000519,True,False
519,3,487,21,0.043121149897330596,candidate_000519,True,False
519,4,415,15,0.03614457831325301,candidate_000519,True,False
519,5,301,228,0.7574750830564784,candidate_000519,True,False
520,1,571,396,0.6935201401050788,candidate_000520,True,False
520,2,517,485,0.9381044487427466,candidate_000520,True,False
520,3,487,250,0.5133470225872689,candidate_000520,True,False
520,4,415,0,0.0,candidate_000520,True,False
520,5,301,298,0.9900332225913622,candidate_000520,True,False
521,1,571,414,0.7250437828371279,candidate_000521,True,False
521,2,517,515,0.9961315280464217,candidate_000521,True,False
521,3,487,235,0.48254620123203285,candidate_000521,True,False
521,4,415,0,0.0,candidate_000521,True,False
521,5,301,296,0.9833887043189369,candidate_000521,True,False
522,1,571,286,0.500875656742557,candidate_000522,True,False
522,2,517,486,0.9400386847195358,candidate_000522,True,False
522,3,487,0,0.0,candidate_000522,True,False
522,4,415,0,0.0,candidate_000522,True,False
522,5,301,298,0.9900332225913622,candidate_000522,True,False
523,1,571,342,0.5989492119089317,candidate_000523,True,False
523,2,517,409,0.7911025145067698,candidate_000523,True,False
523,3,487,174,0.35728952772073924,candidate_000523,True,False
523,4,415,77,0.1855421686746988,candidate_000523,True,False
523,5,301,226,0.7508305647840532,candidate_000523,True,False
524,1,571,255,0.44658493870402804,candidate_000524,True,False
524,2,517,397,0.7678916827852998,candidate_000524,True,False
524,3,487,46,0.0944558521560575,candidate_000524,True,False
524,4,415,73,0.17590361445783131,candidate_000524,True,False
524,5,301,301,1.0,candidate_000524,True,False
525,1,571,367,0.6427320490367776,candidate_000525,True,False
525,2,517,494,0.9555125725338491,candidate_000525,True,False
525,3,487,210,0.43121149897330596,candidate_000525,True,False
525,4,415,0,0.0,candidate_000525,True,False
525,5,301,301,1.0,candidate_000525,True,False
526,1,571,375,0.6567425569176882,candidate_000526,True,False
526,2,517,359,0.6943907156673114,candidate_000526,True,False
526,3,487,97,0.19917864476386038,candidate_000526,True,False
526,4,415,164,0.39518072289156625,candidate_000526,True,False
526,5,301,275,0.9136212624584718,candidate_000526,True,False
527,1,571,194,0.3397548161120841,candidate_000527,True,False
527,2,517,466,0.9013539651837524,candidate_000527,True,False
527,3,487,5,0.01026694045174538,candidate_000527,True,False
527,4,415,0,0.0,candidate_000527,True,False
527,5,301,299,0.9933554817275747,candidate_000527,True,False
528,1,571,176,0.30823117338003503,candidate_000528,True,False
528,2,517,507,0.9806576402321083,candidate_000528,True,False
528,3,487,0,0.0,candidate_000528,True,False
528,4,415,184,0.4433734939759036,candidate_000528,True,False
528,5,301,292,0.9700996677740864,candidate_000528,True,False
529,1,571,348,0.6094570928196147,candidate_000529,True,False
529,2,517,512,0.9903288201160542,candidate_000529,True,False
529,3,487,89,0.18275154004106775,candidate_000529,True,False
529,4,415,89,0.21445783132530122,candidate_000529,True,False
529,5,301,207,0.6877076411960132,candidate_000529,True,False
530,1,571,179,0.3134851138353765,candidate_000530,True,False
530,2,517,467,0.9032882011605415,candidate_000530,True,False
530,3,487,0,0.0,candidate_000530,True,False
530,4,415,22,0.05301204819277108,candidate_000530,True,False
530,5,301,161,0.5348837209302325,candidate_000530,True,False
531,1,571,163,0.28546409807355516,candidate_000531,True,False
531,2,517,509,0.9845261121856866,candidate_000531,True,False
531,3,487,20,0.04106776180698152,candidate_000531,True,False
531,4,415,0,0.0,candidate_000531,True,False
531,5,301,283,0.9401993355481728,candidate_000531,True,False
532,1,571,361,0.6322241681260946,candidate_000532,True,False
532,2,517,409,0.7911025145067698,candidate_000532,True,False
532,3,487,66,0.13552361396303902,candidate_000532,True,False
532,4,415,14,0.033734939759036145,candidate_000532,True,False
532,5,301,301,1.0,candidate_000532,True,False
533,1,571,213,0.37302977232924694,candidate_000533,True,False
533,2,517,501,0.9690522243713733,candidate_000533,True,False
533,3,487,0,0.0,candidate_000533,True,False
533,4,415,106,0.25542168674698795,candidate_000533,True,False
533,5,301,264,0.8770764119601329,candidate_000533,True,False
534,1,571,420,0.7355516637478109,candidate_000534,True,False
534,2,517,479,0.9264990328820116,candidate_000534,True,False
534,3,487,4,0.008213552361396304,candidate_000534,True,False
534,4,415,6,0.014457831325301205,candidate_000534,True,False
534,5,301,300,0.9966777408637874,candidate_000534,True,False
535,1,571,471,0.8248686514886164,candidate_000535,True,False
535,2,517,245,0.4738878143133462,candidate_000535,True,False
535,3,487,263,0.5400410677618069,candidate_000535,True,False
535,4,415,4,0.00963855421686747,candidate_000535,True,False
535,5,301,301,1.0,candidate_000535,True,False
536,1,571,264,0.46234676007005254,candidate_000536,True,False
536,2,517,500,0.9671179883945842,candidate_000536,True,False
536,3,487,0,0.0,candidate_000536,True,False
536,4,415,1,0.0024096385542168677,candidate_000536,True,False
536,5,301,281,0.9335548172757475,candidate_000536,True,False
537,1,571,456,0.7985989492119089,candidate_000537,True,False
537,2,517,475,0.9187620889748549,candidate_000537,True,False
537,3,487,0,0.0,candidate_000537,True,False
537,4,415,0,0.0,candidate_000537,True,False
537,5,301,292,0.9700996677740864,candidate_000537,True,False
538,1,571,218,0.38178633975481613,candidate_000538,True,False
538,2,517,374,0.723404255319149,candidate_000538,True,False
538,3,487,2,0.004106776180698152,candidate_000538,True,False
538,4,415,0,0.0,candidate_000538,True,False
538,5,301,296,0.9833887043189369,candidate_000538,True,False
539,1,571,216,0.37828371278458844,candidate_000539,True,False
539,2,517,378,0.7311411992263056,candidate_000539,True,False
539,3,487,65,0.13347022587268995,candidate_000539,True,False
539,4,415,0,0.0,candidate_000539,True,False
539,5,301,300,0.9966777408637874,candidate_000539,True,False
540,1,571,378,0.6619964973730298,candidate_000540,True,False
540,2,517,500,0.9671179883945842,candidate_000540,True,False
540,3,487,3,0.006160164271047228,candidate_000540,True,False
540,4,415,17,0.04096385542168675,candidate_000540,True,False
540,5,301,289,0.9601328903654485,candidate_000540,True,False
541,1,571,211,0.36952714535901926,candidate_000541,True,False
541,2,517,472,0.9129593810444874,candidate_000541,True,False
541,3,487,0,0.0,candidate_000541,True,False
541,4,415,11,0.02650602409638554,candidate_000541,True,False
541,5,301,295,0.9800664451827242,candidate_000541,True,False
542,1,571,158,0.276707530647986,candidate_000542,True,False
542,2,517,414,0.8007736943907157,candidate_000542,True,False
542,3,487,43,0.08829568788501027,candidate_000542,True,False
542,4,415,38,0.09156626506024096,candidate_000542,True,False
542,5,301,299,0.9933554817275747,candidate_000542,True,False
543,1,571,480,0.840630472854641,candidate_000543,True,False
543,2,517,381,0.7369439071566731,candidate_000543,True,False
543,3,487,4,0.008213552361396304,candidate_000543,True,False
543,4,415,0,0.0,candidate_000543,True,False
543,5,301,283,0.9401993355481728,candidate_000543,True,False
544,1,571,467,0.8178633975481612,candidate_000544,True,False
544,2,517,380,0.7350096711798839,candidate_000544,True,False
544,3,487,0,0.0,candidate_000544,True,False
544,4,415,0,0.0,candidate_000544,True,False
544,5,301,274,0.9102990033222591,candidate_000544,True,False
545,1,571,464,0.8126094570928196,candidate_000545,True,False
545,2,517,426,0.8239845261121856,candidate_000545,True,False
545,3,487,9,0.018480492813141684,candidate_000545,True,False
545,4,415,123,0.2963855421686747,candidate_000545,True,False
545,5,301,204,0.6777408637873754,candidate_000545,True,False
546,1,571,57,0.09982486865148861,candidate_000546,True,False
546,2,517,281,0.5435203094777563,candidate_000546,True,False
546,3,487,0,0.0,candidate_000546,True,False
546,4,415,0,0.0,candidate_000546,True,False
546,5,301,256,0.8504983388704319,candidate_000546,True,False
547,1,571,128,0.22416812609457093,candidate_000547,True,False
547,2,517,509,0.9845261121856866,candidate_000547,True,False
547,3,487,34,0.06981519507186858,candidate_000547,True,False
547,4,415,0,0.0,candidate_000547,True,False
547,5,301,289,0.9601328903654485,candidate_000547,True,False
548,1,571,384,0.6725043782837128,candidate_000548,True,False
548,2,517,505,0.97678916827853,candidate_000548,True,False
548,3,487,207,0.42505133470225875,candidate_000548,True,False
548,4,415,70,0.1686746987951807,candidate_000548,True,False
548,5,301,255,0.8471760797342193,candidate_000548,True,False
549,1,571,219,0.38353765323992994,candidate_000549,True,False
549,2,517,446,0.8626692456479691,candidate_000549,True,False
549,3,487,0,0.0,candidate_000549,True,False
549,4,415,63,0.15180722891566265,candidate_000549,True,False
549,5,301,298,0.9900332225913622,candidate_000549,True,False
550,1,571,443,0.7758318739054291,candidate_000550,True,False
550,2,517,517,1.0,candidate_000550,True,False
550,3,487,0,0.0,candidate_000550,True,False
550,4,415,132,0.3180722891566265,candidate_000550,True,False
550,5,301,273,0.9069767441860465,candidate_000550,True,False
551,1,571,328,0.574430823117338,candidate_000551,True,False
551,2,517,350,0.6769825918762089,candidate_000551,True,False
551,3,487,100,0.2053388090349076,candidate_000551,True,False
551,4,415,39,0.09397590361445783,candidate_000551,True,False
551,5,301,260,0.8637873754152824,candidate_000551,True,False
552,1,571,286,0.500875656742557,candidate_000552,True,False
552,2,517,401,0.7756286266924565,candidate_000552,True,False
552,3,487,0,0.0,candidate_000552,True,False
552,4,415,66,0.15903614457831325,candidate_000552,True,False
552,5,301,301,1.0,candidate_000552,True,False
553,1,571,432,0.7565674255691769,candidate_000553,True,False
553,2,517,331,0.6402321083172147,candidate_000553,True,False
553,3,487,0,0.0,candidate_000553,True,False
553,4,415,0,0.0,candidate_000553,True,False
553,5,301,301,1.0,candidate_000553,True,False
554,1,571,338,0.5919439579684763,candidate_000554,True,False
554,2,517,423,0.8181818181818182,candidate_000554,True,False
554,3,487,63,0.1293634496919918,candidate_000554,True,False
554,4,415,64,0.15421686746987953,candidate_000554,True,False
554,5,301,282,0.9368770764119602,candidate_000554,True,False
555,1,571,279,0.4886164623467601,candidate_000555,True,False
555,2,517,456,0.8820116054158608,candidate_000555,True,False
555,3,487,0,0.0,candidate_000555,True,False
555,4,415,16,0.03855421686746988,candidate_000555,True,False
555,5,301,299,0.9933554817275747,candidate_000555,True,False
556,1,571,230,0.4028021015761821,candidate_000556,True,False
556,2,517,341,0.6595744680851063,candidate_000556,True,False
556,3,487,22,0.045174537987679675,candidate_000556,True,False
556,4,415,13,0.03132530120481928,candidate_000556,True,False
556,5,301,292,0.9700996677740864,candidate_000556,True,False
557,1,571,371,0.649737302977233,candidate_000557,True,False
557,2,517,266,0.5145067698259188,candidate_000557,True,False
557,3,487,259,0.5318275154004107,candidate_000557,True,False
557,4,415,3,0.007228915662650603,candidate_000557,True,False
557,5,301,300,0.9966777408637874,candidate_000557,True,False
558,1,571,324,0.5674255691768827,candidate_000558,True,False
558,2,517,483,0.9342359767891683,candidate_000558,True,False
558,3,487,52,0.10677618069815195,candidate_000558,True,False
558,4,415,94,0.22650602409638554,candidate_000558,True,False
558,5,301,247,0.8205980066445183,candidate_000558,True,False
559,1,571,469,0.8213660245183888,candidate_000559,True,False
559,2,517,505,0.97678916827853,candidate_000559,True,False
559,3,487,0,0.0,candidate_000559,True,False
559,4,415,9,0.021686746987951807,candidate_000559,True,False
559,5,301,291,0.9667774086378738,candidate_000559,True,False
560,1,571,211,0.36952714535901926,candidate_000560,True,False
560,2,517,431,0.8336557059961315,candidate_000560,True,False
560,3,487,47,0.09650924024640657,candidate_000560,True,False
560,4,415,0,0.0,candidate_000560,True,False
560,5,301,299,0.9933554817275747,candidate_000560,True,False
561,1,571,220,0.38528896672504376,candidate_000561,True,False
561,2,517,504,0.9748549323017408,candidate_000561,True,False
561,3,487,2,0.004106776180698152,candidate_000561,True,False
561,4,415,99,0.2385542168674699,candidate_000561,True,False
561,5,301,273,0.9069767441860465,candidate_000561,True,False
562,1,571,243,0.425569176882662,candidate_000562,True,False
562,2,517,275,0.5319148936170213,candidate_000562,True,False
562,3,487,121,0.24845995893223818,candidate_000562,True,False
562,4,415,125,0.30120481927710846,candidate_000562,True,False
562,5,301,272,0.9036544850498339,candidate_000562,True,False
563,1,571,370,0.647985989492119,candidate_000563,True,False
563,2,517,418,0.8085106382978723,candidate_000563,True,False
563,3,487,6,0.012320328542094456,candidate_000563,True,False
563,4,415,0,0.0,candidate_000563,True,False
563,5,301,235,0.7807308970099668,candidate_000563,True,False
564,1,571,524,0.9176882661996497,candidate_000564,True,False
564,2,517,439,0.8491295938104448,candidate_000564,True,False
564,3,487,23,0.04722792607802875,candidate_000564,True,False
564,4,415,0,0.0,candidate_000564,True,False
564,5,301,294,0.9767441860465116,candidate_000564,True,False
565,1,571,332,0.5814360770577933,candidate_000565,True,False
565,2,517,457,0.8839458413926499,candidate_000565,True,False
565,3,487,327,0.6714579055441479,candidate_000565,True,False
565,4,415,5,0.012048192771084338,candidate_000565,True,False
565,5,301,279,0.9269102990033222,candidate_000565,True,False
566,1,571,446,0.7810858143607706,candidate_000566,True,False
566,2,517,237,0.4584139264990329,candidate_000566,True,False
566,3,487,127,0.26078028747433263,candidate_000566,True,False
566,4,415,0,0.0,candidate_000566,True,False
566,5,301,301,1.0,candidate_000566,True,False
567,1,571,224,0.3922942206654991,candidate_000567,True,False
567,2,517,138,0.26692456479690524,candidate_000567,True,False
567,3,487,9,0.018480492813141684,candidate_000567,True,False
567,4,415,0,0.0,candidate_000567,True,False
567,5,301,296,0.9833887043189369,candidate_000567,True,False
568,1,571,389,0.681260945709282,candidate_000568,True,False
568,2,517,493,0.9535783365570599,candidate_000568,True,False
568,3,487,102,0.20944558521560575,candidate_000568,True,False
568,4,415,0,0.0,candidate_000568,True,False
568,5,301,258,0.8571428571428571,candidate_000568,True,False
569,1,571,108,0.18914185639229422,candidate_000569,True,False
569,2,517,398,0.769825918762089,candidate_000569,True,False
569,3,487,27,0.055441478439425054,candidate_000569,True,False
569,4,415,84,0.20240963855421687,candidate_000569,True,False
569,5,301,299,0.9933554817275747,candidate_000569,True,False
570,1,571,227,0.3975481611208406,candidate_000570,True,False
570,2,517,426,0.8239845261121856,candidate_000570,True,False
570,3,487,35,0.07186858316221766,candidate_000570,True,False
570,4,415,0,0.0,candidate_000570,True,False
570,5,301,266,0.8837209302325582,candidate_000570,True,False
571,1,571,59,0.10332749562171628,candidate_000571,True,False
571,2,517,457,0.8839458413926499,candidate_000571,True,False
571,3,487,28,0.057494866529774126,candidate_000571,True,False
571,4,415,1,0.0024096385542168677,candidate_000571,True,False
571,5,301,280,0.9302325581395349,candidate_000571,True,False
572,1,571,197,0.3450087565674256,candidate_000572,True,False
572,2,517,475,0.9187620889748549,candidate_000572,True,False
572,3,487,0,0.0,candidate_000572,True,False
572,4,415,0,0.0,candidate_000572,True,False
572,5,301,222,0.7375415282392026,candidate_000572,True,False
573,1,571,477,0.8353765323992994,candidate_000573,True,False
573,2,517,486,0.9400386847195358,candidate_000573,True,False
573,3,487,0,0.0,candidate_000573,True,False
573,4,415,0,0.0,candidate_000573,True,False
573,5,301,283,0.9401993355481728,candidate_000573,True,False
574,1,571,179,0.3134851138353765,candidate_000574,True,False
574,2,517,497,0.9613152804642167,candidate_000574,True,False
574,3,487,0,0.0,candidate_000574,True,False
574,4,415,63,0.15180722891566265,candidate_000574,True,False
574,5,301,271,0.9003322259136213,candidate_000574,True,False
575,1,571,415,0.7267950963222417,candidate_000575,True,False
575,2,517,427,0.8259187620889749,candidate_000575,True,False
575,3,487,63,0.1293634496919918,candidate_000575,True,False
575,4,415,122,0.29397590361445786,candidate_000575,True,False
575,5,301,293,0.973421926910299,candidate_000575,True,False
576,1,571,212,0.3712784588441331,candidate_000576,True,False
576,2,517,352,0.6808510638297872,candidate_000576,True,False
576,3,487,195,0.4004106776180698,candidate_000576,True,False
576,4,415,12,0.02891566265060241,candidate_000576,True,False
576,5,301,218,0.7242524916943521,candidate_000576,True,False
577,1,571,353,0.6182136602451839,candidate_000577,True,False
577,2,517,517,1.0,candidate_000577,True,False
577,3,487,0,0.0,candidate_000577,True,False
577,4,415,48,0.11566265060240964,candidate_000577,True,False
577,5,301,253,0.840531561461794,candidate_000577,True,False
578,1,571,215,0.37653239929947463,candidate_000578,True,False
578,2,517,436,0.8433268858800773,candidate_000578,True,False
578,3,487,0,0.0,candidate_000578,True,False
578,4,415,6,0.014457831325301205,candidate_000578,True,False
578,5,301,300,0.9966777408637874,candidate_000578,True,False
579,1,571,198,0.3467600700525394,candidate_000579,True,False
579,2,517,467,0.9032882011605415,candidate_000579,True,False
579,3,487,3,0.006160164271047228,candidate_000579,True,False
579,4,415,100,0.24096385542168675,candidate_000579,True,False
579,5,301,276,0.9169435215946844,candidate_000579,True,False
580,1,571,497,0.8704028021015762,candidate_000580,True,False
580,2,517,427,0.8259187620889749,candidate_000580,True,False
580,3,487,0,0.0,candidate_000580,True,False
580,4,415,67,0.1614457831325301,candidate_000580,True,False
580,5,301,268,0.8903654485049833,candidate_000580,True,False
581,1,571,470,0.8231173380035026,candidate_000581,True,False
581,2,517,298,0.5764023210831721,candidate_000581,True,False
581,3,487,0,0.0,candidate_000581,True,False
581,4,415,0,0.0,candidate_000581,True,False
581,5,301,301,1.0,candidate_000581,True,False
582,1,571,297,0.5201401050788091,candidate_000582,True,False
582,2,517,372,0.7195357833655706,candidate_000582,True,False
582,3,487,0,0.0,candidate_000582,True,False
582,4,415,0,0.0,candidate_000582,True,False
582,5,301,276,0.9169435215946844,candidate_000582,True,False
583,1,571,350,0.6129597197898424,candidate_000583,True,False
583,2,517,390,0.7543520309477756,candidate_000583,True,False
583,3,487,0,0.0,candidate_000583,True,False
583,4,415,0,0.0,candidate_000583,True,False
583,5,301,301,1.0,candidate_000583,True,False
584,1,571,298,0.521891418563923,candidate_000584,True,False
584,2,517,491,0.9497098646034816,candidate_000584,True,False
584,3,487,100,0.2053388090349076,candidate_000584,True,False
584,4,415,35,0.08433734939759036,candidate_000584,True,False
584,5,301,233,0.7740863787375415,candidate_000584,True,False
585,1,571,452,0.7915936952714536,candidate_000585,True,False
585,2,517,489,0.9458413926499033,candidate_000585,True,False
585,3,487,0,0.0,candidate_000585,True,False
585,4,415,0,0.0,candidate_000585,True,False
585,5,301,296,0.9833887043189369,candidate_000585,True,False
586,1,571,196,0.3432574430823117,candidate_000586,True,False
586,2,517,491,0.9497098646034816,candidate_000586,True,False
586,3,487,277,0.5687885010266941,candidate_000586,True,False
586,4,415,9,0.021686746987951807,candidate_000586,True,False
586,5,301,217,0.7209302325581395,candidate_000586,True,False
587,1,571,195,0.3415061295971979,candidate_000587,True,False
587,2,517,495,0.9574468085106383,candidate_000587,True,False
587,3,487,0,0.0,candidate_000587,True,False
587,4,415,2,0.004819277108433735,candidate_000587,True,False
587,5,301,270,0.8970099667774086,candidate_000587,True,False
588,1,571,284,0.4973730297723292,candidate_000588,True,False
588,2,517,356,0.688588007736944,candidate_000588,True,False
588,3,487,1,0.002053388090349076,candidate_000588,True,False
588,4,415,21,0.05060240963855422,candidate_000588,True,False
588,5,301,301,1.0,candidate_000588,True,False
589,1,571,346,0.6059544658493871,candidate_000589,True,False
589,2,517,476,0.9206963249516441,candidate_000589,True,False
589,3,487,0,0.0,candidate_000589,True,False
589,4,415,88,0.21204819277108433,candidate_000589,True,False
589,5,301,296,0.9833887043189369,candidate_000589,True,False
590,1,571,134,0.23467600700525393,candidate_000590,True,False
590,2,517,413,0.7988394584139265,candidate_000590,True,False
590,3,487,0,0.0,candidate_000590,True,False
590,4,415,264,0.636144578313253,candidate_000590,True,False
590,5,301,301,1.0,candidate_000590,True,False
591,1,571,329,0.5761821366024519,candidate_000591,True,False
591,2,517,468,0.9052224371373307,candidate_000591,True,False
591,3,487,0,0.0,candidate_000591,True,False
591,4,415,0,0.0,candidate_000591,True,False
591,5,301,278,0.9235880398671097,candidate_000591,True,False
592,1,571,142,0.2486865148861646,candidate_000592,True,False
592,2,517,490,0.9477756286266924,candidate_000592,True,False
592,3,487,224,0.459958932238193,candidate_000592,True,False
592,4,415,40,0.0963855421686747,candidate_000592,True,False
592,5,301,279,0.9269102990033222,candidate_000592,True,False
593,1,571,392,0.6865148861646234,candidate_000593,True,False
593,2,517,485,0.9381044487427466,candidate_000593,True,False
593,3,487,0,0.0,candidate_000593,True,False
593,4,415,4,0.00963855421686747,candidate_000593,True,False
593,5,301,301,1.0,candidate_000593,True,False
594,1,571,208,0.36427320490367776,candidate_000594,True,False
594,2,517,447,0.8646034816247582,candidate_000594,True,False
594,3,487,0,0.0,candidate_000594,True,False
594,4,415,0,0.0,candidate_000594,True,False
594,5,301,292,0.9700996677740864,candidate_000594,True,False
595,1,571,298,0.521891418563923,candidate_000595,True,False
595,2,517,512,0.9903288201160542,candidate_000595,True,False
595,3,487,0,0.0,candidate_000595,True,False
595,4,415,0,0.0,candidate_000595,True,False
595,5,301,247,0.8205980066445183,candidate_000595,True,False
596,1,571,429,0.7513134851138353,candidate_000596,True,False
596,2,517,421,0.8143133462282398,candidate_000596,True,False
596,3,487,0,0.0,candidate_000596,True,False
596,4,415,0,0.0,candidate_000596,True,False
596,5,301,281,0.9335548172757475,candidate_000596,True,False
597,1,571,152,0.266199649737303,candidate_000597,True,False
597,2,517,481,0.9303675048355899,candidate_000597,True,False
597,3,487,2,0.004106776180698152,candidate_000597,True,False
597,4,415,70,0.1686746987951807,candidate_000597,True,False
597,5,301,273,0.9069767441860465,candidate_000597,True,False
598,1,571,219,0.38353765323992994,candidate_000598,True,False
598,2,517,283,0.5473887814313346,candidate_000598,True,False
598,3,487,0,0.0,candidate_000598,True,False
598,4,415,0,0.0,candidate_000598,True,False
598,5,301,301,1.0,candidate_000598,True,False
599,1,571,331,0.5796847635726795,candidate_000599,True,False
599,2,517,484,0.9361702127659575,candidate_000599,True,False
599,3,487,0,0.0,candidate_000599,True,False
599,4,415,117,0.2819277108433735,candidate_000599,True,False
599,5,301,300,0.9966777408637874,candidate_000599,True,False
600,1,571,326,0.5709281961471103,candidate_000600,True,False
600,2,517,484,0.9361702127659575,candidate_000600,True,False
600,3,487,0,0.0,candidate_000600,True,False
600,4,415,0,0.0,candidate_000600,True,False
600,5,301,258,0.8571428571428571,candidate_000600,True,False
601,1,571,342,0.5989492119089317,candidate_000601,True,False
601,2,517,414,0.8007736943907157,candidate_000601,True,False
601,3,487,0,0.0,candidate_000601,True,False
601,4,415,69,0.16626506024096385,candidate_000601,True,False
601,5,301,293,0.973421926910299,candidate_000601,True,False
602,1,571,382,0.6690017513134852,candidate_000602,True,False
602,2,517,439,0.8491295938104448,candidate_000602,True,False
602,3,487,219,0.44969199178644764,candidate_000602,True,False
602,4,415,0,0.0,candidate_000602,True,False
602,5,301,299,0.9933554817275747,candidate_000602,True,False
603,1,571,487,0.8528896672504378,candidate_000603,True,False
603,2,517,330,0.6382978723404256,candidate_000603,True,False
603,3,487,0,0.0,candidate_000603,True,False
603,4,415,185,0.4457831325301205,candidate_000603,True,False
603,5,301,300,0.9966777408637874,candidate_000603,True,False
604,1,571,204,0.3572679509632224,candidate_000604,True,False
604,2,517,491,0.9497098646034816,candidate_000604,True,False
604,3,487,49,0.10061601642710473,candidate_000604,True,False
604,4,415,0,0.0,candidate_000604,True,False
604,5,301,300,0.9966777408637874,candidate_000604,True,False
605,1,571,310,0.542907180385289,candidate_000605,True,False
605,2,517,378,0.7311411992263056,candidate_000605,True,False
605,3,487,0,0.0,candidate_000605,True,False
605,4,415,0,0.0,candidate_000605,True,False
605,5,301,285,0.946843853820598,candidate_000605,True,False
606,1,571,424,0.7425569176882661,candidate_000606,True,False
606,2,517,312,0.6034816247582205,candidate_000606,True,False
606,3,487,10,0.02053388090349076,candidate_000606,True,False
606,4,415,62,0.1493975903614458,candidate_000606,True,False
606,5,301,294,0.9767441860465116,candidate_000606,True,False
607,1,571,505,0.8844133099824869,candidate_000607,True,False
607,2,517,454,0.8781431334622823,candidate_000607,True,False
607,3,487,1,0.002053388090349076,candidate_000607,True,False
607,4,415,14,0.033734939759036145,candidate_000607,True,False
607,5,301,299,0.9933554817275747,candidate_000607,True,False
608,1,571,101,0.17688266199649738,candidate_000608,True,False
608,2,517,340,0.6576402321083172,candidate_000608,True,False
608,3,487,9,0.018480492813141684,candidate_000608,True,False
608,4,415,0,0.0,candidate_000608,True,False
608,5,301,283,0.9401993355481728,candidate_000608,True,False
609,1,571,440,0.7705779334500875,candidate_000609,True,False
609,2,517,512,0.9903288201160542,candidate_000609,True,False
609,3,487,0,0.0,candidate_000609,True,False
609,4,415,8,0.01927710843373494,candidate_000609,True,False
609,5,301,290,0.9634551495016611,candidate_000609,True,False
610,1,571,225,0.39404553415061294,candidate_000610,True,False
610,2,517,414,0.8007736943907157,candidate_000610,True,False
610,3,487,0,0.0,candidate_000610,True,False
610,4,415,0,0.0,candidate_000610,True,False
610,5,301,266,0.8837209302325582,candidate_000610,True,False
611,1,571,123,0.21541155866900175,candidate_000611,True,False
611,2,517,406,0.7852998065764023,candidate_000611,True,False
611,3,487,0,0.0,candidate_000611,True,False
611,4,415,0,0.0,candidate_000611,True,False
611,5,301,288,0.9568106312292359,candidate_000611,True,False
612,1,571,244,0.4273204903677758,candidate_000612,True,False
612,2,517,435,0.8413926499032882,candidate_000612,True,False
612,3,487,0,0.0,candidate_000612,True,False
612,4,415,0,0.0,candidate_000612,True,False
612,5,301,297,0.9867109634551495,candidate_000612,True,False
613,1,571,257,0.4500875656742557,candidate_000613,True,False
613,2,517,439,0.8491295938104448,candidate_000613,True,False
613,3,487,165,0.33880903490759756,candidate_000613,True,False
613,4,415,25,0.060240963855421686,candidate_000613,True,False
613,5,301,298,0.9900332225913622,candidate_000613,True,False
614,1,571,340,0.5954465849387041,candidate_000614,True,False
614,2,517,476,0.9206963249516441,candidate_000614,True,False
614,3,487,0,0.0,candidate_000614,True,False
614,4,415,194,0.4674698795180723,candidate_000614,True,False
614,5,301,301,1.0,candidate_000614,True,False
615,1,571,205,0.35901926444833626,candidate_000615,True,False
615,2,517,453,0.8762088974854932,candidate_000615,True,False
615,3,487,0,0.0,candidate_000615,True,False
615,4,415,12,0.02891566265060241,candidate_000615,True,False
615,5,301,297,0.9867109634551495,candidate_000615,True,False
616,1,571,416,0.7285464098073555,candidate_000616,True,False
616,2,517,417,0.8065764023210832,candidate_000616,True,False
616,3,487,139,0.28542094455852157,candidate_000616,True,False
616,4,415,0,0.0,candidate_000616,True,False
616,5,301,301,1.0,candidate_000616,True,False
617,1,571,473,0.8283712784588442,candidate_000617,True,False
617,2,517,463,0.8955512572533849,candidate_000617,True,False
617,3,487,0,0.0,candidate_000617,True,False
617,4,415,0,0.0,candidate_000617,True,False
617,5,301,293,0.973421926910299,candidate_000617,True,False
618,1,571,192,0.3362521891418564,candidate_000618,True,False
618,2,517,218,0.42166344294003866,candidate_000618,True,False
618,3,487,0,0.0,candidate_000618,True,False
618,4,415,3,0.007228915662650603,candidate_000618,True,False
618,5,301,242,0.8039867109634552,candidate_000618,True,False
619,1,571,447,0.7828371278458844,candidate_000619,True,False
619,2,517,447,0.8646034816247582,candidate_000619,True,False
619,3,487,16,0.03285420944558522,candidate_000619,True,False
619,4,415,132,0.3180722891566265,candidate_000619,True,False
619,5,301,289,0.9601328903654485,candidate_000619,True,False
620,1,571,25,0.043782837127845885,candidate_000620,True,False
620,2,517,458,0.8858800773694391,candidate_000620,True,False
620,3,487,41,0.08418891170431211,candidate_000620,True,False
620,4,415,24,0.05783132530120482,candidate_000620,True,False
620,5,301,244,0.8106312292358804,candidate_000620,True,False
621,1,571,531,0.9299474605954466,candidate_000621,True,False
621,2,517,508,0.9825918762088974,candidate_000621,True,False
621,3,487,0,0.0,candidate_000621,True,False
621,4,415,112,0.26987951807228916,candidate_000621,True,False
621,5,301,298,0.9900332225913622,candidate_000621,True,False
622,1,571,366,0.6409807355516638,candidate_000622,True,False
622,2,517,374,0.723404255319149,candidate_000622,True,False
622,3,487,0,0.0,candidate_000622,True,False
622,4,415,0,0.0,candidate_000622,True,False
622,5,301,247,0.8205980066445183,candidate_000622,True,False
623,1,571,315,0.5516637478108581,candidate_000623,True,False
623,2,517,447,0.8646034816247582,candidate_000623,True,False
623,3,487,0,0.0,candidate_000623,True,False
623,4,415,0,0.0,candidate_000623,True,False
623,5,301,283,0.9401993355481728,candidate_000623,True,False
624,1,571,361,0.6322241681260946,candidate_000624,True,False
624,2,517,516,0.9980657640232108,candidate_000624,True,False
624,3,487,27,0.055441478439425054,candidate_000624,True,False
624,4,415,58,0.13975903614457832,candidate_000624,True,False
624,5,301,299,0.9933554817275747,candidate_000624,True,False
625,1,571,442,0.7740805604203153,candidate_000625,True,False
625,2,517,511,0.988394584139265,candidate_000625,True,False
625,3,487,25,0.0513347022587269,candidate_000625,True,False
625,4,415,5,0.012048192771084338,candidate_000625,True,False
625,5,301,290,0.9634551495016611,candidate_000625,True,False
626,1,571,141,0.2469352014010508,candidate_000626,True,False
626,2,517,504,0.9748549323017408,candidate_000626,True,False
626,3,487,110,0.22587268993839835,candidate_000626,True,False
626,4,415,35,0.08433734939759036,candidate_000626,True,False
626,5,301,300,0.9966777408637874,candidate_000626,True,False
627,1,571,411,0.7197898423817863,candidate_000627,True,False
627,2,517,466,0.9013539651837524,candidate_000627,True,False
627,3,487,15,0.030800821355236138,candidate_000627,True,False
627,4,415,37,0.0891566265060241,candidate_000627,True,False
627,5,301,301,1.0,candidate_000627,True,False
628,1,571,432,0.7565674255691769,candidate_000628,True,False
628,2,517,499,0.965183752417795,candidate_000628,True,False
628,3,487,10,0.02053388090349076,candidate_000628,True,False
628,4,415,47,0.11325301204819277,candidate_000628,True,False
628,5,301,215,0.7142857142857143,candidate_000628,True,False
629,1,571,173,0.30297723292469353,candidate_000629,True,False
629,2,517,407,0.7872340425531915,candidate_000629,True,False
629,3,487,0,0.0,candidate_000629,True,False
629,4,415,36,0.08674698795180723,candidate_000629,True,False
629,5,301,290,0.9634551495016611,candidate_000629,True,False
630,1,571,174,0.30472854640980734,candidate_000630,True,False
630,2,517,488,0.9439071566731141,candidate_000630,True,False
630,3,487,3,0.006160164271047228,candidate_000630,True,False
630,4,415,9,0.021686746987951807,candidate_000630,True,False
630,5,301,239,0.7940199335548173,candidate_000630,True,False
631,1,571,239,0.4185639229422067,candidate_000631,True,False
631,2,517,504,0.9748549323017408,candidate_000631,True,False
631,3,487,38,0.07802874743326489,candidate_000631,True,False
631,4,415,0,0.0,candidate_000631,True,False
631,5,301,299,0.9933554817275747,candidate_000631,True,False
632,1,571,232,0.4063047285464098,candidate_000632,True,False
632,2,517,480,0.9284332688588007,candidate_000632,True,False
632,3,487,7,0.014373716632443531,candidate_000632,True,False
632,4,415,0,0.0,candidate_000632,True,False
632,5,301,301,1.0,candidate_000632,True,False
633,1,571,222,0.38879159369527144,candidate_000633,True,False
633,2,517,309,0.597678916827853,candidate_000633,True,False
633,3,487,95,0.19507186858316222,candidate_000633,True,False
633,4,415,26,0.06265060240963856,candidate_000633,True,False
633,5,301,288,0.9568106312292359,candidate_000633,True,False
634,1,571,90,0.15761821366024517,candidate_000634,True,False
634,2,517,384,0.7427466150870407,candidate_000634,True,False
634,3,487,0,0.0,candidate_000634,True,False
634,4,415,0,0.0,candidate_000634,True,False
634,5,301,143,0.4750830564784053,candidate_000634,True,False
635,1,571,448,0.7845884413309983,candidate_000635,True,False
635,2,517,503,0.9729206963249516,candidate_000635,True,False
635,3,487,116,0.23819301848049282,candidate_000635,True,False
635,4,415,16,0.03855421686746988,candidate_000635,True,False
635,5,301,301,1.0,candidate_000635,True,False
636,1,571,477,0.8353765323992994,candidate_000636,True,False
636,2,517,416,0.804642166344294,candidate_000636,True,False
636,3,487,16,0.03285420944558522,candidate_000636,True,False
636,4,415,0,0.0,candidate_000636,True,False
636,5,301,301,1.0,candidate_000636,True,False
637,1,571,179,0.3134851138353765,candidate_000637,True,False
637,2,517,435,0.8413926499032882,candidate_000637,True,False
637,3,487,12,0.024640657084188913,candidate_000637,True,False
637,4,415,49,0.1180722891566265,candidate_000637,True,False
637,5,301,271,0.9003322259136213,candidate_000637,True,False
638,1,571,29,0.050788091068301226,candidate_000638,True,False
638,2,517,443,0.8568665377176016,candidate_000638,True,False
638,3,487,0,0.0,candidate_000638,True,False
638,4,415,48,0.11566265060240964,candidate_000638,True,False
638,5,301,300,0.9966777408637874,candidate_000638,True,False
639,1,571,544,0.9527145359019265,candidate_000639,True,False
639,2,517,397,0.7678916827852998,candidate_000639,True,False
639,3,487,0,0.0,candidate_000639,True,False
639,4,415,0,0.0,candidate_000639,True,False
639,5,301,298,0.9900332225913622,candidate_000639,True,False
640,1,571,263,0.46059544658493873,candidate_000640,True,False
640,2,517,368,0.7117988394584139,candidate_000640,True,False
640,3,487,0,0.0,candidate_000640,True,False
640,4,415,2,0.004819277108433735,candidate_000640,True,False
640,5,301,301,1.0,candidate_000640,True,False
641,1,571,377,0.660245183887916,candidate_000641,True,False
641,2,517,507,0.9806576402321083,candidate_000641,True,False
641,3,487,19,0.039014373716632446,candidate_000641,True,False
641,4,415,0,0.0,candidate_000641,True,False
641,5,301,295,0.9800664451827242,candidate_000641,True,False
642,1,571,200,0.3502626970227671,candidate_000642,True,False
642,2,517,366,0.7079303675048356,candidate_000642,True,False
642,3,487,0,0.0,candidate_000642,True,False
642,4,415,3,0.007228915662650603,candidate_000642,True,False
642,5,301,301,1.0,candidate_000642,True,False
643,1,571,460,0.8056042031523643,candidate_000643,True,False
643,2,517,489,0.9458413926499033,candidate_000643,True,False
643,3,487,25,0.0513347022587269,candidate_000643,True,False
643,4,415,51,0.12289156626506025,candidate_000643,True,False
643,5,301,233,0.7740863787375415,candidate_000643,True,False
644,1,571,293,0.5131348511383538,candidate_000644,True,False
644,2,517,499,0.965183752417795,candidate_000644,True,False
644,3,487,49,0.10061601642710473,candidate_000644,True,False
644,4,415,46,0.1108433734939759,candidate_000644,True,False
644,5,301,244,0.8106312292358804,candidate_000644,True,False
645,1,571,151,0.26444833625218916,candidate_000645,True,False
645,2,517,359,0.6943907156673114,candidate_000645,True,False
645,3,487,0,0.0,candidate_000645,True,False
645,4,415,0,0.0,candidate_000645,True,False
645,5,301,254,0.8438538205980066,candidate_000645,True,False
646,1,571,524,0.9176882661996497,candidate_000646,True,False
646,2,517,492,0.9516441005802708,candidate_000646,True,False
646,3,487,29,0.059548254620123205,candidate_000646,True,False
646,4,415,27,0.06506024096385542,candidate_000646,True,False
646,5,301,272,0.9036544850498339,candidate_000646,True,False
647,1,571,343,0.6007005253940455,candidate_000647,True,False
647,2,517,400,0.7736943907156673,candidate_000647,True,False
647,3,487,23,0.04722792607802875,candidate_000647,True,False
647,4,415,141,0.3397590361445783,candidate_000647,True,False
647,5,301,280,0.9302325581395349,candidate_000647,True,False
648,1,571,367,0.6427320490367776,candidate_000648,True,False
648,2,517,334,0.6460348162475822,candidate_000648,True,False
648,3,487,141,0.28952772073921973,candidate_000648,True,False
648,4,415,110,0.26506024096385544,candidate_000648,True,False
648,5,301,282,0.9368770764119602,candidate_000648,True,False
649,1,571,242,0.4238178633975482,candidate_000649,True,False
649,2,517,210,0.40618955512572535,candidate_000649,True,False
649,3,487,0,0.0,candidate_000649,True,False
649,4,415,43,0.10361445783132531,candidate_000649,True,False
649,5,301,291,0.9667774086378738,candidate_000649,True,False
650,1,571,217,0.38003502626970226,candidate_000650,True,False
650,2,517,334,0.6460348162475822,candidate_000650,True,False
650,3,487,0,0.0,candidate_000650,True,False
650,4,415,224,0.5397590361445783,candidate_000650,True,False
650,5,301,210,0.6976744186046512,candidate_000650,True,False
651,1,571,299,0.5236427320490368,candidate_000651,True,False
651,2,517,515,0.9961315280464217,candidate_000651,True,False
651,3,487,69,0.14168377823408623,candidate_000651,True,False
651,4,415,0,0.0,candidate_000651,True,False
651,5,301,267,0.8870431893687708,candidate_000651,True,False
652,1,571,176,0.30823117338003503,candidate_000652,True,False
652,2,517,473,0.9148936170212766,candidate_000652,True,False
652,3,487,0,0.0,candidate_000652,True,False
652,4,415,7,0.016867469879518072,candidate_000652,True,False
652,5,301,300,0.9966777408637874,candidate_000652,True,False
653,1,571,190,0.3327495621716287,candidate_000653,True,False
653,2,517,315,0.6092843326885881,candidate_000653,True,False
653,3,487,103,0.21149897330595482,candidate_000653,True,False
653,4,415,0,0.0,candidate_000653,True,False
653,5,301,300,0.9966777408637874,candidate_000653,True,False
654,1,571,462,0.809106830122592,candidate_000654,True,False
654,2,517,415,0.8027079303675049,candidate_000654,True,False
654,3,487,22,0.045174537987679675,candidate_000654,True,False
654,4,415,8,0.01927710843373494,candidate_000654,True,False
654,5,301,269,0.893687707641196,candidate_000654,True,False
655,1,571,400,0.7005253940455342,candidate_000655,True,False
655,2,517,516,0.9980657640232108,candidate_000655,True,False
655,3,487,143,0.2936344969199179,candidate_000655,True,False
655,4,415,73,0.17590361445783131,candidate_000655,True,False
655,5,301,285,0.946843853820598,candidate_000655,True,False
656,1,571,377,0.660245183887916,candidate_000656,True,False
656,2,517,475,0.9187620889748549,candidate_000656,True,False
656,3,487,4,0.008213552361396304,candidate_000656,True,False
656,4,415,0,0.0,candidate_000656,True,False
656,5,301,259,0.8604651162790697,candidate_000656,True,False
657,1,571,442,0.7740805604203153,candidate_000657,True,False
657,2,517,497,0.9613152804642167,candidate_000657,True,False
657,3,487,83,0.1704312114989733,candidate_000657,True,False
657,4,415,0,0.0,candidate_000657,True,False
657,5,301,297,0.9867109634551495,candidate_000657,True,False
658,1,571,291,0.5096322241681261,candidate_000658,True,False
658,2,517,372,0.7195357833655706,candidate_000658,True,False
658,3,487,221,0.4537987679671458,candidate_000658,True,False
658,4,415,18,0.043373493975903614,candidate_000658,True,False
658,5,301,268,0.8903654485049833,candidate_000658,True,False
659,1,571,437,0.7653239929947461,candidate_000659,True,False
659,2,517,418,0.8085106382978723,candidate_000659,True,False
659,3,487,105,0.21560574948665298,candidate_000659,True,False
659,4,415,8,0.01927710843373494,candidate_000659,True,False
659,5,301,277,0.920265780730897,candidate_000659,True,False
660,1,571,123,0.21541155866900175,candidate_000660,True,False
660,2,517,381,0.7369439071566731,candidate_000660,True,False
660,3,487,0,0.0,candidate_000660,True,False
660,4,415,222,0.5349397590361445,candidate_000660,True,False
660,5,301,297,0.9867109634551495,candidate_000660,True,False
661,1,571,465,0.8143607705779334,candidate_000661,True,False
661,2,517,419,0.8104448742746615,candidate_000661,True,False
661,3,487,184,0.37782340862423,candidate_000661,True,False
661,4,415,40,0.0963855421686747,candidate_000661,True,False
661,5,301,171,0.5681063122923588,candidate_000661,True,False
662,1,571,361,0.6322241681260946,candidate_000662,True,False
662,2,517,501,0.9690522243713733,candidate_000662,True,False
662,3,487,106,0.21765913757700206,candidate_000662,True,False
662,4,415,206,0.4963855421686747,candidate_000662,True,False
662,5,301,238,0.7906976744186046,candidate_000662,True,False
663,1,571,42,0.07355516637478109,candidate_000663,True,False
663,2,517,482,0.9323017408123792,candidate_000663,True,False
663,3,487,119,0.24435318275154005,candidate_000663,True,False
663,4,415,0,0.0,candidate_000663,True,False
663,5,301,300,0.9966777408637874,candidate_000663,True,False
664,1,571,472,0.8266199649737302,candidate_000664,True,False
664,2,517,472,0.9129593810444874,candidate_000664,True,False
664,3,487,155,0.3182751540041068,candidate_000664,True,False
664,4,415,8,0.01927710843373494,candidate_000664,True,False
664,5,301,228,0.7574750830564784,candidate_000664,True,False
665,1,571,161,0.2819614711033275,candidate_000665,True,False
665,2,517,484,0.9361702127659575,candidate_000665,True,False
665,3,487,141,0.28952772073921973,candidate_000665,True,False
665,4,415,21,0.05060240963855422,candidate_000665,True,False
665,5,301,180,0.5980066445182725,candidate_000665,True,False
666,1,571,100,0.17513134851138354,candidate_000666,True,False
666,2,517,425,0.8220502901353965,candidate_000666,True,False
666,3,487,7,0.014373716632443531,candidate_000666,True,False
666,4,415,41,0.09879518072289156,candidate_000666,True,False
666,5,301,280,0.9302325581395349,candidate_000666,True,False
667,1,571,375,0.6567425569176882,candidate_000667,True,False
667,2,517,334,0.6460348162475822,candidate_000667,True,False
667,3,487,157,0.32238193018480493,candidate_000667,True,False
667,4,415,19,0.04578313253012048,candidate_000667,True,False
667,5,301,301,1.0,candidate_000667,True,False
668,1,571,437,0.7653239929947461,candidate_000668,True,False
668,2,517,316,0.6112185686653772,candidate_000668,True,False
668,3,487,0,0.0,candidate_000668,True,False
668,4,415,120,0.2891566265060241,candidate_000668,True,False
668,5,301,297,0.9867109634551495,candidate_000668,True,False
669,1,571,479,0.8388791593695272,candidate_000669,True,False
669,2,517,326,0.6305609284332688,candidate_000669,True,False
669,3,487,158,0.324435318275154,candidate_000669,True,False
669,4,415,6,0.014457831325301205,candidate_000669,True,False
669,5,301,273,0.9069767441860465,candidate_000669,True,False
670,1,571,434,0.7600700525394045,candidate_000670,True,False
670,2,517,344,0.6653771760154739,candidate_000670,True,False
670,3,487,0,0.0,candidate_000670,True,False
670,4,415,339,0.8168674698795181,candidate_000670,True,False
670,5,301,296,0.9833887043189369,candidate_000670,True,False
671,1,571,430,0.7530647985989493,candidate_000671,True,False
671,2,517,302,0.5841392649903289,candidate_000671,True,False
671,3,487,0,0.0,candidate_000671,True,False
671,4,415,12,0.02891566265060241,candidate_000671,True,False
671,5,301,245,0.813953488372093,candidate_000671,True,False
672,1,571,306,0.5359019264448336,candidate_000672,True,False
672,2,517,503,0.9729206963249516,candidate_000672,True,False
672,3,487,6,0.012320328542094456,candidate_000672,True,False
672,4,415,0,0.0,candidate_000672,True,False
672,5,301,240,0.7973421926910299,candidate_000672,True,False
673,1,571,485,0.8493870402802102,candidate_000673,True,False
673,2,517,511,0.988394584139265,candidate_000673,True,False
673,3,487,48,0.09856262833675565,candidate_000673,True,False
673,4,415,322,0.7759036144578313,candidate_000673,True,False
673,5,301,285,0.946843853820598,candidate_000673,True,False
674,1,571,391,0.6847635726795096,candidate_000674,True,False
674,2,517,248,0.4796905222437137,candidate_000674,True,False
674,3,487,0,0.0,candidate_000674,True,False
674,4,415,2,0.004819277108433735,candidate_000674,True,False
674,5,301,271,0.9003322259136213,candidate_000674,True,False
675,1,571,195,0.3415061295971979,candidate_000675,True,False
675,2,517,480,0.9284332688588007,candidate_000675,True,False
675,3,487,18,0.03696098562628337,candidate_000675,True,False
675,4,415,0,0.0,candidate_000675,True,False
675,5,301,301,1.0,candidate_000675,True,False
676,1,571,294,0.5148861646234676,candidate_000676,True,False
676,2,517,469,0.90715667311412,candidate_000676,True,False
676,3,487,37,0.07597535934291581,candidate_000676,True,False
676,4,415,0,0.0,candidate_000676,True,False
676,5,301,282,0.9368770764119602,candidate_000676,True,False
677,1,571,317,0.5551663747810858,candidate_000677,True,False
677,2,517,363,0.7021276595744681,candidate_000677,True,False
677,3,487,314,0.6447638603696099,candidate_000677,True,False
677,4,415,0,0.0,candidate_000677,True,False
677,5,301,244,0.8106312292358804,candidate_000677,True,False
678,1,571,251,0.4395796847635727,candidate_000678,True,False
678,2,517,464,0.8974854932301741,candidate_000678,True,False
678,3,487,13,0.026694045174537988,candidate_000678,True,False
678,4,415,40,0.0963855421686747,candidate_000678,True,False
678,5,301,285,0.946843853820598,candidate_000678,True,False
679,1,571,332,0.5814360770577933,candidate_000679,True,False
679,2,517,477,0.9226305609284333,candidate_000679,True,False
679,3,487,4,0.008213552361396304,candidate_000679,True,False
679,4,415,4,0.00963855421686747,candidate_000679,True,False
679,5,301,295,0.9800664451827242,candidate_000679,True,False
680,1,571,342,0.5989492119089317,candidate_000680,True,False
680,2,517,422,0.816247582205029,candidate_000680,True,False
680,3,487,0,0.0,candidate_000680,True,False
680,4,415,0,0.0,candidate_000680,True,False
680,5,301,289,0.9601328903654485,candidate_000680,True,False
681,1,571,222,0.38879159369527144,candidate_000681,True,False
681,2,517,374,0.723404255319149,candidate_000681,True,False
681,3,487,0,0.0,candidate_000681,True,False
681,4,415,0,0.0,candidate_000681,True,False
681,5,301,223,0.7408637873754153,candidate_000681,True,False
682,1,571,195,0.3415061295971979,candidate_000682,True,False
682,2,517,506,0.9787234042553191,candidate_000682,True,False
682,3,487,51,0.10472279260780287,candidate_000682,True,False
682,4,415,308,0.7421686746987952,candidate_000682,True,False
682,5,301,173,0.574750830564784,candidate_000682,True,False
683,1,571,506,0.8861646234676007,candidate_000683,True,False
683,2,517,349,0.6750483558994197,candidate_000683,True,False
683,3,487,0,0.0,candidate_000683,True,False
683,4,415,13,0.03132530120481928,candidate_000683,True,False
683,5,301,300,0.9966777408637874,candidate_000683,True,False
684,1,571,401,0.702276707530648,candidate_000684,True,False
684,2,517,409,0.7911025145067698,candidate_000684,True,False
684,3,487,45,0.09240246406570841,candidate_000684,True,False
684,4,415,33,0.07951807228915662,candidate_000684,True,False
684,5,301,216,0.717607973421927,candidate_000684,True,False
685,1,571,399,0.6987740805604203,candidate_000685,True,False
685,2,517,444,0.8588007736943907,candidate_000685,True,False
685,3,487,0,0.0,candidate_000685,True,False
685,4,415,184,0.4433734939759036,candidate_000685,True,False
685,5,301,301,1.0,candidate_000685,True,False
686,1,571,536,0.9387040280210157,candidate_000686,True,False
686,2,517,311,0.6015473887814313,candidate_000686,True,False
686,3,487,0,0.0,candidate_000686,True,False
686,4,415,0,0.0,candidate_000686,True,False
686,5,301,280,0.9302325581395349,candidate_000686,True,False
687,1,571,432,0.7565674255691769,candidate_000687,True,False
687,2,517,406,0.7852998065764023,candidate_000687,True,False
687,3,487,0,0.0,candidate_000687,True,False
687,4,415,0,0.0,candidate_000687,True,False
687,5,301,299,0.9933554817275747,candidate_000687,True,False
688,1,571,387,0.6777583187390543,candidate_000688,True,False
688,2,517,308,0.5957446808510638,candidate_000688,True,False
688,3,487,4,0.008213552361396304,candidate_000688,True,False
688,4,415,12,0.02891566265060241,candidate_000688,True,False
688,5,301,192,0.6378737541528239,candidate_000688,True,False
689,1,571,263,0.46059544658493873,candidate_000689,True,False
689,2,517,433,0.8375241779497099,candidate_000689,True,False
689,3,487,0,0.0,candidate_000689,True,False
689,4,415,0,0.0,candidate_000689,True,False
689,5,301,271,0.9003322259136213,candidate_000689,True,False
690,1,571,461,0.8073555166374781,candidate_000690,True,False
690,2,517,274,0.5299806576402321,candidate_000690,True,False
690,3,487,0,0.0,candidate_000690,True,False
690,4,415,12,0.02891566265060241,candidate_000690,True,False
690,5,301,298,0.9900332225913622,candidate_000690,True,False
691,1,571,157,0.27495621716287216,candidate_000691,True,False
691,2,517,472,0.9129593810444874,candidate_000691,True,False
691,3,487,130,0.2669404517453799,candidate_000691,True,False
691,4,415,30,0.07228915662650602,candidate_000691,True,False
691,5,301,268,0.8903654485049833,candidate_000691,True,False
692,1,571,211,0.36952714535901926,candidate_000692,True,False
692,2,517,405,0.7833655705996132,candidate_000692,True,False
692,3,487,216,0.44353182751540043,candidate_000692,True,False
692,4,415,15,0.03614457831325301,candidate_000692,True,False
692,5,301,301,1.0,candidate_000692,True,False
693,1,571,36,0.06304728546409807,candidate_000693,True,False
693,2,517,333,0.6441005802707931,candidate_000693,True,False
693,3,487,2,0.004106776180698152,candidate_000693,True,False
693,4,415,18,0.043373493975903614,candidate_000693,True,False
693,5,301,287,0.9534883720930233,candidate_000693,True,False
694,1,571,175,0.3064798598949212,candidate_000694,True,False
694,2,517,331,0.6402321083172147,candidate_000694,True,False
694,3,487,0,0.0,candidate_000694,True,False
694,4,415,0,0.0,candidate_000694,True,False
694,5,301,271,0.9003322259136213,candidate_000694,True,False
695,1,571,450,0.7880910683012259,candidate_000695,True,False
695,2,517,452,0.874274661508704,candidate_000695,True,False
695,3,487,47,0.09650924024640657,candidate_000695,True,False
695,4,415,0,0.0,candidate_000695,True,False
695,5,301,285,0.946843853820598,candidate_000695,True,False
696,1,571,526,0.9211908931698775,candidate_000696,True,False
696,2,517,448,0.8665377176015474,candidate_000696,True,False
696,3,487,0,0.0,candidate_000696,True,False
696,4,415,174,0.41927710843373495,candidate_000696,True,False
696,5,301,205,0.6810631229235881,candidate_000696,True,False
697,1,571,288,0.5043782837127846,candidate_000697,True,False
697,2,517,375,0.7253384912959381,candidate_000697,True,False
697,3,487,15,0.030800821355236138,candidate_000697,True,False
697,4,415,149,0.35903614457831323,candidate_000697,True,False
697,5,301,297,0.9867109634551495,candidate_000697,True,False
698,1,571,158,0.276707530647986,candidate_000698,True,False
698,2,517,385,0.7446808510638298,candidate_000698,True,False
698,3,487,0,0.0,candidate_000698,True,False
698,4,415,5,0.012048192771084338,candidate_000698,True,False
698,5,301,301,1.0,candidate_000698,True,False
699,1,571,293,0.5131348511383538,candidate_000699,True,False
699,2,517,492,0.9516441005802708,candidate_000699,True,False
699,3,487,335,0.6878850102669405,candidate_000699,True,False
699,4,415,39,0.09397590361445783,candidate_000699,True,False
699,5,301,274,0.9102990033222591,candidate_000699,True,False
700,1,571,421,0.7373029772329247,candidate_000700,True,False
700,2,517,405,0.7833655705996132,candidate_000700,True,False
700,3,487,0,0.0,candidate_000700,True,False
700,4,415,5,0.012048192771084338,candidate_000700,True,False
700,5,301,221,0.7342192691029901,candidate_000700,True,False
701,1,571,353,0.6182136602451839,candidate_000701,True,False
701,2,517,487,0.941972920696325,candidate_000701,True,False
701,3,487,0,0.0,candidate_000701,True,False
701,4,415,180,0.43373493975903615,candidate_000701,True,False
701,5,301,299,0.9933554817275747,candidate_000701,True,False
702,1,571,516,0.9036777583187391,candidate_000702,True,False
702,2,517,402,0.7775628626692457,candidate_000702,True,False
702,3,487,0,0.0,candidate_000702,True,False
702,4,415,200,0.4819277108433735,candidate_000702,True,False
702,5,301,301,1.0,candidate_000702,True,False
703,1,571,238,0.4168126094570928,candidate_000703,True,False
703,2,517,461,0.8916827852998066,candidate_000703,True,False
703,3,487,163,0.3347022587268994,candidate_000703,True,False
703,4,415,12,0.02891566265060241,candidate_000703,True,False
703,5,301,300,0.9966777408637874,candidate_000703,True,False
704,1,571,421,0.7373029772329247,candidate_000704,True,False
704,2,517,292,0.5647969052224371,candidate_000704,True,False
704,3,487,0,0.0,candidate_000704,True,False
704,4,415,208,0.5012048192771085,candidate_000704,True,False
704,5,301,301,1.0,candidate_000704,True,False
705,1,571,252,0.4413309982486865,candidate_000705,True,False
705,2,517,375,0.7253384912959381,candidate_000705,True,False
705,3,487,10,0.02053388090349076,candidate_000705,True,False
705,4,415,196,0.472289156626506,candidate_000705,True,False
705,5,301,301,1.0,candidate_000705,True,False
706,1,571,273,0.47810858143607704,candidate_000706,True,False
706,2,517,445,0.8607350096711799,candidate_000706,True,False
706,3,487,8,0.01642710472279261,candidate_000706,True,False
706,4,415,7,0.016867469879518072,candidate_000706,True,False
706,5,301,296,0.9833887043189369,candidate_000706,True,False
707,1,571,440,0.7705779334500875,candidate_000707,True,False
707,2,517,494,0.9555125725338491,candidate_000707,True,False
707,3,487,0,0.0,candidate_000707,True,False
707,4,415,0,0.0,candidate_000707,True,False
707,5,301,287,0.9534883720930233,candidate_000707,True,False
708,1,571,359,0.6287215411558669,candidate_000708,True,False
708,2,517,441,0.8529980657640233,candidate_000708,True,False
708,3,487,51,0.10472279260780287,candidate_000708,True,False
708,4,415,8,0.01927710843373494,candidate_000708,True,False
708,5,301,294,0.9767441860465116,candidate_000708,True,False
709,1,571,506,0.8861646234676007,candidate_000709,True,False
709,2,517,335,0.6479690522243714,candidate_000709,True,False
709,3,487,0,0.0,candidate_000709,True,False
709,4,415,16,0.03855421686746988,candidate_000709,True,False
709,5,301,298,0.9900332225913622,candidate_000709,True,False
710,1,571,207,0.36252189141856395,candidate_000710,True,False
710,2,517,369,0.7137330754352031,candidate_000710,True,False
710,3,487,35,0.07186858316221766,candidate_000710,True,False
710,4,415,0,0.0,candidate_000710,True,False
710,5,301,301,1.0,candidate_000710,True,False
711,1,571,305,0.5341506129597198,candidate_000711,True,False
711,2,517,443,0.8568665377176016,candidate_000711,True,False
711,3,487,0,0.0,candidate_000711,True,False
711,4,415,22,0.05301204819277108,candidate_000711,True,False
711,5,301,286,0.9501661129568106,candidate_000711,True,False
712,1,571,308,0.5394045534150613,candidate_000712,True,False
712,2,517,469,0.90715667311412,candidate_000712,True,False
712,3,487,110,0.22587268993839835,candidate_000712,True,False
712,4,415,4,0.00963855421686747,candidate_000712,True,False
712,5,301,214,0.7109634551495017,candidate_000712,True,False
713,1,571,175,0.3064798598949212,candidate_000713,True,False
713,2,517,349,0.6750483558994197,candidate_000713,True,False
713,3,487,1,0.002053388090349076,candidate_000713,True,False
713,4,415,53,0.12771084337349398,candidate_000713,True,False
713,5,301,249,0.8272425249169435,candidate_000713,True,False
714,1,571,394,0.6900175131348512,candidate_000714,True,False
714,2,517,510,0.9864603481624759,candidate_000714,True,False
714,3,487,0,0.0,candidate_000714,True,False
714,4,415,4,0.00963855421686747,candidate_000714,True,False
714,5,301,267,0.8870431893687708,candidate_000714,True,False
715,1,571,501,0.8774080560420315,candidate_000715,True,False
715,2,517,344,0.6653771760154739,candidate_000715,True,False
715,3,487,0,0.0,candidate_000715,True,False
715,4,415,20,0.04819277108433735,candidate_000715,True,False
715,5,301,277,0.920265780730897,candidate_000715,True,False
716,1,571,244,0.4273204903677758,candidate_000716,True,False
716,2,517,458,0.8858800773694391,candidate_000716,True,False
716,3,487,63,0.1293634496919918,candidate_000716,True,False
716,4,415,0,0.0,candidate_000716,True,False
716,5,301,246,0.8172757475083057,candidate_000716,True,False
717,1,571,276,0.48336252189141854,candidate_000717,True,False
717,2,517,360,0.6963249516441006,candidate_000717,True,False
717,3,487,56,0.11498973305954825,candidate_000717,True,False
717,4,415,0,0.0,candidate_000717,True,False
717,5,301,294,0.9767441860465116,candidate_000717,True,False
718,1,571,449,0.7863397548161121,candidate_000718,True,False
718,2,517,475,0.9187620889748549,candidate_000718,True,False
718,3,487,151,0.31006160164271046,candidate_000718,True,False
718,4,415,11,0.02650602409638554,candidate_000718,True,False
718,5,301,290,0.9634551495016611,candidate_000718,True,False
719,1,571,386,0.6760070052539404,candidate_000719,True,False
719,2,517,467,0.9032882011605415,candidate_000719,True,False
719,3,487,47,0.09650924024640657,candidate_000719,True,False
719,4,415,0,0.0,candidate_000719,True,False
719,5,301,265,0.8803986710963455,candidate_000719,True,False
720,1,571,419,0.7338003502626971,candidate_000720,True,False
720,2,517,450,0.8704061895551257,candidate_000720,True,False
720,3,487,1,0.002053388090349076,candidate_000720,True,False
720,4,415,0,0.0,candidate_000720,True,False
720,5,301,238,0.7906976744186046,candidate_000720,True,False
721,1,571,523,0.9159369527145359,candidate_000721,True,False
721,2,517,471,0.9110251450676983,candidate_000721,True,False
721,3,487,372,0.7638603696098563,candidate_000721,True,False
721,4,415,7,0.016867469879518072,candidate_000721,True,False
721,5,301,223,0.7408637873754153,candidate_000721,True,False
722,1,571,162,0.28371278458844135,candidate_000722,True,False
722,2,517,498,0.9632495164410058,candidate_000722,True,False
722,3,487,83,0.1704312114989733,candidate_000722,True,False
722,4,415,88,0.21204819277108433,candidate_000722,True,False
722,5,301,285,0.946843853820598,candidate_000722,True,False
723,1,571,408,0.7145359019264448,candidate_000723,True,False
723,2,517,390,0.7543520309477756,candidate_000723,True,False
723,3,487,178,0.3655030800821355,candidate_000723,True,False
723,4,415,0,0.0,candidate_000723,True,False
723,5,301,301,1.0,candidate_000723,True,False
724,1,571,302,0.5288966725043783,candidate_000724,True,False
724,2,517,419,0.8104448742746615,candidate_000724,True,False
724,3,487,0,0.0,candidate_000724,True,False
724,4,415,1,0.0024096385542168677,candidate_000724,True,False
724,5,301,277,0.920265780730897,candidate_000724,True,False
725,1,571,285,0.4991243432574431,candidate_000725,True,False
725,2,517,375,0.7253384912959381,candidate_000725,True,False
725,3,487,0,0.0,candidate_000725,True,False
725,4,415,38,0.09156626506024096,candidate_000725,True,False
725,5,301,289,0.9601328903654485,candidate_000725,True,False
726,1,571,428,0.7495621716287215,candidate_000726,True,False
726,2,517,460,0.8897485493230174,candidate_000726,True,False
726,3,487,31,0.06365503080082136,candidate_000726,True,False
726,4,415,0,0.0,candidate_000726,True,False
726,5,301,297,0.9867109634551495,candidate_000726,True,False
727,1,571,364,0.637478108581436,candidate_000727,True,False
727,2,517,433,0.8375241779497099,candidate_000727,True,False
727,3,487,32,0.06570841889117043,candidate_000727,True,False
727,4,415,0,0.0,candidate_000727,True,False
727,5,301,301,1.0,candidate_000727,True,False
728,1,571,203,0.3555166374781086,candidate_000728,True,False
728,2,517,437,0.8452611218568665,candidate_000728,True,False
728,3,487,0,0.0,candidate_000728,True,False
728,4,415,11,0.02650602409638554,candidate_000728,True,False
728,5,301,298,0.9900332225913622,candidate_000728,True,False
729,1,571,398,0.6970227670753065,candidate_000729,True,False
729,2,517,480,0.9284332688588007,candidate_000729,True,False
729,3,487,6,0.012320328542094456,candidate_000729,True,False
729,4,415,109,0.26265060240963856,candidate_000729,True,False
729,5,301,288,0.9568106312292359,candidate_000729,True,False
730,1,571,330,0.5779334500875657,candidate_000730,True,False
730,2,517,437,0.8452611218568665,candidate_000730,True,False
730,3,487,0,0.0,candidate_000730,True,False
730,4,415,0,0.0,candidate_000730,True,False
730,5,301,259,0.8604651162790697,candidate_000730,True,False
731,1,571,249,0.436077057793345,candidate_000731,True,False
731,2,517,496,0.9593810444874274,candidate_000731,True,False
731,3,487,0,0.0,candidate_000731,True,False
731,4,415,104,0.25060240963855424,candidate_000731,True,False
731,5,301,160,0.53156146179402,candidate_000731,True,False
732,1,571,256,0.44833625218914186,candidate_000732,True,False
732,2,517,508,0.9825918762088974,candidate_000732,True,False
732,3,487,0,0.0,candidate_000732,True,False
732,4,415,0,0.0,candidate_000732,True,False
732,5,301,298,0.9900332225913622,candidate_000732,True,False
733,1,571,225,0.39404553415061294,candidate_000733,True,False
733,2,517,294,0.5686653771760155,candidate_000733,True,False
733,3,487,0,0.0,candidate_000733,True,False
733,4,415,36,0.08674698795180723,candidate_000733,True,False
733,5,301,285,0.946843853820598,candidate_000733,True,False
734,1,571,127,0.2224168126094571,candidate_000734,True,False
734,2,517,404,0.781431334622824,candidate_000734,True,False
734,3,487,79,0.162217659137577,candidate_000734,True,False
734,4,415,0,0.0,candidate_000734,True,False
734,5,301,276,0.9169435215946844,candidate_000734,True,False
735,1,571,288,0.5043782837127846,candidate_000735,True,False
735,2,517,489,0.9458413926499033,candidate_000735,True,False
735,3,487,0,0.0,candidate_000735,True,False
735,4,415,14,0.033734939759036145,candidate_000735,True,False
735,5,301,301,1.0,candidate_000735,True,False
736,1,571,322,0.563922942206655,candidate_000736,True,False
736,2,517,400,0.7736943907156673,candidate_000736,True,False
736,3,487,333,0.6837782340862423,candidate_000736,True,False
736,4,415,135,0.3253012048192771,candidate_000736,True,False
736,5,301,293,0.973421926910299,candidate_000736,True,False
737,1,571,336,0.5884413309982487,candidate_000737,True,False
737,2,517,433,0.8375241779497099,candidate_000737,True,False
737,3,487,30,0.061601642710472276,candidate_000737,True,False
737,4,415,113,0.27228915662650605,candidate_000737,True,False
737,5,301,215,0.7142857142857143,candidate_000737,True,False
738,1,571,473,0.8283712784588442,candidate_000738,True,False
738,2,517,498,0.9632495164410058,candidate_000738,True,False
738,3,487,192,0.3942505133470226,candidate_000738,True,False
738,4,415,45,0.10843373493975904,candidate_000738,True,False
738,5,301,297,0.9867109634551495,candidate_000738,True,False
739,1,571,429,0.7513134851138353,candidate_000739,True,False
739,2,517,342,0.6615087040618955,candidate_000739,True,False
739,3,487,0,0.0,candidate_000739,True,False
739,4,415,218,0.5253012048192771,candidate_000739,True,False
739,5,301,301,1.0,candidate_000739,True,False
740,1,571,426,0.7460595446584939,candidate_000740,True,False
740,2,517,373,0.7214700193423598,candidate_000740,True,False
740,3,487,0,0.0,candidate_000740,True,False
740,4,415,276,0.6650602409638554,candidate_000740,True,False
740,5,301,297,0.9867109634551495,candidate_000740,True,False
741,1,571,271,0.4746059544658494,candidate_000741,True,False
741,2,517,443,0.8568665377176016,candidate_000741,True,False
741,3,487,0,0.0,candidate_000741,True,False
741,4,415,23,0.05542168674698795,candidate_000741,True,False
741,5,301,230,0.7641196013289037,candidate_000741,True,False
742,1,571,216,0.37828371278458844,candidate_000742,True,False
742,2,517,424,0.8201160541586073,candidate_000742,True,False
742,3,487,8,0.01642710472279261,candidate_000742,True,False
742,4,415,11,0.02650602409638554,candidate_000742,True,False
742,5,301,301,1.0,candidate_000742,True,False
743,1,571,488,0.8546409807355516,candidate_000743,True,False
743,2,517,354,0.6847195357833655,candidate_000743,True,False
743,3,487,0,0.0,candidate_000743,True,False
743,4,415,0,0.0,candidate_000743,True,False
743,5,301,301,1.0,candidate_000743,True,False
744,1,571,350,0.6129597197898424,candidate_000744,True,False
744,2,517,206,0.3984526112185687,candidate_000744,True,False
744,3,487,38,0.07802874743326489,candidate_000744,True,False
744,4,415,3,0.007228915662650603,candidate_000744,True,False
744,5,301,301,1.0,candidate_000744,True,False
745,1,571,112,0.19614711033274956,candidate_000745,True,False
745,2,517,439,0.8491295938104448,candidate_000745,True,False
745,3,487,0,0.0,candidate_000745,True,False
745,4,415,0,0.0,candidate_000745,True,False
745,5,301,275,0.9136212624584718,candidate_000745,True,False
746,1,571,351,0.6147110332749562,candidate_000746,True,False
746,2,517,479,0.9264990328820116,candidate_000746,True,False
746,3,487,0,0.0,candidate_000746,True,False
746,4,415,166,0.4,candidate_000746,True,False
746,5,301,291,0.9667774086378738,candidate_000746,True,False
747,1,571,412,0.7215411558669002,candidate_000747,True,False
747,2,517,426,0.8239845261121856,candidate_000747,True,False
747,3,487,0,0.0,candidate_000747,True,False
747,4,415,35,0.08433734939759036,candidate_000747,True,False
747,5,301,301,1.0,candidate_000747,True,False
748,1,571,435,0.7618213660245184,candidate_000748,True,False
748,2,517,415,0.8027079303675049,candidate_000748,True,False
748,3,487,0,0.0,candidate_000748,True,False
748,4,415,0,0.0,candidate_000748,True,False
748,5,301,263,0.8737541528239202,candidate_000748,True,False
749,1,571,116,0.2031523642732049,candidate_000749,True,False
749,2,517,293,0.5667311411992263,candidate_000749,True,False
749,3,487,31,0.06365503080082136,candidate_000749,True,False
749,4,415,0,0.0,candidate_000749,True,False
749,5,301,301,1.0,candidate_000749,True,False
750,1,571,324,0.5674255691768827,candidate_000750,True,False
750,2,517,266,0.5145067698259188,candidate_000750,True,False
750,3,487,21,0.043121149897330596,candidate_000750,True,False
750,4,415,28,0.06746987951807229,candidate_000750,True,False
750,5,301,289,0.9601328903654485,candidate_000750,True,False
751,1,571,375,0.6567425569176882,candidate_000751,True,False
751,2,517,412,0.7969052224371374,candidate_000751,True,False
751,3,487,0,0.0,candidate_000751,True,False
751,4,415,269,0.6481927710843374,candidate_000751,True,False
751,5,301,301,1.0,candidate_000751,True,False
752,1,571,191,0.3345008756567426,candidate_000752,True,False
752,2,517,489,0.9458413926499033,candidate_000752,True,False
752,3,487,255,0.5236139630390144,candidate_000752,True,False
752,4,415,35,0.08433734939759036,candidate_000752,True,False
752,5,301,301,1.0,candidate_000752,True,False
753,1,571,275,0.4816112084063047,candidate_000753,True,False
753,2,517,271,0.5241779497098646,candidate_000753,True,False
753,3,487,0,0.0,candidate_000753,True,False
753,4,415,22,0.05301204819277108,candidate_000753,True,False
753,5,301,301,1.0,candidate_000753,True,False
754,1,571,174,0.30472854640980734,candidate_000754,True,False
754,2,517,517,1.0,candidate_000754,True,False
754,3,487,161,0.33059548254620125,candidate_000754,True,False
754,4,415,0,0.0,candidate_000754,True,False
754,5,301,301,1.0,candidate_000754,True,False
755,1,571,407,0.712784588441331,candidate_000755,True,False
755,2,517,445,0.8607350096711799,candidate_000755,True,False
755,3,487,0,0.0,candidate_000755,True,False
755,4,415,8,0.01927710843373494,candidate_000755,True,False
755,5,301,265,0.8803986710963455,candidate_000755,True,False
756,1,571,378,0.6619964973730298,candidate_000756,True,False
756,2,517,253,0.48936170212765956,candidate_000756,True,False
756,3,487,4,0.008213552361396304,candidate_000756,True,False
756,4,415,0,0.0,candidate_000756,True,False
756,5,301,301,1.0,candidate_000756,True,False
757,1,571,75,0.13134851138353765,candidate_000757,True,False
757,2,517,487,0.941972920696325,candidate_000757,True,False
757,3,487,63,0.1293634496919918,candidate_000757,True,False
757,4,415,90,0.21686746987951808,candidate_000757,True,False
757,5,301,301,1.0,candidate_000757,True,False
758,1,571,297,0.5201401050788091,candidate_000758,True,False
758,2,517,400,0.7736943907156673,candidate_000758,True,False
758,3,487,84,0.17248459958932238,candidate_000758,True,False
758,4,415,0,0.0,candidate_000758,True,False
758,5,301,292,0.9700996677740864,candidate_000758,True,False
759,1,571,94,0.1646234676007005,candidate_000759,True,False
759,2,517,508,0.9825918762088974,candidate_000759,True,False
759,3,487,4,0.008213552361396304,candidate_000759,True,False
759,4,415,0,0.0,candidate_000759,True,False
759,5,301,297,0.9867109634551495,candidate_000759,True,False
760,1,571,399,0.6987740805604203,candidate_000760,True,False
760,2,517,481,0.9303675048355899,candidate_000760,True,False
760,3,487,9,0.018480492813141684,candidate_000760,True,False
760,4,415,0,0.0,candidate_000760,True,False
760,5,301,278,0.9235880398671097,candidate_000760,True,False
761,1,571,203,0.3555166374781086,candidate_000761,True,False
761,2,517,396,0.7659574468085106,candidate_000761,True,False
761,3,487,17,0.03490759753593429,candidate_000761,True,False
761,4,415,9,0.021686746987951807,candidate_000761,True,False
761,5,301,301,1.0,candidate_000761,True,False
762,1,571,185,0.3239929947460595,candidate_000762,True,False
762,2,517,411,0.7949709864603481,candidate_000762,True,False
762,3,487,0,0.0,candidate_000762,True,False
762,4,415,8,0.01927710843373494,candidate_000762,True,False
762,5,301,297,0.9867109634551495,candidate_000762,True,False
763,1,571,166,0.29071803852889666,candidate_000763,True,False
763,2,517,359,0.6943907156673114,candidate_000763,True,False
763,3,487,0,0.0,candidate_000763,True,False
763,4,415,2,0.004819277108433735,candidate_000763,True,False
763,5,301,246,0.8172757475083057,candidate_000763,True,False
764,1,571,228,0.39929947460595444,candidate_000764,True,False
764,2,517,348,0.6731141199226306,candidate_000764,True,False
764,3,487,91,0.1868583162217659,candidate_000764,True,False
764,4,415,0,0.0,candidate_000764,True,False
764,5,301,266,0.8837209302325582,candidate_000764,True,False
765,1,571,469,0.8213660245183888,candidate_000765,True,False
765,2,517,333,0.6441005802707931,candidate_000765,True,False
765,3,487,235,0.48254620123203285,candidate_000765,True,False
765,4,415,0,0.0,candidate_000765,True,False
765,5,301,301,1.0,candidate_000765,True,False
766,1,571,513,0.8984238178633975,candidate_000766,True,False
766,2,517,346,0.6692456479690522,candidate_000766,True,False
766,3,487,9,0.018480492813141684,candidate_000766,True,False
766,4,415,144,0.3469879518072289,candidate_000766,True,False
766,5,301,294,0.9767441860465116,candidate_000766,True,False
767,1,571,540,0.9457092819614711,candidate_000767,True,False
767,2,517,449,0.8684719535783365,candidate_000767,True,False
767,3,487,95,0.19507186858316222,candidate_000767,True,False
767,4,415,75,0.18072289156626506,candidate_000767,True,False
767,5,301,292,0.9700996677740864,candidate_000767,True,False
768,1,571,257,0.4500875656742557,candidate_000768,True,False
768,2,517,493,0.9535783365570599,candidate_000768,True,False
768,3,487,138,0.28336755646817247,candidate_000768,True,False
768,4,415,126,0.3036144578313253,candidate_000768,True,False
768,5,301,294,0.9767441860465116,candidate_000768,True,False
769,1,571,131,0.22942206654991243,candidate_000769,True,False
769,2,517,496,0.9593810444874274,candidate_000769,True,False
769,3,487,0,0.0,candidate_000769,True,False
769,4,415,80,0.1927710843373494,candidate_000769,True,False
769,5,301,288,0.9568106312292359,candidate_000769,True,False
770,1,571,383,0.670753064798599,candidate_000770,True,False
770,2,517,256,0.4951644100580271,candidate_000770,True,False
770,3,487,0,0.0,candidate_000770,True,False
770,4,415,1,0.0024096385542168677,candidate_000770,True,False
770,5,301,295,0.9800664451827242,candidate_000770,True,False
771,1,571,426,0.7460595446584939,candidate_000771,True,False
771,2,517,439,0.8491295938104448,candidate_000771,True,False
771,3,487,33,0.06776180698151951,candidate_000771,True,False
771,4,415,15,0.03614457831325301,candidate_000771,True,False
771,5,301,298,0.9900332225913622,candidate_000771,True,False
772,1,571,218,0.38178633975481613,candidate_000772,True,False
772,2,517,506,0.9787234042553191,candidate_000772,True,False
772,3,487,4,0.008213552361396304,candidate_000772,True,False
772,4,415,1,0.0024096385542168677,candidate_000772,True,False
772,5,301,280,0.9302325581395349,candidate_000772,True,False
773,1,571,421,0.7373029772329247,candidate_000773,True,False
773,2,517,473,0.9148936170212766,candidate_000773,True,False
773,3,487,0,0.0,candidate_000773,True,False
773,4,415,0,0.0,candidate_000773,True,False
773,5,301,239,0.7940199335548173,candidate_000773,True,False
774,1,571,515,0.9019264448336253,candidate_000774,True,False
774,2,517,421,0.8143133462282398,candidate_000774,True,False
774,3,487,0,0.0,candidate_000774,True,False
774,4,415,0,0.0,candidate_000774,True,False
774,5,301,301,1.0,candidate_000774,True,False
775,1,571,437,0.7653239929947461,candidate_000775,True,False
775,2,517,415,0.8027079303675049,candidate_000775,True,False
775,3,487,0,0.0,candidate_000775,True,False
775,4,415,173,0.41686746987951806,candidate_000775,True,False
775,5,301,293,0.973421926910299,candidate_000775,True,False
776,1,571,183,0.3204903677758319,candidate_000776,True,False
776,2,517,451,0.8723404255319149,candidate_000776,True,False
776,3,487,0,0.0,candidate_000776,True,False
776,4,415,0,0.0,candidate_000776,True,False
776,5,301,298,0.9900332225913622,candidate_000776,True,False
777,1,571,337,0.5901926444833625,candidate_000777,True,False
777,2,517,407,0.7872340425531915,candidate_000777,True,False
777,3,487,0,0.0,candidate_000777,True,False
777,4,415,0,0.0,candidate_000777,True,False
777,5,301,237,0.7873754152823921,candidate_000777,True,False
778,1,571,243,0.425569176882662,candidate_000778,True,False
778,2,517,449,0.8684719535783365,candidate_000778,True,False
778,3,487,0,0.0,candidate_000778,True,False
778,4,415,4,0.00963855421686747,candidate_000778,True,False
778,5,301,280,0.9302325581395349,candidate_000778,True,False
779,1,571,413,0.723292469352014,candidate_000779,True,False
779,2,517,417,0.8065764023210832,candidate_000779,True,False
779,3,487,0,0.0,candidate_000779,True,False
779,4,415,50,0.12048192771084337,candidate_000779,True,False
779,5,301,295,0.9800664451827242,candidate_000779,True,False
780,1,571,455,0.7968476357267951,candidate_000780,True,False
780,2,517,514,0.9941972920696325,candidate_000780,True,False
780,3,487,38,0.07802874743326489,candidate_000780,True,False
780,4,415,48,0.11566265060240964,candidate_000780,True,False
780,5,301,148,0.49169435215946844,candidate_000780,True,False
781,1,571,387,0.6777583187390543,candidate_000781,True,False
781,2,517,440,0.851063829787234,candidate_000781,True,False
781,3,487,1,0.002053388090349076,candidate_000781,True,False
781,4,415,0,0.0,candidate_000781,True,False
781,5,301,276,0.9169435215946844,candidate_000781,True,False
782,1,571,151,0.26444833625218916,candidate_000782,True,False
782,2,517,471,0.9110251450676983,candidate_000782,True,False
782,3,487,0,0.0,candidate_000782,True,False
782,4,415,67,0.1614457831325301,candidate_000782,True,False
782,5,301,212,0.7043189368770764,candidate_000782,True,False
783,1,571,350,0.6129597197898424,candidate_000783,True,False
783,2,517,517,1.0,candidate_000783,True,False
783,3,487,167,0.34291581108829566,candidate_000783,True,False
783,4,415,26,0.06265060240963856,candidate_000783,True,False
783,5,301,251,0.8338870431893688,candidate_000783,True,False
784,1,571,399,0.6987740805604203,candidate_000784,True,False
784,2,517,471,0.9110251450676983,candidate_000784,True,False
784,3,487,5,0.01026694045174538,candidate_000784,True,False
784,4,415,9,0.021686746987951807,candidate_000784,True,False
784,5,301,301,1.0,candidate_000784,True,False
785,1,571,356,0.6234676007005254,candidate_000785,True,False
785,2,517,498,0.9632495164410058,candidate_000785,True,False
785,3,487,0,0.0,candidate_000785,True,False
785,4,415,276,0.6650602409638554,candidate_000785,True,False
785,5,301,296,0.9833887043189369,candidate_000785,True,False
786,1,571,61,0.10683012259194395,candidate_000786,True,False
786,2,517,474,0.9168278529980658,candidate_000786,True,False
786,3,487,24,0.049281314168377825,candidate_000786,True,False
786,4,415,0,0.0,candidate_000786,True,False
786,5,301,265,0.8803986710963455,candidate_000786,True,False
787,1,571,164,0.287215411558669,candidate_000787,True,False
787,2,517,473,0.9148936170212766,candidate_000787,True,False
787,3,487,59,0.12114989733059549,candidate_000787,True,False
787,4,415,8,0.01927710843373494,candidate_000787,True,False
787,5,301,261,0.867109634551495,candidate_000787,True,False
788,1,571,394,0.6900175131348512,candidate_000788,True,False
788,2,517,505,0.97678916827853,candidate_000788,True,False
788,3,487,202,0.41478439425051333,candidate_000788,True,False
788,4,415,5,0.012048192771084338,candidate_000788,True,False
788,5,301,253,0.840531561461794,candidate_000788,True,False
789,1,571,322,0.563922942206655,candidate_000789,True,False
789,2,517,478,0.9245647969052224,candidate_000789,True,False
789,3,487,8,0.01642710472279261,candidate_000789,True,False
789,4,415,54,0.13012048192771083,candidate_000789,True,False
789,5,301,264,0.8770764119601329,candidate_000789,True,False
790,1,571,248,0.4343257443082312,candidate_000790,True,False
790,2,517,397,0.7678916827852998,candidate_000790,True,False
790,3,487,0,0.0,candidate_000790,True,False
790,4,415,67,0.1614457831325301,candidate_000790,True,False
790,5,301,291,0.9667774086378738,candidate_000790,True,False
791,1,571,127,0.2224168126094571,candidate_000791,True,False
791,2,517,369,0.7137330754352031,candidate_000791,True,False
791,3,487,24,0.049281314168377825,candidate_000791,True,False
791,4,415,151,0.363855421686747,candidate_000791,True,False
791,5,301,299,0.9933554817275747,candidate_000791,True,False
792,1,571,344,0.6024518388791593,candidate_000792,True,False
792,2,517,398,0.769825918762089,candidate_000792,True,False
792,3,487,0,0.0,candidate_000792,True,False
792,4,415,56,0.13493975903614458,candidate_000792,True,False
792,5,301,287,0.9534883720930233,candidate_000792,True,False
793,1,571,504,0.882661996497373,candidate_000793,True,False
793,2,517,486,0.9400386847195358,candidate_000793,True,False
793,3,487,13,0.026694045174537988,candidate_000793,True,False
793,4,415,318,0.7662650602409639,candidate_000793,True,False
793,5,301,300,0.9966777408637874,candidate_000793,True,False
794,1,571,478,0.8371278458844134,candidate_000794,True,False
794,2,517,273,0.528046421663443,candidate_000794,True,False
794,3,487,10,0.02053388090349076,candidate_000794,True,False
794,4,415,8,0.01927710843373494,candidate_000794,True,False
794,5,301,301,1.0,candidate_000794,True,False
795,1,571,413,0.723292469352014,candidate_000795,True,False
795,2,517,492,0.9516441005802708,candidate_000795,True,False
795,3,487,0,0.0,candidate_000795,True,False
795,4,415,57,0.13734939759036144,candidate_000795,True,False
795,5,301,292,0.9700996677740864,candidate_000795,True,False
796,1,571,173,0.30297723292469353,candidate_000796,True,False
796,2,517,490,0.9477756286266924,candidate_000796,True,False
796,3,487,384,0.7885010266940452,candidate_000796,True,False
796,4,415,1,0.0024096385542168677,candidate_000796,True,False
796,5,301,213,0.707641196013289,candidate_000796,True,False
797,1,571,380,0.6654991243432574,candidate_000797,True,False
797,2,517,505,0.97678916827853,candidate_000797,True,False
797,3,487,1,0.002053388090349076,candidate_000797,True,False
797,4,415,1,0.0024096385542168677,candidate_000797,True,False
797,5,301,275,0.9136212624584718,candidate_000797,True,False
798,1,571,350,0.6129597197898424,candidate_000798,True,False
798,2,517,425,0.8220502901353965,candidate_000798,True,False
798,3,487,0,0.0,candidate_000798,True,False
798,4,415,0,0.0,candidate_000798,True,False
798,5,301,295,0.9800664451827242,candidate_000798,True,False
799,1,571,331,0.5796847635726795,candidate_000799,True,False
799,2,517,196,0.379110251450677,candidate_000799,True,False
799,3,487,43,0.08829568788501027,candidate_000799,True,False
799,4,415,0,0.0,candidate_000799,True,False
799,5,301,301,1.0,candidate_000799,True,False
800,1,571,201,0.3520140105078809,candidate_000800,True,False
800,2,517,397,0.7678916827852998,candidate_000800,True,False
800,3,487,229,0.4702258726899384,candidate_000800,True,False
800,4,415,55,0.13253012048192772,candidate_000800,True,False
800,5,301,301,1.0,candidate_000800,True,False
801,1,571,335,0.5866900175131349,candidate_000801,True,False
801,2,517,450,0.8704061895551257,candidate_000801,True,False
801,3,487,0,0.0,candidate_000801,True,False
801,4,415,5,0.012048192771084338,candidate_000801,True,False
801,5,301,254,0.8438538205980066,candidate_000801,True,False
802,1,571,522,0.9141856392294221,candidate_000802,True,False
802,2,517,517,1.0,candidate_000802,True,False
802,3,487,0,0.0,candidate_000802,True,False
802,4,415,197,0.4746987951807229,candidate_000802,True,False
802,5,301,288,0.9568106312292359,candidate_000802,True,False
803,1,571,448,0.7845884413309983,candidate_000803,True,False
803,2,517,280,0.5415860735009671,candidate_000803,True,False
803,3,487,0,0.0,candidate_000803,True,False
803,4,415,53,0.12771084337349398,candidate_000803,True,False
803,5,301,301,1.0,candidate_000803,True,False
804,1,571,350,0.6129597197898424,candidate_000804,True,False
804,2,517,424,0.8201160541586073,candidate_000804,True,False
804,3,487,0,0.0,candidate_000804,True,False
804,4,415,67,0.1614457831325301,candidate_000804,True,False
804,5,301,287,0.9534883720930233,candidate_000804,True,False
805,1,571,260,0.4553415061295972,candidate_000805,True,False
805,2,517,329,0.6363636363636364,candidate_000805,True,False
805,3,487,0,0.0,candidate_000805,True,False
805,4,415,55,0.13253012048192772,candidate_000805,True,False
805,5,301,271,0.9003322259136213,candidate_000805,True,False
806,1,571,60,0.10507880910683012,candidate_000806,True,False
806,2,517,502,0.9709864603481625,candidate_000806,True,False
806,3,487,53,0.10882956878850103,candidate_000806,True,False
806,4,415,87,0.20963855421686747,candidate_000806,True,False
806,5,301,293,0.973421926910299,candidate_000806,True,False
807,1,571,330,0.5779334500875657,candidate_000807,True,False
807,2,517,323,0.6247582205029013,candidate_000807,True,False
807,3,487,67,0.1375770020533881,candidate_000807,True,False
807,4,415,0,0.0,candidate_000807,True,False
807,5,301,279,0.9269102990033222,candidate_000807,True,False
808,1,571,125,0.21891418563922943,candidate_000808,True,False
808,2,517,484,0.9361702127659575,candidate_000808,True,False
808,3,487,0,0.0,candidate_000808,True,False
808,4,415,215,0.5180722891566265,candidate_000808,True,False
808,5,301,301,1.0,candidate_000808,True,False
809,1,571,191,0.3345008756567426,candidate_000809,True,False
809,2,517,507,0.9806576402321083,candidate_000809,True,False
809,3,487,24,0.049281314168377825,candidate_000809,True,False
809,4,415,13,0.03132530120481928,candidate_000809,True,False
809,5,301,298,0.9900332225913622,candidate_000809,True,False
810,1,571,471,0.8248686514886164,candidate_000810,True,False
810,2,517,451,0.8723404255319149,candidate_000810,True,False
810,3,487,0,0.0,candidate_000810,True,False
810,4,415,10,0.024096385542168676,candidate_000810,True,False
810,5,301,272,0.9036544850498339,candidate_000810,True,False
811,1,571,344,0.6024518388791593,candidate_000811,True,False
811,2,517,286,0.5531914893617021,candidate_000811,True,False
811,3,487,34,0.06981519507186858,candidate_000811,True,False
811,4,415,17,0.04096385542168675,candidate_000811,True,False
811,5,301,275,0.9136212624584718,candidate_000811,True,False
812,1,571,87,0.15236427320490367,candidate_000812,True,False
812,2,517,423,0.8181818181818182,candidate_000812,True,False
812,3,487,139,0.28542094455852157,candidate_000812,True,False
812,4,415,80,0.1927710843373494,candidate_000812,True,False
812,5,301,299,0.9933554817275747,candidate_000812,True,False
813,1,571,275,0.4816112084063047,candidate_000813,True,False
813,2,517,454,0.8781431334622823,candidate_000813,True,False
813,3,487,11,0.022587268993839837,candidate_000813,True,False
813,4,415,21,0.05060240963855422,candidate_000813,True,False
813,5,301,275,0.9136212624584718,candidate_000813,True,False
814,1,571,239,0.4185639229422067,candidate_000814,True,False
814,2,517,507,0.9806576402321083,candidate_000814,True,False
814,3,487,0,0.0,candidate_000814,True,False
814,4,415,3,0.007228915662650603,candidate_000814,True,False
814,5,301,301,1.0,candidate_000814,True,False
815,1,571,195,0.3415061295971979,candidate_000815,True,False
815,2,517,383,0.7408123791102514,candidate_000815,True,False
815,3,487,0,0.0,candidate_000815,True,False
815,4,415,19,0.04578313253012048,candidate_000815,True,False
815,5,301,301,1.0,candidate_000815,True,False
816,1,571,293,0.5131348511383538,candidate_000816,True,False
816,2,517,378,0.7311411992263056,candidate_000816,True,False
816,3,487,0,0.0,candidate_000816,True,False
816,4,415,245,0.5903614457831325,candidate_000816,True,False
816,5,301,290,0.9634551495016611,candidate_000816,True,False
817,1,571,274,0.4798598949211909,candidate_000817,True,False
817,2,517,401,0.7756286266924565,candidate_000817,True,False
817,3,487,19,0.039014373716632446,candidate_000817,True,False
817,4,415,0,0.0,candidate_000817,True,False
817,5,301,297,0.9867109634551495,candidate_000817,True,False
818,1,571,285,0.4991243432574431,candidate_000818,True,False
818,2,517,444,0.8588007736943907,candidate_000818,True,False
818,3,487,94,0.19301848049281314,candidate_000818,True,False
818,4,415,65,0.1566265060240964,candidate_000818,True,False
818,5,301,298,0.9900332225913622,candidate_000818,True,False
819,1,571,347,0.6077057793345009,candidate_000819,True,False
819,2,517,517,1.0,candidate_000819,True,False
819,3,487,38,0.07802874743326489,candidate_000819,True,False
819,4,415,126,0.3036144578313253,candidate_000819,True,False
819,5,301,254,0.8438538205980066,candidate_000819,True,False
820,1,571,113,0.1978984238178634,candidate_000820,True,False
820,2,517,427,0.8259187620889749,candidate_000820,True,False
820,3,487,0,0.0,candidate_000820,True,False
820,4,415,0,0.0,candidate_000820,True,False
820,5,301,301,1.0,candidate_000820,True,False
821,1,571,350,0.6129597197898424,candidate_000821,True,False
821,2,517,348,0.6731141199226306,candidate_000821,True,False
821,3,487,0,0.0,candidate_000821,True,False
821,4,415,47,0.11325301204819277,candidate_000821,True,False
821,5,301,232,0.770764119601329,candidate_000821,True,False
822,1,571,314,0.5499124343257443,candidate_000822,True,False
822,2,517,487,0.941972920696325,candidate_000822,True,False
822,3,487,2,0.004106776180698152,candidate_000822,True,False
822,4,415,0,0.0,candidate_000822,True,False
822,5,301,284,0.9435215946843853,candidate_000822,True,False
823,1,571,541,0.9474605954465849,candidate_000823,True,False
823,2,517,466,0.9013539651837524,candidate_000823,True,False
823,3,487,0,0.0,candidate_000823,True,False
823,4,415,0,0.0,candidate_000823,True,False
823,5,301,297,0.9867109634551495,candidate_000823,True,False
824,1,571,384,0.6725043782837128,candidate_000824,True,False
824,2,517,383,0.7408123791102514,candidate_000824,True,False
824,3,487,0,0.0,candidate_000824,True,False
824,4,415,0,0.0,candidate_000824,True,False
824,5,301,275,0.9136212624584718,candidate_000824,True,False
825,1,571,540,0.9457092819614711,candidate_000825,True,False
825,2,517,383,0.7408123791102514,candidate_000825,True,False
825,3,487,0,0.0,candidate_000825,True,False
825,4,415,23,0.05542168674698795,candidate_000825,True,False
825,5,301,299,0.9933554817275747,candidate_000825,True,False
826,1,571,478,0.8371278458844134,candidate_000826,True,False
826,2,517,501,0.9690522243713733,candidate_000826,True,False
826,3,487,0,0.0,candidate_000826,True,False
826,4,415,196,0.472289156626506,candidate_000826,True,False
826,5,301,300,0.9966777408637874,candidate_000826,True,False
827,1,571,378,0.6619964973730298,candidate_000827,True,False
827,2,517,394,0.7620889748549323,candidate_000827,True,False
827,3,487,153,0.3141683778234086,candidate_000827,True,False
827,4,415,3,0.007228915662650603,candidate_000827,True,False
827,5,301,274,0.9102990033222591,candidate_000827,True,False
828,1,571,202,0.35376532399299476,candidate_000828,True,False
828,2,517,242,0.46808510638297873,candidate_000828,True,False
828,3,487,0,0.0,candidate_000828,True,False
828,4,415,32,0.07710843373493977,candidate_000828,True,False
828,5,301,301,1.0,candidate_000828,True,False
829,1,571,305,0.5341506129597198,candidate_000829,True,False
829,2,517,318,0.6150870406189555,candidate_000829,True,False
829,3,487,239,0.49075975359342916,candidate_000829,True,False
829,4,415,154,0.3710843373493976,candidate_000829,True,False
829,5,301,283,0.9401993355481728,candidate_000829,True,False
830,1,571,236,0.4133099824868651,candidate_000830,True,False
830,2,517,323,0.6247582205029013,candidate_000830,True,False
830,3,487,0,0.0,candidate_000830,True,False
830,4,415,237,0.5710843373493976,candidate_000830,True,False
830,5,301,295,0.9800664451827242,candidate_000830,True,False
831,1,571,356,0.6234676007005254,candidate_000831,True,False
831,2,517,511,0.988394584139265,candidate_000831,True,False
831,3,487,50,0.1026694045174538,candidate_000831,True,False
831,4,415,103,0.24819277108433735,candidate_000831,True,False
831,5,301,301,1.0,candidate_000831,True,False
832,1,571,187,0.3274956217162872,candidate_000832,True,False
832,2,517,397,0.7678916827852998,candidate_000832,True,False
832,3,487,222,0.45585215605749485,candidate_000832,True,False
832,4,415,0,0.0,candidate_000832,True,False
832,5,301,282,0.9368770764119602,candidate_000832,True,False
833,1,571,265,0.46409807355516636,candidate_000833,True,False
833,2,517,463,0.8955512572533849,candidate_000833,True,False
833,3,487,1,0.002053388090349076,candidate_000833,True,False
833,4,415,1,0.0024096385542168677,candidate_000833,True,False
833,5,301,281,0.9335548172757475,candidate_000833,True,False
834,1,571,365,0.6392294220665499,candidate_000834,True,False
834,2,517,480,0.9284332688588007,candidate_000834,True,False
834,3,487,0,0.0,candidate_000834,True,False
834,4,415,0,0.0,candidate_000834,True,False
834,5,301,228,0.7574750830564784,candidate_000834,True,False
835,1,571,384,0.6725043782837128,candidate_000835,True,False
835,2,517,461,0.8916827852998066,candidate_000835,True,False
835,3,487,31,0.06365503080082136,candidate_000835,True,False
835,4,415,0,0.0,candidate_000835,True,False
835,5,301,235,0.7807308970099668,candidate_000835,True,False
836,1,571,291,0.5096322241681261,candidate_000836,True,False
836,2,517,444,0.8588007736943907,candidate_000836,True,False
836,3,487,0,0.0,candidate_000836,True,False
836,4,415,0,0.0,candidate_000836,True,False
836,5,301,293,0.973421926910299,candidate_000836,True,False
837,1,571,152,0.266199649737303,candidate_000837,True,False
837,2,517,434,0.839458413926499,candidate_000837,True,False
837,3,487,0,0.0,candidate_000837,True,False
837,4,415,11,0.02650602409638554,candidate_000837,True,False
837,5,301,291,0.9667774086378738,candidate_000837,True,False
838,1,571,528,0.9246935201401051,candidate_000838,True,False
838,2,517,452,0.874274661508704,candidate_000838,True,False
838,3,487,0,0.0,candidate_000838,True,False
838,4,415,0,0.0,candidate_000838,True,False
838,5,301,250,0.8305647840531561,candidate_000838,True,False
839,1,571,398,0.6970227670753065,candidate_000839,True,False
839,2,517,421,0.8143133462282398,candidate_000839,True,False
839,3,487,0,0.0,candidate_000839,True,False
839,4,415,0,0.0,candidate_000839,True,False
839,5,301,211,0.7009966777408638,candidate_000839,True,False
840,1,571,388,0.6795096322241682,candidate_000840,True,False
840,2,517,389,0.7524177949709865,candidate_000840,True,False
840,3,487,0,0.0,candidate_000840,True,False
840,4,415,87,0.20963855421686747,candidate_000840,True,False
840,5,301,267,0.8870431893687708,candidate_000840,True,False
841,1,571,303,0.5306479859894921,candidate_000841,True,False
841,2,517,517,1.0,candidate_000841,True,False
841,3,487,5,0.01026694045174538,candidate_000841,True,False
841,4,415,0,0.0,candidate_000841,True,False
841,5,301,241,0.8006644518272426,candidate_000841,True,False
842,1,571,297,0.5201401050788091,candidate_000842,True,False
842,2,517,437,0.8452611218568665,candidate_000842,True,False
842,3,487,4,0.008213552361396304,candidate_000842,True,False
842,4,415,110,0.26506024096385544,candidate_000842,True,False
842,5,301,211,0.7009966777408638,candidate_000842,True,False
843,1,571,456,0.7985989492119089,candidate_000843,True,False
843,2,517,450,0.8704061895551257,candidate_000843,True,False
843,3,487,12,0.024640657084188913,candidate_000843,True,False
843,4,415,267,0.6433734939759036,candidate_000843,True,False
843,5,301,296,0.9833887043189369,candidate_000843,True,False
844,1,571,320,0.5604203152364273,candidate_000844,True,False
844,2,517,304,0.5880077369439072,candidate_000844,True,False
844,3,487,26,0.053388090349075976,candidate_000844,True,False
844,4,415,18,0.043373493975903614,candidate_000844,True,False
844,5,301,298,0.9900332225913622,candidate_000844,True,False
845,1,571,122,0.2136602451838879,candidate_000845,True,False
845,2,517,500,0.9671179883945842,candidate_000845,True,False
845,3,487,103,0.21149897330595482,candidate_000845,True,False
845,4,415,83,0.2,candidate_000845,True,False
845,5,301,295,0.9800664451827242,candidate_000845,True,False
846,1,571,313,0.5481611208406305,candidate_000846,True,False
846,2,517,406,0.7852998065764023,candidate_000846,True,False
846,3,487,0,0.0,candidate_000846,True,False
846,4,415,0,0.0,candidate_000846,True,False
846,5,301,278,0.9235880398671097,candidate_000846,True,False
847,1,571,73,0.12784588441331,candidate_000847,True,False
847,2,517,382,0.7388781431334622,candidate_000847,True,False
847,3,487,0,0.0,candidate_000847,True,False
847,4,415,0,0.0,candidate_000847,True,False
847,5,301,268,0.8903654485049833,candidate_000847,True,False
848,1,571,341,0.5971978984238179,candidate_000848,True,False
848,2,517,420,0.8123791102514507,candidate_000848,True,False
848,3,487,182,0.3737166324435318,candidate_000848,True,False
848,4,415,254,0.6120481927710844,candidate_000848,True,False
848,5,301,287,0.9534883720930233,candidate_000848,True,False
849,1,571,391,0.6847635726795096,candidate_000849,True,False
849,2,517,510,0.9864603481624759,candidate_000849,True,False
849,3,487,0,0.0,candidate_000849,True,False
849,4,415,53,0.12771084337349398,candidate_000849,True,False
849,5,301,293,0.973421926910299,candidate_000849,True,False
850,1,571,355,0.6217162872154116,candidate_000850,True,False
850,2,517,351,0.6789168278529981,candidate_000850,True,False
850,3,487,0,0.0,candidate_000850,True,False
850,4,415,210,0.5060240963855421,candidate_000850,True,False
850,5,301,294,0.9767441860465116,candidate_000850,True,False
851,1,571,140,0.24518388791593695,candidate_000851,True,False
851,2,517,383,0.7408123791102514,candidate_000851,True,False
851,3,487,0,0.0,candidate_000851,True,False
851,4,415,273,0.6578313253012048,candidate_000851,True,False
851,5,301,275,0.9136212624584718,candidate_000851,True,False
852,1,571,322,0.563922942206655,candidate_000852,True,False
852,2,517,476,0.9206963249516441,candidate_000852,True,False
852,3,487,0,0.0,candidate_000852,True,False
852,4,415,4,0.00963855421686747,candidate_000852,True,False
852,5,301,236,0.7840531561461794,candidate_000852,True,False
853,1,571,233,0.4080560420315236,candidate_000853,True,False
853,2,517,334,0.6460348162475822,candidate_000853,True,False
853,3,487,29,0.059548254620123205,candidate_000853,True,False
853,4,415,100,0.24096385542168675,candidate_000853,True,False
853,5,301,287,0.9534883720930233,candidate_000853,True,False
854,1,571,536,0.9387040280210157,candidate_000854,True,False
854,2,517,497,0.9613152804642167,candidate_000854,True,False
854,3,487,151,0.31006160164271046,candidate_000854,True,False
854,4,415,119,0.28674698795180725,candidate_000854,True,False
854,5,301,288,0.9568106312292359,candidate_000854,True,False
855,1,571,309,0.5411558669001751,candidate_000855,True,False
855,2,517,380,0.7350096711798839,candidate_000855,True,False
855,3,487,52,0.10677618069815195,candidate_000855,True,False
855,4,415,0,0.0,candidate_000855,True,False
855,5,301,289,0.9601328903654485,candidate_000855,True,False
856,1,571,510,0.8931698774080561,candidate_000856,True,False
856,2,517,425,0.8220502901353965,candidate_000856,True,False
856,3,487,0,0.0,candidate_000856,True,False
856,4,415,0,0.0,candidate_000856,True,False
856,5,301,301,1.0,candidate_000856,True,False
857,1,571,391,0.6847635726795096,candidate_000857,True,False
857,2,517,372,0.7195357833655706,candidate_000857,True,False
857,3,487,36,0.07392197125256673,candidate_000857,True,False
857,4,415,44,0.10602409638554217,candidate_000857,True,False
857,5,301,260,0.8637873754152824,candidate_000857,True,False
858,1,571,297,0.5201401050788091,candidate_000858,True,False
858,2,517,435,0.8413926499032882,candidate_000858,True,False
858,3,487,62,0.1273100616016427,candidate_000858,True,False
858,4,415,0,0.0,candidate_000858,True,False
858,5,301,300,0.9966777408637874,candidate_000858,True,False
859,1,571,403,0.7057793345008757,candidate_000859,True,False
859,2,517,474,0.9168278529980658,candidate_000859,True,False
859,3,487,0,0.0,candidate_000859,True,False
859,4,415,53,0.12771084337349398,candidate_000859,True,False
859,5,301,254,0.8438538205980066,candidate_000859,True,False
860,1,571,326,0.5709281961471103,candidate_000860,True,False
860,2,517,365,0.7059961315280464,candidate_000860,True,False
860,3,487,1,0.002053388090349076,candidate_000860,True,False
860,4,415,0,0.0,candidate_000860,True,False
860,5,301,301,1.0,candidate_000860,True,False
861,1,571,249,0.436077057793345,candidate_000861,True,False
861,2,517,415,0.8027079303675049,candidate_000861,True,False
861,3,487,0,0.0,candidate_000861,True,False
861,4,415,0,0.0,candidate_000861,True,False
861,5,301,249,0.8272425249169435,candidate_000861,True,False
862,1,571,569,0.9964973730297724,candidate_000862,True,False
862,2,517,472,0.9129593810444874,candidate_000862,True,False
862,3,487,3,0.006160164271047228,candidate_000862,True,False
862,4,415,0,0.0,candidate_000862,True,False
862,5,301,301,1.0,candidate_000862,True,False
863,1,571,449,0.7863397548161121,candidate_000863,True,False
863,2,517,354,0.6847195357833655,candidate_000863,True,False
863,3,487,135,0.27720739219712526,candidate_000863,True,False
863,4,415,31,0.0746987951807229,candidate_000863,True,False
863,5,301,268,0.8903654485049833,candidate_000863,True,False
864,1,571,208,0.36427320490367776,candidate_000864,True,False
864,2,517,489,0.9458413926499033,candidate_000864,True,False
864,3,487,2,0.004106776180698152,candidate_000864,True,False
864,4,415,19,0.04578313253012048,candidate_000864,True,False
864,5,301,300,0.9966777408637874,candidate_000864,True,False
865,1,571,290,0.5078809106830122,candidate_000865,True,False
865,2,517,315,0.6092843326885881,candidate_000865,True,False
865,3,487,13,0.026694045174537988,candidate_000865,True,False
865,4,415,0,0.0,candidate_000865,True,False
865,5,301,254,0.8438538205980066,candidate_000865,True,False
866,1,571,456,0.7985989492119089,candidate_000866,True,False
866,2,517,499,0.965183752417795,candidate_000866,True,False
866,3,487,119,0.24435318275154005,candidate_000866,True,False
866,4,415,28,0.06746987951807229,candidate_000866,True,False
866,5,301,292,0.9700996677740864,candidate_000866,True,False
867,1,571,367,0.6427320490367776,candidate_000867,True,False
867,2,517,449,0.8684719535783365,candidate_000867,True,False
867,3,487,105,0.21560574948665298,candidate_000867,True,False
867,4,415,0,0.0,candidate_000867,True,False
867,5,301,226,0.7508305647840532,candidate_000867,True,False
868,1,571,543,0.9509632224168126,candidate_000868,True,False
868,2,517,508,0.9825918762088974,candidate_000868,True,False
868,3,487,120,0.2464065708418891,candidate_000868,True,False
868,4,415,31,0.0746987951807229,candidate_000868,True,False
868,5,301,213,0.707641196013289,candidate_000868,True,False
869,1,571,489,0.8563922942206655,candidate_000869,True,False
869,2,517,433,0.8375241779497099,candidate_000869,True,False
869,3,487,16,0.03285420944558522,candidate_000869,True,False
869,4,415,12,0.02891566265060241,candidate_000869,True,False
869,5,301,296,0.9833887043189369,candidate_000869,True,False
870,1,571,87,0.15236427320490367,candidate_000870,True,False
870,2,517,364,0.7040618955512572,candidate_000870,True,False
870,3,487,50,0.1026694045174538,candidate_000870,True,False
870,4,415,0,0.0,candidate_000870,True,False
870,5,301,299,0.9933554817275747,candidate_000870,True,False
871,1,571,471,0.8248686514886164,candidate_000871,True,False
871,2,517,343,0.6634429400386848,candidate_000871,True,False
871,3,487,8,0.01642710472279261,candidate_000871,True,False
871,4,415,21,0.05060240963855422,candidate_000871,True,False
871,5,301,300,0.9966777408637874,candidate_000871,True,False
872,1,571,315,0.5516637478108581,candidate_000872,True,False
872,2,517,447,0.8646034816247582,candidate_000872,True,False
872,3,487,0,0.0,candidate_000872,True,False
872,4,415,98,0.236144578313253,candidate_000872,True,False
872,5,301,287,0.9534883720930233,candidate_000872,True,False
873,1,571,162,0.28371278458844135,candidate_000873,True,False
873,2,517,513,0.9922630560928434,candidate_000873,True,False
873,3,487,86,0.17659137577002054,candidate_000873,True,False
873,4,415,1,0.0024096385542168677,candidate_000873,True,False
873,5,301,298,0.9900332225913622,candidate_000873,True,False
874,1,571,524,0.9176882661996497,candidate_000874,True,False
874,2,517,440,0.851063829787234,candidate_000874,True,False
874,3,487,166,0.3408624229979466,candidate_000874,True,False
874,4,415,0,0.0,candidate_000874,True,False
874,5,301,290,0.9634551495016611,candidate_000874,True,False
875,1,571,340,0.5954465849387041,candidate_000875,True,False
875,2,517,469,0.90715667311412,candidate_000875,True,False
875,3,487,0,0.0,candidate_000875,True,False
875,4,415,0,0.0,candidate_000875,True,False
875,5,301,268,0.8903654485049833,candidate_000875,True,False
876,1,571,423,0.7408056042031523,candidate_000876,True,False
876,2,517,448,0.8665377176015474,candidate_000876,True,False
876,3,487,0,0.0,candidate_000876,True,False
876,4,415,0,0.0,candidate_000876,True,False
876,5,301,301,1.0,candidate_000876,True,False
877,1,571,550,0.9632224168126094,candidate_000877,True,False
877,2,517,464,0.8974854932301741,candidate_000877,True,False
877,3,487,0,0.0,candidate_000877,True,False
877,4,415,49,0.1180722891566265,candidate_000877,True,False
877,5,301,161,0.5348837209302325,candidate_000877,True,False
878,1,571,241,0.4220665499124343,candidate_000878,True,False
878,2,517,377,0.7292069632495164,candidate_000878,True,False
878,3,487,207,0.42505133470225875,candidate_000878,True,False
878,4,415,0,0.0,candidate_000878,True,False
878,5,301,300,0.9966777408637874,candidate_000878,True,False
879,1,571,529,0.9264448336252189,candidate_000879,True,False
879,2,517,512,0.9903288201160542,candidate_000879,True,False
879,3,487,1,0.002053388090349076,candidate_000879,True,False
879,4,415,1,0.0024096385542168677,candidate_000879,True,False
879,5,301,295,0.9800664451827242,candidate_000879,True,False
880,1,571,407,0.712784588441331,candidate_000880,True,False
880,2,517,367,0.7098646034816247,candidate_000880,True,False
880,3,487,0,0.0,candidate_000880,True,False
880,4,415,8,0.01927710843373494,candidate_000880,True,False
880,5,301,289,0.9601328903654485,candidate_000880,True,False
881,1,571,439,0.7688266199649737,candidate_000881,True,False
881,2,517,504,0.9748549323017408,candidate_000881,True,False
881,3,487,9,0.018480492813141684,candidate_000881,True,False
881,4,415,0,0.0,candidate_000881,True,False
881,5,301,268,0.8903654485049833,candidate_000881,True,False
882,1,571,419,0.7338003502626971,candidate_000882,True,False
882,2,517,478,0.9245647969052224,candidate_000882,True,False
882,3,487,116,0.23819301848049282,candidate_000882,True,False
882,4,415,84,0.20240963855421687,candidate_000882,True,False
882,5,301,283,0.9401993355481728,candidate_000882,True,False
883,1,571,209,0.3660245183887916,candidate_000883,True,False
883,2,517,380,0.7350096711798839,candidate_000883,True,False
883,3,487,0,0.0,candidate_000883,True,False
883,4,415,7,0.016867469879518072,candidate_000883,True,False
883,5,301,300,0.9966777408637874,candidate_000883,True,False
884,1,571,442,0.7740805604203153,candidate_000884,True,False
884,2,517,515,0.9961315280464217,candidate_000884,True,False
884,3,487,13,0.026694045174537988,candidate_000884,True,False
884,4,415,44,0.10602409638554217,candidate_000884,True,False
884,5,301,294,0.9767441860465116,candidate_000884,True,False
885,1,571,437,0.7653239929947461,candidate_000885,True,False
885,2,517,293,0.5667311411992263,candidate_000885,True,False
885,3,487,0,0.0,candidate_000885,True,False
885,4,415,0,0.0,candidate_000885,True,False
885,5,301,300,0.9966777408637874,candidate_000885,True,False
886,1,571,367,0.6427320490367776,candidate_000886,True,False
886,2,517,470,0.9090909090909091,candidate_000886,True,False
886,3,487,0,0.0,candidate_000886,True,False
886,4,415,24,0.05783132530120482,candidate_000886,True,False
886,5,301,250,0.8305647840531561,candidate_000886,True,False
887,1,571,182,0.318739054290718,candidate_000887,True,False
887,2,517,296,0.5725338491295938,candidate_000887,True,False
887,3,487,301,0.6180698151950719,candidate_000887,True,False
887,4,415,0,0.0,candidate_000887,True,False
887,5,301,301,1.0,candidate_000887,True,False
888,1,571,429,0.7513134851138353,candidate_000888,True,False
888,2,517,501,0.9690522243713733,candidate_000888,True,False
888,3,487,0,0.0,candidate_000888,True,False
888,4,415,0,0.0,candidate_000888,True,False
888,5,301,294,0.9767441860465116,candidate_000888,True,False
889,1,571,263,0.46059544658493873,candidate_000889,True,False
889,2,517,483,0.9342359767891683,candidate_000889,True,False
889,3,487,6,0.012320328542094456,candidate_000889,True,False
889,4,415,133,0.3204819277108434,candidate_000889,True,False
889,5,301,301,1.0,candidate_000889,True,False
890,1,571,405,0.7092819614711033,candidate_000890,True,False
890,2,517,495,0.9574468085106383,candidate_000890,True,False
890,3,487,0,0.0,candidate_000890,True,False
890,4,415,38,0.09156626506024096,candidate_000890,True,False
890,5,301,301,1.0,candidate_000890,True,False
891,1,571,381,0.6672504378283712,candidate_000891,True,False
891,2,517,328,0.6344294003868471,candidate_000891,True,False
891,3,487,37,0.07597535934291581,candidate_000891,True,False
891,4,415,0,0.0,candidate_000891,True,False
891,5,301,273,0.9069767441860465,candidate_000891,True,False
892,1,571,420,0.7355516637478109,candidate_000892,True,False
892,2,517,509,0.9845261121856866,candidate_000892,True,False
892,3,487,380,0.7802874743326489,candidate_000892,True,False
892,4,415,149,0.35903614457831323,candidate_000892,True,False
892,5,301,296,0.9833887043189369,candidate_000892,True,False
893,1,571,288,0.5043782837127846,candidate_000893,True,False
893,2,517,293,0.5667311411992263,candidate_000893,True,False
893,3,487,142,0.2915811088295688,candidate_000893,True,False
893,4,415,157,0.3783132530120482,candidate_000893,True,False
893,5,301,299,0.9933554817275747,candidate_000893,True,False
894,1,571,288,0.5043782837127846,candidate_000894,True,False
894,2,517,348,0.6731141199226306,candidate_000894,True,False
894,3,487,0,0.0,candidate_000894,True,False
894,4,415,240,0.5783132530120482,candidate_000894,True,False
894,5,301,272,0.9036544850498339,candidate_000894,True,False
895,1,571,252,0.4413309982486865,candidate_000895,True,False
895,2,517,454,0.8781431334622823,candidate_000895,True,False
895,3,487,0,0.0,candidate_000895,True,False
895,4,415,0,0.0,candidate_000895,True,False
895,5,301,290,0.9634551495016611,candidate_000895,True,False
896,1,571,487,0.8528896672504378,candidate_000896,True,False
896,2,517,364,0.7040618955512572,candidate_000896,True,False
896,3,487,288,0.5913757700205339,candidate_000896,True,False
896,4,415,63,0.15180722891566265,candidate_000896,True,False
896,5,301,242,0.8039867109634552,candidate_000896,True,False
897,1,571,327,0.5726795096322241,candidate_000897,True,False
897,2,517,409,0.7911025145067698,candidate_000897,True,False
897,3,487,90,0.18480492813141683,candidate_000897,True,False
897,4,415,19,0.04578313253012048,candidate_000897,True,False
897,5,301,299,0.9933554817275747,candidate_000897,True,False
898,1,571,429,0.7513134851138353,candidate_000898,True,False
898,2,517,515,0.9961315280464217,candidate_000898,True,False
898,3,487,335,0.6878850102669405,candidate_000898,True,False
898,4,415,0,0.0,candidate_000898,True,False
898,5,301,288,0.9568106312292359,candidate_000898,True,False
899,1,571,314,0.5499124343257443,candidate_000899,True,False
899,2,517,465,0.8994197292069632,candidate_000899,True,False
899,3,487,0,0.0,candidate_000899,True,False
899,4,415,0,0.0,candidate_000899,True,False
899,5,301,262,0.8704318936877077,candidate_000899,True,False
900,1,571,439,0.7688266199649737,candidate_000900,True,False
900,2,517,399,0.7717601547388782,candidate_000900,True,False
900,3,487,72,0.14784394250513347,candidate_000900,True,False
900,4,415,0,0.0,candidate_000900,True,False
900,5,301,300,0.9966777408637874,candidate_000900,True,False
901,1,571,184,0.3222416812609457,candidate_000901,True,False
901,2,517,458,0.8858800773694391,candidate_000901,True,False
901,3,487,0,0.0,candidate_000901,True,False
901,4,415,0,0.0,candidate_000901,True,False
901,5,301,295,0.9800664451827242,candidate_000901,True,False
902,1,571,366,0.6409807355516638,candidate_000902,True,False
902,2,517,413,0.7988394584139265,candidate_000902,True,False
902,3,487,14,0.028747433264887063,candidate_000902,True,False
902,4,415,126,0.3036144578313253,candidate_000902,True,False
902,5,301,252,0.8372093023255814,candidate_000902,True,False
903,1,571,358,0.626970227670753,candidate_000903,True,False
903,2,517,428,0.8278529980657641,candidate_000903,True,False
903,3,487,95,0.19507186858316222,candidate_000903,True,False
903,4,415,97,0.23373493975903614,candidate_000903,True,False
903,5,301,299,0.9933554817275747,candidate_000903,True,False
904,1,571,193,0.3380035026269702,candidate_000904,True,False
904,2,517,383,0.7408123791102514,candidate_000904,True,False
904,3,487,0,0.0,candidate_000904,True,False
904,4,415,54,0.13012048192771083,candidate_000904,True,False
904,5,301,301,1.0,candidate_000904,True,False
905,1,571,342,0.5989492119089317,candidate_000905,True,False
905,2,517,471,0.9110251450676983,candidate_000905,True,False
905,3,487,0,0.0,candidate_000905,True,False
905,4,415,101,0.2433734939759036,candidate_000905,True,False
905,5,301,198,0.6578073089700996,candidate_000905,True,False
906,1,571,246,0.4308231173380035,candidate_000906,True,False
906,2,517,273,0.528046421663443,candidate_000906,True,False
906,3,487,11,0.022587268993839837,candidate_000906,True,False
906,4,415,4,0.00963855421686747,candidate_000906,True,False
906,5,301,243,0.8073089700996677,candidate_000906,True,False
907,1,571,223,0.3905429071803853,candidate_000907,True,False
907,2,517,465,0.8994197292069632,candidate_000907,True,False
907,3,487,0,0.0,candidate_000907,True,False
907,4,415,4,0.00963855421686747,candidate_000907,True,False
907,5,301,252,0.8372093023255814,candidate_000907,True,False
908,1,571,200,0.3502626970227671,candidate_000908,True,False
908,2,517,517,1.0,candidate_000908,True,False
908,3,487,0,0.0,candidate_000908,True,False
908,4,415,215,0.5180722891566265,candidate_000908,True,False
908,5,301,161,0.5348837209302325,candidate_000908,True,False
909,1,571,446,0.7810858143607706,candidate_000909,True,False
909,2,517,435,0.8413926499032882,candidate_000909,True,False
909,3,487,322,0.6611909650924025,candidate_000909,True,False
909,4,415,0,0.0,candidate_000909,True,False
909,5,301,287,0.9534883720930233,candidate_000909,True,False
910,1,571,229,0.4010507880910683,candidate_000910,True,False
910,2,517,485,0.9381044487427466,candidate_000910,True,False
910,3,487,127,0.26078028747433263,candidate_000910,True,False
910,4,415,0,0.0,candidate_000910,True,False
910,5,301,228,0.7574750830564784,candidate_000910,True,False
911,1,571,380,0.6654991243432574,candidate_000911,True,False
911,2,517,516,0.9980657640232108,candidate_000911,True,False
911,3,487,0,0.0,candidate_000911,True,False
911,4,415,74,0.1783132530120482,candidate_000911,True,False
911,5,301,282,0.9368770764119602,candidate_000911,True,False
912,1,571,253,0.44308231173380036,candidate_000912,True,False
912,2,517,383,0.7408123791102514,candidate_000912,True,False
912,3,487,99,0.2032854209445585,candidate_000912,True,False
912,4,415,0,0.0,candidate_000912,True,False
912,5,301,236,0.7840531561461794,candidate_000912,True,False
913,1,571,190,0.3327495621716287,candidate_000913,True,False
913,2,517,420,0.8123791102514507,candidate_000913,True,False
913,3,487,1,0.002053388090349076,candidate_000913,True,False
913,4,415,96,0.23132530120481928,candidate_000913,True,False
913,5,301,296,0.9833887043189369,candidate_000913,True,False
914,1,571,461,0.8073555166374781,candidate_000914,True,False
914,2,517,480,0.9284332688588007,candidate_000914,True,False
914,3,487,0,0.0,candidate_000914,True,False
914,4,415,0,0.0,candidate_000914,True,False
914,5,301,281,0.9335548172757475,candidate_000914,True,False
915,1,571,138,0.24168126094570927,candidate_000915,True,False
915,2,517,506,0.9787234042553191,candidate_000915,True,False
915,3,487,0,0.0,candidate_000915,True,False
915,4,415,22,0.05301204819277108,candidate_000915,True,False
915,5,301,254,0.8438538205980066,candidate_000915,True,False
916,1,571,330,0.5779334500875657,candidate_000916,True,False
916,2,517,505,0.97678916827853,candidate_000916,True,False
916,3,487,0,0.0,candidate_000916,True,False
916,4,415,49,0.1180722891566265,candidate_000916,True,False
916,5,301,266,0.8837209302325582,candidate_000916,True,False
917,1,571,448,0.7845884413309983,candidate_000917,True,False
917,2,517,483,0.9342359767891683,candidate_000917,True,False
917,3,487,4,0.008213552361396304,candidate_000917,True,False
917,4,415,7,0.016867469879518072,candidate_000917,True,False
917,5,301,295,0.9800664451827242,candidate_000917,True,False
918,1,571,437,0.7653239929947461,candidate_000918,True,False
918,2,517,515,0.9961315280464217,candidate_000918,True,False
918,3,487,0,0.0,candidate_000918,True,False
918,4,415,0,0.0,candidate_000918,True,False
918,5,301,157,0.521594684385382,candidate_000918,True,False
919,1,571,104,0.18213660245183888,candidate_000919,True,False
919,2,517,517,1.0,candidate_000919,True,False
919,3,487,0,0.0,candidate_000919,True,False
919,4,415,0,0.0,candidate_000919,True,False
919,5,301,271,0.9003322259136213,candidate_000919,True,False
920,1,571,114,0.19964973730297722,candidate_000920,True,False
920,2,517,272,0.5261121856866537,candidate_000920,True,False
920,3,487,14,0.028747433264887063,candidate_000920,True,False
920,4,415,53,0.12771084337349398,candidate_000920,True,False
920,5,301,295,0.9800664451827242,candidate_000920,True,False
921,1,571,437,0.7653239929947461,candidate_000921,True,False
921,2,517,230,0.4448742746615087,candidate_000921,True,False
921,3,487,38,0.07802874743326489,candidate_000921,True,False
921,4,415,0,0.0,candidate_000921,True,False
921,5,301,278,0.9235880398671097,candidate_000921,True,False
922,1,571,162,0.28371278458844135,candidate_000922,True,False
922,2,517,473,0.9148936170212766,candidate_000922,True,False
922,3,487,0,0.0,candidate_000922,True,False
922,4,415,0,0.0,candidate_000922,True,False
922,5,301,256,0.8504983388704319,candidate_000922,True,False
923,1,571,117,0.20490367775831875,candidate_000923,True,False
923,2,517,439,0.8491295938104448,candidate_000923,True,False
923,3,487,0,0.0,candidate_000923,True,False
923,4,415,0,0.0,candidate_000923,True,False
923,5,301,299,0.9933554817275747,candidate_000923,True,False
924,1,571,300,0.5253940455341506,candidate_000924,True,False
924,2,517,465,0.8994197292069632,candidate_000924,True,False
924,3,487,0,0.0,candidate_000924,True,False
924,4,415,0,0.0,candidate_000924,True,False
924,5,301,299,0.9933554817275747,candidate_000924,True,False
925,1,571,274,0.4798598949211909,candidate_000925,True,False
925,2,517,512,0.9903288201160542,candidate_000925,True,False
925,3,487,9,0.018480492813141684,candidate_000925,True,False
925,4,415,0,0.0,candidate_000925,True,False
925,5,301,299,0.9933554817275747,candidate_000925,True,False
926,1,571,216,0.37828371278458844,candidate_000926,True,False
926,2,517,359,0.6943907156673114,candidate_000926,True,False
926,3,487,5,0.01026694045174538,candidate_000926,True,False
926,4,415,8,0.01927710843373494,candidate_000926,True,False
926,5,301,244,0.8106312292358804,candidate_000926,True,False
927,1,571,514,0.9001751313485113,candidate_000927,True,False
927,2,517,493,0.9535783365570599,candidate_000927,True,False
927,3,487,225,0.4620123203285421,candidate_000927,True,False
927,4,415,0,0.0,candidate_000927,True,False
927,5,301,298,0.9900332225913622,candidate_000927,True,False
928,1,571,420,0.7355516637478109,candidate_000928,True,False
928,2,517,422,0.816247582205029,candidate_000928,True,False
928,3,487,2,0.004106776180698152,candidate_000928,True,False
928,4,415,0,0.0,candidate_000928,True,False
928,5,301,242,0.8039867109634552,candidate_000928,True,False
929,1,571,197,0.3450087565674256,candidate_000929,True,False
929,2,517,491,0.9497098646034816,candidate_000929,True,False
929,3,487,8,0.01642710472279261,candidate_000929,True,False
929,4,415,0,0.0,candidate_000929,True,False
929,5,301,292,0.9700996677740864,candidate_000929,True,False
930,1,571,136,0.2381786339754816,candidate_000930,True,False
930,2,517,459,0.8878143133462283,candidate_000930,True,False
930,3,487,0,0.0,candidate_000930,True,False
930,4,415,21,0.05060240963855422,candidate_000930,True,False
930,5,301,296,0.9833887043189369,candidate_000930,True,False
931,1,571,397,0.6952714535901926,candidate_000931,True,False
931,2,517,465,0.8994197292069632,candidate_000931,True,False
931,3,487,0,0.0,candidate_000931,True,False
931,4,415,18,0.043373493975903614,candidate_000931,True,False
931,5,301,263,0.8737541528239202,candidate_000931,True,False
932,1,571,244,0.4273204903677758,candidate_000932,True,False
932,2,517,445,0.8607350096711799,candidate_000932,True,False
932,3,487,0,0.0,candidate_000932,True,False
932,4,415,40,0.0963855421686747,candidate_000932,True,False
932,5,301,252,0.8372093023255814,candidate_000932,True,False
933,1,571,535,0.9369527145359019,candidate_000933,True,False
933,2,517,499,0.965183752417795,candidate_000933,True,False
933,3,487,76,0.15605749486652978,candidate_000933,True,False
933,4,415,0,0.0,candidate_000933,True,False
933,5,301,282,0.9368770764119602,candidate_000933,True,False
934,1,571,364,0.637478108581436,candidate_000934,True,False
934,2,517,362,0.7001934235976789,candidate_000934,True,False
934,3,487,1,0.002053388090349076,candidate_000934,True,False
934,4,415,0,0.0,candidate_000934,True,False
934,5,301,301,1.0,candidate_000934,True,False
935,1,571,308,0.5394045534150613,candidate_000935,True,False
935,2,517,408,0.7891682785299806,candidate_000935,True,False
935,3,487,28,0.057494866529774126,candidate_000935,True,False
935,4,415,70,0.1686746987951807,candidate_000935,True,False
935,5,301,258,0.8571428571428571,candidate_000935,True,False
936,1,571,477,0.8353765323992994,candidate_000936,True,False
936,2,517,473,0.9148936170212766,candidate_000936,True,False
936,3,487,55,0.11293634496919917,candidate_000936,True,False
936,4,415,82,0.19759036144578312,candidate_000936,True,False
936,5,301,270,0.8970099667774086,candidate_000936,True,False
937,1,571,450,0.7880910683012259,candidate_000937,True,False
937,2,517,484,0.9361702127659575,candidate_000937,True,False
937,3,487,7,0.014373716632443531,candidate_000937,True,False
937,4,415,3,0.007228915662650603,candidate_000937,True,False
937,5,301,301,1.0,candidate_000937,True,False
938,1,571,361,0.6322241681260946,candidate_000938,True,False
938,2,517,516,0.9980657640232108,candidate_000938,True,False
938,3,487,4,0.008213552361396304,candidate_000938,True,False
938,4,415,0,0.0,candidate_000938,True,False
938,5,301,298,0.9900332225913622,candidate_000938,True,False
939,1,571,422,0.7390542907180385,candidate_000939,True,False
939,2,517,469,0.90715667311412,candidate_000939,True,False
939,3,487,5,0.01026694045174538,candidate_000939,True,False
939,4,415,0,0.0,candidate_000939,True,False
939,5,301,301,1.0,candidate_000939,True,False
940,1,571,351,0.6147110332749562,candidate_000940,True,False
940,2,517,398,0.769825918762089,candidate_000940,True,False
940,3,487,56,0.11498973305954825,candidate_000940,True,False
940,4,415,17,0.04096385542168675,candidate_000940,True,False
940,5,301,301,1.0,candidate_000940,True,False
941,1,571,252,0.4413309982486865,candidate_000941,True,False
941,2,517,442,0.8549323017408124,candidate_000941,True,False
941,3,487,0,0.0,candidate_000941,True,False
941,4,415,0,0.0,candidate_000941,True,False
941,5,301,261,0.867109634551495,candidate_000941,True,False
942,1,571,486,0.851138353765324,candidate_000942,True,False
942,2,517,448,0.8665377176015474,candidate_000942,True,False
942,3,487,0,0.0,candidate_000942,True,False
942,4,415,93,0.22409638554216868,candidate_000942,True,False
942,5,301,282,0.9368770764119602,candidate_000942,True,False
943,1,571,107,0.18739054290718038,candidate_000943,True,False
943,2,517,455,0.8800773694390716,candidate_000943,True,False
943,3,487,55,0.11293634496919917,candidate_000943,True,False
943,4,415,1,0.0024096385542168677,candidate_000943,True,False
943,5,301,288,0.9568106312292359,candidate_000943,True,False
944,1,571,254,0.4448336252189142,candidate_000944,True,False
944,2,517,443,0.8568665377176016,candidate_000944,True,False
944,3,487,0,0.0,candidate_000944,True,False
944,4,415,63,0.15180722891566265,candidate_000944,True,False
944,5,301,287,0.9534883720930233,candidate_000944,True,False
945,1,571,90,0.15761821366024517,candidate_000945,True,False
945,2,517,420,0.8123791102514507,candidate_000945,True,False
945,3,487,281,0.5770020533880903,candidate_000945,True,False
945,4,415,10,0.024096385542168676,candidate_000945,True,False
945,5,301,301,1.0,candidate_000945,True,False
946,1,571,336,0.5884413309982487,candidate_000946,True,False
946,2,517,255,0.4932301740812379,candidate_000946,True,False
946,3,487,94,0.19301848049281314,candidate_000946,True,False
946,4,415,12,0.02891566265060241,candidate_000946,True,False
946,5,301,275,0.9136212624584718,candidate_000946,True,False
947,1,571,349,0.6112084063047285,candidate_000947,True,False
947,2,517,496,0.9593810444874274,candidate_000947,True,False
947,3,487,166,0.3408624229979466,candidate_000947,True,False
947,4,415,3,0.007228915662650603,candidate_000947,True,False
947,5,301,277,0.920265780730897,candidate_000947,True,False
948,1,571,268,0.46935201401050786,candidate_000948,True,False
948,2,517,361,0.6982591876208898,candidate_000948,True,False
948,3,487,20,0.04106776180698152,candidate_000948,True,False
948,4,415,21,0.05060240963855422,candidate_000948,True,False
948,5,301,288,0.9568106312292359,candidate_000948,True,False
949,1,571,206,0.3607705779334501,candidate_000949,True,False
949,2,517,394,0.7620889748549323,candidate_000949,True,False
949,3,487,9,0.018480492813141684,candidate_000949,True,False
949,4,415,57,0.13734939759036144,candidate_000949,True,False
949,5,301,300,0.9966777408637874,candidate_000949,True,False
950,1,571,325,0.5691768826619965,candidate_000950,True,False
950,2,517,438,0.8471953578336557,candidate_000950,True,False
950,3,487,0,0.0,candidate_000950,True,False
950,4,415,0,0.0,candidate_000950,True,False
950,5,301,301,1.0,candidate_000950,True,False
951,1,571,354,0.6199649737302977,candidate_000951,True,False
951,2,517,327,0.632495164410058,candidate_000951,True,False
951,3,487,6,0.012320328542094456,candidate_000951,True,False
951,4,415,0,0.0,candidate_000951,True,False
951,5,301,299,0.9933554817275747,candidate_000951,True,False
952,1,571,222,0.38879159369527144,candidate_000952,True,False
952,2,517,406,0.7852998065764023,candidate_000952,True,False
952,3,487,3,0.006160164271047228,candidate_000952,True,False
952,4,415,119,0.28674698795180725,candidate_000952,True,False
952,5,301,200,0.6644518272425249,candidate_000952,True,False
953,1,571,532,0.9316987740805605,candidate_000953,True,False
953,2,517,504,0.9748549323017408,candidate_000953,True,False
953,3,487,190,0.39014373716632444,candidate_000953,True,False
953,4,415,180,0.43373493975903615,candidate_000953,True,False
953,5,301,261,0.867109634551495,candidate_000953,True,False
954,1,571,429,0.7513134851138353,candidate_000954,True,False
954,2,517,443,0.8568665377176016,candidate_000954,True,False
954,3,487,9,0.018480492813141684,candidate_000954,True,False
954,4,415,0,0.0,candidate_000954,True,False
954,5,301,268,0.8903654485049833,candidate_000954,True,False
955,1,571,382,0.6690017513134852,candidate_000955,True,False
955,2,517,501,0.9690522243713733,candidate_000955,True,False
955,3,487,0,0.0,candidate_000955,True,False
955,4,415,2,0.004819277108433735,candidate_000955,True,False
955,5,301,299,0.9933554817275747,candidate_000955,True,False
956,1,571,330,0.5779334500875657,candidate_000956,True,False
956,2,517,436,0.8433268858800773,candidate_000956,True,False
956,3,487,0,0.0,candidate_000956,True,False
956,4,415,14,0.033734939759036145,candidate_000956,True,False
956,5,301,291,0.9667774086378738,candidate_000956,True,False
957,1,571,472,0.8266199649737302,candidate_000957,True,False
957,2,517,512,0.9903288201160542,candidate_000957,True,False
957,3,487,159,0.3264887063655031,candidate_000957,True,False
957,4,415,0,0.0,candidate_000957,True,False
957,5,301,293,0.973421926910299,candidate_000957,True,False
958,1,571,213,0.37302977232924694,candidate_000958,True,False
958,2,517,517,1.0,candidate_000958,True,False
958,3,487,0,0.0,candidate_000958,True,False
958,4,415,40,0.0963855421686747,candidate_000958,True,False
958,5,301,266,0.8837209302325582,candidate_000958,True,False
959,1,571,309,0.5411558669001751,candidate_000959,True,False
959,2,517,418,0.8085106382978723,candidate_000959,True,False
959,3,487,107,0.21971252566735114,candidate_000959,True,False
959,4,415,104,0.25060240963855424,candidate_000959,True,False
959,5,301,236,0.7840531561461794,candidate_000959,True,False
960,1,571,144,0.2521891418563923,candidate_000960,True,False
960,2,517,465,0.8994197292069632,candidate_000960,True,False
960,3,487,0,0.0,candidate_000960,True,False
960,4,415,0,0.0,candidate_000960,True,False
960,5,301,263,0.8737541528239202,candidate_000960,True,False
961,1,571,315,0.5516637478108581,candidate_000961,True,False
961,2,517,393,0.7601547388781431,candidate_000961,True,False
961,3,487,0,0.0,candidate_000961,True,False
961,4,415,0,0.0,candidate_000961,True,False
961,5,301,301,1.0,candidate_000961,True,False
962,1,571,54,0.09457092819614711,candidate_000962,True,False
962,2,517,514,0.9941972920696325,candidate_000962,True,False
962,3,487,88,0.1806981519507187,candidate_000962,True,False
962,4,415,19,0.04578313253012048,candidate_000962,True,False
962,5,301,301,1.0,candidate_000962,True,False
963,1,571,318,0.5569176882661997,candidate_000963,True,False
963,2,517,422,0.816247582205029,candidate_000963,True,False
963,3,487,6,0.012320328542094456,candidate_000963,True,False
963,4,415,0,0.0,candidate_000963,True,False
963,5,301,283,0.9401993355481728,candidate_000963,True,False
964,1,571,485,0.8493870402802102,candidate_000964,True,False
964,2,517,450,0.8704061895551257,candidate_000964,True,False
964,3,487,0,0.0,candidate_000964,True,False
964,4,415,51,0.12289156626506025,candidate_000964,True,False
964,5,301,298,0.9900332225913622,candidate_000964,True,False
965,1,571,538,0.9422066549912435,candidate_000965,True,False
965,2,517,443,0.8568665377176016,candidate_000965,True,False
965,3,487,33,0.06776180698151951,candidate_000965,True,False
965,4,415,65,0.1566265060240964,candidate_000965,True,False
965,5,301,301,1.0,candidate_000965,True,False
966,1,571,182,0.318739054290718,candidate_000966,True,False
966,2,517,506,0.9787234042553191,candidate_000966,True,False
966,3,487,93,0.19096509240246407,candidate_000966,True,False
966,4,415,20,0.04819277108433735,candidate_000966,True,False
966,5,301,290,0.9634551495016611,candidate_000966,True,False
967,1,571,277,0.4851138353765324,candidate_000967,True,False
967,2,517,403,0.7794970986460348,candidate_000967,True,False
967,3,487,95,0.19507186858316222,candidate_000967,True,False
967,4,415,0,0.0,candidate_000967,True,False
967,5,301,248,0.8239202657807309,candidate_000967,True,False
968,1,571,247,0.43257443082311736,candidate_000968,True,False
968,2,517,510,0.9864603481624759,candidate_000968,True,False
968,3,487,13,0.026694045174537988,candidate_000968,True,False
968,4,415,0,0.0,candidate_000968,True,False
968,5,301,287,0.9534883720930233,candidate_000968,True,False
969,1,571,480,0.840630472854641,candidate_000969,True,False
969,2,517,468,0.9052224371373307,candidate_000969,True,False
969,3,487,0,0.0,candidate_000969,True,False
969,4,415,43,0.10361445783132531,candidate_000969,True,False
969,5,301,282,0.9368770764119602,candidate_000969,True,False
970,1,571,280,0.4903677758318739,candidate_000970,True,False
970,2,517,509,0.9845261121856866,candidate_000970,True,False
970,3,487,146,0.2997946611909651,candidate_000970,True,False
970,4,415,0,0.0,candidate_000970,True,False
970,5,301,296,0.9833887043189369,candidate_000970,True,False
971,1,571,325,0.5691768826619965,candidate_000971,True,False
971,2,517,468,0.9052224371373307,candidate_000971,True,False
971,3,487,0,0.0,candidate_000971,True,False
971,4,415,0,0.0,candidate_000971,True,False
971,5,301,290,0.9634551495016611,candidate_000971,True,False
972,1,571,428,0.7495621716287215,candidate_000972,True,False
972,2,517,514,0.9941972920696325,candidate_000972,True,False
972,3,487,260,0.5338809034907598,candidate_000972,True,False
972,4,415,2,0.004819277108433735,candidate_000972,True,False
972,5,301,299,0.9933554817275747,candidate_000972,True,False
973,1,571,425,0.7443082311733801,candidate_000973,True,False
973,2,517,453,0.8762088974854932,candidate_000973,True,False
973,3,487,0,0.0,candidate_000973,True,False
973,4,415,13,0.03132530120481928,candidate_000973,True,False
973,5,301,300,0.9966777408637874,candidate_000973,True,False
974,1,571,158,0.276707530647986,candidate_000974,True,False
974,2,517,244,0.47195357833655704,candidate_000974,True,False
974,3,487,10,0.02053388090349076,candidate_000974,True,False
974,4,415,9,0.021686746987951807,candidate_000974,True,False
974,5,301,278,0.9235880398671097,candidate_000974,True,False
975,1,571,498,0.87215411558669,candidate_000975,True,False
975,2,517,363,0.7021276595744681,candidate_000975,True,False
975,3,487,120,0.2464065708418891,candidate_000975,True,False
975,4,415,72,0.17349397590361446,candidate_000975,True,False
975,5,301,271,0.9003322259136213,candidate_000975,True,False
976,1,571,173,0.30297723292469353,candidate_000976,True,False
976,2,517,422,0.816247582205029,candidate_000976,True,False
976,3,487,35,0.07186858316221766,candidate_000976,True,False
976,4,415,0,0.0,candidate_000976,True,False
976,5,301,301,1.0,candidate_000976,True,False
977,1,571,336,0.5884413309982487,candidate_000977,True,False
977,2,517,409,0.7911025145067698,candidate_000977,True,False
977,3,487,2,0.004106776180698152,candidate_000977,True,False
977,4,415,14,0.033734939759036145,candidate_000977,True,False
977,5,301,267,0.8870431893687708,candidate_000977,True,False
978,1,571,472,0.8266199649737302,candidate_000978,True,False
978,2,517,345,0.6673114119922631,candidate_000978,True,False
978,3,487,1,0.002053388090349076,candidate_000978,True,False
978,4,415,13,0.03132530120481928,candidate_000978,True,False
978,5,301,299,0.9933554817275747,candidate_000978,True,False
979,1,571,535,0.9369527145359019,candidate_000979,True,False
979,2,517,333,0.6441005802707931,candidate_000979,True,False
979,3,487,0,0.0,candidate_000979,True,False
979,4,415,2,0.004819277108433735,candidate_000979,True,False
979,5,301,301,1.0,candidate_000979,True,False
980,1,571,174,0.30472854640980734,candidate_000980,True,False
980,2,517,383,0.7408123791102514,candidate_000980,True,False
980,3,487,9,0.018480492813141684,candidate_000980,True,False
980,4,415,106,0.25542168674698795,candidate_000980,True,False
980,5,301,239,0.7940199335548173,candidate_000980,True,False
981,1,571,274,0.4798598949211909,candidate_000981,True,False
981,2,517,309,0.597678916827853,candidate_000981,True,False
981,3,487,0,0.0,candidate_000981,True,False
981,4,415,9,0.021686746987951807,candidate_000981,True,False
981,5,301,296,0.9833887043189369,candidate_000981,True,False
982,1,571,413,0.723292469352014,candidate_000982,True,False
982,2,517,298,0.5764023210831721,candidate_000982,True,False
982,3,487,10,0.02053388090349076,candidate_000982,True,False
982,4,415,3,0.007228915662650603,candidate_000982,True,False
982,5,301,292,0.9700996677740864,candidate_000982,True,False
983,1,571,214,0.37478108581436076,candidate_000983,True,False
983,2,517,496,0.9593810444874274,candidate_000983,True,False
983,3,487,4,0.008213552361396304,candidate_000983,True,False
983,4,415,0,0.0,candidate_000983,True,False
983,5,301,293,0.973421926910299,candidate_000983,True,False
984,1,571,284,0.4973730297723292,candidate_000984,True,False
984,2,517,503,0.9729206963249516,candidate_000984,True,False
984,3,487,12,0.024640657084188913,candidate_000984,True,False
984,4,415,0,0.0,candidate_000984,True,False
984,5,301,244,0.8106312292358804,candidate_000984,True,False
985,1,571,226,0.3957968476357268,candidate_000985,True,False
985,2,517,466,0.9013539651837524,candidate_000985,True,False
985,3,487,0,0.0,candidate_000985,True,False
985,4,415,0,0.0,candidate_000985,True,False
985,5,301,301,1.0,candidate_000985,True,False
986,1,571,422,0.7390542907180385,candidate_000986,True,False
986,2,517,512,0.9903288201160542,candidate_000986,True,False
986,3,487,0,0.0,candidate_000986,True,False
986,4,415,6,0.014457831325301205,candidate_000986,True,False
986,5,301,265,0.8803986710963455,candidate_000986,True,False
987,1,571,138,0.24168126094570927,candidate_000987,True,False
987,2,517,365,0.7059961315280464,candidate_000987,True,False
987,3,487,77,0.15811088295687886,candidate_000987,True,False
987,4,415,157,0.3783132530120482,candidate_000987,True,False
987,5,301,301,1.0,candidate_000987,True,False
988,1,571,480,0.840630472854641,candidate_000988,True,False
988,2,517,463,0.8955512572533849,candidate_000988,True,False
988,3,487,0,0.0,candidate_000988,True,False
988,4,415,0,0.0,candidate_000988,True,False
988,5,301,291,0.9667774086378738,candidate_000988,True,False
989,1,571,436,0.7635726795096323,candidate_000989,True,False
989,2,517,396,0.7659574468085106,candidate_000989,True,False
989,3,487,178,0.3655030800821355,candidate_000989,True,False
989,4,415,1,0.0024096385542168677,candidate_000989,True,False
989,5,301,301,1.0,candidate_000989,True,False
990,1,571,393,0.6882661996497373,candidate_000990,True,False
990,2,517,456,0.8820116054158608,candidate_000990,True,False
990,3,487,296,0.6078028747433265,candidate_000990,True,False
990,4,415,0,0.0,candidate_000990,True,False
990,5,301,298,0.9900332225913622,candidate_000990,True,False
991,1,571,377,0.660245183887916,candidate_000991,True,False
991,2,517,466,0.9013539651837524,candidate_000991,True,False
991,3,487,0,0.0,candidate_000991,True,False
991,4,415,0,0.0,candidate_000991,True,False
991,5,301,291,0.9667774086378738,candidate_000991,True,False
992,1,571,277,0.4851138353765324,candidate_000992,True,False
992,2,517,502,0.9709864603481625,candidate_000992,True,False
992,3,487,202,0.41478439425051333,candidate_000992,True,False
992,4,415,89,0.21445783132530122,candidate_000992,True,False
992,5,301,232,0.770764119601329,candidate_000992,True,False
993,1,571,334,0.5849387040280211,candidate_000993,True,False
993,2,517,492,0.9516441005802708,candidate_000993,True,False
993,3,487,0,0.0,candidate_000993,True,False
993,4,415,104,0.25060240963855424,candidate_000993,True,False
993,5,301,299,0.9933554817275747,candidate_000993,True,False
994,1,571,305,0.5341506129597198,candidate_000994,True,False
994,2,517,329,0.6363636363636364,candidate_000994,True,False
994,3,487,0,0.0,candidate_000994,True,False
994,4,415,142,0.3421686746987952,candidate_000994,True,False
994,5,301,241,0.8006644518272426,candidate_000994,True,False
995,1,571,203,0.3555166374781086,candidate_000995,True,False
995,2,517,461,0.8916827852998066,candidate_000995,True,False
995,3,487,0,0.0,candidate_000995,True,False
995,4,415,9,0.021686746987951807,candidate_000995,True,False
995,5,301,296,0.9833887043189369,candidate_000995,True,False
996,1,571,378,0.6619964973730298,candidate_000996,True,False
996,2,517,456,0.8820116054158608,candidate_000996,True,False
996,3,487,9,0.018480492813141684,candidate_000996,True,False
996,4,415,0,0.0,candidate_000996,True,False
996,5,301,275,0.9136212624584718,candidate_000996,True,False
997,1,571,345,0.6042031523642732,candidate_000997,True,False
997,2,517,428,0.8278529980657641,candidate_000997,True,False
997,3,487,0,0.0,candidate_000997,True,False
997,4,415,119,0.28674698795180725,candidate_000997,True,False
997,5,301,294,0.9767441860465116,candidate_000997,True,False
998,1,571,241,0.4220665499124343,candidate_000998,True,False
998,2,517,382,0.7388781431334622,candidate_000998,True,False
998,3,487,0,0.0,candidate_000998,True,False
998,4,415,74,0.1783132530120482,candidate_000998,True,False
998,5,301,209,0.6943521594684385,candidate_000998,True,False
999,1,571,386,0.6760070052539404,candidate_000999,True,False
999,2,517,316,0.6112185686653772,candidate_000999,True,False
999,3,487,0,0.0,candidate_000999,True,False
999,4,415,6,0.014457831325301205,candidate_000999,True,False
999,5,301,301,1.0,candidate_000999,True,False
1000,1,571,306,0.5359019264448336,candidate_001000,True,False
1000,2,517,431,0.8336557059961315,candidate_001000,True,False
1000,3,487,71,0.1457905544147844,candidate_001000,True,False
1000,4,415,21,0.05060240963855422,candidate_001000,True,False
1000,5,301,300,0.9966777408637874,candidate_001000,True,False
1001,1,571,279,0.4886164623467601,candidate_001001,True,False
1001,2,517,391,0.7562862669245648,candidate_001001,True,False
1001,3,487,211,0.433264887063655,candidate_001001,True,False
1001,4,415,29,0.06987951807228916,candidate_001001,True,False
1001,5,301,299,0.9933554817275747,candidate_001001,True,False
1002,1,571,84,0.14711033274956217,candidate_001002,True,False
1002,2,517,470,0.9090909090909091,candidate_001002,True,False
1002,3,487,0,0.0,candidate_001002,True,False
1002,4,415,0,0.0,candidate_001002,True,False
1002,5,301,273,0.9069767441860465,candidate_001002,True,False
1003,1,571,364,0.637478108581436,candidate_001003,True,False
1003,2,517,491,0.9497098646034816,candidate_001003,True,False
1003,3,487,41,0.08418891170431211,candidate_001003,True,False
1003,4,415,180,0.43373493975903615,candidate_001003,True,False
1003,5,301,239,0.7940199335548173,candidate_001003,True,False
1004,1,571,517,0.9054290718038529,candidate_001004,True,False
1004,2,517,440,0.851063829787234,candidate_001004,True,False
1004,3,487,0,0.0,candidate_001004,True,False
1004,4,415,0,0.0,candidate_001004,True,False
1004,5,301,250,0.8305647840531561,candidate_001004,True,False
1005,1,571,506,0.8861646234676007,candidate_001005,True,False
1005,2,517,397,0.7678916827852998,candidate_001005,True,False
1005,3,487,16,0.03285420944558522,candidate_001005,True,False
1005,4,415,0,0.0,candidate_001005,True,False
1005,5,301,298,0.9900332225913622,candidate_001005,True,False
1006,1,571,44,0.07705779334500876,candidate_001006,True,False
1006,2,517,210,0.40618955512572535,candidate_001006,True,False
1006,3,487,0,0.0,candidate_001006,True,False
1006,4,415,117,0.2819277108433735,candidate_001006,True,False
1006,5,301,269,0.893687707641196,candidate_001006,True,False
1007,1,571,332,0.5814360770577933,candidate_001007,True,False
1007,2,517,442,0.8549323017408124,candidate_001007,True,False
1007,3,487,0,0.0,candidate_001007,True,False
1007,4,415,92,0.2216867469879518,candidate_001007,True,False
1007,5,301,299,0.9933554817275747,candidate_001007,True,False
1008,1,571,410,0.7180385288966725,candidate_001008,True,False
1008,2,517,416,0.804642166344294,candidate_001008,True,False
1008,3,487,345,0.7084188911704312,candidate_001008,True,False
1008,4,415,2,0.004819277108433735,candidate_001008,True,False
1008,5,301,228,0.7574750830564784,candidate_001008,True,False
1009,1,571,359,0.6287215411558669,candidate_001009,True,False
1009,2,517,466,0.9013539651837524,candidate_001009,True,False
1009,3,487,207,0.42505133470225875,candidate_001009,True,False
1009,4,415,0,0.0,candidate_001009,True,False
1009,5,301,244,0.8106312292358804,candidate_001009,True,False
1010,1,571,523,0.9159369527145359,candidate_001010,True,False
1010,2,517,364,0.7040618955512572,candidate_001010,True,False
1010,3,487,0,0.0,candidate_001010,True,False
1010,4,415,199,0.4795180722891566,candidate_001010,True,False
1010,5,301,269,0.893687707641196,candidate_001010,True,False
1011,1,571,292,0.51138353765324,candidate_001011,True,False
1011,2,517,479,0.9264990328820116,candidate_001011,True,False
1011,3,487,0,0.0,candidate_001011,True,False
1011,4,415,5,0.012048192771084338,candidate_001011,True,False
1011,5,301,295,0.9800664451827242,candidate_001011,True,False
1012,1,571,328,0.574430823117338,candidate_001012,True,False
1012,2,517,517,1.0,candidate_001012,True,False
1012,3,487,1,0.002053388090349076,candidate_001012,True,False
1012,4,415,122,0.29397590361445786,candidate_001012,True,False
1012,5,301,299,0.9933554817275747,candidate_001012,True,False
1013,1,571,371,0.649737302977233,candidate_001013,True,False
1013,2,517,516,0.9980657640232108,candidate_001013,True,False
1013,3,487,0,0.0,candidate_001013,True,False
1013,4,415,1,0.0024096385542168677,candidate_001013,True,False
1013,5,301,270,0.8970099667774086,candidate_001013,True,False
1014,1,571,323,0.5656742556917689,candidate_001014,True,False
1014,2,517,320,0.6189555125725339,candidate_001014,True,False
1014,3,487,0,0.0,candidate_001014,True,False
1014,4,415,168,0.40481927710843374,candidate_001014,True,False
1014,5,301,298,0.9900332225913622,candidate_001014,True,False
1015,1,571,252,0.4413309982486865,candidate_001015,True,False
1015,2,517,251,0.48549323017408125,candidate_001015,True,False
1015,3,487,0,0.0,candidate_001015,True,False
1015,4,415,113,0.27228915662650605,candidate_001015,True,False
1015,5,301,262,0.8704318936877077,candidate_001015,True,False
1016,1,571,536,0.9387040280210157,candidate_001016,True,False
1016,2,517,436,0.8433268858800773,candidate_001016,True,False
1016,3,487,275,0.5646817248459959,candidate_001016,True,False
1016,4,415,168,0.40481927710843374,candidate_001016,True,False
1016,5,301,290,0.9634551495016611,candidate_001016,True,False
1017,1,571,200,0.3502626970227671,candidate_001017,True,False
1017,2,517,465,0.8994197292069632,candidate_001017,True,False
1017,3,487,0,0.0,candidate_001017,True,False
1017,4,415,5,0.012048192771084338,candidate_001017,True,False
1017,5,301,301,1.0,candidate_001017,True,False
1018,1,571,512,0.8966725043782837,candidate_001018,True,False
1018,2,517,448,0.8665377176015474,candidate_001018,True,False
1018,3,487,19,0.039014373716632446,candidate_001018,True,False
1018,4,415,0,0.0,candidate_001018,True,False
1018,5,301,285,0.946843853820598,candidate_001018,True,False
1019,1,571,255,0.44658493870402804,candidate_001019,True,False
1019,2,517,401,0.7756286266924565,candidate_001019,True,False
1019,3,487,206,0.42299794661190965,candidate_001019,True,False
1019,4,415,0,0.0,candidate_001019,True,False
1019,5,301,284,0.9435215946843853,candidate_001019,True,False
1020,1,571,454,0.7950963222416813,candidate_001020,True,False
1020,2,517,379,0.7330754352030948,candidate_001020,True,False
1020,3,487,0,0.0,candidate_001020,True,False
1020,4,415,0,0.0,candidate_001020,True,False
1020,5,301,300,0.9966777408637874,candidate_001020,True,False
1021,1,571,276,0.48336252189141854,candidate_001021,True,False
1021,2,517,264,0.5106382978723404,candidate_001021,True,False
1021,3,487,24,0.049281314168377825,candidate_001021,True,False
1021,4,415,2,0.004819277108433735,candidate_001021,True,False
1021,5,301,301,1.0,candidate_001021,True,False
1022,1,571,447,0.7828371278458844,candidate_001022,True,False
1022,2,517,265,0.5125725338491296,candidate_001022,True,False
1022,3,487,164,0.33675564681724846,candidate_001022,True,False
1022,4,415,0,0.0,candidate_001022,True,False
1022,5,301,301,1.0,candidate_001022,True,False
1023,1,571,391,0.6847635726795096,candidate_001023,True,False
1023,2,517,490,0.9477756286266924,candidate_001023,True,False
1023,3,487,4,0.008213552361396304,candidate_001023,True,False
1023,4,415,0,0.0,candidate_001023,True,False
1023,5,301,301,1.0,candidate_001023,True,False
