candidate_id,candidate_index,source_seed,source_noise_sha256,hard_model_sha256,predicted_observation_sha256,condition_violations,global_accuracy,truth_present_mean_iou,label9_iou,label9_precision,label9_recall,label9_truth_voxels,label9_predicted_voxels,label9_absolute_volume_error_fraction,label9_centroid_distance_voxels,major_component_min_recall,major_component_mean_recall,body_recall,body_precision,matched_body_count,matched_body_center_error_mean,matched_body_relative_size_error_mean,target_tiny_component_mass_le_5,target_tiny_component_mass_fraction_le_5,target_top4_component_mass_fraction,target_top8_component_mass_fraction,target_components_ge_5,target_components_ge_10,target_components_ge_20,target_components_ge_100,target_component_1_voxels,target_component_2_voxels,target_component_3_voxels,target_component_4_voxels,target_component_5_voxels,target_component_6_voxels,target_component_7_voxels,target_component_8_voxels,retrospective_only,used_for_ranking,support_pass,support_conditions_exact,support_label9_iou,support_label9_precision,support_label9_recall,support_major_component_min_recall,support_major_component_mean_recall
candidate_000000,0,9321000,610f01dd1c86e277998a991ef5ae854ecc0b65fcab13d84df188a69835b1e74e,e157104d3d8497381a891f77087bc67ff91c807413bb5bc1fee6f245e3d9f897,d9dcad3de6334fe755af38a3487da1392a5f7a5fb95af00a379db4d69be46c2e,0,0.8857803344726562,0.4534497559070587,0.03762978875760831,0.0393780442113151,0.45875163683980796,2291,26690,10.649934526407682,10.241360664367676,0.0,0.3755262847825669,0.2,0.25,1,23.272344251298595,50.99803149606299,74,0.002772573997751967,0.9930685650056201,0.9954664668415136,14,10,4,1,26442,23,20,20,19,17,15,13,True,False,False,True,False,False,True,False,False
candidate_000001,1,9321001,c3c7e40b9c13e784dfb84f4928eb901e6a435f84aa192a502abd173702f1a003,a24672b268bde0f4ecc9f88cf17c84e463f3497c7c347b067bc6c6906a0e1448,2611de58df5c46086fad16b7808e0ff911586b76553c1c67094c34eb538029db,0,0.9089775085449219,0.47832441329956055,0.06112501646686866,0.06363719484319283,0.6075949367088608,2291,21874,8.54779572239197,5.563601970672607,0.022587268993839837,0.5155644609063857,0.2,0.14285714285714285,1,16.692120663667662,39.31299212598425,82,0.003748742799670842,0.9865136691963061,0.9935082746639846,15,10,7,4,20506,582,378,113,95,23,20,15,True,False,False,True,False,False,True,False,True
candidate_000002,2,9321002,ef5ec9caa6a7327ac62845e174921babad0dbe1a7d144305d88c41a7680f4717,7470e0d97b3e1ada928176e38771bbf58f27faf246a8c897507a0e46e59da957,c3b3721f6467b5086f7454beb7b50ca7d46c181f2559f3da99e7a555addea8b2,0,0.9174270629882812,0.483826607465744,0.06242264435236507,0.06646802658721064,0.5063291139240507,2291,17452,6.617634220864251,7.904747009277344,0.07951807228915662,0.4238581650397333,0.4,0.5,2,19.74703905074525,16.19140366052806,58,0.0033234013293605316,0.9948429979371992,0.9969057987623196,7,5,4,2,12886,4417,32,27,17,9,6,4,True,False,False,True,False,False,True,False,True
candidate_000003,3,9321003,2e33914bc9e30c405f78a9aee7677a49dc4c756638518d12431134fc55394b0c,cfb470fd309ae030b0a50179bd02d9bc5e5f0e7863ba37fed3a475508506b162,7987bdd1e51d49bc568e8cd9e9220ec93fa437e94317384ceb2bf50d9cd914bd,0,0.9619026184082031,0.521903395652771,0.08737430167597765,0.10509340142453971,0.3413356612832824,2291,7441,2.247926669576604,9.267802238464355,0.0,0.23730636468647423,0.4,0.2857142857142857,2,8.514833571713957,8.170316039262216,43,0.005778793172960623,0.9676118801236393,0.9807821529364332,18,13,7,3,4394,1713,1042,51,38,24,20,16,True,False,False,True,False,False,True,False,False
candidate_000004,4,9321004,02fdd8bb7471f536d14c4bb052a30bfe137e8c02f5c777e2a14244fc9e738bcb,1a62d8072888cdf461431c8d19aabb60cab3582cb28fc9424283e5717f5a33fa,9e4fdc592c72a4520089cef5af38b52af04a29c6e21b91401020a5558d81d502,0,0.9434127807617188,0.5060452222824097,0.07680986754502768,0.08383050328897047,0.4783937145351375,2291,13074,4.706678306416412,6.371537685394287,0.030800821355236138,0.40809980446020977,0.2,0.14285714285714285,1,16.204254441997737,22.344488188976378,54,0.004130335016062414,0.9750650145326603,0.9888327979195349,18,13,7,5,11886,470,225,167,115,26,20,19,True,False,False,True,False,False,True,False,True
candidate_000005,5,9321005,67dea5b2ecd29cefedd240cad2b29dcb49a5f60b29923cfe97d695b26c89a194,860490430bbf866efd2e72eb06a710714fc2c24f9e220d27e398f1c61656abc4,5e858b8d9847f43109008cdd7cca4296b0a5ce0fa6e4feb554caa429b882fbff,0,0.9287567138671875,0.4926411509513855,0.06709758608854823,0.07168174040576876,0.5120034919249236,2291,16364,6.142732431252728,4.673227787017822,0.0,0.39845853926228036,0.2,0.125,1,12.723820209539268,22.871886120996443,65,0.003972133952578832,0.9728672696162307,0.9888169151796626,20,12,8,5,13443,2201,152,124,123,57,44,37,True,False,False,True,False,False,True,False,False
candidate_000006,6,9321006,bb64efcef5e0143ee768670598a7650b7f72cf1359e4ffd97e76c6b4f388e038,77449849d80178f690dd0779363c5fe69e675949e1ac0b9b82490457b1934794,925ce7b3c863f2bf7a3fcf3ea7ef02a54ccd20904a980c4402ce752a0232ea24,0,0.9271011352539062,0.48693737387657166,0.05754453867607718,0.06206642519491681,0.44129201222173725,2291,16289,6.109995635093846,8.161680221557617,0.0,0.33172120269620076,0.4,0.3333333333333333,2,18.049637292075754,12.602761509793481,58,0.003560685124930935,0.9850819571489963,0.9902388114678617,18,14,6,4,11566,3391,969,120,31,24,15,14,True,False,False,True,False,False,True,False,False
candidate_000007,7,9321007,d7018708842646d092309d8f8673f5954547f81c83091b0da16c446d2d318d94,5a30663c90a9cde1ea053876c27c5e41268ba5e764ecc5f4a91e8335f3751863,e0f471e5b694aa1b151e05bf1079cff257b5da30bbc74d6795fb504d68b8ea2e,0,0.9078712463378906,0.47567683458328247,0.05705917996364371,0.060612562355844016,0.4932343954604976,2291,18643,7.137494543867307,15.137304306030273,0.0,0.45400326607659947,0.6,0.375,3,11.716879760601687,11.520296840119185,73,0.00391567880705895,0.9790269806361637,0.9913640508501851,20,11,8,5,14903,1907,988,454,161,25,23,21,True,False,False,True,False,False,True,False,True
candidate_000008,8,9321008,ebfd219ebed3658432bb16b07dd8c65b5d205e6a8839dc875190f83152521258,69e3927aca12a7a58d1b0d834e78e2464a8735b2609bbb87ec2a2806a0a65ad3,fdb3cb55e36df57878194e6a664974515381e84c0f90a29278dd8a12078d1ad8,0,0.9261817932128906,0.4931764602661133,0.07107113447773485,0.07675468600355725,0.48974247053688347,2291,14618,5.380619816673941,6.306007385253906,0.08624229979466119,0.4048263911631484,0.6,0.23076923076923078,3,15.111133066181202,8.12495123016602,85,0.0058147489396634285,0.9460254480777124,0.9742782870433712,28,21,13,5,11320,1894,309,306,254,65,56,38,True,False,False,True,False,False,True,False,True
candidate_000009,9,9321009,c9a0ad8afde9b6c7e8fb1b53772b705451e00e74f5010a35833eae952843218c,8106be92f38914da5b9a3f3bf1cc62dd33a59506664f3462b7fd1c0885dc6d00,7d6ccbf10e52dded7228fb9b97f1d87848af2126783432f4f1a8c4e6b6bdb6eb,0,0.9191703796386719,0.4722822308540344,0.037211938043067626,0.04005489757535709,0.343954604975993,2291,19673,7.587079877782628,3.853721857070923,0.0,0.23913905357010162,0.2,0.2,1,17.06393739565643,36.82086614173228,64,0.0032531896507904234,0.9857672952777919,0.9895796268998119,25,17,6,1,19231,76,58,28,23,22,18,12,True,False,False,True,False,False,True,False,False
candidate_000010,10,9321010,f4383df3596d119088247f0e666c291e26d6529a35810c4b11a67b49dc9a57ac,9347ddee8092224c4b5dd636fe9720b3f87b01f3e7e55cf1a30cacb05ed36736,e8978af3e9c7a7a3e1c1370cfa2176992cb35c4958fe73735bf0a876f2bf6cca,0,0.9152450561523438,0.48181191086769104,0.060678744577698396,0.06429459795598334,0.5189873417721519,2291,18493,7.072020951549542,7.692456245422363,0.0024096385542168677,0.42841473287321147,0.4,0.25,2,15.10715528079533,15.024182475411212,89,0.004812631806629535,0.980533174714757,0.9900502892986536,23,10,8,5,12553,4959,383,238,116,20,20,20,True,False,False,True,False,False,True,False,True
candidate_000011,11,9321011,b6668a2f9e746c181fa20fd1a89d3c7b89c4a38bb297325a3a39d8bb82f7453b,347ce50a1c5b3bac41b927f40452e49b01a83dd3d7f4d4db10b21cb5f0f2a5e2,14a0afdf1c75335ca11c21cf9291950f97d95869b1fe17bdf886c404536f3e41,0,0.9280471801757812,0.48993557691574097,0.06249653105400455,0.06681699501542844,0.49148843299869055,2291,16852,6.35573985159319,5.148759841918945,0.0,0.4113579623789409,0.2,0.16666666666666666,1,15.37679911164196,25.455516014234874,47,0.0027889864704486113,0.9922857821030144,0.9963802516021837,11,8,6,2,14895,1725,77,25,23,22,12,12,True,False,False,True,False,False,True,False,True
candidate_000012,12,9321012,5f9bdac3e54da2a9f5732e2f4b67dad9e84d862362f25f0becd0745522706237,b9da7721c98a6df9b155b4bab8a8290eecfef2f1c9c37d0c22309dfdd1c4e0bb,405c82df71c5ae79170c897cd6b1b851e3b7826a5c4ac6f09a5c0f2a48763354,0,0.9080047607421875,0.47862905263900757,0.06305114638447971,0.06553920894633118,0.624181580096028,2291,21819,8.523788738542121,8.277359008789062,0.0,0.538453327591959,0.2,0.2,1,22.17635569058841,36.345195729537366,47,0.00215408588844585,0.9912003299876254,0.9943168797836748,18,12,5,3,21015,450,107,55,26,18,13,11,True,False,False,True,False,False,True,False,True
candidate_000013,13,9321013,5af424d17936db3f37f1e21e60651f68d9b8f5ed8a94d7a8fa0041304c779f8a,0207bdeefda219b3997ead0761fc45f6d5efb398d29e1d61f10cf660c1849e3f,f368e2e34d7789e841cc0e801b7af9e14830af098497c32ce1f385cae2be20f9,0,0.9266433715820312,0.49263063073158264,0.06961744867313278,0.07275908202119996,0.6171977302487996,2291,19434,7.482758620689655,5.5586161613464355,0.0,0.5525132313731582,0.2,0.3333333333333333,1,21.872181539047894,36.8996062992126,28,0.0014407739014099,0.996861171143357,0.9987135947308841,7,7,3,1,19280,55,21,17,12,11,10,3,True,False,False,True,False,False,True,False,True
candidate_000014,14,9321014,a4f03e97648c44168229150507d356ca3742b195d37f17f585b4fdf4d230334b,ed2461d9db7689bfc8c457129daa6359a49baf185abab850528c9c954a462ce4,7965447f8b14b874efe0e37e8c32c72b9e831c1672fe4909b31d9796ec380dab,0,0.961273193359375,0.5169641375541687,0.07833006096930867,0.09307465618860511,0.33085988651243997,2291,8144,2.554779572239197,6.840022563934326,0.0,0.21993634974780407,0.4,0.2222222222222222,2,6.738816373236192,8.741923740696796,64,0.007858546168958742,0.9101178781925344,0.9759332023575639,17,15,9,7,4710,1744,495,463,230,140,122,44,True,False,False,True,False,False,True,False,False
candidate_000015,15,9321015,c504ccd65c4d4c4ada454e6ddd0b00b4e8d01ad12926c282cc7c08b0c1bd677d,9d56f4ed601b7b578913547b178d1d1d4beea6a5af6395ef6f71a8200cf33d77,1116d8db90d59f68c0e3946e166d101619adb40f501811a8fdb099415531c62b,0,0.9034614562988281,0.4736710786819458,0.058296343267808075,0.06063404124345952,0.6019205587079878,2291,22743,8.927106067219555,5.2580437660217285,0.0,0.5524836421704664,0.2,0.2,1,23.4988970462848,37.99803149606299,50,0.0021984786527722818,0.994371894648903,0.997141977751396,13,8,5,3,19838,1743,966,68,26,14,12,11,True,False,False,True,False,False,True,False,True
candidate_000016,16,9321016,99ec5f6e34870a5705cc3a29cb9527cf7fba0a72e4082d83d30b8304e68b83f7,379fc90b66604aeae32c7ac56bb1e456898f6ba65f62fa6241a09b5a1f5ab10e,2279782112b6336c54c1e8c3fb80bc52ff261ff58b42382125403cbac4bbced2,0,0.9564628601074219,0.5243661403656006,0.09874235214140041,0.10922079142776576,0.5072020951549542,2291,10639,3.6438236577913576,8.443979263305664,0.0,0.4034614047210627,0.4,0.2222222222222222,2,9.18174772610432,9.389679715302492,77,0.007237522323526647,0.941065889651283,0.9819531910893881,19,13,9,6,4389,3266,1224,1133,203,104,88,40,True,False,False,True,False,False,True,False,True
candidate_000017,17,9321017,23b74aa2cf169df6f94057ffd131403193b6356f3be18fa5ac46919803865699,407539ddaa848759dd8d4fcb7e8459c40459847116d8595412df4c180a5fb9d8,4ce95e26abdc84d6d5bef01b620159462f36c4f73531dd55143ce1c3f6d9e497,0,0.8728713989257812,0.4444379508495331,0.03482825954736067,0.036223198828072976,0.47490178961152335,2291,30036,12.110432125709297,12.281201362609863,0.02650602409638554,0.38656499508445424,0.2,1.0,1,25.601244496201318,57.89173228346457,44,0.0014649087761353043,0.9981355706485551,0.9988014382740711,7,3,1,1,29944,17,12,7,6,6,5,3,True,False,False,True,False,False,True,False,False
candidate_000018,18,9321018,ceb2b07e4effa5036d770326dbfb18fb1e111fdb9f95c456b1d867e1e4bf1155,8949aa6ea2e75749e00718d94ee8f656f6a2f1641eb9950628c2719456eec9f6,0485f9c84bf4e4a268e20590e89a0916e7359974068f7b062c3b286a9f587a5b,0,0.9429817199707031,0.5059049129486084,0.0772186507056824,0.08504923903312445,0.4561326931470973,2291,12287,4.3631601920558705,9.031737327575684,0.0,0.35793479160079666,0.6,0.5,3,6.946562077814718,8.036717705294881,22,0.0017905102954341987,0.925856596402702,0.9939773744608122,14,10,6,6,5459,4461,809,647,538,266,18,15,True,False,False,True,False,False,True,False,False
candidate_000019,19,9321019,742446e1c4a37e3ac2c900f47a07484b1157f7273c6512e26a0263cd96c442a1,926bf877af75c68010c633d3fbd316ed8f3177c7061ce0393862be1a6c4ad47c,7d1fd5f264b3c82b0257cdff58682573f75d9681506fd4409b8f56e8edb21654,0,0.9107704162597656,0.4817295968532562,0.06603454114459871,0.06913142567738668,0.5958096900916631,2291,19745,7.618507202095155,5.468212604522705,0.0,0.5164643710696611,0.4,0.3333333333333333,2,17.666134507422733,25.500337072591954,73,0.0036971385160800203,0.9858191947328437,0.9910863509749304,21,13,6,3,10585,8543,276,61,43,23,19,19,True,False,False,True,False,False,True,False,True
candidate_000020,20,9321020,eb62b52ef0b556ab14302260434f8c201655a36cf65bab697637a3c7854ee176,728456c707c803313b290482228cce4bd585595e5da6ae9676094fc61f214722,a94ec1123e25b4f51139c598a8ce84e30cda1bd84ad455dc0528cdf30bfdfb0f,0,0.9528160095214844,0.5204365849494934,0.09504355199260002,0.10348300461603022,0.5381929288520296,2291,11915,4.200785683107813,5.800820350646973,0.1293634496919918,0.45936237124296786,0.8,0.5714285714285714,4,8.030402759741,6.4330000999867165,63,0.005287452790600084,0.9361309274024339,0.9875786823331935,18,13,7,5,5473,3509,1146,1026,554,23,21,15,True,False,False,True,False,False,True,False,True
candidate_000021,21,9321021,89d25d84611540267073b1e76854a7e4fe86d2a492865fa3207b422c5def0e47,1c418982c02284dd9d273ccc7e6ab75d33db3f5db8b8824b0856781fc8178d8b,1fcc3b5e4c5ec9b45018693029bef13af71029982c8daf3b292a149749d28a9e,0,0.9365921020507812,0.49655795097351074,0.06589838278364957,0.07162629757785467,0.45176778699257963,2291,14450,5.307289393278045,9.554643630981445,0.0,0.3566216707339643,0.6,0.2727272727272727,3,5.652348196162386,6.8469829229842505,66,0.004567474048442907,0.9385467128027681,0.9813148788927336,20,16,11,7,6127,3355,2911,1169,250,206,102,60,True,False,False,True,False,False,True,False,False
candidate_000022,22,9321022,49922d143dbbbf2f44888dfa7854361075ffafbfb82fcf85a37f0dda7c1d2274,f6a58014054d1d421b07be17fd0a9cabe6cb729eab4e73ff578e7fdfd7245735,c4e681f81567858deb598a232654505356c2c3aea28401b603db5be7dc9d93a6,0,0.9550361633300781,0.5256114602088928,0.10284141185724117,0.11718574949585481,0.4565691837625491,2291,8926,2.896115233522479,8.392601013183594,0.0,0.3614896771842474,0.6,0.2727272727272727,3,6.55317106649339,6.008799361981961,79,0.008850548958099932,0.9064530584808425,0.9605646426170737,29,17,11,8,4095,2753,926,317,141,136,106,100,True,False,False,True,False,False,True,False,False
candidate_000023,23,9321023,01b0605f9d2a05ae996bb74f0e48af2e2de83b4a991990392d0d9d6517cc5860,4a388fe4b665a00380f7f27d2fa22340132d1d8496dca044179a12d44449b5eb,372a6a0ed8a05f7cfc83fb47f14f602139d6244d4d84e2629f21043547e5c9b7,0,0.9202766418457031,0.48715394735336304,0.06589147286821706,0.07016923167639601,0.5194238323876037,2291,16959,6.40244434744653,5.679596424102783,0.0,0.41662168767751734,0.2,0.25,1,18.179311585384976,31.165354330708663,69,0.004068636122412878,0.9917447962733652,0.9941034259095466,14,6,4,3,16367,281,129,42,14,10,9,7,True,False,False,True,False,False,True,False,True
candidate_000024,24,9321024,3e2d293d617618a8a68ca5c2c971434c044f088e878680f6b6cddeb5bd7f2ed0,84cab061a0f79699869115b7f2c624bc8a7ceefd5b7e702b9958b8c2eace949a,4e64f6402c210276b7cef42743741eb4022cd8c0b05f5e32f0abdc76e3ce4851,0,0.9370956420898438,0.49895042181015015,0.07012888551933283,0.07578343688127262,0.4845045831514622,2291,14647,5.3932780445220425,4.9338579177856445,0.012048192771084338,0.3783576284482267,0.6,0.25,3,13.768961420615746,7.057280703044115,46,0.0031405748617464326,0.9292005188775858,0.9767187820031406,20,14,12,8,10553,1951,736,370,257,234,104,101,True,False,False,True,False,False,True,False,False
candidate_000025,25,9321025,915da645c4845b31eca343a501868d8a16fbfd2e1c04e02b56fded4b6091242e,42d11932b71f6a3b8305bc6773d2178e1d9e5ee300c11c0cf1df850ece38b037,38051f134b6fa0851803060115c761ec9cf75807c93629741dddf4077ff8f616,0,0.9419326782226562,0.49697038531303406,0.06027359211165891,0.0668824163969795,0.37887385421213443,2291,12978,4.664775207333042,8.375385284423828,0.11033274956217162,0.289398021465004,0.8,0.36363636363636365,4,7.18760486648375,6.542123046258868,43,0.003313299429804284,0.9414393589150871,0.9853598397287717,19,15,11,7,7547,2795,1675,201,195,174,148,53,True,False,False,True,False,False,True,False,False
candidate_000026,26,9321026,b0e7b04a4ddfb68a11a93e9657b5f2b365c295f4bfa8da91c797dc0d68d99fb1,9d35a7f09482f691cbcb91004ef09ee750f9e7ca6b0c6243063b28d26af54a6d,b5bb72c7b94d9ab57546abe8c95c6301ce0236bb72530c2ff810f0dfdba2eea0,0,0.9317054748535156,0.49510422348976135,0.06852357083941374,0.07422680412371134,0.4714098646879092,2291,14550,5.350938454823221,5.6565117835998535,0.09650924024640657,0.397571408772651,0.2,0.2,1,20.541949412766215,26.77755905511811,97,0.006666666666666667,0.980893470790378,0.9857044673539519,24,11,5,1,14138,53,49,32,32,14,12,12,True,False,False,True,False,False,True,False,False
candidate_000027,27,9321027,9242f7e6e44d5aa32d43bfd59f767c32d7bf6d8367ba425f0456e0932c02439d,c02201bcb35f14be52e9da3d3a8c07eeedce85844a826ac22485967834133b08,5a47f8d32bee37268d122919abafdd388d425d6ac3a79eecfb04951434180687,0,0.9031143188476562,0.4734651446342468,0.05823627287853577,0.060794441651049046,0.5805325185508512,2291,21877,8.549105194238324,8.412878036499023,0.0,0.5095034682830888,0.2,0.3333333333333333,1,19.630868376617475,41.68700787401575,52,0.002376925538236504,0.995246148923527,0.9973488138227362,9,6,3,1,21712,22,21,18,15,14,9,8,True,False,False,True,False,False,True,False,True
candidate_000028,28,9321028,f97296a4ae21102a02f735c0cad5db03cb879c3af0737b76c2a311e4fd377dd5,02259e77e4fab790f73b0b58e1de63f63ed5c93138b2bbd5e68ef39bd446c262,916f1958b0498991bb5b4be4e5d78ccade04d88c115a9308d4120b8314efa4bf,0,0.8927001953125,0.46416109800338745,0.05163753265019088,0.053812973742619036,0.5608904408555216,2291,23879,9.422959406372764,7.725327491760254,0.0,0.45435604691680304,0.2,0.2,1,15.466694272663565,33.124015748031496,63,0.00263830143640856,0.9914150508815277,0.9942627413208258,18,9,5,3,17362,6055,207,50,22,17,15,14,True,False,False,True,False,False,True,False,True
candidate_000029,29,9321029,5775566dda19cffed31ebbf41060c3977eeb1d27c7c14ac566bd8578ebb2c567,1419b20f4bf25445d973a8b782f843e003767bc283e2fdc5afb3fe4b265300c1,14c6796ad98340156749d7ec85c5924c437e9b5923a2774f5fedc7152d210937,0,0.8943672180175781,0.4687560498714447,0.05843143369455056,0.060292816346231196,0.6542994325621999,2291,24862,9.85202968136185,9.533536911010742,0.28674698795180725,0.5857902202971028,0.2,0.16666666666666666,1,21.006814976353308,46.846456692913385,43,0.0017295470999919556,0.993041589574451,0.9966615718767597,12,10,6,3,24333,179,104,73,38,20,17,15,True,False,False,True,False,False,True,True,True
candidate_000030,30,9321030,18be0f41b930b17876391b378b81587314abc554543f5dcf582accf1b39963e4,e4d242ab684c20be9df62c63133b2e9a1c8e6cdd91fbe699ca9ee4d07225dd31,e83f2a2bd91a1561fb3538232bbeea26a17b9b875d82d11ccec987fa4de9dad2,0,0.9202308654785156,0.48575398325920105,0.06312440698777697,0.06749418153607448,0.4936708860759494,2291,16757,6.314273243125273,7.884065628051758,0.0,0.3975800542000731,0.2,0.09090909090909091,1,20.61946740232698,25.4251968503937,88,0.005251536671241869,0.9650892164468581,0.9855582741540848,23,14,11,5,13451,1933,430,358,173,67,56,47,True,False,False,True,False,False,True,False,False
candidate_000031,31,9321031,7db711e0d7e11c1609beff87b8a34bf078b4b084ed1fb1b5b41fb0a7506151b6,7e7d8b08b33353cbdf46f59995bcfb4ef84d9f59514a4c087d51f382b33e2aee,c6ed8cf859e44a2ff86a66fac0e6b61e228a91a153be0d122c909bc0d34df073,0,0.9137763977050781,0.47677525877952576,0.05258825681360892,0.05548318618227433,0.501964207769533,2291,20727,8.047140986468792,15.096986770629883,0.0,0.4050183430609708,0.4,0.25,2,14.503748543983505,20.65942185309028,46,0.002219327447290973,0.9851401553529213,0.9934867564046895,19,11,8,4,15881,3540,895,103,67,61,24,21,True,False,False,True,False,False,True,False,True
candidate_000032,32,9321032,394ea1358b64d7f39297141c2232d0c532930edc1f027ae313f0ae4d01561f4b,222c2b594bcf310954296d6f38e988911a43965512db7c6fc351092b9787fb05,2bfe7ffd8d1c15be3efad75e02067fea85a857b8ab65d93d6c34e8cf1dcfb16d,0,0.942962646484375,0.495929092168808,0.0572463768115942,0.06559040590405904,0.3103448275862069,2291,10840,3.7315582714971627,7.199878215789795,0.0,0.20904229913247313,0.4,0.16666666666666666,2,7.177681381421125,11.471348829683961,104,0.00959409594095941,0.9261070110701107,0.9645756457564576,29,16,12,6,4944,4110,576,409,213,102,55,47,True,False,False,True,False,False,True,False,False
candidate_000033,33,9321033,06b38e023d78c8090618e1704f07e898630f63c9bee865a258a8a15e55787c1d,6015abb9614ef398bdab7b47d03fca2122a190b95d73073f2e9e6c579443c0f0,54a2d9361618d5bc6bba940cc0c425acdf6592e95edc68b58d3a8867000018a7,0,0.931854248046875,0.48822760581970215,0.05463991400931566,0.05953155497722837,0.39938891313836755,2291,15370,5.708860759493671,7.375283241271973,0.0,0.3312989566112502,0.4,0.2222222222222222,2,11.74373369215102,19.50432801208068,63,0.004098893949251789,0.9785296031229668,0.9888093689004555,19,11,9,4,9664,4060,912,404,74,33,27,24,True,False,False,True,False,False,True,False,False
candidate_000034,34,9321034,f15a63fd89e3dfc9620a5f4533c21fb99f5456c05465a810e5216b1f15de6abb,1fd9b6c66efc3511b97d821b1c62d1f556bad01393d902db7f01821790075772,5ea1388895a159080c5f28ab262d7516e374d1a9fbeac90d50fb1045a3e5c630,0,0.9458465576171875,0.5077239274978638,0.07762753094369321,0.08495810821392216,0.473592317765168,2291,12771,4.574421649934527,5.778228282928467,0.008213552361396304,0.38501954322568166,0.2,0.2,1,21.05601811951413,20.944881889763778,49,0.0038368177903061623,0.9862970793203352,0.9952235533630882,11,6,5,4,11175,749,364,308,89,12,7,6,True,False,False,True,False,False,True,False,False
candidate_000035,35,9321035,21f756b58b0e994feda5add93b10b812c54f9c79ce7deeaf006474b889204116,2d0be41470a0027bf3ee7dc1beabac910334a2114716c91199aa021eb2a781cf,725683551da30e15bdb4320541b65ab47b4842937bf90c8f646879dbc149544a,0,0.91290283203125,0.4799618124961853,0.05966792669505718,0.06280533870561572,0.5443037974683544,2291,19855,7.66652116979485,6.950908184051514,0.03490759753593429,0.4833931035884174,0.2,0.125,1,18.951932338809392,37.25196850393701,107,0.0053890707630319815,0.9848400906572652,0.9893225887685722,26,12,8,1,19459,42,27,26,25,23,21,20,True,False,False,True,False,False,True,False,True
candidate_000036,36,9321036,760d40c93ffdd921e2890cd839c2ea24287daca7326ca9f9c2f4258bbf8cc66b,39d24f122efb24dcc7bd6bdeaa8940947992977024a8e6754d11176a40feaa58,258d46a86ff61ef76af161b9f34f68d6f55dc1da46edf22851513d494aa64864,0,0.9378509521484375,0.49353891611099243,0.05839100346020761,0.06368782854832188,0.4124836316019206,2291,14838,5.4766477520733305,6.635891437530518,0.007228915662650603,0.3066440903699741,0.4,0.2857142857142857,2,14.742582765479934,14.05357200601465,69,0.004650222401940962,0.985847149211484,0.9919126566922766,14,10,7,2,14416,106,77,29,27,23,22,18,True,False,False,True,False,False,True,False,False
candidate_000037,37,9321037,b3b2295a4fe2a25d9738d020d46effb943f326e1ef843d1cdc5d1dd2206fb142,a341de4596903d2b7d5baf59c67f54b58ef6c5675b06570433308f0fffe883bf,abf9d89f3ecb2508f87fe7dad614fdac3d14d4f67b8fad6ff63603fb532155c6,0,0.9109230041503906,0.4723856449127197,0.04704575744113727,0.04976971519879688,0.4622435617634221,2291,21278,8.287647315582715,8.33277702331543,0.0,0.3652998989488523,0.4,0.4,2,13.467869191408724,12.986416514414138,70,0.003289782874330294,0.9913995676285365,0.9951123225867092,12,10,5,4,13676,3953,3030,436,41,13,13,12,True,False,False,True,False,False,True,False,False
candidate_000038,38,9321038,9a54ee89dbe23b38a03fe70bf4a909ea1be2a76ec17baff45333fd20adf174ee,19ff7a2096c7e8bb1a1a11bc71ffbe1e0c4640b8e32ec97295d4e82a2dd0db87,679f2b3e1da09a495436620316bf63dda77bed77bc3efc5a0e209e76dbce1b3d,0,0.9484939575195312,0.5171417593955994,0.09339650004834188,0.10711909514304724,0.4216499345264077,2291,9018,2.936272370144042,4.256240367889404,0.0,0.3080109888993147,0.4,0.18181818181818182,2,3.474774760400244,6.596820731312695,80,0.008871146595697495,0.8853404302506099,0.9630738522954092,23,17,11,7,3735,2309,1571,369,242,227,154,78,True,False,False,True,False,False,True,False,False
candidate_000039,39,9321039,253317c2a5d56e93fffef6ac2d67e13860029d62e6ffdcf735610875bd5ec751,204fb9dedb94a3f3a37a0527363d6236c4b235c114027d3b56b3e2a00e750627,8861f0ebbd16f6d79d953e517567de12f716336ac5dd02383b398c23b2d03888,0,0.94476318359375,0.4996383786201477,0.06262364936843708,0.07049854377248586,0.3592317765168049,2291,11674,4.095591444783937,6.867267608642578,0.0,0.2478628290273425,0.8,0.36363636363636365,4,11.377852359348896,6.087133366186534,77,0.006595854034606818,0.9478327908172006,0.9788418708240535,21,16,11,6,4879,3498,1613,1075,146,103,62,51,True,False,False,True,False,False,True,False,False
candidate_000040,40,9321040,b8276f6f31e618ec5c3d7f65e45a96b0736cbeef9b7bdef78435ed50ba44d95a,55a17f0ab5f03d174ce10611afaf814861555dc7be9e2af885659c95c4ad2d6d,79346b72dad0c515f1b46bf80eb39c093a6eaf6047bd9857bd35230ca6b9a8fb,0,0.9421577453613281,0.5008442401885986,0.06808012666070076,0.07478260869565218,0.4316892186817983,2291,13225,4.772588389349629,6.276700019836426,0.02053388090349076,0.33521479237429697,0.2,0.1,1,12.970933270915635,22.181102362204726,70,0.005293005671077505,0.9513799621928166,0.9848015122873346,20,14,10,6,11803,297,277,205,191,103,84,64,True,False,False,True,False,False,True,False,False
candidate_000041,41,9321041,89eb5e1005500385a08bca1cf6d1b7b0191906cc428843f639702517a98c58c2,8d3f5957a0a31f15b92c62ac22e650144d856e968fba52fc9d812f2c6c06e78f,cbe4f08db9ffbfe0dde63c5dbbf9e4a7d6c3567c06481214f1ffef81fc6a1b0c,0,0.9119873046875,0.47757604718208313,0.05626780626780627,0.05896347436674908,0.5517241379310345,2291,21437,8.357049323439545,7.888426780700684,0.11909650924024641,0.5473073073155477,0.2,0.2,1,16.392654366421976,35.59055118110236,37,0.001725987778140598,0.9949153333022345,0.9974809908102813,10,8,5,3,18615,2542,128,43,20,13,12,10,True,False,False,True,False,False,True,False,True
candidate_000042,42,9321042,7af01db224d8c4944b4d5324b30b7d266dc8b5bbd54d4fb363f3935e920ed274,40fa03722e94a279266e5afa26f0e303b88039ecf71b049ae9efd44b0b705efe,9b9df0e146a4cc9ed4b70ee63c208f1c5087949626a8363f2c02532d93425382,0,0.9089088439941406,0.47815749049186707,0.06106644096487516,0.06333947853568607,0.6298559580969009,2291,22782,8.944129201222173,5.0760884284973145,0.08674698795180723,0.539231113187011,0.2,0.5,1,17.63709826427265,36.030249110320284,44,0.0019313493108594506,0.9965323501009569,0.9978052848740233,10,4,2,2,20838,1842,13,10,9,7,7,6,True,False,False,True,False,False,True,False,True
candidate_000043,43,9321043,550037bb17870ea419ffd583d8965c2ec61c7b0a9dc1a51c21094175203bcf86,05fd561341a410c89cbb4d3182dcf938e6a44339712f98980526774a10affe17,de999b94f9975e707ec4a2d30d6c8f563e7d05a121f927e1eba623110844cb67,0,0.9137420654296875,0.48731571435928345,0.07390704095720202,0.07631266334046091,0.701003928415539,2291,21045,8.185945002182454,5.803199291229248,0.17590361445783131,0.6263765285085172,0.2,0.14285714285714285,1,19.83402816126269,33.96085409252669,59,0.0028035162746495603,0.9780470420527441,0.9955808980755524,12,10,7,6,19675,344,316,248,157,141,58,13,True,False,False,True,False,False,True,False,True
candidate_000044,44,9321044,301e1f1a857121b79115254bbc5abb0b80912c352f8b3f634db2fae6db168254,acf4239d90a29464c09e079544b8ca0060851864d1a18f84ea8bedc82121e1b1,2a0c699240e75a969fa266dfb4bdcd960dc9f9dba638b7142a5382240ef92754,0,0.9046707153320312,0.48014315962791443,0.0699330802645482,0.0713401732604096,0.7800087298123091,2291,25049,9.93365342645133,8.16153335571289,0.4674698795180723,0.7394935874705233,0.2,0.2,1,22.206149056260728,43.120996441281136,53,0.002115852928260609,0.994810172062757,0.9972054772645614,11,8,5,1,24823,41,31,24,23,14,12,11,True,False,False,True,False,False,True,True,True
candidate_000045,45,9321045,53bc765131ef7fcb6cdb3f85b1e5c967df5aa038ef591e529d5cd3f32eaeb9e1,9037f3a2e6edf779dda619273de516f462a1d0bba883f00e8e71bf6b12eb5e3b,0c9323749edad46a48cec59ceabe2d8e50c1ad86d4dee1d7ad31ff3b2d8e4188,0,0.9224815368652344,0.48436594009399414,0.05753454231433506,0.061607813673929375,0.4652989960715845,2291,17303,6.552597119161938,9.388968467712402,0.014373716632443531,0.36444321228558024,0.6,0.5,3,10.863430066243703,10.92818058114201,107,0.006183898745882217,0.9832976940414957,0.9905796682656187,19,10,6,4,16490,247,152,125,58,36,18,14,True,False,False,True,False,False,True,False,False
candidate_000046,46,9321046,1a0925d9c6ab12bca94807c3a343f43f4818da87c505b66215912e67eb6f3076,4fbc459a8eea9fe50b1a77c8c959a077968dda8a5710a84da4c75054a2d4540a,c84971ea53eb1492abc40871b7ad2837d48d755f90959543bd6c22cb642988bf,0,0.8973388671875,0.4682105481624603,0.05445678677865077,0.056386005690698515,0.6141422959406373,2291,24953,9.891750327367962,8.849947929382324,0.022587268993839837,0.5639657052690814,0.2,0.5,1,23.085095282406098,42.93416370106762,58,0.002324369815252675,0.9930669658958843,0.9955115617360638,16,8,2,1,24718,27,18,17,17,15,15,14,True,False,False,True,False,False,True,False,True
candidate_000047,47,9321047,71f32e0a25a52ddce5c9e0fabdcf924dbf63e9d02aa55c82e4ad008257d4ec66,08b8d421ea64477256dd21913650e2f9b794ddfbcf19ea35db58ac51aa64c80f,3f376efab1fd89c54f0fa06e8caca94ff0d3a907f66334fe2d46a78c2c779ec8,0,0.913330078125,0.4774279296398163,0.05442850074220683,0.057210401891252954,0.5281536446966391,2291,21150,8.231776516804889,5.445942401885986,0.0,0.4268934508319892,0.2,0.2,1,20.39087447747049,39.78740157480315,51,0.0024113475177304964,0.9897872340425532,0.9934278959810875,17,13,5,2,20747,107,53,27,25,18,17,17,True,False,False,True,False,False,True,False,True
candidate_000048,48,9321048,bbbb32f0b4c0efca84565fe9d465b33d8cf84ce3c29a35635532a8e80491b792,496d1b17237062ec4d61066dfb99562c7629000133dc84cb7138e56941cd83f2,f8e7288a1239f5fb3bbd9800b0c115d34be6b8e9296bde8cdd86ffe2640699d7,0,0.9404640197753906,0.5047038197517395,0.07767995857068877,0.08358292122309675,0.5237887385421214,2291,14357,5.26669576604103,5.242611408233643,0.0,0.4351234896191486,0.4,0.15384615384615385,2,4.938353316693801,12.756107755366195,78,0.005432889879501288,0.8939193424810197,0.9678205753291077,35,21,13,8,8441,3201,787,405,346,322,270,123,True,False,False,True,False,False,True,False,True
candidate_000049,49,9321049,ce8c579bdb5c246cfe7072d756a09ea0972f311fa04f9d3f5e2a09120c8b411f,380048a3a1473d236b47ede45d822c7264a058a5f1196a08678d7ba8ba9a678b,b8f5fb0dc71ca8f45cb0ce6908423293b07360db1f354d90bdf5b7bbc60fe2b0,0,0.9430694580078125,0.507623016834259,0.08064296417381828,0.08721915285451197,0.516804888694893,2291,13575,4.925360104757748,7.57011604309082,0.0,0.430351436878211,0.2,0.1,1,13.712564558611586,21.151245551601424,73,0.005377532228360958,0.9681767955801105,0.9839410681399632,23,14,10,4,12476,259,243,165,75,61,45,33,True,False,False,True,False,False,True,False,True
candidate_000050,50,9321050,afff1e0382410e90d1ef008a1befa260598d575a1da3f702858bb0ba21281d63,aba5e514ad8b6a6080f449ec479fc131e2a700bf6f0e48dee80f6b60ad963ac5,10d8d331be7ee787cbbe796a7b5612a31010f98da6cd2cae137a0935722e816f,0,0.9283447265625,0.4859771430492401,0.053938457882856124,0.05876642288525014,0.39633347883020514,2291,15451,5.7442164993452645,4.498650074005127,0.13253012048192772,0.2958633161309443,0.2,0.125,1,16.69233559048454,26.364173228346456,83,0.005371820594136302,0.979224645654003,0.9897094039220763,16,14,8,4,13928,996,106,100,51,46,40,25,True,False,False,True,False,False,True,False,False
candidate_000051,51,9321051,a03ebfcd94a3498e24f16d76cbc3e7cf200b58ae3bcaef92c92b693766f51d01,c9f95403cf9cbc98523532f42f2bd94aead64b0850ee5639017b5b735686d6e6,66d26d948b3fef867341c336022d9d4f2719eb9f1497e444a4b23e352fb53b8b,0,0.9134750366210938,0.4852231740951538,0.06987336147522773,0.074126451004655,0.5491051942383238,2291,16971,6.4076822348319515,13.70073413848877,0.0,0.4988793910657853,0.2,0.14285714285714285,1,24.0190951708768,31.28937007874016,79,0.004654999705379766,0.9873313299157386,0.9930469624653822,14,10,7,2,16430,184,98,44,31,28,23,15,True,False,False,True,False,False,True,False,True
candidate_000052,52,9321052,79bfb4bdacd3e8f3623d06d5f0f7c9822bdb2487c81a63260087feac574e25e0,fdf64f60400b759a543984f8756420fd0eb91c6f9c2c778537a72436386cf037,ded10b4c986532007f9d1caf91fe114a75b12866de09c90695a5ed93af3489a5,0,0.9249801635742188,0.48716050386428833,0.060446479679450486,0.06504465660609794,0.4609340899170668,2291,16235,6.08642514185945,7.180989742279053,0.0,0.37441314367034234,0.2,0.125,1,17.83539825673844,26.944881889763778,88,0.005420388050508161,0.9727748691099476,0.9852787188173698,24,16,8,4,14223,883,545,142,93,49,32,29,True,False,False,True,False,False,True,False,False
candidate_000053,53,9321053,c6376b9bec6e35b5b71680ef602bf8ae5b79274320e5641484059efc6fa683e0,4558496d9d235239923dbfc5d4edfdfa2507f70b4b404584f674ccbd1203ef17,9830cacf80f3225c4b01b7532aa2e484b4fffafbcd655a5ad1e9da2bffcbbae2,0,0.9348602294921875,0.49686399102211,0.06838945445053511,0.07442653220651943,0.45744216499345264,2291,14081,5.146224356176342,8.724742889404297,0.0,0.3560741100827388,0.4,0.2,2,10.624400782746264,12.375244547203673,69,0.00490022015481855,0.9637099637809815,0.9806121724309353,24,19,10,4,12693,534,174,169,89,87,37,25,True,False,False,True,False,False,True,False,False
candidate_000054,54,9321054,030813658fa0025ceee8ab742e23af18b01409de1171d61bc1fb35458d7db29d,90af84553a7a8ab226f86c0b82ac89d5e7b68ee5b5c4bf8fc6057bc5d2e89b36,ff1ade9d0082fc534641b9e93d26d75dd1dc2bd0bc05512306697aa32e023711,0,0.9293098449707031,0.49361398816108704,0.06841169619322013,0.07372175980975029,0.48712352684417287,2291,15138,5.6075949367088604,8.776091575622559,0.045174537987679675,0.4115354741927412,0.6,0.42857142857142855,3,9.750020475451143,14.883875303609889,61,0.004029594398203197,0.9847403884264764,0.9906856916369402,19,11,7,2,11364,3483,30,30,30,22,21,17,True,False,False,True,False,False,True,False,True
candidate_000055,55,9321055,90b8f8e0a37b4045e0038e3a2813ddd9d339c4185ae8e91837a59029f7144d97,0c3abdb92c557f319d8d119b5b302a2b7f14bd431dab70bcf973f19944cdb3c3,9ba0e2c0abacb6989aaedf5bcdf864d99d9a4a1f7c853add5d18c3859625b86d,0,0.9304122924804688,0.4905589520931244,0.06088687107407177,0.06629647186293763,0.42732431252728065,2291,14767,5.445656918376255,7.260993480682373,0.0,0.330668201505408,0.4,0.3333333333333333,2,14.140151786396075,12.54933184045013,60,0.004063113699465023,0.9794135572560438,0.9874043475316584,22,14,6,3,9702,3922,796,43,42,40,18,18,True,False,False,True,False,False,True,False,False
candidate_000056,56,9321056,f2b0f129cedca87ab60315eb8898959902acfe9bdb028d79958cca1c36c47fed,c78a26f45a01055dee5c7db6278811e7f08aad8e067621f72f09fa4d3c3b4374,59fd0ae1c81af1e7f9529f71f1f8fc122937798473e6db1c149cb83c7c9503b0,0,0.9305915832519531,0.489970326423645,0.059618534987128484,0.06441213653603034,0.44478393714535136,2291,15820,5.905281536446966,9.015196800231934,0.0,0.34470388574796673,0.4,0.3333333333333333,2,17.72220875360803,12.568554375542915,92,0.005815423514538559,0.9792667509481668,0.9899494310998735,15,11,6,4,9253,5447,665,127,98,36,18,17,True,False,False,True,False,False,True,False,False
candidate_000057,57,9321057,4bf22ad827a4923b99639dd77129e1ab03ce087ab9b317567a66d46d10cf90a1,91ac1e79dbf6639cf538edd3777fd2e5c1f035bee346c4ceccf18e2b4007540d,5c2555eaa502bb8172a15b5c2c48e390a4d33209b98c997487b1367f9aec35f5,0,0.9137039184570312,0.4773401618003845,0.053707689297593425,0.05703599812996728,0.47926669576604103,2291,19251,7.402880838061981,9.664681434631348,0.06746987951807229,0.39251708278574116,0.2,0.2,1,21.466178218671512,36.15944881889764,106,0.005506207469741831,0.9903901096046959,0.9934548854604955,13,7,5,1,18904,79,53,30,27,12,11,9,True,False,False,True,False,False,True,False,False
candidate_000058,58,9321058,627b6a25c41f933a84b3c151120af025696b8c8c35f6d42eb3eb61d0d6cf9124,e130bde7442638580f3b6cc4f60394f6bb0e9a0fc3480ebfa635ab642a33bce2,1066892a91d7c46d09bb0459be123861c4ab3db4cc9dce6338f24ce75a158d6e,0,0.9302787780761719,0.48701220750808716,0.05403438042443586,0.05836811226032783,0.4212134439109559,2291,16533,6.216499345264077,7.501688480377197,0.0,0.31463007313512215,0.2,0.16666666666666666,1,15.312605955712232,30.578740157480315,77,0.004657351962741184,0.9854835782979495,0.990503840803242,19,11,6,1,16069,83,72,69,29,20,17,17,True,False,False,True,False,False,True,False,False
candidate_000059,59,9321059,a09e3366473a2d9c4cfbd42ae5cdf7df663bf14e35a9bd550f78cd61f58e0383,2af6cc2790168b384dcbfc1e2daa465bd08668b1f37a2c97f825a384fc1ee584,7b5553178e396c5d21b52393a066510bdb90b05ce2c014bf7db615ee33b5266e,0,0.9361190795898438,0.5016010403633118,0.07662525281710489,0.08115055079559363,0.5787865560890441,2291,16340,6.132256656481886,6.4517035484313965,0.0,0.5001667300555815,0.2,0.16666666666666666,1,15.318574360135223,28.21456692913386,40,0.0024479804161566705,0.99265605875153,0.9971848225214198,11,7,6,3,14868,1163,140,49,33,22,10,9,True,False,False,True,False,False,True,False,True
candidate_000060,60,9321060,860ea8acb3fafa5b26c2908b78ef9fa7416c79b9509e43b02679b4d1893d954f,b6075a9e2936a2fe6a876661d835b7c0ae72595a7d8a7570268e61598166d8bd,dd9bcc5933fe6e94375f82f45454131ee2daf42aee5154a315f39aa511400dd5,0,0.9053878784179688,0.4767124652862549,0.06215321281546447,0.06476732257763686,0.6062854648625055,2291,21446,8.360977738978612,9.985495567321777,0.25060240963855424,0.5396232392067507,0.2,0.09090909090909091,1,26.450432222717843,39.81299212598425,79,0.003683670614566819,0.9837731977991234,0.9907675090926047,16,14,11,3,20760,168,111,59,52,44,29,25,True,False,False,True,False,False,True,True,True
candidate_000061,61,9321061,7ac172363f622693e5d25a080fc2726fc34431bae131960634183695c4f9c1a6,2f0e65718f9872f409fa93917385c31ac57e7e6752f3effd27ed139f4aa3dad8,06328cdf656b3779709c86fa9b10bb6a0adbfd28e3f92ec43f3ef2df2dadaad7,0,0.9139938354492188,0.4775736629962921,0.05396349528260295,0.05662734212352533,0.5342645133129638,2291,21615,8.434744652989961,9.895235061645508,0.0,0.4260662856910574,0.2,0.2,1,23.300364973870916,40.446850393700785,29,0.0013416608836456165,0.9954198473282443,0.9988433957899607,7,6,5,4,21082,164,147,123,50,13,7,4,True,False,False,True,False,False,True,False,True
candidate_000062,62,9321062,2755ac455c102112d5309e2774d5d045fa10656b36a169115e3418854388b015,1f056bd41f4a4330d493ced7b429013351bc3423d30651defe1ff4b6a392e12f,ccf23785c2e2b5e42ef235ba681437ae2945b65002040485d07504cb892e38b7,0,0.9304351806640625,0.4964332580566406,0.07277111413379497,0.07815405046480743,0.5137494543867307,2291,15060,5.573548668703623,6.229665279388428,0.0,0.41079090061411266,0.6,0.375,3,11.883313549614206,6.169810916262917,80,0.005312084993359893,0.8432270916334661,0.9909030544488712,17,10,8,6,6229,3057,1850,1563,1220,952,29,23,True,False,False,True,False,False,True,False,True
candidate_000063,63,9321063,1c59fa2f51c5898238b88373dd302132f323e806d1cd206261ef9bd0de100e5f,b788dc28987c49feeaf9d119dce891c7777a9cccfea5efd49e28e39279c63750,1f94e18ec8bb01024136dabd322c1ce738e1ee2f87c7bc7b9a81ce8ac1f43eb5,0,0.954071044921875,0.5157514214515686,0.0841570177915843,0.0969000650336007,0.3902226102138804,2291,9226,3.0270624181580095,5.766171932220459,0.0,0.27283759276866726,0.6,0.42857142857142855,3,12.854086805972862,5.949088286211581,44,0.004769130717537394,0.9735530023845653,0.9869932798612616,16,13,7,4,3660,3529,1021,772,56,31,22,15,True,False,False,True,False,False,True,False,False
candidate_000064,64,9321064,d74d788afebb771d1b7f9687dffd0cc77d79275aa63928ba317aa9047ab41810,8c11f37e3c215cafe25122eb86692be803389b2701c32d3ec889062f211d9e6a,75573658210c1cd14160944663bdc59ef3271d11391c17173df49d710c234c2a,0,0.925567626953125,0.486309677362442,0.05758354755784062,0.06213783750462335,0.4399825403753819,2291,16222,6.080750763858577,5.072036266326904,0.004106776180698152,0.3644710666093965,0.2,0.125,1,17.050452650329273,28.068897637795274,78,0.004808285045000617,0.9755887066946123,0.9860066576254469,24,14,8,3,14794,598,341,93,68,47,29,25,True,False,False,True,False,False,True,False,False
candidate_000065,65,9321065,c1e3dcb68a4a3da25c83044291e16ba92bcffb53535138166ebb5bd2580063b3,736cf0ae5f31a000e2559bb2a1eea52da6e2a7f4a09356a92135186b1297af09,3ba2ce633656688100195bc5e66e64e4577de4dcd15e4a722f5a0e111880beae,0,0.9539451599121094,0.5102141499519348,0.07324078506462423,0.08225069438222382,0.4006983849847228,2291,11161,3.8716717590571803,8.650017738342285,0.014373716632443531,0.30320473722901287,0.8,0.5,4,7.588172236668506,5.263434477535171,56,0.00501747155272825,0.9379983872412866,0.990144252307141,15,11,8,7,5998,2834,1244,393,231,195,112,44,True,False,False,True,False,False,True,False,False
candidate_000066,66,9321066,6723f4ac393f71a38669279aa3451b788ecb5566aac90281c0e942c302b8c4f4,93e8a568067a4e0ff69cc35c119994a9a15e9e5b7a4011404e543a3baff8154a,fa1fb9405eed54949af03094ad838a2a89b3c266935b8daff6f42147844a131b,0,0.9382705688476562,0.5045461058616638,0.07999722953317634,0.08682904826341903,0.5041466608467918,2291,13302,4.806198166739415,6.566417217254639,0.0,0.45369978084808044,0.6,0.5,3,12.289663114616623,7.164338490679938,82,0.006164486543376936,0.9734626371974139,0.9900766801984664,16,10,6,5,5630,2973,2214,2132,130,61,17,13,True,False,False,True,False,False,True,False,True
candidate_000067,67,9321067,5b769f4094c035ac3389be1500d10c6af2206e77e1ba48bd0f35a3bfae92390d,c3e5f063a721505e6c71fffa092bf5917c59e73a399bac38bcbc91c3c515a9e3,2a374e37ca6b7d5493e0fa984b9320bd5d31e86db480570eaa6fe93556d76523,0,0.9299049377441406,0.4952317774295807,0.07097766696726963,0.07475695608447872,0.5840244434744652,2291,17898,6.81230903535574,4.404256820678711,0.0,0.4946808562806474,0.4,0.3333333333333333,2,11.917655748306679,21.08123449466077,37,0.0020672700860431335,0.9906693485305621,0.9979327299139569,8,6,6,4,10732,6746,152,101,95,20,9,6,True,False,False,True,False,False,True,False,True
candidate_000068,68,9321068,aa005e5e825d703d55cefc6980b914e7c622a4934c5166100058d77e6fec2001,89e542c9e54530b033906cffad9589e9321648727a910b6fc7dcf1185c518346,33c5ec051d4c6f8db23613c8ba18383adc8dddb93146e35dfd0a0cfa4e827ab9,0,0.888946533203125,0.45428332686424255,0.03531728126666393,0.03751797463941784,0.3758184199039721,2291,22949,9.017023134002619,12.306472778320312,0.039014373716632446,0.2827341721784539,0.4,0.25,2,15.060649717224319,21.398163196682265,80,0.0034859906749749444,0.9852716893982308,0.9892370037910149,22,18,8,3,22074,358,149,30,27,23,21,20,True,False,False,True,False,False,True,False,False
candidate_000069,69,9321069,3af11482b31defedf1fdf42a2b79bf304d7c6cfb6ca499feb6f324e5bbbf62c8,96f3e33f83e480dd7146821524e5de2df7283ce8f80e2dfeeec96807fa7bc5e8,9b2af230831dbd8a99539b9b0b5ec949b95fd37e57bc23ebbca3c30232e00080,0,0.9457206726074219,0.5137185454368591,0.0897782585181179,0.0983578804807855,0.5072020951549542,2291,11814,4.1567001309471845,8.561934471130371,0.0,0.40318827128083007,0.2,0.1111111111111111,1,15.436193475375994,17.974409448818896,42,0.0035551041137633316,0.9600474013881836,0.9831555781276452,21,11,9,4,9666,767,677,232,84,75,59,55,True,False,False,True,False,False,True,False,True
candidate_000070,70,9321070,2778bb2a220cdaa12d1d1e7b890f92ecd6b2b83f5214a8e663181b9dfffa9c6c,cadb03c18c475f38eb6207055b30004c927b99111d30e1198b079123f3e32047,f6dcd6933c4c904245f391a100a7d06a672b9df66c11678278677b32a6d78bad,0,0.940216064453125,0.5006299018859863,0.06988429752066115,0.07609243395003959,0.46137058053251856,2291,13891,5.063291139240507,5.091465473175049,0.09856262833675565,0.4062369994669343,0.4,0.2,2,12.744561486247926,11.80902709670188,60,0.004319343459794111,0.9617018213231588,0.9801310200849471,27,18,10,4,12392,425,301,241,93,92,44,27,True,False,False,True,False,False,True,False,True
candidate_000071,71,9321071,0b92f3ad9db8e087a724abdf3fccb995f7c1f22151db06309a6f6f6acc51aafe,fcc04467a20c039f61ba1c60c6186ea60879412dfefd8f70a806bdcb40707c0d,c7d090081478b0fc5236a1488bdcf0a5bd9efd39b133b1da7e1d8a68c4ef63ba,0,0.9266929626464844,0.4915972650051117,0.06738683127572016,0.07196044921875,0.5146224356176342,2291,16384,6.151462243561763,5.941354274749756,0.0,0.42023313589116307,0.2,0.14285714285714285,1,20.03487165943971,29.0,71,0.00433349609375,0.98529052734375,0.9927978515625,15,10,7,3,15267,699,127,50,42,36,28,17,True,False,False,True,False,False,True,False,True
candidate_000072,72,9321072,384750c5d621af48595f8867760276cfc7cf5b95caca143829b743737c70b426,bfa5cf243bf58d76acd892f5ceffb1abde3986099b0f21c1092a42a83a73b5eb,e1ebde2578b3c52f7c02f4395462a5d9fc8ae754bd225c73883376ded1925368,0,0.9443206787109375,0.4959378242492676,0.055713007159904536,0.06296358732299392,0.32605848974247054,2291,11864,4.178524661719773,9.27930736541748,0.0,0.2719061294992474,0.2,0.14285714285714285,1,21.777728079766366,19.72244094488189,91,0.0076702629804450435,0.9747977073499663,0.9817936614969656,24,15,7,3,10554,651,325,35,25,21,20,17,True,False,False,True,False,False,True,False,False
candidate_000073,73,9321073,0afdd2d93a5666e84ac3d6767fd675531c8f95ef7e2275398dea3671772ed3f6,9449bd4ebe53586a92dacbe4d4523474e052397695873fb15e7b3ad2f3bcd398,f4afc6b9a073124eae819748d45af3a204c3836e816d6aff5584f2bb70abef86,0,0.8963279724121094,0.4661370515823364,0.0512021726974998,0.053352199425693955,0.5595809690091663,2291,24029,9.488432998690529,10.906384468078613,0.043121149897330596,0.5035535614126813,0.2,0.07692307692307693,1,29.803593347845617,44.69094488188976,68,0.002829913854092971,0.9816055599483957,0.9884306463023846,25,18,13,2,23238,158,98,93,64,45,29,26,True,False,False,True,False,False,True,False,True
candidate_000074,74,9321074,d657e90254d599e2f0572ae5f9a5877423eb4c2e83bda7abf4017b80ebc14176,15b75a166d39ad7afa031a47b06d51d88c7947964c845e54f649b425f3d7277e,ee629734ffdad919d4f68211239ad3265586bfe188e0bdd34cf242110684d223,0,0.9232063293457031,0.47834524512290955,0.044577062791904515,0.04815562282767127,0.3749454386730685,2291,17838,6.786119598428634,10.233916282653809,0.014373716632443531,0.2652114398160193,0.4,0.2857142857142857,2,14.283409999909995,21.4652815230288,79,0.004428747617445902,0.9771274806592667,0.9866016369548155,29,13,7,5,10727,4203,1770,730,104,26,21,18,True,False,False,True,False,False,True,False,False
candidate_000075,75,9321075,a66b1b43679ea9a954a9163c1803998e369b0f2f323fd722e84f04d5944f1442,5d8fa8a7ad53086115fa1fd746b41fd926de06cb931644ef7446df56b906cfbf,490b02abeee1809569af0d0833ab8657db241c3f309da362ce40df5a047b3ed4,0,0.9020423889160156,0.4694526791572571,0.05144924487821295,0.05386953266088182,0.533828022697512,2291,22703,8.909646442601485,8.325723648071289,0.0024096385542168677,0.43498827429153303,0.6,0.3333333333333333,3,9.893289018780266,15.41495179293379,50,0.0022023521120556754,0.9812800070475267,0.9936131788750385,17,13,9,5,15202,3483,3095,498,159,68,32,21,True,False,False,True,False,False,True,False,True
candidate_000076,76,9321076,0c67a0112afd8b5fa3b244088d7003e78e2c201ef64a389e86c9fd7a497100a3,d96edcfea3714481bf0b45c3682e842db94113bc3a8ba76c39c39b94210a5c26,80446c1fad076806308a6c5aec912143f9b99c88ae5f105a3757050b38f7fff3,0,0.9450187683105469,0.5188575387001038,0.10088459720440272,0.10662289466171852,0.6521169794849411,2291,14012,5.11610650371017,7.0247015953063965,0.0,0.5641221168240357,0.4,0.2857142857142857,2,10.341998956682389,11.123981526814617,53,0.003782472166714245,0.9843705395375393,0.9919354838709677,16,9,7,4,11059,2249,261,224,42,24,21,19,True,False,False,True,False,False,True,False,True
candidate_000077,77,9321077,932905f4fe9bd96d5ef0e9da0ea3d481de0c8f29845f497efc1de5ecb25482f6,c31c1f9c3ac1ccb3b9eaefec4649ed338780dc493c51eb43a56fa1404bddea0b,dcf644e7a9902368768ea31066712e72e14c4c485a7bb81dcb4088caa1a4fc11,0,0.9366188049316406,0.501152515411377,0.07510083872206927,0.08089097303634232,0.5120034919249236,2291,14501,5.329550414666085,3.374537229537964,0.0,0.41112743990471334,0.4,0.2,2,13.67394249659531,12.667045950621675,88,0.006068546996758844,0.9662781877111923,0.9824150058616647,24,14,10,3,13218,391,308,95,94,85,32,23,True,False,False,True,False,False,True,False,True
candidate_000078,78,9321078,99678906ae7f6071c33cb4b8f4fde220018b5bbd82188451830656c2320f9f8a,6a65e3def06d41fdac1f5c30d6df3672e4151c0e3f07c5809c7be5660b7d6cec,bc9a0db802e2bcdc3e0d401fbb58c04f72c4125c5de432e91217338eaa3a4eac,0,0.9386138916015625,0.4885232448577881,0.047410549360333856,0.0532298947691835,0.30248799650807506,2291,13019,4.682671322566565,9.447463989257812,0.0,0.19929236095350045,0.6,0.42857142857142855,3,4.5912823505894504,8.232173394171777,42,0.003226054228435364,0.9798755664797604,0.9935478915431293,14,9,7,4,7394,3295,1805,263,76,64,26,12,True,False,False,True,False,False,True,False,False
candidate_000079,79,9321079,6734d700a1a47e5cdf44f173af1fb5fd8f8bdea0a8e313c1229970337561e7cf,3608de8758ee9afa276cef9d7819e56617db72dc8a5212b50c5a1d734576720f,68b98229b9c4d3c078a1ac7a9ca136385b9b98f467600e2390aeabf8ed73d081,0,0.9157943725585938,0.4829637110233307,0.0626481386810429,0.06551958782929912,0.5883893496289829,2291,20574,7.980357922304671,7.648616313934326,0.0,0.517787132908699,0.2,0.2,1,17.432722935052034,30.21174377224199,38,0.0018469913483036842,0.9881403713424711,0.9918829590745601,24,12,5,2,17568,2701,33,28,26,18,17,16,True,False,False,True,False,False,True,False,True
candidate_000080,80,9321080,dda62668b9492e44d6b81bcda7333da411c9cabab4c4347dcf8e5d1b9a38c0c3,984c7ad41eb6c221bab44a8258f5fcca5300fa4915ed9763ea105c742f6ed83f,d6668aac2aed113620ee7318d901f5fbacda5971a9ecc533a448bb2e91e69512,0,0.9248809814453125,0.4935784339904785,0.07349980958598552,0.07746115475030102,0.5896988214753383,2291,17441,6.612832824094282,3.099949598312378,0.04819277108433735,0.49477696175119695,0.6,0.2727272727272727,3,13.588240987889714,7.982411923520369,89,0.005102918410641592,0.9674903961928788,0.9846912447680752,22,19,11,5,11983,2260,1871,760,122,84,68,26,True,False,False,True,False,False,True,False,True
candidate_000081,81,9321081,00e33727c7bb516307f5c9e9fa1cbd1387d56e05db43777070716dcb9e276b5a,67d7c61992fcf028c26168a4e8926098999a65406023cdecb0920e8770070249,fdcd0821a39d55aa43ab0fefbd6ef6471d5bfcb0f182da94d346a3a7c093b6fa,0,0.9406547546386719,0.5018267035484314,0.07172217095881218,0.0815450643776824,0.3731994762112615,2291,10485,3.5766041030117854,6.132672309875488,0.0,0.26037322963208864,0.6,0.375,3,8.069117137909354,6.439735195132003,50,0.004768717215069146,0.9617548879351454,0.987029089175012,18,12,8,5,4309,3258,2057,460,182,29,27,27,True,False,False,True,False,False,True,False,False
candidate_000082,82,9321082,da1266d04ac30b1a5b95c470bb707104297844ce5585d061263cd1f8a6e71d0e,429afc81690896e1c4b45185222a191e7006bfda6389d4122b541027b0bffc85,7f91fc1918167677ba8a2c95f6d8c05b6d2fd8cbd595791f459a606eb112abe3,0,0.9142684936523438,0.47667694091796875,0.051810841983852364,0.05476178865753158,0.4901789611523352,2291,20507,7.951113051069402,6.413992404937744,0.0,0.39098073555166374,0.2,0.2,1,18.38606413086978,30.444881889763778,56,0.0027307748573657774,0.9935144097137563,0.9965377675915541,13,8,5,3,16001,3965,373,35,24,15,12,11,True,False,False,True,False,False,True,False,False
candidate_000083,83,9321083,0677278367995f49cae29d5e05764932f0af0cbf8748ec6ed5fc01f6133987e8,4815ad05f0392e492adecc77d4ca1eb744bfffa1014ed83c57917f10a50821f8,f69f9fb11a5ef33b2626a324d800128301e1c97fdf141649e8c593edd3552e2b,0,0.938720703125,0.5039584636688232,0.07828976800664664,0.08401344215074412,0.5347010039284156,2291,14581,5.364469663902226,6.5940423011779785,0.0,0.43741630591986896,0.2,0.2,1,20.2537735777865,25.77755905511811,63,0.0043206913106096975,0.9875180028804609,0.9918386941910706,17,8,5,3,13630,468,247,54,25,17,11,10,True,False,False,True,False,False,True,False,True
candidate_000084,84,9321084,dbac7172f209e71d4bddcf27a4e3328ee6d4608825a51e4b0878b73bee3014f6,6110abc4432f6e3fcf5bbbec92c8f716b611d43925f7cf949c6921a2d69de3dc,ff6328fdf2219ce2c1375df7e8ea9d62fc75c622ef2337baa395dbe13ad14ac0,0,0.9318733215332031,0.495273232460022,0.06866633614278632,0.07409884304153012,0.4836316019205587,2291,14953,5.526844172850284,6.4979119300842285,0.0,0.4330668645374875,0.4,0.2,2,16.63232856945387,11.663736094376103,69,0.004614458637062797,0.9704407142379455,0.9840165853006085,23,17,10,4,9433,4365,597,116,63,55,52,33,True,False,False,True,False,False,True,False,True
candidate_000085,85,9321085,46c84699771903b909e35235fc3cac26042da1d4857dbaecbf20d9d97e1fe774,da1461c12a6f7c88639a4976441c6b462e5e6bb646af2a88a4855044a37cef98,e155fe9c7dead721bb17dffdcd95bf616b77b7db63dfe5f00cb6575ae0923b7d,0,0.9339523315429688,0.4901045262813568,0.056009334889148193,0.06072490353596053,0.41903099083369705,2291,15809,5.900480139676997,6.108093738555908,0.0,0.30991812524770757,0.2,0.25,1,14.053165280848257,25.93503937007874,22,0.0013916123726990955,0.9951293566955531,0.9973432854703017,11,5,4,3,13710,1897,103,22,10,9,8,8,True,False,False,True,False,False,True,False,False
candidate_000086,86,9321086,b28c07250b91052b12d377fb7a4f6a388e8a183cca7a3a7d34610869e47ea1c8,0278e82e0c0787ceb0476122798227315206836864569c26c44adf8c05283649,dcd436327f470aa0ba7c98444d9e8a419bfa165c6e0d6bc840e56d998d8e6d32,0,0.9345130920410156,0.49099698662757874,0.05660725261216964,0.06181208053691275,0.40200785683107815,2291,14900,5.50371017023134,5.398588180541992,0.0,0.3356378826031854,0.4,0.2,2,11.718126741262374,12.942237453752016,47,0.0031543624161073825,0.9741610738255033,0.9887919463087248,18,14,10,4,13262,719,295,239,70,69,46,33,True,False,False,True,False,False,True,False,False
candidate_000087,87,9321087,167288c15b0e0e99e6d16a50d60260f794fbfc6fc648b84b30aff548645dbbb2,a6c5302bb833f7e395c3da433caec5204090430283e0c189c44e031a55a355c5,0d6eaf680c40480cb2275a9fc76bc7e05ac698c0630d317265dcbb31941608c1,0,0.9180374145507812,0.4880479872226715,0.07023809523809524,0.0734249416645061,0.6180707114797032,2291,19285,7.417721518987341,8.194091796875,0.0,0.5255473173736323,0.2,0.2,1,21.943102772443016,31.654804270462634,71,0.0036816178376976923,0.9900959294788696,0.9941923774954627,14,9,5,3,18379,508,152,55,43,14,11,11,True,False,False,True,False,False,True,False,True
candidate_000088,88,9321088,828fd990740ffc3538490e5767992d7998c81f44c31303f968e40c2b0358d451,2893e75c78e3c2c374c01dbd5c3973ec8dd47c1fb9a6959a062cf2d77075ccdc,b7eac0d42250667517a950162e828d03c8eff9f192284fe770afaf0f319d8aeb,0,0.900482177734375,0.4699763059616089,0.054298044741941165,0.056951501154734414,0.5381929288520296,2291,21650,8.450021824530772,6.7125630378723145,0.0,0.4514449242239509,0.2,0.16666666666666666,1,22.035253836200418,38.28740157480315,76,0.003510392609699769,0.988406466512702,0.9928406466512703,18,11,6,3,19985,1163,210,41,38,22,18,18,True,False,False,True,False,False,True,False,True
candidate_000089,89,9321089,570ffce1ef90ecf3e60aeccf938f29fef7461e6c27094f65302adb23e8bc9160,373bd486852115866102de974b9b5cf6fed79a615911dbb05b5095c1b6daeffe,055a0ae9312ce68839f5af3b0403642bfb9dbcd6172ed52416525a591fc3b95f,0,0.9305953979492188,0.49446702003479004,0.06864041391204369,0.07326052276352926,0.5211697948494107,2291,16298,6.113924050632911,6.245273590087891,0.0,0.428095621365298,0.4,0.15384615384615385,2,15.74938125967659,11.816179561184745,64,0.003926862191679961,0.9394404221376856,0.9807338323720702,20,16,13,8,8841,5055,983,432,229,170,144,130,True,False,False,True,False,False,True,False,True
candidate_000090,90,9321090,842e8f5a016c3df7bd7ff8675ccdb2aa5439ac17aa724741e9ce296b1bef559d,9819ae757f4a303c03e4fd1b7e0e4341a439a42ce3d8841f1537e7eba48cf228,7c7366e6aa5045f1ce238703bb628a88cd8f28e6bcb7adb3054003b8877f586f,0,0.9238052368164062,0.48606252670288086,0.05964162933638921,0.06342787502769776,0.4997817546922741,2291,18052,6.879528590135312,5.256119728088379,0.0,0.3927296562564469,0.2,0.14285714285714285,1,14.332237971474514,28.568897637795274,63,0.0034899180146244183,0.9776202082871704,0.9883669399512519,22,15,7,5,15048,2029,384,187,119,29,28,18,True,False,False,True,False,False,True,False,False
candidate_000091,91,9321091,5d18b6c53ae78bde84b97433d8a12f2626484691d730b89c6fca27a035f7a6f7,b5db5fd4b6f6db31484560365cb076d06d31b9885bb76d5eca52413a2344f285,03c7c1a49a324999ecdf14dfb826186239fc84648d83210bb67ee22d1526031f,0,0.9493179321289062,0.5173293352127075,0.0928840101328011,0.10128913443830571,0.5281536446966391,2291,11946,4.214316892186818,6.926360130310059,0.0,0.4370200228298044,0.4,0.18181818181818182,2,12.717969525089948,7.869717964524897,69,0.005775991963837268,0.9315251967185669,0.9820860539092583,18,13,11,6,7869,1924,933,402,367,131,56,50,True,False,False,True,False,False,True,False,True
candidate_000092,92,9321092,3138b51eeee0ae2b4b980c209012b8a28e749356744d86bbddb1ace26152f8a6,c12924fc0c4e1f83885875c67b8594d84687379129650de5a8fae5e17141fa26,f1dc7e9f7b2d034416d0f5714aebd002c010dae9b42cd1145da554e837f53673,0,0.90362548828125,0.4734584093093872,0.05757723505163778,0.06022532338077797,0.5670013094718463,2291,21569,8.41466608467918,10.680071830749512,0.18275154004106775,0.48073159601705445,0.6,0.42857142857142855,3,10.899408492919568,14.916908882428645,54,0.002503593119755204,0.989614724836571,0.993880105707265,17,12,7,3,13539,5367,2404,35,31,23,20,18,True,False,False,True,False,False,True,False,True
candidate_000093,93,9321093,c3a8d4d65a9c3fffd4247f54a3127bbc6c8b54ce1bd09a0d507bbc083bd59ee1,28f9e7830207c8ab829d3dc85163f35a6891162165224909185a3970fb8ebb25,2139e7e348f0dd1ec42b13c1a12af35218610f4499ae1f2c77db1b1855d6acb2,0,0.9196510314941406,0.48175662755966187,0.05577133751618365,0.05922478980487547,0.4888694893059799,2291,18911,7.254474028808381,9.712848663330078,0.03614457831325301,0.3996396711789948,0.4,0.25,2,15.16046385815751,17.490176960951594,75,0.003965945745862197,0.9802231505473005,0.9890011104648089,22,13,8,2,15793,2611,70,63,50,42,42,32,True,False,False,True,False,False,True,False,False
candidate_000094,94,9321094,c9b527b864d3caa2c80a1293bc9885d7ada7d2ab50f773ff048638ab8a9301d7,ca8961bf69ad3e56d89204d17fe00ba03d290b50e92ccee3d76813e7acf88cd6,6d38a2870373d56f452a9afc498b9ee637976f3f9dba39b87f80848bf0937cbf,0,0.88720703125,0.45982205867767334,0.04927432359792152,0.05094668198154804,0.6001745962461807,2291,26989,10.780445220427762,10.509805679321289,0.012320328542094456,0.5316582564621274,0.4,0.5,2,14.805430738451529,25.20830764704234,50,0.0018526066175108377,0.9959613175738263,0.9976286635295861,11,7,4,2,25043,1782,29,26,14,12,11,8,True,False,False,True,False,False,True,False,True
candidate_000095,95,9321095,8cea70c13860d180502584acb38568b5e4ef0fe163a73907854ed9a4b95bbe16,a5baf9f5d983109005a14aa82e1ecbb037545f4cab0a3cfd712bf4498dba80bb,db19be66adbfebb28207351e00776ff42a75511f5dd1ae6fb78a18d63d25065a,0,0.9187660217285156,0.47840115427970886,0.04990154420147166,0.05358931552587646,0.4203404626800524,2291,17970,6.843736359668267,8.165635108947754,0.0,0.3276809766444873,0.2,0.2,1,12.41656975684285,31.937007874015748,89,0.004952698942682248,0.9869782971619365,0.9908736783528103,18,11,5,4,16759,415,411,151,26,16,15,13,True,False,False,True,False,False,True,False,False
candidate_000096,96,9321096,b206a2354c38eaa841fb2f1258c92a49b367bf192ecca6821abf031f1244e7e8,ad013d216e5ce03162f0ba25d902468f0477ca165844b132f04ff119ac563ce9,64a2cd2bdd439d6406598279c2053528841765a091427c28a192ae26b5328850,0,0.925262451171875,0.47874346375465393,0.04313348552204734,0.04763484376036622,0.31340026189436926,2291,15073,5.579223046704496,9.040328025817871,0.0,0.2230898037199219,0.4,0.2,2,15.929734137072511,19.76773001833675,64,0.004246002786439328,0.9715385125721488,0.9865322099117627,16,15,10,3,9750,4178,635,81,64,62,53,47,True,False,False,True,False,False,True,False,False
candidate_000097,97,9321097,fa837a078ce8a3d5975366720b1a6c49bba052fb9e120ba8e2098ea54dd3a13e,492fdbeed80d1f52c45b97f73b66ac72c1cbafc9612eb9c89b930a83287b53a4,49246e72192511d62d5bae9c4f0efdf0ff0c464e0c98923049a7f9d287812f54,0,0.9227638244628906,0.48638126254081726,0.06147955113545711,0.06542902422458682,0.5045831514622435,2291,17668,6.711916193801834,4.329728603363037,0.0,0.410109019732223,0.2,0.25,1,16.86231759447272,33.26574803149607,71,0.004018564636631198,0.9916798732171157,0.9945098483133349,15,9,4,1,17434,39,28,20,18,11,11,10,True,False,False,True,False,False,True,False,True
candidate_000098,98,9321098,7b85a20536c9258bc8ab9e5f03306b09c72f5d3cf6a02928da9450be79b2c669,c5a65b1c51c3149538727223931023cf23147f9c7b71720b848fa13fa2af61fd,86983525525571ed88fd151f5a4f4f47970da0e9100a986443216c296ffd0ab4,0,0.9072036743164062,0.47015249729156494,0.04664823773324119,0.04922291600200538,0.4714098646879092,2291,21941,8.577040593627236,9.554155349731445,0.0,0.3654943384348082,0.4,0.4,2,11.738232861608617,21.050457566007534,75,0.003418258055694818,0.9921152180848639,0.9956702064627866,11,9,5,2,21553,133,48,34,32,17,15,14,True,False,False,True,False,False,True,False,False
candidate_000099,99,9321099,aa8ab33c8ecad6e0fecc38e993d72d8d66306394f1c2f72143403bc88d6d53d5,398d2deb00a0c33ad4f52eecebd593d189e45a7c58cf7eef5b50b8dea43c8a5a,e1c734b9aef0900c4d715e3ba1d4be4b02d55a698951e0d5409698a3868e776e,0,0.9241905212402344,0.4842130243778229,0.055030506041392514,0.059946569362090314,0.4015713662156264,2291,15347,5.69882147533828,7.934746265411377,0.012048192771084338,0.2937860197008367,0.4,0.4,2,17.877640143642438,17.925965375903353,84,0.005473382420016941,0.9839056493125692,0.988662279272822,23,11,5,3,8711,6065,277,47,25,18,16,14,True,False,False,True,False,False,True,False,False
candidate_000100,100,9321100,706dca4aa2fa3a4ae3738a95b1d8abf8ccc34496b7e79607afc69af5007c8409,590141bf8e0bca7ea09ed09cdda5348f9c3a88ace6903c749e1f5dddc15b7cd6,4f08aabf2cd5e79f3893139f02b6bb376996627af5471f2f56e42206d6f3e092,0,0.9295806884765625,0.49537479877471924,0.07169565924239961,0.07566485559050615,0.5774770842426887,2291,17485,6.63203841117416,9.748620986938477,0.0,0.477975805500743,0.4,0.2857142857142857,2,16.2112160437317,14.524655919049867,46,0.002630826422647984,0.9865027166142408,0.9964541035173006,11,8,7,4,15096,1758,264,131,86,52,22,14,True,False,False,True,False,False,True,False,True
candidate_000101,101,9321101,0a77b3f09ad5084b819f68cb62596364d5c6f6cff30282af3080ba716946a403,0e52e1dfba14971e0c14012add2e5d933f121d8735abf4d620d8b09f82621ef9,4c03c437f390f8fb5012f69aa8222e81e3a960115e63185de9e31fc7977140f7,0,0.9397811889648438,0.5090973973274231,0.08733688124225414,0.09489860583016477,0.5229157573112178,2291,12624,4.510257529463116,7.52069616317749,0.01642710472279261,0.4210476864612973,0.8,0.4444444444444444,4,9.018440027209433,6.137125008430109,61,0.004832065906210393,0.9142110266159695,0.9807509505703422,21,17,9,7,4336,3122,2817,1266,363,276,168,33,True,False,False,True,False,False,True,False,True
candidate_000102,102,9321102,5f9c750e86e02eb304092936b2904efa697c125f911e72fe5e59055393598a95,e4211b56dd3b60753c6ef36c9a758c03b236cff7d5b0c4c4081c631c26924ff5,783ba02c0ee6fa60673f7847766783562b3ce90dd7aac74a31728703d9d90852,0,0.9048309326171875,0.4710465371608734,0.051435653790539146,0.05375879787555594,0.5434308162374509,2291,23159,9.10868616324749,5.720504283905029,0.23642732049036777,0.4895144518956931,0.4,0.2857142857142857,2,18.79197785110949,25.58162549886744,64,0.002763504469104884,0.9912345092620579,0.9954661254803748,16,9,7,3,16938,5807,175,36,35,27,25,11,True,False,False,True,False,False,True,False,True
candidate_000103,103,9321103,628b1fa2b6d76a623c76a7921491c4f6b21948831ef45f379255b038d86ac91f,0ca7c19d0d7c28d4c958844b2d319e625438eb069e0eacaba3f98c91c591dbfd,a6544d23fe14973d3786f4b6671e05e9d58b264918e7935a1d1c70f95b136d1f,0,0.9431190490722656,0.5026062726974487,0.07042707493956486,0.07950513963431274,0.381492797904845,2291,10993,3.7983413356612834,10.746737480163574,0.0,0.2824018400647681,0.4,0.6666666666666666,2,15.029269956563436,8.545044413932244,47,0.0042754480123715095,0.9902665332484308,0.9938142454289093,13,7,3,3,8669,1887,318,12,10,10,10,9,True,False,False,True,False,False,True,False,False
candidate_000104,104,9321104,353decabaa0396d7a0a609031a76b98ec7bbacc7e98f77ee7008aaabee1aad3d,a19a2b6c37a0c4bfedaafa6fc08c75de1f898022d074d1ddbd774206500e74bf,77c052a2251fc379701f46b83c9f36b65a9cf228692e2a8679f62954282a7542,0,0.9255714416503906,0.4810501039028168,0.04743126909191891,0.05154514727184935,0.37276298559580967,2291,16568,6.231776516804889,7.326635360717773,0.0,0.25907563146672796,0.6,0.375,3,16.449946245669917,12.600409703083761,72,0.0043457267020762915,0.9792370835345244,0.9914292612264607,16,12,8,4,6259,4934,4740,291,99,45,38,20,True,False,False,True,False,False,True,False,False
candidate_000105,105,9321105,8196ae4cd23e07d60eae6dc7b8d5b56ccc672ab6c763e55b3fa808dca43a8548,8944d85d8456fb9abaf70f36d72d4b4a33169cbb956d91fb98781e907a9aec53,445220a455d6b0f593f3b900410ac183e9ed142512d21bd43ea29e4cc6df980b,0,0.9405708312988281,0.4924180507659912,0.05298103908549524,0.05912007332722273,0.33784373635966825,2291,13092,4.7145351374945434,7.371812343597412,0.0,0.22567852694377424,0.2,0.16666666666666666,1,28.712071061237598,34.417808219178085,36,0.002749770852428964,0.9856400855484265,0.992132600061106,16,9,6,2,10369,2414,77,44,32,21,18,14,True,False,False,True,False,False,True,False,False
candidate_000106,106,9321106,c79dfa9725d449c838955fdc15a623d3ba7c1d7f8e6a63114668280037b71c65,25286612619968f81f35a97a79c85288d9afbfb2df4a345314cebcdba8f41ad9,ba008efdd4d348af75cc947cbd2f180c01757e79f8700a043e2edf3002796172,0,0.9256782531738281,0.48706498742103577,0.05944548872180451,0.06427437281676723,0.441728502837189,2291,15745,5.872544740288084,8.820329666137695,0.01927710843373494,0.3414253873275888,0.6,0.42857142857142855,3,9.020796008996102,9.077799750327262,50,0.0031756113051762463,0.9535090504922198,0.9944109241028898,13,10,7,5,6279,3628,3063,2043,519,90,22,13,True,False,False,True,False,False,True,False,False
candidate_000107,107,9321107,014fca9d7c569325537e0df2d241946bc6a0989c2a7e8e50438cff27f82a6f33,6564fa5955b91252df6561c9b1880335581db9a2e5847f77242089bd1010bb80,64112ffd3286e30d6f9122c8669c5bd8565918aa981fb4384b59d8473a488b83,0,0.9273796081542969,0.4870578944683075,0.057462976315935436,0.06176225110289734,0.45220427760803145,2291,16774,6.321693583587953,4.392653942108154,0.0,0.3586982154772263,0.2,0.2,1,15.546233908587878,31.429133858267715,28,0.0016692500298080362,0.9949326338380827,0.9979730535352331,11,5,5,1,16501,92,55,41,29,9,7,6,True,False,False,True,False,False,True,False,False
candidate_000108,108,9321108,04f2516f66fa609c9f563ebf0c83d7fb868102a32df85293a0c9cdd3d360bdf4,d7d11f55ac0cc329a489f494cc71824d43fe1d953f2fbd5e210787e08f6b994a,257564195fef528b55b23f6fcec3c068ac083cb8259d8b0e10ac63f32decaee1,0,0.8822517395019531,0.45224693417549133,0.03966737438075018,0.04138058324104836,0.4893059799214317,2291,27090,10.824530772588389,11.638031005859375,0.15605749486652978,0.41101980458011356,0.2,0.25,1,18.86622305411226,51.16535433070866,50,0.0018456995201181247,0.9948320413436692,0.9968623108157992,15,8,4,2,26528,309,84,29,16,15,12,12,True,False,False,True,False,False,True,False,True
candidate_000109,109,9321109,f92600f50785c3be6576c34a454cdf78e4f93b6d22861baebbabcf93fe76be36,581c416e5036b445887af03b36a7c624c51eee037bc704363a8592fe11b3dfa3,7dc16c9ef1f86855f5cc58523ef79390de70bcc43ea77dac405adf4e3ce510a1,0,0.9385223388671875,0.4922294020652771,0.05444941080861439,0.06054672791625875,0.3509384548232213,2291,13279,4.796158882584025,7.054457187652588,0.0,0.25665973367840195,0.2,0.14285714285714285,1,12.40560907951977,18.336614173228348,46,0.003464116273815799,0.9676933504028918,0.9924693124482266,16,11,7,5,9852,1856,742,400,186,83,46,14,True,False,False,True,False,False,True,False,False
candidate_000110,110,9321110,2651774c19a4691cb133a4d021df55cbf14f02e63515a03c37dbe20b30d8e5d3,039a72b2f6495148e28168899212c44ab66d3b13bfb4cbd8d5fd77dbec3b8402,76413198fae5bcffffbea2f24dd02cd9796bc06679011536ef3b2ded7dedaeef,0,0.932586669921875,0.4922928512096405,0.06199809063851294,0.0664259927797834,0.4818856394587516,2291,16620,6.254474028808381,10.112107276916504,0.1180722891566265,0.3869859838702754,0.6,0.2727272727272727,3,16.952325402104435,9.991346595455534,102,0.006137184115523465,0.9590854392298436,0.9780986762936221,29,23,11,4,10185,5385,221,149,98,94,91,33,True,False,False,True,False,False,True,False,False
candidate_000111,111,9321111,2e7c4fef1ca8f783c4fb4ca8d1b6ed38948c035969f975e0e06d493d87a7735d,cd6f51d2f64380859271f1880482b4e33f4e35cc4e2ba20dd7cd147a678f63ad,d203ee6d2d9a132c0e35006644ee1018c6e2e2d61ee587ff2e00652ab8ab099d,0,0.9231948852539062,0.4892166554927826,0.06634205721241632,0.06982330646452783,0.5709297250109122,2291,18733,7.176778699257966,3.666134834289551,0.0,0.476324887160045,0.2,0.14285714285714285,1,18.77903900306658,34.34055118110236,81,0.004323920354454705,0.9799284684780868,0.9852666417551914,29,17,7,2,17980,231,97,49,32,27,23,18,True,False,False,True,False,False,True,False,True
candidate_000112,112,9321112,d407644c4700e6f60233b4aa9aa88790f6203152fda9fe03188213a1f17e149a,8c525a2aa9dc28876369a9f4242e6c9f02a630d50d97263cf4fdb8e483fbdc25,627631618b3e71fab87ad2ba9ede09b9e655dd1ef6c02301952b95c08ecae0d9,0,0.9408721923828125,0.49867570400238037,0.06520380529129921,0.07195953712928194,0.40986468790920993,2291,13049,4.695766041030118,7.985898017883301,0.0,0.3134808795184396,0.2,0.14285714285714285,1,14.884242491390832,20.693950177935942,70,0.005364395739137099,0.9792321250670549,0.9881216951490536,17,12,7,3,12219,268,195,96,42,35,22,17,True,False,False,True,False,False,True,False,False
candidate_000113,113,9321113,8ca13b7e20ff5d9e9183271a7c17e927f229b7fdcd2882bf40249047158d5c73,fa3508b6d51eddf5ef0ba4d3c99763c5768c9e207241467e86455a0b693a07a2,34e8160bddc88f31b640d3c3316f97f7421176c770e201b4f8f30ba3072fc2e5,0,0.9301300048828125,0.4906444847583771,0.06149456686699448,0.06666666666666667,0.44216499345264076,2291,15195,5.632474901789611,8.270414352416992,0.0,0.3701622928995586,0.4,0.18181818181818182,2,5.66795637343052,10.970108402545574,52,0.0034221783481408357,0.8794998354721948,0.9851924975320829,21,17,11,8,5386,3914,3013,1051,1025,290,167,124,True,False,False,True,False,False,True,False,False
candidate_000114,114,9321114,4997a404ca2b0080ba3400cc73f1cc0df3956061b4a3de5af718af6f7f7dc8de,c73753954090c1b81ae941c9f86ec398b4bcdf6dbd196b1d0f4c9f39fde061ba,c2b427cf8bf6f69aed8f4a46a0c327fbc8ba4703bf41441f6d3b387a5d2883b3,0,0.912994384765625,0.47683095932006836,0.053464373464373466,0.056823523267352585,0.47490178961152335,2291,19147,7.357485814054998,10.404566764831543,0.01026694045174538,0.3686457874226063,0.2,0.16666666666666666,1,19.773739294018846,35.21456692913386,90,0.004700475270277328,0.9885621768423252,0.9926881495795686,14,9,6,3,18424,318,133,53,24,23,19,13,True,False,False,True,False,False,True,False,False
candidate_000115,115,9321115,385dac14df48734f429cf3e312b78066d02b4f884a139d0a61f870fc09091446,fb786a8dbaf2b25f44d222f47b26d75c6abdd4a1aae57e7c7299d38c842a9466,c80dab9de7ac552ef0e2d504161d703c4f384a3231e836f8647abea4b2114506,0,0.92425537109375,0.4865168035030365,0.05992668543802795,0.06387315968289921,0.49236141422959406,2291,17660,6.708424268878219,10.004766464233398,0.06570841889117043,0.40073432006823473,0.6,0.42857142857142855,3,11.73062510521136,14.14642993182865,83,0.004699886749716874,0.9255945639864099,0.9932616081540204,18,10,7,5,11523,1640,1602,1581,1112,34,32,17,True,False,False,True,False,False,True,False,True
candidate_000116,116,9321116,3de1b82255da71ef0aaee2944a769582c980d6fea6acab3916a5960a2d0d9807,c822ba6103186da883bf13e9f08e2c95501ac58704c86a6aa6dffddc055b7cce,1f0fc67e6cbca61356d3f35cda8471baee1fe0959054743f763be16a40bc062e,0,0.9407501220703125,0.509199321269989,0.08651642475171888,0.09197347049269085,0.5931907463989524,2291,14776,5.449585333915321,8.42363166809082,0.024640657084188913,0.49423646245854325,0.6,0.375,3,11.350641737609637,7.885079162220947,50,0.003383865728207905,0.9765836491608013,0.9887655657823498,18,14,8,5,13479,396,396,159,102,27,27,24,True,False,False,True,False,False,True,False,True
candidate_000117,117,9321117,a036c2182e982865c808b3fa99a88dbb2372ef1eee49b6024492bff79b7fb48d,c75d334225d4dcd20aa9dfd4a2fbef13a425599949b2f4b83694ccf2a94d4568,1b0e023563567cf57d2d693e2ded144a64bad3ebc4e94e71de9a55fc39b02036,0,0.9074249267578125,0.47885051369667053,0.0641088382108251,0.06734179818022927,0.5718027062418158,2291,19453,7.491051942383239,7.982306003570557,0.0,0.49900654558057506,0.2,0.16666666666666666,1,23.454199700937853,27.169291338582678,127,0.006528556006785586,0.9787693414897445,0.9889477201459929,18,12,6,4,14337,3578,896,229,89,72,19,18,True,False,False,True,False,False,True,False,True
candidate_000118,118,9321118,42b7d541700222baeb20c53d7d449be8277021acc30d26328c35f004421775a1,9246ebdc36a63fa6ea20a4a5e39b4f4161f3dfc319d435bedd882b7176ea22dd,c20ef6d87ec1634ef379ba2ca01e2c0fa545cbbf53687bf0cc287b57fe54c401,0,0.9239425659179688,0.48794177174568176,0.0630926930877597,0.06729813483014675,0.5024006983849847,2291,17103,6.465298996071584,6.199660778045654,0.0,0.3955008250081901,0.4,0.3333333333333333,2,15.636358405365357,14.266567657690477,66,0.003858972110156113,0.9908203239197801,0.9953224580482957,14,8,6,3,12186,4521,177,62,31,20,16,10,True,False,False,True,False,False,True,False,False
candidate_000119,119,9321119,9eec78da94d04c25e49b2952842ac212eb69e68a5da88f29b0e4c93accfe6c1b,9e4fcb842275489318479dadd3433888ae10b4b914833ba5a655511e87c721f8,0df314740009706dc4056f9e40bc92836b9a0ca713462267d8f40e69922f630f,0,0.912841796875,0.4725310504436493,0.045062138317047716,0.04812319538017324,0.4146660846791794,2291,19741,7.616761239633348,10.611105918884277,0.0,0.3131694546371593,0.4,0.16666666666666666,2,20.137168169218594,27.320165030741023,56,0.0028367357276733703,0.9644901474089459,0.983384833595056,25,19,12,6,13787,4828,277,148,127,110,70,66,True,False,False,True,False,False,True,False,False
candidate_000120,120,9321120,e822243df370051743e0769a17ace4699a51331dd43dfebd209db0d1629ce665,d1353c2d810b21e37d03e33e9b8b6e7f0c491da1f7a0e5d08066fb25fb0836a7,8c8799d9b7d95e72a11bf5e81c7261e2d331c17e4766592859d736cd86162435,0,0.9390754699707031,0.4934099316596985,0.05665461249379564,0.06335738640869082,0.34875600174596244,2291,12611,4.504583151462244,7.167184352874756,0.0,0.23998702401227057,0.2,0.25,1,20.27676650393932,23.025590551181104,79,0.006264372373324875,0.9873126635476964,0.9919118230116565,11,8,4,2,12233,142,45,31,19,18,11,10,True,False,False,True,False,False,True,False,False
candidate_000121,121,9321121,b70a8a5e6639720a842db48049fd216b01e68ec2310f842058ab0f3aec58221f,b4ce6c54b104cb49f6896905fd8ddd3a75f4cb2d967927051da018b1187bc1b8,ecece8b4654f0bdf650d5872b81e4a62be2f3331e286293ec44815a7bbf5233f,0,0.922882080078125,0.4790146052837372,0.04644025157232704,0.049873021019073864,0.40288083806198166,2291,18507,7.078131820165867,12.36916732788086,0.09397590361445783,0.3007695327781979,0.8,0.5,4,11.11051720214195,10.25592671164361,94,0.005079159237045442,0.9762792456908197,0.9882747068676717,26,15,8,3,12296,5189,484,99,95,54,49,24,True,False,False,True,False,False,True,False,False
candidate_000122,122,9321122,7bf3edc9d7fdcfd2e21d6b96243b6c9c6a3cf9282b6486a394db45a1034e0370,32990ab2f2f3fadec44712adcd7446da163b8c45293abc84d64b00ba6af01e8b,1b59b7bbce8b176d17ba1659a322154b1fd5659c578902f18bfa24bbd0dbcb95,0,0.9043121337890625,0.464323490858078,0.038428137212331744,0.04092674805771365,0.3862941946748145,2291,21624,8.438673068529027,10.467737197875977,0.0,0.2727035605524259,0.2,0.125,1,23.84461527985797,39.95472440944882,76,0.003514613392526822,0.9879300776914539,0.9927395486496485,20,12,8,4,20832,312,118,101,37,24,22,21,True,False,False,True,False,False,True,False,False
candidate_000123,123,9321123,565b29b4cba2d272bd48bf5ba8254f6c91355b783a65e3b9351b81422dce8c54,ae48d480c5f58467a5c33fae9a2b0524fa9fe5928c0d244bb09e20e666336928,717b128b840d27ef22b148f65e3c97ad7687baf1a8766d9453850c151405f5e7,0,0.9433860778808594,0.5071216225624084,0.07878332707472775,0.08688809740743808,0.4578786556089044,2291,12073,4.269751200349193,5.888147354125977,0.0,0.35027494958832667,0.4,0.25,2,21.519227622180424,9.06137038697565,56,0.004638449432618239,0.9690217841464425,0.9903917833181479,15,10,8,4,5578,5166,706,249,94,87,52,25,True,False,False,True,False,False,True,False,False
candidate_000124,124,9321124,c3f5dce8564aab3f46cb82f9ca443c7aa8a0739214cefae3c96cdea0ce0b050c,d9f3b853a169843f3bf13d5a1ea5ef3cebdcc32a0ec039b523ca7a6ab6985a6e,d718e9d1507247775a50eaa5c194c3cbfc04c07e7ca369e6aff9fd793c5e95b5,0,0.8983421325683594,0.4632749557495117,0.043270197450436323,0.045492981566040924,0.46966390222610216,2291,23652,9.323876036665212,8.008343696594238,0.0,0.358712712074677,0.2,0.125,1,21.978440107260717,39.67615658362989,89,0.0037628953154067307,0.9841873837307628,0.9916286149162862,21,14,8,3,22887,171,138,82,64,43,37,32,True,False,False,True,False,False,True,False,False
candidate_000125,125,9321125,05b262b12891660b2ff3af2480d78a11b2b25471bda4f9800b3741fc65212d48,66130d740ac8170f4f6a4e352f9f84e9bb96c77de706749f396d2a6d0a383e64,66217daad9a3e6aec04600204c27459bc48addc2b0ea62eef805c42a181babae,0,0.944305419921875,0.5050222873687744,0.07390791027154664,0.08270941601338853,0.40986468790920993,2291,11353,3.95547795722392,7.278841018676758,0.0,0.323752916117957,0.6,0.3,3,9.570956637131523,7.769466945805957,35,0.0030828855809037258,0.9404562670659737,0.9821192636307584,18,18,10,6,4735,3992,1292,658,206,145,88,34,True,False,False,True,False,False,True,False,False
candidate_000126,126,9321126,32a77447dcd228d738180ff6cdaca410f22627702cedd0c6299996099badf6fc,75186812caded84f62a6fc59161c6e3b9990e46b80f7d41d0dd843fcca6d1f18,8ece4ad2213e5da7e8eea78354aebcf625a4cbe14d39cb4cedcff475473dece3,0,0.9618759155273438,0.519128680229187,0.08197502621294443,0.09492273730684327,0.3753819292885203,2291,9060,2.954604975993016,7.67936897277832,0.0,0.2757404126595914,0.4,0.3333333333333333,2,4.111921884535199,7.760691942616761,23,0.0025386313465783667,0.9655629139072848,0.9967991169977924,9,7,6,5,3849,2927,1371,601,182,84,11,6,True,False,False,True,False,False,True,False,False
candidate_000127,127,9321127,64427f66cc7b49ddd5bb0294b51558db692b7705465ca236b2c02191ed019d29,e01ef4580c3daaa6adc413c19b87cb21c1044294cb0782af0014d719f4d9e64f,32153c8442542924770fb992b69b5c877f34df19fd2c625c0f7b87436db5080e,0,0.9282188415527344,0.4992881119251251,0.08099885189437428,0.08530834340991536,0.6158882584024443,2291,16540,6.219554779572239,13.168338775634766,0.03285420944558522,0.5616311664913385,0.6,0.3333333333333333,3,15.802169119618283,14.833090677981305,48,0.002902055622732769,0.9813784764207981,0.9924425634824667,14,13,9,3,10184,5698,257,93,77,55,29,22,True,False,False,True,False,False,True,False,True
candidate_000128,128,9321128,351eab4795f53609fd8d1cfdb57e80c1daa0d571e63c76e0e16cc11288f37403,ec5fb042759d86beb088e332529294e5df4a92358b711efb4efd48b526462fc2,9c74317c5e5c15b898c35bd7cb89830eda201d5241d504d748b60efb81d1a705,0,0.9418449401855469,0.5018032789230347,0.07018540882290261,0.07734460623140754,0.43125272806634657,2291,12774,4.575731121780882,9.096260070800781,0.0,0.36410760740033715,0.8,0.25,4,6.531635234764265,5.123793989500865,77,0.006027869109127916,0.8287928604978864,0.9639110693596368,28,19,16,8,5501,2124,1945,1017,1015,437,139,135,True,False,False,True,False,False,True,False,False
candidate_000129,129,9321129,a83dbc55a6de029d8c90365c56e4b977c2e4f430d4e285270e64646c48e077b8,86c612edd3c2bdc9b3899bef6cc93c9224c12447c82eb6d300940f81134af19f,ac25526e1497cbe6a2db58b0675cfc9e32bcff22101ce9f7d24263114528150b,0,0.9282951354980469,0.494994580745697,0.07236959761549926,0.07733469231749267,0.5298996071584461,2291,15698,5.85202968136185,6.061453342437744,0.014373716632443531,0.4544347971163347,0.4,0.4,2,16.295654271049447,13.07480517065757,98,0.006242833481972226,0.9877054401834628,0.99146388074914,18,7,5,3,13698,1399,371,37,28,12,10,9,True,False,False,True,False,False,True,False,True
candidate_000130,130,9321130,01364376515746ad6d38d860127374c0bcd3f1d56f5cd07efc79dc6fb39f7087,03b1476e08aad604b0f1fc881cb8ee846369ffe63f22ab2c193c6b88559365f7,529f68ea72ea307ca7266586a410dda2d067536be4de18ae4f693683a475d63b,0,0.9331321716308594,0.49002641439437866,0.05678156726852696,0.061887092499337396,0.4076822348319511,2291,15092,5.587516368398079,6.6455535888671875,0.0,0.30128040846649534,0.6,0.42857142857142855,3,10.740887809028166,12.7618193084905,78,0.005168301086668434,0.9801219188974291,0.9911873840445269,16,10,7,4,8327,5871,425,169,61,50,42,14,True,False,False,True,False,False,True,False,False
candidate_000131,131,9321131,7867043fe833acc64adaf0d27eda8d95c0d64fe00d27455aa39b08d1691c6078,86990a15bd79ff4a1dec72c761aae31571a1563496133295dc1cac24133a2120,c3fce05f8ec380d55c34c1d09ef72233db637afc29058af9dc85b55df9af03fa,0,0.9361953735351562,0.502941906452179,0.07913489186148269,0.0845521939491084,0.552597119161938,2291,14973,5.535573985159319,6.721068859100342,0.16626506024096385,0.4884308651822352,0.6,0.2727272727272727,3,12.299237609917277,8.896716971850278,48,0.003205770386696053,0.971749148467241,0.9843050824818006,22,16,11,4,12110,2114,181,145,53,50,48,37,True,False,False,True,False,False,True,False,True
candidate_000132,132,9321132,b52a0c861714b53f7fb50c1d7304d719ffbed27b96f1629d195b5405be3bc08d,16d299b5b22a4f55e711deb2446b4e1c43dd492fb50d42bdc82df84254a6f7a0,2189c47c9750fb5d003bcd5be83934033e72287c13f55895bda5e5e4df5fb31c,0,0.9209480285644531,0.48521527647972107,0.06121059796837365,0.06503115264797507,0.5102575294631165,2291,17976,6.846355303360978,5.265775680541992,0.0,0.41224815048097146,0.4,0.2,2,17.96432718571843,20.175041437137423,96,0.0053404539385847796,0.9687917222963952,0.9840342679127726,27,14,10,4,9328,7538,359,190,99,77,68,30,True,False,False,True,False,False,True,False,True
candidate_000133,133,9321133,67e05e00973ecd2af88670fcbd281e507687b45f1fca5443a2af03da3fe991e1,4f0c8aae1625ef1e08c0877c8dc9f80f10ef85a626d673ed13cbe31c056e5d81,a5fb72ec26f1fc11c259647c5e393d73eb0e5c3dcb2089d34edeefd42a607406,0,0.9366645812988281,0.5026324391365051,0.07798971012674112,0.08347884486232371,0.5425578350065473,2291,14890,5.499345264076823,7.872579574584961,0.033734939759036145,0.46815772953711143,0.6,0.5,3,12.585907145735385,10.73560664836024,96,0.006447280053727334,0.9734049697783748,0.986635325721961,27,11,6,5,7847,5290,1210,147,115,52,17,13,True,False,False,True,False,False,True,False,True
candidate_000134,134,9321134,31e39275d3bd05215419a2d7d93c3d566474fb91261dbac1c67f9f9332ea4dc3,f735e6ff763e151755edde6b84f0fa0b033fb4b4a29de4616c527cf57458a1e8,0873f939537c460db484542d9a2190a277e208870908457df8541612fb1814f3,0,0.9301376342773438,0.4985627830028534,0.07741193560101682,0.0824629271437782,0.558271497162811,2291,15510,5.769969445656918,10.70793342590332,0.0,0.4807456392500111,0.2,0.1111111111111111,1,21.370661050953643,22.919928825622776,87,0.005609284332688588,0.9777562862669246,0.9865248226950355,21,13,9,3,13470,1410,216,69,54,33,27,22,True,False,False,True,False,False,True,False,True
candidate_000135,135,9321135,93e884f91e1387669b55fa774e69977ca10d870588890a6fdbe918f8ac637a0a,1cdf4b19c6600c6fa1053b9ef9a3cf34b0f7e7c9e5b8ab5886c8052cd89d6cc4,74decefd64adb9c34be9e9402c95e7f420652ac61fba9982ccd3ab95e173d841,0,0.9078598022460938,0.46955928206443787,0.04490218047056796,0.04745639203898529,0.45482322130074204,2291,21957,8.584024443474465,8.245339393615723,0.0,0.36130322718108865,0.4,0.2,2,12.012950584477462,22.561266314313453,49,0.0022316345584551625,0.9853349729015803,0.990025959830578,24,17,10,3,18029,3416,143,47,33,25,23,22,True,False,False,True,False,False,True,False,False
candidate_000136,136,9321136,eaba2d204663098e8483302a184544cd0f1c6b76de7dba3b542b17cd0fc11879,a2e6cc073ea13493b8ad4daea2f467e9fbbc901557fc3d960afedb57749c73aa,ec532e7e706e4502556dd1d3a3dd9f2111128c93b6431a251f8befd921f0f4ed,0,0.9214439392089844,0.4874515235424042,0.06511954170807271,0.0699309478970496,0.4862505456132693,2291,15930,5.953295504146661,6.890286445617676,0.0,0.38851720995775846,0.2,0.07142857142857142,1,14.340605438844015,24.919291338582678,78,0.004896421845574388,0.9541117388575016,0.9731952291274325,29,23,14,5,13194,1389,467,149,105,78,73,48,True,False,False,True,False,False,True,False,False
candidate_000137,137,9321137,63a07bf431d153f04cb343d9cbbe282cd34172401b2c20583a8643604b4a19e1,69accefda84ec1ba8069fd4aeca840ddc2dd2f4fbf6c509fb7eaecc0be1354fc,5926fe6e1d522ab0389ff1012991f03ec8e526e41c310127aa63ccae9635f793,0,0.9402122497558594,0.5052027106285095,0.07902820441217537,0.08598556779339157,0.49410737669140115,2291,13165,4.746398952422523,8.01072883605957,0.06981519507186858,0.4024008591949552,0.4,0.15384615384615385,2,15.125217371074298,11.83817240375754,73,0.0055450056969236616,0.9610330421572351,0.9763007975693125,28,19,13,3,12234,173,172,73,64,61,49,27,True,False,False,True,False,False,True,False,True
candidate_000138,138,9321138,ef06cc8363a5bc03bdbb5364d274cb63a6062c6674a05f1c227820d68964864d,20f85fe441f1b698445e2b917223295a95ee789c8dc5c74ece1ee665aeec5e27,23a2e505c81c23227ec48bb2e3d4aa118c06afa4f02d2be3dc7633b038c9a412,0,0.9005928039550781,0.47467875480651855,0.06359468133883539,0.06634459006983641,0.6054124836316019,2291,20906,8.125272806634657,9.665093421936035,0.0,0.5825919108996869,0.2,0.16666666666666666,1,19.371100125669873,46.9855421686747,70,0.0033483210561561275,0.9827800631397685,0.9872285468286617,26,18,6,2,19941,524,49,32,29,26,19,19,True,False,False,True,False,False,True,False,True
candidate_000139,139,9321139,44f3840b33758615cb48911a71facdb589a337848ed816cbc8ed1312c92c595e,e2cb27624714761f351e3a76d0bf00a5c7198aa721a8bd002449dbdcb322629f,5136682577cca90166061ce8c9cdc77f53154d04828ad23fdc6a4ce4523075e8,0,0.9178428649902344,0.4859464466571808,0.06633160828025478,0.06965200125404954,0.5818419903972064,2291,19138,7.353557398515932,5.061524391174316,0.29397590361445786,0.5113880529995115,0.2,0.16666666666666666,1,17.833816206461258,34.70275590551181,96,0.005016198139826523,0.9857874386038249,0.9923189465983906,17,8,6,4,18164,433,140,129,72,23,18,12,True,False,False,True,False,False,True,True,True
candidate_000140,140,9321140,190ebf2784a1f634543a401ec5a315f8e69e9f9c3f68de2ae835fe92f13fdca0,bbfb5a84feeb1e5f6850ed3e365f7d3d18e4e46f0d569686b2e37c2b7982b706,fad10fc5f10db9ff5f3337ca8d82f0ddb3194c74cc3a2d9c4284a0066c6dca48,0,0.9185867309570312,0.4822614789009094,0.058031243741237734,0.06151804670912951,0.5058926233085989,2291,18840,7.223483195111305,7.819968223571777,0.0,0.43877193830214545,0.2,0.25,1,20.82158274225377,29.352313167259787,45,0.0023885350318471337,0.9932059447983015,0.9961783439490446,13,7,4,3,17085,1431,165,31,18,17,13,8,True,False,False,True,False,False,True,False,True
candidate_000141,141,9321141,c643fb17feca0d9d7915a8fbc360155841af187c6028909f89ed08cfec5747a3,fc14d2b11611d155d130d86272c57feaad47028d8550f7f7e4123ef23afbcc0a,8317368333b5fc2aaccecd4c516532789db54baf601af076034b5bd3d841de35,0,0.926055908203125,0.4853721261024475,0.055624628358289636,0.059697163079422175,0.44914884329986904,2291,17237,6.523788738542121,8.129325866699219,0.0,0.3470948767102197,0.4,0.2857142857142857,2,8.091138212691124,14.355025950298307,60,0.0034808841445727215,0.9854383013285375,0.9910657306955967,18,12,7,2,14643,2230,57,56,31,30,20,16,True,False,False,True,False,False,True,False,False
candidate_000142,142,9321142,ef13fadb1fc5eb022720b8756bec6d86175fc69aaa66165c9e17aee137c757e3,883efcbf8f3842c0ffdad2cef99677db4eeae3a5538a4ee14a2b51a26ea778e7,e2ba137a019d01ca9fcc743fd0b36261cc3d7eed1d55f10cacc5502155f0579e,0,0.9057731628417969,0.47584980726242065,0.05994537577698248,0.0629636957166881,0.5556525534701003,2291,20218,7.824967263203841,6.0291242599487305,0.007228915662650603,0.4676947369809496,0.4,0.16666666666666666,2,13.814763388463561,16.156135287359543,85,0.004204174497972104,0.9724008309427243,0.9874369373825305,23,15,12,5,14894,3993,558,215,147,60,59,38,True,False,False,True,False,False,True,False,True
candidate_000143,143,9321143,5e56a35a3f098d82b5d53fcf42fd1e9980f6f49d82a03fa324600cb84be513b1,d6d13cb6453125f4e5f84ee6490ace768629cdd7a93ae84b8c9e1b3c07a575a6,be35223ffa88e7b442d42c769e64baa84b953451e78ab2ce456ca206d37d42dc,0,0.9395408630371094,0.5058265328407288,0.08107373428474346,0.08761107439230374,0.5207333042339589,2291,13617,4.943692710606722,9.391629219055176,0.0,0.424023343064848,0.8,0.5,4,6.138943812896665,7.384639360254367,34,0.0024968789013732834,0.9377249026951605,0.9956671807299698,11,10,8,6,5265,4246,2248,1010,531,146,88,24,True,False,False,True,False,False,True,False,True
candidate_000144,144,9321144,6c1d66426cf20f76ead5e00f4f7f0944299c01d999edda5abb71f7be7dcba7fb,9b4b81bb4b44d91f07b4e89f5dabfd8f9117534da14d7f68294759072a410bd3,aa26232e250c17b4b00aecef5a6b667227e4b442da36511846da39957c909979,0,0.9094734191894531,0.470031201839447,0.043948061382003085,0.046756508718543206,0.4225229157573112,2291,20703,8.03666521169795,8.251044273376465,0.007228915662650603,0.3092776077037095,0.4,0.3333333333333333,2,12.068804413673828,17.94709420009207,61,0.002946432884123074,0.9900497512437811,0.9945901560160363,15,10,6,2,20233,161,66,37,31,29,18,16,True,False,False,True,False,False,True,False,False
candidate_000145,145,9321145,2f2ba6dfa3ab7da5cd3d4d5afeb21d16253ff96b74cb98271f73cb499071027d,5adb39ed8dd70a2b7e84e0cc0c74f6c542a11fde6d5c20372ca92ea5b0181313,333435f0e69745516c92d563141eb3db80459aacf3971f8fc79353e593635b96,0,0.9187164306640625,0.4812668263912201,0.05589638718473074,0.05919051301881929,0.5010912265386294,2291,19395,7.465735486687036,8.986700057983398,0.0,0.42210185085156293,0.2,0.2,1,14.381127923044648,35.72047244094488,75,0.0038669760247486465,0.9893271461716937,0.9928847641144625,17,10,5,3,18681,305,170,32,22,18,15,14,True,False,False,True,False,False,True,False,True
candidate_000146,146,9321146,b4a822f6c5162b292891bdee482f5852119b00ef587f93a2aac79cfcb7d600f4,79b416f354f4568ede7114cc0236a1866ec3bbcde69e05c77d57b2e46bb5291e,0affdf2c15a6cbe591e8003a3f731311aa17a2cabb65e1468f2c4b4eb0ed1c85,0,0.9192008972167969,0.47902873158454895,0.05075528700906345,0.05426064488345804,0.4399825403753819,2291,18577,7.10868616324749,6.048205375671387,0.0,0.34148527227025216,0.4,0.3333333333333333,2,16.72393013843324,23.397637795275593,40,0.0021532001937880174,0.9837433385369004,0.9912795392151585,21,16,6,3,9216,8795,173,91,83,23,18,16,True,False,False,True,False,False,True,False,False
candidate_000147,147,9321147,5086ac79bb01313687e10a32e918f3d4af6874735a0f930c4923fabff936ee8b,476a4b4fb0716fc17be967b2d44ed06f7b074fa8fa132a4d34353eeba10673be,e1b163605d28f8e88cdaf685a1f018356c542fef23c38a90cdf7641e3dd52d01,0,0.9173622131347656,0.48267191648483276,0.060247894984571934,0.06406406406406406,0.5028371890004365,2291,17982,6.848974247053689,8.843523025512695,0.0,0.4082309223819708,0.2,0.125,1,11.852034979099203,31.25984251968504,67,0.0037259481703926147,0.9818151484818152,0.9905461016572128,20,13,8,4,16415,563,432,245,65,37,30,25,True,False,False,True,False,False,True,False,True
candidate_000148,148,9321148,d7ae24fda113e2b009bf17b3293ab1a010fb7f3ba32118f4dfc18ee279c84cc3,2c2ac91eacb39c27298ad63e6d89a5eebe9a65b025f964e0c708d966cd848bc5,f47e8fa3b192c2bc2a08df9326b6c8469b946a6524daeaed7709bd258b16eda0,0,0.8981895446777344,0.46284815669059753,0.04261690854641788,0.044641061733360146,0.4845045831514622,2291,24865,9.853339153208205,9.2595853805542,0.006160164271047228,0.39523729397761503,0.4,0.4,2,16.570229254995148,24.117524131352166,37,0.0014880353911120047,0.9934848180172934,0.9967021918359139,15,10,5,1,24569,60,37,37,29,19,16,16,True,False,False,True,False,False,True,False,False
candidate_000149,149,9321149,e300b62eedcf88fa776ebe0ef385dcb1a23685155d2cbe45d97ade2ad99c76eb,18d882323dcfe39b0790b577bfe33acb14de08e99843810b5ed651bf9f5f7931,21a2233f2b3a5b555170fcfe1c708190f62dc4119d759ccd70610f532a217b90,0,0.9302139282226562,0.4972231984138489,0.07444168734491315,0.0787542509396814,0.5761676123963335,2291,16761,6.31601920558708,6.84902286529541,0.12530120481927712,0.4865276000351344,0.6,0.375,3,15.35196769931734,9.117959033775042,66,0.00393771254698407,0.9736889207087882,0.9874709146232326,21,15,8,4,8195,4069,3793,263,98,48,46,39,True,False,False,True,False,False,True,False,True
candidate_000150,150,9321150,b20f2a77f5eb7b8ba2c627339d1203994439ebe8698e239e688de911b5bdf365,3fcfeb41e12b9d5e20d24881330fca2f812d0a7dab2bd61565f402bb478adf22,8ba614856166800ed059d67564ccaa30baf12227672e4615d88e6a718bb1e065,0,0.9141349792480469,0.47955265641212463,0.05774755793909213,0.060912167281175815,0.5264076822348319,2291,19799,7.642077695329551,10.105108261108398,0.008213552361396304,0.4307689991618696,0.4,0.2222222222222222,2,11.748927964674255,17.71080068304715,101,0.00510126774079499,0.974594676498813,0.989595434112834,20,13,9,5,14497,3709,941,149,121,92,58,26,True,False,False,True,False,False,True,False,True
candidate_000151,151,9321151,6fe5e4a8c04afd118afb980f411b5746e6ff2cbdf5aeefe675cf19767c4d1ea5,46f6a9935f1e2ff87a0fc350be1cab6fb3649b91afd6ff2a94dfd72fd957f928,b8253d4cf58c03797b649a69f8ff8277bca4b5503ea6b3ec211490cd3bdc7f69,0,0.9104194641113281,0.4721461832523346,0.047126691812735745,0.04984511405237961,0.4635530336097774,2291,21306,8.299869052815364,8.69092082977295,0.0,0.3676639581594797,0.4,0.2857142857142857,2,10.007015939017958,20.176233279574994,36,0.0016896648831315122,0.9905660377358491,0.994884070214963,16,12,7,2,20564,374,98,69,31,21,21,19,True,False,False,True,False,False,True,False,False
candidate_000152,152,9321152,2b4d53771fa08f284ecdf0748c87872caea3a60fdc9eb237037229cfb209a3f1,5d20a566a314b8c62c0c687df46d933135958ddd1138cb61a17b9503985acd94,c5dfa810745e9679838b7dbe60f1b9384215edd0b155aafd04223c4ee29fa2e8,0,0.9061698913574219,0.47534239292144775,0.05848414411422879,0.06070659198621284,0.6150152771715408,2291,23210,9.13094718463553,5.956705093383789,0.0,0.5234246249344089,0.2,0.14285714285714285,1,19.736340150712365,38.85943060498221,80,0.0034467901766479965,0.9872037914691943,0.9916846186988367,24,12,7,3,22428,339,110,36,32,30,28,14,True,False,False,True,False,False,True,False,True
candidate_000153,153,9321153,ca237a136f85680a2c61b76f9637494f3e0d5a8413ec5e6232e7b2d6fd9a1f80,06b3df605b4bee7c57d7c198e9d2648df291fc7a7a677a61fc88eb249b9aa216,cdc3e9757907da9fb1aea28be94a6d9602d2f99bc2b1e1bd05509f55003f48c8,0,0.9100341796875,0.47272050380706787,0.048759059960465624,0.05142698295033358,0.4845045831514622,2291,21584,8.421213443910956,9.707974433898926,0.0,0.38825115921686215,0.2,0.14285714285714285,1,21.511114466036958,40.531496062992126,64,0.0029651593773165306,0.9900389177168273,0.994069681245367,16,12,7,2,21125,102,78,64,29,24,20,14,True,False,False,True,False,False,True,False,False
candidate_000154,154,9321154,eed88ad915b489669fc5972d78d62f48de90923c5a6cb7618d78410edd670f5e,1f147619b511dad444a13e883d04117b074c6b755b68f561808d69cbb85f5344,2357754887afe857b7ae822ef58a6ff22ccfac50e8a306135ee56e3414caeccf,0,0.9633941650390625,0.5367785096168518,0.11557576398435021,0.13234047705533358,0.4770842426887822,2291,8259,2.6049759930161502,6.489775657653809,0.0,0.3738130128089414,0.8,0.36363636363636365,4,7.462957148684382,3.316157136716257,32,0.003874561084877104,0.8375105945029665,0.9728780724058603,19,17,11,7,2579,1838,1817,683,541,419,105,53,True,False,False,True,False,False,True,False,False
candidate_000155,155,9321155,16019e4b700cadc0742738f7f0d610f2f7e7e42edaf9aed4ae57d797c92927e2,7fcf8b4194a6f74a98860d41535e893c098038974afe108c0d90fbc3ca8baa44,2ab52c0d0dc5323cc6a9e13d996e4b3365bda518e1f95806b1099e9ce338ee80,0,0.9134368896484375,0.4798499047756195,0.05904178093240845,0.06308894507009882,0.47926669576604103,2291,17404,6.596682671322567,12.011955261230469,0.0,0.37234694481495245,0.4,0.2857142857142857,2,19.20877487827888,16.147016526105396,105,0.006033095840036773,0.9800045966444495,0.9878763502643071,23,13,7,3,11966,3815,1203,72,60,39,21,17,True,False,False,True,False,False,True,False,False
candidate_000156,156,9321156,fd8d876fbea15ca8deb89feb9ff4f1205ce43c20d692c23a7920553c9f15dbd5,46a4376f1ac2eb8dc9828d894b20f712884a12bb992ca591e3888d4cd7d93e6b,6e887d107b553da180f0251269c272f2cfe330353dbf99f28dbd607c8fe69b59,0,0.9306182861328125,0.48717501759529114,0.052609804867958354,0.05880539499036609,0.3330423395896988,2291,12975,4.663465735486687,11.304036140441895,0.007228915662650603,0.2206136072806326,0.6,0.3,3,11.382058494111712,11.150002149587491,97,0.0074759152215799615,0.9647784200385356,0.9755684007707129,27,21,10,3,8882,2139,1415,82,45,35,32,28,True,False,False,True,False,False,True,False,False
candidate_000157,157,9321157,2a71b64035cf6ecea7a5fe94a96ec4c7a3983f4a9565f3587930f140490d913a,0d2bddeb9f208f71bb42e2b3fda1c6534e663e2ff1d1861e5649496137d37fe6,2250ddf2e1fdf4e26cf05e2d1856b9e8160e6670c9f03dd0ae89da58d7cca487,0,0.9016036987304688,0.4719652235507965,0.057066377002754395,0.058941379172176143,0.6420776953295504,2291,24957,9.893496289829768,4.326654434204102,0.055441478439425054,0.574206305753255,0.2,0.3333333333333333,1,19.68129729660826,47.624015748031496,101,0.00404696077252875,0.9945506270785751,0.9959530392274712,14,5,3,1,24728,49,31,13,12,9,8,6,True,False,False,True,False,False,True,False,True
candidate_000158,158,9321158,3dabcb357ad11f87bb7d71f2e9e5ba4ef59a23f6d172e981a2a4451b60c9bccc,f3ece6440c43d468af526d35f973ca2776c3b96b95c15676476c6187ba92ef8d,77a977de794985bb423c7478ebf891ef80052fac6d26d4e8254c741222d5e579,0,0.9272079467773438,0.4934527575969696,0.0705187273022928,0.07451744086144682,0.5678742907027499,2291,17459,6.620689655172414,11.7523193359375,0.03285420944558522,0.5355299839068167,1.0,0.29411764705882354,5,7.018527135730745,5.903122773929417,67,0.0038375622887908815,0.9241079099604789,0.9674093590698207,23,19,17,9,12027,2017,1243,847,370,152,120,114,True,False,False,True,False,False,True,False,True
candidate_000159,159,9321159,32488a8068d68916fb75e8f45f7c4edcf598789a5bcab9ca26b7d371707f721b,691501f8ac42bb2d7c977c2627acebb23bac7cc821a031d3415f9e1750bca4d1,44a88b8fd79742b544e0bbde9a040ae736f2281f0ab188018de6cd52a0079b50,0,0.9331398010253906,0.4930167496204376,0.0627284518335102,0.06761995551318717,0.4644260148406809,2291,15735,5.868179834133566,8.728320121765137,0.0,0.3557295797463908,0.2,0.125,1,17.51112804197153,26.088582677165356,57,0.0036224976167778837,0.9757864632983794,0.9886876390212901,23,13,8,3,13788,1193,282,91,83,64,36,20,True,False,False,True,False,False,True,False,False
candidate_000160,160,9321160,54d75ae784c5a05df602bdabe734dfbd97c0718a34df477d6f1a30559b590fcb,2700b5a32cf7bd13421adec7a030c071ab35769f0905df7d3645a882b82e0914,86f1a95eebc38589c1947c94088fc4a5e6350b06e5c31a0c7c2139371d3d4cb7,0,0.888671875,0.45714858174324036,0.04185232998792321,0.04422053064636776,0.4386730685290266,2291,22727,8.920122217372327,13.722540855407715,0.059548254620123205,0.3624242971772222,0.2,0.16666666666666666,1,28.939856205246503,43.02755905511811,84,0.0036960443525322303,0.9919919039028469,0.9957319487833854,11,8,6,1,22393,62,46,44,40,24,11,10,True,False,False,True,False,False,True,False,False
candidate_000161,161,9321161,3dc831135ca179bccf36dfc3a0791b4f51d623a1df270ad3cc151ed230279309,fbba24ef42e2b2ff8ea25427939f36091b3a34738606f0510356842f9e65a3bd,9fa990674e9b795835648cd29a15f1ef01a2e7da3caef0d721f85c9b2fe79fb4,0,0.9140205383300781,0.4757639765739441,0.05023116933153535,0.05344332855093257,0.4552597119161938,2291,19516,7.5185508511567,5.575794696807861,0.03132530120481928,0.34564210303626425,0.2,0.25,1,19.60189026505428,32.15302491103203,89,0.0045603607296577165,0.992211518753843,0.9949784791965567,12,8,4,3,18659,559,120,26,18,12,12,12,True,False,False,True,False,False,True,False,False
candidate_000162,162,9321162,9361735ab7779931b327a9bbdfb8d8622b7321ac0d7c099df490a3e4f046c8a1,fd88f970ca5ad2466a339552a5e7d76efab8e80230a8fcd082ccebbc70a716d0,9a2c19c2639bfa871b50be12aace98d672a05dab37da94a2ec5b1bfb0ec480ea,0,0.9621200561523438,0.5195985436439514,0.08261770802487414,0.09646191079866313,0.36534264513312964,2291,8677,2.787429070274989,8.286310195922852,0.0,0.25310072601292105,0.6,0.23076923076923078,3,7.825809141683912,6.377508603787906,77,0.008874034804655987,0.8989282009911259,0.9484844992508932,29,21,13,7,5011,2016,600,173,170,103,102,55,True,False,False,True,False,False,True,False,False
candidate_000163,163,9321163,7b857003ee840796bbbc41e584f02dc3522905e1194a838789bd89f3974a40da,9030ee116f9e30276342b875f34300e4fae256e7169674a765e297d87c8374d4,d9751c67b6afcae8980c62f406a4b773fc6a994c2e729608d0eb96113a3cbb12,0,0.9104423522949219,0.4809909462928772,0.06485555768127033,0.06789165373253893,0.5918812745525971,2291,19973,7.718027062418158,6.918801784515381,0.0,0.5028045727847656,0.4,0.25,2,15.432215018832625,15.95952307562978,54,0.0027036499274019927,0.9756170830621339,0.9952435788314224,15,9,8,6,13934,4661,552,339,176,109,85,22,True,False,False,True,False,False,True,False,True
candidate_000164,164,9321164,26891418bd5a50892577716b7465958174c1949bc787a0eb90b466a8b95cd46a,a550d5aca1ee181b256a7695cafc6e91712c57643104820d3e18fb1ec8c85755,6eaaa22cd3500535f6303595c5e41d058d33f77bc0c33016d36bc8ca25e22dc8,0,0.9138221740722656,0.4792480766773224,0.05742574257425743,0.06101969247369841,0.4936708860759494,2291,18535,7.090353557398516,6.439704418182373,0.21149897330595482,0.4059353933151571,0.2,0.5,1,18.115354367979908,35.031496062992126,65,0.003506878877798759,0.9919072025896952,0.9944429457782573,15,7,2,1,18331,23,16,15,13,13,12,9,True,False,False,True,False,False,True,False,True
candidate_000165,165,9321165,44c0fd4a71a43f39d484e1bd66a4655e345cfa6666052a23821aaf535d55c981,8076033cb2e12b49e47da0b19bdd0fc9cd9f25c0b41ce5fc1083bb74723c9dbf,aa621d014915a9053ffe8f94f4576505261378e2d77fc20d81bb36df123cfe49,0,0.9415740966796875,0.49681445956230164,0.060626102292768956,0.06794597265689342,0.36010475774770845,2291,12142,4.299869052815365,5.0204596519470215,0.0,0.2884391291534415,0.6,0.2,3,11.501934029468266,7.294144402122309,79,0.006506341624114643,0.9093230110360732,0.9704332070499094,27,20,15,8,3581,3465,3408,587,247,186,159,150,True,False,False,True,False,False,True,False,False
candidate_000166,166,9321166,eb07730aa4771297e7f126b35c27096cd5e8a1e433da9b213abf96504a9e3cc0,8ed4bc4ef5042089f75d2a6abf98b973313ca9a2b89c01d243567da079a518b7,59d41b11050dd3dd837163b7a679372476a00e95069c1e88522e2c4bd9e58a2c,0,0.9110260009765625,0.47588616609573364,0.05395905571652496,0.05709116494120012,0.49585333915320823,2291,19898,7.685290266259275,7.405170917510986,0.004106776180698152,0.3885020396072696,0.4,0.2857142857142857,2,18.856341369991164,23.581099665623988,50,0.00251281535832747,0.9906020705598553,0.9967835963413408,12,7,7,3,12148,7392,112,59,53,40,22,8,True,False,False,True,False,False,True,False,False
candidate_000167,167,9321167,c8b11ed756e08aa9afd2cea1bcdd5c8c0c16c477b8f95c1b3e948aa3f71dc0b8,1e3a707e98f22d5ab05960f093169ca08e63b2876d173ed01e2b5e1eed1fc6f2,4f0d1c40be631723741e10aef5ff75d6849386ecade2f2cc26de167bcbd52ce4,0,0.941864013671875,0.5013515949249268,0.06943053608385072,0.07575757575757576,0.4539502400698385,2291,13728,4.992143168921868,5.305933475494385,0.0,0.3580715814645235,0.4,0.3333333333333333,2,12.764802100953048,11.052663409543687,39,0.002840909090909091,0.9780011655011654,0.9918414918414918,16,13,6,5,10926,1100,1093,307,128,28,17,17,True,False,False,True,False,False,True,False,False
candidate_000168,168,9321168,3d36ea1a2be8be0d085e313373feb92d943a4ec086f9346c6245c5d022fca568,778f678054dd91dfb5e60dd2a77c0d8b518c6beb5d746c819562deaf754a7dcf,bfd8a491450d21e5609f1bd7062b8620af4bd4650c42e637ea23dbc8c9600152,0,0.9052162170410156,0.4740009009838104,0.05695615514333895,0.05930640913081651,0.5896988214753383,2291,22780,8.94325621999127,5.828639984130859,0.1108433734939759,0.5182780285795398,0.2,0.3333333333333333,1,18.718125673666126,43.389763779527556,52,0.0022827041264266903,0.9943371378402107,0.9963564530289728,15,6,3,1,22577,35,20,19,19,13,7,7,True,False,False,True,False,False,True,False,True
candidate_000169,169,9321169,1cdbc3e8b872be5135635c91ad190eef3e3ad165babfef1446a9a05f2c13f61f,314f4050e815b09d71209b8d69754959b8eaa61740c0b1465dca02cbae903dc2,33f18a3cbfdaa4335a47fc3d0970838b0a5f338eaf0adfc0f827b3d8cdbd8e18,0,0.9341468811035156,0.4972834587097168,0.07002668247850578,0.07496033005395113,0.5154954168485377,2291,15755,5.876909646442601,6.62041711807251,0.0024096385542168677,0.41200099363706255,0.4,0.14285714285714285,2,9.085873090559385,13.255913596016104,61,0.0038717867343700412,0.9468105363376705,0.97429387496033,33,22,14,6,13519,1019,198,181,156,136,76,65,True,False,False,True,False,False,True,False,True
candidate_000170,170,9321170,25d9a3573fab23daf5a87eccf5791c71897c1e595a1530a303a2f3a8959bbe9f,cd33c1fe8d37f216e77fa6b5aab639933b5473abdb9a2d2e3b715406d2d79b66,f804a97a3ad5e4245671d05bc0bc7c22953062031a7018ba70bb6d25c89a7ad5,0,0.9358100891113281,0.49873101711273193,0.07117158369856741,0.07725078102811701,0.47490178961152335,2291,14084,5.147533828022698,8.28737735748291,0.004106776180698152,0.3691418732612614,0.6,0.42857142857142855,3,6.030946349618467,7.756013375040449,74,0.0052541891508094294,0.9685458676512354,0.9899886395910252,18,9,7,5,5770,3789,3252,830,233,33,24,12,True,False,False,True,False,False,True,False,False
candidate_000171,171,9321171,8978792809f7d532e0758c15383f73efcd89121e2699996101ce142b03ec9668,a72fe382911d07d9e7073290821f5aa4772a18c683c3284cb7abd03cc66ad5d2,cd2d10834373dbfa34c936f6a6aa020797c8d534818ca16412b8fe666d340aab,0,0.9427871704101562,0.5154410600662231,0.09622496685506943,0.10276473656755347,0.6019205587079878,2291,13419,4.857267568747272,4.272665500640869,0.13975903614457832,0.569481276831937,0.6,0.25,3,10.26500533210942,7.14748259388174,73,0.00544004769356882,0.9458230866681571,0.9786124152321335,23,15,12,7,6870,5390,303,129,129,129,124,58,True,False,False,True,False,False,True,False,True
candidate_000172,172,9321172,76686048d79ff775cc2ae6626ed93caa07365377cb7d468c7d96fc05b5e2396f,d5d49d3d9e75ed53cfcaa69fcfde5371cedf4b041eea8926002f130ff91bdcd7,2c1033f6a92aaf56e0a32e007bc193962707721449d82dd0d7025a8fe611418e,0,0.9242134094238281,0.49073413014411926,0.06857979196069207,0.07227853680035258,0.5726756874727194,2291,18152,6.923177651680489,6.871490001678467,0.016867469879518072,0.4671883970913628,0.2,0.125,1,16.38473393172988,27.81138790035587,81,0.004462318201851036,0.9660643455266638,0.9880453944468929,24,15,8,6,16219,642,341,334,165,163,38,33,True,False,False,True,False,False,True,False,True
candidate_000173,173,9321173,ec317797fa455db0c3d90b198cb0cf39f9c40687641ae4c54b265494265e0979,8e95d00496a4548583d0c6efecd1125564f0d2d21d321c8fa710ba26b820fc86,2d6a8e10275681c9ba52ed3a757cb085f8f0159cc1949c62dc1be85b893a346a,0,0.9215545654296875,0.47654134035110474,0.04303267085668988,0.047117172969621826,0.33173286774334354,2291,16130,6.040593627237015,10.033711433410645,0.0,0.22774347550188376,0.8,0.5714285714285714,4,11.057946923288908,11.693978311515451,73,0.004525728456292622,0.9841289522628642,0.9902665840049597,18,13,7,4,11933,3274,419,248,30,30,21,18,True,False,False,True,False,False,True,False,False
candidate_000174,174,9321174,51242895e64dd827d8a6b7ee755004b47ec10d01b7f13fc3a2e578fb0ed2cbff,02c7339ca4d6f090b90368cffcb97742a66ea208d5ca69dcf3cd623505fa37c5,70c91174706dd17a6a10372e84099f78864182c915c75d64a6c2e84bd928462e,0,0.9350814819335938,0.49414101243019104,0.0627299484915379,0.0680186170212766,0.44652989960715844,2291,15040,5.564818856394588,4.705894470214844,0.03614457831325301,0.3591249876773007,0.2,0.16666666666666666,1,14.766409450842866,27.005905511811022,59,0.0039228723404255315,0.9847074468085106,0.9908244680851064,20,9,6,3,14254,407,107,42,35,31,13,13,True,False,False,True,False,False,True,False,False
candidate_000175,175,9321175,05703edd3385aab37741709dff8fcac1324223d4c551ff7ec7b73b7089d7ed72,6e63a96cc44fb53d3f43ee826be612f96f750f56d9733bd2f3a66f32680a9224,0c3d3d4cb3bbc49d3e7c5bcf68a5437b7c71cb5ec5392f9377bf3c8a9d697953,0,0.9564018249511719,0.5172443985939026,0.08452183043135883,0.09560570071258907,0.4216499345264077,2291,10104,3.4103011785246617,3.6711807250976562,0.0,0.31932136367778857,0.4,0.3333333333333333,2,14.38449845288492,7.786118489706859,46,0.004552652414885194,0.9739707046714172,0.9901029295328583,15,11,6,4,8136,1432,162,111,95,36,18,14,True,False,False,True,False,False,True,False,False
candidate_000176,176,9321176,afbbd032122cf0d89bd062258c248b1be2abaedceb09a5fc98a4ee617a87ac9e,6bfa27fa93ed266723e7d7706a0b178708bb5a634e17a1826cdf4327037fd7db,625fa45f09a7dd7e25bc3950f079b39276ac1cdc28b6e064272fb1044382be95,0,0.8954391479492188,0.4618626832962036,0.04351917195953893,0.04563206577595067,0.4845045831514622,2291,24325,9.617634220864252,3.3081328868865967,0.012048192771084338,0.40206412739750047,0.2,0.125,1,16.678722342950163,40.281138790035584,33,0.001356628982528263,0.9880369989722507,0.9939568345323742,18,13,8,4,23227,340,273,194,50,39,35,20,True,False,False,True,False,False,True,False,True
candidate_000177,177,9321177,9a3174e5228ccf1c864e17042bb9ad0432a9c205411ba1a5c722754cb663bbeb,148d03d7b26a68f4871b5bd28f0291d32d08dbe5453cc0dfc276ab0b96ee19f2,0284b6a3934b176cf6e09c400d515e80ca5bef0dca8e11bca5be83c7e1a42991,0,0.89373779296875,0.46048566699028015,0.042977151901302704,0.045239010636934515,0.4622435617634221,2291,23409,9.217808817110432,6.878627777099609,0.033734939759036145,0.366838964308308,0.2,0.5,1,20.42817464086628,44.718503937007874,85,0.0036310820624546117,0.9956854201375539,0.99679610406254,9,4,2,1,23252,23,18,15,9,7,5,5,True,False,False,True,False,False,True,False,False
candidate_000178,178,9321178,f14d8a11f762a777ac616af5da77fc4e9762bae4dcdeffac85312ea09228d3ff,cf988d0a387d7e80d2a76291dbf7c4d0231a65f60e02422c990e32aa908cc223,0ae6d4dbc86cbc43b4708a8ddbd2976c362798156797a95fff412645aba8485a,0,0.9302253723144531,0.4901130199432373,0.060323054331864905,0.06516084004822029,0.4482758620689655,2291,15761,5.879528590135312,4.481056213378906,0.0,0.34927610117646263,0.2,0.09090909090909091,1,14.715578641605347,23.834645669291337,58,0.0036799695450796268,0.9602817080134509,0.9874373453461075,18,14,11,6,12643,1189,1135,168,147,136,76,69,True,False,False,True,False,False,True,False,False
candidate_000179,179,9321179,171f545c58aa3fefb941cea31de1435c426bae20dcd5a83a60b833cbbb03a45b,e7fb4856db5ef0b2b32ca2e2d3ba48baf948346225eb056374d217a9bb51d685,fcb31eb8b18c6abc6ce788f73268b2c50084847cc6ad5cddbf9e9497a6410399,0,0.9300689697265625,0.4878588020801544,0.0559652432401532,0.060503059143439834,0.42732431252728065,2291,16181,6.062854648625055,6.248566627502441,0.0,0.3418668076935682,0.4,0.25,2,19.105035098053463,13.233327262028189,64,0.003955256164637538,0.9838081700760151,0.9946851245287683,12,8,8,3,10737,4781,320,81,66,56,28,26,True,False,False,True,False,False,True,False,False
candidate_000180,180,9321180,46e7e7e6186b2e313aaa151bca128e83f5112c3e8b42f11fbf90a1e863433883,80273564d63fb57a6b3a2f281de8ae0cf2c3a5cf4e45bb0766def3b865d35ddb,43a202895be01ad9f890e478ee45094b11684098a4a525706d91e4b09cb49017,0,0.9228057861328125,0.4884381890296936,0.06559134296360573,0.06914178100618779,0.5608904408555216,2291,18585,7.112178088171104,5.197378158569336,0.0,0.47337584626953966,0.4,0.2857142857142857,2,11.183899056909496,15.822905382463743,47,0.0025289211729889694,0.9896690879741727,0.9953726123217649,14,9,7,3,16440,1234,651,68,40,32,22,12,True,False,False,True,False,False,True,False,True
candidate_000181,181,9321181,0c0b21aa1b5bfd66a599079d810424a14d4d40fd4f6d1e8dbb6efb631f4c0a94,14bdeed886bab9da7c05cf988a24f3b608deb5ef1f78f004306cb4e0e2839bdf,68b6741be918926be42f24dea762202393096c8df12ecf567a25b7185673b842,0,0.9021186828613281,0.47273391485214233,0.05799110966110681,0.06012176560121765,0.6206896551724138,2291,23652,9.323876036665212,8.294059753417969,0.03132530120481928,0.5612271504518148,0.2,0.2,1,17.343324347250135,41.625984251968504,54,0.00228310502283105,0.9920091324200914,0.9950109927278877,16,10,5,4,21681,1517,133,132,25,17,16,13,True,False,False,True,False,False,True,False,True
candidate_000182,182,9321182,a6664c62c09f75289dbf6122f8b832f9985207349b511ab00abe40468ae4a164,8b99ef5a6315d0f922d8ea5092f9fc03a7c56d1e6f831fd273c366c41953980d,ceeb78eb14060ee5a21558c065c099154d8e4ca271e85264a6460a4e57fc35e8,0,0.9471015930175781,0.5089685320854187,0.07868454843772293,0.08597038191738114,0.48144914884329987,2291,12830,4.60017459624618,4.234246730804443,0.004819277108433735,0.39613860530685907,0.2,0.1,1,17.474871514054804,19.543307086614174,42,0.0032735775526110678,0.9585346843335931,0.9844115354637568,22,15,10,6,10463,1457,255,123,102,101,84,45,True,False,False,True,False,False,True,False,False
candidate_000183,183,9321183,198df3838f326b7d08c0f4ca80b7ae96a89507e30a3a278cc922e4acd1da09dc,c7ff633528be12260e2757c04d28adc259f812d134753f56b433da423b0595cf,d98b49feb73e664252e1f20b9619947db986e8b65b9da298a038501defa790c5,0,0.9337234497070312,0.4989757835865021,0.07357301704966641,0.07893690349946977,0.5198603230030554,2291,15088,5.585770405936272,10.3306303024292,0.0,0.4499307286155465,0.4,0.3333333333333333,2,8.99535184762598,13.93106915852386,65,0.004308059384941675,0.989329268292683,0.9937698833510075,16,8,6,2,13187,1642,73,25,24,21,11,11,True,False,False,True,False,False,True,False,True
candidate_000184,184,9321184,fde11d4e0e62a8bc68012acd1c71cd55be6311452942471451f58d56f6aaae97,236f213409f058b91b68dc29944a816cdc6b68a352571f26c681cf59a2ce8299,a92b83a460cc05132447f5b35db1c309d95f2fd538e88cb646e71666362dccfe,0,0.9296531677246094,0.4876987934112549,0.05611734637181909,0.06041753903212299,0.44085552160628544,2291,16717,6.296813618507202,6.5114030838012695,0.0,0.3785231567753091,0.2,0.1111111111111111,1,20.275220314666527,29.27755905511811,50,0.0029909672788179698,0.965544056948017,0.988514685649339,21,13,9,6,15408,356,189,188,157,111,61,55,True,False,False,True,False,False,True,False,False
candidate_000185,185,9321185,6f62420ac5b1ae1a0305b5034c6f1605291edd880a58bf8fdbc0a6de80fdf57b,02d69ed9cde239a370db79c4ad9febf17f82af18a765ea28f6a2753c3282f4e3,9ea641a24a4a1c2c9c686de47e5bc59c9125ed7c40bc7f4f1381f3296db40839,0,0.9136848449707031,0.4701566994190216,0.0393028193354071,0.04243522763620855,0.34744652989960717,2291,18758,7.18769096464426,5.24580192565918,0.0,0.24169650448668223,0.4,0.2857142857142857,2,18.95032004240012,25.524552367597888,92,0.004904574048406014,0.9754238191704873,0.9885915342787077,26,13,7,4,12117,5909,162,109,99,98,32,18,True,False,False,True,False,False,True,False,False
candidate_000186,186,9321186,2294046f700e70008ee0b9331f6dd26b88706894c90de9e0744270f37e0e086e,859adb7e1955ba0f60819cc91bcc2aae893d4eaef64ef4983b6a3918bf6e9a4c,2d92de3322d27c7f7985845b55c83af539fa32a65d56e6ebcf79a4dbcb1ef3eb,0,0.92913818359375,0.4856688380241394,0.052643521670070345,0.057055026129726405,0.4050632911392405,2291,16265,6.099519860323003,10.185755729675293,0.0,0.3165761651993347,0.4,0.25,2,4.734240380223133,12.349881350447632,56,0.003442975714724869,0.9771288041807562,0.9865969873962496,26,16,8,4,6340,4830,4172,551,67,31,28,28,True,False,False,True,False,False,True,False,False
candidate_000187,187,9321187,b791ba172c373999e29b75c07794e26141398adbeaf3b5784215820ecb9642d9,7e85512edeba81b6fa6b780e2bad3d5f7a2953c7b18d3ac5d0e4c2b3a2b7c820,2ac1c28fb0dd777c0eccb4eb5b6aad7e9222eb9cae080da97720e6ba9aa3e054,0,0.9480094909667969,0.5039327144622803,0.06750294002352018,0.07602649006622517,0.3758184199039721,2291,11325,3.9432562199912704,5.3639020919799805,0.0,0.3328101812650882,0.4,0.25,2,11.502329247898356,7.437275875154159,84,0.007417218543046358,0.9263576158940398,0.9829580573951435,21,12,8,5,6970,1355,1331,835,530,45,43,23,True,False,False,True,False,False,True,False,False
candidate_000188,188,9321188,41828b172a09443dd3b633bc1c7797df8a2f741276dec999ee9db33ba9334bef,9d1258f371352951759c2c3ca6b937a14de505434b99632f42f53c363c4f9944,f32d2fea476590c7933a3a404e0ef929854c111235a00b362810edf11cc7a303,0,0.9350624084472656,0.4973534345626831,0.06921052631578947,0.07535276842633049,0.4591881274552597,2291,13961,5.09384548232213,7.542785167694092,0.0,0.37206380899647706,0.4,0.16666666666666666,2,14.673574510397366,11.271134917097196,136,0.009741422534202421,0.9481412506267459,0.9664064178783754,38,24,12,3,12795,182,169,91,86,67,55,47,True,False,False,True,False,False,True,False,False
candidate_000189,189,9321189,744f8d998d5c7150436ebd0967879a6e692b6f6bd893227b04353143430e2f79,18af1f9037fa8983f4912e994522229994fcf4d6f237e1b9414f3fb25f41769a,55798c089018eaecf3cf4d8e2d815f41522a70b97c507740afbf99aa9abcd900,0,0.9319801330566406,0.4822356402873993,0.042428910713139485,0.047386909455874975,0.2885202968136185,2291,13949,5.0886075949367084,8.130370140075684,0.0,0.1712459392900575,0.4,0.2222222222222222,2,9.801948698636881,21.211341588261103,79,0.005663488422109112,0.9687432790881066,0.9842999498171912,23,15,9,4,12434,514,406,159,84,64,35,34,True,False,False,True,False,False,False,False,False
candidate_000190,190,9321190,77a95c2671afcbafaaf94cfd2897cb544f3d77e0b7f9a8f13f83e7e3705e4f52,4e477c5183864c127069dce4e85b7eafb79e277d166645858deeef50224dda29,52d08b7019cd5c45270148a1181bdbd0d3ccdd71f3a76f9b0d4aac574e4f6fd7,0,0.9542503356933594,0.5224876403808594,0.09753947262963854,0.10672630009646585,0.5312090790048014,2291,11403,3.977302487996508,5.631258964538574,0.1293634496919918,0.4548503504559204,0.8,0.5,4,5.785228624198546,5.941076332878943,52,0.00456020345523108,0.9789529071297027,0.9903534157677804,17,9,8,4,5852,3087,1861,363,61,25,23,21,True,False,False,True,False,False,True,False,True
candidate_000191,191,9321191,50524dbe61a2b6b5f435e8d27a393449c939441b5a5a2c82ee8b4a344b39501c,2b833ba3a8d12d3942c6efed4c9d3fc677bab11f7712a1f0c6ee35fea9567bf4,e8d20623d328b0d4b768373b69e6376328d78c22a294326026ef5a7d01c4a041,0,0.9483871459960938,0.5057727694511414,0.07062395142606055,0.07956795679567957,0.3858577040593627,2291,11110,3.84941073766914,6.636068820953369,0.0,0.2844967352090004,0.4,0.16666666666666666,2,7.680044304699587,12.221915111638442,75,0.0067506750675067504,0.9487848784878488,0.9738073807380738,21,16,12,4,5868,4368,200,105,99,77,62,40,True,False,False,True,False,False,True,False,False
candidate_000192,192,9321192,37b44ed1522ae24aeb72de3dfa24356d493b7a06b80b96768324d3e61b999651,bbbfbf86c09567bb1b76398d10355108772b4a2b511bec48492be117d93db64d,8323a703b1e358487585666a11a4d01b7442503635f6964464a2e79dbab8f800,0,0.91693115234375,0.47842511534690857,0.052228924525525966,0.05557004956952778,0.46486250545613267,2291,19165,7.365342645133129,6.274480819702148,0.0024096385542168677,0.3705451492923199,0.4,0.4,2,16.705335431402908,17.52224409448819,51,0.0026611009653013306,0.9931124445603966,0.995982259326898,14,6,5,4,18236,332,266,199,26,11,9,9,True,False,False,True,False,False,True,False,False
candidate_000193,193,9321193,46ff7eca60441fd04973da1ce0910a11d6bb7becad2b7e7297bd378f52663198,a11ebb4aafeb0ed89f1ca674759b528c3b2775d24474f67e42f9ec10ac7d8128,476979870679aa3745467d5b69d725af70cb1813942d62025f2e4257a9d3b029,0,0.9161033630371094,0.4821191430091858,0.0599080832657475,0.0640018484288355,0.4836316019205587,2291,17312,6.556525534701004,7.545210361480713,0.0,0.3937894079714781,0.4,0.16666666666666666,2,15.28480794703027,14.114329759984821,92,0.005314232902033271,0.96875,0.9836529574861368,23,15,12,4,14481,1963,202,125,93,70,61,34,True,False,False,True,False,False,True,False,False
candidate_000194,194,9321194,8cb8411d6eb7f0ce86cdd75d73e2d25933fb790dbab265a81c660fe52aa24be0,654b8e59a88194d4195f2aea4e3ed371e55247e26185301b71e3bc9ed83e916c,6347647589179a100375605372d2f2ffd9ec802346efaededc5ee50fd7d21a6a,0,0.9102859497070312,0.47122469544410706,0.045348560551986675,0.048432179702190374,0.4159755565255347,2291,19677,7.588825840244435,12.680593490600586,0.04106776180698152,0.32226376024505277,0.6,0.5,3,11.353304177145082,12.080187853526938,68,0.0034558113533567107,0.9881079432840372,0.993494943334858,16,10,6,3,18436,530,381,96,43,34,19,10,True,False,False,True,False,False,True,False,False
candidate_000195,195,9321195,769ced82d47dc6f24ae89804790f3ed0aab792f6dc793bd01c7184d5696956f9,1e8ce09379a75034f40edd40f9d39e6445658c7a7f238c6c5fcd1ed283e344a9,9ee36a19b56a311ee2a002122b3a0575e4c470e74219536ecfe7a7468f4e924b,0,0.94720458984375,0.5024817585945129,0.06550218340611354,0.07359903589567014,0.3731994762112615,2291,11617,4.070711479703187,8.960126876831055,0.0,0.30134265394578547,0.6,0.3,3,14.256268895215749,8.912551814419798,61,0.0052509253679951795,0.9648790565550487,0.9847637083584402,18,13,10,4,5131,3995,1916,167,81,65,53,32,True,False,False,True,False,False,True,False,False
candidate_000196,196,9321196,18b092ed4a6e6406b198bfcae76cb49c8a48895386994ba2aef1b4d7cc55baf2,a0c23c0be78030bbff44b8f6340402775a00555648847a3c91b56c6ee8a4459f,b3417f6a4c0a1f4f9366a661701c1fd4910193aee95219ed57857c554d0b8523,0,0.9270286560058594,0.4873974621295929,0.058570245652773946,0.0628368374296713,0.46311654299432564,2291,16885,6.3701440419030995,7.489432334899902,0.07186858316221766,0.38763013415881437,0.6,0.6,3,10.54928577551302,12.818147707803016,75,0.004441812259401836,0.9893988747408943,0.9936037903464614,15,9,5,3,10908,5446,287,65,28,16,14,13,True,False,False,True,False,False,True,False,False
candidate_000197,197,9321197,c065de7e289658421504361f894994f32dc9773971d565adcc12cb63b31f245b,b73eba9b4fbace947d9bac4da10100adc0d9e2f9212ca1391e824e94cf1a7509,30e9222d780dab8066bbc2dd138567dda45e4e9a7b325c0950da115275e9c8f3,0,0.9178962707519531,0.4812641143798828,0.056655608542400995,0.06040676467337239,0.4770842426887822,2291,18094,6.897861195984286,5.9238080978393555,0.0,0.3893787842804688,0.2,0.1111111111111111,1,16.26596798541429,30.561023622047244,91,0.0050292914778379575,0.979993367967282,0.9870675361998452,23,16,9,3,16060,1124,461,87,48,36,23,21,True,False,False,True,False,False,True,False,False
candidate_000198,198,9321198,85e680a21c8342a860afe18a881ae756fab0e6959c1f38f5e494b1dede81741f,27681201e46c88c51e0478505e1b2120f0200246c768126187b0a606889c1223,686c6c433812ec18a9ac8eba68bcecefc61d869e20280cf2e1a6255009117f5e,0,0.9394874572753906,0.49522727727890015,0.05982408955440866,0.06697046138823338,0.3592317765168049,2291,12289,4.364033173286774,14.277888298034668,0.0,0.3170785204794626,0.8,0.4444444444444444,4,12.37493230689059,5.811808390862971,65,0.00528928309870616,0.9637887541703963,0.9859223695988282,19,12,9,5,5395,3545,1815,1089,148,64,33,27,True,False,False,True,False,False,True,False,False
candidate_000199,199,9321199,9314b1b14e9e53cf39bf791a2af6b6fd1fae8b71471aba56b85ede9281baffef,90305218396447c154872aab4e20c16413175335ef76bfa4bb8d883dfd33bbe3,9c1004923704b563b356a52c34039db1d520539eeeea867faa709059e528a8d0,0,0.9416046142578125,0.5094695091247559,0.08604386023740862,0.09228224124289722,0.560017459624618,2291,13903,5.068529026625928,5.635440349578857,0.06506024096385542,0.4804498146981241,0.6,0.375,3,9.229463356927443,6.989057703260374,65,0.0046752499460548085,0.9577069697187658,0.9875566424512695,19,13,8,6,11446,962,648,259,242,112,38,23,True,False,False,True,False,False,True,False,True
candidate_000200,200,9321200,da2b9a847a4930435202d7cf7c7796c2626ae42a4b756415a99f5caa74799727,b8b1ecaf44acccd62139752ee4d31e61383e6b854395744e808acde195e7a2de,6d76bb401f845a4574b3afbb72e696078d23c95a0657fc9dbcc3d94956a86205,0,0.8994903564453125,0.4693450331687927,0.05401310401310401,0.05625213237802797,0.5757311217808817,2291,23448,9.234831951113051,8.819721221923828,0.3347022587268994,0.5010902123818624,0.2,1.0,1,25.753591744214972,44.838582677165356,41,0.0017485499829409759,0.9958205390651654,0.9973984988058683,11,6,1,1,23313,13,12,12,10,10,9,8,True,False,False,True,False,False,True,True,True
candidate_000201,201,9321201,9d22c434f5ddb1520b4e20b2dc167c938cb0fd81892d4ce81eeac62ab8527afc,97f25f45b88d40b63cba6cfb0b4a67756dac9fa375f6f86b1edbe9b3a557ded1,241646ee6d124684f741f8499bef72461d0ff922940039ff8ff17b7d74c70599,0,0.9060440063476562,0.4700204133987427,0.04777324343506033,0.05049226441631505,0.4701003928415539,2291,21330,8.310344827586206,11.397851943969727,0.0,0.36980514435111617,0.2,0.125,1,24.59153513026296,35.07829181494662,49,0.002297233942803563,0.9857477730895452,0.990295358649789,22,16,8,2,20303,631,50,42,30,24,22,21,True,False,False,True,False,False,True,False,False
candidate_000202,202,9321202,0acf482935a5867cabb8397db705dc40972b62599518bc135810a33a7fe8159a,39500fc24daf7efc1c973405b062e928cffe3c3132f7faf5da6ee646ddda8a24,cc0f1c3de5318d0baa4aa52fc1edb5914735b48b02d8f2ae859d6927536b688a,0,0.9188232421875,0.48248326778411865,0.05822267620020429,0.061494991009504237,0.522479266695766,2291,19465,7.49628982976866,5.704699993133545,0.014373716632443531,0.417272289011444,0.2,0.16666666666666666,1,18.76021797649913,30.225978647686834,73,0.0037503210891343436,0.9903930131004367,0.9952735679424608,13,8,6,3,17576,1373,251,78,51,23,11,10,True,False,False,True,False,False,True,False,True
candidate_000203,203,9321203,a96cd37e6dfa2321c35c4624dc674f4457cd67d0558e19f38c6e59586a45fb48,6c52598f72693b2884e8d81c95763277d7a3f014b281f9b922d085c88c0bb281,8c307bdd5cd6b130bcefc9896b983ae09e5df129cc6bbef0f6bb8765766cde28,0,0.9339828491210938,0.49972614645957947,0.07523877590799818,0.08121756207041661,0.505456132693147,2291,14258,5.223483195111305,7.026766300201416,0.004106776180698152,0.42924158642557114,0.4,0.2857142857142857,2,15.00567866471932,13.084527084716822,31,0.0021742179828868006,0.9873053724224996,0.9956515640342264,12,9,7,3,11803,2070,149,55,44,32,31,12,True,False,False,True,False,False,True,False,True
candidate_000204,204,9321204,e15a4c7c1a8746df04796b8ab967269d2f640b8074f6de93d6680ac4ec72e055,c438cc0b2d95d190473aa78d18b9107728a2a522cd3fcca73a1b73b4a75efefd,9ce720b023aafbdc81cfc01cc8b6fa380f0699a6867217cc664a5427cbb87899,0,0.9271697998046875,0.4971872866153717,0.07803152138951432,0.08384599433192784,0.5294631165429943,2291,14467,5.314709733740725,8.576226234436035,0.19096509240246407,0.4535691338939062,0.6,0.42857142857142855,3,9.370451963647232,10.306164811766115,72,0.004976843851524158,0.9729038501417018,0.9892859611529689,17,12,7,5,6039,6007,1775,254,174,22,22,19,True,False,False,True,False,False,True,False,True
candidate_000205,205,9321205,f8f9a6f1dd9e480be0eff6032a6025a0758986229ebf7cb0ca5bbace2c10d7c0,532eb47d15268a81e61d81efc2c3f5bb588fa61d1460eede1319a195eb79759b,a8ad62e9716b6925340d3eb15778c2fdbe0b9dbc2b253a519e926be2e8326fdc,0,0.8870391845703125,0.45905619859695435,0.04777786395718607,0.049824078942047156,0.5377564382365779,2291,24727,9.793103448275861,7.744770526885986,0.06776180698151951,0.4688078916275683,0.2,1.0,1,23.09673570456049,47.482283464566926,42,0.0016985481457516076,0.9983014518542483,0.9989080761920168,5,3,1,1,24656,12,10,7,5,4,3,3,True,False,False,True,False,False,True,False,True
candidate_000206,206,9321206,36028aa3f642c1da1cbcda2f19b212e5b48fefb5b50e1445486d9448c56488d9,be5dab8995a362e77a7ea3e128bb7103c4d4117463dcd0e8d5ff04eb60392c8b,e9cd59e7244f3e3130e809d531738e92dd04e9e50b1d09864b5b7b9e54bc35ed,0,0.9097023010253906,0.4805883467197418,0.06503062078688814,0.06745270085001372,0.6442601484068092,2291,21882,8.551287647315583,8.459327697753906,0.20722891566265061,0.5737977287569705,0.2,0.25,1,23.11130371758833,41.53740157480315,42,0.0019193857965451055,0.9925509551229321,0.9953386344941048,16,9,4,1,21636,33,30,20,19,17,14,11,True,False,False,True,False,False,True,False,True
candidate_000207,207,9321207,2b8fdc99ac2da2c84005828c69445b70f328ac22878af348a7cdb1d1fdcfe564,40188a67447ed95f85eaa554f94d1ae10fd81b8b64ed9fe3f9dde585df901903,e2e5a0bce8882340acb66d3e0db9714326545728518feb1c1fab03b7d7cdde59,0,0.9320449829101562,0.4858151972293854,0.0494859731660568,0.053999239447331725,0.37189000436490616,2291,15778,5.886948930597992,5.860579490661621,0.01026694045174538,0.2770705047977656,0.2,0.16666666666666666,1,17.218933159629724,27.801181102362204,91,0.005767524401064774,0.9764228672835594,0.9832044619089872,31,18,6,3,14658,601,100,47,36,36,19,16,True,False,False,True,False,False,True,False,False
candidate_000208,208,9321208,068a1adacc73749946d0b8c2365b1ea66d3031a35c91fefd3b63816d42fd9599,17155adeaf279c54d73c891077c1eac18154b77e3faabd9640732a895ffa6a99,d421eb5b968701640b986cd3714c5c76031ba81224b98f6b0abfee767f34b5e2,0,0.9308967590332031,0.4901740849018097,0.05968568880962996,0.06403970342023439,0.4674814491488433,2291,16724,6.299869052815365,3.363968849182129,0.0,0.359236061475507,0.6,0.3333333333333333,3,12.664014042791754,10.581282492518348,65,0.003886629992824683,0.9256158813680938,0.9862473092561588,24,15,9,6,6317,4515,3884,764,552,349,63,50,True,False,False,True,False,False,True,False,False
candidate_000209,209,9321209,91c3762e14d6d67fe606618b20ea8cff5a63ab3b2a5633afd9e361e3c29746d0,24a071f1ef837a7a145a1c3c8bb6fc80b1aef128190ebf4c6a632d0e1382a0cf,ae2255ce9fce07a8384bff99a3ad092fe2bf88f96ed903683ad71b3ed8750533,0,0.8966484069824219,0.46631506085395813,0.05138957408321,0.05368723961688786,0.5456132693147098,2291,23283,9.16281099956351,7.184311866760254,0.01927710843373494,0.4413764786193994,0.4,0.2857142857142857,2,11.387974619568034,21.52870221041647,62,0.002662887084997638,0.983507279989692,0.9945024266632306,15,12,7,5,19037,3169,365,328,193,24,23,16,True,False,False,True,False,False,True,False,True
candidate_000210,210,9321210,a4f20990018e499d4bd51090ba31b7ff8965a5203ab438b9978e5ad3e959a9cf,1205bf89b5112ffad716308567293840d59f594f9a915fdb804ee53bd11a13e3,5b911abbb48a593778cec72372da865c19b8a4388dbb1b0b7248ec559f609507,0,0.9318161010742188,0.492637038230896,0.06354930243556396,0.06847133757961783,0.46922741161065035,2291,15700,5.852902662592754,4.90461540222168,0.0,0.3653157835214751,0.4,0.2857142857142857,2,9.721017143327554,10.624919607254641,47,0.0029936305732484077,0.9785350318471338,0.9947770700636943,12,9,7,6,9911,2900,2350,202,115,101,22,17,True,False,False,True,False,False,True,False,False
candidate_000211,211,9321211,34b70db269f9dd37eee172dabf9637a1b477572ebd5ed4b0bc39a3a662803544,afb53654d37a4f54759506e4e1d2410682aa3083331754119046a853863e7104,b2685d509a9a098cae83702081c96460981f97fdf69e37c9b4f2c7f6832c8e17,0,0.9300918579101562,0.4852280020713806,0.05039313795568263,0.05513915140454931,0.36927106067219556,2291,15343,5.697075512876473,7.814882278442383,0.0,0.26464305157161316,0.2,0.14285714285714285,1,24.353989223230695,26.271653543307085,88,0.0057355145669034735,0.9760802972039366,0.9835103956201525,28,15,7,2,13881,962,74,59,54,21,20,19,True,False,False,True,False,False,True,False,False
candidate_000212,212,9321212,104ee94b7b2407bedae374b506f47347b34a16bdb8fd5f437ff7598f82bebd23,d6078c0caf677274d07f1a44333ba6825d79707b0c57c319136bd85baa8aa449,64ac193ec940a2644b21ff201b6ad83de4164c7b9d0985d5bf59f4141d598952,0,0.9050025939941406,0.4728546440601349,0.05474357865605812,0.057282475906067595,0.552597119161938,2291,22101,8.64687909209952,8.73861312866211,0.09240246406570841,0.5240254520544925,0.6,0.75,3,10.980472807145047,14.582465412884135,61,0.0027600561060585494,0.9905886611465544,0.9931224831455591,19,11,4,1,21807,40,25,21,17,16,13,10,True,False,False,True,False,False,True,False,True
candidate_000213,213,9321213,d3b01de43cb8995af4a961a64411145cf6ab1b8ebb7b2c5e544249b8853b82a3,6072edf87cdb1488d36d52be3fa777a2d62c75229a54a9f1431734529b85681d,17c814bd4d6e765a2a1c92c26ece47707736555278467a50b61c3708d6a3e3e8,0,0.9376068115234375,0.500760555267334,0.07272447724477245,0.08111120637914773,0.41292012221737234,2291,11663,4.090790048013968,6.530575275421143,0.0,0.321752463586813,0.2,0.125,1,16.371800725445038,18.339857651245552,62,0.005315956443453657,0.9771928320329246,0.9863671439595302,19,12,8,2,10896,412,55,34,33,30,23,21,True,False,False,True,False,False,True,False,False
candidate_000214,214,9321214,880f2b78a249fadb78e67ab11cacefa0b58efcda136701375cfead2600b6a011,3d6c5b4d0360a57a8aaa35dc2f7bd61589a5c4baa54148ba487005e1a40a1e26,b25ef7ccf65746d0bd7a45702036dbc04ce36dee871c91fab8a2a2b68b3937f4,0,0.9415855407714844,0.49391278624534607,0.054815118583828856,0.06102571906863491,0.35006547359231777,2291,13142,4.7363596682671325,8.428173065185547,0.0,0.2393533813036172,0.2,0.1111111111111111,1,18.084624122532837,22.311023622047244,83,0.0063156292801704456,0.9698676000608736,0.9847055242733221,21,13,9,4,11869,522,251,104,88,43,35,29,True,False,False,True,False,False,True,False,False
candidate_000215,215,9321215,3cae7fd9e4744ea44d74af762878a456bc013d3778e5ddc15f32e6d572eede6b,9d404a56ad6cd1451826e5c6252ded83bfe51d0956a9ad2f3fc53750ec610be8,e8eefbaccb26526c5932bc35cfacb8358e14a875fc3283b8db52719ec481f666,0,0.8710174560546875,0.45557475090026855,0.05883338920549782,0.05990987915614119,0.7660410301178525,2291,29294,11.786556089044085,8.042174339294434,0.28952772073921973,0.7251410600761399,0.2,0.2,1,21.759422845288366,54.74015748031496,45,0.0015361507475933637,0.9952891377073804,0.9976104321704103,12,9,5,3,28343,389,362,62,30,13,13,12,True,False,False,True,False,False,True,True,True
candidate_000216,216,9321216,621c5a466ad0f11be4b9673b422527d72bfdbd0764f13bc0162936ba639d401b,bf7f6c1c3b3c734b213047ed42e574bcad4f1beb8c8192de44ac1ecc66729368,75a55d710710730963c445c17a549908d8e93080b96333e74d90b279e5ad01f1,0,0.936248779296875,0.5025646686553955,0.0781229856903442,0.08396259092483548,0.5290266259275426,2291,14435,5.300742034046268,6.101348876953125,0.0,0.4261180137392667,0.4,0.3333333333333333,2,11.033984320585095,12.376351670025297,38,0.002632490474541046,0.9835815725666782,0.9900935226879113,19,13,6,2,13980,119,65,34,31,26,19,18,True,False,False,True,False,False,True,False,True
candidate_000217,217,9321217,93b314af551784b2378b95f65c53f0cd4d9035960dfcc1281a385b341c6de751,bb7f75aac2de3cc14abf4236ebcc9546b4177d4e3c629fbf18616c68ce453f93,bd3d36d5ea5e4ef496430b7eb5a07932c533e6e7dd0de077d82a8e9655373e52,0,0.92828369140625,0.48967045545578003,0.061639889905907956,0.06736621196222456,0.4203404626800524,2291,14295,5.239633347883021,11.212565422058105,0.0,0.34703541716236574,0.6,0.375,3,9.124013464614324,9.107591268222073,54,0.003777544596012592,0.9755159146554739,0.9918852745715285,16,10,8,5,9546,3080,766,553,124,42,39,29,True,False,False,True,False,False,True,False,False
candidate_000218,218,9321218,926d87c26515c653b09a508a83036b3c21ecf018b586e48c2a13bf0e6fb78df1,0a15879c598ef44fc7218b21082b013db4a336fb55397b089699706e7b6b7eb8,bb71b4113568724fd2e050e40dcb0ea7367c4486eb19f7abdefb6f9b46966f40,0,0.9109611511230469,0.4761562943458557,0.05442437598811862,0.05761233390810427,0.49585333915320823,2291,19718,7.6067219554779575,10.439183235168457,0.11293634496919917,0.4169521864799889,0.4,0.2857142857142857,2,17.91727408352859,22.29891597454428,90,0.004564357439902627,0.9885891064002434,0.9933563241708084,15,9,7,3,13394,5927,118,54,30,23,22,19,True,False,False,True,False,False,True,False,True
candidate_000219,219,9321219,2940b7c1920b09251db9eebc5c94e60ba4d71f69f8512be6835af39403e27187,9e3cb3a6ce0434333bb2c9069a39824d24ce9aa145c89192a34ffe285c0af26c,58b7e81fffc87832cd7eb8c10a5561edaac24b716616b0f398a4883c25231817,0,0.9250640869140625,0.4918026924133301,0.0697366329288326,0.0735359856951274,0.5744216499345264,2291,17896,6.811436054124837,11.019977569580078,0.12048192771084337,0.5002678432519879,0.2,0.16666666666666666,1,13.611408872950381,31.85433070866142,82,0.004582029503799732,0.9850804649083594,0.9899418864550737,22,11,6,4,16717,464,274,174,27,26,17,17,True,False,False,True,False,False,True,False,True
candidate_000220,220,9321220,b5b7b39fd5903cf8e29bd794bfdc92f408f278c6a8014c09aa82eba3c29a46d8,94c4da573d4df3da2d271cd86bfa0fece715215a75d66b862a36d36b80b094cb,3e69faec87127d14b80de0fb815220be847a2f9255183a2a90980e9a6db702f6,0,0.8965721130371094,0.4722021818161011,0.06333964863933862,0.0656579182288877,0.6420776953295504,2291,22404,8.779135748581405,5.804901599884033,0.13975903614457832,0.567718639374793,0.2,0.2,1,24.000344316406487,42.25984251968504,92,0.0041064095697196925,0.9900910551687199,0.9929030530262453,19,12,5,1,22003,97,50,32,22,14,14,13,True,False,False,True,False,False,True,False,True
candidate_000221,221,9321221,5f23275ad92e8af6c89bd430ae62d9309e0fe5ed2175c53e2ae9adba3f42b75d,b8e5cec6ef037dd0494af4cf8c8fbb1d81a26ecc83301f068a65b86c604686c9,f2bbc959b587d50cf209d829b31467e9229b06de3b767deb6a9a76db9e07a7a2,0,0.9399681091308594,0.5014496445655823,0.0718362527061602,0.0779525877411547,0.4779572239196857,2291,14047,5.131383675250982,6.103656768798828,0.05542168674698795,0.3796073022329761,0.6,0.3333333333333333,3,14.013835823084449,7.918710434877638,86,0.00612230369473909,0.9637645048764861,0.9879689613440592,20,11,9,6,12361,479,445,253,145,126,36,33,True,False,False,True,False,False,True,False,False
candidate_000222,222,9321222,18d1b2af5158f377caf750c805885461a46f1c110dcd7583184e93c66af12666,ad5ba328fab372f31efab90b686f332a5656467d44f65d1c0117eabb3c38de73,73d36e501ff21605c7439134621744314eb8a8ad7e489b774f42f39adff2011d,0,0.8992347717285156,0.4686458110809326,0.053011645865509036,0.05537146843390303,0.5543430816237451,2291,22936,9.011348756001746,13.146617889404297,0.08674698795180723,0.48156734697122044,0.4,0.18181818181818182,2,21.68321145824016,31.57673120483227,94,0.004098360655737705,0.9741454482036972,0.9894489012905476,22,12,11,5,15863,5541,624,315,166,82,72,31,True,False,False,True,False,False,True,False,True
candidate_000223,223,9321223,fdd922542633781840c240a01fd3924178b60b31017b68cba7888c23f5277fb8,109b119384cfa2a80797f0ba9f88315b52c45f989e6589b714c3c5febef39cbf,dece4fa8ab88735477825bbb7e4ea98f950c2bd84df9d95a3cc311b9b076ba7b,0,0.8896560668945312,0.46715137362480164,0.06090732024022074,0.06292445711411083,0.6551724137931034,2291,23854,9.412047140986468,5.42214298248291,0.06506024096385542,0.5657732346776271,0.2,0.3333333333333333,1,19.270196421138873,39.761565836298935,35,0.0014672591598893267,0.9985327408401107,0.9991196445040664,5,3,3,2,22935,834,42,8,5,4,3,2,True,False,False,True,False,False,True,False,True
candidate_000224,224,9321224,c85ac072c676e0fb530f5bd3e2aaa33ee76b87267738375965ce5c43ef7267ec,aa9b2befac7d7d05596c933fbcc3217ea8186bbf77c225fba10882d121521629,ef6e5821d693c4a6e5edae0742f9c677d496268cac923042776bf9a56ecbc8b4,0,0.8988151550292969,0.46720781922340393,0.050570415108810274,0.05375522266381331,0.460497599301615,2291,19626,7.566564818856395,5.859671592712402,0.0,0.36058052926895856,0.2,0.2,1,20.43756580007825,36.16535433070866,61,0.0031081218791399164,0.9901151533679813,0.9943442372363192,16,9,5,3,18907,355,108,62,44,16,12,11,True,False,False,True,False,False,True,False,False
candidate_000225,225,9321225,0b8309ddab8039f82934d32826482c1f8c508dc26b0c0f4f01e2dea304c0d87d,04ac43039d79da999ba9b2130e98de16ed710d4e654ac7ba164886964b21ad41,a8cd2ba24fc6d80d1520318213c2080a04ac2c8117d5e260cf32828c6c831acd,0,0.8969535827636719,0.4676336646080017,0.05292446589096003,0.05491399499313575,0.5936272370144042,2291,24766,9.810126582278482,8.792022705078125,0.22650602409638554,0.5354833842961757,0.2,0.3333333333333333,1,22.74183713114074,47.30118110236221,74,0.002987967374626504,0.9953565371880805,0.9970120326253735,9,5,3,1,24564,52,20,15,15,9,9,8,True,False,False,True,False,False,True,False,True
candidate_000226,226,9321226,4b1be6f0c452172a616099664d036ea3d2afe119d31ed9f5103a7c391a1b5d2c,37e5b76e45ec4dde22ee130e9b244177124cb54cff838dd7f8323a0b45fa7b90,a42fd588c7bf14347f81634db8700f8f07ac437dcc369f30d7c1df305e774226,0,0.9088706970214844,0.473239928483963,0.051055540454833744,0.053897656623625056,0.4919249236141423,2291,20910,8.127018769096464,11.527527809143066,0.0,0.4133191510584303,0.4,0.25,2,16.20879172916904,20.43698090820839,76,0.003634624581539933,0.9819703491152558,0.9910090865614538,20,13,8,4,9559,7044,2537,1393,79,63,25,22,True,False,False,True,False,False,True,False,True
candidate_000227,227,9321227,5d2cf262ff8ca76691eb0df021edb3d8659892ed6da200e8166f6e563a9b490c,3678a7423af7f7f77f9ab1eeee99176d4c57bd1d07fd13e0fae3fcd60f9fe6b5,94b79d7bd5409e2aa1557efa3fbe5d760887bf07697660f711e3f628cb73679a,0,0.9026412963867188,0.4751375913619995,0.061021466990337475,0.0641,0.5595809690091663,2291,20000,7.729812309035355,9.513937950134277,0.12289156626506025,0.5099800162557662,0.2,0.3333333333333333,1,15.502542379342973,36.553149606299215,73,0.00365,0.9923,0.9944,13,7,3,2,19104,684,39,19,13,10,10,9,True,False,False,True,False,False,True,False,True
candidate_000228,228,9321228,64ab05338580006810314193c3e19f6d0142befa365b8859cf0f5a8945bba38f,76036dd031d5c39557b4c6f679bd1a17fb16ff67c69bf82f5ab7b7c69a0027c4,b749f9e95d816ccdc8d6d8d668b59717dff9a579d337e42255332eed2789cfde,0,0.9004058837890625,0.473631888628006,0.061761255977623386,0.06444172472227452,0.5975556525534701,2291,21244,8.272806634657355,7.294660568237305,0.039014373716632446,0.5084207916675516,0.2,0.25,1,19.844215107249582,40.11417322834646,67,0.003153831670118622,0.990020711730371,0.9927038222556958,21,12,4,1,20913,74,25,20,19,13,13,12,True,False,False,True,False,False,True,False,True
candidate_000229,229,9321229,fe2899a0ee53910377b6e4d93767e3a61c3ff80c72430878574f9b48f84e440b,fce4b0c2ac607a2c18aabd5f00efaddb78298be24b0df84542b1906eb122bdeb,dcbca5db11d053edfa0d23d86534f46724d5cb6322dfe782ff3e1212f00071c3,0,0.9209671020507812,0.48012298345565796,0.050932144200290116,0.05489287782281413,0.41379310344827586,2291,17270,6.5381929288520295,11.572005271911621,0.0,0.3293577885984926,0.6,0.23076923076923078,3,13.846574784372038,15.316681308341986,95,0.0055008685581933985,0.9454545454545454,0.9738853503184713,26,20,13,8,11538,3457,1132,201,132,125,121,113,True,False,False,True,False,False,True,False,False
candidate_000230,230,9321230,60eb4383a3a603a83d52ebc47b043a681940c36d6f6628a486e238538faa5c3d,b1a142c1ddaafc83c76852f51d7655eae7877898eb7fe60c9c11d5ab956a7a31,fb1f0619b8d3a13af0b03b442d008046af9afcc16b8898ca7934b8a4af45aa39,0,0.95489501953125,0.5183997750282288,0.08852625348778219,0.09893224983464047,0.4570056743780009,2291,10583,3.6193801833260584,6.82717752456665,0.0,0.3601634932008706,0.4,0.2,2,8.099600070519152,10.964297271060296,42,0.003968628933194746,0.9627704809600303,0.9815742228101673,19,17,10,4,4951,3576,1552,110,64,53,51,31,True,False,False,True,False,False,True,False,False
candidate_000231,231,9321231,fa420a7fc8759d1dc4262f6e1d214d45c083041ebf74639e676d1c3a741413f8,1e87439430a884069b05d0aeadff3fa060eeff0e6042742127685de81723008c,d0e00f5ce568268a9e296e02cce0dbeb88058b03d9b9d049e2164c9902bb968b,0,0.9404983520507812,0.4924623966217041,0.05310734463276836,0.05895373717996016,0.34875600174596244,2291,13553,4.915757311217809,10.752964973449707,0.0,0.23889619506123322,0.4,0.2857142857142857,2,9.088035358846273,11.785534123429642,67,0.0049435549324872725,0.9794879362502766,0.989153692909319,19,12,7,4,12047,793,300,135,46,44,28,13,True,False,False,True,False,False,True,False,False
candidate_000232,232,9321232,60cb74f55378977ae4be4eaaa101e3b4cfa05dd1d1918fa03b2173d6034583e2,cb7209c1565a9e538bf4f751ae873a6899f9a8d18aa8ece4626f476e73d26dca,1d9d967edca60fb30d7c6dd9c591bac4aa5f9fafedcbf7d7f15f6bd74adc46d2,0,0.9403190612792969,0.4966002404689789,0.06166311886287166,0.06818526955201215,0.39196857267568747,2291,13170,4.748581405499782,10.976239204406738,0.0,0.2933467024833422,0.6,0.42857142857142855,3,5.354617198156426,4.8096185211529,82,0.006226271829916477,0.8779043280182233,0.9870918754745635,19,13,7,6,4274,3887,2270,1131,734,651,36,17,True,False,False,True,False,False,True,False,False
candidate_000233,233,9321233,000b953f2617c11e77babe729e46acc68a318883c8452b6174f3cd87023d2340,acfca8223fff74584c4df8462be6358dd7fee660417d2f59e3bd9cb3f7830e52,57e31397add229ca0b6d65fad4c5acca3e264f6101d170c6bc410feb6efd2989,0,0.9399337768554688,0.4996633231639862,0.06829081143295607,0.07408435072142064,0.466171977302488,2291,14416,5.292448712352685,6.949061870574951,0.0,0.3570504866485151,0.4,0.2857142857142857,2,9.16066186934352,12.920870885115264,50,0.0034683684794672587,0.9832824639289678,0.9906354051054383,16,13,7,3,13195,832,111,37,34,33,22,17,True,False,False,True,False,False,True,False,False
candidate_000234,234,9321234,93b53c3d1ab0905b8c3bb0d8fd4f1ebb4b903704a2960bcf27385243f613bcb0,4859062f9f61fb3150dd248c6be5b6234e0d60592ef3a2254ac435c539b84cd0,648813aeaf754ef454ad41bda573620d9e186ba8c487e3846e74691480d5ce85,0,0.8915214538574219,0.4584434926509857,0.04116503402377926,0.04308185944592268,0.48057616761239635,2291,25556,10.154954168485377,4.306722640991211,0.0,0.3793010808988665,0.2,0.125,1,20.50392954266729,48.11614173228347,47,0.001839098450461731,0.991274064798873,0.9968304899045234,12,9,8,3,24978,155,101,99,53,44,25,20,True,False,False,True,False,False,True,False,False
candidate_000235,235,9321235,64e7c60edd10ccaf339193db8976057ad3b53caa2580526d4192ec182352abc6,f123dd9b1a98ed30fc120b6496da4844a4cf7b7c80c00ea8524c7106c64c9470,6509232079914c2872d8438e4f6dcd0353faa1cd3174246a092c856978f8eb3c,0,0.9018020629882812,0.47265759110450745,0.057982035074378595,0.061091637456184275,0.5325185508511567,2291,19970,7.716717590571803,6.424025058746338,0.0,0.44469980515325447,0.2,0.25,1,21.06322434612943,34.00889679715303,79,0.003955933900851277,0.9923385077616425,0.9949924887330996,14,7,4,1,19702,64,31,20,19,13,12,9,True,False,False,True,False,False,True,False,True
candidate_000236,236,9321236,d9ddf24630d438118a5a884cfb3813df03637559694684bcbf78b1f382993146,e95a2524d5abf9abbf49b30bd306f7955d3d3ae9ca22111bc1604b363e830ef0,062c084e63c1886f8af08fb635aaed9e5d0b4d6e083d4a6f2fed38d4faf0ffdd,0,0.9580154418945312,0.5184844136238098,0.085134749071517,0.09819859402460457,0.3902226102138804,2291,9104,2.973810563072894,10.029853820800781,0.0,0.3083827619263771,0.4,0.3333333333333333,2,9.142054650673348,9.630945960522059,42,0.00461335676625659,0.9660588752196837,0.9894551845342706,18,9,6,5,4467,3664,488,176,164,23,15,11,True,False,False,True,False,False,True,False,False
candidate_000237,237,9321237,a4cf8d3775a447f6b51ea4914cac2e45284a120d19e0c31d29b9d327c78de818,33b2d6d3566398e4c53b6a5e6dffd89091d546a21bc2d2a9c1d6f90002d84b23,6eea67df2fc0e7bdfc684f243993a5c97e96671ccc4454d3ce099256bb863b64,0,0.898773193359375,0.4664086401462555,0.049084009955526545,0.05136416036889971,0.5250982103884766,2291,23421,9.223046704495854,13.543180465698242,0.0,0.4339227503668831,0.2,0.25,1,17.81537093540133,42.41535433070866,79,0.0033730412877332307,0.9930831305238889,0.9953887536825925,14,9,4,3,22082,919,189,69,16,15,12,11,True,False,False,True,False,False,True,False,True
candidate_000238,238,9321238,b8e49d16107c3d2ec989b912a0f7848285a3c6f7b7a672623045e39b4242b6ac,fe11bee1b2aa37462d1ff565cb0c9598df734bfba4c6dfb91e1d8d46104d2f2e,a24e8dc6a2dd3bc60a7e1b9ac1c19f26f17aaf34d05c2a1aa30a62c5675441d5,0,0.9420738220214844,0.5016274452209473,0.06957780826093583,0.07774182561307902,0.398515931907464,2291,11744,4.1261457878655605,6.5769853591918945,0.0,0.3404150389714287,0.8,0.3333333333333333,4,6.3381948873672584,4.29345137004361,37,0.0031505449591280655,0.84375,0.9705381471389646,24,16,12,8,5297,2263,1605,744,721,344,307,117,True,False,False,True,False,False,True,False,False
candidate_000239,239,9321239,50a82552409197af02d00e86e3dfd78a156bb393551102d43078d9521233f193,ef0ecb522864ca539f25b2861604ca50f5dbbe939c7fbe27ecb3ddf5bda1bac0,6c7e34af5551070d8fdf815b590f7046e44d94463a16eb6a5f91da37de1f1269,0,0.9472503662109375,0.5175020694732666,0.09536994308567913,0.10375700778177559,0.5412483631601921,2291,11951,4.216499345264077,7.299305438995361,0.0,0.4451451196577623,0.2,0.125,1,14.247191933132921,19.04982206405694,43,0.003598025269851895,0.9825119236883942,0.9908794243159568,15,11,8,2,11295,358,50,39,28,27,24,21,True,False,False,True,False,False,True,False,True
candidate_000240,240,9321240,a4239102ab781e38e9b41bae29145fe57b2ac6e7be68cee29b33f996ec68732c,c2485f203867861f0cea4816b1d79d005709edff52c1909c8e40c29e1c806b18,164b9681de536d0ecd6b771b1d371f2baf3004c72f8136581f5cf5b4662a2522,0,0.9055099487304688,0.4749697744846344,0.0585574369189907,0.06077705031013094,0.6158882584024443,2291,23216,9.13356612832824,11.073281288146973,0.1273100616016427,0.5339430780925645,0.2,0.125,1,24.39092228255651,38.811387900355875,77,0.0033166781529979325,0.9870778773259821,0.9917729152308753,20,14,8,3,22401,283,190,42,38,26,25,20,True,False,False,True,False,False,True,False,True
candidate_000241,241,9321241,f53782e1accc657cf5642ca3befdc53e0f519d2836dfb364a6aaed08b7bdb193,f8c0823b6e9e5f5d9cd8e9e3709a60481c71be00a8ed2eb0b53f1d4b1c084612,832142efb308dd4197fc9fc889ff37006d9040eb50e00389a40ed211c7a4ae44,0,0.9164810180664062,0.4822116196155548,0.06018018018018018,0.0638693110419057,0.5102575294631165,2291,18303,6.9890877346137055,12.16537857055664,0.25051334702258726,0.48588866203036424,0.6,0.3333333333333333,3,13.79159524917443,10.535653472184476,91,0.004971862536196252,0.9740479702780965,0.9832267934218434,24,20,9,3,12905,3907,955,61,55,47,36,30,True,False,False,True,False,False,True,True,True
candidate_000242,242,9321242,7f23acd44c47decf9753b22b7f57867e96c09d88c1749acdc37d377bd25a6a1f,e9bd9ebb26dcccec9643c85b293180f1027127939b48e434c45ca00eba485c6f,be78b7c0c3d7fec4cc1b548aacf6cec05d5b3386e5ef10ae32353ea3530fedca,0,0.9427757263183594,0.5101453065872192,0.08599695585996955,0.09271967775622855,0.5425578350065473,2291,13406,4.851593190746399,6.860769271850586,0.0,0.47408561303175417,0.2,0.1111111111111111,1,15.373864083040075,19.28825622775801,42,0.0031329255557213187,0.9631508279874683,0.9888109801581382,17,14,9,6,11429,682,473,328,140,106,52,46,True,False,False,True,False,False,True,False,True
candidate_000243,243,9321243,570e6c3593d9720f89a6df5494f3d723e2902b3472cfef6b8fa5057666ffcdce,889af82331091802e42cf0971dbfe817db38a69332d43d34dde4ba58613ae66c,73bf8d7b8e96e3b89f61d53901a7f00714c1fcc8f0ae27f8e959e6783d078687,0,0.9492988586425781,0.5133547782897949,0.08492252681764005,0.09288682473722806,0.49759930161501525,2291,12273,4.357049323439546,11.625869750976562,0.09650924024640657,0.40596950402792653,0.2,0.16666666666666666,1,18.862613958275563,19.362989323843415,67,0.0054591379450827015,0.9861484559602379,0.9923409109427198,16,10,6,2,11471,450,92,90,23,21,18,14,True,False,False,True,False,False,True,False,True
candidate_000244,244,9321244,876900704db51a30bcdda304e6e7c2342d1cb566354328170fb77541dbde7f0e,20ea49d8261ad3fe2f0c2741e26ac6047c703591b0b19190dd4b291900575f55,fb8b74f43ebb64e881bd64da98a34b91a29320cb46000ade13212b5840c47aa2,0,0.9238929748535156,0.489446222782135,0.06637457823437579,0.06979453505613217,0.5752946311654299,2291,18884,7.242688782191183,4.801367282867432,0.01642710472279261,0.46894119847151383,0.4,0.6666666666666666,2,11.575037296610553,13.580038290938054,26,0.0013768269434441855,0.9961872484643084,0.9979877144672739,10,5,3,3,15561,2493,740,18,13,8,7,6,True,False,False,True,False,False,True,False,True
candidate_000245,245,9321245,24f8eca53d2a51c419889f80730c248acb6f33232efe523362dbe0867d282128,c5c52c1f34e4ac38cb7ed7389b21a9f9ceae1d4f332322a07c038573ac891882,1f8ad4be34d6e5c013fa873d153c0156c7808750ac021abc91d8904404e71e2a,0,0.9484214782714844,0.5112468600273132,0.08146537303445968,0.09154995770279162,0.4251418594500218,2291,10639,3.6438236577913576,7.799514293670654,0.0,0.35204788504337636,0.2,0.25,1,19.27286875840562,19.208661417322833,72,0.006767553341479463,0.988814738227277,0.9926684838800639,12,6,4,2,10293,118,82,27,13,11,9,8,True,False,False,True,False,False,True,False,False
candidate_000246,246,9321246,de13e9538de7e9e9abb01a749590b5005affa2ea72016db28946b2962942a356,cfe063937d750c4a68e0fc714fd9011af1eadbdc1ae214c1e322c99f8216a32a,2366b763feec85f8ad1fa84df3a2e7d65c058991d8baa06da73b0b14ec1ecd92,0,0.9423255920410156,0.5049254894256592,0.0759774140518905,0.08328762830055629,0.46398952422522916,2291,12763,4.570929725010912,6.5017571449279785,0.0,0.3709596382460811,0.6,0.375,3,7.05276696923553,7.962801827523664,58,0.0045443861161169,0.9126380944918906,0.9923999059782183,15,10,8,7,6379,3174,1464,631,505,252,237,24,True,False,False,True,False,False,True,False,False
candidate_000247,247,9321247,06e9e2f0275159c1d386f5cda0131a595dbb11df9e3b704ede4b9bb075e670c3,ba98315e57d86cf3ba5f546ee1b6aedc72800be32e39741c44205a69e1b9442d,88f186dd867e37f1c8465eb5160b8ba7be51999c3cdbc3c001b0d41361be1d0b,0,0.9089813232421875,0.47101056575775146,0.0464367591824789,0.04968166162196013,0.41553906591008294,2291,19162,7.364033173286774,7.465963363647461,0.0,0.30848099807931384,0.2,0.09090909090909091,1,11.557300540482562,28.8503937007874,80,0.004174929548063876,0.9681139755766621,0.9864314789687924,20,14,11,6,15191,2707,502,151,127,108,67,49,True,False,False,True,False,False,True,False,False
candidate_000248,248,9321248,f0a95de1046b520102a4db8254a71f5e3e8faff01b0413abc6fc294b62a01fca,84d30d15ccfd755c54ef7a90d66b9e59bc8335c38c960f02f945ea05c17c3093,553175f5b1a3a18cb66238a56cc16dd2f605575125d2b3ac50b418b66bfbd2e2,0,0.8938140869140625,0.46804705262184143,0.05813067012274148,0.0598790639233548,0.6656481885639459,2291,25468,10.116542994325622,7.829110145568848,0.2746987951807229,0.5949514942048598,0.2,0.25,1,22.65090594276417,43.70284697508897,62,0.0024344275168839326,0.9941495209674887,0.9963876236846239,13,7,4,2,25150,125,23,21,16,16,16,9,True,False,False,True,False,False,True,True,True
candidate_000249,249,9321249,3b2176ed1f46d7f73b445dc57707673bd1c9f3b019a61b3415cc39bb2c5401e2,4ee8ddf076eb4366055fae873f0aa1888cebfa8b9d8d295ed3946a161ef6695f,e64f03fc6e86705803d9c0c3bb3ed8e28cf80434b44a39a20fce16598db3702b,0,0.9383392333984375,0.4961530864238739,0.06305339415079152,0.06933687393966216,0.41030117852466175,2291,13557,4.917503273679616,5.708045482635498,0.0,0.29917824376448227,0.2,0.14285714285714285,1,13.997282617018422,23.69291338582677,67,0.004942096333997197,0.9808954783506676,0.9898207568046028,17,13,7,3,12571,328,307,92,45,35,24,17,True,False,False,True,False,False,True,False,False
candidate_000250,250,9321250,0f6addcfd204b3c7e0095ca0d28aa7c244d8d60af309dcb80fb5562d31534c93,4bf0b43d80fbdfcec2559f3d8eb3554d1486f3007a24e3045ff6048ecf6325be,d9dde2a6a2d26fef2ee20b872f993ff402506662908dfe7a1a875ae37d7eb658,0,0.8994483947753906,0.4677857458591461,0.05108070913948029,0.05330067153777928,0.550851156700131,2291,23677,9.334788302051505,10.604486465454102,0.0,0.4844074513203539,0.2,0.3333333333333333,1,19.664998930262836,32.05338078291815,58,0.00244963466655404,0.9957764919542171,0.9972547197702412,9,5,3,2,18603,4936,26,12,11,8,8,8,True,False,False,True,False,False,True,False,True
candidate_000251,251,9321251,a1a206acbdf3d6061f38160d512832368e311642156f9f1aba879d4f986130aa,de1fea69a6c60ef4eb30c585feffeec7b1f77c5a7baa22434dfa5f8a5cbf1287,8368bd1869cb3e6350918eacf00029638b8052bc1ae63b50465aad5a9146cc56,0,0.9142303466796875,0.4738110303878784,0.0460401478078498,0.04941844883957764,0.4024443474465299,2291,18657,7.143605412483631,10.734600067138672,0.0,0.29325045567684316,0.2,0.16666666666666666,1,21.62586136309285,30.572953736654803,77,0.004127137267513533,0.9864930053063193,0.9918529238355577,17,10,6,3,17771,352,240,42,41,25,18,16,True,False,False,True,False,False,True,False,False
candidate_000252,252,9321252,a813073c331ff732c4e6ee5fe6ab9621dd83c7e1ca9f1cd951c4005518c08c77,62147303d3d8b9150c8c54d535cf332486437b674da74e7887822c5245c4a252,81fc51a6b853d2c1c7a7ada9197bfd606c9e3ec34b8144423d0089a6d9b0054f,0,0.9410896301269531,0.4977826178073883,0.06313131313131314,0.06962215866325455,0.40375381929288523,2291,13286,4.799214316892187,13.78126335144043,0.018480492813141684,0.30561915059598976,0.2,0.25,1,27.077935232243696,22.02491103202847,40,0.0030106879421947915,0.986150835465904,0.9905916001806413,17,13,4,1,12967,87,24,24,18,15,13,13,True,False,False,True,False,False,True,False,False
candidate_000253,253,9321253,1ee993dbeb7d69a97e5ae427ea372114d650d47b27031387b4a2dc6b80f61714,f110932f409b53251f18fdb46d8976d6320cac66ccb8af0d82274f66fa51c00d,888d97aebd73cd06c76f6294b210ec895f55c6f0f895164d55b27618681aa48e,0,0.9431037902832031,0.4986960291862488,0.06267691063485645,0.06900645544260592,0.40593627237014407,2291,13477,4.882584024443474,10.493243217468262,0.0,0.34589636734786994,0.6,0.375,3,12.208380212800884,8.905497064597535,41,0.003042220078652519,0.9594865326111153,0.9957705720857758,12,9,8,5,5917,4278,2210,526,408,35,25,21,True,False,False,True,False,False,True,False,False
candidate_000254,254,9321254,5c4a6bfdc8e59b83aa78d03a802e61a09712095b075b035061734c193911a3bf,bd2c461ba3a0dfc48f44eacf82d9a5049f6249b5b8f8bbf231859ee3a444498a,9ae194011db8d300d047398a8a400c4b56e385b2d95e55f0e1860278e32a7a23,0,0.9406394958496094,0.5028558373451233,0.07386208776233306,0.0804811047590764,0.47315582714971627,2291,13469,4.87909209951986,7.383960723876953,0.0,0.37856925355596893,0.2,0.16666666666666666,1,13.386811421863499,24.606299212598426,67,0.004974385626252877,0.9826267725889078,0.9890118048852922,17,12,6,2,13035,113,48,39,27,26,18,15,True,False,False,True,False,False,True,False,False
candidate_000255,255,9321255,8a37ea0db602f9d9c394ac8c3c3b72c7d1621dcf467f0f3d92dbce828252a728,4fd07eee052994cf539f1eaa50a9461a1be04c17ffbad683660f1b54a2555cb0,54fccfdcdbdb857be2fcf5a5a107340d2bcd055bb3877d86854390c3fb757536,0,0.9372711181640625,0.49847474694252014,0.06893880712625872,0.07595624175653658,0.42732431252728065,2291,12889,4.625927542557835,2.8293514251708984,0.0,0.32039202380866516,0.4,0.25,2,9.429919233552184,13.308205695178515,70,0.005430987663899449,0.9805260299480177,0.9900690511288696,16,12,8,3,6027,4911,1649,51,45,34,23,21,True,False,False,True,False,False,True,False,False
candidate_000256,256,9321256,bd6630e0b27c8438d285bde47bb396d12c47a25218adcd130bc1dcc1d8cf08a2,3ed0c7bafdcf66c4439d11aaff4b97107496257f3f06dbba3eace6a0d298c4de,5c2a3b8b95d0428aa207e9bcc4b20d2e39d2787ff48370f2e1da4483cad81763,0,0.9473915100097656,0.501078724861145,0.062474479379338504,0.07136859781696053,0.3339153208206024,2291,10719,3.678742907027499,10.500116348266602,0.028747433264887063,0.2345709940386703,0.6,0.3,3,8.004676965559778,7.042652708972825,101,0.009422520757533352,0.9335758932736262,0.9663214852131728,33,17,10,5,5762,1576,1364,1305,177,73,55,46,True,False,False,True,False,False,True,False,False
candidate_000257,257,9321257,6dd0632d04ed4143d286b6ca2471b7a2745a3388c08c554e905ae0557d68d79b,ea114b028b0a2a600f324c4f9c7738571009d1d2f07decae252ecc13530c7bdb,bffa9a03119edbb838b5fc3a581fc7e704c497d4533a4ad9e69d9863ba997d18,0,0.9138832092285156,0.4849465787410736,0.06892789373814041,0.07178144452129236,0.6342208642514185,2291,20242,7.8354430379746836,4.513261318206787,0.2457831325301205,0.5613460549697651,0.2,0.125,1,17.97808651239002,35.403543307086615,47,0.002321904950103745,0.9802885090406086,0.9931330896156506,18,10,8,5,18520,800,332,191,144,63,32,21,True,False,False,True,False,False,True,False,True
candidate_000258,258,9321258,35b35bd94f7e4b53f56d86ea77bc7752b3d6a4e2b2a690fd599a9f40c16e6e5e,f33e9562862d5bb7e547f3ddb9e67d5b3d1e258a353495728564955793945c44,5685d6766654c2ddff2b0040b1e834bb2e64270c8f261d72c85f91a30598ad03,0,0.9381904602050781,0.49681052565574646,0.06451822916666666,0.07048364153627311,0.4325621999127019,2291,14060,5.137058053251855,7.679329872131348,0.0,0.3415564332824086,0.2,0.125,1,21.39961394633634,23.224409448818896,64,0.004551920341394026,0.9773826458036984,0.9874110953058322,21,13,8,3,12334,765,588,55,51,38,28,24,True,False,False,True,False,False,True,False,False
candidate_000259,259,9321259,98820604ee97644cab2ecdb3e7137184e2acaee4e1b62df7ca879e8fddeb1287,cf6ba35b80920eabd9d361725cf4e4499b5327b79c86299bd8850e63b7e7061b,0302a56fc36049e92e683242f7980f23290847e830d6d1b8660c426cf104ee1e,0,0.9287033081054688,0.49780014157295227,0.07745645188567563,0.08167875401260255,0.5997381056307289,2291,16822,6.342645133129638,4.9460248947143555,0.0,0.5028262683097342,0.4,0.2,2,14.129939469109274,16.47705113830254,62,0.0036856497443823566,0.9790155748424682,0.9871002258946617,21,15,10,3,12668,3643,104,54,46,37,30,23,True,False,False,True,False,False,True,False,True
candidate_000260,260,9321260,7bee9da39b86930dabe6af3c8330586ff99bcc5e0b9c6eed80b301eba45923ad,f4f3dd9f69291d8ba2e7b87a953e5d03e676a898434688cb1982448bbb83d6df,d9f113f454de6dbc64041035c75fdee1671d0b7ce32b3569d5170209b2c3f995,0,0.91571044921875,0.47972017526626587,0.05601505621316428,0.05942935210971573,0.4936708860759494,2291,19031,7.306852902662593,5.9236931800842285,0.0,0.40660588541077225,0.2,0.16666666666666666,1,17.011567625012596,35.51968503937008,58,0.0030476590825495244,0.9891755556723241,0.9945352319899112,16,10,6,2,18580,162,43,40,39,35,16,12,True,False,False,True,False,False,True,False,True
candidate_000261,261,9321261,d61d4dae0a554ab7ddd1c69bd33906212b313c26fd5f6573f7e0f80dc4896d67,2ea6be08be576c0971119b82afbc837b22d46884c76d17cff103b63de141f979,e92239d52fb46c5d012b5a7d35e4b7b212950c4ccbc41c6484ff7721e719960b,0,0.9502944946289062,0.5131432414054871,0.08335323620730833,0.09251568436864893,0.4570056743780009,2291,11317,3.939764295067656,8.131600379943848,0.0,0.3660344154669334,0.6,0.3333333333333333,3,5.407419550109097,7.413398822341464,49,0.004329769373508881,0.9593531854731819,0.985950340196165,22,12,9,5,6449,3278,575,555,118,75,68,40,True,False,False,True,False,False,True,False,False
candidate_000262,262,9321262,e6697c2ef53b4d9048182a4618d5dba6ab1e2ab8fe3c8065017249a70a18c78a,956284d43133e7157a570c083188eadeb7266a27664b10a7013d60ca5370a2cb,bc3f4b067184126bd80e7e08de4aed36993a9ce37f9caad8c4a2fb9fe0886e1b,0,0.9388313293457031,0.5005124807357788,0.07112014224028448,0.07683336763394388,0.4888694893059799,2291,14577,5.362723701440419,6.101952075958252,0.0,0.39695770347953924,0.4,0.25,2,15.667694151198711,10.518809370358953,91,0.0062427111202579405,0.950950126912259,0.980517253207107,25,18,8,6,8936,3651,823,452,199,110,99,23,True,False,False,True,False,False,True,False,False
candidate_000263,263,9321263,b8fc84b5ecc012e90add5214db2da1a0bc610b829cb14e6a0023265bf9082923,786370590b1d0a325e6d36abb69ec563b21af92b12dd5cb44fbf1ad88a989e3f,4af7d5363fc0fab0858c42eeb1a6d5e3c2595774e875b2480d09e30aa60d747d,0,0.9296607971191406,0.49104446172714233,0.0628677088586317,0.06727425350761482,0.48974247053688347,2291,16678,6.279790484504583,6.7053632736206055,0.0,0.4052031653835224,0.2,0.3333333333333333,1,16.27340919217339,28.01423487544484,31,0.0018587360594795538,0.996702242475117,0.9984410600791461,9,5,3,2,16333,210,65,15,11,7,6,5,True,False,False,True,False,False,True,False,True
candidate_000264,264,9321264,75e86d05f4a7c6bc0c4cdeb8628b63acdee2e7cf4f50ed76fb6e803678916fee,ca8839793a3c987b1fa1a4d9f21397f16dd8f05f17db546818a9b11db19a074c,596bcea91bb9308f16e29b8a63d9dcd2b8ab138ae4c6752dfa74ba00794e0158,0,0.9074554443359375,0.47322505712509155,0.052649930264993025,0.05525822240519647,0.5272806634657354,2291,21861,8.542121344391095,7.454097270965576,0.0,0.4174418738478832,0.4,0.3333333333333333,2,14.148506958900327,19.930370302911424,82,0.0037509720506838664,0.9889300580943232,0.9940075934312246,17,7,6,2,19423,2067,79,50,47,43,12,9,True,False,False,True,False,False,True,False,True
candidate_000265,265,9321265,592b2287264ce72f977cf95baf97a24475beaeb442de06b715e1502952cbf7fc,af8a19ab8f836a6732193ec48f48b3b2bafa2fd1261f3bae6a3c23781f44b85b,5565f74a2994d4b8b2d86008186a9d1b1295d474505a28301ef35942565325dc,0,0.9154014587402344,0.47766461968421936,0.05242616033755274,0.05627583083281436,0.43387167175905716,2291,17663,6.709733740724574,1.522058367729187,0.0,0.31727144004037844,0.2,0.2,1,15.389318311289077,29.297153024911033,29,0.0016418501953235577,0.9920738266432656,0.9954141425578894,15,10,5,3,17054,302,137,30,20,15,13,11,True,False,False,True,False,False,True,False,False
candidate_000266,266,9321266,fa9195fbaf857b9f436ef63fcdf76312265172cf6bbd3c2e3117b2d49c1be804,256f3e5e970f360fc96ec0455b64491290019b1a235fd3f7c29eb61bcc96638b,59323879141b6e4f7aeb29ecda69c17e16b3d45199a0c1b140255e3b1655df70,0,0.9351119995117188,0.5017043948173523,0.07797452625038832,0.0833388671226509,0.5477957223919686,2291,15059,5.573112178088171,7.20078182220459,0.0,0.4665118872479148,0.2,0.14285714285714285,1,21.739906988307048,25.706692913385826,83,0.005511654160302809,0.9717112690085663,0.9891095026230161,19,12,7,5,13594,475,361,203,117,67,62,16,True,False,False,True,False,False,True,False,True
candidate_000267,267,9321267,c878169f248968bb07a5ac68d349c5f337f0649e8d624a31a0c91d98af8889ce,e74227743432f2c9aceeeba3f1fe3ebd361973b02fa207d150b6702e87eebd8c,9f82a59da00728db56c2dbff01e4ef98b24715119de6a594541b9a6a226ad063,0,0.9445991516113281,0.49938246607780457,0.06226677398112241,0.06960006542896868,0.3714535137494544,2291,12227,4.336970755128765,6.819674968719482,0.0,0.3106546351934956,0.8,0.3333333333333333,4,6.9178234951335895,6.0247676495596885,65,0.005316103704915351,0.8881164635642431,0.9762002126441482,18,16,12,8,3839,3337,3220,463,402,391,154,130,True,False,False,True,False,False,True,False,False
candidate_000268,268,9321268,6ad81ce4e623aa7c5a4290b19d9206a1770b66a8251cd6012716ad3d47429b50,f2c12328e7767fd0ea1bd2be614d348cba2d26cafd9e0c029eae05ca2c734c49,4f91855f7bfc9c5f6e24bd6ed8b8babaa1d355cd2222b5124cde47a63dcb162c,0,0.9284095764160156,0.510062575340271,0.10245253164556962,0.10768484512507796,0.6783064164120471,2291,14431,5.298996071584461,8.848137855529785,0.20963855421686747,0.6510164533358872,0.4,0.2857142857142857,2,24.658454269720053,16.27296104909082,69,0.004781373432194581,0.9839234980250849,0.9894671193957453,19,11,7,3,7958,5971,247,23,22,21,20,17,True,False,False,True,False,False,True,False,True
candidate_000269,269,9321269,81353ad9ea63cecebba5b08c85979d0341d1dfd27dcc548b977d5abfc106dd5f,27e0e516530ebd040e4227096778936cabfb614d0f70de60d982f33014431094,330c0176fb10523e1a0e662e92154887a4b29c6e600b9d844c2b6069f1625665,0,0.9365463256835938,0.49609610438346863,0.06500833440184639,0.07080511137490399,0.4426014840680925,2291,14321,5.250982103884766,6.5533881187438965,0.0,0.34158861000985996,0.2,0.16666666666666666,1,16.12338018022955,20.955516014234874,50,0.003491376300537672,0.9857551846938063,0.9921094895607848,15,12,6,2,12366,1593,86,72,36,24,17,14,True,False,False,True,False,False,True,False,False
candidate_000270,270,9321270,506c7419d5fd8a4e8f768879acebe4cd920a5705be48c754d56deb9b830e7162,a7b24c012e4f5f75762b846059f62ccd6f40119906759c53cff2525c70818716,a4078bed70df5486da5f97bcdee4c5b76df2d1d42581c86deae21a98949f0465,0,0.9196281433105469,0.48870649933815,0.06976868422458464,0.07364384797564001,0.5700567437800087,2291,17734,6.74072457442165,8.573139190673828,0.07392197125256673,0.48464471713260127,0.6,0.21428571428571427,3,6.977598247785202,10.637280064401951,59,0.003326942596143002,0.9405097552723581,0.9799255667080184,27,20,14,7,10879,3552,1955,293,292,255,103,49,True,False,False,True,False,False,True,False,True
candidate_000271,271,9321271,649ef9b1162c575b607c0ddee171e1ff18da23cdf0a66226358f308549320883,7f6cd14b32ea35b062d2be4b6c742264b8977896aa5cc96b1d2b7fedc231b298,3f0b9bbf2798e6cb0e12064e28b21fa989820f1dd64f33f72265c52620696748,0,0.9265861511230469,0.4843713045120239,0.052984990407403225,0.05736102626756261,0.40986468790920993,2291,16370,6.145351374945439,8.487296104431152,0.0,0.3033710243998279,0.2,0.14285714285714285,1,14.94978237416315,21.086614173228348,75,0.004581551618814905,0.975320708613317,0.9907758094074527,19,11,7,5,11247,4315,222,182,144,49,42,18,True,False,False,True,False,False,True,False,False
candidate_000272,272,9321272,08e34cc610e8da1873ac0a348a48c4c2775293e88ab54011db81e888043e3e0a,cd61b5a1deae17e3e8d2c159548a01c3a24e7044ed4e86eeb4c7345eab0f33f0,3e91f8249375a3bf1c329b29425ac0cea85780ff494fcdbe5c8b5df0cc5c5977,0,0.9149703979492188,0.49048009514808655,0.07863331698545038,0.08244300976975376,0.6298559580969009,2291,17503,6.639895242252291,8.957979202270508,0.0,0.547562310173485,0.2,0.14285714285714285,1,13.240285417665255,23.108540925266905,40,0.00228532251614009,0.9790892989773182,0.9949722904644918,16,10,7,5,13576,3117,240,204,184,45,33,16,True,False,False,True,False,False,True,False,True
candidate_000273,273,9321273,a993fee28e52b10c2d0168418b39661c63ee905ddcc73f74fcf75f5323f3ab0f,76eb1e236399d775704d98b49c9b06676c6b2f7f65c0827126fe1a7a4718a057,321705b0dae5a35b92f6fcac85a9cc9599fe59dc04a356b22914c4eb28d0ae7d,0,0.9279975891113281,0.49072688817977905,0.06414990355469827,0.06839816664707957,0.5080750763858577,2291,17018,6.428197293758184,4.577974319458008,0.002053388090349076,0.4245348188254443,0.2,0.1111111111111111,1,21.08645213990725,29.614173228346456,71,0.004172053120225643,0.9810788576801034,0.9901868609707368,15,12,9,3,15579,866,202,49,45,42,39,29,True,False,False,True,False,False,True,False,True
candidate_000274,274,9321274,6b7a39cacb7285fb1496be62bea8f14605d108f456f1fa715d5676b48842af9e,be6f8268779ca69a62f92baaedada3da091e977731440d2d7b17373b3ef70de8,6d545127f2290bc29b6e05bb13646ed0cca0321fc9c36a5b11e277a38d8e8153,0,0.8966102600097656,0.4701765775680542,0.059179795740638114,0.06110520722635494,0.6525534701003929,2291,24466,9.679179397642951,3.8039371967315674,0.1971252566735113,0.5752287920684064,0.2,0.1111111111111111,1,19.43646729087608,46.01377952755905,54,0.0022071446088449275,0.9854083217526363,0.9924793591106025,19,14,9,1,23910,86,59,54,51,50,41,31,True,False,False,True,False,False,True,False,True
candidate_000275,275,9321275,c8c90672826f7846801b5a90b6dd4038ab8334334c3326636630294cdc9be2e1,1adfe932706e7314a34b8c45995f75735a4d69489eb41e8496ab0f4f94e1cdad,fe208e8630d610b56c5c06659546b795d6dab7d067b3adfc6503efff3b9022c8,0,0.8985824584960938,0.46769604086875916,0.05192812436906925,0.054124579124579124,0.5613269314709733,2291,23760,9.371017023134003,7.653055667877197,0.0,0.49002346770681354,0.4,0.2,2,10.911930487623941,20.136467761369687,57,0.002398989898989899,0.9755050505050505,0.9912457912457913,22,17,10,6,20003,1657,1243,275,149,114,67,44,True,False,False,True,False,False,True,False,True
candidate_000276,276,9321276,d8855332b1395276c769286e553f485f5c82cd15ff931a1d2466f77ca5c67789,c64a6204b7fc5c0f7140cdd42d64ad3659b3b41600dd4da85953d0cf210099c8,d33671507fa4a8d96d0dac89d9eb02d05496e3d0edc3c4a59831908558369216,0,0.91204833984375,0.476896733045578,0.054759144091915256,0.058627694391152244,0.4535137494543867,2291,17722,6.735486687036229,11.058241844177246,0.0,0.34674059219462955,0.4,0.3333333333333333,2,14.427646341659152,23.11120698953727,53,0.002990633111386977,0.9865139374788399,0.9932287552195012,19,10,6,4,11593,4362,1372,156,57,33,18,11,True,False,False,True,False,False,True,False,False
candidate_000277,277,9321277,c9f4d15b340d06fb873b7ca1c660f0dfea178a9f67949a19db920d8f073a30c5,42bede7e7963ab9da3be3f2b6fa988243c75067255bb482d4fd3210faf3cea70,662e7204ac8e9137e5852e7394619e6919b0299ff3b5056e7e6ce4ca31950d04,0,0.9235420227050781,0.4853159189224243,0.058426116095557236,0.0625144575526255,0.471846355303361,2291,17292,6.547795722391968,3.915691375732422,0.0,0.36745242222370134,0.4,0.2857142857142857,2,15.61221724779966,15.198289382205047,57,0.003296321998612075,0.9887231089521166,0.9935808466342817,16,10,7,3,14151,2237,659,50,25,22,21,16,True,False,False,True,False,False,True,False,False
candidate_000278,278,9321278,f4704cd93e03d90695cdfcafc18746e45502111c1079d3fa77a03ac842c421dc,4dbc402e70b0609cb33437ae45a3b07ef586448b5acffd4e582acf4c981ed547,682b98bfecdd35ed132169659a3fcc3198311ab1c98eeebdbb541a7397ae10b1,0,0.9142036437988281,0.4673040807247162,0.0329004773392188,0.03594459709527281,0.27979048450458316,2291,17833,6.783937145351375,7.799506664276123,0.0,0.1601688583688212,0.6,0.375,3,9.450702857367299,13.693428615472461,70,0.003925307015084394,0.9841305444961588,0.9906914147927999,18,13,8,4,6390,6252,4791,117,50,24,23,20,True,False,False,True,False,False,False,False,False
candidate_000279,279,9321279,fb52266d457ca5f3ea8f143a2c132ce0675410cb9d84f44170ec14830a1e6484,30373c53ba3debd62e4ba620f927f2b7b5b8b426391dd477f394a4325fd51a4b,1d3785aa2ad2b0acdeefc103a12df928d82ee96186374a26942966f1bb1ce83d,0,0.9348640441894531,0.4902857840061188,0.05530829030918046,0.06016008262328944,0.4068092536010476,2291,15492,5.762112614578786,5.5760178565979,0.0,0.3000572479649873,0.2,0.2,1,15.010091457994418,28.56496062992126,92,0.0059385489284792155,0.985153627678802,0.9895429899302866,17,13,5,2,15046,157,34,25,23,19,14,12,True,False,False,True,False,False,True,False,False
candidate_000280,280,9321280,a792dd402f77a7d450d9c5541ffc380f9e2f71d1178fd9e81d63ce97fc91d926,681eb7415ae1d39c24bac0b5e93de3361cb6aee5f97dc26eaf11a54adb9de791,01dc9d13eb9d323a6a018addf8c05bf803f52491375e8f013b6d252c89c63699,0,0.9271316528320312,0.4888332486152649,0.061150248296570044,0.06583364416262588,0.4622435617634221,2291,16086,6.021388040157136,6.044593811035156,0.0,0.3572924895951099,0.2,0.1111111111111111,1,20.406006044617282,29.409448818897637,67,0.004165112520203904,0.9806664180032326,0.9882506527415144,18,13,9,2,15475,216,50,34,33,32,30,27,True,False,False,True,False,False,True,False,False
candidate_000281,281,9321281,d31e73a3698d592a2bd1462b699fbf9765108af191040ad963d7588988d9b6ff,b20b9f0c8acc17397801be81bd31ecf42677d7812e95a1f0bc0e36f9b423dda4,c04e6412495b3bb677174fe409a42bc708676608590c2c25104fb547e58a78e7,0,0.9347038269042969,0.49188023805618286,0.05858572895277207,0.06426861889342532,0.398515931907464,2291,14206,5.200785683107813,6.7205047607421875,0.0,0.29199573295128295,0.2,0.1111111111111111,1,19.34958537566846,24.771653543307085,81,0.005701816134027876,0.9648739969027171,0.9833169083485851,26,15,9,5,13120,280,194,113,106,65,56,35,True,False,False,True,False,False,True,False,False
candidate_000282,282,9321282,b2b3b8945e5b88554b26e5a03dd0d523e59dd5b078bc5ae200a5e322e8cdde5c,19f6e78e1f366bf4605e38e0f5919ab70a452fe64f19902abb24fac76c860fef,251696b89095efc0e49d8be87e1cfa1fbe1e93adf8ab6339ac56f6e20f29c627,0,0.9164695739746094,0.4797184467315674,0.055357590966122965,0.05886748145380798,0.48144914884329987,2291,18737,7.178524661719773,5.850330352783203,0.0,0.37293591830307854,0.2,0.09090909090909091,1,16.027442785869635,30.25,71,0.0037892939104445748,0.9683513902972728,0.9848428243582217,26,19,11,5,15902,1602,355,285,105,94,77,33,True,False,False,True,False,False,True,False,False
candidate_000283,283,9321283,21cb71e2135f15f164bbef0efe65339811e9f4b021eda1cc99481aa72116be7b,7d629cdbb8824a0298e27628094616e548fa0e3923651ab1606835666b5926e5,4d6403161e4b496aef6fa9ad1646535c173b8a05e7a7f4954623c383504751b0,0,0.9400901794433594,0.5020534992218018,0.07285464098073555,0.07985257985257985,0.4539502400698385,2291,13024,4.684853775643823,7.7239179611206055,0.0,0.34993072657491187,0.2,0.14285714285714285,1,21.61566075903825,22.562992125984252,97,0.007447788697788698,0.9787315724815725,0.9864864864864865,22,11,7,3,11997,371,311,68,37,28,21,15,True,False,False,True,False,False,True,False,False
candidate_000284,284,9321284,bc0cd91550f6d40fc22f48b341878269ede4233591cdf3f442c6eca2e18c9da3,47046abb784e801c6c321568417bcbbe417736f3f25d258d3c7b10994d372df6,4148588efcc575c20d724a9696191507a6933627214b344f27d69565262d799b,0,0.8955612182617188,0.46102890372276306,0.04193901840027204,0.043897809064304356,0.4845045831514622,2291,25286,10.0371017023134,7.734550476074219,0.006160164271047228,0.388967656184963,0.4,0.2857142857142857,2,22.090214647259394,22.081293608316756,63,0.0024914972712172744,0.9918927469746105,0.9959661472751721,14,10,7,3,14603,10276,155,47,34,32,25,12,True,False,False,True,False,False,True,False,False
candidate_000285,285,9321285,99dfcd2bd1ce3edb31852ab0b2dbdb4ee8562f3092851e4f7d93514c219f3106,59584bb449d6281b4fed8bdd45bcb4f1b034c4520b5be73dc8bd1b936fd8336b,2c468748981c53f157e3d8c9ace2fc7a152a5ffdac44fd1877d6178423eb7f68,0,0.9088630676269531,0.47283729910850525,0.05029301565952541,0.05348932257075713,0.4570056743780009,2291,19574,7.543867306852903,5.003611087799072,0.0,0.3758251779461694,0.2,0.1111111111111111,1,19.467835088755667,35.27755905511811,98,0.005006641463165424,0.9773168488811689,0.986819250025544,26,17,9,4,18456,298,255,121,77,50,34,25,True,False,False,True,False,False,True,False,False
candidate_000286,286,9321286,1801568366d450665635579482aafa025f9e705a9c26bd631e3e23de24d281ec,d7cbd8e7e20e8366a14806a2bba3b8c96644bc00a24407912fc9958546ac6918,edacccf7faa788603a19e18f852225710399bcb323e2c39f645d856d9e7abe74,0,0.929351806640625,0.49603742361068726,0.07330552659019812,0.07685159879748565,0.6137058053251855,2291,18295,6.985595809690092,8.828320503234863,0.0,0.5443354511992218,0.2,0.2,1,20.537268342270917,30.197508896797153,67,0.003662202787646898,0.9887400929215633,0.9927849139109046,20,8,5,3,17560,287,207,35,31,17,13,13,True,False,False,True,False,False,True,False,True
candidate_000287,287,9321287,e9f3af7af2795ed0e38dcbdc0761c99ca39670872197ea0e80cebc9d922c53f2,380ee58903c88432168c35d27992f80b98fcdac9ee8df26cec6e6f869c014a8a,57e0afa8185f3c8aef85267dbf093a82dd3d87ffc08247748b939c1c32fc0d42,0,0.9368705749511719,0.4911387264728546,0.05469694078738154,0.06017352364959418,0.3753819292885203,2291,14292,5.238323876036665,7.255214214324951,0.0,0.2709641031547355,0.2,0.125,1,15.72584583971056,21.23228346456693,54,0.003778337531486146,0.9818779736915757,0.9904142177441926,15,12,8,3,11321,1555,1090,67,41,33,27,21,True,False,False,True,False,False,True,False,False
candidate_000288,288,9321288,6f7acdeab33898cd3a7a1e98a930190180c1dc1558d8dabcb65fa698bba90a04,36f35ac0d6180b1e3913a13dd8875d93e734de158513d9315a04f9088475f7e7,18c05e26d02866c4adc857784f673e843cf7555b8d239041cfc27e79488c8d44,0,0.9287261962890625,0.4951167106628418,0.07207408233850274,0.07632776038282034,0.563945875163684,2291,16927,6.388476647752073,10.119404792785645,0.0,0.47400222607866377,0.2,0.1,1,11.061946676835714,24.12204724409449,62,0.003662787262952679,0.9773734270691794,0.9853488509481892,23,17,10,3,12789,3214,474,67,58,32,24,21,True,False,False,True,False,False,True,False,True
candidate_000289,289,9321289,7e824a91290279d03793fdeaa4536398f3f3795838118ef0304b225d5e705e09,9327e60d0d38f289e722de864547a5825d3ef61ddd581766807dd87821edde75,3d0b9b2a506fd30928d57d308a77697bb8d5c0b5a45b11b557f44113ebdb48c5,0,0.9241943359375,0.48774561285972595,0.06253880453801433,0.06701342687794846,0.4836316019205587,2291,16534,6.216935835879529,6.587422847747803,0.0,0.40909680040319674,0.2,0.16666666666666666,1,20.28421241587399,28.8248031496063,27,0.0016329986694084916,0.9900205636869481,0.997883149872989,9,7,6,3,15178,871,235,85,67,39,15,9,True,False,False,True,False,False,True,False,True
candidate_000290,290,9321290,fb6bb428999520149f7b7b8c26c8c2078f182b483475beaa03caf33557a7ecbb,be871e852001bb24148c7b78adb5d4c2231bdf3baa28c043dc8179c73a1ad3ea,361f8e23e46de67118a69b7e2264c65016cdb1cb8019d72f29e8418447850e31,0,0.9464569091796875,0.5098589062690735,0.08120928915321439,0.08836671802773498,0.5006547359231777,2291,12980,4.665648188563946,6.82238245010376,0.0,0.4034956826904511,0.4,0.25,2,9.937844852583748,9.28163967270995,78,0.00600924499229584,0.9763482280431433,0.988135593220339,18,13,8,3,6927,4210,1444,92,61,44,25,23,True,False,False,True,False,False,True,False,True
candidate_000291,291,9321291,2c5cf42514d3dd4a2225643e2f54d9a9eed6c05252c11aaa14864a0eee2e8e2e,94773d14c250e804cb08244068905eed028906a7b64af5b76b67d6918cbc0d44,1270272323c19e0dc1159c8b836cc3b63c1e8a3d4f92514b3b6f1066201fdcf2,0,0.9255218505859375,0.48247650265693665,0.05039394249462806,0.05400219298245614,0.42994325621999124,2291,18240,6.961588825840244,8.018755912780762,0.00963855421686747,0.3310671898778421,0.4,0.5,2,13.303313890603157,17.371508870126174,51,0.0027960526315789474,0.9934758771929825,0.9957236842105263,13,7,4,2,15276,2791,33,21,11,11,10,9,True,False,False,True,False,False,True,False,False
candidate_000292,292,9321292,8013fd055129054bef04e349e2e92f82c18fa050c87a646f6891622313b03ce4,3417a84875b67f0eba039833d8a49c818485ec384ca9a8c65d887a95a7b8e6b7,14d7a051b9a12b15d5ce673bcec7dd63b4a525f0f5464ae19f9b76f28527eac2,0,0.9378280639648438,0.5027146339416504,0.07684529828109202,0.08244626754356228,0.5307725883893496,2291,14749,5.437800087298123,5.383533000946045,0.0,0.42580460490435523,0.4,0.15384615384615385,2,4.737617344263362,12.603845324129004,68,0.004610482066580785,0.920265780730897,0.9745745474269442,30,20,13,5,7406,3707,1349,1111,640,88,37,36,True,False,False,True,False,False,True,False,True
candidate_000293,293,9321293,0972a7fa09f21c45df772dbedd2d7d5a099af4867444c65adee19428dbfbc739,502629431233040db9b67ee76039942f7b5a7ca95dbf00031156a5dff705be50,da670cb3c1ba731e29c3ef63748a110ff47f881676deece7054ff470550642fd,0,0.9350738525390625,0.4934345781803131,0.06110056925996205,0.06668967897825337,0.4216499345264077,2291,14485,5.322566564818857,8.562637329101562,0.03855421686746988,0.3164113332021685,0.4,0.25,2,11.403079724624135,15.142285082515372,44,0.0030376251294442526,0.9602347255781843,0.9925440110459096,17,11,8,5,8809,4383,421,296,296,88,64,20,True,False,False,True,False,False,True,False,False
candidate_000294,294,9321294,f369a6c8441e7933563a055d47b12b50556aeac76d4685e8122ae135d4d01e28,1cebffda62f552c4f1806928227b7ff126e91af672cc7f0211d911a5ea90a767,2fcbb0746049d799c59dd987ca796300d6f7065ed7f7693e5e1b5e1c27328833,0,0.9015274047851562,0.4654904007911682,0.042880083329716594,0.045450363418897785,0.43125272806634657,2291,21738,8.488432998690529,9.253111839294434,0.08433734939759036,0.32949515010391006,0.4,0.3333333333333333,2,10.847011774691001,19.665420881553505,34,0.001564081332229276,0.9912595454963659,0.9972398564725365,11,10,6,3,20375,718,374,81,73,28,17,12,True,False,False,True,False,False,True,False,False
candidate_000295,295,9321295,71f36e6c0642478d2abcc6b506c3ff43f1b8ab55cefbc6eccd73562434727577,b57a56ddf2a5c471d49273fc87b8c35df76fff7d178e6632ba85e8303e6e3375,80e7a9ef3c08eb1189c5f2c9978d965806c1f2724db45828407aab47b0ba8a8d,0,0.9505424499511719,0.5076069831848145,0.07195833990847404,0.08074369189907038,0.3980794412920122,2291,11295,3.930161501527717,2.5315635204315186,0.0,0.32526837100746253,0.2,0.09090909090909091,1,8.151062582575433,12.68503937007874,77,0.0068171757414785305,0.9411243913235945,0.9752988047808765,22,17,11,7,6979,2869,556,226,106,103,102,75,True,False,False,True,False,False,True,False,False
candidate_000296,296,9321296,71bd60f8bacecd29b29ad437394ebc55030696d6736456f0f1780f128b063e69,2053a6ac6567e1eea912bfd140ceceeb475696911401a32e9c6f9b6077586270,84a709f225f513fd03b8e242ba0a990604672cf362352886711d12ddd5ace0e9,0,0.9514503479003906,0.5114191174507141,0.07853779232181339,0.08768490465157726,0.4295067656045395,2291,11222,3.8982976865997383,7.678600788116455,0.002053388090349076,0.3202215027985976,0.2,0.07692307692307693,1,16.46472231745246,14.93503937007874,59,0.005257529852076279,0.9091071110319017,0.9682765995366245,21,16,13,7,8122,1174,623,283,221,197,151,95,True,False,False,True,False,False,True,False,False
candidate_000297,297,9321297,cfae71767d2e398816c2622699e967f07e605a629e22ee73cbe23c2081e84050,953262fcf048b7eaf59515f2e8b11f06f7c9baeaf6f54201a77189c52a731088,1d5a46ab0a5eda9a1f2e9a4612e054b651ac50e0d83262971c0bea34ac02dd9e,0,0.9025688171386719,0.46741682291030884,0.046684831970935516,0.049525461290167175,0.4487123526844173,2291,20757,8.060235704932344,9.844902992248535,0.0,0.3438450584589275,0.2,0.2,1,21.682461115889446,39.273622047244096,49,0.002360649419472949,0.9929180517415811,0.996483114130173,12,9,5,1,20486,53,38,33,25,17,16,16,True,False,False,True,False,False,True,False,False
candidate_000298,298,9321298,19d8ee02e27b1d74cb6bf00e35fe4c8dde66e53279c897041b6710a094e1a0b6,8a4d8edb69fbc9a9e9c01e2b4f5754805b934cdd1e4372e605678a334e795fb8,d716b09fc28782797a30248ba4a259f4b5f2dae5b586113c93201ae7951a0cdf,0,0.9495353698730469,0.5103626251220703,0.0785437645236251,0.08716582137023983,0.4426014840680925,2291,11633,4.077695329550415,4.6005377769470215,0.004106776180698152,0.3352231906754133,1.0,0.35714285714285715,5,8.233272773057541,4.490971223223653,27,0.002320983409266741,0.9074185506748045,0.9722341614372905,19,16,14,7,5167,3358,1323,708,292,227,162,73,True,False,False,True,False,False,True,False,False
candidate_000299,299,9321299,19f636fad29d735f2100eb31b2a9a5d9ed27a8df2b105c4c325e8556cfe59a18,85fe1ab28ac913bb360b5ae4a013ed0582fd9f389e5f34c639177aa053225f55,87eca7b41ccf8ac72f4235f45ad4bceff939725c38878de41d59e69fe5dd9ece,0,0.9378166198730469,0.4930245876312256,0.05736806031528444,0.06371802679658953,0.36534264513312964,2291,13136,4.733740724574422,6.799115180969238,0.0,0.2577132766262726,0.4,0.2222222222222222,2,13.097795238408295,10.937823735888436,90,0.006851400730816078,0.9588915956151035,0.9814250913520097,23,17,9,5,11180,927,271,218,154,50,46,46,True,False,False,True,False,False,True,False,False
candidate_000300,300,9321300,4377c0634215e4e3562b9fffae569b1f32466d9464c1babe6ba1facc5f50bfa7,63c76a22a86aa2863dd801f350cdcf24f024d1c6faad0dd68787df0383d3b2ab,7c4014023b3226a6ae79aa0e76a5abf70e2514cd2dd500fa6f3e201bcd076e95,0,0.9394378662109375,0.49839386343955994,0.06622861232190488,0.0722088239466591,0.4443474465298996,2291,14098,5.153644696639022,5.49231481552124,0.0,0.3543238799567427,0.4,0.18181818181818182,2,8.56895775748443,11.435358696179405,69,0.00489431124982267,0.945382323733863,0.9778692013051496,23,18,11,6,11323,1283,539,183,148,135,99,76,True,False,False,True,False,False,True,False,False
candidate_000301,301,9321301,739643d54662284575153f331587eb06fabaf40121d9b19ac68e03a96b1b45da,2a47991a7c2b6811913322ba6016ae0c45c0c838752aca3efcb8c4436bd65eaa,67fba35e8e0f943b2d6e011754a0d6fc27ffb46fab751e8aa52d0343fa7a0dae,0,0.9525260925292969,0.524150550365448,0.10285047507917987,0.11278676537793621,0.5386294194674814,2291,10941,3.7756438236577914,5.095653057098389,0.0,0.4276369616505966,0.6,0.21428571428571427,3,8.2626645988194,6.698320705658918,83,0.007586143862535417,0.8575998537610822,0.946165798373092,30,23,14,9,4264,3995,579,545,445,221,160,143,True,False,False,True,False,False,True,False,True
candidate_000302,302,9321302,18a57b21c6b30df8cb11a09aeccb3cf45be5cbb53aba82390c567f1b718c2815,47b168de4c20d9a0ef91f4ec2506053544b4bf22ed31b6f713c96ec4d22237a0,3e7b7c55ca52db0c0e9f60157dfa5e30d0ec448a8b263df2b34869a23d0bdb9d,0,0.9180946350097656,0.4829214811325073,0.0599615938550168,0.06311906205781281,0.545176778699258,2291,19788,7.637276298559581,6.118319034576416,0.0,0.43871307619513544,0.2,0.125,1,21.082871807177632,34.868110236220474,33,0.0016676773802304426,0.9857489387507581,0.9945926824337983,15,12,8,5,18248,770,366,122,100,28,24,23,True,False,False,True,False,False,True,False,True
candidate_000303,303,9321303,c1f04be7e7ef06755e03f213eefb6113bdea5ca9126821a83dcd2fbe81fc8d1d,2097ab0c39bd1e872dcc609a2c63d4bf6f204c554fd9716833b86f0a15bf1030,0dbdfefd19611616d2d681cf07a9e4ddae3651941c8e520bef562193f2f4f6ae,0,0.9531936645507812,0.5107855796813965,0.07524230573031797,0.08545770567786791,0.3862941946748145,2291,10356,3.5202968136185073,6.539880752563477,0.0,0.28647948727503075,0.6,0.375,3,4.363819767734465,4.749155103357412,30,0.0028968713789107765,0.9758594051757435,0.9915025106218617,17,10,8,4,3669,3081,2855,501,54,54,28,26,True,False,False,True,False,False,True,False,False
candidate_000304,304,9321304,fd0f611b11bd075bb9c9a105542c78ea8fc0f125a17d6ff6bd584167f89803ac,48f82942e5db3a2df7e370b98f613d5bfb1e65df508fbf4ad2fc0ac9ebd32a5b,ec4cde94b83bbb16260e97957672185d8c4332289276f870b664468ea4745d69,0,0.9063491821289062,0.4727872908115387,0.053152825731419225,0.056004978220286245,0.5106940200785683,2291,20891,8.11872544740288,8.752691268920898,0.0,0.40538334118093405,0.2,0.1111111111111111,1,16.744184959086418,38.89173228346457,55,0.0026327126513809775,0.985448279163276,0.9919103920348475,20,13,9,2,20292,108,94,93,39,34,32,30,True,False,False,True,False,False,True,False,True
candidate_000305,305,9321305,a5c6d90dec0897661297a19491e35ec65f99b6420198414420c76d9758d6aee3,ce10b83a5b5d40a5904cb36a1e50e2b12aea819244272739f09f94a457f09476,7241b7e233d1afa4a5865352801ce37e775432ca285f8dc45b08d81fd78a0703,0,0.9384765625,0.49290499091148376,0.05637843608219909,0.0623984640378083,0.3688345700567438,2291,13542,4.91095591444784,5.724758625030518,0.0,0.2601751758343471,0.6,0.3333333333333333,3,4.554627469677846,7.05273808184887,90,0.00664599025254763,0.934647762516615,0.9841234677300251,22,14,9,5,4977,3887,3275,518,516,56,53,45,True,False,False,True,False,False,True,False,False
candidate_000306,306,9321306,17d2c7b28fb2545900812efef1810a94a328e138a6120e5cbf2eb0ff20a2eb3a,0344ee21c70d6b151c78b2dc589ca34072ca2cde1aa8f8abfd984644167e42ef,f7b30d632135b3b390f7a6d0c47e22ba318de0dd331c34df453ff15977646814,0,0.9315223693847656,0.4881952106952667,0.054876573088092934,0.059891706286318014,0.3958969882147534,2291,15144,5.610213880401571,8.448841094970703,0.04819277108433735,0.31408901215672835,0.4,0.3333333333333333,2,12.59347136491074,16.08747707906375,56,0.0036978341257263604,0.9876518753301637,0.9926703645007924,15,10,6,2,11393,3452,71,41,29,20,15,12,True,False,False,True,False,False,True,False,False
candidate_000307,307,9321307,c3fe4ad587c21fb1252a7608f05ef5b8a8aa2f58b40e410f11964e2bee233ac4,ca08e3aea1ccbebb4b70d410e11ed6268c7d4d27114af11a75d5b9c1bb24ce9a,052bab50dbd0d593bc5561de07acca0cac4a4f85a7696112e49fd24f9d981cea,0,0.952117919921875,0.512558102607727,0.08006354249404289,0.0891483152029716,0.4399825403753819,2291,11307,3.9353993889131385,6.783254623413086,0.039014373716632446,0.33594475984001765,0.4,0.16666666666666666,2,14.762073792137896,12.803673280358797,92,0.008136552578048996,0.9478199345538162,0.9680728752100469,28,21,12,4,5619,4737,183,178,75,60,59,35,True,False,False,True,False,False,True,False,False
candidate_000308,308,9321308,190eb8275d11f4d7c3a2ae06def495a0559c2fefb8d77758cc76d25b5019b454,ee413d7f02794e5d6159659196e9f65edbbe7e1bd8b52710c8b33b052a0d6171,804c532f5f5d3b56b94c7aed278574733855243ac2441064914e2560e44b3933,0,0.9362373352050781,0.48992928862571716,0.05299612378471119,0.058403361344537816,0.3640331732867743,2291,14280,5.233085988651244,6.523927688598633,0.0,0.24945970115884786,0.2,0.2,1,17.130264527737513,25.8248031496063,53,0.003711484593837535,0.9845238095238096,0.9948879551820728,11,9,5,5,13654,166,121,118,103,17,15,13,True,False,False,True,False,False,True,False,False
candidate_000309,309,9321309,50826bf3036098d5e7e4539351c7b222a2f17e69222c70964fd9cd9d73249f45,98d8af94cfe87c8055275f0820648295c993229e8d1c3374b06b356821336e46,b709a1ab833cfefd9313973eb7f2c570d6c796f2a3672955fa0b498113f88617,0,0.9399604797363281,0.502334475517273,0.07360163710777626,0.08023497917906008,0.47097337407245743,2291,13448,4.869925796595373,10.475533485412598,0.0024096385542168677,0.4070307385049818,0.8,0.5,4,8.048916024991275,6.744869449820294,60,0.00446162998215348,0.959101725163593,0.9906305770374777,18,10,8,6,7522,3287,1739,350,195,163,33,33,True,False,False,True,False,False,True,False,True
candidate_000310,310,9321310,d11b62e06c6f839ab9773a31b9a0e31973a924220c1dafcf86d7a75335d3f024,fef1943ce18ed4266f5d4c73621eac534b67b95b415fe4067ba0852e7c3e66be,84574f3f5da465ef5e97d759d66fe07f0a0e047a46485c9a49730d39e57407a8,0,0.9362716674804688,0.49295711517333984,0.05900961973013106,0.06476757369614512,0.39895242252291574,2291,14112,5.159755565255347,11.065114974975586,0.0,0.31552975426963015,0.6,0.42857142857142855,3,6.083439887161416,6.65363990748887,61,0.004322562358276644,0.9683248299319728,0.9907879818594104,17,11,7,5,6547,3895,2338,885,239,30,29,19,True,False,False,True,False,False,True,False,False
candidate_000311,311,9321311,8ffc4d66cd12b02c58fbc12a63f3b7fa51c7233ecb0866f0707332ac82164e3c,ce7efd6b4500519c614a00d7b8d4c35c1a37469008edd2bed6aa926c25ff39f9,2c8be717709347b9617caa420c65ae0dfa068c1de22dc50ce09f5b7d82accfb1,0,0.9136810302734375,0.4743029773235321,0.04768730886850153,0.05082760376878024,0.43561763422086425,2291,19635,7.57049323439546,3.7833704948425293,0.0,0.3665628561800274,0.2,0.25,1,19.202195658035794,37.26377952755905,46,0.0023427552839317546,0.9948051948051948,0.9969951617010441,11,6,4,1,19465,26,21,21,17,10,8,8,True,False,False,True,False,False,True,False,False
candidate_000312,312,9321312,de98ae35a0e98b3df7ceca887007e418df44486dd7460ea8de413e3be415ec32,84a065a42160d9382c9a2fe8ac64e6809f276ee620cd114f559877adad63df8a,38c207be30c33b909481fd89d3f8779beec2630b0de23d9695ada5a62bb64ee2,0,0.9377517700195312,0.49703124165534973,0.06551858086235919,0.07143361332674525,0.441728502837189,2291,14167,5.183762549105194,8.24003791809082,0.0,0.33361289157424073,0.8,0.3333333333333333,4,11.449250359710264,7.368151637770527,54,0.003811675019411308,0.8867791346085975,0.9714830239288488,27,19,12,7,6112,3326,1817,1308,492,476,153,79,True,False,False,True,False,False,True,False,False
candidate_000313,313,9321313,4cf73ac85752cf586d3353e881065eb328e41837303dd5a5e0c32d663a8d6e57,fa24336901aacaba0d2514206331dcac2aac11b5e27c9a829187f18fd70ade89,0255cf209d93fa532a4db4e1aa5857dbc8605ea3aaa1911fd7265263d6cc9134,0,0.9370536804199219,0.5001069903373718,0.07249144061100869,0.07865409344192027,0.48057616761239635,2291,13998,5.109995635093846,8.49946117401123,0.0,0.3820830317105241,0.6,0.25,3,5.801057229516279,6.837348967487873,58,0.004143449064152022,0.9274182026003714,0.9806400914416346,22,20,12,6,4605,3749,3688,940,540,102,55,48,True,False,False,True,False,False,True,False,False
candidate_000314,314,9321314,84369223c71b0fbcc6c065266fbc82d0c6ed1b18f4bd126bd3f880bef0b6b7df,773c19997d7a3777b4e8fa63d868dd572ec71c272a9558c8eed3adda183db0db,39587afec1a2618de956fcb404e46780dc35841915836d92eec1e449c855cdcd,0,0.9032173156738281,0.4739362597465515,0.05910987482614743,0.061602572813335144,0.5936272370144042,2291,22077,8.636403317328677,5.857377052307129,0.13253012048192772,0.5145128821762339,0.2,0.09090909090909091,1,20.660566618965056,36.22597864768683,77,0.003487792725460887,0.9810209720523622,0.988630701635186,24,15,11,4,20948,309,254,147,69,36,32,31,True,False,False,True,False,False,True,False,True
candidate_000315,315,9321315,e9c35bbb4497503b790abcd9446a1d77c998af1ceab6ddc34c4246fd7d0a6d83,cbcd2c76768f42cfc5220435e4e2ba1f658c1512ef058db60d5706e834406d67,775da1b8f0175cb7dc2eb91171adbab00bebf762af693586c0958e92dafbb279,0,0.9284286499023438,0.4873749911785126,0.05690362269309638,0.061424003935071324,0.436054124836316,2291,16264,6.099083369707551,6.197358131408691,0.0,0.3271875879130923,0.6,0.23076923076923078,3,5.111579786581789,9.50943928010315,72,0.004426955238563699,0.9428184948352188,0.9783571077225774,27,18,13,6,5781,4532,3406,1615,279,203,49,47,True,False,False,True,False,False,True,False,False
candidate_000316,316,9321316,624d79b34ef4ef6ce857ea08680ef9ba907cd889d7a0e40ab1e5a535bbd537f0,a270d8978e7c1aee497679d85b73525036d76468a412c0f872f07a46ef8d3400,3f6543458a7e488ca16d0589dfada3a0338cdbd2c719b9fd2e5b56ff85e9e446,0,0.9402961730957031,0.5057393312454224,0.08003064707111514,0.08694665153234961,0.5015277171540812,2291,13215,4.768223483195111,6.83566951751709,0.012320328542094456,0.4302821238639722,0.4,0.2857142857142857,2,8.75737862026566,11.553554093409556,54,0.004086265607264473,0.97631479379493,0.9903897086643966,18,11,7,3,7635,2962,2220,85,83,49,37,17,True,False,False,True,False,False,True,False,True
candidate_000317,317,9321317,6b1724f3337a686df9deb5b759d3bbddb94fa009229f1dc1570e5faa4517c7f7,1a2ee94e47ee3bd43a89a3d82af3066815ffaebdd268f2204260e7a25853c635,dc5278dd9909a02f067d735bcb71b5eb8648fe455cb2efd990a5a388ba90e25b,0,0.9338607788085938,0.49242693185806274,0.060776756596501634,0.06570934034232964,0.44740288083806196,2291,15599,5.808817110432126,7.355935096740723,0.0,0.33722626984278303,0.4,0.25,2,8.851696317409486,15.698252615683314,22,0.0014103468171036606,0.9807038912750817,0.9955766395281749,14,9,8,4,8031,3513,3034,720,67,56,55,54,True,False,False,True,False,False,True,False,False
candidate_000318,318,9321318,97de78561d73db8b2deb8e08a735a845710bf82b43d946e35a01ea537a1968f6,5ba64ce408c460a2a07c5090afc9ce6f911c20c8ec9ed8dc093660727f5803ca,7ca4bc8667f515754f980aa9367e959e4336037c1e393f0e28a3b9cf83a3a501,0,0.9187660217285156,0.4872666299343109,0.06772387083267913,0.0714522363335174,0.5648188563945875,2291,18110,6.9048450458315145,7.556844711303711,0.16427104722792607,0.48727962147775944,0.6,0.3333333333333333,3,13.19462094281837,9.78817702076885,40,0.0022087244616234127,0.9733848702374379,0.9912755383765876,18,14,9,5,14119,2928,351,230,130,90,60,44,True,False,False,True,False,False,True,False,True
candidate_000319,319,9321319,0b4e254f748804afdb1bf7824feed85e79a6482fd15cac076d84874698f17194,ad2601e7bebd07abffe9a89d0ad8784e3bd364c1d1f97169e5e8e7bc7ba62626,f5ef27185421c907094c4f764e27ceeba2c9c18fc9a23d40089b2cfe8fbfbd30,0,0.9517440795898438,0.5173209309577942,0.09004082261418779,0.09855830031194672,0.5102575294631165,2291,11861,4.177215189873418,4.877875804901123,0.0,0.42291992562710096,0.4,0.4,2,10.173540783310477,8.54898142180626,25,0.0021077480819492456,0.9440182109434281,0.9966276030688812,11,7,5,5,8504,1354,683,656,587,18,10,9,True,False,False,True,False,False,True,False,True
candidate_000320,320,9321320,26b65ef35fb120bf17c851b4775c83c5907a3ae99eb5f87829e226b7385e17b4,b2d85d215d706916dba1bc9211602eda97040f7aef672e1f4ba1df78ce1c33ab,917ce3e9ebd5b67f5000cb8c3ce3c9b646aace49f55848d6185e0d05bd5e303a,0,0.9194374084472656,0.4792896807193756,0.05102588892469653,0.054986398101522255,0.4146660846791794,2291,17277,6.541248363160192,9.642011642456055,0.004106776180698152,0.3104206353437063,0.4,0.2222222222222222,2,13.073716072878351,18.048295760975083,88,0.005093476876772588,0.9786421253689876,0.9891763616368583,22,13,9,4,11932,4285,513,178,91,33,33,25,True,False,False,True,False,False,True,False,False
candidate_000321,321,9321321,a6e3a3bde0568ea849b757051bbb44d847df25db302e3cb0311dcc5b5b1a145c,e9c65a4350fb6fc5994adb8b228b16f89f552e15a0c9c928f30523651fb0f5ad,6fad0dc9e12e8d4a2fdf409158bcda563dbd1acf848b2ea1dea27eece9bc0098,0,0.9585723876953125,0.5301440358161926,0.107855587808418,0.11983471074380166,0.5189873417721519,2291,9922,3.33085988651244,4.022189140319824,0.0,0.4257122115871097,0.2,0.125,1,29.737739983232238,16.811088295687885,71,0.00715581535980649,0.970167304978835,0.9841765773029632,17,12,8,2,8701,784,81,60,49,38,28,24,True,False,False,True,False,False,True,False,True
candidate_000322,322,9321322,a3718282b2836c7f5549a4a2e3cb21095cbb1a9ea3ae92905152ae34f80d28d4,ff04d2801d7877babb0596a63ef891fd739b3f21434f63788aa53f517ee7465b,36dbf8902a695e589a326b672e6531474396088205f198388d677ea4a1be6e81,0,0.8924636840820312,0.45822563767433167,0.03992192391264317,0.041779079626917445,0.47315582714971627,2291,25946,10.325185508511566,6.9022321701049805,0.10120481927710843,0.37843229247587007,0.4,0.6666666666666666,2,14.613670009007418,24.58629686817895,29,0.0011177060047791567,0.9965697988129192,0.9981114622677869,11,6,3,2,21144,4677,20,16,12,11,9,8,True,False,False,True,False,False,True,False,False
candidate_000323,323,9321323,cc6f812356db3f15bc7b85fef8a3c4f1511755d0623990b8633a33ba39eccb99,0a2e6d8d50580834785a880f0671b91218c5baf5c27312f2af2c5ad329d35ae5,8af3797edc653738d99ddd6b7a5c2c350b7ea109f357be058ec89c57c5d5808e,0,0.9259109497070312,0.4891190528869629,0.06333241226858248,0.06761061946902655,0.5002182453077259,2291,16950,6.398515931907464,9.661518096923828,0.1293634496919918,0.40608162452087,0.4,0.2857142857142857,2,8.75201678836845,16.89192104411606,75,0.004424778761061947,0.9814749262536873,0.9900884955752213,23,11,7,4,7086,6399,2971,180,83,25,20,18,True,False,False,True,False,False,True,False,True
candidate_000324,324,9321324,4dbd9225e31593228818ca1e920c4517fa9e94a462a656b2c09731aaba0a04c8,daba407babd209a4416400c34d287471af28e97649a241920abead6deba344e6,068b172dced3274b1dbb72a8bb8eab49a7829399c4d35a2aa6ff60814b546eca,0,0.9079170227050781,0.47409284114837646,0.053367764148913276,0.05589614136314461,0.5412483631601921,2291,22184,8.683107813182017,7.5460405349731445,0.02053388090349076,0.4450336713549069,0.2,0.2,1,18.750156590430603,41.38582677165354,53,0.0023891092679408582,0.9916606563288857,0.9953570140641904,16,7,5,2,21559,337,61,42,41,19,13,9,True,False,False,True,False,False,True,False,True
candidate_000325,325,9321325,df373264bd1a9c902a85c80215ce8933c56cdaf212bbdaab4bf12128884fc4b2,6fb1e7496a069c8f651cc45f7d9fd49998f97262bb7c71aa16eee6c251caf5a6,adc03488dc64935da7d6c9c68ccf1873fc6bbd52dfcf58c6e619d2572c8d846a,0,0.931976318359375,0.501988410949707,0.08216591545864295,0.08716722667355906,0.5888258402444347,2291,15476,5.755128764731558,9.552329063415527,0.0,0.5155929268968257,0.4,0.5,2,10.898828131380263,16.113027181533816,50,0.003230808994572241,0.9916645127940036,0.9949599379684673,14,7,4,2,12424,2872,26,25,16,14,12,9,True,False,False,True,False,False,True,False,True
candidate_000326,326,9321326,902f3fbeebd92b04c8bb501f836142b24e024ace323b99972a674d99991d22da,89270c010e56d9b177f13c080bf8052dc9f4c14a0ed5df398b0540889f14b16f,08bd961d17931c333afb0268c28c2957c7c909eb3e7e2fa2cf7f3ff1d61de863,0,0.9369926452636719,0.4967612028121948,0.06582548901795847,0.07210764955389791,0.43037974683544306,2291,13674,4.968572675687473,5.766084671020508,0.0,0.3429747385207564,0.6,0.5,3,13.331087774451845,10.843655054425895,66,0.004826678367705134,0.9809126810004388,0.9921017990346643,14,10,6,3,7788,5365,193,67,65,52,19,17,True,False,False,True,False,False,True,False,False
candidate_000327,327,9321327,dae2b33b72e3d1c0c8db7bf7a28d5f9ee7a78bb39f7a32b63bda8a46ea7cf141,bb12f68252245d453a41feb3ffbdaef89bc57a0d95a4d353f14006a61d32dcdf,3db3d58752ad4d94adb274768b9ae6947aeecd956713cd0fd7e3e873840ae148,0,0.9209098815917969,0.4867531955242157,0.06411272068809416,0.0686084534334504,0.4945438673068529,2291,16514,6.208206023570494,9.093111038208008,0.007228915662650603,0.4627687100283242,0.4,0.25,2,12.162612711469876,15.033154460144537,99,0.005994913406806346,0.9725687295627952,0.9889184933995397,18,13,8,5,13672,1524,529,336,115,93,41,21,True,False,False,True,False,False,True,False,True
candidate_000328,328,9321328,cf428568f05da2b033c0571ec0f63ea605659fb62ee3f62c73f1483c159b6674,01308b485a0cf017158579dad5f31d142d4a2fa168044870c4fc6fd092141b99,6d7d663cb420bd42e3e4442a8f4649c06d4670b08b18bd0485d99b827c6be9c4,0,0.9210319519042969,0.4882264733314514,0.06716873600651334,0.07066002890637546,0.5761676123963335,2291,18681,7.154081187254474,5.2250285148620605,0.012048192771084338,0.47799320313483384,0.6,0.2727272727272727,3,15.846857942979158,11.121619791551572,88,0.004710668593758364,0.9707724425887265,0.983726781221562,25,16,11,4,13131,4654,232,118,81,56,54,51,True,False,False,True,False,False,True,False,True
candidate_000329,329,9321329,60ef1996835496d6d62848a2a282bd303c92eaba938b5e49dd9ad6f938bbb157,14e058db72264e9b8fbd7f01ca6e8aee913f566894627dedf3a13cb45ea5651d,86e59e5e985632d74d09afad668dfa655691897fe6b241dfb76a777f56f3ac31,0,0.8993911743164062,0.46826741099357605,0.05197645079899075,0.05438943894389439,0.539502400698385,2291,22725,8.919249236141424,6.1109137535095215,0.021686746987951807,0.4692888917790272,0.2,0.16666666666666666,1,20.49536479156854,42.76377952755905,78,0.003432343234323432,0.9868426842684268,0.9911111111111112,21,15,6,1,22259,71,53,43,40,24,17,16,True,False,False,True,False,False,True,False,True
candidate_000330,330,9321330,2124ab461dc4dcc32813c590deaae1109b9d5a4f2eb17f696dea73c4c663ffc6,f1d7ce1c56f79ea857dca2dd46dea731571c17e6b90d5f318bc1d655ecffddfc,e7c9912c15fd68e38fedba6f13e28a5a765f4b74230539fa53784ebc1fe45cc2,0,0.95111083984375,0.5055931806564331,0.06725940561455504,0.07654829944720322,0.3566128328240943,2291,10673,3.6586643387167177,8.505529403686523,0.0,0.2531909812436697,0.6,0.23076923076923078,3,13.32585127768913,5.372770842585837,47,0.004403635341515975,0.900590274524501,0.9721727724163778,21,17,13,6,4519,2251,1449,1393,398,220,87,59,True,False,False,True,False,False,True,False,False
candidate_000331,331,9321331,690562848126348c1fb62fee48114e2302ede7de5d6f7cd28115d4c6ebb9aab0,f3bebba0524768374716c0461a78de022e37e2a499e5360f007926b476dffb49,63be8b09b6f38f922130b4cc931c4da7ab6aabb09b82db067d9bce83a713563f,0,0.9526405334472656,0.5169113278388977,0.08809293320425944,0.1016873393675271,0.3972064600611087,2291,8949,2.90615451767787,8.943903923034668,0.0,0.2947524957064026,0.4,0.16666666666666666,2,4.35986321533439,7.5625471901628725,52,0.005810705106715834,0.91742094088725,0.96882333221589,27,19,12,7,3484,2672,1885,169,169,152,107,32,True,False,False,True,False,False,True,False,False
candidate_000332,332,9321332,64068663b14defb326343a11a2d72c94fe203752e8569b0a52d8435e17052a3c,977463ead11df2366d9f5865d6e12314acd36c37d5b282d9606c6d2d7592ffac,1ab1cad42a8dd66737a525bdea12a89a89ac09f937a9f143fc3f549b5bbc7e2f,0,0.93499755859375,0.5055806040763855,0.0858729105063062,0.09061962682290008,0.6211261457878655,2291,15703,5.854212134439109,4.120537757873535,0.0,0.5360998942384138,0.2,0.125,1,13.416373851072994,26.706692913385826,45,0.0028656944532891803,0.9820416480927211,0.9920397376297523,17,12,8,4,14102,772,329,218,88,27,22,20,True,False,False,True,False,False,True,False,True
candidate_000333,333,9321333,1f2865e12e3149d36bfaad9be50200366858bddeb59223c62d721681a4664d43,0fa21ffd05fd87bac0f7823a5612c7b1c7ff450a161e9e3856892732565c3100,ca8f4e2ae663871fa7d3634da6eb38ee54b1ea89ae3951ab0ad088be4caed5b1,0,0.9259681701660156,0.4845472574234009,0.054027444464956005,0.05917239520150964,0.3832387603666521,2291,14838,5.4766477520733305,8.083101272583008,0.0,0.2889929778087918,0.2,0.16666666666666666,1,15.243970395458184,26.746062992125985,48,0.003234937323089365,0.9883407467313654,0.995349777598059,11,8,6,2,14123,400,77,65,51,20,18,15,True,False,False,True,False,False,True,False,False
candidate_000334,334,9321334,2355ee850d35fcf41f0481c0ab9957e39e93405dba33b2935c03031fd9675061,c2bf1a8a7e925260f4b10e869c978d0b06f70b03fc7a7b2f2f2b28a873ce6bba,e5aa45c00b9a594db623224aa46f6779c319fdbc24465c5b72a028f47d491686,0,0.9298286437988281,0.49403852224349976,0.06862623762376238,0.07404192816130324,0.48406809253601046,2291,14978,5.537756438236578,8.578977584838867,0.09650924024640657,0.4060992353363353,0.6,0.3333333333333333,3,15.563580789865888,8.993350777034962,109,0.00727734009881159,0.9688209373748164,0.9836426759246896,21,14,9,4,8885,3876,1560,190,78,60,55,29,True,False,False,True,False,False,True,False,True
candidate_000335,335,9321335,cc9df76e19e042b49274fa5c7fe9caf61c856ab1314c5969b1213e0f3884a88f,4491126003b593767a15dbe95b45203d0046abfd113a3d1a0523ef3ae3061f82,b9dea5061919416b801ee489262ccdab048b24de3e63ad18997bd89daf3f95b2,0,0.9442787170410156,0.5104758739471436,0.0849609375,0.09183442660031667,0.5316455696202531,2291,13263,4.789175032736797,6.577296257019043,0.0,0.422168509134185,0.2,0.14285714285714285,1,13.15260859714256,18.601423487544483,44,0.0033174998115056927,0.9688607404056397,0.9926110231471009,15,9,7,5,11043,1283,283,241,195,63,40,17,True,False,False,True,False,False,True,False,True
candidate_000336,336,9321336,db931a8befec50a680fc19290400cffaa10522e378b21da85305609d9d7d1600,38267daeaecc1035da470f0a8729541a9b2a31a5da96ec59d0c2eb8494cdeb64,2c579afa3f193b033b2e5926afcf3f7a264eebc9f4ef8383960c3e4369972f52,0,0.8745536804199219,0.44565537571907043,0.03523073651378748,0.03692833525281421,0.43387167175905716,2291,26917,10.749017896115234,12.344669342041016,0.16637478108581435,0.41762865938250204,0.4,0.2857142857142857,2,16.3920166663598,25.626064813517527,78,0.002897796931307352,0.9903406768956422,0.9937214399821674,20,13,7,3,26243,220,153,41,30,29,21,11,True,False,False,True,False,False,True,False,True
candidate_000337,337,9321337,8edbcc5387995ae8fb52e9d9f95ab1bbdad725523009dde88bb90d63084b4015,0f2cd1167c5936b031be5bbe3f2aa244785122ac8104495f7ea16ca3c1ef50f6,b8c9dabaddbbcfcfcdaab09762b838af4f04027dcdedb0d29410c84cdc707051,0,0.9199905395507812,0.48584309220314026,0.06364935683658886,0.06668330421761917,0.5831514622435617,2291,20035,7.745089480576167,6.725882530212402,0.0,0.4821081172325027,0.4,0.25,2,9.128394862261041,18.576076747936625,78,0.0038931869228849515,0.9849762914898927,0.9895682555527826,25,15,8,2,18926,714,49,45,27,24,21,20,True,False,False,True,False,False,True,False,True
candidate_000338,338,9321338,65147796b844d29e929fa3c0b3ffe313bf1ce1697415049eced8fcb5430c3168,7ac972273e4ab996ea72f4207c8020dc5f44f82b280d6539393fceca9a713b38,d33a33f251ccd6f00bbcc25751d43e8d877d78b43d0204ff416159e159a276d0,0,0.9496078491210938,0.5101657509803772,0.07816336552627272,0.08775960301415181,0.4168485377564382,2291,10882,3.7498908773461372,9.02128791809082,0.0,0.321353321567578,0.4,0.4,2,2.740571440670738,9.616384424549672,42,0.003859584635177357,0.9807939716963794,0.9929240948355081,13,9,5,4,6020,2759,1394,500,80,18,17,17,True,False,False,True,False,False,True,False,False
candidate_000339,339,9321339,77890437e071854ecb7a0f895aba900b6b30c1b36f02d1f8361bcc1063f13c00,665197b8853950e5b3c3332366094d37afc9dbf999f3fbe981a1b698ade1e10c,ba632c3df86d5e2c3c3bf1b7e0643d3aad7797c70d022182234e59e0fa6de27b,0,0.9316329956054688,0.4903426468372345,0.059014304743151676,0.06370740856517662,0.44478393714535136,2291,15995,5.981667394151025,5.2866668701171875,0.06746987951807229,0.34901265156176353,0.6,0.375,3,6.623761336247079,10.231899367425562,97,0.006064395123476086,0.9758674585808065,0.9849327914973429,25,15,8,3,15228,189,128,64,58,45,22,20,True,False,False,True,False,False,True,False,False
candidate_000340,340,9321340,e8f18675e3b10b59d1f8b3c61451056be7bad57bdf633bed07fd589b342968bb,6e5064a17557ff46ab9b1dd7f1357c590b20f0dd7a9fd980f6509a2807a7a9a0,2039bccbf2c8958c291a46e21dd1c8a5cf8f86b3aec88a49174175fb28b71e6b,0,0.9287261962890625,0.48916155099868774,0.06016152958628647,0.06439282563951779,0.4779572239196857,2291,17005,6.422522915757312,4.184365272521973,0.0,0.3713360680014567,0.4,0.25,2,13.7082337274466,16.119643640618143,52,0.003057924139958836,0.9819464863275508,0.9928256395177889,17,10,8,4,12682,3427,394,195,72,58,28,27,True,False,False,True,False,False,True,False,False
candidate_000341,341,9321341,2bde69465de639e18eb6b8dc512b8943a35d8730f24ab77aaf569541e4f1441b,ccb8f467bd1aa1b0f3626acfdff7375dddb13c4d40a37553bea980c67b575543,18114ea7a33c595ce98ccc73b572185377f6f14403aae3e4aea5d94089156c37,0,0.951141357421875,0.5194144248962402,0.09490818030050084,0.1050249399593571,0.49628982976866,2291,10826,3.725447402880838,9.080574989318848,0.05783132530120482,0.45199408342540937,0.6,0.375,3,6.383731547605147,6.351047342858151,77,0.007112506927766488,0.9672085719564013,0.9841123221873268,20,14,8,4,9748,424,184,115,88,42,32,21,True,False,False,True,False,False,True,False,True
candidate_000342,342,9321342,1bf5fbff96be4ea7c547dfd71286a248b143a7c0396f1822fec09a63324612dd,00174344d75b60724881af662f981d06a4709d503f22ec3fa76958c2270141c6,5e9c530642816e909f5777aada638e00821406d62456c7bf98d384d839e44fac,0,0.9375267028808594,0.49744120240211487,0.06647742276208081,0.07263416041546451,0.43954604975993017,2291,13864,5.051505892623308,5.629592418670654,0.0,0.35145797837343545,0.4,0.2,2,11.593835336474438,12.642310976188218,104,0.0075014425851125215,0.9678303519907675,0.9822562031159838,23,14,10,4,12923,258,123,114,74,58,42,26,True,False,False,True,False,False,True,False,False
candidate_000343,343,9321343,76b4ad8858bc17bb980961776c2efffa49cf03b691606740d2abeaed25a89c2e,35ccf0314d5027add23478815d50520c8cc307e98ca4bb82d722ef26af856c37,5073d8a029bbb23d8c9e99cedb8988b5f0dd2535ea0b3f0dfc95ccd8217eea76,0,0.9294662475585938,0.49220630526542664,0.06539624924379915,0.07056135770234986,0.471846355303361,2291,15320,5.687036228721082,8.152219772338867,0.04096385542168675,0.36847221409656905,0.2,0.09090909090909091,1,21.760460629155574,24.50355871886121,72,0.004699738903394256,0.9665796344647519,0.9809399477806788,25,19,11,3,14360,227,142,79,77,63,47,33,True,False,False,True,False,False,True,False,False
candidate_000344,344,9321344,6b5429e6f53d41fa5156e251d0f342365a06588dbf134d7b78ff2bf39ce7bc79,0e5125623e6c6a1d406b5201f4603f0430b0c20e5197407c664ca5670d61eb81,d54fcf629d04324bb11285266a231cdcc6a024b660ba31a1543b9bb0eb93f3d2,0,0.9087791442871094,0.476927250623703,0.05869907720009003,0.061428302242321466,0.5691837625491052,2291,21228,8.265822784810126,4.855018138885498,0.033734939759036145,0.4715375995728304,0.4,0.2857142857142857,2,12.837872700465901,17.75199881970606,56,0.0026380252496702467,0.9817693612210289,0.9959016393442623,13,9,7,5,15232,3688,1683,238,168,95,20,17,True,False,False,True,False,False,True,False,True
candidate_000345,345,9321345,7bfac14c2ac226e9cbc552eb8de1f8696b6ed40b52eb793ee6d9821311b1a068,dc32e73c76b2f16c7a057eba9a3088fb814f327f93c03508baff529e25cd6bfb,bebf177aedffd2c5646e477b5ee7cdc5211f2c9653c38d1ce5ae5406f6ff9816,0,0.9252166748046875,0.4898395836353302,0.06556708241053735,0.07034767383691846,0.49105194238323874,2291,15992,5.980357922304671,11.499700546264648,0.05301204819277108,0.39461225790337384,0.4,0.5,2,13.762506704373326,14.502014038725585,66,0.004127063531765883,0.9881815907953977,0.9919334667333667,15,13,4,3,15157,457,167,22,17,15,14,14,True,False,False,True,False,False,True,False,False
candidate_000346,346,9321346,d43c7ce98ac670e70206f2faa05d0149dffa0e925857b9c4b07f0edbf1590e8f,62c0c08e74f0d2f3b526d63d852e68f43618a2b3bdf64257e7f140d346d70fef,51a48530fb7cb61cf44b23f188e16437d41cb9860702483aedbad00cf8ee58be,0,0.9381675720214844,0.4991254508495331,0.06916633948436068,0.07524202733485194,0.46137058053251856,2291,14048,5.131820165866434,4.8394598960876465,0.006160164271047228,0.3726926560125293,0.8,0.4444444444444444,4,8.928986839381007,7.416076853926775,49,0.0034880410022779043,0.8928673120728929,0.9901053530751709,18,13,9,5,6281,2933,1903,1426,1195,77,48,46,True,False,False,True,False,False,True,False,False
candidate_000347,347,9321347,06d383bd9623b324ff1a5408f92236edfc5297a1badffb8cb86b7b7d33dd7f5a,cdf1e21fd98d3ef345ab169525ad9a9040fd4a06baaeb5e5851fb26c2f47c161,3a26f25fc3de7101df8e47b4a696e187432cf3af8d84f6cd059d2e75a274e3a2,0,0.9003791809082031,0.4713742733001709,0.057082623854698776,0.05920195097338435,0.614578786556089,2291,23783,9.381056307289393,7.322188377380371,0.2,0.5412445124556702,0.2,0.2,1,17.028092899325948,45.20472440944882,56,0.0023546230500777867,0.9941554892149855,0.9966782996257831,13,7,5,1,23499,54,46,45,25,15,11,9,True,False,False,True,False,False,True,False,True
candidate_000348,348,9321348,45ba351324d5f0ae6493b80b4ca72cb7626d2a5df18ef8a84504bfddd99b739f,3910478b17767cae29ecf25a4b11269d7fcbdcd633648514b426428379131946,2557fa16e36fbbf3bfba2bc7364203108b38155ae2b30ad0517ae490cfdb1aa3,0,0.9226913452148438,0.49407047033309937,0.07699022346368715,0.08158608781450419,0.5774770842426887,2291,16216,6.078131820165867,4.225837230682373,0.0,0.49387956729239735,0.2,0.125,1,13.864616740951893,24.05338078291815,63,0.0038850518006906757,0.9782313764183522,0.986679822397632,23,18,8,3,14107,1187,491,78,51,37,27,22,True,False,False,True,False,False,True,False,True
candidate_000349,349,9321349,3d515242eee0c96ae7ed1db89888fc32dbc9fc19225bb149c44f2ac6e0b76582,f6ae9006927b573363236cdcebe7341d10886a30908f707182f93682f40e5ceb,27cf4102714741cc6dca46e8ecbea3c3d9415e2335f97ddfeee7a03f3a9cf856,0,0.9179573059082031,0.4873344600200653,0.06865161192978926,0.07200506409241969,0.5958096900916631,2291,18957,7.274552597119162,5.334303855895996,0.0,0.5282393881589561,0.2,0.14285714285714285,1,19.05555483720504,31.884341637010674,70,0.0036925673893548555,0.9852824814052856,0.9899773170860369,25,15,7,1,18508,66,65,39,28,22,22,17,True,False,False,True,False,False,True,False,True
candidate_000350,350,9321350,b7092c8f781a67ebae3b5f499c733c788782fd413222ec9441e5e7cf477ae803,51595afffe5e56054623a59bdc1ae8c088f9cae6e7754c8ad9a466d685c7d7cc,adccf7370cfc2745453c042c5ec417772604198142730f67f4749fb990d36d36,0,0.9520835876464844,0.5077764987945557,0.0705256667180515,0.07889291257113296,0.39938891313836755,2291,11598,4.062418158009603,4.859377384185791,0.0,0.2939769809941389,0.4,0.125,2,7.574597035330241,11.036633049293496,84,0.007242628039317123,0.9039489567166753,0.9648215209518882,28,21,16,6,5893,3662,517,412,385,233,45,43,True,False,False,True,False,False,True,False,False
candidate_000351,351,9321351,09f88f4b59b07516b9931e57e85148404d8ae8444dc7ee26b28b69a4b7cdfa25,3bd7977e83f7bd369578bd47edb863819fbe00104c17128588411a8b9b07e5c7,5537efd2761aa01ce40145747634413309c1449a2dc9ac9be12abe9b5ec2af76,0,0.9333763122558594,0.49001723527908325,0.056483359179291426,0.061405783945013614,0.4133566128328241,2291,15422,5.731558271497163,10.171762466430664,0.03855421686746988,0.32882750685580825,1.0,0.3333333333333333,5,13.230208603422744,7.195338147683032,59,0.0038257035403968355,0.9275710024640125,0.9767864090260666,24,20,15,7,7801,3191,2347,966,396,159,137,67,True,False,False,True,False,False,True,False,False
candidate_000352,352,9321352,95c0c2c1b54df5446c47ab938988054ed5d2e2ec421e5712ae2cc9f7108ee603,b1d7fe6da8b14340032f331671c0b3668fef2bd725cf90c9fbbd0c6f90c85b96,9dd290e15aba984ec0feb40eb940fe696e90d99e24878fed526952dd360fd13a,0,0.931396484375,0.48661717772483826,0.051899118808872685,0.05686509521907045,0.37276298559580967,2291,15018,5.555216062854648,9.16380786895752,0.01642710472279261,0.2727557813447691,0.4,0.2222222222222222,2,14.973019359514941,12.965664359973484,101,0.006725263017712079,0.9803569050472766,0.9880143827407112,19,11,9,4,13028,1139,373,183,44,26,23,22,True,False,False,True,False,False,True,False,False
candidate_000353,353,9321353,d2b6d5bc7df455197cecd985171941bef5db26bbf061d277888b2afa9e8b1d03,93313ec11dfea1802ff89bdd96a9761da77ece325ae4cac3ff6b7103bba5d589,d3ffad290544a63502d564d19f4c3445a0a8bd6e6cf462616c19f32a1a11117e,0,0.9441986083984375,0.5105934143066406,0.08524335031126203,0.09233716475095785,0.5259711916193802,2291,13050,4.69620253164557,6.410905361175537,0.02053388090349076,0.4630523612013332,0.8,0.5,4,7.636708754106789,5.924360278532793,32,0.0024521072796934865,0.944904214559387,0.9896551724137931,18,15,8,5,7657,2226,1671,777,467,60,30,27,True,False,False,True,False,False,True,False,True
candidate_000354,354,9321354,3f2a108f63649322f69eb8a974c0afc316136d235c0c2a5ed06eb86891b0d91b,46d7b7fffbd40dcb403fac428250f16620b8dc0ab8ef3c0422337e9012654478,9da582f10b65db7a2b54bcbb1fce78cbe269ed0604e6cef36b6cd0384efa717e,0,0.9431076049804688,0.517297625541687,0.09986791899031405,0.10718223342258623,0.5940637276298559,2291,12698,4.542557835006547,7.435461521148682,0.0,0.5036934042502414,0.6,0.42857142857142855,3,7.8857487042494485,8.482093968193526,45,0.0035438651756182077,0.9752716963301308,0.9889746416758545,18,13,7,5,7493,3536,928,427,104,29,24,17,True,False,False,True,False,False,True,False,True
candidate_000355,355,9321355,823cf1088090e2591a411beeb80c3c6e84d963dba4217427e8d729baf88fc4eb,328fdc4d6f4cc8c74d7c21ed92c105d93c6e5a24cd571b2378543728a639e23a,72752ca06e3d745f34817a6cf0e2ef9c15bcaf441e0d389023e55abbc0d2e399,0,0.9426727294921875,0.49876928329467773,0.0632829373650108,0.07044398140727681,0.38367525098210387,2291,12478,4.4465298996071585,8.975058555603027,0.0,0.26772838596136583,0.2,0.09090909090909091,1,21.233018061563772,20.616141732283463,42,0.0033659240262862637,0.9659400544959128,0.980205161083507,23,18,11,4,11008,814,129,102,75,52,28,23,True,False,False,True,False,False,True,False,False
candidate_000356,356,9321356,5a80051d94dd2abef3b7c4ecf52b605a2d02981f1ceb7a5e97a561c0e7a131e8,6cbcaa20dd53d689cbe3f618eb88478c9553fbd3fdf0434be12a001c95534e3a,b7a2832bf766d7bec24b2c1625bae3481ef8f8dc519c07fe210db04582cd60f2,0,0.9187469482421875,0.48479071259498596,0.06282549937372273,0.06890318848962476,0.4159755565255347,2291,13831,5.0371017023134,7.624063014984131,0.018480492813141684,0.3516737691623941,0.4,0.18181818181818182,2,15.737414201033634,11.08263472327766,63,0.0045549851782228324,0.9656568577832405,0.9845275106644494,20,14,11,4,10272,1947,1022,115,88,84,55,34,True,False,False,True,False,False,True,False,False
candidate_000357,357,9321357,401b201918c5d877c3794b16501bf9f58469c3f2b73f0b2a4bc0d962a046f20f,60277a84416adf1b67dc023941c9f2644f808f28971d71a21fba3c9ae7b8f9c5,fe722bc4a9310fcf02f48cf988c2b5da5b2912400e294ab7314294e4de9c61a5,0,0.9461898803710938,0.5067887902259827,0.07528281923984699,0.0846992033696548,0.40375381929288523,2291,10921,3.766914011348756,9.242060661315918,0.002053388090349076,0.30558135300948286,0.4,0.2857142857142857,2,13.947303094321976,9.665764633336495,54,0.004944602142660928,0.9683179196044318,0.9902023624210237,15,9,7,4,7398,2831,208,138,94,85,42,18,True,False,False,True,False,False,True,False,False
candidate_000358,358,9321358,a80e9cf81bfc7c2182d7b5d53567ab9ea3399fd71499c1a5ac9898342bd5c018,0ea450172b252dfe1691274b483a462bea009a8cbf07e9f75161119f245e81c4,c75872aa8ec7377e7e9706a142495bc131d1aaf403d8c9f4582f9d36a6982151,0,0.9209022521972656,0.4838736951351166,0.058570104160985986,0.06273364485981309,0.4687909209951986,2291,17120,6.472719336534264,9.808688163757324,0.0,0.3575773517192812,0.4,0.2222222222222222,2,19.87462533685018,13.654919858772102,73,0.004264018691588785,0.9782710280373832,0.9876752336448598,20,15,9,4,8933,6840,706,269,63,39,37,22,True,False,False,True,False,False,True,False,False
candidate_000359,359,9321359,29ec66627b0ff4a71d7442101c4ace1ef72bf3267ec7b85a3050ee1d6c6dc27e,488f928dde75af02fe5612232acc906f6004e310cb0514e4bfb4dcbd6ffe9298,c80661e3171ed03ea8fae25339003cce8ff895e5aefd21f32906f9ea1637be2a,0,0.9289474487304688,0.49690157175064087,0.07538637664567831,0.07983753637245393,0.5748581405499782,2291,16496,6.200349192492362,4.940028190612793,0.0,0.47065279617353245,0.2,0.16666666666666666,1,16.76451326476721,27.718861209964412,45,0.002727934044616877,0.9866634335596508,0.9915737148399612,20,12,6,1,16167,47,34,28,25,25,16,15,True,False,False,True,False,False,True,False,True
candidate_000360,360,9321360,4452b1ff581188e4955edbcaffe5bba9f1773fabc0ea3343dfa623ec6e3da453,289e8ef0537033a05e9f065d42159eb9cb222155cfadc07dd43785431c7b6d54,f55541780212823cd7fe59714dc81339f716f3f9973119afbcf5fe5485f952b9,0,0.9297218322753906,0.4953005909919739,0.07137046477574706,0.07535501603298213,0.5744216499345264,2291,17464,6.622872108249672,9.915403366088867,0.16427104722792607,0.4968355177467487,0.2,0.5,1,21.6539479345904,28.19572953736655,49,0.002805771873568484,0.9950183234081539,0.9968506642235456,9,4,2,2,16435,921,11,10,9,9,8,6,True,False,False,True,False,False,True,False,True
candidate_000361,361,9321361,49eb9e3e644af0de9f8f1a3e8c443b2a765fb9e304f33b3ed5b2f89ecb924494,335b7d447a26702ebcb3e4ee4ca2d691f287da8955181e2547b7f352368fa008,99269ba53939becb3830afd0d91e99dbed98df03bb69984410bc8d6b35c97dfa,0,0.8969268798828125,0.4653553366661072,0.048993086865043584,0.05153800984687655,0.49803579223046707,2291,22139,8.663465735486687,7.840768814086914,0.0,0.4102629516939737,0.2,0.16666666666666666,1,21.293950226149402,41.15157480314961,76,0.003432856045891865,0.9906951533492931,0.9938569944441935,17,12,6,3,21440,294,127,72,21,20,16,13,True,False,False,True,False,False,True,False,True
candidate_000362,362,9321362,4354a07d8aef1eddbc73d22b0c76938b8e38b4f96d727358547ba0805d7b2a92,1be59546bf3581f74cf495ba72846474e0014c2c6b717b14869e9e2e149490b6,6b4cd832317228b9a333f5ca7cacaeaddb162b9170a9d19bb9ab748385c83623,0,0.9518241882324219,0.5226560235023499,0.09993654822335026,0.10883648613630474,0.5499781754692274,2291,11577,4.053251855085116,8.439531326293945,0.026694045174537988,0.4515566790410281,0.2,0.1111111111111111,1,21.253462198933207,20.163385826771652,41,0.0035415047076099164,0.9817742074803489,0.9911894273127754,15,11,9,3,10778,415,120,53,35,30,23,21,True,False,False,True,False,False,True,False,True
candidate_000363,363,9321363,e31ef6627cbe9026c3febef0cf50e67ac3a16e18d24cf3fec1d523577d241cf9,9e9d08eafb92ef279fdd66ebb05685367e4277fb3cebb7cda8c741805e78221c,b4093fc4cd2d49adf7def0a31ea7c90e3eacab37d1d497cde389114aa308b501,0,0.943328857421875,0.4977247714996338,0.06043198529411765,0.0682880387744504,0.34439109559144476,2291,11554,4.043212570929725,8.150156021118164,0.0,0.24511275139139654,0.2,0.125,1,16.801522586766954,15.35236220472441,66,0.005712307425999654,0.9358663666262766,0.9906525878483642,13,10,8,6,8339,1080,772,622,342,193,52,46,True,False,False,True,False,False,True,False,False
candidate_000364,364,9321364,e9bcb041f29e4ea7f328daeb477e19d259277c5459905e61ebc12ac4c6af0755,9cd61ece9e04e1c4b317c13062306d5be123cf0e021d98a8ff9524c452208fe2,8a9fe8cca943342c2d9ef3a65916d138c698750144d2227d217cd26206efb248,0,0.9604301452636719,0.5274909734725952,0.10040557918686319,0.11490999660364543,0.4430379746835443,2291,8833,2.855521606285465,4.008033752441406,0.0,0.38084124021449356,0.4,0.16666666666666666,2,10.09359329274092,6.004887144737483,121,0.0136986301369863,0.9267519529038831,0.9601494396014943,27,17,12,5,5605,1197,728,656,133,56,53,53,True,False,False,True,False,False,True,False,False
candidate_000365,365,9321365,3a09beeac7afcecd4ef8f89e2b8df43eaf2dba4f6793a8a32950d2bd09e196bf,7b1de166bdeb2d7bd76302fd5b77bf69f949cf9ec5a0e2c527c921596cd77cc8,973d8bd0a959fe431d792dc680020a1d35013cb3301d126c47719c715dc995f7,0,0.9623298645019531,0.5409928560256958,0.12517059855722362,0.13879580585882606,0.5604539502400698,2291,9251,3.037974683544304,7.361816883087158,0.16427104722792607,0.4954924169019709,0.4,0.18181818181818182,2,14.783860625856434,7.3695128458018715,80,0.008647713760674521,0.9514647065182142,0.9708139660577235,25,17,11,3,7867,636,227,72,59,51,38,31,True,False,False,True,False,False,True,False,True
candidate_000366,366,9321366,ff242b63407023e350d5ed0c59952038e49bae5bb8ba4935f4c21b120df11747,be2aad7aa85351c0362d0465af40a3d00701f0f7faa9dd95a524bf4801568c12,31e6a08c032f2f9a46262f43f0610d3d22695f14db50803180d04ee5196737d9,0,0.8864059448242188,0.4660778343677521,0.06291503813607559,0.06446345256609642,0.723701440419031,2291,25720,10.226538629419467,6.625228404998779,0.02891566265060241,0.6443828981509347,0.2,0.2,1,20.317756238324428,44.069395017793596,68,0.0026438569206842922,0.9907853810264385,0.9938569206842924,22,10,5,1,25356,50,43,34,27,18,18,16,True,False,False,True,False,False,True,False,True
candidate_000367,367,9321367,1cf5abae97a0ebbb8a86496133243c6941bc9b999395da73fea3f52d64de4ccd,348b4d0e51fafd59412a1b350e1a669d6f045de9e5fafae1e2b60c264ae6bba5,9bad41b80d9282e4dc9d7f8b86ec0b8c13589b41f97d12f0d53610b196bd8bd2,0,0.9645538330078125,0.5155817270278931,0.07132524757983755,0.08736540820498842,0.27979048450458316,2291,7337,2.2025316455696204,5.8188557624816895,0.0,0.20231669791528806,0.6,0.3333333333333333,3,6.580806600692312,4.586226039099055,54,0.007359956385443642,0.945754395529508,0.9760119940029985,19,14,9,5,3095,2026,1081,737,102,53,44,23,True,False,False,True,False,False,False,False,False
candidate_000368,368,9321368,0807dc8577a4b5a22c507d5ab3a717d49fe001715692aad896feb46b3ca63373,28f7386dda1341cbced0f4dfe9075af4866ff6fe387504b8811e8d44a9f81dbf,e972d5d725899b2e670f500e1ea2c0df56ce4eb0d5accdbb6ab2b14fd2fec9ca,0,0.9097785949707031,0.48006826639175415,0.06381366208569118,0.06730974205926242,0.5512876473155827,2291,18764,7.190309908336971,8.332269668579102,0.0,0.4528337905919477,0.6,0.375,3,11.456477352441013,12.531734336764595,86,0.004583244510765295,0.9778831805585163,0.9897676401620124,19,13,8,5,12434,3316,2004,595,139,35,29,20,True,False,False,True,False,False,True,False,True
candidate_000369,369,9321369,1d731789bebda1f7d06c86bf33783abb876cda11e12b6fd73a565e8237f96cd9,8864938fafe0fd44e0a2e903f154ef60cf14c8281014a520d9515a439779f72d,7b1de8ed47d1d8a7d06db4883e713dd56d712c9893923087c625cb8ca0ee0dda,0,0.9247169494628906,0.487341046333313,0.061151266184805785,0.06491499227202473,0.5133129637712789,2291,18116,6.907463989524225,4.421587944030762,0.0,0.4153063194601437,0.2,0.08333333333333333,1,14.208328799691119,31.822834645669293,57,0.003146389931552219,0.973338485316847,0.9851512475160079,27,16,12,3,16701,567,272,93,62,57,56,39,True,False,False,True,False,False,True,False,True
candidate_000370,370,9321370,7ffc811436038d63c0fae52ac8e2e6bfcf4b303aa722f1c7697373071c7357ff,ef032e7d900c1f49516e6bc1a730c80ac618c927abb246400bb35a07955cb814,a2736e67d3fe3ed794413e6b4ba5cfcd39ca3c40f4c7150c8d9e6a1e7281481a,0,0.9159927368164062,0.4832074046134949,0.06286564204263759,0.06622447380790725,0.5534701003928415,2291,19147,7.357485814054998,9.947683334350586,0.016867469879518072,0.44960825221839096,0.6,0.375,3,15.714013140219345,11.115381914405996,105,0.00548388781532355,0.9675144931320834,0.9848540241291064,31,17,8,5,12394,5305,456,370,217,46,41,28,True,False,False,True,False,False,True,False,True
candidate_000371,371,9321371,aab536fd9b39d05e5dbec1d0e86563ea856d49848b2d61a43f875e5f44597599,0b3a9107a01009bc19042b39180ff252489e0aa591a428735243ad367ea29709,4b8d0e58e93e22e702e6b10fff71359a371187c164a3567b8f1a733f87d45aa0,0,0.9012603759765625,0.4718806743621826,0.05723561327047941,0.059910622847034724,0.5617634220864252,2291,21482,8.376691401134876,9.255391120910645,0.15421686746987953,0.4918918425055658,0.2,0.3333333333333333,1,22.253338127574292,40.104330708661415,71,0.0033050926356950005,0.9912484871054836,0.9941346243366539,16,12,3,3,20908,235,132,19,18,16,15,13,True,False,False,True,False,False,True,False,True
candidate_000372,372,9321372,82979171900c5865d8fa94c4a1ec7a732b44302051715c52e4f3f6debf0a0df7,f8048693bb5b6917417ac6ba7544fdde76453cf3dfa47fba35992f9e0cc8f503,4d0634a7ccf1f41d337869adb662bd522a528fc60e467515339b1c8c3194b5a9,0,0.9426956176757812,0.5087299346923828,0.08330030387105299,0.08938191097249787,0.5504146660846791,2291,14108,5.15800960279354,5.0687031745910645,0.0,0.4607144584394344,0.4,0.5,2,13.847364559395967,13.376423014894222,61,0.004323787921746527,0.9929118230791041,0.9952509214629998,11,5,4,2,10496,3380,86,46,11,9,7,6,True,False,False,True,False,False,True,False,True
candidate_000373,373,9321373,558727e368401ef4d514dcb827037425a77e4eb86a5b923a4c6b111e39b8bfcf,475d951035b31dbeab1d12e9fbcf0846b6149ddfc997431a329fee7faf112008,55e2af7973b502e9cf49076c8bb4fc10cefddb8c764415f9292bf30ca065d430,0,0.9024085998535156,0.47016167640686035,0.05244650285175179,0.05496382185070334,0.533828022697512,2291,22251,8.712352684417285,6.580868721008301,0.03132530120481928,0.43603144414865624,0.6,0.5,3,15.68700905751579,14.373029780891818,75,0.003370635027639207,0.9916857669318233,0.9949215765583569,16,8,6,2,13971,8034,36,25,24,23,13,12,True,False,False,True,False,False,True,False,True
candidate_000374,374,9321374,96fd3f4dd8ef5aad30f464b29448470c65a1f1943deff2e3cc1dbe3156a4289e,5a38bdc4dc102f6f9efa41751d0cebc3f3f0441c22bc8033133daac27ac96e3d,22958ae491bdd3e8daf86fea797dc6d5b6679d4b6680848e751a1dbe5c370e2e,0,0.9141845703125,0.48046639561653137,0.059410729991204926,0.06197247706422018,0.5896988214753383,2291,21800,8.515495416848538,3.6503641605377197,0.01927710843373494,0.5039336197265732,0.2,0.14285714285714285,1,21.44360281000287,41.16732283464567,40,0.001834862385321101,0.9915137614678899,0.9957339449541285,14,9,7,1,21448,66,56,45,33,23,21,15,True,False,False,True,False,False,True,False,True
candidate_000375,375,9321375,a095a1ba8e92f28c7e79abedd2730f86d93f86aa82cf4dd871402a82051b1574,a1452f0447090809d8e7d83a85179bf7eb16c49c13fcf885ed2da529c0f992ef,424f245ec44e683bd6321e111603cb2fbe072f0106307a8e753d78b788c0b0e1,0,0.9543190002441406,0.5150437951087952,0.08248418833450456,0.09360047846889952,0.40986468790920993,2291,10032,3.3788738542121344,8.014426231384277,0.030800821355236138,0.3140385288537647,0.8,0.8,4,7.993785570530753,5.850658658073832,56,0.005582137161084529,0.9756778309409888,0.9893341307814992,17,9,5,4,4106,3772,1771,139,92,17,14,14,True,False,False,True,False,False,True,False,False
candidate_000376,376,9321376,38a0498a460e25f30229731b2b67a8dca514725b7e76fcd3ec955aa130b25113,c5dbc0516d14b408a1839cec88b611e8783aee054bbe91db7074b4d6fd56479d,7f5e2bfeb2b9300cf982e2237b81936ff45ff503809a0053ae05208977ed6bd6,0,0.9068603515625,0.47949060797691345,0.06613396803808229,0.0682665730706796,0.6791793976429507,2291,22793,8.948930597992144,5.018272399902344,0.014373716632443531,0.6200473685033472,0.2,0.1111111111111111,1,18.514729679449907,38.19039145907473,41,0.0017987978765410433,0.9876716535778528,0.9934190321589962,19,14,9,2,22052,310,88,62,37,35,34,25,True,False,False,True,False,False,True,False,True
candidate_000377,377,9321377,b21ee51beed8f85621b60a6f2080f7a8d88c623694c20dee7b437ea24e2927dc,858f739ac3f8cbd5d67c1b4bf796808e69da77c4eddd8d10f56348a5b4233432,efd6d4c8d6e49be0a0e80b98b643cf50eb1a50624233f6aeb49755231eabe7bb,0,0.9295730590820312,0.493522971868515,0.06793588334008449,0.07263053699579312,0.5124399825403754,2291,16164,6.055434308162375,4.156059265136719,0.0,0.42899180917209595,0.4,0.2222222222222222,2,17.333965125480617,11.636411718552974,72,0.004454342984409799,0.9662212323682257,0.9886785449146251,21,12,9,5,7284,6173,1775,386,177,81,78,27,True,False,False,True,False,False,True,False,True
candidate_000378,378,9321378,a0b223f8ae804ffa3b9f33a7527b2cefa0abf9512786cfc300f75f52a02446ed,2c8efcf4a29282eda874be35d123d2b9a21f23f08da4334c51e86c40aef3ac84,59a97079adab9ded4e713075df1c8d029b58a97736a57e6e924c843fab226aa0,0,0.9083747863769531,0.4714871644973755,0.047876709019759406,0.051085107479767,0.4325621999127019,2291,19399,7.467481449148844,6.388978481292725,0.0024096385542168677,0.3376718184713595,0.4,0.13333333333333333,2,20.967853245242694,16.34109429845366,77,0.003969276766843652,0.9376256508067426,0.9668024124954895,34,22,15,8,13584,3318,674,613,189,139,133,105,True,False,False,True,False,False,True,False,False
candidate_000379,379,9321379,87c81fef65eddc4b6c057dc60b8bd5199f89682467ba6d4b23ca3b3a899138f4,7fc9503b578491f2e3b8ed090f820894c0da46720d71cac37f457e61affb404e,cab9dedcd9347611e512c7fd3f9cb0cf7586c98e8f5afacafac3c8cee37913a1,0,0.9254722595214844,0.48804986476898193,0.06171297741700489,0.06547783360017667,0.5176778699257966,2291,18113,6.90615451767787,6.803696155548096,0.0,0.42438557816547023,0.2,0.16666666666666666,1,16.825429162872204,30.812992125984252,44,0.002429194501186993,0.9912769833821012,0.9954728647932424,14,9,6,2,16188,1683,49,35,25,20,18,13,True,False,False,True,False,False,True,False,True
candidate_000380,380,9321380,b681cd3acfb6251119caa62c9d95181bbf9a64382a29587b6f1753e6e55b48e2,23d3101b80ebccd482961c56d28d015ffb56bd6ac547f3f5d4aa866e74a8eff5,40924346424d02058bbb4e62d29f0b693efe5040ee5a03b95c9d42918d10b71d,0,0.928436279296875,0.482583224773407,0.04674687256838451,0.05139172205040469,0.34089917066783065,2291,15197,5.633347883020515,7.702180862426758,0.0,0.22342388098689026,0.2,0.14285714285714285,1,22.469190178954747,49.5,82,0.005395801802987431,0.9871685201026519,0.9934197538987958,14,8,7,2,14773,140,48,41,37,25,22,11,True,False,False,True,False,False,True,False,False
candidate_000381,381,9321381,5306c0aabedb850f93823620a860064e5540dd0b8b8f355fd9def01eb9a5e4e2,06c6f3faa1b29b5c4f5e2a1a83e07ebe4971293aeeb47caa12891e16473278f8,b720d242a9d66aa762f5be9962e5240fffbae1fb0de2b2a2f96c3dab62c0c69f,0,0.9302215576171875,0.48989081382751465,0.05984605516356639,0.06555649241146712,0.40724574421649934,2291,14232,5.212134439109559,6.096587181091309,0.033734939759036145,0.3297270613662114,0.8,0.4,4,5.449156216399304,6.810825662393599,86,0.006042720629567172,0.9642355255761664,0.9792720629567172,27,17,10,4,8766,2538,1311,1108,98,47,38,31,True,False,False,True,False,False,True,False,False
candidate_000382,382,9321382,4bd4989274df6f79e1e234cc69adcf1a8d00771fe54bef2ee6c180b5feae9c8f,fc46e666f6755e81dc812ef09dd903016579b27e0748889ddd39e8581beff69c,d5462a5900b3589ad8863455ca096fda36c5e5e4ed7d7ff8e1458d631dccd10c,0,0.9123344421386719,0.47308990359306335,0.04679979030643854,0.04991359154213683,0.428633784373636,2291,19674,7.587516368398079,7.617598056793213,0.043373493975903614,0.34554192828039243,0.2,0.25,1,18.759768283497063,37.19291338582677,74,0.0037613093422791503,0.992121581783064,0.9943580359865812,18,7,4,1,19429,37,29,24,16,10,10,8,True,False,False,True,False,False,True,False,False
candidate_000383,383,9321383,23882a20aca1b09f4dd5e468c02223207b8509e9a16f8f674c179b31bba8b1ef,362b27b0191ce8acfc6226037d02eeb2373f98af4827b653ef7ed2341a9692d3,db33280e685cd5a1961274ac494f3193fd9d8ac8b9d6233e3e03098c9273fc66,0,0.9267768859863281,0.48961642384529114,0.06324252970118804,0.06831291723378054,0.46006110868616323,2291,15429,5.734613705805325,8.8126220703125,0.0,0.3587301065158241,0.2,0.16666666666666666,1,18.65221347738555,26.206692913385826,78,0.005055415127357573,0.9819171689675287,0.9879447793116858,23,13,6,4,13848,522,457,323,35,31,15,12,True,False,False,True,False,False,True,False,False
candidate_000384,384,9321384,551d67e45de9790c1e1bbf37b945c0cf365f3834b9cdd37f8b1995e38c6ec7a6,90a70be0cb11fd15a3fab0acaa544a32864fe113873c58117a15dfa62c0e9060,1b02fcfed1ff4b4e72614e3f3ac682f214ec16cac8466173bebf2dde5c8c6ac9,0,0.942901611328125,0.49504661560058594,0.055563743551952836,0.06266101554059669,0.3291139240506329,2291,12033,4.252291575731122,9.232583045959473,0.0,0.22240580338542107,0.2,0.14285714285714285,1,17.562315312010284,21.531496062992126,45,0.0037397157816005983,0.9775617053103964,0.9862877088007979,19,16,7,2,11473,165,88,37,33,31,23,18,True,False,False,True,False,False,True,False,False
candidate_000385,385,9321385,112af63ef7df1f11ec06ece1956129ce1769a687a0a28728c254b9431e19b3a7,c83eb86153d0339396193973c8ad42ed766d29f0c31481555906341cccf97941,287913afbcac111cb5127fcfeca5cf2284954eeb79cd786f3f684fb3d30a356c,0,0.9215278625488281,0.4821009337902069,0.05418664902706576,0.058397195984078894,0.42907027498908773,2291,16833,6.3474465298996074,5.740312576293945,0.0,0.3473946013214089,0.4,0.4,2,12.813189519335431,20.70348398231043,53,0.003148577199548506,0.992633517495396,0.9961385373967802,11,6,5,3,10385,4024,2263,37,28,17,8,6,True,False,False,True,False,False,True,False,False
candidate_000386,386,9321386,34fe90d667d9d0da492b2affcfbfef55122acb9343f3b98e61464c9850fa0665,12f3d4a0c21e1bc050597f2e36ee5cf3dc1f36ebc32206cfbcc09959238087c1,82c662c3d703406a7e4dcf1981e0f8bdcb89141ab2b75508e186097d910f83f8,0,0.9309768676757812,0.4929906129837036,0.06507159688236361,0.07022233813653257,0.4701003928415539,2291,15337,5.694456569183763,4.987623691558838,0.08213552361396304,0.37564420557213957,0.8,0.4,4,9.370845117556728,5.960257144587903,69,0.0044989241703071005,0.9514898611201669,0.9816782943209232,27,16,10,5,11120,1331,1217,925,274,88,59,42,True,False,False,True,False,False,True,False,False
candidate_000387,387,9321387,da07932055619304e6eac64e61edce7ca058b4ebd992bed7ea4da67c009d011c,8663b4b02396ff9e4ff77cca0a84b565d1d370baed2dda2565aa1c21f59e86f6,7136eafa9cdd787621b7e5f3c271cf9e5a510de4a4c9d9a27c2dedcba3626686,0,0.9394378662109375,0.5021895170211792,0.07389265971590511,0.08088235294117647,0.4609340899170668,2291,13056,4.69882147533828,9.034984588623047,0.0,0.37776686695768025,0.2,0.125,1,21.838394786152737,18.4251968503937,69,0.005284926470588236,0.9724264705882353,0.9842984068627451,20,17,8,4,9895,2536,164,101,58,35,33,29,True,False,False,True,False,False,True,False,False
candidate_000388,388,9321388,2583c68ad12043beb50986f68d9cb5712c9a4ad63cd9afb1f7e46127cc9047b0,63195921b8727246d916ce53ffb56cf364c5fec51042194e13059863e61fa160,27cc0e803a76f4e26c48dca94b9fb2ea2a763f549e02fb148a14580bbf90f9d0,0,0.9372100830078125,0.4964543879032135,0.06497818868415912,0.07095122991610976,0.43561763422086425,2291,14066,5.139676996944566,7.778362274169922,0.0,0.34469998813575004,0.6,0.2727272727272727,3,14.523152820123661,7.535210750812818,125,0.008886677093701124,0.965093132375942,0.9786008815583677,23,17,11,4,7030,5601,768,176,53,50,46,41,True,False,False,True,False,False,True,False,False
candidate_000389,389,9321389,dcc5550abc465fae023facfd8094ceff58390cbb67da036e2ffc1dbafdd8554c,9b205003e943cc88a75ac07fcf241d95664062bb978bd70b9245640c5c6556a9,983b2211ae13af30c3fca4d64d3e394e935fe785827333e06c9d47fe728aad74,0,0.9390029907226562,0.5017269849777222,0.07352134982030822,0.07871910258918673,0.5268441728502837,2291,15333,5.692710606721955,4.817555904388428,0.0,0.4165983530200842,0.2,0.2,1,11.618502095082285,24.338078291814945,67,0.004369660210004565,0.9869562381790908,0.9924998369529773,17,11,5,2,14267,771,62,33,31,19,18,17,True,False,False,True,False,False,True,False,True
candidate_000390,390,9321390,d2127d02f1870ad07dbd493d87822680c4d7736aa4fe13cc2d8bb4811cb40ca3,b3e94dab204473c1c529a8e5b3b90239cff6c5dc6180896edfd8ac0fd16b0e14,d084bd826e31689c3b969e6a5e9e3815dc4305c7c2b3876daf0b9c5934a647e4,0,0.9284133911132812,0.4830404818058014,0.048030321859077914,0.05303238199780461,0.3374072457442165,2291,14576,5.3622872108249675,12.172974586486816,0.0,0.22823505970046049,0.6,0.5,3,12.519508402172734,9.812643297835711,79,0.0054198682766191,0.9801728869374314,0.9888858397365532,21,12,6,4,10348,3034,734,171,54,43,18,12,True,False,False,True,False,False,True,False,False
candidate_000391,391,9321391,4c4df85895b20335cca488ccd7889889404fb8b4cfec358942aaa2b277ceb624,f855360bbce37f04506565fba73f1f22bbea064bb9aa9cee4fabd81904300216,fe0bd382572bc223267afd62bed553756af719f76d17afe54d12bb7bf754e830,0,0.9281539916992188,0.4959312975406647,0.07417188127906309,0.07868453105968332,0.563945875163684,2291,16420,6.167175905718027,8.342418670654297,0.0,0.4791407793453163,0.2,0.3333333333333333,1,15.365502601623328,27.653024911032027,62,0.0037758830694275274,0.9942143727161997,0.9962241169305724,10,5,3,2,16130,159,20,16,12,7,7,7,True,False,False,True,False,False,True,False,True
candidate_000392,392,9321392,4d8888d39aa6d4542c4c2995cbf0ccc0b7f44f8d65319bc87ed5acb5c2928557,4e7256b87be5d86f3bce8a88ae988ed17bfa4fd2b34d1df779523826e75f87fe,87d8f8ea493f83a83f0a860513c357cd15f9332d6b548a7988015e61365e9235,0,0.8831405639648438,0.45871350169181824,0.05159766701255949,0.05321425935493394,0.6294194674814492,2291,27098,10.828022697512003,12.139556884765625,0.05060240963855422,0.5459364269967627,0.2,0.3333333333333333,1,25.801561736260535,43.17259786476868,38,0.0014023175142076907,0.9969370433242306,0.9983762639309174,10,6,3,2,24852,2123,22,18,12,12,9,6,True,False,False,True,False,False,True,False,True
candidate_000393,393,9321393,ef48222be24865e30bd61a8d6017e7bdc55f81179f2479da82979a6aa2873e88,8487fa72007686542552dc3c54f68e4c67039524ba67075360d3c2e0033bc116,ecd0e741ae87e9c531a73c57864bfb78f753d204d92a1df6047c698e9915bee7,0,0.9155616760253906,0.4792073667049408,0.05529763747033942,0.05900809159464964,0.4679179397642951,2291,18167,6.929725010912265,4.874595642089844,0.06570841889117043,0.3750235415052979,0.2,0.125,1,18.438390976066977,29.73665480427046,86,0.004733858094346893,0.9817251059613585,0.9895414763031871,17,14,8,3,17301,289,190,55,49,37,33,23,True,False,False,True,False,False,True,False,False
candidate_000394,394,9321394,5c929f1ceff263f817eddd6098819b72c13fbc02efe57d80c87bea8f5fb4d859,6ae0c5cebf41300cde94a0d530fd9166c8c9e206740205aed18c54d723c6f79a,8bacd3afc49c013798978c9d2ae038e9bf53849c326494521fb516ea3e4c4f14,0,0.9444961547851562,0.509242832660675,0.08162178609462954,0.08995640509725017,0.46835443037974683,2291,11928,4.206460061108686,7.3314127922058105,0.0,0.3888739133377672,0.4,0.25,2,14.923800861788902,9.152268591931135,35,0.0029342723004694834,0.9622736418511066,0.989185110663984,17,12,8,5,7533,3384,288,273,207,42,39,33,True,False,False,True,False,False,True,False,False
candidate_000395,395,9321395,fb75889e4bac4c26be62cbf44e6330ed4faeaa60edf3ad4c308e8010b2d47f7c,069b67f24c91a38473d7f14514b926b1b01dd51dcc7f8cc526038d6b4560d9f5,84e7ed05cd409b0879260cd333897ccd19f14e035ec6a573770f5f68db84f565,0,0.929229736328125,0.4878352880477905,0.05687410452874852,0.06221465076660988,0.398515931907464,2291,14675,5.405499781754692,5.237112522125244,0.0,0.2942255832191644,0.2,0.1111111111111111,1,16.15655067409097,22.681102362204726,74,0.005042589437819421,0.9582282793867121,0.9833049403747871,23,15,9,5,12060,1205,548,249,182,83,56,47,True,False,False,True,False,False,True,False,False
candidate_000396,396,9321396,01b57a28f535f221d84566085fa64a92c974f11d4959f3f4d4fa1c35cfe653a3,be78db388390098f0f60472a1ee56851bdec5475241f7293222ee4bc19ea9e79,1de80d90e3c1b0d70eed556e8af89714afa9a43f0f40edaf44088ed65e019729,0,0.9466476440429688,0.5072203278541565,0.0756630851303629,0.08374220374220374,0.43954604975993017,2291,12025,4.248799650807507,7.943431854248047,0.0,0.33275610579981507,0.4,0.3333333333333333,2,10.010970238204738,10.151671813610568,80,0.006652806652806653,0.9761330561330561,0.9899376299376299,15,9,6,5,10629,662,276,171,105,30,16,15,True,False,False,True,False,False,True,False,False
candidate_000397,397,9321397,dd7c5ec7661f6b5cfa8754491164249bbd289a270b6a114dee407f24fcc9eee7,0014c39ff8dff474348ffe8eaa370c8f723826737e317dc2808b07afda80547f,bfd23ab674891052e14dad5a70c1264ef6aa3330a0985884711d9585f7514107,0,0.9218673706054688,0.4803883731365204,0.05046215338496128,0.05391267214689869,0.44085552160628544,2291,18734,7.177215189873418,5.1957268714904785,0.0,0.3345542280501479,0.2,0.14285714285714285,1,15.60611889830371,33.20275590551181,56,0.0029892174655706204,0.9841998505391267,0.9893776022205616,22,16,7,2,17402,908,80,48,34,25,20,18,True,False,False,True,False,False,True,False,False
candidate_000398,398,9321398,f1c5022bdbfa2474b39e4856fc74f468f2fa8195c14b1920cf889e9bcdd93064,2bca95c6cec0687c6ab431fe93d8632e20461725992adc94a470742092b3f3ba,449100ac31c90df593af8aa9e4d3ea3a6a4bcb265c72d64bdadf98492b625f53,0,0.9355010986328125,0.48560333251953125,0.04512164846077458,0.04997250481165796,0.3173286774334352,2291,14548,5.350065473592318,7.067570209503174,0.0,0.22378534384347254,0.4,0.2222222222222222,2,10.518036864379027,13.968598317333623,87,0.005980203464393731,0.9512647786637338,0.9824718174319494,23,13,9,6,8723,3747,1040,329,168,126,93,67,True,False,False,True,False,False,True,False,False
candidate_000399,399,9321399,deaa4177085b3743a227f515a8a7f360543d5e6f7df72530f208160ecb0111ae,93bf523bce12a63585f04ca1aba3dd7fde58207aed7a450cddebf5033a4335ef,3135e496f4390612415e2f0a6e187a048b41d15ffaa48373c4160c0dba111dcf,0,0.9351158142089844,0.4951137602329254,0.06463586330474849,0.07040780759846636,0.44085552160628544,2291,14345,5.261457878655609,8.644125938415527,0.0,0.3538883028412858,0.4,0.4,2,14.923245080138614,18.4946338043361,46,0.003206692227256884,0.9905193447194144,0.9944928546531893,14,7,5,3,7946,6023,207,33,28,10,10,9,True,False,False,True,False,False,True,False,False
candidate_000400,400,9321400,e5b5ea198ec911f95c015c3b0583a0efc6d56c27ca86799269e33671f695eaef,6f30368bf401d35eea461d6f009fc8b18b04af50ad23ee2a0df5b89fcd5620bc,83e07affbcddd5306f13388e0cb8cc302f211e8037f9a38e75075e36a4d02e7f,0,0.9245376586914062,0.48435989022254944,0.05534734669491065,0.059455044051578275,0.44478393714535136,2291,17139,6.481012658227848,6.566812515258789,0.06987951807228916,0.34395782248926926,0.4,0.25,2,14.832866579068975,19.527087153489376,60,0.003500787677227376,0.9800455102398039,0.9885057471264368,20,15,8,4,10327,6075,213,182,74,28,22,21,True,False,False,True,False,False,True,False,False
candidate_000401,401,9321401,0a9c5966a9f6963dd452500291b7fdb1e3212c7365b003677e93ee24251c72f2,e85e6a679929fac9488e68909a8cbc32b3574d089a1bc354a2ad0ed87f5f6ff4,d467c2c5f9558448da649ca7b4f2d4ec371023df998ca6ae58616a93aac859ca,0,0.928070068359375,0.4941978454589844,0.07101348210134821,0.07571720676621847,0.5333915320820602,2291,16139,6.04452204277608,7.693289756774902,0.17248459958932238,0.4526830109414556,0.6,0.3333333333333333,3,8.781889644095763,14.255965645007715,83,0.005142821736167049,0.9614598178325795,0.9905818204349712,16,11,9,6,10419,4482,320,296,227,143,58,42,True,False,False,True,False,False,True,False,True
candidate_000402,402,9321402,e60a9dd94af47f7f0fef6b0d6385f850414798779ad0b220f5c05e95f4ff9692,b0f64bd35c2016f094a5189078a67cb2bbfe166a7be5865f2debf88d0c8b034e,21e48459a0adf3684485db85d7d9c4fb5f8c30180c688395afab0ec5143f722e,0,0.9368934631347656,0.504581093788147,0.08166243654822335,0.08721875847113039,0.5617634220864252,2291,14756,5.440855521606285,3.8669164180755615,0.0,0.5151404583126702,0.4,0.25,2,10.273786350819073,14.769145723222953,64,0.00433721875847113,0.9800759013282733,0.9907834101382489,15,13,8,4,5951,5702,2269,540,56,38,33,31,True,False,False,True,False,False,True,False,True
candidate_000403,403,9321403,8c8644403214aa04c4f6a4a96a042a0dbbbd0742c9d3fce2b1d1a8f266c09392,b769803cce7efb97e32bd43b9d233b433cb039aaeb84374dde35510025bc8a44,3906cbafcae6641f6b00bcdae7281f63b203c1499c5b2e3265e078ae170ab590,0,0.9019699096679688,0.4793674945831299,0.07140015031610593,0.07359978125142415,0.704932343954605,2291,21943,8.57791357485814,5.09993839263916,0.2,0.6399608908401858,0.2,0.3333333333333333,1,18.951216584073077,37.57651245551602,86,0.003919245317413298,0.9928450986647223,0.9951693022831882,14,7,3,1,21707,35,25,19,18,14,10,9,True,False,False,True,False,False,True,False,True
candidate_000404,404,9321404,576ff6eb4de3fb661adcd2777d13a4d0583ace558e7371e6e7e5dbfe416a9d5a,60f6170cbf75f1ea2f38cca6f8a209b6242711d86bd51be2a371a3448521c460,53f8ee15809c606dbe6b33429439c52f75dcc4232954c9759f402d63fa916fa8,0,0.9295845031738281,0.48972657322883606,0.06015242242787153,0.06430400372439479,0.4823221300742034,2291,17184,6.500654735923177,3.4045166969299316,0.0,0.3783868525826333,0.2,0.25,1,16.439830282178214,29.555118110236222,67,0.003898975791433892,0.990165270018622,0.9937732774674115,15,11,4,2,15549,1370,61,35,17,16,15,14,True,False,False,True,False,False,True,False,False
candidate_000405,405,9321405,5f434bfdf9154bc42e92d07c684438706fe79056654ad811ca3ccccc45145c02,9b6f5cfe1e95bb668f3851f2c5e6644826029eb770d4bce31063c0bd274cdc8e,a6068a1da83e2fceef925964998cf2de1feee62e11962030af01eccbf824f3b4,0,0.9142341613769531,0.48279303312301636,0.06414601084430674,0.06729304215337735,0.5783500654735924,2291,19690,7.594500218245308,7.815826416015625,0.043121149897330596,0.4994483942032806,0.2,0.14285714285714285,1,19.72487758159899,30.795373665480426,68,0.003453529710512951,0.9875571356018283,0.9939055358049771,15,11,7,2,17896,1457,50,42,39,39,28,19,True,False,False,True,False,False,True,False,True
candidate_000406,406,9321406,30fc95e4062d1048aa1eaf69564185ffe8048976ed7c978ad469be4b558dedc0,56d8db55d4655ddef773d9171646e1eee72d56209deedcbc9b3dd50f26d38e92,1e29d4bbfd5e6fa13d90d7e27e959e6f37a1cb05d4a1052ff3b8b017e65bffd5,0,0.9495010375976562,0.510796844959259,0.07957678265404962,0.08755533694048205,0.466171977302488,2291,12198,4.3243125272806635,4.667419910430908,0.0,0.3630850555711755,0.6,0.5,3,11.15256898071032,9.580589026637355,23,0.0018855550090178719,0.9890145925561568,0.9963108706345303,11,8,6,3,5785,4986,1225,68,36,27,14,12,True,False,False,True,False,False,True,False,False
candidate_000407,407,9321407,bb2710ba84bf48a2c4aa47ccbaabb5890326f8e47c38e0bc97a7ca4a3902e0ef,0dadf65e82fe4f087c2a689010a07de0eb0cb23320b56a9497b06b3777022cd2,b700418fae99e0f56d03bcd7f6d964bf644413a3747dbe7a13c0a2119b32c814,0,0.9264488220214844,0.4918919801712036,0.0682044473946233,0.07244418331374854,0.5381929288520296,2291,17020,6.429070274989088,2.966744899749756,0.0,0.4325798242205459,0.2,0.08333333333333333,1,17.687702207300756,30.257874015748033,56,0.003290246768507638,0.9711515863689777,0.9827849588719154,25,19,12,4,15906,305,188,130,64,51,44,39,True,False,False,True,False,False,True,False,True
candidate_000408,408,9321408,6fa42a603c3c1bec21815ce3c91dc4025c20ec55fc3161afa9ba77fc315958e4,687e71e31fc1954fae5163cec6327f059469888825774eceef39c676bce66587,f0ba5e90d37d8e3933c3ade333e24a77b3ea892b0d502249b0751e23367b3f01,0,0.9466514587402344,0.49700960516929626,0.055177570093457945,0.062425985450854336,0.3221300742034046,2291,11822,4.160192055870799,2.4298758506774902,0.002053388090349076,0.24737489375591684,0.4,0.2857142857142857,2,13.892345014462776,10.877860259937387,70,0.0059211639316528505,0.9778379292843851,0.988834376586026,16,11,7,2,8310,3092,99,59,50,32,31,17,True,False,False,True,False,False,True,False,False
candidate_000409,409,9321409,66451f5d18b76db6f1a4ce3ff30e73a5f261b3321dce88647dc6b6922033ee7f,f0c3a5d2421f4c5295c1a94f2970898c844a36c19d1e7afe790ec690145fa4e1,fc78b420ee4816ce8354c07bf120b19cd24be1c00f49ade1a19bd33224b3bbba,0,0.9172134399414062,0.47763925790786743,0.04996701846965699,0.05407495538370018,0.3967699694456569,2291,16810,6.337407245744217,9.03512191772461,0.004106776180698152,0.29777215111285354,1.0,0.4166666666666667,5,9.285444788628137,7.038510376949877,106,0.006305770374776918,0.9466389054134444,0.9819155264723379,27,16,12,6,6086,4499,4343,985,384,135,47,27,True,False,False,True,False,False,True,False,False
candidate_000410,410,9321410,543ab00168a791090fe5d43ca1fad0984b286c20f7d753bed2d7b6b4fc8937aa,be292fabc78f2e1bcc09478d6a80138bc39977176666f6d35c64270083f96dca,d1e2e6729caa0694691d4a5ef61570bc33ff2480d81d2d32e0d88697452d95cf,0,0.9348716735839844,0.4904300570487976,0.05557912600763683,0.06062809917355372,0.40026189436927107,2291,15125,5.601920558707988,8.581851959228516,0.024096385542168676,0.3071934446552688,0.6,0.3333333333333333,3,8.063840540789405,9.107665416195324,46,0.0030413223140495866,0.9615206611570248,0.9897520661157024,18,15,9,6,8111,3695,2116,621,188,149,66,24,True,False,False,True,False,False,True,False,False
candidate_000411,411,9321411,b6f76786264011a8753ce8cfe2810874dfdc283731de049606c04a55237dc2a1,f96be599e382a73448770786f92d8fd7cc91c4167fae935f8a390f6efd155fd2,91dda816e7c8b595b853705028fa189768ea02769073cd15b720bd9ccf0312d4,0,0.8952140808105469,0.465300589799881,0.05090281166710462,0.052754435107376284,0.5918812745525971,2291,25704,10.219554779572238,6.748875141143799,0.03696098562628337,0.5209562320161785,0.2,0.5,1,21.856130874245796,49.20472440944882,31,0.001206037970743853,0.9975490196078431,0.9987939620292562,8,4,2,1,25531,78,18,14,9,9,7,7,True,False,False,True,False,False,True,False,True
candidate_000412,412,9321412,b691a8f80f9b41b01d033f2d91f7c6d282ef2926af0a7aef37ac24377a20c13d,be0bc56fd0f075b44819339fd8c3913f5ed6f948a715438822f5253b5220eec3,d0d9e62bc299e173877ef45f52a5d6004f4bef07065d2b1fd017e2631f23a57b,0,0.9307289123535156,0.4910048842430115,0.0615366374199668,0.06647454370797311,0.45307725883893496,2291,15615,5.815800960279354,6.708028316497803,0.012320328542094456,0.3568697896721711,0.4,0.2857142857142857,2,13.40518384399163,20.056951785136448,54,0.00345821325648415,0.9839257124559718,0.990137688120397,21,12,7,3,8904,5937,437,86,38,23,23,13,True,False,False,True,False,False,True,False,False
candidate_000413,413,9321413,a04e411c205de3268ce9d247c7317e29acc582a533b85289d7b6e666c7927075,2cb4ce34edbf4d7c4f3a9032d36b6b9a69aad72970a03f298a5eea81130a7874,059d1b0e557bd14a7cca883e0f8775c1777f992a9249883a6f6b7bdfd2417010,0,0.9662094116210938,0.5256128311157227,0.08998426848453067,0.10589977783263392,0.37450894805761675,2291,8102,2.5364469663902227,10.967097282409668,0.0,0.26820840969218207,0.4,0.5,2,5.629256254848203,9.35670369970877,22,0.0027153789187854853,0.9883979264379166,0.9954332263638608,11,8,4,2,4260,3619,77,52,19,14,12,12,True,False,False,True,False,False,True,False,False
candidate_000414,414,9321414,50d7a901a239d0ae189fb6a5e8caf8f3edc48740e6421e811478715b76073eb5,36385f9c518ebc9e1a9953648454e205238601a574f2f05e46d3ef1f433d2b0d,555f58cbb4461b5acab7fad97d5b15e9f11d7ce8ba0a840af6df5d1c1b0508f0,0,0.9542922973632812,0.5077484250068665,0.06784225156358582,0.07808438312337533,0.34089917066783065,2291,10002,3.3657791357485816,7.358212947845459,0.0,0.22925755942429954,0.6,0.3333333333333333,3,8.284794482398329,7.168477473233345,44,0.004399120175964807,0.9570085982803439,0.9874025194961008,16,13,9,5,4483,3967,693,429,150,64,60,30,True,False,False,True,False,False,True,False,False
candidate_000415,415,9321415,c31a7e6034b6cf4807984b2ca1cd9b4887d9bc93f5c0ee175311dfc39cca560b,0e793f5c6cc01ad40cc4e4673b3ac032cb1f3c719cebe2834bb38b87655321e5,b2173a3cc63290580237abfd5d6b95fcd38d41d82c7e135165719b239157f5b1,0,0.924896240234375,0.48508360981941223,0.056299959744666166,0.0608944454811221,0.42732431252728065,2291,16077,6.017459624618071,10.726643562316895,0.0,0.3299382400442653,0.4,0.2222222222222222,2,16.823467283839232,15.676046273325422,79,0.00491385208683212,0.9733159171487218,0.9848230391242148,23,17,9,4,11011,3429,860,348,68,68,26,23,True,False,False,True,False,False,True,False,False
candidate_000416,416,9321416,7f83ddf2acfe668a8fb5d6077b98e269c6ccde1df8e8a3cd73adb459f6444dd3,ff0c85e665845fc307d93805ae9f1bdbc691d69b2c7ba4a0fa82b4c99a0feec2,ffc9e7a7067506c7f7441ffd7f50daebab728728ed101992f247387f15e7c582,0,0.9343605041503906,0.5027134418487549,0.08078836345318305,0.0862636993209171,0.560017459624618,2291,14873,5.4919249236141425,8.005775451660156,0.0,0.4714923336824587,0.2,0.14285714285714285,1,18.10561184610532,23.32562277580071,64,0.004303099576413635,0.9786189739796948,0.9925368116721576,14,9,7,5,13698,334,328,195,123,35,31,18,True,False,False,True,False,False,True,False,True
candidate_000417,417,9321417,023eb96e0593195059016265ef91bfe6390ad9c0a3486c85823593381e7d301a,2c4de92046be1eaf3261c3f08e8ef00bc4e9613bffd56a1cf06d5572b39652c5,2a6b2843fa89710b2bba0c3d7b94fe67145a03ba9cd346c82b7be7890c58893b,0,0.9127159118652344,0.47510194778442383,0.049403936789575824,0.05356176735798016,0.3889131383675251,2291,16635,6.261021388040157,8.432401657104492,0.0,0.2716104077291423,0.2,0.14285714285714285,1,19.48139232138195,39.965753424657535,75,0.004508566275924256,0.9335136759843703,0.9896603546738804,22,13,7,6,11989,1515,1182,843,763,128,27,16,True,False,False,True,False,False,True,False,False
candidate_000418,418,9321418,57b7614c69f27dace374966f5803008a9394f812f8695c85b1e6200c3757666f,61e82262bea2886a6964c2999fd94eac869cc524b91e7b2478bdcc33a45870db,5a627f4f8481e17e940dba4ddef04ea6d264688731dad66ea2f871546fd88712,0,0.9407997131347656,0.5050751566886902,0.07804065311562812,0.08433561397191214,0.51113051069402,2291,13885,5.060672195547796,4.007631301879883,0.039014373716632446,0.4166140235271971,0.8,0.4444444444444444,4,9.054430790385108,4.628377828420741,43,0.0030968671227943824,0.9460568959308606,0.9902052574720922,16,13,9,6,5920,4529,2266,421,308,199,70,36,True,False,False,True,False,False,True,False,True
candidate_000419,419,9321419,e955174a2dfed2fe832cc0979c1701661876bbae459e386097a7991e743599cf,4c13087417e90ed8b7e9486abb22f1a010e066783e8ff26f4910914128bc3ffe,5874786e0e1d2dfeea54b702562fdf3005f7979f27e10ebba30dc4aff15e35f1,0,0.9245567321777344,0.4840422570705414,0.054594255039689336,0.059099901088031655,0.41728502837189,2291,16176,6.060672195547796,6.203091144561768,0.0,0.33881658126678604,0.2,0.1,1,16.42893823913833,22.273622047244096,53,0.0032764589515331356,0.9564169139465876,0.985719584569733,22,15,10,5,11850,2176,1089,356,259,99,75,41,True,False,False,True,False,False,True,False,False
candidate_000420,420,9321420,dcc7f5badd372841b384ea61af3c975091220f93bc5405ce1bf99ea87945831f,c781e7e8f5a08d17fd60a7b290abb260a61840df9afbba75baf6994e93de8c30,bc91656292306facd441d37982c41e13f1e865ffc17c526992d9767a9770ccce,0,0.8939857482910156,0.45861953496932983,0.038908801274392675,0.04105732055807699,0.42645133129637713,2291,23796,9.386730685290265,11.936721801757812,0.0,0.3150622690823518,0.2,0.16666666666666666,1,17.868119805578285,45.03543307086614,68,0.0028576231299378045,0.9920995125231131,0.995881660783325,13,10,6,1,23413,81,81,33,31,29,18,12,True,False,False,True,False,False,True,False,False
candidate_000421,421,9321421,c212933bc87a76326c74a10fc1de34282ef2d8a95af0fb26911216ae9b6de7cf,d0f4aebb9b929071616a037309f76684dd9ca031e0679a0764ac6bcc6b0bc822,742521f6d8ac0aee2dc0e5fa1a416b0753e6031892aa5e7d336f6d27a9c973f9,0,0.9020538330078125,0.47324034571647644,0.0589880866251869,0.06219171116196288,0.533828022697512,2291,19665,7.5835879528590135,9.116423606872559,0.0,0.47768199083991747,0.2,0.16666666666666666,1,15.172742598887977,35.32086614173228,69,0.0035087719298245615,0.9916094584286804,0.9959318586320874,12,9,6,3,18478,865,102,55,30,20,18,17,True,False,False,True,False,False,True,False,True
candidate_000422,422,9321422,79b3165644f8526953d03faaf1926ae638bc80051808e225f6dd5818bd095217,8cc82a802dde6e932f619b2c2c410d7535684c65ce7941d4da2d81b1f65b4fc8,901c766af80c3918f85f9f9a9142fd26bf2dce086000e649aec600a6f5df98bc,0,0.9146385192871094,0.47850582003593445,0.05501930501930502,0.05825540395523532,0.49759930161501525,2291,19569,7.541684853775644,14.049771308898926,0.0,0.39407313459349713,0.4,0.15384615384615385,2,17.96758985550212,18.327402135231317,65,0.003321580050079207,0.9698502733915887,0.9848740354642547,28,17,13,3,15560,3221,106,92,91,70,70,63,True,False,False,True,False,False,True,False,False
candidate_000423,423,9321423,799cd2dd6026198d70e3b21b82964bd6ffa61f21a46b38a6fd3c6ec258c039da,b4f475e2cbe5b7d874edc1c846f1e729a95bee84718d5d5fdfa6d570b51242f9,7bd47a6d90ae1d0fffdb13896fbd559bdfbf0dc3b5c2d0ac210dc5ff70e3e3de,0,0.9051780700683594,0.47290220856666565,0.0541884681137647,0.05792446561080961,0.4565691837625491,2291,18058,6.8821475338280225,13.127370834350586,0.008213552361396304,0.360796381214104,0.2,0.3333333333333333,1,26.529727603359216,30.225978647686834,75,0.004153283863107764,0.9899213644921918,0.9928009746372799,16,9,3,2,17576,255,27,18,16,13,13,10,True,False,False,True,False,False,True,False,False
candidate_000424,424,9321424,8a778e8e305e0c00dacaccf272954308bf7270d3aab8b3543f0dd5136e0ba0bf,779d760fa6df7f9527eb1461937878892629f426bcf90b798b12f4793501c493,810ccc984fd473e8c2612202bcc69a0ec598feba843d3c3f1784b32b160269d6,0,0.916717529296875,0.483437180519104,0.06254668592201583,0.065945605376457,0.5482322130074203,2291,19046,7.313400261894369,8.687055587768555,0.0,0.4389597807640063,0.4,0.25,2,10.484099567601119,16.799370218847198,34,0.0017851517378977212,0.9878714690748713,0.9957471385067731,16,8,8,4,16749,1506,299,261,65,41,24,20,True,False,False,True,False,False,True,False,True
candidate_000425,425,9321425,a00417acd3432144b19a28778f19aa4f7af3d1031c876c073e4861c22b17e0fc,27bde22b3dc04ebeda751746f40257ce671c9414e327b84bdc5c7c4e3bc3a449,4285f9847bc363591a7a6e574a4e7baba0443f34a38d715824ef4800f3456329,0,0.9305000305175781,0.49646398425102234,0.07281310747014719,0.07700440528634361,0.5722391968572675,2291,17025,6.4312527280663465,6.1467790603637695,0.0,0.47644968909123586,0.4,0.2,2,12.818152920186847,13.429117689857556,79,0.004640234948604992,0.9493098384728341,0.9838472834067548,22,17,10,6,13115,1507,818,722,294,183,69,42,True,False,False,True,False,False,True,False,True
candidate_000426,426,9321426,8322065c5da89b48129650f4dda8e484bf95a461994f0a88c64e05c94dd4925a,6a71c78a2543817c20978789eeb9bcfaddbdee58457f93b7059013d822b4a84f,972ac24273ad80f4ee4d413237641850ef63af2ff1a3e0fcbc7c454245aa7563,0,0.926055908203125,0.4873931109905243,0.05966209081309398,0.06448135937103729,0.44391095591444785,2291,15772,5.884329986905281,13.34430980682373,0.0,0.35532113039243324,0.6,0.375,3,12.588273063853777,10.909939206724426,69,0.004374841491250317,0.9682982500634035,0.9848465635303069,29,18,8,5,9056,3584,2369,263,138,55,36,32,True,False,False,True,False,False,True,False,False
candidate_000427,427,9321427,8f505e30f72ac4b5fa04481731cd990cdf67ca536dc40c7285d61715eebf0d2a,0d365500c7753731547a273a33f497707b1d55c84421d2f6a3faadae9f50a612,2460e6bb03e4e582fb190a3885895f2dc2fade3a81f36a972724c4e2803e7b08,0,0.9357872009277344,0.5031387209892273,0.08002961566938144,0.08644129407488187,0.5189873417721519,2291,13755,5.0039284155390655,5.675862789154053,0.0513347022587269,0.4508629432449751,0.6,0.375,3,9.814403001944378,10.016444860442627,55,0.003998545983278807,0.9800799709196656,0.9908396946564886,17,11,8,4,6089,5104,1209,1079,67,39,21,21,True,False,False,True,False,False,True,False,True
candidate_000428,428,9321428,e91222538ede218c0968e9b9fff05a8115d37d7de7da079b1eeae5438ea1c02a,36b15fc017acfea5e2437e208059901b95b2239a12c0a35133c6f7ce2197ac19,0185cd6e38091dc0bc924005800f63719b9bbe80ccc922dc87447ba7de93c131,0,0.9475250244140625,0.49963462352752686,0.05943325876211782,0.06688486069150722,0.3478830205150589,2291,11916,4.201222173723265,9.300423622131348,0.0,0.24949894664479053,0.8,0.4,4,7.597971354411629,5.707758167122501,38,0.0031889895938234307,0.8896441758979523,0.9868244377307821,16,13,10,7,4338,3207,1720,1336,738,254,123,43,True,False,False,True,False,False,True,False,False
candidate_000429,429,9321429,8c2b2c3eed37a475b9803852f87d3166d31f59f635b899ab33302c3aeb7693f1,9a9d37631c140869ec4b888f7c3ade7e4a8ebfcb476ce6b228809ad30264f7c1,f0cb9f6cf66efe09bdd018c2aa6fe98152d4cd62a8e3f04599ce054e9535c89e,0,0.9365768432617188,0.4909054636955261,0.05442685329890603,0.06055794964844636,0.349628982976866,2291,13227,4.773461370580533,6.096513271331787,0.024640657084188913,0.24517106701476624,0.4,0.2857142857142857,2,13.595062989459073,11.062517178935794,53,0.004006955469872231,0.9818552959854843,0.9914568685264988,14,12,7,4,11762,475,467,283,57,33,20,17,True,False,False,True,False,False,True,False,False
candidate_000430,430,9321430,1d679b538df9cb4e4c92337dd9624d7fcbd040d93a232211a9b4a4d310c5932f,696c2e7efc019550b56b8e16149db771347d5bc371516bad76c17ae89bf3a5b2,c7398117c0ef703ec9700cd96c3d2bac28f051e03a18ef471ca888a1d2a5a07e,0,0.9412460327148438,0.4969935119152069,0.06140294476949785,0.06717310262361961,0.4168485377564382,2291,14217,5.205587079877783,8.191073417663574,0.0,0.3016205577781015,0.2,0.25,1,17.81807786681362,22.2135231316726,43,0.003024548076246747,0.993036505591897,0.9965534219596258,10,7,4,3,13073,864,141,40,19,14,10,7,True,False,False,True,False,False,True,False,False
candidate_000431,431,9321431,d69394af2ad105624c6a22cbf08545b4c939057b6a9ff0926b441b65fb47d24c,f7e57ced41e4718e3a9215091d093c0974a5dbc2e498cae1cbd97cd9d9e85a7e,8554d17936f5578f9226721d9f453b7958762ad6281fb84459b1b5b4cab09735,0,0.9367904663085938,0.5009214878082275,0.07443037974683545,0.08008171603677222,0.5133129637712789,2291,14685,5.40986468790921,6.552829742431641,0.0,0.423125976010054,0.2,0.1,1,14.622417333527814,20.32918149466192,65,0.004426285325161729,0.972829417773238,0.9876744977868573,18,13,10,4,12014,1125,700,447,80,71,42,25,True,False,False,True,False,False,True,False,True
candidate_000432,432,9321432,9a40a0391fe461b59acc11011b9c742b714c7d95a19728a78f314688d5ac8f04,51cf484c78a21ee08505ccec1256843cb31b43e7f1bff4f1e917be2c221ef2ee,ed5321d8e2d513fdccdfbfcb2df4f8b1e3759868d7cf6f1303afbe2e6e50a8a7,0,0.9334602355957031,0.4930541217327118,0.0619698397737983,0.06684882760373642,0.4591881274552597,2291,15737,5.86905281536447,5.007563591003418,0.05301204819277108,0.3601678389942854,0.4,0.3333333333333333,2,13.259942251655053,12.804634285172185,47,0.002986592107771494,0.9859566626421808,0.9918027578318612,18,11,6,4,13285,1493,627,111,38,27,14,13,True,False,False,True,False,False,True,False,False
candidate_000433,433,9321433,398b84004847e14601c8b39635884f684e7dcafcf9385d1a724e1f109ed94160,481c1a14b05816dc4b1a4a370febf73c2b99113750f2e19abb485608310ca402,5513083b2d12399522296c7fe55c1d78b437fed8dec1c29d8ab6c64a0428c19e,0,0.9473991394042969,0.5105483531951904,0.08126393480433612,0.08978170389875138,0.46137058053251856,2291,11773,4.138804015713662,4.826761245727539,0.0,0.41687854133662616,0.4,0.25,2,16.53363756141154,8.881053048553735,69,0.005860868087997961,0.9719697613182706,0.9863246411280048,16,14,8,4,6821,3111,1203,308,66,46,31,26,True,False,False,True,False,False,True,False,True
candidate_000434,434,9321434,97045c97e8d46c4c44d41d9bbc1d910700749d5aba9ed8eb60487782180889c1,5e32b50f14ed646002b5a20cb2f14fff291e3352abec82c5884951c6b79d1384,c02f9f917f56e924da047425b5fe797e6095d50a4b784368b79e0c9f2d22cfda,0,0.9398880004882812,0.5067024230957031,0.08248499086400418,0.08841015597677834,0.5517241379310345,2291,14297,5.2405063291139244,6.763743877410889,0.0,0.486681868148497,0.4,0.4,2,20.01513157102739,12.236048841314764,45,0.003147513464363153,0.9905574596069106,0.995243757431629,11,9,5,3,8648,5338,127,49,26,16,13,12,True,False,False,True,False,False,True,False,True
candidate_000435,435,9321435,4f953aa99b7f3e2bed3b6b8c5281a568932241361eaee899df09c10b8120937f,201cca25da566ff4dd3f1d5613ed3a0d34fb5fc238761cd8cb7143c30d3c11da,e21133e9a3b75c40f5969dcb01ae6761a79348ab24ed96cefa74384eda71d1a9,0,0.9433364868164062,0.4970877468585968,0.059047756041426924,0.06602863117259128,0.35835879528590137,2291,12434,4.427324312527281,9.29643440246582,0.0,0.2454764353426334,0.6,0.375,3,6.947719065667339,8.89480017984882,35,0.0028148624738619913,0.9612353225028148,0.9915554125784141,15,12,8,5,7016,4259,382,295,214,65,58,40,True,False,False,True,False,False,True,False,False
candidate_000436,436,9321436,5c31f938141510ac78e17c4bf5dedb2e5b016f49228f32231989e41335221509,deef621b4a1b659d485d7f1c64ca55aed84300daa4c80cf88bab106654584a1b,10f8dc40d78bf007ab1e298e53aaa098e68f0932968c1f12e09286f637cb47aa,0,0.8881492614746094,0.462593138217926,0.053279573763409895,0.05488189268365039,0.6460061108686164,2291,26967,10.770842426887821,8.837992668151855,0.19917864476386038,0.6069525607265207,0.2,0.14285714285714285,1,23.115737051503814,51.39173228346457,51,0.0018912003559906551,0.9933251752141506,0.9964030110876256,15,10,7,1,26642,71,45,29,26,22,22,13,True,False,False,True,False,False,True,False,True
candidate_000437,437,9321437,865e86328cfc28cf0079058f5704749399255f3b78657f28b9ed5f3ffd913e81,a8deb7e27ebbebfc15bfc607de0dc255e4a4b38e11ed3936d3464c48f883fac8,8f44031b18cab240cb4d4e9839413fc142c28a9717499f74ae1b409eca5a8842,0,0.9181861877441406,0.48844507336616516,0.07061068702290077,0.075601813421876,0.516804888694893,2291,15661,5.8358795285901355,4.906591415405273,0.01927710843373494,0.41560754040127273,0.6,0.6,3,11.367255755356515,11.977129765371267,107,0.006832258476470213,0.979567077453547,0.9854415426856522,27,12,5,4,6364,5348,3251,378,42,19,16,15,True,False,False,True,False,False,True,False,True
candidate_000438,438,9321438,8f93023d03fc72d1ea88a760bfeee056b50dc296a06e3a5576dba2ded92e8c9c,7c09a43f02a6e41aa6f7e86e696b1a7459c7873fa017a8706d156081d789a134,345fe084fc5f6582983333588646e6040c735ff016988ca5cfbed419035e414a,0,0.9387664794921875,0.5075218081474304,0.08536355051935789,0.09070234113712375,0.5918812745525971,2291,14950,5.525534701003928,7.16862154006958,0.0,0.5272857314078064,0.4,0.25,2,11.48973665646408,13.07987008238678,29,0.0019397993311036788,0.9727759197324415,0.9957859531772575,11,9,8,5,11623,2202,399,319,208,76,38,22,True,False,False,True,False,False,True,False,True
candidate_000439,439,9321439,70948db15085f4b91f8006440ffb24f19c191ee0a59844ef648c5e923e166355,bc64027db898056eb3cc7c77cc77f3523564ea5936c3e2e95925eb6875ddc0fd,caaed2228537a0f8806b3374ea68c0c990cc48293e1051b974f604c6ea2460df,0,0.9036827087402344,0.47071632742881775,0.052072867065658994,0.05469897209985316,0.5202968136185072,2291,21792,8.512003491924924,12.005142211914062,0.0,0.45276444574464614,0.2,0.25,1,26.04204085353649,40.70472440944882,69,0.0031662995594713655,0.994080396475771,0.9962371512481645,12,6,4,2,21213,350,56,44,19,12,8,8,True,False,False,True,False,False,True,False,True
candidate_000440,440,9321440,75060c8d15e617e66d081862f8d9caee0de492fb25afdfb50545539c8c1902b1,3784c31f9f3dc864a70f5ea4662e8f1fc66a95bbefaecae31cefa0deaeb34890,64a7f9648b73d60b15a58d9a737c88a322bdd75b38fcda9dfedf0f31eaf9f41a,0,0.9405899047851562,0.49564895033836365,0.05941250580200252,0.0654683618296069,0.39109559144478395,2291,13686,4.973810563072894,6.878475189208984,0.0,0.2785198182969916,0.2,0.16666666666666666,1,19.221777254454228,17.840551181102363,57,0.004164839982463832,0.9827561011252375,0.9898436358322373,18,11,6,2,9598,3775,39,38,33,30,18,16,True,False,False,True,False,False,True,False,False
candidate_000441,441,9321441,775372c44bcd674ccb290aa3539aebdcc86925fc2867974287741e621c89a29b,71ca417ad3903bb1634ea0b1a93414b5d8ab1bfca83e7883a6f92ea04a4ccf69,5032f2d1665d6f0a027e2a69a371f3b258bcbdb63fa126acb32f1ac8d43ce329,0,0.9263954162597656,0.4813985228538513,0.04723339777417838,0.05092383956737269,0.39458751636839806,2291,17752,6.748581405499782,8.560102462768555,0.01642710472279261,0.29710444034781863,0.4,0.2857142857142857,2,13.340670710697367,22.396599611692373,74,0.0041685443893645785,0.9825371789094186,0.9910432627309599,19,12,7,4,10593,5398,1326,125,58,41,33,19,True,False,False,True,False,False,True,False,False
candidate_000442,442,9321442,f9487f7b358e22642fd8a67b764c9a7e3b644e6eb4667bb3c567554104a78113,d9f4e84b50dee63844dcf051a13648922b30a2fbcdc5bc3a2b27379e14e3ae91,802431a315ce896fdeae4eac1d81a7425826cb79026ad5119d4fac0bf11656a3,0,0.9205284118652344,0.49060267210006714,0.0717060053779504,0.0748791014507826,0.6285464862505457,2291,19231,7.394151025752946,1.5734643936157227,0.0,0.5502679152314999,0.2,0.1111111111111111,1,16.34598870000174,33.96259842519685,62,0.0032239613124642502,0.9807602308772295,0.9940200717591389,12,10,9,4,17788,699,267,107,96,66,58,35,True,False,False,True,False,False,True,False,True
candidate_000443,443,9321443,018d1556dc1662a09ce8d6d9870ec4bd181db0e4ec5c30205a1b00042fc76fcc,e59cfbdf0b9e49b6f1c01bd9cee0d00124a4c0fc1280f065836516b06cabed51,e016dc77f295b1e4befd2fb5acc68ccde15f047b58636123788a918150cf26cb,0,0.9389381408691406,0.4946948289871216,0.05944339367738449,0.06570596580303144,0.3841117415975557,2291,13393,4.845918812745526,6.3469557762146,0.0,0.2753898633853895,0.8,0.4,4,7.653367514760806,7.201790383465749,71,0.005301276786380945,0.9484058836705742,0.9861121481370866,18,11,10,6,5441,4390,2575,296,245,116,91,53,True,False,False,True,False,False,True,False,False
candidate_000444,444,9321444,f46a6ea56fb7d9abad55b6c0a8a07b5381d22c9c96686867732e3670c97adafc,e69a3fc9eba79afabbe4631e71c880ccdd50919d5938c92c93df0af04ad8967b,47f5934aaa97dbe84083090da64714dcf7d675cf61450f4a45cbec85552cff1d,0,0.9016571044921875,0.47017332911491394,0.05322808255424237,0.055900333456835864,0.5268441728502837,2291,21592,8.42470536883457,9.213024139404297,0.002053388090349076,0.4406433378997259,0.4,0.3333333333333333,2,12.47617586510745,20.41342140214401,69,0.0031956280103742126,0.9846239347906632,0.9917098925527973,23,13,6,3,20816,243,121,80,75,40,19,19,True,False,False,True,False,False,True,False,True
candidate_000445,445,9321445,66eb389c8f7e0100c7f169b0e45e04e0b48226962e977e5aabc7e025acb2b960,12ca1d510b92576e042c6cfdedbc41085519d9e8c4f30e357d5b60ac731052c6,4d17bd8feb1671282c12332a3c2c542eedb6466b6cf0228da231a8d716994a17,0,0.9483489990234375,0.515129029750824,0.08959255646432056,0.09762878168438266,0.5211697948494107,2291,12230,4.33828022697512,6.364758014678955,0.0,0.4150019720613821,0.4,0.16666666666666666,2,13.832451532703065,8.423957046921014,50,0.004088307440719542,0.9611610793131643,0.9834014717906786,18,14,12,5,9012,1393,1152,198,103,96,43,30,True,False,False,True,False,False,True,False,True
candidate_000446,446,9321446,fdf097683322220e4893a2b77c9928693bea5d41ef617644e161d89de1280188,235087e622fad006830cef7fc58211a4f6bc013a27ecce0ebb19dcee6440e254,a5a8bd0481fdf0f61ea0ce589ed2065b9fbe167042a495fd4cdeb6c795e07abe,0,0.9273605346679688,0.4907158613204956,0.06484681623806456,0.06967961226159754,0.48319511130510695,2291,15887,5.934526407682235,6.865519046783447,0.0,0.3848121826379456,0.2,0.14285714285714285,1,13.438297954642541,29.153543307086615,99,0.006231510039655064,0.9845785862655001,0.9903065399383143,19,9,7,3,15345,162,100,35,28,27,23,13,True,False,False,True,False,False,True,False,False
candidate_000447,447,9321447,78c0e2432d4c5f2d07f8a3d88247c773caf1c2058d43c792a5b581806867b42b,41743b2c54b71d1b71992f2aaa51e440e91e50e0cf15164645f0d689b9b3e858,62dffc35c56b4224a98e59ffdd4365e2ba5a84ec6958e72bdc304f442616d5d4,0,0.9576873779296875,0.5196626782417297,0.0876796528970442,0.09956887702730445,0.4233958969882147,2291,9742,3.252291575731122,7.276511192321777,0.0,0.38605251057989737,0.6,0.3333333333333333,3,8.929378910166925,4.042565109065708,55,0.005645657975774995,0.9144939437487168,0.9779306097310614,21,18,9,6,3314,2309,2306,980,324,157,85,52,True,False,False,True,False,False,True,False,False
candidate_000448,448,9321448,d93c6579ed2414f21c39f15e1a60ab041b0789ed9e67327e33890dba0c1739a6,d4b75edcd78750edaa76801e2b18b706c75e8eec174395214725eacf5e7ece73,6f95c0cb1bdd453c38fd79e3d7df7e351480e33d32c89e5892130c592ece08e7,0,0.9560508728027344,0.5243848562240601,0.09921770654455257,0.1126638500704149,0.4539502400698385,2291,9231,3.0292448712352686,11.370522499084473,0.0,0.35439284976304763,0.4,0.4,2,3.615028173393301,10.615143997411284,53,0.005741523128588452,0.9776838912360525,0.9851587043657242,19,12,5,2,5128,3855,21,21,20,17,16,16,True,False,False,True,False,False,True,False,False
candidate_000449,449,9321449,658203d16ff9e2f13bc7abb23fd10992ccb7af4a6fce51ffe48d557b9d2b4519,c20a143ba04d660a378caa54d66bf935321cc497c23df6e68f2daf2409208487,3dda0b0cd6d0a835a25690bd759238c8906f026da001df4664980b7a0cf7f9fe,0,0.8960418701171875,0.4642343819141388,0.047886328845625464,0.049987707940670326,0.5325185508511567,2291,24406,9.652989960715844,7.177737236022949,0.0,0.4252295846643203,0.2,0.125,1,13.401000558718847,39.8503937007874,81,0.0033188560190117182,0.9882405965746128,0.9935671556174711,17,11,8,2,20779,3188,86,66,54,33,23,20,True,False,False,True,False,False,True,False,True
candidate_000450,450,9321450,dc61ce790ad7dc0a96eea9caf097f86c48a630072156839e64459897838d7a71,4c75ce5319488d0a7d3f11021e778507a1776af4cea2c2822211c453be0d5997,c1738b8ec6391a40e02644238354915f43174cfda3c7dd3e4a9507c9dad1248f,0,0.9505195617675781,0.5043528079986572,0.06542635658914729,0.07369248231904305,0.368398079441292,2291,11453,3.9991270187690966,6.905678749084473,0.0,0.27569978566397824,0.6,0.21428571428571427,3,6.812808152260717,6.245080418751915,108,0.009429843709071859,0.89958962717192,0.9611455513839169,27,20,14,7,4139,2977,1742,1445,240,217,158,90,True,False,False,True,False,False,True,False,False
candidate_000451,451,9321451,c5e9096d950ebae5125553bfb103aea8e5ece18356726dee9345abaec37e71e3,1a967fc65eeb1029e487efac55ef559e1188ec77c227fb929bd8b4c206e235a5,137d01e0f5424fb58a22c952118509048374b4b3b4f21d4a67108cef2af64e55,0,0.9267501831054688,0.4916131794452667,0.06734089787863838,0.07271758673503363,0.47664775207333043,2291,15017,5.554779572239197,6.357913494110107,0.0,0.37812947345381215,0.4,0.3333333333333333,2,12.486917438992089,14.162572336590456,90,0.005993207697942332,0.9814210561363788,0.9868815342611706,24,14,6,2,14448,229,32,29,26,20,18,18,True,False,False,True,False,False,True,False,False
candidate_000452,452,9321452,1a55d34b1aef95023777594052c6983cc734790b70a4fc8d8a9ee9f7c82a0d0f,f5e31af3134bd5788a053eb6e5183f0ceb8c5158d8f487a4de34c6dd2deb7072,d3651de1a113a37975dd2523254638c2c3a02208f8f59734fd189ffecc6f846a,0,0.9340896606445312,0.49592310190200806,0.06750319507377715,0.07224121852657756,0.5072020951549542,2291,16085,6.020951549541685,9.576148986816406,0.0,0.40865138699285586,0.2,0.3333333333333333,1,13.97488276154707,30.059055118110237,59,0.0036680136773391357,0.9919801056885297,0.9950885918557663,13,7,3,1,15805,83,49,19,17,15,10,8,True,False,False,True,False,False,True,False,True
candidate_000453,453,9321453,c9f61990ddee33bd123ee28dbbd15ce5a24a4ab558d85e976bdb49e04a578b71,5f711420b7b0f8403f19ad968813ef64bc9576c4cdef335eddef2b2a13c18b29,d150d4a0f809cae54e66a22bbc8b6166e9c7a4c1e5957e63d1923506301317b9,0,0.9487266540527344,0.5226075649261475,0.10418034580871088,0.11118031765805045,0.6233085988651244,2291,12844,4.606285464862506,8.537983894348145,0.0,0.5274171673878314,0.4,0.5,2,10.651720189167682,11.202917589613413,36,0.002802865151043289,0.9941606976019931,0.9971971348489567,9,5,4,3,11381,1001,347,40,16,9,8,6,True,False,False,True,False,False,True,False,True
candidate_000454,454,9321454,6266702e3de0396af547b2b785518703c58dc06636db100458ee8fce7f2dcf7a,b3b88de70176498a6d2127fa7bb87311f1011d8b07c6c03502e9ba6ab87ea7a3,73bbcbff36d609906567a0b1f671dea4a540ceff9b4a4ef23c00c6ab9b31a75a,0,0.9006080627441406,0.4645191729068756,0.04262663228811445,0.04499561018437226,0.44740288083806196,2291,22780,8.94325621999127,8.922718048095703,0.0,0.33483173191806886,0.2,0.25,1,14.738186216334606,43.42716535433071,54,0.0023705004389815627,0.9966198419666374,0.9980684811237928,8,6,4,1,22596,50,32,25,12,11,5,5,True,False,False,True,False,False,True,False,False
candidate_000455,455,9321455,9605f8de66589218766a1c057411ee16552c1f1f6c20cf01c9c3a562a9cf2c4f,fb217ea9e71650cda8c82ef3206d5008d9b5226760045b739c7429c8e7782cc2,4a561c0ebfd610e03200dd9fc01303f5765e309134966f844bd1e20ecef7c4f0,0,0.8919830322265625,0.4625369906425476,0.04897314375987362,0.0508653357815369,0.5683107813182017,2291,25597,10.1728502837189,6.626781940460205,0.08624229979466119,0.49282340865314245,0.2,0.16666666666666666,1,20.186090962066654,47.74015748031496,68,0.0026565613157791927,0.99054576708208,0.9933976637887253,20,13,6,2,24787,466,57,45,24,20,15,14,True,False,False,True,False,False,True,False,True
candidate_000456,456,9321456,86f59e13f1c8899b8ae088f56eabff12d9226d57bda42476e030d994e4061f25,d6d494b3bb2961ebca9a249d809c7c512e7497c03d0cc44c2d2a27167fe6cd75,de3ce0e41afda9510e9e1359f3f32f63962a8f9a4ce90b35c9f5c58dfe4337f1,0,0.9445648193359375,0.5024601221084595,0.06853514342018831,0.0760385456312252,0.40986468790920993,2291,12349,4.390222610213881,4.63669490814209,0.0,0.3007889379316886,0.6,0.3333333333333333,3,6.318255734541445,7.285749015444146,39,0.0031581504575269254,0.9162685237671067,0.9903635921936998,15,12,9,7,4635,3963,1790,927,441,317,136,21,True,False,False,True,False,False,True,False,False
candidate_000457,457,9321457,3dd6134c0347c19445348e362272c668657e4ad12aa4e438eb4df3e1c7d31cb9,65198aeddc6f65825016d43c23073fd3d437f922642add9ca2eaf1429e3cfec7,e46e5b96966cd227bf54e854d538e80ed244d65ba018db39647eb9b869c0a14a,0,0.9312820434570312,0.4915391206741333,0.06180636458397204,0.06708372154931452,0.4399825403753819,2291,15026,5.558707987778263,7.976012706756592,0.0,0.33578558986238816,0.2,0.14285714285714285,1,15.9973561466412,21.208661417322833,77,0.005124450951683748,0.9786370291494743,0.9870890456541994,22,15,7,4,11309,2706,369,321,68,20,20,19,True,False,False,True,False,False,True,False,False
candidate_000458,458,9321458,5cf0f76db4d2c4daf26bc823d78b2e74601d2e34521f0f3e3d0d8873705fdba3,9b1cbef4f0ad3780fa02cc6b28afaace23dc7bac343bff735f57ddbd9e770515,c2339fd2d263b535ee00d101a7ef2e1112ab05a123497074c25ed2f3c250896a,0,0.9419975280761719,0.5050288438796997,0.07667090386030642,0.0830314447181568,0.5002182453077259,2291,13802,5.024443474465299,8.102407455444336,0.0,0.3977586750338674,0.4,0.2,2,11.633216954424066,11.48087538879704,58,0.004202289523257499,0.972830024634111,0.9846399072598174,22,15,10,4,11782,1023,315,307,48,42,41,32,True,False,False,True,False,False,True,False,False
candidate_000459,459,9321459,479f2ed0d1d3c6e959a65a6367f7046b43ad07ab3c68d1495c189417d432eda4,ba315f36268b95773d0bbcea3df1b195c7c987323f01f1f9bf53f67067942c47,ed51e7ee97853d6460d2fb3fdba33368a503fb09358e4d0959245962bdaaf072,0,0.9110565185546875,0.4756639301776886,0.05291736127649441,0.056068634872571285,0.48494107376691403,2291,19815,7.649061545176779,7.477393627166748,0.0,0.38091870678777534,0.4,0.5,2,14.110630310402529,17.2340779488059,61,0.003078475902094373,0.9876356295735554,0.9909159727479182,22,16,4,2,16603,2894,37,36,19,16,16,14,True,False,False,True,False,False,True,False,False
candidate_000460,460,9321460,1a9b4da16770b900aedc7b82651eadf9a156b79bb1ddde13e5600447c73aa513,db23e008fa348606655b12ddc8ad110374f73d5612e9e9e6b641f6c533fdeb6d,e7312e52d4eaee8378d8b8918fba9d1c8c6656ac2c70654378ee9d190e4416c1,0,0.9281806945800781,0.4837495982646942,0.04987587452042428,0.05417662560519703,0.3858577040593627,2291,16317,6.122217372326495,14.424117088317871,0.04578313253012048,0.26800114915839796,1.0,0.625,5,8.445352453875767,7.023916754188678,68,0.00416743273886131,0.8823925966783109,0.9928908500337071,15,10,8,6,6709,4807,1732,1150,1003,755,24,21,True,False,False,True,False,False,True,False,False
candidate_000461,461,9321461,27ae9047d5080259e07cd1140b190f08a716228c1d39e0b21be49d049308aa46,8f1f6de0d7b25c10d1cb8e9efd3046cfb55b2ea6453fd37bec89ce7c4dc3519a,642a125859434cab88a17c3fccc75fbe99638aab086d3082ddb1756c75e04fe1,0,0.8806915283203125,0.45040541887283325,0.03761376564277588,0.039338166945528906,0.4618070711479703,2291,26895,10.739415102575295,13.135320663452148,0.06506024096385542,0.3587806353454729,0.4,0.5,2,18.849826209695863,29.02197713299536,77,0.0028629856850715747,0.9935303959843838,0.9957612939208031,14,10,4,2,21423,5242,35,21,19,14,14,13,True,False,False,True,False,False,True,False,False
candidate_000462,462,9321462,a3f8ed9822b38bfa764fc717a60562c190dabe5a0431ef334dacaa5ef7574cb9,d38872ba1e89217a17fd2be5940c83dc2f33399fb771aa2ed3ac0660323f3f73,5a2f45524d69a166cc4720525a8549c974a84a41fedb9ddaf31a689dbd19ecbe,0,0.9311943054199219,0.4936235249042511,0.06623038235472338,0.07141457040182947,0.4770842426887822,2291,15305,5.680488869489306,9.117082595825195,0.0,0.3727472555731245,0.4,0.4,2,17.57607910496047,14.867577877443573,51,0.0033322443645867365,0.9890231950343025,0.9930741587716433,15,10,5,4,11573,3272,176,116,24,15,12,11,True,False,False,True,False,False,True,False,False
candidate_000463,463,9321463,b8228b70696f00b50df50f13b8343b9e8fbb2c9febb18e19f333ac2839427a0c,8a731386100ca41ad831338df1de46e4f18c496a3cd985e94fd02fd72b089527,c03515807972e450f56ac5c5f100640aed513dd7fb0ca3b1f1ffc892b35dbb09,0,0.9404563903808594,0.5001680254936218,0.06871234939759036,0.0742876526458616,0.4779572239196857,2291,14740,5.433871671759057,5.134314060211182,0.0,0.3867429563867999,0.4,0.5,2,12.971863569332125,12.901746592507559,48,0.0032564450474898234,0.9930122116689281,0.9958616010854817,12,6,4,3,11994,2068,547,28,13,12,9,8,True,False,False,True,False,False,True,False,False
candidate_000464,464,9321464,3b492a122f3822b22a5528366759d3c32b17d951a1ef0c34411dc2eb9a80ea55,17eae32a3da1c20debaeadeea0972ddbe31ad7d5ee55dd122e4ed29a24d34a53,a2556c6bfc68ad5fcc03bcc2647f0808f9dbd270dc8a5431023ff446cd6fb10b,0,0.8878211975097656,0.45984429121017456,0.04859443971191822,0.050625252117789434,0.5477957223919686,2291,24790,9.820602357049323,11.019676208496094,0.07355516637478109,0.4972875073683871,0.4,0.25,2,13.849618135118089,23.893585199092108,58,0.0023396530859217425,0.9877369907220653,0.9927390076643808,22,13,8,1,24321,70,53,42,42,38,23,21,True,False,False,True,False,False,True,False,True
candidate_000465,465,9321465,ee9c5fcf096e81ec1983830cff97010b8293a41a7c7deee9ce67d8b1a8743db2,d50c449b59696a91bde1e2c08ddd7b1142a098ed17d6171d227187a8d02683f3,0ce6f76cdbaee9218151c6541b58b7ae070ff93fe14d32fbcf5c08fc2425c763,0,0.9085121154785156,0.4728452265262604,0.05076863454334065,0.05332187598932658,0.5146224356176342,2291,22111,8.651243998254037,10.304671287536621,0.02891566265060241,0.42673511236898987,0.2,1.0,1,24.64847920985307,38.163701067615655,39,0.001763827958934467,0.9982361720410655,0.9987788883361223,4,3,1,1,22037,16,12,7,3,3,3,3,True,False,False,True,False,False,True,False,True
candidate_000466,466,9321466,31e83718d1cfcd08688d5d9a2c06c8064b5c24ef3f78d0f7346ec5ca9ee66d7e,c38cc366ec70c94e363f5c1983f436682dae3689b84a85687d6576ad1fd9421f,5c39f98367014b5c3dd5f34047a79509548682c712d6f51e73aa4f158005aaef,0,0.8948631286621094,0.4661630690097809,0.052816464851014586,0.05512422360248447,0.5578350065473592,2291,23184,9.119598428633784,10.321297645568848,0.14698795180722893,0.48535489026604944,0.2,0.5,1,20.114224282935087,38.383983572895275,34,0.001466528640441684,0.9978433402346446,0.9988354037267081,6,4,2,2,19207,3901,15,11,8,8,4,3,True,False,False,True,False,False,True,False,True
candidate_000467,467,9321467,7ec169dc8bcdfbef976f28b9e3e170cc7562c94f167e6c3f9393eaf5a6fd6793,aa72f2348bfb14cf916f2e8c28f3b8f6e98141d4c24f72e0fec67314de9d1a78,205fc6346852530c9b7b699b7539f19058edbb85e770b329bc4f13eefe7eb529,0,0.9222946166992188,0.4791153371334076,0.047403619197482295,0.05071282024304277,0.42077695329550413,2291,19009,7.297250109122654,8.466350555419922,0.02891566265060241,0.31687968074824896,0.4,0.2857142857142857,2,19.55309457186897,28.995982094703916,88,0.004629386080277763,0.9908464411594508,0.9950023672997002,13,7,7,3,16015,2658,127,35,25,23,22,9,True,False,False,True,False,False,True,False,False
candidate_000468,468,9321468,250f4fdfdd67207f2244cc9951ff1e0129309433b82665b3f88d2b8ded1acc59,9d657ba86a2dac3ba6973ca66e96b0e09356bc0c3acce19342370e7568b940d6,f74ea7aa5f606f574cc8aa34d353b80d5008233c795edfa8c23986ad764d4a41,0,0.9348983764648438,0.4923720955848694,0.059410582719357,0.06557740647641579,0.38716717590571803,2291,13526,4.9039720646006115,8.879586219787598,0.0,0.2761401321784375,0.4,0.15384615384615385,2,7.9101063090971095,13.897772624312374,67,0.004953423037113707,0.9523879934940115,0.9766375868697323,25,18,13,6,8658,3743,248,233,144,107,39,38,True,False,False,True,False,False,True,False,False
candidate_000469,469,9321469,afa6d8d6ec84f95106e191f8e650551ecc5ad19d45a8521040c70bac511440d8,99e177a9cffd42e35a1a09828669cc2628fd42040d4efaf8ceb6aafc9da9c1f8,bb0b7bdf60274b12fc20c4461a7b37de541efdf52ca7410b0d44cc7b8bcddb5e,0,0.922607421875,0.4941364526748657,0.07723056423922513,0.08046345240002135,0.6577913574858141,2291,18729,7.175032736796159,7.822238922119141,0.41686746987951806,0.6111245669215621,0.4,0.3333333333333333,2,13.633366003920019,15.984888232843979,47,0.002509477281221635,0.9909231672806877,0.99610230124406,12,9,6,4,12269,5935,241,114,52,21,13,11,True,False,False,True,False,False,True,True,True
candidate_000470,470,9321470,7b5659ce9ec660ba43b29d2f3503ad12bc3e758588d520d538955fe32de61ff7,77b39d9ec6013f74f0fe321e6a60124d12835c3596a58009bfc60e9a3851f5dd,263542784038ff591b9a0a3b22e19a6ecc15b615241ffe66c603b741e065f22f,0,0.9178047180175781,0.4825444221496582,0.05954219912933577,0.06252457727093984,0.5552160628546486,2291,20344,7.879965080750764,8.608457565307617,0.0,0.4705999498114326,0.2,0.2,1,23.51528242762812,38.275590551181104,25,0.001228863546991742,0.9968049547778215,0.9990169091624066,8,6,5,2,19979,174,76,50,22,11,7,5,True,False,False,True,False,False,True,False,True
candidate_000471,471,9321471,811adb26bcf5fb71abb62dc816612423f22b2203412b2c957857363f259706ee,9b2ecd7a18e142ffa3dc965158259d6a7dbd2dce315516dd890554ce23f9fd6e,977086151036a97cf0d3d418f28286ec140e4b8ba0874fcf007bf8f72da25aa7,0,0.923919677734375,0.48462897539138794,0.05662034406157979,0.060345776896817534,0.4783937145351375,2291,18162,6.9275425578350065,6.957592487335205,0.0,0.37116751974038553,0.2,0.16666666666666666,1,12.81672101658941,33.938976377952756,50,0.0027530007708402157,0.9877216165620526,0.992126417795397,18,12,6,1,17776,97,34,32,23,20,19,18,True,False,False,True,False,False,True,False,False
candidate_000472,472,9321472,74d749ba27ae9da1f67394386829cec0751b7e8e1bbc5f45ee19bb30d57433b8,c614dfb9820f3570554999ef44046d6a48b73c67578eacdd10f0cb85c456684c,0079742e97cee2d28e685ae6002e8023a0ff998536b1e8523f72e0682a2d4562,0,0.9353981018066406,0.4924977421760559,0.05890343294640652,0.06420351302241066,0.41641204714098645,2291,14859,5.485814054997817,9.819732666015625,0.07355516637478109,0.3497526760712709,0.6,0.42857142857142855,3,10.197221427174268,11.73896621859283,41,0.002759270475805909,0.9843865670637324,0.9931354734504341,15,11,7,4,9011,2776,2708,132,44,42,31,13,True,False,False,True,False,False,True,False,False
candidate_000473,473,9321473,381a96586f35ae1f26f118f39b08727825e5e81f4d105be538e6eb6da3096836,0a09630722c751d64a03e0d433aae7ecbd8a8512b8af0efbde8f5849d00f099e,e917cb6b67f08a6a16ee22ebb980e5ae9ca547a9e9a24cd8fe703cdbcb80fd97,0,0.9546546936035156,0.5117514729499817,0.07550813942794077,0.08731255982133361,0.35835879528590137,2291,9403,3.1043212570929724,8.117624282836914,0.0,0.2572423756889234,0.6,0.3333333333333333,3,8.373821504704608,6.316268519559903,52,0.005530149952142933,0.9147080718919494,0.9808571732425821,20,16,9,6,4162,3331,676,432,394,107,72,49,True,False,False,True,False,False,True,False,False
candidate_000474,474,9321474,46af63f30a67516fb19dc7d3f29221131adee03946a2c97559b23a19229906bb,92a4ba5923957f5c65ef41919843130b2a6d6bcd1234d23cc33b2b7cd8ab8b7e,7d8cdf9fd8e0300a4a7955aeec6dc5946344736202d14d14be127860dd7d7788,0,0.9315109252929688,0.4913579523563385,0.061357404021937845,0.06594216246085835,0.4687909209951986,2291,16287,6.109122653862942,8.173567771911621,0.0,0.35874572757421064,0.4,0.25,2,14.278189565491177,13.833496791548743,76,0.004666298274697611,0.9805366243015903,0.989378031558912,18,12,8,4,13742,1499,593,136,66,28,26,24,True,False,False,True,False,False,True,False,False
candidate_000475,475,9321475,e1aa61fc5998765b62b8635150f376bb7714c2f1d06a92b24cf91e7db45e3a8c,88faf8d223aa77c5af3e842d865128a710f54bf3bb8d0cded522c5d331024167,7dcf40ff9d4bea25b1213b75eba00f61a186d2b72da6ddfc26adf8145b3f16be,0,0.9348678588867188,0.49541106820106506,0.065184721352536,0.07072010869565218,0.4543867306852903,2291,14720,5.425141859450022,9.776236534118652,0.0,0.3569477809567364,0.6,0.42857142857142855,3,10.078487499962291,9.923577240814295,53,0.0036005434782608696,0.983016304347826,0.9941576086956522,11,10,7,4,5971,5234,3018,247,91,34,20,19,True,False,False,True,False,False,True,False,False
candidate_000476,476,9321476,8416192680bffbb35024a0a1fa65ae35b8356bfa5900622ac1b4acfaf73b7730,3326a3ce4c9074c5584ccd18797a6e8d38a94867be258ec0b9fa54406690e570,b8cb7fa920d31bbdbceb0c0d7d8a96718a9683dcd8977bcedec3e67e02d7b480,0,0.9473152160644531,0.4991498589515686,0.058265895953757224,0.06608391608391609,0.32998690528153646,2291,11440,3.9934526407682234,10.293603897094727,0.0,0.22723428579684396,0.6,0.42857142857142855,3,7.258575567648916,7.398468103890051,32,0.002797202797202797,0.9705419580419581,0.9966783216783217,11,7,7,5,6359,3113,981,650,220,53,20,6,True,False,False,True,False,False,True,False,False
candidate_000477,477,9321477,55b0732befe9f9e11b3496f94d48385f9345cee2063c2c2694123905dba011ec,85b7a70b13ca0b1e80d3ffaaa0676b757807d37fd1e31c6d4e919816e3b4f663,0b0b7375e1bba3d47090fbfd455e67654fabf0a48ee2248a7877cce635363145,0,0.9533233642578125,0.5133223533630371,0.08021346469622331,0.08991349162525308,0.42645133129637713,2291,10866,3.7429070274989087,6.907931327819824,0.0,0.3227133841677196,0.4,0.14285714285714285,2,7.936171772947756,10.852119512458204,72,0.006626173384870237,0.8975704030922143,0.95094791091478,34,23,14,8,5152,3119,1211,271,263,113,102,102,True,False,False,True,False,False,True,False,False
candidate_000478,478,9321478,5823ce805fbb32b07eb66d542267f27c97c3d0ac0d16b9a04c4914471f4c9ca2,ae5dbdaaa74181afe05c261bc84445ce6f68cbaf85786983bcbdba7d341b709b,7d0b901e87df56b0f4ff4e14dc7b9e12ae076204639e9a3762a7b24c8c7c71bb,0,0.9501457214355469,0.5166563391685486,0.0905587668593449,0.10077374848513097,0.471846355303361,2291,10727,3.682234831951113,7.772754669189453,0.0,0.3768078768171699,0.4,0.15384615384615385,2,12.221384731278219,8.297161085286026,59,0.005500139834063578,0.931574531555887,0.9769739908641745,21,17,13,6,8512,696,453,332,247,125,70,45,True,False,False,True,False,False,True,False,False
candidate_000479,479,9321479,dd27d512c563f7c2fbf001e3b7ef13ef77dca1c18a50ad26447a8d7e78a4dd39,f44fff67fdcdcb07fc1342a3d049f3fe024e37c7e656cbda02bb4d968ad1926d,cfdab236db2676b2a0c5f7de1bebb10509f9d193a40b041089ef6d645982de58,0,0.9325942993164062,0.499691367149353,0.07664330115064145,0.08284488920657612,0.5058926233085989,2291,13990,5.106503710170231,10.174930572509766,0.01026694045174538,0.4162521739724403,0.4,0.2222222222222222,2,11.85456990766885,18.60690594326394,62,0.004431736954967834,0.9703359542530379,0.9847748391708363,21,14,9,4,9594,3270,453,258,73,47,44,38,True,False,False,True,False,False,True,False,True
candidate_000480,480,9321480,58e53b685a002ca4730b31d357c5c7a97742af1f6febe2c73430102f90de540e,49e43133ec0f040d86fd01e97071ea4faa5d7516476a5b0a7fc37e702f55bfcd,71da80ee1198811a4daf99154fced2458de7c589b1cd6cb3372ea70671e5c7e2,0,0.8983497619628906,0.4673428535461426,0.05144408159803215,0.053908715168214744,0.5294631165429943,2291,22501,8.821475338280226,11.6812105178833,0.012048192771084338,0.4668459977516679,0.4,0.16666666666666666,2,10.964873227507363,19.988698890048383,83,0.0036887249455579752,0.9818230300875517,0.9864006044175815,25,21,12,4,20360,895,723,114,28,28,24,23,True,False,False,True,False,False,True,False,True
candidate_000481,481,9321481,e79f1ad380b6c8293ee3cd3c5f5eaa73a0f3ce42b06b97b210b0f11fa9f50bb0,7b3b31a60c50e4dad9b7daa26b42808981c93eae3962aebfca1f29d3858ebb6a,0083dbae516f1fb8e31f5805bae190e24b1915cf20cc0380f7319f17f8354fe1,0,0.9431037902832031,0.5010818243026733,0.06746223356556529,0.07418082524271845,0.4268878219118289,2291,13184,4.754692274116106,6.980690956115723,0.0,0.3117752966562446,0.2,0.3333333333333333,1,16.38177008026176,18.87900355871886,69,0.005233616504854369,0.990063713592233,0.9932493932038835,12,6,3,2,11199,1743,92,19,15,11,8,8,True,False,False,True,False,False,True,False,False
candidate_000482,482,9321482,f426b953aa3a44c2d6b676143cb46ff2d3270e610bc7cf67262ad21a579d1ed9,4bbbad992c4a6984dbd81e96f81023fb4e0ab4340c1f5fbcb4aa93da5f098c2d,af6dfe9133efac0ad65d4756ec69883db97d857518694a062c91a14605f70df8,0,0.9411888122558594,0.5003889203071594,0.06818993216708319,0.0753808508958876,0.4168485377564382,2291,12669,4.5298996071584465,7.218779563903809,0.0,0.30795086159881035,0.2,0.05263157894736842,1,14.902559753338437,20.651574803149607,86,0.006788223222038045,0.9190149183045229,0.9487725945220618,36,25,19,5,11026,238,208,171,131,85,84,77,True,False,False,True,False,False,True,False,False
candidate_000483,483,9321483,7700357e751f0360d06511b5fa23a5f34f9ba5322f991fe0f1e0da2b647782b3,72bbb9673f9ca02546f9eb93e1cc50bdc907f0c79cff2526922b1e716fb62e75,226e9900293f92a9db7ded46c7a0ed067aab57889bbe32b982d22ae26e030628,0,0.9286766052246094,0.4945472180843353,0.07063259792886087,0.0750059765718384,0.5477957223919686,2291,16732,6.303360977738978,8.496679306030273,0.11088295687885011,0.47983838131859347,0.4,0.2,2,12.696227440359714,14.952846852818963,84,0.005020320344250538,0.9722687066698542,0.9838632560363375,31,13,10,4,15362,654,137,115,73,48,41,32,True,False,False,True,False,False,True,False,True
candidate_000484,484,9321484,890ca9a1d9c184aaebdf53490c63be2c4fdd0c661dda051ab4208d067f6c69dc,9e40d82a935e535986751bc3640aa29c457bd18961d6e5b760d984a36c1ebb29,40b14f518e68461b5d51984592a2223d236588872c9336ee0af93a6e29d891bf,0,0.9680709838867188,0.5448436141014099,0.126362843436546,0.1441542288557214,0.5058926233085989,2291,8040,2.509384548232213,8.460721015930176,0.0,0.39843059277049664,0.6,0.42857142857142855,3,3.587373853059644,5.071844971750198,46,0.0057213930348258705,0.9388059701492537,0.9911691542288558,14,9,7,5,3081,2705,1351,411,338,52,20,11,True,False,False,True,False,False,True,False,False
candidate_000485,485,9321485,5de34dfafb2535ec7277742624624686a8fcfcba5b8fa361d0aafdae7cc12c51,0bb516aa206687786fd3a93855ee4b68c92d57df0518d37ada8420bb275fc309,eaba2a6e436a612b1a4d341132b5ba74bd3cc0b94594f797b0defa2a24108a19,0,0.9413032531738281,0.4930760860443115,0.05340039964170054,0.05962914518735093,0.33828022697512006,2291,12997,4.673068529026626,12.386841773986816,0.0,0.23377760493804198,0.4,0.2222222222222222,2,17.99863605935577,13.92223061158451,72,0.005539739939986151,0.9707624836500731,0.9861506501500347,22,12,9,4,8352,3937,219,109,84,58,36,22,True,False,False,True,False,False,True,False,False
candidate_000486,486,9321486,b07995a1a5f1f0e0d5f77021c04546fd882d8b8833f4244e70e99bcaf8e4d5d1,7e072692033faa21f883ccfec192d87c5545b4cebb864651906969d1dec8e0b2,4e8f15297e1628744950cf2a800de997fb1feb09e714e7c4bb4c5b9f8738dff7,0,0.9553375244140625,0.5311256647109985,0.11355343179843615,0.12416872506175185,0.5704932343954605,2291,10526,3.5945002182453076,7.773105621337891,0.0,0.48907932522415043,0.2,0.14285714285714285,1,17.190049501740855,17.968503937007874,45,0.004275128253847615,0.9712141364240927,0.9898346950408512,15,11,7,5,9663,239,200,121,110,51,20,15,True,False,False,True,False,False,True,False,True
candidate_000487,487,9321487,004c516f22204e7036e27e3725b1ed1b55f8f16b28505907622ca2ab711b7b8d,156a14161ecd4fa7a434a69a7d0b5bb69abd397608375a09cdf85a89524ee637,fe16d8ddbe264df7de8132fd770e339836f26bf32f31bf717dc26596ab33e707,0,0.91815185546875,0.4857349693775177,0.06543989547038327,0.06956421089183402,0.5246617197730249,2291,17279,6.542121344391096,7.195806980133057,0.0,0.41736043442707577,0.6,0.6,3,9.29705484196495,10.47008967828834,76,0.004398402685340587,0.9839111059667804,0.9888882458475606,21,13,5,3,15042,1651,260,48,42,16,15,13,True,False,False,True,False,False,True,False,True
candidate_000488,488,9321488,c442ad0e9c0a0d9d02d068773960312195808f3434ca670cf2746252a01c68c6,c8b8b45c2c3d264dcc2c448b6b7c6116881c1ba55695d151d5a1b4530346c7d3,5fe0a79400bc573b3bef48c19659af7006825d3350f7aedd0c1e8f71e82a8f37,0,0.9143753051757812,0.4771587550640106,0.05239939218665752,0.055738046822044945,0.46660846791793975,2291,19179,7.371453513749454,9.705686569213867,0.002053388090349076,0.3780748241008931,0.4,0.4,2,16.91023571180494,18.3805902278129,61,0.003180562073100787,0.9894676469054695,0.9930131915115491,17,11,5,1,18782,96,77,22,21,17,16,14,True,False,False,True,False,False,True,False,False
candidate_000489,489,9321489,3177b3a36d318cd8052f5b696f05b1ff78d5438bb67b7c35f9a92980cff24169,21dd012e84b0f00323534a12b4cebb5aecd6582e7eb22a1c31b07e650abb4f84,9fcb8e22a1c8a54780645b2b0816577b668c544210509284a2e8620486b616c7,0,0.8771133422851562,0.45247143507003784,0.04551045510455105,0.04782627429014606,0.4845045831514622,2291,23209,9.130510694020078,8.631422996520996,0.012048192771084338,0.4007195796128461,0.2,0.16666666666666666,1,21.77366033841181,43.00196850393701,106,0.004567193761040976,0.9871170666551768,0.9917704338834074,21,11,6,4,22380,269,143,118,56,21,17,14,True,False,False,True,False,False,True,False,True
candidate_000490,490,9321490,33f934c4a6083973f2ba0e82446521c21ce91f223258f41cd7d5f605daab3aef,4622bba8de40095a7150c800f7672220dd60ea838bbd323c9aef83e4d3e0f8b8,d3015f39def8a02b10bb1a2c8cbf1820d7a0fc3cf3f1c8e171b98ef0ab550ff8,0,0.9442520141601562,0.5068280696868896,0.0775995861355406,0.0854353132628153,0.45831514622435615,2291,12290,4.364469663902226,9.551307678222656,0.0,0.34967018242171993,0.2,0.1,1,11.876437418775748,20.586614173228348,79,0.0064279902359641984,0.9548413344182262,0.9761594792514239,24,20,10,4,10993,385,205,152,74,72,69,47,True,False,False,True,False,False,True,False,False
candidate_000491,491,9321491,f4c28ea352a9995120f5ad07dd79f10df80875a6250b729f024ca08002f451de,f6009cf44f77e3c4e438528df7f4bb815a2316225cec1ee439560a7cb1c886a0,a557cbbd41778a295b205906794fe11a649e9bce9759f83f19aa71a690ffecb2,0,0.9292793273925781,0.49137043952941895,0.06394510753618174,0.06862199121341502,0.48406809253601046,2291,16161,6.054124836316019,6.967259883880615,0.01642710472279261,0.405958188918201,0.6,0.42857142857142855,3,13.925753226608101,13.50212450325513,60,0.0037126415444588825,0.980941773405111,0.9899139904708867,19,15,7,3,8113,7519,139,82,72,30,25,18,True,False,False,True,False,False,True,False,True
candidate_000492,492,9321492,06ed820e59cc62317f0e14114c82b99ea64cac1d83988b4ccdfbcf732ee7a4a2,d56736439540f5bb51cd83644cd4253f503e191f3360857dcfe1c480f0a43a5e,144abb91de16c03d38c6abe8b6372cb867935e93adfc6a0ccb5807602181bc7b,0,0.9589157104492188,0.5156539678573608,0.0784135358864732,0.09012965286491008,0.37625491051942384,2291,9564,3.174596246180707,7.846482276916504,0.0,0.2841387568722964,0.4,0.4,2,7.528883532052324,9.364415920612664,68,0.007109995817649519,0.9818067754077792,0.9884985361773316,16,8,5,3,4104,3717,1516,53,26,16,11,11,True,False,False,True,False,False,True,False,False
candidate_000493,493,9321493,709211bbd357096aca77fed3888659b50a25b208f7352244d5869dd56dc2fe01,42b9a22b4b045a6cf499ce080ef534d22aaad3f9ce7910733303d861a3af3462,e1b108a16935706d6e59f33cc81aff28bda1e62843806c41d1cc76ea7f674f38,0,0.9155540466308594,0.48911747336387634,0.07533972821742606,0.07840690479904332,0.6582278481012658,2291,19233,7.39502400698385,3.330387592315674,0.18072289156626506,0.5853673798594967,0.2,0.16666666666666666,1,17.936402450105977,32.428825622775804,43,0.0022357406540841262,0.9899131700722716,0.9945926272552383,19,9,6,1,18814,88,84,53,30,27,17,16,True,False,False,True,False,False,True,False,True
candidate_000494,494,9321494,454cd0a913f821e927d6fc2c4bab370960fe75e7341065583c52c3f7acf69530,cde4c4c929635c4ff8b1f889180b1df796d6b31b1039de3808018697bd31f8c9,f4f9565eceb932e37415683512eed3ced43749e744859591bcd07a9a61519a5a,0,0.9331321716308594,0.49385350942611694,0.06444851977993188,0.07048205715922928,0.4295067656045395,2291,13961,5.09384548232213,6.276129245758057,0.012048192771084338,0.333690674638646,0.6,0.2727272727272727,3,9.090079245993152,7.9698401195251565,77,0.00551536422892343,0.9462072917412793,0.9872501969772939,16,12,11,5,6376,3893,2409,532,425,53,48,47,True,False,False,True,False,False,True,False,False
candidate_000495,495,9321495,df1b7e7145dc8064cfdd7c2372578d139cb966e3cafe4ece705965f0423f60ba,412ac91990b95882a2732bfb93c846bb51b87660e6bd5054b352801f95103ee7,ed8b680cba2d5808fff6d5466db175f55d8470ac230110d018acba8e627e9cc6,0,0.9264755249023438,0.4932669699192047,0.07090087695987245,0.07470041438010976,0.5822784810126582,2291,17858,6.794849410737669,5.341879367828369,0.06987951807228916,0.502575454933434,0.4,0.2857142857142857,2,16.766391327217086,14.082611585130557,83,0.0046477769067084776,0.9829768171127786,0.9884645537014223,21,16,7,3,16384,657,440,73,28,26,26,18,True,False,False,True,False,False,True,False,True
candidate_000496,496,9321496,027e825958dfd12cff3ab016dc37dd556b0468c8f1f81bf836834e6a2f7b286b,e0787fa1fc0bbda27d4e23000bde6b9cbd05207d37cf38b76dfb7cb48ab62046,66b72db5fedf329ece1479cc3bc484217f7d7f90bb4678be551500bdcf634fd4,0,0.9518356323242188,0.5081141591072083,0.07147611915460143,0.08114490836954469,0.3749454386730685,2291,10586,3.6206896551724137,10.396536827087402,0.0,0.26789930455578626,0.6,0.23076923076923078,3,7.44106591720882,7.2272977650815635,67,0.006329113924050633,0.9155488380880408,0.9641979973549971,28,20,12,6,4744,4032,645,271,182,140,98,95,True,False,False,True,False,False,True,False,False
candidate_000497,497,9321497,83426b0b35bbdb9c1c2902755346ca655603c52c6e39826c488729ff8787646d,63d227b98af9d5ccf8f89d7062722db9ba9fec285614d2777b49b8889e544421,88f941f498cf64f3dad7fc71ad79faa6154bad40bbdd7c159864bb8f21087e7c,0,0.9506607055664062,0.5086447596549988,0.07386133807944341,0.08312847127378677,0.398515931907464,2291,10983,3.7939764295067655,5.603909492492676,0.0,0.359174089160518,0.8,0.3333333333333333,4,6.007502614367123,3.940490643892467,82,0.007466083947919512,0.8030592734225621,0.9618501320222161,22,17,12,9,4586,1864,1429,941,738,627,220,159,True,False,False,True,False,False,True,False,False
candidate_000498,498,9321498,c240683146660ab9b4ca9255172abae3c7e21be230733783e7a628efa700b08a,5a6010ec033515f662c98be5744e4ee99bad51909a0bd04ad5f9621ce9ebbc0f,2a7f33f05fbfc04f4d520b3ebf3f908fcbe4362b40510de713f2e2d48ad5e937,0,0.921630859375,0.48983970284461975,0.06978137166816412,0.07303693641920485,0.6102138804015713,2291,19141,7.3548668703622875,2.6680939197540283,0.0,0.5238099536587313,0.2,0.25,1,16.400942316526518,35.675196850393704,93,0.004858680319732511,0.9850582519199624,0.9885063476307403,25,16,4,2,18658,107,58,32,19,17,16,14,True,False,False,True,False,False,True,False,True
candidate_000499,499,9321499,a837b4d3fb89d3117bc184bc51fc096440a4dba5751cf1ffc494c79019137dd6,1c1959ca0e178dfb55f2bb8a85a34296840c65acdc9800486876b928eb84bfaa,762e78f80e039861f3ca616399b8550e3408e1a59a39565591aff09648f6d3ab,0,0.9095916748046875,0.47391819953918457,0.05167422769496652,0.054240362811791384,0.5220427760803142,2291,22050,8.62461807071148,6.9825615882873535,0.002053388090349076,0.4489360262118398,0.4,0.3333333333333333,2,12.441069768023493,21.858186819113364,66,0.002993197278911565,0.991655328798186,0.9954648526077098,13,9,6,3,17767,3156,910,33,30,27,15,12,True,False,False,True,False,False,True,False,True
candidate_000500,500,9321500,5e27e7e3accdc7858d12125809c42ecbda8cc185dcc31a6a2afe2d114d8dedc8,60bd263006327002f1e043928a81cb891b37e74410899be1ff2bda462d35c79d,a1f4d3af6149cd651a53802ca5826324aec85e953f897c8992c747a3c55a16f8,0,0.9185638427734375,0.4831298887729645,0.059765043861899146,0.06342897588065552,0.5085115670013095,2291,18367,7.017023134002619,11.470653533935547,0.2626970227670753,0.44543916426501223,0.4,0.3333333333333333,2,17.414548983470986,15.808384129088587,37,0.002014482495780476,0.9888931235367779,0.9933576523112103,17,13,6,3,13606,2912,1576,69,25,20,19,18,True,False,False,True,False,False,True,True,True
candidate_000501,501,9321501,00e3b9cdd53120946cb7a418e994d9383190d0fddbaef9521537b51579300f7d,2bee0b11c2583aa5da28f2e35022203f799ed917e12abefea889c7b9b886fca2,23ce9f4d1610e4bbfb9192b21de5ca11b13cdc0fd8f6492ed35edcf7ebb09c0b,0,0.9252357482910156,0.4828478693962097,0.05147845677274007,0.055806569788740996,0.39895242252291574,2291,16378,6.1488432998690525,10.86776351928711,0.0,0.32769956070441236,0.6,0.375,3,12.07529600971796,10.696897675915613,44,0.0026865307119306385,0.9683111491024545,0.9909634876053243,19,13,8,5,7850,4627,2498,884,228,81,32,30,True,False,False,True,False,False,True,False,False
candidate_000502,502,9321502,e60b1b95264bd890402c758e6821d28eb349c2c70994d8f90d8676de391629e4,1379d37751d6a783c0bfb5b4fb4f0df5dadc2e09abaeba256c8a4be7467c86ce,05b25b66efd92b13867023b480ebd95f60d6a966cecbd57ff8c0bff31249a743,0,0.9515190124511719,0.5167187452316284,0.08909968662657745,0.09954579863739592,0.4591881274552597,2291,10568,3.612832824094282,9.53502368927002,0.0,0.36172523294464265,0.4,0.5,2,8.558190317863492,9.798844767094051,34,0.0032172596517789556,0.9921461014383043,0.9962149886449659,10,6,4,2,10161,171,97,56,17,11,9,6,True,False,False,True,False,False,True,False,False
candidate_000503,503,9321503,83bb35f9d808827f8b5d45588f0c669f29c88339218228cd71b837a4fc9c321f,b199b091feab25c398871789a305034f92c56e651b81ac331a56fbe0edc5c87e,e841ddd1fecfe8da75bfd980448fe9e8a602350a38db6cf03335b2da5e6f69ae,0,0.9016151428222656,0.471990168094635,0.05696142093200917,0.06011286909200846,0.5207333042339589,2291,19846,7.662592754255783,9.219710350036621,0.09156626506024096,0.42718336488040415,0.4,0.25,2,15.231177045296159,18.690298145483354,125,0.006298498437972387,0.9800967449360073,0.9877557190365817,21,14,8,3,19129,164,108,50,47,40,36,29,True,False,False,True,False,False,True,False,True
candidate_000504,504,9321504,4475a6ba62fa216b05beb9f3572be453a81bd7fa8a215a7de8ab4e06742a4c9a,0f719000d9329b22eb36ac9dd0c6cd6da24a6aab3529e33aa5e9c1f2843640da,203d6cd52ccccd717b90787bc7d5d7f382a12c29d993ee31fc1f357b8d36f04a,0,0.9456329345703125,0.5030430555343628,0.0682465998859842,0.07740624422686126,0.3657791357485814,2291,10826,3.725447402880838,4.549139499664307,0.0,0.2634673174604334,0.6,1.0,3,11.18116246163701,7.350160540763944,52,0.004803251431738408,0.9908553482357288,0.9946425272492149,10,6,3,3,5250,2887,2574,16,15,10,9,7,True,False,False,True,False,False,True,False,False
candidate_000505,505,9321505,e6719cb8d10fac49e5feeb100158516485abefb4319617d7ff27c8bd882f7ac9,e3412f5854d56aece8e22babdbcf2fd39d68becacfdf02d62bb905519e050ab3,6868c48fddccb3fd08a8efc81f70873a76eb8c46136f19579ab352360975ee62,0,0.929718017578125,0.49273061752319336,0.06546635519343627,0.0700225486013773,0.5015277171540812,2291,16409,6.162374508948058,8.541722297668457,0.03132530120481928,0.39901964671912976,0.4,0.25,2,15.87744857652067,13.258171534633568,73,0.004448778109574014,0.979035894935706,0.9851301115241635,28,15,8,3,13579,2144,243,99,28,26,24,22,True,False,False,True,False,False,True,False,False
candidate_000506,506,9321506,a9fa1426354e9b9c681ede3be89937e95cb50009172a7798087ed333660bf951,54b4fe93312f00159ba15632c41fbbf069c4096d4537c5f7870cc3edb103e316,3627f2e0a8af8d79d0545c012cfb8a4eac486daa71b45c04846769cb3d217339,0,0.9295005798339844,0.48939430713653564,0.05972820312063084,0.06411333893624685,0.466171977302488,2291,16658,6.2710606721955475,6.536613464355469,0.0,0.4245296571762326,0.4,0.5,2,18.316784422111155,13.916377112113654,56,0.003361748109016689,0.9866130387801657,0.9909352863489014,21,12,4,2,12392,3979,32,32,19,19,19,15,True,False,False,True,False,False,True,False,True
candidate_000507,507,9321507,dc37b2b66ff4ca6f17a2a9dd022ecf4df90db00d2ded7e545b2b5103d393070a,25bdd984c8868dfa461de3cb29f7e2cf11dd6c4a371a523ba60d1fb157add51f,1025fb90b8f78187470fedb1bd8efd65de4cdbafeae0b14f96573cbb228f08aa,0,0.9520301818847656,0.5101534724235535,0.07536118703631393,0.08406655632023695,0.4212134439109559,2291,11479,4.010475774770843,7.777880668640137,0.0,0.31462922627173473,0.2,0.16666666666666666,1,11.852109750048019,19.275590551181104,61,0.0053140517466678285,0.97856956180852,0.9864970816273194,20,11,6,4,10327,522,268,116,31,30,18,12,True,False,False,True,False,False,True,False,False
candidate_000508,508,9321508,3144b9b851b366dcf5c34832920df84932cd2ed49145a8b25008cb312a3e59c3,d5c938826af4835f3c47e53a1020a475a26aa7abe6671cecc12384682eb31db7,aa492389c1e5bf23da3a3d9796fa668a93d2491b11a41f3250f2086609f18318,0,0.9457321166992188,0.5165753960609436,0.09554005495666879,0.10227786996530397,0.5918812745525971,2291,13258,4.786992579659537,4.851691246032715,0.0,0.5097265077122752,0.6,0.25,3,7.744305328555591,9.030230460384036,89,0.006712928043445467,0.9548197314828782,0.9803137728164127,22,15,12,5,5211,4270,1902,1276,133,89,78,38,True,False,False,True,False,False,True,False,True
candidate_000509,509,9321509,63d99df6eec175c339772d09e5b80a06a2dc516b26e96298ed1233e342d84ef6,184ec777329c11adfb56706c255d97e99bb3cf63200a8c980155fd665ed859e9,607297234d4483f328a6f8423b1bf14c75173b0f56ac40d829cdfe46921a3c31,0,0.9291343688964844,0.49043601751327515,0.062241141279337324,0.06689335394126739,0.47228284591881275,2291,16175,6.060235704932344,9.12847900390625,0.0,0.35982463152974015,0.4,0.3333333333333333,2,15.120576610476526,13.557598004875725,40,0.002472952086553323,0.9921483771251932,0.9971561051004637,9,7,6,2,11825,4127,64,32,31,30,13,7,True,False,False,True,False,False,True,False,False
candidate_000510,510,9321510,0f787585885bb55d0fb24db99ce3eae7de7cca8430b8cec6906c83b1922a4698,45be30081056dcf38fd0f85bec52485b983eb598203ea23adf2d3459a4d10800,ad1ab12673d2337a0b4a55d73e703d78cbc5f0fceadcd7183d3f94184071edf0,0,0.939727783203125,0.4942702353000641,0.05767834752194285,0.06362842166569598,0.381492797904845,2291,13736,4.9956350938454825,9.725227355957031,0.0,0.2884106480153747,0.6,0.3,3,6.671552890054869,8.222238205514126,57,0.004149679673849738,0.9532615026208503,0.9833284799068142,24,14,10,6,7033,3738,1791,532,154,137,65,57,True,False,False,True,False,False,True,False,False
candidate_000511,511,9321511,6d61903b11512e496750a941f5eba7f083b366d62005967d3c56aadbc521b773,5bc4797721c44ad3a5aabffa41d770a9c7fe247c162e0090f7586d7bb7a81f48,fa04d0adfc54a8306da0e97fc29723603ba01655cd08bb2c754656aad2923e69,0,0.9279212951660156,0.48767518997192383,0.058094169205280315,0.06208944993431199,0.4744652989960716,2291,17507,6.641641204714099,4.424251079559326,0.007228915662650603,0.37014405996288335,0.2,0.125,1,17.66349813079929,30.568897637795274,49,0.0027988804478208716,0.9809790369566459,0.990061118409779,20,13,8,4,16064,812,161,137,53,41,34,31,True,False,False,True,False,False,True,False,False
candidate_000512,512,9321512,e06e1ed3cd3152530124ced87bb2e0f436c0371763379f6ffce9bd84135061a7,a7ab54c6f62b3df55506070c19a5ac80fcf46b50d1f9535d59afe4b394d06343,eff0d9327b59aa8e94a47aadcc7092579e0344a01626f8ee99f1220d5f5b95a0,0,0.9139938354492188,0.4789796471595764,0.056753252988908626,0.059945227710721166,0.5159319074639895,2291,19718,7.6067219554779575,6.1556806564331055,0.0,0.4057373300768613,0.2,0.1111111111111111,1,16.42969307039053,30.268683274021353,69,0.0034993407039253474,0.9753524698245258,0.9865605030936201,29,17,9,5,17600,1231,230,171,131,43,24,23,True,False,False,True,False,False,True,False,True
candidate_000513,513,9321513,fa77f0d65c16cefb0fda0f414fe859782b2727a46ed2c5d2720f4c92abbaaae5,333e650eeceb76b762a6f50dfac49ef73577c3cf1645353c438a5c4911a884d7,f6fcedd3671443f02fd9f440419841a0e814cc1b7df3bdfdedaff53ff4be94b3,0,0.9216461181640625,0.4905787706375122,0.07107455446588633,0.07479331964711758,0.5883893496289829,2291,18023,6.8668703622872105,10.037940979003906,0.0,0.5575137658153778,0.2,0.1111111111111111,1,21.53730613663555,33.53543307086614,76,0.004216834045386451,0.982522332575043,0.98790434444876,22,17,9,1,17571,53,47,37,32,24,21,20,True,False,False,True,False,False,True,False,True
candidate_000514,514,9321514,08d22b4e5c85f3461e60573c2f77c835c49de6107f73341ad399d84c48ed45be,beccd312c0c3a873a03bf7444e665f991e96c8a08a9fc870e9b9a639542bceb5,a6efa10e7161597fb10a31f486988220771ac82cc9acd8c6669a38b2241ae258,0,0.9139442443847656,0.4799566864967346,0.05852761923188546,0.06175674985964375,0.5281536446966391,2291,19593,7.552160628546487,7.165076732635498,0.0,0.4897772508496285,0.2,0.3333333333333333,1,17.76192358481191,36.18307086614173,57,0.0029092022661154496,0.9936712091052927,0.9957637931914459,13,7,3,3,18916,321,216,16,12,10,10,9,True,False,False,True,False,False,True,False,True
candidate_000515,515,9321515,7fee6eeab423aca83348229bd970a7f30eed5db0ef9315c43fb528019ded2870,bcd0851c80246037b21eb5b6652fd0e6116aa71d85c9fc064caa2aa13a96d5ba,07e44b2505ba4964ce7edbf1901d2c7f54c8d5cfb542147841cfddd792783590,0,0.9227561950683594,0.4814179539680481,0.05062386632221184,0.05474647803602211,0.40200785683107815,2291,16823,6.343081623745089,9.178279876708984,0.0,0.3064342057853269,0.2,0.25,1,16.595558020823937,29.005905511811022,80,0.0047553944005230935,0.9911430779290258,0.9940557569993461,16,6,4,3,15270,1234,133,37,17,14,9,9,True,False,False,True,False,False,True,False,False
candidate_000516,516,9321516,d4fe6690bc1a46d2adcddf60bed8d82921c689201d94b3de60a007c651746df1,f2bb81fd074f32b54dfacf05dc487c026c422a68b7c6d99f5862c084cb3b6e6b,0223d68f1db4bdd8bacf394d0c9fe6d2dd92da84f0f8774a7655ed0b877cc867,0,0.9256248474121094,0.48739534616470337,0.060166886253842776,0.06439104635450327,0.4783937145351375,2291,17021,6.42950676560454,8.672026634216309,0.08624229979466119,0.3902143654010336,0.4,0.16666666666666666,2,16.725334484662042,23.345243231582355,46,0.0027025439163386403,0.9767933728923095,0.9852535103695435,21,17,12,2,11225,5240,98,63,39,38,34,33,True,False,False,True,False,False,True,False,False
candidate_000517,517,9321517,77763015e11ac4498725774cd89cda6589e6c36c3e0e5044fa50489e5e0695fb,1352b0b84a4efb942e8bfd5d6975d079b3a79cd83c8244196ecd73e23ff6a08e,27dd9fea1bffa3a8091ecb246bbe2fecf83b4ab9d1952ddc7c3bc6d2d386fc66,0,0.9268455505371094,0.49189695715904236,0.0678187864580494,0.07192414431082331,0.5429943256219991,2291,17296,6.549541684853776,9.917488098144531,0.026694045174537988,0.46880751887442906,0.6,0.6,3,14.607989489927226,16.298011632543567,55,0.0031799259944495836,0.9869333950046254,0.9917321924144311,22,11,5,2,11497,5446,65,62,36,17,16,14,True,False,False,True,False,False,True,False,True
candidate_000518,518,9321518,2e2e8d72a3715e30a7a08e942adcbade5a3ab40f756cc22a559fa066e546a729,7e42096a8372fa3ce4550e165e8fa788bbab65a9b930ef7de405125264a09b68,528953527d5d8a87cab0118f4303e076305317d10a051c5f37f16f2ea8b9b57a,0,0.9020957946777344,0.4697093367576599,0.05193124368048534,0.05413609916519099,0.5604539502400698,2291,23718,9.352684417285028,5.134347915649414,0.0513347022587269,0.4730004582686378,0.2,0.3333333333333333,1,19.668331544090552,44.6003937007874,89,0.003752424319082553,0.9910194788768024,0.993043258284847,20,10,3,3,23192,153,141,19,15,11,11,11,True,False,False,True,False,False,True,False,True
candidate_000519,519,9321519,34d06963e90e19fa5cecd568448f74eb4b66ef9e840248c74f6f8c9cf6675992,18552310310d2af146b0539fe300f85128782bb62f35944baf8d902b45ced87f,56805eb93fc359be6f414b689b409c3741b70b565abba1979ee24812ab2293df,0,0.9012908935546875,0.4660848081111908,0.04547413793103448,0.048033145146603534,0.460497599301615,2291,21964,8.587079877782628,9.582564353942871,0.03614457831325301,0.38859240958705393,0.2,0.14285714285714285,1,20.85647818674342,39.38582677165354,90,0.004097614277909306,0.9810143871790202,0.9875250409761428,26,18,7,2,20543,844,86,74,71,33,21,18,True,False,False,True,False,False,True,False,False
candidate_000520,520,9321520,c3998597306bb87a54926b83983fcc33a78770edd8b950b95ac831d2c198efc4,485e8cbfa59b25250ddccf3a7d15da5ac19acfce327293e0d00c8fc7112ccca5,9784fabe78f5ae8f6206ead32105918a5b947364e4c568534d79f40766a88f7c,0,0.9221153259277344,0.4926180839538574,0.07447362935167813,0.07797664520353596,0.6237450894805762,2291,18326,6.999127018769096,5.845318794250488,0.0,0.5362429028587736,0.6,0.25,3,6.682852397927022,10.41202378206272,83,0.004529084361017134,0.9679144385026738,0.9880497653606898,19,13,12,6,12157,3398,1899,284,166,100,72,31,True,False,False,True,False,False,True,False,True
candidate_000521,521,9321521,3a735828adfcbc40e68d85c6778981c12b5aede758ecdaa4de06624a8813758b,77b87101c650fd93eccd7eb1e558e93dd4be4f6c184f88c22766e003084b81bd,7e29736c8f393577087a46c320cb64e567d6da3073e1f5666d89e7e51270b082,0,0.9108390808105469,0.4801931381225586,0.06268515735691899,0.06500445235975066,0.637276298559581,2291,22460,8.803579223046704,7.212031364440918,0.0,0.5509303780288957,0.2,0.2,1,17.785968407080947,42.267716535433074,69,0.0030721282279608194,0.9905609973285842,0.9935886019590383,24,12,5,2,22007,102,74,65,29,17,11,11,True,False,False,True,False,False,True,False,True
candidate_000522,522,9321522,9c2126f274442376ee828ff0c5614548c4828ea9036993c083aacbb865895b63,b19f1ba7377da192bbb144ac268cf0569e3123eb84f26b2fe9ca696fb6c2834d,2ba01cfd43906ca565f81c89018d4c7f562628de941e01ee24c81f8401dd6c6d,0,0.9208450317382812,0.4805729389190674,0.05203267846722427,0.055317169001706044,0.4670449585333915,2291,19343,7.443037974683544,8.667083740234375,0.0,0.36022858536552316,0.2,0.25,1,12.530614804604781,36.53346456692913,54,0.0027917075944786226,0.995243757431629,0.9972082924055213,8,6,4,1,19094,89,36,32,16,10,6,6,True,False,False,True,False,False,True,False,False
candidate_000523,523,9321523,87e13ff9657116a61021b17c97b6cbff2cd99c7aef1a20cf32047570bd43dd95,4acd6f6d2ceddc6faffda35c310bf4b509c7d4d76910de6103497e1d8bfcd40e,fc54f6ea74f4b831555267a6e0ed68db0212a51c1e09e535c6c3d750e7631444,0,0.9126510620117188,0.4803881049156189,0.06105807478122514,0.06446532626384587,0.5360104757747708,2291,19049,7.314709733740725,4.8110809326171875,0.1855421686746988,0.4832208557027849,0.4,0.6666666666666666,2,10.832429706734281,18.508927046769756,51,0.002677305895322589,0.9948553729854586,0.9966402435823403,11,4,3,1,18859,54,22,16,9,9,9,7,True,False,False,True,False,False,True,False,True
candidate_000524,524,9321524,d8675eb640d6726445e4b57899d3d429c42169c101bc0c28bef71eba2594e9f0,eea923e0931d67069a6479ff35ef056cdc3823ef7ba844c7ccfdd2ada004d963,395d44bc1288ee5c36e0657eceb0ebd1f769e30664c4e40882a3c8bde08db21d,0,0.9211311340332031,0.4846382439136505,0.05966826227318268,0.06401146473995342,0.4679179397642951,2291,16747,6.309908336970755,7.495474815368652,0.0944558521560575,0.3712090220258042,0.4,0.2222222222222222,2,13.424111444406162,17.473061158451085,63,0.003761867797217412,0.984474831313071,0.9905654744133278,17,13,9,3,12884,3403,151,49,35,24,23,20,True,False,False,True,False,False,True,False,False
candidate_000525,525,9321525,dd6983eaf5de3e20be7b506a2afdd9a1358c22174926aeddc391fac2274c0e93,1d88cbeee61c6c54898f97463aaf3c0438252a03a8fe5c32cad16e5f69b48741,0ad0f2e7dee259cbbf3c6ab19ab5620a7b56c433aadcd7a2c0da459d59f0ffbb,0,0.9337959289550781,0.5031419992446899,0.08237271853986551,0.0871830717417551,0.5988651243998254,2291,15737,5.86905281536447,3.862797498703003,0.0,0.5073640301359832,0.6,0.3333333333333333,3,6.114744704596123,10.587900927660689,96,0.0061002732414056045,0.9505623689394421,0.9842409607930355,22,15,9,5,6529,5334,1807,1289,335,85,72,38,True,False,False,True,False,False,True,False,True
candidate_000526,526,9321526,fd85dfdf7138d1226b3ebe4698961083ecad9c4b88b643f3fa655d0210fe5e68,1dc37d4cb1e5742e4e2d2cecb63250214bc6f03f143fad5380567b8388293500,f750e9f9558acf2a7c81b60216317a2fc0f5abd5fa8b339742d9e2856d417e55,0,0.9173698425292969,0.4874365031719208,0.06944824192048997,0.07355496351210472,0.5543430816237451,2291,17266,6.536446966390223,5.48204231262207,0.19917864476386038,0.48637316006010656,0.4,0.25,2,17.237269995551063,16.578931653098035,63,0.003648789528553226,0.9741109695355032,0.9901540600023166,21,12,8,5,11595,4260,667,297,205,28,22,22,True,False,False,True,False,False,True,False,True
candidate_000527,527,9321527,3e61a13739451bd642b91e8d7f4862621f6a122bdc1b12305ca66178f1d7b125,49d8fe02a171648b7d716b36bdc9d7161f94b206b9bb3af434c1b9fa8f26b34c,1715dc72e59acb3027ae1f375cf0a0de81ff64e9570c67547e2ab0cd1ea22f3c,0,0.8728256225585938,0.44297677278518677,0.03189412737799835,0.03335870994532494,0.42077695329550413,2291,28898,11.613705805325186,10.810894966125488,0.0,0.3128439304368955,0.2,0.16666666666666666,1,15.98611954248913,51.15944881889764,53,0.0018340369575749187,0.9931829192331649,0.9956398366668974,16,11,6,3,26524,1967,179,31,23,20,15,13,True,False,False,True,False,False,True,False,False
candidate_000528,528,9321528,4c0a02e4b28b0739abe5e65d8adeefb030b436f9fc4d470b102c1696c523dba7,f5513f8b87f2f6600c767ac48f263e8b04c2c6c50be5b9c01a1a74ba712ec4af,860c9d412e2d93652ef4a97c377747784b59b2ec34b0f6f7578d60da833481b2,0,0.9231147766113281,0.48629438877105713,0.06080797481636936,0.0646474788041053,0.5058926233085989,2291,17928,6.825403753819293,7.249423503875732,0.0,0.43306557689701175,0.2,0.1111111111111111,1,17.86551987858094,32.226377952755904,77,0.00429495760821062,0.9845493083444891,0.9938643462739848,14,9,9,3,16906,407,245,93,64,57,26,20,True,False,False,True,False,False,True,False,True
candidate_000529,529,9321529,c000213d0c1c0917710217c4028c70ec9007a496e9bf3cc5e701ffb907111208,68758a4371e4dd39613cdf28e3b1c08827e9f6f990e1b17cc1591e6833fd1021,d3ccaddb33eca8c1f963e9fc504ab1d479ca8d3bb298b235adcdbe713982dbcd,0,0.9386177062988281,0.5037583112716675,0.07799774464352838,0.083467417538214,0.5434308162374509,2291,14916,5.510694020078568,8.723353385925293,0.18275154004106775,0.49924882107550944,0.6,0.3333333333333333,3,11.59260087259249,11.028764635272045,84,0.0056315366049879325,0.9688924644676857,0.9863904532046125,23,13,9,5,5333,4938,3978,203,111,71,49,30,True,False,False,True,False,False,True,False,True
candidate_000530,530,9321530,0ab698c524031473d399d78df5b0621109f19c08fe0014048d94b1e620f00ebb,7833370a327ed35b1740f76c0fcc21b21e0e89d46416994a1ff31b84dfe652bf,ac945eeabef30a8fd6d7e4ae5426bb5da253084973e36c8e59ad66b4788ad1cf,0,0.9488029479980469,0.5030679106712341,0.06484668335419275,0.07322027910263204,0.3618507202095155,2291,11322,3.941946748144915,9.39522933959961,0.0,0.3174463407971723,0.4,0.2857142857142857,2,8.02584744445967,10.579333405242153,59,0.005211093446387564,0.9776541247129482,0.9909026673732556,13,9,7,3,9006,1605,368,90,66,38,31,15,True,False,False,True,False,False,True,False,False
candidate_000531,531,9321531,09565232ff5c2d03752763c184d62a13bc72b7f84919c65e4bb0af5385404b2d,9736458660cc505679fa5280509edac3feceab99d4c2aad100c3ba013817db5c,586bf149507b41029f88f3fd270b448e4945f3631efe482d39bc282350039a75,0,0.9377784729003906,0.49820446968078613,0.06780250347705145,0.0746325780771586,0.42557835006547357,2291,13064,4.702313400261894,7.257753372192383,0.0,0.3277644930165558,0.4,0.25,2,13.627322518265386,10.853637178804608,41,0.003138395590936926,0.973132271892223,0.9918860992039191,18,9,8,5,11462,567,470,214,131,53,31,30,True,False,False,True,False,False,True,False,False
candidate_000532,532,9321532,1004f7b143b4d48c42d18c00f7d75aa29215f3c0fae3780353047910e469113d,91224022c05708b0c4e566c962d4e45a5860caf7d400f0fbb96cd1ea63594bf4,8fa893eff857d0caf07b7af0049428e7e420d8942cfa881658c383cbf56297ee,0,0.9076576232910156,0.4722933769226074,0.05061788117331457,0.05328950414371036,0.5024006983849847,2291,21599,8.427760803142732,7.5134172439575195,0.033734939759036145,0.3981463090887349,0.4,0.2857142857142857,2,9.3834130022226,18.752665781235176,96,0.004444650215287745,0.9855548868003148,0.9899995370156026,23,15,7,2,19125,2044,81,37,33,24,22,17,True,False,False,True,False,False,True,False,False
candidate_000533,533,9321533,ff5871594d34744611a0b6c0d0343206f23d1fd99b5ab509ff75e550a10c9e1a,ab01e96072bbbe9313f095911c68299733ec8fdc455ac4aed33da6e8bb02e9be,7fa348fcc3fc03fc3c35322f9d783198182fb1b6bbf873a8112db92ff50df056,0,0.9142265319824219,0.47635897994041443,0.05102857411853316,0.054102615292473545,0.47315582714971627,2291,20036,7.745525971191619,7.345088005065918,0.0,0.399375920861902,0.2,0.3333333333333333,1,24.38992317154838,37.846456692913385,44,0.002196047115192653,0.9946097025354362,0.9968057496506288,11,6,3,2,19761,101,51,15,13,13,9,9,True,False,False,True,False,False,True,False,False
candidate_000534,534,9321534,3e012ad2edd3aa0007ad7b4cc59bf03cc4a7fb78ced1fd9e742606dac388d653,d4ce5632dee04f8c2c535d38140bced196eebb704a4068501a0922464e9e95e1,a66651280231d7c5705b2578100e1912dff20b9803070f338c09e1d1de7ec7f5,0,0.9039421081542969,0.46997785568237305,0.050099453008453504,0.05245119305856833,0.5277171540811872,2291,23050,9.061108686163248,5.789750099182129,0.008213552361396304,0.42118052007913,0.2,0.14285714285714285,1,21.01499147339421,38.92125984251968,83,0.0036008676789587852,0.9854229934924078,0.9918004338394794,24,12,7,2,20307,2278,66,63,61,42,25,19,True,False,False,True,False,False,True,False,True
candidate_000535,535,9321535,d3c2d5fee9a588964754ea52c30e483ea2d4321fa5427f118eb3e952df816532,044dace75c5254963c6250029c43727d8aaf8361a578372de55d72b31ce97583,12d84134b6d4caa7bd77a844ca9680c9b92f86ae923d798e310666cd1bf2117f,0,0.9388046264648438,0.5031848549842834,0.07668876545421967,0.08159633960345704,0.5604539502400698,2291,15736,5.868616324749018,3.9369938373565674,0.00963855421686747,0.4621090219451593,0.4,0.25,2,13.676787217631032,12.786005539032642,37,0.002351296390442298,0.9794738179969497,0.9934544992374174,17,11,8,4,12649,2490,164,110,79,64,52,25,True,False,False,True,False,False,True,False,True
candidate_000536,536,9321536,15853bf5050e36605e12811e2945cfbbc064c2454747d5cc35092dd127efa7fa,0045eab338ef11fe2790eecb3176bac5a7fa15f0ee1926866f0f6e5d3b0c581a,4fb95531050e3775ea85d3e6e6735e206eb2c629d4b94b7c466a1cb0b101e979,0,0.9249801635742188,0.4853997230529785,0.05692517006802721,0.0610624635143024,0.4565691837625491,2291,17130,6.4770842426887825,8.683969497680664,0.0,0.35796859675471343,0.4,1.0,2,16.547993662152567,20.95662549886744,64,0.0037361354349095153,0.992527729130181,0.9953298307063632,10,8,2,2,9690,7276,19,17,14,13,11,10,True,False,False,True,False,False,True,False,False
candidate_000537,537,9321537,4011ee8ae6e38945259e1876c7099211ea32dd7671d1801df28d94aa12d78075,8d29835f05fb3ac008ddabd373b0e05be0e8b1f115abc434de89524153ec778f,95a4e43ab3d43dc844501ad63ffb59368f7c581c0df46f838be1a7e6a5e01258,0,0.9262924194335938,0.492732971906662,0.06986176168170913,0.07440077868353814,0.533828022697512,2291,16438,6.175032736796159,6.719742298126221,0.0,0.42934025954669097,0.4,0.25,2,7.903399121283282,14.810430374285406,84,0.00511011071906558,0.9666017763718214,0.9864947073853266,26,17,8,5,10222,3377,1599,691,194,78,33,22,True,False,False,True,False,False,True,False,True
candidate_000538,538,9321538,85575373840230c802df45c9ae18e05601751e7ef4ec5d3a3447824f2e28997c,c84142faeb2ae3402491c6c31fb335ffd887808c1ef9bf4b871164d2a3919de8,1f4ee61d92423cf3a5eb3f9150438d7f415f89b8b368fc5ff42e0466db304dea,0,0.9322090148925781,0.4883609712123871,0.054264983842448634,0.059333333333333335,0.38847664775207336,2291,15000,5.547359231776517,7.982969284057617,0.0,0.2773243428136658,0.6,0.375,3,5.903453884243928,8.63038241021678,62,0.0041333333333333335,0.9714,0.9926,14,10,8,5,6147,4379,3033,1012,177,85,31,25,True,False,False,True,False,False,True,False,False
candidate_000539,539,9321539,ce5590ebc8aab978eaadbc2f041a7d12e6e999543988ffd7218e7faa54b1fe50,7b844d1a1c6e01e48a68260e7e079fbc4c01d7c5112bf46dfd09baf4dc7e869e,99f0bb3d3782ff7ef83b3b24bf7e08337c7e31d46e248eb145b3ab896c692cb2,0,0.9154510498046875,0.4757530987262726,0.04827829238824003,0.05174832721778545,0.4185945002182453,2291,18532,7.08904408555216,10.021666526794434,0.0,0.310723784470896,0.2,0.16666666666666666,1,18.88717516490063,32.65944881889764,65,0.003507446578890568,0.9913662853442694,0.9953054176559465,11,7,6,3,17126,927,259,60,25,25,14,9,True,False,False,True,False,False,True,False,False
candidate_000540,540,9321540,2083daf3aa7f70aa61ce8378fc88d99c155df114473ddcad92a1fa569cdd15df,dd962fbdfdf101df210926273f3661dae4953f0c2c8d2f6f0777343c20867040,720513919981b33487bd1eaa4c376b02c768840f5d8a1cf992a7ef65125d664d,0,0.9328689575195312,0.4958712160587311,0.06865637110301348,0.07333951189372877,0.5181143605412484,2291,16185,6.0646006110868615,5.842803001403809,0.006160164271047228,0.419059626365087,0.2,0.125,1,13.493509162394558,26.507874015748033,54,0.003336422613531047,0.9820821748532592,0.9911646586345382,17,13,8,3,14001,1354,479,61,60,39,25,23,True,False,False,True,False,False,True,False,True
candidate_000541,541,9321541,6685eaa0132e3e0ad19e87f52bf6a9372b6a56c22a97f4fb55e9c5430757fe9f,d6de9fdc88d206ce57d79728fb9df95349af8c59c4dd6ed0a1e6c020cb065254,dad46dc23694c21b493e82456f3bd77c849778fa2c83e6305817255d491efbf3,0,0.9342727661132812,0.49509885907173157,0.06563578444385453,0.07184367281708558,0.4316892186817983,2291,13766,5.008729812309035,8.399456024169922,0.0,0.327248137624973,0.6,0.16666666666666666,3,5.750616567883611,7.88221169009653,59,0.004285921836408543,0.8629957867209066,0.9432660177248293,26,21,18,9,5658,4244,1019,959,558,226,196,125,True,False,False,True,False,False,True,False,False
candidate_000542,542,9321542,94f460127de19da71d280f1d914c0b39a722e54cca8fbd6a1242ae6b3946a057,c9f2bc985e8fad08111a3076ceb36d402ad65fff1fffb643d59ce1fda2e8c616,e38fec18f930530b82a8075f477d6db8a03f34051ca8565f55b81227f8b795b8,0,0.9189300537109375,0.47959378361701965,0.05216152539586872,0.056291390728476824,0.41553906591008294,2291,16912,6.381929288520297,12.614927291870117,0.08829568788501027,0.3143357944959882,0.8,0.5,4,12.511603087804671,9.856172956600432,108,0.006385998107852412,0.9587275307473982,0.9869914853358562,23,12,8,6,9064,6595,291,264,241,117,94,26,True,False,False,True,False,False,True,False,False
candidate_000543,543,9321543,14a62fdeaad54aedd97e85f7f3351f53a9609e11236d5cb6c8c42e982fc3baa0,c2728d30e66b1659fbcc7d7b47127f988b4d72f3697186c7ba6f8cb429666cd0,7715fb0173076ef601805a5c4efa0e2f06d33446e1f40c3312a506b82c9a4387,0,0.9023399353027344,0.46953707933425903,0.0512042818911686,0.05395497485547775,0.5010912265386294,2291,21277,8.287210824967262,8.859434127807617,0.0,0.3964469830931776,0.2,0.14285714285714285,1,22.157026574114038,35.144128113879006,73,0.0034309348122385673,0.9850072848615876,0.9924331437702684,19,11,7,3,20340,383,162,73,63,44,36,15,True,False,False,True,False,False,True,False,False
candidate_000544,544,9321544,38a607fd4f23be9840a354a598e7b863fb212800516a9661ad34dce1a65c64dd,de7555d06e494a037a1cd3f59b9851f5b85e8aa02cf69c50a809450b916a61ba,c62215c6b03bf5442745717e007045ca5a95981bee6050d755d60684d69540b6,0,0.9478607177734375,0.5113115906715393,0.08248712288447388,0.09025764895330113,0.4893059799214317,2291,12420,4.421213443910956,5.8088788986206055,0.0,0.38821826718201125,0.6,0.3333333333333333,3,4.8553066280079,6.7378198359071435,46,0.003703703703703704,0.9548309178743961,0.9891304347826086,16,12,9,5,5662,2623,1804,1770,251,71,53,51,True,False,False,True,False,False,True,False,False
candidate_000545,545,9321545,5d0f31540d121f12a3de80c072ba292a8b828873b211fa54435532f30dd89e7a,d5e6a76946c85e8c1987a068ac2976a8225c0f03c7ae5e51691f7f4d83aff78b,5a08d576843b466f6c5e85b5ee2419e4da601b0db73e4514451a193854fa8f99,0,0.909698486328125,0.4755382239818573,0.05437289338300515,0.05706837964902481,0.5351374945438673,2291,21483,8.377127891750327,9.401488304138184,0.018480492813141684,0.48786500454670545,0.2,0.2,1,22.131983761729174,33.24199288256228,70,0.0032583903551645487,0.988130149420472,0.9932504771214449,19,11,5,4,19271,1423,326,208,57,19,19,15,True,False,False,True,False,False,True,False,True
candidate_000546,546,9321546,34e4e76623bfa9f74d11f387cc87434950a7e9a5f3fb7eb6e29159def8e6b9b9,7c6bfd7a023df9eb26d6b17d0d8b031bc72038de343bd0cb42c1517280f417fb,56ebe5044b121b79504f5c9fe8c3e4b7a693b137f929deef0cee31da5693655c,0,0.9589881896972656,0.5067216157913208,0.060427263479145475,0.07303578015492439,0.25927542557835004,2291,8133,2.5499781754692274,9.171195983886719,0.0,0.16083629453231124,0.6,0.3,3,10.935273619177494,6.424381798470287,60,0.0073773515308004425,0.9511865240378704,0.9798352391491455,20,11,10,4,5112,1514,1008,102,98,89,25,21,True,False,False,True,False,False,False,False,False
candidate_000547,547,9321547,28c6693dd0f1c09f6ef85980f9e44602bac9f5dd93c6920c8679e8f4f99e4183,8f9372a7bdbdcadaeebd5c45a7431b1078f8dac821b8e7919425876dcc47711c,9e0c06b1996789ca3e5aa537248ab9b536e011ba8a412fc42d617d26c336cbae,0,0.9525337219238281,0.5163137316703796,0.08709853021230267,0.09906098441853266,0.41903099083369705,2291,9691,3.230030554343082,7.337053298950195,0.0,0.3196273583380316,0.2,0.2,1,14.324271800629575,15.405511811023622,77,0.007945516458569807,0.9780208440821381,0.9850376638117841,20,10,5,4,8363,768,226,121,20,18,17,13,True,False,False,True,False,False,True,False,False
candidate_000548,548,9321548,11c943775ae824fa9fdddfee84f910fa979010ca4ea88c6a7e77303b41c91fd0,5dfbf51b81a0cb8d01af27cc4a0d8fd53a9bb79874453fab0278f3583b1aabb4,9f8c7dab597dd416ebaf19a52f65647ba0c2f7b2af178ae716fde4619ad1a122,0,0.8987503051757812,0.4729253351688385,0.06227812595871499,0.0647468902355675,0.620253164556962,2291,21947,8.579659537319948,8.019420623779297,0.1686746987951807,0.5607548950149205,0.2,0.1111111111111111,1,18.0295095523268,39.368110236220474,99,0.0045108670888959765,0.9853282908825808,0.9898391579714767,23,15,9,2,20534,923,94,74,34,24,21,20,True,False,False,True,False,False,True,False,True
candidate_000549,549,9321549,87d651f92ff2e2d322904e2a995f75b17b8e04ed80212ac0e711aab7de13acf4,88b53d7f011706e6d59e29d0d305a6726f9fb3aef61dadace06bb433c38270c7,3545464ef4708bf35c0df8583a8f226f322c2b5fbb661fda7d613f0c45fd6846,0,0.9159812927246094,0.4772742688655853,0.05094592581558171,0.05436049592031366,0.44783937145351377,2291,18874,7.238323876036665,9.389182090759277,0.0,0.34950353195089046,0.4,0.2,2,17.39319821319289,16.75537425291718,65,0.0034438910670764014,0.9755218819540108,0.987601992158525,24,16,10,4,16387,1372,523,130,95,69,32,32,True,False,False,True,False,False,True,False,False
candidate_000550,550,9321550,cd91cda683595795ee98a97dcb26896c17a6112d177fc0aff6505f9ecfb69b26,c56b01e799b68fe20848fe43486cbf735fb8fbce24fbc489994c0f32ffcafc3c,85d1084f7b56f57d479001392b7355d1d73454848b440ce351fab37e2b3fccee,0,0.9187202453613281,0.4847642481327057,0.0629757785467128,0.06578630295435925,0.5958096900916631,2291,20749,8.05674378000873,4.054225921630859,0.0,0.5234760407655139,0.2,0.14285714285714285,1,16.74533198191065,38.46259842519685,47,0.0022651694057544943,0.9907465420020242,0.9956624415634489,15,10,7,2,20074,372,63,48,34,31,20,17,True,False,False,True,False,False,True,False,True
candidate_000551,551,9321551,35a9eeeb43ee5ef0b3f22ca7bdd10559c58e9e2afcaca2a902cbff0578a393d9,7b48ee0be78dcf94df62c42694e9f0b8730cf1d7121eb86e0cf5642a80473901,5b8a1183a6721427d7fc8780bfb29cb69ed80fbf15e1708727092ade0b154c2a,0,0.9358634948730469,0.4954390227794647,0.06450646861523718,0.06956465572923395,0.4701003928415539,2291,15482,5.757747708424269,4.230547904968262,0.09397590361445783,0.3876820319107281,0.4,0.2222222222222222,2,12.433919917505362,12.745674034721564,66,0.004263015114326314,0.9742927270378504,0.9872755457951169,22,13,9,4,13017,1233,496,338,73,71,33,24,True,False,False,True,False,False,True,False,False
candidate_000552,552,9321552,993ccca0975b6f4c51d9f9aed8933c81bbdc45235c4fabde0603a6bb3219bc35,a2181126d8771f3444a9cf55e35e44ffe9ab8cbca765891b1f63b0bc6fc17913,de40888e626c5b7237d9e08967c901ac5ee27c43caea3d8bcc81ede85752c78c,0,0.9200477600097656,0.4804784655570984,0.052752752752752756,0.056234327482260045,0.46006110868616323,2291,18743,7.181143605412483,6.990796089172363,0.0,0.35888510700333165,0.2,0.2,1,23.340489242671378,31.62204724409449,58,0.0030944886090807236,0.9915701862028491,0.9950381475750947,13,7,5,3,16599,1528,422,36,30,15,11,9,True,False,False,True,False,False,True,False,False
candidate_000553,553,9321553,1ec7245162f9be4d905e4ac80079815e6ce593e974b518017cf89f28c1559f93,89136d79901ce4b72d7173478bbea45cdb980db958d9dbb4f6d98b934b35b3f5,5f1ef343152a3e75fea63f289467d8f9cc5f5c0a9e2fffc5a511c3a2fd283feb,0,0.9495429992675781,0.5101597309112549,0.07824104713581881,0.08600064662140317,0.4644260148406809,2291,12372,4.400261894369271,11.438529014587402,0.0,0.3491998834715979,0.2,0.2,1,14.21508227345134,19.939501779359432,52,0.004203039120594891,0.9889266084707404,0.9938570966698997,12,9,5,2,11795,329,60,51,22,15,12,12,True,False,False,True,False,False,True,False,False
candidate_000554,554,9321554,2a048aa60548428ba251a11e8590b3330d294e52e8616e61c668800c760d0672,d2a7a741859dbea6fa0f93b5cb3c7b8508cbb31fe70d5e1bdc6a7144b7e560c1,1c5add36ce7c00485e19bfd97881c6037cf63f0e2666604fa183d4074fa107ed,0,0.9072685241699219,0.4729560315608978,0.05242640139803737,0.05519909416871108,0.5106940200785683,2291,21196,8.25185508511567,7.3401336669921875,0.1293634496919918,0.4234265233280415,0.2,0.3333333333333333,1,21.27761356639455,40.21653543307087,55,0.0025948292130590677,0.9937252311756936,0.9960841668239291,14,7,3,1,20965,56,23,19,15,14,13,8,True,False,False,True,False,False,True,False,True
candidate_000555,555,9321555,6ab9488aaffef785b2dcffd83f8dae1e26f35b98d6b7a772f4f85fc03995f27f,d4b2134c9d7c887338b8bf0a40b3990c104c26d9450dc0e80baca2bc194e323e,e46ce750197c8fed5fedd5c050402f91582c5fac42322998c5d4ed541b034207,0,0.9309043884277344,0.49629032611846924,0.07189811010682005,0.0785751702462022,0.45831514622435615,2291,13363,4.832824094281973,7.632500171661377,0.0,0.3522955711575227,0.2,0.125,1,20.541353913318115,24.112204724409448,62,0.004639676719299559,0.9798697897178777,0.9890743096610043,19,12,8,3,12784,125,101,84,45,31,24,23,True,False,False,True,False,False,True,False,False
candidate_000556,556,9321556,439198436ddb0350ce5f99023fd0a4c8b7de1e1612d238dbaa586cfaa27aefad,d7ecdcffc0682a8a167371ccd1cf0e6f3374bce3682be87dcaa97ff4c9b5575a,4aa88ed1fcde3b7d8271c6f7973b721823850cc127a2709db5cd0d80182fd7fd,0,0.9414405822753906,0.49747002124786377,0.06212813062128131,0.06875430671464666,0.39196857267568747,2291,13061,4.701003928415539,8.841858863830566,0.03132530120481928,0.2847191022134468,0.6,0.25,3,8.832091630371192,9.283367095040942,82,0.006278232907128091,0.921139269581196,0.9775668019294081,22,15,12,6,6980,2580,1612,859,371,229,97,40,True,False,False,True,False,False,True,False,False
candidate_000557,557,9321557,e1778c91ca19499573fb3fef7de8c785e8e289c3e5e5eba47c3bbf1f39b969d6,54491325ab0e6b7ca0c833544a92d0b78f06d82ebf59cf7b1cec686903e0cfaf,c89a998cb9c223976efd4170be764d191f718f9b599e72914dc3102a42edce76,0,0.9521255493164062,0.524026095867157,0.10275087839574942,0.11335917556963222,0.5233522479266696,2291,10577,3.6167612396333477,4.689906120300293,0.007228915662650603,0.4258251259665533,0.8,0.36363636363636365,4,9.053958795710901,3.667712972055298,95,0.0089817528599792,0.8932589581166682,0.9731492861870096,23,16,11,7,4843,3196,907,502,500,203,107,35,True,False,False,True,False,False,True,False,True
candidate_000558,558,9321558,9fd7abd9c3485819580a63707903df7c2558fd25dcc424b2704bf53e3cfe2f43,53f9e9e304077d85fe7c6f22c5fb3cca7669d93880f7f3a738d31a6d135af2fc,087a6a985d3ed1c6070804dcbb7440c51f02110ed123538a6710828832d06afb,0,0.9326591491699219,0.49653467535972595,0.06974716652136007,0.07446940548591287,0.5237887385421214,2291,16114,6.0336097773897865,12.213444709777832,0.10677618069815195,0.4587359376901471,0.4,0.6666666666666666,2,21.09378617022527,22.898042282385934,87,0.005399031897728683,0.9898225145835919,0.9926771751272185,17,9,3,2,11357,4556,21,16,15,11,10,10,True,False,False,True,False,False,True,False,True
candidate_000559,559,9321559,2422a169e91af2d34fb6f0ea876f6cdc30a84293d9d2b3b39dd1b17071882992,88dc07056f56b53aefd79b28ed3542c4ef898a2406ffa0fb11d80174f8a13d80,245734aa52e83312e15402acc6d6b9021f789f87183daba4d30e5c120cb75477,0,0.9281425476074219,0.4948039650917053,0.07218539294010992,0.0765993265993266,0.5560890440855522,2291,16632,6.259711916193802,4.250211238861084,0.0,0.45496048494621766,0.4,0.2857142857142857,2,15.180726175282224,12.859197419599658,59,0.0035473785473785473,0.9462481962481962,0.9910413660413661,20,9,7,6,12983,1289,919,547,485,185,61,14,True,False,False,True,False,False,True,False,True
candidate_000560,560,9321560,3a77c08ed3b934f3dde69fbf292ff12a3a1d3e433aaf8e5dd4d0e0c5d536782c,d7ef5b1cc99cce971dbe71e98bcb80db2ff718aca9f85e4426caab75513a6c82,a8212e5733b41f170ed8b0660044953aa6c328b189c745a4e25bdb3dd8281081,0,0.9387130737304688,0.49562957882881165,0.06159217006421046,0.06703758990365043,0.43125272806634657,2291,14738,5.432998690528153,6.891813278198242,0.0,0.3249230229003893,0.2,0.25,1,16.11818705677243,27.18503937007874,44,0.0029854797123083187,0.9937576333288098,0.9970145202876917,9,6,4,3,14345,160,108,33,18,13,9,8,True,False,False,True,False,False,True,False,False
candidate_000561,561,9321561,fc97233f58d81490c193663121aaf3a1a1c1e72dc7ece1ce144e6e2ef52f4bbd,f9afdc7f1503c858dc27aa208edcd69d3120ee01502b95af22089dcddcc7e7cf,77a8f46e6b9d0ffd8803e93c4dd1dd0afc4640fae3013075cfbfb0dcd0c1e7f7,0,0.9330711364746094,0.4966876208782196,0.07008361524222889,0.07586016305098797,0.47926669576604103,2291,14474,5.317765168048887,8.37728500366211,0.004106776180698152,0.4007012230187381,0.6,0.3,3,5.661834591251984,8.627674888963686,82,0.005665330938234075,0.9660771037722813,0.9808622357330385,22,16,10,4,8052,2253,2234,1444,67,62,50,35,True,False,False,True,False,False,True,False,True
candidate_000562,562,9321562,43f6c4c250ba304c868d58848b3d5e52bfa7c2bc235541915dbfbb71e15209f7,49d4cd25e1e6ce6827f1a49782cdcc2d01cd307eb70ae20d949de527ab971e4c,6e78449e223f31f0ae4bc2056a3bc2f0361765a14072c7beafcffc6bd8863532,0,0.9252548217773438,0.4860283136367798,0.05785123966942149,0.062211013030685165,0.45220427760803145,2291,16653,6.268878219118289,12.211926460266113,0.24845995893223818,0.37678721217725747,0.4,0.5,2,19.227416433625862,18.517905296084564,58,0.0034828559418723353,0.9938749774815349,0.9960967993754879,11,5,4,2,11913,4574,35,29,11,9,9,8,True,False,False,True,False,False,True,False,False
candidate_000563,563,9321563,555b9fdd9731d66e29c148413c260baa68a3faa8cccc9c37f655c9706a11c8ba,a946625db466fcb6304d9238eeaf030157bca307f9e80ba6df437becf9326b3f,312a3c132993963a2b52d4663f6ca09b8610d4c84f443ce4c7063f635799b358,0,0.9481925964355469,0.5092225074768066,0.07789553368660106,0.0861232005356545,0.44914884329986904,2291,11948,4.215189873417722,5.242545127868652,0.0,0.36720423908302147,0.4,0.2,2,13.66458191903707,7.130852971670356,56,0.004686976899899564,0.9358888516906595,0.9833444928021426,20,14,10,7,4858,3895,2180,249,241,136,127,63,True,False,False,True,False,False,True,False,False
candidate_000564,564,9321564,98c3ebbc9d273e819ba73d113ea643f5b71edde135ac6ebbd487dbbd667111f2,d2259a4e53aabc210779e068c011a592f3d52637e87d047c08140b1d5237c72e,208309a47213f938f5e8760b4ccae8d25d97fc409bc0fb15951876398c76e6c6,0,0.9070701599121094,0.474578320980072,0.055550733443277496,0.058099950070355406,0.5587079877782628,2291,22031,8.616324749017895,5.875877380371094,0.0,0.45351144652203085,0.2,0.14285714285714285,1,19.540724557198885,36.763345195729535,68,0.003086559847487631,0.9886523535018837,0.9940992238209795,18,10,7,3,21250,345,136,50,46,37,21,16,True,False,False,True,False,False,True,False,True
candidate_000565,565,9321565,ac09baf70652e702c21dcd4e94262c2677e38ab4958bba847297f1b7366793ec,cc35a881e7336d8fd635bed33bcd0bffd977172f0081ccb930fda0bd2cb23100,767522178560f383da66fe82ecfbb59670ad64e8560e3dcb75b756a4c13f5a17,0,0.9084320068359375,0.4787452816963196,0.06273525721455459,0.06534422403733955,0.6110868616324749,2291,21425,8.351811436054124,6.213751792907715,0.012048192771084338,0.5372220041914189,0.2,0.2,1,20.511636335481658,39.64763779527559,66,0.0030805134189031505,0.9916919486581097,0.9952858809801634,15,7,5,3,20676,349,146,76,38,17,14,8,True,False,False,True,False,False,True,False,True
candidate_000566,566,9321566,7e07de53cdb4a0ac9bb7ee69a25cc0360f60e6224f1239f968c0583375ab5f34,341cc86b0ac32708a330e75f2438bb151dff6a0976a6d78672755ecfc10a1e23,f46845eb3978aab8038aa054503b5dd4ac6f81ae174bdfd2be69f22e91c02d43,0,0.9252891540527344,0.4872763156890869,0.06032797567332754,0.06445811093061035,0.48494107376691403,2291,17236,6.5233522479266695,10.147603988647461,0.0,0.37507000708353405,0.2,0.1,1,21.308602913264885,25.822064056939503,84,0.004873520538407983,0.9757484335112555,0.9881643072638663,18,14,10,4,15101,918,591,208,72,70,38,34,True,False,False,True,False,False,True,False,False
candidate_000567,567,9321567,f1014be39d1be229e3014fc93c3e6ebd579147eb102c63249fd5f04e5508fa17,6fe9c496eb23ec867a61c8841502886810698ba87cf30f24815277cf612e451b,7b359e4d5e5cb83cd23afd4add66055168313cda77e15f329a1b759dbf70c308,0,0.9728584289550781,0.5313131213188171,0.09357463524130191,0.12118459302325581,0.2911392405063291,2291,5504,1.4024443474465298,12.968269348144531,0.0,0.1694248195688865,0.8,0.5,4,5.801055846959145,2.742244185898073,70,0.012718023255813954,0.8815406976744186,0.9734738372093024,20,11,8,5,3359,536,502,455,364,73,37,32,True,False,False,True,False,False,False,False,False
candidate_000568,568,9321568,8fc32cc0c147ddf6c3598fb4838599e75d7c54ff9bd649d83829516f6767b015,75ec2755a8d3cee297feb0f387a6b79c4bc551e467fd45ea43e2ccb7dcc96501,cc36fd292bbb3c472fec720bda2c41344eab3451570f421c5984a4e000a981f5,0,0.9212379455566406,0.48527950048446655,0.06103494029190624,0.06435233160621762,0.5421213443910956,2291,19300,7.424268878219118,5.9168901443481445,0.0,0.4610712168704869,0.2,0.16666666666666666,1,14.577449841062023,35.688976377952756,72,0.0037305699481865284,0.9917098445595854,0.9955440414507772,12,8,6,2,18665,348,83,44,25,20,16,13,True,False,False,True,False,False,True,False,True
candidate_000569,569,9321569,e12e962890edd3d801e6d45d6faa5a41fc6ddc8cbfcf027efccd23bd1a387a99,f94c49cfe8f82b36c199ef98803a9b2cd91afc18e9244b37f362f807b009d852,e246bc748237d09c654ae614d145151583df62ec6073c24c9458311960f75fc0,0,0.9300270080566406,0.48609602451324463,0.05247780005729018,0.05696517412935324,0.3998254037538193,2291,16080,6.018769096464426,7.782537460327148,0.055441478439425054,0.3042047230370063,0.4,0.25,2,7.653565204887062,14.557200455364766,81,0.005037313432835821,0.9784825870646766,0.9918532338308458,15,10,8,5,12637,2611,303,183,126,40,25,24,True,False,False,True,False,False,True,False,False
candidate_000570,570,9321570,7106427d226d1aabf74eff842dac13b6dd80cb22e63237359ccdefe80e25f132,6bb3f86f9ced6c14f1f0c3b8eec45a473aa67ac6cb90acff61b42b9317c09955,f61c8f162d06ccaf59b25bd87763f2596573f675db2160fb33afdefc9ec1a401,0,0.929901123046875,0.48711124062538147,0.05462978869610033,0.05915912191492,0.41641204714098645,2291,16126,6.038847664775207,6.1298828125,0.0,0.323350317598811,0.4,0.3333333333333333,2,19.449287981627197,12.606786285954502,33,0.0020463847203274215,0.9882177849435694,0.995473148952003,12,11,6,4,12122,1909,1658,247,60,32,13,12,True,False,False,True,False,False,True,False,False
candidate_000571,571,9321571,c3e9e7cc57114d58d5882aaa4ba25ca3f3895672a06441598caa0acf1fbc997d,a63afe696e7863b4951cba23a7d30b3a78ea0e04d014198237770c85ce7828af,0016ce97ff54705f94022b4795e8517e9b6977a5ab23db3e236fdccdd24495a1,0,0.9147071838378906,0.4711505174636841,0.04013036287576612,0.04321181646763042,0.36010475774770845,2291,19092,7.33347883020515,9.967995643615723,0.0024096385542168677,0.2617944605245893,0.6,0.5,3,8.7073076074076,11.885666938384183,75,0.003928346951602765,0.9898910538445422,0.9935051330400168,18,10,5,3,17918,740,203,38,23,18,15,13,True,False,False,True,False,False,True,False,False
candidate_000572,572,9321572,1e8ca3f1b879db72cd105c0d13e8bd1227dd3dfdf253b03dc194105dc1a37338,7ba0bc37e3a59f6b7156c60c4f572f8bd9356fbf0b786896c90cfc425e19c036,530f8123e9aebbda219a5559a40a62c986cbaffb384519640eeb87180ad688d9,0,0.9498329162597656,0.5054423213005066,0.06844281120808451,0.07663951993141878,0.3902226102138804,2291,11665,4.091663029244871,6.534154415130615,0.0,0.3159427113855701,0.2,0.14285714285714285,1,11.77601230099233,17.257874015748033,44,0.0037719674239177024,0.9722246035147878,0.9866266609515645,21,12,7,4,9302,1596,289,154,87,39,24,18,True,False,False,True,False,False,True,False,False
candidate_000573,573,9321573,c9b3521dce8b986f7565165002247a4b1dd48d0b192bc1514fe5cd056849ed33,5c06563c880859811be5d03207bb83534d97cddc2c4b71a8d7eab4908efc2a66,35d41d50c33c531c8ad26d003a632b2c9f0683d59fd312cb0e533e7eea95c22a,0,0.9282913208007812,0.49233829975128174,0.06706496582162656,0.07106193680848637,0.5438673068529026,2291,17534,6.653426451331296,5.449572563171387,0.0,0.4438538042797088,0.2,0.16666666666666666,1,17.735474320926897,22.97047244094488,71,0.004049275692939432,0.9854568267366259,0.9912170639899623,18,13,6,4,12204,3475,951,649,49,21,17,14,True,False,False,True,False,False,True,False,True
candidate_000574,574,9321574,b290a009df15f0c84523744536f35d2a636c8123e1e7ade827b76088cd6ba14f,5c680ead75353ad281d809d10150ea7d83ce8e5e11a7388936e9bd33340653a1,8c9d9527736a2f5022383b89ab9701bf50001553c1d73595d771ff4e08c9d600,0,0.9443550109863281,0.5041503310203552,0.0720245311274335,0.0792654214409041,0.44085552160628544,2291,12742,4.561763422086425,7.3778910636901855,0.0,0.35665190580381395,0.4,0.2222222222222222,2,10.0120773991927,12.769658073562724,78,0.006121487992465861,0.9691571181918066,0.9855595667870036,19,11,9,4,9012,2883,337,117,74,67,37,31,True,False,False,True,False,False,True,False,False
candidate_000575,575,9321575,c2bbb1228cfcf5e5ea1130fae6a7a59e9603a1b4afb3d5cbd79728475d54905d,1fd264e7d9752345b3078a3a5fd81c92bbf1aecf479f231468fa4dbd97a663a4,b7880557e34d089185b40e077d28d8dfa048f7d820df6a7b8945cc98c7862334,0,0.9261550903320312,0.492658406496048,0.07012324691882703,0.07393715341959335,0.5761676123963335,2291,17853,6.79266695766041,11.990789413452148,0.1293634496919918,0.49401330292941653,0.4,0.2857142857142857,2,12.788393140757965,17.321203214324235,57,0.0031927407158460763,0.9856606732762001,0.9938945835433821,14,12,7,4,13568,2920,997,112,72,37,20,18,True,False,False,True,False,False,True,False,True
candidate_000576,576,9321576,36fec913fb26e28070e8dfd3475a75a7e5181f5bddbc78f8c4e4db51687149a9,19c19770e909f38c58f2a79a68fa81ed0ce1a89514b3c68ecff671dfb8f5b928,47db173ad5dc8cb375822423487a0be33b7faa64f63aad6d21364b3ac0c59727,0,0.947418212890625,0.5096138119697571,0.07942499196916158,0.08869955156950672,0.4316892186817983,2291,11150,3.866870362287211,3.6319515705108643,0.02891566265060241,0.3703639657356481,0.6,0.3,3,8.477359775715575,5.435875578824214,81,0.0072645739910313905,0.9511210762331839,0.9802690582959641,20,12,10,5,8445,1227,536,397,151,78,55,41,True,False,False,True,False,False,True,False,False
candidate_000577,577,9321577,65e59c65a365272758c713164f35c4f933fe25b955410e6a4c021c41eab6e649,fb4545d572cc7717b2e1ead65847b6ad53e7f64edd4a4e3bbc8a5fc929fe98b3,4f9913ba0f9201268ae0b8b9f87e307b60362090b1ccb9f75de47d0daef7b763,0,0.9312782287597656,0.49759963154792786,0.07413738524849636,0.07979557069846678,0.51113051069402,2291,14675,5.405499781754692,4.824514389038086,0.0,0.43346907771189835,0.8,0.3076923076923077,4,7.6929427176455025,7.430457350336601,53,0.0036115843270868825,0.9593185689948893,0.9764906303236798,27,21,13,4,7225,3665,2126,1062,81,65,61,45,True,False,False,True,False,False,True,False,True
candidate_000578,578,9321578,9af585adc06bf10b623d73658134ad64828ac161568186b45669c4103ea7c06a,c34698a1a461e2afd90fcf6b9ca3e645c4d6487346be0bcfa7ed78974ab261e2,4b13f3da67a7f0ba740bb8af5c76db5c72c9558acbd5162b516fe6787db77f38,0,0.9455986022949219,0.5030831098556519,0.06858740055901956,0.07583802203027182,0.4177215189873418,2291,12619,4.5080750763858575,10.214948654174805,0.0,0.3085792791262133,0.6,0.375,3,5.7537723081292285,6.874944541405835,65,0.005150962833822014,0.9517394405261906,0.9870037245423567,17,14,8,5,5660,3117,2892,341,283,85,52,25,True,False,False,True,False,False,True,False,False
candidate_000579,579,9321579,69c796fbc5bb7b4187b1eb8e97d0e49a6425156e7a0c01a5d43bd4285a038efc,99d02f539cfda1219bb87104da474571e322439ac084b94f70b65d750a0a3204,0c5aa6ddcefcece3f30321da2772d0b3ce8508211ed5c030ca4c4e86193b2845,0,0.9137954711914062,0.47713765501976013,0.053118957972931716,0.056717553104797085,0.45569620253164556,2291,18407,7.0344827586206895,10.633316040039062,0.006160164271047228,0.37429307272645373,0.8,0.36363636363636365,4,11.25072372761986,9.142252151637415,66,0.003585592437659586,0.9265496821861249,0.9859835931982398,26,18,11,6,11345,4660,530,520,489,465,99,41,True,False,False,True,False,False,True,False,False
candidate_000580,580,9321580,5fb4d64880e4e328c9d02d193eb0f35f7f8cd2b65be1cb322c92220a632a415a,4864bdcd0b7ccfbdcd961e777f291429f87f6f8e4a89c0ab085a3ec13edbd0e2,494c96c7db72cf0c2516dc801bd494a26c1cd54a12b001a4fe406bf236a0614d,0,0.9366073608398438,0.5033046007156372,0.07941714501987006,0.08494703461304905,0.5495416848537756,2291,14821,5.4692274116106505,4.325464248657227,0.0,0.4644418368307702,0.6,0.2727272727272727,3,12.176826855994713,9.08519025157325,98,0.006612239390054652,0.9539842115916605,0.9763173874907226,33,19,11,6,8925,2855,1934,425,152,104,44,31,True,False,False,True,False,False,True,False,True
candidate_000581,581,9321581,cb9c132cd594a86398cd33389a85046d47f52fd4f4da3fbbb574ae8bf7582d18,d04c2946eeca0dfa18e52651c19fc582b462591849d6040151029bd88861e00e,4bf1fc53c86238b7906a6e370399110662ef8b68978c9c5ebbb3c7946d5e3ab4,0,0.9169120788574219,0.4796614348888397,0.054725094706665305,0.05837702053298383,0.46660846791793975,2291,18312,6.993016150152772,6.288111209869385,0.0,0.3498799147716687,0.2,0.2,1,13.449385396882276,22.683274021352315,54,0.002948885976408912,0.9902249890782001,0.9947575360419397,16,8,5,2,13337,4658,83,55,40,15,14,14,True,False,False,True,False,False,True,False,False
candidate_000582,582,9321582,ee87dad26229de700e64bf9937373dbd6574b81fce32efd08d1ebc9d3f9e727c,f0fe0f23d5097b62b74ab3372cb7fac9cac153a06e757f880829e8a77516e152,b675a9136f78073aa4c6ad3342be4b882dec75848e3c6f920f9668f7ca435f15,0,0.9538116455078125,0.515891432762146,0.08469259723964868,0.09631064003261312,0.4124836316019206,2291,9812,3.2828459188127455,8.917373657226562,0.0,0.3099189721110949,0.6,0.17647058823529413,3,4.982198374990772,5.050026498783883,52,0.005299633102323685,0.7893395841826335,0.9352833265389319,26,21,17,10,3582,2413,1077,673,647,329,300,156,True,False,False,True,False,False,True,False,False
candidate_000583,583,9321583,5d0f856db109bd530db0cc63f11d372f9de4af393e32d6584cb3395779035c0d,2ba2e678ee485ec39419dd0528c65a081e37365927ce71b2246713e10da72eed,a4c1a4f35c0f8c8f58d2abf8c71887a878709f814fa3a8e40c456987837327cb,0,0.9593429565429688,0.5251071453094482,0.09689128816083395,0.10964819886243944,0.4543867306852903,2291,9494,3.144041903099083,7.512931823730469,0.0,0.3418279376844045,0.4,0.18181818181818182,2,6.365849370175187,10.528988242907992,73,0.007689066779018328,0.9572361491468295,0.9767221402991363,24,14,11,3,4823,3980,218,67,55,46,45,39,True,False,False,True,False,False,True,False,False
candidate_000584,584,9321584,a3120ea19f96ee40d4254dd02a5f8fb727108c3a166ca3bb84ee8f48f68b0f9b,29761024517fa5c6bc78e857cc07e2f68872c62120c550b6ae40342e0bf7406f,379130ed43fa566d9400260669d02e2b45012e9c9197831364d669a502b884d0,0,0.9214744567871094,0.48430874943733215,0.05866842452208306,0.062247807607467585,0.5050196420776953,2291,18587,7.113051069402008,10.950939178466797,0.08433734939759036,0.4403193603999756,0.2,0.25,1,26.56848792809703,35.023622047244096,64,0.003443266799375908,0.9931672674449884,0.9952655081508581,13,6,4,1,18327,83,26,24,14,10,8,7,True,False,False,True,False,False,True,False,True
candidate_000585,585,9321585,9858b1a2e796b115429a45156df660946977b5cfcefc1db7c55e19e16b4e36f9,9b17d75a0d791915fa42e03797005a3eb3c4f23182a2843e34ba19402785a32d,0618f3955f423a5c6759105e7bec2ba85e12171af3abcc9de2600ab12f9517b4,0,0.9341659545898438,0.49937018752098083,0.07437917142685346,0.07941195352121717,0.5399388913138368,2291,15577,5.799214316892187,8.005059242248535,0.0,0.43435877198033923,0.2,0.3333333333333333,1,13.810089414779704,29.159448818897637,58,0.00372343840277332,0.9903704179238622,0.9932592925467034,14,8,3,1,15348,36,24,19,13,12,10,10,True,False,False,True,False,False,True,False,True
candidate_000586,586,9321586,3c5fe901c715716cef67b2387c80192ca7afd2a7b911606ba8171cf4c2647fbf,d077b98a95e4181d3bb8a4e3a4d78339c6e72c53b9fb1ff591957788bf58c4e0,776e204bf925929c38ab39ebb3aa7d23f63ed511392a98ee105b48fdaf56d34d,0,0.9320831298828125,0.49869856238365173,0.07520697718511028,0.08083140877598152,0.5194238323876037,2291,14722,5.426014840680925,11.145553588867188,0.021686746987951807,0.47086063892510976,0.6,0.3333333333333333,3,10.202496268699626,9.34399795276457,57,0.0038717565548159216,0.9750033962776796,0.9860073359597881,20,15,9,3,11483,1911,864,96,89,28,24,21,True,False,False,True,False,False,True,False,True
candidate_000587,587,9321587,283814153b412b544b46f853784cc5a1c91d49ef98758be2c64da11e286ab465,8204ae72b64b7dcc09c935cac24effc16afc839d6cf356047f0553b96ac83b2c,c7bd2aca4c68da1aafb28ab7bf464c6b8868b33fc18c951842f62527551ebd04,0,0.933502197265625,0.49449026584625244,0.06527787202279975,0.07174821002386635,0.4199039720646006,2291,13408,4.852466171977302,10.11591625213623,0.0,0.32594305380406746,0.8,0.25,4,5.62017251413721,5.276644371533388,91,0.006786992840095466,0.8831294749403341,0.9528639618138425,29,22,16,9,5265,2405,2094,2077,320,262,243,110,True,False,False,True,False,False,True,False,False
candidate_000588,588,9321588,0686e36ca900458ad02cd33f7efcf9e1f30066163d08287f54b189ddfacd86d5,05814d94d6be14433e1903e17f6d991b535de54fda1f186b50645592ccb5a607,aec9890cf5635bdca85c6594ddccf1288a404e153151f983ebdc64d14d4c60bb,0,0.931549072265625,0.4887291193008423,0.056017683671688676,0.06070730631028179,0.4203404626800524,2291,15863,5.924050632911392,5.737333297729492,0.002053388090349076,0.30965420880954414,0.4,0.2222222222222222,2,16.971998766848806,12.937951704958852,66,0.004160625354598752,0.9705604236273089,0.9872659648238038,24,14,9,5,13560,1183,372,281,126,58,53,28,True,False,False,True,False,False,True,False,False
candidate_000589,589,9321589,a2c687c932d6169e2da03fd6d59981adcd0d13a603e690b30d3c748768cd8013,4bbb31719f55487c53a8ce176a4f1de0890209e751e1e4463527dd6c1d2b8261,b278a49d591241185788e78046ce4a2911e8cab4c6fca9b4a577cb857501649f,0,0.8822784423828125,0.4558517336845398,0.046384615384615385,0.04840457555689344,0.5264076822348319,2291,24915,9.875163683980794,9.597305297851562,0.0,0.4346747458930289,0.2,0.14285714285714285,1,21.607432168364834,46.66338582677165,82,0.0032911900461569336,0.9881597431266306,0.9923740718442705,21,12,7,3,24240,174,145,61,37,28,25,15,True,False,False,True,False,False,True,False,True
candidate_000590,590,9321590,f3b11e8eb7d56ff8a4ef8bd87139a60adfe7e991484033d2eddaf44b924e8696,45ac1565dca56e62befa5cf640459d01273c76c7d3106d32c5baaabe1927d752,7e5023c3ee1df2e5b440811ea747a5d502a347b586804eef2bfb0b4577514beb,0,0.9342689514160156,0.5000362396240234,0.07534896327415638,0.08189115546063774,0.4853775643823658,2291,13579,4.927106067219555,9.235822677612305,0.0,0.4174150109331084,0.4,0.15384615384615385,2,9.149800965281518,15.439610074425628,87,0.0064069519110391045,0.9211282126813461,0.9747404079829148,28,20,13,6,7295,4045,821,347,321,318,48,41,True,False,False,True,False,False,True,False,True
candidate_000591,591,9321591,495769bd994e3daa0d837092777a6c321c55eec7b7ff166197874961b467b625,a1d92720bdc3ba8f5f3a786bdd59dd4c97bb04d9e7ff3284efe14de8572f4061,00b3287a7174b1b1328fef8ff8b9b7abb0ae6888c372ec9c97e66d1909c71b00,0,0.9336128234863281,0.4933094084262848,0.06284712072493423,0.0676568695323809,0.46922741161065035,2291,15889,5.9353993889131385,5.0481858253479,0.0,0.3703511434349457,0.2,0.25,1,19.968235345900737,29.301181102362204,43,0.002706274781295236,0.9955944364025426,0.9976084083328088,9,5,4,2,15420,332,46,21,11,9,7,5,True,False,False,True,False,False,True,False,False
candidate_000592,592,9321592,c4c31269ac3d9fdf3c72ead27d829e75c4f855ff7ffadc37ca47af0ca1ce30e8,ce91fd9de756e71907d748f0f72f34e6d95b737a8f8c2aca06728f6ecc9ec2a1,5535908a9343766a208a3ce656214ef6b03d5268fcdb244291129b04f73befbb,0,0.9217147827148438,0.48538845777511597,0.06065455296303944,0.0643624014022787,0.5128764731558272,2291,18256,6.968572675687473,6.6128363609313965,0.0963855421686747,0.4382016544799312,0.2,0.125,1,22.508155188885773,32.62007874015748,70,0.003834355828220859,0.9858676599474145,0.992166958808063,15,12,8,2,17106,783,62,47,36,29,26,24,True,False,False,True,False,False,True,False,True
candidate_000593,593,9321593,5f40474dd5ed74df6aca3a374d25b427b2906c8d023a54ab829af56c02f96a26,e55ae7963f403f70f0fb2acac1d66cfed7f286c560e2402032d71472676cc121,4bfef898b94b96310b791e0f03a9cd4aa00d5bf44e74ac820b62ef93e355dd89,0,0.9358863830566406,0.4981524646282196,0.06994496715781999,0.07485750474984167,0.5159319074639895,2291,15790,5.892186817983413,7.166640758514404,0.0,0.40856447228105935,0.2,0.125,1,20.93572397012393,25.078740157480315,11,0.0006966434452184928,0.9777074097530082,0.9968967701076631,12,9,8,5,13275,1709,260,194,182,66,30,25,True,False,False,True,False,False,True,False,True
candidate_000594,594,9321594,4f09dcd35f571b0fa0615cfddd41e013f38ba9ceaa15f91b05f1561ff270de00,20366a772a1b0689d2c6dba3a3f5025c1bd770543f6b18d555ab6bdb536fb19d,8b36696bb509d3807cb4da97dac1841503cd049339fd6fdab6791957f0b5cb37,0,0.9430160522460938,0.49937400221824646,0.06414250880520184,0.07056631892697467,0.4133566128328241,2291,13420,4.857704059362724,9.362443923950195,0.0,0.307219171632109,0.6,0.3333333333333333,3,6.630434549696016,8.040897821277921,45,0.0033532041728763042,0.9559612518628912,0.9890461997019374,18,12,9,5,6854,3482,1498,995,311,62,48,23,True,False,False,True,False,False,True,False,False
candidate_000595,595,9321595,5b7373bb348dc294e0418086c57ed94dbbdd274b8cface4c4150d479548658e7,1cc948d78192426d094030cebe75d92ded11e7b878994f4c4487d4a331da7dc1,18fe2fa11fb5752954acec65ed1fc8a403372ae31c89c867d920c4c6b8d19329,0,0.8977088928222656,0.4623860716819763,0.04221751807325159,0.044406167289837414,0.46137058053251856,2291,23803,9.389786119598428,9.405574798583984,0.0,0.3780550596699943,0.2,0.2,1,21.942013819031697,44.976377952755904,37,0.00155442591270008,0.9942864344830483,0.997815401419989,12,6,5,2,23383,121,97,66,56,10,9,9,True,False,False,True,False,False,True,False,False
candidate_000596,596,9321596,e6e8cbdd3f4811339b4e9ffb5381220759f648e7798c2730acc1a9fc2379fd7a,a7c26c863c730e553c072fd600d4d3b7675e4dc2fb18ca8d3ba9c7a2f3565742,591d31e048176bb2883e7633e257b4df3a625cc6f988b5002056bab4ab47b505,0,0.9499015808105469,0.5161333680152893,0.08979753870583565,0.09890686488850021,0.4936708860759494,2291,11435,3.9912701876909646,9.113435745239258,0.0,0.3914067078355188,0.4,0.25,2,13.203961567747147,10.583751767172037,64,0.005596851770878881,0.9377350240489725,0.9835592479230433,24,12,8,5,5378,3989,874,482,338,96,45,45,True,False,False,True,False,False,True,False,False
candidate_000597,597,9321597,8f036088c15a502fd206d70aac6f5bd5c3b2a18fabf64d19df53b4115119cffb,ccdd1ab79ceda3444511b9f3b09ca1a297b2f78e7ceb41014e5cc4a419652a53,b926bc76dd0aa365d518ed8afd8d133b9e90c7efccf232f50603504a6d91c41e,0,0.9152679443359375,0.4740769565105438,0.0453933627291715,0.04833926453143535,0.4268878219118289,2291,20232,7.831078131820166,6.2373738288879395,0.004106776180698152,0.34233715738719295,0.2,0.25,1,19.84553051538958,37.20866141732284,82,0.004052985369711349,0.9904606563859233,0.9940193752471332,14,10,4,3,19437,332,174,96,19,18,18,17,True,False,False,True,False,False,True,False,False
candidate_000598,598,9321598,fc4c1c5ca21431b432b6ad7164a4f4acb27611b3f552ab730de73f3486614c2e,b0af369598d0cc29c49238c979c6731b405edd7098ac9f030404bec268f0dcb5,fcf5b4a12f15b481e6d861fbbe0d411d344c4a0f4a9259cf8fb836ebf792619b,0,0.9442405700683594,0.49774232506752014,0.05931890374529068,0.06664453481616732,0.3505019642077695,2291,12049,4.25927542557835,9.536246299743652,0.0,0.23273160866781614,0.4,0.2,2,3.6307224589605127,14.2240993420343,42,0.0034857664536476055,0.9722798572495642,0.9860569341854096,18,13,10,4,5977,5103,387,248,54,41,36,35,True,False,False,True,False,False,True,False,False
candidate_000599,599,9321599,4cc11f3b70b630cfdfcf7ef928bea9e5be1dca7bb00ebdce9b598ec213714d57,498e0367a1599343c179c17aad069713cb7bdcb192adf828e7da35b6156a1c7e,8dd8c4a92a45dcdc148a8d4bc3c6edb5a37d3df6503fa5e4cf5ae59235f3cd28,0,0.9424400329589844,0.507811427116394,0.08163806242131072,0.08779931584948689,0.5377564382365779,2291,14032,5.124836316019206,4.458810329437256,0.0,0.44944567179550265,0.2,0.125,1,17.02603752051382,20.283464566929133,61,0.004347206385404789,0.9663625997719498,0.9841077537058153,25,15,8,5,10839,1910,581,230,158,37,28,26,True,False,False,True,False,False,True,False,True
candidate_000600,600,9321600,61cd56ec2ec86528c9faddd1df5f20ef44bf91eac014e88fe92c0d652a7c874c,301604a76f79ed5e3268eb8ac3600bd3dd1b188b290831a0efb501ffcceb9aae,e8953958a2fb1bf6c5505f83e3209a7d33aa7280e1e4beca6fcd4341e6e1cc89,0,0.931121826171875,0.49032270908355713,0.059731543624161075,0.06411718796902204,0.466171977302488,2291,16657,6.270624181580096,5.631315231323242,0.0,0.376774602228267,0.2,0.1111111111111111,1,10.9989964657793,26.85433070866142,68,0.004082367773308519,0.9756258630005403,0.9865522002761602,23,15,9,3,14177,1712,272,90,73,53,33,23,True,False,False,True,False,False,True,False,False
candidate_000601,601,9321601,0e9131674d042c9d6a5e91ee61f66cf23de5eb4f790d71e6928c77baf6fd72a0,99be956540f3b4dd092f50b4307ef4f59e87209894a78286a011f508276334f8,cb0418b6a49832a1eb2467616f0982aa783ee95e55bed27610f49d42e39257a7,0,0.9396743774414062,0.5018309354782104,0.0729431721798134,0.07898827186661014,0.4879965080750764,2291,14154,5.178088171104322,7.53870964050293,0.0,0.39149699163515284,0.4,0.3333333333333333,2,12.354303640866616,13.378540935395124,61,0.004309735763741699,0.9847392963119966,0.9942772361169987,13,7,6,2,9891,3876,92,79,78,39,10,8,True,False,False,True,False,False,True,False,False
candidate_000602,602,9321602,094c0fd8ed7fa50370cec03bc63dac7f36b1885a1621eb34db7481a5cd44c83f,c2ad622c77d0ef42f84d1f33bcd3254cbe2853e020cdf3342462ab7c49f683ec,9eaad317d406d1d4b083eba6be28f71fc52c5646020d14d71a65a84a8f1391ca,0,0.9163360595703125,0.48405396938323975,0.06428537135724231,0.06736429038587312,0.5844609340899171,2291,19877,7.676123963334788,5.808741092681885,0.0,0.4919558342275944,0.4,0.25,2,20.051274802971264,16.525009106957715,61,0.0030688735724706947,0.9846556321376465,0.9897871912260402,20,15,8,3,10213,8599,682,78,30,29,22,21,True,False,False,True,False,False,True,False,True
candidate_000603,603,9321603,5cf617451068604339ec60e911adeb812d4ccd23be2da1eed11dca055c493e85,a38ed7733bdd66af059b72a996838b79e5fdc4764bdbf94c5b5c85c0bc8b080e,7a359bda9f7309bc305b7ff5674c5894bddac7529d9dd0b398aea704f87b26f4,0,0.943023681640625,0.5120333433151245,0.08942307692307692,0.0959398717854248,0.5683107813182017,2291,13571,4.923614142295941,5.698177337646484,0.0,0.48424266803024596,0.4,0.2222222222222222,2,8.864804118450769,10.217525618488189,57,0.004200132635767445,0.9666936850637389,0.9844521405939135,22,16,9,5,8172,3296,1044,607,150,33,31,27,True,False,False,True,False,False,True,False,True
candidate_000604,604,9321604,f7e0f69b52f265776a673f663ffe117d7d6b9b3cbcb2b00733649fd8f9e968eb,4f65e8db0b543326bffe7bfd35be46c9eed4d54c685900b3592df0eb33af01f3,e72c6db6d73381b09cf20b5b34777ad887fd7e175b872e982fe69e9d933ae48b,0,0.9203605651855469,0.4820813536643982,0.05555555555555555,0.05950413223140496,0.45569620253164556,2291,17545,6.658227848101266,7.0067620277404785,0.0,0.3518984579984522,0.2,0.0625,1,10.766636387490056,24.003937007874015,88,0.005015673981191223,0.9450555713878598,0.9719578227415218,31,26,16,5,12729,1711,1648,493,323,65,42,42,True,False,False,True,False,False,True,False,False
candidate_000605,605,9321605,34c2532ecea9300efe7e8f35d287b1549cd0af540996c3d06c252aa7d3c65cb2,d424a2e99ac34fd63c5027575690a3d30a624898f4d16c465ee3b80b15a0b36a,837b0e6c162249d9a22d7bb417e52c72fd921a7eb8e6867e656dfdcff1a3a747,0,0.9517059326171875,0.5122349262237549,0.07989817704056495,0.08959484346224678,0.42470536883457005,2291,10860,3.740288083806198,9.979365348815918,0.0,0.31851209490289867,0.4,0.2857142857142857,2,13.053016594757949,4.669319359991033,22,0.0020257826887661143,0.929097605893186,0.9962246777163904,10,9,7,5,3806,2387,2345,1552,614,76,26,13,True,False,False,True,False,False,True,False,False
candidate_000606,606,9321606,aaf99676cfd795a0d56f8152e019a432722ce7759ff58d6eef3c306f4d673ece,ecebccbc667c19d93725bcf8d2c67a6603d3bac56d037b9c4e396368a4153530,1bbda11a357b9202e443491f9901a3f10da47165e4bd3020a87234cb23445662,0,0.9379425048828125,0.5007603168487549,0.07277770439836218,0.0789794309467498,0.4810126582278481,2291,13953,5.090353557398516,5.53769588470459,0.02053388090349076,0.3789925034278558,0.4,0.2222222222222222,2,12.12757003443992,11.15655074645407,47,0.0033684512291263526,0.9804343152010321,0.988461262810865,18,13,9,4,12837,432,234,177,34,27,26,25,True,False,False,True,False,False,True,False,False
candidate_000607,607,9321607,c395e058b68ab84365b93a58890b84cf9923f49eaf2b7361ba8661178c038a68,037ba4cec26000280f892efbc28aa4a3631348ee4809759ef6eb3bff2565dfca,471971ec7fa284861c2379adde76a740a2f6b22a76ef30d6d543b9f7503b8673,0,0.9348106384277344,0.5028363466262817,0.08051356650433243,0.08605421483133914,0.5556525534701003,2291,14793,5.457005674378001,7.209848403930664,0.002053388090349076,0.4495861928235386,0.2,0.2,1,12.69079623109978,21.44306049822064,61,0.004123571959710674,0.9866828905563442,0.9918880551612249,16,10,5,4,12640,1244,581,131,41,14,11,11,True,False,False,True,False,False,True,False,True
candidate_000608,608,9321608,44820c9d12e6ef31662cfb45a6e2d707be8bdb80db3f8a9adebac14f63fcdc5b,2001075c749cb480219bd32ad4fea5dbdaf3234d6e39a149a24227753c510e52,bd5866e0871426bdca3c75e1af74a8ba9628d86c7742480b2942b5e6654924fc,0,0.9256172180175781,0.47997158765792847,0.04522458045409674,0.05003412969283277,0.3199476211261458,2291,14650,5.394587516368398,7.257762908935547,0.0,0.21325084672948907,0.6,0.42857142857142855,3,9.099409797651635,11.00801175568454,58,0.003959044368600682,0.9800682593856656,0.9910580204778157,16,11,7,4,8576,5068,612,102,90,33,21,17,True,False,False,True,False,False,True,False,False
candidate_000609,609,9321609,1eb94815ae834ce387b431accbce44e2d228ce3fcb913241dea84fe644c64467,de301985493228e468cc8397f78273ed458d04853849a17af1ec160321825b37,edd8f14ebc44d0a80d6c0cba9e3208aee2cd1b0be12e79db4c5aa17c86027e06,0,0.9155807495117188,0.48541325330734253,0.06779477166720903,0.07185146864401909,0.5456132693147098,2291,17397,6.593627237014404,9.14842414855957,0.0,0.44504596549996916,0.4,0.25,2,9.844581863436899,11.840246448286491,77,0.004426050468471576,0.9714893372420532,0.9914927861125481,19,10,8,5,12073,3286,1105,437,191,68,67,22,True,False,False,True,False,False,True,False,True
candidate_000610,610,9321610,6f6ce6b9e2bc36ec927ca198c93690651ca45a73b2630110e9711f6637c71507,1cdcebdbce6119c761c753fd0492d119df34be4a4a6c7d4b14d9385de3e1ec6f,9d3980a230ddb046732cd08fc4a741fa236465a6e1cfcd8e206ebe7c2acafcf2,0,0.947418212890625,0.5045599937438965,0.06943911608992558,0.07770241263844767,0.3950240069838499,2291,11647,4.083806198166739,8.196453094482422,0.0,0.29870480713533215,0.4,0.2,2,8.36284259992685,11.21122316902168,50,0.004292950974499871,0.9569846312355113,0.9859191208036404,15,12,10,5,8251,2408,301,186,114,77,74,72,True,False,False,True,False,False,True,False,False
candidate_000611,611,9321611,fd9d2d7340a927585f389b93c2926943b5f3fb3b69ccd5f36b6d8f8ee77b2bd4,6739a64ecb7c5828859743ef43d51ac71c4df595125b4397f0dce0d584e31cdf,646c622e5bcbcd076227694e500c21ee54d26c006be72fc1dfeb746d034715e6,0,0.9335784912109375,0.48860329389572144,0.05338822453113769,0.05907874755947646,0.3566128328240943,2291,13829,5.036228721082496,9.39126205444336,0.0,0.250177841311351,0.4,0.16666666666666666,2,4.753086336437988,12.031239887822242,68,0.004917202979246511,0.9166244847783643,0.9778725865933907,25,18,12,7,6145,4098,1816,617,395,278,119,55,True,False,False,True,False,False,True,False,False
candidate_000612,612,9321612,5ecc4db795f8f7b53d91fb0dffd5b53f48d05a633ef6b320644430d848e44a55,8f9c934e47481cb1bba3c087cb41fe228d45e8a69da31baf9771ecbc713fbca5,3251d046049b5a2f14f3d06aecc0602ce4cba83110ba99a3e5246f026b4e1710,0,0.9544830322265625,0.5197371244430542,0.09170346706755614,0.10463121783876501,0.4260148406809254,2291,9328,3.07158446093409,5.981590747833252,0.0,0.317178285067766,0.4,0.2,2,5.77330581524855,9.000593247761838,50,0.005360205831903945,0.9502572898799314,0.9856346483704974,16,12,10,5,4680,2059,1838,287,129,84,78,39,True,False,False,True,False,False,True,False,False
candidate_000613,613,9321613,c1ee701a2d59d655de3107bf0af0102b6476cfb17eee13ef6488e38e58c03bec,d38260ddba5762beb2938afcdf0a848f61b41077d06ee8e3742677d3391d318f,176f4a310cb03ab877d6e19d9818a431d1bc4120c25310c59e1da380355a7fa6,0,0.9299354553222656,0.49302101135253906,0.0664869721473495,0.07089395844560206,0.516804888694893,2291,16701,6.289829768659974,6.18530797958374,0.060240963855421686,0.42456678956193,0.4,0.15384615384615385,2,17.702063411330624,12.954550599039596,62,0.003712352553739297,0.9303634512903419,0.9761690916711574,25,20,13,9,9879,4147,846,666,309,204,132,120,True,False,False,True,False,False,True,False,True
candidate_000614,614,9321614,0c283ae0fd32ea47af3a8aca647448ce03378504b55b1f635a76e74633faf44b,5ad5dbc815e1b541893c163e60ca757a0e7b4c3228fb55f00d067a60e6874db1,6576d09279fe0ad9e34afbe05c88b15b69cd4faf759c9bf66aff6e85a2691a25,0,0.9308013916015625,0.49769824743270874,0.07492713036520546,0.07937276745171641,0.5722391968572675,2291,16517,6.2095154954168486,7.0470757484436035,0.0,0.49590319735210514,0.2,0.125,1,14.30146021586675,29.525590551181104,58,0.0035115335714718168,0.9737845855784949,0.9904340982018527,17,13,8,4,15534,302,141,107,92,84,66,33,True,False,False,True,False,False,True,False,True
candidate_000615,615,9321615,bf1702a72e1fa326b12460e3efed123195c6c04a82123cd691d30d78e538b54f,df747c0ae8038f6740837e1cb4553b53e88ed00a880ff284a5ab8ee336f51292,9995e0afa086955d6dd2981f34e82648d64792635de2926b8c08562556ad4188,0,0.9295692443847656,0.48820817470550537,0.05724942276952223,0.062118584184492835,0.42208642514185946,2291,15567,5.794849410737669,6.595539569854736,0.0,0.31603595614610797,0.4,0.2,2,11.094568935260007,19.315863984467693,95,0.006102653048114601,0.9551615597096422,0.9834264790903835,25,18,10,5,9881,3491,984,513,289,78,41,32,True,False,False,True,False,False,True,False,False
candidate_000616,616,9321616,f4175f4a4eba7ae189d34aa8c49e51425c09d6d9ec84e56a6d4897c33c487251,4c124f6bd2721c1729c20fdc9e3f9a67413b9c451856114d87a28daa3bfd755a,66a583a25507c7e59425314862489b7078e54efefc12fbdea877d89b38eb7cb5,0,0.9274787902832031,0.49619805812835693,0.0755310312092085,0.08038646122758272,0.5556525534701003,2291,15836,5.9122653862941945,7.885280609130859,0.0,0.45513593917174006,0.4,0.6666666666666666,2,21.375269328825922,13.13696864404405,64,0.004041424602172266,0.9862338974488507,0.990212174791614,20,11,3,3,8955,6011,634,18,17,17,15,14,True,False,False,True,False,False,True,False,True
candidate_000617,617,9321617,875e7b4e8ebdf263589f54001cf2907730923352b63bd673c8329cd5a5e18084,12d7fb75e23e0839da87e920d83742dccd3fd1d636613931e12dfdcc2997ce12,64232aa9b39722c45dfbe54787d27a0f0feda52815cf397307fddb05f51b4316,0,0.9547805786132812,0.5226100087165833,0.09716951296647691,0.10607629898152943,0.5364469663902226,2291,11586,4.0571802706241815,5.311167240142822,0.0,0.4309806339280573,0.2,0.125,1,11.050741066532295,15.505338078291816,50,0.004315553253927153,0.9798895218366994,0.9898152943207319,19,10,8,3,9303,1253,742,55,34,32,28,21,True,False,False,True,False,False,True,False,True
candidate_000618,618,9321618,69db30a015d79314e76b385a5eff88a07a6054fbde288b948cc9877b359f678e,47f3a65d2ee06c9b773321c14f32e028f34df8ae692e8062dae5f3f38105494a,1f4b255133625de198ca40ad1e6b895ed78dcafad63d18690b2a77534cacd19b,0,0.9519729614257812,0.501220166683197,0.05748135146994296,0.06711753253407111,0.2859013531209079,2291,9759,3.259711916193802,5.437028408050537,0.0,0.19128613693613641,0.4,0.2857142857142857,2,20.074893555497813,12.195188975078395,36,0.0036889025514909315,0.9390306383850804,0.9904703350753151,13,11,7,5,6781,1353,565,465,343,92,50,17,True,False,False,True,False,False,False,False,False
candidate_000619,619,9321619,c3aaaea7cda0a2ac0244cca6387f14897f3ce35a2ac9c523532abb3f40babe4d,a7eff96fe64fd618633825fd24066ff33922ab6f4aa9095c084f9b8b6511969d,c40d17530ae29d588a54f7c88b72a770853015c5a325af6fa5dd1e7670b2cb33,0,0.9263648986816406,0.4968853294849396,0.07840018849031043,0.08309920709246425,0.5809690091663029,2291,16017,5.991270187690965,5.357448577880859,0.03285420944558522,0.4995917770182136,0.4,0.16666666666666666,2,12.390935881147911,12.861846998334654,84,0.005244427795467316,0.957170506337017,0.9765249422488606,27,19,12,4,13176,1543,487,125,88,78,72,72,True,False,False,True,False,False,True,False,True
candidate_000620,620,9321620,42ebf948db948d5c82a89fc33fbebd9086a0c8cdb08c8d15e46165edfd1414d5,ea09434eaf3ae2ddfcd83c96d1da723beb536095abde957f80a55a4d946f5891,bd1252fe6238f4577f624df346cfaaebbdc21e6f15abdc0057a1cd530c090bd8,0,0.9498291015625,0.5036186575889587,0.06446886446886448,0.07342851844984238,0.3457005674378001,2291,10786,3.7079877782627673,8.593052864074707,0.043782837127845885,0.2679207878757005,0.6,0.2727272727272727,3,7.191906722600447,7.25747991997892,41,0.003801223808640831,0.8982013721490821,0.9756165399592064,24,18,12,8,4369,4168,583,568,360,183,155,137,True,False,False,True,False,False,True,False,False
candidate_000621,621,9321621,c5983e453e7ed28311f9375f802fd47bc5d6e21943c77f0cc0f97d2db3543949,669f45fea9e9f2bd1cd1d05f2ec685c3b2ff9175479b2c4f9e9c4e24ce450d8a,a3a1ada73f6ef4a83fabee5b4a41fa66e7063dd90f6dde8b36db1656cc878456,0,0.8775634765625,0.45446619391441345,0.04955709839597797,0.05102651688558651,0.6324749017896115,2291,28397,11.39502400698385,6.4741106033325195,0.0,0.5456047137191583,0.2,0.16666666666666666,1,20.533442950750366,48.6085409252669,44,0.0015494594499418954,0.9942951720252139,0.997147586012607,13,10,6,2,27907,233,56,39,24,21,19,17,True,False,False,True,False,False,True,False,True
candidate_000622,622,9321622,429e277844e0e5fd293750532e9efce604298f2173f5e6c7a08bc2c2a7d8e814,872b48f183b88f9218a20f44ff2625548bfa7d35e284447c52b9105e6bbc66a5,2eb1455f1b7a1bbe2dc53ea351300d456171298b7ed72b73ac99199e740e066d,0,0.9463996887207031,0.50525963306427,0.07203327981316596,0.07960961445394418,0.4308162374508948,2291,12398,4.411610650371017,6.934892654418945,0.0,0.3410962477177032,0.4,0.3333333333333333,2,13.596040254083757,8.215505646313783,54,0.004355541216325214,0.9459590256492982,0.9910469430553315,17,10,6,6,6929,3125,1270,404,376,158,13,12,True,False,False,True,False,False,True,False,False
candidate_000623,623,9321623,5cdc2ab22932329e8678063548cc3d3fd7aa98799b1998f69822990c3b914e24,3c234132d1ad4bebddf6d252b0609607dce216419089a6a00ae74b349a358321,c437153690817bf904ea0783ef791f75ffd56aadeabb1cbe0c6519a958233608,0,0.9451370239257812,0.5076265335083008,0.07811332037673793,0.08613583910319815,0.4561326931470973,2291,12132,4.295504146660847,7.058065891265869,0.0,0.35406680735890406,0.4,0.16666666666666666,2,10.71717961401248,8.234991033149326,51,0.0042037586547972305,0.9583745466534784,0.9791460600065941,23,16,12,4,6078,3684,1014,851,95,83,38,36,True,False,False,True,False,False,True,False,False
candidate_000624,624,9321624,8d758c920571b0d39acbca4aee495eadad4c32d8f39ceeedc70a97478d54fb2a,702f38d8aaceda8d5897ad422e7bc4cc3df7f2fb46e91fbf58471506af4f6e96,796b2b48fa93c875f3204f0a3a9797f3abd53a006becbcb68791b89408cc84e5,0,0.9278755187988281,0.4924534559249878,0.06765384409034819,0.07161110795615878,0.5504146660846791,2291,17609,6.686163247490179,4.345237731933594,0.055441478439425054,0.4563726116833272,0.4,0.25,2,17.27978536117919,15.634011867613058,37,0.002101198250894429,0.9802941677551252,0.9941507183826452,16,11,8,5,16367,537,251,107,107,86,30,21,True,False,False,True,False,False,True,False,True
candidate_000625,625,9321625,8e4807d79d06508e7d562e9e7db319c7c2147d789447e12a6fba4abfcf8fee79,35893fa60b0758596219f0b3f68ac808936a193e05569345eda96a8a51df10dd,b4153e84258e62751ad28e4ecab6f0ab0c9c245a305e427e530597a79ee7e1cb,0,0.9353370666503906,0.5007027387619019,0.07570621468926554,0.08058492118756726,0.5556525534701003,2291,15797,5.895242252291576,6.635434627532959,0.012048192771084338,0.4564645098973478,0.2,0.14285714285714285,1,10.371791462815121,24.568897637795274,87,0.005507374818003418,0.9671456605684624,0.9854402734696461,22,15,7,5,13016,1458,568,236,196,47,27,19,True,False,False,True,False,False,True,False,True
candidate_000626,626,9321626,814bad60b66de74b0602988d7dbc3de843a81a53eaaf01a469ec16e51bd90d36,f6b63eae5c40b787f8194c096f43a95c84cf26f2f257aeb8ad6dcc309b7e1e83,f2a1dd79c52a27af20182e885136cefc4585f53342891f6962f68a9d56b40301,0,0.92913818359375,0.48954394459724426,0.06043133558795809,0.06474221905440722,0.47577477084242686,2291,16836,6.348756001745962,3.9317610263824463,0.08433734939759036,0.38300004325969506,0.2,0.3333333333333333,1,18.821919737516726,31.427165354330707,44,0.002613447374673319,0.9954858636255642,0.9973865526253267,10,6,3,2,16500,192,52,16,10,10,6,6,True,False,False,True,False,False,True,False,False
candidate_000627,627,9321627,f06f1710a23ceded4e513e14d5cbb1195f79f7a51d5981ac79ec4c81d6eff4a3,e70f91c43c64382257360afd909525d4263e3d0460ba54dd852db23fe4703124,4155ca3d3403ad87b35e69db7917ac6654b05cad1c7140fd61f3b9168b28d6ff,0,0.9225616455078125,0.48826950788497925,0.06550916063059224,0.06943268416596104,0.5368834570056744,2291,17715,6.732431252728066,6.56815767288208,0.030800821355236138,0.4352753138566998,0.4,0.2857142857142857,2,16.116999894347344,15.88632799236851,82,0.00462884561106407,0.9795088907705335,0.9855489697996048,27,15,7,3,16131,1009,167,45,41,25,22,19,True,False,False,True,False,False,True,False,True
candidate_000628,628,9321628,fa99e9c94e00317b1a2f7c18a38fccbc349468463028d46f18e0440e9b0ae06b,726110a02f1d7c5ebe87b930c5e461408c10febe84a5dc132b15033f5ce2865b,85d8c60fa51ed4e73da5dc5beff45dd64bfa8025ff9ee06dd71e7ecf65668e73,0,0.9199409484863281,0.4848986268043518,0.06172396100564392,0.06537332898597978,0.5250982103884766,2291,18402,7.032300305543431,5.507778644561768,0.02053388090349076,0.4638845177346638,0.4,0.16666666666666666,2,8.873153192725011,14.911080542643012,60,0.0032605151613955006,0.9723943049668514,0.9858711009672861,20,17,12,3,15255,2417,132,90,78,69,64,37,True,False,False,True,False,False,True,False,True
candidate_000629,629,9321629,c3cb46c4125bf1f564145cab76683e88ba91d4656949e341d9f0e9fb95a75284,41eb61ec5ea31a76c852019e8e526d0ea967c726786987cf5dcb3212272064ff,bc4892f22d053916637af7b89278903f769c73d7b0d7d486d78ae90acc1b20dd,0,0.9551429748535156,0.5141593813896179,0.07968337730870713,0.09073610415623436,0.39546049759930163,2291,9985,3.3583587952859015,7.0599045753479,0.0,0.29423956585742306,0.4,0.13333333333333333,2,7.901871102097806,7.980488094108718,40,0.00400600901352028,0.9313970956434652,0.97035553329995,20,17,15,6,8238,471,320,271,130,109,84,66,True,False,False,True,False,False,True,False,False
candidate_000630,630,9321630,6244be192922ca43b44115b6d7cc22111b8508a13fb47da4a594de264dde874d,bdb30400ed25a084fbac2aec79e0930e2d4f32c49f5243106c90e432389012e9,c33b8eead579366234a47e5eae94680a1d962242015e80c070e1249dfecbca1d,0,0.9468650817871094,0.5069379806518555,0.0748360655737705,0.08436518203659213,0.398515931907464,2291,10822,3.723701440419031,9.03091812133789,0.006160164271047228,0.3191206535854801,0.6,0.42857142857142855,3,8.013114211177085,6.737862379826223,30,0.002772130844575864,0.9805950840879689,0.9897431158750694,18,12,7,4,6829,2199,1297,287,33,32,22,12,True,False,False,True,False,False,True,False,False
candidate_000631,631,9321631,c63f4d089734ba405a97be1385186239fd2a2cb3a55879a3cd49fa434846d216,be7d6f666e534561c190827da4b4a54da6debe3afbce630fbd78ed427c744122,facde0401dc7737c34873dcbd10e20dcf34ead2aca76909c774de3bd2ea54071,0,0.9389266967773438,0.5016433000564575,0.07339449541284404,0.07997630331753554,0.4714098646879092,2291,13504,4.894369271060672,9.30408763885498,0.0,0.3678619006693031,0.4,0.25,2,13.66650229245579,11.779408317030185,82,0.006072274881516588,0.970156990521327,0.98489336492891,21,14,8,5,6942,5818,206,135,103,39,36,21,True,False,False,True,False,False,True,False,False
candidate_000632,632,9321632,ee2b37cb2f5967899e1171d99a1c27eceb9ce9130e08380adde8cc09b585abc6,8d5e7cc40f8e1050cfed3ce3466b39a011b6d53d25834f9b44d51d60376aee7c,9a1c23e4023a1b292e68dae048827ab338300d588be7e1e86bb1b11e9ab282cd,0,0.9170989990234375,0.4763887822628021,0.047936836168812856,0.05098215624531414,0.4452204277608031,2291,20007,7.732867743343518,6.607779026031494,0.0,0.3372779285094135,0.4,0.2857142857142857,2,11.421483087985887,17.745545603000856,52,0.002599090318388564,0.98740440845704,0.9949517668815915,14,10,7,4,18553,593,498,111,59,51,23,18,True,False,False,True,False,False,True,False,False
candidate_000633,633,9321633,0906fba294c91be97028a39fc1ff9b1abc1fd83b9b145d6cd12dc163395b16bd,4215ac1725b09f221db5896633cec07314c8d8b5197fe6f052b7a2b42aaffce6,2428af249e9e128b7c4017bf499e86ef431dd12538b84d9d006a5dee48c71a2a,0,0.9396476745605469,0.4989430904388428,0.06712367894887175,0.07429068205168735,0.41030117852466175,2291,12653,4.5229157573112175,7.025163173675537,0.06265060240963856,0.3110482453789813,0.4,0.4,2,12.319763139775288,11.144032239809858,39,0.0030822729787402196,0.9929660949972339,0.9973128902236623,8,6,5,3,11825,456,255,28,26,18,6,5,True,False,False,True,False,False,True,False,False
candidate_000634,634,9321634,9f58d874013d4dda8e606cb6b5ea615a7edcb96ae0919260c53edfbd99a3dcd9,725dbdb1adf636f29e7512b36281ff0f7104bada44ce3645f04aec8bb2221507,5bba877fc7e2be99a7938e6e4e1ca0e3afcdb8ef8ed3f820bc37c6db56524a11,0,0.9351539611816406,0.4833967089653015,0.041094978020514185,0.04625187406296852,0.2693147097337407,2291,13340,4.822784810126582,12.04086685180664,0.0,0.22509120718682146,0.4,0.3333333333333333,2,19.931386172260332,14.144226620645021,22,0.001649175412293853,0.9871814092953524,0.9937781109445277,16,11,6,2,9898,3178,50,43,34,22,18,14,True,False,False,True,False,False,False,False,False
candidate_000635,635,9321635,dc6ec9b5a5278a3dc57e28eff8542590f0635c2e3ec4a12561b322ea66a7019a,b264ff0073dd213cc65fe7e57ca5577a6d2d5f02b376cb1be70ac1c0fb0bb9db,e18b257c53458509f8c1b0f6bcb94ecebf32e08a2ed2b280f72f8cf9cf220875,0,0.9279327392578125,0.4981415867805481,0.0786184957964099,0.08288914176199318,0.6041030117852466,2291,16697,6.288083806198166,2.884322166442871,0.03855421686746988,0.5085640932509782,0.6,0.75,3,11.90681341949375,10.153945945952964,73,0.004372042881954842,0.9912559142360903,0.9946697011439181,12,9,4,4,12285,3341,624,301,19,13,13,12,True,False,False,True,False,False,True,False,True
candidate_000636,636,9321636,22ce438ccdcf00f6ac2b8a2d1b3c956e7e050f36a06d3c18b095074530fc8a9b,a1c2f2e5870f539a7448938a2553f5a1d6019dc255683ed6f576254cf863b8a2,85c8a7436eb871813e01b7a9b122c2099163675bdfed923d1431fa87c3a4a67c,0,0.9149322509765625,0.47929322719573975,0.05631836164766116,0.05930209762791609,0.5281536446966391,2291,20404,7.90615451767787,4.214748382568359,0.0,0.41821822704729467,0.2,0.25,1,15.010873014709059,33.73131672597865,57,0.0027935698882572044,0.993138600274456,0.996079200156832,15,9,4,3,19546,490,179,49,18,16,14,12,True,False,False,True,False,False,True,False,True
candidate_000637,637,9321637,2c2b4f43c18e9093ad39bed198653a18aee88224edbf15a63e8a51b967962e8d,40c2d7ee392a8c18d92f4d4ce841bf4c6e5da2856008b05db715cc6d69cd9693,1df9307ad37d2ea0bee8132ff0eae585b05fda87cb03d23e21c477504c4b68fd,0,0.9303054809570312,0.48870226740837097,0.057361144797477566,0.06245461147421932,0.41292012221737234,2291,15147,5.611523352247927,4.641176223754883,0.024640657084188913,0.32439767749487003,0.4,0.4,2,15.616588460160536,17.85060942724625,46,0.0030369049976893114,0.9901630685944411,0.9943883277216611,13,10,5,3,8497,6144,290,67,23,16,13,12,True,False,False,True,False,False,True,False,False
candidate_000638,638,9321638,ef7b9503ed3fd2d8b46c1c2e32d87e8f8c68afe203f54977b4d420c74d803d81,9daec878901796632932c411575847a8b0f9a251ece166f6ade48f4b66813bc9,7a57932b65b2054cc614c0c8842b797dcf051415cbb79c8d01293b77045934ea,0,0.9551506042480469,0.5139573812484741,0.0793343653250774,0.09249858996051889,0.3579223046704496,2291,8865,2.8694893059799216,11.045522689819336,0.0,0.2558293198470781,0.6,0.42857142857142855,3,6.335054616498105,5.358320435230296,59,0.006655386350817823,0.9597292724196278,0.9857868020304569,18,11,8,5,4161,2393,1136,818,109,54,40,28,True,False,False,True,False,False,True,False,False
candidate_000639,639,9321639,c631e13839dae26e23647cf51d11e2897154031505e41fbd2a4d1a9f03c1b3b2,6efd10cefa7ffdd0d3ddddd788a150615bdd7105e10983b7fa131a1392c7f460,5852d238e7bbde3be95390184d2f9e6a0393a284e02b9006a38c3b8a2c4845d3,0,0.9355964660644531,0.5033420920372009,0.08067982027739792,0.08661307235232436,0.5408118725447403,2291,14305,5.243998254037538,10.195782661437988,0.0,0.43015155467180655,0.4,0.13333333333333333,2,15.251127477141805,9.699466892706027,107,0.007479902132121636,0.941209367354072,0.964767563788885,33,23,15,5,9357,2438,871,798,170,61,56,50,True,False,False,True,False,False,True,False,True
candidate_000640,640,9321640,1d704555dd8d2a90b4c75c49e7a172cfbc6d351ec11938ce2044b6bc88072038,d5e0927d2b335f2b9379e6d290389e5909a3c928b8af9a20e794009c108ddb67,0c2e0623dd267938e269a7fe3d5de462c187878ff39399302fe7dee5e3f6b2d9,0,0.9603500366210938,0.5233733057975769,0.09223780367371123,0.10651157486600525,0.4076822348319511,2291,8769,2.8275862068965516,8.050094604492188,0.0,0.2943033907879466,0.4,0.5,2,6.481400896475005,10.248665192535864,36,0.004105371193978789,0.9876838864180636,0.9950963621849698,9,8,4,2,4613,3937,70,41,19,18,16,12,True,False,False,True,False,False,True,False,False
candidate_000641,641,9321641,ab9225101cd82cae12427d89f0fb46db7d2ba79212743115459ccb62fcdf4112,b5c462942a73b22a35bc9046687e1d44b567f0a3f30c23557b18fd1aa8b4445a,04ad39cc6bd3a91781693c69a32cdd1c14df06edd09de263cd0edf49e18802ea,0,0.9260139465332031,0.48837998509407043,0.06171122443723278,0.06539301310043669,0.5229157573112178,2291,18320,6.9965080750763855,10.871842384338379,0.0,0.4199792994591642,0.4,0.3333333333333333,2,14.550284404606437,16.11026653624149,31,0.0016921397379912665,0.9887008733624454,0.9931768558951966,21,10,6,3,13564,3688,806,55,35,20,16,11,True,False,False,True,False,False,True,False,True
candidate_000642,642,9321642,7c400ed65920aa76d1779adde5a67cc797ef93471becb0b49e54153d28c632ac,f8af10ee336a7d5d9e504a3a89ef30c0493a9665b930eabaa00f60952f8d5bf2,9563e2e3b6cd0269168595a439a29d554cae42c703985e47a97d50079e3ed971,0,0.9368171691894531,0.491767555475235,0.05593776120362631,0.06156241154825927,0.379746835443038,2291,14132,5.168485377564382,9.235298156738281,0.0,0.26635549504756334,0.8,0.36363636363636365,4,5.846642082837064,5.967620966486724,46,0.0032550240588734786,0.9607981885083499,0.9823804132465327,22,14,11,4,6232,3691,3021,634,88,79,79,59,True,False,False,True,False,False,True,False,False
candidate_000643,643,9321643,c69ebd2ab9c3535601bac146f36ac3c93e38fec8386779b76868f7504a86bb33,9ca644dcf2049c5f5093ab7325fc50a93e2b06a5c0e96381f8d636cb46ca0699,961c962250fc6fcfac104251a933696309cf72165c9e860aad5c4390f378db93,0,0.8993453979492188,0.4680209159851074,0.05119023397761953,0.053436411519836885,0.5491051942383238,2291,23542,9.275862068965518,6.670983791351318,0.0513347022587269,0.48141796608151366,0.2,0.09090909090909091,1,22.032476001879584,43.27952755905512,88,0.0037380001699090985,0.9788887944949453,0.988276272194376,22,18,11,3,22521,309,120,95,78,67,39,37,True,False,False,True,False,False,True,False,True
candidate_000644,644,9321644,086758ff6f0817152d91a50c58c5895de21ed8674ba09dad06f6cc82b3707941,496fddde259559c4c8f9efa8c5f71df37f5f30e99fdaa94c5ace614130c3babc,ec1d7a8598b4fd7205408e00a9ff3efdb20f818baa0f596a9fa71c2a46322b18,0,0.92626953125,0.4899752736091614,0.06437475098184302,0.06892558961545493,0.4936708860759494,2291,16409,6.162374508948058,5.286613464355469,0.10061601642710473,0.4224444983693074,0.2,0.16666666666666666,1,16.435570730308722,30.401574803149607,81,0.004936315436650619,0.9860442440124322,0.9912852702785057,17,11,6,1,15979,99,57,45,30,24,19,13,True,False,False,True,False,False,True,False,True
candidate_000645,645,9321645,7fc9d0cea03a9b1913dc160613bc6427f182f9199c89d258d6e44844dfbe038b,c1a6de7c3b602effb4817b09f0ab4fbdd0fa83c81379c8bd3ad1877d7f6deebf,843116737a794f5852c22dadfd6d80a1f31254c44be1360cb8e401354a38335f,0,0.9554290771484375,0.5073845386505127,0.0658734264528367,0.07586138417237613,0.33347883020515057,2291,10071,3.395896988214753,7.176855087280273,0.0,0.23970976297987512,0.6,0.375,3,6.678907209162415,5.956064510911908,92,0.009135140502432727,0.9354582464502036,0.9803395889186773,22,14,8,6,4346,2499,2069,507,219,106,98,29,True,False,False,True,False,False,True,False,False
candidate_000646,646,9321646,2b391c5865d91b8653f586a9a752df4b8415419c793db11d9d101ce12bdb6242,9d97381d88642a25f3d00a06032f680473920d46b01068dbecb83b2886576aaf,0932b865bcce7561ea6683a4230e06f444765acae9117d0de6e6c4554be1f4e0,0,0.9192848205566406,0.48505711555480957,0.06289190453907346,0.06580815746951967,0.5866433871671759,2291,20423,7.914447839371453,7.84898042678833,0.059548254620123205,0.4984852155909748,0.2,0.1,1,14.195103802780151,28.50355871886121,71,0.0034764726044165892,0.9695931058120746,0.9883464721147726,22,15,10,6,16608,2797,205,192,141,122,79,41,True,False,False,True,False,False,True,False,True
candidate_000647,647,9321647,ac9f26ba618c6a682d63aab7334cd342b057f94e199bdb8c014252476844a7cf,1834f01d220b75eb9842a9b9a05bd38538e13eb7d3a7962999d41ffd5b04432c,916391cb990abaec0656e96d61a2c89b63a1e66e988a8472df6af43f1d5054ca,0,0.9283332824707031,0.49738118052482605,0.07636878337515281,0.08220790913498165,0.5181143605412484,2291,14439,5.302487996508075,8.314129829406738,0.04722792607802875,0.44034546958307996,0.6,0.6,3,17.26884979002646,9.861625080411867,91,0.006302375510769444,0.9835861209225015,0.9892651845695686,20,9,5,3,7550,6366,214,72,42,15,13,12,True,False,False,True,False,False,True,False,True
candidate_000648,648,9321648,325f7bc187c49ebfce24fa55b31b15e8dfde370c9fec8eaf5ad111c4b5c03c90,6d7396ba60618ef3d39cb046a9186cceedd0e888d5ec96c3fbc0be1fc6db7fbd,a1677563d57c213158e2cdd8930bde71bf23ed0968d4e424f05de29456654c44,0,0.9263153076171875,0.493401437997818,0.07145338737695425,0.07611176216616296,0.5386294194674814,2291,16213,6.076822348319511,5.601752758026123,0.26506024096385544,0.46083870674685873,0.6,0.2,3,17.040320719159947,8.08661295052829,65,0.004009128477147968,0.9287608709060631,0.973909825448714,29,22,15,8,7557,4106,2815,580,283,182,151,116,True,False,False,True,False,False,True,True,True
candidate_000649,649,9321649,39bfde4f1a411ce7eeb5b19c54eb3fef9458ae1eda25bd59a2c31beaf4360e37,9dae2c7298c37a834aa77f0801fd52013845e52364fde8b701f8db26dd9079d9,49f29da69d908280e7fb456e4ed20e6504e0e468da0e96bdd67ece3c421d4ad0,0,0.9452476501464844,0.49622902274131775,0.055038162593655904,0.06152160300563557,0.3430816237450895,2291,12776,4.576604103011785,8.829404830932617,0.0,0.2334054690886497,0.2,0.14285714285714285,1,18.52120754337341,40.08561643835616,46,0.0036005009392611146,0.9825453976205385,0.9919380087664371,16,9,7,4,12024,244,177,108,55,25,22,18,True,False,False,True,False,False,True,False,False
candidate_000650,650,9321650,1910c12f07f78c077246cbe34ace777034637889ed0ab7b0532c16740a9a3825,587e0c1efc4efbf5c783ad07a76b1bd72da355080ff59f535c37b39b10070eea,bf5350bdfa9bdeda8581e707a3f8df0bd4571d85581e107b096f4732460b29cf,0,0.9136314392089844,0.4758576452732086,0.05063486351719529,0.054278944178101064,0.42994325621999124,2291,18147,6.92099519860323,8.842659950256348,0.0,0.3914572196654657,0.4,0.2,2,15.50205451852469,15.686268809370358,74,0.004077809004243126,0.9727778696203229,0.9857827740122335,23,16,10,5,16221,839,327,266,146,36,27,27,True,False,False,True,False,False,True,False,False
candidate_000651,651,9321651,93c08c5e15f45a24abea961594079a497c93820a1a43410d65ef1367d76ed250,d73bbeee2ffb3e2510d360ce4629fa01d7505402c8a6732a8c3f63382be6dd68,8c3d89169be9bdfdbfccc4bd380dd13129a43265ee31f81de8d54c879f12e356,0,0.9260978698730469,0.48801395297050476,0.06082081658557224,0.06472674058648055,0.501964207769533,2291,17767,6.755128764731558,8.246796607971191,0.0,0.4153645095823862,0.4,0.3333333333333333,2,19.682882694622023,15.833608869989813,54,0.0030393426014521303,0.9909945404401418,0.9953847019755727,16,8,6,4,14180,2828,324,275,31,22,14,11,True,False,False,True,False,False,True,False,True
candidate_000652,652,9321652,786a4f81f540c985d64c3629648a2851cbe719116807cd65b61e60a05fcff698,1aa57984b622f31178f521ac9e194352e22d775b5c14f2f0ca462d3c3f906e8a,8c6ea77c428285ce8d7442e0454daea3c689a484ab6b4378b4fc15198d3d6208,0,0.9197883605957031,0.4779212176799774,0.04788859389871262,0.05132059265621645,0.41728502837189,2291,18628,7.13094718463553,5.739446640014648,0.0,0.30999806507020744,0.4,0.2222222222222222,2,14.962915675467539,13.723648135850487,68,0.0036504187245007514,0.9495920120249087,0.9873308997208503,26,18,9,5,13024,1681,1603,1381,636,23,23,21,True,False,False,True,False,False,True,False,False
candidate_000653,653,9321653,d0bc4635826f009888f4478989cb5ca4d706cac4a9af1701c0c4cbd75e939105,c6572647b1c68d9703271062b73b1f3845c4c82c4f611aaf5a4a2a03a11395e8,57f1bb2cea7a43aa503a0eb443c63ec622d29996dc3f11f019728008343f054a,0,0.9340667724609375,0.4928125739097595,0.06127682548252126,0.06758466691477484,0.39633347883020514,2291,13435,4.8642514185945,5.750308036804199,0.0,0.2883832170415429,0.6,0.3,3,7.191474518402121,9.529536099826842,67,0.00498697432080387,0.9368068477856345,0.9831038332713062,22,16,10,6,6034,4936,901,715,290,191,76,65,True,False,False,True,False,False,True,False,False
candidate_000654,654,9321654,b55c90bb151e47abede47add6bebbfe161c2da79fb99674dcf1ea8f22cba5d4d,0b0edeefab2c72324910d3933682ba35edc179b792ac22e597c7a02aa41702fd,e8ce212d3978d78548f0cbd950673af4eb077e8c1c8f231916dd870706ac2511,0,0.9242019653320312,0.4926435649394989,0.07235587276195164,0.07768529528339278,0.5133129637712789,2291,15138,5.6075949367088604,4.44008731842041,0.01927710843373494,0.41906660172787785,0.6,0.3333333333333333,3,11.486104787615682,9.530838892057284,83,0.005482890738538777,0.9614215880565464,0.980314440480909,33,19,9,5,8315,2934,2827,478,121,75,68,22,True,False,False,True,False,False,True,False,True
candidate_000655,655,9321655,ae62b1d48fdc5e8189f80b56effbf1a1a2334339b064421994091aac0fa25a54,dea113f5afa1e542545dabe3da7913cf96889c0f9cdc9d006ce5c5893dda1642,0caab2fa238cc91989a7e913935d705585d9f1b756c6d6b6903f0094193f06f6,0,0.9309921264648438,0.5029242038726807,0.08507955568898229,0.08979152144984474,0.618507202095155,2291,15781,5.888258402444348,5.739315032958984,0.17590361445783131,0.5420323173616235,0.2,0.14285714285714285,1,15.506062165103009,24.96456692913386,81,0.005132754578290349,0.9861225524364743,0.9912553070147646,18,9,7,3,13217,2161,120,64,25,23,20,13,True,False,False,True,False,False,True,False,True
candidate_000656,656,9321656,0faec05661b6be1133d8fd55585ffc959257e608f183057c208b361a08f9c679,52fabc43437427ffb3dfbad83effca0b54daaa0dc1ad942ea49a47fa7c58096d,d507bf510e8985ace60ad11caead2afa9fc639741bbf0b8c069f1e84701fdc23,0,0.9443016052246094,0.5095139741897583,0.08298600774039892,0.09094616639477977,0.48668703622872106,2291,12260,4.351374945438673,6.868412017822266,0.0,0.39680520630604177,0.6,0.23076923076923078,3,5.0342365385061365,7.6822443761433705,90,0.00734094616639478,0.8892332789559543,0.9649265905383361,27,20,13,8,4582,4327,1304,689,457,190,176,105,True,False,False,True,False,False,True,False,False
candidate_000657,657,9321657,973ecf121fb938f6fbb518637eeecde2ea33676b6aea28a75fcf92182b8aa9d4,ddebffc484cd257461396e7987ac5350d5b946ee2fed17f2597351837ecc6583,df9c8c80e8a9c687cafd227c1655e26e5c6cf170723e3bb1bf2f78a7e7f2ac59,0,0.9027442932128906,0.47189998626708984,0.05557662326718072,0.057950002196740034,0.5757311217808817,2291,22761,8.934962898297687,10.600733757019043,0.0,0.47645676309587626,0.2,0.25,1,26.490503620048642,42.460629921259844,76,0.0033390448574315717,0.9906418874390405,0.9937612582926937,15,11,4,3,22105,222,199,22,19,18,17,17,True,False,False,True,False,False,True,False,True
candidate_000658,658,9321658,363b83615dfcd980ba93e3fb1ed8dad48e7a8885b08badd7e6aa552b132aea7c,0c7ac6f0e8a11518859f71948d3b3436ca3faa4abd333af6c8c0f9dcb47f4d21,eaced67422e1f061150842baf8c0d4fadfc44c20079cdbe922a867e8cf16ec8e,0,0.949615478515625,0.5156711339950562,0.08905465063175522,0.09736207040026629,0.5106940200785683,2291,12017,4.245307725883894,6.0700459480285645,0.043373493975903614,0.43158506736918656,0.4,0.2857142857142857,2,8.788621934366926,10.531560736632766,37,0.003078971457102438,0.9799450778064409,0.9919281018557045,15,10,7,3,7871,3712,111,82,55,45,32,12,True,False,False,True,False,False,True,False,True
candidate_000659,659,9321659,feea48c7d97bdea2b68797c53d7e9dd9c29b96bcd0c4e8246f4f9f3296d9b48c,e7a19bc6212f7b7f6a9d45724103dd28c7d8b2bd42c5b38c0e8c34255449d9cd,c7e0a92bc1b67506475d942f7301fff7b0fa4c4a9a2c2d8f45539dbece238f0d,0,0.91204833984375,0.47813302278518677,0.057275613010074986,0.06017108887922285,0.5434308162374509,2291,20691,8.031427324312528,6.516867637634277,0.01927710843373494,0.45217937230325156,0.4,0.2857142857142857,2,14.853228068379996,16.886585018305112,49,0.0023681794016722248,0.9871441689623508,0.9935720844811754,17,12,7,4,19131,867,308,119,46,38,31,18,True,False,False,True,False,False,True,False,True
candidate_000660,660,9321660,da14cb09995102739647b9e8978865c1fc58e0f1c580a46c178f2f4196930c7b,3ca3bba8b9c13f37035d4dcf7795e79eb10061f55ed0e5a65cc0a376424b095b,c98e54d3dfa5d36003a68f182e06900b18481b4c93d04187fa53f449ec2ffbf4,0,0.9299278259277344,0.48842763900756836,0.05728845830766646,0.06166736994393875,0.44652989960715844,2291,16589,6.2409428197293755,5.490657806396484,0.0,0.37182380621545486,0.4,0.25,2,13.960017490185034,21.231703699708767,66,0.003978539996383146,0.9843269636506119,0.9910181445536199,18,13,8,4,10274,4759,1168,128,36,31,23,21,True,False,False,True,False,False,True,False,False
candidate_000661,661,9321661,e2b418db7e58837fb8ed047fa845de9ce83ff15a245573ae9ecca0bdc83785d6,da751d7d1e18a2c5021b8eccccf7cffe0be82d55b7ec0f3c6d8a6f90297f5be7,6680bb601049fc335676b8360a1b26c47a615e59c919647882cfbe8e9ec3c779,0,0.9298286437988281,0.4970203638076782,0.07463383322635234,0.07931782945736435,0.558271497162811,2291,16125,6.038411174159756,6.934536457061768,0.0963855421686747,0.5247536489113749,0.2,0.3333333333333333,1,20.646537154659672,27.26334519572954,59,0.0036589147286821707,0.9932403100775193,0.9955968992248062,12,6,3,1,15911,65,27,13,11,11,9,7,True,False,False,True,False,False,True,False,True
candidate_000662,662,9321662,2f344d026939929c7bd5adfe5ecfb9ce7ff382c1db961630aeacd5f0db618df7,3a050de4f8ec6dff374ec696bec01a4f9690e815b14fba730f35148821e015dc,1d942449fafdaf88d15ec981c61d2b7c8d04fcd7b7e9f9a6bc1ca1765a32d93a,0,0.8969917297363281,0.46976438164711,0.0579662547723634,0.06013628620102215,0.6163247490178961,2291,23480,9.248799650807507,11.904389381408691,0.21765913757700206,0.5788302680607862,0.2,0.2,1,22.584708738982084,44.54724409448819,78,0.003321976149914821,0.9932282793867121,0.995741056218058,15,8,5,2,23165,101,30,25,25,12,11,11,True,False,False,True,False,False,True,False,True
candidate_000663,663,9321663,e491c4f78800de8ef137e8d2b8249d24c37e87821775e69f746f1e0b5be8f2e4,d1c302510214edf5d0c1950864fadcc35b48a0683440f30a4485c6a0c03582f5,dcb66a0fe4f26f2aff1dab9e74ed529e0c6af671423e323ff3876ea345b7f33e,0,0.9113845825195312,0.4726024568080902,0.04677579365079365,0.050127578141611735,0.411610650371017,2291,18812,7.211261457878655,6.654850006103516,0.0,0.312552522484675,0.4,0.2222222222222222,2,10.616163153528381,17.697057051587414,77,0.004093132043376568,0.9803848607271954,0.9875611311928556,25,15,9,2,18019,306,68,50,43,37,30,25,True,False,False,True,False,False,True,False,False
candidate_000664,664,9321664,effadd063a806bb0dcf414bcb7149a1ad27bf44816e423a025cb1544d35e7f6c,468e5462befbb9882edec43f73a6f111b3f07032af6bbedafbd0f29ec36ffcff,007f0b877df44002a4e8b75b0c327f5be2f1c5de516c6ae94d45644c2f6e7d76,0,0.9303474426269531,0.4982350468635559,0.07653499971335206,0.08097288772972645,0.58271497162811,2291,16487,6.196420776953295,4.012269496917725,0.01927710843373494,0.5192829021140148,0.2,0.16666666666666666,1,21.419524039929758,29.94291338582677,63,0.003821192454661248,0.9879298841511494,0.9931461151210045,17,10,6,3,15746,344,152,46,29,21,19,17,True,False,False,True,False,False,True,False,True
candidate_000665,665,9321665,748659310b822f13d9bf07fda795cc65f76d5da9a612b8dc0525379da4a051de,a3f10bdfa8d047a37b487f1fcba01e6cb4ac46adabac9cfd9c350db11943eea2,2ae616c5ee9bbe3ff47c3a8ab3d5e2139fc49a53155576f85214177b7725a5dd,0,0.924346923828125,0.48429933190345764,0.055028991971454055,0.059343434343434344,0.4308162374508948,2291,16632,6.259711916193802,11.90595817565918,0.05060240963855422,0.3895654535617647,0.6,0.42857142857142855,3,8.562859914384793,10.985252674967484,61,0.0036676286676286677,0.985990860990861,0.9911616161616161,17,13,7,3,9262,5047,2064,26,25,23,23,15,True,False,False,True,False,False,True,False,False
candidate_000666,666,9321666,8855d7c8e6430db2d26a54c853b5d8a101fed331f93c6dbf0672135ed6f83b95,4bfd5bb4e3e16b397a7a4bf2e7e49c381d365b1851c1d959450d642328b9a9f2,14552cc5e54b73a8f36a67364fd19967639b391102c94c43c8869df5dd99402d,0,0.9407806396484375,0.4996912479400635,0.06704920609966987,0.07559376107763205,0.3723264949803579,2291,11284,3.9253601047577478,9.588909149169922,0.014373716632443531,0.27758763400052877,1.0,0.45454545454545453,5,6.445247425534082,4.4410646346934275,75,0.006646579227224388,0.8518255937610776,0.9736795462601914,23,16,10,8,3947,2774,2322,569,550,504,196,125,True,False,False,True,False,False,True,False,False
candidate_000667,667,9321667,7ab7acf98329087ec4966ab7825311bec106554fd5ba394f49ac337bbdcce532,60f789b4503af20111132591b963035ff7a02c1b379d738b53474e15c8430d7a,512bea7a296ed74690b07639175cdb1c95f5ead5f07873d20544e421af3a5585,0,0.9202728271484375,0.48495492339134216,0.061492196816508526,0.06522934770652293,0.5176778699257966,2291,18182,6.936272370144042,5.217652797698975,0.04578313253012048,0.417735608970049,0.6,0.25,3,13.546726858475784,8.136005924947169,58,0.0031899681003189967,0.9170058299417005,0.9815201847981521,25,21,12,6,12152,1921,1388,1212,637,364,97,75,True,False,False,True,False,False,True,False,True
candidate_000668,668,9321668,c91d39fbb77fa214d70e71366b38fadfd4220069e1978ec1d21ef2698f163e28,2d1302c5006f9bf0470ea9aecd6646c04da2f68b8b4618a9896684b039903f75,1d231f8ed939d8b6c7d3c9c7d0410c9afa6ef8007068853f815115b0bc89e423,0,0.9250259399414062,0.4919760823249817,0.07006407569315527,0.0751059186031583,0.5106940200785683,2291,15578,5.799650807507638,5.621716499328613,0.0,0.41642479704153684,0.2,0.2,1,16.73863646435874,23.128113879003557,75,0.004814481961740917,0.9870971883425343,0.9917190910258056,16,11,5,3,13587,1643,122,25,22,19,17,14,True,False,False,True,False,False,True,False,True
candidate_000669,669,9321669,5214586b255e9c7fe3f2f5f826ed4ffd5fdb5cc81f0d7b45ddb4c80b8c149e4f,bec05c815eece43ad7acdc508adf9136551c1c32600b9e5e337dd8757b3b3951,6f338f8979cecdf3c23ac6843aaf59568db218c268056b16de878d9191e2e23e,0,0.905548095703125,0.4736260175704956,0.055612770339855816,0.058353692914865626,0.5421213443910956,2291,21284,8.290266259275425,6.29197883605957,0.014457831325301205,0.4520833093508128,0.4,0.16666666666666666,2,12.797292187397307,17.268312421901832,106,0.004980266867130239,0.9726555158804736,0.9865156925389964,24,15,12,5,18548,1744,279,131,128,83,43,41,True,False,False,True,False,False,True,False,True
candidate_000670,670,9321670,b049635ef1fbe8a31bb41a1c93647889648dfb0f0cfee3fb36f660d1895ab38c,f7efb26ffabb6c49a55c705fc61333b4934b33c587926acfa8731e03151e1a2e,135ce473de4d2be4bd63f919ff416545b54beddeba463c91dbb2248a80130ea2,0,0.9267196655273438,0.49510347843170166,0.07444286391654813,0.07805336132132795,0.6167612396333478,2291,18103,6.901789611523352,7.9059906005859375,0.0,0.5605786746085991,0.6,0.375,3,6.772763970660748,10.822010377374097,54,0.0029829310059106225,0.9370822515605148,0.9906092912776888,19,14,8,6,10764,3963,1235,1002,539,279,96,55,True,False,False,True,False,False,True,False,True
candidate_000671,671,9321671,5d392f054ca0013634355264996f49868323000e6901a39a9c161e846782209e,a52bd99bed955cb12a7c4e381fbd5711f0421494381b239c166883b3e06698f5,a1226b23ed78b341aa1bfa4062ac72672c5c5af179ab11bce6d8d88524084816,0,0.94598388671875,0.5036585330963135,0.06929652466367713,0.07625289128758674,0.4316892186817983,2291,12970,4.661283282409428,6.317340850830078,0.0,0.34152993155997013,0.4,0.25,2,17.78009285157802,10.117507775940819,41,0.003161141094834233,0.9658442559753276,0.9875096376252891,22,15,8,5,8496,3641,227,163,115,86,59,21,True,False,False,True,False,False,True,False,False
candidate_000672,672,9321672,a313c9d5e9f2065c21961f9e9461971212066697a789cd7c2490110b6e179b58,1869735bc3b46b2cb34ed76499bc8374f553cdd12dc0168f3ac089f8d9339d65,bfdfa67dd1d83be7c10796bdc78567bcc65eb7324a8c8fac214c3bdcf9924b23,0,0.9396095275878906,0.5015258193016052,0.07238421955403088,0.07909138616088163,0.460497599301615,2291,13339,4.82234831951113,7.977223873138428,0.0,0.3802857378279699,0.4,0.2,2,13.909305885080524,10.02170258077171,96,0.007196941299947523,0.9696379038908464,0.9844066271834471,22,11,10,4,6993,4680,1030,231,84,53,32,28,True,False,False,True,False,False,True,False,False
candidate_000673,673,9321673,66c9a9a9ee51e86189aa734c73356af0a722ff6913395b93f5451fabc9bf7d16,c994475e6490bebe1c4d36ce4774fc38acb8c4901d64ffa032e39d55cacf49c4,5177708f5138219f8137ffd0d606ac564daa0d1e4edcc936f53d7ea97d3a62bf,0,0.9058990478515625,0.48001527786254883,0.06835023804595322,0.07021050393365937,0.7206460061108686,2291,23515,9.26407682234832,7.531681060791016,0.09856262833675565,0.6780619668035155,0.4,0.25,2,16.53532333533405,21.66743803456806,59,0.0025090367850308312,0.9877099723580693,0.9933234105889858,20,12,8,3,21240,1742,150,94,48,33,27,24,True,False,False,True,False,False,True,False,True
candidate_000674,674,9321674,73d9f4da91a306629d9b6e42b7aee12549f2cd5e90e001818d8dc2eb1a89984b,2cff9747718ef263670bc83ed0a93076698d142a3fac9637be48e4837bba6293,c31bc982dd33e2594a124cad51c99547bc4f4af4c189ef8f1ae4641ab2e1c387,0,0.9280204772949219,0.4841539263725281,0.050898537783234735,0.05514239071286051,0.3980794412920122,2291,16539,6.219118288956787,5.159409523010254,0.0,0.29231834300791426,0.2,0.5,1,18.464727089487155,28.035587188612098,53,0.0032045468287079026,0.9928048854223351,0.9951024850353709,13,6,2,1,16345,45,15,15,11,11,8,8,True,False,False,True,False,False,True,False,False
candidate_000675,675,9321675,b9976d7cfe03c9caf80939217e09e043c9997892ee36e32b063f59d5c9910489,f2acc8472c686ed6a1705e00150b4c84f3209b41b2cadc7089ae48a9e4c0c798,14f8166cf2b1bc5d2c23d409e39c685ace49e305c610dd2378eda20242d404f7,0,0.93524169921875,0.4973386526107788,0.06780354706684857,0.07438449449973808,0.43387167175905716,2291,13363,4.832824094281973,8.066206932067871,0.0,0.3267250960205705,0.8,0.23529411764705882,4,5.940926006944329,6.067372694413027,53,0.0039661752600463965,0.8485370051635112,0.9512833944473547,29,19,17,8,6501,3646,613,579,517,317,285,254,True,False,False,True,False,False,True,False,False
candidate_000676,676,9321676,317f5a0185fde4d6a6f6af3705a1a90709281ee5a4f061fd361cf6e506b0ff53,66b60a823b927b0b34f0f892072ae582b79ddda30eb5e68567b7c3a70cf4e9aa,41a5a710898b862b50b4e08900a456315a0a54fa9b5e91ca9b8ac69a53200642,0,0.9433631896972656,0.5046592354774475,0.07434893149178863,0.08108513189448441,0.47228284591881275,2291,13344,4.824530772588389,4.775206565856934,0.0,0.37450454927012583,0.2,0.2,1,17.25180076141878,24.498031496062993,34,0.002547961630695444,0.9892086330935251,0.9940797362110312,13,10,5,2,12980,139,53,28,20,17,14,14,True,False,False,True,False,False,True,False,False
candidate_000677,677,9321677,357ea58d25e6fe7c40a006ba696b2cc9d689e4d9a6577d0fcea2794a94e209a2,bcc843c5e36403c38fd8c4f7dfb322716188af6e280634eaae64799e9c4a8983,0ebc6c67e294bea40ff8e4793a74e94de89203198e85ef6965ee7ef5808215f1,0,0.9284172058105469,0.49226465821266174,0.066778143373429,0.07079949674024934,0.5403753819292885,2291,17486,6.632474901789611,10.068705558776855,0.0,0.47551447368129096,0.4,0.5,2,18.80439462911323,18.434149498435982,42,0.0024019215372297837,0.9909641999313736,0.9942239505890427,17,8,4,2,13895,3382,28,23,19,17,11,10,True,False,False,True,False,False,True,False,True
candidate_000678,678,9321678,1bb7aee1e5e7a7c8d6419a952ee9dcd5f3ad6b2534a5d10f68fe2dcfa5a28641,e42560db664a3cecb860a8710763c4fcae12364201b3663e83e9475afddabc91,df441463b4fa18041d7fe909dd36a50ad6e9069c2cad2cbfa322581dc25a9463,0,0.9226303100585938,0.4833998680114746,0.05500705218617771,0.05881038815973192,0.4596246180707115,2291,17905,6.815364469663902,6.2896504402160645,0.026694045174537988,0.36503619133423987,0.6,0.3333333333333333,3,12.774673764853256,14.72557698891194,66,0.0036861211951968722,0.9678302150237363,0.9901144931583357,21,12,9,5,10730,4578,1531,490,251,67,55,26,True,False,False,True,False,False,True,False,False
candidate_000679,679,9321679,d4859e0435be5c76f25ef4a8c02be1b8f67d8243bcd7fe3977fa79f6b9cba724,8e5c2496aa6c6c2e8005e5b393a0b70f7c7a3f35bed0a8f8961079bffbc8c1b8,53d85bc04ee0897fe19f4cf2d3e2e31b124e8f8ddd899eef9c1db7ad94630716,0,0.945556640625,0.511184811592102,0.08488549618320611,0.09328076503649023,0.4853775643823658,2291,11921,4.203404626800523,8.144548416137695,0.008213552361396304,0.3804796861411226,0.4,0.25,2,12.27546127104835,9.675792144957784,102,0.00855632916701619,0.9661941112322792,0.978021978021978,29,16,8,3,9898,1167,384,69,61,33,26,21,True,False,False,True,False,False,True,False,False
candidate_000680,680,9321680,194fc91f202dffd4604022afe45f4c797ec560da9ee64ab19f4c7afcef0ef69f,5c2938426284a3b8429193451256c2489c2fe030839548d31d0b54c62da7330a,8a4cb5c0b217da4d8178c9b5620be0353720ee98f0a91254f012511322a43ab2,0,0.9090499877929688,0.47163358330726624,0.047681579424017385,0.05051328792094407,0.4596246180707115,2291,20846,8.099083369707552,8.476167678833008,0.0,0.3537991985284902,0.2,0.25,1,18.35322531773064,27.70472440944882,59,0.0028302791902523267,0.9922287249352394,0.9950110332917587,13,10,4,2,14609,5965,70,40,17,15,14,12,True,False,False,True,False,False,True,False,False
candidate_000681,681,9321681,c471cc050f559de62aec67e53fefd95d976659f89908731fbd945c85a31aeb59,24f05dcad1545654c766704981ec64e6ee7cd2f55288e417a355c2c8ed463cff,30ba731c18aa4648e2304cc4bdea238e770e3d13e53d0efbf9adcb4faf0cb064,0,0.9251136779785156,0.47967788577079773,0.04515880017644464,0.04914786365818531,0.3574858140549978,2291,16664,6.273679615888258,9.684268951416016,0.0,0.2780489622536051,0.4,0.25,2,13.068636440480214,17.02502426922662,74,0.004440710513682189,0.983137301968315,0.9886581853096496,22,12,8,3,12646,3277,429,31,26,26,20,20,True,False,False,True,False,False,True,False,False
candidate_000682,682,9321682,ed0f29a4dbe4a05ea82aa817b65cc4a380764ccfa2c135f21c8041701dd2adba,c32eb7bfc970f24ca6504122d764b811cc34b8fb16120f47972ff7213bfd03ed,a607fe8ad58ddd5116a4a00325bfab44ba74f7c01efbd32f9e7de67718819489,0,0.8949508666992188,0.46495699882507324,0.05060745362009522,0.052904831373895136,0.5381929288520296,2291,23306,9.1728502837189,9.24445629119873,0.10472279260780287,0.5417802502897788,0.4,0.6666666666666666,2,14.330858407927998,22.185950864201523,72,0.0030893332189135844,0.996309963099631,0.9973397408392689,8,4,3,2,22860,280,70,10,8,6,5,5,True,False,False,True,False,False,True,False,True
candidate_000683,683,9321683,13b2cf8308eb20b424e0e76f5328a967db73c878d81fa248231fd51615599277,c772d1e354c2c334d5d884973bb5ac4d4ba6e7883d36625f8fbcfcdc81fbc35c,de2585455614ef143b6adc6e455711ba3be6a8f148ee43ea70260055dcc30514,0,0.9307136535644531,0.49823427200317383,0.07554980595084088,0.08146753156169352,0.5098210388476647,2291,14337,5.257965953731995,5.105287075042725,0.0,0.39813457014295994,0.4,0.2222222222222222,2,11.420573410529542,11.24347425288342,122,0.008509451070656343,0.9559182534700426,0.9824231010671689,22,13,9,5,12708,510,319,168,132,90,85,73,True,False,False,True,False,False,True,False,False
candidate_000684,684,9321684,208fb8b6ca1f73df090efc655ae6d8c11c91ae9a342a7398a79a26c8a74ace41,c3c6ee44f10df5b9f4a027545956bbaa595a7b22be759c0f1d1f705f59c96ae9,20a86bda988d3c271be28d7136674da079e3a7e197846bb789274a0f4a2ab16c,0,0.9310150146484375,0.49685928225517273,0.07277041724342495,0.07894736842105263,0.4818856394587516,2291,13984,5.10388476647752,4.311126708984375,0.07951807228915662,0.4163249395980707,0.6,0.25,3,10.1741666992403,9.642766692573035,82,0.0058638443935926775,0.9613129290617849,0.9726115560640732,31,23,12,3,7483,3812,2050,98,53,42,32,31,True,False,False,True,False,False,True,False,True
candidate_000685,685,9321685,70ccd385d6da1062026fff569a7686493c3d68651128e1affb4eb88b7b9ab76a,35ec9520913125ee05c722820651a8b46585d7a23f1849f91a84e2e0abb01bc6,b29127f6199f31ccc7ace5a06538037bd3ca1313936771610f35e46dd90ae7b1,0,0.8903999328613281,0.4631090462207794,0.0521663982401697,0.05421735935331101,0.5796595373199476,2291,24494,9.6914011348756,9.289630889892578,0.0,0.5002370870576787,0.4,0.4,2,15.419300207362522,34.824546974436416,114,0.004654201028823386,0.9898342451212542,0.992692087858251,18,10,5,2,16654,7458,73,60,26,18,15,11,True,False,False,True,False,False,True,False,True
candidate_000686,686,9321686,64ee5221c1177bdc284b7bd98abd5c5800b8b8dc097dd25c2b35b95c68458612,c41ff86e05614ac7299d7c3675c35903f5c107621fc4b2147c88bd10f347fd8b,436d2c1185dcdb404ecf9f0343b71675eb7512713e4eb444ed7f4b4ff3f07c85,0,0.95050048828125,0.5136963129043579,0.08424278666467334,0.09227116423775995,0.4919249236141423,2291,12214,4.331296377127892,4.9971466064453125,0.0,0.38506285420061176,0.6,0.3333333333333333,3,6.1583092060857085,7.023568947315018,64,0.0052398886523661375,0.9033895529719993,0.9906664483379728,16,10,9,5,3445,3387,3234,968,902,70,67,27,True,False,False,True,False,False,True,False,False
candidate_000687,687,9321687,0ecf6b4fae02b42d5fb299540025965823624d259bfc7c6ed539f4fce81feb27,5e8504bb32d690d7db357f9e468e533a2c7802d61c03ea0133121343c1b225fb,c012d459ee8828b8076f4a9f097427139918f064e52b8cfd616623cea05a5188,0,0.9354705810546875,0.4964151084423065,0.06694141889902855,0.07182111047943908,0.49628982976866,2291,15831,5.910082933216936,4.117246150970459,0.0,0.38546680803639477,0.4,0.25,2,11.21150049307492,13.143433432457467,40,0.0025266881435158867,0.9573621375781695,0.9935569452340345,15,10,8,5,7312,4479,2071,1294,411,61,61,40,True,False,False,True,False,False,True,False,False
candidate_000688,688,9321688,39e4ba9c06a6f5bd74294d3798f4c178befa164311b8d1707ccf37f5c0d81342,b7d190623b46321f66fd4e786453ea65ac49cb2fb1353d84ec85a78ab7455929,76d7c6535985419be9a2e119ddf69df149da47ca313a7aba806db18439a397f6,0,0.9431190490722656,0.5005764365196228,0.06641659311562224,0.07396788990825688,0.3941510257529463,2291,12208,4.328677433435181,3.6166539192199707,0.008213552361396304,0.3276580536505292,0.6,0.1875,3,9.06375256296826,6.352560468559755,129,0.010566841415465269,0.9045707732634338,0.9501965923984272,42,24,16,6,7905,1832,881,425,218,173,91,75,True,False,False,True,False,False,True,False,False
candidate_000689,689,9321689,8abcc78af4fd4592b6141ebdb02bf445032370c4c05eb77cbd2dbf14250874fd,b608d466c291a56d286455bcb16fcdcd595e1ca531043ebffba5b567758b27aa,1bb509e8b224d850c5df2194fe47f38f8fa4353d1948d2a24bf8aee1df144af2,0,0.934234619140625,0.49162089824676514,0.058716376221992835,0.06384945526576428,0.42208642514185946,2291,15145,5.610650371017023,5.772579669952393,0.0,0.32452990613366217,0.6,0.75,3,13.613875925060983,13.695694158739101,34,0.0022449653350940903,0.9953780125453945,0.9980851766259492,9,6,4,3,10106,3910,1037,22,18,12,6,5,True,False,False,True,False,False,True,False,False
candidate_000690,690,9321690,6422171ad79ee82ff668b97c9b47270aeb4bc8ed8e2b56a2706e8b9d423445c3,9cbcd34390bbd262249e45a7282079dd8bc8dfef4c7bea82b3f22d7f7642ad13,8b18b430bf5d923ed267b30ac249c0f5f33fbe1fdf1328016b861cdc663b20a9,0,0.9458732604980469,0.5084693431854248,0.07907680665909951,0.08730888127663129,0.4561326931470973,2291,11969,4.224356176342209,5.230650424957275,0.0,0.34156295923207813,0.4,0.2857142857142857,2,13.213339512425515,10.924328474625847,57,0.00476230261508898,0.9537137605480825,0.9888879605647923,19,13,7,5,5526,4111,1437,341,338,43,25,15,True,False,False,True,False,False,True,False,False
candidate_000691,691,9321691,c2ab74e425eeacaaa3242c95afdf9f353cd77680e39663342ec7f62ebb792e69,754bf27562bc25666ca16b8c1114dc8b1d79ad2b0cdc47783c8ff2e018a5d406,3c0f782a11b72e191516fc6260316c94d77b8ab8dc25b70dd3edff8abd7d4e38,0,0.9422950744628906,0.5050491094589233,0.07633973710819009,0.08380907072629241,0.46137058053251856,2291,12612,4.505019642077695,6.721080303192139,0.07228915662650602,0.38178630164481137,0.8,0.3333333333333333,4,6.449848037759261,4.670577099468354,102,0.008087535680304472,0.8983507770377418,0.9712178877259753,29,18,12,7,8899,1141,665,625,323,290,247,59,True,False,False,True,False,False,True,False,False
candidate_000692,692,9321692,ed2e1b78f603b6759844579a1f5580cc9404d57bd7d49cb1f148068f19145db8,ee32a9d686a1f98f83df152a4d9622f9b43390aab10a89834db0ad533bb39dbe,6fe9a429706c5fea0b06c231d71c4be06b78f2bfdbbcadaad1aec0b42489fc1a,0,0.9097175598144531,0.47645655274391174,0.0565963320844015,0.05997596781777337,0.5010912265386294,2291,19141,7.3548668703622875,8.829325675964355,0.03614457831325301,0.40814228044682144,0.2,0.16666666666666666,1,19.691411149548788,35.773622047244096,98,0.005119899691761141,0.9835431795621963,0.9879839088866831,26,16,6,1,18708,44,39,35,27,22,19,17,True,False,False,True,False,False,True,False,True
candidate_000693,693,9321693,e3bfe6c3a58fec4b4b6dc13e9b59e34b602580b06a8523efc1668822898b9094,51ad196b7fb553439148444b66cd7ef347a6d2b4be844073d7d617a7ef5bf70a,291852d020fbc48e7b7c0295a6fb1c8f82187ab6c70daaba2482358e7c9df098,0,0.9154853820800781,0.4714395999908447,0.03971331218423217,0.04387616018692802,0.29506765604539503,2291,15407,5.725010912265386,13.460908889770508,0.004106776180698152,0.18865703397287323,1.0,0.5555555555555556,5,7.772734545282601,5.1440252353789235,59,0.003829428181995197,0.9826053092750049,0.9904588823262154,16,12,9,4,5138,4360,3806,1835,33,32,30,26,True,False,False,True,False,False,False,False,False
candidate_000694,694,9321694,561c4e998bb90bb44053781fdedb6fc310cf9d1ad991934d3eb7d92663fbb895,65af2dbbe29ed1a9238c7f9e5d1a594b6a6f54d4cb2082a940bf19a49f7f6d32,dadafffa8dd93b17df6f90c1a356f9046f971973806dbbfefb4f9070946ac971,0,0.948455810546875,0.4999314844608307,0.058970856102003644,0.0666266506602641,0.33915320820602357,2291,11662,4.090353557398516,5.454184532165527,0.0,0.23667799205303397,0.2,0.08333333333333333,1,13.954158618857969,18.20275590551181,55,0.004716172183158978,0.9308866403704339,0.9822500428742926,17,13,12,7,9782,540,319,215,198,185,117,99,True,False,False,True,False,False,True,False,False
candidate_000695,695,9321695,534538e474b1d22d6b34afc63c65cf732e21acd83bffd82ff0bc2b61d3a182d3,bdfb67eaaa5e05489890ccf81bf0fb34ba0b514bab431ae76a141b2cf203e83b,7d7963d7ef1203429897fa68240fcad0f6c5aa80c5aa7edd311dba2575ba63e0,0,0.9602890014648438,0.5345773696899414,0.11478002046321273,0.12729523416546318,0.5386294194674814,2291,9694,3.2313400261894367,5.651095867156982,0.0,0.4397187425140841,0.4,0.25,2,14.017026671364357,7.510624666526541,72,0.007427274602847122,0.9589436765009284,0.9785434289251083,23,16,8,4,7566,1062,336,332,78,61,31,20,True,False,False,True,False,False,True,False,True
candidate_000696,696,9321696,844e1dca732c1b7a808eb7dea0a3bf2493bf27124dbb0bc10d595669c65b5d6c,4428cdfae15ab9a1adff712b6d25c3688ede23e66cd802f2b396eb40d29be87b,b98a56fcabbb13cbb2898b54b77c70d8f3d35dda31751176f836b68a91011b8e,0,0.9312515258789062,0.5011762380599976,0.081388354186718,0.08625525946704067,0.5905718027062418,2291,15686,5.846791793976429,9.039867401123047,0.0,0.55175142980129,0.6,0.3,3,12.393741349947797,13.19461875722367,65,0.004143822516894046,0.9568404947086574,0.9869947724085172,21,14,10,7,9504,3899,1363,243,205,116,110,42,True,False,False,True,False,False,True,False,True
candidate_000697,697,9321697,420754e7a4f64c66d755edf370408f4275c2578ddad504135a4c2b428c042761,4a0e85998d77ead714ff708212318ba96bb392e34636767ab60b82c3c0c2c75d,9db5935c0407dab8782ee37b4317930e58d3ff2ab349ce5be4ad4a07876ed53b,0,0.9069404602050781,0.47200772166252136,0.05088505591018154,0.053723353407895996,0.490615451767787,2291,20922,8.132256656481886,11.920506477355957,0.030800821355236138,0.40488843523556806,0.2,0.2,1,22.130694021709896,38.93503937007874,94,0.00449287830991301,0.9902972947136985,0.9933084791128955,18,7,5,2,20314,310,73,22,22,19,13,9,True,False,False,True,False,False,True,False,True
candidate_000698,698,9321698,702eb466417e502cf3885b380a9330dc8791522ca6ffa34b52a6eaea163a4058,dec42acb732c1350f6bd02e7df72781c6ea63bc23f2ccc019e1e8e997427ab1f,aa447a5764aa10569e75ac2487983320c55efb251f1709c9a78c2cce58ee13ba,0,0.9524612426757812,0.5085837841033936,0.07156705723678665,0.08147010843489108,0.37058053251855083,2291,10421,3.548668703622872,8.150430679321289,0.0,0.258359143620725,0.2,0.047619047619047616,1,16.64694743795294,16.16732283464567,54,0.005181844352749257,0.9148834085020632,0.9428077919585452,28,22,21,4,8748,422,234,130,91,77,62,61,True,False,False,True,False,False,True,False,False
candidate_000699,699,9321699,020aa2c9084f076562792ff6dab8087209e9cef7cc190a0ea66f1706c3d94011,f00d8911d38a1d66fa24384a98849620f02bc42301d39342707f700227cb4188,eff65ff2b6916b286a7ad224a891e2a0ad5dd7bcf8cc1f33bc3467e54cf827cd,0,0.8921928405761719,0.46526411175727844,0.05450327095694508,0.056341904537233624,0.6254910519423832,2291,25434,10.101702313400262,10.683730125427246,0.09397590361445783,0.5616599664000058,0.2,0.25,1,25.525591786144034,48.446850393700785,75,0.0029488086812927577,0.9932373987575686,0.9953998584571833,15,8,4,1,25146,47,38,31,16,15,13,11,True,False,False,True,False,False,True,False,True
candidate_000700,700,9321700,3893426753fff1b19c3850ca4b2dcd3a422c42ef57d36721973daea7af61814d,dc4b871514647b92ae2d28fe1c8c70024709d3ea544260270a05353f57c02a1b,0e337f11c7195f831a3c352cfe10ef18ebb1e2cd27da2830e256d932a3e6fbcb,0,0.8875198364257812,0.45590442419052124,0.04075150106527213,0.042805989583333336,0.4591881274552597,2291,24576,9.727193365342645,8.492341041564941,0.0,0.38317918515090554,0.2,0.3333333333333333,1,22.444798779099084,41.54270462633452,96,0.00390625,0.994873046875,0.99609375,10,5,3,2,23936,432,66,16,10,7,7,6,True,False,False,True,False,False,True,False,False
candidate_000701,701,9321701,704df11fd44022b23c1f5dbbadc033709f976985c8847795d8729992a1e9228d,07ebe131f614590c31c12a754b5ee97df9e662da133ff217ee0e7b8fe5c75ae4,a3a59da017212d5b716c9600d31a8000fc71f6c5530df6863c007653e951f3b5,0,0.934906005859375,0.5040601491928101,0.08265964780347183,0.08802135468802136,0.5757311217808817,2291,14985,5.54081187254474,10.804965019226074,0.0,0.4984803801751363,0.2,0.14285714285714285,1,27.000967672233944,27.246062992125985,36,0.0024024024024024023,0.9857190523857191,0.9937937937937938,15,10,7,2,14376,305,47,43,39,34,29,19,True,False,False,True,False,False,True,False,True
candidate_000702,702,9321702,f0aac7cf179485a093ae0f3016e20bb23a59423bc6cb1ead147fb62596b12041,97b1dbf55c79ca33fde9a2fbfd1d6a1707bc9d0f2f82a4fdb43dc545afafeb21,d747532896f9b1053690f732fc3e9385e96e1c09a5b9e9634fe4aa2aebd62c0b,0,0.9155349731445312,0.4859462380409241,0.06902086677367576,0.0720780210291055,0.6193801833260585,2291,19687,7.593190746398952,6.245068073272705,0.0,0.5407920829578396,0.2,0.14285714285714285,1,17.545460892858475,33.263345195729535,62,0.0031492863310814243,0.9907045258292274,0.9948189160359628,15,8,7,2,19283,121,68,32,29,20,20,12,True,False,False,True,False,False,True,False,True
candidate_000703,703,9321703,5b2625878aab60fcb41902374d97963ec1cbb03af557253a5770c0cea1154297,2ca022b8955c3601baf15cc69edc96fa5c8009f2167a466e6b3ad35037fbbe62,e6caaae1aa955a3145c947302efac394f4c15218f2a210be19b67f6f4b0ef876,0,0.8869285583496094,0.4561830163002014,0.04224389190745205,0.044012896453475295,0.5124399825403754,2291,26674,10.642950676560455,8.85448932647705,0.02891566265060241,0.4180283290336003,0.2,0.25,1,24.036641964829798,50.86614173228347,76,0.002849216465471995,0.9922021444102872,0.9943765464497263,18,11,4,1,26375,37,33,21,18,16,13,11,True,False,False,True,False,False,True,False,True
candidate_000704,704,9321704,39449242017547a4fd45fea2498ffc3b99b9b3ec26f6824f71d2fec0db476cab,40d3ee3ae29967e3f036759dc565412fc438eeeb1bd6674ae67742f2e93d95e0,16a0b86151b62b6b21ab92809c204f71646abac9fc9e65b7878a56be4ecdd577,0,0.9250717163085938,0.4922976493835449,0.07054205391675807,0.07518149378614494,0.5333915320820602,2291,16254,6.094718463553034,6.986159324645996,0.0,0.45082617543311754,0.2,0.16666666666666666,1,17.23724403102891,25.14946619217082,69,0.004245108896271687,0.9816660514334933,0.9888027562446167,24,14,6,2,14723,1088,82,63,51,33,17,15,True,False,False,True,False,False,True,False,True
candidate_000705,705,9321705,b59d4fcd3b87fcefec7baf856f4ae005b42a8db0f82cb2b584531a9cf4a62c21,9c109d95972f51cc9683750a4316405b16ec7461bebb1cf095a263dd41e345ca,8659a6de3eff224fb5f7272ea255a9e835ee0d980b7f19d15253737e511c2205,0,0.8889389038085938,0.4613924026489258,0.0499867759851891,0.05267313855729481,0.49498035792230466,2291,21529,8.397206460061108,12.303773880004883,0.02053388090349076,0.4148731317686553,0.2,0.16666666666666666,1,26.476268170727515,40.3503937007874,80,0.0037159180640066888,0.990524408936783,0.9945190208555902,14,10,6,2,21033,156,85,51,31,25,15,15,True,False,False,True,False,False,True,False,True
candidate_000706,706,9321706,eeb6e9c2e5bdc0283d0fed08db07fb0a4718feb6a686b514e21c0ac2ea0b1e47,424f58a5a06a5e1f265528dbf4842c78dec2bc1dd17ced88bdd93053c0e60ac5,6dd96ae95e390d08cfba432aa11e43f063c12469c1e3b92a53cdc78d76d8cd93,0,0.9230232238769531,0.48380836844444275,0.05597867479055598,0.06010514018691589,0.44914884329986904,2291,17120,6.472719336534264,9.469819068908691,0.01642710472279261,0.3430345414273919,0.4,0.25,2,8.319840495504785,15.509572146855138,74,0.004322429906542056,0.9844042056074767,0.9917056074766355,15,12,8,3,15819,699,276,59,50,28,26,21,True,False,False,True,False,False,True,False,False
candidate_000707,707,9321707,8c4ed4d04fbbb8da118125b24db004b820713779ca5cafae2690fa4445396511,35eb3bfbfb86733f22bf51e6f4a60352fc81899620539bd5f90d2ade47ecd73b,120e42c64fe08c1b3d098ce6927f343522aa76634f90b64bf0502661867a750b,0,0.9451980590820312,0.5119689702987671,0.08690391459074732,0.0940677966101695,0.5329550414666084,2291,12980,4.665648188563946,7.970083236694336,0.0,0.43152262649598416,0.4,0.18181818181818182,2,3.7544297462880314,12.635381835832163,39,0.00300462249614792,0.9756548536209553,0.9843605546995378,23,16,11,4,7699,3557,1249,159,33,29,26,25,True,False,False,True,False,False,True,False,True
candidate_000708,708,9321708,54f583491efb77899bfb5cc38fa2cc3d1a14bd816e9b7a331390132603fffd71,507796685c8fb4f9e4201b59191151950860eb7c4e97248edce04a4a3252bafa,b24d8360ba3975d559d71e7c7fd96ee1b623f00404e3b5f556ecc6240bb3c012,0,0.9217071533203125,0.4850669801235199,0.05975641357864732,0.06350167979291733,0.5032736796158882,2291,18157,6.925360104757748,9.093496322631836,0.01927710843373494,0.401429876990357,0.2,0.125,1,23.258175751687702,33.79133858267716,53,0.002918984413724734,0.9863413559508729,0.9931706779754365,16,12,8,1,17701,80,71,57,51,26,24,23,True,False,False,True,False,False,True,False,True
candidate_000709,709,9321709,e8e3afba9f31104dc2c9e8a29eb4cafc3484a1185be2e36e9c02f363aeb148cd,cb589266a42ee60b8a8d0c646dfdfec48a85f75350a8827be631782fd1705810,da0402332ef8feab2742aa6ed9b395afb46f2ec1f7b0ef6eaccf6d28494b2b15,0,0.9140663146972656,0.4774877429008484,0.05367848677789655,0.0566704283401207,0.5041466608467918,2291,20381,7.89611523352248,5.019608497619629,0.0,0.3931719731398605,0.2,0.16666666666666666,1,17.159589967192563,32.07473309608541,58,0.0028457877434865807,0.9919042245228399,0.9952897306314705,12,10,6,2,18615,1503,59,39,23,22,12,12,True,False,False,True,False,False,True,False,False
candidate_000710,710,9321710,b24cc44f803c92e7000b3ea63f75293a5282079006222124d4dd4ff5b93e38a9,5ecd16fcdab0a728bb3154166572dc1b9414ea25fa609a8e10c1f91b3581a295,58c9ed3c5bedadf96ce5d6316ad3d9474d9364d4c0334124d9b3524fb710e278,0,0.9301223754882812,0.48773911595344543,0.05550821667681071,0.06059398046641419,0.3980794412920122,2291,15051,5.569620253164557,5.645175933837891,0.0,0.2870308875039962,0.6,0.25,3,7.016856716551676,8.343369449427245,104,0.006909839877748986,0.8546275994950502,0.9714304697362302,30,19,12,8,5585,3614,1978,1686,910,407,304,137,True,False,False,True,False,False,True,False,False
candidate_000711,711,9321711,49eac287e7c5a7ed66d10742d6398e3aee9524df29e3020f37e0831f1e529f85,438ddae4cff2a341a939a69ae6366857a3dbda1bf7f704ec786a03b064b57795,6677105f67c65f2bd305340e650278406f8bcdf0fb260e2b54e40eafc16c1a9b,0,0.9397850036621094,0.5003734230995178,0.0698782424563261,0.07609713915111335,0.4609340899170668,2291,13877,5.0571802706241815,5.452116012573242,0.0,0.36100729971752316,0.6,0.25,3,8.400576894704015,10.953623705497302,44,0.00317071413129639,0.9634647258052893,0.9853714779851553,18,14,12,4,7319,4972,540,539,92,90,62,60,True,False,False,True,False,False,True,False,False
candidate_000712,712,9321712,b70dc56df65232955cc83fbf3aa08539aa867c822423543aecbcdf8a59ee302d,1991e9979007e5100522bfb8a9e8debf8deed68083a095d7fcfda2dd7dd53f59,09034f9b4b190218100899a740be7bc56915416b899033dca8ff9913f9d0dd8e,0,0.9323158264160156,0.49358275532722473,0.06469933836875695,0.06952746492166363,0.4823221300742034,2291,15893,5.937145351374945,6.556391716003418,0.00963855421686747,0.42051811767111175,0.4,0.25,2,14.186169811389743,15.945124582029985,61,0.0038381677468067705,0.9850248537091801,0.9920719813754483,13,12,8,2,13212,2321,66,56,38,31,23,20,True,False,False,True,False,False,True,False,True
candidate_000713,713,9321713,9649eb24789e264f784c9e5ec945deceb5c327306a9d75647b0cbf1e2147d744,39594fa9b3e1e294af48f21897bfcfe8ed44e1a748914c3eed48aba0153d8717,3293a8d952f3da3199bec944c5300a6ff1662966aed8ac8fac4c4f2509acc0e5,0,0.9427032470703125,0.49823981523513794,0.06219447995788524,0.06988929265613116,0.36097773897861196,2291,11833,4.164993452640768,5.112366676330566,0.002053388090349076,0.277823111814546,0.6,0.375,3,13.759487721571068,8.174322482705891,62,0.0052395842136398205,0.9804783233330516,0.9881686808079101,18,10,8,3,6734,3205,1635,28,24,23,22,22,True,False,False,True,False,False,True,False,False
candidate_000714,714,9321714,d0ca1c2ba0d2d56e44fa29826c4ac3f2a60bc734107dcdae7cada9b14f29ddf2,d89103dc86499f9177eb8496bfe381f76ca51059fb5d073c7b91f48b80536f13,a81c8e8cc3f460d5bacb5b761510cd2bcf19a29fd614576ec47773e6e6c865dd,0,0.9424934387207031,0.5094577670097351,0.08463588561550098,0.09203415054437221,0.5128764731558272,2291,12767,4.572675687472719,6.401153564453125,0.0,0.42152910387854864,0.2,0.1111111111111111,1,18.033478487605223,21.496062992125985,48,0.0037596929584083967,0.9770502075663821,0.9917756716534817,14,10,9,4,11455,517,311,191,66,45,45,32,True,False,False,True,False,False,True,False,True
candidate_000715,715,9321715,dfcc50f26ce918d2faf8ab61bb668f7bb1b5712c2b43f42d1aee3d5474a05a60,e15ce7112d9cac256d3292f2dbf7f5477badc8efca8937a5ab695905f0c50dbe,fef5a7c35f023ada3965628627bca6e1001e6afd505eebed2d66d46a30d1b92c,0,0.9295730590820312,0.4952237010002136,0.07132596340016238,0.07684026375992464,0.4984722828459188,2291,14862,5.487123526844173,9.068143844604492,0.0,0.3977445007854607,0.6,0.2,3,12.049957977295042,12.35007522916458,74,0.004979141434531019,0.9485937289732203,0.973085721975508,30,22,15,5,9239,3317,1093,449,211,68,43,42,True,False,False,True,False,False,True,False,False
candidate_000716,716,9321716,a0fce4d9de7b491cdeb599be293d89ff3211056fff6f6184093dd40f7bf56941,4bd72314de4d85cff84f23185be16811583610ecaa794f61688df794d1bcdfaf,074b7c613b164511342c9e859936e012d2e5beda8bcc18bf8e94b0c2062353f8,0,0.9367256164550781,0.4946804642677307,0.061986511342734515,0.06726546906187625,0.44129201222173725,2291,15030,5.56045395024007,9.542486190795898,0.0,0.3606410043573017,0.6,0.3333333333333333,3,11.472481193642743,8.578291210788946,48,0.0031936127744510976,0.971789753825682,0.9862940785096473,23,16,9,4,8118,5688,633,167,72,59,44,43,True,False,False,True,False,False,True,False,False
candidate_000717,717,9321717,3021db354007ea80af419627fce65deac4411c510a97242d282cbbbe16f6965a,6c0b7e35accefe6bd7b852ec3921dd5a19ab44ae99148cc7e83714f457dbb099,fc7b5da487b120f86fb5fa7c5f4cec488a1a546d805235c80f9520311ae2c601,0,0.9133415222167969,0.47929322719573975,0.056934980944681836,0.06157497033660151,0.43037974683544306,2291,16013,5.989524225229157,12.984353065490723,0.0,0.32366930164876684,0.8,0.4444444444444444,4,9.979348604966356,8.50398151149589,69,0.00430899893836258,0.9797664397676887,0.9883219883844376,20,13,9,4,10585,4303,439,362,48,47,21,21,True,False,False,True,False,False,True,False,False
candidate_000718,718,9321718,3a37f2289e13aa0011732c1acafe3c72cb9bebe3ef77f84441d1bd2b27f0d067,60793e6884630d64b52d1e0831e3edf23f79bf9fedd2cbfd56f44ddf6488e5d6,c602f79a2164a5d356a02d8bc2d2cc07d39f0f08ce0bd63d05f4816cad92e259,0,0.9040145874023438,0.4725380539894104,0.05542799597180262,0.0575491426181514,0.6006110868616324,2291,23910,9.436490615451767,9.447029113769531,0.02650602409638554,0.5104173673825158,0.2,0.25,1,21.629293028077264,45.318897637795274,75,0.003136762860727729,0.9913843580092012,0.9937682977833543,18,13,4,1,23557,67,47,33,15,14,14,14,True,False,False,True,False,False,True,False,True
candidate_000719,719,9321719,3889fb6942bb89403f4d776011c603baf87eee1f7d56e95a6e0312d141ebeedd,1db9e03f97d2089dd21a88adfe978723c7923f6bcba78c955ba25334aae6f637,94d870db9f3ad36070d2c1b3b4a24ba25003577ffa7b5e300e69f0a4371905b0,0,0.9282112121582031,0.49604469537734985,0.0743032081127623,0.08005222290936577,0.5085115670013095,2291,14553,5.352247926669577,7.739368438720703,0.0,0.41895111166522214,0.6,0.25,3,13.501611092132263,6.56315357993055,73,0.005016147873290731,0.9441352298495156,0.9758125472411187,28,18,12,5,6267,4709,1635,1129,242,92,67,60,True,False,False,True,False,False,True,False,True
candidate_000720,720,9321720,294fe980c7d33ea823cc7e8051ef3121c84cf2f427b547584ba28b8a7ee331ca,b5aa0a6e0266ebc1ebbfe4ea337654efbfb6776abc5a25642b818cd97a5ec39c,3be2a038b65c2affac02b71adc647634ee68b2a47150f6ce612366afabdbb5b6,0,0.9583053588867188,0.5317588448524475,0.11137917169280258,0.12641186537364518,0.4836316019205587,2291,8765,2.825840244434745,5.041075229644775,0.0,0.401564981977043,0.4,0.2,2,4.529495003466356,6.298646316470715,85,0.009697661152310326,0.917969195664575,0.9704506560182544,26,14,10,7,4669,1598,1367,412,157,122,107,74,True,False,False,True,False,False,True,False,True
candidate_000721,721,9321721,326724ebba833b16e4212e11e5c3b7d9ad9585dd8b1ec52e7a6a5975b757ffca,a1f1c37e585651e4cdac785e94da1ba590a3f7fa845ce24955796bd0751b69ed,2a644f4cd44c73788c80cae07c4c726ffed6a0e62d97ff474d42ca3946c5cf77,0,0.91522216796875,0.487469881772995,0.0724006532389766,0.07475759988758256,0.6966390222610214,2291,21349,8.31863814927979,6.410092353820801,0.016867469879518072,0.6519224843179021,0.4,0.4,2,14.341615913254016,20.42640642519378,54,0.0025293924773994096,0.9945196496323013,0.9971895639140007,13,6,5,3,17671,3350,134,77,25,16,9,7,True,False,False,True,False,False,True,False,True
candidate_000722,722,9321722,12faf9f7948f4d7fadcf04b5729549ba404ac19f0ce4ad1c265493026af24fde,e4a05facd75b6bb3c19903187b888794dc64b4f400b8977d6a3d2613815b814b,728b91fe697eb8c014631c19f5e7f6ec7c5a1388f41cdf244200bfff4f9bd58b,0,0.8982467651367188,0.4646958112716675,0.04623415361670395,0.04859992161302966,0.48712352684417287,2291,22963,9.023134002618944,8.89616870880127,0.1704312114989733,0.4073604263248761,0.2,0.2,1,22.41278177242167,42.854330708661415,68,0.002961285546313635,0.989766145538475,0.9925532378173584,21,14,5,2,22305,314,84,25,21,17,14,12,True,False,False,True,False,False,True,False,True
candidate_000723,723,9321723,1035fb808cfa69147a3b5f628412f1e50707c128ca1579ba08e6c0cef4ff4e2c,146ced1567d412b06616b0c19ea10fd2a432ad9b617be3c85aa8473e73943e7c,d7b18e1529693f44d5f4340b94389b524531ede6d997512cbd6b88ee268b4747,0,0.9239883422851562,0.49732711911201477,0.08194301848049282,0.0876458476321208,0.5573985159319075,2291,14570,5.359668267132257,4.148110389709473,0.0,0.45859775323908897,0.2,0.14285714285714285,1,18.314098027723094,24.19572953736655,81,0.005559368565545642,0.9833905284831846,0.989293067947838,19,11,7,1,14187,59,45,37,29,23,21,13,True,False,False,True,False,False,True,False,True
candidate_000724,724,9321724,7ea77da13792af2e611dac0e4ff466c43a6b4ad3cc7ab92afcce8317dae3c126,4dd1904e297db4552a37d179274d6d2218b5177ce92e4fdb25f0c1272207c088,36e0372079a05bf24d7381ef73ab975367e034412a29e767f3df7c658f50a5b0,0,0.9483680725097656,0.5072481632232666,0.07353157662299425,0.08125915080527087,0.436054124836316,2291,12294,4.366215626364033,7.5008111000061035,0.0,0.3354377963333142,0.2,0.125,1,14.755965365408954,19.80708661417323,39,0.00317227916056613,0.9838945827232797,0.9932487392223849,11,11,8,3,10597,1293,145,61,34,30,27,24,True,False,False,True,False,False,True,False,False
candidate_000725,725,9321725,b1ccc804d9623386bcdf90f920beb77051e0c8a33a31023145b1363e5c967fc9,5423786d6d2f7b6e814e91f39dbcd5e115ceeb4a95bdedb9d3b6ee05620ec74a,c0ad1117ec7eaa7a110623ca9e5cc8471a706b2a3fcfba3834d3c891292c571d,0,0.9350204467773438,0.4955707788467407,0.06571675877222186,0.07196500182282173,0.4308162374508948,2291,13715,4.986468790920995,9.524151802062988,0.0,0.32900727490340553,0.4,0.2857142857142857,2,11.383274956605295,12.777815230287995,52,0.0037914691943127963,0.9811884797666788,0.9886255924170616,18,13,7,3,6003,3784,3595,75,42,21,20,19,True,False,False,True,False,False,True,False,False
candidate_000726,726,9321726,1288a325bd43d2619a7a880c6421ff144d9dfa20ee9b6c9c18f0c31baa968d17,ce296e5e058969c3c7b45c743f9616eb98276f5574fb652554d12cbf41b6a2bb,842a4ce433210f86fc2b6864b2d13b3a9fe4383a299487531f8f101b1227e926,0,0.9218330383300781,0.48688697814941406,0.06357172731074864,0.06735722594582617,0.5307725883893496,2291,18053,6.879965080750764,5.880727291107178,0.0,0.42574143793814,0.2,0.125,1,15.163002025196597,30.25984251968504,26,0.001440203844236415,0.9849886445466127,0.9933529053342934,16,13,8,3,15907,909,900,66,53,41,32,25,True,False,False,True,False,False,True,False,True
candidate_000727,727,9321727,d0edddcbfd4df976270fc1f1c1c223296fb0d1537324ef6a058e206b7b933a3a,ccb052284e8ecd55e31430d5c3bd1e7dcc8a21285e618e7b0336d2bf62490e45,face185aeed69a8016aad84facbb44ef9a387de091b8a0ecc3e73338bf4a059c,0,0.9410362243652344,0.5016965866088867,0.0711139081183134,0.07671939710774663,0.4932343954604976,2291,14729,5.429070274989088,6.2435455322265625,0.0,0.3851776763555791,0.2,0.16666666666666666,1,21.83212531931189,27.316929133858267,39,0.00264783759929391,0.9896802226899314,0.9954511507909566,12,9,6,1,14412,78,60,27,25,24,18,18,True,False,False,True,False,False,True,False,False
candidate_000728,728,9321728,ec01d82bf264439639091249a8f514df2eac69760aa5046c68851622d04f6c25,3df0518bc2b247333c48929a75ef660c659a8822e3c22599933dedf74a2fcd6e,781cc49fd2026cf7decaeb6dcd596e3d9949218df2ca883e934bbe620629e634,0,0.9241752624511719,0.4812310039997101,0.04947088568002919,0.053192085645423465,0.4142295940637276,2291,17841,6.787429070274989,7.506283760070801,0.0,0.30682094585784014,0.2,0.16666666666666666,1,17.179079599936248,27.950787401574804,50,0.0028025334902752087,0.9878370046522056,0.9932739196233396,18,11,6,4,14734,2374,296,220,44,25,16,12,True,False,False,True,False,False,True,False,False
candidate_000729,729,9321729,8a013ebd247c46a621a037dc3f34d23db9e37484e45fd73e1ac3cd745334f40c,6986d99d729ca8b4f415c464a6bca976737fba96da75e8f05978d708263ebc9e,7f0a1d215a4b9410b6bd698a2444c112645c1d15cb27981cea18dc481ae0d43a,0,0.9130744934082031,0.47925156354904175,0.05814006263332274,0.060933263568472625,0.5591444783937145,2291,21023,8.176342208642515,9.371200561523438,0.012320328542094456,0.47510674172146006,0.4,0.5,2,23.92744771771153,18.150100176534874,74,0.0035199543357275365,0.9923892879227513,0.9947200684964087,16,7,4,3,12408,8266,165,24,17,14,10,8,True,False,False,True,False,False,True,False,True
candidate_000730,730,9321730,1e67567e49e5270f2d8627c81c765d76a9acda10a4c899ee6491e546cc045b53,a84a4edda1b45d8e238a7bf58c7961aee2ea2012fc6ea081802806e0857ca619,d5128cc1f223fec4055392a345b8673e94d1f2522d88bd7862b9a5bc19c1b5db,0,0.9310989379882812,0.4922493100166321,0.06359241353663071,0.06900262290671867,0.44783937145351377,2291,14869,5.490178961152335,9.819924354553223,0.0,0.3557986429861081,0.6,0.3333333333333333,3,8.30430217996305,9.678501969111707,63,0.004237003160938866,0.946062277221064,0.9874907525724662,20,13,9,8,8611,3970,873,613,214,165,135,102,True,False,False,True,False,False,True,False,False
candidate_000731,731,9321731,3252b3391e53dd3ab0c10453b359b0e0d217c0a5a3ae0a7e575de7d90e6c7e43,7ffa96778958f67bcd3d220f0136a8bb0bf676e0efe4b72ea07c2be3f6b8e9ec,a677099ad01b279aec6d7a27de71c4b8e3fa4f339f5c56816123f92ff2ea7433,0,0.9136886596679688,0.4739114046096802,0.046884438455462106,0.04985424181036612,0.4404190309908337,2291,20239,7.834133566128329,7.453159809112549,0.0,0.41151512797983164,0.2,0.3333333333333333,1,15.799015344081662,38.188976377952756,94,0.004644498245960769,0.9895251741686842,0.992094471070705,19,8,3,1,19935,41,35,16,14,13,13,12,True,False,False,True,False,False,True,False,True
candidate_000732,732,9321732,15279136a87c388fb5ca3a635e471b9c1634050657ebcce5d5f999599254d6ea,6773568fa216e282ceff5dfe9e83050fb92f043d866d9d73b01a60442cd20e5f,2ee482e83f1bde4fbe9675f76c518864f2d2cfce9da510ea4577f01c63f75cfe,0,0.931396484375,0.49108144640922546,0.06091545256395549,0.06553532860228324,0.4635530336097774,2291,16205,6.073330423395897,6.917083740234375,0.0,0.3577320320995098,0.4,0.15384615384615385,2,10.379574202443715,17.73740696796462,84,0.005183585313174946,0.9588398642394322,0.9806232644245603,24,16,13,6,7279,6778,1328,153,115,101,73,64,True,False,False,True,False,False,True,False,False
candidate_000733,733,9321733,48bafe376f0302f60ad44042eaa4c59b8629b34889004efc834612e81edfe7e3,3e354ccbb72d5c1e7c3f335cc1461e157f560845410cd369b025e90dfbcae587,d450ca2cfbd7ad42380a918ba6d66656de13a3904878db144b2a7e21c3a6462b,0,0.9459686279296875,0.5009168982505798,0.06365082973403047,0.07151370679380215,0.36665211697948497,2291,11746,4.127018769096464,8.117359161376953,0.0,0.2623644748196089,0.6,0.3333333333333333,3,15.712275033029579,8.741678113597741,51,0.004341903626766559,0.9402349736080368,0.9826323854929337,24,16,9,6,5001,3223,2241,579,321,109,39,29,True,False,False,True,False,False,True,False,False
candidate_000734,734,9321734,f228a38e8dc7a1bce145d6cf0a1d39abae91f97dfe17675a993ab2588b3f95d4,8e14a06d5be23f47050c8f2934f74b8ae29d366697495ab148156b75c99c5590,3deab19c074ccf3ae07263c472825262e756385c70f5eee2b6f32c01ca386372,0,0.9239578247070312,0.4789814352989197,0.04519716369943376,0.04868666886471041,0.3867306852902663,2291,18198,6.94325621999127,7.487626075744629,0.0,0.29151645159246453,0.2,0.14285714285714285,1,19.705095748658973,33.86614173228347,32,0.0017584349928563578,0.9904385097263435,0.9959336190790197,13,10,7,2,17739,173,65,47,42,21,20,17,True,False,False,True,False,False,True,False,False
candidate_000735,735,9321735,88a7a53afa0e4e8d3561ed91c18bfa772871d10e5f4c63bade0b7784e4579b61,0b663acdfa4ac0fc7d3b076aa7b48d93c8163141fcd52f5643e44313ebf1c294,f8ffd8268f817859680889d03762eac3a8f75ba8522816492da7909ceb28cb11,0,0.9178886413574219,0.4809483587741852,0.05583392984967788,0.05948036385424043,0.47664775207333043,2291,18359,7.013531209079005,10.853860855102539,0.0,0.37098865403043096,0.6,0.25,3,8.312061096235947,10.995953817392286,71,0.003867313034479002,0.9400294133667411,0.9797374584672368,31,19,12,6,10906,3701,1578,1073,355,269,61,44,True,False,False,True,False,False,True,False,False
candidate_000736,736,9321736,942c5b1254182468140caf43fd7f2d9ac5a80af27d664b8b06f9c6dfa8b9cc12,ce64b38273423024b0d3692bd305a80494d04502a726e04d84659e95dc88b45d,5c171c5db8948692656d47c791fef20a1bfed59c96f8c68071453aeb6ebe4485,0,0.8587303161621094,0.4405854046344757,0.042546476933669954,0.043556156015037595,0.6473155827149716,2291,34048,13.86163247490179,11.806367874145508,0.3253012048192771,0.5866741929569604,0.2,1.0,1,26.048784852802125,65.76377952755905,38,0.0011160714285714285,0.9981203007518797,0.9988839285714286,10,4,1,1,33943,18,12,11,7,7,6,6,True,False,False,True,False,False,True,True,True
candidate_000737,737,9321737,2cbd591a0b649d60a24d1a1e4890c4fb34e1b0eb951e335649eb42760c4d43ef,bbcd60d35aca14b2f50e4a86dc6d93a97cec071df034981a59c93e8a646303bf,06ffb9075c82dc2398d662181f7a5e23886c481864ea62d8f1a980f52b4f872b,0,0.946624755859375,0.5117388963699341,0.0847750865051903,0.09291014014839241,0.4919249236141423,2291,12130,4.294631165429943,12.553034782409668,0.061601642710472276,0.4399640770712342,0.4,0.4,2,15.204462408898916,9.891494101493542,104,0.008573784006595218,0.9730420445177247,0.985078318219291,19,12,5,3,8429,2945,330,99,89,19,19,19,True,False,False,True,False,False,True,False,True
candidate_000738,738,9321738,b59d107cd4e47c5eabb2961cbee7d2bf49e01cd27f805387969d60627c840be1,7902c3847665524fab1302b6ccbd8fd6eb81bcd950cd9e3ccd7c17063b8ac770,d352221174fd79f42c1bf02aed7df26a4b32ff65b56c6cdf96d9d9382f75e123,0,0.8965530395507812,0.4685635268688202,0.05593963722866488,0.05762309518339842,0.6569183762549106,2291,26118,10.40026189436927,3.8550007343292236,0.10843373493975904,0.5735762607966579,0.2,1.0,1,20.943606671737996,50.23425196850393,31,0.0011869208974653496,0.9988130791025347,0.9991959568113944,4,3,1,1,26054,16,10,7,3,3,2,2,True,False,False,True,False,False,True,False,True
candidate_000739,739,9321739,ad73a426634b64ff5aa8b45a181fac01b034178a0fa158729c0fb575acd018fa,e95749bf9848f44c180b74879e81ef63962dcea990e1f9284700479e5b8d897f,bc159416f1cef7ac2340d9a9b22638a6a7edbca6b2084121b67c7df5450cc824,0,0.912109375,0.48239266872406006,0.06575258677812325,0.06928778601353529,0.5630728939327805,2291,18618,7.1265822784810124,5.883831977844238,0.0,0.484530848498752,0.2,0.07692307692307693,1,18.282466650467594,30.09252669039146,81,0.004350628424105704,0.9740573638414438,0.985551616715007,21,15,13,3,17501,446,122,66,58,57,51,48,True,False,False,True,False,False,True,False,True
candidate_000740,740,9321740,d0b2c70bf75fbb8ec809b89ee28dd86745fcce10eb5526de9278dc57882bd7df,94a58a2dab2227878f5f0cf16e5f957a35fbfd291dc001cc7a411617d1484303,37dfe1d1bf9796716f2812bfb35944431829acd6a98167535f4893c49d90cc6f,0,0.9331283569335938,0.5027806758880615,0.08223940538272492,0.08703374777975133,0.5988651243998254,2291,15764,5.880838061981668,8.802830696105957,0.0,0.5331474512411772,0.2,0.125,1,18.61306804923403,24.07829181494662,66,0.0041867546308043645,0.9725323521948744,0.9859807155544278,23,17,8,5,14121,617,427,166,117,40,28,27,True,False,False,True,False,False,True,False,True
candidate_000741,741,9321741,0daa01498668742e564204ba3b6af3afa3bc8c62bb0e85210a3c9485350ab60e,7f505477bcdac46189e369556de1e9818f8801e4124d85e2f888dbf7659445ba,3a826f3adbd7cf47965299a70ed57f2fd34aa33183ba818349839011b45fe37a,0,0.9148750305175781,0.4742048978805542,0.046071751870027156,0.04917365878464277,0.42208642514185946,2291,19665,7.5835879528590135,6.846147537231445,0.0,0.34672354473260975,0.2,0.14285714285714285,1,22.6681456371555,37.07874015748032,60,0.0030511060259344014,0.9903381642512077,0.9946097126875159,16,9,7,1,19371,45,33,26,24,21,21,18,True,False,False,True,False,False,True,False,False
candidate_000742,742,9321742,2028d470fd5f0e699f802a59f2efec0bbb5cdbaa1072cdfd9f025780977ac986,4a991c12a8b1ba245a7fd538d0e396215aeeb0656e04163caf1a2a32f6d290b4,f301cb9aa6eb5cdd9d28db2795f3d922fe24123308e29078e68b6211d0c29395,0,0.8943290710449219,0.45971426367759705,0.040695209834675714,0.04312862213037423,0.41903099083369705,2291,22259,8.715844609340898,8.382392883300781,0.01642710472279261,0.3103332239405935,0.6,0.2727272727272727,3,10.163696826760942,12.928317963928341,90,0.0040433083247225846,0.9777168785659733,0.9887236623388292,19,14,11,4,19729,1543,382,109,91,82,38,34,True,False,False,True,False,False,True,False,False
candidate_000743,743,9321743,a5af411c84ad17fc7e508ca28a1d6f4c5b8d0bd19af06debcdfda8bf4d9577af,24655fe2f054f7b810ea550010d2541f4598b26b364f7608eddba664071d9e97,184bfb3b62d872d2303c8e48620939b5c36f8327a9a0579eda9d8b10456838d5,0,0.9280738830566406,0.4892975687980652,0.06120809681910678,0.06521739130434782,0.4989087734613706,2291,17526,6.649934526407682,7.544511795043945,0.0,0.3848401291297293,0.2,0.1,1,15.66904213629247,28.00355871886121,58,0.003309368937578455,0.9758644299897296,0.9930389136140592,13,11,10,5,16327,306,286,184,122,80,69,30,True,False,False,True,False,False,True,False,False
candidate_000744,744,9321744,cab3bad180461dd507f66fa1ec791751c1b6032049b86bb1ae461d46c1ab7df9,5d3106c32abf125d9e01717ef4766af391c940dd2aa7b26564a4c90d3715dea5,4393e031a49a7c3ba7df17585c3cecc46087bdc2cb92520998cd009d86584f01,0,0.9547233581542969,0.5122136473655701,0.07636703801343651,0.08662936523249083,0.39196857267568747,2291,10366,3.524661719773025,9.7708740234375,0.007228915662650603,0.27416749852608163,0.8,0.5714285714285714,4,9.26329196856269,5.944006354106767,65,0.006270499710592321,0.960929963341694,0.9805132162840055,24,14,7,5,5599,2425,1268,669,123,40,23,17,True,False,False,True,False,False,True,False,False
candidate_000745,745,9321745,bb600f75f22f3b4b79669743a2f70734f978b12cad16aeb72ad1c0531b2130ea,abc5c238a970935344b8a54ca06c5cb4f95b74c17cfd45d7d96cf32665245712,43a5b01a452238a9caa684bbca27dfaf84c0d6afb302d355059120d46d21838e,0,0.9167022705078125,0.47478920221328735,0.04511196067722556,0.04903532205402197,0.3605412483631602,2291,16845,6.352684417285029,8.650177001953125,0.0,0.2613191760357986,0.2,0.125,1,11.74887062562495,25.637795275590552,55,0.003265063817156426,0.9817750074205995,0.9917482932620956,18,11,8,4,13559,1550,1167,262,51,45,44,28,True,False,False,True,False,False,True,False,False
candidate_000746,746,9321746,68d2b7c8e18051f831fa4ce15cfb5974e55f4b81b8d6830adce5cd32f00a1e4e,a051c911bee1f818c68df6df9324884d15435c36dcdf21cef72a37ded4b1a730,c8e0d7155630637b340dcd283b2596693e4aa2371da4d9169370b1b66394c790,0,0.9183578491210938,0.48353663086891174,0.060897132582568375,0.06393442622950819,0.5617634220864252,2291,20130,7.786556089044086,9.708733558654785,0.0,0.48530251653924195,0.4,0.5,2,18.321858753969373,25.467802826016612,57,0.0028315946348733234,0.9916045702930949,0.9945851962245404,17,10,4,3,10067,9690,177,27,18,16,15,11,True,False,False,True,False,False,True,False,True
candidate_000747,747,9321747,a30523a860481265964dd96542751445e2274ba0d3489276025e1a0afdb05de7,7034b0ddec757fb1d53a80edb186378a975f3ef2a6812794f06e3441746862d4,50c16bae7aa2a61f8a5208e4dd160a4abf20aa09c4cd9da2171c92f8fc597e95,0,0.9460029602050781,0.5098632574081421,0.08175487465181058,0.08865060786830778,0.5124399825403754,2291,13243,4.780445220427761,8.727418899536133,0.0,0.407465757844169,0.4,0.2857142857142857,2,6.639940123176139,14.291999244957395,51,0.0038510911424903724,0.9791588008759344,0.9943366306728083,12,8,7,4,7498,4640,712,117,94,70,27,10,True,False,False,True,False,False,True,False,True
candidate_000748,748,9321748,21bd4b606e1befb3240bce3d2cb54679e85a37b7371530ae7fd5065a256bc197,e9bfc1ceae82322a175359d1ba4d67d7d847de524ce68f77dc83572bd7582b67,04f9b8f6d276bd98381f77f19cb392bfadc2de63e4e32691df04b418923bfe8f,0,0.9603424072265625,0.5279753804206848,0.10148627701285676,0.11369904995403003,0.48581405499781755,2291,9789,3.2728066346573548,8.349745750427246,0.0,0.3911323240980058,0.4,0.16666666666666666,2,11.550404058151864,10.893116560230098,50,0.005107774032076821,0.9581162529369701,0.9811012360813157,16,13,12,3,4643,4467,189,80,69,56,55,45,True,False,False,True,False,False,True,False,False
candidate_000749,749,9321749,51177236a6780cf7a567b28d3c36ec00385a426fa195896daf85ac2d263cd2ac,9a1681655d7a59090fc41ca270b599f27ad7fc57e76f95aa66a50ba63e813f4a,1ca32cafbd49322a69be9faf356d34671b1a92e44b071ee5cbca69e6e1c2eef8,0,0.9541511535644531,0.5051187872886658,0.06280193236714976,0.07229973655966436,0.32343954604975994,2291,10249,3.473592317765168,8.589692115783691,0.0,0.20838463406831315,0.6,0.3333333333333333,3,9.430414801141596,10.201878114854996,82,0.00800078056395746,0.944287247536345,0.9767782222655869,27,13,9,5,8825,409,236,208,109,98,77,49,True,False,False,True,False,False,True,False,False
candidate_000750,750,9321750,db466c2379910d0899669f8216f76faec602b3b37a5740f47967251a38a4a019,f914e2d831a767b458d6b0003197944f738678394a63903fb5a9dfd538deea93,4b4762989a2bb5a62ba1faf149c640a86519e712165b74b31ce2d45e66f22530,0,0.9005088806152344,0.46264514327049255,0.03945242751466712,0.041879146170856085,0.4050632911392405,2291,22159,8.672195547795722,7.7314581871032715,0.043121149897330596,0.2981308421045511,0.2,0.2,1,20.4261139048,36.62277580071174,62,0.0027979601967597816,0.9910194503362065,0.9940881808745882,18,10,5,3,21171,580,136,73,20,19,15,14,True,False,False,True,False,False,True,False,False
candidate_000751,751,9321751,ad36c1aa2471450104f59f1039ff8fa7ca64ce6e59c01a0a13d2562a17e3e504,9da43a695ec22af9690f2726106e644e4edf9e7a0eb5dfa18d1820142553c694,3b4f7dce5805acd50fd95f78d15cd206ed719189a183fea594b80bc571a7b4af,0,0.9102287292480469,0.4816972315311432,0.0665457041977246,0.06973995271867613,0.5923177651680489,2291,19458,7.493234395460497,8.255613327026367,0.0,0.5254601376097907,0.2,0.16666666666666666,1,24.492851368449784,34.1003937007874,44,0.0022612807071641485,0.9919313392948915,0.9956830095590503,14,11,6,4,17858,793,353,297,21,20,19,13,True,False,False,True,False,False,True,False,True
candidate_000752,752,9321752,d1ceabf2f17fe128a30dd1325809809f6f1914c2896540817eaa660f66122018,febae2087d6b6c7d87b99881239669e45d418f5fbfa143e9726b6498f6078f27,b5f7ad47d50fc0d91c849131b40ff4bf40c723e0fbc567fb033de1b70d0d7862,0,0.9244232177734375,0.4915328621864319,0.06990045647032943,0.07405465245003787,0.5547795722391968,2291,17163,6.491488432998691,6.50599479675293,0.08433734939759036,0.47207339518581265,0.2,0.14285714285714285,1,17.844572833218628,31.726377952755904,76,0.004428130280254035,0.9858999009497175,0.9916098584163607,17,12,7,2,16652,169,57,43,34,27,22,15,True,False,False,True,False,False,True,False,True
candidate_000753,753,9321753,5af912ca38cc15345f42762424677785e3314d6ea5aeac9c57d60ef2d4775614,96152e3d5021be4a41d01035d6ec581a3318253e0980107b00d391c6a74630c5,8410921497e5d7e196f4bbe1efe8b57c87515a634540b060dc5007fda7b7137a,0,0.9423484802246094,0.4996333122253418,0.06519618876134743,0.07298227933148568,0.3793103448275862,2291,11907,4.197293758184199,7.300647258758545,0.0,0.2647003015772351,0.4,0.2222222222222222,2,14.741475979445875,13.49393464268031,63,0.005291005291005291,0.9589317208364827,0.9806836314772823,23,17,9,5,8013,2750,505,150,108,60,48,43,True,False,False,True,False,False,True,False,False
candidate_000754,754,9321754,d9a4f86af47cb8315aec1ec5d7ecd7df944ca6be32163eaade99a859d828d4dc,c73d62e93b81a1af0ee69ed7c938b90f398e90a61678b2f8952b4b094d37a20b,ad10c543841d705b29c5741aa896c6df460e1b403287111f76f35f6ed0ac3b8c,0,0.9399452209472656,0.505581796169281,0.08013622463163747,0.0870188679245283,0.5032736796158882,2291,13250,4.783500654735923,8.495736122131348,0.0,0.4088310072390021,0.2,0.2,1,20.19420374094403,24.316929133858267,76,0.005735849056603773,0.9903396226415094,0.9942641509433963,8,7,5,2,12888,155,58,21,21,13,10,8,True,False,False,True,False,False,True,False,True
candidate_000755,755,9321755,4fedf75ba4dd9c670fb119d9139dcd82a747c90886058cd189fb081d1a5491e1,15b2f6080b2a5c5bd89b8aa287f476dd671f6676775a14b7ffcf1be0c5d84546,0706efcd7fdaa7eb5dd784537189c55da66b10981072fab4171d1bef974f0de7,0,0.9306755065917969,0.4928094446659088,0.06516072980017376,0.06988011677743959,0.49105194238323874,2291,16099,6.0270624181580095,7.087738990783691,0.0,0.3981991766365614,0.2,0.125,1,16.966289650941473,29.91732283464567,21,0.0013044288465122057,0.9888812969749674,0.9940368967016585,15,12,8,2,15733,121,40,26,22,21,20,20,True,False,False,True,False,False,True,False,False
candidate_000756,756,9321756,29fc2ce3a00203ad73d5f545122e24ca5923232f63bb681685d27bdf08940c58,2a3de5b77d934ef469501b3eccd3fd289a1e951d1b036b98c3b642d6c79a948b,19a1beaba29b7c65d43518f738da5bb5ca348dd9a133c3aadc63a35a084f6752,0,0.920623779296875,0.48014774918556213,0.05137493825127614,0.05550284629981025,0.40855521606285466,2291,16864,6.360977738978612,8.689964294433594,0.0,0.2898929379655214,0.6,0.23076923076923078,3,19.09794776726008,9.564180339987734,81,0.004803130929791271,0.8736361480075902,0.9841081593927894,23,16,13,5,5146,4486,2995,2106,1754,43,37,29,True,False,False,True,False,False,True,False,False
candidate_000757,757,9321757,22f7b218590703e14d69035347cc57275f9d6e9145ba7be1e9d453c29cb77f90,3ac2a158f9ffdd5fd20edd8bfad0990c3cbf11fba1a8b19d1541093caddc911b,2edba97cd6ea52049b2c6c801eca8c54b650669168ca7356272f4ffb088771de,0,0.9008407592773438,0.4643213450908661,0.042405776534913814,0.044789278786810084,0.4434744652989961,2291,22684,8.9013531209079,9.14487361907959,0.1293634496919918,0.3548880879128431,0.2,0.25,1,15.99443984042403,43.311023622047244,37,0.0016311056251102098,0.9972227120437313,0.9985893140539588,9,5,4,1,22537,29,29,26,10,9,7,5,True,False,False,True,False,False,True,False,False
candidate_000758,758,9321758,ea1ff82c6b2ff82a0023d66a376ee2a0a289852ea2e20fb328d1d6f9a26e1fff,a373d5d24e444047723705a3d218427f9450b7a9a43ee6205c3969b57d66c8b5,3ea55c643c2ef86cfe9c4d638ed353fec4ed6cbeb56ff57574d92aa896c178b6,0,0.9386940002441406,0.5027949810028076,0.07568597023347676,0.08279959873447025,0.46835443037974683,2291,12959,4.656481885639459,5.865416049957275,0.0,0.36657977384594975,0.2,0.08333333333333333,1,19.073228036346787,18.484251968503937,84,0.006481981634385369,0.9713712477814647,0.9806312215448723,25,16,12,2,9925,2529,87,47,35,34,28,23,True,False,False,True,False,False,True,False,False
candidate_000759,759,9321759,11bf057acef43d474c791d809f697c4f9b52eeb296a67fa28ecd6bc3249d791d,44437014f64c389d922e8b6ecb7ecc8021df2ca83b4abe49f736037f04087c37,eab887f5bdc4b72b6e5c249376fc566573a379b6e6263972c1ba0b0080acd5b9,0,0.9462471008300781,0.504210889339447,0.07009236978964527,0.07855589386689865,0.3941510257529463,2291,11495,4.017459624618071,8.212305068969727,0.0,0.28885722404274855,0.8,0.5714285714285714,4,10.44644290224749,6.412015827812626,38,0.003305785123966942,0.9686820356676816,0.9890387124836886,17,13,7,5,4824,3944,1985,382,100,82,33,19,True,False,False,True,False,False,True,False,False
candidate_000760,760,9321760,6b918522c0fb2d3caef489bb92be48ade816d8c9e0e599b8b8d5aa39f7bbe030,a162074bcd2cc158a17e54e2e6fbb220e9a869f9789a825313c1ea1a1917c38b,1a804aae7a62f0d1897c798d023fc22abe7d7f7248015c7de1ec30edecc93ec8,0,0.9023895263671875,0.46842095255851746,0.04879986618717069,0.05120666959192628,0.509384548232213,2291,22790,8.947621126145789,3.739490270614624,0.0,0.411905519552288,0.2,0.25,1,19.692785933368835,42.996062992125985,53,0.002325581395348837,0.9944273804300132,0.9968407196138658,12,7,4,3,22377,156,104,26,17,15,14,9,True,False,False,True,False,False,True,False,True
candidate_000761,761,9321761,5a71e4a2752f95bedd36cc9229cacf545ae83937d72572545dfe657aa1c01c65,111089a8e3a87f74dc645751c81a099352940daf9ff03a93a841d7cc059935ca,94b065a011f5b9ff166abe5b5818a772b3d689af06320e815ce86008899f90fa,0,0.9174346923828125,0.47679224610328674,0.048327331558895674,0.05203416498089458,0.404190309908337,2291,17796,6.767786992579659,8.303564071655273,0.021686746987951807,0.2945171072026263,0.2,0.1111111111111111,1,22.582576417767424,31.70275590551181,87,0.004888739042481456,0.9681389076196898,0.9864014385255113,21,15,9,5,16640,314,149,126,120,89,71,45,True,False,False,True,False,False,True,False,False
candidate_000762,762,9321762,b7d9967f7e331ba0910dea2c5bc4061f5fb8b7dd2f7dd67f5051fd868e57ffc1,c80eafd302fd07dc89a21a43b61ed203b64991de93a91aea7115cc08c1a02eda,8087e1af308b454532d28cf761e43d58fe34cdaab2e36a6bfd2af274408f140e,0,0.9418411254882812,0.4980580508708954,0.06280058548825539,0.06953770162846337,0.3932780445220428,2291,12957,4.655608904408555,9.182503700256348,0.0,0.2845602724100356,0.2,0.09090909090909091,1,17.484837803762428,16.751968503937007,53,0.004090453036968434,0.9056108667129736,0.9786987728640889,19,14,11,8,9045,1185,773,731,304,282,247,114,True,False,False,True,False,False,True,False,False
candidate_000763,763,9321763,4dd3cedb3e8b259e56a2f366d65f6e6c3c9c3c7366592b95867e9d36bfac0f9e,cddb4dfc2b0f24be3ebc7b34936208270b0c6d648184148c9d68d5f35b613750,d0600f5fe858c8786bc6e8a04877b4a30d7acdd1eefac0e1215d9d17abde9e2e,0,0.9438972473144531,0.4974769949913025,0.05928823439177788,0.06710069444444444,0.3374072457442165,2291,11520,4.028371890004365,13.137842178344727,0.0,0.24748200782616045,0.6,0.2727272727272727,3,8.159085608939513,7.164015202217564,74,0.006423611111111111,0.8542534722222223,0.9685763888888889,23,18,11,7,4029,3217,1535,1060,837,234,150,96,True,False,False,True,False,False,True,False,False
candidate_000764,764,9321764,b1b2d8fcf08ad0284a85b80eca26f5583b243cb2e3d2674564f4070758d6a17b,e45ab9b2c880df1cc9cd89587ac57e03a907fc160f63342b742cd7ab88004acf,8ccd58fff6ca3618963527c5df9b7a2c8d5a49fd66695a7066b5908157051330,0,0.9395790100097656,0.4958672523498535,0.06085311766240543,0.06676685272649206,0.40724574421649934,2291,13974,5.099519860323003,7.098503112792969,0.0,0.31481797768758774,0.2,0.5,1,14.6849137504866,26.1751968503937,59,0.004222126806927151,0.9957778731930729,0.997137541147846,7,3,2,1,13832,63,13,7,5,5,5,4,True,False,False,True,False,False,True,False,False
candidate_000765,765,9321765,4ac6025134ea1fee038bd426f0abcf32536f8f1cdaa3bd363cef9e149a52beaf,69e156f0ed0ebc7dbbc8c0aabdae9a3c74d1f82d06c6234ff7b9a105a0898c8e,43b3dba7d7d2dc720cb934524ff6066db3093908f0204fa884d7b04755b2547d,0,0.9009208679199219,0.47169774770736694,0.05702109524824206,0.05943496801705757,0.5840244434744652,2291,22512,8.826276735050197,5.29360818862915,0.0,0.48700320150530374,0.2,0.14285714285714285,1,18.194005918588402,36.84697508896797,55,0.002443141435678749,0.9892057569296375,0.9932924662402275,18,13,7,4,21297,572,231,169,31,24,24,13,True,False,False,True,False,False,True,False,True
candidate_000766,766,9321766,1632918b8bf91cb4095fcd244e090c7d4ba884cf9fa6f865fc1d72e193b5ca2d,cc9e0c70facef016a9ca92d20cc69ac15663f1134eb299bb6487fb7645a8cfb8,ee79f4ffa3ffd216f97697a58a9e667f895c45640c9f3f612ac5dac5e445bbd9,0,0.8882598876953125,0.4611612558364868,0.05072238620475377,0.05273997496264588,0.5700567437800087,2291,24763,9.808817110432125,8.385724067687988,0.018480492813141684,0.4832844776132051,0.2,0.25,1,23.25268371166426,42.41637010676157,81,0.003271009166902233,0.9917619028389129,0.9941041069337317,19,10,4,1,24427,57,49,26,18,15,13,12,True,False,False,True,False,False,True,False,True
candidate_000767,767,9321767,192860330b3aaee02ea8e0605098284f5cc73ab691674af44687c157c3f179cb,270c3231421dffea74afbb1e7d40e9adc9475d1328401e5f7227ce2abcf4f891,c25860d8af1c55cb406ab7bd258d42fa1d9e0a4e296a181a94b7385ea3861ee5,0,0.8561019897460938,0.4394005537033081,0.04422971407669329,0.04539197897766377,0.633347883020515,2291,31966,12.952859013531208,11.305306434631348,0.18072289156626506,0.5474939989223088,0.2,1.0,1,25.869083560487084,55.70818505338078,55,0.0017205781142463868,0.9984358380779579,0.9989050866545705,4,1,1,1,31897,8,6,5,4,4,4,3,True,False,False,True,False,False,True,False,True
candidate_000768,768,9321768,a583c2031274c6c4b7cd6c93299b78df6245962c2a81004c969c49f3222e444f,5bf74a2df713058a499ed45283a5ff8c4ac029fa3ade2cd214c834df71dae2c1,228633f2e2f489d7921db984efc5270a5d0eb8a26f84a9483a96cbc1dfec7aee,0,0.9476432800292969,0.5177409648895264,0.0956489945155393,0.10305704380712259,0.5709297250109122,2291,12692,4.539938891313836,6.472231388092041,0.28336755646817247,0.4976619791327034,0.8,0.6666666666666666,4,6.874206027922713,5.900067893413144,35,0.0027576426095178067,0.8800031515915537,0.9958241411913016,10,9,6,6,4693,3377,1696,1403,754,684,16,16,True,False,False,True,False,False,True,True,True
candidate_000769,769,9321769,d297e23748de7e5a53a5d0a289ff877844cecdae18da7e5e00180ee4e3e1aadb,1202d9d368a0bce1387bb65d81da16a3c9760636da97de6420a6d6f0091cf5db,215eb9821c3f41fd4bb1a6e2e9ebe1e6971b4db7e7158ba89464cb60af85b88f,0,0.9220962524414062,0.4824928045272827,0.054398337980427536,0.05854663136216534,0.4343081623745089,2291,16995,6.418158009602793,7.440210819244385,0.0,0.3453935488436723,0.2,0.16666666666666666,1,16.529249997020454,27.50984251968504,58,0.0034127684613121504,0.9894086496028244,0.994763165636952,13,8,6,4,14510,2016,149,140,41,27,12,11,True,False,False,True,False,False,True,False,False
candidate_000770,770,9321770,2c41c1657d51f5f2b7954d391f81004a51714391539371deb80236ba44e4121d,55db7d686f606c904072b62233f06fc1ffc01eabe2c1cbb943b80bffc705073b,b3948db2eb3e76c4e38816a22dddd0d42f9a76fd164c12d7a1968866403279e9,0,0.9011497497558594,0.46307581663131714,0.039496472774891225,0.041896312228346104,0.4081187254474029,2291,22317,8.741161065037101,10.706650733947754,0.0,0.29208177835271076,0.2,0.3333333333333333,1,25.177493985308473,38.36476868327402,50,0.0022404445041896313,0.9962360532329614,0.9977595554958104,9,5,3,1,22150,42,24,17,13,8,7,6,True,False,False,True,False,False,True,False,False
candidate_000771,771,9321771,897c2302f26794b0d8b4b39811a19eefa014e7cfc8d41ade265596a49f99700b,3f7606a597b2a8b6f1adb963de4ade1a1157b702a772c6f9b31617db4a398d86,e26a05ead036f0035d53a823bf17fe11d94cd36eb91f60fe5f8fb81da13b639d,0,0.9317588806152344,0.4965393543243408,0.07146229198630945,0.07632673641749653,0.5285901353120908,2291,15866,5.925360104757748,7.507465362548828,0.03614457831325301,0.42477388094092783,0.6,0.3,3,9.461193588179716,11.254142121284188,50,0.0031513929156687256,0.9769318038573049,0.9890331526534728,18,15,10,3,11317,3679,415,89,71,63,31,27,True,False,False,True,False,False,True,False,True
candidate_000772,772,9321772,b308331a7b4ac966725130c431ce1b3537843b2439694cc48aaf6bd1ebf6b4ba,19f99a411efaf8b244e810f98a2783515c2a0a938018e2ffb553ae412059474b,bd57abe7e5d0a2013828070bb426c946af1ed6b2dd946dc5763e42be66a36dd1,0,0.9491386413574219,0.5095189213752747,0.07734764277500958,0.08577743772847063,0.4404190309908337,2291,11763,4.134439109559144,7.006071090698242,0.0024096385542168677,0.3427832337314371,0.4,0.18181818181818182,2,5.39420222175931,11.85935983173336,75,0.006375924509053813,0.9592790954688429,0.9790019552835161,26,15,11,5,6667,3697,494,426,101,45,44,42,True,False,False,True,False,False,True,False,False
candidate_000773,773,9321773,916607ba0d7d8c4c7f7b4ccc78c09b888b82d1eb84ce393ec1be4704d8b53510,f1a8932305f7c7f87d9cf4d8f1b48eec29d9d5258cadeff4f9db341dc7bcd4f1,79cfc8d3c517ebc9225a8a085d5d4871d9590edeb752180cbeeb201f65deb1f8,0,0.9248008728027344,0.49268245697021484,0.07171339958225204,0.07738542449286251,0.4945438673068529,2291,14641,5.390659100829332,6.409347057342529,0.0,0.41304914856355035,0.4,0.13333333333333333,2,8.180969796958447,13.70378060619135,79,0.005395806297384059,0.9417389522573595,0.9698108052728639,27,22,15,6,10138,2779,512,359,131,125,85,70,True,False,False,True,False,False,True,False,True
candidate_000774,774,9321774,0449b27ead97cc703adae81fbd9b1a3ffe981982571b06731878630cd8a377c6,37f8b350f9cc76ff19d2ab4ae73c353d6f7e04b74c0bf4b30e4c9f0d03c72942,f77ba8503ac2d77cda7ee047f5e216424a2806e19a0d3a937ac709de8a0a6b5c,0,0.9372901916503906,0.5005691647529602,0.07319526627218935,0.07806386469771551,0.5399388913138368,2291,15846,5.916630292448712,5.063640117645264,0.0,0.4290599477654663,0.2,0.125,1,12.363259501696502,23.653024911032027,40,0.002524296352391771,0.9762716142875174,0.9938785813454499,14,11,8,4,13882,812,647,129,84,73,71,51,True,False,False,True,False,False,True,False,True
candidate_000775,775,9321775,b23dcffac77a3f3772b0eeb93f7c77bd64b755940a5b1058284f3a6159a3c194,17f40ce0d3a29ad0682756deb3ac85e5ea59d6d580050b2c956ff169fd70f1ea,207f79cf23a2446b8a3ff73472c6bbd2ceddad71429a8c7f838cd2ddc0f3463d,0,0.9640846252441406,0.5438166260719299,0.12891236306729265,0.14247108420711274,0.5752946311654299,2291,9251,3.037974683544304,8.53618335723877,0.0,0.4962248483104423,0.4,0.3333333333333333,2,14.447331186051898,7.252465883935327,34,0.0036752783482866718,0.9840017295427521,0.992973732569452,13,8,6,3,5716,3243,104,40,26,21,18,18,True,False,False,True,False,False,True,False,True
candidate_000776,776,9321776,f30451a38df5a43ad561a084f18626b6b395edff224dff40c3e743e5c1cd36e6,dc53daba312792ff66b62f39df1e24425dc9e970de5e2d7d6879b560a4cde8ef,88e26f9eae6b80e65cadf9ba5b2b8dcce697e351b3607660471ce091d79164df,0,0.9347763061523438,0.4903221130371094,0.055416815316922344,0.06028850507794812,0.4068092536010476,2291,15459,5.747708424268878,8.861202239990234,0.0,0.2982076983269367,0.6,0.375,3,9.777095441555609,8.812827068373387,64,0.004139983181318326,0.9328546477779934,0.99217284429782,18,10,8,5,6550,4321,2532,1018,742,79,70,26,True,False,False,True,False,False,True,False,False
candidate_000777,777,9321777,28a01f84545ad1e0556ec380719a8407509307345d2d683333f743e3d6b35c36,af2b393688b7f8aeb8145b83e4d8848f471462a240911d451c5e50a379409f1f,435be32b43584c51acb48dc84fe9b4315bd091a4c423fdac8c965e46a3e8c838,0,0.9398651123046875,0.49727004766464233,0.06354861695925373,0.06944149500955617,0.4281972937581842,2291,14127,5.166302924487123,7.437419414520264,0.0,0.34435667175913853,0.2,0.125,1,21.62324174510207,21.976377952755904,73,0.005167409924258512,0.978764068804417,0.9894528208395271,18,10,8,4,11699,1068,891,169,65,36,27,23,True,False,False,True,False,False,True,False,False
candidate_000778,778,9321778,06514b7b61e7da5e972760848fa8649a18e613459579d4cbcc60fb8fd601be00,5ce9cd9f9b60cb9fb7c2af974545aac96ed56cc40e3fb7ec3febe53eacb2edf1,e6a50a558e71cf9d522e7f261445da241e9cf5eb93b4af87abaac382f132dfad,0,0.9395751953125,0.49834343791007996,0.06603071510723225,0.0724788355859201,0.4260148406809254,2291,13466,4.877782627673505,8.962787628173828,0.0,0.3259199211694665,0.4,0.3333333333333333,2,11.774052385496939,12.01553457926193,59,0.004381405020050497,0.9818802911035199,0.9884152680825783,21,10,6,2,12449,655,59,59,31,28,16,13,True,False,False,True,False,False,True,False,False
candidate_000779,779,9321779,b63e6984db62562a7b7d4763757e84f54fa39f31292388c230f12ca223c83977,c3ffe6039378522898c52d5be71e7e4720d301b36d70adce54dccc9581f2a8fb,57ff22bcccd09858506b9c9d2a433c09ac4a7d786149ee44ecc56ab4e8218310,0,0.9232330322265625,0.48678553104400635,0.061608640939597316,0.0654377366896859,0.5128764731558272,2291,17956,6.837625491051942,5.944134712219238,0.0,0.41258769984598515,0.2,0.2,1,19.551460514705898,31.001968503937007,55,0.0030630429939852975,0.986244152372466,0.9903653374916462,22,12,5,4,16284,1080,241,104,26,18,16,14,True,False,False,True,False,False,True,False,True
candidate_000780,780,9321780,b44638cc29ea48856bd6d1259c327c4ef0bc5b1cbfd936a60b94835119259d03,1f4b12a5608df8605eb18497eed4ef08275f6a4732db0c07afcb326412881ec7,1f5af5618cb01cc2fc56638a9419e15bb90ddcc8e01602d148b600e69d5cfcde,0,0.9326934814453125,0.4972167909145355,0.07176091624910523,0.07674151569277878,0.5250982103884766,2291,15676,5.842426887821912,7.6936163902282715,0.07802874743326489,0.4961840814580255,0.2,0.3333333333333333,1,25.332907460383392,29.21062992125984,46,0.0029344220464404187,0.9930466955856085,0.9955983669303393,12,5,3,1,15374,95,80,18,14,9,9,8,True,False,False,True,False,False,True,False,True
candidate_000781,781,9321781,af8f203f58e01180a017805880c7b682e925158dc8a720d0ad25d94359a06132,6a97b8a61202912939dd079275773d2770b6f36757919b302b83df02c3002977,a64d75bc53975b51e3c4627387182cff1af2ffbd6bdd1267b6860c23d372c1fd,0,0.9508018493652344,0.5144740343093872,0.0854423032273044,0.0940855633202659,0.4818856394587516,2291,11734,4.121780881711043,6.313934326171875,0.0,0.3827188841541594,0.6,0.6,3,8.726974172635028,7.3015593593871015,53,0.004516788818817113,0.951764104312255,0.9943753195841145,11,6,5,5,5198,3316,1900,754,469,14,9,8,True,False,False,True,False,False,True,False,False
candidate_000782,782,9321782,535bcedd4dea068240eaa92f28a3cccb54f00ebe1d4a4419e5cdefece73cf507,8098bfba9ef5dcaf39bb1cc182691f2521179a2f5bb959a0d485bf112bb6dfcf,8ededb5b89c191d0c1818979aaee1cb8b8de10dff960f0189f5f00ef0b05510a,0,0.9224395751953125,0.4783042073249817,0.04550275238624312,0.048938134810710986,0.3932780445220428,2291,18411,7.036228721082496,10.461267471313477,0.0,0.3342298161131044,0.2,0.3333333333333333,1,21.180266148127625,34.775590551181104,47,0.0025528216826896963,0.9949486719895715,0.9970669708326544,9,6,3,1,18201,61,40,16,14,11,7,7,True,False,False,True,False,False,True,False,False
candidate_000783,783,9321783,e29b10b26aa287be902a5a4f0bf967655d1a138d3e60521b1854e4fd72988cf9,83ebeec76675d47c5a1fce151122e63a8bb0345e28ce09f40539eca159f4ad06,fafad085d50ad24eeae9ca6a1860ebadaec706b15649d319e8f5426d89299cf1,0,0.8808441162109375,0.4544723927974701,0.04587926509186352,0.04750860663163617,0.5722391968572675,2291,27595,11.044958533391531,10.251754760742188,0.06265060240963856,0.5046315333219442,0.2,0.2,1,23.458074053665122,52.58267716535433,72,0.002609168327595579,0.9940568943649212,0.9964848704475449,14,8,5,1,27247,80,61,43,35,11,11,10,True,False,False,True,False,False,True,False,True
candidate_000784,784,9321784,2093fb4aa42c6908a4a23db69cd1416546bc498d0d4be8afa2af085e4ffe3443,e51ddf76fa23c6cd23a659c902e1c58992e4a21e453bad9ee866e02a1ed7dacf,28a25660818493cfd5fbb73b2d548ca59a4471caaaa332267c648fd4aa0e5bff,0,0.9230728149414062,0.48669716715812683,0.0617476942316711,0.06552391484655792,0.5172413793103449,2291,18085,6.893932780445221,5.316980838775635,0.01026694045174538,0.410438228266954,0.2,0.1111111111111111,1,19.18837216067697,33.36614173228347,88,0.004865910975946917,0.9796516450096765,0.9871716892452308,23,13,9,1,17485,99,90,43,39,38,33,26,True,False,False,True,False,False,True,False,True
candidate_000785,785,9321785,a62f863d955726bee88a8883c3c6a90e47eabd0cf095bdf3572aff684fdead4e,be48a8b3b79cb37240a951034e670a4435129a7008973c08db9621e079e26ab5,475b440df60029ca60d5232c7d823990f951f817ae5529755440770353276d64,0,0.9108657836914062,0.4816650152206421,0.06581133468709618,0.06854780560496082,0.6224356176342208,2291,20803,8.080314273243125,5.385596752166748,0.0,0.5629443395263467,0.2,0.1111111111111111,1,16.64205280428549,38.45866141732284,68,0.0032687593135605443,0.9835600634523867,0.9886554823823487,25,16,9,3,20072,211,104,74,32,28,24,22,True,False,False,True,False,False,True,False,True
candidate_000786,786,9321786,b8d3b267b536da73bafe2ebc2700343bbab682710ecc176f537cad8c5dbac81f,4a9730e8c716f14b7743c0348a281905ae0615a69487e57985ec3f814d53f76d,d68344073bf664c035c213bbdfb5746d0f7e412e38310e4c3f233f31e085cdd7,0,0.9589767456054688,0.51540607213974,0.07786072002267788,0.0903905221588416,0.35966826713225664,2291,9116,2.9790484504583152,7.9595232009887695,0.0,0.2682348224395969,0.8,0.2222222222222222,4,5.783054501748817,4.261442414630021,104,0.011408512505484861,0.8494953927161035,0.9192628345765687,39,31,18,9,3676,3168,532,368,241,156,127,112,True,False,False,True,False,False,True,False,False
candidate_000787,787,9321787,4c5dcb45398fc1dfbfd857290cdeb7a9fe60b7d59bd00c8da8f6e6017ecc4d65,3253cc0279a110be253241f72f699de43818990a381c829bde4932f248ea813e,a86075d6821db241e8b76c0f7aa6dec8a1a22101feff7d495d9f4b120f08933d,0,0.9402313232421875,0.49748945236206055,0.06357048748353096,0.0696549732929118,0.4212134439109559,2291,13854,5.047140986468791,12.425019264221191,0.01927710843373494,0.335634008586069,0.4,0.2,2,14.635352026100405,12.29464906465747,48,0.0034647033347769596,0.9763967085318319,0.98722390645301,20,15,10,3,8881,4461,125,60,45,44,35,26,True,False,False,True,False,False,True,False,False
candidate_000788,788,9321788,769f5663e94aae4fa5bcd731f14d46529dcf97ed26a16a9ba82ff3fa28602fc3,07bad0616b56104adb815699651dd8de108efe272c3edb262287282427a9999e,ebaa6b8850a4b02b0afb3e5c14488a2aa26bacb0d8a32695bc3462362309ffe4,0,0.9352874755859375,0.506619393825531,0.08716567250336733,0.09270755167473907,0.5931907463989524,2291,14659,5.398515931907464,8.496378898620605,0.012048192771084338,0.5234098171087447,0.2,0.09090909090909091,1,12.121483553124877,26.450787401574804,65,0.004434136025649771,0.9689610478204516,0.980489801487141,25,21,11,1,13972,86,85,61,53,48,40,28,True,False,False,True,False,False,True,False,True
candidate_000789,789,9321789,cae15bf1d4a8faf31e5bf4b5f1e82dd00158f21b686f35e03a2467860867925f,0b1a7092d50cf268c024c661410788c8d601433ba5e9e16b7760b0dd65a30782,cb957412d9a6aa303a6c15260a86f74eb165696e2476cfbe810b3d8643b0bfdd,0,0.9314689636230469,0.49253544211387634,0.06370579915134371,0.06820109024833435,0.49148843299869055,2291,16510,6.206460061108686,3.9247114658355713,0.01642710472279261,0.4087588314405952,0.2,0.16666666666666666,1,17.852061885661332,30.566929133858267,40,0.0024227740763173833,0.9918231374924288,0.9964264082374319,14,7,6,2,16063,165,96,51,36,21,11,8,True,False,False,True,False,False,True,False,True
candidate_000790,790,9321790,750669c7af9e1e699a969217a0bda473b984ee8d3c8dbc94600febadfa4ce5f2,59c36adfd9e6a0fc1d8033780906ae162890990f73b44c3dfbe38d9fdaaa8313,e7c701b0fd89d7dfe711dbc7c17c42c415a6eb3ce16d969177f9de472fc14647,0,0.947235107421875,0.5081420540809631,0.07678174998086197,0.08518046709129512,0.4378000872981231,2291,11775,4.139676996944566,8.224101066589355,0.0,0.3409158025565153,0.6,0.25,3,8.158588087097334,7.007504465061193,83,0.007048832271762208,0.8733757961783439,0.9683227176220807,24,17,12,8,5356,2617,1902,409,371,364,279,104,True,False,False,True,False,False,True,False,False
candidate_000791,791,9321791,75f22acdd568773487dd8c58afddf0e8cd8ac3656816b9ea2d1dff65efb57974,9c8a68668c41da6d34cc3a831d53d23556cafad2d5e207a4c8855fecc2bea731,ec66f668fae09c18d1dcc92f77f0077c9517071e3e6bdde8c425bb0005d5057e,0,0.940093994140625,0.4980129301548004,0.06458485917837406,0.07081325740984085,0.4233958969882147,2291,13698,4.979048450458315,7.838078022003174,0.049281314168377825,0.33732165597494623,0.4,0.2857142857142857,2,10.019415021978933,12.153770981029506,34,0.0024821141772521536,0.985545335085414,0.9916776171703898,19,12,7,2,12867,563,38,32,26,21,20,17,True,False,False,True,False,False,True,False,False
candidate_000792,792,9321792,d4a7e5adca85fd8fc0b573691095fe23b4ddaca4948acba43e32070b599f9e36,58ce3eb2ecfd125e190e9ea29c8115c95e5be7f670e4fedad491b5f236ce20dd,628020e589a8d8eb514ce08dd66cf6ba38b7498c3ad3b8bda91cab400ad11c40,0,0.9140052795410156,0.4784419536590576,0.05562676236862343,0.05929285753319854,0.473592317765168,2291,18299,6.987341772151899,4.892195224761963,0.0,0.3768043791693482,0.2,0.08333333333333333,1,21.31666195469465,28.498031496062993,64,0.0034974588775342915,0.9568828897753976,0.9840428438712499,26,17,12,5,15012,1284,633,581,363,53,46,35,True,False,False,True,False,False,True,False,False
candidate_000793,793,9321793,94a5bbd1ad7e993e1f773bb120df7e22d40f225f077ce8a17d8972457bc0075e,a02662cde1264b8307c5430abf9f6c09f0557c5fe143f911a99d08c17f57266e,91b9bde2744ca4c4879133b89eaa7b62275e530bececd0d9996815929ddea981,0,0.878509521484375,0.460640549659729,0.06108912756736386,0.06267156388942587,0.7075512876473156,2291,25865,10.289829768659974,9.631025314331055,0.026694045174537988,0.6539149466581027,0.2,0.16666666666666666,1,24.315944132725633,44.45017793594306,54,0.002087763386816161,0.9930021264256718,0.9960564469360139,15,9,6,1,25570,47,39,28,27,22,15,15,True,False,False,True,False,False,True,False,True
candidate_000794,794,9321794,2c860435c8ad225dfcd5891cccd6529b4e230fcf180429e3c16a10ac16785aea,a8fd9d8389b7861533763ccf7fe18773409bc11c45985f87ab05d7c411eb99a9,245a930625b0f8cc5c29445690cef4e3d151d951c46bb5e722a1a7dcce41cdde,0,0.9294357299804688,0.49258050322532654,0.06616373979718031,0.07156711925623704,0.4670449585333915,2291,14951,5.52597119161938,5.963688850402832,0.01927710843373494,0.3512463142212705,0.6,0.23076923076923078,3,12.17284891808571,7.483871948219487,73,0.004882616547388134,0.9488328539896996,0.9731121664102735,25,22,13,5,10580,2748,456,402,111,97,85,70,True,False,False,True,False,False,True,False,False
candidate_000795,795,9321795,26bc2e11abcc139264ed191fdc532fa4913f3993ad817f7d64e287ec5dd1da14,4f71e1bf3ca1f9a283195a5c24b9377603b6d5040f9e4e2f5d3bfd505522c01c,74276489ce9964bef6b8a8a9155089a1618767b416c2ac9196bde18a4f24fb9e,0,0.935516357421875,0.5005524754524231,0.07515282272563827,0.08013291584126782,0.5473592317765168,2291,15649,5.830641641204714,6.616024494171143,0.0,0.45307149188066154,0.4,0.18181818181818182,2,9.740632144634546,13.475524143819372,61,0.0038980126525656592,0.9747587705284683,0.986580612179692,21,14,11,4,14067,597,305,285,53,52,49,31,True,False,False,True,False,False,True,False,True
candidate_000796,796,9321796,d096747f35c68d1727d5f43fce768ba07fc0cb6503a5bc1d53ce5d3009100003,6d19f782fdb7cce685bfa9230dd7f708f299b9fe514a4c5d629d511fa269e863,38549439b38f67a3b6d7268a8c89ff48b10046a25e466556299c5ac959415d93,0,0.8946113586425781,0.46715110540390015,0.05537745377892934,0.058001011912975485,0.5504146660846791,2291,21741,8.489742470536884,15.034233093261719,0.0024096385542168677,0.5104158816999119,0.8,0.5,4,6.511206160625228,10.907965707079498,80,0.0036796835472149396,0.9878570442941907,0.9934225656593533,16,11,8,4,13394,4321,3035,727,41,28,28,24,True,False,False,True,False,False,True,False,True
candidate_000797,797,9321797,cc2b1e4deab3a6ab336ccd544016352a2dab4c21c7b48439ed8269d677fb033b,03cd542af35fded0563324071dee8d0a97f00892a2b58d7cff7a7748b952504c,12d0d4b0d37f09d10881a22a8282799d53da7078747732073d17169b9e4d3fce,0,0.9239234924316406,0.4875929057598114,0.06234909051886033,0.06636965958419008,0.5072020951549542,2291,17508,6.642077695329551,9.618170738220215,0.002053388090349076,0.41168782981658836,0.2,0.16666666666666666,1,12.19651046102154,23.484251968503937,50,0.0028558373315055972,0.9897189856065799,0.995430660269591,13,10,6,4,12465,4492,268,103,54,23,12,11,True,False,False,True,False,False,True,False,True
candidate_000798,798,9321798,5d9247c428907c7d0cd324ffacdfbe376bad025c493860bb68ba20951058b681,3afc36e000fd708f103ed5dffb790659d4bb459a818b8992de5c2fd312d079c0,fb8679b623e471ab1d7431070c0d176d0a8afaf204136e23992bb6844a253a4e,0,0.9395942687988281,0.4995408058166504,0.06843620083146786,0.07423338420979603,0.4670449585333915,2291,14414,5.291575731121781,5.540782928466797,0.0,0.35875250248130974,0.2,0.16666666666666666,1,13.224169442590682,26.374015748031496,66,0.004578881642847232,0.9829332593312058,0.9885527958928819,21,11,6,2,13933,135,68,32,28,22,16,15,True,False,False,True,False,False,True,False,False
candidate_000799,799,9321799,f2dc3d8e15f93a30110cb2cad1393f9b260ca4c51d349ac9e1ab6a4c4c616ffb,6e31959085c3a0c3b9edd3e034c9846a9ed58c9364b56af005d5316150aabe10,29ab2e6c5c3002c8cbdd8863049f6d9b4f4f84616579a2450a1b3d9d6023a08c,0,0.9334983825683594,0.48958149552345276,0.05544239338001273,0.060951714485654306,0.38018332605848976,2291,14290,5.237450894805762,8.273576736450195,0.0,0.2617726757270917,0.8,0.3333333333333333,4,9.817958424138627,7.237764549354885,98,0.006857942617214835,0.9256822953114066,0.9737578726382086,24,17,12,8,4980,4595,2926,727,246,180,135,126,True,False,False,True,False,False,True,False,False
candidate_000800,800,9321800,2276806792f2c82ca3613928ed9c2e0e11428c18822330a5df001cf61ce3ec17,20b9eca8fcbf20ab95f986e58873e57775d6b9b921d2e89431ff85f2ce1b0ab3,ea3571d2058e7d59b2752f161ba1b1fb45faa9727e4a5efcc67e11ab06e11469,0,0.9303932189941406,0.4965746998786926,0.0728986936159724,0.07824074074074074,0.5163683980794412,2291,15120,5.599738105630729,6.473122596740723,0.13253012048192772,0.43066542161626176,1.0,0.4166666666666667,5,8.80802671797468,6.054228153420996,66,0.004365079365079365,0.9192460317460317,0.967989417989418,36,22,12,7,5191,3670,2713,2325,369,161,120,87,True,False,False,True,False,False,True,False,True
candidate_000801,801,9321801,ba31c8bf93c4be15f2eb1825864e35c5ffce42b9dd8e2b85de81172e0b7b59eb,4e2ba723bd0cf620a633403b633af6ea399ce77936e3c10a03efd2fe350e54fe,37d0351fa583e3f83a8ccc708c39122e8bead7a2beb306d180bd212598fb2a5d,0,0.9122390747070312,0.4757172763347626,0.052132228103465496,0.05559401459076628,0.45569620253164556,2291,18779,7.196857267568747,8.433618545532227,0.0,0.36728609995983624,0.4,0.5,2,10.37216185224739,18.854681264157048,75,0.003993822887267693,0.990521327014218,0.9933968794930508,15,9,4,3,13054,4111,1361,75,17,14,12,11,True,False,False,True,False,False,True,False,False
candidate_000802,802,9321802,344024ed521a144101468fb1c3bde98e5dfdab9d266e5b915811e939ba898ed0,0736ced7b030876ac8fc075e60d8dbdac146b8443f8dae53ec13730ae89adf07,a7de3fb6a446241388943152b9e3ff9611b9409ff19f50a96fa6f17f50d597df,0,0.9330406188964844,0.5042019486427307,0.08541643313529873,0.0892532942898975,0.6652116979484941,2291,17075,6.453077258838935,5.202531337738037,0.0,0.5972211086025363,0.2,0.16666666666666666,1,16.450360724786677,28.334519572953738,30,0.0017569546120058566,0.9913323572474377,0.995900439238653,13,10,6,2,16513,346,44,24,23,21,18,16,True,False,False,True,False,False,True,False,True
candidate_000803,803,9321803,58f7cc8746f7d003f2fe01b46fffe18755c5259ec8458233042e401477c6ac6e,99f311c4936c1527a1a8cf46034d3d4f7efdbd267d4e21133316787a9d9f5258,df8a2a24729abf028e23bc4f24c3ad7c8684b28e7b7d359676d58add0117f4b3,0,0.9603958129882812,0.5265283584594727,0.09852485885995264,0.1107131893993656,0.47228284591881275,2291,9773,3.2658227848101267,10.904549598693848,0.0,0.36347133955136485,0.6,0.2727272727272727,3,5.631506297964883,7.5173549441088054,53,0.005423104471503121,0.9550803233398137,0.9802517139056585,20,15,11,3,5315,2220,1711,88,82,58,56,50,True,False,False,True,False,False,True,False,False
candidate_000804,804,9321804,3b37d0cf13b2ce34fd653c5006f08fd9f17e7ed7de763e6918c0216f8313378e,b510f2c9d19f2cd3ac66235d624c6fbf2230e8826b031ca1c1f2e5c704f5dd78,1450ed1389af2c487ff4c1b2626f34e9441f47b7e798bbab24644c6fafbef404,0,0.9211654663085938,0.48537957668304443,0.061301016249116894,0.06543682561782109,0.49236141422959406,2291,17238,6.524225229157573,5.205287933349609,0.0,0.39863038927024497,0.4,0.3333333333333333,2,9.756407964616688,15.415050754197894,68,0.0039447731755424065,0.9864253393665159,0.9935027265344007,16,9,6,4,14221,2029,642,112,44,41,19,18,True,False,False,True,False,False,True,False,False
candidate_000805,805,9321805,f48bc16e405c850a42b9ae1f92f552c3d269b02f1c5a0b033c97597a059820f6,262d3c6d61b0243250b7608067d8fedfc45b17339a9be6839cd307266068027a,11173e2963f7807bde931876df29d7229c97b820bf4d86ae12439f782c958fd6,0,0.9418258666992188,0.49918827414512634,0.06511528608027327,0.07218365414957399,0.39938891313836755,2291,12676,4.532955041466608,6.550409317016602,0.0,0.30605881574379035,0.4,0.3333333333333333,2,12.925392520515555,9.810701375851151,53,0.00418112969390975,0.9796465762070053,0.9898232881035027,20,11,6,4,10246,973,845,354,60,39,16,14,True,False,False,True,False,False,True,False,False
candidate_000806,806,9321806,341992949b55342a2590dac8d086e28600700eb9d1a8e9b6bad072deb1212a72,af0267c142156e33a117273a694694ba376a57cdf93b606f70a915954f7f03e1,8a7f4306884fa15040a77ae9703f560c4a51df15a3836098432cef4526ab8937,0,0.9125747680664062,0.4780597984790802,0.05643788996029495,0.06091588098444962,0.4343081623745089,2291,16334,6.129637712789175,6.5956597328186035,0.10507880910683012,0.3486333481150903,0.8,0.5,4,10.433262364627046,9.940114220802709,70,0.004285539365740174,0.9788171911350557,0.9917350312232154,17,12,8,4,7196,6913,1779,100,80,63,40,28,True,False,False,True,False,False,True,False,False
candidate_000807,807,9321807,8254e802efa2ff9b2725b26059844963bec24628d8d70b4908cb213c5f40c9fd,6cc60b9466fed1a06bc95b87054e5c7eb05b7a4bdfdcc7beb7874822d0c96ca9,604e8765c844a451eadc71e70183d798c8ad9900f68b1e02a90d8928cad2fd8f,0,0.9307403564453125,0.48995429277420044,0.0593723998573636,0.06431054461181923,0.436054124836316,2291,15534,5.780445220427761,13.71912956237793,0.0,0.33506716816096377,0.8,0.4444444444444444,4,6.801416829975793,5.14936507600918,61,0.003926870091412385,0.8146646066692417,0.9918887601390498,16,11,9,6,3856,3188,2813,2798,1746,913,71,23,True,False,False,True,False,False,True,False,False
candidate_000808,808,9321808,8902bb2d4157abcc2004f10f6e2a60eabbc07be27e898ac4a4c4cdb57b0b7b57,ce97c9396c96fd880eaeae4b69e9eb809acb13bf924a68fe794334c25c9ce834,d97a35fa0035aeb6af40f55a58230129be005d97f130e24853c433a92b90259a,0,0.9253005981445312,0.4885956645011902,0.06298286865972455,0.06738140872065165,0.49105194238323874,2291,16696,6.287647315582715,6.220531940460205,0.0,0.41828917189045334,0.4,0.25,2,13.303712196496615,20.85163412792579,42,0.002515572592237662,0.9832894106372784,0.9943100143747006,16,9,8,4,8850,6845,467,255,82,38,35,29,True,False,False,True,False,False,True,False,True
candidate_000809,809,9321809,35416918e6062dc1fee847b9b6c6fcbffdf98230a822a5e0daaff1db035b3835,e9b84f6c6020d784334e4a1bb25b6e064fbf441337d8172afdd5387b1a22b0ce,067b4970eefabc9d030b1370e99e06fc36a33c82763e46872acc93489265d307,0,0.9321174621582031,0.4914451837539673,0.06073255335410665,0.06558313757856644,0.4508948057616761,2291,15751,5.875163683980794,6.599975109100342,0.03132530120481928,0.34894128281551207,0.4,0.18181818181818182,2,11.362604466642754,11.055625394104998,67,0.004253698177893467,0.9429877468097264,0.982032886800838,21,20,11,7,11368,1802,1187,496,312,135,104,64,True,False,False,True,False,False,True,False,False
candidate_000810,810,9321810,a32b73edc65fd736fc972b2b4a6505a858fbea97309b10d6c9bf07b2b4c7d4a5,c9dd408a2fe4dab1ae85068e5cb878b230fdab87f06e85f3f90de148a7e5275e,46511821b30bc90b68d28092cdaf2de770a47b489cc1014b4104df0b5967ec00,0,0.9501991271972656,0.5205919742584229,0.09834994281980068,0.1079336620349619,0.5255347010039284,2291,11155,3.8690528153644697,7.72503137588501,0.0,0.430326365640675,0.6,0.42857142857142855,3,4.443116892316213,5.5210429900864355,107,0.009592111160914388,0.9121470192738682,0.9834155087404751,20,12,7,6,3888,2874,2215,1198,636,120,21,18,True,False,False,True,False,False,True,False,True
candidate_000811,811,9321811,b355a6d01146d3a20d4b43956c92d926c6b97cd0e34a4e0db9c4ec5eecf7d1bd,e8009bccb422780d1fd10103979dcd16bfb108ae448f419d08ee841834f47110,de2dfcd0dbf65ff1c85ab07a106a82f6377577945b31e3d39ad6c954b1cd242f,0,0.9368667602539062,0.494723916053772,0.061829000129349374,0.06767183407659093,0.41728502837189,2291,14127,5.166302924487123,8.390641212463379,0.04096385542168675,0.3166055946836042,0.6,0.375,3,13.415032604297744,7.6860154642259735,47,0.0033269625539746584,0.976782048559496,0.9946910172011043,13,9,8,4,8197,4653,816,133,78,78,61,36,True,False,False,True,False,False,True,False,False
candidate_000812,812,9321812,f24007c5a560cc5dee11c3f9fd4dfe7f06cfe8c4581baf99cbba09dd7347475d,6001fed3536043cc7709132bdd6ab9c9fbade96af320b21f81c4a9685efcbec0,ed8c6790f96f6877b378518be4f6cfd967dac66330be191609643f4dd8c656e3,0,0.92510986328125,0.48687630891799927,0.05911783311288746,0.06374798462110877,0.4487123526844173,2291,16126,6.038847664775207,8.026693344116211,0.15236427320490367,0.3621845300706482,0.6,0.25,3,9.978180812323144,12.426620113457943,117,0.007255364008433586,0.9116953987349622,0.9750093017487288,31,19,12,7,9038,4164,916,584,424,423,114,60,True,False,False,True,False,False,True,False,False
candidate_000813,813,9321813,ef0d0ef5235846dc263835cfa09ac010b86f73028cee3ab2baf721894b24aa0f,a9b2367af49003b61f2e26b842455665a5b214807cb9acee208137a72ed6499a,6d2d6362e1b1f4be3eaef47ed862130cc6534238caaebd2f3079ef4c427c257b,0,0.9278907775878906,0.48824551701545715,0.059247397918334666,0.06382847637237385,0.45220427760803145,2291,16231,6.084679179397643,7.432847499847412,0.022587268993839837,0.3582360051252453,0.4,0.2,2,11.599675114728809,14.389436486101888,73,0.004497566385312057,0.9760335161111453,0.9839812704084776,28,15,10,4,15009,296,295,242,49,27,27,26,True,False,False,True,False,False,True,False,False
candidate_000814,814,9321814,408044694988c64e719b22aa681c0fa657ce01abae83e47f685d2d74580ffc66,a7ab2d3590d99ffe7e7821d98a81a0d5e57c18c790803b5e8581ad8e4a002d43,1e3ffacb3fab0ab40a5ac492a7d3e813fc9115a99c7ab91b56b71a3e93b15411,0,0.87847900390625,0.4493839740753174,0.03757111675671807,0.039317007414064256,0.45831514622435615,2291,26706,10.656918376254911,12.23979377746582,0.0,0.3516126197092414,0.2,0.5,1,25.36931290377213,50.11614173228347,79,0.002958136748296263,0.9943083951172021,0.9959185201827305,12,7,2,2,25994,527,19,14,12,12,10,9,True,False,False,True,False,False,True,False,False
candidate_000815,815,9321815,6d35bbc5b027b287b424252029fd9deb9bd703db4264755ab47de35c469de769,f37125153fe7468e17e6e14671dddefa16552505ecfa690beed1fa12d0fe97d0,463b6cb3871bb28d792b4bc4595ebf0e2f711aee6a3e0f7f757f5d8fb4f3dafa,0,0.9365463256835938,0.4944969415664673,0.06176490817800399,0.0683097520158223,0.39196857267568747,2291,13146,4.738105630728939,8.138093948364258,0.0,0.2820254103093925,0.4,0.2,2,9.031962183860578,15.462611908100529,38,0.002890613114255287,0.9577818347786399,0.9880572037121558,18,12,10,5,6246,5900,248,197,179,90,71,58,True,False,False,True,False,False,True,False,False
candidate_000816,816,9321816,d2f9b1e790253adc1ee860af68075b91f36c9788d4ad2e787d435625aea110cd,7730cf910b9356e8431382203bbbacd8550a84c10d464ce363d08da1d4087e9a,5fdf8492e42d41cc14622b3d9dc6b315b4f409e16c08f255fef469b93c9aa216,0,0.937835693359375,0.5027198195457458,0.07683975788467665,0.08254620123203285,0.5264076822348319,2291,14610,5.377127891750328,7.80673885345459,0.0,0.45865937403694795,0.4,0.2,2,10.274617895290628,19.00029662388092,52,0.003559206023271732,0.9702943189596167,0.9868583162217659,18,12,10,4,9357,4082,540,197,82,68,47,45,True,False,False,True,False,False,True,False,True
candidate_000817,817,9321817,8d34ccd5c6f8d22be92c181cb1421e82ee55a45ad6716a2ab961b83dafe25041,c3c65be5f0828b6d5dc359ec030854acb5aef216232339e9c6eece6952285cb6,21480d4d1160ad9086282d9a756956f74cfebdacf146333fc691d482a08a27a3,0,0.9184684753417969,0.47690606117248535,0.04739132513987853,0.050532864208862376,0.4325621999127019,2291,19611,7.560017459624618,4.58424711227417,0.0,0.32362572383256993,0.4,0.25,2,9.235817327823066,21.301895696257144,82,0.004181326806384172,0.9847024629034725,0.990311559838866,20,13,8,3,8482,8172,2586,71,36,26,25,23,True,False,False,True,False,False,True,False,False
candidate_000818,818,9321818,3955131ee7767bc37c49e692746612cee506bfd9244e1d3bdb08855edbf55f69,6e7b98e55f3ba0a326853e43bb9d6b1925fb9289d022e8d06bbc407864adecc9,e4aa1d78a1ec7c2a4e1e61fcfcc3cf9104c5e32524f89bba14826e135be0d272,0,0.935455322265625,0.49897825717926025,0.07198349113862589,0.07715828508229783,0.5176778699257966,2291,15371,5.709297250109123,6.204073429107666,0.1566265060240964,0.42689252586718585,0.4,0.2857142857142857,2,10.37475623161193,10.271366554026741,32,0.0020818424305510375,0.9667555786871381,0.9945351636198035,14,11,7,7,10881,3397,401,181,166,143,101,17,True,False,False,True,False,False,True,False,True
candidate_000819,819,9321819,9426172b83a17cc3a54517a1016d54084c8aa65da19215057bc0764589d0aa35,b5c6894a613c3953a1a6eb99046ffb7ba3116cdcc93988b1573d0fc2548c8469,2c568a610163e2f813455d37521290904d45a1c6feb7c5a962fa6601c291f6a9,0,0.9116554260253906,0.4800262749195099,0.06158132385435681,0.06471805744863446,0.5595809690091663,2291,19809,7.646442601484068,6.935296535491943,0.07802874743326489,0.49733724614977276,0.4,0.2222222222222222,2,12.8009155968797,17.373238153949618,112,0.005653995658539048,0.9845524761472059,0.990307436013933,16,13,9,4,17699,1325,253,226,40,27,24,23,True,False,False,True,False,False,True,False,True
candidate_000820,820,9321820,865b9df0ad0c9a2e436625e8a8f28f82b1a187a5cdcfc0ea4d5d0762bd6b0d65,7d533cbadf5abd75b6790038ff08f1a5b8f119eae37ef9970801241065698750,9d87755edced44fbe23c1f4a46174f4b2b7e915772212f7dd13c7469c2e71d22,0,0.9405059814453125,0.4939981997013092,0.05623161273067665,0.06226862135347253,0.3670886075949367,2291,13506,4.895242252291576,7.39459228515625,0.0,0.2559542964767096,0.4,0.2,2,9.897531432448345,15.308030417430697,53,0.003924181845105879,0.9643121575596031,0.9866725899600177,16,13,10,4,7021,4388,1497,118,88,79,79,56,True,False,False,True,False,False,True,False,False
candidate_000821,821,9321821,55508aab27560ca3e30e8b9200f1c70828035299a4a526932f5b9e28735fa46a,052f6fd75ed8865b2145b34084c87988b4edb7cb7eca456bacf2e9e477096f21,c448a371b682d2f0f491dfb5a92a208b63329d2933265cb173fd4b86acb346b4,0,0.9104423522949219,0.47281426191329956,0.04840227891999009,0.05177256107254517,0.42645133129637713,2291,18871,7.23701440419031,8.23558521270752,0.0,0.3498317129401664,0.2,0.16666666666666666,1,19.732553312875087,26.96797153024911,89,0.004716231254305548,0.9894547188808225,0.9932171056117853,17,9,6,3,15745,2215,685,27,23,22,14,12,True,False,False,True,False,False,True,False,False
candidate_000822,822,9321822,4261b992b127c5a79211354fd2f47fcf7e370ee85e0c006f8953d486c1d8c1db,e325d84640833650fa8cb97796e8c2efb15c917787e8bba33dbcd7ede9c86b8e,5b73bfacfc7a7735319243cc0f7fb1ed200f3bff5eed14d0a662f5a114117603,0,0.9553909301757812,0.5244236588478088,0.10005522827687777,0.11252587991718427,0.4744652989960716,2291,9660,3.2164993452640767,6.600305080413818,0.0,0.3739980328006919,0.4,0.2,2,5.300509112416169,8.93497195556035,63,0.006521739130434782,0.9212215320910974,0.9674948240165632,28,21,10,6,4851,3033,739,276,172,104,93,78,True,False,False,True,False,False,True,False,False
candidate_000823,823,9321823,c81c453b90da0413319f648a45aaa7bd754bda54e7c2c8211054085a6e2eed9e,c324ea0c6f44bb51fa9d042529750ddecefbb4c406ffd77afcc53dc83561b639,189c9c1285749263042817d31c29fbbe5f9700445155b82bf0861ffece16b50d,0,0.9442977905273438,0.5148676633834839,0.09375898763301697,0.10092098134819287,0.5691837625491052,2291,12921,4.639895242252291,7.9906206130981445,0.0,0.4622036401575843,0.4,0.2,2,11.593427670825598,9.063023650068653,31,0.002399195108737714,0.963779893197121,0.9927250212831824,12,11,10,6,8073,2952,1251,177,161,153,31,29,True,False,False,True,False,False,True,False,True
candidate_000824,824,9321824,9a84179c49c736029e419f908708f3fc88205140a073c57ec9fde5f432a0b767,e32af95eef7a744c0228d4c88e8452b2f5c8c24316895b7186058695102971aa,5e3e8df1be166cb3d7e248df2c36066fff06bba6efe982472c1fb04c7b55da35,0,0.9513969421386719,0.5126814246177673,0.08113369150510005,0.08987407279627393,0.45482322130074204,2291,11594,4.060672195547796,7.689140796661377,0.0,0.35332918934849106,0.2,0.1111111111111111,1,9.499648965459828,19.39763779527559,45,0.0038813179230636537,0.964205623598413,0.9805071588752803,24,16,9,4,10389,365,238,187,75,60,31,23,True,False,False,True,False,False,True,False,False
candidate_000825,825,9321825,55d9aabb4495e62fb7f04c04d861d99314d024be559929390a870dd8e56f9f0a,473ae95dc8746a26c6913c698aad80751149545695f9bedfd1f2d5f8953d6714,a8c2795bbd2b0f31728ee01e08a215caf4bddf31bbdf5fbc8b4c378402f82dac,0,0.9496688842773438,0.5160489082336426,0.08989169675090253,0.0972352389878163,0.5434308162374509,2291,12804,4.588825840244435,5.475123882293701,0.0,0.43548583695467763,0.6,0.21428571428571427,3,12.162289113239856,6.883934910207142,129,0.01007497656982193,0.9465010934083099,0.9639956263667604,34,20,14,4,7384,4427,202,106,68,63,49,44,True,False,False,True,False,False,True,False,True
candidate_000826,826,9321826,e20d8ac57fc5ff32e71c273f417a5a17ce571bbb34e00a1727b0831fa469df46,e4e37c1b866ab4de22b0e6018bbcd3202cda2fdef468688d987a967cb5338233,059482831f38b95873a92ee7439c26ffd3a2e1ef14219ab443478e79b64bcb07,0,0.9528999328613281,0.5370544195175171,0.12804930983592325,0.13781182845931048,0.6438236577913575,2291,10703,3.6717590571802705,8.387345314025879,0.0,0.5696173067205732,0.2,0.1111111111111111,1,21.49878560536331,17.364173228346456,38,0.00355040642810427,0.9577688498551807,0.9839297393254228,22,13,9,5,9356,507,252,136,114,75,53,38,True,False,False,True,False,False,True,False,True
candidate_000827,827,9321827,45a937cb51266c291c3e65208e57573e67d74cb11533ba5d167d4d006f730a1d,3fc6d8a37e9460a20cd31bd6adad2ea8f0ff417d33e47510b6fef548df60419b,59ed54a0e8a05d97fae0b89ec5c813cb629fbc52d776b16a0ac9f4de6aa681f8,0,0.935882568359375,0.49938637018203735,0.07243582017596721,0.07752337955498226,0.5246617197730249,2291,15505,5.767786992579659,7.601498126983643,0.007228915662650603,0.4363706914285053,0.2,0.1111111111111111,1,16.023693693466928,24.311023622047244,57,0.0036762334730732022,0.9773621412447597,0.9904546920348275,14,14,9,5,12885,1516,566,187,130,29,24,20,True,False,False,True,False,False,True,False,True
candidate_000828,828,9321828,3a0a43eb439e4f6493318935aa110b529b8808eb7a7b8b34b22ee81a1b8283ee,4b2cf303b4d41458ce1d0da87b5170d8b7526f1d93b4c502f6ce4cc069c91acc,8cd42584ae657caee173c8d3259e2f282fd1627b5f7aee7651982c93d39237c5,0,0.9380455017089844,0.4936184287071228,0.058128226228772346,0.06555302455074664,0.33915320820602357,2291,11853,4.173723264949803,9.201900482177734,0.0,0.22473971602772833,0.4,0.2222222222222222,2,9.157776361832234,14.620836771744512,54,0.004555808656036446,0.9399308192018898,0.9902978148991817,16,11,9,6,8669,1164,676,632,392,147,32,26,True,False,False,True,False,False,True,False,False
candidate_000829,829,9321829,456b59c2efe258a89e504f8f2670e62fee1ad4c90184ab8c4df60fbc2876a2a8,deb3b08633671d93d72b7c33c870f5368ba9888a87e60c4c023bdaaeaff93677,45014d932babc5838e0bfbac7155f53ed2a0b5db053f1ce9168763c4259fa38e,0,0.9316444396972656,0.4974161684513092,0.07338983050847457,0.07774718697629877,0.5670013094718463,2291,16708,6.292885202968137,10.626729965209961,0.3710843373493976,0.5027704361303755,0.4,0.4,2,14.391505697473704,15.105125816123518,45,0.002693320564998803,0.9879099832415609,0.9920995930093368,18,12,5,2,15871,573,33,29,22,19,15,14,True,False,False,True,False,False,True,True,True
candidate_000830,830,9321830,fc19ad226cecc36e17d411128c7913e4a962559e050225765ef394861414a591,27c519f3966eed4c2b4e9360a91b12ea519b58c06fe73574b574913186ba733f,ee0a1be5d9cb76b6ad1e3a36fd3d5b1f3181b875845e68d056f081ce05db1f6d,0,0.9198799133300781,0.48133406043052673,0.05466753520068147,0.058164951751346165,0.4762112614578787,2291,18757,7.1872544740288085,7.416646957397461,0.0,0.402288135084791,0.2,0.2,1,21.635296941425494,32.868110236220474,64,0.0034120594977874925,0.9906168363810844,0.9940822093085249,15,7,5,3,17232,1176,111,62,28,18,10,9,True,False,False,True,False,False,True,False,True
candidate_000831,831,9321831,dd383178610ab5aecc1400f19097b59f3a0a4d3f95f08b399484de64516f278a,fc50e74049d1a477f931bc2ccc084e857f7c7e661ffaaf11fb85ab7cba19d90c,4ac0cd1bdb3f7873b5596c9f0e1fc4509814303cd5a62b3d244d2c5bce99d039,0,0.9128761291503906,0.4822232723236084,0.06454607641942735,0.06775748871563397,0.5766041030117852,2291,19496,7.509821038847665,8.097290992736816,0.1026694045174538,0.4906810901103954,0.2,0.2,1,19.594870541933542,35.29724409448819,71,0.0036417726713171934,0.9847661058678703,0.9892798522773902,23,15,5,3,18466,517,167,49,36,18,17,17,True,False,False,True,False,False,True,False,True
candidate_000832,832,9321832,96cff019465b9c89ab7ab2a7af1e1789afec783eb3aaa7a5fff18588a4f8d26d,94927b460c0446b66f107e0f127930e0ff837efd781c0900546fd2d30b0dcf86,298736da570c135dfa2a3dd01851c6481e977727a22f08552f78ae3a0fd9b65e,0,0.9524612426757812,0.5149917602539062,0.08453111646336726,0.09324648611587247,0.47490178961152335,2291,11668,4.092972501091227,10.973708152770996,0.0,0.3878098651397705,0.6,0.2727272727272727,3,10.069897761868958,7.4326793341345665,31,0.0026568392183750427,0.9472060335961604,0.9897154610901612,14,12,11,6,7584,2620,527,321,228,156,86,26,True,False,False,True,False,False,True,False,False
candidate_000833,833,9321833,f023287d0720a0b1087f8087c58648204211387d23daf2d6798747ec489e5e6a,ea75e2d1f1d686ef7769960958dd2040406ef45f0aeb23d6b52ffb9c9e9d18da,2739f78fca1154561e0f6aab78162108438651b1c54b6870389795c9b1e1ffe6,0,0.9122505187988281,0.474369078874588,0.04945941979355217,0.052763425708470334,0.44129201222173725,2291,19161,7.363596682671322,6.884451389312744,0.002053388090349076,0.34102808936327933,0.2,0.2,1,25.50082613155004,35.07283464566929,81,0.004227336777829967,0.9926934919889359,0.9957726632221701,9,6,5,3,18352,365,241,63,34,11,8,6,True,False,False,True,False,False,True,False,False
candidate_000834,834,9321834,546bc9fec82630e6671ac02f6e5757c68df33e2348d99891c8e93d712763394d,f4193825a0729a8e15430ac36dd850222770c14ea9d2eaa7065535da47b8bcc7,0cf54e639ead223723c18eceb10cf55fc2bebec3489186363d179676ce42b79b,0,0.9313621520996094,0.4926527142524719,0.06411328871892925,0.06914550844180951,0.46835443037974683,2291,15518,5.773461370580533,6.192093849182129,0.0,0.39191567273133765,0.2,0.08333333333333333,1,13.87358174003333,22.590551181102363,74,0.004768655754607553,0.9217682691068436,0.9817631138033251,21,18,12,7,12011,890,832,571,536,204,107,84,True,False,False,True,False,False,True,False,False
candidate_000835,835,9321835,38e5babfa2eb8a8bf7d43d5a515e67749a934e2dffed29bb0ba738e47f4b513b,2f71dfd89733c7958f078cfc7d7f21115fa8f6d22d587c054b8f3e0c4a91b5e8,165755fb6540bf79409b3ae7034db8249392ac522db6bf01f00a1facd68568f4,0,0.9387435913085938,0.5069888830184937,0.08431357668665099,0.09260648495457198,0.48494107376691403,2291,11997,4.236577913574858,9.054366111755371,0.0,0.4069605485960852,0.6,0.17647058823529413,3,6.6301495228855645,5.965069681787231,62,0.00516795865633075,0.8943069100608485,0.9587396849212303,25,23,17,6,6533,2013,1419,764,386,211,99,77,True,False,False,True,False,False,True,False,True
candidate_000836,836,9321836,dee88b084c2faa5261022579bd6c4e54ab32c3131a2473b7b295804ad5a8ed2f,d647b9effe42fa134ceb69d67a99f3b916d34da6054d2ea208bd440256585641,28344c658130499167731dc2857b98ad96c51a2a459e75d28f866506e14bb05b,0,0.9433250427246094,0.5076243877410889,0.0802748711541465,0.08905830373386468,0.4487123526844173,2291,11543,4.038411174159756,6.422641754150391,0.0,0.34210824946562923,0.4,0.15384615384615385,2,5.507820844815946,9.533140977240858,53,0.004591527332582518,0.9580698258684918,0.9804210343931387,20,15,13,4,4795,2618,2400,1246,74,69,67,48,True,False,False,True,False,False,True,False,False
candidate_000837,837,9321837,ab4b199a534d7f1dea66debf26df2de486b5fdd26420c07266db5b21c1e6fdcf,8f32bb9df927a3e1f7977757559fc6b7236ad6c9904fcc10d8c94e61de76104b,75b62ce9353dd382b9b27806622f5463c7c32691896a2a7f8e332c0c57c557e2,0,0.9386253356933594,0.49742400646209717,0.06503112413035518,0.07247796278158668,0.3876036665211698,2291,12252,4.3478830205150585,5.085095405578613,0.0,0.2830410219400469,0.6,0.5,3,10.125509811419755,11.120493047555911,65,0.005305256284688214,0.9853085210577864,0.9924910218739798,14,7,6,4,8087,3544,285,156,34,26,19,9,True,False,False,True,False,False,True,False,False
candidate_000838,838,9321838,3c24779778a8f3a2949a08497d03ebfa70fd8b55ef94ab660d4faf3676281bfe,86f59121661f4c8472acdefe14042bd9aa47e81f45cf6214396f27e2fa5d8481,0d52eaa4a62d753457df4387f1be5a23724b2cd852e435df27dfc251b4e25700,0,0.9429855346679688,0.5069599747657776,0.07942657884540875,0.08526863084922011,0.5368834570056744,2291,14425,5.29637712789175,4.072146892547607,0.0,0.4497420454122023,0.4,0.3333333333333333,2,14.197231699391264,10.21170174012946,35,0.0024263431542461003,0.9887694974003466,0.9955632582322357,14,9,6,4,7500,4637,1590,536,47,20,16,15,True,False,False,True,False,False,True,False,True
candidate_000839,839,9321839,dee62f3bc346397ec22121c236cfb44b5dca4b1d7a53ab6073930db6f2503c92,cf566df21f4e5dd1c498be4e83ced4d6f252487a4b913ccd4cfee32771a6ffcd,6595c74d4468490b7fcd61e8264492d467429ef1890040acf6a8dc2afabed673,0,0.9492607116699219,0.5088323354721069,0.07591391509433962,0.08369220768668238,0.4495853339153208,2291,12307,4.371890004364906,4.177929878234863,0.0,0.3778340283258866,0.4,0.2857142857142857,2,7.118392958456503,11.28190055010247,36,0.0029251645405054035,0.9679044446250101,0.9913870155196229,15,12,7,6,6216,3619,1071,1006,133,108,29,19,True,False,False,True,False,False,True,False,False
candidate_000840,840,9321840,021e72b29e40d2a7d2f52950374d4a066e0187bbb2d83742bbd30f5daf4d94ea,92fed022aa6abcaaa2474ea592f9466d092381272ccf1601092e029d9d627d13,fe34c276b68bc478e4beaeeae1bdcdaa1149433413da5890af769307df3898a3,0,0.9375839233398438,0.5009971261024475,0.07357054576205035,0.07957503693801449,0.4936708860759494,2291,14213,5.203841117415975,6.755137920379639,0.0,0.41039149535300556,0.4,0.25,2,15.060264655929217,9.031142292711632,56,0.0039400548793358196,0.9623584042777739,0.9878984028706114,24,14,8,5,7130,3772,1614,1162,278,36,25,24,True,False,False,True,False,False,True,False,True
candidate_000841,841,9321841,08fcd775a755100f37d0f572c311dd38032bc2e4a98386146ae13eb5c5069970,eddd96b6feaf66d91d4422a79e0f1e66f9805b932bda18c4bbec3b87eca37270,6a53735695bc277076a4565279888bd87132479322984522288c146999a6d204,0,0.89508056640625,0.4611014723777771,0.04267072292050276,0.04487098539377868,0.4652989960715845,2291,23757,9.369707551287647,10.284958839416504,0.0,0.3852287316103094,0.2,0.25,1,16.55324239569362,43.93700787401575,69,0.0029044071221113778,0.9937702571873553,0.9957486214589384,14,9,4,2,22855,663,59,32,15,12,10,10,True,False,False,True,False,False,True,False,False
candidate_000842,842,9321842,096f56b0dd584f5def6cdffc2a6b139ac9f5cfe8e0b6d4abed7f3f94ab25df79,bec7b3184614399fdcce72fb4172466ea13c8890d18ab750230690f8ea14f79a,146ec776323bb42632b22b275ca7941e14988e1776140ce8acf13b83f2587ddc,0,0.9334945678710938,0.49503588676452637,0.06619991248359067,0.0717236708432103,0.4622435617634221,2291,14765,5.444783937145352,9.031020164489746,0.008213552361396304,0.4096687550652318,0.4,0.2,2,10.99323933737517,14.748611260921152,57,0.0038604808669150015,0.9702675245513037,0.9842871655943108,24,15,10,4,8456,4356,1378,136,64,60,49,34,True,False,False,True,False,False,True,False,True
candidate_000843,843,9321843,0aa1413dbf4224c31758609c479e917e51d768bf4edde3aca521f5199809e526,f201c859bc441b3c302023ab2113c087d6eba07e5b1616b6ced327f9b4071b3b,2b80a0961dbc9df11e5df74e0e3f022b92755ad5a2792f88d486a5796d64f3ed,0,0.908111572265625,0.4800121486186981,0.06554547466253596,0.06798255680514115,0.6464426014840681,2291,21785,8.508948057616761,5.412731170654297,0.024640657084188913,0.5842548224567817,0.4,0.3333333333333333,2,16.43386547449705,18.09766861882478,74,0.003396832683038788,0.9910488868487491,0.9950424604085379,14,10,6,3,16324,4673,544,49,29,26,18,14,True,False,False,True,False,False,True,False,True
candidate_000844,844,9321844,10360c74c9f33b271ea0f7f775cb2558a2abcf425022c6c5d2029696251ef634,3ec5e46ef5d31b8b7c586657665e480fa8414c4bf43115a378635ad76e20c69e,b49c789f02aa90ca105cec4a3f501896465c501d01af2b72f178429684b1caeb,0,0.9552230834960938,0.5156956911087036,0.08255704640629007,0.09309946029298381,0.4216499345264077,2291,10376,3.5290266259275427,4.137838840484619,0.043373493975903614,0.31129740912632853,0.6,0.375,3,10.676850871771727,5.522898885434832,43,0.0041441788743253665,0.9682922127987664,0.9907478797224364,14,10,8,5,6647,2864,351,185,137,38,29,29,True,False,False,True,False,False,True,False,False
candidate_000845,845,9321845,bf5458bd33e9b19f1cb0a816166fb18017e9cef69ca46bdad01766df1372e58b,2a6b26e60eed0c1e1a650fb0246865c2b7c206040102baaed1822db6f2f15caf,ce23274cc90a6a3630c19e5688239563f14ef0c6ef174b57e8381ba3313ab70c,0,0.9375,0.5003718137741089,0.07251331273420551,0.07865649290451401,0.48144914884329987,2291,14023,5.12090790048014,5.063313007354736,0.2,0.3980693017211067,1.0,0.4166666666666667,5,7.669648010937574,5.303422756020386,61,0.0043499964344291524,0.8826927191043286,0.9730442843899308,22,18,12,8,4602,4344,2446,986,655,258,225,129,True,False,False,True,False,False,True,False,False
candidate_000846,846,9321846,244ab8f189f1c5ceb91021c55cb03f056b874dd0f7f1e4e639805585b8e77f1d,5134db4af42154c0784bdddcf68a1967337bf9dcbec61d18c1334383dab8df0c,31bb164eaa439b47c1ea87605b626b010ff3596fc0c4a825be7e82cd407f356b,0,0.9552192687988281,0.5172184109687805,0.08582988980716254,0.09658980817670994,0.4351811436054125,2291,10322,3.5054561326931473,5.98966646194458,0.0,0.3333652318542582,0.2,0.14285714285714285,1,16.060439956962178,17.208661417322833,20,0.001937608990505716,0.9821739972873474,0.9944778143770587,12,10,7,3,9277,564,238,59,56,36,23,12,True,False,False,True,False,False,True,False,False
candidate_000847,847,9321847,7e158ce6e19bf745656d422db2c5c56be6ad9f13f86688cce094bd25273302fe,630fd70bc71fec09dacdd309450ee0d8f75df06b94771959ecd4baeb2b94ad9c,d3b83c13f77a06ac41c5c84c44ed40271c17fd589c325777363acc10e33219b4,0,0.9413032531738281,0.49255192279815674,0.05230413079649859,0.058996328029375766,0.3155827149716281,2291,12255,4.349192492361414,8.992441177368164,0.0,0.21668100688669306,0.2,0.125,1,14.421430923888126,17.393700787401574,89,0.00726234190126479,0.9671154630762954,0.9808241534067728,22,16,8,4,9374,2164,167,147,55,54,33,26,True,False,False,True,False,False,True,False,False
candidate_000848,848,9321848,46dc2396ddbcf965ed5a9f1ff0d0935dd878c3e4f7c79e4bb245cc16086ba8c7,a1adc8abde7008e4844df12a4b55dd97728d4f6ba30f981b3aae4a396835b14d,1326430be414469110d4f75cf58473d9f9606547e519450f0b8156f3c0cd511a,0,0.9331893920898438,0.5059734582901001,0.08856000477412425,0.09304075235109718,0.6477520733304234,2291,15950,5.962025316455696,4.261653900146484,0.3737166324435318,0.5988354584724711,0.4,0.2,2,15.034362752236746,14.168288897152744,34,0.0021316614420062697,0.9795611285266458,0.9860188087774294,22,19,10,3,13987,1391,165,81,29,25,25,24,True,False,False,True,False,False,True,True,True
candidate_000849,849,9321849,debc73a60a933721f6927f862b334785a1ca993414ba3006abcbfa62acece0be,9460aae89a350539e5589c7687d055bf2ac4e83a6d3cc54eb5eff7b5e12e01d9,2de11e9877a44e4f305580533d54e687f03621a688fed81cb565025fce73c9f3,0,0.9525260925292969,0.5226761102676392,0.0998798558269924,0.10899396905864872,0.5443037974683544,2291,11441,3.9938891313836753,3.6044044494628906,0.0,0.44973369105386984,0.4,0.25,2,12.02958216194949,7.2245355451565,21,0.0018355038895201468,0.9541124027619964,0.9929201992832795,15,11,8,5,5824,3117,1589,386,275,81,51,37,True,False,False,True,False,False,True,False,True
candidate_000850,850,9321850,b5eef0a3dea97c1163ec24017994da307057c3133d8fb92251ce178d5a6bb277,8a331bfa94e6459fccfed67c8db2e792d40d2dba078d026fe5274adb1055414b,8cf02f3f2184462f28a28d2145f5759c0925a5debc45be13fd189b00d14431dc,0,0.9381256103515625,0.5038867592811584,0.07869918699186992,0.0846509024765636,0.5281536446966391,2291,14294,5.239196857267569,8.370138168334961,0.0,0.451664302863488,0.4,0.5,2,15.16159494758201,11.988316254341207,81,0.0056667133062823566,0.988596613963901,0.9921645445641528,13,7,4,3,11457,2340,245,89,18,13,11,9,True,False,False,True,False,False,True,False,True
candidate_000851,851,9321851,7cb9278dac0a525b112a00378da30a2fbd663d947da18234b8ec95869f7e330f,49b5979f0d8b839239c29f5a6642edc384834446753a17361e9272b1ba0d9240,ba310184f7edd221ca7932508e5d0af4b79b6af48b96e99899d48cb61f1084e4,0,0.928985595703125,0.4893602728843689,0.06025655451783504,0.06469735411380935,0.4674814491488433,2291,16554,6.225665648188564,10.097848892211914,0.0,0.4109568980818483,0.4,0.15384615384615385,2,7.263166766552876,16.8451238022958,95,0.005738794249124079,0.969070919415247,0.9826628005315936,23,17,13,3,11440,4158,349,95,89,64,40,32,True,False,False,True,False,False,True,False,True
candidate_000852,852,9321852,37ef6168c0b5e76b26695c632ef6559c3ba86a1c0b56941395db6b9f6b0ba035,1f8f6b4eead3705116a1ac1eea66efdddd32614230b7853c11a43c5afa4db315,82968f21b98237c9162e31a0d4e75b4978ddc03cdf737a3a6fa93917d8c56e61,0,0.94378662109375,0.507714569568634,0.07995686334925281,0.08849859323045443,0.45307725883893496,2291,11729,4.119598428633784,8.60844898223877,0.0,0.3735644553437916,0.2,0.2,1,12.495380898419123,20.326771653543307,79,0.00673544206667235,0.9808167789240344,0.9874669622303691,18,11,5,4,10861,329,171,143,32,16,15,15,True,False,False,True,False,False,True,False,False
candidate_000853,853,9321853,f7676b8b942836187d5228d3de5e878bf00b8b7b1d2b33f29f01683359dd93f5,bd3e528171c845006661188294af689247149bf3408a5f7fde7c44a0fadae63e,e848fab4f487713a2f0cd8d020887c61db03d0cfed93a96f1451606fb48afca3,0,0.9180145263671875,0.4770888388156891,0.04826671904153982,0.05157938923286809,0.42907027498908773,2291,19058,7.31863814927979,8.643733024597168,0.059548254620123205,0.33865074208022894,0.2,0.1111111111111111,1,19.619852717682807,32.96259842519685,58,0.003043341378948473,0.9726099275894637,0.9903977332353867,19,13,9,5,17280,684,295,277,150,75,58,56,True,False,False,True,False,False,True,False,False
candidate_000854,854,9321854,6b7237e2104a3c4225c566777535a721839b2df0aad0a129811a286eaa6437c9,dedb4aa2537ab6e167ed451e378677611824889b99c6820953e85188f6504a33,a598a676886d687d1b39c462aae98b7b85e24977670dd578fe32332fd04cb286,0,0.9320716857910156,0.5071834325790405,0.09207175925925926,0.0959589867310012,0.6944565691837625,2291,16580,6.23701440419031,4.041964054107666,0.28674698795180725,0.6242069745199376,0.2,0.125,1,16.306181096024655,26.32918149466192,69,0.004161640530759952,0.9846803377563329,0.9933655006031363,14,10,8,4,15386,574,245,121,44,42,36,22,True,False,False,True,False,False,True,True,True
candidate_000855,855,9321855,bb5a78bbc31a4598f767f39455280e0cd0ed697aa801924403f38855d331a73f,ab5550a42805a6573b491ab1c6ad50f981c34e6fd1a205661de8061f23b6eefb,63a3adea16152c38159cf9fe60d822f4483aafb8ab63d5fd24804423aa305594,0,0.9353523254394531,0.493604451417923,0.061400894187779435,0.06639164625499548,0.4495853339153208,2291,15514,5.771715408118726,4.9586262702941895,0.0,0.34573542969455273,0.2,0.125,1,18.830882514201846,28.584645669291337,42,0.0027072321773881657,0.9844011860255253,0.9903957715611705,19,15,8,2,15056,137,45,34,25,24,23,21,True,False,False,True,False,False,True,False,False
candidate_000856,856,9321856,12081e9c60030873bf3473b270bd1c15d55f368b31ae84f8dd7d72442d2d6b01,bd04b7028d73f9110ee56f5f161f7d97d5df3b31164d68b8294cf9d1ce0e1624,1433dea786a4f66ad0097f436acd1c81fe71938e7c1755d29f3a95b93381f898,0,0.939300537109375,0.504982054233551,0.07966997550599458,0.08548309011688222,0.539502400698385,2291,14459,5.31121780881711,5.8020920753479,0.0,0.42880504188586316,0.4,0.2,2,14.14520871790149,9.157578389889876,62,0.0042879867210733795,0.9734421467598036,0.9863061069230237,18,14,10,3,6532,4441,3039,63,51,49,46,40,True,False,False,True,False,False,True,False,True
candidate_000857,857,9321857,e524a115c2fde580264d1776be3d215e37021131baedd038b677432a84335f18,cfe2f4d9c9c3cf7792498cd1014a86726d8a7b6ede5cae48c82a71a64b9834a7,69ff5a8ba4afa73b2f1e9c2a0396abf1ae98145b253c5f806185f964213b3157,0,0.9175491333007812,0.48207327723503113,0.05876398508257858,0.062734614947105,0.48144914884329987,2291,17582,6.674378000872982,9.94235610961914,0.07392197125256673,0.3960613559207972,0.6,0.5,3,16.766747063444114,11.556367928880212,53,0.0030144465931065865,0.986634057558867,0.9923785689910135,19,11,6,3,11640,3950,1701,56,39,28,18,16,True,False,False,True,False,False,True,False,False
candidate_000858,858,9321858,5d265ad269f1dba1508adba512177d61a19e2474373303c751f77d2c0b124c94,e31bf4fe87fc913e574c3486851cf392ae6745eeeac4b7591e522ff5bbf703ce,740c7626c074b2d9fe4c523fff0deb38cd0ede3ed0f90195490434d438706643,0,0.9489059448242188,0.5108418464660645,0.08035255233198678,0.08809792237075213,0.47752073330423395,2291,12418,4.420340462680052,5.487884521484375,0.0,0.372210704145935,0.4,0.25,2,7.668087827855549,13.696917808219178,57,0.004590111129006281,0.9805926880334997,0.9884039297793525,18,12,8,3,7511,4285,344,37,28,26,23,20,True,False,False,True,False,False,True,False,False
candidate_000859,859,9321859,c9b7dbb54f92c8b54449cbf6307d387c9005f3db2434427320e0619a56931d67,e90519113ec2e65da1b137ffdf912515e85ae1b9d5ff6843e181e5dd010b989d,bd4a16c17375a36738d48f65e34dbdbf472de9a50ac7dd1a9c3c90be07e95aa2,0,0.9469947814941406,0.5116448402404785,0.08415665647878313,0.09134392840611016,0.516804888694893,2291,12962,4.657791357485814,7.136133193969727,0.0,0.4375795077181089,0.2,0.14285714285714285,1,14.566401089743154,21.655511811023622,38,0.002931646350871779,0.9819472303656843,0.9909736151828421,17,11,7,4,11536,564,408,220,37,35,26,19,True,False,False,True,False,False,True,False,True
candidate_000860,860,9321860,905d4f9fd36aae063029fa082bb05842d114c0a30e7557159604ae4c9ac6d93a,4c0311b0a5c245d73b86e1d2691fcacd7b67fe6dc9749af5ad8f6500e437aaac,20690eeb04cdd095c79c533c4007d3aacbe6ec8559730782031a1cdd864be3a7,0,0.9331588745117188,0.4909322261810303,0.05857024890881208,0.06342616249361267,0.4334351811436054,2291,15656,5.833697075512877,7.570740222930908,0.0,0.31974442894137645,0.6,0.6,3,16.00705276461849,8.57857255646942,29,0.001852324987225345,0.9931655595298927,0.9977644353602453,9,7,5,4,9323,4609,1087,530,40,12,12,8,True,False,False,True,False,False,True,False,False
candidate_000861,861,9321861,cc78d35a3813d59fda4da4c0e2c083692beade5b71a6cc340acb819896d20e99,ce01f248346fc850e9c4821effeb079aee302d3149c50fce8934d4fcf5a7c421,d9abe3032deed67fb02d12d0a8f265ab7625ca64b987d241c555f3e62102e1c3,0,0.9514274597167969,0.507946252822876,0.07161345987920621,0.08029197080291971,0.398515931907464,2291,11371,3.9633347883020513,8.130053520202637,0.0,0.3096962470402125,0.4,0.2857142857142857,2,7.235087240254476,13.370051774350124,27,0.0023744613490458183,0.9853135168410869,0.9941957611467769,13,8,7,2,6189,4854,97,64,48,22,21,10,True,False,False,True,False,False,True,False,False
candidate_000862,862,9321862,c33d8742447843e8b722671c3fc83dd514c0a08f9192b2f27d02162cbf8e36cd,6372a8abda80ae5ac3f0b84b2884a556c113797e7cb9b35115ed8d6afdbecb64,354d8271541f99bd1a447e33c312c7f3e3756b148e0201db420c6d7062640528,0,0.9186744689941406,0.4862251281738281,0.06583455702398433,0.06903099979470334,0.5870798777826277,2291,19484,7.504583151462244,4.576416969299316,0.0,0.4789042295863267,0.2,0.14285714285714285,1,14.087943536517678,28.870106761565836,87,0.00446520221720386,0.9800862245945391,0.9894272223362759,22,12,7,3,16814,2060,129,93,64,59,40,19,True,False,False,True,False,False,True,False,True
candidate_000863,863,9321863,d0bab4081e760667735b041b18a024651450faa0a0d7226130da7c6dcf85ac08,4266e58b53d120ae9f9f4c8fd4cc9185527b45c78b34dc18a973cd7a76a1ecd2,e00542eacbaf54ac81787635dcbf125ff863c9bac6333035514b9c429c1ad690,0,0.9218177795410156,0.4884791970252991,0.06663434604611075,0.07064534551684752,0.5399388913138368,2291,17510,6.642950676560454,7.482669353485107,0.0746987951807229,0.45574136949433147,0.4,0.2,2,13.31310389246858,11.844964198430734,85,0.0048543689320388345,0.9721302113078241,0.9873215305539692,21,13,10,5,13617,2023,756,626,129,75,33,29,True,False,False,True,False,False,True,False,True
candidate_000864,864,9321864,a33f6da64d5fea57c8cd22dd09b5ab77342c813f5a6a6a68a8b61a49fa7c114b,709a4026da448f7d9bc38dd5ce30a4ce47cb0d35c6d95a35bdd2a120e4c58a09,90c5714b24d2e13724374b0e09e4ef59ba2ae1cfcc27d9a4229f0d8030c7f516,0,0.908905029296875,0.4706310033798218,0.0458228303925099,0.048608126820417326,0.4443474465298996,2291,20943,8.141422959406373,6.617276191711426,0.004106776180698152,0.34000112656609993,0.2,0.14285714285714285,1,20.44105628505261,39.58661417322835,59,0.002817170414935778,0.9921214725684,0.9958936160053479,14,10,7,1,20645,69,34,30,25,23,20,11,True,False,False,True,False,False,True,False,False
candidate_000865,865,9321865,7a279a1062f278422b923fa693a1d6ce0d51c1b4466800ccb0b3e5ddf4f13a54,1f77fbcdf1ac119cd97c255751a370483d8fa5ceee8a36304f933b03b4bc2267,585686e7a7c7eff53782117ddf9033063d80d5e3c8b4f1974f080704ee74da1c,0,0.9542732238769531,0.5120331048965454,0.0765247915752523,0.08740978348035285,0.3806198166739415,2291,9976,3.3544303797468356,7.715735912322998,0.0,0.2859648221365345,0.6,0.42857142857142855,3,6.260923378330177,6.210558732266705,44,0.004410585404971933,0.9344426623897354,0.9871692060946271,18,11,7,6,5777,2662,498,385,290,186,33,17,True,False,False,True,False,False,True,False,False
candidate_000866,866,9321866,a3150a891b55b4cda26fee21ef32c09d5b5315febcdf9ee2f05a250bd35093fe,53e4fdf7cf2fe1e466c2f8143726f6ef6c3b52aa9937cf6b00c20b013224e1bc,54e28d02bcaf4a814c0fd80e708b2511941091209e95a8b09623aec627860aa4,0,0.9200859069824219,0.4915791153907776,0.07504710632570659,0.07885507410340536,0.6084679179397643,2291,17678,6.716281099956351,8.717090606689453,0.06746987951807229,0.518901440974829,0.4,0.3333333333333333,2,10.891328974212868,18.361301369863014,67,0.0037900214956443036,0.9866500735377305,0.9912886073085191,20,11,6,2,14242,3140,35,25,24,22,19,17,True,False,False,True,False,False,True,False,True
candidate_000867,867,9321867,d9a812d86a0d7155544a9fe4013a2b644b382fd55661ff9f922b9e84cf42a94c,dcc8de20adda1bb603f23068ff18183b1bcf7b67567d8fd6f159045fb378117a,136d1889aa90646da8bc39a92bc462d2c6826dc896924ef415c678e15ae6170e,0,0.9445762634277344,0.5105411410331726,0.0845122310639552,0.09229159961377535,0.5006547359231777,2291,12428,4.42470536883457,9.772171020507812,0.0,0.4317024380254418,0.6,0.3,3,10.043056390615902,7.8826185604046275,82,0.006598004505954297,0.9592854843900869,0.9766655938204055,28,16,10,4,4972,4383,2300,267,66,66,56,28,True,False,False,True,False,False,True,False,True
candidate_000868,868,9321868,09eb71ad30a6c89c3a6a79bc531e2fe9082860addce525e784ed4f67b1d116dc,d3a42863a362b2c8633215a5161ab9b113f36d5e0b07b7208e4590b15b108e16,43361393b42cdcad601b4bb2b176763675e0cb9843749ee021f7314425fa672c,0,0.9192428588867188,0.4894564151763916,0.07130978178702817,0.07460325829071546,0.6176342208642515,2291,18967,7.2789175032736795,6.727769374847412,0.0746987951807229,0.5636651161620805,0.4,0.2857142857142857,2,14.094423819145788,15.743094799125327,74,0.0039015131544261083,0.9893499235514315,0.9947276849264512,14,9,7,3,17469,1017,241,38,33,30,28,11,True,False,False,True,False,False,True,False,True
candidate_000869,869,9321869,c10d51122f7b957f095afc5cf6f99e3423035ec67c883a15a26c677ecc16e78a,8ffe4607fb54e08d12c787302510ace62ae93d3ac8ac2f7f69573f4649512e07,5482002d8b5221e7d9889c4a5e49bfaebe0288b9a602957621aa8f7cd9b99456,0,0.9275474548339844,0.4933532774448395,0.06991751304640592,0.07427277062470196,0.5438673068529026,2291,16776,6.322566564818857,7.120203495025635,0.02891566265060241,0.4389215860666408,0.4,0.3333333333333333,2,13.489599634947531,12.452627752161174,76,0.004530281354315689,0.9884954697186457,0.9932045779685265,15,8,6,3,14138,2086,260,99,21,20,19,19,True,False,False,True,False,False,True,False,True
candidate_000870,870,9321870,bed81a4cc65f554addbdc9b7ebd7d827267131c44abdd085a89401cb874972b7,57620583fd9ab6c46416db4427151189f43db4872d2f1934c64d865b5500ce94,9f16ee52503a16c4db92f7a2946a7829bb64c320fb69036187a7be798c430c73,0,0.9510345458984375,0.505010724067688,0.06609931421961497,0.07538635506973237,0.34919249236141425,2291,10612,3.6320384111741597,12.4847412109375,0.0,0.23977389331840365,0.6,0.3,3,10.3946369779531,7.441588158741406,58,0.0054655107425555976,0.9545797210704863,0.9752167357708255,27,18,10,5,7074,2816,121,119,105,60,28,26,True,False,False,True,False,False,True,False,False
candidate_000871,871,9321871,3bc9d4f1ec2acfc7fb77076246cf865e02a100aa0b60c37fe8b517d7e67ae6f9,02e11fa18f35dec04f904eb765407854c9e08dd5860db229c91d20ae88b1c90d,941cc6b30669766ead6799ff7ded2554c70ddf9ded122b9cd58bbe33e1a51dfa,0,0.9293212890625,0.4924759566783905,0.06602738143377043,0.07071706985089402,0.4989087734613706,2291,16163,6.054997817546923,5.811500549316406,0.01642710472279261,0.38883527647216204,0.4,0.4,2,18.737035682633934,13.996826575503684,61,0.003774051846810617,0.9914619810678711,0.9954216420219019,12,7,5,2,8555,7420,26,24,20,19,17,8,True,False,False,True,False,False,True,False,False
candidate_000872,872,9321872,4105e7bdaa2b3486518f5aed5c8ba58807cbb2cf5d6d4663a98734342eb3f7be,6eec5b498472186f12be72845f52d580a2f44a8f35e0d72c6bef8281950dd1f7,df19b5e9aa35bd9fefd32297fc75f77f3d555ca690a6aeda9b51da2e2420c646,0,0.9340896606445312,0.4982994496822357,0.07177273011701396,0.0773067331670823,0.5006547359231777,2291,14837,5.476211261457879,5.500890731811523,0.0,0.4131029519372173,0.2,0.14285714285714285,1,17.3746626383567,25.988188976377952,66,0.004448338612927142,0.9805216688009706,0.9913055199838242,18,13,7,4,13737,583,122,106,94,24,23,19,True,False,False,True,False,False,True,False,True
candidate_000873,873,9321873,173304edf33baccf7bdeafa21a2036ed2ed224aee4e40bc9fab1a7975ffd0bb4,b42ff4afa5fe8b01f1d94e4ffde6c54139ab862c2fddd31891424e2f10cd1c20,e3420daa600bb46b2bfe0eef6d876f775b783ee2307cf60c5fccd7cfd0054b5a,0,0.9338188171386719,0.49488455057144165,0.06554538708879545,0.07094571983133659,0.46268005237887383,2291,14941,5.521606285464863,6.806000709533691,0.0024096385542168677,0.36374421375138055,0.8,0.5714285714285714,4,7.516726886560595,6.574908867987305,53,0.0035472859915668294,0.8563014523793588,0.9919014791513285,15,12,7,7,4730,4321,2256,1487,1389,390,230,17,True,False,False,True,False,False,True,False,False
candidate_000874,874,9321874,75e13301b7208f70a3a7c8ea1a9c531e270cdcdb13f8d931cde390f5cf11799e,3d6c4b9a2faf7171a65065db45de9e2de09a37d87ae978119291904afb9deac7,33fefd8c5673aef3d572826169f5dcf25062759840568b765399f483e3afc88c,0,0.9436531066894531,0.513242781162262,0.09128310619696581,0.09669731018045624,0.6198166739415103,2291,14685,5.40986468790921,4.1745123863220215,0.0,0.5274036297462076,0.2,0.1111111111111111,1,15.818770757099509,23.07473309608541,80,0.005447735784814436,0.9815457950289411,0.9887640449438202,21,11,9,4,13557,511,177,169,33,28,24,21,True,False,False,True,False,False,True,False,True
candidate_000875,875,9321875,0bf8036d6a40ba3438be9299fdd58cf2cb638ecf2bbd5bed8cbf411fb691d309,ee6ba5370240d5352cb9208e1bb2a87f42a967d697bd52d30be5fbbf5ccb71c1,93b3535eb372a6dedf3611b31da88ccfd75df81de3e08529f169b8049abdce54,0,0.9112586975097656,0.47416454553604126,0.05022618103810101,0.05324039744920658,0.4701003928415539,2291,20229,7.82976865997381,7.090775966644287,0.0,0.37565081451320603,0.2,0.125,1,16.395774218282853,36.04330708661417,93,0.004597360225418953,0.983538484354145,0.9901132038163033,22,14,8,2,18845,908,87,56,45,34,29,25,True,False,False,True,False,False,True,False,False
candidate_000876,876,9321876,6137ab0c8a1925901d257a596c32ccb8af326e501a9a40da97710a7376a6ef7d,ba14654898a9975f9b43aea32eed4bc3f4a805436ac919ed3895ac3b56f61d0c,7ec81115370676347f5af4a6e6a0ca0f30a6072ff52f964570b39b864078c472,0,0.9364128112792969,0.5016015768051147,0.07624747901893175,0.0822340724108897,0.5115670013094719,2291,14252,5.220864251418594,6.723378658294678,0.0,0.40183583045117494,0.2,0.1,1,18.867768704850892,24.559055118110237,44,0.0030872859949480774,0.9741088969969127,0.9882823463373561,18,13,10,4,13011,403,343,126,96,44,38,24,True,False,False,True,False,False,True,False,True
candidate_000877,877,9321877,b41e165e540534aaeec271fee99b0be9b6350cd764e36f86019ddb6a58ef17bc,30aa78d64c5958c5df639cfe36e4eee42a1bf3b2890c7d81ecff7d0dde7ce325,ce60a965da7d440815ee754a5ad1d449baa827cbca84d4440744949ed1000b0f,0,0.9251518249511719,0.4892129898071289,0.06441766222830378,0.06825025092004015,0.5342645133129638,2291,17934,6.8280226975120035,6.30917501449585,0.0,0.4946950497998525,0.4,0.5,2,11.17339374841507,15.55565964927325,74,0.004126240660198506,0.9888479982156797,0.9918590386974462,18,12,4,2,17542,146,25,21,15,14,13,12,True,False,False,True,False,False,True,False,True
candidate_000878,878,9321878,7a2b4c35b379713fe0ea18c9b340401d9734056a0f33e1a2c9a647a416863e5c,df39da3f037a56efed410ca23f7ee2bcf2523ef92608cd39e464d6a38a52a798,fd9cab9c7b4cd0ee523d024350f447b0793a2f04f62cb00668cae678dae4bed8,0,0.9326667785644531,0.49440982937812805,0.06591668131481807,0.0707502672787875,0.49105194238323874,2291,15901,5.94063727629856,6.741591453552246,0.0,0.3940812119660524,0.2,0.14285714285714285,1,15.672560092218873,24.79527559055118,48,0.0030186780705616,0.9796868121501793,0.9931450852147664,17,10,7,5,13131,1232,938,277,133,35,30,16,True,False,False,True,False,False,True,False,False
candidate_000879,879,9321879,9ef2ee9d0b1846472a99754e734a6429042575899b514e712a8c0cd5a82d9b71,65dc92557938965fc539c8b13c76a2fe25a5f36fc28048a32e27de0f105517eb,34fcc83cd0df6b2cb34d6de80226ff712f0761bb334eb2beb1cbbff4184b4148,0,0.8893318176269531,0.4610227048397064,0.04926543687175522,0.05105700984507365,0.5840244434744652,2291,26206,10.438673068529027,4.252755165100098,0.002053388090349076,0.4803091700964598,0.2,0.3333333333333333,1,19.069319422724835,45.02135231316726,41,0.0015645272075097306,0.9956116919789362,0.9973670151873617,12,7,3,2,25891,154,28,18,18,10,10,8,True,False,False,True,False,False,True,False,True
candidate_000880,880,9321880,ed5b43f6a8f29f56132abc6ad66ea4df44205276cc0f08d52c1f9fd4e895c42f,62488bc97e565d423cb89ca5c7a4aa43a85a266264a11ea0810eac2439208e7f,efe9f9dd731027c9a178cd202249c5652eb32301a5519a5a53186045d3d065e2,0,0.923004150390625,0.4837198257446289,0.055731904043295,0.059509918319719954,0.4674814491488433,2291,17997,6.855521606285465,3.3352291584014893,0.0,0.3604815750891726,0.4,0.18181818181818182,2,12.702756226900716,13.806438619104997,75,0.004167361226871145,0.9551036283825082,0.9844974162360394,23,19,11,5,12316,3936,543,394,373,63,47,46,True,False,False,True,False,False,True,False,False
candidate_000881,881,9321881,0cdea8120ce25f7e37b37ede00bc71ee9e6c13064ad430d6840f58da3b61e81c,a43f30e1adc5e93a5ee06a9fefbfe6d08588b76ec54c0279efd93bedcd6b7f5f,74bbafecb4b045909c1f4effed8c02c37676da2a3ee03f90c8a761a9bcc9cd8d,0,0.9345283508300781,0.49887287616729736,0.0729665071770335,0.07796025305131318,0.5325185508511567,2291,15649,5.830641641204714,6.755399703979492,0.0,0.4405405112699641,0.4,0.2222222222222222,2,10.305648048672808,13.629543323255024,43,0.0027477794108249727,0.9614032845549236,0.9869640232602722,20,14,9,6,14150,436,264,195,130,126,85,59,True,False,False,True,False,False,True,False,True
candidate_000882,882,9321882,fbc1ee814131e449bf51047df57c7cb12e5c2fdd0ab42586c3edc2fb512293d9,c46e76b8f867aeedfa98e4ac83bb10a7d469ff36cc6463a678ad12bd3b38719a,e182828740c249726ae3e9abd31f24ecd2c24d5550a69d6c12472d9e26d5de6b,0,0.9295310974121094,0.49732476472854614,0.07561643835616438,0.07958936501528346,0.6023570493234396,2291,17339,6.568310781318202,9.32326602935791,0.20240963855421687,0.5247419510506572,0.2,0.3333333333333333,1,22.11446935144878,32.54527559055118,65,0.0037487744391256706,0.9890420439471711,0.9928484918392064,15,11,3,1,17068,33,29,19,18,16,16,16,True,False,False,True,False,False,True,False,True
candidate_000883,883,9321883,caf11407ef844d2be7f146a78fdc31fd43ce302179df3418048e7564856cc9a2,9d784a0e3c0ca9674dd5726ce5fd70de2ca47b068639abdb384bbbfa031c2e3e,a367991f2608ac0396790a7ecae1aee47dbc096e6c3fffec1103dc138da7bd2c,0,0.9284477233886719,0.48524728417396545,0.052585245613005455,0.057274354385067755,0.39109559144478395,2291,15644,5.8284591881274554,8.051544189453125,0.0,0.2794754148620484,0.4,0.18181818181818182,2,11.396676688275548,19.758548160931937,69,0.00441063666581437,0.9676553311173612,0.9892610585527998,14,12,11,5,8687,6018,249,184,122,94,65,57,True,False,False,True,False,False,True,False,False
candidate_000884,884,9321884,173716f5c6af93d0398aadfa0487a0440a9eaa7a0ab9a745b7540b96da221727,6b3c675ea982454408dc29dff6ed928657bb29221a1d81139484ede9bb105f69,945d7fffc8c1ae4d79736d4a88bf7c1141faad873527baf3b8eb0fb0b44d5d47,0,0.8940238952636719,0.4690215587615967,0.05977242608417493,0.06258373205741627,0.5709297250109122,2291,20900,8.122653862941947,10.008851051330566,0.026694045174537988,0.47573255750670423,0.8,0.5,4,13.738222962174252,9.625650249481037,86,0.0041148325358851675,0.9803827751196172,0.9902870813397129,21,14,8,5,11352,6800,1254,1084,105,52,27,23,True,False,False,True,False,False,True,False,True
candidate_000885,885,9321885,8b0b513285600c37c75f472882bec8fc6eb969b002e2dbe441fd216032bc267a,a72b6e472ed90d992fe331cc80baa0467b062e8b88226d4d9e8e885a5912b746,a207e1e2b472144f0dd88b8024c31fe9e13656b718e698877882ce36f73af0e2,0,0.9475173950195312,0.5076022148132324,0.07544682097861119,0.08312484868049391,0.4495853339153208,2291,12391,4.4085552160628545,8.44842529296875,0.0,0.3330137835484931,0.6,0.42857142857142855,3,7.735804126788447,8.997319829061732,64,0.005165039141312243,0.979743362117666,0.9899927366637076,16,10,7,4,6424,2613,1637,1466,67,21,21,18,True,False,False,True,False,False,True,False,False
candidate_000886,886,9321886,514f50fc5c5e9e2aef49ce2fa0d3a0f665014d866713577667e002f12cbfda72,9fa47ae8dc8506a1f28258c7a64f000cd0f6660967c713a6969d5b707714a9f0,ab9df39b5329238c494c4c0b3a7f8368e02386d09a98df54a3283740d9c5c1e3,0,0.9374504089355469,0.5006287097930908,0.07308248914616498,0.07923263443160747,0.48494107376691403,2291,14022,5.120471409864688,6.360531806945801,0.0,0.40241357085722285,0.2,0.14285714285714285,1,15.543817298112401,24.4251968503937,74,0.005277421195264584,0.9801740122664384,0.9888746255883611,16,13,7,4,12943,476,223,102,42,35,27,18,True,False,False,True,False,False,True,False,True
candidate_000887,887,9321887,8ea2c7528171cdc32bd2cda392edff4d782b67564f190bf8ee5878353160055f,e7ad5eb02834f5700fcacab0c16ee56bc5363d904675d3339efdb7eda1fe3197,749115fe1844ccd4e8ab3599d485bb863346ad3be7f4a56e8278ca2fd3318b89,0,0.941925048828125,0.5028634071350098,0.07239576350717254,0.07879185817465528,0.4714098646879092,2291,13707,4.982976865997381,9.547502517700195,0.0,0.37733567965384596,0.6,0.25,3,8.581877766363723,9.643926533892314,67,0.004888013423798059,0.9750492449113591,0.9843145837893047,20,14,12,3,9562,3268,484,51,40,33,28,26,True,False,False,True,False,False,True,False,False
candidate_000888,888,9321888,65ff239d74c7729178062e2d5455962d87db61564284abec0b73a8bca6fb8882,e03ac162aeb40d61964f41f327149c8ee316008adafc28be6a124eff39987ce3,f544d695fa8e2a1e6ebef7de678a36737472415084eb27d0c4f747c0af5b4614,0,0.9379692077636719,0.5035015940666199,0.07827588412099508,0.08400823610157859,0.5342645133129638,2291,14570,5.359668267132257,5.430530548095703,0.0,0.4300914273713021,0.2,0.14285714285714285,1,13.420527779074602,24.755905511811022,57,0.003912148249828415,0.9808510638297873,0.9870967741935484,21,14,7,4,13111,751,292,137,28,23,21,19,True,False,False,True,False,False,True,False,True
candidate_000889,889,9321889,840456940141f7753508dd13b8f7d781425d2500dadc8a720b8aa17a76d63501,c5a6b31d16477c90285cbb9f5c91c1ea4148bea83574c8da24bb19ce49a0ba27,7595c0b583f83cd7faf413cb6727f6eec544dcc771d36a6a9f95fc92b1e4f609,0,0.9322929382324219,0.495757132768631,0.06928784249576445,0.07406944791406445,0.5176778699257966,2291,16012,5.9890877346137055,6.59751033782959,0.012320328542094456,0.4319084199067612,0.2,0.16666666666666666,1,17.473930262613596,28.253937007874015,53,0.0033100174868848364,0.989133150137397,0.9945041219085686,14,8,6,3,14888,580,336,34,32,22,19,13,True,False,False,True,False,False,True,False,True
candidate_000890,890,9321890,61bf19ac9c4fd94f0311fe525fb63af08e224d0f0d590cc9cae06fbb79c4e197,f92b9dd1320607efaa52725fed9e5752cb8116150ed3752f26d9d4dcc32862c6,f8f5a73ed39e7e9947bb2ff7c7d32dcd954c14b350aba2d66d6f12a0177d6163,0,0.9152755737304688,0.4802398979663849,0.057829638273045506,0.060815785598586365,0.5408118725447403,2291,20373,7.892623308598865,5.302229881286621,0.0,0.43957375876049565,0.2,0.16666666666666666,1,17.414333917462827,35.761811023622045,37,0.001816129190595396,0.9871398419476759,0.99715309478231,11,9,6,5,18702,1097,159,153,114,65,13,12,True,False,False,True,False,False,True,False,True
candidate_000891,891,9321891,15d6ba07633f7c26e730c9840da80b3d6b6cc96ef6d24546a0823e7734640145,9d6f7d88f6a56a96925da9c228711ebf9694b0a899578f72fdb4257b65f5494a,da12aa6b46e5d2a2fe74287d6225de6235e4ee1d5078df230e881fc0da76808f,0,0.9429740905761719,0.5028744339942932,0.0712039689749144,0.07815016488994554,0.44478393714535136,2291,13039,4.6914011348756,7.8874664306640625,0.0,0.34441379938953354,0.4,0.125,2,16.453703800259518,8.42624064785496,82,0.006288825830201703,0.9364215047166193,0.9589692461078304,37,24,16,4,7365,2945,1331,569,79,78,69,68,True,False,False,True,False,False,True,False,False
candidate_000892,892,9321892,75a8f78242f8d241b4696f2644dc4ff2905bb327fed7c907d088246003f2663c,3dcf302d3fc2e6c86bdb9059d9f69991abad63ff1ca64a68b592b1e7486abc49,0881d7c155697a380d24d5f6090fdbf9710bff4b31ec3f5d77e04f8499293f9b,0,0.8745460510253906,0.45658451318740845,0.057631016921307704,0.058666131513813634,0.7656045395024007,2291,29898,12.050196420776953,10.05603313446045,0.35903614457831323,0.7148503487111149,0.2,0.3333333333333333,1,21.09335684009726,56.773622047244096,64,0.002140611412134591,0.9944812362030905,0.9958525653889893,17,6,3,3,29376,205,135,17,12,11,9,9,True,False,False,True,False,False,True,True,True
candidate_000893,893,9321893,2aa0b4b457c35d3d1e41850fb1bce3239a46d6eaeeefa6cbd9247bac84d4ea25,8c78cf2ef30c6ade547776cf5578d35d98e4f320cf5e2b91e8e99ddd18bacd3f,67bddf7534a2e9c4892f1c0e0d8b397984b77ee2504037414d9a502e92021b47,0,0.9031867980957031,0.46959805488586426,0.05039969221562006,0.05291503971994076,0.5146224356176342,2291,22281,8.725447402880839,4.841399192810059,0.2915811088295688,0.4352509466884069,0.2,0.16666666666666666,1,26.75257863903454,73.46917808219177,91,0.004084197298146403,0.9866253758807952,0.9903056415780261,23,13,6,2,21772,100,76,35,25,22,18,17,True,False,False,True,False,False,True,True,True
candidate_000894,894,9321894,8df1599d85c3f47cb4101350a7f2b14f6a813556786c956819345f61e60d0928,35c229e053dceec3a2c76044d1002e1d43f28babccb9adc350aa1743fc2d3cee,aa6de55e648fdbbe98d16100e127b9f453c6419bf139eebbce1581ee7f78161c,0,0.9328804016113281,0.49768245220184326,0.07244273364043667,0.07807399347116431,0.5010912265386294,2291,14704,5.418158009602793,7.499018669128418,0.0,0.4389514141618659,0.2,0.16666666666666666,1,18.95406254747425,26.594488188976378,47,0.0031964091403699673,0.9860582154515778,0.9941512513601741,14,10,6,3,14045,217,151,86,42,39,19,19,True,False,False,True,False,False,True,False,True
candidate_000895,895,9321895,2a85635477502c84bf212834ea9e603a9eff55b0aa983ff9c3818b6f01dc6bdc,1791a1f8a9c8ddb8b39d7030d7f76f14e60e0ae11f4ce5dea476fe2de68e0b12,59b8da9ffacf49208613074ec5e62144a11b9274c586279605b46f78efbd2555,0,0.9390525817871094,0.49799880385398865,0.06595152959872864,0.0721373216484392,0.43474465298996073,2291,13807,5.0266259275425575,6.96132755279541,0.0,0.3298685329277422,0.6,0.25,3,6.10713253958739,7.806176174304931,59,0.004273194756283045,0.9443036141087854,0.9790685883971898,22,19,12,6,7939,2607,1409,1083,179,175,67,59,True,False,False,True,False,False,True,False,False
candidate_000896,896,9321896,e7511651cce9b5c48540fb6a4dd6ae61779870c70fa07a6770d576c5186bd47e,70c22f84df9d272b9bafcce9d6a992cb55ce7449ae81fc54dd31f74f66f43d4a,e13a1893cfdbacf59f5641a4c450180856a2e4d7db97ead3e5187250f2884bd3,0,0.9336967468261719,0.5037828683853149,0.08346820809248555,0.0877651492129095,0.6302924487123527,2291,16453,6.181580096027935,4.780570030212402,0.15180722891566265,0.5750336404344729,0.4,0.2222222222222222,2,11.389199036523536,13.361745233728179,72,0.004376101622804352,0.9817662432383152,0.9896675378350452,16,13,9,2,15146,887,66,54,42,33,29,26,True,False,False,True,False,False,True,False,True
candidate_000897,897,9321897,1445840084c59336be46d3a847410b07664118c989326dbd45f8d8e385a106e1,ea6b70bb422833420f183d267f5007fbec0e763b485d6f7e94ca8a6fdfc2805d,12359bb006d0b6c32c2a15a18c3bd3971e437a9129e801a45a824061bd8d27c7,0,0.9241104125976562,0.48883843421936035,0.06469856351091506,0.06918657393407923,0.49934526407682234,2291,16535,6.2173723264949805,6.144455909729004,0.04578313253012048,0.39859252120013283,0.4,0.2857142857142857,2,15.647481531607102,13.912075825931012,104,0.006289688539461748,0.9817357121257938,0.9886301784094346,17,13,7,2,9513,6577,72,71,46,29,20,19,True,False,False,True,False,False,True,False,False
candidate_000898,898,9321898,5bc3d4df7f08db7bb5242a76720b1018ecbf91375c470f6f0f4649eb6023b071,025ca283c1046a6e271c8418f2d0eb45b00f97f1bf669582bc76339bb33e5a9c,e0c2c5baa071a8fd0e69899f5ddd569c4607de53a5ec6abe259ffd4fd3188f78,0,0.9163627624511719,0.48868876695632935,0.07361646152400639,0.07620854002528937,0.6839807944129201,2291,20562,7.975120034919249,5.732736110687256,0.0,0.6088325058567994,0.2,0.2,1,18.474571379020233,38.41732283464567,84,0.004085205719288007,0.9866258146094737,0.9903705865188211,22,15,5,2,20051,141,65,30,25,18,18,16,True,False,False,True,False,False,True,False,True
candidate_000899,899,9321899,04bca79e94112482c32d8d19c875c3b91ac9f8af98c5e2f641ca1c931e423cdc,776f668179f6288b81f53de6c4e999a132ea210cc000453e2581de7c0baab59f,ba57abde470966dcec865ee6d684360f56e78655630ac7a63c61f8acd6a1496c,0,0.935577392578125,0.4942936599254608,0.06254881932343928,0.06762814266224908,0.4543867306852903,2291,15393,5.718900043649062,5.113414764404297,0.0,0.36233304088317686,0.2,0.1111111111111111,1,15.903017137721404,25.112204724409448,70,0.004547521600727604,0.9736893393100761,0.9895407003183265,17,12,9,5,13292,1354,187,155,114,58,52,20,True,False,False,True,False,False,True,False,False
candidate_000900,900,9321900,0fe221d4b62c6771d2c904f627e3569d51bd5bf4aa11c861e02caaece70d2041,c669ec5c3279ce281f4c8ebd1ee195e716b0a1bd690530507d81d8a34338728b,caf064cafbffdcb8d145f6a66d884664e6f75988326054b879bd9717498e6f3e,0,0.8994331359863281,0.46564486622810364,0.046821189490384246,0.04886519667232049,0.5281536446966391,2291,24762,9.808380619816674,7.171224117279053,0.0,0.42210767930224635,0.4,0.2222222222222222,2,12.469073518941507,21.87879690083224,60,0.00242306760358614,0.9743962523221065,0.9931346417898392,19,12,9,6,21587,1863,386,292,257,116,46,45,True,False,False,True,False,False,True,False,True
candidate_000901,901,9321901,5f44df5b5b41987bbb3438952cee68974b8794cd6b6afa48e2423ee03f7f24f9,7f974f9f06a24eb32206ae9cd428844144a0fa17bbff30d9b3df5513408b7896,4cc417875427d9fd1a47e9728f41f02cfbc2ba917bdcfa4b5222327c88ed0d6c,0,0.9243392944335938,0.48608121275901794,0.05898646521875984,0.0644828298121258,0.4089917066783064,2291,14531,5.342645133129638,10.204255104064941,0.0,0.3020304396575962,0.6,0.2727272727272727,3,11.740854766455152,10.130971166994415,61,0.004197921684674145,0.9613240657903792,0.9810749432248297,23,16,11,5,8967,4275,488,239,113,81,48,45,True,False,False,True,False,False,True,False,False
candidate_000902,902,9321902,58ea692fe60cd0080da1164edebdb41013c6a9d96dc35729ec9b38ce2b3e6c4d,c16f7bf4305003ca9a52d3249bb3217a4cca702c626b4de94d44a209202f73c8,879ae13cd32248170ed71a21d2b55fc674e541d39fe7d5f52032c9293d48eb34,0,0.9301338195800781,0.4926193356513977,0.06545922075018168,0.0698312362096726,0.51113051069402,2291,16769,6.319511130510694,9.978403091430664,0.028747433264887063,0.4430455212654507,0.4,0.6666666666666666,2,13.847741287249786,16.955599563608764,77,0.004591806309261137,0.9898026119625499,0.99302283976385,17,8,3,2,8908,7648,24,18,17,15,11,11,True,False,False,True,False,False,True,False,True
candidate_000903,903,9321903,a33431c29f3ab525ee7b1833ca8773879c5eb4645a9ecb8988fd0d48004369f7,1cbeda5823867e333ea8f4034a84255b32e24ce3d00d7b965fc816af5b875b32,71127e47308f35e781bb4e2dbe0296f66b9741b6e602b89967de85a5de0a862f,0,0.87994384765625,0.454445481300354,0.04682458198885304,0.048632797623581386,0.5573985159319075,2291,26258,10.461370580532519,6.32002592086792,0.19507186858316222,0.4709075085196789,0.2,0.125,1,19.190488775058352,48.267716535433074,112,0.004265366745372839,0.9859852235509178,0.9915835174042197,23,14,8,3,25055,607,129,99,70,29,25,23,True,False,False,True,False,False,True,False,True
candidate_000904,904,9321904,6965976030bb445e7cb5464979cdf69c4e994e60d68b3519f0f387489ec9cf5b,71f4fecdd39686cc56a1491380d2fa3c8af321c079bc711c498418effcb53c20,c32b88041190e18501fa0041a7567d03e27c300aaa56d7c9e6e6a97ae3d83512,0,0.9279022216796875,0.4865805506706238,0.05584213051823417,0.06080198537095089,0.4063727629855958,2291,15312,5.6835443037974684,6.328044414520264,0.0,0.3022340909162331,0.4,0.25,2,10.809930100960997,11.739716345697751,79,0.005159352142110763,0.9728317659352143,0.9908568443051202,19,11,8,5,10941,2011,1658,286,142,75,38,21,True,False,False,True,False,False,True,False,False
candidate_000905,905,9321905,f89667a8b13f94533da4a2142d146a84d23183edd74dae669e3980390a694281,1ba21aec7546a6ef3b9d144a50ae08dca7e9ddf5fc839a6bfa8f61c21bf4c9b1,0ecf3064f9a34191bd74beaeeeff69338091de885f7d498aa0efe07f2c631dd7,0,0.9415130615234375,0.5031201839447021,0.0733509234828496,0.07953651384021172,0.4853775643823658,2291,13981,5.1025752946311655,8.801027297973633,0.0,0.4383369627381334,0.4,0.3333333333333333,2,13.743875400466735,11.533317454535265,29,0.0020742436163364566,0.9775409484300122,0.9948501537801302,12,11,6,5,11932,916,532,287,185,23,19,15,True,False,False,True,False,False,True,False,True
candidate_000906,906,9321906,082735ceab08087488dd76ed79820c424bc674ee5ae8706587070c70a4d6aa7b,5f836f61df90b960a7e5081ddc8e1a07aeb02b9c247620b88cf8fe4b75b9e831,21feb51168c651d4e033f6d7053a4f1808423e1d42f83ff7e56ff1ece1bd8613,0,0.9504928588867188,0.5043822526931763,0.06553643724696356,0.07513053567975246,0.33915320820602357,2291,10342,3.5141859450021826,3.981966972351074,0.00963855421686747,0.24777384055303844,0.4,0.2857142857142857,2,6.298453276637398,7.741141732283465,65,0.00628505124734094,0.911719203248888,0.9851092631986076,21,12,7,6,4200,2710,1556,963,424,295,29,11,True,False,False,True,False,False,True,False,False
candidate_000907,907,9321907,506c75cdbfa81e5282f5672985aad36bc7281985cef886d180e2902427f06aee,ed57410c7df4c0e844f6144cf707f81c7e4bdbac0850e1615e1e269c740c2083,1a56248e29b698ed93aba71531c785020feb2e0d4582bbd69518b38017d048d9,0,0.9465484619140625,0.5031983852386475,0.06772851198163295,0.07497418791200064,0.4120471409864688,2291,12591,4.495853339153208,8.78434944152832,0.0,0.32490029765105405,0.2,0.25,1,22.64710577409016,20.69685039370079,66,0.005241839409101739,0.9899134302279405,0.9930903025970932,15,6,4,3,11049,1101,276,38,13,10,9,8,True,False,False,True,False,False,True,False,False
candidate_000908,908,9321908,c6722ca6591209d25e6b2bf56421e22c09786cb9afe0a57d417c5c9488678af1,ab5a7400d7f70c7f8104347ef3fe1df2035326fcce5bc47f4d60f7d407594eaf,278388171751189a312e90a7747152769ce3f229e7f139c62fbc1860fec9ebeb,0,0.9375038146972656,0.4991924464702606,0.07003716519287453,0.07586063298167685,0.4770842426887822,2291,14408,5.28895678742907,7.526273250579834,0.0,0.4670837465448484,0.2,0.25,1,13.474056905711619,24.866141732283463,31,0.0021515824541921153,0.9915324819544697,0.995141588006663,14,10,4,4,13167,628,381,110,16,15,11,10,True,False,False,True,False,False,True,False,True
candidate_000909,909,9321909,94f9eb44ba089c74c1c3cab937aa6f30de319f2e4887a63d058e97225911d4c9,7f4d510804781efb881416baf21d8f5f27f7be6dc7971165ced69bf4b22e566f,0267cf8e6175550e8fba74901dd9473a7c393f03e68070baf08b1968b18e8cb3,0,0.918212890625,0.48803794384002686,0.07011434756011482,0.07286063569682151,0.650371017023134,2291,20450,7.926233085988652,6.716233253479004,0.0,0.5709173573391153,0.2,0.14285714285714285,1,17.13977181320186,34.188612099644125,47,0.0022982885085574573,0.9868948655256724,0.9958435207823961,14,10,7,3,19803,188,120,71,67,51,49,16,True,False,False,True,False,False,True,False,True
candidate_000910,910,9321910,0ed23610f89dc91a82cf5a2b244c4745e840a839086010bc6338ca16016bf863,08c18019f7963d60bdbb46e11a2737efb7de62527166cc8f182a58db66487399,c5ea34852d908ff26177a1bca399ffa0e688c85736daf32ad3f6325a798a4714,0,0.9392585754394531,0.4994550943374634,0.06860920351710416,0.07444808134271189,0.46660846791793975,2291,14359,5.267568747271934,6.923027038574219,0.0,0.39998388107703686,0.4,0.6666666666666666,2,18.0069025222924,12.862228977024689,19,0.0013232119228358521,0.9950553659725607,0.9982589316804792,9,6,3,3,10627,3340,302,19,17,13,8,8,True,False,False,True,False,False,True,False,False
candidate_000911,911,9321911,1e4c8f3e0487dcb4430b1d7e4b24eb6583ea6bc159996c68b78634a6e5757372,9ff851ad010a8c04f4715fff508884b0e111bd455a079359de31d02f0c3e8935,6c54a4ca97df38037ff46b4e9c7f7f75d663bb8af3b990ebc7cf09d6cf08b440,0,0.9324455261230469,0.49798500537872314,0.07359078351848586,0.07837736321522475,0.5464862505456133,2291,15974,5.972501091226539,5.674195289611816,0.0,0.4604695353446291,0.2,0.09090909090909091,1,15.473975343164394,26.537401574803148,65,0.004069112307499687,0.9439088518843121,0.9848503818705396,21,15,11,7,14016,440,322,300,211,195,161,87,True,False,False,True,False,False,True,False,True
candidate_000912,912,9321912,e914f0e529d11f219eadfde1c0f30d20c75357e60a67fbbdf49c5954eff2e169,1adc8966947e5c4eacaccd94645685a06ed1d52b733159e8a9d9e198124b37da,04b499092a9b5c7b769cba58418d1263eeb8e3458415bc460d1dd497ed896b6d,0,0.9377937316894531,0.4938952922821045,0.059185663781543336,0.06436431128198329,0.42383238760366654,2291,15086,5.584897424705368,6.719983100891113,0.0,0.34679502794715256,0.4,0.3333333333333333,2,12.547134784713116,14.613485600258873,68,0.004507490388439613,0.9840912103937426,0.9935701975341376,14,8,6,4,11572,2486,623,165,73,48,11,11,True,False,False,True,False,False,True,False,False
candidate_000913,913,9321913,065ed29c4ba3f7255bb3697d7e16eae635e79e9c708b95ff04dad28ff0186d4a,390dac1a6c392e7b57b281f92d1bc35316d93a2374411b2725b8e82daa297649,ad06cae4bb7cf2ea452f73c40a06c6665ce33efe4a525e11dec6850871d29c6b,0,0.9247207641601562,0.48258721828460693,0.05152573718278023,0.05517658708328749,0.4378000872981231,2291,18178,6.934526407682235,9.553089141845703,0.002053388090349076,0.34462684042956193,0.6,0.3,3,15.862502647267519,13.22725073313404,70,0.0038508086698206623,0.9691385190890087,0.9880074815711299,25,13,10,6,8712,5917,2598,390,119,110,62,52,True,False,False,True,False,False,True,False,False
candidate_000914,914,9321914,0076036450a7ee5871cb45629c6d5b7635de176120c0c6bde496d0e5f8bd8862,b62c0ba9a641d7726c4d54d643fa55f9c1cdc7584c7d6ef40e557d0d95243000,e37d6489037d6ff3899729496d654c51dc21cb0634b799eafaf1f57478c6676a,0,0.9418296813964844,0.505308210849762,0.0774447049876418,0.08307273963290279,0.5333915320820602,2291,14710,5.420776953295504,4.127261161804199,0.0,0.4339471963740697,0.2,0.14285714285714285,1,17.122771270960683,26.261811023622048,55,0.0037389530931339226,0.9880353501019714,0.9951733514615908,10,8,7,3,13876,417,184,57,40,25,23,17,True,False,False,True,False,False,True,False,True
candidate_000915,915,9321915,d2eed1c4c9d389e7fecd9d41553ffa37dc5b7a0e9c375b4f38401854d8c37e61,69013c225ebea65384e6a3f9ff56501ea26b17efef96b13af4142b9a45265eac,87956ac28be0c930890d7b8bd893ff371165dac99a30f2533d7a116ba5bae526,0,0.9453163146972656,0.5009519457817078,0.06464305789769534,0.07153409532695747,0.4015713662156264,2291,12861,4.613705805325186,6.101269245147705,0.0,0.31835417834844987,0.4,0.3333333333333333,2,9.209091736160332,8.862811877430984,32,0.002488142446155042,0.9880258144778788,0.9965788041365368,10,7,6,4,9427,1695,1262,323,43,41,18,8,True,False,False,True,False,False,True,False,False
candidate_000916,916,9321916,90fc828bde6a00027e634166a6492b364ff04b420313971a376d5f3709a4be18,b5d8d677561c4afa75c648d2569a08dfcf6fb0eddca4674e9c404aa230c7d2df,f214feb4cdde0351683f641ca0f3d727d869c61be80f124d488e11aadd0b4f5a,0,0.9393844604492188,0.5021366477012634,0.07389320825033734,0.07973928720011095,0.501964207769533,2291,14422,5.295067656045395,6.2524333000183105,0.0,0.41819872688068055,0.6,0.3333333333333333,3,6.931645172750582,8.962800203077437,86,0.005963111912356122,0.953612536402718,0.9837054500069339,26,12,9,6,7543,3979,2015,216,186,117,76,55,True,False,False,True,False,False,True,False,True
candidate_000917,917,9321917,a4afe0cbed75fa96382b874e750ca8a2446e97e7ad264206e69b4589172286ee,bc8c6b1f8c6f018cd20624e8f2d497d646ab6bfc8d6d21cfe5896f6e94282875,4dcc22d77e91b716fbd950fae8701713053592263c2f54ca25cf281a6702c3e8,0,0.9313735961914062,0.49658361077308655,0.07200651958786891,0.07671317829457365,0.5399388913138368,2291,16125,6.038411174159756,4.376791954040527,0.008213552361396304,0.43597636009027024,0.2,0.1,1,15.675299064827918,27.163385826771652,75,0.004651162790697674,0.9743875968992248,0.9849922480620155,21,17,10,4,14334,972,246,160,50,47,42,32,True,False,False,True,False,False,True,False,True
candidate_000918,918,9321918,4ac1b84da7ba6ba9e332c96b2dea39438cf2c2dc37c4608488abdcbb6aba410c,c56ffd6f4492c88575eefae67361756ecab3a825ee4d8014de5ba948b471fcfb,2e6587cf7d399abd5eae6601f30dc087dab886a5dd8d386e0fae9efc362482c9,0,0.9531707763671875,0.519119381904602,0.09201792233654166,0.10202391904323826,0.48406809253601046,2291,10870,3.744652989960716,8.620684623718262,0.0,0.44036388026029194,0.4,0.25,2,4.316416532574457,9.506970661201596,62,0.005703771849126035,0.9663293468261269,0.9865685372585097,16,12,8,5,7532,1826,957,189,122,38,34,26,True,False,False,True,False,False,True,False,True
candidate_000919,919,9321919,d22f49e7e2f695b11c34ff1d3ec77d2bfa39125488992ca9eb92b51c933d728b,091c72da3210b5f1ca47f94e5f219d47c16de81b726ed660fb5b7e50e8c66212,08a3579e82fdcbb0e8a0f4fd78e62c8717cdf02e213eaf6d0fd5a19a28413337,0,0.9202461242675781,0.47924309968948364,0.04994960241908388,0.05419527310286166,0.38934962898297687,2291,16459,6.184199039720646,7.561718940734863,0.0,0.29553415061295973,0.2,0.14285714285714285,1,11.098399781223126,24.97047244094488,67,0.004070721185977277,0.9813475909836563,0.9909472021386475,17,12,7,4,13221,2317,445,169,63,41,40,14,True,False,False,True,False,False,True,False,False
candidate_000920,920,9321920,23f7c6079aea88ae02533bc3cce780f056f11ef6d8cf2c7f49de3e955761003a,746ff3c1d8ea8e5fb526561bed6df1050fded38d3a2ee7f252be91bcb3af807e,2d9bf9084bdfea2d285b95424d5c2d06e304f62e88da9cf03e2d486aeb4c2ff3,0,0.9475936889648438,0.499970942735672,0.05976350271652285,0.06816731978492664,0.3264949803579223,2291,10973,3.789611523352248,8.23438549041748,0.028747433264887063,0.22055504990700298,0.6,0.3,3,11.768181570620095,8.178005644714387,80,0.00729062243689055,0.9438622072359427,0.9802241866399344,20,14,10,5,4970,4777,326,284,228,68,53,50,True,False,False,True,False,False,True,False,False
candidate_000921,921,9321921,66d5dd1ef984913466acede7002531bac0f3224cc7bb6e5455ff05c067be86bf,c1cd39582ca33225a645e59d5d7102fc731c9f22ab59829363c36a9c9a47c6d4,d7cdeb78290d4e75708fa4ce2c1265a3d3fde9e2f067db20fc3d093153b4b5ef,0,0.9237518310546875,0.4826516807079315,0.05276719093885877,0.05675191963512499,0.42907027498908773,2291,17321,6.56045395024007,9.068746566772461,0.0,0.3220567537723799,0.2,0.25,1,21.761448209418038,28.78291814946619,106,0.006119739045089776,0.9866058541654639,0.9904162577218405,17,12,4,2,16765,221,61,42,17,17,17,15,True,False,False,True,False,False,True,False,False
candidate_000922,922,9321922,612314c980a9771f9ce71a2d55bc8153e303928229c6e8ffac27230bc8e6ae4a,bb818cb000d8af555bc22cda3c3eb3baa8935f04d88f60bcc05a65d7a4a41da0,1eff043e003b03c18288a9336ffeb6663ae4de52c1aaae7d683680f628c810c8,0,0.9286003112792969,0.4841609001159668,0.05023963913166056,0.05454545454545454,0.3889131383675251,2291,16335,6.130074203404627,6.762800693511963,0.0,0.2996516004024295,0.2,0.2,1,16.745733807447497,30.561023622047244,38,0.0023262932353841446,0.9919191919191919,0.9955922865013774,14,6,5,1,16060,71,38,34,32,10,9,9,True,False,False,True,False,False,True,False,False
candidate_000923,923,9321923,21d4fcc9e9418f7099f08fd425b86c63b94afef8c216fc41699d9c74264794f9,33bf03346af1409690e4b2b4a0d0d84ba58293c09be1ef9c9c5fd6b136025c36,392d64970e1619c7b8332a4e66ceb622f3a41ed39306845cd3751311185262be,0,0.9187431335449219,0.4770701229572296,0.04735268054940186,0.05144404332129964,0.3731994762112615,2291,16620,6.254474028808381,7.826186180114746,0.0,0.26350831789219087,0.4,0.16666666666666666,2,9.411329891733509,17.348007226836373,91,0.005475330926594465,0.949638989169675,0.976173285198556,30,21,12,5,7711,6304,890,878,252,86,54,49,True,False,False,True,False,False,True,False,False
candidate_000924,924,9321924,9d58f9a1d27ff423d905ed6d8d12c82ddfbb38fc502a0567beaea38f13088f66,38dc846030bcf7f36511093782348bfacc67fd6847f182b7de91443b1f09ae8a,db022121f46f21829286622c0c5ec783dd593af60f517ee20c46c8ab5244b04f,0,0.9520797729492188,0.5172973275184631,0.08960754589860198,0.09993425378040763,0.4644260148406809,2291,10647,3.6473155827149717,7.685421466827393,0.0,0.35620344368527845,0.4,0.2222222222222222,2,6.663176969200402,11.53776561320246,88,0.008265239034469804,0.961303653611346,0.9822485207100592,19,12,9,4,4937,4183,968,147,91,49,46,37,True,False,False,True,False,False,True,False,False
candidate_000925,925,9321925,79f48976e8e992e552a13f757587bdffa2c9d41a79f402a7a4ef651a4e5e9161,2da35562010f9e33959d6fec546f39ac1f03490278d9245adfb3351cf8fdeaa9,532c491a28088a8208180c8125bb6270c054f35af2064de3c8f433469f721166,0,0.9190101623535156,0.48045605421066284,0.05391552905228919,0.05729548549282497,0.47752073330423395,2291,19094,7.334351811436054,8.573487281799316,0.0,0.3721673019625967,0.2,0.16666666666666666,1,17.58456269591108,35.48031496062992,39,0.0020425264480988794,0.9923012464648581,0.996752906672253,13,9,6,2,18559,300,57,31,31,26,16,12,True,False,False,True,False,False,True,False,False
candidate_000926,926,9321926,40eb403cef8e3a27742f857255d16f52faf7f547133b411944dce5872f77ab88,b188a2d529a8f14193499afadfc198b593fc8bc9ce211a4cb9fbe42d789990b3,d97668d4d50e82b19701ef7941234b9aa691b5aba87085461cac14e9d64d93c4,0,0.9351234436035156,0.487733393907547,0.049865148336829486,0.05464337317745961,0.3631601920558708,2291,15226,5.646006110868616,6.6255927085876465,0.01026694045174538,0.27555461933434505,0.4,0.6666666666666666,2,11.655065894863196,17.107445259411065,71,0.004663076316826481,0.9925784841718114,0.9945487981084986,11,4,3,3,10315,4665,122,11,8,8,7,7,True,False,False,True,False,False,True,False,False
candidate_000927,927,9321927,96a3e7d693d99211defc82692e22a8efc212b39c2a1d82e07231799edb0f7307,923151a9fb6a96adea89aa8e05f7f4b38ab0b0fc94e31ea77c2c388af9d319f2,cace8017cbb36912db67527553b34ca14a2b61c8ff45f2ea672ce9c989fbce35,0,0.9268951416015625,0.4985215663909912,0.08080274623712701,0.0841862000660284,0.6678306416412048,2291,18174,6.932780445220428,4.576722145080566,0.0,0.5789414470585283,0.2,0.16666666666666666,1,18.841091868007013,30.38256227758007,54,0.0029712776493892373,0.9891053152855728,0.9941674920215693,15,10,6,3,17664,143,124,45,44,20,17,11,True,False,False,True,False,False,True,False,True
candidate_000928,928,9321928,1362ddafdf472751736d13e44ada7102e54f237add4004d23396ded646484df8,1bc64e151ee3acaa73075355957a6509dd777f6c24b1c51d6829bcdcbaacc270,b9f3c7b5c2396c853a129ecd59edb306d700983957a19cb9d787d1c3d8144ae9,0,0.9527931213378906,0.5187152028083801,0.09163783646949625,0.10201014465526959,0.47402880838061984,2291,10646,3.6468790920995198,7.17646598815918,0.0,0.3889765055333845,0.4,0.5,2,10.028882067579213,6.813643623728529,29,0.0027240278038699983,0.9965245162502349,0.9985910201014465,7,4,4,4,6599,1999,1493,518,8,5,5,4,True,False,False,True,False,False,True,False,False
candidate_000929,929,9321929,6d4e2792f4ce4f6083e37476b402ded7ecc3fbd6726bcdf133387e61fff206c7,9c26b154f46203a75ae2ec5ab9fb6d87a4883bc07a332b02953f0859783b583b,c4d0f2a407d19dc6f8994821b452a3e0bf1049c659f1bd768291762ca7a90ae9,0,0.926971435546875,0.4898099899291992,0.06337802296491116,0.06915861682766344,0.43125272806634657,2291,14286,5.235704932343954,8.101644515991211,0.0,0.32778643147342496,0.4,0.15384615384615385,2,8.973427057609728,11.083904109589042,56,0.003919921601567969,0.9477110457790844,0.9805403891922162,21,19,13,5,7384,2832,2443,880,351,42,38,38,True,False,False,True,False,False,True,False,False
candidate_000930,930,9321930,1bc32cc36ee235a51fa60c7939ab813b14ce0a3842010a7cbcf7e516f2534a86,8cb43f9815470bea54f353a14eb80aac5c24dcc28cce16d63e27e8a1a5e22310,a63a96a732182f066e99f669ff74fa414deb879a8fd3a3dd22b883d5ce3a9214,0,0.9461860656738281,0.505089521408081,0.07190160832544938,0.08067226890756303,0.3980794412920122,2291,11305,3.934526407682235,8.947982788085938,0.0,0.294148839240066,0.8,0.2857142857142857,4,6.965229653457216,4.7964483551107255,104,0.009199469261388767,0.8000884564352057,0.9382574082264484,29,20,14,10,4331,2620,1090,1004,742,293,290,237,True,False,False,True,False,False,True,False,False
candidate_000931,931,9321931,1e208ec07634c22c512b4173c396e305d83aaa9f40a694862198e13390e8e78c,d098931778b25242afd3a6a413e19aab8f9574c528a650fa65fd4d8b0de66223,02b571e2e10e0bf823d78fe5dc21ee5e4535725a14dc45246ba82dcb9ece9599,0,0.9227676391601562,0.4848869740962982,0.05841766329346826,0.06205885546747747,0.4989087734613706,2291,18418,7.039284155390659,6.101866245269775,0.0,0.40951616919326483,0.2,0.2,1,14.285229787829728,34.44488188976378,46,0.0024975567379737214,0.9904984254533609,0.9943533499837116,16,9,5,2,18033,116,58,36,31,15,13,12,True,False,False,True,False,False,True,False,True
candidate_000932,932,9321932,abdb124719d98bba5043a7cb4015e233702f83cd37614f882f713f2fb2bb4cbe,7ea4fff7fc75108ede9e8b39dffcdc6ac6add2cb999da78f9f90cd6427fd7198,e0f7972bc5b2ff7df5291a140b74518d69b21d7db25148a5e596a5e2b4c1254c,0,0.9395942687988281,0.49790626764297485,0.06507894387687409,0.07127288578901482,0.4281972937581842,2291,13764,5.007856831078132,6.198214530944824,0.0,0.34611026055190763,0.4,0.2857142857142857,2,6.638617589668295,14.524269226620644,38,0.0027608253414705027,0.9667974426038942,0.993315896541703,16,10,7,5,6885,5128,910,384,244,74,32,15,True,False,False,True,False,False,True,False,False
candidate_000933,933,9321933,2a361708a4b31fcb46e2a6fc8fc143380706eccf3ed293f15f691a73a47f2c61,d2d08fbc3f72afbf9dcff92bef6fe20e20a0bd0b4736bf6b5e71c06862c6af86,b331cc0e31d801737615c0329cd65709c41970d553279ee3e0dc3762a0d0e64b,0,0.9251785278320312,0.49255791306495667,0.07114018500536617,0.07456610242125562,0.6075949367088608,2291,18668,7.148406809253601,6.43917989730835,0.0,0.5145484904550567,0.2,0.14285714285714285,1,16.424080272036147,31.47153024911032,72,0.00385686736661667,0.9873580458538675,0.9922326976644525,16,12,7,2,18276,105,26,25,24,24,24,19,True,False,False,True,False,False,True,False,True
candidate_000934,934,9321934,911fee7f6cce0b8391086a3bf21b751fae0fbc618eef9577ce2cb9ce25cfc93f,249d3486a332c9d63def73495610b5b429c73b090dea11b895bc024a9cd0b7e2,b5a21a5c36adf1ffd08ddbdf75e97eb6d5259b568ac32438f554e02f0b8eb3fe,0,0.9369926452636719,0.4988346993923187,0.06999387213181725,0.0765792610250298,0.4487123526844173,2291,13424,4.8594500218245305,7.18021297454834,0.0,0.33493123006736597,0.2,0.08333333333333333,1,13.889589763913008,18.631672597864767,94,0.00700238379022646,0.924761620977354,0.9757896305125149,25,17,12,7,11060,541,493,320,300,218,123,44,True,False,False,True,False,False,True,False,False
candidate_000935,935,9321935,fb977b340c4cad609374a19db576b607891ff0d5f8c0aa9574b5f497e4c9ee61,e13fe85abeb83043e85cc3ae94b3bdf51c2bbaaed8c335d36ceb9e548ce8493e,776e6c64d48be32729e126c5db17f7dd4a78b6d663d30b78f2b12b23a3fea69b,0,0.88909912109375,0.457332968711853,0.04194381406995853,0.0440445375734418,0.4679179397642951,2291,24339,9.623745089480575,10.432714462280273,0.057494866529774126,0.38868559931749924,0.2,0.1111111111111111,1,21.231295113167853,44.16732283464567,70,0.0028760425654299686,0.9812235506799787,0.9942068285467768,15,11,9,5,22972,404,283,223,207,45,44,20,True,False,False,True,False,False,True,False,False
candidate_000936,936,9321936,b900fb67e6c4fa33383d8901ee64f2e379eb039805c1295ab4682dee0b19fa8f,d1869585d55ffbb3b8827a23306b79f8d73dda518e7b89a8e0aa91161718ac72,07fa0ab4d298188f540497eb459d99b90980d0e531298a750a47260922a6d6ba,0,0.942230224609375,0.5157409310340881,0.09766805815459911,0.1047067901234568,0.5923177651680489,2291,12960,4.656918376254911,7.614973068237305,0.11293634496919917,0.5151992139588896,0.4,0.3333333333333333,2,14.85113450910081,9.903130868780462,60,0.004629629629629629,0.9844135802469136,0.9907407407407407,14,12,6,4,11412,754,437,155,25,24,17,16,True,False,False,True,False,False,True,False,True
candidate_000937,937,9321937,8d933a8ef01a1a550c25e36b9e45da898d0cf712ca7f34c27ef179a9a32a6591,483dfc3f0062035c29979d88fa7435dd7113f4c0013d7eb2d5b1cb988908cb2a,4dbaadc36c980af03bbcd6bce18164ac9c4ed5efed79cef9dbb6e75c7ecedf65,0,0.9338455200195312,0.500938355922699,0.07789039039039039,0.0833444905609854,0.5434308162374509,2291,14938,5.520296813618507,5.233346462249756,0.007228915662650603,0.4364659783405694,0.2,0.1111111111111111,1,19.0147198500045,26.89763779527559,83,0.00555629937073236,0.9717498995849512,0.9831302717900656,26,16,9,2,14199,206,56,55,49,49,48,24,True,False,False,True,False,False,True,False,True
candidate_000938,938,9321938,4f4598d9df0e6ad57742108e3d2af5af2b9c12438beafce110fd429ba595f468,8b0a7fd54f46f289ae1facc2f1b5bb22f6579973586d8818ac660727bc473ffb,d74c64f0580110de8eab287192eed7c632c4848ca8bcba4f076cb2c14b546d6f,0,0.9308052062988281,0.4937845468521118,0.06705340385599727,0.07158035334830914,0.5146224356176342,2291,16471,6.189436927106067,9.091678619384766,0.0,0.4096258711276754,0.2,0.16666666666666666,1,10.77896884333963,29.49015748031496,63,0.003824904377390565,0.985611074008864,0.9918644891020582,21,10,6,2,15516,578,83,57,56,24,12,11,True,False,False,True,False,False,True,False,True
candidate_000939,939,9321939,25f1f6d0dd4316dae31c2d4199951d2c2f4cb8e04e032d5cb2b234f67c911da9,5a503252b0c347572e671f0dd225e5bc5a3e117c82a02a1c9986779565f838a6,a3bfe76f5b141d7fb925585633f00b862acd749e66147b11abe1f3fd3bb986af,0,0.9296340942382812,0.4916728436946869,0.06418574722505228,0.06818570207917972,0.522479266695766,2291,17555,6.662592754255783,5.549064636230469,0.0,0.414119476070976,0.4,0.18181818181818182,2,10.748302140716685,15.128995618360847,50,0.0028481913984619764,0.9799487325548277,0.9894616918256907,17,14,11,2,15445,1612,94,52,46,45,40,36,True,False,False,True,False,False,True,False,True
candidate_000940,940,9321940,dc559ea52ee8d45c6da4df8c8696a01c185671610a99a13f20082b71d9932f1e,851b47451fcdef0320440993fb56d96e039c5e12b40f0f6849563f2475b5bdb0,866b9e089180bed6ee4758f2af3f4f0958ecbca09cd583c6797fefdee613e86c,0,0.9253311157226562,0.49092042446136475,0.06752044252044252,0.07262027935851009,0.4901789611523352,2291,15464,5.749890877346137,9.173863410949707,0.04096385542168675,0.38512263512957,0.4,0.18181818181818182,2,12.985543547870105,17.05099234171071,87,0.005625969994826694,0.9694128297982411,0.979565442317641,28,20,11,3,9520,5089,319,63,45,42,35,35,True,False,False,True,False,False,True,False,False
candidate_000941,941,9321941,143b80d6627410a8a99ce2f849eb41591e74eed8eed8e6ad464e5a1d172f98d3,bc1fd47c77cd8cf548485537699940b1de2f944f6ea46422223e912c792d7022,6cf3f409360879f52379ba915812790a06472746286ffe1beded93023774c6a7,0,0.9368743896484375,0.49318012595176697,0.05880541871921182,0.06407675791733762,0.4168485377564382,2291,14904,5.505456132693147,8.861559867858887,0.0,0.3240658249973747,0.2,0.07692307692307693,1,12.110264891957165,20.12992125984252,78,0.005233494363929146,0.932434245840043,0.9744363929146538,28,21,13,6,10761,1161,1087,888,355,143,72,56,True,False,False,True,False,False,True,False,False
candidate_000942,942,9321942,2b986e9b9e9f63bd647306acaa6e7fac72a6ba8de9997914495157bb3a519067,74c9c69356f1c7b8c1241764bd6a6021a0c6ac1d1dfaaede707a765c2dbe36d6,e80bdcc6357a56a1b3fe85453eab872943083d22eef621dd89133d590cf3565b,0,0.9373588562011719,0.5030105710029602,0.07791202904589012,0.08274859346355648,0.571366215626364,2291,15819,5.9048450458315145,7.487977981567383,0.0,0.48544311422726005,0.2,0.09090909090909091,1,13.75993094484111,25.54626334519573,84,0.005310070168784373,0.970731398950629,0.9815411846513686,25,17,11,4,14946,156,148,106,54,42,42,33,True,False,False,True,False,False,True,False,True
candidate_000943,943,9321943,5806fe59bb4593b2ed3791a3a3bf798806b5f01858496f7c8d881bf5f15f41c9,7963c9ba738816ceaca10663cd33fdfbfc6bbbcd894393847dd27dfdf503779f,ca3fe02ac6d323f55a543ea29a52bc0ce8fd398e6ee35dc5f1e11b05e0461517,0,0.9231452941894531,0.4811849296092987,0.050524202542939996,0.054753127455127816,0.39546049759930163,2291,16547,6.222610213880402,6.345276832580566,0.0024096385542168677,0.29570347396741703,0.4,0.14285714285714285,2,9.664235301694621,11.99796508870126,69,0.004169940170423642,0.9468181543482203,0.979815072218529,21,17,14,7,12262,2597,470,338,213,160,123,50,True,False,False,True,False,False,True,False,False
candidate_000944,944,9321944,7ebf08ee17584924b9e66fe0538e20b05d27909d6b973f1e4ed3303e89e3a390,e9f05abf30b4eb50be98dce3b68a5e3b5fbf1375c3f79604f275ccdcc41654d5,fca0d0e7125bcdd50ec44063e218f989b5e6c3f962cfd805521b08a4b3c9859b,0,0.9227218627929688,0.48550283908843994,0.05971255845785332,0.06427255985267034,0.4570056743780009,2291,16290,6.1104321257092975,6.272212028503418,0.0,0.3633768479630446,0.2,0.25,1,21.936531045351266,26.763779527559056,50,0.003069367710251688,0.9931246163290363,0.996500920810313,10,7,4,2,14131,1988,30,29,17,15,14,9,True,False,False,True,False,False,True,False,False
candidate_000945,945,9321945,ffae45122e0f3504fa8961f6ea7527321bf6cff56eb1a8fbc4ef47d9cbdb49af,39a1ed3100976d1b84339a3d34fed45d4cf66ee5dc78abdccd2f850dd066e52d,b3328e90d58ba708f4bce6735756f6d9493bfd8b3099c8c4e4002a5b5ff63278,0,0.919647216796875,0.4834211468696594,0.05893048128342246,0.06293187139512306,0.4810126582278481,2291,17511,6.643387167175906,10.504290580749512,0.024096385542168676,0.3927739407104887,0.8,0.4,4,6.342973469493124,9.245541834651105,101,0.005767803095197304,0.9579692764547998,0.9874364685055108,21,11,10,6,6340,5746,4379,310,216,175,93,32,True,False,False,True,False,False,True,False,False
candidate_000946,946,9321946,ab4a1f1ad23791b5911dedae9a38503ece884c481b42ca5df985b4af11ccdbef,58597ec0ab92ed566c60bc498bee39e4bafafb1a6abdde26af8776b84cbfcc8a,63d482953966f0c4be7ac570e5753f33e8f3313b50d03433d4e5fdb89c208c68,0,0.938995361328125,0.49706611037254333,0.06411186597190159,0.07022106631989597,0.4242688782191183,2291,13842,5.0419030990833695,6.917463779449463,0.02891566265060241,0.3259014120557256,0.6,0.6,3,17.706138060952092,9.392285105908938,97,0.007007657852911429,0.9798439531859557,0.9849010258633145,25,14,5,3,8919,4172,449,23,21,18,16,15,True,False,False,True,False,False,True,False,False
candidate_000947,947,9321947,ec3c631a26d25e641523ad154aafe62e9b17746750dd9534c24e8124d4c49bf5,393eb5c97185b752b9fc16688b8db9c8044ca3ab2d1d70fb3bca9da9e2f01c90,52c352d30484c9ea829bb244527d91199e074be55d13098478b9b66fdf0a3c1e,0,0.9052391052246094,0.47327420115470886,0.05542437642210106,0.057910554882698605,0.5635093845482322,2291,22293,8.730685290266258,8.225541114807129,0.007228915662650603,0.47967019736318833,0.2,0.125,1,12.716028584309761,40.12204724409449,106,0.004754855784326919,0.9842551473556722,0.9913425739021218,17,13,8,4,20917,521,331,173,55,39,37,27,True,False,False,True,False,False,True,False,True
candidate_000948,948,9321948,b06f50a427923b97dccec01aa54303ce1777079af53ea2988f692d5c3c4db7c0,aee2a332834fbd2cb21b5679609b4f6d127c071836689d9c64622494b4139b61,9533c86b34e96ca40354587b7f12913d4616b7f4b22989150fca7b6848cb0a30,0,0.9358329772949219,0.49583110213279724,0.06506826054472593,0.07154592979835699,0.41815800960279353,2291,13390,4.84460934089917,5.315180778503418,0.04106776180698152,0.31482034326923336,0.2,0.125,1,14.77806694548156,23.246062992125985,102,0.007617625093353249,0.9713965646004481,0.9805078416728902,27,16,8,3,12344,488,103,72,35,30,29,28,True,False,False,True,False,False,True,False,False
candidate_000949,949,9321949,707779adaf6fe71ba9139d3d59f37faeff72a89a9fa0493c4d749c0129abd2fd,779d60a1312cdf4df30842a751955b0a3d6c9ab6d08363e7f2106bf413f98e3e,0ebb794303896d4878e882885d072e70b7c94274663d085c9d856891cf875e21,0,0.9395790100097656,0.4962654411792755,0.061875480399692546,0.06761391474767271,0.4216499345264077,2291,14287,5.236141422959406,8.476151466369629,0.018480492813141684,0.3196723607979714,0.6,0.5,3,10.210806957900408,8.649722533198974,36,0.002519773220410163,0.9846013858752712,0.9925806677399034,16,13,6,4,12878,665,400,124,59,24,16,15,True,False,False,True,False,False,True,False,False
candidate_000950,950,9321950,6157d832ea960c629f60ac4137ae209adbed58a0d36aeb31c7c388742f34c880,d76936da22d1074b976599657f7e914b9f973919e6740cd444229c81358a7a62,71611538f939fa5b45af254c65340ea45eeeb0579b44b8b2a7d38aae9a5b5f27,0,0.9178085327148438,0.47842302918434143,0.05114155251141553,0.05434671570129737,0.4644260148406809,2291,19578,7.5456132693147095,4.536343574523926,0.0,0.35409306012391306,0.2,0.16666666666666666,1,19.995764508956896,36.181102362204726,64,0.0032689753805291654,0.9847277556440903,0.9906016957809787,22,16,6,2,18915,204,94,66,60,22,17,16,True,False,False,True,False,False,True,False,False
candidate_000951,951,9321951,516c7cb56eb04f50858aeeac3d4fca21fd5ec049eb9c68b2823cba0e0e5d7543,f19577c0953b591ef25b4cc80e89dea84583a51a672af5bf9fc1df9325e6638a,04b47940c2336970f5d043336bffacb80d18c8b0c06a79a6a5ee6b6b25b2a635,0,0.9441986083984375,0.5028315782546997,0.06971153846153846,0.07679725835345431,0.43037974683544306,2291,12839,4.604103011785247,8.05134105682373,0.0,0.31619511667061256,0.6,0.2727272727272727,3,12.980224960151233,5.95611063484946,59,0.004595373471454163,0.9617571461951866,0.9837993613209751,20,15,11,5,5894,4580,1589,285,169,44,35,35,True,False,False,True,False,False,True,False,False
candidate_000952,952,9321952,03d7d55e308a45f83766842c94a9cacf84bceafc7e2d5f6f6c50e638a42396f9,6db176e46e527019080f7182171e4a50b601b609b2efaba7ee7b1e0e0918e112,653a9d49a9c0b9bb485811d8df20be40cf57c8d9d46895e28f9e163cb9e44186,0,0.9212608337402344,0.48108971118927,0.05241379310344828,0.05660152526215443,0.4146660846791794,2291,16784,6.32605848974247,10.290336608886719,0.006160164271047228,0.36674963812363204,0.4,0.2857142857142857,2,9.105191916084124,13.955141227898116,87,0.0051835081029551954,0.9739037178265014,0.9902883698760725,21,11,7,5,14445,1386,284,231,165,59,32,19,True,False,False,True,False,False,True,False,False
candidate_000953,953,9321953,77f348f5dd7061bf260fa8489df786d2322f7aecb812acaa63e490b7a6a68297,f69f502b5f5f061356f8e87220974af95d00e723cb3eaf08dc788c6ed83323fa,5e8622dab33811eb2d16d07f83455f4a2403bb5ef2d365e009bce49dfdf56466,0,0.9002227783203125,0.4762297570705414,0.06709599517005434,0.06882457371702241,0.7276298559580969,2291,24221,9.572239196857268,4.902846336364746,0.39014373716632444,0.6826080958269155,0.2,0.5,1,18.775474042329993,40.31850533807829,73,0.0030139135460963626,0.9947979026464638,0.9964906486107097,10,6,2,2,23248,819,14,14,13,11,9,8,True,False,False,True,False,False,True,True,True
candidate_000954,954,9321954,d114cf60f4b13c168433aa57fdc533f8ecbe44c473beaf9f232437c1b6be743d,029cb63d84033e5d73a3d511c76567cb19490fba0f6a88588c71fdd341542755,ac5ccfcf0e2b86ac36dd097537bb373619975ec612ade7699b5126532dccf0e3,0,0.9519233703613281,0.5234792232513428,0.10209703216634086,0.11362737341772151,0.5015277171540812,2291,10112,3.413793103448276,5.752706050872803,0.0,0.40666512891114465,0.8,0.5,4,6.875843980595394,4.553248269375758,56,0.005537974683544304,0.890625,0.9849683544303798,16,13,8,7,3136,2923,1971,976,565,205,159,25,True,False,False,True,False,False,True,False,True
candidate_000955,955,9321955,66759c9fed2deb5e14e0a6ed2735a8a44d8a50a7937c41c0e698fdc7187b53ac,fdc612b831072ff7827842c4bbfbdd85e2985c3deaf8d8f7b3a72de887e2e95d,a7a16b19f72eed60ede8d9d0287a48405d8ba020371656d90b7157a0f321eb8e,0,0.9366340637207031,0.50389564037323,0.08057710630189192,0.08714212114521233,0.516804888694893,2291,13587,4.930597992143169,7.477872848510742,0.0,0.410718313198323,0.6,0.5,3,3.212033001744269,5.795702981004428,82,0.0060351806874218,0.9661441083388533,0.9930816221388091,10,7,6,5,5158,3619,3396,954,264,81,12,9,True,False,False,True,False,False,True,False,True
candidate_000956,956,9321956,13c3fc00c82903c18726306de6fd8e51da52fd7a33e35f33377c2f410cf76464,a70b61aa4cddaab50490120feb43597be44e25b073694b9d41d7cd0c48e15780,7b19d5d7fc9218f4b76fedc153fb1e9f5c22ef5a190b4b79870361354ae8aa1c,0,0.9046821594238281,0.4682905673980713,0.04601899196493791,0.04856482111277377,0.4674814491488433,2291,22053,8.625927542557836,12.557723045349121,0.0,0.36374881893166977,0.2,0.25,1,22.3576647477841,41.50196850393701,104,0.004715911667346846,0.9922912982360677,0.9942411463292976,13,7,4,2,21618,200,40,25,12,11,11,9,True,False,False,True,False,False,True,False,False
candidate_000957,957,9321957,eed4e28951e77534d1eecdc46a98c88900fa15fe8663323a6179466b93e5eec3,bb6eafbf243e34e2afc35c372fd83038e24575513320dbacbffd43c9942c7176,973d30182261fc2c350736afa3f19ece5353db50005e02c9407d06e9c4651307,0,0.8939476013183594,0.4661695957183838,0.054305487274514994,0.05612005627637955,0.6268005237887385,2291,25588,10.168921868179835,6.616180419921875,0.0,0.5358593728638219,0.2,0.14285714285714285,1,18.360994066709782,46.90157480314961,74,0.0028919806159137095,0.9905424417695795,0.9946850085977802,16,11,7,3,24361,753,135,97,39,30,24,13,True,False,False,True,False,False,True,False,True
candidate_000958,958,9321958,9f291652bb1ffa0d72b0903a35059d52acae5e6a48a8b804dde4cde70836b342,e03e515aedc5c4a5f09057e222152018f648d0328c0abc51d52937918df17182,7ebc1c8e1104120f4f5046dd5d071db487c7eb43cb322b63ad35e8fb79c7ff69,0,0.9138336181640625,0.47481203079223633,0.048542779495829816,0.0515756459401603,0.45220427760803145,2291,20087,7.767786992579659,8.69925308227539,0.0,0.36735382862448046,0.2,0.2,1,14.438197519608629,34.05708661417323,56,0.0027878727535221785,0.9891472096380743,0.9925324836959227,19,12,5,3,17836,1480,502,51,26,15,14,13,True,False,False,True,False,False,True,False,False
candidate_000959,959,9321959,a50fcbde3e7fa4dba4eaf2cd96f5970dc423c8d9c726a013a283d5a1f63083a1,9da4c535736337283c747eb98faf3496038b541ca85f3728cf081e2b6dc49515,66cddc13ec72561209f1c2605df00b28b63b449d889585a191aa7cf3cf5cb861,0,0.9457855224609375,0.5115001201629639,0.08525780682643427,0.09278431992412867,0.5124399825403754,2291,12653,4.5229157573112175,5.064587116241455,0.21971252566735114,0.4549953601259882,0.4,0.2857142857142857,2,13.083302957998749,10.49993734741063,66,0.005216154271714218,0.965383703469533,0.9859321899944677,22,12,7,5,10382,1274,334,225,149,57,37,17,True,False,False,True,False,False,True,False,True
candidate_000960,960,9321960,28aa8d6c97a9e9e4277876b8aaae3eb0d50b52f6ff04abfadb6ddecb455cd615,7c76e47acc4faec8798903945a8a044f8b020eab1a890608468b028ea38cfbc7,4396bcf5f123ba2f1ae8d61d4223e85b7df0715c3e476054cb3adafd35300596,0,0.9414787292480469,0.49590325355529785,0.05892688201108258,0.06517676956424247,0.3806198166739415,2291,13379,4.839807944129201,4.778995990753174,0.0,0.2879022177658389,0.4,0.15384615384615385,2,9.582545103524486,16.267756984144107,61,0.0045593841094252185,0.9549293669183048,0.97712833545108,26,20,13,5,7825,3971,642,338,137,60,58,42,True,False,False,True,False,False,True,False,False
candidate_000961,961,9321961,cf93ae783f5dd9440b87b1009f30dde039f63730d4d27ddb96e56f01f620ef2f,2ff7386ea996fc6e8104a1d31be73e3fb65e02946e25eacd9c08d4e01fef34e0,c61926390cdd897f2a9a249fe5e2c4d3b052ca8c3ae0fea871aa0b81c62533d4,0,0.9577560424804688,0.5198459029197693,0.08818388393637476,0.09931102362204725,0.4404190309908337,2291,10160,3.4347446529899606,9.770888328552246,0.0,0.3279546216722503,0.4,0.2222222222222222,2,8.412441129132947,12.067144860317118,32,0.0031496062992125984,0.9637795275590552,0.9874015748031496,16,11,9,4,5779,3256,606,151,70,60,56,54,True,False,False,True,False,False,True,False,False
candidate_000962,962,9321962,2d8273e60fd6c24a727bba59bb39664a2979075051a4f546ed8e2da8f326c799,bdf7e52f713837b28a30d556045310cbcf26c8aa935d252d7c0ad49fee33c9b9,453f60a321fcfa140ef202fb4a8a01220ffa5cf88bd0819dcbb34e0e9c9d1b1a,0,0.9302902221679688,0.4893586039543152,0.058713830235216265,0.06375751241181082,0.4260148406809254,2291,15308,5.681798341335662,6.671881198883057,0.04578313253012048,0.3288123761866547,0.4,0.25,2,13.52249882441576,12.280067179744217,43,0.0028089887640449437,0.9550561797752809,0.9908544551868305,19,12,8,6,12719,778,673,450,249,194,69,36,True,False,False,True,False,False,True,False,False
candidate_000963,963,9321963,c63095087b606904477dec919467adc883dac9cb900617d2a186bd42f26e34a6,7c9cf9de3a4e4a402a58ee6374e43435b9f804a21adafef508660e7dd93e5b16,c0f3f9f762daf4ce7074b60d488e02fe6de54996cf2b018b36e65e3590ba2505,0,0.9265518188476562,0.48530206084251404,0.054915145693243676,0.058880750743877316,0.44914884329986904,2291,17476,6.628109995635094,3.7225539684295654,0.0,0.3463713997533308,0.4,0.2222222222222222,2,13.203567465202582,16.39767013209591,57,0.0032616159304188603,0.9817463950560769,0.9910734721904326,19,12,9,2,16783,212,92,70,53,45,42,23,True,False,False,True,False,False,True,False,False
candidate_000964,964,9321964,0d97ec1178e6d64ede68b939b5011945092c070ddfa28f5937fd81418d19b18f,e8a37991f11368c16d67facbbb23549dde264834d1e098478b0a3e98ff210d6d,8bc4d933c4d60534f4bbcbbfee202fc9d9bc83e3d53d4e4763eeb589496bb653,0,0.9315071105957031,0.4966072738170624,0.07192068559905898,0.07621987415410186,0.5604539502400698,2291,16846,6.35312090790048,7.6201324462890625,0.0,0.460671199025099,0.4,0.6666666666666666,2,11.449886528982312,14.000771770355442,77,0.004570817998337884,0.9906209189125015,0.9937670663659028,14,8,3,2,15967,680,22,19,15,13,13,12,True,False,False,True,False,False,True,False,True
candidate_000965,965,9321965,bb8399e1838777436f5e5b323e6706a6053ba80ad2dedbe46a817b5da44e6def,f12f07407c9b72ad2532d2c341656525bbe18fc8ec61229249e94446731c74a9,880b3806bfd2857a81f41ced79a70e4f71abb62342930250259ba2137d74315e,0,0.9026718139648438,0.47395235300064087,0.05979461848433641,0.062251894622879826,0.6023570493234396,2291,22168,8.676123963334788,5.965824604034424,0.06776180698151951,0.5058653764286153,0.4,0.3333333333333333,2,16.813853030705367,19.084246364222267,75,0.003383255142547817,0.9921508480692891,0.9955341032118369,12,9,6,3,14603,7231,103,57,28,22,13,12,True,False,False,True,False,False,True,False,True
candidate_000966,966,9321966,101e29dec20e1b2d41d9e6a299617b7088dff0cb74a9d1efda3d7c5c49faa4c3,277872d77edf239f25d289acb67b858bf12d40429776d8f08339a07602051453,f948d57c2c0d1c0031a0e92ff3a28a2bf40221d4dcf9caf0dbd95121364e9d3b,0,0.90252685546875,0.4669506549835205,0.045761503292647124,0.04818691753897796,0.4762112614578787,2291,22641,8.882584024443474,11.70667552947998,0.04819277108433735,0.3841550805082096,0.2,0.2,1,26.447638395179034,42.946850393700785,59,0.002605891965902566,0.993286515613268,0.9957599045978535,12,10,5,1,22352,61,46,30,21,13,12,10,True,False,False,True,False,False,True,False,False
candidate_000967,967,9321967,733adfdaee9557cfad8da62ff5ba395ff3b34a9ac42f95f3edb0c6a78a5e1af2,88fc3c98e51c1a928b8eb58a5a6dd4b41e096087d59a10533ed905e999716090,9ab943e75f92dccde1b71c2861ba0f92a094dea501d14a8564794fd2471c61b9,0,0.9461517333984375,0.5070199370384216,0.07585644371941272,0.08372892453756753,0.44652989960715844,2291,12218,4.333042339589698,4.465338706970215,0.0,0.36492070065143234,0.6,0.2727272727272727,3,9.499966729827085,6.950264687152493,62,0.0050744802750040926,0.8816500245539368,0.9819937796693403,22,11,11,7,5996,2906,1214,656,650,279,234,63,True,False,False,True,False,False,True,False,False
candidate_000968,968,9321968,4b5d5fa7cb5a0ce3fb07c77f5b8b3235e824c34ae07abcdf69f4766a98b68fc3,e18666e1a6223bf81d2f0f7dce7bf3279047df8e1aa0986e1f604d7178219c44,66497b70fe28c676dec27b8e59a5ed43cd4d12b3c4702309ddeadc16e0e75253,0,0.888397216796875,0.4561115801334381,0.04035583384239463,0.042351149931885566,0.46137058053251856,2291,24958,9.89393278044522,10.53762149810791,0.0,0.3614322060400328,0.2,0.25,1,24.810603221948707,47.33661417322835,49,0.0019632983412132383,0.9951919224296819,0.9969949515185512,13,7,4,2,24582,199,33,24,17,11,10,7,True,False,False,True,False,False,True,False,False
candidate_000969,969,9321969,521241e7078f2392badf5f11890eabcc909fa2868975bd02fdb0aade8474ede8,c0ba9850a5513bab1aa260c65f2fede435d9efb945834947e49043897b20e5cc,f7bfb7a88b1b34b0441351120732cb2a47f836d77541877462e3b0b74b905716,0,0.9419746398925781,0.5124267339706421,0.09153005464480875,0.09875872769588828,0.5556525534701003,2291,12890,4.626364033173287,4.50445556640625,0.0,0.4623668419558243,0.4,0.2857142857142857,2,8.523946363777805,9.407764867298374,60,0.004654771140418929,0.978200155159038,0.9948021722265322,9,7,7,5,10753,1386,319,151,112,53,40,9,True,False,False,True,False,False,True,False,True
candidate_000970,970,9321970,28e86a46fc35b2bc5e11794c7589471b2244009e989c7ba005a341016ca10444,4a96a54224053871fc1f64dc37c722fbc69ad1e627035b2a550d0e7d0f966e3c,d1e8107a731cfd1e39da53f0aeca2f08b16bc79fcec2f9da00e023a919c4b0b9,0,0.9371261596679688,0.5025461316108704,0.07727073002322515,0.08277856230246788,0.5373199476211261,2291,14871,5.491051942383239,8.010738372802734,0.0,0.4436721373021314,0.8,0.4444444444444444,4,6.965661481525778,7.796987352945115,49,0.003295003698473539,0.9502387196557057,0.9925358079483558,15,9,9,6,6595,5088,1787,661,445,134,26,24,True,False,False,True,False,False,True,False,True
candidate_000971,971,9321971,f7968223c96a9403415925dcade82cea1cf4dfe2c0fc7c03393e940ad460d0ce,ed3663e27d5a837452fea9be3048eb3b26792936b9c87e2a74bdd4286dfb9aaa,050b91d471bc107d6387cfcc8c8ef2855b73afbba2fdaa95b30017aaadc8bfac,0,0.9238166809082031,0.4873397648334503,0.062159214830970554,0.0667900092506938,0.4727193365342645,2291,16215,6.077695329550415,11.899982452392578,0.0,0.3685998299498318,0.6,0.3333333333333333,3,7.31031828942375,8.3736994835744,25,0.001541782300339192,0.9203206907184706,0.9947579401788468,15,10,9,6,4930,4655,3911,1427,775,368,39,25,True,False,False,True,False,False,True,False,False
candidate_000972,972,9321972,cbd36136e680a60cef8e2138c8fcc1b676ba257fb7c78dd11325c45f866197db,cf368197ec578c4177645837855fc76d932d248ec673766ba962e2a9201686b9,a9d9de45b9a9f3d311c7dba2f59d2992c4838fc87f26dd6d21ac090e46418c20,0,0.8860549926757812,0.4601552188396454,0.05138461538461538,0.05280725177429555,0.6560453950240069,2291,28462,11.423395896988215,10.841415405273438,0.004819277108433735,0.5706149110743869,0.2,0.3333333333333333,1,17.258038277465854,54.64173228346457,38,0.0013351134846461949,0.9975405804230202,0.9988054247768955,7,5,3,1,28293,48,32,19,18,8,6,4,True,False,False,True,False,False,True,False,True
candidate_000973,973,9321973,b315695e877eebf38055cc8f19971dc30ac3919d275631a53d50915f1abb27d1,ab1e9fbd31bb6a962e99f95c28dd99ac59dad8c24a491e8c4276a655341b13f4,af8200f6725847b49aabea82e94bc87d58e7222c5a02de7f2086375c30f15997,0,0.9359054565429688,0.5004370212554932,0.07450735064122616,0.08001343634531408,0.5198603230030554,2291,14885,5.497162810999564,8.52254867553711,0.0,0.41296060746592317,0.2,0.16666666666666666,1,22.198704510001665,25.584645669291337,37,0.002485723883103796,0.9899899227410145,0.9957003694994961,11,9,6,4,13532,758,234,212,36,20,15,14,True,False,False,True,False,False,True,False,True
candidate_000974,974,9321974,a38f7cc2689d34c7418ceadcc5f426c030934db729196005798065e9c9e23e50,935d7bf7fc42385123b6029cada9ca1bc9aa439a529d3acc4052553cab4eb648,a2ae282750553788eea7b8cc142580ecffaf2d8fbf9d54701e2219653429b0b0,0,0.9454269409179688,0.49461856484413147,0.051796961837717675,0.058724691254305635,0.30510694020078566,2291,11903,4.195547795722392,8.37118148803711,0.02053388090349076,0.19772043421899638,0.4,0.3333333333333333,2,20.26805406457939,14.73827037214143,54,0.004536671427371251,0.9817693018566748,0.9896664706376543,14,12,6,4,7411,3044,1101,130,34,22,19,19,True,False,False,True,False,False,True,False,False
candidate_000975,975,9321975,97c646a8a7c06f73e4723e7ee8d015c7e90ec60d82d97108d14c7ed03ef2746b,2437db956535b2c88ba2a4d5d69b8e91296d7c9ba73ff189dd239d32f53825cd,e1c481c24b57496b33e651656edf51a63a19e2af5828f736deaa7fc0fcdd974a,0,0.9031524658203125,0.473604679107666,0.05853486007338963,0.06114908553482357,0.5779135748581405,2291,21652,8.450894805761676,4.6987833976745605,0.17349397590361446,0.4985455804766654,0.4,0.25,2,11.999023767326236,18.67849762037474,43,0.0019859597265841494,0.9858673563643081,0.9929798632920747,19,12,8,4,16917,3861,379,189,50,48,34,22,True,False,False,True,False,False,True,False,True
candidate_000976,976,9321976,16471deea9280f8fdd42f8259c054789934ee38ae25e9c6dd063bf40e6fd37f4,c4eb58e7b87486b3b0d1fbb6fe4fb629bb014cd36535236701734e802056b575,24d88dbc827226174ed9ca597a4df2e81e2f1e2cc35156aa199d38ca85103461,0,0.9382438659667969,0.495394766330719,0.061647463912064625,0.06774850822296609,0.4063727629855958,2291,13742,4.998254037538193,8.261014938354492,0.0,0.29777334957298507,0.6,0.2727272727272727,3,8.652064844200174,9.917779832174856,72,0.005239412021539805,0.9489157327899869,0.9765681851258914,30,18,11,5,6974,3623,1720,723,192,89,59,40,True,False,False,True,False,False,True,False,False
candidate_000977,977,9321977,783b4ac039e4535881f799c4a2752e8929e9b5890994881168385a31bb2a2685,e0fe0bad094d912aad88817d1767ccdec1227a7014ec1ecee3d7e2ac1210f97e,98c4019be28ea67799d494f4fa9dc4055446256dce5e7a00180c37a80db3b8d0,0,0.9186286926269531,0.4792881906032562,0.05190346359688983,0.05543871002534649,0.4487123526844173,2291,18543,7.09384548232213,6.047503471374512,0.004106776180698152,0.35434639036118815,0.4,0.3333333333333333,2,17.82357608483543,16.27831897039564,60,0.003235722375020223,0.9839831742436499,0.9882435420374265,25,15,6,3,12217,5143,793,93,23,21,18,17,True,False,False,True,False,False,True,False,False
candidate_000978,978,9321978,1e35871588340b09c2a03e94115ba6b7e225dfbbe238a54c0fe598a3fcdeab18,1c8c7bee7e66fd9522c7c2ba0556de829bad2ab8501f7a1ded1e4ad1d3393260,9fcb74eeb7ee3b7cb066c498f1c472f64011dfe5d3c9baaab0e7b7d09b3d2b51,0,0.9327430725097656,0.4941348433494568,0.06544654233754199,0.07016454517230673,0.4932343954604976,2291,16105,6.02968136185072,5.912189960479736,0.002053388090349076,0.38182751656529046,0.8,0.6666666666666666,4,8.66087278289788,8.272720245633566,77,0.0047811238745731136,0.9841664079478423,0.9913691400186277,20,9,6,4,7139,3557,3258,1896,59,25,17,15,True,False,False,True,False,False,True,False,False
candidate_000979,979,9321979,dafc4d69fe1c2b974a851d4432a7bae52f9163c078c8af20a01b42b73636f9df,9371115f9781e3ed4dfab7f6e99642369a80d85b964d1692676ee15c7f6f4d1c,f4e3945a2c00caafe2fdfbd713e57edcd502b464ef96d547aa09500eb071136f,0,0.9366455078125,0.5018374919891357,0.07636624494587192,0.08238356549880399,0.51113051069402,2291,14214,5.204277608031427,8.417659759521484,0.0,0.39646814297878213,0.2,0.09090909090909091,1,16.14859642637537,22.268683274021353,60,0.004221190375685944,0.9716476713099761,0.9819192345574785,28,16,11,4,13104,370,227,110,50,37,35,24,True,False,False,True,False,False,True,False,False
candidate_000980,980,9321980,b8cd985670c3deac9fdd6aea6eef9ba1574dcb388ece9ca56d3520b022594ef9,3a0de693d690ec25bd272482aca06b91a9ad0f3d7ce94ce3c97ede723dbba453,993699ef98e8ae1ffc7948a25296b783a2f7a7c09e10b1c458de9435105395ef,0,0.9177627563476562,0.4787975549697876,0.05193546548087338,0.0563702741167007,0.39764295067656047,2291,16161,6.054124836316019,8.682740211486816,0.018480492813141684,0.32986077627004706,0.2,0.14285714285714285,1,21.088255066567033,29.799212598425196,73,0.004517047212424974,0.9834787451271579,0.989975867829961,16,13,7,1,15673,92,80,49,40,26,22,17,True,False,False,True,False,False,True,False,False
candidate_000981,981,9321981,9d911e99771cf2ea97635de99a10ca04a79eddc1e27e791255a026392d4e9421,5bb919718f589ff9c4efcfc820195336d0288d011d70e99054c59ce236959bb4,cc5a843ec2b5f734810b4ca2c445ff1ffde5b3067837a25089573a6736ea983a,0,0.9325027465820312,0.49013954401016235,0.0577185570360741,0.06351022743527393,0.3876036665211698,2291,13982,5.1030117852466175,9.228141784667969,0.0,0.2748063896842489,0.4,0.16666666666666666,2,5.200256688960073,10.790704886204294,98,0.0070090115863252755,0.9551566299527965,0.9730367615505651,28,22,12,4,4476,4226,4221,432,94,69,47,40,True,False,False,True,False,False,True,False,False
candidate_000982,982,9321982,15c4209174f15471f12bf3cf5d3ee6a587fd14dea8784bc9b5e1c4718ac68c7a,aee6faa37f02a0098951e1d4a4e8985aeb5962a8042850b85dc0dcb1cb9dde1c,cf21d3376a12174fd5a2e4d37fdf58c1b2e4136997b40449a8f967ebc684c780,0,0.9648170471191406,0.5315119028091431,0.1033991451251781,0.11881651268857443,0.4434744652989961,2291,8551,2.7324312527280665,6.816997051239014,0.007228915662650603,0.33186439675033186,0.4,0.4,2,14.787957716507702,6.198634241159835,18,0.0021050169570810432,0.9821073558648111,0.9949713483803064,12,8,5,3,7307,703,314,74,68,17,13,12,True,False,False,True,False,False,True,False,False
candidate_000983,983,9321983,d9975ef33119cecbbc867bad4554028bcd7c9613075710452912e6c3ac94fe4f,ce8692deb43d2c43a1f03f7f410c3da0c5674ee9a90481507f1ce109df74aac8,66ef74fe1d0100be93ccdeb24b259a284a0e65b35c45aaaadb23709c4aa88403,0,0.9403724670410156,0.4992431700229645,0.06693253572615487,0.07317782137926022,0.43954604975993017,2291,13761,5.006547359231776,6.822174549102783,0.0,0.3355939206657961,0.4,0.2222222222222222,2,13.76214489845703,10.0903733285906,54,0.003924133420536298,0.9286389070561732,0.9885909454254778,18,13,9,7,9243,1967,1265,304,289,283,205,48,True,False,False,True,False,False,True,False,False
candidate_000984,984,9321984,9288242bff622c095f8b7403a8fd6861644ef207d354ddaa3c43eed0f862810c,16309628a22be0f99e4b588c45cb800a1a2be18ea2c3a7cbd927b0132cc156cb,c38e235db805e0798d2ed363c10160c4ff3d33e5cf24bfaca7c040d803698790,0,0.9296379089355469,0.48962005972862244,0.06000115054938733,0.06464208242950109,0.4552597119161938,2291,16135,6.042776080314273,7.614068984985352,0.0,0.3737335957953674,0.6,0.2727272727272727,3,9.879565216683599,10.812524146486977,75,0.004648280136349551,0.9657266811279827,0.9887821506042764,15,13,11,6,6662,5570,3171,179,172,109,51,40,True,False,False,True,False,False,True,False,False
candidate_000985,985,9321985,d165f206700fed9fd8a8c12983cc3712e045a93eec2ac911a9daf9d72701df17,99e17c5ebbd2d4d99c06fd9399fd9b7931e29b03c6efa690fc3f0323a9e149c6,58823b27a1e7e29d38ae696cb87d185b6a6e03eb57213092f46ff39fd343fa0d,0,0.9128952026367188,0.47320255637168884,0.04638236255780279,0.049375963403112726,0.4334351811436054,2291,20111,7.778262767350502,13.349211692810059,0.0,0.3242877032048698,0.2,0.14285714285714285,1,21.145066031066275,36.982283464566926,85,0.00422654268808115,0.9821987966784347,0.9905524339913481,22,15,7,3,19322,249,117,65,55,55,41,17,True,False,False,True,False,False,True,False,False
candidate_000986,986,9321986,e9aef4235677a517ef71878a69ebddab3c68ff4fcf361c7a460d46bf8ede654d,274e1e79db7efdc6bef24bb14a2afbf2819ba1f91d0af2543f3a798866c49ff6,3d123d631ede4090f04369b6ded1c15dae13e9b859c4825138eeb7a1bdb724bd,0,0.90325927734375,0.47297096252441406,0.056887923708809365,0.05996218152866242,0.5259711916193802,2291,20096,7.771715408118726,5.71565055847168,0.0,0.4359602355398485,0.2,0.2,1,19.72504983458837,37.50984251968504,121,0.00602109872611465,0.9885051751592356,0.9920879777070064,17,10,5,2,19590,144,91,40,25,18,17,12,True,False,False,True,False,False,True,False,True
candidate_000987,987,9321987,66b8aad772a4ab48af1b2e105c6051a40aea57307c164e429a49979e67b2e3c6,07a8c182c2a34ca96e52ccb22eeff197e68c55360b85f53ef946c6eec201e74c,fe15edf25f9445bb8e892a2b3e6ae52ec83b224b91c4500f4a95e301eb1732d6,0,0.94091796875,0.5002923011779785,0.06839746968898261,0.07455289808230985,0.45307725883893496,2291,13923,5.077258838934963,3.872023344039917,0.15811088295687886,0.3710253821106707,0.6,0.2727272727272727,3,11.12169431478955,9.724707090686119,72,0.005171299288946348,0.9439775910364145,0.9779501544207426,25,21,11,5,6648,4307,1833,355,281,98,59,35,True,False,False,True,False,False,True,False,False
candidate_000988,988,9321988,2a00be1e846a7bf57ba975bbad0f01caf3a5640cd165a6ec201fde346acec4a7,461dc86fe6337650c558da8d47c6a12a66213056a154886fbe40d7ff8c1ae243,de349c27b8e7edde2560d8efdc8ea33e947a507232a3a593b3ac07f4a0141334,0,0.9268989562988281,0.49305686354637146,0.07010566981024884,0.07458446660622545,0.5386294194674814,2291,16545,6.221737232649498,8.090167045593262,0.0,0.43404543252700645,0.4,0.2857142857142857,2,23.813765589001722,17.27326573392483,57,0.0034451495920217587,0.989060139014808,0.9951042611060743,13,9,7,3,9602,5701,965,96,42,25,22,11,True,False,False,True,False,False,True,False,True
candidate_000989,989,9321989,836ddb0d8538131fd011e77bb724f53e77c07b24215ef3be33a271888332cc34,39fc34ba223b55f0fe164e8f8974121126e22a5ae24c3e4fe5988a7e6d3538e0,f7ab1fa9dd15bcb24fefcd83f28665588d615b9b3468dcd2a2fe29eef34a51c4,0,0.9432144165039062,0.5129991769790649,0.09119977756151815,0.09785932721712538,0.5726756874727194,2291,13407,4.85202968136185,3.4895315170288086,0.0024096385542168677,0.47436071123862383,0.6,0.3,3,11.135256431547857,8.897529456037178,77,0.00574326844185873,0.9641232192138435,0.9794137390915194,26,18,10,4,6913,3900,1996,117,65,57,52,31,True,False,False,True,False,False,True,False,True
candidate_000990,990,9321990,63b1dffa45a87a5ab7af4c07e0ff4523bcb86adb1b06e15e06b1cf9144c690c4,d804303abb8d36039c6283f422b6055444f3523d9a1e4e49ce340aea842f51ae,8f273e824aca181e7ae2f4aec77b3a08e0735cfb1cad7a698ae113c78403a652,0,0.9202461242675781,0.48893123865127563,0.0695589298626175,0.07252349600442277,0.6298559580969009,2291,19897,7.684853775643823,5.1440815925598145,0.0,0.5445201699522312,0.2,0.14285714285714285,1,18.793452944813126,37.29330708661417,55,0.0027642358144443885,0.9896969392370709,0.9949741167010102,13,10,7,1,19480,97,81,34,34,30,24,17,True,False,False,True,False,False,True,False,True
candidate_000991,991,9321991,659944ad2da905d478490281132de13d932cc163c77d0cf9f8d3a773a4a40922,4883b446ed8ae51ae0770f240a65f0a4dfef6c1675153ec0e49858dcfba8bcf0,22c889e3d283f096a6b0725077a5da86df87cf5537a4459da224b934e6ccf11b,0,0.9599113464355469,0.5281239748001099,0.10229117806242106,0.1142108973713365,0.49498035792230466,2291,9929,3.3339153208206023,6.652081489562988,0.0,0.39039978726791713,0.4,0.4,2,11.2551359145072,7.872365987614538,27,0.0027193070802699164,0.9919427938362373,0.9972806929197301,8,6,5,3,6717,2968,143,21,21,15,9,8,True,False,False,True,False,False,True,False,False
candidate_000992,992,9321992,668d9bb8bf36bcab522e8848edd535506231023a4347d2b01e31ed3225158562,d473c5bdb26ae15632ff02dca955d92c330585d2f9f5b09dea66fbc67595410d,7c94ee6ccae3818b11abbcff4fbf7948c744623bebe189358d77318d718e1301,0,0.91387939453125,0.4820842742919922,0.06306306306306306,0.0662359464821692,0.5683107813182017,2291,19657,7.580096027935399,9.170003890991211,0.21445783132530122,0.5213356303251274,0.2,0.16666666666666666,1,24.16909396880183,36.169291338582674,53,0.0026962405250038155,0.989672890064608,0.994200539248105,15,11,6,2,18909,481,32,32,31,23,19,16,True,False,False,True,False,False,True,False,True
candidate_000993,993,9321993,285a64d2eb34c0234c5be9d5be7b3d247acf664265c236c0643ce606ae2733d0,55c23a935f8f54503add1e203fbdbdbd1d4d3bc7959fdd2c55e67322602bdbb8,e2308be952500c5a5c94ce70c210a53f228f9687a1decbec2922855cd5a4752a,0,0.9185256958007812,0.48590752482414246,0.06453137306379628,0.06834232330534394,0.5364469663902226,2291,17983,6.84941073766914,8.579524040222168,0.0,0.4467963035617115,0.6,0.5,3,10.768602730128956,12.970268973640218,51,0.00283601178891175,0.9836512261580381,0.992381693821943,15,14,6,5,9441,4147,3814,287,100,21,18,18,True,False,False,True,False,False,True,False,True
candidate_000994,994,9321994,eeef39173b620688cb7e639395b61809a074095f572eed41fe6821b550b31df1,5b91af72c75169becf56ad90e48facb0692337f622b583ad9d4e1d89c5435ba8,9918848252c081fac469bce03873785eb1e799c896e05e8a2448bf9c60a32da7,0,0.9586143493652344,0.5259376168251038,0.09920015606710886,0.11327689908665627,0.44391095591444785,2291,8978,2.918812745525971,6.226284980773926,0.0,0.3781707310055378,0.6,0.5,3,10.483269243098789,7.40757579886924,34,0.003787034974381822,0.9644687012697706,0.9907551793272443,14,10,6,5,6025,1697,738,199,135,66,18,17,True,False,False,True,False,False,True,False,False
candidate_000995,995,9321995,3027032e8736b29e2e1beac9abbd0d50589d0d673b64ce6ba75b38488e9bd69e,f687d7a442f284c937bdc4d66eed97e5725b783a9aa0344eb2929b08815aecab,04efde126529e4fb4347b44a291676505afb8e69b443218a5ed8ef9e4b60d2d8,0,0.9366989135742188,0.4951190948486328,0.0628526950768632,0.0687477829017382,0.42295940637276297,2291,14095,5.152335224792667,6.845790386199951,0.0,0.3172215424414667,0.4,0.4,2,12.35045411272278,18.07255150469205,85,0.006030507272082299,0.9831145796381696,0.9893579283433842,20,9,5,3,8003,5495,283,76,40,19,17,12,True,False,False,True,False,False,True,False,False
candidate_000996,996,9321996,9376b2f04ce456a57b95ecf632737e06eb4234fd8bed6cdc10dcf67584bfd183,197482e4688275a415319e6829d5157354513f9b8561677e3d6188d9cee09e46,70618b77a4299dc6680d13d523f8d88a74bc1d3e97b082a7f6c8638c0e11b509,0,0.9280738830566406,0.4900415241718292,0.06230494872938029,0.06666269155089143,0.4879965080750764,2291,16771,6.320384111741598,8.330262184143066,0.0,0.39062214890050806,0.2,0.25,1,15.570585595825174,30.60433070866142,66,0.003935364617494485,0.9902212151928925,0.9936795659173573,17,9,4,3,16082,277,217,31,19,15,13,11,True,False,False,True,False,False,True,False,False
candidate_000997,997,9321997,edb2e2db04cdc2d9e5abfce32f1e2ed1249a56ed3df82499086697b0fcc86f96,a085e44e531f23271ae52b55de65f599990c0e6421161366da96768644cb6eb7,49cf5997ce225676da1314bc64673c2c698be73e9b852ac6cb6bdfed2dcdc682,0,0.9152183532714844,0.4792587459087372,0.055906476854907135,0.0589785668108807,0.5176778699257966,2291,20109,7.777389786119598,6.175628185272217,0.0,0.4297007845954611,0.2,0.16666666666666666,1,18.887031368849982,35.02755905511811,43,0.0021383460142224875,0.9917947187826346,0.9952757471778806,14,11,6,2,18329,1560,28,27,22,22,14,12,True,False,False,True,False,False,True,False,True
candidate_000998,998,9321998,76d995bcb59fb45a7e5157dfba034443d0cc7acec1b8a73a62059057494c6c02,3427ded3c45560123920335847430a762823f76ba4ec6f3944509d1038ccf316,0fdd32c19e2954b2d2c629b238b3f59d7000b991b711848fbe2f56ef8233968f,0,0.9480094909667969,0.5038919448852539,0.06742074713499033,0.07516800796482204,0.39546049759930163,2291,12053,4.261021388040157,4.481184005737305,0.0,0.33481448651448614,0.4,0.2857142857142857,2,13.399115302844084,10.228980153165786,50,0.004148344810420642,0.9630797311872563,0.9892143034929063,16,11,7,6,8911,1455,915,327,151,116,29,19,True,False,False,True,False,False,True,False,False
candidate_000999,999,9321999,a0835dc3dbea5676ee59fdbe5bf694067dfd6253ab872389ad4bf4dcf2568825,77254a73a0990d9b1127419a7a31a77908fd53ced718fdb6eeef533cf74fdff7,50c9619d1282542adaf7a07825196ca4e72e5db7acd0100adf65a440ae58975f,0,0.93994140625,0.49944058060646057,0.06782281373932916,0.0742184626700993,0.4404190309908337,2291,13595,4.934089917066783,4.674971580505371,0.0,0.3254208513111547,0.2,0.1,1,12.977652491227728,16.98576512455516,69,0.0050753953659433615,0.9573372563442442,0.9849209268113277,21,15,10,6,10135,1528,796,556,131,121,68,55,True,False,False,True,False,False,True,False,False
candidate_001000,1000,9322000,bf744d2aa16e7026c7e6ca4656aa356dfa05da300e2321df7b8a078948240b05,c37d558c2b74c76ed9f3f03391361ef9d7e2637d48932f16a691abda05eb4eda,c66371a0718065313536825e1a0590eddefb18016c416a4d8fe84b2e56b1dbb9,0,0.9268417358398438,0.4895806908607483,0.06301981579681831,0.06739091505998926,0.4927979048450458,2291,16753,6.312527280663466,8.18874454498291,0.05060240963855422,0.3914876491235759,0.4,0.16666666666666666,2,10.865570722962154,11.342792429560763,49,0.0029248492807258403,0.9692592371515549,0.9871664776457948,19,15,12,4,11588,4048,470,132,95,86,83,36,True,False,False,True,False,False,True,False,False
candidate_001001,1001,9322001,b5daf382ea0a4b9e5f3924493ceda86c16b0056d7788927f4fdd61f147d0a703,95dd79cb6ffeb8410809e6aa77df9e9ed4c03f62627d4274bcd07377a5ec85b2,2f33600b09818b0254d297d29c42b4cd837ef35ed9609cb4e3fcf8b12c23a1b0,0,0.8938331604003906,0.46373921632766724,0.04939330800343179,0.05167770891216072,0.5277171540811872,2291,23395,9.211697948494107,8.672629356384277,0.06987951807228916,0.43701178360181725,0.2,0.125,1,26.005284690148297,43.830708661417326,79,0.003376789912374439,0.9886300491558025,0.9932036759991452,20,9,8,3,22801,182,113,33,30,30,25,22,True,False,False,True,False,False,True,False,True
candidate_001002,1002,9322002,821db72a56dd44ce36cd27bd1468a3ce939c08237a921ea72c1956d27150fb33,9a3384b16377e95bc5091752a717a2d0620a07d2c6d18c8e273de9c3bedb3a9e,2cb64d0ad9a22bdd4c17b564f533de4e148c2e41c61765639817c9c8ba8a0677,0,0.9551162719726562,0.5150031447410583,0.08143771541112753,0.09515590841099988,0.36097773897861196,2291,8691,2.793539938891314,8.433545112609863,0.0,0.2640503104601178,0.6,0.375,3,5.100719900009607,6.52529092043673,49,0.005638016338741227,0.9504084685306639,0.9812449660568404,19,15,8,5,4238,3210,651,161,126,85,37,20,True,False,False,True,False,False,True,False,False
candidate_001003,1003,9322003,167ab4d3221e56e68d9d5365f600d29f3935378a192deccb77a00cc4fe0c49fa,16303c0ed2f8a1bd18d9e79aa60c34d192d943c35170c995e52282af8c045e67,ec5918376bec2d768e38a5ee6d83e9e7ebd8c3bf91e9e756daad0036685294bd,0,0.9225425720214844,0.4898563325405121,0.06858603244145413,0.07226465900972688,0.5739851593190747,2291,18197,6.9428197293758185,5.703341484069824,0.08418891170431211,0.5262779561620665,0.4,0.15384615384615385,2,13.815862779355232,15.41729453992789,98,0.005385503104907402,0.9597186349398252,0.9721382645491015,39,29,13,4,15353,1298,561,252,81,53,52,40,True,False,False,True,False,False,True,False,True
candidate_001004,1004,9322004,b3ec1353b866a2cb73d7cf7929eedfa1f1551e0c7f1540f3f974dab7f9d44867,b4a36080bb6054cd4ef44b275120b50d398e5812419f38dbb787aeb89de3d2b0,1f1de98280d94c94550525af372d4010685987ed987cd1dea65153405b406c65,0,0.9429893493652344,0.5072965621948242,0.080092899800929,0.0863005863005863,0.5268441728502837,2291,13986,5.104757747708424,5.719844341278076,0.0,0.4391232253977717,0.2,0.125,1,14.021420207185502,19.72064056939502,25,0.0017875017875017875,0.9761904761904762,0.9967824967824968,11,8,8,5,11672,1154,559,268,128,87,52,21,True,False,False,True,False,False,True,False,True
candidate_001005,1005,9322005,4dc8343330ea07078d48dcd9a04a3b9cddef697e99545b19e2b2b11a89eda814,f81cbf0ea268e50a1f368c97d62d8c6091af8bd9863154d00bd1ee2db6f64e64,430aeac5bc0e9b1bf7af6ed56d2624823e1d4c6cbc50109e2ed3ee4eaa8c0f73,0,0.9573097229003906,0.5262913107872009,0.10158597662771285,0.11158995048597102,0.5312090790048014,2291,10906,3.7603666521169794,8.204919815063477,0.0,0.42172762892462146,0.4,0.2857142857142857,2,8.937536988562538,8.939156503248153,54,0.004951402897487621,0.9821199339812947,0.9907390427287731,15,11,7,3,10100,426,117,68,30,29,22,13,True,False,False,True,False,False,True,False,True
candidate_001006,1006,9322006,b71bdfec3c38c13944ba3ff8ea1e58352af5692b493ffeecca4f9f2577792469,ea38364f9fa696713223e58e23501d2eeef2596f0e9ce0800cb5b53699c6dec5,a7866f3d6082e73d2e51e4d8802de8429159147b2d5c5d9984a44f8c9c52d697,0,0.9392433166503906,0.4879923164844513,0.04529370134465676,0.0512861607500601,0.2793539938891314,2291,12479,4.44696639022261,9.765207290649414,0.0,0.1912937648285269,0.4,0.2857142857142857,2,15.821232124930484,16.932477618379895,56,0.004487539065630259,0.9822101129898229,0.9888612869620963,18,12,7,3,8425,3606,199,27,24,23,22,14,True,False,False,True,False,False,False,False,False
candidate_001007,1007,9322007,45c64a768f17fe6bb218279df9691b079883b453406622d8ead95a3bcf83d73c,04ee72f45f428a01a60ee60ecef1c526081df47bacb355f514acade93acafc40,24001004d9f1c6b716a86701faee7e38f2f9fd989c46484d2ba47af76c747f7d,0,0.9350090026855469,0.501213788986206,0.07688753959873285,0.08306003137031227,0.5085115670013095,2291,14026,5.122217372326495,9.08469295501709,0.0,0.41451378144663936,0.4,0.25,2,8.03371586010219,12.116639787496442,28,0.001996292599458149,0.9791102238699558,0.9946527876800229,15,9,8,4,12007,1100,337,289,98,52,40,28,True,False,False,True,False,False,True,False,True
candidate_001008,1008,9322008,4dfbb54263f1aa39628b171f6ac8a20081de1e7afa063d303bb5a7c4ccc10096,7f92d42dab85480e1ede874c1d631951f9dc8822e389889b17f954f09dd5d54d,628dc248145c0aa8bd06c75bcb051f3636d05f0b42a1919153a3562c553c1d9d,0,0.900726318359375,0.47220349311828613,0.058462694041061594,0.06071769090751495,0.6115233522479266,2291,23074,9.07158446093409,9.488128662109375,0.004819277108433735,0.5589797158799579,0.2,0.2,1,25.938176237871016,43.32874015748032,63,0.0027303458438068823,0.9918956401144144,0.995579440062408,14,7,5,3,22546,135,114,92,49,15,12,9,True,False,False,True,False,False,True,False,True
candidate_001009,1009,9322009,37ed91fc4af62df0be4270e9e21a7ab1b45bc22d3396e2b5ff36deb88b9d041c,34897bb04113934da315f9f4a4a42b5d310c53476efbe3597a5c484f30607554,d5f0fb19a89fbfc49dcecdb193a260f745877825799688e792c571f962119ad2,0,0.9252777099609375,0.49425026774406433,0.07369332948310713,0.07828220858895706,0.5569620253164557,2291,16300,6.114797031863815,2.709040641784668,0.0,0.48878171026046946,0.4,0.15384615384615385,2,11.91340809813943,14.340660317870944,80,0.0049079754601227,0.9631901840490797,0.9796932515337423,23,18,13,5,11619,3829,137,115,106,66,55,42,True,False,False,True,False,False,True,False,True
candidate_001010,1010,9322010,7b17b72b961aae2322413b8d0b0cd699ddf243d47063b225e247ee11b6f37333,e60ef60adf7da4e327be28b0ea02d287c0f89f47bebd5138f581c9eafa2abae4,feb727df0320e0de9dd9fddc574e65be5010c8876543b4b8aadf118138f3f1b0,0,0.9167518615722656,0.487325519323349,0.06996437238601745,0.0735174434376865,0.5914447839371454,2291,18431,7.044958533391532,5.4474873542785645,0.0,0.5248792301387374,0.2,0.125,1,18.70820054995852,30.22064056939502,53,0.0028755900385220553,0.9855677933915685,0.9928381531116054,18,11,8,4,17573,330,149,113,49,35,27,23,True,False,False,True,False,False,True,False,True
candidate_001011,1011,9322011,ac9dd6f27b8f41ed47f1f8ba5ecf70666f062a91cd4da96625d639eeee79ff7a,bf67d0801bc2b12aca7c3b94d3ae876a77df99c113c2926e630ec82d0c589820,dc1d2bab3fa473841314f1a9c4612b1fa52686d445995fe95666fa5ccdf96ba6,0,0.9222145080566406,0.48442691564559937,0.05816858570497502,0.06229641693811075,0.4674814491488433,2291,17192,6.504146660846792,9.878910064697266,0.0,0.36248269082658396,0.2,0.2,1,16.630051038172816,21.30708661417323,106,0.006165658445788739,0.9830735225686366,0.9872033503955328,23,13,5,3,11359,5313,191,38,21,19,16,15,True,False,False,True,False,False,True,False,False
candidate_001012,1012,9322012,82b71fa14d3c67d954e35d50926680499aa86c75966a0ce10b0b398897b49014,ec74dc70efb98846ee87c93b19c202d710d97ca9b15eceb1ca6f3f2b7d527be5,2458f1a1d6b9a7e9b13c0cef6bce57c97d8788e8d3e03282d1c51174b9c4e832,0,0.900787353515625,0.4699292778968811,0.05383928950834998,0.05628859567284197,0.5530336097773898,2291,22509,8.824967263203842,10.078381538391113,0.002053388090349076,0.4676150287055362,0.2,0.125,1,19.90470819779245,42.124015748031496,40,0.0017770669509973788,0.9887600515349416,0.9954240526011817,15,11,8,3,21934,125,115,82,57,43,26,24,True,False,False,True,False,False,True,False,True
candidate_001013,1013,9322013,7dec6b452e16d1bd972831c618c6cfb211d95a622759d893c2cac4bdc614087b,67e4897de3a5e9af2099794d85f449929dde18c7f14cb76d4f4b0ef5b2036f2b,eebdd043d98e7a535a012afc6180b559dd2d524f18d26be04277d84d59459fff,0,0.928436279296875,0.49160927534103394,0.06536833192209991,0.06983476058376553,0.505456132693147,2291,16582,6.237887385421214,5.489879131317139,0.0,0.4125531763886652,0.4,0.3333333333333333,2,14.768065958296098,15.270251873636276,31,0.0018694970449885419,0.9894463876492582,0.9977686648172718,10,7,6,4,12190,3568,423,226,81,38,11,8,True,False,False,True,False,False,True,False,True
candidate_001014,1014,9322014,6ba6f9957cd4ff1b793a676de6668ce7c434d32f13db2ad6286646a5f5954e9a,09a9e4bd31607e0846d1cde5cb347b3e2c3ae838e49423d32b16a47f155c9bad,f039073836bbbe72bc90d68b07b43ddd4e3b61bd8e6f27de576c0572450c629b,0,0.9173545837402344,0.47912392020225525,0.05313083888276721,0.05632014625971256,0.48406809253601046,2291,19691,7.594936708860759,11.917447090148926,0.0,0.39736226134318414,0.6,0.5,3,14.046665416110173,12.879710171630487,61,0.0030978619673962724,0.9878116906200802,0.9934487837082931,16,12,6,4,11258,4539,3348,306,56,22,18,15,True,False,False,True,False,False,True,False,False
candidate_001015,1015,9322015,d229e592f35580acd18e69c8cbfde776e8a398e268d256891391b3d47dd2fde6,84e186e9c56317d31dc58392dbe2881cb5967df642b0ddc0c8d11dbd7999bb6d,3ebf75b507eb382606fb56de369bbd676c2d9b9dc1aa12e634c311492d0bba33,0,0.9277534484863281,0.4849652349948883,0.052815206929740136,0.05772138583919532,0.3832387603666521,2291,15211,5.63945875163684,7.6332173347473145,0.0,0.2997783462623184,0.4,0.25,2,14.753505486720353,22.724863501194363,33,0.002169482611268161,0.9829728485964105,0.9927026493984616,16,13,8,4,13533,664,467,288,59,38,29,22,True,False,False,True,False,False,True,False,False
candidate_001016,1016,9322016,bb5080c39088aaefc6eacabed3e52f80abefd1d9513d74325ee2b035a593312b,c349ebc619f2ad70bed8cdeaaf2fc4ac2033283f35a5876bfb01330b0b9bc192,84986fc8d0914571e7a31c31b15c2eddfade70cc130fa4ce6ca33dea4f7ff86b,0,0.8948135375976562,0.47072985768318176,0.06234915526950925,0.06371449925261584,0.7442164993452641,2291,26760,10.680488869489306,4.86695671081543,0.40481927710843374,0.6878829789638807,0.2,0.25,1,19.388126575277873,45.48932384341637,63,0.0023542600896860988,0.9927503736920777,0.9945814648729447,20,10,4,2,26154,343,45,24,15,12,11,11,True,False,False,True,False,False,True,True,True
candidate_001017,1017,9322017,a53b1b6e11cabbd78072995258ad932e6d35c1eec8ea8f97e8eb856e7b2c8c4a,15bd1386e756e4a2501492125369e888b84191cee52694083d7043a0f12dc327,b58fcd9ad2d7b8063c9d546aceae93bc5b65e4292c71ba4d693c0c6fac1e96b1,0,0.9181289672851562,0.4772995710372925,0.048528162326952874,0.05195569586387715,0.42383238760366654,2291,18689,7.157573112178088,8.496376991271973,0.0,0.31543265475020366,0.6,0.3333333333333333,3,9.142899786984017,13.0358594771709,69,0.0036920113435710846,0.9425330408261544,0.9871047140028893,26,15,9,7,6584,5023,4996,1012,478,206,101,48,True,False,False,True,False,False,True,False,False
candidate_001018,1018,9322018,9650e7a74bd7f646d128c65d77a35d38517a64accf4cb3e5e8624955ead2855b,45624188f7697bfca17967bdbbe3e9b65afc317b5d79f222fd85e69dc4945ce2,909e3e880e14e74cfd018d6f62f943e6a226586d42e4969c8f2fa18229c043ea,0,0.9252586364746094,0.4931594431400299,0.07217083476076282,0.07666646448717171,0.5517241379310345,2291,16487,6.196420776953295,5.2605719566345215,0.0,0.4505561489241159,0.4,0.2,2,13.658535389311893,12.82530490255541,48,0.002911384727360951,0.9568751137259659,0.987808576454176,21,15,10,6,12557,2608,368,243,228,217,34,31,True,False,False,True,False,False,True,False,True
candidate_001019,1019,9322019,0d26c74d8a83f22551dd73244ab7f337ec632f8fb3b6f13a2d07104d91081de1,c0c9895e9141ffc6bb917821be23ad52215a7698f63a332931005f53c8557ba7,912f24f7e7d06803315cfac3e0c6ba13bb77386f09df43c4aa0a359de36e2b11,0,0.9333953857421875,0.4975595474243164,0.07149541456110799,0.07699543133566246,0.5002182453077259,2291,14884,5.496726320384112,4.54289436340332,0.0,0.4113028780020985,0.6,0.6,3,8.619570992802252,10.545995638515988,46,0.0030905670518677777,0.9775597957538296,0.9924751410911046,17,10,5,5,5493,4600,4196,261,178,16,14,14,True,False,False,True,False,False,True,False,True
candidate_001020,1020,9322020,dfcd7b7d48dbda7e6de90d6cb32273579946a323fbb9dcc5cd82febbe40669a2,7127c9cec954122634d77d5102d9e733867c19b333b186ccd9444d79483ce670,f76cea4bca798d599e55aaa08809602051508c8036010da4f549bc6b6fa5f7b7,0,0.923492431640625,0.4852558672428131,0.058374980679066414,0.062078790203276536,0.4945438673068529,2291,18251,6.9663902226102135,3.075714349746704,0.0,0.38204293936119404,0.2,0.1,1,13.011704500731764,28.040925266903916,83,0.004547696016656622,0.9796723467207277,0.9888773217905868,19,14,10,4,16348,1284,143,105,69,39,33,27,True,False,False,True,False,False,True,False,False
candidate_001021,1021,9322021,83d8634fc9bbd832382dcda2cb69e805aaafdc6b87ff06072028cb32b3ac80b4,26f9bab510a9043e31011fe78337a5dcd23f7b286bbe250d098c6b08bf2c773c,099255f3474d13a13d84ea64996a1b8334d18e1940834b75f55c644b3e8ed061,0,0.9522018432617188,0.5103979706764221,0.07501297802387956,0.08555358200118414,0.3784373635966827,2291,10134,3.4233958969882146,7.287479877471924,0.004819277108433735,0.2620253527601426,0.8,0.3333333333333333,4,9.41882103728412,4.555894478859332,79,0.007795539767120584,0.8826721926189066,0.9732583382672193,22,16,12,7,3396,3194,1731,624,601,146,105,66,True,False,False,True,False,False,True,False,False
candidate_001022,1022,9322022,228123a42f6d6bbb27483f9fe256b38afd0cfcaa73129259cfeb7ab0f07a8c8c,ef963ba4a555face88f42f754587a1ca6fa117ac4dda62080349b66d4f796e81,938b585c74027bf45c982fa9d9c5ef51c4579c4c887b0dabe7d68a057a9d89b7,0,0.9180526733398438,0.48333555459976196,0.06067323057889582,0.06436970194148209,0.5137494543867307,2291,18285,6.981230903535574,3.3018953800201416,0.0,0.4080413271280656,0.2,0.25,1,16.374140305033215,29.800711743772244,62,0.0033907574514629476,0.9924528301886792,0.995296691277003,13,7,4,3,17337,645,144,21,19,14,11,8,True,False,False,True,False,False,True,False,True
candidate_001023,1023,9322023,e9dd70c512ac57ee18c9a37c441bb94bcb096a64b2d53660b65191f96920554c,89f7036acb11e524799b8fc99b798bc36e2f7fe66799733603ec6e878abb4bef,a119a7845d3cf84223dd81c0a97b1d7069fe7b329b26569e493b349051221844,0,0.9214630126953125,0.4860292077064514,0.06223761544920235,0.06606874268842962,0.5176778699257966,2291,17951,6.8354430379746836,4.590758800506592,0.0,0.4101881884168995,0.2,0.25,1,16.244799274583162,31.70472440944882,32,0.00178263049412289,0.9969361038382263,0.9987187343323491,7,5,4,2,16641,1207,27,21,14,9,5,4,True,False,False,True,False,False,True,False,True
